 time time v(gate_charge) i(Vg_charge) i(Vd_charge) i(Vs_charge) i(Vb_charge)
 0.0000000000e+00 0.0000000000e+00 0.0000000000e+00 0.0000000000e+00 -7.5363169271e-12 6.3321870690e-12 1.2041298581e-12
 2.4437420077e-13 2.4437420077e-13 2.9324904092e-04 -1.7263411145e-05 4.7882331289e-06 6.0509378016e-06 6.4217263019e-06
 3.4366953017e-13 3.4366953017e-13 4.1240343620e-04 -1.9416664998e-05 4.7193622595e-06 5.9812922989e-06 8.7136563422e-06
 5.4226018896e-13 5.4226018896e-13 6.5071222676e-04 -2.2697822620e-05 4.5469237286e-06 5.7300475083e-06 1.2418865988e-05
 7.4929714129e-13 7.4929714129e-13 8.9915656955e-04 -2.4958118404e-05 4.4096149379e-06 5.4930610830e-06 1.5053757408e-05
 1.0055097593e-12 1.0055097593e-12 1.2066117111e-03 -2.6668951532e-05 4.3074748581e-06 5.3069608344e-06 1.7053061825e-05
 1.2333351378e-12 1.2333351378e-12 1.4800021654e-03 -2.7530950887e-05 4.2582340301e-06 5.2171752325e-06 1.8054202134e-05
 1.4714859030e-12 1.4714859030e-12 1.7657830837e-03 -2.8038272945e-05 4.2308487385e-06 5.1678786763e-06 1.8638272525e-05
 1.7412527589e-12 1.7412527589e-12 2.0895033106e-03 -2.8343660709e-05 4.2161160236e-06 5.1412102983e-06 1.8985101092e-05
 2.0590132634e-12 2.0590132634e-12 2.4708159161e-03 -2.8515623115e-05 4.2101428318e-06 5.1297373389e-06 1.9174531784e-05
 2.4527879421e-12 2.4527879421e-12 2.9433455306e-03 -2.8601322857e-05 4.2104989316e-06 5.1290741320e-06 1.9260549322e-05
 2.9597880454e-12 2.9597880454e-12 3.5517456545e-03 -2.8634035859e-05 4.2157135452e-06 5.1365580987e-06 1.9280567277e-05
 3.6443209283e-12 3.6443209283e-12 4.3731851139e-03 -2.8641496423e-05 4.2250470739e-06 5.1506837334e-06 1.9264568589e-05
 4.6374418862e-12 4.6374418862e-12 5.5649302634e-03 -2.8645136483e-05 4.2391339212e-06 5.1721137808e-06 1.9232690644e-05
 6.2634764352e-12 6.2634764352e-12 7.5161717222e-03 -2.8659880724e-05 4.2619153243e-06 5.2066455849e-06 1.9190120940e-05
 9.5155455332e-12 9.5155455332e-12 1.1418654640e-02 -2.8701620657e-05 4.3076217744e-06 5.2757546899e-06 1.9117045193e-05
 1.5417927078e-11 1.5417927078e-11 1.8501512493e-02 -2.8786914452e-05 4.3931972944e-06 5.4050461431e-06 1.8987472095e-05
 2.1702194337e-11 2.1702194337e-11 2.6042633205e-02 -2.8889829038e-05 4.4892074572e-06 5.5500015589e-06 1.8849421121e-05
 2.8287236134e-11 2.8287236134e-11 3.3944683361e-02 -2.9011736099e-05 4.5953497524e-06 5.7101405414e-06 1.8705046900e-05
 3.5381741473e-11 3.5381741473e-11 4.2458089767e-02 -2.9158847371e-05 4.7158666577e-06 5.8918458455e-06 1.8549935960e-05
 4.3047184698e-11 4.3047184698e-11 5.1656621638e-02 -2.9336923790e-05 4.8535932409e-06 6.0993615986e-06 1.8382770039e-05
 5.1467741987e-11 5.1467741987e-11 6.1761290385e-02 -2.9556235007e-05 5.0142397294e-06 6.3412550876e-06 1.8199541277e-05
 6.0831005720e-11 6.0831005720e-11 7.2997206864e-02 -2.9830365873e-05 5.2048719521e-06 6.6281184804e-06 1.7996176525e-05
 6.5888006592e-11 6.5888006592e-11 7.9065607910e-02 -2.9999271694e-05 5.3161257456e-06 6.7954182511e-06 1.7886528781e-05
 7.6002008335e-11 7.6002008335e-11 9.1202410002e-02 -3.0350605685e-05 5.5440368408e-06 7.1380920683e-06 1.7667277860e-05
 8.3849429625e-11 8.3849429625e-11 1.0061931555e-01 -3.0656836210e-05 5.7343066089e-06 7.4240227059e-06 1.7497307978e-05
 9.0495002540e-11 9.0495002540e-11 1.0859400305e-01 -3.0938885097e-05 5.9045170769e-06 7.6797254279e-06 1.7353443675e-05
 9.8069732195e-11 9.8069732195e-11 1.1768367863e-01 -3.1279378654e-05 6.1061238538e-06 7.9825422314e-06 1.7189513650e-05
 1.0515818386e-10 1.0515818386e-10 1.2618982063e-01 -3.1622019343e-05 6.3043795600e-06 8.2802641614e-06 1.7036176703e-05
 1.1185873638e-10 1.1185873638e-10 1.3423048366e-01 -3.1967347158e-05 6.5003398492e-06 8.5744976033e-06 1.6891310786e-05
 1.1808074412e-10 1.1808074412e-10 1.4169689294e-01 -3.2306554742e-05 6.6896899944e-06 8.8587823420e-06 1.6756883486e-05
 1.2393201301e-10 1.2393201301e-10 1.4871841561e-01 -3.2641843383e-05 6.8742321607e-06 9.1358387181e-06 1.6630573583e-05
 1.2944667976e-10 1.2944667976e-10 1.5533601571e-01 -3.2972440735e-05 7.0539440663e-06 9.4056444547e-06 1.6511653292e-05
 1.3467848860e-10 1.3467848860e-10 1.6161418632e-01 -3.3299260829e-05 7.2296474542e-06 9.6694427868e-06 1.6398971664e-05
 1.3965921518e-10 1.3965921518e-10 1.6759105821e-01 -3.3622387393e-05 7.4016431490e-06 9.9276937029e-06 1.6291851615e-05
 1.4962066833e-10 1.4962066833e-10 1.7954480200e-01 -3.4295399444e-05 7.7561056347e-06 1.0460043104e-05 1.6078051778e-05
 1.5370994044e-10 1.5370994044e-10 1.8445192853e-01 -3.4595705884e-05 7.9110438851e-06 1.0692763212e-05 1.5990699853e-05
 1.6188848467e-10 1.6188848467e-10 1.9426618160e-01 -3.5202236382e-05 8.2230712397e-06 1.1161639728e-05 1.5816326479e-05
 1.6560545401e-10 1.6560545401e-10 1.9872654481e-01 -3.5494170593e-05 8.3711940806e-06 1.1384286833e-05 1.5737490739e-05
 1.7303939269e-10 1.7303939269e-10 2.0764727122e-01 -3.6085503361e-05 8.6701573113e-06 1.1833918241e-05 1.5580228865e-05
 1.7649694792e-10 1.7649694792e-10 2.1179633751e-01 -3.6373993346e-05 8.8143561108e-06 1.2050889526e-05 1.5507548757e-05
 1.8341205840e-10 1.8341205840e-10 2.2009447008e-01 -3.6957644184e-05 9.1051050580e-06 1.2488693218e-05 1.5362646953e-05
 1.8667266307e-10 1.8667266307e-10 2.2400719569e-01 -3.7244220337e-05 9.2464793349e-06 1.2701712571e-05 1.5294829469e-05
 1.9319387242e-10 1.9319387242e-10 2.3183264691e-01 -3.7823251234e-05 9.5312077412e-06 1.3131147128e-05 1.5159697398e-05
 1.9630700261e-10 1.9630700261e-10 2.3556840313e-01 -3.8109427431e-05 9.6707282698e-06 1.3341765595e-05 1.5095734591e-05
 2.0253326298e-10 2.0253326298e-10 2.4303991557e-01 -3.8687006698e-05 9.9514235500e-06 1.3766027193e-05 1.4968356975e-05
 2.0545044363e-10 2.0545044363e-10 2.4654053235e-01 -3.8965922679e-05 1.0085918425e-05 1.3969553429e-05 1.4909251835e-05
 2.1128480492e-10 2.1128480492e-10 2.5354176591e-01 -3.9527823042e-05 1.0356056174e-05 1.4378980775e-05 1.4791587097e-05
 2.1393033098e-10 2.1393033098e-10 2.5671639717e-01 -3.9789267406e-05 1.0480860017e-05 1.4568417621e-05 1.4738790763e-05
 2.1922138308e-10 2.1922138308e-10 2.6306565970e-01 -4.0314950527e-05 1.0731102994e-05 1.4948958480e-05 1.4633690043e-05
 2.2809501684e-10 2.2809501684e-10 2.7371402021e-01 -4.1215128855e-05 1.1156331350e-05 1.5598051166e-05 1.4459547312e-05
 2.3696799624e-10 2.3696799624e-10 2.8436159548e-01 -4.2142995295e-05 1.1589467264e-05 1.6263158218e-05 1.4289170763e-05
 2.4589292195e-10 2.4589292195e-10 2.9507150634e-01 -4.3099737106e-05 1.2030619667e-05 1.6945996491e-05 1.4121921874e-05
 2.5570071451e-10 2.5570071451e-10 3.0684085742e-01 -4.4171512887e-05 1.2518170196e-05 1.7709270612e-05 1.3942872979e-05
 2.5814928427e-10 2.5814928427e-10 3.0977914113e-01 -4.4447614297e-05 1.2641764574e-05 1.7904403225e-05 1.3900247360e-05
 2.6304642379e-10 2.6304642379e-10 3.1565570855e-01 -4.4991806595e-05 1.2885104664e-05 1.8291466110e-05 1.3814036708e-05
 2.7284070282e-10 2.7284070282e-10 3.2740884338e-01 -4.6087879713e-05 1.3368871350e-05 1.9073402277e-05 1.3644406943e-05
 2.7515636977e-10 2.7515636977e-10 3.3018764372e-01 -4.6351606240e-05 1.3483130869e-05 1.9260899720e-05 1.3606376464e-05
 2.7978770367e-10 2.7978770367e-10 3.3574524440e-01 -4.6875688910e-05 1.3708988059e-05 1.9635720671e-05 1.3529781012e-05
 2.8905037147e-10 2.8905037147e-10 3.4686044576e-01 -4.7926491857e-05 1.4153472374e-05 2.0392406312e-05 1.3379413973e-05
 2.9215187377e-10 2.9215187377e-10 3.5058224853e-01 -4.8279829917e-05 1.4299397433e-05 2.0647679353e-05 1.3331553892e-05
 2.9357103563e-10 2.9357103563e-10 3.5228524275e-01 -4.8441333794e-05 1.4365516339e-05 2.0764700507e-05 1.3309917707e-05
 2.9478211703e-10 2.9478211703e-10 3.5373854044e-01 -4.8579081172e-05 1.4421694122e-05 2.0864820782e-05 1.3291367036e-05
 2.9574362809e-10 2.9574362809e-10 3.5489235371e-01 -4.8688392351e-05 1.4466107631e-05 2.0944452518e-05 1.3276632969e-05
 2.9652387417e-10 2.9652387417e-10 3.5582864900e-01 -4.8777076385e-05 1.4502014105e-05 2.1009154875e-05 1.3264708168e-05
 2.9729180326e-10 2.9729180326e-10 3.5675016392e-01 -4.8864350640e-05 1.4537232827e-05 2.1072908682e-05 1.3253009892e-05
 2.9834217723e-10 2.9834217723e-10 3.5801061267e-01 -4.8983706991e-05 1.4585206191e-05 2.1160231285e-05 1.3237070273e-05
 3.0044292516e-10 3.0044292516e-10 3.6053151019e-01 -4.9222340436e-05 1.4680438320e-05 2.1335308631e-05 1.3205394235e-05
 3.0303584079e-10 3.0303584079e-10 3.6364300895e-01 -4.9516647234e-05 1.4796548783e-05 2.1552170352e-05 1.3166728840e-05
 3.0686363361e-10 3.0686363361e-10 3.6823636033e-01 -4.9950536192e-05 1.4964832611e-05 2.1873996385e-05 1.3110507925e-05
 3.1328148993e-10 3.1328148993e-10 3.7593778791e-01 -5.0675970559e-05 1.5237621590e-05 2.2418710568e-05 1.3018439108e-05
 3.2026575565e-10 3.2026575565e-10 3.8431890677e-01 -5.1460762722e-05 1.5518405362e-05 2.3019248304e-05 1.2921909733e-05
 3.2794953442e-10 3.2794953442e-10 3.9353944131e-01 -5.2316706210e-05 1.5804079088e-05 2.3691288507e-05 1.2820139261e-05
 3.3676289423e-10 3.3676289423e-10 4.0411547307e-01 -5.3286858588e-05 1.6095744142e-05 2.4481082812e-05 1.2708832249e-05
 3.4189844012e-10 3.4189844012e-10 4.1027812814e-01 -5.3842312134e-05 1.6243019385e-05 2.4950326657e-05 1.2647766673e-05
 3.5167827781e-10 3.5167827781e-10 4.2201393337e-01 -5.4890576495e-05 1.6475814223e-05 2.5878861691e-05 1.2534701149e-05
 3.5621601867e-10 3.5621601867e-10 4.2745922241e-01 -5.5364348785e-05 1.6555215287e-05 2.6322061041e-05 1.2485872983e-05
 3.6064749527e-10 3.6064749527e-10 4.3277699433e-01 -5.5823743038e-05 1.6615391965e-05 2.6767880688e-05 1.2439270905e-05
 3.6449459040e-10 3.6449459040e-10 4.3739350847e-01 -5.6218593103e-05 1.6651889125e-05 2.7165743840e-05 1.2399760646e-05
 3.6735148614e-10 3.6735148614e-10 4.4082178336e-01 -5.6508666892e-05 1.6668438499e-05 2.7467853041e-05 1.2371175846e-05
 3.6913036603e-10 3.6913036603e-10 4.4295643924e-01 -5.6687890671e-05 1.6673932710e-05 2.7659039558e-05 1.2353718890e-05
 3.7078003694e-10 3.7078003694e-10 4.4493604433e-01 -5.6853614069e-05 1.6675824096e-05 2.7838914352e-05 1.2337676105e-05
 3.7286903349e-10 3.7286903349e-10 4.4744284019e-01 -5.7062537414e-05 1.6673526563e-05 2.8070248079e-05 1.2317563251e-05
 3.7523925725e-10 3.7523925725e-10 4.5028710870e-01 -5.7297948931e-05 1.6664137967e-05 2.8337511868e-05 1.2295099565e-05
 3.7866650010e-10 3.7866650010e-10 4.5439980012e-01 -5.7635480584e-05 1.6637280610e-05 2.8733722896e-05 1.2263277536e-05
 3.8220316760e-10 3.8220316760e-10 4.5864380112e-01 -5.7979548428e-05 1.6591837803e-05 2.9155156646e-05 1.2231354425e-05
 3.8655597302e-10 3.8655597302e-10 4.6386716763e-01 -5.8397559397e-05 1.6509739357e-05 2.9693377248e-05 1.2193243223e-05
 3.9081346858e-10 3.9081346858e-10 4.6897616229e-01 -5.8799825588e-05 1.6399167707e-05 3.0242155478e-05 1.2157302818e-05
 3.9644152269e-10 3.9644152269e-10 4.7572982723e-01 -5.9322908653e-05 1.6203996621e-05 3.1006176379e-05 1.2111536051e-05
 4.0268836962e-10 4.0268836962e-10 4.8322604355e-01 -5.9890309675e-05 1.5915495092e-05 3.1910401722e-05 1.2063213238e-05
 4.1149945847e-10 4.1149945847e-10 4.9379935016e-01 -6.0668749660e-05 1.5367058501e-05 3.3301455842e-05 1.1999035668e-05
 4.2067257429e-10 4.2067257429e-10 5.0480708915e-01 -6.1447329108e-05 1.4597494627e-05 3.4910991479e-05 1.1937643322e-05
 4.2488346584e-10 4.2488346584e-10 5.0986015901e-01 -6.1786707463e-05 1.4166684501e-05 3.5706534771e-05 1.1912288483e-05
 4.3330524894e-10 4.3330524894e-10 5.1996629872e-01 -6.2462246343e-05 1.3161104352e-05 3.7437559385e-05 1.1862382899e-05
 4.4267657645e-10 4.4267657645e-10 5.3121189174e-01 -6.3183224873e-05 1.1787417687e-05 3.9583434866e-05 1.1811172582e-05
 4.5170222239e-10 4.5170222239e-10 5.4204266687e-01 -6.3843365465e-05 1.0189286302e-05 4.1886112496e-05 1.1766766900e-05
 4.6066970752e-10 4.6066970752e-10 5.5280364902e-01 -6.4469653297e-05 8.3186066108e-06 4.4423145835e-05 1.1726701063e-05
 4.6934941184e-10 4.6934941184e-10 5.6321929420e-01 -6.5048238667e-05 6.2263105388e-06 4.7129240613e-05 1.1691487708e-05
 4.7786647024e-10 4.7786647024e-10 5.7343976429e-01 -6.5590453636e-05 3.8941967120e-06 5.0034950006e-05 1.1660107093e-05
 4.8513880460e-10 4.8513880460e-10 5.8216656552e-01 -6.6032351852e-05 1.6780160867e-06 5.2717310000e-05 1.1635825924e-05
 4.9079838487e-10 4.9079838487e-10 5.8895806185e-01 -6.6363164922e-05 -1.9221754601e-07 5.4935735484e-05 1.1618447132e-05
 4.9591460404e-10 4.9591460404e-10 5.9509752485e-01 -6.6654389295e-05 -1.9926586229e-06 5.7042214932e-05 1.1603633126e-05
 5.0000000000e-10 5.0000000000e-10 6.0000000000e-01 -6.6880784839e-05 -3.5059373301e-06 5.8793055083e-05 1.1592467219e-05
 5.0013500647e-10 5.0013500647e-10 6.0016200776e-01 -6.6882418782e-05 -3.5594411776e-06 5.8848451207e-05 1.1592208848e-05
 5.0028374177e-10 5.0028374177e-10 6.0034049012e-01 -6.6894377592e-05 -3.6143730187e-06 5.8915676423e-05 1.1591874309e-05
 5.0045598488e-10 5.0045598488e-10 6.0054718186e-01 -6.6903841692e-05 -3.6798391574e-06 5.8991031740e-05 1.1591449239e-05
 5.0058221771e-10 5.0058221771e-10 6.0069866125e-01 -6.6910767159e-05 -3.7278894473e-06 5.9046333235e-05 1.1591123502e-05
 5.0071343315e-10 5.0071343315e-10 6.0085611978e-01 -6.6917960253e-05 -3.7779024411e-06 5.9103883348e-05 1.1590779478e-05
 5.0085120638e-10 5.0085120638e-10 6.0102144766e-01 -6.6925506741e-05 -3.8304887032e-06 5.9164379643e-05 1.1590415934e-05
 5.0100376880e-10 5.0100376880e-10 6.0120452256e-01 -6.6933856122e-05 -3.8888085352e-06 5.9231452325e-05 1.1590012465e-05
 5.0118262426e-10 5.0118262426e-10 6.0141914912e-01 -6.6943635228e-05 -3.9572983500e-06 5.9310194345e-05 1.1589539365e-05
 5.0139709863e-10 5.0139709863e-10 6.0167651835e-01 -6.6955348807e-05 -4.0395974418e-06 5.9404773711e-05 1.1588972670e-05
 5.0166101578e-10 5.0166101578e-10 6.0199321894e-01 -6.6969743432e-05 -4.1411229560e-06 5.9521389653e-05 1.1588276867e-05
 5.0199629530e-10 5.0199629530e-10 6.0239555436e-01 -6.6988000007e-05 -4.2705049139e-06 5.9669909201e-05 1.1587395851e-05
 5.0244202056e-10 5.0244202056e-10 6.0293042467e-01 -6.7012218783e-05 -4.4432075200e-06 5.9867996372e-05 1.1586230061e-05
 5.0307771765e-10 5.0307771765e-10 6.0369326118e-01 -6.7046659652e-05 -4.6909000680e-06 6.0151781568e-05 1.1584578282e-05
 5.0409804757e-10 5.0409804757e-10 6.0491765709e-01 -6.7101700986e-05 -5.0918563025e-06 6.0610404262e-05 1.1581953154e-05
 5.0613870742e-10 5.0613870742e-10 6.0736644891e-01 -6.7210951307e-05 -5.9063033735e-06 6.1539261213e-05 1.1576793593e-05
 5.0966983310e-10 5.0966983310e-10 6.1160379973e-01 -6.7397266809e-05 -7.3551425429e-06 6.3183054926e-05 1.1568154545e-05
 5.1353459673e-10 5.1353459673e-10 6.1624151608e-01 -6.7596570774e-05 -8.9985761863e-06 6.5034770869e-05 1.1559176205e-05
 5.1717327297e-10 5.1717327297e-10 6.2060792756e-01 -6.7779682955e-05 -1.0600984229e-05 6.6828274740e-05 1.1551192550e-05
 5.2103858598e-10 5.2103858598e-10 6.2524630317e-01 -6.7970136914e-05 -1.2361314874e-05 6.8787115895e-05 1.1543135994e-05
 5.2445817856e-10 5.2445817856e-10 6.2934981427e-01 -6.8134799467e-05 -1.3968590808e-05 7.0565803405e-05 1.1536386966e-05
 5.2872965493e-10 5.2872965493e-10 6.3447558591e-01 -6.8336500328e-05 -1.6041446396e-05 7.2848384301e-05 1.1528362515e-05
 5.3328556444e-10 5.3328556444e-10 6.3994267732e-01 -6.8546042661e-05 -1.8332098337e-05 7.5356601933e-05 1.1520339150e-05
 5.4036135288e-10 5.4036135288e-10 6.4843362345e-01 -6.8861829283e-05 -2.2051188898e-05 7.9403003675e-05 1.1508814583e-05
 5.4621131853e-10 5.4621131853e-10 6.5545358224e-01 -6.9111225466e-05 -2.5274417107e-05 8.2884084088e-05 1.1500358553e-05
 5.5514859172e-10 5.5514859172e-10 6.6617831007e-01 -6.9478610459e-05 -3.0452493720e-05 8.8441183473e-05 1.1488720767e-05
 5.6151510649e-10 5.6151510649e-10 6.7381812779e-01 -6.9725542012e-05 -3.4328208289e-05 9.2570843521e-05 1.1481706831e-05
 5.6708947295e-10 5.6708947295e-10 6.8050736754e-01 -6.9934187895e-05 -3.7846984525e-05 9.6303735163e-05 1.1476237304e-05
 5.7461696471e-10 5.7461696471e-10 6.8954035765e-01 -7.0207906061e-05 -4.2780912983e-05 1.0151809005e-04 1.1469529033e-05
 5.7966964563e-10 5.7966964563e-10 6.9560357476e-01 -7.0382798379e-05 -4.6210546014e-05 1.0512642315e-04 1.1465721283e-05
 5.8504351726e-10 5.8504351726e-10 7.0205222072e-01 -7.0564184716e-05 -4.9959680270e-05 1.0906059631e-04 1.1462068709e-05
 5.9025053698e-10 5.9025053698e-10 7.0830064438e-01 -7.0734709436e-05 -5.3691604922e-05 1.1296618533e-04 1.1458929054e-05
 5.9567697348e-10 5.9567697348e-10 7.1481236817e-01 -7.0907010665e-05 -5.7683735019e-05 1.1713347429e-04 1.1456071419e-05
 6.0127168838e-10 6.0127168838e-10 7.2152602605e-01 -7.1078987465e-05 -6.1908655952e-05 1.2153289253e-04 1.1453550907e-05
 6.0705708256e-10 6.0705708256e-10 7.2846849907e-01 -7.1250950565e-05 -6.6392828606e-05 1.2619120315e-04 1.1451376038e-05
 6.1302192729e-10 6.1302192729e-10 7.3562631275e-01 -7.1422223775e-05 -7.1137578105e-05 1.3110903607e-04 1.1449565826e-05
 6.1922187521e-10 6.1922187521e-10 7.4306625025e-01 -7.1594046868e-05 -7.6198753889e-05 1.3634348270e-04 1.1448118071e-05
 6.2570689231e-10 6.2570689231e-10 7.5084827077e-01 -7.1767290004e-05 -8.1632359079e-05 1.4195140406e-04 1.1447045026e-05
 6.3254075999e-10 6.3254075999e-10 7.5904891199e-01 -7.1942994255e-05 -8.7511254255e-05 1.4800668030e-04 1.1446368217e-05
 6.3979502603e-10 6.3979502603e-10 7.6775403124e-01 -7.2122161318e-05 -9.3921773128e-05 1.5459661309e-04 1.1446121355e-05
 6.4755673621e-10 6.4755673621e-10 7.7706808345e-01 -7.2305897473e-05 -1.0097243484e-04 1.6183078066e-04 1.1446351647e-05
 6.5593315118e-10 6.5593315118e-10 7.8711978142e-01 -7.2495440319e-05 -1.0880132100e-04 1.6984843798e-04 1.1447123333e-05
 6.6506103095e-10 6.6506103095e-10 7.9807323714e-01 -7.2692250605e-05 -1.1758927280e-04 1.7883180035e-04 1.1448523043e-05
 6.7511967098e-10 6.7511967098e-10 8.1014360518e-01 -7.2898116499e-05 -1.2757945446e-04 1.8902570272e-04 1.1450668227e-05
 6.8406366607e-10 6.8406366607e-10 8.2087639929e-01 -7.3071039486e-05 -1.3672917956e-04 1.9834591936e-04 1.1453099671e-05
 6.9575567979e-10 6.9575567979e-10 8.3490681574e-01 -7.3286801218e-05 -1.4906210488e-04 2.1089093021e-04 1.1456775870e-05
 7.0624347039e-10 7.0624347039e-10 8.4749216447e-01 -7.3468302773e-05 -1.6047969929e-04 2.2248618326e-04 1.1460618788e-05
 7.1644598825e-10 7.1644598825e-10 8.5973518590e-01 -7.3635674052e-05 -1.7190379798e-04 2.3407352206e-04 1.1464749956e-05
 7.2722887375e-10 7.2722887375e-10 8.7267464851e-01 -7.3804155441e-05 -1.8431261316e-04 2.4664612629e-04 1.1469442286e-05
 7.3836712382e-10 7.3836712382e-10 8.8604054858e-01 -7.3969229638e-05 -1.9748678392e-04 2.5998020541e-04 1.1474608120e-05
 7.4985216448e-10 7.4985216448e-10 8.9982259738e-01 -7.4130581065e-05 -2.1144474053e-04 2.7409390077e-04 1.1480220798e-05
 7.6181239624e-10 7.6181239624e-10 9.1417487548e-01 -7.4289887272e-05 -2.2637700650e-04 2.8917937970e-04 1.1486314038e-05
 7.7427618552e-10 7.7427618552e-10 9.2913142262e-01 -7.4447184020e-05 -2.4236155228e-04 3.0531465897e-04 1.1492877297e-05
 7.8726155090e-10 7.8726155090e-10 9.4471386108e-01 -7.4602385570e-05 -2.5946669118e-04 3.2256798578e-04 1.1499890946e-05
 8.0080801461e-10 8.0080801461e-10 9.6096961754e-01 -7.4755687997e-05 -2.7779288386e-04 3.4104002922e-04 1.1507342605e-05
 8.1495222117e-10 8.1495222117e-10 9.7794266540e-01 -7.4907224436e-05 -2.9744228152e-04 3.6083309099e-04 1.1515214939e-05
 8.2972975157e-10 8.2972975157e-10 9.9567570189e-01 -7.5057100188e-05 -3.1852083646e-04 3.8205325063e-04 1.1523485995e-05
 8.4518120925e-10 8.4518120925e-10 1.0142174511e+00 -7.5205460170e-05 -3.4114708923e-04 4.0481921724e-04 1.1532132123e-05
 8.6135126323e-10 8.6135126323e-10 1.0336215159e+00 -7.5352467737e-05 -3.6545160245e-04 4.2926174310e-04 1.1541127063e-05
 8.6864188637e-10 8.6864188637e-10 1.0423702636e+00 -7.5414378062e-05 -3.7661544515e-04 4.4048348840e-04 1.1545134784e-05
 8.7016828726e-10 8.7016828726e-10 1.0442019447e+00 -7.5426767889e-05 -3.7896880495e-04 4.4284840834e-04 1.1545964467e-05
 8.7090242032e-10 8.7090242032e-10 1.0450829044e+00 -7.5433018892e-05 -3.8010249960e-04 4.4398795339e-04 1.1546365075e-05
 8.7155941832e-10 8.7155941832e-10 1.0458713020e+00 -7.5438646503e-05 -3.8111813239e-04 4.4500885419e-04 1.1546724678e-05
 8.7219120429e-10 8.7219120429e-10 1.0466294451e+00 -7.5444049880e-05 -3.8209574380e-04 4.4599152284e-04 1.1547070814e-05
 8.7292498779e-10 8.7292498779e-10 1.0475099854e+00 -7.5450313350e-05 -3.8323235608e-04 4.4713399667e-04 1.1547472733e-05
 8.7409816518e-10 8.7409816518e-10 1.0489177982e+00 -7.5460301355e-05 -3.8505219121e-04 4.4896317772e-04 1.1548114815e-05
 8.7581971575e-10 8.7581971575e-10 1.0509836589e+00 -7.5474895145e-05 -3.8772847380e-04 4.5165311310e-04 1.1549055825e-05
 8.7866558344e-10 8.7866558344e-10 1.0543987001e+00 -7.5498862278e-05 -3.9216769611e-04 4.5611475004e-04 1.1550608318e-05
 8.8324782692e-10 8.8324782692e-10 1.0598973923e+00 -7.5537042421e-05 -3.9935480431e-04 4.6333754706e-04 1.1553099636e-05
 8.9022830221e-10 8.9022830221e-10 1.0682739626e+00 -7.5594237187e-05 -4.1039599188e-04 4.7443215584e-04 1.1556873193e-05
 8.9778806571e-10 8.9778806571e-10 1.0773456789e+00 -7.5654736155e-05 -4.2247813223e-04 4.8657074428e-04 1.1560924076e-05
 9.0618168217e-10 9.0618168217e-10 1.0874180186e+00 -7.5720302871e-05 -4.3604277297e-04 5.0019650024e-04 1.1565375574e-05
 9.1567299648e-10 9.1567299648e-10 1.0988075958e+00 -7.5792580936e-05 -4.5156842295e-04 5.1578945562e-04 1.1570348238e-05
 9.3005920699e-10 9.3005920699e-10 1.1160710484e+00 -7.5898929871e-05 -4.7547217615e-04 5.3979214081e-04 1.1577765189e-05
 9.4809780153e-10 9.4809780153e-10 1.1377173618e+00 -7.6026556251e-05 -5.0606103950e-04 5.7049957486e-04 1.1586820861e-05
 9.6782894432e-10 9.6782894432e-10 1.1613947332e+00 -7.6159063591e-05 -5.4028084762e-04 6.0484234495e-04 1.1596366242e-05
 9.8391447216e-10 9.8391447216e-10 1.1806973666e+00 -7.6261485452e-05 -5.6874707062e-04 6.3340354401e-04 1.1603812040e-05
 1.0000000000e-09 1.0000000000e-09 1.2000000000e+00 -7.6360351721e-05 -5.9770757103e-04 6.6245572464e-04 1.1610998090e-05
 1.0014251980e-09 1.0014251980e-09 1.2000000000e+00 1.9291820495e-07 -6.2494228414e-04 6.2288561816e-04 1.8640897170e-06
 1.0026820583e-09 1.0026820583e-09 1.2000000000e+00 -2.6767173556e-08 -6.2400899813e-04 6.2427659392e-04 -2.4086587631e-07
 1.0036995012e-09 1.0036995012e-09 1.2000000000e+00 -2.0960573873e-08 -6.2402808131e-04 6.2425631098e-04 -2.0730894011e-07
 1.0044142844e-09 1.0044142844e-09 1.2000000000e+00 -6.6404799248e-09 -6.2408994699e-04 6.2416333371e-04 -6.6759445556e-08
 1.0052441078e-09 1.0052441078e-09 1.2000000000e+00 -2.8801685225e-10 -6.2411762579e-04 6.2412090937e-04 -2.9961953698e-09
 1.0066167652e-09 1.0066167652e-09 1.2000000000e+00 8.6409286594e-10 -6.2412264977e-04 6.2411312417e-04 8.6632160504e-09
 1.0089069129e-09 1.0089069129e-09 1.2000000000e+00 2.4530095576e-10 -6.2411995674e-04 6.2411724861e-04 2.4633119396e-09
 1.0120719698e-09 1.0120719698e-09 1.2000000000e+00 -7.6963523489e-12 -6.2411885580e-04 6.2411893934e-04 -7.5867966926e-11
 1.0184020834e-09 1.0184020834e-09 1.2000000000e+00 -1.3165325351e-11 -6.2411883200e-04 6.2411897600e-04 -1.3085569257e-10
 1.0310623108e-09 1.0310623108e-09 1.2000000000e+00 -5.6737231002e-13 -6.2411888682e-04 6.2411889187e-04 -4.4831202990e-12
 1.0487175747e-09 1.0487175747e-09 1.2000000000e+00 1.3121568336e-13 -6.2411888986e-04 6.2411888721e-04 2.5248665974e-12
 1.0678722091e-09 1.0678722091e-09 1.2000000000e+00 7.7131368275e-15 -6.2411888933e-04 6.2411888803e-04 1.2860897148e-12
 1.0872169743e-09 1.0872169743e-09 1.2000000000e+00 -6.5766942216e-16 -6.2411888929e-04 6.2411888809e-04 1.2021083399e-12
 1.1061355515e-09 1.1061355515e-09 1.2000000000e+00 -6.6264865479e-17 -6.2411888929e-04 6.2411888808e-04 1.2080407249e-12
 1.1240746350e-09 1.1240746350e-09 1.2000000000e+00 -4.7354186343e-19 -6.2411888929e-04 6.2411888808e-04 1.2087262365e-12
 1.1407089224e-09 1.1407089224e-09 1.2000000000e+00 2.2125963079e-18 -6.2411888929e-04 6.2411888808e-04 1.2087018873e-12
 1.1559059564e-09 1.1559059564e-09 1.2000000000e+00 3.7805777023e-18 -6.2411888929e-04 6.2411888808e-04 1.2087022767e-12
 1.1696904878e-09 1.1696904878e-09 1.2000000000e+00 -1.6842936891e-18 -6.2411888929e-04 6.2411888808e-04 1.2087036562e-12
 1.1822145719e-09 1.1822145719e-09 1.2000000000e+00 8.3281108635e-21 -6.2411888929e-04 6.2411888808e-04 1.2087028596e-12
 1.1936907175e-09 1.1936907175e-09 1.2000000000e+00 -7.7945447242e-21 -6.2411888929e-04 6.2411888808e-04 1.2087025516e-12
 1.2043396558e-09 1.2043396558e-09 1.2000000000e+00 1.7353215874e-18 -6.2411888929e-04 6.2411888808e-04 1.2087026232e-12
 1.2152064088e-09 1.2152064088e-09 1.2000000000e+00 -1.9289668381e-21 -6.2411888929e-04 6.2411888808e-04 1.2087034677e-12
 1.2264314989e-09 1.2264314989e-09 1.2000000000e+00 -1.7285585754e-18 -6.2411888929e-04 6.2411888808e-04 1.2087034878e-12
 1.2371125192e-09 1.2371125192e-09 1.2000000000e+00 5.6173246997e-22 -6.2411888929e-04 6.2411888808e-04 1.2087026272e-12
 1.2475332922e-09 1.2475332922e-09 1.2000000000e+00 -6.5702046820e-21 -6.2411888929e-04 6.2411888808e-04 1.2087025079e-12
 1.2582505165e-09 1.2582505165e-09 1.2000000000e+00 -3.4738326799e-18 -6.2411888929e-04 6.2411888808e-04 1.2087044161e-12
 1.2699646658e-09 1.2699646658e-09 1.2000000000e+00 1.7585476769e-18 -6.2411888929e-04 6.2411888808e-04 1.2087020544e-12
 1.2851142596e-09 1.2851142596e-09 1.2000000000e+00 8.3819732696e-19 -6.2411888929e-04 6.2411888808e-04 1.2087023056e-12
 1.2943634587e-09 1.2943634587e-09 1.2000000000e+00 7.1706498809e-21 -6.2411888929e-04 6.2411888808e-04 1.2087027340e-12
 1.3014955670e-09 1.3014955670e-09 1.2000000000e+00 3.4719756260e-18 -6.2411888929e-04 6.2411888808e-04 1.2087025904e-12
 1.3074034949e-09 1.3074034949e-09 1.2000000000e+00 3.4787048683e-18 -6.2411888929e-04 6.2411888808e-04 1.2087009208e-12
 1.3134967532e-09 1.3134967532e-09 1.2000000000e+00 -2.6509271708e-20 -6.2411888929e-04 6.2411888808e-04 1.2087015666e-12
 1.3256832697e-09 1.3256832697e-09 1.2000000000e+00 -1.7115475783e-18 -6.2411888929e-04 6.2411888808e-04 1.2087039016e-12
 1.3367767821e-09 1.3367767821e-09 1.2000000000e+00 1.5450136050e-20 -6.2411888929e-04 6.2411888808e-04 1.2087029242e-12
 1.3589638069e-09 1.3589638069e-09 1.2000000000e+00 -2.6258329028e-18 -6.2411888929e-04 6.2411888808e-04 1.2087037621e-12
 1.3850196854e-09 1.3850196854e-09 1.2000000000e+00 -8.5609979227e-19 -6.2411888929e-04 6.2411888808e-04 1.2087027878e-12
 1.4057581904e-09 1.4057581904e-09 1.2000000000e+00 -1.7406817735e-18 -6.2411888929e-04 6.2411888808e-04 1.2087034606e-12
 1.4235404784e-09 1.4235404784e-09 1.2000000000e+00 8.7389064277e-19 -6.2411888929e-04 6.2411888808e-04 1.2087022460e-12
 1.4393320687e-09 1.4393320687e-09 1.2000000000e+00 -7.2051387099e-21 -6.2411888929e-04 6.2411888808e-04 1.2087025549e-12
 1.4469245863e-09 1.4469245863e-09 1.2000000000e+00 1.7374273814e-18 -6.2411888929e-04 6.2411888808e-04 1.2087025892e-12
 1.4544132274e-09 1.4544132274e-09 1.2000000000e+00 1.7345137457e-18 -6.2411888929e-04 6.2411888808e-04 1.2087034807e-12
 1.4609699364e-09 1.4609699364e-09 1.2000000000e+00 -3.4612464229e-18 -6.2411888929e-04 6.2411888808e-04 1.2087036142e-12
 1.4679191886e-09 1.4679191886e-09 1.2000000000e+00 -3.4674614517e-18 -6.2411888929e-04 6.2411888808e-04 1.2087027509e-12
 1.4734860656e-09 1.4734860656e-09 1.2000000000e+00 3.4723576549e-18 -6.2411888929e-04 6.2411888808e-04 1.2087007612e-12
 1.4803178099e-09 1.4803178099e-09 1.2000000000e+00 3.4528452379e-18 -6.2411888929e-04 6.2411888808e-04 1.2086997063e-12
 1.4876797872e-09 1.4876797872e-09 1.2000000000e+00 -1.7477636445e-18 -6.2411888929e-04 6.2411888808e-04 1.2087024361e-12
 1.4964942534e-09 1.4964942534e-09 1.2000000000e+00 1.7729461449e-18 -6.2411888929e-04 6.2411888808e-04 1.2087031201e-12
 1.5070211214e-09 1.5070211214e-09 1.2000000000e+00 -1.0751119701e-20 -6.2411888929e-04 6.2411888808e-04 1.2087025310e-12
 1.5192761181e-09 1.5192761181e-09 1.2000000000e+00 -3.4785832342e-18 -6.2411888929e-04 6.2411888808e-04 1.2087029949e-12
 1.5337297798e-09 1.5337297798e-09 1.2000000000e+00 1.7440452965e-18 -6.2411888929e-04 6.2411888808e-04 1.2087017849e-12
 1.5508805704e-09 1.5508805704e-09 1.2000000000e+00 -2.6155524316e-18 -6.2411888929e-04 6.2411888808e-04 1.2087033905e-12
 1.5716890426e-09 1.5716890426e-09 1.2000000000e+00 8.8240930342e-19 -6.2411888929e-04 6.2411888808e-04 1.2087024029e-12
 1.5954655463e-09 1.5954655463e-09 1.2000000000e+00 8.5863760386e-19 -6.2411888929e-04 6.2411888808e-04 1.2087020960e-12
 1.6198735544e-09 1.6198735544e-09 1.2000000000e+00 -8.6804755874e-19 -6.2411888929e-04 6.2411888808e-04 1.2087032750e-12
 1.6440925975e-09 1.6440925975e-09 1.2000000000e+00 5.0481683502e-21 -6.2411888929e-04 6.2411888808e-04 1.2087029498e-12
 1.6682681859e-09 1.6682681859e-09 1.2000000000e+00 -3.0350702591e-21 -6.2411888929e-04 6.2411888808e-04 1.2087028236e-12
 1.6925829488e-09 1.6925829488e-09 1.2000000000e+00 6.1207350083e-22 -6.2411888929e-04 6.2411888808e-04 1.2087026249e-12
 1.7172706350e-09 1.7172706350e-09 1.2000000000e+00 -8.6821676670e-19 -6.2411888929e-04 6.2411888808e-04 1.2087028421e-12
 1.7426211164e-09 1.7426211164e-09 1.2000000000e+00 -1.7340301356e-18 -6.2411888929e-04 6.2411888808e-04 1.2087030592e-12
 1.7689212536e-09 1.7689212536e-09 1.2000000000e+00 1.4399956372e-21 -6.2411888929e-04 6.2411888808e-04 1.2087023758e-12
 1.7964832700e-09 1.7964832700e-09 1.2000000000e+00 -2.5209807815e-21 -6.2411888929e-04 6.2411888808e-04 1.2087023667e-12
 1.8257046364e-09 1.8257046364e-09 1.2000000000e+00 -8.6699634961e-19 -6.2411888929e-04 6.2411888808e-04 1.2087028662e-12
 1.8571424560e-09 1.8571424560e-09 1.2000000000e+00 4.3515826606e-19 -6.2411888929e-04 6.2411888808e-04 1.2087028362e-12
 1.8916592709e-09 1.8916592709e-09 1.2000000000e+00 4.3291320370e-19 -6.2411888929e-04 6.2411888808e-04 1.2087028295e-12
 1.9307733664e-09 1.9307733664e-09 1.2000000000e+00 -8.6740049971e-19 -6.2411888929e-04 6.2411888808e-04 1.2087028632e-12
 1.9777677742e-09 1.9777677742e-09 1.2000000000e+00 -1.2257454925e-22 -6.2411888929e-04 6.2411888808e-04 1.2087030589e-12
 2.0440388307e-09 2.0440388307e-09 1.2000000000e+00 -2.1621100825e-19 -6.2411888929e-04 6.2411888808e-04 1.2087027405e-12
 2.1069419211e-09 2.1069419211e-09 1.2000000000e+00 -5.5411815937e-22 -6.2411888929e-04 6.2411888808e-04 1.2087026216e-12
 2.1651922175e-09 2.1651922175e-09 1.2000000000e+00 -4.1908452327e-23 -6.2411888929e-04 6.2411888808e-04 1.2087027276e-12
 2.2158331457e-09 2.2158331457e-09 1.2000000000e+00 2.9618056529e-22 -6.2411888929e-04 6.2411888808e-04 1.2087026291e-12
 2.2611336260e-09 2.2611336260e-09 1.2000000000e+00 -4.3390271947e-19 -6.2411888929e-04 6.2411888808e-04 1.2087026312e-12
 2.3035929114e-09 2.3035929114e-09 1.2000000000e+00 -4.3360259825e-19 -6.2411888929e-04 6.2411888808e-04 1.2087026203e-12
 2.3443115628e-09 2.3443115628e-09 1.2000000000e+00 -4.3369399642e-19 -6.2411888929e-04 6.2411888808e-04 1.2087026330e-12
 2.3840555179e-09 2.3840555179e-09 1.2000000000e+00 2.9644953674e-23 -6.2411888929e-04 6.2411888808e-04 1.2087026064e-12
 2.4234626802e-09 2.4234626802e-09 1.2000000000e+00 4.3387520753e-19 -6.2411888929e-04 6.2411888808e-04 1.2087023911e-12
 2.4629597872e-09 2.4629597872e-09 1.2000000000e+00 -4.3582714360e-22 -6.2411888929e-04 6.2411888808e-04 1.2087023854e-12
 2.5028613232e-09 2.5028613232e-09 1.2000000000e+00 -2.6486462654e-23 -6.2411888929e-04 6.2411888808e-04 1.2087026327e-12
 2.5434385965e-09 2.5434385965e-09 1.2000000000e+00 4.3440346391e-19 -6.2411888929e-04 6.2411888808e-04 1.2087024095e-12
 2.5849325174e-09 2.5849325174e-09 1.2000000000e+00 -4.3458718557e-19 -6.2411888929e-04 6.2411888808e-04 1.2087026113e-12
 2.6275692285e-09 2.6275692285e-09 1.2000000000e+00 4.3452277281e-19 -6.2411888929e-04 6.2411888808e-04 1.2087024104e-12
 2.6715760258e-09 2.6715760258e-09 1.2000000000e+00 -1.0110129808e-21 -6.2411888929e-04 6.2411888808e-04 1.2087028271e-12
 2.7171908020e-09 2.7171908020e-09 1.2000000000e+00 1.1967287168e-21 -6.2411888929e-04 6.2411888808e-04 1.2087026304e-12
 2.7646702125e-09 2.7646702125e-09 1.2000000000e+00 -7.7266598154e-22 -6.2411888929e-04 6.2411888808e-04 1.2087026196e-12
 2.8142985996e-09 2.8142985996e-09 1.2000000000e+00 4.3393636851e-19 -6.2411888929e-04 6.2411888808e-04 1.2087025067e-12
 2.8663975755e-09 2.8663975755e-09 1.2000000000e+00 -2.5852475045e-22 -6.2411888929e-04 6.2411888808e-04 1.2087026172e-12
 2.9213371927e-09 2.9213371927e-09 1.2000000000e+00 1.8158531939e-22 -6.2411888929e-04 6.2411888808e-04 1.2087027431e-12
 2.9795498848e-09 2.9795498848e-09 1.2000000000e+00 2.1709747214e-19 -6.2411888929e-04 6.2411888808e-04 1.2087025136e-12
 3.0415483889e-09 3.0415483889e-09 1.2000000000e+00 -2.1748795758e-19 -6.2411888929e-04 6.2411888808e-04 1.2087028372e-12
 3.1079494085e-09 3.1079494085e-09 1.2000000000e+00 8.2631396451e-22 -6.2411888929e-04 6.2411888808e-04 1.2087025119e-12
 3.1795056414e-09 3.1795056414e-09 1.2000000000e+00 -7.1172720378e-22 -6.2411888929e-04 6.2411888808e-04 1.2087026064e-12
 3.2571501336e-09 3.2571501336e-09 1.2000000000e+00 2.1728969327e-19 -6.2411888929e-04 6.2411888808e-04 1.2087024001e-12
 3.3420591623e-09 3.3420591623e-09 1.2000000000e+00 -2.1730049308e-19 -6.2411888929e-04 6.2411888808e-04 1.2087027373e-12
 3.4357436975e-09 3.4357436975e-09 1.2000000000e+00 5.6422255956e-22 -6.2411888929e-04 6.2411888808e-04 1.2087025163e-12
 3.5401862747e-09 3.5401862747e-09 1.2000000000e+00 -2.1728985482e-19 -6.2411888929e-04 6.2411888808e-04 1.2087026698e-12
 3.6580526030e-09 3.6580526030e-09 1.2000000000e+00 -2.1658071547e-19 -6.2411888929e-04 6.2411888808e-04 1.2087026219e-12
 3.7930312890e-09 3.7930312890e-09 1.2000000000e+00 2.1674987175e-19 -6.2411888929e-04 6.2411888808e-04 1.2087025646e-12
 3.9504041115e-09 3.9504041115e-09 1.2000000000e+00 -1.0845442785e-19 -6.2411888929e-04 6.2411888808e-04 1.2087026227e-12
 4.1176107665e-09 4.1176107665e-09 1.2000000000e+00 2.1690636982e-19 -6.2411888929e-04 6.2411888808e-04 1.2087025626e-12
 4.2860373406e-09 4.2860373406e-09 1.2000000000e+00 -5.7856957389e-23 -6.2411888929e-04 6.2411888808e-04 1.2087026191e-12
 4.4546081371e-09 4.4546081371e-09 1.2000000000e+00 -1.0839281806e-19 -6.2411888929e-04 6.2411888808e-04 1.2087026774e-12
 4.6215049151e-09 4.6215049151e-09 1.2000000000e+00 1.0844899442e-19 -6.2411888929e-04 6.2411888808e-04 1.2087026165e-12
 4.7833689497e-09 4.7833689497e-09 1.2000000000e+00 1.0839181097e-19 -6.2411888929e-04 6.2411888808e-04 1.2087025651e-12
 4.9380555310e-09 4.9380555310e-09 1.2000000000e+00 -2.7357697463e-23 -6.2411888929e-04 6.2411888808e-04 1.2087026193e-12
 5.0803550716e-09 5.0803550716e-09 1.2000000000e+00 1.0847671881e-19 -6.2411888929e-04 6.2411888808e-04 1.2087025625e-12
 5.2067226035e-09 5.2067226035e-09 1.2000000000e+00 -1.0848165411e-19 -6.2411888929e-04 6.2411888808e-04 1.2087026224e-12
 5.3192936867e-09 5.3192936867e-09 1.2000000000e+00 2.1690963185e-19 -6.2411888929e-04 6.2411888808e-04 1.2087025626e-12
 5.4205371633e-09 5.4205371633e-09 1.2000000000e+00 -7.8112971644e-23 -6.2411888929e-04 6.2411888808e-04 1.2087026223e-12
 5.5123231872e-09 5.5123231872e-09 1.2000000000e+00 2.1692825576e-19 -6.2411888929e-04 6.2411888808e-04 1.2087025594e-12
 5.5963401363e-09 5.5963401363e-09 1.2000000000e+00 -1.5207336001e-22 -6.2411888929e-04 6.2411888808e-04 1.2087027334e-12
 5.6739845060e-09 5.6739845060e-09 1.2000000000e+00 4.3397839129e-19 -6.2411888929e-04 6.2411888808e-04 1.2087025072e-12
 5.7463140853e-09 5.7463140853e-09 1.2000000000e+00 -2.1720166767e-19 -6.2411888929e-04 6.2411888808e-04 1.2087026163e-12
 5.8141495160e-09 5.8141495160e-09 1.2000000000e+00 -2.1661536118e-19 -6.2411888929e-04 6.2411888808e-04 1.2087026148e-12
 5.8781382016e-09 5.8781382016e-09 1.2000000000e+00 -5.7774073670e-23 -6.2411888929e-04 6.2411888808e-04 1.2087026259e-12
 5.9387905267e-09 5.9387905267e-09 1.2000000000e+00 4.3376299157e-19 -6.2411888929e-04 6.2411888808e-04 1.2087025052e-12
 5.9965144892e-09 5.9965144892e-09 1.2000000000e+00 -2.1715223658e-19 -6.2411888929e-04 6.2411888808e-04 1.2087027319e-12
 6.0516419569e-09 6.0516419569e-09 1.2000000000e+00 4.5859556687e-22 -6.2411888929e-04 6.2411888808e-04 1.2087026305e-12
 6.1044463574e-09 6.1044463574e-09 1.2000000000e+00 -2.9263138437e-22 -6.2411888929e-04 6.2411888808e-04 1.2087026170e-12
 6.1551558747e-09 6.1551558747e-09 1.2000000000e+00 4.3382447227e-19 -6.2411888929e-04 6.2411888808e-04 1.2087025125e-12
 6.2039633959e-09 6.2039633959e-09 1.2000000000e+00 -3.4074580734e-22 -6.2411888929e-04 6.2411888808e-04 1.2087027248e-12
 6.2510338017e-09 6.2510338017e-09 1.2000000000e+00 5.2862998499e-22 -6.2411888929e-04 6.2411888808e-04 1.2087026176e-12
 6.2965094342e-09 6.2965094342e-09 1.2000000000e+00 4.3353213810e-19 -6.2411888929e-04 6.2411888808e-04 1.2087023881e-12
 6.3405142849e-09 6.3405142849e-09 1.2000000000e+00 -4.3440747329e-19 -6.2411888929e-04 6.2411888808e-04 1.2087028296e-12
 6.3831572238e-09 6.3831572238e-09 1.2000000000e+00 -4.3268835496e-19 -6.2411888929e-04 6.2411888808e-04 1.2087028453e-12
 6.4245345193e-09 6.4245345193e-09 1.2000000000e+00 -1.4223223373e-22 -6.2411888929e-04 6.2411888808e-04 1.2087026186e-12
 6.4647318354e-09 6.4647318354e-09 1.2000000000e+00 -4.3414653191e-19 -6.2411888929e-04 6.2411888808e-04 1.2087026290e-12
 6.5038258316e-09 6.5038258316e-09 1.2000000000e+00 -8.6736736140e-19 -6.2411888929e-04 6.2411888808e-04 1.2087028498e-12
 6.5418854592e-09 6.5418854592e-09 1.2000000000e+00 8.6829880079e-19 -6.2411888929e-04 6.2411888808e-04 1.2087023980e-12
 6.5789730228e-09 6.5789730228e-09 1.2000000000e+00 -1.4082294349e-21 -6.2411888929e-04 6.2411888808e-04 1.2087026204e-12
 6.6151450568e-09 6.6151450568e-09 1.2000000000e+00 1.1620582634e-21 -6.2411888929e-04 6.2411888808e-04 1.2087024133e-12
 6.6504530570e-09 6.6504530570e-09 1.2000000000e+00 -4.3460070605e-19 -6.2411888929e-04 6.2411888808e-04 1.2087026112e-12
 6.6849440948e-09 6.6849440948e-09 1.2000000000e+00 6.7133048367e-22 -6.2411888929e-04 6.2411888808e-04 1.2087026256e-12
 6.7186613370e-09 6.7186613370e-09 1.2000000000e+00 -1.9504609627e-22 -6.2411888929e-04 6.2411888808e-04 1.2087026314e-12
 6.7516444886e-09 6.7516444886e-09 1.2000000000e+00 2.5888736846e-22 -6.2411888929e-04 6.2411888808e-04 1.2087024053e-12
 6.7839301726e-09 6.7839301726e-09 1.2000000000e+00 -5.3753740133e-22 -6.2411888929e-04 6.2411888808e-04 1.2087023979e-12
 6.8155522569e-09 6.8155522569e-09 1.2000000000e+00 -8.6768947498e-19 -6.2411888929e-04 6.2411888808e-04 1.2087028466e-12
 6.8465421374e-09 6.8465421374e-09 1.2000000000e+00 1.1415050010e-21 -6.2411888929e-04 6.2411888808e-04 1.2087028602e-12
 6.8769289848e-09 6.8769289848e-09 1.2000000000e+00 -4.3419676037e-19 -6.2411888929e-04 6.2411888808e-04 1.2087028455e-12
 6.9067399601e-09 6.9067399601e-09 1.2000000000e+00 -4.3344301308e-19 -6.2411888929e-04 6.2411888808e-04 1.2087026355e-12
 6.9360004034e-09 6.9360004034e-09 1.2000000000e+00 1.3008135914e-18 -6.2411888929e-04 6.2411888808e-04 1.2087023875e-12
 6.9647340009e-09 6.9647340009e-09 1.2000000000e+00 -4.3467007404e-19 -6.2411888929e-04 6.2411888808e-04 1.2087028135e-12
 6.9929629319e-09 6.9929629319e-09 1.2000000000e+00 8.6919555736e-19 -6.2411888929e-04 6.2411888808e-04 1.2087026226e-12
 7.0207080000e-09 7.0207080000e-09 1.2000000000e+00 -8.6883214872e-19 -6.2411888929e-04 6.2411888808e-04 1.2087028367e-12
 7.0479887489e-09 7.0479887489e-09 1.2000000000e+00 1.7369057952e-18 -6.2411888929e-04 6.2411888808e-04 1.2087019626e-12
 7.0748235666e-09 7.0748235666e-09 1.2000000000e+00 -3.5108180157e-21 -6.2411888929e-04 6.2411888808e-04 1.2087023843e-12
 7.1012297787e-09 7.1012297787e-09 1.2000000000e+00 2.4556384086e-21 -6.2411888929e-04 6.2411888808e-04 1.2087024246e-12
 7.1272237312e-09 7.1272237312e-09 1.2000000000e+00 -8.6849368956e-19 -6.2411888929e-04 6.2411888808e-04 1.2087028394e-12
 7.1528208666e-09 7.1528208666e-09 1.2000000000e+00 -8.6652201804e-19 -6.2411888929e-04 6.2411888808e-04 1.2087030876e-12
 7.1780357908e-09 7.1780357908e-09 1.2000000000e+00 -8.6650538368e-19 -6.2411888929e-04 6.2411888808e-04 1.2087026415e-12
 7.2028823354e-09 7.2028823354e-09 1.2000000000e+00 -8.6950631182e-19 -6.2411888929e-04 6.2411888808e-04 1.2087028306e-12
 7.2273736127e-09 7.2273736127e-09 1.2000000000e+00 8.6903412648e-19 -6.2411888929e-04 6.2411888808e-04 1.2087026347e-12
 7.2515220666e-09 7.2515220666e-09 1.2000000000e+00 8.6681033334e-19 -6.2411888929e-04 6.2411888808e-04 1.2087023982e-12
 7.2753395187e-09 7.2753395187e-09 1.2000000000e+00 -8.6104203777e-22 -6.2411888929e-04 6.2411888808e-04 1.2087026116e-12
 7.2988372101e-09 7.2988372101e-09 1.2000000000e+00 7.1109087210e-22 -6.2411888929e-04 6.2411888808e-04 1.2087028694e-12
 7.3220258399e-09 7.3220258399e-09 1.2000000000e+00 -8.6722887408e-19 -6.2411888929e-04 6.2411888808e-04 1.2087030544e-12
 7.3449156005e-09 7.3449156005e-09 1.2000000000e+00 1.0429058884e-21 -6.2411888929e-04 6.2411888808e-04 1.2087026429e-12
 7.3675162098e-09 7.3675162098e-09 1.2000000000e+00 1.7337265796e-18 -6.2411888929e-04 6.2411888808e-04 1.2087021509e-12
 7.3899300516e-09 7.3899300516e-09 1.2000000000e+00 -1.7899062840e-21 -6.2411888929e-04 6.2411888808e-04 1.2087026026e-12
 7.4126251413e-09 7.4126251413e-09 1.2000000000e+00 2.4454208351e-21 -6.2411888929e-04 6.2411888808e-04 1.2087026414e-12
 7.4357201816e-09 7.4357201816e-09 1.2000000000e+00 8.6751086097e-19 -6.2411888929e-04 6.2411888808e-04 1.2087021610e-12
 7.4592281436e-09 7.4592281436e-09 1.2000000000e+00 8.6523826796e-19 -6.2411888929e-04 6.2411888808e-04 1.2087023563e-12
 7.4831950556e-09 7.4831950556e-09 1.2000000000e+00 -8.6661736882e-19 -6.2411888929e-04 6.2411888808e-04 1.2087028423e-12
 7.5076438121e-09 7.5076438121e-09 1.2000000000e+00 2.4157539399e-21 -6.2411888929e-04 6.2411888808e-04 1.2087021815e-12
 7.5325770559e-09 7.5325770559e-09 1.2000000000e+00 -8.7182073888e-19 -6.2411888929e-04 6.2411888808e-04 1.2087030124e-12
 7.5579969176e-09 7.5579969176e-09 1.2000000000e+00 -8.6320343089e-19 -6.2411888929e-04 6.2411888808e-04 1.2087028601e-12
 7.5839041065e-09 7.5839041065e-09 1.2000000000e+00 -8.6849852658e-19 -6.2411888929e-04 6.2411888808e-04 1.2087023934e-12
 7.6102968553e-09 7.6102968553e-09 1.2000000000e+00 -8.6932535870e-19 -6.2411888929e-04 6.2411888808e-04 1.2087028184e-12
 7.6371729296e-09 7.6371729296e-09 1.2000000000e+00 2.4170011351e-21 -6.2411888929e-04 6.2411888808e-04 1.2087026412e-12
 7.6645301763e-09 7.6645301763e-09 1.2000000000e+00 -1.5389100654e-21 -6.2411888929e-04 6.2411888808e-04 1.2087028361e-12
 7.6923664620e-09 7.6923664620e-09 1.2000000000e+00 8.3738068600e-22 -6.2411888929e-04 6.2411888808e-04 1.2087028574e-12
 7.7206798689e-09 7.7206798689e-09 1.2000000000e+00 8.6713232562e-19 -6.2411888929e-04 6.2411888808e-04 1.2087028615e-12
 7.7494688319e-09 7.7494688319e-09 1.2000000000e+00 2.7999953810e-22 -6.2411888929e-04 6.2411888808e-04 1.2087026360e-12
 7.7787321757e-09 7.7787321757e-09 1.2000000000e+00 -4.3492891648e-19 -6.2411888929e-04 6.2411888808e-04 1.2087030687e-12
 7.8084691552e-09 7.8084691552e-09 1.2000000000e+00 -4.3184167676e-19 -6.2411888929e-04 6.2411888808e-04 1.2087028531e-12
 7.8386794967e-09 7.8386794967e-09 1.2000000000e+00 8.6680311330e-19 -6.2411888929e-04 6.2411888808e-04 1.2087023848e-12
 7.8693634266e-09 7.8693634266e-09 1.2000000000e+00 -4.3526323036e-19 -6.2411888929e-04 6.2411888808e-04 1.2087028218e-12
 7.9005216985e-09 7.9005216985e-09 1.2000000000e+00 -4.3159208824e-19 -6.2411888929e-04 6.2411888808e-04 1.2087026249e-12
 7.9321556193e-09 7.9321556193e-09 1.2000000000e+00 8.6656602579e-19 -6.2411888929e-04 6.2411888808e-04 1.2087023824e-12
 7.9642670749e-09 7.9642670749e-09 1.2000000000e+00 -1.0729098663e-22 -6.2411888929e-04 6.2411888808e-04 1.2087021716e-12
 7.9968585561e-09 7.9968585561e-09 1.2000000000e+00 -5.0293048025e-22 -6.2411888929e-04 6.2411888808e-04 1.2087023845e-12
 8.0299331835e-09 8.0299331835e-09 1.2000000000e+00 -8.6681743013e-19 -6.2411888929e-04 6.2411888808e-04 1.2087026106e-12
 8.0634947345e-09 8.0634947345e-09 1.2000000000e+00 5.5860132941e-22 -6.2411888929e-04 6.2411888808e-04 1.2087024080e-12
 8.0975476690e-09 8.0975476690e-09 1.2000000000e+00 -8.6869769109e-19 -6.2411888929e-04 6.2411888808e-04 1.2087028377e-12
 8.1320971577e-09 8.1320971577e-09 1.2000000000e+00 1.8209571367e-21 -6.2411888929e-04 6.2411888808e-04 1.2087024059e-12
 8.1671491095e-09 8.1671491095e-09 1.2000000000e+00 -1.5165306784e-21 -6.2411888929e-04 6.2411888808e-04 1.2087023757e-12
 8.2027102016e-09 8.2027102016e-09 1.2000000000e+00 1.6638734504e-22 -6.2411888929e-04 6.2411888808e-04 1.2087026208e-12
 8.2387879090e-09 8.2387879090e-09 1.2000000000e+00 8.6796316343e-19 -6.2411888929e-04 6.2411888808e-04 1.2087026115e-12
 8.2753905369e-09 8.2753905369e-09 1.2000000000e+00 -5.3442096083e-22 -6.2411888929e-04 6.2411888808e-04 1.2087028315e-12
 8.3125272535e-09 8.3125272535e-09 1.2000000000e+00 4.8507356957e-22 -6.2411888929e-04 6.2411888808e-04 1.2087028408e-12
 8.3502081244e-09 8.3502081244e-09 1.2000000000e+00 -8.6758997149e-19 -6.2411888929e-04 6.2411888808e-04 1.2087028480e-12
 8.3884441497e-09 8.3884441497e-09 1.2000000000e+00 2.3131103420e-22 -6.2411888929e-04 6.2411888808e-04 1.2087026219e-12
 8.4272473022e-09 8.4272473022e-09 1.2000000000e+00 4.3321050058e-19 -6.2411888929e-04 6.2411888808e-04 1.2087026018e-12
 8.4666305680e-09 8.4666305680e-09 1.2000000000e+00 4.3365516398e-19 -6.2411888929e-04 6.2411888808e-04 1.2087028360e-12
 8.5066079896e-09 8.5066079896e-09 1.2000000000e+00 -4.3319245914e-19 -6.2411888929e-04 6.2411888808e-04 1.2087028544e-12
 8.5471947117e-09 8.5471947117e-09 1.2000000000e+00 4.3369419540e-19 -6.2411888929e-04 6.2411888808e-04 1.2087026200e-12
 8.5884070295e-09 8.5884070295e-09 1.2000000000e+00 -4.7994099708e-22 -6.2411888929e-04 6.2411888808e-04 1.2087026153e-12
 8.6302624402e-09 8.6302624402e-09 1.2000000000e+00 -8.6714539198e-19 -6.2411888929e-04 6.2411888808e-04 1.2087026350e-12
 8.6727796986e-09 8.6727796986e-09 1.2000000000e+00 3.8284339310e-23 -6.2411888929e-04 6.2411888808e-04 1.2087026200e-12
 8.7159788747e-09 8.7159788747e-09 1.2000000000e+00 4.3407474177e-19 -6.2411888929e-04 6.2411888808e-04 1.2087021762e-12
 8.7598814169e-09 8.7598814169e-09 1.2000000000e+00 -1.0459056890e-21 -6.2411888929e-04 6.2411888808e-04 1.2087023932e-12
 8.8045102186e-09 8.8045102186e-09 1.2000000000e+00 -4.3306830798e-19 -6.2411888929e-04 6.2411888808e-04 1.2087026384e-12
 8.8498896891e-09 8.8498896891e-09 1.2000000000e+00 4.3413916077e-19 -6.2411888929e-04 6.2411888808e-04 1.2087023935e-12
 8.8960458299e-09 8.8960458299e-09 1.2000000000e+00 -8.4596987756e-22 -6.2411888929e-04 6.2411888808e-04 1.2087026051e-12
 8.9430063156e-09 8.9430063156e-09 1.2000000000e+00 4.3426546747e-19 -6.2411888929e-04 6.2411888808e-04 1.2087026248e-12
 8.9908005810e-09 8.9908005810e-09 1.2000000000e+00 -1.5868097112e-22 -6.2411888929e-04 6.2411888808e-04 1.2087026182e-12
 9.0394599133e-09 9.0394599133e-09 1.2000000000e+00 -2.3544595018e-23 -6.2411888929e-04 6.2411888808e-04 1.2087026126e-12
 9.0890175507e-09 9.0890175507e-09 1.2000000000e+00 4.3367960985e-19 -6.2411888929e-04 6.2411888808e-04 1.2087026196e-12
 9.1395087878e-09 9.1395087878e-09 1.2000000000e+00 9.4329833119e-23 -6.2411888929e-04 6.2411888808e-04 1.2087025189e-12
 9.1909710877e-09 9.1909710877e-09 1.2000000000e+00 -2.6285821726e-22 -6.2411888929e-04 6.2411888808e-04 1.2087026240e-12
 9.2434442009e-09 9.2434442009e-09 1.2000000000e+00 8.6779862588e-19 -6.2411888929e-04 6.2411888808e-04 1.2087023932e-12
 9.2969702920e-09 9.2969702920e-09 1.2000000000e+00 -6.9739612742e-22 -6.2411888929e-04 6.2411888808e-04 1.2087027283e-12
 9.3515940744e-09 9.3515940744e-09 1.2000000000e+00 -4.3299378044e-19 -6.2411888929e-04 6.2411888808e-04 1.2087027342e-12
 9.4073629519e-09 9.4073629519e-09 1.2000000000e+00 -4.3384300269e-19 -6.2411888929e-04 6.2411888808e-04 1.2087026250e-12
 9.4643271700e-09 9.4643271700e-09 1.2000000000e+00 -1.7443480184e-22 -6.2411888929e-04 6.2411888808e-04 1.2087026181e-12
 9.5225399738e-09 9.5225399738e-09 1.2000000000e+00 1.6157978824e-22 -6.2411888929e-04 6.2411888808e-04 1.2087024991e-12
 9.5820577750e-09 9.5820577750e-09 1.2000000000e+00 2.1660128607e-19 -6.2411888929e-04 6.2411888808e-04 1.2087026174e-12
 9.6429403271e-09 9.6429403271e-09 1.2000000000e+00 -2.1675231270e-19 -6.2411888929e-04 6.2411888808e-04 1.2087028439e-12
 9.7052509076e-09 9.7052509076e-09 1.2000000000e+00 -2.1646666435e-19 -6.2411888929e-04 6.2411888808e-04 1.2087026298e-12
 9.7690565089e-09 9.7690565089e-09 1.2000000000e+00 -2.1735700360e-19 -6.2411888929e-04 6.2411888808e-04 1.2087027369e-12
 9.8344280347e-09 9.8344280347e-09 1.2000000000e+00 -2.1655697274e-19 -6.2411888929e-04 6.2411888808e-04 1.2087027373e-12
 9.9014405031e-09 9.9014405031e-09 1.2000000000e+00 2.1684838480e-19 -6.2411888929e-04 6.2411888808e-04 1.2087026130e-12
 9.9701732549e-09 9.9701732549e-09 1.2000000000e+00 2.1668821949e-19 -6.2411888929e-04 6.2411888808e-04 1.2087026182e-12
 1.0040710164e-08 1.0040710164e-08 1.2000000000e+00 7.6605120901e-23 -6.2411888929e-04 6.2411888808e-04 1.2087026203e-12
 1.0113139851e-08 1.0113139851e-08 1.2000000000e+00 1.5171875936e-24 -6.2411888929e-04 6.2411888808e-04 1.2087026196e-12
 1.0187555897e-08 1.0187555897e-08 1.2000000000e+00 2.1683848572e-19 -6.2411888929e-04 6.2411888808e-04 1.2087026196e-12
 1.0264057049e-08 1.0264057049e-08 1.2000000000e+00 3.4285570442e-25 -6.2411888929e-04 6.2411888808e-04 1.2087026196e-12
 1.0342747429e-08 1.0342747429e-08 1.2000000000e+00 2.1684226789e-19 -6.2411888929e-04 6.2411888808e-04 1.2087026128e-12
 1.0423736724e-08 1.0423736724e-08 1.2000000000e+00 -2.1690337337e-19 -6.2411888929e-04 6.2411888808e-04 1.2087027342e-12
 1.0500000000e-08 1.0500000000e-08 1.2000000000e+00 -2.1666339343e-19 -6.2411888929e-04 6.2411888808e-04 1.2087026213e-12
 1.0501307474e-08 1.0501307474e-08 1.2000000000e+00 -2.1806501683e-26 -6.2411888929e-04 6.2411888808e-04 1.2087026196e-12
 1.0502818159e-08 1.0502818159e-08 1.2000000000e+00 -1.3880202493e-17 -6.2411888929e-04 6.2411888808e-04 1.2087028069e-12
 1.0503264251e-08 1.0503264251e-08 1.2000000000e+00 -2.8382204498e-17 -6.2411888929e-04 6.2411888808e-04 1.2087105326e-12
 1.0503727033e-08 1.0503727033e-08 1.2000000000e+00 -5.5120523966e-17 -6.2411888929e-04 6.2411888808e-04 1.2087185262e-12
 1.0504279009e-08 1.0504279009e-08 1.2000000000e+00 1.1974645157e-18 -6.2411888929e-04 6.2411888808e-04 1.2087135375e-12
 1.0505104789e-08 1.0505104789e-08 1.2000000000e+00 -9.2214822774e-19 -6.2411888929e-04 6.2411888808e-04 1.2086894155e-12
 1.0506202993e-08 1.0506202993e-08 1.2000000000e+00 2.5721424590e-17 -6.2411888929e-04 6.2411888808e-04 1.2086802406e-12
 1.0507702811e-08 1.0507702811e-08 1.2000000000e+00 3.4754905467e-19 -6.2411888929e-04 6.2411888808e-04 1.2086969921e-12
 1.0510100539e-08 1.0510100539e-08 1.2000000000e+00 2.3038586493e-18 -6.2411888929e-04 6.2411888808e-04 1.2086783550e-12
 1.0514895993e-08 1.0514895993e-08 1.2000000000e+00 -2.4189776692e-18 -6.2411888929e-04 6.2411888808e-04 1.2087042185e-12
 1.0523233121e-08 1.0523233121e-08 1.2000000000e+00 3.1901384529e-18 -6.2411888929e-04 6.2411888808e-04 1.2087013975e-12
 1.0532491356e-08 1.0532491356e-08 1.2000000000e+00 -3.8345375383e-18 -6.2411888929e-04 6.2411888808e-04 1.2087006003e-12
 1.0542447436e-08 1.0542447436e-08 1.2000000000e+00 -1.7354698384e-18 -6.2411888929e-04 6.2411888808e-04 1.2087043204e-12
 1.0547052658e-08 1.0547052658e-08 1.2000000000e+00 3.5536312836e-20 -6.2411888929e-04 6.2411888808e-04 1.2087033731e-12
 1.0556263101e-08 1.0556263101e-08 1.2000000000e+00 1.6988798924e-18 -6.2411888929e-04 6.2411888808e-04 1.2087022640e-12
 1.0563454483e-08 1.0563454483e-08 1.2000000000e+00 1.1674151536e-20 -6.2411888929e-04 6.2411888808e-04 1.2087009287e-12
 1.0572521687e-08 1.0572521687e-08 1.2000000000e+00 1.7153447441e-18 -6.2411888929e-04 6.2411888808e-04 1.2087024965e-12
 1.0582606283e-08 1.0582606283e-08 1.2000000000e+00 2.3072310408e-20 -6.2411888929e-04 6.2411888808e-04 1.2087029855e-12
 1.0591451307e-08 1.0591451307e-08 1.2000000000e+00 -1.7367705129e-18 -6.2411888929e-04 6.2411888808e-04 1.2087026049e-12
 1.0609141354e-08 1.0609141354e-08 1.2000000000e+00 8.6332464166e-19 -6.2411888929e-04 6.2411888808e-04 1.2087016883e-12
 1.0622178678e-08 1.0622178678e-08 1.2000000000e+00 -5.4621864071e-21 -6.2411888929e-04 6.2411888808e-04 1.2087025694e-12
 1.0633551519e-08 1.0633551519e-08 1.2000000000e+00 1.7408345651e-18 -6.2411888929e-04 6.2411888808e-04 1.2087027008e-12
 1.0645364892e-08 1.0645364892e-08 1.2000000000e+00 -1.7392687897e-18 -6.2411888929e-04 6.2411888808e-04 1.2087034450e-12
 1.0656822784e-08 1.0656822784e-08 1.2000000000e+00 7.6998257014e-21 -6.2411888929e-04 6.2411888808e-04 1.2087026901e-12
 1.0667845765e-08 1.0667845765e-08 1.2000000000e+00 1.7273246638e-18 -6.2411888929e-04 6.2411888808e-04 1.2087025007e-12
 1.0678691242e-08 1.0678691242e-08 1.2000000000e+00 -3.4716231379e-18 -6.2411888929e-04 6.2411888808e-04 1.2087035175e-12
 1.0689356195e-08 1.0689356195e-08 1.2000000000e+00 7.2687242705e-21 -6.2411888929e-04 6.2411888808e-04 1.2087037685e-12
 1.0699811575e-08 1.0699811575e-08 1.2000000000e+00 3.4713549617e-18 -6.2411888929e-04 6.2411888808e-04 1.2087025344e-12
 1.0710071945e-08 1.0710071945e-08 1.2000000000e+00 -1.7471193426e-18 -6.2411888929e-04 6.2411888808e-04 1.2087034241e-12
 1.0720138094e-08 1.0720138094e-08 1.2000000000e+00 1.3085365089e-20 -6.2411888929e-04 6.2411888808e-04 1.2087029561e-12
 1.0730002796e-08 1.0730002796e-08 1.2000000000e+00 -6.6857795316e-21 -6.2411888929e-04 6.2411888808e-04 1.2087025634e-12
 1.0740612530e-08 1.0740612530e-08 1.2000000000e+00 -1.7348128335e-18 -6.2411888929e-04 6.2411888808e-04 1.2087025614e-12
 1.0750350928e-08 1.0750350928e-08 1.2000000000e+00 -1.7370653644e-18 -6.2411888929e-04 6.2411888808e-04 1.2087034633e-12
 1.0760945351e-08 1.0760945351e-08 1.2000000000e+00 1.7486726640e-18 -6.2411888929e-04 6.2411888808e-04 1.2087018285e-12
 1.0770623292e-08 1.0770623292e-08 1.2000000000e+00 -1.8789262699e-20 -6.2411888929e-04 6.2411888808e-04 1.2087024499e-12
 1.0781874202e-08 1.0781874202e-08 1.2000000000e+00 1.1229173335e-20 -6.2411888929e-04 6.2411888808e-04 1.2087027184e-12
 1.0792022779e-08 1.0792022779e-08 1.2000000000e+00 -1.7350669055e-18 -6.2411888929e-04 6.2411888808e-04 1.2087026173e-12
 1.0801897829e-08 1.0801897829e-08 1.2000000000e+00 -1.7398565766e-18 -6.2411888929e-04 6.2411888808e-04 1.2087034385e-12
 1.0806772448e-08 1.0806772448e-08 1.2000000000e+00 1.1123731526e-20 -6.2411888929e-04 6.2411888808e-04 1.2087027228e-12
 1.0816521685e-08 1.0816521685e-08 1.2000000000e+00 5.1918260536e-18 -6.2411888929e-04 6.2411888808e-04 1.2087015928e-12
 1.0821133890e-08 1.0821133890e-08 1.2000000000e+00 -3.4798942814e-18 -6.2411888929e-04 6.2411888808e-04 1.2087026265e-12
 1.0830358301e-08 1.0830358301e-08 1.2000000000e+00 1.8172551314e-20 -6.2411888929e-04 6.2411888808e-04 1.2087038102e-12
 1.0834898398e-08 1.0834898398e-08 1.2000000000e+00 9.7713404399e-21 -6.2411888929e-04 6.2411888808e-04 1.2087027147e-12
 1.0843978593e-08 1.0843978593e-08 1.2000000000e+00 -2.9002080755e-20 -6.2411888929e-04 6.2411888808e-04 1.2087032226e-12
 1.0848516716e-08 1.0848516716e-08 1.2000000000e+00 -3.4533889733e-18 -6.2411888929e-04 6.2411888808e-04 1.2087028724e-12
 1.0857592963e-08 1.0857592963e-08 1.2000000000e+00 -1.7490175292e-18 -6.2411888929e-04 6.2411888808e-04 1.2087034151e-12
 1.0862162223e-08 1.0862162223e-08 1.2000000000e+00 1.3945685634e-20 -6.2411888929e-04 6.2411888808e-04 1.2087026388e-12
 1.0871300743e-08 1.0871300743e-08 1.2000000000e+00 5.1967132510e-18 -6.2411888929e-04 6.2411888808e-04 1.2087006611e-12
 1.0875868682e-08 1.0875868682e-08 1.2000000000e+00 -2.3590577248e-20 -6.2411888929e-04 6.2411888808e-04 1.2087023979e-12
 1.0885004560e-08 1.0885004560e-08 1.2000000000e+00 3.5140085601e-18 -6.2411888929e-04 6.2411888808e-04 1.2087023688e-12
 1.0889557542e-08 1.0889557542e-08 1.2000000000e+00 -1.6780699794e-20 -6.2411888929e-04 6.2411888808e-04 1.2087024738e-12
 1.0898663507e-08 1.0898663507e-08 1.2000000000e+00 -1.7343863520e-18 -6.2411888929e-04 6.2411888808e-04 1.2087035330e-12
 1.0903196403e-08 1.0903196403e-08 1.2000000000e+00 1.2449296345e-20 -6.2411888929e-04 6.2411888808e-04 1.2087028456e-12
 1.0912262194e-08 1.0912262194e-08 1.2000000000e+00 -1.8322198646e-20 -6.2411888929e-04 6.2411888808e-04 1.2087024060e-12
 1.0917081156e-08 1.0917081156e-08 1.2000000000e+00 2.1216171293e-21 -6.2411888929e-04 6.2411888808e-04 1.2087025265e-12
 1.0926719081e-08 1.0926719081e-08 1.2000000000e+00 -1.7304030651e-18 -6.2411888929e-04 6.2411888808e-04 1.2087026571e-12
 1.0932053953e-08 1.0932053953e-08 1.2000000000e+00 3.4750823481e-18 -6.2411888929e-04 6.2411888808e-04 1.2087017550e-12
 1.0938179772e-08 1.0938179772e-08 1.2000000000e+00 -3.5043223525e-18 -6.2411888929e-04 6.2411888808e-04 1.2087049993e-12
 1.0943946899e-08 1.0943946899e-08 1.2000000000e+00 -3.4183098219e-18 -6.2411888929e-04 6.2411888808e-04 1.2087050808e-12
 1.0950037174e-08 1.0950037174e-08 1.2000000000e+00 -3.4810830790e-18 -6.2411888929e-04 6.2411888808e-04 1.2087033458e-12
 1.0956280926e-08 1.0956280926e-08 1.2000000000e+00 -2.1306859695e-20 -6.2411888929e-04 6.2411888808e-04 1.2087033439e-12
 1.0962783392e-08 1.0962783392e-08 1.2000000000e+00 8.1980367701e-21 -6.2411888929e-04 6.2411888808e-04 1.2087038298e-12
 1.0969527764e-08 1.0969527764e-08 1.2000000000e+00 6.0185212683e-21 -6.2411888929e-04 6.2411888808e-04 1.2087035458e-12
 1.0976539869e-08 1.0976539869e-08 1.2000000000e+00 9.4978888301e-22 -6.2411888929e-04 6.2411888808e-04 1.2087026812e-12
 1.0983829099e-08 1.0983829099e-08 1.2000000000e+00 -1.7439261072e-18 -6.2411888929e-04 6.2411888808e-04 1.2087025406e-12
 1.0991914549e-08 1.0991914549e-08 1.2000000000e+00 1.7385641918e-18 -6.2411888929e-04 6.2411888808e-04 1.2087026515e-12
 1.1000000000e-08 1.1000000000e-08 1.2000000000e+00 1.9078817019e-21 -6.2411888929e-04 6.2411888808e-04 1.2087026369e-12
 1.1000294520e-08 1.1000294520e-08 1.1996465766e+00 7.6950558162e-05 -6.5251674986e-04 5.8150120182e-04 -5.9328029179e-06
 1.1000592909e-08 1.1000592909e-08 1.1992885093e+00 7.6540667066e-05 -6.5030589092e-04 5.8338251047e-04 -9.6156658001e-06
 1.1000928779e-08 1.1000928779e-08 1.1988854646e+00 7.6371363379e-05 -6.4894781476e-04 5.8391432866e-04 -1.1336612218e-05
 1.1001193358e-08 1.1001193358e-08 1.1985679705e+00 7.6337684676e-05 -6.4831874243e-04 5.8367575667e-04 -1.1693514634e-05
 1.1001440846e-08 1.1001440846e-08 1.1982709846e+00 7.6333915938e-05 -6.4785778830e-04 5.8324894745e-04 -1.1723898583e-05
 1.1001700681e-08 1.1001700681e-08 1.1979591823e+00 7.6336471412e-05 -6.4740367732e-04 5.8275077626e-04 -1.1682385573e-05
 1.1001993771e-08 1.1001993771e-08 1.1976074743e+00 7.6338813316e-05 -6.4688928750e-04 5.8219183492e-04 -1.1640167527e-05
 1.1002350159e-08 1.1002350159e-08 1.1971798095e+00 7.6339173709e-05 -6.4625312809e-04 5.8152939451e-04 -1.1614241815e-05
 1.1002804506e-08 1.1002804506e-08 1.1966345932e+00 7.6337389796e-05 -6.4543261668e-04 5.8070045958e-04 -1.1604032411e-05
 1.1003408847e-08 1.1003408847e-08 1.1959093836e+00 7.6333803657e-05 -6.4433648866e-04 5.7960665741e-04 -1.1602771929e-05
 1.1004257653e-08 1.1004257653e-08 1.1948908160e+00 7.6328472293e-05 -6.4279682264e-04 5.7807350275e-04 -1.1603952235e-05
 1.1005559558e-08 1.1005559558e-08 1.1933285300e+00 7.6320418109e-05 -6.4043848926e-04 5.7572360992e-04 -1.1604338785e-05
 1.1007931524e-08 1.1007931524e-08 1.1904821715e+00 7.6305848017e-05 -6.3615062316e-04 5.7144938013e-04 -1.1603405034e-05
 1.1012675455e-08 1.1012675455e-08 1.1847894545e+00 7.6276524507e-05 -6.2760664972e-04 5.6293252179e-04 -1.1601196596e-05
 1.1021598280e-08 1.1021598280e-08 1.1740820641e+00 7.6220550065e-05 -6.1165166268e-04 5.4702943741e-04 -1.1597124815e-05
 1.1032737783e-08 1.1032737783e-08 1.1607146610e+00 7.6148925178e-05 -5.9194767244e-04 5.2739189523e-04 -1.1591947986e-05
 1.1042526538e-08 1.1042526538e-08 1.1489681549e+00 7.6084044480e-05 -5.7483330854e-04 5.1033773988e-04 -1.1587275839e-05
 1.1050977102e-08 1.1050977102e-08 1.1388274772e+00 7.6026616991e-05 -5.6021215672e-04 4.9576990048e-04 -1.1583160775e-05
 1.1058378613e-08 1.1058378613e-08 1.1299456642e+00 7.5975287430e-05 -5.4752486134e-04 4.8313027648e-04 -1.1579502597e-05
 1.1064128994e-08 1.1064128994e-08 1.1230452077e+00 7.5934665608e-05 -5.3774541287e-04 4.7338857163e-04 -1.1576624391e-05
 1.1068874610e-08 1.1068874610e-08 1.1173504677e+00 7.5900689580e-05 -5.2972638885e-04 4.6540112748e-04 -1.1574228235e-05
 1.1070327758e-08 1.1070327758e-08 1.1156066905e+00 7.5890092042e-05 -5.2728026479e-04 4.6296485953e-04 -1.1573486810e-05
 1.1072416291e-08 1.1072416291e-08 1.1131004509e+00 7.5874969445e-05 -5.2377241296e-04 4.5947106714e-04 -1.1572423657e-05
 1.1074540585e-08 1.1074540585e-08 1.1105512974e+00 7.5859509352e-05 -5.2021392687e-04 4.5592695797e-04 -1.1571340473e-05
 1.1074785469e-08 1.1074785469e-08 1.1102574375e+00 7.5857692925e-05 -5.1980431537e-04 4.5551903733e-04 -1.1571214903e-05
 1.1074987062e-08 1.1074987062e-08 1.1100155262e+00 7.5856217962e-05 -5.1946721868e-04 4.5518331224e-04 -1.1571111546e-05
 1.1075100970e-08 1.1075100970e-08 1.1098788365e+00 7.5855384928e-05 -5.1927678369e-04 4.5499365192e-04 -1.1571053176e-05
 1.1075207957e-08 1.1075207957e-08 1.1097504514e+00 7.5854602394e-05 -5.1909794361e-04 4.5481553956e-04 -1.1570998375e-05
 1.1075344651e-08 1.1075344651e-08 1.1095864183e+00 7.5853602328e-05 -5.1886948133e-04 4.5458800735e-04 -1.1570928380e-05
 1.1075584433e-08 1.1075584433e-08 1.1092986806e+00 7.5851847289e-05 -5.1846882106e-04 4.5418897936e-04 -1.1570805620e-05
 1.1075835220e-08 1.1075835220e-08 1.1089977354e+00 7.5850010358e-05 -5.1804990032e-04 4.5377176715e-04 -1.1570677218e-05
 1.1076134424e-08 1.1076134424e-08 1.1086386913e+00 7.5847817142e-05 -5.1755027923e-04 4.5327418605e-04 -1.1570523980e-05
 1.1076483821e-08 1.1076483821e-08 1.1082194143e+00 7.5845253747e-05 -5.1696708268e-04 4.5269337386e-04 -1.1570344953e-05
 1.1076901350e-08 1.1076901350e-08 1.1077183797e+00 7.5842187315e-05 -5.1627050441e-04 4.5199964796e-04 -1.1570130886e-05
 1.1077425344e-08 1.1077425344e-08 1.1070895868e+00 7.5838334153e-05 -5.1539683045e-04 4.5112955831e-04 -1.1569862036e-05
 1.1078115100e-08 1.1078115100e-08 1.1062618803e+00 7.5833253935e-05 -5.1424766671e-04 4.4998512055e-04 -1.1569507804e-05
 1.1079078915e-08 1.1079078915e-08 1.1051053018e+00 7.5826139840e-05 -5.1264360309e-04 4.4838767543e-04 -1.1569012205e-05
 1.1080556652e-08 1.1080556652e-08 1.1033320178e+00 7.5815198239e-05 -5.1018807652e-04 4.4594232923e-04 -1.1568250978e-05
 1.1083307216e-08 1.1083307216e-08 1.1000313404e+00 7.5794726475e-05 -5.0562996187e-04 4.4140326528e-04 -1.1566829918e-05
 1.1085640011e-08 1.1085640011e-08 1.0972319865e+00 7.5777216951e-05 -5.0177688149e-04 4.3756648381e-04 -1.1565619302e-05
 1.1088150648e-08 1.1088150648e-08 1.0942192226e+00 7.5758243267e-05 -4.9764317618e-04 4.3345044435e-04 -1.1564311464e-05
 1.1090680931e-08 1.1090680931e-08 1.0911828834e+00 7.5738984428e-05 -4.9349094243e-04 4.2931614649e-04 -1.1562988520e-05
 1.1094622989e-08 1.1094622989e-08 1.0864524131e+00 7.5708743419e-05 -4.8704976579e-04 4.2290314154e-04 -1.1560919192e-05
 1.1102507106e-08 1.1102507106e-08 1.0769914725e+00 7.5647374229e-05 -4.7426987725e-04 4.1018045472e-04 -1.1556751721e-05
 1.1115389861e-08 1.1115389861e-08 1.0615321670e+00 7.5544225867e-05 -4.5368555587e-04 3.8969238776e-04 -1.1549857787e-05
 1.1123540131e-08 1.1123540131e-08 1.0517518433e+00 7.5476023921e-05 -4.4085678665e-04 3.7692738504e-04 -1.1545422342e-05
 1.1128169753e-08 1.1128169753e-08 1.0461962960e+00 7.5436237529e-05 -4.3363752720e-04 3.6974537163e-04 -1.1542881988e-05
 1.1135636651e-08 1.1135636651e-08 1.0372360183e+00 7.5371731126e-05 -4.2209926735e-04 3.5826751824e-04 -1.1538782039e-05
 1.1136768746e-08 1.1136768746e-08 1.0358775048e+00 7.5361418844e-05 -4.2036114329e-04 3.5653907818e-04 -1.1538153762e-05
 1.1137697130e-08 1.1137697130e-08 1.0347634436e+00 7.5353202338e-05 -4.1893813287e-04 3.5512377062e-04 -1.1537640113e-05
 1.1138409083e-08 1.1138409083e-08 1.0339091008e+00 7.5346909107e-05 -4.1784825129e-04 3.5403978911e-04 -1.1537246949e-05
 1.1139014614e-08 1.1139014614e-08 1.0331824628e+00 7.5341546223e-05 -4.1692222439e-04 3.5311879079e-04 -1.1536912648e-05
 1.1139636290e-08 1.1139636290e-08 1.0324364525e+00 7.5336030892e-05 -4.1597241165e-04 3.5217415007e-04 -1.1536569331e-05
 1.1140398089e-08 1.1140398089e-08 1.0315222933e+00 7.5329258599e-05 -4.1480976085e-04 3.5101785066e-04 -1.1536148433e-05
 1.1141568649e-08 1.1141568649e-08 1.0301176206e+00 7.5318822903e-05 -4.1302594360e-04 3.4924382196e-04 -1.1535501294e-05
 1.1143661476e-08 1.1143661476e-08 1.0276062290e+00 7.5300075708e-05 -4.0984479882e-04 3.4608026628e-04 -1.1534343191e-05
 1.1146598828e-08 1.1146598828e-08 1.0240814061e+00 7.5273549422e-05 -4.0539755936e-04 3.4165792526e-04 -1.1532715346e-05
 1.1151242732e-08 1.1151242732e-08 1.0185087211e+00 7.5231113527e-05 -3.9840872629e-04 3.3470894940e-04 -1.1530136669e-05
 1.1157988414e-08 1.1157988414e-08 1.0104139029e+00 7.5168326124e-05 -3.8834957144e-04 3.2470882664e-04 -1.1526381348e-05
 1.1165173449e-08 1.1165173449e-08 1.0017918611e+00 7.5099700223e-05 -3.7775720318e-04 3.1418107393e-04 -1.1522371007e-05
 1.1173312334e-08 1.1173312334e-08 9.9202519916e-01 7.5019807606e-05 -3.6591241399e-04 3.0241162844e-04 -1.1517822092e-05
 1.1176914997e-08 1.1176914997e-08 9.8770200305e-01 7.4983128862e-05 -3.6072179326e-04 2.9725567231e-04 -1.1515807944e-05
 1.1184120324e-08 1.1184120324e-08 9.7905561083e-01 7.4909485709e-05 -3.5043890406e-04 2.8704240279e-04 -1.1511784461e-05
 1.1186716995e-08 1.1186716995e-08 9.7593960619e-01 7.4882036742e-05 -3.4676518910e-04 2.8339469008e-04 -1.1510337751e-05
 1.1191910336e-08 1.1191910336e-08 9.6970759691e-01 7.4827089144e-05 -3.3946964163e-04 2.7615119976e-04 -1.1507447301e-05
 1.1201182464e-08 1.1201182464e-08 9.5858104271e-01 7.4726662813e-05 -3.2661692074e-04 2.6339376276e-04 -1.1502304858e-05
 1.1210484519e-08 1.1210484519e-08 9.4741857674e-01 7.4621759768e-05 -3.1394734031e-04 2.5082396871e-04 -1.1497188196e-05
 1.1220150772e-08 1.1220150772e-08 9.3581907417e-01 7.4508233397e-05 -3.0102337164e-04 2.3800827308e-04 -1.1491934870e-05
 1.1224402491e-08 1.1224402491e-08 9.3071701021e-01 7.4455776106e-05 -2.9541718893e-04 2.3245227806e-04 -1.1489665262e-05
 1.1232905931e-08 1.1232905931e-08 9.2051288228e-01 7.4350417266e-05 -2.8435180624e-04 2.2148773869e-04 -1.1485149739e-05
 1.1238363146e-08 1.1238363146e-08 9.1396422437e-01 7.4280154455e-05 -2.7735362517e-04 2.1455697646e-04 -1.1482305773e-05
 1.1245489354e-08 1.1245489354e-08 9.0541277537e-01 7.4186319341e-05 -2.6833823942e-04 2.0563176699e-04 -1.1478646930e-05
 1.1253378775e-08 1.1253378775e-08 8.9594547049e-01 7.4078999668e-05 -2.5852113829e-04 1.9591802502e-04 -1.1474686423e-05
 1.1263147545e-08 1.1263147545e-08 8.8422294570e-01 7.3940813788e-05 -2.4660658655e-04 1.8413690899e-04 -1.1469936253e-05
 1.1275490534e-08 1.1275490534e-08 8.6941135903e-01 7.3757269884e-05 -2.3193867541e-04 1.6964682655e-04 -1.1464221049e-05
 1.1286177323e-08 1.1286177323e-08 8.5658721211e-01 7.3587919645e-05 -2.1959129973e-04 1.5746421863e-04 -1.1459638565e-05
 1.1298294003e-08 1.1298294003e-08 8.4204719616e-01 7.3385453474e-05 -2.0599393144e-04 1.4406454051e-04 -1.1454862559e-05
 1.1314160816e-08 1.1314160816e-08 8.2300702035e-01 7.3102536529e-05 -1.8884452799e-04 1.2719257020e-04 -1.1449378753e-05
 1.1332876036e-08 1.1332876036e-08 8.0054875620e-01 7.2737299976e-05 -1.6958994509e-04 1.0829823875e-04 -1.1444393648e-05
 1.1352350137e-08 1.1352350137e-08 7.7717983519e-01 7.2313844853e-05 -1.5069640217e-04 8.9825232771e-05 -1.1441475456e-05
 1.1372220617e-08 1.1372220617e-08 7.5333525900e-01 7.1830288594e-05 -1.3264747542e-04 7.2259903828e-05 -1.1441517001e-05
 1.1392316528e-08 1.1392316528e-08 7.2922016652e-01 7.1281261700e-05 -1.1568963270e-04 5.5855001083e-05 -1.1445430073e-05
 1.1412335737e-08 1.1412335737e-08 7.0519711567e-01 7.0665403856e-05 -1.0012898600e-04 4.0918965446e-05 -1.1454183273e-05
 1.1432141348e-08 1.1432141348e-08 6.8143038203e-01 6.9979006683e-05 -8.6083369728e-05 2.7574308236e-05 -1.1468745147e-05
 1.1451680141e-08 1.1451680141e-08 6.5798383110e-01 6.9216960308e-05 -7.3583682127e-05 1.5858062867e-05 -1.1490140984e-05
 1.1470908764e-08 1.1470908764e-08 6.3490948319e-01 6.8374684323e-05 -6.2637539452e-05 5.7834990076e-06 -1.1519443792e-05
 1.1489817859e-08 1.1489817859e-08 6.1221856969e-01 6.7447305780e-05 -5.3214788195e-05 -2.6735219031e-06 -1.1557795568e-05
 1.1508444747e-08 1.1508444747e-08 5.8986630419e-01 6.6428528882e-05 -4.5245652594e-05 -9.5751899864e-06 -1.1606486156e-05
 1.1526525633e-08 1.1526525633e-08 5.6816924066e-01 6.5330717740e-05 -3.8740060787e-05 -1.4923533101e-05 -1.1665923671e-05
 1.1544803125e-08 1.1544803125e-08 5.4623624980e-01 6.4107649960e-05 -3.3341472169e-05 -1.9025228895e-05 -1.1739748675e-05
 1.1563367229e-08 1.1563367229e-08 5.2395932560e-01 6.2742408242e-05 -2.8965431604e-05 -2.1944858008e-05 -1.1830918362e-05
 1.1577003032e-08 1.1577003032e-08 5.0759636206e-01 6.1642053954e-05 -2.6366903586e-05 -2.3362213413e-05 -1.1911736638e-05
 1.1586957646e-08 1.1586957646e-08 4.9565082472e-01 6.0793157443e-05 -2.4755282899e-05 -2.4058580179e-05 -1.1978094015e-05
 1.1600478703e-08 1.1600478703e-08 4.7942555623e-01 5.9604007054e-05 -2.2903403008e-05 -2.4624537506e-05 -1.2074866168e-05
 1.1615238495e-08 1.1615238495e-08 4.6171380638e-01 5.8231675351e-05 -2.1231365938e-05 -2.4805335358e-05 -1.2193773628e-05
 1.1633332420e-08 1.1633332420e-08 4.4000109564e-01 5.6451926935e-05 -1.9552191986e-05 -2.4539033288e-05 -1.2359501173e-05
 1.1653520841e-08 1.1653520841e-08 4.1577499104e-01 5.4347874965e-05 -1.8000611302e-05 -2.3773344932e-05 -1.2572718166e-05
 1.1674810175e-08 1.1674810175e-08 3.9022779016e-01 5.2017093540e-05 -1.6584166618e-05 -2.2599822098e-05 -1.2831904173e-05
 1.1696640976e-08 1.1696640976e-08 3.6403082834e-01 4.9548650599e-05 -1.5262378126e-05 -2.1150715759e-05 -1.3134355978e-05
 1.1716507951e-08 1.1716507951e-08 3.4019045823e-01 4.7273753854e-05 -1.4124241120e-05 -1.9705922691e-05 -1.3442389228e-05
 1.1735785628e-08 1.1735785628e-08 3.1705724586e-01 4.5085931138e-05 -1.3063320436e-05 -1.8254422534e-05 -1.3766987293e-05
 1.1755508895e-08 1.1755508895e-08 2.9338932559e-01 4.2903797004e-05 -1.2017477725e-05 -1.6763198115e-05 -1.4121920234e-05
 1.1775703972e-08 1.1775703972e-08 2.6915523334e-01 4.0765378404e-05 -1.0991455445e-05 -1.5266074173e-05 -1.4506647807e-05
 1.1796596753e-08 1.1796596753e-08 2.4408389610e-01 3.8691860197e-05 -9.9864719651e-06 -1.3780978123e-05 -1.4923209089e-05
 1.1818211396e-08 1.1818211396e-08 2.1814632433e-01 3.6728012040e-05 -9.0178548533e-06 -1.2339771585e-05 -1.5369184552e-05
 1.1838643628e-08 1.1838643628e-08 1.9362764672e-01 3.5071401781e-05 -8.1802633527e-06 -1.1089007381e-05 -1.5800929979e-05
 1.1857720730e-08 1.1857720730e-08 1.7073512352e-01 3.3707725470e-05 -7.4704077662e-06 -1.0026916128e-05 -1.6209200499e-05
 1.1876302048e-08 1.1876302048e-08 1.4843754245e-01 3.2544044896e-05 -6.8444536330e-06 -9.0892130144e-06 -1.6609177170e-05
 1.1894902040e-08 1.1894902040e-08 1.2611755222e-01 3.1538687171e-05 -6.2816237763e-06 -8.2452758933e-06 -1.7010586421e-05
 1.1913509559e-08 1.1913509559e-08 1.0378852899e-01 3.0689148855e-05 -5.7811920255e-06 -7.4942241909e-06 -1.7412531558e-05
 1.1932198620e-08 1.1932198620e-08 8.1361655985e-02 2.9984691454e-05 -5.3382494768e-06 -6.8287864289e-06 -1.7816454467e-05
 1.1951261106e-08 1.1951261106e-08 5.8486673137e-02 2.9407984032e-05 -4.9431771964e-06 -6.2345438842e-06 -1.8229061868e-05
 1.1962179980e-08 1.1962179980e-08 4.5384024487e-02 2.9163542974e-05 -4.7510465087e-06 -5.9450523417e-06 -1.8466243036e-05
 1.1971441595e-08 1.1971441595e-08 3.4270086331e-02 2.8975000351e-05 -4.5953945595e-06 -5.7103769700e-06 -1.8668027730e-05
 1.1981527881e-08 1.1981527881e-08 2.2166542310e-02 2.8791901932e-05 -4.4345325653e-06 -5.4676730828e-06 -1.8888495189e-05
 1.1987778772e-08 1.1987778772e-08 1.4665474050e-02 2.8699685597e-05 -4.3431112168e-06 -5.3295692414e-06 -1.9025804039e-05
 1.1994529944e-08 1.1994529944e-08 6.5640672533e-03 2.8608617082e-05 -4.2476168065e-06 -5.1852369500e-06 -1.9174562222e-05
 1.1997264972e-08 1.1997264972e-08 3.2820336267e-03 2.8578254560e-05 -4.2114431948e-06 -5.1305046094e-06 -1.9235105647e-05
 1.2000000000e-08 1.2000000000e-08 0.0000000000e+00 2.8547512548e-05 -4.1750961300e-06 -5.0755134634e-06 -1.9295701846e-05
 1.2000221519e-08 1.2000221519e-08 0.0000000000e+00 1.1694209811e-05 6.2640161823e-07 9.9210470044e-07 -1.3314066269e-05
 1.2000452859e-08 1.2000452859e-08 0.0000000000e+00 7.0286600173e-06 4.4812389499e-07 7.8262765645e-07 -8.2603721034e-06
 1.2000711799e-08 1.2000711799e-08 0.0000000000e+00 3.8342912909e-06 2.4091334839e-07 4.4126798991e-07 -4.5170003349e-06
 1.2000990169e-08 1.2000990169e-08 0.0000000000e+00 1.8929398785e-06 1.1499549601e-07 2.0853575712e-07 -2.2167238742e-06
 1.2001275599e-08 1.2001275599e-08 0.0000000000e+00 8.5641214298e-07 5.1496649173e-08 9.0755377213e-08 -9.9877636302e-07
 1.2001577564e-08 1.2001577564e-08 0.0000000000e+00 3.3302580910e-07 2.0075242009e-08 3.4825860534e-08 -3.8797036367e-07
 1.2001924963e-08 1.2001924963e-08 0.0000000000e+00 8.1389571989e-08 4.9223956860e-09 8.5366933852e-09 -9.4859309009e-08
 1.2002349070e-08 1.2002349070e-08 0.0000000000e+00 -1.7028586973e-08 -1.0346106469e-09 -1.7933817007e-09 1.9858810355e-08
 1.2002899406e-08 1.2002899406e-08 0.0000000000e+00 -3.5190660668e-08 -2.1369900502e-09 -3.7286791876e-09 4.1060954053e-08
 1.2003663773e-08 1.2003663773e-08 0.0000000000e+00 -2.1277881190e-08 -1.2952683067e-09 -2.2572780762e-09 2.4833226198e-08
 1.2004829991e-08 1.2004829991e-08 0.0000000000e+00 -5.0346543177e-09 -3.1221487347e-10 -5.2976291281e-10 5.8772945162e-09
 1.2006943171e-08 1.2006943171e-08 0.0000000000e+00 1.6676273335e-09 9.3381587709e-11 1.8376281332e-10 -1.9449910826e-09
 1.2011169531e-08 1.2011169531e-08 0.0000000000e+00 1.0466162414e-09 5.5799273429e-11 1.1771794980e-10 -1.2202711464e-09
 1.2017945582e-08 1.2017945582e-08 0.0000000000e+00 6.3821360906e-11 -3.6742310948e-12 1.3124469822e-11 -7.3279995190e-11
 1.2024637158e-08 1.2024637158e-08 0.0000000000e+00 -2.3321030972e-11 -8.9475862728e-12 3.8503021965e-12 2.8421381916e-11
 1.2030515595e-08 1.2030515595e-08 0.0000000000e+00 -4.7575962974e-12 -7.8242212400e-12 5.8258720487e-12 6.7565724048e-12
 1.2035850821e-08 1.2035850821e-08 0.0000000000e+00 7.3681870770e-14 -7.5318580532e-12 6.3400280459e-12 1.1181380990e-12
 1.2042602321e-08 1.2042602321e-08 0.0000000000e+00 2.1040414225e-13 -7.5235849829e-12 6.3545773294e-12 9.5857674286e-13
 1.2049892713e-08 1.2049892713e-08 0.0000000000e+00 2.2085953117e-14 -7.5349804503e-12 6.3345365477e-12 1.1783561955e-12
 1.2057185405e-08 1.2057185405e-08 0.0000000000e+00 -3.4180232438e-15 -7.5365239182e-12 6.3318245199e-12 1.2081198072e-12
 1.2066603222e-08 1.2066603222e-08 0.0000000000e+00 -1.0325189393e-15 -7.5363797272e-12 6.3320758795e-12 1.2053367600e-12
 1.2076299798e-08 1.2076299798e-08 0.0000000000e+00 -1.4313715870e-17 -7.5363173317e-12 6.3321856246e-12 1.2041465768e-12
 1.2083515050e-08 1.2083515050e-08 0.0000000000e+00 2.2755651053e-17 -7.5363160483e-12 6.3321890067e-12 1.2041042942e-12
 1.2091107797e-08 1.2091107797e-08 0.0000000000e+00 -6.4569262781e-18 -7.5363164599e-12 6.3321870504e-12 1.2041356407e-12
 1.2098725447e-08 1.2098725447e-08 0.0000000000e+00 -8.2059446619e-18 -7.5363175075e-12 6.3321867672e-12 1.2041392144e-12
 1.2106720166e-08 1.2106720166e-08 0.0000000000e+00 8.8809022574e-19 -7.5363172951e-12 6.3321870602e-12 1.2041296753e-12
 1.2115130766e-08 1.2115130766e-08 0.0000000000e+00 8.0739506866e-19 -7.5363172589e-12 6.3321871398e-12 1.2041288300e-12
 1.2124090841e-08 1.2124090841e-08 0.0000000000e+00 -5.5664378055e-19 -7.5363168526e-12 6.3321870568e-12 1.2041299711e-12
 1.2133716331e-08 1.2133716331e-08 0.0000000000e+00 -2.1260119901e-19 -7.5363170437e-12 6.3321870611e-12 1.2041305732e-12
 1.2144181755e-08 1.2144181755e-08 0.0000000000e+00 -1.6779694493e-20 -7.5363169313e-12 6.3321870605e-12 1.2041298288e-12
 1.2153523161e-08 1.2153523161e-08 0.0000000000e+00 1.3101613002e-19 -7.5363169178e-12 6.3321870749e-12 1.2041301994e-12
 1.2166451841e-08 1.2166451841e-08 0.0000000000e+00 -2.9973994543e-19 -7.5363169335e-12 6.3321870678e-12 1.2041304107e-12
 1.2177966008e-08 1.2177966008e-08 0.0000000000e+00 1.9239317629e-19 -7.5363169280e-12 6.3321870665e-12 1.2041298862e-12
 1.2189694822e-08 1.2189694822e-08 0.0000000000e+00 2.7260651123e-19 -7.5363169239e-12 6.3321870608e-12 1.2041297430e-12
 1.2203232527e-08 1.2203232527e-08 0.0000000000e+00 -1.3167011405e-20 -7.5363169274e-12 6.3321870677e-12 1.2041298446e-12
 1.2218992892e-08 1.2218992892e-08 0.0000000000e+00 -2.1495015852e-19 -7.5363170357e-12 6.3321870725e-12 1.2041303161e-12
 1.2238874006e-08 1.2238874006e-08 0.0000000000e+00 2.1552961402e-19 -7.5363169272e-12 6.3321870688e-12 1.2041300502e-12
 1.2258307551e-08 1.2258307551e-08 0.0000000000e+00 8.5241701775e-22 -7.5363169270e-12 6.3321870657e-12 1.2041298575e-12
 1.2265414064e-08 1.2265414064e-08 0.0000000000e+00 -4.3336178085e-19 -7.5363169271e-12 6.3321870758e-12 1.2041298577e-12
 1.2268761075e-08 1.2268761075e-08 0.0000000000e+00 -1.6201192571e-18 -7.5363171373e-12 6.3321871071e-12 1.2041305931e-12
 1.2270143342e-08 1.2270143342e-08 0.0000000000e+00 -1.2331947436e-18 -7.5363161297e-12 6.3321869797e-12 1.2041277993e-12
 1.2271502178e-08 1.2271502178e-08 0.0000000000e+00 -2.8331081190e-18 -7.5363177562e-12 6.3321871829e-12 1.2041291045e-12
 1.2271915276e-08 1.2271915276e-08 0.0000000000e+00 2.8452118697e-18 -7.5363137470e-12 6.3321867140e-12 1.2041267093e-12
 1.2272287662e-08 1.2272287662e-08 0.0000000000e+00 5.2305372928e-18 -7.5363227044e-12 6.3321872643e-12 1.2041301927e-12
 1.2272354706e-08 1.2272354706e-08 0.0000000000e+00 4.8114717620e-17 -7.5363312279e-12 6.3321902798e-12 1.2041344003e-12
 1.2272402636e-08 1.2272402636e-08 0.0000000000e+00 -6.6991909353e-17 -7.5363160966e-12 6.3321888762e-12 1.2041383489e-12
 1.2272449354e-08 1.2272449354e-08 0.0000000000e+00 -7.1347193882e-17 -7.5363438694e-12 6.3321895308e-12 1.2041427918e-12
 1.2272500148e-08 1.2272500148e-08 0.0000000000e+00 -1.6794836093e-17 -7.5363182795e-12 6.3321881289e-12 1.2041466996e-12
 1.2272551329e-08 1.2272551329e-08 0.0000000000e+00 -1.9030919685e-19 -7.5362994791e-12 6.3321799510e-12 1.2041391476e-12
 1.2272616006e-08 1.2272616006e-08 0.0000000000e+00 5.6202412235e-17 -7.5363064174e-12 6.3321682239e-12 1.2041138035e-12
 1.2272699623e-08 1.2272699623e-08 0.0000000000e+00 1.3035257129e-16 -7.5363455083e-12 6.3321657669e-12 1.2040345594e-12
 1.2272794505e-08 1.2272794505e-08 0.0000000000e+00 -1.5145573148e-16 -7.5362167541e-12 6.3322125069e-12 1.2041047366e-12
 1.2272904901e-08 1.2272904901e-08 0.0000000000e+00 5.2618630343e-17 -7.5363096687e-12 6.3321741406e-12 1.2040501365e-12
 1.2273033213e-08 1.2273033213e-08 0.0000000000e+00 -5.8284020305e-17 -7.5362684307e-12 6.3322127627e-12 1.2041329077e-12
 1.2273185040e-08 1.2273185040e-08 0.0000000000e+00 1.0760542164e-16 -7.5363166426e-12 6.3321699280e-12 1.2040584037e-12
 1.2273369686e-08 1.2273369686e-08 0.0000000000e+00 -1.9149416575e-17 -7.5362965374e-12 6.3322036571e-12 1.2041167448e-12
 1.2273600718e-08 1.2273600718e-08 0.0000000000e+00 8.8159056239e-17 -7.5363098073e-12 6.3321750719e-12 1.2040230261e-12
 1.2273898545e-08 1.2273898545e-08 0.0000000000e+00 -6.5446412179e-18 -7.5362880637e-12 6.3322025426e-12 1.2041013547e-12
 1.2274293171e-08 1.2274293171e-08 0.0000000000e+00 2.4211494237e-17 -7.5363206631e-12 6.3321857685e-12 1.2041002117e-12
 1.2274786694e-08 1.2274786694e-08 0.0000000000e+00 -2.5014297705e-18 -7.5363092332e-12 6.3321894510e-12 1.2041274000e-12
 1.2275397511e-08 1.2275397511e-08 0.0000000000e+00 -5.3432425505e-17 -7.5363177123e-12 6.3321883404e-12 1.2041836430e-12
 1.2276228691e-08 1.2276228691e-08 0.0000000000e+00 4.8331747338e-17 -7.5363194817e-12 6.3321821860e-12 1.2040823010e-12
 1.2277527636e-08 1.2277527636e-08 0.0000000000e+00 1.4768293413e-17 -7.5363135541e-12 6.3321910696e-12 1.2041057871e-12
 1.2279651239e-08 1.2279651239e-08 0.0000000000e+00 5.0064741730e-18 -7.5363172885e-12 6.3321873149e-12 1.2041216907e-12
 1.2282109635e-08 1.2282109635e-08 0.0000000000e+00 8.9436486891e-18 -7.5363166976e-12 6.3321872964e-12 1.2041205308e-12
 1.2284653063e-08 1.2284653063e-08 0.0000000000e+00 5.7212404445e-18 -7.5363165576e-12 6.3321873014e-12 1.2041233233e-12
 1.2288321791e-08 1.2288321791e-08 0.0000000000e+00 -1.6439976496e-18 -7.5363165292e-12 6.3321871276e-12 1.2041309502e-12
 1.2291173853e-08 1.2291173853e-08 0.0000000000e+00 -3.3671120241e-18 -7.5363170159e-12 6.3321869889e-12 1.2041318633e-12
 1.2294951671e-08 1.2294951671e-08 0.0000000000e+00 -7.9587630376e-19 -7.5363171196e-12 6.3321871143e-12 1.2041306155e-12
 1.2299118041e-08 1.2299118041e-08 0.0000000000e+00 3.8277687935e-19 -7.5363170942e-12 6.3321870683e-12 1.2041299604e-12
 1.2307450781e-08 1.2307450781e-08 0.0000000000e+00 3.8181487002e-20 -7.5363167318e-12 6.3321870529e-12 1.2041294044e-12
 1.2320042721e-08 1.2320042721e-08 0.0000000000e+00 5.7537659347e-20 -7.5363168114e-12 6.3321870533e-12 1.2041295262e-12
 1.2330718595e-08 1.2330718595e-08 0.0000000000e+00 -4.3277047928e-19 -7.5363170371e-12 6.3321870690e-12 1.2041303441e-12
 1.2342182406e-08 1.2342182406e-08 0.0000000000e+00 -1.1702042789e-19 -7.5363169353e-12 6.3321870644e-12 1.2041295570e-12
 1.2355977064e-08 1.2355977064e-08 0.0000000000e+00 -2.8862114654e-19 -7.5363170261e-12 6.3321870728e-12 1.2041296977e-12
 1.2359047621e-08 1.2359047621e-08 0.0000000000e+00 8.6254190749e-19 -7.5363167105e-12 6.3321870685e-12 1.2041298618e-12
 1.2365188736e-08 1.2365188736e-08 0.0000000000e+00 -8.2334620344e-19 -7.5363173576e-12 6.3321870732e-12 1.2041307801e-12
 1.2373496671e-08 1.2373496671e-08 0.0000000000e+00 -2.5442713528e-19 -7.5363168358e-12 6.3321870376e-12 1.2041297112e-12
 1.2380643239e-08 1.2380643239e-08 0.0000000000e+00 2.9750684369e-19 -7.5363170163e-12 6.3321870908e-12 1.2041304483e-12
 1.2388492961e-08 1.2388492961e-08 0.0000000000e+00 -6.5298671096e-19 -7.5363169405e-12 6.3321870752e-12 1.2041301549e-12
 1.2398089881e-08 1.2398089881e-08 0.0000000000e+00 -3.2998194373e-19 -7.5363170296e-12 6.3321870719e-12 1.2041298004e-12
 1.2402234894e-08 1.2402234894e-08 0.0000000000e+00 2.4683105594e-20 -7.5363169260e-12 6.3321870714e-12 1.2041298308e-12
 1.2410524919e-08 1.2410524919e-08 0.0000000000e+00 -3.4160826473e-20 -7.5363168196e-12 6.3321870589e-12 1.2041298941e-12
 1.2414160094e-08 1.2414160094e-08 0.0000000000e+00 -1.0596164754e-19 -7.5363169325e-12 6.3321870723e-12 1.2041292208e-12
 1.2421430444e-08 1.2421430444e-08 0.0000000000e+00 -6.5256325767e-20 -7.5363171263e-12 6.3321870908e-12 1.2041303174e-12
 1.2431253052e-08 1.2431253052e-08 0.0000000000e+00 -4.8265595499e-19 -7.5363168423e-12 6.3321870566e-12 1.2041299499e-12
 1.2436014268e-08 1.2436014268e-08 0.0000000000e+00 9.6489296375e-20 -7.5363169215e-12 6.3321870916e-12 1.2041298621e-12
 1.2445536699e-08 1.2445536699e-08 0.0000000000e+00 4.1711465758e-19 -7.5363168222e-12 6.3321870608e-12 1.2041293921e-12
 1.2451519402e-08 1.2451519402e-08 0.0000000000e+00 4.2589971331e-19 -7.5363169250e-12 6.3321870614e-12 1.2041289988e-12
 1.2459296329e-08 1.2459296329e-08 0.0000000000e+00 8.8373943611e-20 -7.5363170315e-12 6.3321870707e-12 1.2041293805e-12
 1.2467701220e-08 1.2467701220e-08 0.0000000000e+00 3.3383185869e-19 -7.5363169337e-12 6.3321870729e-12 1.2041294797e-12
 1.2477940843e-08 1.2477940843e-08 0.0000000000e+00 -3.7894304880e-19 -7.5363170303e-12 6.3321870809e-12 1.2041302817e-12
 1.2486935584e-08 1.2486935584e-08 0.0000000000e+00 -9.6194842345e-20 -7.5363169343e-12 6.3321870665e-12 1.2041299667e-12
 1.2504925068e-08 1.2504925068e-08 0.0000000000e+00 1.1283819518e-19 -7.5363169193e-12 6.3321870697e-12 1.2041297340e-12
 1.2519424724e-08 1.2519424724e-08 0.0000000000e+00 6.4147091804e-21 -7.5363169269e-12 6.3321870697e-12 1.2041300672e-12
 1.2534554874e-08 1.2534554874e-08 0.0000000000e+00 1.7743188804e-19 -7.5363169836e-12 6.3321870685e-12 1.2041299288e-12
 1.2554180103e-08 1.2554180103e-08 0.0000000000e+00 2.3087164299e-19 -7.5363168724e-12 6.3321870669e-12 1.2041293833e-12
 1.2578569841e-08 1.2578569841e-08 0.0000000000e+00 1.4806483754e-19 -7.5363168702e-12 6.3321870694e-12 1.2041297999e-12
 1.2608132293e-08 1.2608132293e-08 0.0000000000e+00 -4.1272998982e-20 -7.5363169568e-12 6.3321870700e-12 1.2041299034e-12
 1.2643096041e-08 1.2643096041e-08 0.0000000000e+00 1.1562407300e-19 -7.5363169267e-12 6.3321870680e-12 1.2041298504e-12
 1.2682506850e-08 1.2682506850e-08 0.0000000000e+00 1.1102086513e-19 -7.5363169269e-12 6.3321870692e-12 1.2041297469e-12
 1.2725053026e-08 1.2725053026e-08 0.0000000000e+00 -1.0291808193e-19 -7.5363169539e-12 6.3321870712e-12 1.2041299739e-12
 1.2769789995e-08 1.2769789995e-08 0.0000000000e+00 -9.5833538916e-21 -7.5363169277e-12 6.3321870663e-12 1.2041298552e-12
 1.2816193821e-08 1.2816193821e-08 0.0000000000e+00 -4.6737227321e-20 -7.5363169266e-12 6.3321870697e-12 1.2041299650e-12
 1.2864078040e-08 1.2864078040e-08 0.0000000000e+00 5.0207772637e-20 -7.5363169274e-12 6.3321870686e-12 1.2041299710e-12
 1.2913503525e-08 1.2913503525e-08 0.0000000000e+00 -1.6020078447e-19 -7.5363169811e-12 6.3321870709e-12 1.2041300857e-12
 1.2964682185e-08 1.2964682185e-08 0.0000000000e+00 -5.1436283468e-21 -7.5363169545e-12 6.3321870685e-12 1.2041298572e-12
 1.3017916052e-08 1.3017916052e-08 0.0000000000e+00 -4.6437549628e-20 -7.5363169266e-12 6.3321870706e-12 1.2041299647e-12
 1.3073573549e-08 1.3073573549e-08 0.0000000000e+00 -6.0498942871e-21 -7.5363169546e-12 6.3321870684e-12 1.2041298716e-12
 1.3132085602e-08 1.3132085602e-08 0.0000000000e+00 -5.1064269034e-20 -7.5363169134e-12 6.3321870684e-12 1.2041298547e-12
 1.3193954353e-08 1.3193954353e-08 0.0000000000e+00 -1.0857778475e-19 -7.5363169406e-12 6.3321870698e-12 1.2041299260e-12
 1.3259772031e-08 1.3259772031e-08 0.0000000000e+00 -2.9775754772e-21 -7.5363169409e-12 6.3321870678e-12 1.2041297531e-12
 1.3330248899e-08 1.3330248899e-08 0.0000000000e+00 5.1644729994e-21 -7.5363169268e-12 6.3321870703e-12 1.2041299066e-12
 1.3406252104e-08 1.3406252104e-08 0.0000000000e+00 -4.3141089714e-21 -7.5363169274e-12 6.3321870685e-12 1.2041299171e-12
 1.3488860222e-08 1.3488860222e-08 0.0000000000e+00 8.2585963862e-22 -7.5363169270e-12 6.3321870690e-12 1.2041298573e-12
 1.3579441527e-08 1.3579441527e-08 0.0000000000e+00 6.4703146335e-22 -7.5363169135e-12 6.3321870690e-12 1.2041298032e-12
 1.3679769398e-08 1.3679769398e-08 0.0000000000e+00 5.9802649956e-22 -7.5363169406e-12 6.3321870690e-12 1.2041298541e-12
 1.3792197957e-08 1.3792197957e-08 0.0000000000e+00 -2.8013128505e-20 -7.5363169271e-12 6.3321870693e-12 1.2041298896e-12
 1.3919939131e-08 1.3919939131e-08 0.0000000000e+00 -2.2928225587e-23 -7.5363169203e-12 6.3321870698e-12 1.2041298853e-12
 1.4067518382e-08 1.4067518382e-08 0.0000000000e+00 9.5444324226e-24 -7.5363169406e-12 6.3321870690e-12 1.2041298344e-12
 1.4241562475e-08 1.4241562475e-08 0.0000000000e+00 4.5306939631e-22 -7.5363169338e-12 6.3321870690e-12 1.2041298305e-12
 1.4446114473e-08 1.4446114473e-08 0.0000000000e+00 -1.3707779893e-20 -7.5363169271e-12 6.3321870689e-12 1.2041298600e-12
 1.4666720979e-08 1.4666720979e-08 0.0000000000e+00 -2.2808361894e-22 -7.5363169203e-12 6.3321870689e-12 1.2041298448e-12
 1.4899733134e-08 1.4899733134e-08 0.0000000000e+00 1.6587262426e-22 -7.5363169271e-12 6.3321870690e-12 1.2041298410e-12
 1.5145597388e-08 1.5145597388e-08 0.0000000000e+00 1.3527079210e-20 -7.5363169271e-12 6.3321870687e-12 1.2041298446e-12
 1.5403203642e-08 1.5403203642e-08 0.0000000000e+00 -1.3504490912e-20 -7.5363169339e-12 6.3321870692e-12 1.2041298716e-12
 1.5672172867e-08 1.5672172867e-08 0.0000000000e+00 -1.3644591176e-20 -7.5363169339e-12 6.3321870692e-12 1.2041298870e-12
 1.5952957836e-08 1.5952957836e-08 0.0000000000e+00 -3.1725934896e-23 -7.5363169305e-12 6.3321870687e-12 1.2041298717e-12
 1.6246061636e-08 1.6246061636e-08 0.0000000000e+00 1.3594184249e-20 -7.5363169271e-12 6.3321870690e-12 1.2041298445e-12
 1.6552086886e-08 1.6552086886e-08 0.0000000000e+00 8.0244417476e-23 -7.5363169237e-12 6.3321870688e-12 1.2041298428e-12
 1.6871813118e-08 1.6871813118e-08 0.0000000000e+00 -1.3578424809e-20 -7.5363169305e-12 6.3321870694e-12 1.2041298599e-12
 1.7206130481e-08 1.7206130481e-08 0.0000000000e+00 -1.3589194037e-20 -7.5363169305e-12 6.3321870692e-12 1.2041298734e-12
 1.7556029978e-08 1.7556029978e-08 0.0000000000e+00 -4.4638767593e-23 -7.5363169271e-12 6.3321870690e-12 1.2041298582e-12
 1.7922622394e-08 1.7922622394e-08 0.0000000000e+00 7.6321886451e-23 -7.5363169271e-12 6.3321870690e-12 1.2041298580e-12
 1.8307146060e-08 1.8307146060e-08 0.0000000000e+00 -6.8017017656e-21 -7.5363169271e-12 6.3321870692e-12 1.2041298582e-12
 1.8710977704e-08 1.8710977704e-08 0.0000000000e+00 1.3551274673e-20 -7.5363169271e-12 6.3321870690e-12 1.2041298573e-12
 1.9135649698e-08 1.9135649698e-08 0.0000000000e+00 1.3534219657e-20 -7.5363169237e-12 6.3321870688e-12 1.2041298429e-12
 1.9582869294e-08 1.9582869294e-08 0.0000000000e+00 5.9433306397e-23 -7.5363169271e-12 6.3321870690e-12 1.2041298581e-12
 2.0000000000e-08 2.0000000000e-08 0.0000000000e+00 6.6989446268e-21 -7.5363169237e-12 6.3321870687e-12 1.2041298430e-12
 2.0003906250e-08 2.0003906250e-08 4.6875000000e-03 -2.6825513301e-05 4.3056115983e-06 5.2896828619e-06 1.7228798312e-05
 2.0007635713e-08 2.0007635713e-08 9.1628558226e-03 -2.9158332676e-05 4.2545192061e-06 5.1926467639e-06 1.9710024905e-05
 2.0008538179e-08 2.0008538179e-08 1.0245814556e-02 -2.8896871429e-05 4.2811010260e-06 5.2329546309e-06 1.9381643991e-05
 2.0009494026e-08 2.0009494026e-08 1.1392831028e-02 -2.8748170133e-05 4.3046314785e-06 5.2704165490e-06 1.9171929360e-05
 2.0010633676e-08 2.0010633676e-08 1.2760410618e-02 -2.8710317122e-05 4.3243835040e-06 5.3011665973e-06 1.9083567040e-05
 2.0012912975e-08 2.0012912975e-08 1.5495569796e-02 -2.8738840524e-05 4.3577204681e-06 5.3516297296e-06 1.9028289763e-05
 2.0014963697e-08 2.0014963697e-08 1.7956436239e-02 -2.8779006924e-05 4.3874786984e-06 5.3964384636e-06 1.8993890424e-05
 2.0018047594e-08 2.0018047594e-08 2.1657113123e-02 -2.8831346521e-05 4.4336984412e-06 5.4661798596e-06 1.8930269367e-05
 2.0024215389e-08 2.0024215389e-08 2.9058466893e-02 -2.8936224148e-05 4.5295057223e-06 5.6107985246e-06 1.8794721045e-05
 2.0029537784e-08 2.0029537784e-08 3.5445340722e-02 -2.9037857116e-05 4.6166496598e-06 5.7422528011e-06 1.8677755754e-05
 2.0036290062e-08 2.0036290062e-08 4.3548073861e-02 -2.9179838614e-05 4.7321448408e-06 5.9163730788e-06 1.8530121784e-05
 2.0044507530e-08 2.0044507530e-08 5.3409035593e-02 -2.9372790298e-05 4.8805972012e-06 6.1400362754e-06 1.8350957910e-05
 2.0060169583e-08 2.0060169583e-08 7.2203499476e-02 -2.9797241697e-05 5.1859533067e-06 6.5997311770e-06 1.8010358299e-05
 2.0071407162e-08 2.0071407162e-08 8.5688594543e-02 -3.0174110440e-05 5.4337753851e-06 6.9723939541e-06 1.7766742184e-05
 2.0080128505e-08 2.0080128505e-08 9.6154206191e-02 -3.0506620112e-05 5.6420880796e-06 7.2854605785e-06 1.7577872536e-05
 2.0097571191e-08 2.0097571191e-08 1.1708542949e-01 -3.1231521911e-05 6.0826744218e-06 7.9474233549e-06 1.7200225217e-05
 2.0110769903e-08 2.0110769903e-08 1.3292388388e-01 -3.1886993932e-05 6.4588058837e-06 8.5122187915e-06 1.6914770338e-05
 2.0120197263e-08 2.0120197263e-08 1.4423671509e-01 -3.2415614091e-05 6.7515688406e-06 8.9517169142e-06 1.6711129415e-05
 2.0139051981e-08 2.0139051981e-08 1.6686237751e-01 -3.3544690139e-05 7.3654577547e-06 9.8734769660e-06 1.6304556495e-05
 2.0156130308e-08 2.0156130308e-08 1.8735637018e-01 -3.4728978928e-05 7.9851779915e-06 1.0804284638e-05 1.5938317368e-05
 2.0168927379e-08 2.0168927379e-08 2.0271285445e-01 -3.5730095987e-05 8.4937682933e-06 1.1568689982e-05 1.5666438769e-05
 2.0180393979e-08 2.0180393979e-08 2.1647277454e-01 -3.6683336350e-05 8.9706910400e-06 1.2286317288e-05 1.5425129070e-05
 2.0191786700e-08 2.0191786700e-08 2.3014403983e-01 -3.7681791418e-05 9.4635080767e-06 1.3029071394e-05 1.5188012982e-05
 2.0200929959e-08 2.0200929959e-08 2.4111595020e-01 -3.8527143098e-05 9.8750081080e-06 1.3650520779e-05 1.5000415231e-05
 2.0207205112e-08 2.0207205112e-08 2.4864613464e-01 -3.9129338277e-05 1.0165151964e-05 1.4089586945e-05 1.4873400375e-05
 2.0213524246e-08 2.0213524246e-08 2.5622909463e-01 -3.9745653423e-05 1.0460432611e-05 1.4537426505e-05 1.4746595306e-05
 2.0219356237e-08 2.0219356237e-08 2.6322748465e-01 -4.0326745131e-05 1.0736906422e-05 1.4957812842e-05 1.4630826854e-05
 2.0224638887e-08 2.0224638887e-08 2.6956666411e-01 -4.0863354250e-05 1.0990496179e-05 1.5344483655e-05 1.4527175391e-05
 2.0229545356e-08 2.0229545356e-08 2.7545442699e-01 -4.1369614258e-05 1.1228277503e-05 1.5708161444e-05 1.4431976276e-05
 2.0239358294e-08 2.0239358294e-08 2.8722995277e-01 -4.2397955785e-05 1.1707458846e-05 1.6445175966e-05 1.4244121921e-05
 2.0243499578e-08 2.0243499578e-08 2.9219949376e-01 -4.2845824367e-05 1.1913511591e-05 1.6764012668e-05 1.4167101029e-05
 2.0251782146e-08 2.0251782146e-08 3.0213857575e-01 -4.3743819147e-05 1.2324091112e-05 1.7404100497e-05 1.4014428454e-05
 2.0255987398e-08 2.0255987398e-08 3.0718487797e-01 -4.4208022300e-05 1.2533948372e-05 1.7734025603e-05 1.3938849216e-05
 2.0264397902e-08 2.0264397902e-08 3.1727748241e-01 -4.5140576994e-05 1.2951647710e-05 1.8398027653e-05 1.3789702510e-05
 2.0269801483e-08 2.0269801483e-08 3.2376178000e-01 -4.5747174512e-05 1.3219459058e-05 1.8829866994e-05 1.3696649312e-05
 2.0280608646e-08 2.0280608646e-08 3.3673037518e-01 -4.6966347998e-05 1.3748469797e-05 1.9701915887e-05 1.3514763142e-05
 2.0289041482e-08 2.0289041482e-08 3.4684977829e-01 -4.7924999083e-05 1.4153048750e-05 2.0391675863e-05 1.3379075258e-05
 2.0293500550e-08 2.0293500550e-08 3.5220065962e-01 -4.8433147457e-05 1.4362409464e-05 2.0759140110e-05 1.3310398642e-05
 2.0296211327e-08 2.0296211327e-08 3.5545359280e-01 -4.8741531781e-05 1.4487747705e-05 2.0983383446e-05 1.3269201386e-05
 2.0297265795e-08 2.0297265795e-08 3.5671895385e-01 -4.8861366142e-05 1.4536070422e-05 2.1070791815e-05 1.3253304657e-05
 2.0298179028e-08 2.0298179028e-08 3.5781483357e-01 -4.8965159679e-05 1.4577773965e-05 2.1146664891e-05 1.3239521578e-05
 2.0299200068e-08 2.0299200068e-08 3.5904008118e-01 -4.9081165895e-05 1.4624205263e-05 2.1231644786e-05 1.3224116601e-05
 2.0300795664e-08 2.0300795664e-08 3.6095479642e-01 -4.9262376602e-05 1.4696307357e-05 2.1364726604e-05 1.3200143391e-05
 2.0303187846e-08 2.0303187846e-08 3.6382541477e-01 -4.9533872941e-05 1.4803281399e-05 2.1564876479e-05 1.3164515804e-05
 2.0306165443e-08 2.0306165443e-08 3.6739853156e-01 -4.9871402291e-05 1.4934382919e-05 2.1815066249e-05 1.3120753853e-05
 2.0311636348e-08 2.0311636348e-08 3.7396361754e-01 -5.0490228255e-05 1.5168842007e-05 2.2278327734e-05 1.3041859225e-05
 2.0322578158e-08 2.0322578158e-08 3.8709378951e-01 -5.1720658294e-05 1.5608063090e-05 2.3221522192e-05 1.2889873689e-05
 2.0332151440e-08 2.0332151440e-08 3.9858172742e-01 -5.2782535434e-05 1.5949389032e-05 2.4066498170e-05 1.2765448861e-05
 2.0348602481e-08 2.0348602481e-08 4.1832297709e-01 -5.4573391304e-05 1.6416032713e-05 2.5590494977e-05 1.2565664194e-05
 2.0354155520e-08 2.0354155520e-08 4.2498662413e-01 -5.5150538720e-05 1.6521898115e-05 2.6120154519e-05 1.2507286592e-05
 2.0360150944e-08 2.0360150944e-08 4.3218113285e-01 -5.5773735760e-05 1.6610194660e-05 2.6718200817e-05 1.2444140810e-05
 2.0362895008e-08 2.0362895008e-08 4.3547400999e-01 -5.6054397664e-05 1.6638361008e-05 2.6998702941e-05 1.2416134220e-05
 2.0365080975e-08 2.0365080975e-08 4.3809716944e-01 -5.6277451422e-05 1.6655595251e-05 2.7226601807e-05 1.2394054867e-05
 2.0367834752e-08 2.0367834752e-08 4.4140170198e-01 -5.6557346318e-05 1.6670226481e-05 2.7519434767e-05 1.2366485568e-05
 2.0369803582e-08 2.0369803582e-08 4.4376429869e-01 -5.6755732302e-05 1.6675152759e-05 2.7732244402e-05 1.2347135628e-05
 2.0371979450e-08 2.0371979450e-08 4.4637533957e-01 -5.6973840101e-05 1.6675230988e-05 2.7971349197e-05 1.2326060397e-05
 2.0375256158e-08 2.0375256158e-08 4.5030738947e-01 -5.7300002255e-05 1.6664227622e-05 2.8339711773e-05 1.2294863331e-05
 2.0378483692e-08 2.0378483692e-08 4.5418043052e-01 -5.7617651944e-05 1.6639171786e-05 2.8712357278e-05 1.2264923337e-05
 2.0382150312e-08 2.0382150312e-08 4.5858037426e-01 -5.7974475350e-05 1.6592673191e-05 2.9148786394e-05 1.2231816209e-05
 2.0385703642e-08 2.0385703642e-08 4.6284436982e-01 -5.8315829456e-05 1.6528014032e-05 2.9585945109e-05 1.2200670747e-05
 2.0390112813e-08 2.0390112813e-08 4.6813537521e-01 -5.8733990540e-05 1.6419468645e-05 3.0150165994e-05 1.2163156320e-05
 2.0395285827e-08 2.0395285827e-08 4.7434299208e-01 -5.9216271078e-05 1.6248826671e-05 3.0845461511e-05 1.2120783298e-05
 2.0402603985e-08 2.0402603985e-08 4.8312478200e-01 -5.9883768533e-05 1.5920409386e-05 3.1898487557e-05 1.2063671969e-05
 2.0410626065e-08 2.0410626065e-08 4.9275127807e-01 -6.0592606446e-05 1.5429267834e-05 3.3156940562e-05 1.2005198401e-05
 2.0420296353e-08 2.0420296353e-08 5.0435562314e-01 -6.1416465060e-05 1.4633537267e-05 3.4841733609e-05 1.1939994506e-05
 2.0430427684e-08 2.0430427684e-08 5.1651322031e-01 -6.2241243704e-05 1.3531351737e-05 3.6830818623e-05 1.1877873635e-05
 2.0441415208e-08 2.0441415208e-08 5.2969824989e-01 -6.3092600699e-05 1.1990817999e-05 3.9283511387e-05 1.1817071574e-05
 2.0451900065e-08 2.0451900065e-08 5.4228007837e-01 -6.3861134271e-05 1.0152773059e-05 4.1941840160e-05 1.1765321284e-05
 2.0460629444e-08 2.0460629444e-08 5.5275533273e-01 -6.4467285332e-05 8.3278405541e-06 4.4411451381e-05 1.1726793606e-05
 2.0471869354e-08 2.0471869354e-08 5.6624322470e-01 -6.5215640515e-05 5.5674264773e-06 4.7965659576e-05 1.1681354654e-05
 2.0480301726e-08 2.0480301726e-08 5.7636207169e-01 -6.5742147752e-05 3.1760686944e-06 5.0913376410e-05 1.1651502814e-05
 2.0486724087e-08 2.0486724087e-08 5.8406890396e-01 -6.6125626409e-05 1.1668269762e-06 5.3326725519e-05 1.1630874067e-05
 2.0492309751e-08 2.0492309751e-08 5.9077170075e-01 -6.6450029565e-05 -7.1317772641e-07 5.5548020107e-05 1.1613987331e-05
 2.0496154875e-08 2.0496154875e-08 5.9538585037e-01 -6.6666878504e-05 -2.0802264617e-06 5.7142847865e-05 1.1603057239e-05
 2.0500000000e-08 2.0500000000e-08 6.0000000000e-01 -6.6880359189e-05 -3.5061303171e-06 5.8792764971e-05 1.1592524670e-05
 2.0500181000e-08 2.0500181000e-08 6.0021720048e-01 -6.6883690078e-05 -3.5774195071e-06 5.8867739485e-05 1.1592170198e-05
 2.0500342527e-08 2.0500342527e-08 6.0041103253e-01 -6.6897624813e-05 -3.6367180052e-06 5.8941359747e-05 1.1591783201e-05
 2.0500517693e-08 2.0500517693e-08 6.0062123218e-01 -6.6907238617e-05 -3.7033308913e-06 5.9018042506e-05 1.1591327138e-05
 2.0500663506e-08 2.0500663506e-08 6.0079620764e-01 -6.6915231547e-05 -3.7588718181e-06 5.9081967150e-05 1.1590936351e-05
 2.0500807584e-08 2.0500807584e-08 6.0096910090e-01 -6.6923122985e-05 -3.8138352426e-06 5.9145209861e-05 1.1590548502e-05
 2.0500956058e-08 2.0500956058e-08 6.0114726995e-01 -6.6931248948e-05 -3.8705634340e-06 5.9210462597e-05 1.1590149919e-05
 2.0501120783e-08 2.0501120783e-08 6.0134494008e-01 -6.6940256864e-05 -3.9336048269e-06 5.9282952124e-05 1.1589709701e-05
 2.0501314526e-08 2.0501314526e-08 6.0157743069e-01 -6.6950841473e-05 -4.0078913551e-06 5.9368338593e-05 1.1589194367e-05
 2.0501550451e-08 2.0501550451e-08 6.0186054148e-01 -6.6963715691e-05 -4.0985566651e-06 5.9472502775e-05 1.1588569713e-05
 2.0501847292e-08 2.0501847292e-08 6.0221675086e-01 -6.6979890471e-05 -4.2129501644e-06 5.9603853371e-05 1.1587787396e-05
 2.0502235297e-08 2.0502235297e-08 6.0268235625e-01 -6.7000993250e-05 -4.3630102052e-06 5.9776033673e-05 1.1586769912e-05
 2.0502771404e-08 2.0502771404e-08 6.0332568502e-01 -6.7030078308e-05 -4.5713455469e-06 6.0014851504e-05 1.1585372481e-05
 2.0503581859e-08 2.0503581859e-08 6.0429823038e-01 -6.7073890890e-05 -4.8884884257e-06 6.0377902211e-05 1.1583277233e-05
 2.0505033216e-08 2.0505033216e-08 6.0603985890e-01 -6.7151900552e-05 -5.4630180124e-06 6.1034144512e-05 1.1579574180e-05
 2.0507935930e-08 2.0507935930e-08 6.0952311593e-01 -6.7306232130e-05 -6.6374428475e-06 6.2370125800e-05 1.1572349300e-05
 2.0511805610e-08 2.0511805610e-08 6.1416673233e-01 -6.7508042258e-05 -8.2558818923e-06 6.4199596516e-05 1.1563127750e-05
 2.0515625863e-08 2.0515625863e-08 6.1875103547e-01 -6.7702361728e-05 -9.9129995143e-06 6.6059630500e-05 1.1554530852e-05
 2.0519311015e-08 2.0519311015e-08 6.2317321794e-01 -6.7885518376e-05 -1.1567164286e-05 6.7904798350e-05 1.1546684415e-05
 2.0522793524e-08 2.0522793524e-08 6.2735222907e-01 -6.8054960901e-05 -1.3180379862e-05 6.9694500801e-05 1.1539640061e-05
 2.0526474247e-08 2.0526474247e-08 6.3176909624e-01 -6.8230524036e-05 -1.4937951875e-05 7.1634727526e-05 1.1532548480e-05
 2.0531061717e-08 2.0531061717e-08 6.3727406008e-01 -6.8444526737e-05 -1.7203695047e-05 7.4122838695e-05 1.1524183177e-05
 2.0536498431e-08 2.0536498431e-08 6.4379811756e-01 -6.8690860799e-05 -1.9996546454e-05 7.7171238702e-05 1.1514968633e-05
 2.0543087275e-08 2.0543087275e-08 6.5170472976e-01 -6.8979123257e-05 -2.3536584008e-05 8.1009730734e-05 1.1504776604e-05
 2.0549483658e-08 2.0549483658e-08 6.5938038906e-01 -6.9247465598e-05 -2.7134993321e-05 8.4885318715e-05 1.1495940270e-05
 2.0556671807e-08 2.0556671807e-08 6.6800616848e-01 -6.9537464383e-05 -3.1366270575e-05 8.9415472545e-05 1.1487062471e-05
 2.0563732141e-08 2.0563732141e-08 6.7647856973e-01 -6.9809961002e-05 -3.5713499018e-05 9.4042841798e-05 1.1479418273e-05
 2.0572894471e-08 2.0572894471e-08 6.8747336486e-01 -7.0148509951e-05 -4.1632488685e-05 1.0030900597e-04 1.1470792705e-05
 2.0582745730e-08 2.0582745730e-08 6.9929487602e-01 -7.0491865583e-05 -4.8341858013e-05 1.0736931338e-04 1.1463210253e-05
 2.0588631279e-08 2.0588631279e-08 7.0635753534e-01 -7.0683501164e-05 -5.2520102566e-05 1.1174266522e-04 1.1459738540e-05
 2.0594222540e-08 2.0594222540e-08 7.1306704797e-01 -7.0861604251e-05 -5.6603378541e-05 1.1600700703e-04 1.1456775789e-05
 2.0599788236e-08 2.0599788236e-08 7.1974588341e-01 -7.1033987464e-05 -6.0777666534e-05 1.2035627790e-04 1.1454176121e-05
 2.0605539807e-08 2.0605539807e-08 7.2664776856e-01 -7.1206427880e-05 -6.5205534102e-05 1.2495885694e-04 1.1451905060e-05
 2.0611455894e-08 2.0611455894e-08 7.3374707331e-01 -7.1377837240e-05 -6.9880001021e-05 1.2980663818e-04 1.1450000093e-05
 2.0617600873e-08 2.0617600873e-08 7.4112104765e-01 -7.1549723998e-05 -7.4862824004e-05 1.3496289281e-04 1.1448455202e-05
 2.0624018072e-08 2.0624018072e-08 7.4882168688e-01 -7.1722803606e-05 -8.0203666999e-05 1.4047798833e-04 1.1447282286e-05
 2.0630770359e-08 2.0630770359e-08 7.5692443023e-01 -7.1898142111e-05 -8.5973269174e-05 1.4642371110e-04 1.1446500191e-05
 2.0637925750e-08 2.0637925750e-08 7.6551089940e-01 -7.2076706530e-05 -9.2253271328e-05 1.5288263782e-04 1.1446140036e-05
 2.0645567745e-08 2.0645567745e-08 7.7468129361e-01 -7.2259585502e-05 -9.9146883864e-05 1.5995902368e-04 1.1446245687e-05
 2.0653798250e-08 2.0653798250e-08 7.8455790013e-01 -7.2447977259e-05 -1.0678444000e-04 1.6778434007e-04 1.1446877185e-05
 2.0662746584e-08 2.0662746584e-08 7.9529590072e-01 -7.2643287896e-05 -1.1533585451e-04 1.7652982684e-04 1.1448115551e-05
 2.0672581080e-08 2.0672581080e-08 8.0709729632e-01 -7.2847221910e-05 -1.2502808350e-04 1.8642403498e-04 1.1450070420e-05
 2.0683528170e-08 2.0683528170e-08 8.2023380411e-01 -7.3061935025e-05 -1.3617394944e-04 1.9778179230e-04 1.1452892148e-05
 2.0693229191e-08 2.0693229191e-08 8.3187502952e-01 -7.3240868551e-05 -1.4636181303e-04 2.0814553540e-04 1.1455946162e-05
 2.0712631234e-08 2.0712631234e-08 8.5515748034e-01 -7.3579326822e-05 -1.6759381327e-04 2.2970900193e-04 1.1462938152e-05
 2.0726557914e-08 2.0726557914e-08 8.7186949650e-01 -7.3797219359e-05 -1.8352917096e-04 2.4585618910e-04 1.1469001196e-05
 2.0739738243e-08 2.0739738243e-08 8.8768589150e-01 -7.3990327850e-05 -1.9913273913e-04 2.6164665498e-04 1.1475211977e-05
 2.0755725083e-08 2.0755725083e-08 9.0687010019e-01 -7.4212061809e-05 -2.1872597210e-04 2.8145371662e-04 1.1483117264e-05
 2.0774512507e-08 2.0774512507e-08 9.2941500813e-01 -7.4453524207e-05 -2.4266737774e-04 3.0562678750e-04 1.1492914421e-05
 2.0794737681e-08 2.0794737681e-08 9.5368521708e-01 -7.4691857094e-05 -2.6951894002e-04 3.3270568330e-04 1.1503913787e-05
 2.0815798929e-08 2.0815798929e-08 9.7895871518e-01 -7.4919615431e-05 -2.9863357398e-04 3.6203634704e-04 1.1515642342e-05
 2.0837588048e-08 2.0837588048e-08 1.0051056577e+00 -7.5136734591e-05 -3.2995285615e-04 3.9356051985e-04 1.1527870863e-05
 2.0859951919e-08 2.0859951919e-08 1.0319423028e+00 -7.5342764858e-05 -3.6332238899e-04 4.2712359244e-04 1.1540361377e-05
 2.0871381816e-08 2.0871381816e-08 1.0456581797e+00 -7.5439012321e-05 -3.8084277040e-04 4.4473393128e-04 1.1546651421e-05
 2.0875363441e-08 2.0875363441e-08 1.0504361296e+00 -7.5471297117e-05 -3.8701838984e-04 4.5093967425e-04 1.1548812678e-05
 2.0876996833e-08 2.0876996833e-08 1.0523961995e+00 -7.5484838505e-05 -3.8956235896e-04 4.5349629808e-04 1.1549699361e-05
 2.0878387054e-08 2.0878387054e-08 1.0540644644e+00 -7.5496490594e-05 -3.9173240632e-04 4.5567724098e-04 1.1550455907e-05
 2.0879574137e-08 2.0879574137e-08 1.0554889639e+00 -7.5506413949e-05 -3.9358890621e-04 4.5754301815e-04 1.1551101989e-05
 2.0881643894e-08 2.0881643894e-08 1.0579726732e+00 -7.5523653185e-05 -3.9683361313e-04 4.6080383913e-04 1.1552227158e-05
 2.0883894249e-08 2.0883894249e-08 1.0606730986e+00 -7.5542267073e-05 -4.0037263128e-04 4.6436025057e-04 1.1553447760e-05
 2.0887601228e-08 2.0887601228e-08 1.0651214732e+00 -7.5572681173e-05 -4.0622770368e-04 4.7024373224e-04 1.1555452589e-05
 2.0893943960e-08 2.0893943960e-08 1.0727327518e+00 -7.5624014326e-05 -4.1631837148e-04 4.8038232017e-04 1.1558865610e-05
 2.0903348413e-08 2.0903348413e-08 1.0840180959e+00 -7.5698439071e-05 -4.3144650086e-04 4.9557985918e-04 1.1563880726e-05
 2.0914397727e-08 2.0914397727e-08 1.0972772724e+00 -7.5783213442e-05 -4.4947085086e-04 5.1368317300e-04 1.1569691280e-05
 2.0927620468e-08 2.0927620468e-08 1.1131445613e+00 -7.5881226278e-05 -4.7138892987e-04 5.3569243526e-04 1.1576520869e-05
 2.0945342238e-08 2.0945342238e-08 1.1344106858e+00 -7.6007458535e-05 -5.0134472076e-04 5.6576552292e-04 1.1585456353e-05
 2.0967002530e-08 2.0967002530e-08 1.1604030365e+00 -7.6153992661e-05 -5.3883187879e-04 6.0338868004e-04 1.1595991383e-05
 2.0983501265e-08 2.0983501265e-08 1.1802015183e+00 -7.6259040623e-05 -5.6800952374e-04 6.3266373179e-04 1.1603632558e-05
 2.1000000000e-08 2.1000000000e-08 1.2000000000e+00 -7.6360420398e-05 -5.9770754474e-04 6.6245576227e-04 1.1611002851e-05
 2.1001477431e-08 2.1001477431e-08 1.2000000000e+00 1.8707873748e-07 -6.2491743058e-04 6.2292273291e-04 1.8079506908e-06
 2.1002774088e-08 2.1002774088e-08 1.2000000000e+00 -2.7285022431e-08 -6.2400651447e-04 6.2428071193e-04 -2.4695122991e-07
 2.1003819840e-08 2.1003819840e-08 1.2000000000e+00 -2.0271487116e-08 -6.2403105271e-04 6.2425186313e-04 -2.0057751157e-07
 2.1004553436e-08 2.1004553436e-08 1.2000000000e+00 -6.2189483939e-09 -6.2409178346e-04 6.2416052023e-04 -6.2530193648e-08
 2.1005410071e-08 2.1005410071e-08 1.2000000000e+00 -1.6942436390e-10 -6.2411814268e-04 6.2412011060e-04 -1.7988789337e-09
 2.1006848299e-08 2.1006848299e-08 1.2000000000e+00 8.3436525335e-10 -6.2412252039e-04 6.2411332179e-04 8.3658773327e-09
 2.1009184019e-08 2.1009184019e-08 1.2000000000e+00 2.1854313037e-10 -6.2411984030e-04 6.2411742745e-04 2.1947402208e-09
 2.1012482571e-08 2.1012482571e-08 1.2000000000e+00 -1.1130590735e-11 -6.2411884085e-04 6.2411896229e-04 -1.1033160733e-10
 2.1019079676e-08 2.1019079676e-08 1.2000000000e+00 -1.1746765086e-11 -6.2411883818e-04 6.2411896653e-04 -1.1662540033e-10
 2.1032273885e-08 2.1032273885e-08 1.2000000000e+00 -3.8040761169e-13 -6.2411888764e-04 6.2411889062e-04 -2.6077090400e-12
 2.1053445971e-08 2.1053445971e-08 1.2000000000e+00 1.2493296952e-13 -6.2411888984e-04 6.2411888725e-04 2.4618295725e-12
 2.1077376043e-08 2.1077376043e-08 1.2000000000e+00 5.1584808546e-15 -6.2411888932e-04 6.2411888805e-04 1.2604569750e-12
 2.1101471400e-08 2.1101471400e-08 1.2000000000e+00 -5.4751588419e-16 -6.2411888929e-04 6.2411888809e-04 1.2032144015e-12
 2.1124835859e-08 2.1124835859e-08 1.2000000000e+00 -3.8133547924e-17 -6.2411888929e-04 6.2411888808e-04 1.2083266402e-12
 2.1146531862e-08 2.1146531862e-08 1.2000000000e+00 1.8639445593e-18 -6.2411888929e-04 6.2411888808e-04 1.2087240187e-12
 2.1166027623e-08 2.1166027623e-08 1.2000000000e+00 8.2924391054e-19 -6.2411888929e-04 6.2411888808e-04 1.2087026010e-12
 2.1183338025e-08 2.1183338025e-08 1.2000000000e+00 1.0484090516e-18 -6.2411888929e-04 6.2411888808e-04 1.2087018044e-12
 2.1198777410e-08 2.1198777410e-08 1.2000000000e+00 3.1267998614e-20 -6.2411888929e-04 6.2411888808e-04 1.2087029999e-12
 2.1212892814e-08 2.1212892814e-08 1.2000000000e+00 -8.5816940431e-19 -6.2411888929e-04 6.2411888808e-04 1.2087022700e-12
 2.1227479860e-08 2.1227479860e-08 1.2000000000e+00 -1.7438137552e-18 -6.2411888929e-04 6.2411888808e-04 1.2087029972e-12
 2.1241639465e-08 2.1241639465e-08 1.2000000000e+00 -1.7290078240e-18 -6.2411888929e-04 6.2411888808e-04 1.2087031312e-12
 2.1255269634e-08 2.1255269634e-08 1.2000000000e+00 1.7362995216e-18 -6.2411888929e-04 6.2411888808e-04 1.2087021756e-12
 2.1269519065e-08 2.1269519065e-08 1.2000000000e+00 -8.5261774719e-21 -6.2411888929e-04 6.2411888808e-04 1.2087030290e-12
 2.1286965086e-08 2.1286965086e-08 1.2000000000e+00 -8.5918937847e-19 -6.2411888929e-04 6.2411888808e-04 1.2087032613e-12
 2.1297505684e-08 2.1297505684e-08 1.2000000000e+00 -2.1848335457e-21 -6.2411888929e-04 6.2411888808e-04 1.2087034677e-12
 2.1307817435e-08 2.1307817435e-08 1.2000000000e+00 1.7396578334e-18 -6.2411888929e-04 6.2411888808e-04 1.2087026112e-12
 2.1316267987e-08 2.1316267987e-08 1.2000000000e+00 -1.7453540156e-18 -6.2411888929e-04 6.2411888808e-04 1.2087033355e-12
 2.1329436305e-08 2.1329436305e-08 1.2000000000e+00 -3.4580958359e-18 -6.2411888929e-04 6.2411888808e-04 1.2087038297e-12
 2.1347313381e-08 2.1347313381e-08 1.2000000000e+00 -5.8384221084e-23 -6.2411888929e-04 6.2411888808e-04 1.2087026253e-12
 2.1369794657e-08 2.1369794657e-08 1.2000000000e+00 -7.3432318211e-21 -6.2411888929e-04 6.2411888808e-04 1.2087025517e-12
 2.1392985655e-08 2.1392985655e-08 1.2000000000e+00 2.4411510460e-21 -6.2411888929e-04 6.2411888808e-04 1.2087026550e-12
 2.1412577631e-08 2.1412577631e-08 1.2000000000e+00 8.6783448995e-19 -6.2411888929e-04 6.2411888808e-04 1.2087026240e-12
 2.1429630293e-08 2.1429630293e-08 1.2000000000e+00 -2.1501178997e-22 -6.2411888929e-04 6.2411888808e-04 1.2087026176e-12
 2.1444346114e-08 2.1444346114e-08 1.2000000000e+00 1.2163489939e-21 -6.2411888929e-04 6.2411888808e-04 1.2087021707e-12
 2.1451053903e-08 2.1451053903e-08 1.2000000000e+00 1.7353848938e-18 -6.2411888929e-04 6.2411888808e-04 1.2087017059e-12
 2.1457469517e-08 2.1457469517e-08 1.2000000000e+00 3.4604879093e-18 -6.2411888929e-04 6.2411888808e-04 1.2087025348e-12
 2.1463892835e-08 2.1463892835e-08 1.2000000000e+00 3.4922193962e-18 -6.2411888929e-04 6.2411888808e-04 1.2087010419e-12
 2.1469431596e-08 2.1469431596e-08 1.2000000000e+00 -3.5017703959e-18 -6.2411888929e-04 6.2411888808e-04 1.2087023240e-12
 2.1475365891e-08 2.1475365891e-08 1.2000000000e+00 2.9670952300e-20 -6.2411888929e-04 6.2411888808e-04 1.2087023394e-12
 2.1482585962e-08 2.1482585962e-08 1.2000000000e+00 -1.6132862674e-20 -6.2411888929e-04 6.2411888808e-04 1.2087025377e-12
 2.1490721258e-08 2.1490721258e-08 1.2000000000e+00 1.7441080227e-18 -6.2411888929e-04 6.2411888808e-04 1.2087018317e-12
 2.1500061401e-08 2.1500061401e-08 1.2000000000e+00 3.4641299310e-18 -6.2411888929e-04 6.2411888808e-04 1.2087007890e-12
 2.1510884226e-08 2.1510884226e-08 1.2000000000e+00 1.7254704158e-18 -6.2411888929e-04 6.2411888808e-04 1.2087016660e-12
 2.1523564752e-08 2.1523564752e-08 1.2000000000e+00 -1.7283198339e-18 -6.2411888929e-04 6.2411888808e-04 1.2087035659e-12
 2.1538862700e-08 2.1538862700e-08 1.2000000000e+00 -2.5924711013e-18 -6.2411888929e-04 6.2411888808e-04 1.2087037623e-12
 2.1557525055e-08 2.1557525055e-08 1.2000000000e+00 -4.5676765973e-21 -6.2411888929e-04 6.2411888808e-04 1.2087025835e-12
 2.1579375438e-08 2.1579375438e-08 1.2000000000e+00 -8.7317082305e-19 -6.2411888929e-04 6.2411888808e-04 1.2087025933e-12
 2.1604061233e-08 2.1604061233e-08 1.2000000000e+00 -8.6500291680e-19 -6.2411888929e-04 6.2411888808e-04 1.2087028573e-12
 2.1631750738e-08 2.1631750738e-08 1.2000000000e+00 -8.6568460764e-19 -6.2411888929e-04 6.2411888808e-04 1.2087024181e-12
 2.1660178267e-08 2.1660178267e-08 1.2000000000e+00 -8.6951661028e-19 -6.2411888929e-04 6.2411888808e-04 1.2087026138e-12
 2.1688830562e-08 2.1688830562e-08 1.2000000000e+00 -4.3278693081e-19 -6.2411888929e-04 6.2411888808e-04 1.2087028441e-12
 2.1718176083e-08 2.1718176083e-08 1.2000000000e+00 -4.3325527053e-19 -6.2411888929e-04 6.2411888808e-04 1.2087028267e-12
 2.1748528297e-08 2.1748528297e-08 1.2000000000e+00 -4.3377116970e-19 -6.2411888929e-04 6.2411888808e-04 1.2087026190e-12
 2.1780245685e-08 2.1780245685e-08 1.2000000000e+00 -1.3022025494e-18 -6.2411888929e-04 6.2411888808e-04 1.2087030561e-12
 2.1813856145e-08 2.1813856145e-08 1.2000000000e+00 4.3596194945e-19 -6.2411888929e-04 6.2411888808e-04 1.2087024102e-12
 2.1850064099e-08 2.1850064099e-08 1.2000000000e+00 -2.4651754796e-21 -6.2411888929e-04 6.2411888808e-04 1.2087025839e-12
 2.1889953626e-08 2.1889953626e-08 1.2000000000e+00 -4.3242112515e-19 -6.2411888929e-04 6.2411888808e-04 1.2087026307e-12
 2.1935496228e-08 2.1935496228e-08 1.2000000000e+00 -3.3454542299e-22 -6.2411888929e-04 6.2411888808e-04 1.2087028334e-12
 2.1991192916e-08 2.1991192916e-08 1.2000000000e+00 4.3421332412e-19 -6.2411888929e-04 6.2411888808e-04 1.2087026245e-12
 2.2075677230e-08 2.2075677230e-08 1.2000000000e+00 -2.1750944900e-19 -6.2411888929e-04 6.2411888808e-04 1.2087026137e-12
 2.2168257501e-08 2.2168257501e-08 1.2000000000e+00 1.8511341587e-22 -6.2411888929e-04 6.2411888808e-04 1.2087026246e-12
 2.2236007664e-08 2.2236007664e-08 1.2000000000e+00 -2.1682691551e-19 -6.2411888929e-04 6.2411888808e-04 1.2087026197e-12
 2.2292420578e-08 2.2292420578e-08 1.2000000000e+00 2.1699100194e-19 -6.2411888929e-04 6.2411888808e-04 1.2087023975e-12
 2.2345291993e-08 2.2345291993e-08 1.2000000000e+00 -4.3414777486e-19 -6.2411888929e-04 6.2411888808e-04 1.2087026153e-12
 2.2395239901e-08 2.2395239901e-08 1.2000000000e+00 3.7523726191e-22 -6.2411888929e-04 6.2411888808e-04 1.2087027448e-12
 2.2443682894e-08 2.2443682894e-08 1.2000000000e+00 1.3514090681e-22 -6.2411888929e-04 6.2411888808e-04 1.2087026277e-12
 2.2492048653e-08 2.2492048653e-08 1.2000000000e+00 -3.7555485507e-22 -6.2411888929e-04 6.2411888808e-04 1.2087027111e-12
 2.2540970649e-08 2.2540970649e-08 1.2000000000e+00 4.3411810489e-19 -6.2411888929e-04 6.2411888808e-04 1.2087025084e-12
 2.2590919014e-08 2.2590919014e-08 1.2000000000e+00 -5.2506302426e-22 -6.2411888929e-04 6.2411888808e-04 1.2087026149e-12
 2.2642375357e-08 2.2642375357e-08 1.2000000000e+00 3.5380807997e-22 -6.2411888929e-04 6.2411888808e-04 1.2087026160e-12
 2.2695766053e-08 2.2695766053e-08 1.2000000000e+00 -8.5354729523e-23 -6.2411888929e-04 6.2411888808e-04 1.2087026256e-12
 2.2751510043e-08 2.2751510043e-08 1.2000000000e+00 4.3368413577e-19 -6.2411888929e-04 6.2411888808e-04 1.2087026197e-12
 2.2810067397e-08 2.2810067397e-08 1.2000000000e+00 4.3375419612e-19 -6.2411888929e-04 6.2411888808e-04 1.2087025051e-12
 2.2871955755e-08 2.2871955755e-08 1.2000000000e+00 -2.1715221155e-19 -6.2411888929e-04 6.2411888808e-04 1.2087027319e-12
 2.2937773977e-08 2.2937773977e-08 1.2000000000e+00 2.1737029794e-19 -6.2411888929e-04 6.2411888808e-04 1.2087025160e-12
 2.3008235683e-08 2.3008235683e-08 1.2000000000e+00 2.1634085416e-19 -6.2411888929e-04 6.2411888808e-04 1.2087026083e-12
 2.3084209647e-08 2.3084209647e-08 1.2000000000e+00 4.3400338533e-19 -6.2411888929e-04 6.2411888808e-04 1.2087025073e-12
 2.3166774656e-08 2.3166774656e-08 1.2000000000e+00 2.1660577842e-19 -6.2411888929e-04 6.2411888808e-04 1.2087026175e-12
 2.3257298269e-08 2.3257298269e-08 1.2000000000e+00 -2.1671773397e-19 -6.2411888929e-04 6.2411888808e-04 1.2087027358e-12
 2.3357552387e-08 2.3357552387e-08 1.2000000000e+00 9.9889082264e-23 -6.2411888929e-04 6.2411888808e-04 1.2087026205e-12
 2.3469888726e-08 2.3469888726e-08 1.2000000000e+00 -2.0103128533e-22 -6.2411888929e-04 6.2411888808e-04 1.2087027296e-12
 2.3597515559e-08 2.3597515559e-08 1.2000000000e+00 -1.0828079371e-19 -6.2411888929e-04 6.2411888808e-04 1.2087027327e-12
 2.3744952817e-08 2.3744952817e-08 1.2000000000e+00 -1.0844784781e-19 -6.2411888929e-04 6.2411888808e-04 1.2087026702e-12
 2.3918818676e-08 2.3918818676e-08 1.2000000000e+00 -2.5809064604e-23 -6.2411888929e-04 6.2411888808e-04 1.2087026228e-12
 2.4129273625e-08 2.4129273625e-08 1.2000000000e+00 -1.2058719353e-23 -6.2411888929e-04 6.2411888808e-04 1.2087026449e-12
 2.4392878359e-08 2.4392878359e-08 1.2000000000e+00 2.6590348611e-23 -6.2411888929e-04 6.2411888808e-04 1.2087026486e-12
 2.4738824108e-08 2.4738824108e-08 1.2000000000e+00 5.4207959575e-20 -6.2411888929e-04 6.2411888808e-04 1.2087026179e-12
 2.5224413551e-08 2.5224413551e-08 1.2000000000e+00 -8.1325736106e-20 -6.2411888929e-04 6.2411888808e-04 1.2087026348e-12
 2.5981663123e-08 2.5981663123e-08 1.2000000000e+00 2.7114992310e-20 -6.2411888929e-04 6.2411888808e-04 1.2087026197e-12
 2.6981663123e-08 2.6981663123e-08 1.2000000000e+00 -4.1937913725e-24 -6.2411888929e-04 6.2411888808e-04 1.2087026263e-12
 2.7981663123e-08 2.7981663123e-08 1.2000000000e+00 -2.7103580774e-20 -6.2411888929e-04 6.2411888808e-04 1.2087026268e-12
 2.8981663123e-08 2.8981663123e-08 1.2000000000e+00 -2.7105309400e-20 -6.2411888929e-04 6.2411888808e-04 1.2087026268e-12
 2.9740831562e-08 2.9740831562e-08 1.2000000000e+00 3.5577068332e-25 -6.2411888929e-04 6.2411888808e-04 1.2087026196e-12
 3.0500000000e-08 3.0500000000e-08 1.2000000000e+00 -2.7105767761e-20 -6.2411888929e-04 6.2411888808e-04 1.2087026196e-12
 3.0507812500e-08 3.0507812500e-08 1.2000000000e+00 -5.2238203115e-31 -6.2411888929e-04 6.2411888808e-04 1.2087026196e-12
 3.0516424774e-08 3.0516424774e-08 1.2000000000e+00 1.7347234773e-18 -6.2411888929e-04 6.2411888808e-04 1.2087026196e-12
 3.0518371021e-08 3.0518371021e-08 1.2000000000e+00 5.2530229244e-20 -6.2411888929e-04 6.2411888808e-04 1.2086994453e-12
 3.0520296197e-08 3.0520296197e-08 1.2000000000e+00 -1.3280560977e-19 -6.2411888929e-04 6.2411888808e-04 1.2087013916e-12
 3.0523222859e-08 3.0523222859e-08 1.2000000000e+00 1.4073148143e-17 -6.2411888929e-04 6.2411888808e-04 1.2087015278e-12
 3.0526790858e-08 3.0526790858e-08 1.2000000000e+00 -9.8456202960e-20 -6.2411888929e-04 6.2411888808e-04 1.2087036076e-12
 3.0531608049e-08 3.0531608049e-08 1.2000000000e+00 7.7272534169e-20 -6.2411888929e-04 6.2411888808e-04 1.2087032729e-12
 3.0539970055e-08 3.0539970055e-08 1.2000000000e+00 -4.5804957003e-20 -6.2411888929e-04 6.2411888808e-04 1.2087013179e-12
 3.0543960289e-08 3.0543960289e-08 1.2000000000e+00 -3.8689361293e-20 -6.2411888929e-04 6.2411888808e-04 1.2087039902e-12
 3.0551940755e-08 3.0551940755e-08 1.2000000000e+00 -1.6696169651e-18 -6.2411888929e-04 6.2411888808e-04 1.2087052546e-12
 3.0557883479e-08 3.0557883479e-08 1.2000000000e+00 3.4830275857e-18 -6.2411888929e-04 6.2411888808e-04 1.2087001215e-12
 3.0565819127e-08 3.0565819127e-08 1.2000000000e+00 -7.9407250156e-20 -6.2411888929e-04 6.2411888808e-04 1.2087003833e-12
 3.0574488417e-08 3.0574488417e-08 1.2000000000e+00 3.1176728708e-20 -6.2411888929e-04 6.2411888808e-04 1.2087031032e-12
 3.0584730416e-08 3.0584730416e-08 1.2000000000e+00 -1.7144707845e-18 -6.2411888929e-04 6.2411888808e-04 1.2087047999e-12
 3.0593759144e-08 3.0593759144e-08 1.2000000000e+00 9.4119906286e-21 -6.2411888929e-04 6.2411888808e-04 1.2087027137e-12
 3.0611816599e-08 3.0611816599e-08 1.2000000000e+00 -3.5079649521e-20 -6.2411888929e-04 6.2411888808e-04 1.2087029002e-12
 3.0624907695e-08 3.0624907695e-08 1.2000000000e+00 1.0589780217e-20 -6.2411888929e-04 6.2411888808e-04 1.2087028502e-12
 3.0636270464e-08 3.0636270464e-08 1.2000000000e+00 -1.7347271159e-18 -6.2411888929e-04 6.2411888808e-04 1.2087026473e-12
 3.0648079266e-08 3.0648079266e-08 1.2000000000e+00 -3.8382594466e-21 -6.2411888929e-04 6.2411888808e-04 1.2087034766e-12
 3.0659512552e-08 3.0659512552e-08 1.2000000000e+00 -1.7256036085e-18 -6.2411888929e-04 6.2411888808e-04 1.2087027305e-12
 3.0670498742e-08 3.0670498742e-08 1.2000000000e+00 -7.5846752495e-21 -6.2411888929e-04 6.2411888808e-04 1.2087025531e-12
 3.0681305711e-08 3.0681305711e-08 1.2000000000e+00 1.2021971693e-21 -6.2411888929e-04 6.2411888808e-04 1.2087026293e-12
 3.0691930115e-08 3.0691930115e-08 1.2000000000e+00 -1.7369521326e-18 -6.2411888929e-04 6.2411888808e-04 1.2087035185e-12
 3.0702341951e-08 3.0702341951e-08 1.2000000000e+00 1.7443984909e-18 -6.2411888929e-04 6.2411888808e-04 1.2087026551e-12
 3.0712556405e-08 3.0712556405e-08 1.2000000000e+00 -9.3180854505e-21 -6.2411888929e-04 6.2411888808e-04 1.2087025901e-12
 3.0722574741e-08 3.0722574741e-08 1.2000000000e+00 2.0110121102e-21 -6.2411888929e-04 6.2411888808e-04 1.2087026382e-12
 3.0732390856e-08 3.0732390856e-08 1.2000000000e+00 1.7357833240e-18 -6.2411888929e-04 6.2411888808e-04 1.2087026282e-12
 3.0742966355e-08 3.0742966355e-08 1.2000000000e+00 3.0040693388e-21 -6.2411888929e-04 6.2411888808e-04 1.2087017819e-12
 3.0752668112e-08 3.0752668112e-08 1.2000000000e+00 -1.7516539121e-18 -6.2411888929e-04 6.2411888808e-04 1.2087042493e-12
 3.0763287762e-08 3.0763287762e-08 1.2000000000e+00 -1.7082651556e-18 -6.2411888929e-04 6.2411888808e-04 1.2087039402e-12
 3.0772976972e-08 3.0772976972e-08 1.2000000000e+00 -1.1703723819e-20 -6.2411888929e-04 6.2411888808e-04 1.2087033881e-12
 3.0784384276e-08 3.0784384276e-08 1.2000000000e+00 1.7355039011e-18 -6.2411888929e-04 6.2411888808e-04 1.2087025715e-12
 3.0794656035e-08 3.0794656035e-08 1.2000000000e+00 1.7308963195e-18 -6.2411888929e-04 6.2411888808e-04 1.2087025857e-12
 3.0804537433e-08 3.0804537433e-08 1.2000000000e+00 1.7405823682e-18 -6.2411888929e-04 6.2411888808e-04 1.2087018073e-12
 3.0812210552e-08 3.0812210552e-08 1.2000000000e+00 -9.6885286200e-21 -6.2411888929e-04 6.2411888808e-04 1.2087025301e-12
 3.0820114324e-08 3.0820114324e-08 1.2000000000e+00 1.7488489066e-18 -6.2411888929e-04 6.2411888808e-04 1.2087018266e-12
 3.0827718441e-08 3.0827718441e-08 1.2000000000e+00 1.7290991497e-18 -6.2411888929e-04 6.2411888808e-04 1.2087008391e-12
 3.0835386102e-08 3.0835386102e-08 1.2000000000e+00 1.7140276125e-18 -6.2411888929e-04 6.2411888808e-04 1.2087032383e-12
 3.0843006465e-08 3.0843006465e-08 1.2000000000e+00 1.7680623991e-18 -6.2411888929e-04 6.2411888808e-04 1.2087031850e-12
 3.0850638786e-08 3.0850638786e-08 1.2000000000e+00 3.4656635148e-18 -6.2411888929e-04 6.2411888808e-04 1.2087008149e-12
 3.0858261881e-08 3.0858261881e-08 1.2000000000e+00 -3.5723387092e-20 -6.2411888929e-04 6.2411888808e-04 1.2087032060e-12
 3.0865885904e-08 3.0865885904e-08 1.2000000000e+00 1.7733930351e-18 -6.2411888929e-04 6.2411888808e-04 1.2087031815e-12
 3.0873507073e-08 3.0873507073e-08 1.2000000000e+00 -1.7418736966e-18 -6.2411888929e-04 6.2411888808e-04 1.2087017536e-12
 3.0881127313e-08 3.0881127313e-08 1.2000000000e+00 -2.2285042173e-20 -6.2411888929e-04 6.2411888808e-04 1.2087032247e-12
 3.0888746143e-08 3.0888746143e-08 1.2000000000e+00 2.5749527765e-20 -6.2411888929e-04 6.2411888808e-04 1.2087031179e-12
 3.0896364150e-08 3.0896364150e-08 1.2000000000e+00 -1.7439663198e-18 -6.2411888929e-04 6.2411888808e-04 1.2087025468e-12
 3.0903981544e-08 3.0903981544e-08 1.2000000000e+00 -8.0200093137e-21 -6.2411888929e-04 6.2411888808e-04 1.2087034600e-12
 3.0911598785e-08 3.0911598785e-08 1.2000000000e+00 1.0657893776e-20 -6.2411888929e-04 6.2411888808e-04 1.2087038522e-12
 3.0919216334e-08 3.0919216334e-08 1.2000000000e+00 1.7432577700e-18 -6.2411888929e-04 6.2411888808e-04 1.2087017874e-12
 3.0926834774e-08 3.0926834774e-08 1.2000000000e+00 -2.5763978992e-20 -6.2411888929e-04 6.2411888808e-04 1.2087024362e-12
 3.0934454789e-08 3.0934454789e-08 1.2000000000e+00 1.9217637720e-20 -6.2411888929e-04 6.2411888808e-04 1.2087021959e-12
 3.0942129320e-08 3.0942129320e-08 1.2000000000e+00 1.7246664410e-18 -6.2411888929e-04 6.2411888808e-04 1.2087025325e-12
 3.0949748683e-08 3.0949748683e-08 1.2000000000e+00 -2.4117850950e-21 -6.2411888929e-04 6.2411888808e-04 1.2087042663e-12
 3.0957386423e-08 3.0957386423e-08 1.2000000000e+00 -1.7107230157e-18 -6.2411888929e-04 6.2411888808e-04 1.2087031097e-12
 3.0965021219e-08 3.0965021219e-08 1.2000000000e+00 3.4528224685e-18 -6.2411888929e-04 6.2411888808e-04 1.2087015098e-12
 3.0972666844e-08 3.0972666844e-08 1.2000000000e+00 -1.7634177401e-20 -6.2411888929e-04 6.2411888808e-04 1.2087033139e-12
 3.0980321441e-08 3.0980321441e-08 1.2000000000e+00 1.7635697258e-18 -6.2411888929e-04 6.2411888808e-04 1.2087030958e-12
 3.0990160720e-08 3.0990160720e-08 1.2000000000e+00 1.7174934771e-18 -6.2411888929e-04 6.2411888808e-04 1.2087032837e-12
 3.1000000000e-08 3.1000000000e-08 1.2000000000e+00 -1.7305138023e-18 -6.2411888929e-04 6.2411888808e-04 1.2087035726e-12
 3.1000332554e-08 3.1000332554e-08 1.1996009348e+00 7.6910974194e-05 -6.5228368973e-04 5.8167193410e-04 -6.2970717868e-06
 3.1000669621e-08 3.1000669621e-08 1.1991964544e+00 7.6502991405e-05 -6.5000331012e-04 5.8349056870e-04 -9.9887032971e-06
 3.1001041715e-08 3.1001041715e-08 1.1987499425e+00 7.6352828514e-05 -6.4866329879e-04 5.8383334571e-04 -1.1521648693e-05
 3.1001323005e-08 3.1001323005e-08 1.1984123943e+00 7.6330736278e-05 -6.4805580501e-04 5.8348368331e-04 -1.1757443300e-05
 3.1001582276e-08 3.1001582276e-08 1.1981012687e+00 7.6331811443e-05 -6.4759520940e-04 5.8300131280e-04 -1.1736740858e-05
 3.1001855978e-08 3.1001855978e-08 1.1977728260e+00 7.6335988223e-05 -6.4712348639e-04 5.8246638176e-04 -1.1677697863e-05
 3.1002168213e-08 3.1002168213e-08 1.1973981439e+00 7.6338488308e-05 -6.4657564750e-04 5.8187100308e-04 -1.1632649206e-05
 3.1002555824e-08 3.1002555824e-08 1.1969330115e+00 7.6338410516e-05 -6.4588185236e-04 5.8115383541e-04 -1.1609194265e-05
 3.1003063689e-08 3.1003063689e-08 1.1963235737e+00 7.6335983337e-05 -6.4496301635e-04 5.8023039212e-04 -1.1602158467e-05
 3.1003763452e-08 3.1003763452e-08 1.1954838575e+00 7.6331632974e-05 -6.4369334846e-04 5.7896560969e-04 -1.1602693745e-05
 3.1004795318e-08 3.1004795318e-08 1.1942456188e+00 7.6325146369e-05 -6.4182248013e-04 5.7710266754e-04 -1.1604133688e-05
 3.1006508203e-08 3.1006508203e-08 1.1921901570e+00 7.6314590140e-05 -6.3872229766e-04 5.7401297081e-04 -1.1604063339e-05
 3.1009933972e-08 3.1009933972e-08 1.1880792333e+00 7.6293505611e-05 -6.3253898865e-04 5.6784916833e-04 -1.1602485326e-05
 3.1016785512e-08 3.1016785512e-08 1.1798573860e+00 7.6250880917e-05 -6.2023860499e-04 5.5558824911e-04 -1.1599325060e-05
 3.1029403990e-08 3.1029403990e-08 1.1647152119e+00 7.6170700605e-05 -5.9781940857e-04 5.3324342673e-04 -1.1593518786e-05
 3.1040365202e-08 3.1040365202e-08 1.1515617581e+00 7.6098640528e-05 -5.7859585265e-04 5.1408673614e-04 -1.1588324042e-05
 3.1049071431e-08 3.1049071431e-08 1.1411142830e+00 7.6039693339e-05 -5.6349679774e-04 4.9904240032e-04 -1.1584095950e-05
 3.1056946393e-08 3.1056946393e-08 1.1316643286e+00 7.5985316345e-05 -5.4997117641e-04 4.8556727533e-04 -1.1580215285e-05
 3.1063093445e-08 3.1063093445e-08 1.1242878657e+00 7.5942036706e-05 -5.3950148796e-04 4.7513779659e-04 -1.1577145361e-05
 3.1069161912e-08 3.1069161912e-08 1.1170057060e+00 7.5898700199e-05 -5.2924245418e-04 4.6491904016e-04 -1.1574086197e-05
 3.1075907439e-08 3.1075907439e-08 1.1089110737e+00 7.5849764752e-05 -5.1792939691e-04 4.5365148455e-04 -1.1570652419e-05
 3.1076910078e-08 3.1076910078e-08 1.1077079060e+00 7.5842147995e-05 -5.1625595527e-04 4.5198513745e-04 -1.1570130193e-05
 3.1077674921e-08 3.1077674921e-08 1.1067900944e+00 7.5836499544e-05 -5.1498090773e-04 4.5071534274e-04 -1.1569734573e-05
 3.1078265884e-08 3.1078265884e-08 1.1060809388e+00 7.5832141699e-05 -5.1399658744e-04 4.4973507599e-04 -1.1569430275e-05
 3.1078720140e-08 3.1078720140e-08 1.1055358316e+00 7.5828787394e-05 -5.1324047441e-04 4.4898208361e-04 -1.1569196619e-05
 3.1079274211e-08 3.1079274211e-08 1.1048709469e+00 7.5824691946e-05 -5.1231881510e-04 4.4806423464e-04 -1.1568911513e-05
 3.1079986515e-08 3.1079986515e-08 1.1040161822e+00 7.5819418428e-05 -5.1113490734e-04 4.4688523353e-04 -1.1568544639e-05
 3.1081411123e-08 3.1081411123e-08 1.1023066527e+00 7.5808844943e-05 -5.0877034552e-04 4.4453051033e-04 -1.1567809778e-05
 3.1083267197e-08 3.1083267197e-08 1.1000793634e+00 7.5795006667e-05 -5.0569615640e-04 4.4146919968e-04 -1.1566849977e-05
 3.1085395561e-08 3.1085395561e-08 1.0975253270e+00 7.5779045436e-05 -5.0218008637e-04 4.3796798678e-04 -1.1565745877e-05
 3.1087801305e-08 3.1087801305e-08 1.0946384340e+00 7.5760887190e-05 -4.9821754295e-04 4.3402234926e-04 -1.1564493535e-05
 3.1090668851e-08 3.1090668851e-08 1.0911973784e+00 7.5739085216e-05 -4.9351073474e-04 4.2933584460e-04 -1.1562995101e-05
 3.1094777496e-08 3.1094777496e-08 1.0862670044e+00 7.5707560800e-05 -4.8679800232e-04 4.2265247970e-04 -1.1560838207e-05
 3.1101770160e-08 3.1101770160e-08 1.0778758076e+00 7.5653135702e-05 -4.7545860625e-04 4.1136381261e-04 -1.1557142093e-05
 3.1114241425e-08 3.1114241425e-08 1.0629102897e+00 7.5553547109e-05 -4.5550534920e-04 3.9150347770e-04 -1.1550475634e-05
 3.1122889274e-08 3.1122889274e-08 1.0525328709e+00 7.5481549999e-05 -4.4187566661e-04 3.7794109466e-04 -1.1545778079e-05
 3.1127925248e-08 3.1127925248e-08 1.0464897026e+00 7.5438370880e-05 -4.3401756544e-04 3.7012341125e-04 -1.1543016715e-05
 3.1135770099e-08 3.1135770099e-08 1.0370758812e+00 7.5370610327e-05 -4.2189426120e-04 3.5806356027e-04 -1.1538709421e-05
 3.1136867315e-08 3.1136867315e-08 1.0357592220e+00 7.5360551932e-05 -4.2020996363e-04 3.5638871133e-04 -1.1538099659e-05
 3.1137728858e-08 3.1137728858e-08 1.0347253700e+00 7.5352921274e-05 -4.1888953669e-04 3.5507543804e-04 -1.1537622656e-05
 3.1138508736e-08 3.1138508736e-08 1.0337895170e+00 7.5346028101e-05 -4.1769579466e-04 3.5388815844e-04 -1.1537191913e-05
 3.1139271527e-08 3.1139271527e-08 1.0328741671e+00 7.5339270239e-05 -4.1652959540e-04 3.5272829590e-04 -1.1536770772e-05
 3.1139973385e-08 3.1139973385e-08 1.0320319378e+00 7.5333036922e-05 -4.1545777043e-04 3.5166231659e-04 -1.1536383112e-05
 3.1140871094e-08 3.1140871094e-08 1.0309546878e+00 7.5325046049e-05 -4.1408855778e-04 3.5030059870e-04 -1.1535886993e-05
 3.1142323502e-08 3.1142323502e-08 1.0292117973e+00 7.5312073631e-05 -4.1187734856e-04 3.4810155864e-04 -1.1535083736e-05
 3.1144993836e-08 3.1144993836e-08 1.0260073970e+00 7.5288078741e-05 -4.0782501469e-04 3.4407174111e-04 -1.1533605189e-05
 3.1148439895e-08 3.1148439895e-08 1.0218721256e+00 7.5256796231e-05 -4.0262065056e-04 3.3889674802e-04 -1.1531693718e-05
 3.1154293115e-08 3.1154293115e-08 1.0148482624e+00 7.5202903035e-05 -3.9384634037e-04 3.3017307718e-04 -1.1528439871e-05
 3.1161243108e-08 3.1161243108e-08 1.0065082709e+00 7.5137462822e-05 -3.8353574688e-04 3.1992404979e-04 -1.1524565750e-05
 3.1168757293e-08 3.1168757293e-08 9.9749124844e-01 7.5064795839e-05 -3.7252127136e-04 3.0897804380e-04 -1.1520368309e-05
 3.1177817257e-08 3.1177817257e-08 9.8661929165e-01 7.4974631449e-05 -3.5942722874e-04 2.9596910137e-04 -1.1515304114e-05
 3.1180863864e-08 3.1180863864e-08 9.8296336369e-01 7.4942858620e-05 -3.5506998668e-04 2.9164193045e-04 -1.1513602415e-05
 3.1186957077e-08 3.1186957077e-08 9.7565150776e-01 7.4879711972e-05 -3.4642647997e-04 2.8305817129e-04 -1.1510203327e-05
 3.1189525508e-08 3.1189525508e-08 9.7256938997e-01 7.4852382205e-05 -3.4281122778e-04 2.7946881957e-04 -1.1508774022e-05
 3.1194662371e-08 3.1194662371e-08 9.6640515438e-01 7.4797463172e-05 -3.3563161854e-04 2.7234127447e-04 -1.1505919127e-05
 3.1203818956e-08 3.1203818956e-08 9.5541725335e-01 7.4697226020e-05 -3.2300293722e-04 2.5980776192e-04 -1.1500850745e-05
 3.1213261277e-08 3.1213261277e-08 9.4408646712e-01 7.4589609265e-05 -3.1020939499e-04 2.4711665754e-04 -1.1495671842e-05
 3.1223173799e-08 3.1223173799e-08 9.3219144087e-01 7.4471820535e-05 -2.9703263561e-04 2.3405232254e-04 -1.1490307487e-05
 3.1227694708e-08 3.1227694708e-08 9.2676635082e-01 7.4415327110e-05 -2.9110985906e-04 2.2818364089e-04 -1.1487908959e-05
 3.1236736524e-08 3.1236736524e-08 9.1591617070e-01 7.4301607427e-05 -2.7943118784e-04 2.1661392370e-04 -1.1483143314e-05
 3.1242701283e-08 3.1242701283e-08 9.0875845986e-01 7.4223433680e-05 -2.7184881021e-04 2.0910664446e-04 -1.1480067959e-05
 3.1250602659e-08 3.1250602659e-08 8.9927680875e-01 7.4117214636e-05 -2.6195583903e-04 1.9931589200e-04 -1.1476067632e-05
 3.1259577159e-08 3.1259577159e-08 8.8850740926e-01 7.3992032151e-05 -2.5093012254e-04 1.8841094112e-04 -1.1471650753e-05
 3.1271004661e-08 3.1271004661e-08 8.7479440658e-01 7.3825187247e-05 -2.3721925720e-04 1.7486152721e-04 -1.1466257274e-05
 3.1280929628e-08 3.1280929628e-08 8.6288444685e-01 7.3671629035e-05 -2.2561297261e-04 1.6340440848e-04 -1.1461864929e-05
 3.1300779561e-08 3.1300779561e-08 8.3906452739e-01 7.3346501478e-05 -2.0325963555e-04 1.4136812413e-04 -1.1453790071e-05
 3.1318571093e-08 3.1318571093e-08 8.1771468790e-01 7.3022326022e-05 -1.8421258918e-04 1.2263939372e-04 -1.1447930580e-05
 3.1337415968e-08 3.1337415968e-08 7.9510083780e-01 7.2642933224e-05 -1.6508037702e-04 1.0388211724e-04 -1.1443473458e-05
 3.1357775138e-08 3.1357775138e-08 7.7066983488e-01 7.2188042390e-05 -1.4564453893e-04 8.4898810550e-05 -1.1441114013e-05
 3.1378086599e-08 3.1378086599e-08 7.4629608174e-01 7.1677439439e-05 -1.2756159142e-04 6.7327520508e-05 -1.1442168522e-05
 3.1398218622e-08 3.1398218622e-08 7.2213765302e-01 7.1107491314e-05 -1.1096210268e-04 5.1303254035e-05 -1.1447442650e-05
 3.1418257344e-08 3.1418257344e-08 6.9809118743e-01 7.0468809734e-05 -9.5787069693e-05 3.6777315364e-05 -1.1457855373e-05
 3.1438047172e-08 3.1438047172e-08 6.7434339374e-01 6.9758191825e-05 -8.2161240544e-05 2.3878648239e-05 -1.1474399472e-05
 3.1457512926e-08 3.1457512926e-08 6.5098448829e-01 6.8971688472e-05 -7.0119610116e-05 1.2647209643e-05 -1.1498087929e-05
 3.1476653734e-08 3.1476653734e-08 6.2801551976e-01 6.8103800833e-05 -5.9633012845e-05 3.0604286954e-06 -1.1530016589e-05
 3.1495479882e-08 3.1495479882e-08 6.0542414198e-01 6.7149112567e-05 -5.0654667395e-05 -4.9218778522e-06 -1.1571367197e-05
 3.1514039948e-08 3.1514039948e-08 5.8315206215e-01 6.6100843294e-05 -4.3104803179e-05 -1.1371349096e-05 -1.1623490863e-05
 3.1532442150e-08 3.1532442150e-08 5.6106942028e-01 6.4948668668e-05 -3.6867290507e-05 -1.6392081062e-05 -1.1688096906e-05
 3.1550861481e-08 3.1550861481e-08 5.3896622298e-01 6.3676481963e-05 -3.1797475259e-05 -2.0110265646e-05 -1.1767540822e-05
 3.1569554693e-08 3.1569554693e-08 5.1653436889e-01 6.2259160356e-05 -2.7729503219e-05 -2.2663169109e-05 -1.1865287743e-05
 3.1578067678e-08 3.1578067678e-08 5.0631878587e-01 6.1541526980e-05 -2.6178498019e-05 -2.3441758941e-05 -1.1920069680e-05
 3.1585241043e-08 3.1585241043e-08 4.9771074891e-01 6.0932446693e-05 -2.5013021055e-05 -2.3950465403e-05 -1.1967759898e-05
 3.1592369118e-08 3.1592369118e-08 4.8915705784e-01 6.0315039813e-05 -2.3967626523e-05 -2.4329076856e-05 -1.2017136081e-05
 3.1601910133e-08 3.1601910133e-08 4.7770784031e-01 5.9464047125e-05 -2.2721920768e-05 -2.4653446293e-05 -1.2087479683e-05
 3.1617389268e-08 3.1617389268e-08 4.5913287879e-01 5.8022756730e-05 -2.1011542238e-05 -2.4797143539e-05 -1.2212870526e-05
 3.1636245315e-08 3.1636245315e-08 4.3650562222e-01 5.6157059000e-05 -1.9311577051e-05 -2.4456182179e-05 -1.2388099273e-05
 3.1655810040e-08 3.1655810040e-08 4.1302795164e-01 5.4100388066e-05 -1.7838767162e-05 -2.3661120872e-05 -1.2599299454e-05
 3.1676620874e-08 3.1676620874e-08 3.8805495061e-01 5.1812788531e-05 -1.6469534484e-05 -2.2485844463e-05 -1.2856208927e-05
 3.1698696378e-08 3.1698696378e-08 3.6156434661e-01 4.9313928501e-05 -1.5142379678e-05 -2.1005644822e-05 -1.3164703260e-05
 3.1720585346e-08 3.1720585346e-08 3.3529758526e-01 4.6809413653e-05 -1.3897808845e-05 -1.9403209516e-05 -1.3507194469e-05
 3.1742632518e-08 3.1742632518e-08 3.0884097899e-01 4.4318004608e-05 -1.2695804245e-05 -1.7735733622e-05 -1.3885265845e-05
 3.1765452426e-08 3.1765452426e-08 2.8145708883e-01 4.1829637263e-05 -1.1504351715e-05 -1.6017554671e-05 -1.4306529921e-05
 3.1789203696e-08 3.1789203696e-08 2.5295556477e-01 3.9394989035e-05 -1.0330795683e-05 -1.4291226952e-05 -1.4771765392e-05
 3.1812813836e-08 3.1812813836e-08 2.2462339668e-01 3.7186641782e-05 -9.2477344007e-06 -1.2682401614e-05 -1.5255304721e-05
 3.1834177295e-08 3.1834177295e-08 1.9898724641e-01 3.5410510003e-05 -8.3544205374e-06 -1.1349324382e-05 -1.5705564015e-05
 3.1853713944e-08 3.1853713944e-08 1.7554326673e-01 3.3977792122e-05 -7.6130353864e-06 -1.0240439527e-05 -1.6123116133e-05
 3.1872647151e-08 3.1872647151e-08 1.5282341906e-01 3.2758500499e-05 -6.9618259195e-06 -9.2651163230e-06 -1.6530357178e-05
 3.1891493087e-08 3.1891493087e-08 1.3020829554e-01 3.1709498661e-05 -6.3793974399e-06 -8.3919413754e-06 -1.6936958765e-05
 3.1910181089e-08 3.1910181089e-08 1.0778269377e-01 3.0829248979e-05 -5.8659500011e-06 -7.6214823916e-06 -1.7340615505e-05
 3.1928852038e-08 3.1928852038e-08 8.5377554108e-02 3.0100210839e-05 -5.4133086292e-06 -6.9416020327e-06 -1.7744099096e-05
 3.1947869056e-08 3.1947869056e-08 6.2557132779e-02 2.9500478185e-05 -5.0094415996e-06 -6.3342742237e-06 -1.8155561279e-05
 3.1959848883e-08 3.1959848883e-08 4.8181340207e-02 2.9214950263e-05 -4.7917706558e-06 -6.0064212949e-06 -1.8415557226e-05
 3.1970119278e-08 3.1970119278e-08 3.5856866491e-02 2.8998957406e-05 -4.6164537372e-06 -5.7421499324e-06 -1.8639152646e-05
 3.1980114388e-08 3.1980114388e-08 2.3862733959e-02 2.8815124352e-05 -4.4561256151e-06 -5.5002714884e-06 -1.8857526155e-05
 3.1989135569e-08 3.1989135569e-08 1.3037316643e-02 2.8676508701e-05 -4.3220274511e-06 -5.2977464527e-06 -1.9055533697e-05
 3.1994567785e-08 3.1994567785e-08 6.5186583214e-03 2.8608586478e-05 -4.2472728609e-06 -5.1847128066e-06 -1.9175399705e-05
 3.2000000000e-08 3.2000000000e-08 0.0000000000e+00 2.8545380569e-05 -4.1742809029e-06 -5.0743003476e-06 -1.9295598211e-05
 3.2000434701e-08 3.2000434701e-08 0.0000000000e+00 8.8214863947e-06 4.9002842844e-07 7.9728835290e-07 -1.0109859735e-05
 3.2000834666e-08 3.2000834666e-08 0.0000000000e+00 3.8133122805e-06 2.4576448175e-07 4.4075444365e-07 -4.5003621896e-06
 3.2001230675e-08 3.2001230675e-08 0.0000000000e+00 1.3879072018e-06 8.7228142409e-08 1.6254484780e-07 -1.6378725400e-06
 3.2001704636e-08 3.2001704636e-08 0.0000000000e+00 2.1632961185e-07 1.2926502508e-08 2.3939654667e-08 -2.5322452039e-07
 3.2002078436e-08 3.2002078436e-08 0.0000000000e+00 -4.2742710973e-08 -2.6885338723e-09 -4.9392872071e-09 5.0376423068e-08
 3.2002485728e-08 3.2002485728e-08 0.0000000000e+00 -8.7220957809e-08 -5.2913506523e-09 -9.4171308838e-09 1.0194098404e-07
 3.2002984754e-08 3.2002984754e-08 0.0000000000e+00 -6.1763034953e-08 -3.7423743916e-09 -6.5708998044e-09 7.2084433220e-08
 3.2003667921e-08 3.2003667921e-08 0.0000000000e+00 -2.4782288883e-08 -1.5068693555e-09 -2.6243169053e-09 2.8916731552e-08
 3.2004778424e-08 3.2004778424e-08 0.0000000000e+00 -7.0338026327e-10 -5.0156407116e-11 -6.7583808056e-11 8.2121260109e-10
 3.2006999432e-08 3.2006999432e-08 0.0000000000e+00 4.6348003196e-09 2.7293006966e-10 4.9944030343e-10 -5.4077803053e-09
 3.2010834431e-08 3.2010834431e-08 0.0000000000e+00 1.3042919981e-09 7.1392400484e-11 1.4511789198e-10 -1.5209738564e-09
 3.2016911164e-08 3.2016911164e-08 0.0000000000e+00 -7.3898695480e-11 -1.2008293007e-11 -1.5316731759e-12 8.7448383489e-11
 3.2023464758e-08 3.2023464758e-08 0.0000000000e+00 -5.4225727100e-11 -1.0817783949e-11 5.6144480020e-13 6.4489199735e-11
 3.2029355006e-08 3.2029355006e-08 0.0000000000e+00 -4.8485818006e-12 -7.8297275053e-12 5.8161889234e-12 6.8627578726e-12
 3.2034753269e-08 3.2034753269e-08 0.0000000000e+00 1.0605160587e-12 -7.4721400731e-12 6.4450488405e-12 -3.3564460312e-14
 3.2041149135e-08 3.2041149135e-08 0.0000000000e+00 3.4034690659e-13 -7.5157201855e-12 6.3684085634e-12 8.0691849313e-13
 3.2048494562e-08 3.2048494562e-08 0.0000000000e+00 4.4412552051e-15 -7.5360486666e-12 6.3326591331e-12 1.1989480885e-12
 3.2057927201e-08 3.2057927201e-08 0.0000000000e+00 -1.0321346763e-14 -7.5369414995e-12 6.3310886262e-12 1.2161762240e-12
 3.2067382893e-08 3.2067382893e-08 0.0000000000e+00 -9.9667093664e-16 -7.5363770302e-12 6.3320804070e-12 1.2052933534e-12
 3.2074957114e-08 3.2074957114e-08 0.0000000000e+00 1.0404079068e-16 -7.5363103594e-12 6.3321979539e-12 1.2040078672e-12
 3.2082670592e-08 3.2082670592e-08 0.0000000000e+00 2.9487184708e-17 -7.5363144769e-12 6.3321908882e-12 1.2040942658e-12
 3.2090301426e-08 3.2090301426e-08 0.0000000000e+00 3.9619229269e-18 -7.5363167028e-12 6.3321871804e-12 1.2041259672e-12
 3.2098103740e-08 3.2098103740e-08 0.0000000000e+00 2.0084291080e-18 -7.5363171415e-12 6.3321870844e-12 1.2041281051e-12
 3.2106208488e-08 3.2106208488e-08 0.0000000000e+00 2.5054557707e-18 -7.5363171247e-12 6.3321871238e-12 1.2041279229e-12
 3.2114717476e-08 3.2114717476e-08 0.0000000000e+00 -1.0349858412e-19 -7.5363170154e-12 6.3321870960e-12 1.2041299209e-12
 3.2123736765e-08 3.2123736765e-08 0.0000000000e+00 -3.3177336646e-19 -7.5363169439e-12 6.3321870569e-12 1.2041297874e-12
 3.2133396582e-08 3.2133396582e-08 0.0000000000e+00 1.7772272549e-19 -7.5363170267e-12 6.3321870791e-12 1.2041297204e-12
 3.2143871046e-08 3.2143871046e-08 0.0000000000e+00 -4.2476133287e-19 -7.5363170355e-12 6.3321870700e-12 1.2041298482e-12
 3.2153233436e-08 3.2153233436e-08 0.0000000000e+00 5.3069920843e-21 -7.5363169262e-12 6.3321870695e-12 1.2041302838e-12
 3.2166141885e-08 3.2166141885e-08 0.0000000000e+00 -6.9975348160e-20 -7.5363169315e-12 6.3321870622e-12 1.2041299095e-12
 3.2177640840e-08 3.2177640840e-08 0.0000000000e+00 -1.5775099689e-19 -7.5363170318e-12 6.3321870747e-12 1.2041298206e-12
 3.2189352749e-08 3.2189352749e-08 0.0000000000e+00 -2.3728083829e-20 -7.5363168207e-12 6.3321870599e-12 1.2041294249e-12
 3.2202859601e-08 3.2202859601e-08 0.0000000000e+00 7.0011710987e-20 -7.5363170307e-12 6.3321870757e-12 1.2041302391e-12
 3.2218567186e-08 3.2218567186e-08 0.0000000000e+00 -5.2753026401e-19 -7.5363170416e-12 6.3321870768e-12 1.2041303951e-12
 3.2238324556e-08 3.2238324556e-08 0.0000000000e+00 -2.1620945560e-19 -7.5363169271e-12 6.3321870690e-12 1.2041300751e-12
 3.2257844798e-08 3.2257844798e-08 0.0000000000e+00 6.3278209726e-22 -7.5363169271e-12 6.3321870690e-12 1.2041298577e-12
 3.2264833262e-08 3.2264833262e-08 0.0000000000e+00 -8.6487900858e-19 -7.5363170354e-12 6.3321870760e-12 1.2041303411e-12
 3.2267990708e-08 3.2267990708e-08 0.0000000000e+00 -8.4438647543e-19 -7.5363173592e-12 6.3321870712e-12 1.2041308044e-12
 3.2269802735e-08 3.2269802735e-08 0.0000000000e+00 -2.7384985426e-19 -7.5363169459e-12 6.3321870430e-12 1.2041301719e-12
 3.2270863796e-08 3.2270863796e-08 0.0000000000e+00 3.5813361858e-18 -7.5363160503e-12 6.3321870245e-12 1.2041297445e-12
 3.2271838613e-08 3.2271838613e-08 0.0000000000e+00 6.0094520003e-19 -7.5363168901e-12 6.3321872331e-12 1.2041329858e-12
 3.2272034850e-08 3.2272034850e-08 0.0000000000e+00 -6.4046430352e-18 -7.5363195691e-12 6.3321879029e-12 1.2041381512e-12
 3.2272147930e-08 3.2272147930e-08 0.0000000000e+00 -2.2908357450e-18 -7.5363135335e-12 6.3321858588e-12 1.2041337184e-12
 3.2272190609e-08 3.2272190609e-08 0.0000000000e+00 5.2468573575e-17 -7.5363190223e-12 6.3321848901e-12 1.2041292427e-12
 3.2272213732e-08 3.2272213732e-08 0.0000000000e+00 -2.2332444577e-16 -7.5363119354e-12 6.3321851660e-12 1.2041275876e-12
 3.2272232775e-08 3.2272232775e-08 0.0000000000e+00 -1.8363245939e-17 -7.5363075989e-12 6.3321961374e-12 1.2041314225e-12
 3.2272251747e-08 3.2272251747e-08 0.0000000000e+00 1.9210050051e-16 -7.5363239940e-12 6.3322052706e-12 1.2041531240e-12
 3.2272270096e-08 3.2272270096e-08 0.0000000000e+00 -4.2901602015e-17 -7.5363674465e-12 6.3322036465e-12 1.2041805332e-12
 3.2272298620e-08 3.2272298620e-08 0.0000000000e+00 -3.2243463586e-16 -7.5362769819e-12 6.3322026272e-12 1.2042007404e-12
 3.2272329582e-08 3.2272329582e-08 0.0000000000e+00 3.9387461083e-16 -7.5363676932e-12 6.3321092780e-12 1.2040713013e-12
 3.2272365391e-08 3.2272365391e-08 0.0000000000e+00 7.0562726219e-18 -7.5362096879e-12 6.3322284292e-12 1.2041964443e-12
 3.2272409287e-08 3.2272409287e-08 0.0000000000e+00 -7.6801153468e-17 -7.5362824369e-12 6.3321752302e-12 1.2041050453e-12
 3.2272466552e-08 3.2272466552e-08 0.0000000000e+00 1.2621835338e-16 -7.5362774063e-12 6.3321604118e-12 1.2040633193e-12
 3.2272540967e-08 3.2272540967e-08 0.0000000000e+00 -1.8253721176e-16 -7.5362803044e-12 6.3322244165e-12 1.2041843902e-12
 3.2272624530e-08 3.2272624530e-08 0.0000000000e+00 -3.1925317929e-17 -7.5363419642e-12 6.3321843498e-12 1.2041795125e-12
 3.2272719362e-08 3.2272719362e-08 0.0000000000e+00 3.5377074303e-17 -7.5362908239e-12 6.3321685520e-12 1.2040911482e-12
 3.2272829332e-08 3.2272829332e-08 0.0000000000e+00 -9.0256522971e-17 -7.5362559737e-12 6.3322047988e-12 1.2041540121e-12
 3.2272957090e-08 3.2272957090e-08 0.0000000000e+00 8.3536729455e-17 -7.5363203245e-12 6.3321656015e-12 1.2040621041e-12
 3.2273109119e-08 3.2273109119e-08 0.0000000000e+00 -2.5360484376e-17 -7.5362928068e-12 6.3322040511e-12 1.2041000873e-12
 3.2273294564e-08 3.2273294564e-08 0.0000000000e+00 -9.1827954957e-17 -7.5363066076e-12 6.3321999540e-12 1.2041937846e-12
 3.2273526860e-08 3.2273526860e-08 0.0000000000e+00 6.1771345634e-17 -7.5363207614e-12 6.3321711840e-12 1.2041051304e-12
 3.2273826014e-08 3.2273826014e-08 0.0000000000e+00 -7.8177118071e-18 -7.5362996066e-12 6.3321940768e-12 1.2041161921e-12
 3.2274221177e-08 3.2274221177e-08 0.0000000000e+00 -3.7178556292e-17 -7.5363175166e-12 6.3321884649e-12 1.2041585030e-12
 3.2274708938e-08 3.2274708938e-08 0.0000000000e+00 -3.4970975844e-17 -7.5363205704e-12 6.3321851737e-12 1.2041692637e-12
 3.2275313943e-08 3.2275313943e-08 0.0000000000e+00 2.0490557427e-19 -7.5363226004e-12 6.3321847421e-12 1.2041299944e-12
 3.2276137533e-08 3.2276137533e-08 0.0000000000e+00 7.5242938074e-17 -7.5363199595e-12 6.3321871625e-12 1.2040714382e-12
 3.2277423733e-08 3.2277423733e-08 0.0000000000e+00 4.9726275570e-17 -7.5363163368e-12 6.3321898423e-12 1.2040762995e-12
 3.2279543772e-08 3.2279543772e-08 0.0000000000e+00 1.8049074154e-17 -7.5363160779e-12 6.3321880142e-12 1.2041125767e-12
 3.2282004364e-08 3.2282004364e-08 0.0000000000e+00 -1.0563252282e-17 -7.5363165176e-12 6.3321868890e-12 1.2041399696e-12
 3.2284530751e-08 3.2284530751e-08 0.0000000000e+00 -4.0964807701e-18 -7.5363175802e-12 6.3321866696e-12 1.2041349705e-12
 3.2288190818e-08 3.2288190818e-08 0.0000000000e+00 1.0442966622e-17 -7.5363166561e-12 6.3321872165e-12 1.2041203870e-12
 3.2291034517e-08 3.2291034517e-08 0.0000000000e+00 3.3935248474e-18 -7.5363162318e-12 6.3321873065e-12 1.2041248767e-12
 3.2294791847e-08 3.2294791847e-08 0.0000000000e+00 -4.0978558060e-18 -7.5363175111e-12 6.3321870512e-12 1.2041344565e-12
 3.2298916293e-08 3.2298916293e-08 0.0000000000e+00 -2.9073809210e-18 -7.5363170854e-12 6.3321869710e-12 1.2041338922e-12
 3.2307165183e-08 3.2307165183e-08 0.0000000000e+00 2.2799339625e-18 -7.5363169861e-12 6.3321871235e-12 1.2041281369e-12
 3.2319673185e-08 3.2319673185e-08 0.0000000000e+00 1.3370620883e-18 -7.5363169780e-12 6.3321871075e-12 1.2041288212e-12
 3.2330318083e-08 3.2330318083e-08 0.0000000000e+00 -1.0036459468e-20 -7.5363170608e-12 6.3321870601e-12 1.2041303360e-12
 3.2341753363e-08 3.2341753363e-08 0.0000000000e+00 -1.7904612297e-19 -7.5363169365e-12 6.3321870647e-12 1.2041296501e-12
 3.2355505392e-08 3.2355505392e-08 0.0000000000e+00 -2.2665538341e-19 -7.5363171326e-12 6.3321870890e-12 1.2041301460e-12
 3.2358634058e-08 3.2358634058e-08 0.0000000000e+00 -1.8555190667e-19 -7.5363169387e-12 6.3321870376e-12 1.2041292029e-12
 3.2364891390e-08 3.2364891390e-08 0.0000000000e+00 2.6417703399e-19 -7.5363166934e-12 6.3321870670e-12 1.2041286999e-12
 3.2373090777e-08 3.2373090777e-08 0.0000000000e+00 -4.9683190531e-19 -7.5363170399e-12 6.3321870771e-12 1.2041299745e-12
 3.2380217479e-08 3.2380217479e-08 0.0000000000e+00 -2.1944750015e-19 -7.5363169410e-12 6.3321870680e-12 1.2041300994e-12
 3.2388014366e-08 3.2388014366e-08 0.0000000000e+00 5.0827027308e-19 -7.5363169219e-12 6.3321870692e-12 1.2041302094e-12
 3.2397461777e-08 3.2397461777e-08 0.0000000000e+00 -4.6038243269e-19 -7.5363170372e-12 6.3321870665e-12 1.2041298890e-12
 3.2401666584e-08 3.2401666584e-08 0.0000000000e+00 -8.3089886815e-19 -7.5363171409e-12 6.3321870860e-12 1.2041299258e-12
 3.2410076198e-08 3.2410076198e-08 0.0000000000e+00 3.5033752957e-19 -7.5363166102e-12 6.3321870474e-12 1.2041289810e-12
 3.2413715581e-08 3.2413715581e-08 0.0000000000e+00 1.8901254932e-19 -7.5363166956e-12 6.3321870735e-12 1.2041296420e-12
 3.2420994348e-08 3.2420994348e-08 0.0000000000e+00 -1.1000498123e-18 -7.5363169435e-12 6.3321870808e-12 1.2041301687e-12
 3.2430808436e-08 3.2430808436e-08 0.0000000000e+00 6.5879999445e-20 -7.5363169230e-12 6.3321870681e-12 1.2041302204e-12
 3.2435550473e-08 3.2435550473e-08 0.0000000000e+00 -1.6939714745e-20 -7.5363169272e-12 6.3321870674e-12 1.2041298783e-12
 3.2445034548e-08 3.2445034548e-08 0.0000000000e+00 4.9662730947e-19 -7.5363168157e-12 6.3321870615e-12 1.2041293036e-12
 3.2450977702e-08 3.2450977702e-08 0.0000000000e+00 -2.9513597841e-19 -7.5363169182e-12 6.3321870892e-12 1.2041305656e-12
 3.2458696272e-08 3.2458696272e-08 0.0000000000e+00 -3.7966450539e-19 -7.5363167340e-12 6.3321870391e-12 1.2041292532e-12
 3.2467024170e-08 3.2467024170e-08 0.0000000000e+00 4.0195633862e-19 -7.5363169009e-12 6.3321870736e-12 1.2041298463e-12
 3.2477154866e-08 3.2477154866e-08 0.0000000000e+00 -1.8855115761e-19 -7.5363169404e-12 6.3321870647e-12 1.2041300660e-12
 3.2486055147e-08 3.2486055147e-08 0.0000000000e+00 -4.3056204317e-19 -7.5363169262e-12 6.3321870758e-12 1.2041299093e-12
 3.2503855708e-08 3.2503855708e-08 0.0000000000e+00 4.8213554497e-20 -7.5363169249e-12 6.3321870669e-12 1.2041298060e-12
 3.2518167160e-08 3.2518167160e-08 0.0000000000e+00 -4.3104697001e-19 -7.5363169805e-12 6.3321870726e-12 1.2041300978e-12
 3.2533076826e-08 3.2533076826e-08 0.0000000000e+00 -3.2498090279e-20 -7.5363168751e-12 6.3321870692e-12 1.2041298947e-12
 3.2552402657e-08 3.2552402657e-08 0.0000000000e+00 -1.8732672478e-19 -7.5363169251e-12 6.3321870718e-12 1.2041298257e-12
 3.2576422717e-08 3.2576422717e-08 0.0000000000e+00 -1.1235105478e-19 -7.5363169816e-12 6.3321870686e-12 1.2041298894e-12
 3.2605594365e-08 3.2605594365e-08 0.0000000000e+00 -3.6135950980e-21 -7.5363169275e-12 6.3321870669e-12 1.2041299570e-12
 3.2640222904e-08 3.2640222904e-08 0.0000000000e+00 1.0015731011e-19 -7.5363169003e-12 6.3321870665e-12 1.2041296370e-12
 3.2679410254e-08 3.2679410254e-08 0.0000000000e+00 1.7394616307e-20 -7.5363169261e-12 6.3321870673e-12 1.2041298389e-12
 3.2721840669e-08 3.2721840669e-08 0.0000000000e+00 -1.1732275712e-19 -7.5363169818e-12 6.3321870715e-12 1.2041301116e-12
 3.2766532715e-08 3.2766532715e-08 0.0000000000e+00 -1.1441132214e-19 -7.5363169546e-12 6.3321870701e-12 1.2041299869e-12
 3.2812927519e-08 3.2812927519e-08 0.0000000000e+00 4.0565603720e-21 -7.5363169268e-12 6.3321870677e-12 1.2041297454e-12
 3.2860814854e-08 3.2860814854e-08 0.0000000000e+00 7.2329062251e-21 -7.5363169267e-12 6.3321870697e-12 1.2041299584e-12
 3.2910241474e-08 3.2910241474e-08 0.0000000000e+00 -6.3824215973e-20 -7.5363169548e-12 6.3321870697e-12 1.2041298823e-12
 3.2961411996e-08 3.2961411996e-08 0.0000000000e+00 5.8465259544e-21 -7.5363169539e-12 6.3321870695e-12 1.2041299601e-12
 3.3014625024e-08 3.3014625024e-08 0.0000000000e+00 -4.2434829242e-21 -7.5363169002e-12 6.3321870686e-12 1.2041298560e-12
 3.3070247187e-08 3.3070247187e-08 0.0000000000e+00 -1.5747863364e-19 -7.5363169674e-12 6.3321870729e-12 1.2041300285e-12
 3.3128708030e-08 3.3128708030e-08 0.0000000000e+00 -6.9627380377e-21 -7.5363169275e-12 6.3321870683e-12 1.2041298185e-12
 3.3190508102e-08 3.3190508102e-08 0.0000000000e+00 6.0272706888e-20 -7.5363168996e-12 6.3321870687e-12 1.2041297905e-12
 3.3256237441e-08 3.3256237441e-08 0.0000000000e+00 -1.2506374622e-21 -7.5363169271e-12 6.3321870688e-12 1.2041298594e-12
 3.3326603227e-08 3.3326603227e-08 0.0000000000e+00 5.2283787453e-20 -7.5363169272e-12 6.3321870688e-12 1.2041298061e-12
 3.3402468301e-08 3.3402468301e-08 0.0000000000e+00 2.0317154455e-21 -7.5363169405e-12 6.3321870692e-12 1.2041298626e-12
 3.3484905232e-08 3.3484905232e-08 0.0000000000e+00 5.2798752552e-20 -7.5363169136e-12 6.3321870680e-12 1.2041298529e-12
 3.3575273847e-08 3.3575273847e-08 0.0000000000e+00 -5.3347659449e-20 -7.5363169270e-12 6.3321870682e-12 1.2041299046e-12
 3.3675335458e-08 3.3675335458e-08 0.0000000000e+00 -1.0555104267e-21 -7.5363169272e-12 6.3321870689e-12 1.2041298593e-12
 3.3787426555e-08 3.3787426555e-08 0.0000000000e+00 -5.2900900716e-20 -7.5363169406e-12 6.3321870695e-12 1.2041299143e-12
 3.3914732519e-08 3.3914732519e-08 0.0000000000e+00 -2.8455103434e-20 -7.5363169272e-12 6.3321870693e-12 1.2041298291e-12
 3.4061737319e-08 3.4061737319e-08 0.0000000000e+00 1.1770731533e-21 -7.5363169270e-12 6.3321870687e-12 1.2041298297e-12
 3.4234999768e-08 3.4234999768e-08 0.0000000000e+00 -3.4457303218e-22 -7.5363169339e-12 6.3321870698e-12 1.2041298619e-12
 3.4444576317e-08 3.4444576317e-08 0.0000000000e+00 1.3306000203e-20 -7.5363169203e-12 6.3321870685e-12 1.2041298601e-12
 3.4706831022e-08 3.4706831022e-08 0.0000000000e+00 1.3791230622e-22 -7.5363169271e-12 6.3321870694e-12 1.2041298580e-12
 3.5050544823e-08 3.5050544823e-08 0.0000000000e+00 -1.3549021859e-20 -7.5363169271e-12 6.3321870690e-12 1.2041298581e-12
 3.5532038325e-08 3.5532038325e-08 0.0000000000e+00 4.6871131062e-24 -7.5363169271e-12 6.3321870692e-12 1.2041298657e-12
 3.6280430297e-08 3.6280430297e-08 0.0000000000e+00 -2.8958224672e-23 -7.5363169288e-12 6.3321870690e-12 1.2041298599e-12
 3.7280430297e-08 3.7280430297e-08 0.0000000000e+00 -3.3579879445e-21 -7.5363169271e-12 6.3321870690e-12 1.2041298657e-12
 3.8280430297e-08 3.8280430297e-08 0.0000000000e+00 -1.6126014064e-23 -7.5363169262e-12 6.3321870690e-12 1.2041298615e-12
 3.9280430297e-08 3.9280430297e-08 0.0000000000e+00 8.2649901316e-24 -7.5363169262e-12 6.3321870690e-12 1.2041298615e-12
 4.0000000000e-08 4.0000000000e-08 0.0000000000e+00 -3.3925962429e-21 -7.5363169254e-12 6.3321870690e-12 1.2041298581e-12
 4.0003455237e-08 4.0003455237e-08 4.1462845594e-03 -2.6617097021e-05 4.3143326715e-06 5.3047114392e-06 1.6996606956e-05
 4.0006769362e-08 4.0006769362e-08 8.1232339271e-03 -2.9157381032e-05 4.2422276931e-06 5.1744224278e-06 1.9739589682e-05
 4.0007590479e-08 4.0007590479e-08 9.1085753732e-03 -2.8905956935e-05 4.2664595785e-06 5.2105976271e-06 1.9427730708e-05
 4.0008467560e-08 4.0008467560e-08 1.0161072411e-02 -2.8747347204e-05 4.2892174933e-06 5.2469030748e-06 1.9210035647e-05
 4.0009494015e-08 4.0009494015e-08 1.1392817992e-02 -2.8698404568e-05 4.3077834753e-06 5.2760124976e-06 1.9113409148e-05
 4.0011546924e-08 4.0011546924e-08 1.3856309153e-02 -2.8717055099e-05 4.3379173305e-06 5.3217395225e-06 1.9056197430e-05
 4.0013443520e-08 4.0013443520e-08 1.6132223932e-02 -2.8754810594e-05 4.3650284258e-06 5.3625455157e-06 1.9026037161e-05
 4.0016169737e-08 4.0016169737e-08 1.9403684754e-02 -2.8801117493e-05 4.4052697434e-06 5.4232550994e-06 1.8971393774e-05
 4.0021585871e-08 4.0021585871e-08 2.5903044798e-02 -2.8889917034e-05 4.4879929131e-06 5.5481480674e-06 1.8852577213e-05
 4.0026484936e-08 4.0026484936e-08 3.1781922973e-02 -2.8978713794e-05 4.5664039866e-06 5.6664661237e-06 1.8744644787e-05
 4.0036283066e-08 4.0036283066e-08 4.3539679324e-02 -2.9176249320e-05 4.7306809075e-06 5.9141914637e-06 1.8530178038e-05
 4.0043999689e-08 4.0043999689e-08 5.2799626440e-02 -2.9359348621e-05 4.8708291709e-06 6.1253297585e-06 1.8361990779e-05
 4.0058995694e-08 4.0058995694e-08 7.0794832302e-02 -2.9763178017e-05 5.1621731867e-06 6.5639444240e-06 1.8035861492e-05
 4.0070248955e-08 4.0070248955e-08 8.4298746311e-02 -3.0133835188e-05 5.4076596836e-06 6.9331284339e-06 1.7791848153e-05
 4.0079075832e-08 4.0079075832e-08 9.4890998643e-02 -3.0465597776e-05 5.6165879499e-06 7.2471398739e-06 1.7600671035e-05
 4.0096729586e-08 4.0096729586e-08 1.1607550331e-01 -3.1191845565e-05 6.0595373726e-06 7.9126776836e-06 1.7218431591e-05
 4.0109814993e-08 4.0109814993e-08 1.3177799164e-01 -3.1837352403e-05 6.4307083006e-06 8.4700307955e-06 1.6935414388e-05
 4.0119161312e-08 4.0119161312e-08 1.4299357497e-01 -3.2357326591e-05 6.7193227103e-06 8.9033038393e-06 1.6733501121e-05
 4.0137853951e-08 4.0137853951e-08 1.6542474163e-01 -3.3467104217e-05 7.3241380780e-06 9.8114321177e-06 1.6330335099e-05
 4.0155018690e-08 4.0155018690e-08 1.8602242788e-01 -3.4647112650e-05 7.9429730940e-06 1.0740875106e-05 1.5962065520e-05
 4.0167926220e-08 4.0167926220e-08 2.0151146393e-01 -3.5649979450e-05 8.4533047838e-06 1.1507843135e-05 1.5687632590e-05
 4.0179441816e-08 4.0179441816e-08 2.1533017909e-01 -3.6602357732e-05 8.9304115446e-06 1.2225669049e-05 1.5445078187e-05
 4.0191051691e-08 4.0191051691e-08 2.2926202965e-01 -3.7615167680e-05 9.4308981184e-06 1.2979879329e-05 1.5203191268e-05
 4.0200364294e-08 4.0200364294e-08 2.4043715258e-01 -3.8473677640e-05 9.8491355592e-06 1.3611407653e-05 1.5011935448e-05
 4.0206675866e-08 4.0206675866e-08 2.4801103886e-01 -3.9078370283e-05 1.0140635903e-05 1.4052451024e-05 1.4884084363e-05
 4.0212990583e-08 4.0212990583e-08 2.5558870003e-01 -3.9693123810e-05 1.0435340612e-05 1.4499327063e-05 1.4757257135e-05
 4.0218880298e-08 4.0218880298e-08 2.6265635808e-01 -4.0278861693e-05 1.0714198476e-05 1.4923241260e-05 1.4640222945e-05
 4.0224197043e-08 4.0224197043e-08 2.6903645188e-01 -4.0818130666e-05 1.0969186009e-05 1.5311945645e-05 1.4535799988e-05
 4.0229133715e-08 4.0229133715e-08 2.7496045754e-01 -4.1326861262e-05 1.1208252160e-05 1.5677487574e-05 1.4439922494e-05
 4.0239007057e-08 4.0239007057e-08 2.8680846886e-01 -4.2360413025e-05 1.1690104762e-05 1.6418379179e-05 1.4250730034e-05
 4.0243155166e-08 4.0243155166e-08 2.9178619906e-01 -4.2808739806e-05 1.1896458922e-05 1.6737567376e-05 1.4173514430e-05
 4.0251451383e-08 4.0251451383e-08 3.0174165945e-01 -4.3707579237e-05 1.2307631233e-05 1.7378307853e-05 1.4020441068e-05
 4.0255645910e-08 4.0255645910e-08 3.0677509244e-01 -4.4170357940e-05 1.2516955778e-05 1.7707225859e-05 1.3944977194e-05
 4.0264034965e-08 4.0264034965e-08 3.1684195843e-01 -4.5100040524e-05 1.2933634429e-05 1.8369168368e-05 1.3796038607e-05
 4.0269363145e-08 4.0269363145e-08 3.2323577440e-01 -4.5697939178e-05 1.3197818211e-05 1.8794759886e-05 1.3704161932e-05
 4.0280019505e-08 4.0280019505e-08 3.3602340633e-01 -4.6899596138e-05 1.3719887538e-05 1.9654029859e-05 1.3524479572e-05
 4.0288131262e-08 4.0288131262e-08 3.4575751394e-01 -4.7821543170e-05 1.4109870731e-05 2.0316876012e-05 1.3393597218e-05
 4.0292926146e-08 4.0292926146e-08 3.5151137541e-01 -4.8367806706e-05 1.4335642280e-05 2.0711688548e-05 1.3319276641e-05
 4.0294591230e-08 4.0294591230e-08 3.5350947581e-01 -4.8557303730e-05 1.4412911284e-05 2.0849110249e-05 1.3294082948e-05
 4.0295452402e-08 4.0295452402e-08 3.5454288278e-01 -4.8655250659e-05 1.4452685249e-05 2.0920338434e-05 1.3281027734e-05
 4.0296220796e-08 4.0296220796e-08 3.5546495462e-01 -4.8742622595e-05 1.4488081398e-05 2.0984013726e-05 1.3269328234e-05
 4.0297087721e-08 4.0297087721e-08 3.5650526505e-01 -4.8841162612e-05 1.4527885171e-05 2.1055958651e-05 1.3256119553e-05
 4.0298134511e-08 4.0298134511e-08 3.5776141305e-01 -4.8960114982e-05 1.4575741139e-05 2.1142957456e-05 1.3240217145e-05
 4.0299910387e-08 4.0299910387e-08 3.5989246439e-01 -4.9161858107e-05 1.4656389560e-05 2.1290871024e-05 1.3213398275e-05
 4.0303462139e-08 4.0303462139e-08 3.6415456707e-01 -4.9565049953e-05 1.4815519768e-05 2.1587970044e-05 1.3160360882e-05
 4.0308145436e-08 4.0308145436e-08 3.6977452268e-01 -5.0095719337e-05 1.5020362538e-05 2.1982352562e-05 1.3091804960e-05
 4.0315852275e-08 4.0315852275e-08 3.7902273012e-01 -5.0965729324e-05 1.5343261114e-05 2.2639015741e-05 1.2982253166e-05
 4.0329309907e-08 4.0329309907e-08 3.9517188789e-01 -5.2470851657e-05 1.5854009503e-05 2.3815095285e-05 1.2800547522e-05
 4.0339724334e-08 4.0339724334e-08 4.0766920113e-01 -5.3612039303e-05 1.6185158078e-05 2.4754161712e-05 1.2671520108e-05
 4.0349610863e-08 4.0349610863e-08 4.1953303592e-01 -5.4673258226e-05 1.6434093996e-05 2.5680946342e-05 1.2557018448e-05
 4.0355325699e-08 4.0355325699e-08 4.2639083898e-01 -5.5272169943e-05 1.6541281672e-05 2.6234511284e-05 1.2495177514e-05
 4.0361274886e-08 4.0361274886e-08 4.3352986264e-01 -5.5889806379e-05 1.6623093160e-05 2.6833123181e-05 1.2432390559e-05
 4.0363900114e-08 4.0363900114e-08 4.3668013640e-01 -5.6157329462e-05 1.6647044751e-05 2.7103243939e-05 1.2405841271e-05
 4.0365979328e-08 4.0365979328e-08 4.3917519322e-01 -5.6368907002e-05 1.6661268252e-05 2.7321432509e-05 1.2385006739e-05
 4.0368240892e-08 4.0368240892e-08 4.4188907016e-01 -5.6598223904e-05 1.6671548042e-05 2.7562971965e-05 1.2362504393e-05
 4.0370074594e-08 4.0370074594e-08 4.4408951304e-01 -5.6782892046e-05 1.6675435477e-05 2.7761739277e-05 1.2344517780e-05
 4.0372584956e-08 4.0372584956e-08 4.4710194695e-01 -5.7034378807e-05 1.6674248206e-05 2.8038691143e-05 1.2320239938e-05
 4.0375940986e-08 4.0375940986e-08 4.5112918347e-01 -5.7367740252e-05 1.6660137672e-05 2.8417968265e-05 1.2288434783e-05
 4.0379448437e-08 4.0379448437e-08 4.5533812416e-01 -5.7712066390e-05 1.6628896333e-05 2.8825873248e-05 1.2256097262e-05
 4.0383262150e-08 4.0383262150e-08 4.5991458039e-01 -5.8081874991e-05 1.6574629444e-05 2.9284099246e-05 1.2221946742e-05
 4.0386955819e-08 4.0386955819e-08 4.6434698332e-01 -5.8435219019e-05 1.6500475091e-05 2.9743661509e-05 1.2189882846e-05
 4.0391523302e-08 4.0391523302e-08 4.6982796187e-01 -5.8866334186e-05 1.6377699215e-05 3.0335997380e-05 1.2151438005e-05
 4.0396986805e-08 4.0396986805e-08 4.7638416642e-01 -5.9372844787e-05 1.6181852484e-05 3.1082552455e-05 1.2107240243e-05
 4.0404789225e-08 4.0404789225e-08 4.8574707055e-01 -6.0079369733e-05 1.5800892801e-05 3.2229974153e-05 1.2047303151e-05
 4.0413263261e-08 4.0413263261e-08 4.9591591283e-01 -6.0820791972e-05 1.5235451838e-05 3.3597317261e-05 1.1986823215e-05
 4.0423289812e-08 4.0423289812e-08 5.0794777419e-01 -6.1664472190e-05 1.4337951824e-05 3.5404360650e-05 1.1920960029e-05
 4.0432802851e-08 4.0432802851e-08 5.1936342117e-01 -6.2427745572e-05 1.3229367354e-05 3.7332815560e-05 1.1864362939e-05
 4.0444990324e-08 4.0444990324e-08 5.3398838852e-01 -6.3361351990e-05 1.1406824227e-05 4.0154822872e-05 1.1798505146e-05
 4.0454975839e-08 4.0454975839e-08 5.4597100678e-01 -6.4078852106e-05 9.5414468541e-06 4.2785026113e-05 1.1751179361e-05
 4.0463806658e-08 4.0463806658e-08 5.5656798907e-01 -6.4682303206e-05 7.5952002298e-06 4.5372402897e-05 1.1713500281e-05
 4.0471424234e-08 4.0471424234e-08 5.6570908079e-01 -6.5181081328e-05 5.6832734507e-06 4.7812858361e-05 1.1683749703e-05
 4.0480004709e-08 4.0480004709e-08 5.7600565049e-01 -6.5722336452e-05 3.2642485186e-06 5.0804129678e-05 1.1652758429e-05
 4.0488024944e-08 4.0488024944e-08 5.8562993291e-01 -6.6204594193e-05 7.4122725741e-07 5.3835603361e-05 1.1626563730e-05
 4.0493879756e-08 4.0493879756e-08 5.9265570681e-01 -6.6540606013e-05 -1.2635304747e-06 5.6193661102e-05 1.1609275527e-05
 4.0496939878e-08 4.0496939878e-08 5.9632785340e-01 -6.6710423152e-05 -2.3666727517e-06 5.7475014355e-05 1.1600881683e-05
 4.0500000000e-08 4.0500000000e-08 6.0000000000e-01 -6.6879783253e-05 -3.5063867670e-06 5.8792379530e-05 1.1592590626e-05
 4.0500150215e-08 4.0500150215e-08 6.0018025774e-01 -6.6882860575e-05 -3.5654067753e-06 5.8854795446e-05 1.1592272010e-05
 4.0500287681e-08 4.0500287681e-08 6.0034521702e-01 -6.6894612806e-05 -3.6158887881e-06 5.8917368063e-05 1.1591933662e-05
 4.0500442053e-08 4.0500442053e-08 6.0053046350e-01 -6.6903087904e-05 -3.6745525559e-06 5.8984912080e-05 1.1591528516e-05
 4.0500569864e-08 4.0500569864e-08 6.0068383738e-01 -6.6910097397e-05 -3.7231929529e-06 5.9040905278e-05 1.1591185208e-05
 4.0500705205e-08 4.0500705205e-08 6.0084624574e-01 -6.6917514650e-05 -3.7747696585e-06 5.9100263933e-05 1.1590820510e-05
 4.0500844204e-08 4.0500844204e-08 6.0101304435e-01 -6.6925126768e-05 -3.8278175644e-06 5.9161297486e-05 1.1590446980e-05
 4.0500996823e-08 4.0500996823e-08 6.0119618706e-01 -6.6933478250e-05 -3.8861533717e-06 5.9228393180e-05 1.1590038575e-05
 4.0501173567e-08 4.0501173567e-08 6.0140827986e-01 -6.6943141388e-05 -3.9538280020e-06 5.9306201861e-05 1.1589567662e-05
 4.0501383899e-08 4.0501383899e-08 6.0166067880e-01 -6.6954628814e-05 -4.0345277017e-06 5.9398947031e-05 1.1589009617e-05
 4.0501641732e-08 4.0501641732e-08 6.0197007860e-01 -6.6968692472e-05 -4.1336955681e-06 5.9512859772e-05 1.1588328400e-05
 4.0501968231e-08 4.0501968231e-08 6.0236187681e-01 -6.6986473004e-05 -4.2596577143e-06 5.9657461287e-05 1.1587469562e-05
 4.0502400496e-08 4.0502400496e-08 6.0288059553e-01 -6.7009964776e-05 -4.4270846252e-06 5.9849511244e-05 1.1586338288e-05
 4.0503012714e-08 4.0503012714e-08 6.0361525703e-01 -6.7043142924e-05 -4.6654976628e-06 6.0122694205e-05 1.1584746512e-05
 4.0503982336e-08 4.0503982336e-08 6.0477880279e-01 -6.7095472947e-05 -5.0461752470e-06 6.0558199038e-05 1.1582249284e-05
 4.0505921579e-08 4.0505921579e-08 6.0710589431e-01 -6.7199381665e-05 -5.8188497067e-06 6.1439694730e-05 1.1577336767e-05
 4.0509489573e-08 4.0509489573e-08 6.1138748737e-01 -6.7387881322e-05 -7.2799489042e-06 6.3098047433e-05 1.1568582914e-05
 4.0513442390e-08 4.0513442390e-08 6.1613086855e-01 -6.7591936079e-05 -8.9586368323e-06 6.4989994767e-05 1.1559378257e-05
 4.0517138958e-08 4.0517138958e-08 6.2056674912e-01 -6.7778021648e-05 -1.0585602963e-05 6.6811163974e-05 1.1551260744e-05
 4.0520978731e-08 4.0520978731e-08 6.2517447751e-01 -6.7967218335e-05 -1.2333600681e-05 6.8756362105e-05 1.1543257012e-05
 4.0524372093e-08 4.0524372093e-08 6.2924651169e-01 -6.8130672179e-05 -1.3927566201e-05 7.0520483572e-05 1.1536554904e-05
 4.0528569753e-08 4.0528569753e-08 6.3428370412e-01 -6.8329008635e-05 -1.5962557681e-05 7.2761709146e-05 1.1528657261e-05
 4.0533119958e-08 4.0533119958e-08 6.3974395017e-01 -6.8538517857e-05 -1.8247400353e-05 7.5264096067e-05 1.1520622229e-05
 4.0540122878e-08 4.0540122878e-08 6.4814745307e-01 -6.8851402606e-05 -2.1922649957e-05 7.9263670062e-05 1.1509182579e-05
 4.0546019915e-08 4.0546019915e-08 6.5522389782e-01 -6.9103212467e-05 -2.5166852319e-05 8.2768243088e-05 1.1500621767e-05
 4.0554940185e-08 4.0554940185e-08 6.6592822218e-01 -6.9470321579e-05 -3.0328240645e-05 8.8308395042e-05 1.1488967244e-05
 4.0561323510e-08 4.0561323510e-08 6.7358821151e-01 -6.9718214766e-05 -3.4209349703e-05 9.2444456192e-05 1.1481908328e-05
 4.0571694078e-08 4.0571694078e-08 6.8603289414e-01 -7.0106402914e-05 -4.0838774843e-05 9.9472237000e-05 1.1471740802e-05
 4.0579245588e-08 4.0579245588e-08 6.9509470577e-01 -7.0370799981e-05 -4.5918051651e-05 1.0482183450e-04 1.1465817172e-05
 4.0585118450e-08 4.0585118450e-08 7.0214214035e-01 -7.0567460874e-05 -5.0012351658e-05 1.0911666772e-04 1.1461944847e-05
 4.0590624562e-08 4.0590624562e-08 7.0874947390e-01 -7.0747009004e-05 -5.3963300415e-05 1.1325041141e-04 1.1458698039e-05
 4.0596195732e-08 4.0596195732e-08 7.1543487802e-01 -7.0923314366e-05 -5.8070793124e-05 1.1753709610e-04 1.1455811416e-05
 4.0601867551e-08 4.0601867551e-08 7.2224106136e-01 -7.1097022825e-05 -6.2365084043e-05 1.2200760374e-04 1.1453303143e-05
 4.0607684335e-08 4.0607684335e-08 7.2922120193e-01 -7.1269261046e-05 -6.6885988847e-05 1.2670288567e-04 1.1451164238e-05
 4.0613688403e-08 4.0613688403e-08 7.3642608313e-01 -7.1441003170e-05 -7.1675329742e-05 1.3166574413e-04 1.1449388795e-05
 4.0619931962e-08 4.0619931962e-08 7.4391835463e-01 -7.1613344380e-05 -7.6786771621e-05 1.3695093755e-04 1.1447978456e-05
 4.0626470549e-08 4.0626470549e-08 7.5176465926e-01 -7.1787278760e-05 -8.2281534668e-05 1.4262066727e-04 1.1446946160e-05
 4.0633367755e-08 4.0633367755e-08 7.6004130582e-01 -7.1963806853e-05 -8.8233250208e-05 1.4874954159e-04 1.1446315470e-05
 4.0640697656e-08 4.0640697656e-08 7.6883718757e-01 -7.2143956679e-05 -9.4731564983e-05 1.5542819980e-04 1.1446121861e-05
 4.0648549818e-08 4.0648549818e-08 7.7825978159e-01 -7.2328848108e-05 -1.0188872371e-04 1.6276995697e-04 1.1446414848e-05
 4.0657035524e-08 4.0657035524e-08 7.8844262927e-01 -7.2519752107e-05 -1.0984848283e-04 1.7091977326e-04 1.1447261669e-05
 4.0666297133e-08 4.0666297133e-08 7.9955655992e-01 -7.2718174161e-05 -1.1879973833e-04 1.8006795943e-04 1.1448753048e-05
 4.0676522234e-08 4.0676522234e-08 8.1182668076e-01 -7.2925969523e-05 -1.2899772282e-04 1.9047148006e-04 1.1451012264e-05
 4.0685608503e-08 4.0685608503e-08 8.2273020350e-01 -7.3100253338e-05 -1.3833462112e-04 1.9998012286e-04 1.1453551588e-05
 4.0703781041e-08 4.0703781041e-08 8.4453724898e-01 -7.3430755588e-05 -1.5776738249e-04 2.1973744982e-04 1.1459488241e-05
 4.0716627541e-08 4.0716627541e-08 8.5995304902e-01 -7.3641338146e-05 -1.7210875325e-04 2.3428418956e-04 1.1464701821e-05
 4.0728689246e-08 4.0728689246e-08 8.7442709574e-01 -7.3827262468e-05 -1.8601901085e-04 2.4837501150e-04 1.1470061788e-05
 4.0743118882e-08 4.0743118882e-08 8.9174265836e-01 -7.4038621382e-05 -2.0321535674e-04 2.6577593382e-04 1.1476844278e-05
 4.0759646257e-08 4.0759646257e-08 9.1157550803e-01 -7.4264216621e-05 -2.2364183990e-04 2.8641973957e-04 1.1485116934e-05
 4.0778676099e-08 4.0778676099e-08 9.3441131822e-01 -7.4504215232e-05 -2.4810478771e-04 3.1111265285e-04 1.1495150065e-05
 4.0799153923e-08 4.0799153923e-08 9.5898470754e-01 -7.4741220015e-05 -2.7552760475e-04 3.3876126758e-04 1.1506357158e-05
 4.0820388929e-08 4.0820388929e-08 9.8446671525e-01 -7.4966833807e-05 -3.0513118229e-04 3.6857860020e-04 1.1518215868e-05
 4.0842292273e-08 4.0842292273e-08 1.0107507270e+00 -7.5181397557e-05 -3.3687061090e-04 4.0052030036e-04 1.1530508071e-05
 4.0864762775e-08 4.0864762775e-08 1.0377153297e+00 -7.5385087683e-05 -3.7065851549e-04 4.3449937576e-04 1.1543027382e-05
 4.0872100307e-08 4.0872100307e-08 1.0465203688e+00 -7.5444321577e-05 -3.8195463898e-04 4.4585072372e-04 1.1547036815e-05
 4.0877720302e-08 4.0877720302e-08 1.0532643621e+00 -7.5491207824e-05 -3.9069097665e-04 4.5463088588e-04 1.1550098572e-05
 4.0880346349e-08 4.0880346349e-08 1.0564156191e+00 -7.5512934509e-05 -3.9479830032e-04 4.5875851073e-04 1.1551524073e-05
 4.0882407175e-08 4.0882407175e-08 1.0588886103e+00 -7.5529989469e-05 -3.9803267849e-04 4.6200882611e-04 1.1552641820e-05
 4.0884107300e-08 4.0884107300e-08 1.0609287604e+00 -7.5544007212e-05 -4.0070829501e-04 4.6469753932e-04 1.1553562873e-05
 4.0886579998e-08 4.0886579998e-08 1.0638959973e+00 -7.5564301584e-05 -4.0461157788e-04 4.6861977915e-04 1.1554900291e-05
 4.0889535627e-08 4.0889535627e-08 1.0674427530e+00 -7.5588363451e-05 -4.0929550354e-04 4.7332617261e-04 1.1556494348e-05
 4.0895446887e-08 4.0895446887e-08 1.0745362643e+00 -7.5635947465e-05 -4.1872274046e-04 4.8279781944e-04 1.1559668456e-05
 4.0905955300e-08 4.0905955300e-08 1.0871463599e+00 -7.5718709221e-05 -4.3567481730e-04 4.9982706631e-04 1.1565260192e-05
 4.0918542550e-08 4.0918542550e-08 1.1022510599e+00 -7.5814459507e-05 -4.5630081969e-04 5.2054222785e-04 1.1571851323e-05
 4.0934078926e-08 4.0934078926e-08 1.1208947108e+00 -7.5928050903e-05 -4.8222981888e-04 5.4657685643e-04 1.1579813327e-05
 4.0953784664e-08 4.0953784664e-08 1.1445415965e+00 -7.6065643103e-05 -5.1584338434e-04 5.8031820786e-04 1.1589619555e-05
 4.0976322401e-08 4.0976322401e-08 1.1715868810e+00 -7.6214495978e-05 -5.5524868846e-04 6.1986160617e-04 1.1600378241e-05
 4.1000000000e-08 4.1000000000e-08 1.2000000000e+00 -7.6361850412e-05 -5.9770699764e-04 6.6245655039e-04 1.1611097634e-05
 4.1001789396e-08 4.1001789396e-08 1.2000000000e+00 1.5843877134e-07 -6.2479546385e-04 6.2310497880e-04 1.5323279076e-06
 4.1003420750e-08 4.1003420750e-08 1.2000000000e+00 -3.2595654801e-08 -6.2398251126e-04 6.2431861741e-04 -3.0356170104e-07
 4.1004244053e-08 4.1004244053e-08 1.2000000000e+00 -1.6066719606e-08 -6.2404927668e-04 6.2422430329e-04 -1.5899048522e-07
 4.1005023724e-08 4.1005023724e-08 1.2000000000e+00 -3.6412055899e-09 -6.2410297989e-04 6.2414346331e-04 -3.6849585078e-08
 4.1005983910e-08 4.1005983910e-08 1.2000000000e+00 5.0281107716e-10 -6.2412106882e-04 6.2411561814e-04 4.9488116849e-09
 4.1007904282e-08 4.1007904282e-08 1.2000000000e+00 6.9022729388e-10 -6.2412189346e-04 6.2411427789e-04 6.9267032097e-09
 4.1010374553e-08 4.1010374553e-08 1.2000000000e+00 1.0786529489e-10 -6.2411935870e-04 6.2411816666e-04 1.0843902298e-09
 4.1014460384e-08 4.1014460384e-08 1.2000000000e+00 -2.3993593145e-11 -6.2411878488e-04 6.2411904826e-04 -2.3943699933e-10
 4.1022632047e-08 4.1022632047e-08 1.2000000000e+00 -6.3760410958e-12 -6.2411886155e-04 6.2411893066e-04 -6.2753940772e-11
 4.1038975373e-08 4.1038975373e-08 1.2000000000e+00 1.9471993142e-13 -6.2411889014e-04 6.2411888678e-04 3.1615244811e-12
 4.1061477120e-08 4.1061477120e-08 1.2000000000e+00 6.1496347566e-14 -6.2411888956e-04 6.2411888767e-04 1.8255262511e-12
 4.1085590844e-08 4.1085590844e-08 1.2000000000e+00 2.0334027675e-16 -6.2411888929e-04 6.2411888808e-04 1.2107261721e-12
 4.1109583737e-08 4.1109583737e-08 1.2000000000e+00 -3.1615333898e-16 -6.2411888929e-04 6.2411888809e-04 1.2055607288e-12
 4.1132509677e-08 4.1132509677e-08 1.2000000000e+00 -7.9824467988e-18 -6.2411888929e-04 6.2411888808e-04 1.2086255582e-12
 4.1153520116e-08 4.1153520116e-08 1.2000000000e+00 2.3188358584e-18 -6.2411888929e-04 6.2411888808e-04 1.2087161830e-12
 4.1172283752e-08 4.1172283752e-08 1.2000000000e+00 1.5788685177e-19 -6.2411888929e-04 6.2411888808e-04 1.2087042867e-12
 4.1188940953e-08 4.1188940953e-08 1.2000000000e+00 6.8989475629e-19 -6.2411888929e-04 6.2411888808e-04 1.2087007506e-12
 4.1203861800e-08 4.1203861800e-08 1.2000000000e+00 -8.7059379682e-19 -6.2411888929e-04 6.2411888808e-04 1.2087034781e-12
 4.1217960440e-08 4.1217960440e-08 1.2000000000e+00 2.4186161955e-20 -6.2411888929e-04 6.2411888808e-04 1.2087029705e-12
 4.1232626165e-08 4.1232626165e-08 1.2000000000e+00 -8.7739353670e-19 -6.2411888929e-04 6.2411888808e-04 1.2087025604e-12
 4.1246581860e-08 4.1246581860e-08 1.2000000000e+00 1.7355489781e-18 -6.2411888929e-04 6.2411888808e-04 1.2087021658e-12
 4.1260291890e-08 4.1260291890e-08 1.2000000000e+00 -1.7385683041e-18 -6.2411888929e-04 6.2411888808e-04 1.2087030708e-12
 4.1275236032e-08 4.1275236032e-08 1.2000000000e+00 8.8581312967e-21 -6.2411888929e-04 6.2411888808e-04 1.2087022403e-12
 4.1295363189e-08 4.1295363189e-08 1.2000000000e+00 8.5818662820e-19 -6.2411888929e-04 6.2411888808e-04 1.2087025099e-12
 4.1303975643e-08 4.1303975643e-08 1.2000000000e+00 1.7368566500e-18 -6.2411888929e-04 6.2411888808e-04 1.2087025841e-12
 4.1312386813e-08 4.1312386813e-08 1.2000000000e+00 3.4781530287e-18 -6.2411888929e-04 6.2411888808e-04 1.2087008609e-12
 4.1326032432e-08 4.1326032432e-08 1.2000000000e+00 1.7098456062e-18 -6.2411888929e-04 6.2411888808e-04 1.2087019066e-12
 4.1336889085e-08 4.1336889085e-08 1.2000000000e+00 1.2309913843e-20 -6.2411888929e-04 6.2411888808e-04 1.2087028606e-12
 4.1358602391e-08 4.1358602391e-08 1.2000000000e+00 8.7128277842e-19 -6.2411888929e-04 6.2411888808e-04 1.2087027660e-12
 4.1386353766e-08 4.1386353766e-08 1.2000000000e+00 8.6269995538e-19 -6.2411888929e-04 6.2411888808e-04 1.2087021310e-12
 4.1407304688e-08 4.1407304688e-08 1.2000000000e+00 -3.1786837580e-21 -6.2411888929e-04 6.2411888808e-04 1.2087030503e-12
 4.1424901694e-08 4.1424901694e-08 1.2000000000e+00 3.6653062626e-21 -6.2411888929e-04 6.2411888808e-04 1.2087030862e-12
 4.1440512054e-08 4.1440512054e-08 1.2000000000e+00 8.6837770009e-19 -6.2411888929e-04 6.2411888808e-04 1.2087021969e-12
 4.1447836368e-08 4.1447836368e-08 1.2000000000e+00 -1.7403352640e-18 -6.2411888929e-04 6.2411888808e-04 1.2087026220e-12
 4.1455025842e-08 4.1455025842e-08 1.2000000000e+00 5.1524623918e-21 -6.2411888929e-04 6.2411888808e-04 1.2087025584e-12
 4.1461533630e-08 4.1461533630e-08 1.2000000000e+00 -6.9413089245e-18 -6.2411888929e-04 6.2411888808e-04 1.2087027569e-12
 4.1468161661e-08 4.1468161661e-08 1.2000000000e+00 6.2611116512e-21 -6.2411888929e-04 6.2411888808e-04 1.2087018178e-12
 4.1473624847e-08 4.1473624847e-08 1.2000000000e+00 3.4539477029e-18 -6.2411888929e-04 6.2411888808e-04 1.2087024744e-12
 4.1480465468e-08 4.1480465468e-08 1.2000000000e+00 -3.4649880009e-18 -6.2411888929e-04 6.2411888808e-04 1.2087043844e-12
 4.1487809142e-08 4.1487809142e-08 1.2000000000e+00 3.5065355189e-18 -6.2411888929e-04 6.2411888808e-04 1.2087013922e-12
 4.1496670264e-08 4.1496670264e-08 1.2000000000e+00 3.4168673946e-18 -6.2411888929e-04 6.2411888808e-04 1.2087012890e-12
 4.1507162333e-08 4.1507162333e-08 1.2000000000e+00 -1.7224295847e-18 -6.2411888929e-04 6.2411888808e-04 1.2087036360e-12
 4.1519487890e-08 4.1519487890e-08 1.2000000000e+00 1.7606132975e-18 -6.2411888929e-04 6.2411888808e-04 1.2087021245e-12
 4.1533958596e-08 4.1533958596e-08 1.2000000000e+00 1.7119867578e-18 -6.2411888929e-04 6.2411888808e-04 1.2087019859e-12
 4.1551252542e-08 4.1551252542e-08 1.2000000000e+00 8.7184298408e-19 -6.2411888929e-04 6.2411888808e-04 1.2087026557e-12
 4.1572150015e-08 4.1572150015e-08 1.2000000000e+00 3.8575141072e-21 -6.2411888929e-04 6.2411888808e-04 1.2087026276e-12
 4.1595991221e-08 4.1595991221e-08 1.2000000000e+00 -8.6929800301e-19 -6.2411888929e-04 6.2411888808e-04 1.2087026160e-12
 4.1622709325e-08 4.1622709325e-08 1.2000000000e+00 -4.2889306848e-22 -6.2411888929e-04 6.2411888808e-04 1.2087028326e-12
 4.1650971488e-08 4.1650971488e-08 1.2000000000e+00 1.4217555549e-21 -6.2411888929e-04 6.2411888808e-04 1.2087024023e-12
 4.1679572186e-08 4.1679572186e-08 1.2000000000e+00 8.6608567313e-19 -6.2411888929e-04 6.2411888808e-04 1.2087021478e-12
 4.1708694124e-08 4.1708694124e-08 1.2000000000e+00 4.3262601043e-19 -6.2411888929e-04 6.2411888808e-04 1.2087028396e-12
 4.1738736963e-08 4.1738736963e-08 1.2000000000e+00 -4.3109349415e-19 -6.2411888929e-04 6.2411888808e-04 1.2087026565e-12
 4.1770034336e-08 4.1770034336e-08 1.2000000000e+00 -4.3545220420e-19 -6.2411888929e-04 6.2411888808e-04 1.2087028341e-12
 4.1803049206e-08 4.1803049206e-08 1.2000000000e+00 4.3497341811e-19 -6.2411888929e-04 6.2411888808e-04 1.2087024147e-12
 4.1838420169e-08 4.1838420169e-08 1.2000000000e+00 -4.3552144083e-19 -6.2411888929e-04 6.2411888808e-04 1.2087028332e-12
 4.1877083923e-08 4.1877083923e-08 1.2000000000e+00 4.3549475345e-19 -6.2411888929e-04 6.2411888808e-04 1.2087026359e-12
 4.1920653438e-08 4.1920653438e-08 1.2000000000e+00 -4.3464844819e-19 -6.2411888929e-04 6.2411888808e-04 1.2087025975e-12
 4.1972504988e-08 4.1972504988e-08 1.2000000000e+00 7.6571135277e-23 -6.2411888929e-04 6.2411888808e-04 1.2087027353e-12
 4.2043293720e-08 4.2043293720e-08 1.2000000000e+00 -2.1655575598e-19 -6.2411888929e-04 6.2411888808e-04 1.2087027374e-12
 4.2117234644e-08 4.2117234644e-08 1.2000000000e+00 -2.1695589227e-19 -6.2411888929e-04 6.2411888808e-04 1.2087027270e-12
 4.2186985206e-08 4.2186985206e-08 1.2000000000e+00 5.4593196822e-23 -6.2411888929e-04 6.2411888808e-04 1.2087026201e-12
 4.2246656962e-08 4.2246656962e-08 1.2000000000e+00 2.1680209791e-19 -6.2411888929e-04 6.2411888808e-04 1.2087025041e-12
 4.2300216349e-08 4.2300216349e-08 1.2000000000e+00 -8.9554190083e-23 -6.2411888929e-04 6.2411888808e-04 1.2087025036e-12
 4.2350840317e-08 4.2350840317e-08 1.2000000000e+00 -4.3387992623e-19 -6.2411888929e-04 6.2411888808e-04 1.2087028412e-12
 4.2399713953e-08 4.2399713953e-08 1.2000000000e+00 8.0143537486e-22 -6.2411888929e-04 6.2411888808e-04 1.2087025186e-12
 4.2447857209e-08 4.2447857209e-08 1.2000000000e+00 4.3298301475e-19 -6.2411888929e-04 6.2411888808e-04 1.2087023966e-12
 4.2496127959e-08 4.2496127959e-08 1.2000000000e+00 -4.3409540720e-19 -6.2411888929e-04 6.2411888808e-04 1.2087029543e-12
 4.2545090429e-08 4.2545090429e-08 1.2000000000e+00 1.4237948372e-21 -6.2411888929e-04 6.2411888808e-04 1.2087025310e-12
 4.2595199476e-08 4.2595199476e-08 1.2000000000e+00 -4.3505510613e-19 -6.2411888929e-04 6.2411888808e-04 1.2087027225e-12
 4.2646882541e-08 4.2646882541e-08 1.2000000000e+00 -4.3299284655e-19 -6.2411888929e-04 6.2411888808e-04 1.2087027273e-12
 4.2700549903e-08 4.2700549903e-08 1.2000000000e+00 2.4986784311e-23 -6.2411888929e-04 6.2411888808e-04 1.2087025048e-12
 4.2756623636e-08 4.2756623636e-08 1.2000000000e+00 -4.3420934070e-19 -6.2411888929e-04 6.2411888808e-04 1.2087027300e-12
 4.2815566151e-08 4.2815566151e-08 1.2000000000e+00 4.3443067123e-19 -6.2411888929e-04 6.2411888808e-04 1.2087023961e-12
 4.2877901486e-08 4.2877901486e-08 1.2000000000e+00 -9.3850330268e-22 -6.2411888929e-04 6.2411888808e-04 1.2087028346e-12
 4.2944240313e-08 4.2944240313e-08 1.2000000000e+00 -2.1600652900e-19 -6.2411888929e-04 6.2411888808e-04 1.2087028507e-12
 4.3015312133e-08 4.3015312133e-08 1.2000000000e+00 2.1668820172e-19 -6.2411888929e-04 6.2411888808e-04 1.2087026116e-12
 4.3092007000e-08 4.3092007000e-08 1.2000000000e+00 -2.9952087665e-22 -6.2411888929e-04 6.2411888808e-04 1.2087026237e-12
 4.3175432860e-08 4.3175432860e-08 1.2000000000e+00 1.5550605280e-22 -6.2411888929e-04 6.2411888808e-04 1.2087026210e-12
 4.3266997618e-08 4.3266997618e-08 1.2000000000e+00 -2.0774571028e-24 -6.2411888929e-04 6.2411888808e-04 1.2087026196e-12
 4.3368530179e-08 4.3368530179e-08 1.2000000000e+00 -4.8159768031e-23 -6.2411888929e-04 6.2411888808e-04 1.2087027343e-12
 4.3482465129e-08 4.3482465129e-08 1.2000000000e+00 -2.1669936410e-19 -6.2411888929e-04 6.2411888808e-04 1.2087026175e-12
 4.3612135252e-08 4.3612135252e-08 1.2000000000e+00 1.0829741530e-19 -6.2411888929e-04 6.2411888808e-04 1.2087025575e-12
 4.3762255159e-08 4.3762255159e-08 1.2000000000e+00 1.0841053669e-19 -6.2411888929e-04 6.2411888808e-04 1.2087026195e-12
 4.3939762549e-08 4.3939762549e-08 1.2000000000e+00 4.5193655230e-23 -6.2411888929e-04 6.2411888808e-04 1.2087026776e-12
 4.4155374836e-08 4.4155374836e-08 1.2000000000e+00 2.1130373013e-23 -6.2411888929e-04 6.2411888808e-04 1.2087026198e-12
 4.4426700584e-08 4.4426700584e-08 1.2000000000e+00 -5.4252262402e-20 -6.2411888929e-04 6.2411888808e-04 1.2087026192e-12
 4.4785112114e-08 4.4785112114e-08 1.2000000000e+00 1.4312351957e-23 -6.2411888929e-04 6.2411888808e-04 1.2087026214e-12
 4.5293138821e-08 4.5293138821e-08 1.2000000000e+00 5.5847804556e-25 -6.2411888929e-04 6.2411888808e-04 1.2087026205e-12
 4.6098352015e-08 4.6098352015e-08 1.2000000000e+00 1.7173878402e-26 -6.2411888929e-04 6.2411888808e-04 1.2087026133e-12
 4.7098352015e-08 4.7098352015e-08 1.2000000000e+00 -1.4033554898e-24 -6.2411888929e-04 6.2411888808e-04 1.2087026264e-12
 4.8098352015e-08 4.8098352015e-08 1.2000000000e+00 1.8539460781e-24 -6.2411888929e-04 6.2411888808e-04 1.2087026196e-12
 4.9098352015e-08 4.9098352015e-08 1.2000000000e+00 -1.1173741622e-24 -6.2411888929e-04 6.2411888808e-04 1.2087026196e-12
 4.9799176008e-08 4.9799176008e-08 1.2000000000e+00 5.4210366931e-20 -6.2411888929e-04 6.2411888808e-04 1.2087026183e-12
 5.0500000000e-08 5.0500000000e-08 1.2000000000e+00 2.7104975107e-20 -6.2411888929e-04 6.2411888808e-04 1.2087026188e-12
 5.0507812500e-08 5.0507812500e-08 1.2000000000e+00 -4.2200247141e-29 -6.2411888929e-04 6.2411888808e-04 1.2087026196e-12
 5.0516425410e-08 5.0516425410e-08 1.2000000000e+00 1.7347293219e-18 -6.2411888929e-04 6.2411888808e-04 1.2087025656e-12
 5.0518377194e-08 5.0518377194e-08 1.2000000000e+00 -6.9409906792e-18 -6.2411888929e-04 6.2411888808e-04 1.2087028112e-12
 5.0520303983e-08 5.0520303983e-08 1.2000000000e+00 -6.9345823770e-18 -6.2411888929e-04 6.2411888808e-04 1.2087026716e-12
 5.0523233334e-08 5.0523233334e-08 1.2000000000e+00 -6.9445077862e-18 -6.2411888929e-04 6.2411888808e-04 1.2087027652e-12
 5.0526808437e-08 5.0526808437e-08 1.2000000000e+00 -3.7068711374e-20 -6.2411888929e-04 6.2411888808e-04 1.2087059577e-12
 5.0531632716e-08 5.0531632716e-08 1.2000000000e+00 1.4051807432e-19 -6.2411888929e-04 6.2411888808e-04 1.2087002249e-12
 5.0540002466e-08 5.0540002466e-08 1.2000000000e+00 -1.9940485569e-19 -6.2411888929e-04 6.2411888808e-04 1.2087003546e-12
 5.0543997058e-08 5.0543997058e-08 1.2000000000e+00 3.0383343114e-20 -6.2411888929e-04 6.2411888808e-04 1.2087013653e-12
 5.0551986241e-08 5.0551986241e-08 1.2000000000e+00 -1.7296648868e-18 -6.2411888929e-04 6.2411888808e-04 1.2087044383e-12
 5.0557937922e-08 5.0557937922e-08 1.2000000000e+00 -3.4380989736e-18 -6.2411888929e-04 6.2411888808e-04 1.2087032285e-12
 5.0565887816e-08 5.0565887816e-08 1.2000000000e+00 1.7059150933e-18 -6.2411888929e-04 6.2411888808e-04 1.2087015120e-12
 5.0574576144e-08 5.0574576144e-08 1.2000000000e+00 -1.1280864094e-20 -6.2411888929e-04 6.2411888808e-04 1.2087025067e-12
 5.0584843007e-08 5.0584843007e-08 1.2000000000e+00 1.7568201859e-18 -6.2411888929e-04 6.2411888808e-04 1.2087021134e-12
 5.0593893172e-08 5.0593893172e-08 1.2000000000e+00 -1.7495080090e-18 -6.2411888929e-04 6.2411888808e-04 1.2087033537e-12
 5.0611993501e-08 5.0611993501e-08 1.2000000000e+00 -8.4760610725e-19 -6.2411888929e-04 6.2411888808e-04 1.2087033606e-12
 5.0625093231e-08 5.0625093231e-08 1.2000000000e+00 -1.7408891333e-18 -6.2411888929e-04 6.2411888808e-04 1.2087030022e-12
 5.0636457055e-08 5.0636457055e-08 1.2000000000e+00 -1.7348093153e-18 -6.2411888929e-04 6.2411888808e-04 1.2087026188e-12
 5.0648267354e-08 5.0648267354e-08 1.2000000000e+00 1.7344722591e-18 -6.2411888929e-04 6.2411888808e-04 1.2087021313e-12
 5.0659699873e-08 5.0659699873e-08 1.2000000000e+00 -3.5014902589e-21 -6.2411888929e-04 6.2411888808e-04 1.2087026403e-12
 5.0670683861e-08 5.0670683861e-08 1.2000000000e+00 1.7425388501e-18 -6.2411888929e-04 6.2411888808e-04 1.2087018252e-12
 5.0681488381e-08 5.0681488381e-08 1.2000000000e+00 -3.4830540847e-18 -6.2411888929e-04 6.2411888808e-04 1.2087034144e-12
 5.0692110092e-08 5.0692110092e-08 1.2000000000e+00 1.3725521385e-20 -6.2411888929e-04 6.2411888808e-04 1.2087038245e-12
 5.0702518935e-08 5.0702518935e-08 1.2000000000e+00 -3.4754996452e-18 -6.2411888929e-04 6.2411888808e-04 1.2087044095e-12
 5.0712730192e-08 5.0712730192e-08 1.2000000000e+00 1.3979729420e-20 -6.2411888929e-04 6.2411888808e-04 1.2087018838e-12
 5.0722745189e-08 5.0722745189e-08 1.2000000000e+00 -1.7595662522e-18 -6.2411888929e-04 6.2411888808e-04 1.2087024504e-12
 5.0732557914e-08 5.0732557914e-08 1.2000000000e+00 1.2768411897e-20 -6.2411888929e-04 6.2411888808e-04 1.2087029473e-12
 5.0743131169e-08 5.0743131169e-08 1.2000000000e+00 -3.4711016458e-18 -6.2411888929e-04 6.2411888808e-04 1.2087035809e-12
 5.0752830477e-08 5.0752830477e-08 1.2000000000e+00 1.7419786220e-18 -6.2411888929e-04 6.2411888808e-04 1.2087026861e-12
 5.0763452280e-08 5.0763452280e-08 1.2000000000e+00 -1.7476339160e-18 -6.2411888929e-04 6.2411888808e-04 1.2087033696e-12
 5.0773142601e-08 5.0773142601e-08 1.2000000000e+00 1.7464199902e-18 -6.2411888929e-04 6.2411888808e-04 1.2087027258e-12
 5.0784561693e-08 5.0784561693e-08 1.2000000000e+00 -1.7461281330e-18 -6.2411888929e-04 6.2411888808e-04 1.2087034379e-12
 5.0794842802e-08 5.0794842802e-08 1.2000000000e+00 1.0698055494e-20 -6.2411888929e-04 6.2411888808e-04 1.2087027171e-12
 5.0804725041e-08 5.0804725041e-08 1.2000000000e+00 1.7311765123e-18 -6.2411888929e-04 6.2411888808e-04 1.2087016699e-12
 5.0812398933e-08 5.0812398933e-08 1.2000000000e+00 1.7250570426e-18 -6.2411888929e-04 6.2411888808e-04 1.2087025290e-12
 5.0820302640e-08 5.0820302640e-08 1.2000000000e+00 3.4810695023e-18 -6.2411888929e-04 6.2411888808e-04 1.2087026689e-12
 5.0827906813e-08 5.0827906813e-08 1.2000000000e+00 -2.3512848315e-21 -6.2411888929e-04 6.2411888808e-04 1.2087025987e-12
 5.0835574412e-08 5.0835574412e-08 1.2000000000e+00 -6.4970452565e-21 -6.2411888929e-04 6.2411888808e-04 1.2087034801e-12
 5.0843194743e-08 5.0843194743e-08 1.2000000000e+00 1.7529913163e-18 -6.2411888929e-04 6.2411888808e-04 1.2087019222e-12
 5.0850827014e-08 5.0850827014e-08 1.2000000000e+00 5.1892287567e-18 -6.2411888929e-04 6.2411888808e-04 1.2087006492e-12
 5.0858450068e-08 5.0858450068e-08 1.2000000000e+00 -1.7537385556e-18 -6.2411888929e-04 6.2411888808e-04 1.2087033030e-12
 5.0866074049e-08 5.0866074049e-08 1.2000000000e+00 3.2124603729e-20 -6.2411888929e-04 6.2411888808e-04 1.2087039873e-12
 5.0873695181e-08 5.0873695181e-08 1.2000000000e+00 -1.2245845847e-21 -6.2411888929e-04 6.2411888808e-04 1.2087025662e-12
 5.0881315388e-08 5.0881315388e-08 1.2000000000e+00 -1.6574381024e-20 -6.2411888929e-04 6.2411888808e-04 1.2087025216e-12
 5.0888934193e-08 5.0888934193e-08 1.2000000000e+00 3.4747744829e-18 -6.2411888929e-04 6.2411888808e-04 1.2087026144e-12
 5.0896552180e-08 5.0896552180e-08 1.2000000000e+00 1.7412285986e-18 -6.2411888929e-04 6.2411888808e-04 1.2087018119e-12
 5.0904169565e-08 5.0904169565e-08 1.2000000000e+00 -1.3626481271e-20 -6.2411888929e-04 6.2411888808e-04 1.2087024964e-12
 5.0911786808e-08 5.0911786808e-08 1.2000000000e+00 1.0975905353e-20 -6.2411888929e-04 6.2411888808e-04 1.2087027154e-12
 5.0919404371e-08 5.0919404371e-08 1.2000000000e+00 -1.7401849259e-18 -6.2411888929e-04 6.2411888808e-04 1.2087034360e-12
 5.0927022842e-08 5.0927022842e-08 1.2000000000e+00 -1.7331458888e-18 -6.2411888929e-04 6.2411888808e-04 1.2087044182e-12
 5.0934642905e-08 5.0934642905e-08 1.2000000000e+00 3.4804831863e-18 -6.2411888929e-04 6.2411888808e-04 1.2087035367e-12
 5.0942335091e-08 5.0942335091e-08 1.2000000000e+00 -3.4875026776e-18 -6.2411888929e-04 6.2411888808e-04 1.2087042435e-12
 5.0949952402e-08 5.0949952402e-08 1.2000000000e+00 -1.7203268194e-18 -6.2411888929e-04 6.2411888808e-04 1.2087038879e-12
 5.0957592753e-08 5.0957592753e-08 1.2000000000e+00 -7.2374533150e-21 -6.2411888929e-04 6.2411888808e-04 1.2087034820e-12
 5.0965227161e-08 5.0965227161e-08 1.2000000000e+00 -1.7309105676e-18 -6.2411888929e-04 6.2411888808e-04 1.2087026530e-12
 5.0972873414e-08 5.0972873414e-08 1.2000000000e+00 1.7326842024e-18 -6.2411888929e-04 6.2411888808e-04 1.2087016846e-12
 5.0980528214e-08 5.0980528214e-08 1.2000000000e+00 1.7290188032e-18 -6.2411888929e-04 6.2411888808e-04 1.2087016464e-12
 5.0990264107e-08 5.0990264107e-08 1.2000000000e+00 1.4093245343e-21 -6.2411888929e-04 6.2411888808e-04 1.2087026279e-12
 5.1000000000e-08 5.1000000000e-08 1.2000000000e+00 1.7433163650e-18 -6.2411888929e-04 6.2411888808e-04 1.2087026965e-12
 5.1000330391e-08 5.1000330391e-08 1.1996035304e+00 7.6913083411e-05 -6.5229637036e-04 5.8166304482e-04 -6.2776078471e-06
 5.1000665247e-08 5.1000665247e-08 1.1992017039e+00 7.6504938858e-05 -6.5001969021e-04 5.8348571277e-04 -9.9694108877e-06
 5.1001035285e-08 5.1001035285e-08 1.1987576582e+00 7.6353733083e-05 -6.4867883244e-04 5.8383898434e-04 -1.1512656370e-05
 5.1001315688e-08 5.1001315688e-08 1.1984211743e+00 7.6331051705e-05 -6.4807030647e-04 5.8349504750e-04 -1.1754620883e-05
 5.1001574318e-08 5.1001574318e-08 1.1981108186e+00 7.6331898378e-05 -6.4760984579e-04 5.8301545998e-04 -1.1736338499e-05
 5.1001847233e-08 5.1001847233e-08 1.1977833202e+00 7.6336006390e-05 -6.4713922343e-04 5.8248245654e-04 -1.1678053840e-05
 5.1002158369e-08 5.1002158369e-08 1.1974099574e+00 7.6338507344e-05 -6.4659334882e-04 5.8188910312e-04 -1.1633067038e-05
 5.1002544146e-08 5.1002544146e-08 1.1969470252e+00 7.6338457352e-05 -6.4590294715e-04 5.8117513489e-04 -1.1609445839e-05
 5.1003048790e-08 5.1003048790e-08 1.1963414523e+00 7.6336067016e-05 -6.4499001976e-04 5.8025739106e-04 -1.1602237707e-05
 5.1003742627e-08 5.1003742627e-08 1.1955088474e+00 7.6331761487e-05 -6.4373111614e-04 5.7900324327e-04 -1.1602688148e-05
 5.1004762632e-08 5.1004762632e-08 1.1942848415e+00 7.6325348398e-05 -6.4188169571e-04 5.7716167270e-04 -1.1604125294e-05
 5.1006446988e-08 5.1006446988e-08 1.1922636149e+00 7.6314966160e-05 -6.3883298926e-04 5.7412330817e-04 -1.1604085116e-05
 5.1009815699e-08 5.1009815699e-08 1.1882211618e+00 7.6294236048e-05 -6.3275209908e-04 5.6806160331e-04 -1.1602540317e-05
 5.1016553120e-08 5.1016553120e-08 1.1801362555e+00 7.6252336996e-05 -6.2065435524e-04 5.5600264924e-04 -1.1599431025e-05
 5.1028908617e-08 5.1028908617e-08 1.1653096602e+00 7.6173887547e-05 -5.9869373592e-04 5.3411479752e-04 -1.1593749169e-05
 5.1039828819e-08 5.1039828819e-08 1.1522054172e+00 7.6102203422e-05 -5.7953103090e-04 5.1501860794e-04 -1.1588580487e-05
 5.1048585074e-08 5.1048585074e-08 1.1416979111e+00 7.6043011021e-05 -5.6433626064e-04 4.9987878300e-04 -1.1584333413e-05
 5.1056499987e-08 5.1056499987e-08 1.1322000155e+00 7.5988426355e-05 -5.5073451954e-04 4.8632772979e-04 -1.1580436628e-05
 5.1062767219e-08 5.1062767219e-08 1.1246793368e+00 7.5944352582e-05 -5.4005515891e-04 4.7568931548e-04 -1.1577309172e-05
 5.1069255464e-08 5.1069255464e-08 1.1168934434e+00 7.5898054256e-05 -5.2908491170e-04 4.6476209746e-04 -1.1574040046e-05
 5.1076279871e-08 5.1076279871e-08 1.1084641550e+00 7.5847061841e-05 -5.1730759216e-04 4.5303219317e-04 -1.1570462875e-05
 5.1077516778e-08 5.1077516778e-08 1.1069798664e+00 7.5837693650e-05 -5.1524445068e-04 4.5097777601e-04 -1.1569819006e-05
 5.1078448898e-08 5.1078448898e-08 1.1058613221e+00 7.5830795380e-05 -5.1369190785e-04 4.4943164927e-04 -1.1569336833e-05
 5.1079133031e-08 5.1079133031e-08 1.1050403625e+00 7.5825738025e-05 -5.1255359659e-04 4.4829804280e-04 -1.1568984256e-05
 5.1079698001e-08 5.1079698001e-08 1.1043623988e+00 7.5821555495e-05 -5.1161431058e-04 4.4736264831e-04 -1.1568693253e-05
 5.1080342124e-08 5.1080342124e-08 1.1035894510e+00 7.5816780756e-05 -5.1054426038e-04 4.4629704087e-04 -1.1568361269e-05
 5.1081258794e-08 5.1081258794e-08 1.1024894472e+00 7.5809972766e-05 -5.0902297144e-04 4.4478208692e-04 -1.1567888273e-05
 5.1083092134e-08 5.1083092134e-08 1.1002894396e+00 7.5796312325e-05 -5.0598579486e-04 4.4175762301e-04 -1.1566940497e-05
 5.1084933677e-08 5.1084933677e-08 1.0980795879e+00 7.5782513200e-05 -5.0294229172e-04 4.3872696414e-04 -1.1565985639e-05
 5.1087379642e-08 5.1087379642e-08 1.0951444298e+00 7.5764078826e-05 -4.9891116745e-04 4.3471300193e-04 -1.1564713338e-05
 5.1090167876e-08 5.1090167876e-08 1.0917985494e+00 7.5742907755e-05 -4.9433175219e-04 4.3015330177e-04 -1.1563257365e-05
 5.1094133320e-08 5.1094133320e-08 1.0870400156e+00 7.5712528904e-05 -4.8784802258e-04 4.2369787089e-04 -1.1561177238e-05
 5.1100194549e-08 5.1100194549e-08 1.0797665416e+00 7.5665474114e-05 -4.7800420737e-04 4.1389791052e-04 -1.1557977294e-05
 5.1110799755e-08 5.1110799755e-08 1.0670402939e+00 7.5581321599e-05 -4.6097686631e-04 3.9694906799e-04 -1.1552323299e-05
 5.1121603415e-08 5.1121603415e-08 1.0540759019e+00 7.5492542223e-05 -4.4389151274e-04 3.7994665338e-04 -1.1546482893e-05
 5.1127260512e-08 5.1127260512e-08 1.0472873855e+00 7.5444151231e-05 -4.3505147005e-04 3.7115190170e-04 -1.1543382912e-05
 5.1135614409e-08 5.1135614409e-08 1.0372627091e+00 7.5372047138e-05 -4.2213348921e-04 3.5830143860e-04 -1.1538796560e-05
 5.1136861085e-08 5.1136861085e-08 1.0357666980e+00 7.5360616877e-05 -4.2021952205e-04 3.5639820851e-04 -1.1538103365e-05
 5.1137869794e-08 5.1137869794e-08 1.0345562468e+00 7.5351680049e-05 -4.1867370392e-04 3.5486076872e-04 -1.1537544884e-05
 5.1138879440e-08 5.1138879440e-08 1.0333446725e+00 7.5342749917e-05 -4.1712887137e-04 3.5332430869e-04 -1.1536987260e-05
 5.1139787104e-08 5.1139787104e-08 1.0322554751e+00 7.5334695994e-05 -4.1574213272e-04 3.5194512272e-04 -1.1536486025e-05
 5.1140521459e-08 5.1140521459e-08 1.0313742495e+00 7.5328160764e-05 -4.1462160452e-04 3.5083072398e-04 -1.1536080257e-05
 5.1141472531e-08 5.1141472531e-08 1.0302329629e+00 7.5319678589e-05 -4.1317229514e-04 3.4938937095e-04 -1.1535554430e-05
 5.1143104361e-08 5.1143104361e-08 1.0282747664e+00 7.5305072080e-05 -4.1069060594e-04 3.4692138539e-04 -1.1534651553e-05
 5.1145665087e-08 5.1145665087e-08 1.0252018954e+00 7.5282002469e-05 -4.0680903469e-04 3.4306146523e-04 -1.1533233032e-05
 5.1148941013e-08 5.1148941013e-08 1.0212707849e+00 7.5252199574e-05 -4.0186620835e-04 3.3814662402e-04 -1.1531415274e-05
 5.1154526650e-08 5.1154526650e-08 1.0145680203e+00 7.5200697923e-05 -3.9349796231e-04 3.2982677393e-04 -1.1528309570e-05
 5.1161506544e-08 5.1161506544e-08 1.0061921469e+00 7.5134937283e-05 -3.8314724209e-04 3.1953792340e-04 -1.1524418615e-05
 5.1169104908e-08 5.1169104908e-08 9.9707411004e-01 7.5061393403e-05 -3.7201510499e-04 3.0847508560e-04 -1.1520174038e-05
 5.1178333033e-08 5.1178333033e-08 9.8600036023e-01 7.4969424415e-05 -3.5868798155e-04 2.9523477301e-04 -1.1515015904e-05
 5.1181345206e-08 5.1181345206e-08 9.8238575223e-01 7.4937913146e-05 -3.5438375439e-04 2.9096037491e-04 -1.1513333700e-05
 5.1187369553e-08 5.1187369553e-08 9.7515653622e-01 7.4875368235e-05 -3.4584476592e-04 2.8248057121e-04 -1.1509973554e-05
 5.1189938417e-08 5.1189938417e-08 9.7207390017e-01 7.4847997318e-05 -3.4223161544e-04 2.7889336239e-04 -1.1508544293e-05
 5.1195076143e-08 5.1195076143e-08 9.6590862808e-01 7.4792982324e-05 -3.3505625338e-04 2.7177016062e-04 -1.1505689593e-05
 5.1204224029e-08 5.1204224029e-08 9.5493116508e-01 7.4692677822e-05 -3.2244928845e-04 2.5925843824e-04 -1.1500627644e-05
 5.1213688377e-08 5.1213688377e-08 9.4357394707e-01 7.4584632243e-05 -3.0963626148e-04 2.4654826830e-04 -1.1495439090e-05
 5.1223640681e-08 5.1223640681e-08 9.3163118244e-01 7.4466155978e-05 -2.9641848267e-04 2.3344358357e-04 -1.1490056902e-05
 5.1228206034e-08 5.1228206034e-08 9.2615275895e-01 7.4408994295e-05 -2.9044349369e-04 2.2752333656e-04 -1.1487637195e-05
 5.1237336740e-08 5.1237336740e-08 9.1519591197e-01 7.4293886923e-05 -2.7866380541e-04 2.1585394905e-04 -1.1482830589e-05
 5.1243386985e-08 5.1243386985e-08 9.0793561857e-01 7.4214369878e-05 -2.7098343706e-04 2.0824998385e-04 -1.1479716695e-05
 5.1251421137e-08 5.1251421137e-08 8.9829463608e-01 7.4106007873e-05 -2.6094096365e-04 1.9831181451e-04 -1.1475658754e-05
 5.1260581445e-08 5.1260581445e-08 8.8730226621e-01 7.3977712630e-05 -2.4971035643e-04 1.8720500957e-04 -1.1471165794e-05
 5.1272299441e-08 5.1272299441e-08 8.7324067066e-01 7.3805733520e-05 -2.3568918574e-04 1.7335031658e-04 -1.1465664381e-05
 5.1282475285e-08 5.1282475285e-08 8.6102965763e-01 7.3647206442e-05 -2.2383106376e-04 1.6164625768e-04 -1.1461200378e-05
 5.1293863112e-08 5.1293863112e-08 8.4736426544e-01 7.3460673810e-05 -2.1091630004e-04 1.4891338607e-04 -1.1456559858e-05
 5.1308572706e-08 5.1308572706e-08 8.2971275244e-01 7.3204805035e-05 -1.9479877302e-04 1.3304636038e-04 -1.1451192410e-05
 5.1326894183e-08 5.1326894183e-08 8.0772698055e-01 7.2858383435e-05 -1.7562849284e-04 1.1421708283e-04 -1.1445773433e-05
 5.1346254055e-08 5.1346254055e-08 7.8449513408e-01 7.2451608181e-05 -1.5648396774e-04 9.5475657891e-05 -1.1442098337e-05
 5.1366023092e-08 5.1366023092e-08 7.6077228906e-01 7.1987090697e-05 -1.3814175454e-04 7.7596997814e-05 -1.1441133969e-05
 5.1386110548e-08 5.1386110548e-08 7.3666734266e-01 7.1457815738e-05 -1.2078532252e-04 6.0772454351e-05 -1.1443747563e-05
 5.1406186049e-08 5.1406186049e-08 7.1257674081e-01 7.0862506204e-05 -1.0476515646e-04 4.5354760807e-05 -1.1450910530e-05
 5.1426067338e-08 5.1426067338e-08 6.8871919400e-01 7.0198262010e-05 -9.0245700260e-05 3.1512217928e-05 -1.1463579640e-05
 5.1445696866e-08 5.1445696866e-08 6.6516376082e-01 6.9459894427e-05 -7.7265748703e-05 1.9289816552e-05 -1.1482762218e-05
 5.1465025916e-08 5.1465025916e-08 6.4196890129e-01 6.8642709995e-05 -6.5841571363e-05 8.7095782523e-06 -1.1509516806e-05
 5.1484032279e-08 5.1484032279e-08 6.1916126526e-01 6.7742065905e-05 -5.5955377477e-05 -2.4053111879e-07 -1.1544957204e-05
 5.1502739630e-08 5.1502739630e-08 5.9671244347e-01 6.6752184129e-05 -4.7548347236e-05 -7.6123197446e-06 -1.1590317013e-05
 5.1521219555e-08 5.1521219555e-08 5.7453653364e-01 6.5665066803e-05 -4.0526244044e-05 -1.3490557652e-05 -1.1647064938e-05
 5.1539602282e-08 5.1539602282e-08 5.5247726206e-01 6.4468559630e-05 -3.4762515807e-05 -1.7987726806e-05 -1.1717116808e-05
 5.1558091646e-08 5.1558091646e-08 5.3029002452e-01 6.3143532213e-05 -3.0103766554e-05 -2.1235374441e-05 -1.1803190964e-05
 5.1574058512e-08 5.1574058512e-08 5.1112978537e-01 6.1889173918e-05 -2.6889266118e-05 -2.3105822701e-05 -1.1892884796e-05
 5.1589810373e-08 5.1589810373e-08 4.9222755287e-01 6.0563131296e-05 -2.4342266022e-05 -2.4224428989e-05 -1.1995235938e-05
 5.1603174120e-08 5.1603174120e-08 4.7619105637e-01 5.9362364292e-05 -2.2575008604e-05 -2.4691298461e-05 -1.2094856833e-05
 5.1614863690e-08 5.1614863690e-08 4.6216357172e-01 5.8260197072e-05 -2.1266637218e-05 -2.4800529039e-05 -1.2191830381e-05
 5.1632705676e-08 5.1632705676e-08 4.4075318920e-01 5.6511880140e-05 -1.9603336439e-05 -2.4553214961e-05 -1.2354128261e-05
 5.1654886694e-08 5.1654886694e-08 4.1413596678e-01 5.4206680237e-05 -1.7906860861e-05 -2.3711573530e-05 -1.2587045282e-05
 5.1676572832e-08 5.1676572832e-08 3.8811260145e-01 5.1822613607e-05 -1.6474884414e-05 -2.2492377851e-05 -1.2854150682e-05
 5.1698105034e-08 5.1698105034e-08 3.6227395876e-01 4.9381130404e-05 -1.5176639423e-05 -2.1047201647e-05 -1.3156088591e-05
 5.1720206659e-08 5.1720206659e-08 3.3575200867e-01 4.6852635530e-05 -1.3918881057e-05 -1.9431580344e-05 -1.3500973308e-05
 5.1742470320e-08 5.1742470320e-08 3.0903561639e-01 4.4335919551e-05 -1.2704488727e-05 -1.7748069545e-05 -1.3882160386e-05
 5.1765302153e-08 5.1765302153e-08 2.8163741624e-01 4.1845440703e-05 -1.1511969014e-05 -1.6028672556e-05 -1.4303598176e-05
 5.1789098290e-08 5.1789098290e-08 2.5308205237e-01 3.9405191465e-05 -1.0335775378e-05 -1.4298596330e-05 -1.4769618749e-05
 5.1812762547e-08 5.1812762547e-08 2.2468494406e-01 3.7190888287e-05 -9.2498812012e-06 -1.2685599501e-05 -1.5254206539e-05
 5.1834150140e-08 5.1834150140e-08 1.9901983168e-01 3.5412450840e-05 -8.3554347960e-06 -1.1350840063e-05 -1.5704974913e-05
 5.1853690906e-08 5.1853690906e-08 1.7557091273e-01 3.3979332299e-05 -7.6138509411e-06 -1.0241660337e-05 -1.6122619945e-05
 5.1872627750e-08 5.1872627750e-08 1.5284669959e-01 3.2759645149e-05 -6.9624515219e-06 -9.2660538281e-06 -1.6529938720e-05
 5.1891480674e-08 5.1891480674e-08 1.3022319116e-01 3.1710099731e-05 -6.3797452046e-06 -8.3924630714e-06 -1.6936690375e-05
 5.1910172364e-08 5.1910172364e-08 1.0779316280e-01 3.0829598528e-05 -5.8661651251e-06 -7.6218054353e-06 -1.7340426887e-05
 5.1928843182e-08 5.1928843182e-08 8.5388182187e-02 3.0100518141e-05 -5.4135079069e-06 -6.9419015385e-06 -1.7743907615e-05
 5.1947860068e-08 5.1947860068e-08 6.2567918138e-02 2.9500729053e-05 -5.0096194805e-06 -6.3345419045e-06 -1.8155366586e-05
 5.1959838926e-08 5.1959838926e-08 4.8193289327e-02 2.9215188198e-05 -4.7919518967e-06 -6.0066942894e-06 -1.8415340926e-05
 5.1970108389e-08 5.1970108389e-08 3.5869933284e-02 2.8999179386e-05 -4.6166369011e-06 -5.7424260904e-06 -1.8638915305e-05
 5.1980103483e-08 5.1980103483e-08 2.3875820670e-02 2.8815309714e-05 -4.4562946241e-06 -5.5005265854e-06 -1.8857287410e-05
 5.1989125554e-08 5.1989125554e-08 1.3049335366e-02 2.8676649436e-05 -4.3221712562e-06 -5.2979637516e-06 -1.9055313329e-05
 5.1994562777e-08 5.1994562777e-08 6.5246676828e-03 2.8608644332e-05 -4.2473399544e-06 -5.1848143003e-06 -1.9175288972e-05
 5.2000000000e-08 5.2000000000e-08 0.0000000000e+00 2.8545375260e-05 -4.1742788706e-06 -5.0742973234e-06 -1.9295597958e-05
 5.2000434977e-08 5.2000434977e-08 0.0000000000e+00 8.8186815750e-06 4.8988490210e-07 7.9707055049e-07 -1.0106693278e-05
 5.2000835201e-08 5.2000835201e-08 0.0000000000e+00 3.8101438237e-06 2.4556733561e-07 4.4041536878e-07 -4.4966570894e-06
 5.2001231435e-08 5.2001231435e-08 0.0000000000e+00 1.3856424255e-06 8.7087678747e-08 1.6229103639e-07 -1.6352131817e-06
 5.2001705412e-08 5.2001705412e-08 0.0000000000e+00 2.1562076341e-07 1.2883712188e-08 2.3862475085e-08 -2.5239560809e-07
 5.2002079317e-08 5.2002079317e-08 0.0000000000e+00 -4.3009488633e-08 -2.7045893168e-09 -4.9676374928e-09 5.0687641459e-08
 5.2002486755e-08 5.2002486755e-08 0.0000000000e+00 -8.7279233287e-08 -5.2948680944e-09 -9.4231874777e-09 1.0200884113e-07
 5.2002986001e-08 5.2002986001e-08 0.0000000000e+00 -6.1734262778e-08 -3.7406363448e-09 -6.5678084920e-09 7.2050827868e-08
 5.2003669589e-08 5.2003669589e-08 0.0000000000e+00 -2.4737003921e-08 -1.5041296386e-09 -2.6195025107e-09 2.8863886534e-08
 5.2004781127e-08 5.2004781127e-08 0.0000000000e+00 -6.7769059562e-10 -4.8601735713e-11 -6.4852257409e-11 7.9123333079e-10
 5.2007004203e-08 5.2007004203e-08 0.0000000000e+00 4.6340626798e-09 2.7288545227e-10 4.9936190300e-10 -5.4069195516e-09
 5.2010838989e-08 5.2010838989e-08 0.0000000000e+00 1.3005886267e-09 7.1168291632e-11 1.4472383732e-10 -1.5166518366e-09
 5.2016919862e-08 5.2016919862e-08 0.0000000000e+00 -7.4632073776e-11 -1.2052673184e-11 -1.6097181096e-12 8.8304281798e-11
 5.2023472982e-08 5.2023472982e-08 0.0000000000e+00 -5.4142707402e-11 -1.0812759889e-11 5.7027956182e-13 6.4392311157e-11
 5.2029362803e-08 5.2029362803e-08 0.0000000000e+00 -4.8170626100e-12 -7.8278193756e-12 5.8195431201e-12 6.8259714856e-12
 5.2034762387e-08 5.2034762387e-08 0.0000000000e+00 1.0627722105e-12 -7.4720029821e-12 6.4452891044e-12 -3.6198299077e-14
 5.2041165024e-08 5.2041165024e-08 0.0000000000e+00 3.3936127065e-13 -7.5157800645e-12 6.3683035359e-12 8.0807124409e-13
 5.2048511857e-08 5.2048511857e-08 0.0000000000e+00 4.2584881608e-15 -7.5360596672e-12 6.3326404596e-12 1.1991603953e-12
 5.2057954596e-08 5.2057954596e-08 0.0000000000e+00 -1.0290712381e-14 -7.5369402502e-12 6.3310903425e-12 1.2161417366e-12
 5.2067408490e-08 5.2067408490e-08 0.0000000000e+00 -9.9035514272e-16 -7.5363773369e-12 6.3320811706e-12 1.2052868392e-12
 5.2075001070e-08 5.2075001070e-08 0.0000000000e+00 9.4964107469e-17 -7.5363109703e-12 6.3321977601e-12 1.2040184458e-12
 5.2082732443e-08 5.2082732443e-08 0.0000000000e+00 2.6291228271e-17 -7.5363143236e-12 6.3321906896e-12 1.2040970913e-12
 5.2090383443e-08 5.2090383443e-08 0.0000000000e+00 6.2352384965e-18 -7.5363165600e-12 6.3321872219e-12 1.2041230632e-12
 5.2098207865e-08 5.2098207865e-08 0.0000000000e+00 2.0849165081e-18 -7.5363169006e-12 6.3321871367e-12 1.2041276401e-12
 5.2106337450e-08 5.2106337450e-08 0.0000000000e+00 1.6862325351e-18 -7.5363171667e-12 6.3321870918e-12 1.2041284310e-12
 5.2114874679e-08 5.2114874679e-08 0.0000000000e+00 3.2735114832e-19 -7.5363170224e-12 6.3321870881e-12 1.2041290168e-12
 5.2123926738e-08 5.2123926738e-08 0.0000000000e+00 -4.1472423644e-19 -7.5363169194e-12 6.3321870775e-12 1.2041303145e-12
 5.2133625440e-08 5.2133625440e-08 0.0000000000e+00 -5.3817437155e-19 -7.5363170447e-12 6.3321870723e-12 1.2041304643e-12
 5.2144147405e-08 5.2144147405e-08 0.0000000000e+00 4.4664540379e-19 -7.5363169262e-12 6.3321870634e-12 1.2041294142e-12
 5.2153550843e-08 5.2153550843e-08 0.0000000000e+00 1.1308886158e-19 -7.5363169202e-12 6.3321870732e-12 1.2041292461e-12
 5.2166536330e-08 5.2166536330e-08 0.0000000000e+00 5.8860313473e-19 -7.5363168220e-12 6.3321870563e-12 1.2041289773e-12
 5.2178102320e-08 5.2178102320e-08 0.0000000000e+00 5.4283515158e-20 -7.5363168155e-12 6.3321870674e-12 1.2041297690e-12
 5.2189889698e-08 5.2189889698e-08 0.0000000000e+00 -1.0278968209e-19 -7.5363168250e-12 6.3321870658e-12 1.2041295115e-12
 5.2203503642e-08 5.2203503642e-08 0.0000000000e+00 5.0780035139e-19 -7.5363169227e-12 6.3321870693e-12 1.2041295329e-12
 5.2219374566e-08 5.2219374566e-08 0.0000000000e+00 -4.2327467980e-19 -7.5363169805e-12 6.3321870734e-12 1.2041303055e-12
 5.2239469099e-08 5.2239469099e-08 0.0000000000e+00 -2.3973167512e-21 -7.5363169272e-12 6.3321870721e-12 1.2041298623e-12
 5.2258806859e-08 5.2258806859e-08 0.0000000000e+00 2.1841098324e-19 -7.5363169270e-12 6.3321870657e-12 1.2041296398e-12
 5.2266091609e-08 5.2266091609e-08 0.0000000000e+00 -4.3254250895e-19 -7.5363169270e-12 6.3321870691e-12 1.2041298558e-12
 5.2267857040e-08 5.2267857040e-08 0.0000000000e+00 -1.7284300097e-18 -7.5363169225e-12 6.3321870696e-12 1.2041300623e-12
 5.2270158328e-08 5.2270158328e-08 0.0000000000e+00 1.6595862648e-18 -7.5363173814e-12 6.3321870618e-12 1.2041297422e-12
 5.2270947722e-08 5.2270947722e-08 0.0000000000e+00 4.2524117312e-20 -7.5363169016e-12 6.3321870185e-12 1.2041297901e-12
 5.2271637773e-08 5.2271637773e-08 0.0000000000e+00 1.3215991509e-19 -7.5363151747e-12 6.3321870812e-12 1.2041301311e-12
 5.2271926553e-08 5.2271926553e-08 0.0000000000e+00 -1.3954342057e-17 -7.5363204805e-12 6.3321872799e-12 1.2041300158e-12
 5.2272076127e-08 5.2272076127e-08 0.0000000000e+00 -2.1405241830e-17 -7.5363186815e-12 6.3321849996e-12 1.2041234258e-12
 5.2272134676e-08 5.2272134676e-08 0.0000000000e+00 5.4264903513e-17 -7.5363132246e-12 6.3321902520e-12 1.2041253571e-12
 5.2272169573e-08 5.2272169573e-08 0.0000000000e+00 -1.5278432654e-17 -7.5362700288e-12 6.3321851525e-12 1.2041117361e-12
 5.2272189514e-08 5.2272189514e-08 0.0000000000e+00 5.7650224162e-18 -7.5363868022e-12 6.3321873458e-12 1.2041369077e-12
 5.2272209141e-08 5.2272209141e-08 0.0000000000e+00 3.5371276794e-17 -7.5363075617e-12 6.3321787566e-12 1.2041475568e-12
 5.2272226804e-08 5.2272226804e-08 0.0000000000e+00 3.0447697075e-17 -7.5363525013e-12 6.3321826454e-12 1.2041380201e-12
 5.2272239369e-08 5.2272239369e-08 0.0000000000e+00 -3.9448309224e-16 -7.5362900736e-12 6.3321755048e-12 1.2041226720e-12
 5.2272264500e-08 5.2272264500e-08 0.0000000000e+00 -1.0923800898e-16 -7.5364044981e-12 6.3321622630e-12 1.2041025397e-12
 5.2272292905e-08 5.2272292905e-08 0.0000000000e+00 6.2843904759e-17 -7.5363947682e-12 6.3321570063e-12 1.2040501790e-12
 5.2272324812e-08 5.2272324812e-08 0.0000000000e+00 -1.3423822772e-16 -7.5362560380e-12 6.3322486151e-12 1.2041773604e-12
 5.2272362875e-08 5.2272362875e-08 0.0000000000e+00 -1.2563369163e-16 -7.5362941690e-12 6.3322074944e-12 1.2041958115e-12
 5.2272409928e-08 5.2272409928e-08 0.0000000000e+00 -1.5167069324e-17 -7.5362398523e-12 6.3322009453e-12 1.2041779248e-12
 5.2272473635e-08 5.2272473635e-08 0.0000000000e+00 6.4227239716e-17 -7.5363848354e-12 6.3321706742e-12 1.2041234175e-12
 5.2272550362e-08 5.2272550362e-08 0.0000000000e+00 -1.3343736907e-16 -7.5362570019e-12 6.3322070933e-12 1.2041844172e-12
 5.2272636546e-08 5.2272636546e-08 0.0000000000e+00 8.8964686483e-17 -7.5363380951e-12 6.3321485232e-12 1.2040516144e-12
 5.2272735031e-08 5.2272735031e-08 0.0000000000e+00 7.4917120446e-18 -7.5363023437e-12 6.3321945164e-12 1.2040272116e-12
 5.2272849178e-08 5.2272849178e-08 0.0000000000e+00 8.6827514397e-17 -7.5362972550e-12 6.3321884437e-12 1.2040258149e-12
 5.2272982703e-08 5.2272982703e-08 0.0000000000e+00 7.3113904565e-17 -7.5362808808e-12 6.3321972829e-12 1.2040490344e-12
 5.2273142650e-08 5.2273142650e-08 0.0000000000e+00 -2.0985449352e-17 -7.5362856560e-12 6.3321999113e-12 1.2041138738e-12
 5.2273339079e-08 5.2273339079e-08 0.0000000000e+00 1.7581150456e-16 -7.5363313597e-12 6.3321715585e-12 1.2040264333e-12
 5.2273586880e-08 5.2273586880e-08 0.0000000000e+00 -1.6225282881e-17 -7.5362870359e-12 6.3322032862e-12 1.2040955405e-12
 5.2273908090e-08 5.2273908090e-08 0.0000000000e+00 2.4982633508e-17 -7.5363207838e-12 6.3321854459e-12 1.2040995469e-12
 5.2274334690e-08 5.2274334690e-08 0.0000000000e+00 6.0072942552e-18 -7.5363020125e-12 6.3321896315e-12 1.2041158017e-12
 5.2274846511e-08 5.2274846511e-08 0.0000000000e+00 -3.1715893293e-17 -7.5363194246e-12 6.3321886778e-12 1.2041684480e-12
 5.2275496070e-08 5.2275496070e-08 0.0000000000e+00 7.4070291496e-17 -7.5363203181e-12 6.3321815530e-12 1.2040665926e-12
 5.2276406528e-08 5.2276406528e-08 0.0000000000e+00 -1.5582040633e-17 -7.5363116778e-12 6.3321928895e-12 1.2041344250e-12
 5.2277912545e-08 5.2277912545e-08 0.0000000000e+00 3.5421937121e-17 -7.5363191654e-12 6.3321869479e-12 1.2040965268e-12
 5.2280183915e-08 5.2280183915e-08 0.0000000000e+00 -1.3625758162e-17 -7.5363137295e-12 6.3321881886e-12 1.2041377892e-12
 5.2282649962e-08 5.2282649962e-08 0.0000000000e+00 1.6540808716e-17 -7.5363166133e-12 6.3321867201e-12 1.2041140940e-12
 5.2285306171e-08 5.2285306171e-08 0.0000000000e+00 2.4304786344e-17 -7.5363166179e-12 6.3321877875e-12 1.2041042872e-12
 5.2289058340e-08 5.2289058340e-08 0.0000000000e+00 2.7634712891e-20 -7.5363174335e-12 6.3321874765e-12 1.2041295403e-12
 5.2291981210e-08 5.2291981210e-08 0.0000000000e+00 -7.3772052112e-18 -7.5363174165e-12 6.3321868394e-12 1.2041386975e-12
 5.2296052260e-08 5.2296052260e-08 0.0000000000e+00 -7.1666337852e-19 -7.5363169730e-12 6.3321869232e-12 1.2041307710e-12
 5.2300657205e-08 5.2300657205e-08 0.0000000000e+00 5.0740236007e-18 -7.5363173241e-12 6.3321871543e-12 1.2041249669e-12
 5.2309867095e-08 5.2309867095e-08 0.0000000000e+00 4.8726985715e-19 -7.5363168054e-12 6.3321871403e-12 1.2041292978e-12
 5.2323258295e-08 5.2323258295e-08 0.0000000000e+00 -1.8262864634e-18 -7.5363170346e-12 6.3321870042e-12 1.2041319910e-12
 5.2334435611e-08 5.2334435611e-08 0.0000000000e+00 -4.2863841002e-19 -7.5363170368e-12 6.3321870751e-12 1.2041307825e-12
 5.2346485636e-08 5.2346485636e-08 0.0000000000e+00 4.0831296448e-19 -7.5363168084e-12 6.3321870742e-12 1.2041296525e-12
 5.2353714035e-08 5.2353714035e-08 0.0000000000e+00 4.8543638415e-19 -7.5363169235e-12 6.3321870741e-12 1.2041297995e-12
 5.2357021485e-08 5.2357021485e-08 0.0000000000e+00 -2.8816961326e-20 -7.5363169289e-12 6.3321870798e-12 1.2041298889e-12
 5.2363636385e-08 5.2363636385e-08 0.0000000000e+00 1.2717579498e-18 -7.5363164964e-12 6.3321870389e-12 1.2041297297e-12
 5.2370967928e-08 5.2370967928e-08 0.0000000000e+00 -2.5615232840e-20 -7.5363169249e-12 6.3321870597e-12 1.2041290192e-12
 5.2377997735e-08 5.2377997735e-08 0.0000000000e+00 -6.8739309698e-19 -7.5363169194e-12 6.3321870796e-12 1.2041297139e-12
 5.2385561442e-08 5.2385561442e-08 0.0000000000e+00 -5.5849593689e-19 -7.5363169343e-12 6.3321870638e-12 1.2041304252e-12
 5.2394339825e-08 5.2394339825e-08 0.0000000000e+00 2.8267091871e-19 -7.5363169352e-12 6.3321870609e-12 1.2041291077e-12
 5.2398925725e-08 5.2398925725e-08 0.0000000000e+00 3.3683923481e-19 -7.5363169061e-12 6.3321871014e-12 1.2041304545e-12
 5.2408097526e-08 5.2408097526e-08 0.0000000000e+00 -5.0264523538e-20 -7.5363169592e-12 6.3321870566e-12 1.2041303403e-12
 5.2411729979e-08 5.2411729979e-08 0.0000000000e+00 4.7860795930e-20 -7.5363167073e-12 6.3321870596e-12 1.2041295950e-12
 5.2418994885e-08 5.2418994885e-08 0.0000000000e+00 -5.8175256412e-19 -7.5363169047e-12 6.3321870832e-12 1.2041304552e-12
 5.2428780030e-08 5.2428780030e-08 0.0000000000e+00 -7.8724617655e-19 -7.5363169556e-12 6.3321870689e-12 1.2041302536e-12
 5.2433373872e-08 5.2433373872e-08 0.0000000000e+00 -1.5338600139e-18 -7.5363171304e-12 6.3321871017e-12 1.2041314715e-12
 5.2442561555e-08 5.2442561555e-08 0.0000000000e+00 -7.7195240996e-19 -7.5363172735e-12 6.3321870569e-12 1.2041316414e-12
 5.2448235170e-08 5.2448235170e-08 0.0000000000e+00 4.0204823800e-19 -7.5363169296e-12 6.3321870520e-12 1.2041298502e-12
 5.2455552910e-08 5.2455552910e-08 0.0000000000e+00 -3.1835148478e-20 -7.5363170086e-12 6.3321871011e-12 1.2041303855e-12
 5.2463366488e-08 5.2463366488e-08 0.0000000000e+00 9.1701543643e-20 -7.5363167343e-12 6.3321870498e-12 1.2041297507e-12
 5.2472771805e-08 5.2472771805e-08 0.0000000000e+00 5.4609563998e-19 -7.5363169178e-12 6.3321870659e-12 1.2041293002e-12
 5.2484051025e-08 5.2484051025e-08 0.0000000000e+00 9.0775049725e-19 -7.5363168175e-12 6.3321870663e-12 1.2041298128e-12
 5.2493932439e-08 5.2493932439e-08 0.0000000000e+00 -5.1775875775e-20 -7.5363169300e-12 6.3321870775e-12 1.2041303466e-12
 5.2513695267e-08 5.2513695267e-08 0.0000000000e+00 3.6051620111e-19 -7.5363168772e-12 6.3321870584e-12 1.2041294529e-12
 5.2530087262e-08 5.2530087262e-08 0.0000000000e+00 3.1336378318e-19 -7.5363168670e-12 6.3321870682e-12 1.2041295081e-12
 5.2547475851e-08 5.2547475851e-08 0.0000000000e+00 -8.7202294012e-21 -7.5363168735e-12 6.3321870682e-12 1.2041300834e-12
 5.2570154456e-08 5.2570154456e-08 0.0000000000e+00 1.7006677378e-19 -7.5363168757e-12 6.3321870678e-12 1.2041299100e-12
 5.2598271974e-08 5.2598271974e-08 0.0000000000e+00 3.6624022367e-20 -7.5363168978e-12 6.3321870691e-12 1.2041299264e-12
 5.2631698041e-08 5.2631698041e-08 0.0000000000e+00 -1.1412410945e-19 -7.5363169545e-12 6.3321870701e-12 1.2041299862e-12
 5.2669994305e-08 5.2669994305e-08 0.0000000000e+00 -1.7763419011e-21 -7.5363169273e-12 6.3321870688e-12 1.2041299686e-12
 5.2711870588e-08 5.2711870588e-08 0.0000000000e+00 -1.7244494596e-22 -7.5363169542e-12 6.3321870689e-12 1.2041298584e-12
 5.2756151867e-08 5.2756151867e-08 0.0000000000e+00 -1.0379988110e-19 -7.5363169810e-12 6.3321870711e-12 1.2041299749e-12
 5.2802202640e-08 5.2802202640e-08 0.0000000000e+00 -2.2140023992e-19 -7.5363169545e-12 6.3321870702e-12 1.2041299919e-12
 5.2849763653e-08 5.2849763653e-08 0.0000000000e+00 -3.6269560695e-22 -7.5363169000e-12 6.3321870689e-12 1.2041298587e-12
 5.2898831488e-08 5.2898831488e-08 0.0000000000e+00 1.1167772964e-19 -7.5363168998e-12 6.3321870676e-12 1.2041298477e-12
 5.2949583010e-08 5.2949583010e-08 0.0000000000e+00 -1.0847720899e-19 -7.5363169542e-12 6.3321870707e-12 1.2041299665e-12
 5.3002301722e-08 5.3002301722e-08 0.0000000000e+00 -5.8248418261e-20 -7.5363169002e-12 6.3321870677e-12 1.2041298694e-12
 5.3057340297e-08 5.3057340297e-08 0.0000000000e+00 -4.9931283864e-20 -7.5363169404e-12 6.3321870694e-12 1.2041299144e-12
 5.3115113607e-08 5.3115113607e-08 0.0000000000e+00 -2.6775965645e-21 -7.5363169272e-12 6.3321870696e-12 1.2041298746e-12
 5.3176104967e-08 5.3176104967e-08 0.0000000000e+00 1.3444991939e-21 -7.5363169135e-12 6.3321870682e-12 1.2041298567e-12
 5.3240882035e-08 5.3240882035e-08 0.0000000000e+00 5.4002832785e-20 -7.5363169406e-12 6.3321870681e-12 1.2041298651e-12
 5.3310122365e-08 5.3310122365e-08 0.0000000000e+00 5.2997107966e-20 -7.5363169136e-12 6.3321870688e-12 1.2041297444e-12
 5.3384649265e-08 5.3384649265e-08 0.0000000000e+00 3.4328035310e-21 -7.5363169269e-12 6.3321870693e-12 1.2041299085e-12
 5.3465481743e-08 5.3465481743e-08 0.0000000000e+00 -4.5611630151e-21 -7.5363169138e-12 6.3321870677e-12 1.2041298090e-12
 5.3553905756e-08 5.3553905756e-08 0.0000000000e+00 5.7501648596e-20 -7.5363169269e-12 6.3321870684e-12 1.2041298477e-12
 5.3651578530e-08 5.3651578530e-08 0.0000000000e+00 -2.8135175636e-20 -7.5363169271e-12 6.3321870697e-12 1.2041299202e-12
 5.3760685966e-08 5.3760685966e-08 0.0000000000e+00 -8.7354639297e-22 -7.5363169272e-12 6.3321870685e-12 1.2041298557e-12
 5.3884188584e-08 5.3884188584e-08 0.0000000000e+00 5.5110800306e-20 -7.5363169270e-12 6.3321870682e-12 1.2041298029e-12
 5.4026221518e-08 5.4026221518e-08 0.0000000000e+00 2.7415353020e-20 -7.5363169271e-12 6.3321870690e-12 1.2041298273e-12
 5.4192776718e-08 5.4192776718e-08 0.0000000000e+00 2.6549229058e-20 -7.5363169203e-12 6.3321870685e-12 1.2041298282e-12
 5.4392934989e-08 5.4392934989e-08 0.0000000000e+00 -1.3253119739e-20 -7.5363169339e-12 6.3321870694e-12 1.2041298866e-12
 5.4641254443e-08 5.4641254443e-08 0.0000000000e+00 -4.4654638417e-22 -7.5363169237e-12 6.3321870689e-12 1.2041298603e-12
 5.4962838806e-08 5.4962838806e-08 0.0000000000e+00 1.3947392305e-20 -7.5363169271e-12 6.3321870690e-12 1.2041298712e-12
 5.5405469908e-08 5.5405469908e-08 0.0000000000e+00 -6.9186568397e-21 -7.5363169305e-12 6.3321870691e-12 1.2041298727e-12
 5.6074112708e-08 5.6074112708e-08 0.0000000000e+00 6.7937188853e-21 -7.5363169271e-12 6.3321870690e-12 1.2041298590e-12
 5.7074112708e-08 5.7074112708e-08 0.0000000000e+00 3.4228357333e-21 -7.5363169254e-12 6.3321870689e-12 1.2041298581e-12
 5.8074112708e-08 5.8074112708e-08 0.0000000000e+00 -1.2102110565e-23 -7.5363169262e-12 6.3321870690e-12 1.2041298615e-12
 5.9074112708e-08 5.9074112708e-08 0.0000000000e+00 -4.3930354564e-24 -7.5363169262e-12 6.3321870690e-12 1.2041298615e-12
 6.0000000000e-08 6.0000000000e-08 0.0000000000e+00 -3.3860320341e-21 -7.5363169288e-12 6.3321870691e-12 1.2041298619e-12
 6.0003913046e-08 6.0003913046e-08 4.6956554866e-03 -2.6828327994e-05 4.3054987704e-06 5.2894872448e-06 1.7231921794e-05
 6.0007650568e-08 6.0007650568e-08 9.1806818535e-03 -2.9158639110e-05 4.2547151493e-06 5.1929357471e-06 1.9709846437e-05
 6.0008553759e-08 6.0008553759e-08 1.0264510812e-02 -2.8896882542e-05 4.2813329086e-06 5.2333069918e-06 1.9381070836e-05
 6.0009510722e-08 6.0009510722e-08 1.1412866640e-02 -2.8748223076e-05 4.3048808730e-06 5.2707962426e-06 1.9171353192e-05
 6.0010652156e-08 6.0010652156e-08 1.2782586999e-02 -2.8710509712e-05 4.3246541541e-06 5.3015766873e-06 1.9083078881e-05
 6.0012935023e-08 6.0012935023e-08 1.5522027717e-02 -2.8739185349e-05 4.3580425718e-06 5.3521160422e-06 1.9027826174e-05
 6.0014987614e-08 6.0014987614e-08 1.7985136509e-02 -2.8779388661e-05 4.3878344335e-06 5.3969755386e-06 1.8993379352e-05
 6.0018076704e-08 6.0018076704e-08 2.1692044913e-02 -2.8831823420e-05 4.4341425226e-06 5.4668503166e-06 1.8929631728e-05
 6.0024254885e-08 6.0024254885e-08 2.9105861720e-02 -2.8936937061e-05 4.5301357991e-06 5.6117492852e-06 1.8793853120e-05
 6.0029583920e-08 6.0029583920e-08 3.5500703766e-02 -2.9038774132e-05 4.6174180080e-06 5.7434115424e-06 1.8676745680e-05
 6.0036346586e-08 6.0036346586e-08 4.3615902692e-02 -2.9181088664e-05 4.7331356162e-06 5.9178663277e-06 1.8528887810e-05
 6.0044580399e-08 6.0044580399e-08 5.3496479032e-02 -2.9374601395e-05 4.8819530992e-06 6.1420784566e-06 1.8349370927e-05
 6.0060258910e-08 6.0060258910e-08 7.2310692136e-02 -2.9799952465e-05 5.1878098054e-06 6.6025243191e-06 1.8008419426e-05
 6.0071522475e-08 6.0071522475e-08 8.5826970401e-02 -3.0178118278e-05 5.4363746514e-06 6.9763020378e-06 1.7764242671e-05
 6.0080251427e-08 6.0080251427e-08 9.6301712877e-02 -3.0511386222e-05 5.6450561630e-06 7.2899210531e-06 1.7575210089e-05
 6.0097709332e-08 6.0097709332e-08 1.1725119783e-01 -3.1237882094e-05 6.0864112379e-06 7.9530357211e-06 1.7197236217e-05
 6.0110921538e-08 6.0110921538e-08 1.3310584509e-01 -3.1894883008e-05 6.4632700936e-06 8.5189217858e-06 1.6911492209e-05
 6.0120356204e-08 6.0120356204e-08 1.4442744519e-01 -3.2424616080e-05 6.7565397792e-06 8.9591800166e-06 1.6707697363e-05
 6.0139225538e-08 6.0139225538e-08 1.6707064540e-01 -3.3556024965e-05 7.3714812610e-06 9.8825217508e-06 1.6300823030e-05
 6.0156308595e-08 6.0156308595e-08 1.8757031399e-01 -3.4742101366e-05 7.9919435434e-06 1.0814449903e-05 1.5934508989e-05
 6.0169108026e-08 6.0169108026e-08 2.0292963069e-01 -3.5744505911e-05 8.5010507995e-06 1.1579641957e-05 1.5662614213e-05
 6.0180581950e-08 6.0180581950e-08 2.1669833984e-01 -3.6699302270e-05 8.9786341815e-06 1.2298278385e-05 1.5421190751e-05
 6.0191941127e-08 6.0191941127e-08 2.3032935277e-01 -3.7695771252e-05 9.4703519871e-06 1.3039396598e-05 1.5184823702e-05
 6.0201054944e-08 6.0201054944e-08 2.4126593311e-01 -3.8538945986e-05 9.8807202663e-06 1.3659157198e-05 1.4997869541e-05
 6.0207323191e-08 6.0207323191e-08 2.4878782903e-01 -3.9140718595e-05 1.0170624538e-05 1.4097877526e-05 1.4871017537e-05
 6.0213644598e-08 6.0213644598e-08 2.5637351728e-01 -3.9757512175e-05 1.0466095252e-05 1.4546025794e-05 1.4744192129e-05
 6.0219462599e-08 6.0219462599e-08 2.6335511836e-01 -4.0337457181e-05 1.0741984601e-05 1.4965545215e-05 1.4628728352e-05
 6.0224738128e-08 6.0224738128e-08 2.6968575310e-01 -4.0873520124e-05 1.0995284967e-05 1.5351796732e-05 1.4525239401e-05
 6.0229637711e-08 6.0229637711e-08 2.7556525285e-01 -4.1379213157e-05 1.1232772186e-05 1.5715047404e-05 1.4430194531e-05
 6.0239436877e-08 6.0239436877e-08 2.8732425234e-01 -4.2406359927e-05 1.1711342486e-05 1.6451174008e-05 1.4242644381e-05
 6.0243576586e-08 6.0243576586e-08 2.9229190333e-01 -4.2854120211e-05 1.1917325136e-05 1.6769928084e-05 1.4165667913e-05
 6.0251856004e-08 6.0251856004e-08 3.0222720531e-01 -4.3751914495e-05 1.2327766766e-05 1.7409861918e-05 1.4013086727e-05
 6.0256063723e-08 6.0256063723e-08 3.0727646752e-01 -4.4216443451e-05 1.2537746307e-05 1.7740017537e-05 1.3937480497e-05
 6.0264479160e-08 6.0264479160e-08 3.1737499195e-01 -4.5149655244e-05 1.2955680087e-05 1.8404491040e-05 1.3788284995e-05
 6.0269900294e-08 6.0269900294e-08 3.2388035221e-01 -4.5758276058e-05 1.3224335801e-05 1.8837783738e-05 1.3694957370e-05
 6.0280742561e-08 6.0280742561e-08 3.3689107274e-01 -4.6981523941e-05 1.3754961485e-05 1.9712805888e-05 1.3512557397e-05
 6.0289255855e-08 6.0289255855e-08 3.4710702598e-01 -4.7949367049e-05 1.4163199679e-05 2.0409306614e-05 1.3375661544e-05
 6.0293646056e-08 6.0293646056e-08 3.5237526741e-01 -4.8449697476e-05 1.4369180727e-05 2.0771166932e-05 1.3308150575e-05
 6.0296472517e-08 6.0296472517e-08 3.5576701994e-01 -4.8771227547e-05 1.4499762516e-05 2.1005058297e-05 1.3265207489e-05
 6.0297571318e-08 6.0297571318e-08 3.5708558139e-01 -4.8896087647e-05 1.4550051602e-05 2.1096178263e-05 1.3248658534e-05
 6.0298517898e-08 6.0298517898e-08 3.5822147813e-01 -4.9003660636e-05 1.4593211481e-05 2.1174857676e-05 1.3234392233e-05
 6.0299568230e-08 6.0299568230e-08 3.5948187643e-01 -4.9122982880e-05 1.4640891657e-05 2.1262320319e-05 1.3218571657e-05
 6.0301262764e-08 6.0301262764e-08 3.6151531706e-01 -4.9315405443e-05 1.4717300789e-05 2.1403744077e-05 1.3193161325e-05
 6.0303604914e-08 6.0303604914e-08 3.6432589655e-01 -4.9581172093e-05 1.4821777987e-05 2.1599836853e-05 1.3158357992e-05
 6.0306617065e-08 6.0306617065e-08 3.6794047858e-01 -4.9922543169e-05 1.4954050016e-05 2.1853109413e-05 1.3114184467e-05
 6.0312280378e-08 6.0312280378e-08 3.7473645334e-01 -5.0562914008e-05 1.5195827750e-05 2.2333161184e-05 1.3032725784e-05
 6.0323607002e-08 6.0323607002e-08 3.8832840285e-01 -5.1835660838e-05 1.5646946805e-05 2.3311473527e-05 1.2876041179e-05
 6.0333287082e-08 6.0333287082e-08 3.9994449836e-01 -5.2907591113e-05 1.5986851025e-05 2.4168444740e-05 1.2751095971e-05
 6.0349514673e-08 6.0349514673e-08 4.1941760758e-01 -5.4670365754e-05 1.6436009504e-05 2.5677716385e-05 1.2555440442e-05
 6.0354648336e-08 6.0354648336e-08 4.2557800301e-01 -5.5201800310e-05 1.6530259114e-05 2.6168296270e-05 1.2502045426e-05
 6.0360157194e-08 6.0360157194e-08 4.3218863266e-01 -5.5773922858e-05 1.6610032151e-05 2.6718480173e-05 1.2444211062e-05
 6.0362964069e-08 6.0362964069e-08 4.3555688303e-01 -5.6061466282e-05 1.6638974370e-05 2.7005836366e-05 1.2415456054e-05
 6.0365215888e-08 6.0365215888e-08 4.3825906531e-01 -5.6291239170e-05 1.6656521993e-05 2.7240831249e-05 1.2392686430e-05
 6.0367975382e-08 6.0367975382e-08 4.4157045860e-01 -5.6571580980e-05 1.6670743777e-05 2.7534552042e-05 1.2365085658e-05
 6.0369945531e-08 6.0369945531e-08 4.4393463670e-01 -5.6770006478e-05 1.6675336633e-05 2.7747722441e-05 1.2345747891e-05
 6.0372064442e-08 6.0372064442e-08 4.4647733099e-01 -5.6982312148e-05 1.6675106028e-05 2.7980759585e-05 1.2325247015e-05
 6.0375318152e-08 6.0375318152e-08 4.5038178248e-01 -5.7306112228e-05 1.6663869252e-05 2.8346756149e-05 1.2294287299e-05
 6.0378449158e-08 6.0378449158e-08 4.5413898984e-01 -5.7614219408e-05 1.6639492029e-05 2.8708277413e-05 1.2265250424e-05
 6.0382112758e-08 6.0382112758e-08 4.5853530950e-01 -5.7970825222e-05 1.6593241596e-05 2.9144228319e-05 1.2232155753e-05
 6.0385649145e-08 6.0385649145e-08 4.6277897389e-01 -5.8310615892e-05 1.6529151781e-05 2.9579120413e-05 1.2201144130e-05
 6.0390138708e-08 6.0390138708e-08 4.6816644992e-01 -5.8736476138e-05 1.6418756714e-05 3.0153588819e-05 1.2162931023e-05
 6.0395292429e-08 6.0395292429e-08 4.7435091519e-01 -5.9216886521e-05 1.6248580662e-05 3.0846378376e-05 1.2120727884e-05
 6.0402649671e-08 6.0402649671e-08 4.8317960572e-01 -5.9887897908e-05 1.5918025793e-05 3.1905349787e-05 1.2063322706e-05
 6.0410573651e-08 6.0410573651e-08 4.9268838084e-01 -6.0587944656e-05 1.5432904288e-05 3.3148256188e-05 1.2005584531e-05
 6.0420292741e-08 6.0420292741e-08 5.0435128865e-01 -6.1416189028e-05 1.4633890366e-05 3.4841083545e-05 1.1940015440e-05
 6.0430395345e-08 6.0430395345e-08 5.1647441345e-01 -6.2238654664e-05 1.3535330957e-05 3.6824059483e-05 1.1878064514e-05
 6.0441357926e-08 6.0441357926e-08 5.2962951104e-01 -6.3088219436e-05 1.1999815037e-05 3.9269824320e-05 1.1817380341e-05
 6.0451848727e-08 6.0451848727e-08 5.4221847274e-01 -6.3857462997e-05 1.0162689349e-05 4.1928011214e-05 1.1765562666e-05
 6.0460580658e-08 6.0460580658e-08 5.5269679013e-01 -6.4463961734e-05 8.3388018240e-06 4.4396959528e-05 1.1727000591e-05
 6.0471826643e-08 6.0471826643e-08 5.6619197102e-01 -6.5212906941e-05 5.5788354019e-06 4.7951358178e-05 1.1681513552e-05
 6.0480282632e-08 6.0480282632e-08 5.7633915871e-01 -6.5741016706e-05 3.1818126120e-06 5.0906441193e-05 1.1651563067e-05
 6.0486719164e-08 6.0486719164e-08 5.8406299719e-01 -6.6125360291e-05 1.1684397059e-06 5.3324834296e-05 1.1630886443e-05
 6.0492303219e-08 6.0492303219e-08 5.9076386234e-01 -6.6449657035e-05 -7.1090582959e-07 5.5545356933e-05 1.1614006078e-05
 6.0496151609e-08 6.0496151609e-08 5.9538193117e-01 -6.6666696905e-05 -2.0790398606e-06 5.7141470636e-05 1.1603066268e-05
 6.0500000000e-08 6.0500000000e-08 6.0000000000e-01 -6.6880361874e-05 -3.5061291370e-06 5.8792766744e-05 1.1592524401e-05
 6.0500181124e-08 6.0500181124e-08 6.0021734837e-01 -6.6883693401e-05 -3.5774676057e-06 5.8867791304e-05 1.1592169801e-05
 6.0500342747e-08 6.0500342747e-08 6.0041129652e-01 -6.6897636896e-05 -3.6368015825e-06 5.8941456000e-05 1.1591782609e-05
 6.0500517996e-08 6.0500517996e-08 6.0062159554e-01 -6.6907255232e-05 -3.7034461440e-06 5.9018175171e-05 1.1591326341e-05
 6.0500663883e-08 6.0500663883e-08 6.0079666003e-01 -6.6915252213e-05 -3.7590155305e-06 5.9082132524e-05 1.1590935356e-05
 6.0500807996e-08 6.0500807996e-08 6.0096959501e-01 -6.6923145536e-05 -3.8139924487e-06 5.9145390708e-05 1.1590547412e-05
 6.0500956508e-08 6.0500956508e-08 6.0114780988e-01 -6.6931273568e-05 -3.8707354848e-06 5.9210660459e-05 1.1590148727e-05
 6.0501121283e-08 6.0501121283e-08 6.0134553926e-01 -6.6940284160e-05 -3.9337960901e-06 5.9283172005e-05 1.1589708378e-05
 6.0501315096e-08 6.0501315096e-08 6.0157811466e-01 -6.6950872596e-05 -4.0081101260e-06 5.9368589995e-05 1.1589192860e-05
 6.0501551130e-08 6.0501551130e-08 6.0186135624e-01 -6.6963752717e-05 -4.0988179120e-06 5.9472802838e-05 1.1588567922e-05
 6.0501848142e-08 6.0501848142e-08 6.0221776995e-01 -6.6979936708e-05 -4.2132779470e-06 5.9604229622e-05 1.1587785164e-05
 6.0502236422e-08 6.0502236422e-08 6.0268370658e-01 -6.7001054386e-05 -4.3634462857e-06 5.9776533833e-05 1.1586766969e-05
 6.0502773012e-08 6.0502773012e-08 6.0332761454e-01 -6.7030165417e-05 -4.5719721422e-06 6.0015569385e-05 1.1585368303e-05
 6.0503584438e-08 6.0503584438e-08 6.0430132605e-01 -6.7074030054e-05 -4.8895021263e-06 6.0379061713e-05 1.1583270596e-05
 6.0505038435e-08 6.0505038435e-08 6.0604612230e-01 -6.7152180097e-05 -5.4650994404e-06 6.1036518693e-05 1.1579560971e-05
 6.0507946429e-08 6.0507946429e-08 6.0953571481e-01 -6.7306786289e-05 -6.6417520969e-06 6.2375014908e-05 1.1572323599e-05
 6.0511817084e-08 6.0511817084e-08 6.1418050033e-01 -6.7508633421e-05 -8.2607703358e-06 6.4205102725e-05 1.1563101148e-05
 6.0515636443e-08 6.0515636443e-08 6.1876373187e-01 -6.7702893157e-05 -9.9176707633e-06 6.6064856292e-05 1.1554507738e-05
 6.0519322009e-08 6.0519322009e-08 6.2318641079e-01 -6.7886059234e-05 -1.1572180536e-05 6.7910378286e-05 1.1546661588e-05
 6.0522803003e-08 6.0522803003e-08 6.2736360306e-01 -6.8055417011e-05 -1.3184836837e-05 6.9699432563e-05 1.1539621384e-05
 6.0526486296e-08 6.0526486296e-08 6.3178355496e-01 -6.8231093362e-05 -1.4943793560e-05 7.1641161205e-05 1.1532525811e-05
 6.0531076075e-08 6.0531076075e-08 6.3729129051e-01 -6.8445187732e-05 -1.7210917587e-05 7.4130747565e-05 1.1524157842e-05
 6.0536519732e-08 6.0536519732e-08 6.4382367890e-01 -6.8691812881e-05 -2.0007716582e-05 7.7183395746e-05 1.1514933797e-05
 6.0543105349e-08 6.0543105349e-08 6.5172641898e-01 -6.8979894918e-05 -2.3546529360e-05 8.1020473968e-05 1.1504750383e-05
 6.0549506496e-08 6.0549506496e-08 6.5940779577e-01 -6.9248407980e-05 -2.7148123594e-05 8.4899421434e-05 1.1495910205e-05
 6.0556686637e-08 6.0556686637e-08 6.6802396456e-01 -6.9538043226e-05 -3.1375206767e-05 8.9425004228e-05 1.1487045823e-05
 6.0563754230e-08 6.0563754230e-08 6.7650507584e-01 -6.9810799079e-05 -3.5727392400e-05 9.4057595857e-05 1.1479395672e-05
 6.0572906000e-08 6.0572906000e-08 6.8748720038e-01 -7.0148914471e-05 -4.1640137276e-05 1.0031706820e-04 1.1470783589e-05
 6.0582772916e-08 6.0582772916e-08 6.9932749885e-01 -7.0492793950e-05 -4.8360858653e-05 1.0738926168e-04 1.1463190956e-05
 6.0588663879e-08 6.0588663879e-08 7.0639665516e-01 -7.0684569453e-05 -5.2543581313e-05 1.1176723199e-04 1.1459718806e-05
 6.0594262053e-08 6.0594262053e-08 7.1311446325e-01 -7.0862853465e-05 -5.6632625162e-05 1.1603752327e-04 1.1456755385e-05
 6.0599833993e-08 6.0599833993e-08 7.1980079138e-01 -7.1035386280e-05 -6.0812434116e-05 1.2039246434e-04 1.1454156076e-05
 6.0605592593e-08 6.0605592593e-08 7.2671111206e-01 -7.1207987438e-05 -6.5246704359e-05 1.2500160592e-04 1.1451885900e-05
 6.0611516370e-08 6.0611516370e-08 7.3381964373e-01 -7.1379562827e-05 -6.9928406554e-05 1.2985678689e-04 1.1449982508e-05
 6.0617670034e-08 6.0617670034e-08 7.4120404072e-01 -7.1551627798e-05 -7.4919637712e-05 1.3502162558e-04 1.1448439938e-05
 6.0624097062e-08 6.0624097062e-08 7.4891647403e-01 -7.1724898460e-05 -8.0270273566e-05 1.4054670179e-04 1.1447270238e-05
 6.0630860604e-08 6.0630860604e-08 7.5703272432e-01 -7.1900444197e-05 -8.6051412274e-05 1.4650416404e-04 1.1446492435e-05
 6.0638029010e-08 6.0638029010e-08 7.6563481231e-01 -7.2079235221e-05 -9.2345138321e-05 1.5297703566e-04 1.1446137885e-05
 6.0645686241e-08 6.0645686241e-08 7.7482348869e-01 -7.2262364652e-05 -9.9255279074e-05 1.6007019295e-04 1.1446250777e-05
 6.0653934821e-08 6.0653934821e-08 7.8472178497e-01 -7.2451036454e-05 -1.0691301882e-04 1.6791596368e-04 1.1446891588e-05
 6.0662904939e-08 6.0662904939e-08 7.9548592669e-01 -7.2646664492e-05 -1.1548948810e-04 1.7668681063e-04 1.1448141946e-05
 6.0672766182e-08 6.0672766182e-08 8.0731941836e-01 -7.2850964028e-05 -1.2521343049e-04 1.8661308215e-04 1.1450112357e-05
 6.0683746856e-08 6.0683746856e-08 8.2049622768e-01 -7.3066106194e-05 -1.3640040058e-04 1.9801235233e-04 1.1452954436e-05
 6.0693476564e-08 6.0693476564e-08 8.3217187711e-01 -7.3245345758e-05 -1.4662536223e-04 2.0841348003e-04 1.1456027941e-05
 6.0712935980e-08 6.0712935980e-08 8.5552317596e-01 -7.3584339603e-05 -1.6793633930e-04 2.3005641766e-04 1.1463061222e-05
 6.0726912995e-08 6.0726912995e-08 8.7229559456e-01 -7.3802665032e-05 -1.8394288823e-04 2.4627519356e-04 1.1469159682e-05
 6.0740146140e-08 6.0740146140e-08 8.8817536751e-01 -7.3996193762e-05 -1.9962359711e-04 2.6214318365e-04 1.1475407206e-05
 6.0756207021e-08 6.0756207021e-08 9.0744842477e-01 -7.4218506526e-05 -2.1932784739e-04 2.8206179157e-04 1.1483362323e-05
 6.0775103751e-08 6.0775103751e-08 9.3012450063e-01 -7.4460817232e-05 -2.4343661188e-04 3.0640299929e-04 1.1493229794e-05
 6.0795370442e-08 6.0795370442e-08 9.5444453023e-01 -7.4699000042e-05 -2.7037669015e-04 3.3357022733e-04 1.1504262829e-05
 6.0816453355e-08 6.0816453355e-08 9.7974402603e-01 -7.4926397052e-05 -2.9955668185e-04 3.6296586981e-04 1.1516009055e-05
 6.0838266581e-08 6.0838266581e-08 1.0059198968e+00 -7.5143225133e-05 -3.3094728769e-04 3.9456106135e-04 1.1528251447e-05
 6.0860648778e-08 6.0860648778e-08 1.0327785339e+00 -7.5348938854e-05 -3.6438162140e-04 4.2818861210e-04 1.1540748131e-05
 6.0871416349e-08 6.0871416349e-08 1.0456996182e+00 -7.5439160546e-05 -3.8089622209e-04 4.4478751373e-04 1.1546668873e-05
 6.0875399821e-08 6.0875399821e-08 1.0504797853e+00 -7.5471592579e-05 -3.8707498550e-04 4.5099654581e-04 1.1548832244e-05
 6.0877011093e-08 6.0877011093e-08 1.0524133122e+00 -7.5484957813e-05 -3.8958459625e-04 4.5351864693e-04 1.1549707105e-05
 6.0878377468e-08 6.0878377468e-08 1.0540529619e+00 -7.5496409680e-05 -3.9171742901e-04 4.5566218797e-04 1.1550450687e-05
 6.0879555723e-08 6.0879555723e-08 1.0554668674e+00 -7.5506259954e-05 -3.9356008389e-04 4.5751405185e-04 1.1551091968e-05
 6.0881588689e-08 6.0881588689e-08 1.0579064268e+00 -7.5523194316e-05 -3.9674694103e-04 4.6071673815e-04 1.1552197169e-05
 6.0883795444e-08 6.0883795444e-08 1.0605545331e+00 -7.5541451513e-05 -4.0021700259e-04 4.6420385987e-04 1.1553394210e-05
 6.0887424707e-08 6.0887424707e-08 1.0649096486e+00 -7.5571239399e-05 -4.0594818303e-04 4.6996286512e-04 1.1555357276e-05
 6.0893705235e-08 6.0893705235e-08 1.0724462819e+00 -7.5622100346e-05 -4.1593693474e-04 4.7999909745e-04 1.1558737610e-05
 6.0903103560e-08 6.0903103560e-08 1.0837242721e+00 -7.5696533382e-05 -4.3105012452e-04 4.9518170681e-04 1.1563751066e-05
 6.0914124427e-08 6.0914124427e-08 1.0969493120e+00 -7.5781152623e-05 -4.4902180236e-04 5.1323220618e-04 1.1569548775e-05
 6.0927259122e-08 6.0927259122e-08 1.1127109461e+00 -7.5878591741e-05 -4.7078499105e-04 5.3508604677e-04 1.1576335997e-05
 6.0944736691e-08 6.0944736691e-08 1.1336840298e+00 -7.6003225384e-05 -5.0031038394e-04 5.6472725446e-04 1.1585154840e-05
 6.0966263807e-08 6.0966263807e-08 1.1595165687e+00 -7.6149119360e-05 -5.3753792522e-04 6.0209020547e-04 1.1595639086e-05
 6.0983131904e-08 6.0983131904e-08 1.1797582843e+00 -7.6256770116e-05 -5.6735054558e-04 6.3200264894e-04 1.1603466729e-05
 6.1000000000e-08 6.1000000000e-08 1.2000000000e+00 -7.6360483394e-05 -5.9770752062e-04 6.6245579682e-04 1.1611007167e-05
 6.1001494193e-08 6.1001494193e-08 1.2000000000e+00 1.8527910295e-07 -6.2490977008e-04 6.2293417415e-04 1.7906454475e-06
 6.1002809435e-08 6.1002809435e-08 1.2000000000e+00 -2.7760234445e-08 -6.2400439399e-04 6.2428402054e-04 -2.5190616111e-07
 6.1003548352e-08 6.1003548352e-08 1.2000000000e+00 -1.8263155660e-08 -6.2403983783e-04 6.2423831036e-04 -1.8024389202e-07
 6.1004241115e-08 6.1004241115e-08 1.2000000000e+00 -5.4844639730e-09 -6.2409494593e-04 6.2415577902e-04 -5.5359657777e-08
 6.1005056149e-08 6.1005056149e-08 1.2000000000e+00 -9.5792789426e-11 -6.2411846000e-04 6.2411964754e-04 -1.0920056326e-09
 6.1006504354e-08 6.1006504354e-08 1.2000000000e+00 8.1305393344e-10 -6.2412242820e-04 6.2411346072e-04 8.1560279032e-09
 6.1008786267e-08 6.1008786267e-08 1.2000000000e+00 2.0690331231e-10 -6.2411978970e-04 6.2411750443e-04 2.0787702417e-09
 6.1012100715e-08 6.1012100715e-08 1.2000000000e+00 -1.3084523296e-11 -6.2411883235e-04 6.2411897535e-04 -1.2994557867e-10
 6.1018729613e-08 6.1018729613e-08 1.2000000000e+00 -1.1348308317e-11 -6.2411883991e-04 6.2411896387e-04 -1.1263630266e-10
 6.1031987408e-08 6.1031987408e-08 1.2000000000e+00 -3.0812555463e-13 -6.2411888795e-04 6.2411889014e-04 -1.8827035912e-12
 6.1053258274e-08 6.1053258274e-08 1.2000000000e+00 1.2193891011e-13 -6.2411888982e-04 6.2411888727e-04 2.4317611949e-12
 6.1077285235e-08 6.1077285235e-08 1.2000000000e+00 4.6192990235e-15 -6.2411888931e-04 6.2411888805e-04 1.2550384239e-12
 6.1101462814e-08 6.1101462814e-08 1.2000000000e+00 -5.3919910354e-16 -6.2411888929e-04 6.2411888809e-04 1.2032867512e-12
 6.1124897003e-08 6.1124897003e-08 1.2000000000e+00 -3.6041783921e-17 -6.2411888929e-04 6.2411888808e-04 1.2083523345e-12
 6.1146649906e-08 6.1146649906e-08 1.2000000000e+00 2.8482298774e-18 -6.2411888929e-04 6.2411888808e-04 1.2087218035e-12
 6.1166189045e-08 6.1166189045e-08 1.2000000000e+00 1.6930760943e-18 -6.2411888929e-04 6.2411888808e-04 1.2087016805e-12
 6.1183531870e-08 6.1183531870e-08 1.2000000000e+00 -6.4147866366e-19 -6.2411888929e-04 6.2411888808e-04 1.2087031171e-12
 6.1198996812e-08 6.1198996812e-08 1.2000000000e+00 4.1433903991e-20 -6.2411888929e-04 6.2411888808e-04 1.2087031213e-12
 6.1213144176e-08 6.1213144176e-08 1.2000000000e+00 8.6523115367e-19 -6.2411888929e-04 6.2411888808e-04 1.2087026295e-12
 6.1227774583e-08 6.1227774583e-08 1.2000000000e+00 -1.7383949188e-18 -6.2411888929e-04 6.2411888808e-04 1.2087030459e-12
 6.1241957227e-08 6.1241957227e-08 1.2000000000e+00 4.6785432659e-21 -6.2411888929e-04 6.2411888808e-04 1.2087026894e-12
 6.1255620476e-08 6.1255620476e-08 1.2000000000e+00 1.7343869531e-18 -6.2411888929e-04 6.2411888808e-04 1.2087016978e-12
 6.1269937666e-08 6.1269937666e-08 1.2000000000e+00 -8.5067944204e-21 -6.2411888929e-04 6.2411888808e-04 1.2087030006e-12
 6.1287605035e-08 6.1287605035e-08 1.2000000000e+00 1.2176360536e-20 -6.2411888929e-04 6.2411888808e-04 1.2087028101e-12
 6.1297965246e-08 6.1297965246e-08 1.2000000000e+00 1.7315802578e-18 -6.2411888929e-04 6.2411888808e-04 1.2087025391e-12
 6.1308104342e-08 6.1308104342e-08 1.2000000000e+00 2.2659171245e-21 -6.2411888929e-04 6.2411888808e-04 1.2087017735e-12
 6.1316487863e-08 6.1316487863e-08 1.2000000000e+00 1.7297028874e-18 -6.2411888929e-04 6.2411888808e-04 1.2087017086e-12
 6.1329665398e-08 6.1329665398e-08 1.2000000000e+00 -1.7344114736e-18 -6.2411888929e-04 6.2411888808e-04 1.2087025920e-12
 6.1347603107e-08 6.1347603107e-08 1.2000000000e+00 8.7496681969e-19 -6.2411888929e-04 6.2411888808e-04 1.2087026598e-12
 6.1369934680e-08 6.1369934680e-08 1.2000000000e+00 8.6408609565e-19 -6.2411888929e-04 6.2411888808e-04 1.2087025642e-12
 6.1393028302e-08 6.1393028302e-08 1.2000000000e+00 -8.6877659890e-19 -6.2411888929e-04 6.2411888808e-04 1.2087030805e-12
 6.1412603900e-08 6.1412603900e-08 1.2000000000e+00 -8.6469422915e-19 -6.2411888929e-04 6.2411888808e-04 1.2087026444e-12
 6.1429651165e-08 6.1429651165e-08 1.2000000000e+00 -8.6963885708e-19 -6.2411888929e-04 6.2411888808e-04 1.2087026262e-12
 6.1444360873e-08 6.1444360873e-08 1.2000000000e+00 6.2765747764e-22 -6.2411888929e-04 6.2411888808e-04 1.2087025983e-12
 6.1451066913e-08 6.1451066913e-08 1.2000000000e+00 4.4932125999e-21 -6.2411888929e-04 6.2411888808e-04 1.2087017954e-12
 6.1457479857e-08 6.1457479857e-08 1.2000000000e+00 -3.4876724859e-18 -6.2411888929e-04 6.2411888808e-04 1.2087033706e-12
 6.1463903576e-08 6.1463903576e-08 1.2000000000e+00 3.5025351256e-18 -6.2411888929e-04 6.2411888808e-04 1.2087022148e-12
 6.1469440287e-08 6.1469440287e-08 1.2000000000e+00 -3.4959706072e-18 -6.2411888929e-04 6.2411888808e-04 1.2087024398e-12
 6.1475378980e-08 6.1475378980e-08 1.2000000000e+00 4.6329885169e-21 -6.2411888929e-04 6.2411888808e-04 1.2087034645e-12
 6.1482601094e-08 6.1482601094e-08 1.2000000000e+00 1.8462167928e-20 -6.2411888929e-04 6.2411888808e-04 1.2087027335e-12
 6.1490737853e-08 6.1490737853e-08 1.2000000000e+00 -1.6999652526e-20 -6.2411888929e-04 6.2411888808e-04 1.2087024715e-12
 6.1500080789e-08 6.1500080789e-08 1.2000000000e+00 -3.4761091462e-18 -6.2411888929e-04 6.2411888808e-04 1.2087043957e-12
 6.1510905251e-08 6.1510905251e-08 1.2000000000e+00 -1.7124027318e-18 -6.2411888929e-04 6.2411888808e-04 1.2087039046e-12
 6.1523591421e-08 6.1523591421e-08 1.2000000000e+00 1.7255887294e-18 -6.2411888929e-04 6.2411888808e-04 1.2087021118e-12
 6.1538893994e-08 6.1538893994e-08 1.2000000000e+00 -1.2145284444e-20 -6.2411888929e-04 6.2411888808e-04 1.2087029403e-12
 6.1557565781e-08 6.1557565781e-08 1.2000000000e+00 8.8087073197e-19 -6.2411888929e-04 6.2411888808e-04 1.2087023884e-12
 6.1579422287e-08 6.1579422287e-08 1.2000000000e+00 -8.7445564233e-19 -6.2411888929e-04 6.2411888808e-04 1.2087029902e-12
 6.1604113437e-08 6.1604113437e-08 1.2000000000e+00 4.5121834524e-21 -6.2411888929e-04 6.2411888808e-04 1.2087028624e-12
 6.1631809261e-08 6.1631809261e-08 1.2000000000e+00 -1.4874558831e-21 -6.2411888929e-04 6.2411888808e-04 1.2087026206e-12
 6.1660282733e-08 6.1660282733e-08 1.2000000000e+00 -1.7356188794e-18 -6.2411888929e-04 6.2411888808e-04 1.2087028418e-12
 6.1688993802e-08 6.1688993802e-08 1.2000000000e+00 -8.6603883350e-19 -6.2411888929e-04 6.2411888808e-04 1.2087026586e-12
 6.1718402406e-08 6.1718402406e-08 1.2000000000e+00 -1.1512033121e-21 -6.2411888929e-04 6.2411888808e-04 1.2087028261e-12
 6.1748827330e-08 6.1748827330e-08 1.2000000000e+00 -4.3259494370e-19 -6.2411888929e-04 6.2411888808e-04 1.2087026293e-12
 6.1780628500e-08 6.1780628500e-08 1.2000000000e+00 -4.3476045570e-19 -6.2411888929e-04 6.2411888808e-04 1.2087028132e-12
 6.1814336304e-08 6.1814336304e-08 1.2000000000e+00 4.3473669510e-19 -6.2411888929e-04 6.2411888808e-04 1.2087026156e-12
 6.1850662177e-08 6.1850662177e-08 1.2000000000e+00 -1.0247952563e-21 -6.2411888929e-04 6.2411888808e-04 1.2087028272e-12
 6.1890703582e-08 6.1890703582e-08 1.2000000000e+00 -4.3270348242e-19 -6.2411888929e-04 6.2411888808e-04 1.2087026420e-12
 6.1936462859e-08 6.1936462859e-08 1.2000000000e+00 -6.8402888437e-22 -6.2411888929e-04 6.2411888808e-04 1.2087026068e-12
 6.1992542245e-08 6.1992542245e-08 1.2000000000e+00 -4.3366128963e-19 -6.2411888929e-04 6.2411888808e-04 1.2087028431e-12
 6.2078455376e-08 6.2078455376e-08 1.2000000000e+00 -6.4999877579e-19 -6.2411888929e-04 6.2411888808e-04 1.2087027463e-12
 6.2170290903e-08 6.2170290903e-08 1.2000000000e+00 -2.7181407506e-22 -6.2411888929e-04 6.2411888808e-04 1.2087026206e-12
 6.2237662376e-08 6.2237662376e-08 1.2000000000e+00 -5.6843401396e-23 -6.2411888929e-04 6.2411888808e-04 1.2087026191e-12
 6.2294091569e-08 6.2294091569e-08 1.2000000000e+00 -2.1703387153e-19 -6.2411888929e-04 6.2411888808e-04 1.2087029497e-12
 6.2346981270e-08 6.2346981270e-08 1.2000000000e+00 -4.3315073570e-19 -6.2411888929e-04 6.2411888808e-04 1.2087028480e-12
 6.2396973060e-08 6.2396973060e-08 1.2000000000e+00 -1.5384957845e-23 -6.2411888929e-04 6.2411888808e-04 1.2087024030e-12
 6.2445516100e-08 6.2445516100e-08 1.2000000000e+00 4.3295561353e-19 -6.2411888929e-04 6.2411888808e-04 1.2087024979e-12
 6.2494008470e-08 6.2494008470e-08 1.2000000000e+00 -4.3344525599e-19 -6.2411888929e-04 6.2411888808e-04 1.2087028518e-12
 6.2543076282e-08 6.2543076282e-08 1.2000000000e+00 -4.3316631063e-19 -6.2411888929e-04 6.2411888808e-04 1.2087028343e-12
 6.2593194171e-08 6.2593194171e-08 1.2000000000e+00 -3.8937072548e-23 -6.2411888929e-04 6.2411888808e-04 1.2087025043e-12
 6.2644844377e-08 6.2644844377e-08 1.2000000000e+00 -6.3598321862e-22 -6.2411888929e-04 6.2411888808e-04 1.2087026071e-12
 6.2698454939e-08 6.2698454939e-08 1.2000000000e+00 4.3412447645e-19 -6.2411888929e-04 6.2411888808e-04 1.2087026303e-12
 6.2754449002e-08 6.2754449002e-08 1.2000000000e+00 2.4765942964e-23 -6.2411888929e-04 6.2411888808e-04 1.2087025115e-12
 6.2813291956e-08 6.2813291956e-08 1.2000000000e+00 2.1664894028e-19 -6.2411888929e-04 6.2411888808e-04 1.2087025162e-12
 6.2875508179e-08 6.2875508179e-08 1.2000000000e+00 9.4130043423e-23 -6.2411888929e-04 6.2411888808e-04 1.2087025120e-12
 6.2941705448e-08 6.2941705448e-08 1.2000000000e+00 4.3367900298e-19 -6.2411888929e-04 6.2411888808e-04 1.2087025112e-12
 6.3012609094e-08 6.3012609094e-08 1.2000000000e+00 -6.4588034530e-23 -6.2411888929e-04 6.2411888808e-04 1.2087026190e-12
 6.3089103398e-08 6.3089103398e-08 1.2000000000e+00 2.1703289597e-19 -6.2411888929e-04 6.2411888808e-04 1.2087025129e-12
 6.3172288096e-08 6.3172288096e-08 1.2000000000e+00 -1.8852905070e-22 -6.2411888929e-04 6.2411888808e-04 1.2087025027e-12
 6.3263559609e-08 6.3263559609e-08 1.2000000000e+00 3.7009551891e-24 -6.2411888929e-04 6.2411888808e-04 1.2087026230e-12
 6.3364730566e-08 6.3364730566e-08 1.2000000000e+00 1.1652474732e-22 -6.2411888929e-04 6.2411888808e-04 1.2087026207e-12
 6.3478211809e-08 6.3478211809e-08 1.2000000000e+00 4.3366277899e-19 -6.2411888929e-04 6.2411888808e-04 1.2087025043e-12
 6.3607300353e-08 6.3607300353e-08 1.2000000000e+00 -1.0852892143e-19 -6.2411888929e-04 6.2411888808e-04 1.2087025644e-12
 6.3756654759e-08 6.3756654759e-08 1.2000000000e+00 -1.0834701683e-19 -6.2411888929e-04 6.2411888808e-04 1.2087026202e-12
 6.3933120503e-08 6.3933120503e-08 1.2000000000e+00 -1.0842056069e-19 -6.2411888929e-04 6.2411888808e-04 1.2087026738e-12
 6.4147253783e-08 6.4147253783e-08 1.2000000000e+00 -1.0840533257e-19 -6.2411888929e-04 6.2411888808e-04 1.2087026468e-12
 6.4416358723e-08 6.4416358723e-08 1.2000000000e+00 -1.9683034487e-23 -6.2411888929e-04 6.2411888808e-04 1.2087025923e-12
 6.4771170886e-08 6.4771170886e-08 1.2000000000e+00 -1.6478248549e-23 -6.2411888929e-04 6.2411888808e-04 1.2087026195e-12
 6.5272683117e-08 6.5272683117e-08 1.2000000000e+00 2.7122856107e-20 -6.2411888929e-04 6.2411888808e-04 1.2087026477e-12
 6.6063841679e-08 6.6063841679e-08 1.2000000000e+00 -2.7102420885e-20 -6.2411888929e-04 6.2411888808e-04 1.2087026196e-12
 6.7063841679e-08 6.7063841679e-08 1.2000000000e+00 -1.3559767858e-20 -6.2411888929e-04 6.2411888808e-04 1.2087026267e-12
 6.8063841679e-08 6.8063841679e-08 1.2000000000e+00 -1.3550285190e-20 -6.2411888929e-04 6.2411888808e-04 1.2087026264e-12
 6.9063841679e-08 6.9063841679e-08 1.2000000000e+00 -1.3552824922e-20 -6.2411888929e-04 6.2411888808e-04 1.2087026264e-12
 6.9781920840e-08 6.9781920840e-08 1.2000000000e+00 1.4303005643e-26 -6.2411888929e-04 6.2411888808e-04 1.2087026260e-12
 7.0500000000e-08 7.0500000000e-08 1.2000000000e+00 -5.4210560248e-20 -6.2411888929e-04 6.2411888808e-04 1.2087026340e-12
 7.0507812500e-08 7.0507812500e-08 1.2000000000e+00 1.2338379858e-27 -6.2411888929e-04 6.2411888808e-04 1.2087026197e-12
 7.0516425410e-08 7.0516425410e-08 1.2000000000e+00 1.7347262428e-18 -6.2411888929e-04 6.2411888808e-04 1.2087025655e-12
 7.0518375527e-08 7.0518375527e-08 1.2000000000e+00 6.9908421616e-18 -6.2411888929e-04 6.2411888808e-04 1.2086994384e-12
 7.0520301876e-08 7.0520301876e-08 1.2000000000e+00 -4.6598772103e-21 -6.2411888929e-04 6.2411888808e-04 1.2086954801e-12
 7.0523230465e-08 7.0523230465e-08 1.2000000000e+00 -7.1443879343e-18 -6.2411888929e-04 6.2411888808e-04 1.2087017750e-12
 7.0526803429e-08 7.0526803429e-08 1.2000000000e+00 -6.6868701732e-18 -6.2411888929e-04 6.2411888808e-04 1.2087071156e-12
 7.0531625589e-08 7.0531625589e-08 1.2000000000e+00 7.0272049992e-18 -6.2411888929e-04 6.2411888808e-04 1.2087013795e-12
 7.0539993084e-08 7.0539993084e-08 1.2000000000e+00 3.2461435753e-18 -6.2411888929e-04 6.2411888808e-04 1.2086992244e-12
 7.0543986541e-08 7.0543986541e-08 1.2000000000e+00 3.4856171827e-18 -6.2411888929e-04 6.2411888808e-04 1.2086993016e-12
 7.0551973456e-08 7.0551973456e-08 1.2000000000e+00 -1.7424873002e-18 -6.2411888929e-04 6.2411888808e-04 1.2087034445e-12
 7.0557922785e-08 7.0557922785e-08 1.2000000000e+00 3.5139191154e-18 -6.2411888929e-04 6.2411888808e-04 1.2087033418e-12
 7.0565868947e-08 7.0565868947e-08 1.2000000000e+00 -3.5060360718e-18 -6.2411888929e-04 6.2411888808e-04 1.2087050596e-12
 7.0574554406e-08 7.0574554406e-08 1.2000000000e+00 3.3161066923e-20 -6.2411888929e-04 6.2411888808e-04 1.2087031873e-12
 7.0584817421e-08 7.0584817421e-08 1.2000000000e+00 -1.7637479884e-18 -6.2411888929e-04 6.2411888808e-04 1.2087023689e-12
 7.0593864229e-08 7.0593864229e-08 1.2000000000e+00 2.9141607047e-21 -6.2411888929e-04 6.2411888808e-04 1.2087025861e-12
 7.0611957844e-08 7.0611957844e-08 1.2000000000e+00 1.7427186907e-18 -6.2411888929e-04 6.2411888808e-04 1.2087023395e-12
 7.0625056329e-08 7.0625056329e-08 1.2000000000e+00 1.7311384076e-18 -6.2411888929e-04 6.2411888808e-04 1.2087025884e-12
 7.0636420111e-08 7.0636420111e-08 1.2000000000e+00 2.0221196486e-21 -6.2411888929e-04 6.2411888808e-04 1.2087026366e-12
 7.0648230297e-08 7.0648230297e-08 1.2000000000e+00 -5.2442785875e-22 -6.2411888929e-04 6.2411888808e-04 1.2087026424e-12
 7.0659663057e-08 7.0659663057e-08 1.2000000000e+00 1.7407245587e-18 -6.2411888929e-04 6.2411888808e-04 1.2087008896e-12
 7.0670647511e-08 7.0670647511e-08 1.2000000000e+00 1.7199477058e-18 -6.2411888929e-04 6.2411888808e-04 1.2087015636e-12
 7.0681452536e-08 7.0681452536e-08 1.2000000000e+00 1.7418491251e-18 -6.2411888929e-04 6.2411888808e-04 1.2087026249e-12
 7.0692074790e-08 7.0692074790e-08 1.2000000000e+00 1.7400610964e-18 -6.2411888929e-04 6.2411888808e-04 1.2087027214e-12
 7.0702484227e-08 7.0702484227e-08 1.2000000000e+00 -1.7380925664e-18 -6.2411888929e-04 6.2411888808e-04 1.2087026455e-12
 7.0712696115e-08 7.0712696115e-08 1.2000000000e+00 -1.7354422104e-18 -6.2411888929e-04 6.2411888808e-04 1.2087026130e-12
 7.0722711769e-08 7.0722711769e-08 1.2000000000e+00 -3.3643148986e-21 -6.2411888929e-04 6.2411888808e-04 1.2087035076e-12
 7.0732525160e-08 7.0732525160e-08 1.2000000000e+00 -3.4626542909e-18 -6.2411888929e-04 6.2411888808e-04 1.2087036021e-12
 7.0743098854e-08 7.0743098854e-08 1.2000000000e+00 6.7289257461e-22 -6.2411888929e-04 6.2411888808e-04 1.2087026831e-12
 7.0752798641e-08 7.0752798641e-08 1.2000000000e+00 -3.5466806896e-21 -6.2411888929e-04 6.2411888808e-04 1.2087017240e-12
 7.0763420017e-08 7.0763420017e-08 1.2000000000e+00 -1.7459094636e-18 -6.2411888929e-04 6.2411888808e-04 1.2087034348e-12
 7.0773110117e-08 7.0773110117e-08 1.2000000000e+00 -1.7190444927e-18 -6.2411888929e-04 6.2411888808e-04 1.2087038417e-12
 7.0784526889e-08 7.0784526889e-08 1.2000000000e+00 -3.2523463538e-21 -6.2411888929e-04 6.2411888808e-04 1.2087034623e-12
 7.0794806157e-08 7.0794806157e-08 1.2000000000e+00 3.9492320170e-23 -6.2411888929e-04 6.2411888808e-04 1.2087026203e-12
 7.0804688227e-08 7.0804688227e-08 1.2000000000e+00 -1.7437766436e-18 -6.2411888929e-04 6.2411888808e-04 1.2087034581e-12
 7.0812361967e-08 7.0812361967e-08 1.2000000000e+00 1.6996374835e-20 -6.2411888929e-04 6.2411888808e-04 1.2087019102e-12
 7.0820265686e-08 7.0820265686e-08 1.2000000000e+00 -2.6217127830e-20 -6.2411888929e-04 6.2411888808e-04 1.2087033012e-12
 7.0827869849e-08 7.0827869849e-08 1.2000000000e+00 2.4621172994e-20 -6.2411888929e-04 6.2411888808e-04 1.2087030555e-12
 7.0835537460e-08 7.0835537460e-08 1.2000000000e+00 -8.8527814209e-21 -6.2411888929e-04 6.2411888808e-04 1.2087025469e-12
 7.0843157797e-08 7.0843157797e-08 1.2000000000e+00 1.8968183709e-21 -6.2411888929e-04 6.2411888808e-04 1.2087017685e-12
 7.0850790078e-08 7.0850790078e-08 1.2000000000e+00 1.7333627609e-18 -6.2411888929e-04 6.2411888808e-04 1.2087008238e-12
 7.0858413140e-08 7.0858413140e-08 1.2000000000e+00 1.7201109271e-18 -6.2411888929e-04 6.2411888808e-04 1.2087024270e-12
 7.0866037129e-08 7.0866037129e-08 1.2000000000e+00 -3.4538220777e-18 -6.2411888929e-04 6.2411888808e-04 1.2087038892e-12
 7.0873658268e-08 7.0873658268e-08 1.2000000000e+00 -3.4638883580e-18 -6.2411888929e-04 6.2411888808e-04 1.2087038671e-12
 7.0881278482e-08 7.0881278482e-08 1.2000000000e+00 -1.7318520413e-18 -6.2411888929e-04 6.2411888808e-04 1.2087017878e-12
 7.0888897291e-08 7.0888897291e-08 1.2000000000e+00 -3.4935808820e-18 -6.2411888929e-04 6.2411888808e-04 1.2087023977e-12
 7.0896515283e-08 7.0896515283e-08 1.2000000000e+00 1.7543132690e-18 -6.2411888929e-04 6.2411888808e-04 1.2087020902e-12
 7.0904132669e-08 7.0904132669e-08 1.2000000000e+00 -1.7501623170e-18 -6.2411888929e-04 6.2411888808e-04 1.2087034012e-12
 7.0911749912e-08 7.0911749912e-08 1.2000000000e+00 1.5998211863e-20 -6.2411888929e-04 6.2411888808e-04 1.2087036259e-12
 7.0919367472e-08 7.0919367472e-08 1.2000000000e+00 1.7352707978e-18 -6.2411888929e-04 6.2411888808e-04 1.2087026302e-12
 7.0926985937e-08 7.0926985937e-08 1.2000000000e+00 -1.6157793278e-20 -6.2411888929e-04 6.2411888808e-04 1.2087033403e-12
 7.0934605991e-08 7.0934605991e-08 1.2000000000e+00 1.7512533725e-18 -6.2411888929e-04 6.2411888808e-04 1.2087027684e-12
 7.0942294813e-08 7.0942294813e-08 1.2000000000e+00 -1.7485485822e-18 -6.2411888929e-04 6.2411888808e-04 1.2087034159e-12
 7.0949912514e-08 7.0949912514e-08 1.2000000000e+00 1.7530139568e-18 -6.2411888929e-04 6.2411888808e-04 1.2087018679e-12
 7.0957552367e-08 7.0957552367e-08 1.2000000000e+00 1.7120118790e-18 -6.2411888929e-04 6.2411888808e-04 1.2087023601e-12
 7.0965186847e-08 7.0965186847e-08 1.2000000000e+00 -1.7181367423e-18 -6.2411888929e-04 6.2411888808e-04 1.2087019008e-12
 7.0972832979e-08 7.0972832979e-08 1.2000000000e+00 -3.4857732736e-18 -6.2411888929e-04 6.2411888808e-04 1.2087033905e-12
 7.0980487739e-08 7.0980487739e-08 1.2000000000e+00 1.7652426750e-18 -6.2411888929e-04 6.2411888808e-04 1.2087013275e-12
 7.0990243870e-08 7.0990243870e-08 1.2000000000e+00 -1.7748151859e-18 -6.2411888929e-04 6.2411888808e-04 1.2087022623e-12
 7.1000000000e-08 7.1000000000e-08 1.2000000000e+00 2.3560933683e-20 -6.2411888929e-04 6.2411888808e-04 1.2087021200e-12
 7.1000330815e-08 7.1000330815e-08 1.1996030217e+00 7.6912668776e-05 -6.5229388004e-04 5.8166479431e-04 -6.2814336547e-06
 7.1000666104e-08 7.1000666104e-08 1.1992006751e+00 7.6504555401e-05 -6.5001647221e-04 5.8348667608e-04 -9.9732095058e-06
 7.1001036545e-08 7.1001036545e-08 1.1987561458e+00 7.6353554466e-05 -6.4867578187e-04 5.8383788802e-04 -1.1514432379e-05
 7.1001317130e-08 7.1001317130e-08 1.1984194445e+00 7.6330988652e-05 -6.4806744553e-04 5.8349281483e-04 -1.1755186216e-05
 7.1001575889e-08 7.1001575889e-08 1.1981089326e+00 7.6331880744e-05 -6.4760695322e-04 5.8301266920e-04 -1.1736422676e-05
 7.1001848960e-08 7.1001848960e-08 1.1977812479e+00 7.6336002597e-05 -6.4713611499e-04 5.8247928369e-04 -1.1677985631e-05
 7.1002160312e-08 7.1002160312e-08 1.1974076252e+00 7.6338503536e-05 -6.4658985407e-04 5.8188553021e-04 -1.1632985061e-05
 7.1002546449e-08 7.1002546449e-08 1.1969442606e+00 7.6338448130e-05 -6.4589878576e-04 5.8117093293e-04 -1.1609396036e-05
 7.1003051727e-08 7.1003051727e-08 1.1963379282e+00 7.6336050549e-05 -6.4498469706e-04 5.8025206894e-04 -1.1602221809e-05
 7.1003746729e-08 7.1003746729e-08 1.1955039257e+00 7.6331736189e-05 -6.4372367782e-04 5.7899583122e-04 -1.1602689128e-05
 7.1004769062e-08 7.1004769062e-08 1.1942771262e+00 7.6325308658e-05 -6.4187004752e-04 5.7715006592e-04 -1.1604126960e-05
 7.1006458997e-08 7.1006458997e-08 1.1922492031e+00 7.6314892389e-05 -6.3881127201e-04 5.7410166045e-04 -1.1604080876e-05
 7.1009838869e-08 7.1009838869e-08 1.1881933571e+00 7.6294092965e-05 -6.3271034730e-04 5.6801998384e-04 -1.1602529545e-05
 7.1016598613e-08 7.1016598613e-08 1.1800816649e+00 7.6252052014e-05 -6.2057296127e-04 5.5592151951e-04 -1.1599410282e-05
 7.1029005278e-08 7.1029005278e-08 1.1651936659e+00 7.6173265934e-05 -5.9852309152e-04 5.3394472979e-04 -1.1593704231e-05
 7.1039933687e-08 7.1039933687e-08 1.1520795756e+00 7.6101507225e-05 -5.7934814953e-04 5.1483637265e-04 -1.1588530372e-05
 7.1048680338e-08 7.1048680338e-08 1.1415835949e+00 7.6042361530e-05 -5.6417179606e-04 4.9971492143e-04 -1.1584286920e-05
 7.1056587558e-08 7.1056587558e-08 1.1320949305e+00 7.5987816571e-05 -5.5058474335e-04 4.8617851998e-04 -1.1580393223e-05
 7.1062831994e-08 7.1062831994e-08 1.1246016078e+00 7.5943892974e-05 -5.3994520660e-04 4.7557979026e-04 -1.1577276657e-05
 7.1069236127e-08 7.1069236127e-08 1.1169166480e+00 7.5898187871e-05 -5.2911747414e-04 4.6479453584e-04 -1.1574049590e-05
 7.1076205536e-08 7.1076205536e-08 1.1085533572e+00 7.5847601481e-05 -5.1743167697e-04 4.5315577617e-04 -1.1570500713e-05
 7.1077392084e-08 7.1077392084e-08 1.1071294986e+00 7.5838609624e-05 -5.1545227888e-04 4.5118475221e-04 -1.1569882984e-05
 7.1078287744e-08 7.1078287744e-08 1.1060547073e+00 7.5831984028e-05 -5.1396019305e-04 4.4969882868e-04 -1.1569419684e-05
 7.1078951511e-08 7.1078951511e-08 1.1052581874e+00 7.5827079766e-05 -5.1285552667e-04 4.4859872455e-04 -1.1569077670e-05
 7.1079500263e-08 7.1079500263e-08 1.1045996842e+00 7.5823019501e-05 -5.1194298041e-04 4.4768995598e-04 -1.1568795102e-05
 7.1080130611e-08 7.1080130611e-08 1.1038432671e+00 7.5818349562e-05 -5.1089553948e-04 4.4664686021e-04 -1.1568470326e-05
 7.1081003352e-08 7.1081003352e-08 1.1027959778e+00 7.5811871870e-05 -5.0944671815e-04 4.4520406642e-04 -1.1568020160e-05
 7.1082748834e-08 7.1082748834e-08 1.1007013992e+00 7.5798876341e-05 -5.0655396923e-04 4.4232341106e-04 -1.1567118199e-05
 7.1084558232e-08 7.1084558232e-08 1.0985301220e+00 7.5785332366e-05 -5.0356219457e-04 4.3934424272e-04 -1.1566180539e-05
 7.1086917484e-08 7.1086917484e-08 1.0956990191e+00 7.5767571908e-05 -4.9967184623e-04 4.3547042839e-04 -1.1564954099e-05
 7.1089596956e-08 7.1089596956e-08 1.0924836523e+00 7.5747255550e-05 -4.9526805997e-04 4.3108556034e-04 -1.1563555948e-05
 7.1093291806e-08 7.1093291806e-08 1.0880498325e+00 7.5719002263e-05 -4.8922107537e-04 4.2506489265e-04 -1.1561619568e-05
 7.1098857800e-08 7.1098857800e-08 1.0813706395e+00 7.5675916510e-05 -4.8016820982e-04 4.1605217836e-04 -1.1558685078e-05
 7.1108522147e-08 7.1108522147e-08 1.0697734236e+00 7.5599600027e-05 -4.6461248644e-04 4.0056762980e-04 -1.1553543409e-05
 7.1123834224e-08 7.1123834224e-08 1.0513989314e+00 7.5474412326e-05 -4.4039705325e-04 3.7646912341e-04 -1.1545282514e-05
 7.1128464853e-08 7.1128464853e-08 1.0458421766e+00 7.5433854636e-05 -4.3317910718e-04 3.6928917742e-04 -1.1542724907e-05
 7.1135058941e-08 7.1135058941e-08 1.0379292706e+00 7.5376714255e-05 -4.2298729667e-04 3.5915088115e-04 -1.1539098758e-05
 7.1136407767e-08 7.1136407767e-08 1.0363106795e+00 7.5364597152e-05 -4.2091498996e-04 3.5708994510e-04 -1.1538352324e-05
 7.1137671755e-08 7.1137671755e-08 1.0347938937e+00 7.5353432889e-05 -4.1897700257e-04 3.5516242372e-04 -1.1537654060e-05
 7.1138106590e-08 7.1138106590e-08 1.0342720923e+00 7.5349581175e-05 -4.1831117053e-04 3.5450020331e-04 -1.1537413974e-05
 7.1138483562e-08 7.1138483562e-08 1.0338197257e+00 7.5346246119e-05 -4.1773430359e-04 3.5392646330e-04 -1.1537205857e-05
 7.1138966929e-08 7.1138966929e-08 1.0332396850e+00 7.5341966944e-05 -4.1699511619e-04 3.5319128821e-04 -1.1536938988e-05
 7.1139498779e-08 7.1139498779e-08 1.0326014655e+00 7.5337250703e-05 -4.1618242543e-04 3.5238301998e-04 -1.1536645281e-05
 7.1140297803e-08 7.1140297803e-08 1.0316426364e+00 7.5330151335e-05 -4.1496273786e-04 3.5116999035e-04 -1.1536203852e-05
 7.1141603518e-08 7.1141603518e-08 1.0300757779e+00 7.5318513631e-05 -4.1297285759e-04 3.4919102597e-04 -1.1535482031e-05
 7.1143705042e-08 7.1143705042e-08 1.0275539501e+00 7.5299685229e-05 -4.0977868903e-04 3.4601452286e-04 -1.1534319085e-05
 7.1146998272e-08 7.1146998272e-08 1.0236020732e+00 7.5269931552e-05 -4.0479438515e-04 3.4105814743e-04 -1.1532493859e-05
 7.1152704092e-08 7.1152704092e-08 1.0167550899e+00 7.5217670789e-05 -3.9622021251e-04 3.3253306610e-04 -1.1529324405e-05
 7.1159536902e-08 7.1159536902e-08 1.0085557180e+00 7.5153702129e-05 -3.8605607388e-04 3.2242908964e-04 -1.1525517918e-05
 7.1166825634e-08 7.1166825634e-08 9.9980923869e-01 7.5083658272e-05 -3.7533944391e-04 3.1177843345e-04 -1.1521447841e-05
 7.1175317195e-08 7.1175317195e-08 9.8961936598e-01 7.4999782430e-05 -3.6301998063e-04 2.9953809956e-04 -1.1516701390e-05
 7.1178600306e-08 7.1178600306e-08 9.8567963303e-01 7.4966006602e-05 -3.5830489552e-04 2.9485495535e-04 -1.1514866460e-05
 7.1185166527e-08 7.1185166527e-08 9.7780016715e-01 7.4898511183e-05 -3.4895671678e-04 2.8557060675e-04 -1.1511201181e-05
 7.1187743986e-08 7.1187743986e-08 9.7470721644e-01 7.4871225334e-05 -3.4531700460e-04 2.8195674496e-04 -1.1509765726e-05
 7.1192898904e-08 7.1192898904e-08 9.6852131501e-01 7.4816481661e-05 -3.3808872988e-04 2.7478034626e-04 -1.1506898071e-05
 7.1202112717e-08 7.1202112717e-08 9.5746473914e-01 7.4716307730e-05 -3.2533970199e-04 2.6212638565e-04 -1.1501791412e-05
 7.1211468992e-08 7.1211468992e-08 9.4623720977e-01 7.4610402687e-05 -3.1261975813e-04 2.4950720539e-04 -1.1496649972e-05
 7.1221224561e-08 7.1221224561e-08 9.3453052710e-01 7.4495352972e-05 -2.9960304771e-04 2.3660025056e-04 -1.1491355854e-05
 7.1225570684e-08 7.1225570684e-08 9.2931517864e-01 7.4441487977e-05 -2.9388545684e-04 2.3093420963e-04 -1.1489040788e-05
 7.1234262932e-08 7.1234262932e-08 9.1888448172e-01 7.4333218011e-05 -2.8260408646e-04 2.1975650530e-04 -1.1484436885e-05
 7.1239896039e-08 7.1239896039e-08 9.1212475271e-01 7.4260234596e-05 -2.7540257932e-04 2.1262505672e-04 -1.1481512025e-05
 7.1247288362e-08 7.1247288362e-08 9.0325396603e-01 7.4162184285e-05 -2.6608446110e-04 2.0340121145e-04 -1.1477734657e-05
 7.1255546498e-08 7.1255546498e-08 8.9334420183e-01 7.4048859164e-05 -2.5585413291e-04 1.9328009038e-04 -1.1473616659e-05
 7.1265869250e-08 7.1265869250e-08 8.8095689951e-01 7.3901226201e-05 -2.4333496575e-04 1.8090358610e-04 -1.1468646580e-05
 7.1274856298e-08 7.1274856298e-08 8.7017244198e-01 7.3765883840e-05 -2.3268133682e-04 1.7038119210e-04 -1.1464539140e-05
 7.1292830394e-08 7.1292830394e-08 8.4860352693e-01 7.3481116669e-05 -2.1207314039e-04 1.5005007569e-04 -1.1456851992e-05
 7.1308315991e-08 7.1308315991e-08 8.3002081130e-01 7.3211341332e-05 -1.9507533759e-04 1.3331639495e-04 -1.1451198712e-05
 7.1325732128e-08 7.1325732128e-08 8.0912144662e-01 7.2881073456e-05 -1.7681408638e-04 1.1538029259e-04 -1.1446079679e-05
 7.1345678496e-08 7.1345678496e-08 7.8518580468e-01 7.2464687061e-05 -1.5703653315e-04 9.6015202510e-05 -1.1442156423e-05
 7.1365777880e-08 7.1365777880e-08 7.6106654342e-01 7.1993825295e-05 -1.3836194604e-04 7.7810410603e-05 -1.1441089853e-05
 7.1385827862e-08 7.1385827862e-08 7.3700656569e-01 7.1465808302e-05 -1.2102050209e-04 6.0999568031e-05 -1.1443674230e-05
 7.1405941661e-08 7.1405941661e-08 7.1287000702e-01 7.0870230173e-05 -1.0495206961e-04 4.5533828488e-05 -1.1450789024e-05
 7.1425876396e-08 7.1425876396e-08 6.8894832486e-01 7.0205142459e-05 -9.0378694700e-05 3.1638171530e-05 -1.1463419250e-05
 7.1445517670e-08 7.1445517670e-08 6.6537879632e-01 6.9467089896e-05 -7.7378044638e-05 1.9394703330e-05 -1.1482548531e-05
 7.1464853228e-08 7.1464853228e-08 6.4217612582e-01 6.8650451955e-05 -6.5937569683e-05 8.7975551840e-06 -1.1509237377e-05
 7.1483868607e-08 7.1483868607e-08 6.1935767197e-01 6.7750279230e-05 -5.6034746874e-05 -1.6972526849e-07 -1.1544606983e-05
 7.1502580992e-08 7.1502580992e-08 5.9690281000e-01 6.6761047627e-05 -4.7614119634e-05 -7.5558453690e-06 -1.1589882489e-05
 7.1521063200e-08 7.1521063200e-08 5.7472416015e-01 6.5674746903e-05 -4.0580402641e-05 -1.3446614694e-05 -1.1646529399e-05
 7.1539446758e-08 7.1539446758e-08 5.5266389059e-01 6.4479184479e-05 -3.4806385021e-05 -1.7955137654e-05 -1.1716461596e-05
 7.1557934605e-08 7.1557934605e-08 5.3047847460e-01 6.3155313974e-05 -3.0138887235e-05 -2.1212838376e-05 -1.1802388110e-05
 7.1573997146e-08 7.1573997146e-08 5.1120342440e-01 6.1894441992e-05 -2.6900448664e-05 -2.3100316014e-05 -1.1892477011e-05
 7.1590127814e-08 7.1590127814e-08 4.9184662263e-01 6.0536741879e-05 -2.4297052527e-05 -2.4241226218e-05 -1.1997262787e-05
 7.1603457761e-08 7.1603457761e-08 4.7585068697e-01 5.9336545419e-05 -2.2541025363e-05 -2.4697288069e-05 -1.2097031590e-05
 7.1615147635e-08 7.1615147635e-08 4.6182283822e-01 5.8232959187e-05 -2.1237256460e-05 -2.4800220568e-05 -1.2194281724e-05
 7.1633129766e-08 7.1633129766e-08 4.4024428129e-01 5.6469140501e-05 -1.9567625124e-05 -2.4542066395e-05 -1.2358248501e-05
 7.1655428479e-08 7.1655428479e-08 4.1348582524e-01 5.4148783375e-05 -1.7869054771e-05 -2.3685353602e-05 -1.2593174436e-05
 7.1677149047e-08 7.1677149047e-08 3.8742114401e-01 5.1758204960e-05 -1.6438955912e-05 -2.2456346796e-05 -1.2861701588e-05
 7.1698682165e-08 7.1698682165e-08 3.6158140184e-01 4.9315194059e-05 -1.5143003780e-05 -2.1006345862e-05 -1.3164643672e-05
 7.1720743062e-08 7.1720743062e-08 3.3510832514e-01 4.6791381453e-05 -1.3889013689e-05 -1.9391353804e-05 -1.3509813137e-05
 7.1743012151e-08 7.1743012151e-08 3.0838541925e-01 4.4275540683e-05 -1.2675545604e-05 -1.7706954472e-05 -1.3891839711e-05
 7.1765864065e-08 7.1765864065e-08 2.8096312152e-01 4.1785774686e-05 -1.1483358141e-05 -1.5986903162e-05 -1.4314312425e-05
 7.1789681382e-08 7.1789681382e-08 2.5238234156e-01 3.9347851802e-05 -1.0307934619e-05 -1.4257387455e-05 -1.4781328720e-05
 7.1813283769e-08 7.1813283769e-08 2.2405947685e-01 3.7145036214e-05 -9.2270971594e-06 -1.2651654348e-05 -1.5265083660e-05
 7.1834609076e-08 7.1834609076e-08 1.9846910895e-01 3.5376794071e-05 -8.3372249286e-06 -1.1323626974e-05 -1.5714741100e-05
 7.1854125000e-08 7.1854125000e-08 1.7505000037e-01 3.3949523930e-05 -7.5981818735e-06 -1.0218205634e-05 -1.6131935346e-05
 7.1873057851e-08 7.1873057851e-08 1.5233057925e-01 3.2733864868e-05 -6.9484234556e-06 -9.2450323912e-06 -1.6539207942e-05
 7.1891904907e-08 7.1891904907e-08 1.2971411108e-01 3.1688384628e-05 -6.3673945416e-06 -8.3739382066e-06 -1.6945850799e-05
 7.1910591463e-08 7.1910591463e-08 1.0729024446e-01 3.0811637188e-05 -5.8553643293e-06 -7.6055902302e-06 -1.7349481548e-05
 7.1929266501e-08 7.1929266501e-08 8.4880199104e-02 3.0085641358e-05 -5.4039076218e-06 -6.9274734894e-06 -1.7753059166e-05
 7.1948295036e-08 7.1948295036e-08 6.2045956326e-02 2.9488605170e-05 -5.0010175732e-06 -6.3215973644e-06 -1.8164789150e-05
 7.1960128765e-08 7.1960128765e-08 4.7845481533e-02 2.9208734329e-05 -4.7868641446e-06 -5.9990278224e-06 -1.8421641276e-05
 7.1970259903e-08 7.1970259903e-08 3.5688116157e-02 2.8996475991e-05 -4.6142405637e-06 -5.7388103243e-06 -1.8642224013e-05
 7.1980253566e-08 7.1980253566e-08 2.3695721337e-02 2.8812849688e-05 -4.4540042632e-06 -5.4970688551e-06 -1.8860575476e-05
 7.1989372878e-08 7.1989372878e-08 1.2752546556e-02 2.8673007516e-05 -4.3185551395e-06 -5.2925010257e-06 -1.9060750251e-05
 7.1994686439e-08 7.1994686439e-08 6.3762732782e-03 2.8607184185e-05 -4.2456711811e-06 -5.1822902083e-06 -1.9178021690e-05
 7.2000000000e-08 7.2000000000e-08 1.5099033135e-14 2.8545504832e-05 -4.1743284898e-06 -5.0743711612e-06 -1.9295604073e-05
 7.2000428284e-08 7.2000428284e-08 0.0000000000e+00 8.8869997383e-06 4.9337665354e-07 8.0236409738e-07 -1.0183804247e-05
 7.2000822426e-08 7.2000822426e-08 0.0000000000e+00 3.8862126630e-06 2.5030791657e-07 4.4857291136e-07 -4.5856342068e-06
 7.2001213390e-08 7.2001213390e-08 0.0000000000e+00 1.4398249277e-06 9.0450040377e-08 1.6837051774e-07 -1.6988448742e-06
 7.2001687118e-08 7.2001687118e-08 0.0000000000e+00 2.3226311198e-07 1.3888134331e-08 2.5675526521e-08 -2.7185763678e-07
 7.2002058751e-08 7.2002058751e-08 0.0000000000e+00 -3.6882954698e-08 -2.3360051466e-09 -4.3168088357e-09 4.3540891238e-08
 7.2002462981e-08 7.2002462981e-08 0.0000000000e+00 -8.6008401416e-08 -5.2181785421e-09 -9.2914206116e-09 1.0052938751e-07
 7.2002957399e-08 7.2002957399e-08 0.0000000000e+00 -6.2440586795e-08 -3.7833045082e-09 -6.6436661262e-09 7.2875770855e-08
 7.2003631704e-08 7.2003631704e-08 0.0000000000e+00 -2.5791129173e-08 -1.5679033531e-09 -2.7315687116e-09 3.0093990290e-08
 7.2004720497e-08 7.2004720497e-08 0.0000000000e+00 -1.2683760729e-09 -8.4348748949e-11 -1.2765825737e-10 1.4805494978e-09
 7.2006898082e-08 7.2006898082e-08 0.0000000000e+00 4.6505890053e-09 2.7388511499e-10 5.0111844213e-10 -5.4262042479e-09
 7.2010742406e-08 7.2010742406e-08 0.0000000000e+00 1.3867116366e-09 7.6379970411e-11 1.5388771848e-10 -1.6171617353e-09
 7.2016735641e-08 7.2016735641e-08 0.0000000000e+00 -5.7433909099e-11 -1.1011931307e-11 2.2051490079e-13 6.8232879653e-11
 7.2023300853e-08 7.2023300853e-08 0.0000000000e+00 -5.6024781335e-11 -1.0926653618e-11 3.6999122770e-13 6.6588813582e-11
 7.2029183340e-08 7.2029183340e-08 0.0000000000e+00 -5.5591472316e-12 -7.8727279163e-12 5.7405688841e-12 7.6920374891e-12
 7.2034581270e-08 7.2034581270e-08 0.0000000000e+00 1.0214961950e-12 -7.4745017794e-12 6.4408978999e-12 1.1973654269e-14
 7.2040927160e-08 7.2040927160e-08 0.0000000000e+00 3.6312232607e-13 -7.5143425874e-12 6.3708310855e-12 7.8034249717e-13
 7.2048281271e-08 7.2048281271e-08 0.0000000000e+00 8.2019235728e-15 -7.5358207312e-12 6.3330594433e-12 1.1945582380e-12
 7.2057620590e-08 7.2057620590e-08 0.0000000000e+00 -1.0590697458e-14 -7.5369571475e-12 6.3310603343e-12 1.2164893260e-12
 7.2067105829e-08 7.2067105829e-08 0.0000000000e+00 -1.1096930203e-15 -7.5363836726e-12 6.3320684860e-12 1.2054247336e-12
 7.2074693286e-08 7.2074693286e-08 0.0000000000e+00 1.0820327654e-16 -7.5363109674e-12 6.3321974324e-12 1.2040049027e-12
 7.2082421960e-08 7.2082421960e-08 0.0000000000e+00 4.0200094389e-17 -7.5363139495e-12 6.3321914028e-12 1.2040828639e-12
 7.2090067195e-08 7.2090067195e-08 0.0000000000e+00 -4.1766044146e-18 -7.5363168086e-12 6.3321870838e-12 1.2041343248e-12
 7.2097879955e-08 7.2097879955e-08 0.0000000000e+00 -1.6152654810e-18 -7.5363171690e-12 6.3321868980e-12 1.2041317246e-12
 7.2105994752e-08 7.2105994752e-08 0.0000000000e+00 3.9965229044e-18 -7.5363170080e-12 6.3321871729e-12 1.2041262191e-12
 7.2114512995e-08 7.2114512995e-08 0.0000000000e+00 4.2215090836e-19 -7.5363170941e-12 6.3321871292e-12 1.2041296595e-12
 7.2123541422e-08 7.2123541422e-08 0.0000000000e+00 -8.4259633113e-19 -7.5363169787e-12 6.3321870481e-12 1.2041307786e-12
 7.2133210295e-08 7.2133210295e-08 0.0000000000e+00 4.5964246529e-19 -7.5363168137e-12 6.3321870571e-12 1.2041298321e-12
 7.2143693912e-08 7.2143693912e-08 0.0000000000e+00 -2.0826889074e-19 -7.5363170233e-12 6.3321870842e-12 1.2041300990e-12
 7.2153064566e-08 7.2153064566e-08 0.0000000000e+00 -1.1614751907e-19 -7.5363168262e-12 6.3321870646e-12 1.2041295542e-12
 7.2165982587e-08 7.2165982587e-08 0.0000000000e+00 1.2225207204e-19 -7.5363170277e-12 6.3321870739e-12 1.2041301821e-12
 7.2177490132e-08 7.2177490132e-08 0.0000000000e+00 -3.2196416462e-19 -7.5363169335e-12 6.3321870656e-12 1.2041300013e-12
 7.2189210050e-08 7.2189210050e-08 0.0000000000e+00 2.3385561543e-19 -7.5363168178e-12 6.3321870638e-12 1.2041294078e-12
 7.2202724211e-08 7.2202724211e-08 0.0000000000e+00 3.0064820390e-20 -7.5363168169e-12 6.3321870617e-12 1.2041288774e-12
 7.2218436154e-08 7.2218436154e-08 0.0000000000e+00 2.3901978853e-19 -7.5363168711e-12 6.3321870610e-12 1.2041291276e-12
 7.2238182634e-08 7.2238182634e-08 0.0000000000e+00 -2.5176469278e-20 -7.5363169289e-12 6.3321870733e-12 1.2041298846e-12
 7.2257773253e-08 7.2257773253e-08 0.0000000000e+00 -1.1483332064e-21 -7.5363169272e-12 6.3321870689e-12 1.2041298599e-12
 7.2264745569e-08 7.2264745569e-08 0.0000000000e+00 -4.3263684970e-19 -7.5363169270e-12 6.3321870758e-12 1.2041299111e-12
 7.2267882081e-08 7.2267882081e-08 0.0000000000e+00 7.3157589903e-19 -7.5363171541e-12 6.3321870424e-12 1.2041290412e-12
 7.2269758325e-08 7.2269758325e-08 0.0000000000e+00 -7.7706866088e-20 -7.5363169309e-12 6.3321870343e-12 1.2041280067e-12
 7.2270815027e-08 7.2270815027e-08 0.0000000000e+00 4.2824935219e-18 -7.5363168707e-12 6.3321871447e-12 1.2041289320e-12
 7.2271787568e-08 7.2271787568e-08 0.0000000000e+00 1.0389188214e-18 -7.5363168618e-12 6.3321871692e-12 1.2041325040e-12
 7.2272001424e-08 7.2272001424e-08 0.0000000000e+00 -6.7713336744e-18 -7.5363198519e-12 6.3321880927e-12 1.2041370940e-12
 7.2272135709e-08 7.2272135709e-08 0.0000000000e+00 1.3147114189e-17 -7.5363167660e-12 6.3321889929e-12 1.2041426689e-12
 7.2272182848e-08 7.2272182848e-08 0.0000000000e+00 -1.6395316527e-17 -7.5363203796e-12 6.3321870790e-12 1.2041422550e-12
 7.2272208253e-08 7.2272208253e-08 0.0000000000e+00 -1.6074161984e-17 -7.5362856484e-12 6.3321861332e-12 1.2041423015e-12
 7.2272230161e-08 7.2272230161e-08 0.0000000000e+00 -1.3596906873e-17 -7.5362600696e-12 6.3321861623e-12 1.2041425864e-12
 7.2272254556e-08 7.2272254556e-08 0.0000000000e+00 8.3172216511e-17 -7.5363034750e-12 6.3321957886e-12 1.2041499834e-12
 7.2272272444e-08 7.2272272444e-08 0.0000000000e+00 -2.7174353992e-17 -7.5363452704e-12 6.3321878363e-12 1.2041539817e-12
 7.2272301260e-08 7.2272301260e-08 0.0000000000e+00 -7.3632429252e-17 -7.5363528327e-12 6.3322085562e-12 1.2041669714e-12
 7.2272332919e-08 7.2272332919e-08 0.0000000000e+00 -1.2473098236e-16 -7.5362697419e-12 6.3322117250e-12 1.2041980089e-12
 7.2272369938e-08 7.2272369938e-08 0.0000000000e+00 -7.8322077511e-18 -7.5363613404e-12 6.3321120776e-12 1.2040657993e-12
 7.2272416188e-08 7.2272416188e-08 0.0000000000e+00 -2.0302300394e-16 -7.5362604512e-12 6.3322012530e-12 1.2041400334e-12
 7.2272477872e-08 7.2272477872e-08 0.0000000000e+00 1.0234727808e-16 -7.5362966809e-12 6.3321603877e-12 1.2040178601e-12
 7.2272554103e-08 7.2272554103e-08 0.0000000000e+00 9.6426611151e-17 -7.5362221975e-12 6.3321909837e-12 1.2040174925e-12
 7.2272639736e-08 7.2272639736e-08 0.0000000000e+00 -3.2354598559e-17 -7.5362608439e-12 6.3322049985e-12 1.2040999818e-12
 7.2272737374e-08 7.2272737374e-08 0.0000000000e+00 3.3401654130e-17 -7.5363573473e-12 6.3321648973e-12 1.2040379808e-12
 7.2272850580e-08 7.2272850580e-08 0.0000000000e+00 -8.5878797332e-17 -7.5362835144e-12 6.3322195658e-12 1.2041352126e-12
 7.2272982760e-08 7.2272982760e-08 0.0000000000e+00 3.6027141338e-17 -7.5363119781e-12 6.3321806552e-12 1.2041107879e-12
 7.2273140845e-08 7.2273140845e-08 0.0000000000e+00 6.3026020300e-17 -7.5363126961e-12 6.3321865900e-12 1.2040895030e-12
 7.2273334698e-08 7.2273334698e-08 0.0000000000e+00 2.4494362419e-17 -7.5363087154e-12 6.3321868504e-12 1.2040796272e-12
 7.2273578901e-08 7.2273578901e-08 0.0000000000e+00 -3.2271210873e-17 -7.5363145843e-12 6.3321925138e-12 1.2041246158e-12
 7.2273895091e-08 7.2273895091e-08 0.0000000000e+00 9.0355369631e-17 -7.5363145851e-12 6.3321750709e-12 1.2040237063e-12
 7.2274314713e-08 7.2274314713e-08 0.0000000000e+00 -2.6449335379e-17 -7.5362965087e-12 6.3322003361e-12 1.2041166941e-12
 7.2274821562e-08 7.2274821562e-08 0.0000000000e+00 2.6974019563e-17 -7.5363178666e-12 6.3321846392e-12 1.2041027370e-12
 7.2275461507e-08 7.2275461507e-08 0.0000000000e+00 7.1294109607e-19 -7.5363101442e-12 6.3321886639e-12 1.2041134083e-12
 7.2276352614e-08 7.2276352614e-08 0.0000000000e+00 -4.1777757590e-17 -7.5363137938e-12 6.3321876729e-12 1.2041608522e-12
 7.2277806639e-08 7.2277806639e-08 0.0000000000e+00 2.7767435633e-17 -7.5363186090e-12 6.3321855030e-12 1.2041087256e-12
 7.2280047999e-08 7.2280047999e-08 0.0000000000e+00 -3.2275453543e-17 -7.5363155891e-12 6.3321882151e-12 1.2041574223e-12
 7.2282513525e-08 7.2282513525e-08 0.0000000000e+00 5.1794778752e-19 -7.5363179302e-12 6.3321862235e-12 1.2041295951e-12
 7.2285131812e-08 7.2285131812e-08 0.0000000000e+00 2.6751146042e-17 -7.5363182447e-12 6.3321876130e-12 1.2041051756e-12
 7.2288856758e-08 7.2288856758e-08 0.0000000000e+00 5.1097268600e-18 -7.5363160806e-12 6.3321876546e-12 1.2041227952e-12
 7.2291750075e-08 7.2291750075e-08 0.0000000000e+00 -7.0442668387e-18 -7.5363165264e-12 6.3321869068e-12 1.2041364323e-12
 7.2295749075e-08 7.2295749075e-08 0.0000000000e+00 -3.2024890882e-18 -7.5363173242e-12 6.3321868704e-12 1.2041346317e-12
 7.2300234341e-08 7.2300234341e-08 0.0000000000e+00 3.3800230507e-18 -7.5363174199e-12 6.3321870971e-12 1.2041269267e-12
 7.2309204874e-08 7.2309204874e-08 0.0000000000e+00 2.7420909693e-18 -7.5363169919e-12 6.3321871809e-12 1.2041266983e-12
 7.2322383682e-08 7.2322383682e-08 0.0000000000e+00 -1.7771723951e-18 -7.5363170104e-12 6.3321870469e-12 1.2041319135e-12
 7.2333431470e-08 7.2333431470e-08 0.0000000000e+00 -5.8727089294e-19 -7.5363168536e-12 6.3321870312e-12 1.2041300493e-12
 7.2345329511e-08 7.2345329511e-08 0.0000000000e+00 6.0017333685e-19 -7.5363171217e-12 6.3321870721e-12 1.2041291704e-12
 7.2354262142e-08 7.2354262142e-08 0.0000000000e+00 4.4530348277e-20 -7.5363168178e-12 6.3321870668e-12 1.2041298075e-12
 7.2357365575e-08 7.2357365575e-08 0.0000000000e+00 1.5336118365e-18 -7.5363167231e-12 6.3321870361e-12 1.2041290021e-12
 7.2363572441e-08 7.2363572441e-08 0.0000000000e+00 1.2178048170e-18 -7.5363169001e-12 6.3321870888e-12 1.2041294633e-12
 7.2370983825e-08 7.2370983825e-08 0.0000000000e+00 1.5299318603e-19 -7.5363166264e-12 6.3321870561e-12 1.2041296298e-12
 7.2378017869e-08 7.2378017869e-08 0.0000000000e+00 -4.1280973428e-19 -7.5363170312e-12 6.3321870707e-12 1.2041298858e-12
 7.2385585449e-08 7.2385585449e-08 0.0000000000e+00 -1.4694981991e-20 -7.5363170389e-12 6.3321870676e-12 1.2041298769e-12
 7.2394395878e-08 7.2394395878e-08 0.0000000000e+00 4.1736530811e-19 -7.5363169267e-12 6.3321870674e-12 1.2041293888e-12
 7.2398972908e-08 7.2398972908e-08 0.0000000000e+00 8.6290209705e-20 -7.5363169223e-12 6.3321870773e-12 1.2041296532e-12
 7.2408126969e-08 7.2408126969e-08 0.0000000000e+00 -1.3125019519e-19 -7.5363170413e-12 6.3321870632e-12 1.2041296215e-12
 7.2411759332e-08 7.2411759332e-08 0.0000000000e+00 -6.9078579716e-19 -7.5363169193e-12 6.3321870859e-12 1.2041305268e-12
 7.2419024057e-08 7.2419024057e-08 0.0000000000e+00 -7.1095446131e-19 -7.5363171569e-12 6.3321870629e-12 1.2041311340e-12
 7.2428809263e-08 7.2428809263e-08 0.0000000000e+00 4.8664148058e-19 -7.5363170362e-12 6.3321870667e-12 1.2041298106e-12
 7.2433405196e-08 7.2433405196e-08 0.0000000000e+00 -7.1480640111e-19 -7.5363171329e-12 6.3321870702e-12 1.2041297976e-12
 7.2442597062e-08 7.2442597062e-08 0.0000000000e+00 1.6172654713e-18 -7.5363165042e-12 6.3321870307e-12 1.2041289632e-12
 7.2448274425e-08 7.2448274425e-08 0.0000000000e+00 1.4501008688e-19 -7.5363169144e-12 6.3321870693e-12 1.2041296909e-12
 7.2455597691e-08 7.2455597691e-08 0.0000000000e+00 2.1124939961e-19 -7.5363168354e-12 6.3321870476e-12 1.2041291331e-12
 7.2463418307e-08 7.2463418307e-08 0.0000000000e+00 2.7381866520e-19 -7.5363170164e-12 6.3321870952e-12 1.2041304708e-12
 7.2472833466e-08 7.2472833466e-08 0.0000000000e+00 -3.1075896560e-19 -7.5363169475e-12 6.3321870527e-12 1.2041297707e-12
 7.2484126486e-08 7.2484126486e-08 0.0000000000e+00 2.1376664408e-19 -7.5363170220e-12 6.3321870758e-12 1.2041296236e-12
 7.2494019957e-08 7.2494019957e-08 0.0000000000e+00 1.0010340804e-20 -7.5363170346e-12 6.3321870769e-12 1.2041303320e-12
 7.2513806899e-08 7.2513806899e-08 0.0000000000e+00 7.1807801108e-20 -7.5363168823e-12 6.3321870650e-12 1.2041295863e-12
 7.2530223576e-08 7.2530223576e-08 0.0000000000e+00 1.0172614641e-19 -7.5363169207e-12 6.3321870686e-12 1.2041297460e-12
 7.2547641378e-08 7.2547641378e-08 0.0000000000e+00 1.8224803648e-19 -7.5363169291e-12 6.3321870656e-12 1.2041297063e-12
 7.2570358932e-08 7.2570358932e-08 0.0000000000e+00 -1.9495970252e-19 -7.5363170345e-12 6.3321870745e-12 1.2041300507e-12
 7.2598521985e-08 7.2598521985e-08 0.0000000000e+00 -2.3795775639e-19 -7.5363169551e-12 6.3321870720e-12 1.2041302332e-12
 7.2631992041e-08 7.2631992041e-08 0.0000000000e+00 -2.1767657499e-19 -7.5363169544e-12 6.3321870672e-12 1.2041299816e-12
 7.2670323398e-08 7.2670323398e-08 0.0000000000e+00 1.1681431713e-19 -7.5363168994e-12 6.3321870681e-12 1.2041296188e-12
 7.2712224237e-08 7.2712224237e-08 0.0000000000e+00 -9.8451448904e-20 -7.5363169265e-12 6.3321870699e-12 1.2041298469e-12
 7.2756522547e-08 7.2756522547e-08 0.0000000000e+00 -1.2227267764e-20 -7.5363169008e-12 6.3321870695e-12 1.2041298716e-12
 7.2802586523e-08 7.2802586523e-08 0.0000000000e+00 1.0800120628e-19 -7.5363169000e-12 6.3321870672e-12 1.2041296284e-12
 7.2850159694e-08 7.2850159694e-08 0.0000000000e+00 6.0788499480e-20 -7.5363168996e-12 6.3321870696e-12 1.2041296272e-12
 7.2899240481e-08 7.2899240481e-08 0.0000000000e+00 5.3882916292e-20 -7.5363169000e-12 6.3321870672e-12 1.2041298516e-12
 7.2950006874e-08 7.2950006874e-08 0.0000000000e+00 -1.1269640208e-19 -7.5363169544e-12 6.3321870702e-12 1.2041299712e-12
 7.3002743071e-08 7.3002743071e-08 0.0000000000e+00 -1.0834854458e-19 -7.5363169542e-12 6.3321870715e-12 1.2041299801e-12
 7.3057802270e-08 7.3057802270e-08 0.0000000000e+00 -1.0871921436e-21 -7.5363169001e-12 6.3321870672e-12 1.2041297443e-12
 7.3115599864e-08 7.3115599864e-08 0.0000000000e+00 -1.0220300018e-19 -7.5363169267e-12 6.3321870704e-12 1.2041298579e-12
 7.3176619782e-08 7.3176619782e-08 0.0000000000e+00 -5.8506869467e-20 -7.5363169274e-12 6.3321870685e-12 1.2041299170e-12
 7.3241430467e-08 7.3241430467e-08 0.0000000000e+00 -1.6273692882e-21 -7.5363169001e-12 6.3321870697e-12 1.2041297516e-12
 7.3310710506e-08 7.3310710506e-08 0.0000000000e+00 4.7430084003e-21 -7.5363169268e-12 6.3321870694e-12 1.2041298529e-12
 7.3385284581e-08 7.3385284581e-08 0.0000000000e+00 -2.9961453703e-21 -7.5363169408e-12 6.3321870687e-12 1.2041299156e-12
 7.3466173562e-08 7.3466173562e-08 0.0000000000e+00 -5.4735133576e-20 -7.5363169136e-12 6.3321870689e-12 1.2041298587e-12
 7.3554665967e-08 7.3554665967e-08 0.0000000000e+00 1.0415585557e-21 -7.5363169270e-12 6.3321870691e-12 1.2041297960e-12
 7.3652422617e-08 7.3652422617e-08 0.0000000000e+00 2.7506219056e-20 -7.5363169135e-12 6.3321870690e-12 1.2041298001e-12
 7.3761634606e-08 7.3761634606e-08 0.0000000000e+00 -3.2972670089e-22 -7.5363169203e-12 6.3321870685e-12 1.2041298280e-12
 7.3885270167e-08 7.3885270167e-08 0.0000000000e+00 2.6647730048e-20 -7.5363169136e-12 6.3321870681e-12 1.2041297977e-12
 7.4027476355e-08 7.4027476355e-08 0.0000000000e+00 2.7591371420e-20 -7.5363169271e-12 6.3321870686e-12 1.2041298000e-12
 7.4194264375e-08 7.4194264375e-08 0.0000000000e+00 1.3556414919e-22 -7.5363169339e-12 6.3321870690e-12 1.2041298851e-12
 7.4394747937e-08 7.4394747937e-08 0.0000000000e+00 1.2711017791e-20 -7.5363169271e-12 6.3321870685e-12 1.2041298286e-12
 7.4643545510e-08 7.4643545510e-08 0.0000000000e+00 8.9438268341e-22 -7.5363169304e-12 6.3321870691e-12 1.2041298859e-12
 7.4965882209e-08 7.4965882209e-08 0.0000000000e+00 -6.0796200072e-22 -7.5363169271e-12 6.3321870691e-12 1.2041298453e-12
 7.5409816843e-08 7.5409816843e-08 0.0000000000e+00 3.8680183600e-22 -7.5363169237e-12 6.3321870689e-12 1.2041298569e-12
 7.6081076269e-08 7.6081076269e-08 0.0000000000e+00 -1.6346657057e-22 -7.5363169271e-12 6.3321870689e-12 1.2041298515e-12
 7.7081076269e-08 7.7081076269e-08 0.0000000000e+00 4.6044035136e-23 -7.5363169262e-12 6.3321870689e-12 1.2041298615e-12
 7.8081076269e-08 7.8081076269e-08 0.0000000000e+00 -2.1360994572e-23 -7.5363169279e-12 6.3321870689e-12 1.2041298577e-12
 7.9081076269e-08 7.9081076269e-08 0.0000000000e+00 1.0167833147e-23 -7.5363169279e-12 6.3321870689e-12 1.2041298577e-12
 8.0000000000e-08 8.0000000000e-08 0.0000000000e+00 -3.3832791202e-21 -7.5363169288e-12 6.3321870691e-12 1.2041298687e-12
 8.0003898549e-08 8.0003898549e-08 4.6782583866e-03 -2.6822313255e-05 4.3057400519e-06 5.2899055264e-06 1.7225246758e-05
 8.0007622670e-08 8.0007622670e-08 9.1472043330e-03 -2.9158687158e-05 4.2543119879e-06 5.1923347998e-06 1.9710898625e-05
 8.0008523263e-08 8.0008523263e-08 1.0227915920e-02 -2.8897141961e-05 4.2808616495e-06 5.2325873860e-06 1.9382521206e-05
 8.0009477703e-08 8.0009477703e-08 1.1373243836e-02 -2.8748143344e-05 4.3043860503e-06 5.2700422295e-06 1.9172522345e-05
 8.0010615466e-08 8.0010615466e-08 1.2738559327e-02 -2.8710089371e-05 4.3241192435e-06 5.3007666950e-06 1.9084003456e-05
 8.0012890992e-08 8.0012890992e-08 1.5469190309e-02 -2.8738474714e-05 4.3574008055e-06 5.3511474465e-06 1.9028725893e-05
 8.0014938356e-08 8.0014938356e-08 1.7926027456e-02 -2.8778598430e-05 4.3871023319e-06 5.3958703071e-06 1.8994426451e-05
 8.0018015259e-08 8.0018015259e-08 2.1618310275e-02 -2.8830819127e-05 4.4332054586e-06 5.4654355446e-06 1.8930979270e-05
 8.0024169063e-08 8.0024169063e-08 2.9002875915e-02 -2.8935390946e-05 4.5287675563e-06 5.6096846331e-06 1.8795739901e-05
 8.0029483597e-08 8.0029483597e-08 3.5380316947e-02 -2.9036781577e-05 4.6157477962e-06 5.7408926942e-06 1.8678942185e-05
 8.0036223440e-08 8.0036223440e-08 4.3468128034e-02 -2.9178366818e-05 4.7309776957e-06 5.9146140033e-06 1.8531576209e-05
 8.0044421653e-08 8.0044421653e-08 5.3305984057e-02 -2.9370658354e-05 4.8790002421e-06 6.1376310056e-06 1.8352828195e-05
 8.0060072208e-08 8.0060072208e-08 7.2086649969e-02 -2.9794276220e-05 5.1839254100e-06 6.5966802267e-06 1.8012471669e-05
 8.0071281610e-08 8.0071281610e-08 8.5537932582e-02 -3.0169747822e-05 5.4309457726e-06 6.9681395365e-06 1.7769463596e-05
 8.0079993924e-08 8.0079993924e-08 9.5992709300e-02 -3.0501410284e-05 5.6388418163e-06 7.2805820186e-06 1.7580787531e-05
 8.0097418552e-08 8.0097418552e-08 1.1690226273e-01 -3.1224508417e-05 6.0785510911e-06 7.9412304350e-06 1.7203527973e-05
 8.0110603542e-08 8.0110603542e-08 1.3272425020e-01 -3.1878348489e-05 6.4539120188e-06 8.5048706630e-06 1.6918366888e-05
 8.0120023401e-08 8.0120023401e-08 1.4402808175e-01 -3.2405778620e-05 6.7461358630e-06 8.9435601320e-06 1.6714883705e-05
 8.0138863121e-08 8.0138863121e-08 1.6663574483e-01 -3.3532368098e-05 7.3589079149e-06 9.8636418986e-06 1.6308619361e-05
 8.0155966072e-08 8.0155966072e-08 1.8715928590e-01 -3.4716784825e-05 7.9789036560e-06 1.0794857913e-05 1.5941824326e-05
 8.0168792145e-08 8.0168792145e-08 2.0255057433e-01 -3.5719186743e-05 8.4882687033e-06 1.1560419896e-05 1.5669299201e-05
 8.0180277824e-08 8.0180277824e-08 2.1633338912e-01 -3.6673386239e-05 8.9657499766e-06 1.2278877395e-05 1.5427559915e-05
 8.0191702744e-08 8.0191702744e-08 2.3004329235e-01 -3.7674139899e-05 9.4597676438e-06 1.3023428748e-05 1.5189744542e-05
 8.0200868721e-08 8.0200868721e-08 2.4104246465e-01 -3.8521334439e-05 9.8721996371e-06 1.3646274841e-05 1.5001660980e-05
 8.0207148179e-08 8.0207148179e-08 2.4857781424e-01 -3.9123847817e-05 1.0162512032e-05 1.4085587784e-05 1.4874549007e-05
 8.0213467075e-08 8.0213467075e-08 2.5616048983e-01 -3.9740020593e-05 1.0457742767e-05 1.4533341872e-05 1.4747736953e-05
 8.0219305539e-08 8.0219305539e-08 2.6316664622e-01 -4.0321640335e-05 1.0734486215e-05 1.4954127821e-05 1.4631827287e-05
 8.0224591719e-08 8.0224591719e-08 2.6951006245e-01 -4.0858523543e-05 1.0988220408e-05 1.5341008423e-05 1.4528095688e-05
 8.0229501415e-08 8.0229501415e-08 2.7540169744e-01 -4.1365048121e-05 1.1226139229e-05 1.5704885713e-05 1.4432824144e-05
 8.0239320806e-08 8.0239320806e-08 2.8718496741e-01 -4.2393947326e-05 1.1705606331e-05 1.6442315030e-05 1.4244826913e-05
 8.0243462731e-08 8.0243462731e-08 2.9215527748e-01 -4.2841855581e-05 1.1911687004e-05 1.6761182618e-05 1.4167786880e-05
 8.0251746581e-08 8.0251746581e-08 3.0209589761e-01 -4.3739921591e-05 1.2322321259e-05 1.7401326548e-05 1.4015074700e-05
 8.0255950643e-08 8.0255950643e-08 3.0714077125e-01 -4.4203967358e-05 1.2532119413e-05 1.7731140353e-05 1.3939508484e-05
 8.0264358765e-08 8.0264358765e-08 3.1723051854e-01 -4.5136204949e-05 1.2949705504e-05 1.8394914946e-05 1.3790385378e-05
 8.0269753976e-08 8.0269753976e-08 3.2370477176e-01 -4.5741837393e-05 1.3217114170e-05 1.8826061090e-05 1.3697462984e-05
 8.0280544398e-08 8.0280544398e-08 3.3665327819e-01 -4.6959067501e-05 1.3745354627e-05 1.9696691946e-05 1.3515821756e-05
 8.0288939683e-08 8.0288939683e-08 3.4672761923e-01 -4.7913427766e-05 1.4148225925e-05 2.0383305446e-05 1.3380697184e-05
 8.0293432862e-08 8.0293432862e-08 3.5211943492e-01 -4.8425448421e-05 1.4359258288e-05 2.0753546325e-05 1.3311444567e-05
 8.0296106235e-08 8.0296106235e-08 3.5532748202e-01 -4.8729583254e-05 1.4482909962e-05 2.0974665332e-05 1.3270808716e-05
 8.0297144583e-08 8.0297144583e-08 3.5657349972e-01 -4.8847590220e-05 1.4530518253e-05 2.1060723415e-05 1.3255149305e-05
 8.0298045543e-08 8.0298045543e-08 3.5765465198e-01 -4.8949992835e-05 1.4571686096e-05 2.1135563301e-05 1.3241544195e-05
 8.0299055820e-08 8.0299055820e-08 3.5886698416e-01 -4.9064780649e-05 1.4617659113e-05 2.1219630523e-05 1.3226291768e-05
 8.0300610487e-08 8.0300610487e-08 3.6073258392e-01 -4.9241351473e-05 1.4687970356e-05 2.1349266134e-05 1.3202915732e-05
 8.0303027445e-08 8.0303027445e-08 3.6363293441e-01 -4.9515679897e-05 1.4796156085e-05 2.1551437381e-05 1.3166887172e-05
 8.0305993297e-08 8.0305993297e-08 3.6719195681e-01 -4.9851905487e-05 1.4926871574e-05 2.1800573106e-05 1.3123261538e-05
 8.0311393633e-08 8.0311393633e-08 3.7367235966e-01 -5.0462826453e-05 1.5158637523e-05 2.2257680983e-05 1.3045308661e-05
 8.0322194304e-08 8.0322194304e-08 3.8663316534e-01 -5.1677720009e-05 1.5593441786e-05 2.3188026276e-05 1.2895052625e-05
 8.0331728022e-08 8.0331728022e-08 3.9807362661e-01 -5.2735852028e-05 1.5935242543e-05 2.4028585454e-05 1.2770824663e-05
 8.0348267727e-08 8.0348267727e-08 4.1792127268e-01 -5.4537758762e-05 1.6408540644e-05 2.5558590372e-05 1.2569428328e-05
 8.0353980504e-08 8.0353980504e-08 4.2477660467e-01 -5.5132334423e-05 1.6518885904e-05 2.6103103139e-05 1.2509145887e-05
 8.0360160510e-08 8.0360160510e-08 4.3219261252e-01 -5.5774908860e-05 1.6610404875e-05 2.6719318390e-05 1.2443986122e-05
 8.0362885025e-08 8.0362885025e-08 4.3546202946e-01 -5.6053381536e-05 1.6638277436e-05 2.6997680317e-05 1.2416224288e-05
 8.0365049722e-08 8.0365049722e-08 4.3805966629e-01 -5.6274254148e-05 1.6655376578e-05 2.7223305797e-05 1.2394372275e-05
 8.0367802809e-08 8.0367802809e-08 4.4136337089e-01 -5.6554111905e-05 1.6670105333e-05 2.7516002581e-05 1.2366804489e-05
 8.0369770226e-08 8.0369770226e-08 4.4372427080e-01 -5.6752376868e-05 1.6675105823e-05 2.7728609362e-05 1.2347462171e-05
 8.0371970412e-08 8.0371970412e-08 4.4636449416e-01 -5.6972944974e-05 1.6675246518e-05 2.7970353077e-05 1.2326145860e-05
 8.0375255623e-08 8.0375255623e-08 4.5030674809e-01 -5.7299957277e-05 1.6664234565e-05 2.8339656880e-05 1.2294866302e-05
 8.0378520546e-08 8.0378520546e-08 4.5422465468e-01 -5.7621278736e-05 1.6638810805e-05 2.8716686456e-05 1.2264581933e-05
 8.0382192289e-08 8.0382192289e-08 4.5863074732e-01 -5.7978542419e-05 1.6592028807e-05 2.9153873491e-05 1.2231440567e-05
 8.0385755794e-08 8.0385755794e-08 4.6290695280e-01 -5.8320814774e-05 1.6526919177e-05 2.9592477294e-05 1.2200218735e-05
 8.0390145332e-08 8.0390145332e-08 4.6817439860e-01 -5.8737034832e-05 1.6418538093e-05 3.0154409933e-05 1.2162887225e-05
 8.0395333164e-08 8.0395333164e-08 4.7439979648e-01 -5.9220640662e-05 1.6247036803e-05 3.0851999777e-05 1.2120404483e-05
 8.0402651120e-08 8.0402651120e-08 4.8318134443e-01 -5.9887996466e-05 1.5917934949e-05 3.1905544680e-05 1.2063317216e-05
 8.0410717882e-08 8.0410717882e-08 4.9286145875e-01 -6.0600625369e-05 1.5422814528e-05 3.3172065019e-05 1.2004546172e-05
 8.0420383551e-08 8.0420383551e-08 5.0446026129e-01 -6.1423729131e-05 1.4625265801e-05 3.4857830549e-05 1.1939433103e-05
 8.0430535234e-08 8.0430535234e-08 5.1664228051e-01 -6.2249810170e-05 1.3518077440e-05 3.6853289257e-05 1.1877243764e-05
 8.0441536392e-08 8.0441536392e-08 5.2984367086e-01 -6.3101760469e-05 1.1971700749e-05 3.9312425586e-05 1.1816434395e-05
 8.0451994648e-08 8.0451994648e-08 5.4239357705e-01 -6.3867844073e-05 1.0134455913e-05 4.1967303600e-05 1.1764884792e-05
 8.0460711502e-08 8.0460711502e-08 5.5285380188e-01 -6.4472851056e-05 8.3093734703e-06 4.4435828798e-05 1.1726448996e-05
 8.0471936141e-08 8.0471936141e-08 5.6632336901e-01 -6.5219897261e-05 5.5495651047e-06 4.7988023878e-05 1.1681108470e-05
 8.0480356552e-08 8.0480356552e-08 5.7642786260e-01 -6.5745487267e-05 3.1596092812e-06 5.0933359001e-05 1.1651319151e-05
 8.0486766448e-08 8.0486766448e-08 5.8411973813e-01 -6.6128117795e-05 1.1530343108e-06 5.3343141326e-05 1.1630742312e-05
 8.0492345147e-08 8.0492345147e-08 5.9081417626e-01 -6.6452052342e-05 -7.2548941910e-07 5.5562457976e-05 1.1613883931e-05
 8.0496172573e-08 8.0496172573e-08 5.9540708813e-01 -6.6667859279e-05 -2.0866587422e-06 5.7150309404e-05 1.1603008756e-05
 8.0500000000e-08 8.0500000000e-08 6.0000000000e-01 -6.6880344720e-05 -3.5061367360e-06 5.8792755323e-05 1.1592526267e-05
 8.0500180377e-08 8.0500180377e-08 6.0021645279e-01 -6.6883673322e-05 -3.5771763720e-06 5.8867477422e-05 1.1592172370e-05
 8.0500341398e-08 8.0500341398e-08 6.0040967812e-01 -6.6897562850e-05 -3.6362892564e-06 5.8940865895e-05 1.1591786342e-05
 8.0500516123e-08 8.0500516123e-08 6.0061934704e-01 -6.6907152435e-05 -3.7027329797e-06 5.9017354212e-05 1.1591331339e-05
 8.0500661553e-08 8.0500661553e-08 6.0079386382e-01 -6.6915124489e-05 -3.7581272727e-06 5.9081110347e-05 1.1590941550e-05
 8.0500805455e-08 8.0500805455e-08 6.0096654546e-01 -6.6923006365e-05 -3.8130222339e-06 5.9144274570e-05 1.1590554163e-05
 8.0500953733e-08 8.0500953733e-08 6.0114447911e-01 -6.6931121695e-05 -3.8696741426e-06 5.9209439877e-05 1.1590156095e-05
 8.0501118203e-08 8.0501118203e-08 6.0134184376e-01 -6.6940115815e-05 -3.9326164874e-06 5.9281815893e-05 1.1589716543e-05
 8.0501311579e-08 8.0501311579e-08 6.0157389538e-01 -6.6950680602e-05 -4.0067605952e-06 5.9367039166e-05 1.1589202164e-05
 8.0501546940e-08 8.0501546940e-08 6.0185632819e-01 -6.6963524218e-05 -4.0972057212e-06 5.9470951093e-05 1.1588578978e-05
 8.0501842899e-08 8.0501842899e-08 6.0221147877e-01 -6.6979651270e-05 -4.2112544876e-06 5.9601906945e-05 1.1587798944e-05
 8.0502229475e-08 8.0502229475e-08 6.0267536950e-01 -6.7000676919e-05 -4.3607539651e-06 5.9773445875e-05 1.1586785140e-05
 8.0502763087e-08 8.0502763087e-08 6.0331570394e-01 -6.7029627700e-05 -4.5681044494e-06 6.0011138188e-05 1.1585394091e-05
 8.0503568526e-08 8.0503568526e-08 6.0428223111e-01 -6.7073171624e-05 -4.8832497767e-06 6.0371909990e-05 1.1583311539e-05
 8.0505006311e-08 8.0505006311e-08 6.0600757302e-01 -6.7150459474e-05 -5.4522906446e-06 6.1021907969e-05 1.1579642276e-05
 8.0507881881e-08 8.0507881881e-08 6.0945825684e-01 -6.7303378870e-05 -6.6152657962e-06 6.2344963131e-05 1.1572481657e-05
 8.0511746491e-08 8.0511746491e-08 6.1409578888e-01 -6.7504995495e-05 -8.2307012430e-06 6.4171231967e-05 1.1563264888e-05
 8.0515571343e-08 8.0515571343e-08 6.1868561183e-01 -6.7699622779e-05 -9.8889360318e-06 6.6032708910e-05 1.1554650009e-05
 8.0519254431e-08 8.0519254431e-08 6.2310531720e-01 -6.7882734182e-05 -1.1541354381e-05 6.7876086709e-05 1.1546801957e-05
 8.0522745378e-08 8.0522745378e-08 6.2729445402e-01 -6.8052644052e-05 -1.3157745689e-05 6.9669454903e-05 1.1539734937e-05
 8.0526413536e-08 8.0526413536e-08 6.3169624301e-01 -6.8227655097e-05 -1.4908525982e-05 7.1602318451e-05 1.1532662722e-05
 8.0530990196e-08 8.0530990196e-08 6.3718823526e-01 -6.8441233962e-05 -1.7167731494e-05 7.4083456136e-05 1.1524309409e-05
 8.0536391311e-08 8.0536391311e-08 6.4366957355e-01 -6.8686070905e-05 -1.9940400705e-05 7.7110127690e-05 1.1515144001e-05
 8.0542997765e-08 8.0542997765e-08 6.5159731797e-01 -6.8975301498e-05 -2.3487349832e-05 8.0956544911e-05 1.1504906493e-05
 8.0549369079e-08 8.0549369079e-08 6.5924289512e-01 -6.9242735350e-05 -2.7069151908e-05 8.4814596006e-05 1.1496091317e-05
 8.0556600952e-08 8.0556600952e-08 6.6792114268e-01 -6.9534702107e-05 -3.1323585176e-05 8.9369945596e-05 1.1487141745e-05
 8.0563624239e-08 8.0563624239e-08 6.7634908640e-01 -6.9805865305e-05 -3.5645655652e-05 9.3970792216e-05 1.1479528792e-05
 8.0572847005e-08 8.0572847005e-08 6.8741640580e-01 -7.0146858133e-05 -4.1600999608e-05 1.0027582861e-04 1.1470829169e-05
 8.0582618957e-08 8.0582618957e-08 6.9914274847e-01 -7.0487531926e-05 -4.8253290163e-05 1.0727632158e-04 1.1463300542e-05
 8.0588512362e-08 8.0588512362e-08 7.0621483455e-01 -7.0679618305e-05 -5.2434482661e-05 1.1165309132e-04 1.1459809672e-05
 8.0594104188e-08 8.0594104188e-08 7.1292502601e-01 -7.0857876916e-05 -5.6515802954e-05 1.1591564411e-04 1.1456835782e-05
 8.0599675048e-08 8.0599675048e-08 7.1961005768e-01 -7.1030539448e-05 -6.0691687662e-05 1.2026680238e-04 1.1454224748e-05
 8.0605429166e-08 8.0605429166e-08 7.2651499911e-01 -7.1203169505e-05 -6.5119266536e-05 1.2486929163e-04 1.1451944431e-05
 8.0611347829e-08 8.0611347829e-08 7.3361739424e-01 -7.1374763128e-05 -6.9793529858e-05 1.2971706217e-04 1.1450030832e-05
 8.0617494516e-08 8.0617494516e-08 7.4099341885e-01 -7.1546804924e-05 -7.4775481954e-05 1.3487260883e-04 1.1448478063e-05
 8.0623913073e-08 8.0623913073e-08 7.4869568752e-01 -7.1720027078e-05 -8.0115156213e-05 1.4038668556e-04 1.1447297738e-05
 8.0630666267e-08 8.0630666267e-08 7.5679952037e-01 -7.1895494631e-05 -8.5883166225e-05 1.4633095225e-04 1.1446508612e-05
 8.0637822213e-08 8.0637822213e-08 7.6538665586e-01 -7.2074178761e-05 -9.2161190658e-05 1.5278802773e-04 1.1446141692e-05
 8.0645464393e-08 8.0645464393e-08 7.7455727193e-01 -7.2257169205e-05 -9.9052375752e-05 1.5986210419e-04 1.1446240764e-05
 8.0653694708e-08 8.0653694708e-08 7.8443364971e-01 -7.2445665703e-05 -1.0668699324e-04 1.6768459315e-04 1.1446865790e-05
 8.0662642430e-08 8.0662642430e-08 7.9517091641e-01 -7.2641075107e-05 -1.1523484575e-04 1.7642662313e-04 1.1448097717e-05
 8.0672475819e-08 8.0672475819e-08 8.0697098258e-01 -7.2845102407e-05 -1.2492272630e-04 1.8631658260e-04 1.1450046095e-05
 8.0683421172e-08 8.0683421172e-08 8.2010540680e-01 -7.3059903342e-05 -1.3606320191e-04 1.9766904405e-04 1.1452861183e-05
 8.0693120846e-08 8.0693120846e-08 8.3174501490e-01 -7.3238913748e-05 -1.4624643815e-04 2.0802824185e-04 1.1455910034e-05
 8.0712520193e-08 8.0712520193e-08 8.5502423110e-01 -7.3577514886e-05 -1.6746906831e-04 2.2958249054e-04 1.1462892638e-05
 8.0726443741e-08 8.0726443741e-08 8.7173248915e-01 -7.3795478085e-05 -1.8339621800e-04 2.4572154624e-04 1.1468949816e-05
 8.0739621128e-08 8.0739621128e-08 8.8754535392e-01 -7.3988649585e-05 -1.9899188974e-04 2.6150418360e-04 1.1475155695e-05
 8.0755603017e-08 8.0755603017e-08 9.0672362015e-01 -7.4210436172e-05 -2.1857362694e-04 2.8129980812e-04 1.1483054970e-05
 8.0774381063e-08 8.0774381063e-08 9.2925727537e-01 -7.4451910590e-05 -2.4249648904e-04 3.0545435552e-04 1.1492844083e-05
 8.0794602047e-08 8.0794602047e-08 9.5352245640e-01 -7.4690328635e-05 -2.6933521533e-04 3.3252050505e-04 1.1503838890e-05
 8.0815660603e-08 8.0815660603e-08 9.7879272325e-01 -7.4918181504e-05 -2.9843859587e-04 3.6184001253e-04 1.1515564816e-05
 8.0837446553e-08 8.0837446553e-08 1.0049358635e+00 -7.5135380216e-05 -3.2974562961e-04 3.9335201831e-04 1.1527791486e-05
 8.0859807547e-08 8.0859807547e-08 1.0317690564e+00 -7.5341484576e-05 -3.6310308707e-04 4.2690309039e-04 1.1540281229e-05
 8.0871378458e-08 8.0871378458e-08 1.0456541493e+00 -7.5439015611e-05 -3.8083756506e-04 4.4472873075e-04 1.1546649901e-05
 8.0875372397e-08 8.0875372397e-08 1.0504468768e+00 -7.5471376611e-05 -3.8703231978e-04 4.5095367871e-04 1.1548817650e-05
 8.0877014053e-08 8.0877014053e-08 1.0524168631e+00 -7.5484983774e-05 -3.8958921022e-04 4.5352328521e-04 1.1549708765e-05
 8.0878411948e-08 8.0878411948e-08 1.0540943381e+00 -7.5496699383e-05 -3.9177130600e-04 4.5571633589e-04 1.1550469468e-05
 8.0879603127e-08 8.0879603127e-08 1.0555237520e+00 -7.5506656061e-05 -3.9363428500e-04 4.5758862327e-04 1.1551117762e-05
 8.0881680532e-08 8.0881680532e-08 1.0580166390e+00 -7.5523957281e-05 -3.9689113882e-04 4.6086164902e-04 1.1552247053e-05
 8.0883940742e-08 8.0883940742e-08 1.0607288900e+00 -7.5542650365e-05 -4.0044587082e-04 4.6443384821e-04 1.1553472948e-05
 8.0887670203e-08 8.0887670203e-08 1.0652042442e+00 -7.5573243923e-05 -4.0633694652e-04 4.7035350059e-04 1.1555489819e-05
 8.0894041048e-08 8.0894041048e-08 1.0728492578e+00 -7.5624792310e-05 -4.1647353668e-04 4.8053821131e-04 1.1558917655e-05
 8.0903467417e-08 8.0903467417e-08 1.0841609004e+00 -7.5699366602e-05 -4.3163919528e-04 4.9577341808e-04 1.1563943776e-05
 8.0914541529e-08 8.0914541529e-08 1.0974498343e+00 -7.5784299099e-05 -4.4970718976e-04 5.1392052254e-04 1.1569766299e-05
 8.0927808259e-08 8.0927808259e-08 1.1133699111e+00 -7.5882594676e-05 -4.7170290603e-04 5.3600768377e-04 1.1576616915e-05
 8.0945628133e-08 8.0945628133e-08 1.1347537601e+00 -7.6009452287e-05 -5.0183332240e-04 5.6625597617e-04 1.1585598488e-05
 8.0967337048e-08 8.0967337048e-08 1.1608044581e+00 -7.6156193540e-05 -5.3941817844e-04 6.0397702137e-04 1.1596150591e-05
 8.0983668524e-08 8.0983668524e-08 1.1804022290e+00 -7.6260067802e-05 -5.6830801648e-04 6.3296317668e-04 1.1603707577e-05
 8.1000000000e-08 8.1000000000e-08 1.2000000000e+00 -7.6360392369e-05 -5.9770755548e-04 6.6245574690e-04 1.1611000926e-05
 8.1001469820e-08 8.1001469820e-08 1.2000000000e+00 1.8790746464e-07 -6.2492095806e-04 6.2291746473e-04 1.8159190735e-06
 8.1002758082e-08 8.1002758082e-08 1.2000000000e+00 -2.7063454461e-08 -6.2400750287e-04 6.2427917018e-04 -2.4464216842e-07
 8.1003796914e-08 8.1003796914e-08 1.2000000000e+00 -2.0347533858e-08 -6.2403072637e-04 6.2425234670e-04 -2.0131152229e-07
 8.1004527546e-08 8.1004527546e-08 1.2000000000e+00 -6.2811631075e-09 -6.2409151230e-04 6.2416093587e-04 -6.3154904959e-08
 8.1005379522e-08 8.1005379522e-08 1.2000000000e+00 -1.9127826494e-10 -6.2411804745e-04 6.2412025761e-04 -2.0193064919e-09
 8.1006806061e-08 8.1006806061e-08 1.2000000000e+00 8.3741213967e-10 -6.2412253365e-04 6.2411330157e-04 8.3963236303e-09
 8.1009137184e-08 8.1009137184e-08 1.2000000000e+00 2.2259668445e-10 -6.2411985794e-04 6.2411740035e-04 2.2354301408e-09
 8.1012416094e-08 8.1012416094e-08 1.2000000000e+00 -1.0506569860e-11 -6.2411884357e-04 6.2411895812e-04 -1.0407007314e-10
 8.1018973914e-08 8.1018973914e-08 1.2000000000e+00 -1.1941385791e-11 -6.2411883733e-04 6.2411896783e-04 -1.1857784691e-10
 8.1032089553e-08 8.1032089553e-08 1.2000000000e+00 -4.0916552591e-13 -6.2411888751e-04 6.2411889082e-04 -2.8961797461e-12
 8.1053260033e-08 8.1053260033e-08 1.2000000000e+00 1.2741491858e-13 -6.2411888985e-04 6.2411888723e-04 2.4867127077e-12
 8.1077234895e-08 8.1077234895e-08 1.2000000000e+00 5.3970004828e-15 -6.2411888932e-04 6.2411888805e-04 1.2628180329e-12
 8.1101383081e-08 8.1101383081e-08 1.2000000000e+00 -5.5178427716e-16 -6.2411888929e-04 6.2411888809e-04 1.2031460314e-12
 8.1124805199e-08 8.1124805199e-08 1.2000000000e+00 -4.0938669672e-17 -6.2411888929e-04 6.2411888808e-04 1.2083081356e-12
 8.1146557352e-08 8.1146557352e-08 1.2000000000e+00 1.8914220065e-18 -6.2411888929e-04 6.2411888808e-04 1.2087253267e-12
 8.1166101047e-08 8.1166101047e-08 1.2000000000e+00 1.7112345439e-18 -6.2411888929e-04 6.2411888808e-04 1.2087023352e-12
 8.1183450308e-08 8.1183450308e-08 1.2000000000e+00 -7.2351751429e-19 -6.2411888929e-04 6.2411888808e-04 1.2087019641e-12
 8.1198921508e-08 8.1198921508e-08 1.2000000000e+00 3.6499314959e-20 -6.2411888929e-04 6.2411888808e-04 1.2087030460e-12
 8.1213070473e-08 8.1213070473e-08 1.2000000000e+00 4.1905501024e-21 -6.2411888929e-04 6.2411888808e-04 1.2087035506e-12
 8.1227697674e-08 8.1227697674e-08 1.2000000000e+00 -8.6442970906e-19 -6.2411888929e-04 6.2411888808e-04 1.2087026746e-12
 8.1241883574e-08 8.1241883574e-08 1.2000000000e+00 -7.5238786601e-21 -6.2411888929e-04 6.2411888808e-04 1.2087029591e-12
 8.1255547019e-08 8.1255547019e-08 1.2000000000e+00 1.7412038457e-18 -6.2411888929e-04 6.2411888808e-04 1.2087022176e-12
 8.1269856416e-08 8.1269856416e-08 1.2000000000e+00 -6.4876537620e-21 -6.2411888929e-04 6.2411888808e-04 1.2087025343e-12
 8.1287486119e-08 8.1287486119e-08 1.2000000000e+00 4.5063077837e-21 -6.2411888929e-04 6.2411888808e-04 1.2087026590e-12
 8.1297883987e-08 8.1297883987e-08 1.2000000000e+00 1.7376787596e-18 -6.2411888929e-04 6.2411888808e-04 1.2087017544e-12
 8.1308058738e-08 8.1308058738e-08 1.2000000000e+00 -9.5165269013e-21 -6.2411888929e-04 6.2411888808e-04 1.2087025318e-12
 8.1316456906e-08 8.1316456906e-08 1.2000000000e+00 3.4777832350e-18 -6.2411888929e-04 6.2411888808e-04 1.2087026392e-12
 8.1329634144e-08 8.1329634144e-08 1.2000000000e+00 -2.2596259461e-21 -6.2411888929e-04 6.2411888808e-04 1.2087025994e-12
 8.1347577472e-08 8.1347577472e-08 1.2000000000e+00 1.7343018581e-18 -6.2411888929e-04 6.2411888808e-04 1.2087021569e-12
 8.1369916860e-08 8.1369916860e-08 1.2000000000e+00 -8.7114219888e-19 -6.2411888929e-04 6.2411888808e-04 1.2087030449e-12
 8.1393020241e-08 8.1393020241e-08 1.2000000000e+00 8.7340240576e-19 -6.2411888929e-04 6.2411888808e-04 1.2087022275e-12
 8.1412598812e-08 8.1412598812e-08 1.2000000000e+00 -4.9175139046e-21 -6.2411888929e-04 6.2411888808e-04 1.2087025752e-12
 8.1429646758e-08 8.1429646758e-08 1.2000000000e+00 8.7083829940e-19 -6.2411888929e-04 6.2411888808e-04 1.2087021635e-12
 8.1444357259e-08 8.1444357259e-08 1.2000000000e+00 -8.7198996871e-19 -6.2411888929e-04 6.2411888808e-04 1.2087030099e-12
 8.1451063563e-08 8.1451063563e-08 1.2000000000e+00 -1.7288799654e-18 -6.2411888929e-04 6.2411888808e-04 1.2087026732e-12
 8.1457476918e-08 8.1457476918e-08 1.2000000000e+00 3.4598952031e-18 -6.2411888929e-04 6.2411888808e-04 1.2087033983e-12
 8.1463900585e-08 8.1463900585e-08 1.2000000000e+00 6.9602596407e-18 -6.2411888929e-04 6.2411888808e-04 1.2087018422e-12
 8.1469437612e-08 8.1469437612e-08 1.2000000000e+00 3.4549871308e-18 -6.2411888929e-04 6.2411888808e-04 1.2087007078e-12
 8.1475375650e-08 8.1475375650e-08 1.2000000000e+00 -1.9713838471e-20 -6.2411888929e-04 6.2411888808e-04 1.2087024335e-12
 8.1482597466e-08 8.1482597466e-08 1.2000000000e+00 3.5078080903e-18 -6.2411888929e-04 6.2411888808e-04 1.2087023096e-12
 8.1490734018e-08 8.1490734018e-08 1.2000000000e+00 1.7200861852e-18 -6.2411888929e-04 6.2411888808e-04 1.2087016305e-12
 8.1500076552e-08 8.1500076552e-08 1.2000000000e+00 -1.2367547580e-20 -6.2411888929e-04 6.2411888808e-04 1.2087033118e-12
 8.1510900789e-08 8.1510900789e-08 1.2000000000e+00 2.5401469058e-20 -6.2411888929e-04 6.2411888808e-04 1.2087021447e-12
 8.1523586133e-08 8.1523586133e-08 1.2000000000e+00 1.7146758360e-18 -6.2411888929e-04 6.2411888808e-04 1.2087019580e-12
 8.1538888038e-08 8.1538888038e-08 1.2000000000e+00 3.7617726484e-21 -6.2411888929e-04 6.2411888808e-04 1.2087026745e-12
 8.1557558440e-08 8.1557558440e-08 1.2000000000e+00 3.4853145643e-21 -6.2411888929e-04 6.2411888808e-04 1.2087030852e-12
 8.1579414060e-08 8.1579414060e-08 1.2000000000e+00 8.6815355578e-19 -6.2411888929e-04 6.2411888808e-04 1.2087026003e-12
 8.1604104440e-08 8.1604104440e-08 1.2000000000e+00 8.6469422384e-19 -6.2411888929e-04 6.2411888808e-04 1.2087023794e-12
 8.1631799352e-08 8.1631799352e-08 1.2000000000e+00 8.6716324802e-19 -6.2411888929e-04 6.2411888808e-04 1.2087026311e-12
 8.1660272609e-08 8.1660272609e-08 1.2000000000e+00 -8.6617921069e-19 -6.2411888929e-04 6.2411888808e-04 1.2087026301e-12
 8.1688983548e-08 8.1688983548e-08 1.2000000000e+00 4.3333029878e-19 -6.2411888929e-04 6.2411888808e-04 1.2087026300e-12
 8.1718391858e-08 8.1718391858e-08 1.2000000000e+00 -8.6768740787e-19 -6.2411888929e-04 6.2411888808e-04 1.2087028334e-12
 8.1748816398e-08 8.1748816398e-08 1.2000000000e+00 9.0194235207e-22 -6.2411888929e-04 6.2411888808e-04 1.2087026278e-12
 8.1780617069e-08 8.1780617069e-08 1.2000000000e+00 -8.6852627538e-19 -6.2411888929e-04 6.2411888808e-04 1.2087028394e-12
 8.1814324188e-08 8.1814324188e-08 1.2000000000e+00 4.3533891375e-19 -6.2411888929e-04 6.2411888808e-04 1.2087021878e-12
 8.1850649113e-08 8.1850649113e-08 1.2000000000e+00 -4.3610041841e-19 -6.2411888929e-04 6.2411888808e-04 1.2087025976e-12
 8.1890689137e-08 8.1890689137e-08 1.2000000000e+00 1.5907991008e-21 -6.2411888929e-04 6.2411888808e-04 1.2087028639e-12
 8.1936446170e-08 8.1936446170e-08 1.2000000000e+00 -4.3361619050e-19 -6.2411888929e-04 6.2411888808e-04 1.2087028439e-12
 8.1992521011e-08 8.1992521011e-08 1.2000000000e+00 -2.7503863889e-22 -6.2411888929e-04 6.2411888808e-04 1.2087027257e-12
 8.2078413960e-08 8.2078413960e-08 1.2000000000e+00 -1.9852567713e-22 -6.2411888929e-04 6.2411888808e-04 1.2087027330e-12
 8.2170262559e-08 8.2170262559e-08 1.2000000000e+00 1.6231100525e-22 -6.2411888929e-04 6.2411888808e-04 1.2087026211e-12
 8.2237641481e-08 8.2237641481e-08 1.2000000000e+00 2.1675132002e-19 -6.2411888929e-04 6.2411888808e-04 1.2087026188e-12
 8.2294072016e-08 8.2294072016e-08 1.2000000000e+00 -2.1680628778e-19 -6.2411888929e-04 6.2411888808e-04 1.2087026199e-12
 8.2346963039e-08 8.2346963039e-08 1.2000000000e+00 4.3385425063e-19 -6.2411888929e-04 6.2411888808e-04 1.2087023977e-12
 8.2396955805e-08 8.2396955805e-08 1.2000000000e+00 -4.1793102617e-22 -6.2411888929e-04 6.2411888808e-04 1.2087025006e-12
 8.2445499042e-08 8.2445499042e-08 1.2000000000e+00 4.3400763083e-19 -6.2411888929e-04 6.2411888808e-04 1.2087025073e-12
 8.2493991321e-08 8.2493991321e-08 1.2000000000e+00 8.6719831647e-19 -6.2411888929e-04 6.2411888808e-04 1.2087026113e-12
 8.2543058899e-08 8.2543058899e-08 1.2000000000e+00 -4.3360905789e-19 -6.2411888929e-04 6.2411888808e-04 1.2087027421e-12
 8.2593176375e-08 8.2593176375e-08 1.2000000000e+00 3.0087349847e-22 -6.2411888929e-04 6.2411888808e-04 1.2087025141e-12
 8.2644826017e-08 8.2644826017e-08 1.2000000000e+00 -5.5997400825e-22 -6.2411888929e-04 6.2411888808e-04 1.2087026077e-12
 8.2698435884e-08 8.2698435884e-08 1.2000000000e+00 4.3367206456e-22 -6.2411888929e-04 6.2411888808e-04 1.2087025015e-12
 8.2754429109e-08 8.2754429109e-08 1.2000000000e+00 -3.3159368161e-22 -6.2411888929e-04 6.2411888808e-04 1.2087026233e-12
 8.2813271065e-08 8.2813271065e-08 1.2000000000e+00 2.1709857108e-19 -6.2411888929e-04 6.2411888808e-04 1.2087026152e-12
 8.2875486110e-08 8.2875486110e-08 1.2000000000e+00 -4.3384515434e-19 -6.2411888929e-04 6.2411888808e-04 1.2087027265e-12
 8.2941681988e-08 8.2941681988e-08 1.2000000000e+00 -2.1662144956e-19 -6.2411888929e-04 6.2411888808e-04 1.2087026216e-12
 8.3012583986e-08 8.3012583986e-08 1.2000000000e+00 2.1662603425e-19 -6.2411888929e-04 6.2411888808e-04 1.2087026177e-12
 8.3089076327e-08 8.3089076327e-08 1.2000000000e+00 6.7944539388e-23 -6.2411888929e-04 6.2411888808e-04 1.2087026134e-12
 8.3172258665e-08 8.3172258665e-08 1.2000000000e+00 -2.1684055962e-19 -6.2411888929e-04 6.2411888808e-04 1.2087026196e-12
 8.3263527310e-08 8.3263527310e-08 1.2000000000e+00 2.1689485649e-19 -6.2411888929e-04 6.2411888808e-04 1.2087025083e-12
 8.3364694730e-08 8.3364694730e-08 1.2000000000e+00 -1.3002899848e-22 -6.2411888929e-04 6.2411888808e-04 1.2087025574e-12
 8.3478171537e-08 8.3478171537e-08 1.2000000000e+00 2.1690010529e-19 -6.2411888929e-04 6.2411888808e-04 1.2087026743e-12
 8.3607254397e-08 8.3607254397e-08 1.2000000000e+00 -1.0831811913e-19 -6.2411888929e-04 6.2411888808e-04 1.2087025663e-12
 8.3756601325e-08 8.3756601325e-08 1.2000000000e+00 1.0829550928e-19 -6.2411888929e-04 6.2411888808e-04 1.2087025609e-12
 8.3933056901e-08 8.3933056901e-08 1.2000000000e+00 -1.0839442241e-19 -6.2411888929e-04 6.2411888808e-04 1.2087026198e-12
 8.4147175753e-08 8.4147175753e-08 1.2000000000e+00 3.7691340386e-23 -6.2411888929e-04 6.2411888808e-04 1.2087025895e-12
 8.4416259054e-08 8.4416259054e-08 1.2000000000e+00 -1.0846377186e-19 -6.2411888929e-04 6.2411888808e-04 1.2087026734e-12
 8.4771036197e-08 8.4771036197e-08 1.2000000000e+00 5.4258101832e-20 -6.2411888929e-04 6.2411888808e-04 1.2087025929e-12
 8.5272485185e-08 8.5272485185e-08 1.2000000000e+00 -2.7149638446e-20 -6.2411888929e-04 6.2411888808e-04 1.2087026201e-12
 8.6063507826e-08 8.6063507826e-08 1.2000000000e+00 2.7127182824e-20 -6.2411888929e-04 6.2411888808e-04 1.2087026054e-12
 8.7063507826e-08 8.7063507826e-08 1.2000000000e+00 2.7100048936e-20 -6.2411888929e-04 6.2411888808e-04 1.2087026056e-12
 8.8063507826e-08 8.8063507826e-08 1.2000000000e+00 -1.3552573180e-20 -6.2411888929e-04 6.2411888808e-04 1.2087026264e-12
 8.9063507826e-08 8.9063507826e-08 1.2000000000e+00 -1.3550810598e-20 -6.2411888929e-04 6.2411888808e-04 1.2087026264e-12
 8.9781753913e-08 8.9781753913e-08 1.2000000000e+00 -7.0633287306e-25 -6.2411888929e-04 6.2411888808e-04 1.2087026268e-12
 9.0500000000e-08 9.0500000000e-08 1.2000000000e+00 4.2490185136e-25 -6.2411888929e-04 6.2411888808e-04 1.2087026196e-12
 9.0507812500e-08 9.0507812500e-08 1.2000000000e+00 -5.9841381011e-30 -6.2411888929e-04 6.2411888808e-04 1.2087026196e-12
 9.0516425410e-08 9.0516425410e-08 1.2000000000e+00 1.7347292202e-18 -6.2411888929e-04 6.2411888808e-04 1.2087025656e-12
 9.0518375511e-08 9.0518375511e-08 1.2000000000e+00 -2.0970167566e-21 -6.2411888929e-04 6.2411888808e-04 1.2087028112e-12
 9.0520301856e-08 9.0520301856e-08 1.2000000000e+00 -6.9954627715e-18 -6.2411888929e-04 6.2411888808e-04 1.2087053408e-12
 9.0523230438e-08 9.0523230438e-08 1.2000000000e+00 -6.8738331213e-18 -6.2411888929e-04 6.2411888808e-04 1.2087108960e-12
 9.0526803381e-08 9.0526803381e-08 1.2000000000e+00 -6.7897011325e-18 -6.2411888929e-04 6.2411888808e-04 1.2087054817e-12
 9.0531625521e-08 9.0531625521e-08 1.2000000000e+00 3.2868729188e-18 -6.2411888929e-04 6.2411888808e-04 1.2086999076e-12
 9.0539992994e-08 9.0539992994e-08 1.2000000000e+00 -6.6838907552e-20 -6.2411888929e-04 6.2411888808e-04 1.2087040918e-12
 9.0543986441e-08 9.0543986441e-08 1.2000000000e+00 6.7745696416e-20 -6.2411888929e-04 6.2411888808e-04 1.2087053671e-12
 9.0551973334e-08 9.0551973334e-08 1.2000000000e+00 1.7578996072e-18 -6.2411888929e-04 6.2411888808e-04 1.2087017700e-12
 9.0557922640e-08 9.0557922640e-08 1.2000000000e+00 3.4290195721e-18 -6.2411888929e-04 6.2411888808e-04 1.2087005780e-12
 9.0565868766e-08 9.0565868766e-08 1.2000000000e+00 -1.7466301962e-18 -6.2411888929e-04 6.2411888808e-04 1.2087025630e-12
 9.0574554198e-08 9.0574554198e-08 1.2000000000e+00 -1.7028212010e-18 -6.2411888929e-04 6.2411888808e-04 1.2087031147e-12
 9.0584817176e-08 9.0584817176e-08 1.2000000000e+00 -1.7438874269e-18 -6.2411888929e-04 6.2411888808e-04 1.2087034625e-12
 9.0593863952e-08 9.0593863952e-08 1.2000000000e+00 4.8354473496e-21 -6.2411888929e-04 6.2411888808e-04 1.2087026636e-12
 9.0611957504e-08 9.0611957504e-08 1.2000000000e+00 -1.0847107493e-20 -6.2411888929e-04 6.2411888808e-04 1.2087020643e-12
 9.0625055976e-08 9.0625055976e-08 1.2000000000e+00 -1.7364817104e-18 -6.2411888929e-04 6.2411888808e-04 1.2087030618e-12
 9.0636419759e-08 9.0636419759e-08 1.2000000000e+00 7.7537667815e-21 -6.2411888929e-04 6.2411888808e-04 1.2087026632e-12
 9.0648229943e-08 9.0648229943e-08 1.2000000000e+00 1.7310543361e-18 -6.2411888929e-04 6.2411888808e-04 1.2087020736e-12
 9.0659662705e-08 9.0659662705e-08 1.2000000000e+00 -1.7420154931e-18 -6.2411888929e-04 6.2411888808e-04 1.2087034174e-12
 9.0670647164e-08 9.0670647164e-08 1.2000000000e+00 -1.7244115276e-18 -6.2411888929e-04 6.2411888808e-04 1.2087037407e-12
 9.0681452193e-08 9.0681452193e-08 1.2000000000e+00 1.7358925596e-18 -6.2411888929e-04 6.2411888808e-04 1.2087025817e-12
 9.0692074453e-08 9.0692074453e-08 1.2000000000e+00 -1.1931011321e-20 -6.2411888929e-04 6.2411888808e-04 1.2087033757e-12
 9.0702483895e-08 9.0702483895e-08 1.2000000000e+00 1.7470069233e-18 -6.2411888929e-04 6.2411888808e-04 1.2087028934e-12
 9.0712695789e-08 9.0712695789e-08 1.2000000000e+00 1.7315863545e-18 -6.2411888929e-04 6.2411888808e-04 1.2087017303e-12
 9.0722711450e-08 9.0722711450e-08 1.2000000000e+00 -1.3253731468e-20 -6.2411888929e-04 6.2411888808e-04 1.2087033609e-12
 9.0732524847e-08 9.0732524847e-08 1.2000000000e+00 1.7581537425e-18 -6.2411888929e-04 6.2411888808e-04 1.2087021274e-12
 9.0743098545e-08 9.0743098545e-08 1.2000000000e+00 1.7178973258e-18 -6.2411888929e-04 6.2411888808e-04 1.2087014994e-12
 9.0752798337e-08 9.0752798337e-08 1.2000000000e+00 1.7358128572e-18 -6.2411888929e-04 6.2411888808e-04 1.2087017029e-12
 9.0763419709e-08 9.0763419709e-08 1.2000000000e+00 -1.7381336323e-18 -6.2411888929e-04 6.2411888808e-04 1.2087034524e-12
 9.0773109807e-08 9.0773109807e-08 1.2000000000e+00 1.7534848955e-18 -6.2411888929e-04 6.2411888808e-04 1.2087020865e-12
 9.0784526557e-08 9.0784526557e-08 1.2000000000e+00 -1.7567294909e-18 -6.2411888929e-04 6.2411888808e-04 1.2087024253e-12
 9.0794805808e-08 9.0794805808e-08 1.2000000000e+00 1.7465382304e-18 -6.2411888929e-04 6.2411888808e-04 1.2087018561e-12
 9.0804687875e-08 9.0804687875e-08 1.2000000000e+00 -8.9704079615e-21 -6.2411888929e-04 6.2411888808e-04 1.2087025922e-12
 9.0812361614e-08 9.0812361614e-08 1.2000000000e+00 6.8082637502e-21 -6.2411888929e-04 6.2411888808e-04 1.2087026801e-12
 9.0820265334e-08 9.0820265334e-08 1.2000000000e+00 -3.4751813968e-18 -6.2411888929e-04 6.2411888808e-04 1.2087034863e-12
 9.0827869496e-08 9.0827869496e-08 1.2000000000e+00 -1.7231985585e-18 -6.2411888929e-04 6.2411888808e-04 1.2087027804e-12
 9.0835537107e-08 9.0835537107e-08 1.2000000000e+00 -3.4847819919e-18 -6.2411888929e-04 6.2411888808e-04 1.2087034023e-12
 9.0843157444e-08 9.0843157444e-08 1.2000000000e+00 3.4838915960e-18 -6.2411888929e-04 6.2411888808e-04 1.2087026967e-12
 9.0850789725e-08 9.0850789725e-08 1.2000000000e+00 1.7296728637e-18 -6.2411888929e-04 6.2411888808e-04 1.2087016571e-12
 9.0858412787e-08 9.0858412787e-08 1.2000000000e+00 -1.2194931262e-20 -6.2411888929e-04 6.2411888808e-04 1.2087025069e-12
 9.0866036776e-08 9.0866036776e-08 1.2000000000e+00 1.7482230967e-18 -6.2411888929e-04 6.2411888808e-04 1.2087027387e-12
 9.0873657916e-08 9.0873657916e-08 1.2000000000e+00 3.4726939496e-18 -6.2411888929e-04 6.2411888808e-04 1.2087017321e-12
 9.0881278130e-08 9.0881278130e-08 1.2000000000e+00 1.7189685618e-18 -6.2411888929e-04 6.2411888808e-04 1.2087024214e-12
 9.0888896939e-08 9.0888896939e-08 1.2000000000e+00 1.1581465762e-20 -6.2411888929e-04 6.2411888808e-04 1.2087027207e-12
 9.0896514931e-08 9.0896514931e-08 1.2000000000e+00 1.7435051001e-18 -6.2411888929e-04 6.2411888808e-04 1.2087009184e-12
 9.0904132317e-08 9.0904132317e-08 1.2000000000e+00 1.7059690159e-18 -6.2411888929e-04 6.2411888808e-04 1.2087023561e-12
 9.0911749560e-08 9.0911749560e-08 1.2000000000e+00 -1.7123110972e-18 -6.2411888929e-04 6.2411888808e-04 1.2087030316e-12
 9.0919367120e-08 9.0919367120e-08 1.2000000000e+00 1.7345152304e-18 -6.2411888929e-04 6.2411888808e-04 1.2087026242e-12
 9.0926985585e-08 9.0926985585e-08 1.2000000000e+00 -1.7453442580e-18 -6.2411888929e-04 6.2411888808e-04 1.2087034393e-12
 9.0934605638e-08 9.0934605638e-08 1.2000000000e+00 -3.4556601529e-18 -6.2411888929e-04 6.2411888808e-04 1.2087028547e-12
 9.0942294428e-08 9.0942294428e-08 1.2000000000e+00 -5.2375749979e-21 -6.2411888929e-04 6.2411888808e-04 1.2087016584e-12
 9.0949912133e-08 9.0949912133e-08 1.2000000000e+00 -2.2264507314e-20 -6.2411888929e-04 6.2411888808e-04 1.2087041958e-12
 9.0957551981e-08 9.0957551981e-08 1.2000000000e+00 -3.4393331311e-18 -6.2411888929e-04 6.2411888808e-04 1.2087049449e-12
 9.0965186462e-08 9.0965186462e-08 1.2000000000e+00 -3.4653191299e-18 -6.2411888929e-04 6.2411888808e-04 1.2087027263e-12
 9.0972832593e-08 9.0972832593e-08 1.2000000000e+00 1.7149167045e-18 -6.2411888929e-04 6.2411888808e-04 1.2087015226e-12
 9.0980487352e-08 9.0980487352e-08 1.2000000000e+00 -3.4808302615e-18 -6.2411888929e-04 6.2411888808e-04 1.2087035370e-12
 9.0990243676e-08 9.0990243676e-08 1.2000000000e+00 -1.7021307157e-18 -6.2411888929e-04 6.2411888808e-04 1.2087030770e-12
 9.1000000000e-08 9.1000000000e-08 1.2000000000e+00 -1.0291120857e-20 -6.2411888929e-04 6.2411888808e-04 1.2087016126e-12
 9.1000330819e-08 9.1000330819e-08 1.1996030168e+00 7.6912664819e-05 -6.5229385627e-04 5.8166481100e-04 -6.2814701665e-06
 9.1000666112e-08 9.1000666112e-08 1.1992006653e+00 7.6504551743e-05 -6.5001644149e-04 5.8348668526e-04 -9.9732457424e-06
 9.1001036557e-08 9.1001036557e-08 1.1987561314e+00 7.6353552764e-05 -6.4867575275e-04 5.8383787753e-04 -1.1514449308e-05
 9.1001317143e-08 9.1001317143e-08 1.1984194280e+00 7.6330988052e-05 -6.4806741822e-04 5.8349279350e-04 -1.1755191599e-05
 9.1001575904e-08 9.1001575904e-08 1.1981089146e+00 7.6331880576e-05 -6.4760692560e-04 5.8301264255e-04 -1.1736423474e-05
 9.1001848977e-08 9.1001848977e-08 1.1977812281e+00 7.6336002561e-05 -6.4713608530e-04 5.8247925339e-04 -1.1677984978e-05
 9.1002160331e-08 9.1002160331e-08 1.1974076029e+00 7.6338503500e-05 -6.4658982069e-04 5.8188549609e-04 -1.1632984278e-05
 9.1002546471e-08 9.1002546471e-08 1.1969442342e+00 7.6338448042e-05 -6.4589874602e-04 5.8117089279e-04 -1.1609395562e-05
 9.1003051755e-08 9.1003051755e-08 1.1963378945e+00 7.6336050392e-05 -6.4498464622e-04 5.8025201811e-04 -1.1602221658e-05
 9.1003746768e-08 9.1003746768e-08 1.1955038787e+00 7.6331735947e-05 -6.4372360675e-04 5.7899576040e-04 -1.1602689138e-05
 9.1004769123e-08 9.1004769123e-08 1.1942770524e+00 7.6325308278e-05 -6.4186993618e-04 5.7714995497e-04 -1.1604126976e-05
 9.1006459112e-08 9.1006459112e-08 1.1922490653e+00 7.6314891683e-05 -6.3881106423e-04 5.7410145334e-04 -1.1604080836e-05
 9.1009839091e-08 9.1009839091e-08 1.1881930909e+00 7.6294091595e-05 -6.3270994765e-04 5.6801958546e-04 -1.1602529442e-05
 9.1016599048e-08 9.1016599048e-08 1.1800811422e+00 7.6252049286e-05 -6.2057218198e-04 5.5592074276e-04 -1.1599410084e-05
 9.1029006205e-08 9.1029006205e-08 1.1651925544e+00 7.6173259978e-05 -5.9852145652e-04 5.3394310032e-04 -1.1593703800e-05
 9.1039934692e-08 9.1039934692e-08 1.1520783699e+00 7.6101500554e-05 -5.7934639749e-04 5.1483462680e-04 -1.1588529892e-05
 9.1048681250e-08 9.1048681250e-08 1.1415824996e+00 7.6042355306e-05 -5.6417022038e-04 4.9971335152e-04 -1.1584286474e-05
 9.1056588397e-08 9.1056588397e-08 1.1320939237e+00 7.5987810728e-05 -5.5058330844e-04 4.8617709050e-04 -1.1580392807e-05
 9.1062832613e-08 9.1062832613e-08 1.1246008648e+00 7.5943888581e-05 -5.3994415568e-04 4.7557874342e-04 -1.1577276346e-05
 9.1069235944e-08 9.1069235944e-08 1.1169168678e+00 7.5898189136e-05 -5.2911778251e-04 4.6479484303e-04 -1.1574049680e-05
 9.1076204826e-08 9.1076204826e-08 1.1085542089e+00 7.5847606633e-05 -5.1743286185e-04 4.5315695626e-04 -1.1570501075e-05
 9.1077390908e-08 9.1077390908e-08 1.1071309105e+00 7.5838618266e-05 -5.1545423999e-04 4.5118670528e-04 -1.1569883587e-05
 9.1078286229e-08 9.1078286229e-08 1.1060565247e+00 7.5831995196e-05 -5.1396271456e-04 4.4970133980e-04 -1.1569420463e-05
 9.1078949807e-08 9.1078949807e-08 1.1052602315e+00 7.5827092354e-05 -5.1285836038e-04 4.4860154655e-04 -1.1569078547e-05
 9.1079498304e-08 9.1079498304e-08 1.1046020353e+00 7.5823034002e-05 -5.1194623732e-04 4.4769319940e-04 -1.1568796111e-05
 9.1080128505e-08 9.1080128505e-08 1.1038457934e+00 7.5818365173e-05 -5.1089903644e-04 4.4665034265e-04 -1.1568471411e-05
 9.1081000783e-08 9.1081000783e-08 1.1027990598e+00 7.5811890958e-05 -5.0945097948e-04 4.4520830998e-04 -1.1568021485e-05
 9.1082745340e-08 9.1082745340e-08 1.1007055926e+00 7.5798902427e-05 -5.0655975406e-04 4.4232917161e-04 -1.1567120008e-05
 9.1084554442e-08 9.1084554442e-08 1.0985346702e+00 7.5785360811e-05 -5.0356845408e-04 4.3935047575e-04 -1.1566182506e-05
 9.1086912841e-08 9.1086912841e-08 1.0957045913e+00 7.5767606983e-05 -4.9967949147e-04 4.3547804097e-04 -1.1564956517e-05
 9.1089591280e-08 9.1089591280e-08 1.0924904645e+00 7.5747298748e-05 -4.9527737357e-04 4.3109483371e-04 -1.1563558915e-05
 9.1093283505e-08 9.1093283505e-08 1.0880597943e+00 7.5719066050e-05 -4.8923462822e-04 4.2507838607e-04 -1.1561623929e-05
 9.1098844675e-08 9.1098844675e-08 1.0813863906e+00 7.5676018862e-05 -4.8018947833e-04 4.1607335146e-04 -1.1558692022e-05
 9.1108499736e-08 9.1108499736e-08 1.0698003163e+00 7.5599779314e-05 -4.6464831724e-04 4.0060329330e-04 -1.1553555399e-05
 9.1123803367e-08 9.1123803367e-08 1.0514359596e+00 7.5474670493e-05 -4.4044531347e-04 3.7651714225e-04 -1.1545299301e-05
 9.1128425861e-08 9.1128425861e-08 1.0458889673e+00 7.5434187432e-05 -4.3323967437e-04 3.6934943315e-04 -1.1542746241e-05
 9.1135024922e-08 9.1135024922e-08 1.0379700930e+00 7.5377011934e-05 -4.2303961475e-04 3.5920292028e-04 -1.1539117490e-05
 9.1136980808e-08 9.1136980808e-08 1.0356230299e+00 7.5359585685e-05 -4.2003593486e-04 3.5621558572e-04 -1.1538036581e-05
 9.1138352693e-08 9.1138352693e-08 1.0339767688e+00 7.5347424133e-05 -4.1793453753e-04 3.5412559189e-04 -1.1537278523e-05
 9.1139056091e-08 9.1139056091e-08 1.0331326913e+00 7.5341181823e-05 -4.1685882855e-04 3.5305573661e-04 -1.1536889911e-05
 9.1139645157e-08 9.1139645157e-08 1.0324258116e+00 7.5335952135e-05 -4.1595887033e-04 3.5216068263e-04 -1.1536564470e-05
 9.1140304940e-08 9.1140304940e-08 1.0316340722e+00 7.5330086647e-05 -4.1495184997e-04 3.5115916319e-04 -1.1536199898e-05
 9.1141120490e-08 9.1141120490e-08 1.0306554123e+00 7.5322820159e-05 -4.1370850934e-04 3.4992263823e-04 -1.1535749080e-05
 9.1142569557e-08 9.1142569557e-08 1.0289165321e+00 7.5309867458e-05 -4.1150324024e-04 3.4772952030e-04 -1.1534947548e-05
 9.1144605076e-08 9.1144605076e-08 1.0264739090e+00 7.5291571358e-05 -4.0841391097e-04 3.4465736003e-04 -1.1533820449e-05
 9.1147537270e-08 9.1147537270e-08 1.0229552760e+00 7.5265005618e-05 -4.0398107216e-04 3.4024946106e-04 -1.1532194539e-05
 9.1152390702e-08 9.1152390702e-08 1.0171311582e+00 7.5220507396e-05 -3.9668908784e-04 3.3299927857e-04 -1.1529498154e-05
 9.1159218095e-08 9.1159218095e-08 1.0089382865e+00 7.5156697771e-05 -3.8652777925e-04 3.2289797697e-04 -1.1525695520e-05
 9.1166558110e-08 9.1166558110e-08 1.0001302685e+00 7.5086270636e-05 -3.7573047791e-04 3.1216700462e-04 -1.1521597372e-05
 9.1175058069e-08 9.1175058069e-08 9.8993031708e-01 7.5002389565e-05 -3.6339326267e-04 2.9990891934e-04 -1.1516846264e-05
 9.1178377261e-08 9.1178377261e-08 9.8594728733e-01 7.4968279391e-05 -3.5862435462e-04 2.9517226625e-04 -1.1514991050e-05
 9.1185015643e-08 9.1185015643e-08 9.7798122783e-01 7.4900093694e-05 -3.4917030588e-04 2.8578269745e-04 -1.1511285290e-05
 9.1187594912e-08 9.1187594912e-08 9.7488610511e-01 7.4872796885e-05 -3.4552705017e-04 2.8216530200e-04 -1.1509848744e-05
 9.1192753450e-08 9.1192753450e-08 9.6869585965e-01 7.4818044744e-05 -3.3829175395e-04 2.7498188804e-04 -1.1506978863e-05
 9.1201971025e-08 9.1201971025e-08 9.5763477025e-01 7.4717886473e-05 -3.2553409725e-04 2.6231928034e-04 -1.1501869597e-05
 9.1211320013e-08 9.1211320013e-08 9.4641598406e-01 7.4612124117e-05 -3.1282049465e-04 2.4970630189e-04 -1.1496731380e-05
 9.1221064729e-08 9.1221064729e-08 9.3472232532e-01 7.4497274482e-05 -2.9981426559e-04 2.3680963305e-04 -1.1491441966e-05
 9.1225399012e-08 9.1225399012e-08 9.2952118601e-01 7.4443592531e-05 -2.9411032388e-04 2.3115706379e-04 -1.1489132465e-05
 9.1234067577e-08 9.1234067577e-08 9.1911890740e-01 7.4335701024e-05 -2.8285538087e-04 2.2000541917e-04 -1.1484539354e-05
 9.1239678541e-08 9.1239678541e-08 9.1238575098e-01 7.4263069799e-05 -2.7567901660e-04 2.1289877121e-04 -1.1481624436e-05
 9.1247037172e-08 9.1247037172e-08 9.0355539396e-01 7.4165566653e-05 -2.6639861143e-04 2.0371210646e-04 -1.1477861706e-05
 9.1255248352e-08 9.1255248352e-08 8.9370197702e-01 7.4053023324e-05 -2.5622017024e-04 1.9364211015e-04 -1.1473763252e-05
 9.1265500033e-08 9.1265500033e-08 8.8139996091e-01 7.3906627188e-05 -2.4377755351e-04 1.8134094685e-04 -1.1468820550e-05
 9.1274426814e-08 9.1274426814e-08 8.7068782270e-01 7.3772449315e-05 -2.3318520151e-04 1.7087868404e-04 -1.1464731859e-05
 9.1292280378e-08 9.1292280378e-08 8.4926354628e-01 7.3490245586e-05 -2.1268983587e-04 1.5065786178e-04 -1.1457071515e-05
 9.1307622940e-08 9.1307622940e-08 8.3085247143e-01 7.3223777286e-05 -1.9582082608e-04 1.3404968395e-04 -1.1451435173e-05
 9.1324836529e-08 9.1324836529e-08 8.1019616547e-01 7.2898661272e-05 -1.7773071448e-04 1.1627956619e-04 -1.1446312992e-05
 9.1344720648e-08 9.1344720648e-08 7.8633522209e-01 7.2485747380e-05 -1.5795814974e-04 9.6915889671e-05 -1.1442287316e-05
 9.1364803393e-08 9.1364803393e-08 7.6223592893e-01 7.2017921174e-05 -1.3923781812e-04 7.8662161960e-05 -1.1441065012e-05
 9.1384837537e-08 9.1384837537e-08 7.3819495508e-01 7.1493326613e-05 -1.2184630947e-04 6.1797633690e-05 -1.1443450828e-05
 9.1404950954e-08 9.1404950954e-08 7.1405885580e-01 7.0901246368e-05 -1.0571177636e-04 4.6262046944e-05 -1.1450316927e-05
 9.1424895794e-08 9.1424895794e-08 6.9012504721e-01 7.0239747648e-05 -9.1063446437e-05 3.2287548478e-05 -1.1462649651e-05
 9.1444549983e-08 9.1444549983e-08 6.6654002086e-01 6.9505521700e-05 -7.7986333130e-05 1.9963441900e-05 -1.1481430413e-05
 9.1463900405e-08 9.1463900405e-08 6.4331951459e-01 6.8692939531e-05 -6.6469199171e-05 9.2851765008e-06 -1.1507716783e-05
 9.1482931287e-08 9.1482931287e-08 6.2048245584e-01 6.7797054748e-05 -5.6491171527e-05 2.3794352428e-07 -1.1542626642e-05
 9.1501657164e-08 9.1501657164e-08 5.9801140358e-01 6.6812428553e-05 -4.7998981251e-05 -7.2248700255e-06 -1.1587377143e-05
 9.1520148081e-08 9.1520148081e-08 5.7582230234e-01 6.5731206573e-05 -4.0899144476e-05 -1.3187444007e-05 -1.1643417923e-05
 9.1538532343e-08 9.1538532343e-08 5.5376118894e-01 6.4541460635e-05 -3.5065953040e-05 -1.7761673615e-05 -1.1712633774e-05
 9.1557008858e-08 9.1557008858e-08 5.3158937025e-01 6.3224568091e-05 -3.0347393844e-05 -2.1078291035e-05 -1.1797682961e-05
 9.1573678603e-08 9.1573678603e-08 5.1158567674e-01 6.1922128787e-05 -2.6958811664e-05 -2.3071801460e-05 -1.1890315363e-05
 9.1592594431e-08 9.1592594431e-08 4.8888668303e-01 6.0330482121e-05 -2.3952547484e-05 -2.4363531631e-05 -1.2013202656e-05
 9.1605982524e-08 9.1605982524e-08 4.7282097165e-01 5.9105928881e-05 -2.2244317584e-05 -2.4743851812e-05 -1.2116559074e-05
 9.1617838147e-08 9.1617838147e-08 4.5859422311e-01 5.7974135120e-05 -2.0964139741e-05 -2.4791122177e-05 -1.2217672756e-05
 9.1636886965e-08 9.1636886965e-08 4.3573564256e-01 5.6087862627e-05 -1.9257572291e-05 -2.4433729621e-05 -1.2395360224e-05
 9.1660106148e-08 9.1660106148e-08 4.0787262208e-01 5.3645562822e-05 -1.7547957071e-05 -2.3449302840e-05 -1.2647102327e-05
 9.1682188575e-08 9.1682188575e-08 3.8137371046e-01 5.1192807336e-05 -1.6128200964e-05 -2.2134605633e-05 -1.2928800054e-05
 9.1703772459e-08 9.1703772459e-08 3.5547304941e-01 4.8733117451e-05 -1.4848429538e-05 -2.0642375031e-05 -1.3241112116e-05
 9.1725710774e-08 9.1725710774e-08 3.2914707180e-01 4.6225301412e-05 -1.3613970890e-05 -1.9017737316e-05 -1.3592392366e-05
 9.1748103508e-08 9.1748103508e-08 3.0227579022e-01 4.3710781629e-05 -1.2405061646e-05 -1.7321006590e-05 -1.3983512483e-05
 9.1771156394e-08 9.1771156394e-08 2.7461232703e-01 4.1228248958e-05 -1.1215759519e-05 -1.5595346149e-05 -1.4415942319e-05
 9.1795208384e-08 9.1795208384e-08 2.4574993969e-01 3.8810637664e-05 -1.0046516516e-05 -1.3870011829e-05 -1.4892908300e-05
 9.1818294300e-08 9.1818294300e-08 2.1804684054e-01 3.6710141825e-05 -9.0103923861e-06 -1.2328631773e-05 -1.5369916612e-05
 9.1839077307e-08 9.1839077307e-08 1.9310723212e-01 3.5034466262e-05 -8.1618506752e-06 -1.1061479766e-05 -1.5809934749e-05
 9.1858382068e-08 9.1858382068e-08 1.6994151841e-01 3.3661756250e-05 -7.4463330800e-06 -9.9908714322e-06 -1.6223350661e-05
 9.1877293338e-08 9.1877293338e-08 1.4724799415e-01 3.2484541887e-05 -6.8120990390e-06 -9.0407225499e-06 -1.6630519218e-05
 9.1896098389e-08 9.1896098389e-08 1.2468193270e-01 3.1478051579e-05 -6.2470413580e-06 -8.1933997503e-06 -1.7036409390e-05
 9.1914748389e-08 9.1914748389e-08 1.0230193265e-01 3.0637493163e-05 -5.7498432026e-06 -7.4471528571e-06 -1.7439296022e-05
 9.1933474202e-08 9.1933474202e-08 7.9830957418e-02 2.9941618961e-05 -5.3100235576e-06 -6.7863569030e-06 -1.7844037419e-05
 9.1952624165e-08 9.1952624165e-08 5.6851002185e-02 2.9371704778e-05 -4.9169020229e-06 -6.1949929563e-06 -1.8258608715e-05
 9.1963104886e-08 9.1963104886e-08 4.4274136928e-02 2.9143607980e-05 -4.7350698839e-06 -5.9209730496e-06 -1.8486363959e-05
 9.1971948726e-08 9.1971948726e-08 3.3661529371e-02 2.8965955568e-05 -4.5873734698e-06 -5.6982739935e-06 -1.8679107013e-05
 9.1982209845e-08 9.1982209845e-08 2.1348185504e-02 2.8780673977e-05 -4.4241042900e-06 -5.4519299579e-06 -1.8903438634e-05
 9.1991104923e-08 9.1991104923e-08 1.0674092752e-02 2.8649221115e-05 -4.2938981844e-06 -5.2552378287e-06 -1.9098884001e-05
 9.1995760086e-08 9.1995760086e-08 5.0878970014e-03 2.8594538500e-05 -4.2311915289e-06 -5.1603888011e-06 -1.9201757063e-05
 9.2000000000e-08 9.2000000000e-08 1.5099033135e-14 2.8546413681e-05 -4.1746770611e-06 -5.0748898812e-06 -1.9295645630e-05
 9.2000373085e-08 9.2000373085e-08 0.0000000000e+00 9.4938579233e-06 5.2398378631e-07 8.4826165423e-07 -1.0867232919e-05
 9.2000720301e-08 9.2000720301e-08 0.0000000000e+00 4.5522487070e-06 2.9196454834e-07 5.2008762076e-07 -5.3649306753e-06
 9.2001065442e-08 9.2001065442e-08 0.0000000000e+00 1.9557398916e-06 1.2248733110e-07 2.2620648875e-07 -2.3047030547e-06
 9.2001498584e-08 9.2001498584e-08 0.0000000000e+00 4.8792998243e-07 2.9372867862e-08 5.3515275090e-08 -5.7088292855e-07
 9.2001848199e-08 9.2001848199e-08 0.0000000000e+00 7.8141029853e-08 4.5952418796e-09 7.8892427957e-09 -9.0635480286e-08
 9.2002223196e-08 9.2002223196e-08 0.0000000000e+00 -4.6396843659e-08 -2.8258160549e-09 -5.1306938298e-09 5.4359559931e-08
 9.2002674334e-08 9.2002674334e-08 0.0000000000e+00 -5.9922971292e-08 -3.6301773706e-09 -6.3858860776e-09 6.9946921100e-08
 9.2003267523e-08 9.2003267523e-08 0.0000000000e+00 -3.5801297177e-08 -2.1734053178e-09 -3.7951601941e-09 4.1774567448e-08
 9.2004156219e-08 9.2004156219e-08 0.0000000000e+00 -9.8764937474e-09 -6.0528161509e-10 -1.0429158102e-09 1.1525989542e-08
 9.2005743186e-08 9.2005743186e-08 0.0000000000e+00 2.5804691883e-09 1.4860516571e-10 2.8080871652e-10 -3.0102224364e-09
 9.2008917119e-08 9.2008917119e-08 0.0000000000e+00 2.3701845252e-09 1.3589513712e-10 2.5852594222e-10 -2.7649173710e-09
 9.2014117071e-08 9.2014117071e-08 0.0000000000e+00 2.7190311553e-10 8.9177643096e-12 3.5268552240e-11 -3.1612519828e-10
 9.2020901450e-08 9.2020901450e-08 0.0000000000e+00 -6.6663622216e-11 -1.1570461600e-11 -7.6206215948e-13 7.9004913942e-11
 9.2027135985e-08 9.2027135985e-08 0.0000000000e+00 -1.5938895630e-11 -8.5008562853e-12 4.6359365239e-12 1.9805910691e-11
 9.2032626034e-08 9.2032626034e-08 0.0000000000e+00 -1.7962940759e-13 -7.5471872418e-12 6.3130703865e-12 1.4137682474e-12
 9.2038320198e-08 9.2038320198e-08 0.0000000000e+00 5.6118749758e-13 -7.5023568674e-12 6.3919114755e-12 5.4918242176e-13
 9.2045761014e-08 9.2045761014e-08 0.0000000000e+00 7.7821995717e-14 -7.5316071127e-12 6.3404697191e-12 1.1133048425e-12
 9.2053949912e-08 9.2053949912e-08 0.0000000000e+00 -8.0039531125e-15 -7.5368015209e-12 6.3313347091e-12 1.2134722837e-12
 9.2064375198e-08 9.2064375198e-08 0.0000000000e+00 -2.9419735170e-15 -7.5364947959e-12 6.3318741228e-12 1.2075632557e-12
 9.2072008711e-08 9.2072008711e-08 0.0000000000e+00 -1.5114899161e-16 -7.5363254798e-12 6.3321717607e-12 1.2043049654e-12
 9.2079730997e-08 9.2079730997e-08 0.0000000000e+00 6.3196138993e-17 -7.5363131476e-12 6.3321940064e-12 1.2040556009e-12
 9.2089898767e-08 9.2089898767e-08 0.0000000000e+00 3.6226943185e-18 -7.5363162706e-12 6.3321879766e-12 1.2041247903e-12
 9.2097349368e-08 9.2097349368e-08 0.0000000000e+00 -1.9603273757e-18 -7.5363170750e-12 6.3321869187e-12 1.2041323885e-12
 9.2105784689e-08 9.2105784689e-08 0.0000000000e+00 1.7493268940e-18 -7.5363170152e-12 6.3321871092e-12 1.2041278406e-12
 9.2114213468e-08 9.2114213468e-08 0.0000000000e+00 8.9391560787e-19 -7.5363171732e-12 6.3321871196e-12 1.2041287236e-12
 9.2123271698e-08 9.2123271698e-08 0.0000000000e+00 -3.9221525634e-19 -7.5363170595e-12 6.3321870724e-12 1.2041297947e-12
 9.2132907834e-08 9.2132907834e-08 0.0000000000e+00 -9.2056674933e-20 -7.5363169289e-12 6.3321870526e-12 1.2041299561e-12
 9.2143374286e-08 9.2143374286e-08 0.0000000000e+00 4.9289875237e-19 -7.5363168175e-12 6.3321870679e-12 1.2041297426e-12
 9.2152731644e-08 9.2152731644e-08 0.0000000000e+00 -3.7244050359e-19 -7.5363169222e-12 6.3321870817e-12 1.2041303298e-12
 9.2165609496e-08 9.2165609496e-08 0.0000000000e+00 -1.0072314513e-19 -7.5363170436e-12 6.3321870660e-12 1.2041299720e-12
 9.2177082269e-08 9.2177082269e-08 0.0000000000e+00 -1.6082254760e-19 -7.5363168140e-12 6.3321870676e-12 1.2041297959e-12
 9.2188762440e-08 9.2188762440e-08 0.0000000000e+00 2.0147001813e-19 -7.5363169283e-12 6.3321870607e-12 1.2041294155e-12
 9.2202216873e-08 9.2202216873e-08 0.0000000000e+00 -1.8785273462e-19 -7.5363169252e-12 6.3321870650e-12 1.2041293923e-12
 9.2217833518e-08 9.2217833518e-08 0.0000000000e+00 4.1506893774e-19 -7.5363168203e-12 6.3321870570e-12 1.2041293639e-12
 9.2237374825e-08 9.2237374825e-08 0.0000000000e+00 1.7805662207e-20 -7.5363168711e-12 6.3321870673e-12 1.2041300534e-12
 9.2257096579e-08 9.2257096579e-08 0.0000000000e+00 -2.1832454163e-19 -7.5363169272e-12 6.3321870688e-12 1.2041298335e-12
 9.2263899070e-08 9.2263899070e-08 0.0000000000e+00 1.4353258268e-21 -7.5363168186e-12 6.3321870691e-12 1.2041298565e-12
 9.2267798680e-08 9.2267798680e-08 0.0000000000e+00 -7.6507327468e-19 -7.5363171383e-12 6.3321870788e-12 1.2041306075e-12
 9.2269423487e-08 9.2269423487e-08 0.0000000000e+00 1.4186867097e-18 -7.5363169499e-12 6.3321870391e-12 1.2041300017e-12
 9.2271068192e-08 9.2271068192e-08 0.0000000000e+00 -3.2372732911e-18 -7.5363168946e-12 6.3321870898e-12 1.2041298086e-12
 9.2272397805e-08 9.2272397805e-08 0.0000000000e+00 3.5174452971e-18 -7.5363169669e-12 6.3321870204e-12 1.2041294151e-12
 9.2272521394e-08 9.2272521394e-08 0.0000000000e+00 1.4278214828e-19 -7.5363168198e-12 6.3321870800e-12 1.2041295970e-12
 9.2272622191e-08 9.2272622191e-08 0.0000000000e+00 4.9958447811e-17 -7.5363159363e-12 6.3321890396e-12 1.2041328732e-12
 9.2272721964e-08 9.2272721964e-08 0.0000000000e+00 -3.6491077307e-17 -7.5363158079e-12 6.3321886691e-12 1.2041397215e-12
 9.2272799649e-08 9.2272799649e-08 0.0000000000e+00 3.3081712524e-17 -7.5363454503e-12 6.3321909134e-12 1.2041489728e-12
 9.2272890757e-08 9.2272890757e-08 0.0000000000e+00 -9.2083910142e-17 -7.5363212343e-12 6.3321906107e-12 1.2041576478e-12
 9.2272998929e-08 9.2272998929e-08 0.0000000000e+00 -3.2400683823e-17 -7.5363195995e-12 6.3321927653e-12 1.2041798275e-12
 9.2273123951e-08 9.2273123951e-08 0.0000000000e+00 -6.9021213972e-17 -7.5363396465e-12 6.3321888555e-12 1.2042023270e-12
 9.2273273593e-08 9.2273273593e-08 0.0000000000e+00 -5.9176291749e-17 -7.5363141862e-12 6.3321824626e-12 1.2041940894e-12
 9.2273456224e-08 9.2273456224e-08 0.0000000000e+00 1.9413132845e-17 -7.5363141223e-12 6.3321798916e-12 1.2041517483e-12
 9.2273684858e-08 9.2273684858e-08 0.0000000000e+00 6.4269083150e-17 -7.5363219845e-12 6.3321756542e-12 1.2040574043e-12
 9.2273979826e-08 9.2273979826e-08 0.0000000000e+00 -3.4204048168e-17 -7.5362986421e-12 6.3321993238e-12 1.2041275728e-12
 9.2274371790e-08 9.2274371790e-08 0.0000000000e+00 4.8133868302e-17 -7.5363181621e-12 6.3321831517e-12 1.2040906031e-12
 9.2274879086e-08 9.2274879086e-08 0.0000000000e+00 4.6269610600e-17 -7.5363064310e-12 6.3321874583e-12 1.2040630658e-12
 9.2275502321e-08 9.2275502321e-08 0.0000000000e+00 2.0171543877e-17 -7.5363210504e-12 6.3321908731e-12 1.2041082298e-12
 9.2276348006e-08 9.2276348006e-08 0.0000000000e+00 5.2280137086e-17 -7.5363154078e-12 6.3321864858e-12 1.2040842513e-12
 9.2277668776e-08 9.2277668776e-08 0.0000000000e+00 -9.9479182112e-18 -7.5363132601e-12 6.3321890286e-12 1.2041288257e-12
 9.2279787140e-08 9.2279787140e-08 0.0000000000e+00 6.3870487832e-19 -7.5363169534e-12 6.3321863328e-12 1.2041316304e-12
 9.2282245149e-08 9.2282245149e-08 0.0000000000e+00 2.3162904401e-17 -7.5363188231e-12 6.3321874237e-12 1.2041093459e-12
 9.2284865762e-08 9.2284865762e-08 0.0000000000e+00 1.3879794883e-17 -7.5363161382e-12 6.3321877287e-12 1.2041160349e-12
 9.2288568786e-08 9.2288568786e-08 0.0000000000e+00 -7.2359515596e-18 -7.5363164060e-12 6.3321869752e-12 1.2041376036e-12
 9.2291460543e-08 9.2291460543e-08 0.0000000000e+00 -5.3990232968e-18 -7.5363177073e-12 6.3321868006e-12 1.2041357569e-12
 9.2295286005e-08 9.2295286005e-08 0.0000000000e+00 3.1596677604e-18 -7.5363174094e-12 6.3321870764e-12 1.2041264163e-12
 9.2299595486e-08 9.2299595486e-08 0.0000000000e+00 3.7880392266e-18 -7.5363174125e-12 6.3321871848e-12 1.2041270725e-12
 9.2308214446e-08 9.2308214446e-08 0.0000000000e+00 -1.3756893163e-18 -7.5363167390e-12 6.3321869916e-12 1.2041312190e-12
 9.2321092777e-08 9.2321092777e-08 0.0000000000e+00 -2.6689834779e-19 -7.5363168580e-12 6.3321870298e-12 1.2041301440e-12
 9.2331954593e-08 9.2331954593e-08 0.0000000000e+00 3.9654356495e-19 -7.5363169074e-12 6.3321870803e-12 1.2041294309e-12
 9.2343632994e-08 9.2343632994e-08 0.0000000000e+00 -3.8678205164e-19 -7.5363170325e-12 6.3321870806e-12 1.2041298316e-12
 9.2357725697e-08 9.2357725697e-08 0.0000000000e+00 7.6344655619e-19 -7.5363168251e-12 6.3321870588e-12 1.2041294853e-12
 9.2360677826e-08 9.2360677826e-08 0.0000000000e+00 9.3781644051e-19 -7.5363167053e-12 6.3321870757e-12 1.2041297776e-12
 9.2366582083e-08 9.2366582083e-08 0.0000000000e+00 -1.7432510611e-19 -7.5363165056e-12 6.3321870252e-12 1.2041290807e-12
 9.2374548843e-08 9.2374548843e-08 0.0000000000e+00 7.0331686339e-19 -7.5363166911e-12 6.3321870743e-12 1.2041291255e-12
 9.2381732283e-08 9.2381732283e-08 0.0000000000e+00 4.1999694058e-19 -7.5363168215e-12 6.3321870679e-12 1.2041298170e-12
 9.2389809905e-08 9.2389809905e-08 0.0000000000e+00 -7.8965705743e-20 -7.5363171469e-12 6.3321870816e-12 1.2041304291e-12
 9.2395686526e-08 9.2395686526e-08 0.0000000000e+00 9.3555798353e-21 -7.5363171447e-12 6.3321870698e-12 1.2041307694e-12
 9.2400103599e-08 9.2400103599e-08 0.0000000000e+00 -2.2318594596e-19 -7.5363169400e-12 6.3321870475e-12 1.2041292472e-12
 9.2408937747e-08 9.2408937747e-08 0.0000000000e+00 9.5245703368e-19 -7.5363171114e-12 6.3321870713e-12 1.2041286916e-12
 9.2412571872e-08 9.2412571872e-08 0.0000000000e+00 8.3494971190e-19 -7.5363167182e-12 6.3321870662e-12 1.2041289194e-12
 9.2419840122e-08 9.2419840122e-08 0.0000000000e+00 -4.5692890298e-19 -7.5363167013e-12 6.3321870666e-12 1.2041306778e-12
 9.2429655882e-08 9.2429655882e-08 0.0000000000e+00 6.9529490720e-20 -7.5363167388e-12 6.3321870404e-12 1.2041293500e-12
 9.2434310603e-08 9.2434310603e-08 0.0000000000e+00 2.7087780170e-19 -7.5363169104e-12 6.3321870949e-12 1.2041296675e-12
 9.2443620046e-08 9.2443620046e-08 0.0000000000e+00 -1.3734059175e-19 -7.5363167218e-12 6.3321870562e-12 1.2041299023e-12
 9.2449406888e-08 9.2449406888e-08 0.0000000000e+00 -1.7813010771e-20 -7.5363167080e-12 6.3321870535e-12 1.2041298210e-12
 9.2456892417e-08 9.2456892417e-08 0.0000000000e+00 -4.3085555271e-19 -7.5363169284e-12 6.3321870692e-12 1.2041293709e-12
 9.2464921409e-08 9.2464921409e-08 0.0000000000e+00 9.4048255874e-20 -7.5363169210e-12 6.3321870713e-12 1.2041297525e-12
 9.2474629552e-08 9.2474629552e-08 0.0000000000e+00 -6.2081864312e-20 -7.5363170394e-12 6.3321870698e-12 1.2041304119e-12
 9.2486335699e-08 9.2486335699e-08 0.0000000000e+00 -5.5922329622e-20 -7.5363169307e-12 6.3321870770e-12 1.2041303812e-12
 9.2496590327e-08 9.2496590327e-08 0.0000000000e+00 9.7027416338e-21 -7.5363169264e-12 6.3321870631e-12 1.2041297953e-12
 9.2507897720e-08 9.2507897720e-08 0.0000000000e+00 6.1527969062e-20 -7.5363169227e-12 6.3321870682e-12 1.2041297897e-12
 9.2521737978e-08 9.2521737978e-08 0.0000000000e+00 -3.0918801355e-20 -7.5363169298e-12 6.3321870660e-12 1.2041298654e-12
 9.2538453725e-08 9.2538453725e-08 0.0000000000e+00 4.1462132047e-19 -7.5363168736e-12 6.3321870671e-12 1.2041296352e-12
 9.2558906489e-08 9.2558906489e-08 0.0000000000e+00 -1.8784483991e-19 -7.5363169254e-12 6.3321870752e-12 1.2041298260e-12
 9.2584130292e-08 9.2584130292e-08 0.0000000000e+00 -2.1379381613e-20 -7.5363169285e-12 6.3321870669e-12 1.2041298681e-12
 9.2614701611e-08 9.2614701611e-08 0.0000000000e+00 -1.0482178110e-19 -7.5363169268e-12 6.3321870710e-12 1.2041298541e-12
 9.2650448778e-08 9.2650448778e-08 0.0000000000e+00 -1.0418554528e-19 -7.5363169269e-12 6.3321870711e-12 1.2041299754e-12
 9.2690435777e-08 9.2690435777e-08 0.0000000000e+00 1.0218504046e-19 -7.5363169004e-12 6.3321870667e-12 1.2041298651e-12
 9.2733455793e-08 9.2733455793e-08 0.0000000000e+00 2.1899282781e-19 -7.5363168998e-12 6.3321870658e-12 1.2041296255e-12
 9.2778589636e-08 9.2778589636e-08 0.0000000000e+00 7.9785849757e-21 -7.5363168995e-12 6.3321870680e-12 1.2041298491e-12
 9.2825358160e-08 9.2825358160e-08 0.0000000000e+00 -9.1308865523e-21 -7.5363169277e-12 6.3321870681e-12 1.2041298614e-12
 9.2873624935e-08 9.2873624935e-08 0.0000000000e+00 3.8649555243e-21 -7.5363169539e-12 6.3321870693e-12 1.2041299690e-12
 9.2923479143e-08 9.2923479143e-08 0.0000000000e+00 -1.6491599463e-19 -7.5363169273e-12 6.3321870704e-12 1.2041299759e-12
 9.2975150267e-08 9.2975150267e-08 0.0000000000e+00 1.0690553190e-19 -7.5363169001e-12 6.3321870680e-12 1.2041297380e-12
 9.3028955328e-08 9.3028955328e-08 0.0000000000e+00 -4.8111009113e-20 -7.5363169267e-12 6.3321870704e-12 1.2041297971e-12
 9.3085276664e-08 9.3085276664e-08 0.0000000000e+00 -2.6880607846e-21 -7.5363169273e-12 6.3321870687e-12 1.2041299220e-12
 9.3144560675e-08 9.3144560675e-08 0.0000000000e+00 -5.5751446589e-20 -7.5363169272e-12 6.3321870705e-12 1.2041299682e-12
 9.3207329059e-08 9.3207329059e-08 0.0000000000e+00 -2.0174364381e-22 -7.5363169271e-12 6.3321870689e-12 1.2041299126e-12
 9.3274199440e-08 9.3274199440e-08 0.0000000000e+00 -1.0575910522e-19 -7.5363169405e-12 6.3321870709e-12 1.2041300313e-12
 9.3345915488e-08 9.3345915488e-08 0.0000000000e+00 4.9678890699e-20 -7.5363169274e-12 6.3321870677e-12 1.2041298023e-12
 9.3423388976e-08 9.3423388976e-08 0.0000000000e+00 5.3166110495e-21 -7.5363169267e-12 6.3321870686e-12 1.2041298522e-12
 9.3507759047e-08 9.3507759047e-08 0.0000000000e+00 -2.7449879751e-21 -7.5363169273e-12 6.3321870679e-12 1.2041298544e-12
 9.3600477775e-08 9.3600477775e-08 0.0000000000e+00 5.4169216205e-20 -7.5363169135e-12 6.3321870681e-12 1.2041298006e-12
 9.3703437252e-08 9.3703437252e-08 0.0000000000e+00 1.1435323959e-21 -7.5363169270e-12 6.3321870699e-12 1.2041298602e-12
 9.3819164544e-08 9.3819164544e-08 0.0000000000e+00 -1.1210772112e-21 -7.5363169136e-12 6.3321870689e-12 1.2041298560e-12
 9.3951132095e-08 9.3951132095e-08 0.0000000000e+00 5.1559237239e-22 -7.5363169203e-12 6.3321870690e-12 1.2041298847e-12
 9.4104273930e-08 9.4104273930e-08 0.0000000000e+00 2.6730586536e-20 -7.5363169271e-12 6.3321870694e-12 1.2041298619e-12
 9.4285889757e-08 9.4285889757e-08 0.0000000000e+00 2.7367147165e-20 -7.5363169203e-12 6.3321870690e-12 1.2041298307e-12
 9.4507332093e-08 9.4507332093e-08 0.0000000000e+00 2.7281300397e-20 -7.5363169203e-12 6.3321870686e-12 1.2041298562e-12
 9.4787414925e-08 9.4787414925e-08 0.0000000000e+00 -2.5716620145e-22 -7.5363169271e-12 6.3321870692e-12 1.2041298737e-12
 9.5160050631e-08 9.5160050631e-08 0.0000000000e+00 1.3519730057e-20 -7.5363169237e-12 6.3321870685e-12 1.2041298429e-12
 9.5693970232e-08 9.5693970232e-08 0.0000000000e+00 1.8454620684e-22 -7.5363169271e-12 6.3321870690e-12 1.2041298579e-12
 9.6555807954e-08 9.6555807954e-08 0.0000000000e+00 3.2672800502e-21 -7.5363169254e-12 6.3321870688e-12 1.2041298583e-12
 9.7555807954e-08 9.7555807954e-08 0.0000000000e+00 2.5512609147e-23 -7.5363169288e-12 6.3321870691e-12 1.2041298657e-12
 9.8555807954e-08 9.8555807954e-08 0.0000000000e+00 -1.2928389448e-23 -7.5363169279e-12 6.3321870689e-12 1.2041298577e-12
 9.9277903977e-08 9.9277903977e-08 0.0000000000e+00 -3.3716139125e-21 -7.5363169271e-12 6.3321870690e-12 1.2041298645e-12
 1.0000000000e-07 1.0000000000e-07 0.0000000000e+00 -1.9417760744e-23 -7.5363169271e-12 6.3321870690e-12 1.2041298582e-12
