 time            time            v(in_power)     v(out_power)    power_diss      energy         
 0.00000000e+00  0.00000000e+00  0.00000000e+00  1.19999974e+00  6.57464302e-11  0.00000000e+00 
 1.00000000e-13  1.00000000e-13  2.40000000e-04  1.20023802e+00 -6.12096061e-08 -3.05719298e-21 
 2.00000000e-13  2.00000000e-13  4.80000000e-04  1.20045823e+00 -1.17810897e-07 -1.20082181e-20 
 4.00000000e-13  4.00000000e-13  9.60000000e-04  1.20087782e+00 -2.25589630e-07 -4.63482708e-20 
 8.00000000e-13  8.00000000e-13  1.92000000e-03  1.20165839e+00 -4.25782410e-07 -1.76622679e-19 
 1.60000000e-12  1.60000000e-12  3.84000000e-03  1.20309069e+00 -7.91929073e-07 -6.63707272e-19 
 3.20000000e-12  3.20000000e-12  7.68000000e-03  1.20572646e+00 -1.46111579e-06 -2.46614316e-18 
 6.40000000e-12  6.40000000e-12  1.53600000e-02  1.21053794e+00 -2.66494784e-06 -9.06784498e-18 
 1.22344541e-11  1.22344541e-11  2.93626899e-02  1.21817064e+00 -4.51554343e-06 -3.00149685e-17 
 2.22344541e-11  2.22344541e-11  5.33626899e-02  1.22879721e+00 -6.92527193e-06 -8.72190453e-17 
 3.22344541e-11  3.22344541e-11  7.73626899e-02  1.23739954e+00 -8.67553968e-06 -1.65223103e-16 
 4.22344541e-11  4.22344541e-11  1.01362690e-01  1.24491730e+00 -1.00279789e-05 -2.58740696e-16 
 5.22344541e-11  5.22344541e-11  1.25362690e-01  1.25204910e+00 -1.11613184e-05 -3.64687182e-16 
 6.22344541e-11  6.22344541e-11  1.49362690e-01  1.25929268e+00 -1.21929525e-05 -4.81458537e-16 
 7.22344541e-11  7.22344541e-11  1.73362690e-01  1.26700454e+00 -1.31959894e-05 -6.08403246e-16 
 8.22344541e-11  8.22344541e-11  1.97362690e-01  1.27544754e+00 -1.42144897e-05 -7.45455642e-16 
 9.22344541e-11  9.22344541e-11  2.21362690e-01  1.28482266e+00 -1.52737042e-05 -8.92896611e-16 
 1.02234454e-10  1.02234454e-10  2.45362690e-01  1.29528746e+00 -1.63864606e-05 -1.05119744e-15 
 1.12234454e-10  1.12234454e-10  2.69362690e-01  1.30696565e+00 -1.75570182e-05 -1.22091483e-15 
 1.22234454e-10  1.22234454e-10  2.93362690e-01  1.31995072e+00 -1.87833927e-05 -1.40261688e-15 
 1.32234454e-10  1.32234454e-10  3.17362690e-01  1.33430628e+00 -2.00588022e-05 -1.59682786e-15 
 1.42234454e-10  1.42234454e-10  3.41362690e-01  1.35006418e+00 -2.13726313e-05 -1.80398503e-15 
 1.52234454e-10  1.52234454e-10  3.65362690e-01  1.36722145e+00 -2.27111610e-05 -2.02440399e-15 
 1.62234454e-10  1.62234454e-10  3.89362690e-01  1.38573571e+00 -2.40582744e-05 -2.25825116e-15 
 1.72234454e-10  1.72234454e-10  4.13362690e-01  1.40551774e+00 -2.53964475e-05 -2.50552477e-15 
 1.82234454e-10  1.82234454e-10  4.37362690e-01  1.42641843e+00 -2.67086418e-05 -2.76605022e-15 
 1.92234454e-10  1.92234454e-10  4.61362690e-01  1.44820448e+00 -2.79822951e-05 -3.03950490e-15 
 2.02234454e-10  2.02234454e-10  4.85362690e-01  1.47051442e+00 -2.92170730e-05 -3.32550174e-15 
 2.12234454e-10  2.12234454e-10  5.09362690e-01  1.49278662e+00 -3.04358139e-05 -3.62376618e-15 
 2.22234454e-10  2.22234454e-10  5.33362690e-01  1.51417016e+00 -3.16846070e-05 -3.93436828e-15 
 2.32234454e-10  2.32234454e-10  5.57362690e-01  1.53348728e+00 -3.29807203e-05 -4.25769492e-15 
 2.42234454e-10  2.42234454e-10  5.81362690e-01  1.54941926e+00 -3.41392173e-05 -4.59329461e-15 
 2.52234454e-10  2.52234454e-10  6.05362690e-01  1.56093679e+00 -3.46444800e-05 -4.93721309e-15 
 2.62234454e-10  2.62234454e-10  6.29362690e-01  1.56757042e+00 -3.38917300e-05 -5.27989414e-15 
 2.72234454e-10  2.72234454e-10  6.53362690e-01  1.56944088e+00 -3.13785789e-05 -5.60624569e-15 
 2.82234454e-10  2.82234454e-10  6.77362690e-01  1.56677974e+00 -2.71003267e-05 -5.89864022e-15 
 2.92234454e-10  2.92234454e-10  7.01362690e-01  1.55938237e+00 -2.14652984e-05 -6.14146834e-15 
 3.02234454e-10  3.02234454e-10  7.25362690e-01  1.54622193e+00 -1.51258509e-05 -6.32442409e-15 
 3.12234454e-10  3.12234454e-10  7.49362690e-01  1.52517141e+00 -8.91888073e-06 -6.44464775e-15 
 3.22234454e-10  3.22234454e-10  7.73362690e-01  1.49285672e+00 -3.77447621e-06 -6.50811453e-15 
 3.32234454e-10  3.32234454e-10  7.97362690e-01  1.44469825e+00 -5.90080052e-07 -6.52993731e-15 
 3.42234454e-10  3.42234454e-10  8.21362690e-01  1.37526690e+00 -2.46648285e-08 -6.53301104e-15 
 3.52234454e-10  3.52234454e-10  8.45362690e-01  1.28153330e+00 -1.23633180e-09 -6.53314054e-15 
 3.62234454e-10  3.62234454e-10  8.69362690e-01  1.16224644e+00  7.34852804e-11 -6.53314636e-15 
 3.72234454e-10  3.72234454e-10  8.93362690e-01  1.01731167e+00  1.06361770e-10 -6.53314546e-15 
 3.82234454e-10  3.82234454e-10  9.17362690e-01  8.48205954e-01  1.06361973e-10 -6.53314439e-15 
 3.92234454e-10  3.92234454e-10  9.41362690e-01  6.60406729e-01  1.06362198e-10 -6.53314333e-15 
 4.00867397e-10  4.00867397e-10  9.62081752e-01  5.00354893e-01  1.06362390e-10 -6.53314241e-15 
 4.04971782e-10  4.04971782e-10  9.71932276e-01  4.37540936e-01  1.06362466e-10 -6.53314198e-15 
 4.09694758e-10  4.09694758e-10  9.83267418e-01  3.83298123e-01  1.06362531e-10 -6.53314147e-15 
 4.14932950e-10  4.14932950e-10  9.95839081e-01  3.41243661e-01  1.06362581e-10 -6.53314092e-15 
 4.19634947e-10  4.19634947e-10  1.00712387e+00  3.13281985e-01  1.06362615e-10 -6.53314042e-15 
 4.25692919e-10  4.25692919e-10  1.02166301e+00  2.85006455e-01  1.06362649e-10 -6.53313977e-15 
 4.32353039e-10  4.32353039e-10  1.03764729e+00  2.59916951e-01  1.06362679e-10 -6.53313906e-15 
 4.41377423e-10  4.41377423e-10  1.05930582e+00  2.32007490e-01  1.06362712e-10 -6.53313810e-15 
 4.51377423e-10  4.51377423e-10  1.08330582e+00  2.06402574e-01  1.06362743e-10 -6.53313704e-15 
 4.61377423e-10  4.61377423e-10  1.10730582e+00  1.84746851e-01  1.06362769e-10 -6.53313598e-15 
 4.71377423e-10  4.71377423e-10  1.13130582e+00  1.66194833e-01  1.06362791e-10 -6.53313491e-15 
 4.81377423e-10  4.81377423e-10  1.15530582e+00  1.50231547e-01  1.06362811e-10 -6.53313385e-15 
 4.90688712e-10  4.90688712e-10  1.17765291e+00  1.37375931e-01  1.06362826e-10 -6.53313286e-15 
 5.00000000e-10  5.00000000e-10  1.20000000e+00  1.26216396e-01  1.06362839e-10 -6.53313187e-15 
 5.01000000e-10  5.01000000e-10  1.20000000e+00  1.22703888e-01  1.06362844e-10 -6.53313176e-15 
 5.03000000e-10  5.03000000e-10  1.20000000e+00  1.16222991e-01  1.06362851e-10 -6.53313155e-15 
 5.07000000e-10  5.07000000e-10  1.20000000e+00  1.04414186e-01  1.06362866e-10 -6.53313112e-15 
 5.12271686e-10  5.12271686e-10  1.20000000e+00  9.06215482e-02  1.06362882e-10 -6.53313056e-15 
 5.22271686e-10  5.22271686e-10  1.20000000e+00  6.90758841e-02  1.06362908e-10 -6.53312950e-15 
 5.32271686e-10  5.32271686e-10  1.20000000e+00  5.24885848e-02  1.06362928e-10 -6.53312844e-15 
 5.42271686e-10  5.42271686e-10  1.20000000e+00  3.97981574e-02  1.06362943e-10 -6.53312737e-15 
 5.52271686e-10  5.52271686e-10  1.20000000e+00  3.01238779e-02  1.06362955e-10 -6.53312631e-15 
 5.62271686e-10  5.62271686e-10  1.20000000e+00  2.27730156e-02  1.06362964e-10 -6.53312524e-15 
 5.72271686e-10  5.72271686e-10  1.20000000e+00  1.72015131e-02  1.06362970e-10 -6.53312418e-15 
 5.82271686e-10  5.82271686e-10  1.20000000e+00  1.29844558e-02  1.06362975e-10 -6.53312312e-15 
 5.92271686e-10  5.92271686e-10  1.20000000e+00  9.79612703e-03  1.06362979e-10 -6.53312205e-15 
 6.02271686e-10  6.02271686e-10  1.20000000e+00  7.38770149e-03  1.06362982e-10 -6.53312099e-15 
 6.12271686e-10  6.12271686e-10  1.20000000e+00  5.56966312e-03  1.06362984e-10 -6.53311993e-15 
 6.22271686e-10  6.22271686e-10  1.20000000e+00  4.19802408e-03  1.06362986e-10 -6.53311886e-15 
 6.32271686e-10  6.32271686e-10  1.20000000e+00  3.16360369e-03  1.06362987e-10 -6.53311780e-15 
 6.42271686e-10  6.42271686e-10  1.20000000e+00  2.38374359e-03  1.06362988e-10 -6.53311674e-15 
 6.52271686e-10  6.52271686e-10  1.20000000e+00  1.79594130e-03  1.06362989e-10 -6.53311567e-15 
 6.62271686e-10  6.62271686e-10  1.20000000e+00  1.35297985e-03  1.06362989e-10 -6.53311461e-15 
 6.72271686e-10  6.72271686e-10  1.20000000e+00  1.01921553e-03  1.06362990e-10 -6.53311354e-15 
 6.82271686e-10  6.82271686e-10  1.20000000e+00  7.67756117e-04  1.06362990e-10 -6.53311248e-15 
 6.92271686e-10  6.92271686e-10  1.20000000e+00  5.78320731e-04  1.06362990e-10 -6.53311142e-15 
 7.02271686e-10  7.02271686e-10  1.20000000e+00  4.35619401e-04  1.06362990e-10 -6.53311035e-15 
 7.12271686e-10  7.12271686e-10  1.20000000e+00  3.28127666e-04  1.06362991e-10 -6.53310929e-15 
 7.22271686e-10  7.22271686e-10  1.20000000e+00  2.47160552e-04  1.06362991e-10 -6.53310823e-15 
 7.32271686e-10  7.32271686e-10  1.20000000e+00  1.86174672e-04  1.06362991e-10 -6.53310716e-15 
 7.42271686e-10  7.42271686e-10  1.20000000e+00  1.40239978e-04  1.06362991e-10 -6.53310610e-15 
 7.52271686e-10  7.52271686e-10  1.20000000e+00  1.05642393e-04  1.06362991e-10 -6.53310504e-15 
 7.62271686e-10  7.62271686e-10  1.20000000e+00  7.95840994e-05  1.06362991e-10 -6.53310397e-15 
 7.72271686e-10  7.72271686e-10  1.20000000e+00  5.99576102e-05  1.06362991e-10 -6.53310291e-15 
 7.82271686e-10  7.82271686e-10  1.20000000e+00  4.51754929e-05  1.06362991e-10 -6.53310184e-15 
 7.92271686e-10  7.92271686e-10  1.20000000e+00  3.40420697e-05  1.06362991e-10 -6.53310078e-15 
 8.02271686e-10  8.02271686e-10  1.20000000e+00  2.56567560e-05  1.06362991e-10 -6.53309972e-15 
 8.12271686e-10  8.12271686e-10  1.20000000e+00  1.93412402e-05  1.06362991e-10 -6.53309865e-15 
 8.22271686e-10  8.22271686e-10  1.20000000e+00  1.45846306e-05  1.06362991e-10 -6.53309759e-15 
 8.32271686e-10  8.32271686e-10  1.20000000e+00  1.10021358e-05  1.06362991e-10 -6.53309653e-15 
 8.42271686e-10  8.42271686e-10  1.20000000e+00  8.30394190e-06  1.06362991e-10 -6.53309546e-15 
 8.52271686e-10  8.52271686e-10  1.20000000e+00  6.27177018e-06  1.06362991e-10 -6.53309440e-15 
 8.62271686e-10  8.62271686e-10  1.20000000e+00  4.74122068e-06  1.06362991e-10 -6.53309334e-15 
 8.72271686e-10  8.72271686e-10  1.20000000e+00  3.58847326e-06  1.06362991e-10 -6.53309227e-15 
 8.82271686e-10  8.82271686e-10  1.20000000e+00  2.72027128e-06  1.06362991e-10 -6.53309121e-15 
 8.92271686e-10  8.92271686e-10  1.20000000e+00  2.06637737e-06  1.06362991e-10 -6.53309015e-15 
 9.02271686e-10  9.02271686e-10  1.20000000e+00  1.57389156e-06  1.06362991e-10 -6.53308908e-15 
 9.12271686e-10  9.12271686e-10  1.20000000e+00  1.20297168e-06  1.06362991e-10 -6.53308802e-15 
 9.22271686e-10  9.22271686e-10  1.20000000e+00  9.23610258e-07  1.06362991e-10 -6.53308695e-15 
 9.32271686e-10  9.32271686e-10  1.20000000e+00  7.13206873e-07  1.06362991e-10 -6.53308589e-15 
 9.42271686e-10  9.42271686e-10  1.20000000e+00  5.54739818e-07  1.06362991e-10 -6.53308483e-15 
 9.52271686e-10  9.52271686e-10  1.20000000e+00  4.35389050e-07  1.06362991e-10 -6.53308376e-15 
 9.62271686e-10  9.62271686e-10  1.20000000e+00  3.45499036e-07  1.06362991e-10 -6.53308270e-15 
 9.72271686e-10  9.72271686e-10  1.20000000e+00  2.77797635e-07  1.06362991e-10 -6.53308164e-15 
 9.78257146e-10  9.78257146e-10  1.20000000e+00  2.45911851e-07  1.06362991e-10 -6.53308100e-15 
 9.86669959e-10  9.86669959e-10  1.20000000e+00  2.09292690e-07  1.06362991e-10 -6.53308010e-15 
 9.91449807e-10  9.91449807e-10  1.20000000e+00  1.92134423e-07  1.06362991e-10 -6.53307960e-15 
 9.95724904e-10  9.95724904e-10  1.20000000e+00  1.78663005e-07  1.06362991e-10 -6.53307914e-15 
 1.00000000e-09  1.00000000e-09  1.20000000e+00  1.66714896e-07  1.06362991e-10 -6.53307869e-15 
 1.00085502e-09  1.00085502e-09  1.20000000e+00  1.64528827e-07  1.06362991e-10 -6.53307860e-15 
 1.00256506e-09  1.00256506e-09  1.20000000e+00  1.60276256e-07  1.06362991e-10 -6.53307841e-15 
 1.00598514e-09  1.00598514e-09  1.20000000e+00  1.52314481e-07  1.06362991e-10 -6.53307805e-15 
 1.01282529e-09  1.01282529e-09  1.20000000e+00  1.38391496e-07  1.06362991e-10 -6.53307732e-15 
 1.02282529e-09  1.02282529e-09  1.20000000e+00  1.22066873e-07  1.06362991e-10 -6.53307626e-15 
 1.03282529e-09  1.03282529e-09  1.20000000e+00  1.09612916e-07  1.06362991e-10 -6.53307520e-15 
 1.04282529e-09  1.04282529e-09  1.20000000e+00  1.00173643e-07  1.06362991e-10 -6.53307413e-15 
 1.05282529e-09  1.05282529e-09  1.20000000e+00  9.30421188e-08  1.06362991e-10 -6.53307307e-15 
 1.06282529e-09  1.06282529e-09  1.20000000e+00  8.76626259e-08  1.06362991e-10 -6.53307200e-15 
 1.07282529e-09  1.07282529e-09  1.20000000e+00  8.36079009e-08  1.06362991e-10 -6.53307094e-15 
 1.08282529e-09  1.08282529e-09  1.20000000e+00  8.05528855e-08  1.06362991e-10 -6.53306988e-15 
 1.09282529e-09  1.09282529e-09  1.20000000e+00  7.82515386e-08  1.06362991e-10 -6.53306881e-15 
 1.10282529e-09  1.10282529e-09  1.20000000e+00  7.65180975e-08  1.06362991e-10 -6.53306775e-15 
 1.11282529e-09  1.11282529e-09  1.20000000e+00  7.52124815e-08  1.06362991e-10 -6.53306669e-15 
 1.12282529e-09  1.12282529e-09  1.20000000e+00  7.42291229e-08  1.06362991e-10 -6.53306562e-15 
 1.13282529e-09  1.13282529e-09  1.20000000e+00  7.34884896e-08  1.06362991e-10 -6.53306456e-15 
 1.14282529e-09  1.14282529e-09  1.20000000e+00  7.29306724e-08  1.06362991e-10 -6.53306350e-15 
 1.15282529e-09  1.15282529e-09  1.20000000e+00  7.25105470e-08  1.06362991e-10 -6.53306243e-15 
 1.16282529e-09  1.16282529e-09  1.20000000e+00  7.21941257e-08  1.06362991e-10 -6.53306137e-15 
 1.17282529e-09  1.17282529e-09  1.20000000e+00  7.19558093e-08  1.06362991e-10 -6.53306030e-15 
 1.18282529e-09  1.18282529e-09  1.20000000e+00  7.17763196e-08  1.06362991e-10 -6.53305924e-15 
 1.19282529e-09  1.19282529e-09  1.20000000e+00  7.16411352e-08  1.06362991e-10 -6.53305818e-15 
 1.20282529e-09  1.20282529e-09  1.20000000e+00  7.15393191e-08  1.06362991e-10 -6.53305711e-15 
 1.21282529e-09  1.21282529e-09  1.20000000e+00  7.14626364e-08  1.06362991e-10 -6.53305605e-15 
 1.22282529e-09  1.22282529e-09  1.20000000e+00  7.14048829e-08  1.06362991e-10 -6.53305499e-15 
 1.23282529e-09  1.23282529e-09  1.20000000e+00  7.13613839e-08  1.06362991e-10 -6.53305392e-15 
 1.24282529e-09  1.24282529e-09  1.20000000e+00  7.13286222e-08  1.06362991e-10 -6.53305286e-15 
 1.25282529e-09  1.25282529e-09  1.20000000e+00  7.13039480e-08  1.06362991e-10 -6.53305180e-15 
 1.26282529e-09  1.26282529e-09  1.20000000e+00  7.12853653e-08  1.06362991e-10 -6.53305073e-15 
 1.27282529e-09  1.27282529e-09  1.20000000e+00  7.12713681e-08  1.06362991e-10 -6.53304967e-15 
 1.28282529e-09  1.28282529e-09  1.20000000e+00  7.12608275e-08  1.06362991e-10 -6.53304860e-15 
 1.29282529e-09  1.29282529e-09  1.20000000e+00  7.12528878e-08  1.06362991e-10 -6.53304754e-15 
 1.30282529e-09  1.30282529e-09  1.20000000e+00  7.12469081e-08  1.06362991e-10 -6.53304648e-15 
 1.31282529e-09  1.31282529e-09  1.20000000e+00  7.12424044e-08  1.06362991e-10 -6.53304541e-15 
 1.32282529e-09  1.32282529e-09  1.20000000e+00  7.12390134e-08  1.06362991e-10 -6.53304435e-15 
 1.33282529e-09  1.33282529e-09  1.20000000e+00  7.12364597e-08  1.06362991e-10 -6.53304329e-15 
 1.34282529e-09  1.34282529e-09  1.20000000e+00  7.12345348e-08  1.06362991e-10 -6.53304222e-15 
 1.35282529e-09  1.35282529e-09  1.20000000e+00  7.12330861e-08  1.06362991e-10 -6.53304116e-15 
 1.36282529e-09  1.36282529e-09  1.20000000e+00  7.12319957e-08  1.06362991e-10 -6.53304010e-15 
 1.37282529e-09  1.37282529e-09  1.20000000e+00  7.12311749e-08  1.06362991e-10 -6.53303903e-15 
 1.38282529e-09  1.38282529e-09  1.20000000e+00  7.12305568e-08  1.06362991e-10 -6.53303797e-15 
 1.39282529e-09  1.39282529e-09  1.20000000e+00  7.12300897e-08  1.06362991e-10 -6.53303690e-15 
 1.40282529e-09  1.40282529e-09  1.20000000e+00  7.12297377e-08  1.06362991e-10 -6.53303584e-15 
 1.41282529e-09  1.41282529e-09  1.20000000e+00  7.12294726e-08  1.06362991e-10 -6.53303478e-15 
 1.42282529e-09  1.42282529e-09  1.20000000e+00  7.12292741e-08  1.06362991e-10 -6.53303371e-15 
 1.43282529e-09  1.43282529e-09  1.20000000e+00  7.12291255e-08  1.06362991e-10 -6.53303265e-15 
 1.44282529e-09  1.44282529e-09  1.20000000e+00  7.12290120e-08  1.06362991e-10 -6.53303159e-15 
 1.45282529e-09  1.45282529e-09  1.20000000e+00  7.12289263e-08  1.06362991e-10 -6.53303052e-15 
 1.46282529e-09  1.46282529e-09  1.20000000e+00  7.12288620e-08  1.06362991e-10 -6.53302946e-15 
 1.47282529e-09  1.47282529e-09  1.20000000e+00  7.12288130e-08  1.06362991e-10 -6.53302840e-15 
 1.48282529e-09  1.48282529e-09  1.20000000e+00  7.12287767e-08  1.06362991e-10 -6.53302733e-15 
 1.49282529e-09  1.49282529e-09  1.20000000e+00  7.12287492e-08  1.06362991e-10 -6.53302627e-15 
 1.50282529e-09  1.50282529e-09  1.20000000e+00  7.12287284e-08  1.06362991e-10 -6.53302520e-15 
 1.51282529e-09  1.51282529e-09  1.20000000e+00  7.12287125e-08  1.06362991e-10 -6.53302414e-15 
 1.52282529e-09  1.52282529e-09  1.20000000e+00  7.12287014e-08  1.06362991e-10 -6.53302308e-15 
 1.53282529e-09  1.53282529e-09  1.20000000e+00  7.12286932e-08  1.06362991e-10 -6.53302201e-15 
 1.54282529e-09  1.54282529e-09  1.20000000e+00  7.12286869e-08  1.06362991e-10 -6.53302095e-15 
 1.55282529e-09  1.55282529e-09  1.20000000e+00  7.12286821e-08  1.06362991e-10 -6.53301989e-15 
 1.56282529e-09  1.56282529e-09  1.20000000e+00  7.12286782e-08  1.06362991e-10 -6.53301882e-15 
 1.57282529e-09  1.57282529e-09  1.20000000e+00  7.12286755e-08  1.06362991e-10 -6.53301776e-15 
 1.58282529e-09  1.58282529e-09  1.20000000e+00  7.12286737e-08  1.06362991e-10 -6.53301670e-15 
 1.59282529e-09  1.59282529e-09  1.20000000e+00  7.12286721e-08  1.06362991e-10 -6.53301563e-15 
 1.60282529e-09  1.60282529e-09  1.20000000e+00  7.12286708e-08  1.06362991e-10 -6.53301457e-15 
 1.61282529e-09  1.61282529e-09  1.20000000e+00  7.12286696e-08  1.06362991e-10 -6.53301350e-15 
 1.62282529e-09  1.62282529e-09  1.20000000e+00  7.12286691e-08  1.06362991e-10 -6.53301244e-15 
 1.63276176e-09  1.63276176e-09  1.20000000e+00  7.12286685e-08  1.06362991e-10 -6.53301138e-15 
 1.64276176e-09  1.64276176e-09  1.20000000e+00  7.12286682e-08  1.06362991e-10 -6.53301032e-15 
 1.65276176e-09  1.65276176e-09  1.20000000e+00  7.12286676e-08  1.06362991e-10 -6.53300926e-15 
 1.66276176e-09  1.66276176e-09  1.20000000e+00  7.12286672e-08  1.06362991e-10 -6.53300819e-15 
 1.67276176e-09  1.67276176e-09  1.20000000e+00  7.12286669e-08  1.06362991e-10 -6.53300713e-15 
 1.68276176e-09  1.68276176e-09  1.20000000e+00  7.12286670e-08  1.06362991e-10 -6.53300607e-15 
 1.69276176e-09  1.69276176e-09  1.20000000e+00  7.12286671e-08  1.06362991e-10 -6.53300500e-15 
 1.70276176e-09  1.70276176e-09  1.20000000e+00  7.12286670e-08  1.06362991e-10 -6.53300394e-15 
 1.71276176e-09  1.71276176e-09  1.20000000e+00  7.12286670e-08  1.06362991e-10 -6.53300288e-15 
 1.72276176e-09  1.72276176e-09  1.20000000e+00  7.12286669e-08  1.06362991e-10 -6.53300181e-15 
 1.73276176e-09  1.73276176e-09  1.20000000e+00  7.12286670e-08  1.06362991e-10 -6.53300075e-15 
 1.74276176e-09  1.74276176e-09  1.20000000e+00  7.12286670e-08  1.06362991e-10 -6.53299968e-15 
 1.75276176e-09  1.75276176e-09  1.20000000e+00  7.12286670e-08  1.06362991e-10 -6.53299862e-15 
 1.76276176e-09  1.76276176e-09  1.20000000e+00  7.12286670e-08  1.06362991e-10 -6.53299756e-15 
 1.77276176e-09  1.77276176e-09  1.20000000e+00  7.12286669e-08  1.06362991e-10 -6.53299649e-15 
 1.78276176e-09  1.78276176e-09  1.20000000e+00  7.12286670e-08  1.06362991e-10 -6.53299543e-15 
 1.79276176e-09  1.79276176e-09  1.20000000e+00  7.12286669e-08  1.06362991e-10 -6.53299437e-15 
 1.80276176e-09  1.80276176e-09  1.20000000e+00  7.12286670e-08  1.06362991e-10 -6.53299330e-15 
 1.81276176e-09  1.81276176e-09  1.20000000e+00  7.12286669e-08  1.06362991e-10 -6.53299224e-15 
 1.82276176e-09  1.82276176e-09  1.20000000e+00  7.12286670e-08  1.06362991e-10 -6.53299118e-15 
 1.83276176e-09  1.83276176e-09  1.20000000e+00  7.12286669e-08  1.06362991e-10 -6.53299011e-15 
 1.84276176e-09  1.84276176e-09  1.20000000e+00  7.12286670e-08  1.06362991e-10 -6.53298905e-15 
 1.85276176e-09  1.85276176e-09  1.20000000e+00  7.12286669e-08  1.06362991e-10 -6.53298798e-15 
 1.86276176e-09  1.86276176e-09  1.20000000e+00  7.12286670e-08  1.06362991e-10 -6.53298692e-15 
 1.87276176e-09  1.87276176e-09  1.20000000e+00  7.12286669e-08  1.06362991e-10 -6.53298586e-15 
 1.88276176e-09  1.88276176e-09  1.20000000e+00  7.12286670e-08  1.06362991e-10 -6.53298479e-15 
 1.89276176e-09  1.89276176e-09  1.20000000e+00  7.12286669e-08  1.06362991e-10 -6.53298373e-15 
 1.90276176e-09  1.90276176e-09  1.20000000e+00  7.12286670e-08  1.06362991e-10 -6.53298267e-15 
 1.91276176e-09  1.91276176e-09  1.20000000e+00  7.12286669e-08  1.06362991e-10 -6.53298160e-15 
 1.92276176e-09  1.92276176e-09  1.20000000e+00  7.12286670e-08  1.06362991e-10 -6.53298054e-15 
 1.93276176e-09  1.93276176e-09  1.20000000e+00  7.12286669e-08  1.06362991e-10 -6.53297948e-15 
 1.94276176e-09  1.94276176e-09  1.20000000e+00  7.12286670e-08  1.06362991e-10 -6.53297841e-15 
 1.95276176e-09  1.95276176e-09  1.20000000e+00  7.12286669e-08  1.06362991e-10 -6.53297735e-15 
 1.96276176e-09  1.96276176e-09  1.20000000e+00  7.12286670e-08  1.06362991e-10 -6.53297628e-15 
 1.97276176e-09  1.97276176e-09  1.20000000e+00  7.12286669e-08  1.06362991e-10 -6.53297522e-15 
 1.98276176e-09  1.98276176e-09  1.20000000e+00  7.12286670e-08  1.06362991e-10 -6.53297416e-15 
 1.99276176e-09  1.99276176e-09  1.20000000e+00  7.12286669e-08  1.06362991e-10 -6.53297309e-15 
 2.00276176e-09  2.00276176e-09  1.20000000e+00  7.12286670e-08  1.06362991e-10 -6.53297203e-15 
 2.01276176e-09  2.01276176e-09  1.20000000e+00  7.12286669e-08  1.06362991e-10 -6.53297097e-15 
 2.02276176e-09  2.02276176e-09  1.20000000e+00  7.12286670e-08  1.06362991e-10 -6.53296990e-15 
 2.03276176e-09  2.03276176e-09  1.20000000e+00  7.12286669e-08  1.06362991e-10 -6.53296884e-15 
 2.04276176e-09  2.04276176e-09  1.20000000e+00  7.12286670e-08  1.06362991e-10 -6.53296778e-15 
 2.05276176e-09  2.05276176e-09  1.20000000e+00  7.12286669e-08  1.06362991e-10 -6.53296671e-15 
 2.06276176e-09  2.06276176e-09  1.20000000e+00  7.12286670e-08  1.06362991e-10 -6.53296565e-15 
 2.07276176e-09  2.07276176e-09  1.20000000e+00  7.12286669e-08  1.06362991e-10 -6.53296458e-15 
 2.08276176e-09  2.08276176e-09  1.20000000e+00  7.12286670e-08  1.06362991e-10 -6.53296352e-15 
 2.09276176e-09  2.09276176e-09  1.20000000e+00  7.12286669e-08  1.06362991e-10 -6.53296246e-15 
 2.10276176e-09  2.10276176e-09  1.20000000e+00  7.12286670e-08  1.06362991e-10 -6.53296139e-15 
 2.11276176e-09  2.11276176e-09  1.20000000e+00  7.12286669e-08  1.06362991e-10 -6.53296033e-15 
 2.12276176e-09  2.12276176e-09  1.20000000e+00  7.12286670e-08  1.06362991e-10 -6.53295927e-15 
 2.13276176e-09  2.13276176e-09  1.20000000e+00  7.12286669e-08  1.06362991e-10 -6.53295820e-15 
 2.14276176e-09  2.14276176e-09  1.20000000e+00  7.12286670e-08  1.06362991e-10 -6.53295714e-15 
 2.15276176e-09  2.15276176e-09  1.20000000e+00  7.12286669e-08  1.06362991e-10 -6.53295608e-15 
 2.16276176e-09  2.16276176e-09  1.20000000e+00  7.12286670e-08  1.06362991e-10 -6.53295501e-15 
 2.17276176e-09  2.17276176e-09  1.20000000e+00  7.12286669e-08  1.06362991e-10 -6.53295395e-15 
 2.18276176e-09  2.18276176e-09  1.20000000e+00  7.12286670e-08  1.06362991e-10 -6.53295288e-15 
 2.19276176e-09  2.19276176e-09  1.20000000e+00  7.12286669e-08  1.06362991e-10 -6.53295182e-15 
 2.20276176e-09  2.20276176e-09  1.20000000e+00  7.12286670e-08  1.06362991e-10 -6.53295076e-15 
 2.21276176e-09  2.21276176e-09  1.20000000e+00  7.12286669e-08  1.06362991e-10 -6.53294969e-15 
 2.22276176e-09  2.22276176e-09  1.20000000e+00  7.12286670e-08  1.06362991e-10 -6.53294863e-15 
 2.23276176e-09  2.23276176e-09  1.20000000e+00  7.12286669e-08  1.06362991e-10 -6.53294757e-15 
 2.24276176e-09  2.24276176e-09  1.20000000e+00  7.12286670e-08  1.06362991e-10 -6.53294650e-15 
 2.25276176e-09  2.25276176e-09  1.20000000e+00  7.12286669e-08  1.06362991e-10 -6.53294544e-15 
 2.26276176e-09  2.26276176e-09  1.20000000e+00  7.12286670e-08  1.06362991e-10 -6.53294438e-15 
 2.27276176e-09  2.27276176e-09  1.20000000e+00  7.12286669e-08  1.06362991e-10 -6.53294331e-15 
 2.28276176e-09  2.28276176e-09  1.20000000e+00  7.12286670e-08  1.06362991e-10 -6.53294225e-15 
 2.29276176e-09  2.29276176e-09  1.20000000e+00  7.12286669e-08  1.06362991e-10 -6.53294118e-15 
 2.30276176e-09  2.30276176e-09  1.20000000e+00  7.12286670e-08  1.06362991e-10 -6.53294012e-15 
 2.31276176e-09  2.31276176e-09  1.20000000e+00  7.12286669e-08  1.06362991e-10 -6.53293906e-15 
 2.32276176e-09  2.32276176e-09  1.20000000e+00  7.12286670e-08  1.06362991e-10 -6.53293799e-15 
 2.33276176e-09  2.33276176e-09  1.20000000e+00  7.12286669e-08  1.06362991e-10 -6.53293693e-15 
 2.34276176e-09  2.34276176e-09  1.20000000e+00  7.12286670e-08  1.06362991e-10 -6.53293587e-15 
 2.35276176e-09  2.35276176e-09  1.20000000e+00  7.12286669e-08  1.06362991e-10 -6.53293480e-15 
 2.36276176e-09  2.36276176e-09  1.20000000e+00  7.12286670e-08  1.06362991e-10 -6.53293374e-15 
 2.37276176e-09  2.37276176e-09  1.20000000e+00  7.12286669e-08  1.06362991e-10 -6.53293268e-15 
 2.38276176e-09  2.38276176e-09  1.20000000e+00  7.12286670e-08  1.06362991e-10 -6.53293161e-15 
 2.39276176e-09  2.39276176e-09  1.20000000e+00  7.12286669e-08  1.06362991e-10 -6.53293055e-15 
 2.40276176e-09  2.40276176e-09  1.20000000e+00  7.12286670e-08  1.06362991e-10 -6.53292948e-15 
 2.41276176e-09  2.41276176e-09  1.20000000e+00  7.12286669e-08  1.06362991e-10 -6.53292842e-15 
 2.42276176e-09  2.42276176e-09  1.20000000e+00  7.12286670e-08  1.06362991e-10 -6.53292736e-15 
 2.43276176e-09  2.43276176e-09  1.20000000e+00  7.12286669e-08  1.06362991e-10 -6.53292629e-15 
 2.44276176e-09  2.44276176e-09  1.20000000e+00  7.12286670e-08  1.06362991e-10 -6.53292523e-15 
 2.45276176e-09  2.45276176e-09  1.20000000e+00  7.12286669e-08  1.06362991e-10 -6.53292417e-15 
 2.46276176e-09  2.46276176e-09  1.20000000e+00  7.12286670e-08  1.06362991e-10 -6.53292310e-15 
 2.47276176e-09  2.47276176e-09  1.20000000e+00  7.12286669e-08  1.06362991e-10 -6.53292204e-15 
 2.48276176e-09  2.48276176e-09  1.20000000e+00  7.12286670e-08  1.06362991e-10 -6.53292098e-15 
 2.49276176e-09  2.49276176e-09  1.20000000e+00  7.12286669e-08  1.06362991e-10 -6.53291991e-15 
 2.50276176e-09  2.50276176e-09  1.20000000e+00  7.12286670e-08  1.06362991e-10 -6.53291885e-15 
 2.51276176e-09  2.51276176e-09  1.20000000e+00  7.12286669e-08  1.06362991e-10 -6.53291778e-15 
 2.52276176e-09  2.52276176e-09  1.20000000e+00  7.12286670e-08  1.06362991e-10 -6.53291672e-15 
 2.53276176e-09  2.53276176e-09  1.20000000e+00  7.12286669e-08  1.06362991e-10 -6.53291566e-15 
 2.54276176e-09  2.54276176e-09  1.20000000e+00  7.12286670e-08  1.06362991e-10 -6.53291459e-15 
 2.55276176e-09  2.55276176e-09  1.20000000e+00  7.12286669e-08  1.06362991e-10 -6.53291353e-15 
 2.56276176e-09  2.56276176e-09  1.20000000e+00  7.12286670e-08  1.06362991e-10 -6.53291247e-15 
 2.57276176e-09  2.57276176e-09  1.20000000e+00  7.12286669e-08  1.06362991e-10 -6.53291140e-15 
 2.58276176e-09  2.58276176e-09  1.20000000e+00  7.12286670e-08  1.06362991e-10 -6.53291034e-15 
 2.59276176e-09  2.59276176e-09  1.20000000e+00  7.12286669e-08  1.06362991e-10 -6.53290928e-15 
 2.60276176e-09  2.60276176e-09  1.20000000e+00  7.12286670e-08  1.06362991e-10 -6.53290821e-15 
 2.61276176e-09  2.61276176e-09  1.20000000e+00  7.12286669e-08  1.06362991e-10 -6.53290715e-15 
 2.62276176e-09  2.62276176e-09  1.20000000e+00  7.12286670e-08  1.06362991e-10 -6.53290608e-15 
 2.63276176e-09  2.63276176e-09  1.20000000e+00  7.12286669e-08  1.06362991e-10 -6.53290502e-15 
 2.64276176e-09  2.64276176e-09  1.20000000e+00  7.12286670e-08  1.06362991e-10 -6.53290396e-15 
 2.65276176e-09  2.65276176e-09  1.20000000e+00  7.12286669e-08  1.06362991e-10 -6.53290289e-15 
 2.66276176e-09  2.66276176e-09  1.20000000e+00  7.12286670e-08  1.06362991e-10 -6.53290183e-15 
 2.67276176e-09  2.67276176e-09  1.20000000e+00  7.12286669e-08  1.06362991e-10 -6.53290077e-15 
 2.68276176e-09  2.68276176e-09  1.20000000e+00  7.12286670e-08  1.06362991e-10 -6.53289970e-15 
 2.69276176e-09  2.69276176e-09  1.20000000e+00  7.12286669e-08  1.06362991e-10 -6.53289864e-15 
 2.70276176e-09  2.70276176e-09  1.20000000e+00  7.12286670e-08  1.06362991e-10 -6.53289758e-15 
 2.71276176e-09  2.71276176e-09  1.20000000e+00  7.12286669e-08  1.06362991e-10 -6.53289651e-15 
 2.72276176e-09  2.72276176e-09  1.20000000e+00  7.12286670e-08  1.06362991e-10 -6.53289545e-15 
 2.73276176e-09  2.73276176e-09  1.20000000e+00  7.12286669e-08  1.06362991e-10 -6.53289439e-15 
 2.74276176e-09  2.74276176e-09  1.20000000e+00  7.12286670e-08  1.06362991e-10 -6.53289332e-15 
 2.75276176e-09  2.75276176e-09  1.20000000e+00  7.12286669e-08  1.06362991e-10 -6.53289226e-15 
 2.76276176e-09  2.76276176e-09  1.20000000e+00  7.12286670e-08  1.06362991e-10 -6.53289119e-15 
 2.77276176e-09  2.77276176e-09  1.20000000e+00  7.12286669e-08  1.06362991e-10 -6.53289013e-15 
 2.78276176e-09  2.78276176e-09  1.20000000e+00  7.12286670e-08  1.06362991e-10 -6.53288907e-15 
 2.79276176e-09  2.79276176e-09  1.20000000e+00  7.12286669e-08  1.06362991e-10 -6.53288800e-15 
 2.80276176e-09  2.80276176e-09  1.20000000e+00  7.12286670e-08  1.06362991e-10 -6.53288694e-15 
 2.81276176e-09  2.81276176e-09  1.20000000e+00  7.12286669e-08  1.06362991e-10 -6.53288588e-15 
 2.82276176e-09  2.82276176e-09  1.20000000e+00  7.12286670e-08  1.06362991e-10 -6.53288481e-15 
 2.83276176e-09  2.83276176e-09  1.20000000e+00  7.12286669e-08  1.06362991e-10 -6.53288375e-15 
 2.84276176e-09  2.84276176e-09  1.20000000e+00  7.12286670e-08  1.06362991e-10 -6.53288269e-15 
 2.85276176e-09  2.85276176e-09  1.20000000e+00  7.12286669e-08  1.06362991e-10 -6.53288162e-15 
 2.86276176e-09  2.86276176e-09  1.20000000e+00  7.12286670e-08  1.06362991e-10 -6.53288056e-15 
 2.87276176e-09  2.87276176e-09  1.20000000e+00  7.12286669e-08  1.06362991e-10 -6.53287949e-15 
 2.88276176e-09  2.88276176e-09  1.20000000e+00  7.12286670e-08  1.06362991e-10 -6.53287843e-15 
 2.89276176e-09  2.89276176e-09  1.20000000e+00  7.12286669e-08  1.06362991e-10 -6.53287737e-15 
 2.90276176e-09  2.90276176e-09  1.20000000e+00  7.12286670e-08  1.06362991e-10 -6.53287630e-15 
 2.91276176e-09  2.91276176e-09  1.20000000e+00  7.12286669e-08  1.06362991e-10 -6.53287524e-15 
 2.92276176e-09  2.92276176e-09  1.20000000e+00  7.12286670e-08  1.06362991e-10 -6.53287418e-15 
 2.93276176e-09  2.93276176e-09  1.20000000e+00  7.12286669e-08  1.06362991e-10 -6.53287311e-15 
 2.94276176e-09  2.94276176e-09  1.20000000e+00  7.12286670e-08  1.06362991e-10 -6.53287205e-15 
 2.95276176e-09  2.95276176e-09  1.20000000e+00  7.12286669e-08  1.06362991e-10 -6.53287099e-15 
 2.96276176e-09  2.96276176e-09  1.20000000e+00  7.12286670e-08  1.06362991e-10 -6.53286992e-15 
 2.97276176e-09  2.97276176e-09  1.20000000e+00  7.12286669e-08  1.06362991e-10 -6.53286886e-15 
 2.98276176e-09  2.98276176e-09  1.20000000e+00  7.12286670e-08  1.06362991e-10 -6.53286779e-15 
 2.99276176e-09  2.99276176e-09  1.20000000e+00  7.12286669e-08  1.06362991e-10 -6.53286673e-15 
 3.00276176e-09  3.00276176e-09  1.20000000e+00  7.12286670e-08  1.06362991e-10 -6.53286567e-15 
 3.01276176e-09  3.01276176e-09  1.20000000e+00  7.12286669e-08  1.06362991e-10 -6.53286460e-15 
 3.02276176e-09  3.02276176e-09  1.20000000e+00  7.12286670e-08  1.06362991e-10 -6.53286354e-15 
 3.03276176e-09  3.03276176e-09  1.20000000e+00  7.12286669e-08  1.06362991e-10 -6.53286248e-15 
 3.04276176e-09  3.04276176e-09  1.20000000e+00  7.12286670e-08  1.06362991e-10 -6.53286141e-15 
 3.05276176e-09  3.05276176e-09  1.20000000e+00  7.12286669e-08  1.06362991e-10 -6.53286035e-15 
 3.06276176e-09  3.06276176e-09  1.20000000e+00  7.12286670e-08  1.06362991e-10 -6.53285929e-15 
 3.07276176e-09  3.07276176e-09  1.20000000e+00  7.12286669e-08  1.06362991e-10 -6.53285822e-15 
 3.08276176e-09  3.08276176e-09  1.20000000e+00  7.12286670e-08  1.06362991e-10 -6.53285716e-15 
 3.09276176e-09  3.09276176e-09  1.20000000e+00  7.12286669e-08  1.06362991e-10 -6.53285609e-15 
 3.10276176e-09  3.10276176e-09  1.20000000e+00  7.12286670e-08  1.06362991e-10 -6.53285503e-15 
 3.11276176e-09  3.11276176e-09  1.20000000e+00  7.12286669e-08  1.06362991e-10 -6.53285397e-15 
 3.12276176e-09  3.12276176e-09  1.20000000e+00  7.12286670e-08  1.06362991e-10 -6.53285290e-15 
 3.13276176e-09  3.13276176e-09  1.20000000e+00  7.12286669e-08  1.06362991e-10 -6.53285184e-15 
 3.14276176e-09  3.14276176e-09  1.20000000e+00  7.12286670e-08  1.06362991e-10 -6.53285078e-15 
 3.15276176e-09  3.15276176e-09  1.20000000e+00  7.12286669e-08  1.06362991e-10 -6.53284971e-15 
 3.16276176e-09  3.16276176e-09  1.20000000e+00  7.12286670e-08  1.06362991e-10 -6.53284865e-15 
 3.17276176e-09  3.17276176e-09  1.20000000e+00  7.12286669e-08  1.06362991e-10 -6.53284759e-15 
 3.18276176e-09  3.18276176e-09  1.20000000e+00  7.12286670e-08  1.06362991e-10 -6.53284652e-15 
 3.19276176e-09  3.19276176e-09  1.20000000e+00  7.12286669e-08  1.06362991e-10 -6.53284546e-15 
 3.20276176e-09  3.20276176e-09  1.20000000e+00  7.12286670e-08  1.06362991e-10 -6.53284439e-15 
 3.21276176e-09  3.21276176e-09  1.20000000e+00  7.12286669e-08  1.06362991e-10 -6.53284333e-15 
 3.22276176e-09  3.22276176e-09  1.20000000e+00  7.12286670e-08  1.06362991e-10 -6.53284227e-15 
 3.23276176e-09  3.23276176e-09  1.20000000e+00  7.12286669e-08  1.06362991e-10 -6.53284120e-15 
 3.24276176e-09  3.24276176e-09  1.20000000e+00  7.12286670e-08  1.06362991e-10 -6.53284014e-15 
 3.25276176e-09  3.25276176e-09  1.20000000e+00  7.12286669e-08  1.06362991e-10 -6.53283908e-15 
 3.26276176e-09  3.26276176e-09  1.20000000e+00  7.12286670e-08  1.06362991e-10 -6.53283801e-15 
 3.27276176e-09  3.27276176e-09  1.20000000e+00  7.12286669e-08  1.06362991e-10 -6.53283695e-15 
 3.28276176e-09  3.28276176e-09  1.20000000e+00  7.12286670e-08  1.06362991e-10 -6.53283589e-15 
 3.29276176e-09  3.29276176e-09  1.20000000e+00  7.12286669e-08  1.06362991e-10 -6.53283482e-15 
 3.30276176e-09  3.30276176e-09  1.20000000e+00  7.12286670e-08  1.06362991e-10 -6.53283376e-15 
 3.31276176e-09  3.31276176e-09  1.20000000e+00  7.12286669e-08  1.06362991e-10 -6.53283269e-15 
 3.32276176e-09  3.32276176e-09  1.20000000e+00  7.12286670e-08  1.06362991e-10 -6.53283163e-15 
 3.33276176e-09  3.33276176e-09  1.20000000e+00  7.12286669e-08  1.06362991e-10 -6.53283057e-15 
 3.34276176e-09  3.34276176e-09  1.20000000e+00  7.12286670e-08  1.06362991e-10 -6.53282950e-15 
 3.35276176e-09  3.35276176e-09  1.20000000e+00  7.12286669e-08  1.06362991e-10 -6.53282844e-15 
 3.36276176e-09  3.36276176e-09  1.20000000e+00  7.12286670e-08  1.06362991e-10 -6.53282738e-15 
 3.37276176e-09  3.37276176e-09  1.20000000e+00  7.12286669e-08  1.06362991e-10 -6.53282631e-15 
 3.38276176e-09  3.38276176e-09  1.20000000e+00  7.12286670e-08  1.06362991e-10 -6.53282525e-15 
 3.39276176e-09  3.39276176e-09  1.20000000e+00  7.12286669e-08  1.06362991e-10 -6.53282419e-15 
 3.40276176e-09  3.40276176e-09  1.20000000e+00  7.12286670e-08  1.06362991e-10 -6.53282312e-15 
 3.41276176e-09  3.41276176e-09  1.20000000e+00  7.12286669e-08  1.06362991e-10 -6.53282206e-15 
 3.42276176e-09  3.42276176e-09  1.20000000e+00  7.12286670e-08  1.06362991e-10 -6.53282099e-15 
 3.43276176e-09  3.43276176e-09  1.20000000e+00  7.12286669e-08  1.06362991e-10 -6.53281993e-15 
 3.44276176e-09  3.44276176e-09  1.20000000e+00  7.12286670e-08  1.06362991e-10 -6.53281887e-15 
 3.45276176e-09  3.45276176e-09  1.20000000e+00  7.12286669e-08  1.06362991e-10 -6.53281780e-15 
 3.46276176e-09  3.46276176e-09  1.20000000e+00  7.12286670e-08  1.06362991e-10 -6.53281674e-15 
 3.47276176e-09  3.47276176e-09  1.20000000e+00  7.12286669e-08  1.06362991e-10 -6.53281568e-15 
 3.48276176e-09  3.48276176e-09  1.20000000e+00  7.12286670e-08  1.06362991e-10 -6.53281461e-15 
 3.49276176e-09  3.49276176e-09  1.20000000e+00  7.12286669e-08  1.06362991e-10 -6.53281355e-15 
 3.50276176e-09  3.50276176e-09  1.20000000e+00  7.12286670e-08  1.06362991e-10 -6.53281249e-15 
 3.51276176e-09  3.51276176e-09  1.20000000e+00  7.12286669e-08  1.06362991e-10 -6.53281142e-15 
 3.52276176e-09  3.52276176e-09  1.20000000e+00  7.12286670e-08  1.06362991e-10 -6.53281036e-15 
 3.53276176e-09  3.53276176e-09  1.20000000e+00  7.12286669e-08  1.06362991e-10 -6.53280929e-15 
 3.54276176e-09  3.54276176e-09  1.20000000e+00  7.12286670e-08  1.06362991e-10 -6.53280823e-15 
 3.55276176e-09  3.55276176e-09  1.20000000e+00  7.12286669e-08  1.06362991e-10 -6.53280717e-15 
 3.56276176e-09  3.56276176e-09  1.20000000e+00  7.12286670e-08  1.06362991e-10 -6.53280610e-15 
 3.57276176e-09  3.57276176e-09  1.20000000e+00  7.12286669e-08  1.06362991e-10 -6.53280504e-15 
 3.58276176e-09  3.58276176e-09  1.20000000e+00  7.12286670e-08  1.06362991e-10 -6.53280398e-15 
 3.59276176e-09  3.59276176e-09  1.20000000e+00  7.12286669e-08  1.06362991e-10 -6.53280291e-15 
 3.60276176e-09  3.60276176e-09  1.20000000e+00  7.12286670e-08  1.06362991e-10 -6.53280185e-15 
 3.61276176e-09  3.61276176e-09  1.20000000e+00  7.12286669e-08  1.06362991e-10 -6.53280079e-15 
 3.62276176e-09  3.62276176e-09  1.20000000e+00  7.12286670e-08  1.06362991e-10 -6.53279972e-15 
 3.63276176e-09  3.63276176e-09  1.20000000e+00  7.12286669e-08  1.06362991e-10 -6.53279866e-15 
 3.64276176e-09  3.64276176e-09  1.20000000e+00  7.12286670e-08  1.06362991e-10 -6.53279759e-15 
 3.65276176e-09  3.65276176e-09  1.20000000e+00  7.12286669e-08  1.06362991e-10 -6.53279653e-15 
 3.66276176e-09  3.66276176e-09  1.20000000e+00  7.12286670e-08  1.06362991e-10 -6.53279547e-15 
 3.67276176e-09  3.67276176e-09  1.20000000e+00  7.12286669e-08  1.06362991e-10 -6.53279440e-15 
 3.68276176e-09  3.68276176e-09  1.20000000e+00  7.12286670e-08  1.06362991e-10 -6.53279334e-15 
 3.69276176e-09  3.69276176e-09  1.20000000e+00  7.12286669e-08  1.06362991e-10 -6.53279228e-15 
 3.70276176e-09  3.70276176e-09  1.20000000e+00  7.12286670e-08  1.06362991e-10 -6.53279121e-15 
 3.71276176e-09  3.71276176e-09  1.20000000e+00  7.12286669e-08  1.06362991e-10 -6.53279015e-15 
 3.72276176e-09  3.72276176e-09  1.20000000e+00  7.12286670e-08  1.06362991e-10 -6.53278909e-15 
 3.73276176e-09  3.73276176e-09  1.20000000e+00  7.12286669e-08  1.06362991e-10 -6.53278802e-15 
 3.74276176e-09  3.74276176e-09  1.20000000e+00  7.12286670e-08  1.06362991e-10 -6.53278696e-15 
 3.75276176e-09  3.75276176e-09  1.20000000e+00  7.12286669e-08  1.06362991e-10 -6.53278589e-15 
 3.76276176e-09  3.76276176e-09  1.20000000e+00  7.12286670e-08  1.06362991e-10 -6.53278483e-15 
 3.77276176e-09  3.77276176e-09  1.20000000e+00  7.12286669e-08  1.06362991e-10 -6.53278377e-15 
 3.78276176e-09  3.78276176e-09  1.20000000e+00  7.12286670e-08  1.06362991e-10 -6.53278270e-15 
 3.79276176e-09  3.79276176e-09  1.20000000e+00  7.12286669e-08  1.06362991e-10 -6.53278164e-15 
 3.80276176e-09  3.80276176e-09  1.20000000e+00  7.12286670e-08  1.06362991e-10 -6.53278058e-15 
 3.81276176e-09  3.81276176e-09  1.20000000e+00  7.12286669e-08  1.06362991e-10 -6.53277951e-15 
 3.82276176e-09  3.82276176e-09  1.20000000e+00  7.12286670e-08  1.06362991e-10 -6.53277845e-15 
 3.83276176e-09  3.83276176e-09  1.20000000e+00  7.12286669e-08  1.06362991e-10 -6.53277739e-15 
 3.84276176e-09  3.84276176e-09  1.20000000e+00  7.12286670e-08  1.06362991e-10 -6.53277632e-15 
 3.85276176e-09  3.85276176e-09  1.20000000e+00  7.12286669e-08  1.06362991e-10 -6.53277526e-15 
 3.86276176e-09  3.86276176e-09  1.20000000e+00  7.12286670e-08  1.06362991e-10 -6.53277419e-15 
 3.87276176e-09  3.87276176e-09  1.20000000e+00  7.12286669e-08  1.06362991e-10 -6.53277313e-15 
 3.88276176e-09  3.88276176e-09  1.20000000e+00  7.12286670e-08  1.06362991e-10 -6.53277207e-15 
 3.89276176e-09  3.89276176e-09  1.20000000e+00  7.12286669e-08  1.06362991e-10 -6.53277100e-15 
 3.90276176e-09  3.90276176e-09  1.20000000e+00  7.12286670e-08  1.06362991e-10 -6.53276994e-15 
 3.91276176e-09  3.91276176e-09  1.20000000e+00  7.12286669e-08  1.06362991e-10 -6.53276888e-15 
 3.92276176e-09  3.92276176e-09  1.20000000e+00  7.12286670e-08  1.06362991e-10 -6.53276781e-15 
 3.93276176e-09  3.93276176e-09  1.20000000e+00  7.12286669e-08  1.06362991e-10 -6.53276675e-15 
 3.94276176e-09  3.94276176e-09  1.20000000e+00  7.12286670e-08  1.06362991e-10 -6.53276569e-15 
 3.95276176e-09  3.95276176e-09  1.20000000e+00  7.12286669e-08  1.06362991e-10 -6.53276462e-15 
 3.96276176e-09  3.96276176e-09  1.20000000e+00  7.12286670e-08  1.06362991e-10 -6.53276356e-15 
 3.97276176e-09  3.97276176e-09  1.20000000e+00  7.12286669e-08  1.06362991e-10 -6.53276249e-15 
 3.98276176e-09  3.98276176e-09  1.20000000e+00  7.12286670e-08  1.06362991e-10 -6.53276143e-15 
 3.99276176e-09  3.99276176e-09  1.20000000e+00  7.12286669e-08  1.06362991e-10 -6.53276037e-15 
 4.00276176e-09  4.00276176e-09  1.20000000e+00  7.12286670e-08  1.06362991e-10 -6.53275930e-15 
 4.01276176e-09  4.01276176e-09  1.20000000e+00  7.12286669e-08  1.06362991e-10 -6.53275824e-15 
 4.02276176e-09  4.02276176e-09  1.20000000e+00  7.12286670e-08  1.06362991e-10 -6.53275718e-15 
 4.03276176e-09  4.03276176e-09  1.20000000e+00  7.12286669e-08  1.06362991e-10 -6.53275611e-15 
 4.04276176e-09  4.04276176e-09  1.20000000e+00  7.12286670e-08  1.06362991e-10 -6.53275505e-15 
 4.05276176e-09  4.05276176e-09  1.20000000e+00  7.12286669e-08  1.06362991e-10 -6.53275399e-15 
 4.06276176e-09  4.06276176e-09  1.20000000e+00  7.12286670e-08  1.06362991e-10 -6.53275292e-15 
 4.07276176e-09  4.07276176e-09  1.20000000e+00  7.12286669e-08  1.06362991e-10 -6.53275186e-15 
 4.08276176e-09  4.08276176e-09  1.20000000e+00  7.12286670e-08  1.06362991e-10 -6.53275079e-15 
 4.09276176e-09  4.09276176e-09  1.20000000e+00  7.12286669e-08  1.06362991e-10 -6.53274973e-15 
 4.10276176e-09  4.10276176e-09  1.20000000e+00  7.12286670e-08  1.06362991e-10 -6.53274867e-15 
 4.11276176e-09  4.11276176e-09  1.20000000e+00  7.12286669e-08  1.06362991e-10 -6.53274760e-15 
 4.12276176e-09  4.12276176e-09  1.20000000e+00  7.12286670e-08  1.06362991e-10 -6.53274654e-15 
 4.13276176e-09  4.13276176e-09  1.20000000e+00  7.12286669e-08  1.06362991e-10 -6.53274548e-15 
 4.14276176e-09  4.14276176e-09  1.20000000e+00  7.12286670e-08  1.06362991e-10 -6.53274441e-15 
 4.15276176e-09  4.15276176e-09  1.20000000e+00  7.12286669e-08  1.06362991e-10 -6.53274335e-15 
 4.16276176e-09  4.16276176e-09  1.20000000e+00  7.12286670e-08  1.06362991e-10 -6.53274229e-15 
 4.17276176e-09  4.17276176e-09  1.20000000e+00  7.12286669e-08  1.06362991e-10 -6.53274122e-15 
 4.18276176e-09  4.18276176e-09  1.20000000e+00  7.12286670e-08  1.06362991e-10 -6.53274016e-15 
 4.19276176e-09  4.19276176e-09  1.20000000e+00  7.12286669e-08  1.06362991e-10 -6.53273910e-15 
 4.20276176e-09  4.20276176e-09  1.20000000e+00  7.12286670e-08  1.06362991e-10 -6.53273803e-15 
 4.21276176e-09  4.21276176e-09  1.20000000e+00  7.12286669e-08  1.06362991e-10 -6.53273697e-15 
 4.22276176e-09  4.22276176e-09  1.20000000e+00  7.12286670e-08  1.06362991e-10 -6.53273590e-15 
 4.23276176e-09  4.23276176e-09  1.20000000e+00  7.12286669e-08  1.06362991e-10 -6.53273484e-15 
 4.24276176e-09  4.24276176e-09  1.20000000e+00  7.12286670e-08  1.06362991e-10 -6.53273378e-15 
 4.25276176e-09  4.25276176e-09  1.20000000e+00  7.12286669e-08  1.06362991e-10 -6.53273271e-15 
 4.26276176e-09  4.26276176e-09  1.20000000e+00  7.12286670e-08  1.06362991e-10 -6.53273165e-15 
 4.27276176e-09  4.27276176e-09  1.20000000e+00  7.12286669e-08  1.06362991e-10 -6.53273059e-15 
 4.28276176e-09  4.28276176e-09  1.20000000e+00  7.12286670e-08  1.06362991e-10 -6.53272952e-15 
 4.29276176e-09  4.29276176e-09  1.20000000e+00  7.12286669e-08  1.06362991e-10 -6.53272846e-15 
 4.30276176e-09  4.30276176e-09  1.20000000e+00  7.12286670e-08  1.06362991e-10 -6.53272740e-15 
 4.31276176e-09  4.31276176e-09  1.20000000e+00  7.12286669e-08  1.06362991e-10 -6.53272633e-15 
 4.32276176e-09  4.32276176e-09  1.20000000e+00  7.12286670e-08  1.06362991e-10 -6.53272527e-15 
 4.33276176e-09  4.33276176e-09  1.20000000e+00  7.12286669e-08  1.06362991e-10 -6.53272420e-15 
 4.34276176e-09  4.34276176e-09  1.20000000e+00  7.12286670e-08  1.06362991e-10 -6.53272314e-15 
 4.35276176e-09  4.35276176e-09  1.20000000e+00  7.12286669e-08  1.06362991e-10 -6.53272208e-15 
 4.36276176e-09  4.36276176e-09  1.20000000e+00  7.12286670e-08  1.06362991e-10 -6.53272101e-15 
 4.37276176e-09  4.37276176e-09  1.20000000e+00  7.12286669e-08  1.06362991e-10 -6.53271995e-15 
 4.38276176e-09  4.38276176e-09  1.20000000e+00  7.12286670e-08  1.06362991e-10 -6.53271889e-15 
 4.39276176e-09  4.39276176e-09  1.20000000e+00  7.12286669e-08  1.06362991e-10 -6.53271782e-15 
 4.40276176e-09  4.40276176e-09  1.20000000e+00  7.12286670e-08  1.06362991e-10 -6.53271676e-15 
 4.41276176e-09  4.41276176e-09  1.20000000e+00  7.12286669e-08  1.06362991e-10 -6.53271570e-15 
 4.42276176e-09  4.42276176e-09  1.20000000e+00  7.12286670e-08  1.06362991e-10 -6.53271463e-15 
 4.43276176e-09  4.43276176e-09  1.20000000e+00  7.12286669e-08  1.06362991e-10 -6.53271357e-15 
 4.44276176e-09  4.44276176e-09  1.20000000e+00  7.12286670e-08  1.06362991e-10 -6.53271250e-15 
 4.45276176e-09  4.45276176e-09  1.20000000e+00  7.12286669e-08  1.06362991e-10 -6.53271144e-15 
 4.46276176e-09  4.46276176e-09  1.20000000e+00  7.12286670e-08  1.06362991e-10 -6.53271038e-15 
 4.47276176e-09  4.47276176e-09  1.20000000e+00  7.12286669e-08  1.06362991e-10 -6.53270931e-15 
 4.48276176e-09  4.48276176e-09  1.20000000e+00  7.12286670e-08  1.06362991e-10 -6.53270825e-15 
 4.49276176e-09  4.49276176e-09  1.20000000e+00  7.12286669e-08  1.06362991e-10 -6.53270719e-15 
 4.50276176e-09  4.50276176e-09  1.20000000e+00  7.12286670e-08  1.06362991e-10 -6.53270612e-15 
 4.51276176e-09  4.51276176e-09  1.20000000e+00  7.12286669e-08  1.06362991e-10 -6.53270506e-15 
 4.52276176e-09  4.52276176e-09  1.20000000e+00  7.12286670e-08  1.06362991e-10 -6.53270400e-15 
 4.53276176e-09  4.53276176e-09  1.20000000e+00  7.12286669e-08  1.06362991e-10 -6.53270293e-15 
 4.54276176e-09  4.54276176e-09  1.20000000e+00  7.12286670e-08  1.06362991e-10 -6.53270187e-15 
 4.55276176e-09  4.55276176e-09  1.20000000e+00  7.12286669e-08  1.06362991e-10 -6.53270080e-15 
 4.56276176e-09  4.56276176e-09  1.20000000e+00  7.12286670e-08  1.06362991e-10 -6.53269974e-15 
 4.57276176e-09  4.57276176e-09  1.20000000e+00  7.12286669e-08  1.06362991e-10 -6.53269868e-15 
 4.58276176e-09  4.58276176e-09  1.20000000e+00  7.12286670e-08  1.06362991e-10 -6.53269761e-15 
 4.59276176e-09  4.59276176e-09  1.20000000e+00  7.12286669e-08  1.06362991e-10 -6.53269655e-15 
 4.60276176e-09  4.60276176e-09  1.20000000e+00  7.12286670e-08  1.06362991e-10 -6.53269549e-15 
 4.61276176e-09  4.61276176e-09  1.20000000e+00  7.12286669e-08  1.06362991e-10 -6.53269442e-15 
 4.62276176e-09  4.62276176e-09  1.20000000e+00  7.12286670e-08  1.06362991e-10 -6.53269336e-15 
 4.63276176e-09  4.63276176e-09  1.20000000e+00  7.12286669e-08  1.06362991e-10 -6.53269230e-15 
 4.64276176e-09  4.64276176e-09  1.20000000e+00  7.12286670e-08  1.06362991e-10 -6.53269123e-15 
 4.65276176e-09  4.65276176e-09  1.20000000e+00  7.12286669e-08  1.06362991e-10 -6.53269017e-15 
 4.66276176e-09  4.66276176e-09  1.20000000e+00  7.12286670e-08  1.06362991e-10 -6.53268910e-15 
 4.67276176e-09  4.67276176e-09  1.20000000e+00  7.12286669e-08  1.06362991e-10 -6.53268804e-15 
 4.68276176e-09  4.68276176e-09  1.20000000e+00  7.12286670e-08  1.06362991e-10 -6.53268698e-15 
 4.69276176e-09  4.69276176e-09  1.20000000e+00  7.12286669e-08  1.06362991e-10 -6.53268591e-15 
 4.70276176e-09  4.70276176e-09  1.20000000e+00  7.12286670e-08  1.06362991e-10 -6.53268485e-15 
 4.71276176e-09  4.71276176e-09  1.20000000e+00  7.12286669e-08  1.06362991e-10 -6.53268379e-15 
 4.72276176e-09  4.72276176e-09  1.20000000e+00  7.12286670e-08  1.06362991e-10 -6.53268272e-15 
 4.73276176e-09  4.73276176e-09  1.20000000e+00  7.12286669e-08  1.06362991e-10 -6.53268166e-15 
 4.74276176e-09  4.74276176e-09  1.20000000e+00  7.12286670e-08  1.06362991e-10 -6.53268060e-15 
 4.75276176e-09  4.75276176e-09  1.20000000e+00  7.12286669e-08  1.06362991e-10 -6.53267953e-15 
 4.76276176e-09  4.76276176e-09  1.20000000e+00  7.12286670e-08  1.06362991e-10 -6.53267847e-15 
 4.77276176e-09  4.77276176e-09  1.20000000e+00  7.12286669e-08  1.06362991e-10 -6.53267740e-15 
 4.78276176e-09  4.78276176e-09  1.20000000e+00  7.12286670e-08  1.06362991e-10 -6.53267634e-15 
 4.79276176e-09  4.79276176e-09  1.20000000e+00  7.12286669e-08  1.06362991e-10 -6.53267528e-15 
 4.80276176e-09  4.80276176e-09  1.20000000e+00  7.12286670e-08  1.06362991e-10 -6.53267421e-15 
 4.81276176e-09  4.81276176e-09  1.20000000e+00  7.12286669e-08  1.06362991e-10 -6.53267315e-15 
 4.82276176e-09  4.82276176e-09  1.20000000e+00  7.12286670e-08  1.06362991e-10 -6.53267209e-15 
 4.83276176e-09  4.83276176e-09  1.20000000e+00  7.12286669e-08  1.06362991e-10 -6.53267102e-15 
 4.84276176e-09  4.84276176e-09  1.20000000e+00  7.12286670e-08  1.06362991e-10 -6.53266996e-15 
 4.85276176e-09  4.85276176e-09  1.20000000e+00  7.12286669e-08  1.06362991e-10 -6.53266890e-15 
 4.86276176e-09  4.86276176e-09  1.20000000e+00  7.12286670e-08  1.06362991e-10 -6.53266783e-15 
 4.87276176e-09  4.87276176e-09  1.20000000e+00  7.12286669e-08  1.06362991e-10 -6.53266677e-15 
 4.88276176e-09  4.88276176e-09  1.20000000e+00  7.12286670e-08  1.06362991e-10 -6.53266570e-15 
 4.89276176e-09  4.89276176e-09  1.20000000e+00  7.12286669e-08  1.06362991e-10 -6.53266464e-15 
 4.90276176e-09  4.90276176e-09  1.20000000e+00  7.12286670e-08  1.06362991e-10 -6.53266358e-15 
 4.91276176e-09  4.91276176e-09  1.20000000e+00  7.12286669e-08  1.06362991e-10 -6.53266251e-15 
 4.92276176e-09  4.92276176e-09  1.20000000e+00  7.12286670e-08  1.06362991e-10 -6.53266145e-15 
 4.93276176e-09  4.93276176e-09  1.20000000e+00  7.12286669e-08  1.06362991e-10 -6.53266039e-15 
 4.94276176e-09  4.94276176e-09  1.20000000e+00  7.12286670e-08  1.06362991e-10 -6.53265932e-15 
 4.95276176e-09  4.95276176e-09  1.20000000e+00  7.12286669e-08  1.06362991e-10 -6.53265826e-15 
 4.96276176e-09  4.96276176e-09  1.20000000e+00  7.12286670e-08  1.06362991e-10 -6.53265720e-15 
 4.97276176e-09  4.97276176e-09  1.20000000e+00  7.12286669e-08  1.06362991e-10 -6.53265613e-15 
 4.98276176e-09  4.98276176e-09  1.20000000e+00  7.12286670e-08  1.06362991e-10 -6.53265507e-15 
 4.99276176e-09  4.99276176e-09  1.20000000e+00  7.12286669e-08  1.06362991e-10 -6.53265400e-15 
 5.00276176e-09  5.00276176e-09  1.20000000e+00  7.12286670e-08  1.06362991e-10 -6.53265294e-15 
 5.01276176e-09  5.01276176e-09  1.20000000e+00  7.12286669e-08  1.06362991e-10 -6.53265188e-15 
 5.02276176e-09  5.02276176e-09  1.20000000e+00  7.12286670e-08  1.06362991e-10 -6.53265081e-15 
 5.03276176e-09  5.03276176e-09  1.20000000e+00  7.12286669e-08  1.06362991e-10 -6.53264975e-15 
 5.04276176e-09  5.04276176e-09  1.20000000e+00  7.12286670e-08  1.06362991e-10 -6.53264869e-15 
 5.05276176e-09  5.05276176e-09  1.20000000e+00  7.12286669e-08  1.06362991e-10 -6.53264762e-15 
 5.06276176e-09  5.06276176e-09  1.20000000e+00  7.12286670e-08  1.06362991e-10 -6.53264656e-15 
 5.07276176e-09  5.07276176e-09  1.20000000e+00  7.12286669e-08  1.06362991e-10 -6.53264550e-15 
 5.08276176e-09  5.08276176e-09  1.20000000e+00  7.12286670e-08  1.06362991e-10 -6.53264443e-15 
 5.09276176e-09  5.09276176e-09  1.20000000e+00  7.12286669e-08  1.06362991e-10 -6.53264337e-15 
 5.10276176e-09  5.10276176e-09  1.20000000e+00  7.12286670e-08  1.06362991e-10 -6.53264230e-15 
 5.11276176e-09  5.11276176e-09  1.20000000e+00  7.12286669e-08  1.06362991e-10 -6.53264124e-15 
 5.12276176e-09  5.12276176e-09  1.20000000e+00  7.12286670e-08  1.06362991e-10 -6.53264018e-15 
 5.13276176e-09  5.13276176e-09  1.20000000e+00  7.12286669e-08  1.06362991e-10 -6.53263911e-15 
 5.14276176e-09  5.14276176e-09  1.20000000e+00  7.12286670e-08  1.06362991e-10 -6.53263805e-15 
 5.15276176e-09  5.15276176e-09  1.20000000e+00  7.12286669e-08  1.06362991e-10 -6.53263699e-15 
 5.16276176e-09  5.16276176e-09  1.20000000e+00  7.12286670e-08  1.06362991e-10 -6.53263592e-15 
 5.17276176e-09  5.17276176e-09  1.20000000e+00  7.12286669e-08  1.06362991e-10 -6.53263486e-15 
 5.18276176e-09  5.18276176e-09  1.20000000e+00  7.12286670e-08  1.06362991e-10 -6.53263380e-15 
 5.19276176e-09  5.19276176e-09  1.20000000e+00  7.12286669e-08  1.06362991e-10 -6.53263273e-15 
 5.20276176e-09  5.20276176e-09  1.20000000e+00  7.12286670e-08  1.06362991e-10 -6.53263167e-15 
 5.21276176e-09  5.21276176e-09  1.20000000e+00  7.12286669e-08  1.06362991e-10 -6.53263060e-15 
 5.22276176e-09  5.22276176e-09  1.20000000e+00  7.12286670e-08  1.06362991e-10 -6.53262954e-15 
 5.23276176e-09  5.23276176e-09  1.20000000e+00  7.12286669e-08  1.06362991e-10 -6.53262848e-15 
 5.24276176e-09  5.24276176e-09  1.20000000e+00  7.12286670e-08  1.06362991e-10 -6.53262741e-15 
 5.25276176e-09  5.25276176e-09  1.20000000e+00  7.12286669e-08  1.06362991e-10 -6.53262635e-15 
 5.26276176e-09  5.26276176e-09  1.20000000e+00  7.12286670e-08  1.06362991e-10 -6.53262529e-15 
 5.27276176e-09  5.27276176e-09  1.20000000e+00  7.12286669e-08  1.06362991e-10 -6.53262422e-15 
 5.28276176e-09  5.28276176e-09  1.20000000e+00  7.12286670e-08  1.06362991e-10 -6.53262316e-15 
 5.29276176e-09  5.29276176e-09  1.20000000e+00  7.12286669e-08  1.06362991e-10 -6.53262210e-15 
 5.30276176e-09  5.30276176e-09  1.20000000e+00  7.12286670e-08  1.06362991e-10 -6.53262103e-15 
 5.31276176e-09  5.31276176e-09  1.20000000e+00  7.12286669e-08  1.06362991e-10 -6.53261997e-15 
 5.32276176e-09  5.32276176e-09  1.20000000e+00  7.12286670e-08  1.06362991e-10 -6.53261890e-15 
 5.33276176e-09  5.33276176e-09  1.20000000e+00  7.12286669e-08  1.06362991e-10 -6.53261784e-15 
 5.34276176e-09  5.34276176e-09  1.20000000e+00  7.12286670e-08  1.06362991e-10 -6.53261678e-15 
 5.35276176e-09  5.35276176e-09  1.20000000e+00  7.12286669e-08  1.06362991e-10 -6.53261571e-15 
 5.36276176e-09  5.36276176e-09  1.20000000e+00  7.12286670e-08  1.06362991e-10 -6.53261465e-15 
 5.37276176e-09  5.37276176e-09  1.20000000e+00  7.12286669e-08  1.06362991e-10 -6.53261359e-15 
 5.38276176e-09  5.38276176e-09  1.20000000e+00  7.12286670e-08  1.06362991e-10 -6.53261252e-15 
 5.39276176e-09  5.39276176e-09  1.20000000e+00  7.12286669e-08  1.06362991e-10 -6.53261146e-15 
 5.40276176e-09  5.40276176e-09  1.20000000e+00  7.12286670e-08  1.06362991e-10 -6.53261040e-15 
 5.41276176e-09  5.41276176e-09  1.20000000e+00  7.12286669e-08  1.06362991e-10 -6.53260933e-15 
 5.42276176e-09  5.42276176e-09  1.20000000e+00  7.12286670e-08  1.06362991e-10 -6.53260827e-15 
 5.43276176e-09  5.43276176e-09  1.20000000e+00  7.12286669e-08  1.06362991e-10 -6.53260720e-15 
 5.44276176e-09  5.44276176e-09  1.20000000e+00  7.12286670e-08  1.06362991e-10 -6.53260614e-15 
 5.45276176e-09  5.45276176e-09  1.20000000e+00  7.12286669e-08  1.06362991e-10 -6.53260508e-15 
 5.46276176e-09  5.46276176e-09  1.20000000e+00  7.12286670e-08  1.06362991e-10 -6.53260401e-15 
 5.47276176e-09  5.47276176e-09  1.20000000e+00  7.12286669e-08  1.06362991e-10 -6.53260295e-15 
 5.48276176e-09  5.48276176e-09  1.20000000e+00  7.12286670e-08  1.06362991e-10 -6.53260189e-15 
 5.49276176e-09  5.49276176e-09  1.20000000e+00  7.12286669e-08  1.06362991e-10 -6.53260082e-15 
 5.50276176e-09  5.50276176e-09  1.20000000e+00  7.12286670e-08  1.06362991e-10 -6.53259976e-15 
 5.51276176e-09  5.51276176e-09  1.20000000e+00  7.12286669e-08  1.06362991e-10 -6.53259870e-15 
 5.52276176e-09  5.52276176e-09  1.20000000e+00  7.12286670e-08  1.06362991e-10 -6.53259763e-15 
 5.53276176e-09  5.53276176e-09  1.20000000e+00  7.12286669e-08  1.06362991e-10 -6.53259657e-15 
 5.54276176e-09  5.54276176e-09  1.20000000e+00  7.12286670e-08  1.06362991e-10 -6.53259551e-15 
 5.55276176e-09  5.55276176e-09  1.20000000e+00  7.12286669e-08  1.06362991e-10 -6.53259444e-15 
 5.56276176e-09  5.56276176e-09  1.20000000e+00  7.12286670e-08  1.06362991e-10 -6.53259338e-15 
 5.57276176e-09  5.57276176e-09  1.20000000e+00  7.12286669e-08  1.06362991e-10 -6.53259231e-15 
 5.58276176e-09  5.58276176e-09  1.20000000e+00  7.12286670e-08  1.06362991e-10 -6.53259125e-15 
 5.59276176e-09  5.59276176e-09  1.20000000e+00  7.12286669e-08  1.06362991e-10 -6.53259019e-15 
 5.60276176e-09  5.60276176e-09  1.20000000e+00  7.12286670e-08  1.06362991e-10 -6.53258912e-15 
 5.61276176e-09  5.61276176e-09  1.20000000e+00  7.12286669e-08  1.06362991e-10 -6.53258806e-15 
 5.62276176e-09  5.62276176e-09  1.20000000e+00  7.12286670e-08  1.06362991e-10 -6.53258700e-15 
 5.63276176e-09  5.63276176e-09  1.20000000e+00  7.12286669e-08  1.06362991e-10 -6.53258593e-15 
 5.64276176e-09  5.64276176e-09  1.20000000e+00  7.12286670e-08  1.06362991e-10 -6.53258487e-15 
 5.65276176e-09  5.65276176e-09  1.20000000e+00  7.12286669e-08  1.06362991e-10 -6.53258381e-15 
 5.66276176e-09  5.66276176e-09  1.20000000e+00  7.12286670e-08  1.06362991e-10 -6.53258274e-15 
 5.67276176e-09  5.67276176e-09  1.20000000e+00  7.12286669e-08  1.06362991e-10 -6.53258168e-15 
 5.68276176e-09  5.68276176e-09  1.20000000e+00  7.12286670e-08  1.06362991e-10 -6.53258061e-15 
 5.69276176e-09  5.69276176e-09  1.20000000e+00  7.12286669e-08  1.06362991e-10 -6.53257955e-15 
 5.70276176e-09  5.70276176e-09  1.20000000e+00  7.12286670e-08  1.06362991e-10 -6.53257849e-15 
 5.71276176e-09  5.71276176e-09  1.20000000e+00  7.12286669e-08  1.06362991e-10 -6.53257742e-15 
 5.72276176e-09  5.72276176e-09  1.20000000e+00  7.12286670e-08  1.06362991e-10 -6.53257636e-15 
 5.73276176e-09  5.73276176e-09  1.20000000e+00  7.12286669e-08  1.06362991e-10 -6.53257530e-15 
 5.74276176e-09  5.74276176e-09  1.20000000e+00  7.12286670e-08  1.06362991e-10 -6.53257423e-15 
 5.75276176e-09  5.75276176e-09  1.20000000e+00  7.12286669e-08  1.06362991e-10 -6.53257317e-15 
 5.76276176e-09  5.76276176e-09  1.20000000e+00  7.12286670e-08  1.06362991e-10 -6.53257211e-15 
 5.77276176e-09  5.77276176e-09  1.20000000e+00  7.12286669e-08  1.06362991e-10 -6.53257104e-15 
 5.78276176e-09  5.78276176e-09  1.20000000e+00  7.12286670e-08  1.06362991e-10 -6.53256998e-15 
 5.79276176e-09  5.79276176e-09  1.20000000e+00  7.12286669e-08  1.06362991e-10 -6.53256891e-15 
 5.80276176e-09  5.80276176e-09  1.20000000e+00  7.12286670e-08  1.06362991e-10 -6.53256785e-15 
 5.81276176e-09  5.81276176e-09  1.20000000e+00  7.12286669e-08  1.06362991e-10 -6.53256679e-15 
 5.82276176e-09  5.82276176e-09  1.20000000e+00  7.12286670e-08  1.06362991e-10 -6.53256572e-15 
 5.83276176e-09  5.83276176e-09  1.20000000e+00  7.12286669e-08  1.06362991e-10 -6.53256466e-15 
 5.84276176e-09  5.84276176e-09  1.20000000e+00  7.12286670e-08  1.06362991e-10 -6.53256360e-15 
 5.85276176e-09  5.85276176e-09  1.20000000e+00  7.12286669e-08  1.06362991e-10 -6.53256253e-15 
 5.86276176e-09  5.86276176e-09  1.20000000e+00  7.12286670e-08  1.06362991e-10 -6.53256147e-15 
 5.87276176e-09  5.87276176e-09  1.20000000e+00  7.12286669e-08  1.06362991e-10 -6.53256041e-15 
 5.88276176e-09  5.88276176e-09  1.20000000e+00  7.12286670e-08  1.06362991e-10 -6.53255934e-15 
 5.89276176e-09  5.89276176e-09  1.20000000e+00  7.12286669e-08  1.06362991e-10 -6.53255828e-15 
 5.90276176e-09  5.90276176e-09  1.20000000e+00  7.12286670e-08  1.06362991e-10 -6.53255721e-15 
 5.91276176e-09  5.91276176e-09  1.20000000e+00  7.12286669e-08  1.06362991e-10 -6.53255615e-15 
 5.92276176e-09  5.92276176e-09  1.20000000e+00  7.12286670e-08  1.06362991e-10 -6.53255509e-15 
 5.93276176e-09  5.93276176e-09  1.20000000e+00  7.12286669e-08  1.06362991e-10 -6.53255402e-15 
 5.94276176e-09  5.94276176e-09  1.20000000e+00  7.12286670e-08  1.06362991e-10 -6.53255296e-15 
 5.95276176e-09  5.95276176e-09  1.20000000e+00  7.12286669e-08  1.06362991e-10 -6.53255190e-15 
 5.96276176e-09  5.96276176e-09  1.20000000e+00  7.12286670e-08  1.06362991e-10 -6.53255083e-15 
 5.97276176e-09  5.97276176e-09  1.20000000e+00  7.12286669e-08  1.06362991e-10 -6.53254977e-15 
 5.98276176e-09  5.98276176e-09  1.20000000e+00  7.12286670e-08  1.06362991e-10 -6.53254871e-15 
 5.99276176e-09  5.99276176e-09  1.20000000e+00  7.12286669e-08  1.06362991e-10 -6.53254764e-15 
 6.00276176e-09  6.00276176e-09  1.20000000e+00  7.12286670e-08  1.06362991e-10 -6.53254658e-15 
 6.01276176e-09  6.01276176e-09  1.20000000e+00  7.12286669e-08  1.06362991e-10 -6.53254551e-15 
 6.02276176e-09  6.02276176e-09  1.20000000e+00  7.12286670e-08  1.06362991e-10 -6.53254445e-15 
 6.03276176e-09  6.03276176e-09  1.20000000e+00  7.12286669e-08  1.06362991e-10 -6.53254339e-15 
 6.04276176e-09  6.04276176e-09  1.20000000e+00  7.12286670e-08  1.06362991e-10 -6.53254232e-15 
 6.05276176e-09  6.05276176e-09  1.20000000e+00  7.12286669e-08  1.06362991e-10 -6.53254126e-15 
 6.06276176e-09  6.06276176e-09  1.20000000e+00  7.12286670e-08  1.06362991e-10 -6.53254020e-15 
 6.07276176e-09  6.07276176e-09  1.20000000e+00  7.12286669e-08  1.06362991e-10 -6.53253913e-15 
 6.08276176e-09  6.08276176e-09  1.20000000e+00  7.12286670e-08  1.06362991e-10 -6.53253807e-15 
 6.09276176e-09  6.09276176e-09  1.20000000e+00  7.12286669e-08  1.06362991e-10 -6.53253701e-15 
 6.10276176e-09  6.10276176e-09  1.20000000e+00  7.12286670e-08  1.06362991e-10 -6.53253594e-15 
 6.11276176e-09  6.11276176e-09  1.20000000e+00  7.12286669e-08  1.06362991e-10 -6.53253488e-15 
 6.12276176e-09  6.12276176e-09  1.20000000e+00  7.12286670e-08  1.06362991e-10 -6.53253381e-15 
 6.13276176e-09  6.13276176e-09  1.20000000e+00  7.12286669e-08  1.06362991e-10 -6.53253275e-15 
 6.14276176e-09  6.14276176e-09  1.20000000e+00  7.12286670e-08  1.06362991e-10 -6.53253169e-15 
 6.15276176e-09  6.15276176e-09  1.20000000e+00  7.12286669e-08  1.06362991e-10 -6.53253062e-15 
 6.16276176e-09  6.16276176e-09  1.20000000e+00  7.12286670e-08  1.06362991e-10 -6.53252956e-15 
 6.17276176e-09  6.17276176e-09  1.20000000e+00  7.12286669e-08  1.06362991e-10 -6.53252850e-15 
 6.18276176e-09  6.18276176e-09  1.20000000e+00  7.12286670e-08  1.06362991e-10 -6.53252743e-15 
 6.19276176e-09  6.19276176e-09  1.20000000e+00  7.12286669e-08  1.06362991e-10 -6.53252637e-15 
 6.20276176e-09  6.20276176e-09  1.20000000e+00  7.12286670e-08  1.06362991e-10 -6.53252531e-15 
 6.21276176e-09  6.21276176e-09  1.20000000e+00  7.12286669e-08  1.06362991e-10 -6.53252424e-15 
 6.22276176e-09  6.22276176e-09  1.20000000e+00  7.12286670e-08  1.06362991e-10 -6.53252318e-15 
 6.23276176e-09  6.23276176e-09  1.20000000e+00  7.12286669e-08  1.06362991e-10 -6.53252211e-15 
 6.24276176e-09  6.24276176e-09  1.20000000e+00  7.12286670e-08  1.06362991e-10 -6.53252105e-15 
 6.25276176e-09  6.25276176e-09  1.20000000e+00  7.12286669e-08  1.06362991e-10 -6.53251999e-15 
 6.26276176e-09  6.26276176e-09  1.20000000e+00  7.12286670e-08  1.06362991e-10 -6.53251892e-15 
 6.27276176e-09  6.27276176e-09  1.20000000e+00  7.12286669e-08  1.06362991e-10 -6.53251786e-15 
 6.28276176e-09  6.28276176e-09  1.20000000e+00  7.12286670e-08  1.06362991e-10 -6.53251680e-15 
 6.29276176e-09  6.29276176e-09  1.20000000e+00  7.12286669e-08  1.06362991e-10 -6.53251573e-15 
 6.30276176e-09  6.30276176e-09  1.20000000e+00  7.12286670e-08  1.06362991e-10 -6.53251467e-15 
 6.31276176e-09  6.31276176e-09  1.20000000e+00  7.12286669e-08  1.06362991e-10 -6.53251361e-15 
 6.32276176e-09  6.32276176e-09  1.20000000e+00  7.12286670e-08  1.06362991e-10 -6.53251254e-15 
 6.33276176e-09  6.33276176e-09  1.20000000e+00  7.12286669e-08  1.06362991e-10 -6.53251148e-15 
 6.34276176e-09  6.34276176e-09  1.20000000e+00  7.12286670e-08  1.06362991e-10 -6.53251041e-15 
 6.35276176e-09  6.35276176e-09  1.20000000e+00  7.12286669e-08  1.06362991e-10 -6.53250935e-15 
 6.36276176e-09  6.36276176e-09  1.20000000e+00  7.12286670e-08  1.06362991e-10 -6.53250829e-15 
 6.37276176e-09  6.37276176e-09  1.20000000e+00  7.12286669e-08  1.06362991e-10 -6.53250722e-15 
 6.38276176e-09  6.38276176e-09  1.20000000e+00  7.12286670e-08  1.06362991e-10 -6.53250616e-15 
 6.39276176e-09  6.39276176e-09  1.20000000e+00  7.12286669e-08  1.06362991e-10 -6.53250510e-15 
 6.40276176e-09  6.40276176e-09  1.20000000e+00  7.12286670e-08  1.06362991e-10 -6.53250403e-15 
 6.41276176e-09  6.41276176e-09  1.20000000e+00  7.12286669e-08  1.06362991e-10 -6.53250297e-15 
 6.42276176e-09  6.42276176e-09  1.20000000e+00  7.12286670e-08  1.06362991e-10 -6.53250191e-15 
 6.43276176e-09  6.43276176e-09  1.20000000e+00  7.12286669e-08  1.06362991e-10 -6.53250084e-15 
 6.44276176e-09  6.44276176e-09  1.20000000e+00  7.12286670e-08  1.06362991e-10 -6.53249978e-15 
 6.45276176e-09  6.45276176e-09  1.20000000e+00  7.12286669e-08  1.06362991e-10 -6.53249871e-15 
 6.46276176e-09  6.46276176e-09  1.20000000e+00  7.12286670e-08  1.06362991e-10 -6.53249765e-15 
 6.47276176e-09  6.47276176e-09  1.20000000e+00  7.12286669e-08  1.06362991e-10 -6.53249659e-15 
 6.48276176e-09  6.48276176e-09  1.20000000e+00  7.12286670e-08  1.06362991e-10 -6.53249552e-15 
 6.49276176e-09  6.49276176e-09  1.20000000e+00  7.12286669e-08  1.06362991e-10 -6.53249446e-15 
 6.50276176e-09  6.50276176e-09  1.20000000e+00  7.12286670e-08  1.06362991e-10 -6.53249340e-15 
 6.51276176e-09  6.51276176e-09  1.20000000e+00  7.12286669e-08  1.06362991e-10 -6.53249233e-15 
 6.52276176e-09  6.52276176e-09  1.20000000e+00  7.12286670e-08  1.06362991e-10 -6.53249127e-15 
 6.53276176e-09  6.53276176e-09  1.20000000e+00  7.12286669e-08  1.06362991e-10 -6.53249021e-15 
 6.54276176e-09  6.54276176e-09  1.20000000e+00  7.12286670e-08  1.06362991e-10 -6.53248914e-15 
 6.55276176e-09  6.55276176e-09  1.20000000e+00  7.12286669e-08  1.06362991e-10 -6.53248808e-15 
 6.56276176e-09  6.56276176e-09  1.20000000e+00  7.12286670e-08  1.06362991e-10 -6.53248701e-15 
 6.57276176e-09  6.57276176e-09  1.20000000e+00  7.12286669e-08  1.06362991e-10 -6.53248595e-15 
 6.58276176e-09  6.58276176e-09  1.20000000e+00  7.12286670e-08  1.06362991e-10 -6.53248489e-15 
 6.59276176e-09  6.59276176e-09  1.20000000e+00  7.12286669e-08  1.06362991e-10 -6.53248382e-15 
 6.60276176e-09  6.60276176e-09  1.20000000e+00  7.12286670e-08  1.06362991e-10 -6.53248276e-15 
 6.61276176e-09  6.61276176e-09  1.20000000e+00  7.12286669e-08  1.06362991e-10 -6.53248170e-15 
 6.62276176e-09  6.62276176e-09  1.20000000e+00  7.12286670e-08  1.06362991e-10 -6.53248063e-15 
 6.63276176e-09  6.63276176e-09  1.20000000e+00  7.12286669e-08  1.06362991e-10 -6.53247957e-15 
 6.64276176e-09  6.64276176e-09  1.20000000e+00  7.12286670e-08  1.06362991e-10 -6.53247851e-15 
 6.65276176e-09  6.65276176e-09  1.20000000e+00  7.12286669e-08  1.06362991e-10 -6.53247744e-15 
 6.66276176e-09  6.66276176e-09  1.20000000e+00  7.12286670e-08  1.06362991e-10 -6.53247638e-15 
 6.67276176e-09  6.67276176e-09  1.20000000e+00  7.12286669e-08  1.06362991e-10 -6.53247531e-15 
 6.68276176e-09  6.68276176e-09  1.20000000e+00  7.12286670e-08  1.06362991e-10 -6.53247425e-15 
 6.69276176e-09  6.69276176e-09  1.20000000e+00  7.12286669e-08  1.06362991e-10 -6.53247319e-15 
 6.70276176e-09  6.70276176e-09  1.20000000e+00  7.12286670e-08  1.06362991e-10 -6.53247212e-15 
 6.71276176e-09  6.71276176e-09  1.20000000e+00  7.12286669e-08  1.06362991e-10 -6.53247106e-15 
 6.72276176e-09  6.72276176e-09  1.20000000e+00  7.12286670e-08  1.06362991e-10 -6.53247000e-15 
 6.73276176e-09  6.73276176e-09  1.20000000e+00  7.12286669e-08  1.06362991e-10 -6.53246893e-15 
 6.74276176e-09  6.74276176e-09  1.20000000e+00  7.12286670e-08  1.06362991e-10 -6.53246787e-15 
 6.75276176e-09  6.75276176e-09  1.20000000e+00  7.12286669e-08  1.06362991e-10 -6.53246681e-15 
 6.76276176e-09  6.76276176e-09  1.20000000e+00  7.12286670e-08  1.06362991e-10 -6.53246574e-15 
 6.77276176e-09  6.77276176e-09  1.20000000e+00  7.12286669e-08  1.06362991e-10 -6.53246468e-15 
 6.78276176e-09  6.78276176e-09  1.20000000e+00  7.12286670e-08  1.06362991e-10 -6.53246361e-15 
 6.79276176e-09  6.79276176e-09  1.20000000e+00  7.12286669e-08  1.06362991e-10 -6.53246255e-15 
 6.80276176e-09  6.80276176e-09  1.20000000e+00  7.12286670e-08  1.06362991e-10 -6.53246149e-15 
 6.81276176e-09  6.81276176e-09  1.20000000e+00  7.12286669e-08  1.06362991e-10 -6.53246042e-15 
 6.82276176e-09  6.82276176e-09  1.20000000e+00  7.12286670e-08  1.06362991e-10 -6.53245936e-15 
 6.83276176e-09  6.83276176e-09  1.20000000e+00  7.12286669e-08  1.06362991e-10 -6.53245830e-15 
 6.84276176e-09  6.84276176e-09  1.20000000e+00  7.12286670e-08  1.06362991e-10 -6.53245723e-15 
 6.85276176e-09  6.85276176e-09  1.20000000e+00  7.12286669e-08  1.06362991e-10 -6.53245617e-15 
 6.86276176e-09  6.86276176e-09  1.20000000e+00  7.12286670e-08  1.06362991e-10 -6.53245511e-15 
 6.87276176e-09  6.87276176e-09  1.20000000e+00  7.12286669e-08  1.06362991e-10 -6.53245404e-15 
 6.88276176e-09  6.88276176e-09  1.20000000e+00  7.12286670e-08  1.06362991e-10 -6.53245298e-15 
 6.89276176e-09  6.89276176e-09  1.20000000e+00  7.12286669e-08  1.06362991e-10 -6.53245191e-15 
 6.90276176e-09  6.90276176e-09  1.20000000e+00  7.12286670e-08  1.06362991e-10 -6.53245085e-15 
 6.91276176e-09  6.91276176e-09  1.20000000e+00  7.12286669e-08  1.06362991e-10 -6.53244979e-15 
 6.92276176e-09  6.92276176e-09  1.20000000e+00  7.12286670e-08  1.06362991e-10 -6.53244872e-15 
 6.93276176e-09  6.93276176e-09  1.20000000e+00  7.12286669e-08  1.06362991e-10 -6.53244766e-15 
 6.94276176e-09  6.94276176e-09  1.20000000e+00  7.12286670e-08  1.06362991e-10 -6.53244660e-15 
 6.95276176e-09  6.95276176e-09  1.20000000e+00  7.12286669e-08  1.06362991e-10 -6.53244553e-15 
 6.96276176e-09  6.96276176e-09  1.20000000e+00  7.12286670e-08  1.06362991e-10 -6.53244447e-15 
 6.97276176e-09  6.97276176e-09  1.20000000e+00  7.12286669e-08  1.06362991e-10 -6.53244341e-15 
 6.98276176e-09  6.98276176e-09  1.20000000e+00  7.12286670e-08  1.06362991e-10 -6.53244234e-15 
 6.99276176e-09  6.99276176e-09  1.20000000e+00  7.12286669e-08  1.06362991e-10 -6.53244128e-15 
 7.00276176e-09  7.00276176e-09  1.20000000e+00  7.12286670e-08  1.06362991e-10 -6.53244022e-15 
 7.01276176e-09  7.01276176e-09  1.20000000e+00  7.12286669e-08  1.06362991e-10 -6.53243915e-15 
 7.02276176e-09  7.02276176e-09  1.20000000e+00  7.12286670e-08  1.06362991e-10 -6.53243809e-15 
 7.03276176e-09  7.03276176e-09  1.20000000e+00  7.12286669e-08  1.06362991e-10 -6.53243702e-15 
 7.04276176e-09  7.04276176e-09  1.20000000e+00  7.12286670e-08  1.06362991e-10 -6.53243596e-15 
 7.05276176e-09  7.05276176e-09  1.20000000e+00  7.12286669e-08  1.06362991e-10 -6.53243490e-15 
 7.06276176e-09  7.06276176e-09  1.20000000e+00  7.12286670e-08  1.06362991e-10 -6.53243383e-15 
 7.07276176e-09  7.07276176e-09  1.20000000e+00  7.12286669e-08  1.06362991e-10 -6.53243277e-15 
 7.08276176e-09  7.08276176e-09  1.20000000e+00  7.12286670e-08  1.06362991e-10 -6.53243171e-15 
 7.09276176e-09  7.09276176e-09  1.20000000e+00  7.12286669e-08  1.06362991e-10 -6.53243064e-15 
 7.10276176e-09  7.10276176e-09  1.20000000e+00  7.12286670e-08  1.06362991e-10 -6.53242958e-15 
 7.11276176e-09  7.11276176e-09  1.20000000e+00  7.12286669e-08  1.06362991e-10 -6.53242852e-15 
 7.12276176e-09  7.12276176e-09  1.20000000e+00  7.12286670e-08  1.06362991e-10 -6.53242745e-15 
 7.13276176e-09  7.13276176e-09  1.20000000e+00  7.12286669e-08  1.06362991e-10 -6.53242639e-15 
 7.14276176e-09  7.14276176e-09  1.20000000e+00  7.12286670e-08  1.06362991e-10 -6.53242532e-15 
 7.15276176e-09  7.15276176e-09  1.20000000e+00  7.12286669e-08  1.06362991e-10 -6.53242426e-15 
 7.16276176e-09  7.16276176e-09  1.20000000e+00  7.12286670e-08  1.06362991e-10 -6.53242320e-15 
 7.17276176e-09  7.17276176e-09  1.20000000e+00  7.12286669e-08  1.06362991e-10 -6.53242213e-15 
 7.18276176e-09  7.18276176e-09  1.20000000e+00  7.12286670e-08  1.06362991e-10 -6.53242107e-15 
 7.19276176e-09  7.19276176e-09  1.20000000e+00  7.12286669e-08  1.06362991e-10 -6.53242001e-15 
 7.20276176e-09  7.20276176e-09  1.20000000e+00  7.12286670e-08  1.06362991e-10 -6.53241894e-15 
 7.21276176e-09  7.21276176e-09  1.20000000e+00  7.12286669e-08  1.06362991e-10 -6.53241788e-15 
 7.22276176e-09  7.22276176e-09  1.20000000e+00  7.12286670e-08  1.06362991e-10 -6.53241682e-15 
 7.23276176e-09  7.23276176e-09  1.20000000e+00  7.12286669e-08  1.06362991e-10 -6.53241575e-15 
 7.24276176e-09  7.24276176e-09  1.20000000e+00  7.12286670e-08  1.06362991e-10 -6.53241469e-15 
 7.25276176e-09  7.25276176e-09  1.20000000e+00  7.12286669e-08  1.06362991e-10 -6.53241362e-15 
 7.26276176e-09  7.26276176e-09  1.20000000e+00  7.12286670e-08  1.06362991e-10 -6.53241256e-15 
 7.27276176e-09  7.27276176e-09  1.20000000e+00  7.12286669e-08  1.06362991e-10 -6.53241150e-15 
 7.28276176e-09  7.28276176e-09  1.20000000e+00  7.12286670e-08  1.06362991e-10 -6.53241043e-15 
 7.29276176e-09  7.29276176e-09  1.20000000e+00  7.12286669e-08  1.06362991e-10 -6.53240937e-15 
 7.30276176e-09  7.30276176e-09  1.20000000e+00  7.12286670e-08  1.06362991e-10 -6.53240831e-15 
 7.31276176e-09  7.31276176e-09  1.20000000e+00  7.12286669e-08  1.06362991e-10 -6.53240724e-15 
 7.32276176e-09  7.32276176e-09  1.20000000e+00  7.12286670e-08  1.06362991e-10 -6.53240618e-15 
 7.33276176e-09  7.33276176e-09  1.20000000e+00  7.12286669e-08  1.06362991e-10 -6.53240512e-15 
 7.34276176e-09  7.34276176e-09  1.20000000e+00  7.12286670e-08  1.06362991e-10 -6.53240405e-15 
 7.35276176e-09  7.35276176e-09  1.20000000e+00  7.12286669e-08  1.06362991e-10 -6.53240299e-15 
 7.36276176e-09  7.36276176e-09  1.20000000e+00  7.12286670e-08  1.06362991e-10 -6.53240192e-15 
 7.37276176e-09  7.37276176e-09  1.20000000e+00  7.12286669e-08  1.06362991e-10 -6.53240086e-15 
 7.38276176e-09  7.38276176e-09  1.20000000e+00  7.12286670e-08  1.06362991e-10 -6.53239980e-15 
 7.39276176e-09  7.39276176e-09  1.20000000e+00  7.12286669e-08  1.06362991e-10 -6.53239873e-15 
 7.40276176e-09  7.40276176e-09  1.20000000e+00  7.12286670e-08  1.06362991e-10 -6.53239767e-15 
 7.41276176e-09  7.41276176e-09  1.20000000e+00  7.12286669e-08  1.06362991e-10 -6.53239661e-15 
 7.42276176e-09  7.42276176e-09  1.20000000e+00  7.12286670e-08  1.06362991e-10 -6.53239554e-15 
 7.43276176e-09  7.43276176e-09  1.20000000e+00  7.12286669e-08  1.06362991e-10 -6.53239448e-15 
 7.44276176e-09  7.44276176e-09  1.20000000e+00  7.12286670e-08  1.06362991e-10 -6.53239342e-15 
 7.45276176e-09  7.45276176e-09  1.20000000e+00  7.12286669e-08  1.06362991e-10 -6.53239235e-15 
 7.46276176e-09  7.46276176e-09  1.20000000e+00  7.12286670e-08  1.06362991e-10 -6.53239129e-15 
 7.47276176e-09  7.47276176e-09  1.20000000e+00  7.12286669e-08  1.06362991e-10 -6.53239022e-15 
 7.48276176e-09  7.48276176e-09  1.20000000e+00  7.12286670e-08  1.06362991e-10 -6.53238916e-15 
 7.49276176e-09  7.49276176e-09  1.20000000e+00  7.12286669e-08  1.06362991e-10 -6.53238810e-15 
 7.50276176e-09  7.50276176e-09  1.20000000e+00  7.12286670e-08  1.06362991e-10 -6.53238703e-15 
 7.51276176e-09  7.51276176e-09  1.20000000e+00  7.12286669e-08  1.06362991e-10 -6.53238597e-15 
 7.52276176e-09  7.52276176e-09  1.20000000e+00  7.12286670e-08  1.06362991e-10 -6.53238491e-15 
 7.53276176e-09  7.53276176e-09  1.20000000e+00  7.12286669e-08  1.06362991e-10 -6.53238384e-15 
 7.54276176e-09  7.54276176e-09  1.20000000e+00  7.12286670e-08  1.06362991e-10 -6.53238278e-15 
 7.55276176e-09  7.55276176e-09  1.20000000e+00  7.12286669e-08  1.06362991e-10 -6.53238172e-15 
 7.56276176e-09  7.56276176e-09  1.20000000e+00  7.12286670e-08  1.06362991e-10 -6.53238065e-15 
 7.57276176e-09  7.57276176e-09  1.20000000e+00  7.12286669e-08  1.06362991e-10 -6.53237959e-15 
 7.58276176e-09  7.58276176e-09  1.20000000e+00  7.12286670e-08  1.06362991e-10 -6.53237852e-15 
 7.59276176e-09  7.59276176e-09  1.20000000e+00  7.12286669e-08  1.06362991e-10 -6.53237746e-15 
 7.60276176e-09  7.60276176e-09  1.20000000e+00  7.12286670e-08  1.06362991e-10 -6.53237640e-15 
 7.61276176e-09  7.61276176e-09  1.20000000e+00  7.12286669e-08  1.06362991e-10 -6.53237533e-15 
 7.62276176e-09  7.62276176e-09  1.20000000e+00  7.12286670e-08  1.06362991e-10 -6.53237427e-15 
 7.63276176e-09  7.63276176e-09  1.20000000e+00  7.12286669e-08  1.06362991e-10 -6.53237321e-15 
 7.64276176e-09  7.64276176e-09  1.20000000e+00  7.12286670e-08  1.06362991e-10 -6.53237214e-15 
 7.65276176e-09  7.65276176e-09  1.20000000e+00  7.12286669e-08  1.06362991e-10 -6.53237108e-15 
 7.66276176e-09  7.66276176e-09  1.20000000e+00  7.12286670e-08  1.06362991e-10 -6.53237002e-15 
 7.67276176e-09  7.67276176e-09  1.20000000e+00  7.12286669e-08  1.06362991e-10 -6.53236895e-15 
 7.68276176e-09  7.68276176e-09  1.20000000e+00  7.12286670e-08  1.06362991e-10 -6.53236789e-15 
 7.69276176e-09  7.69276176e-09  1.20000000e+00  7.12286669e-08  1.06362991e-10 -6.53236682e-15 
 7.70276176e-09  7.70276176e-09  1.20000000e+00  7.12286670e-08  1.06362991e-10 -6.53236576e-15 
 7.71276176e-09  7.71276176e-09  1.20000000e+00  7.12286669e-08  1.06362991e-10 -6.53236470e-15 
 7.72276176e-09  7.72276176e-09  1.20000000e+00  7.12286670e-08  1.06362991e-10 -6.53236363e-15 
 7.73276176e-09  7.73276176e-09  1.20000000e+00  7.12286669e-08  1.06362991e-10 -6.53236257e-15 
 7.74276176e-09  7.74276176e-09  1.20000000e+00  7.12286670e-08  1.06362991e-10 -6.53236151e-15 
 7.75276176e-09  7.75276176e-09  1.20000000e+00  7.12286669e-08  1.06362991e-10 -6.53236044e-15 
 7.76276176e-09  7.76276176e-09  1.20000000e+00  7.12286670e-08  1.06362991e-10 -6.53235938e-15 
 7.77276176e-09  7.77276176e-09  1.20000000e+00  7.12286669e-08  1.06362991e-10 -6.53235832e-15 
 7.78276176e-09  7.78276176e-09  1.20000000e+00  7.12286670e-08  1.06362991e-10 -6.53235725e-15 
 7.79276176e-09  7.79276176e-09  1.20000000e+00  7.12286669e-08  1.06362991e-10 -6.53235619e-15 
 7.80276176e-09  7.80276176e-09  1.20000000e+00  7.12286670e-08  1.06362991e-10 -6.53235512e-15 
 7.81276176e-09  7.81276176e-09  1.20000000e+00  7.12286669e-08  1.06362991e-10 -6.53235406e-15 
 7.82276176e-09  7.82276176e-09  1.20000000e+00  7.12286670e-08  1.06362991e-10 -6.53235300e-15 
 7.83276176e-09  7.83276176e-09  1.20000000e+00  7.12286669e-08  1.06362991e-10 -6.53235193e-15 
 7.84276176e-09  7.84276176e-09  1.20000000e+00  7.12286670e-08  1.06362991e-10 -6.53235087e-15 
 7.85276176e-09  7.85276176e-09  1.20000000e+00  7.12286669e-08  1.06362991e-10 -6.53234981e-15 
 7.86276176e-09  7.86276176e-09  1.20000000e+00  7.12286670e-08  1.06362991e-10 -6.53234874e-15 
 7.87276176e-09  7.87276176e-09  1.20000000e+00  7.12286669e-08  1.06362991e-10 -6.53234768e-15 
 7.88276176e-09  7.88276176e-09  1.20000000e+00  7.12286670e-08  1.06362991e-10 -6.53234662e-15 
 7.89276176e-09  7.89276176e-09  1.20000000e+00  7.12286669e-08  1.06362991e-10 -6.53234555e-15 
 7.90276176e-09  7.90276176e-09  1.20000000e+00  7.12286670e-08  1.06362991e-10 -6.53234449e-15 
 7.91276176e-09  7.91276176e-09  1.20000000e+00  7.12286669e-08  1.06362991e-10 -6.53234342e-15 
 7.92276176e-09  7.92276176e-09  1.20000000e+00  7.12286670e-08  1.06362991e-10 -6.53234236e-15 
 7.93276176e-09  7.93276176e-09  1.20000000e+00  7.12286669e-08  1.06362991e-10 -6.53234130e-15 
 7.94276176e-09  7.94276176e-09  1.20000000e+00  7.12286670e-08  1.06362991e-10 -6.53234023e-15 
 7.95276176e-09  7.95276176e-09  1.20000000e+00  7.12286669e-08  1.06362991e-10 -6.53233917e-15 
 7.96276176e-09  7.96276176e-09  1.20000000e+00  7.12286670e-08  1.06362991e-10 -6.53233811e-15 
 7.97276176e-09  7.97276176e-09  1.20000000e+00  7.12286669e-08  1.06362991e-10 -6.53233704e-15 
 7.98276176e-09  7.98276176e-09  1.20000000e+00  7.12286670e-08  1.06362991e-10 -6.53233598e-15 
 7.99276176e-09  7.99276176e-09  1.20000000e+00  7.12286669e-08  1.06362991e-10 -6.53233492e-15 
 8.00276176e-09  8.00276176e-09  1.20000000e+00  7.12286670e-08  1.06362991e-10 -6.53233385e-15 
 8.01276176e-09  8.01276176e-09  1.20000000e+00  7.12286669e-08  1.06362991e-10 -6.53233279e-15 
 8.02276176e-09  8.02276176e-09  1.20000000e+00  7.12286670e-08  1.06362991e-10 -6.53233172e-15 
 8.03276176e-09  8.03276176e-09  1.20000000e+00  7.12286669e-08  1.06362991e-10 -6.53233066e-15 
 8.04276176e-09  8.04276176e-09  1.20000000e+00  7.12286670e-08  1.06362991e-10 -6.53232960e-15 
 8.05276176e-09  8.05276176e-09  1.20000000e+00  7.12286669e-08  1.06362991e-10 -6.53232853e-15 
 8.06276176e-09  8.06276176e-09  1.20000000e+00  7.12286670e-08  1.06362991e-10 -6.53232747e-15 
 8.07276176e-09  8.07276176e-09  1.20000000e+00  7.12286669e-08  1.06362991e-10 -6.53232641e-15 
 8.08276176e-09  8.08276176e-09  1.20000000e+00  7.12286670e-08  1.06362991e-10 -6.53232534e-15 
 8.09276176e-09  8.09276176e-09  1.20000000e+00  7.12286669e-08  1.06362991e-10 -6.53232428e-15 
 8.10276176e-09  8.10276176e-09  1.20000000e+00  7.12286670e-08  1.06362991e-10 -6.53232322e-15 
 8.11276176e-09  8.11276176e-09  1.20000000e+00  7.12286669e-08  1.06362991e-10 -6.53232215e-15 
 8.12276176e-09  8.12276176e-09  1.20000000e+00  7.12286670e-08  1.06362991e-10 -6.53232109e-15 
 8.13276176e-09  8.13276176e-09  1.20000000e+00  7.12286669e-08  1.06362991e-10 -6.53232002e-15 
 8.14276176e-09  8.14276176e-09  1.20000000e+00  7.12286670e-08  1.06362991e-10 -6.53231896e-15 
 8.15276176e-09  8.15276176e-09  1.20000000e+00  7.12286669e-08  1.06362991e-10 -6.53231790e-15 
 8.16276176e-09  8.16276176e-09  1.20000000e+00  7.12286670e-08  1.06362991e-10 -6.53231683e-15 
 8.17276176e-09  8.17276176e-09  1.20000000e+00  7.12286669e-08  1.06362991e-10 -6.53231577e-15 
 8.18276176e-09  8.18276176e-09  1.20000000e+00  7.12286670e-08  1.06362991e-10 -6.53231471e-15 
 8.19276176e-09  8.19276176e-09  1.20000000e+00  7.12286669e-08  1.06362991e-10 -6.53231364e-15 
 8.20276176e-09  8.20276176e-09  1.20000000e+00  7.12286670e-08  1.06362991e-10 -6.53231258e-15 
 8.21276176e-09  8.21276176e-09  1.20000000e+00  7.12286669e-08  1.06362991e-10 -6.53231152e-15 
 8.22276176e-09  8.22276176e-09  1.20000000e+00  7.12286670e-08  1.06362991e-10 -6.53231045e-15 
 8.23276176e-09  8.23276176e-09  1.20000000e+00  7.12286669e-08  1.06362991e-10 -6.53230939e-15 
 8.24276176e-09  8.24276176e-09  1.20000000e+00  7.12286670e-08  1.06362991e-10 -6.53230832e-15 
 8.25276176e-09  8.25276176e-09  1.20000000e+00  7.12286669e-08  1.06362991e-10 -6.53230726e-15 
 8.26276176e-09  8.26276176e-09  1.20000000e+00  7.12286670e-08  1.06362991e-10 -6.53230620e-15 
 8.27276176e-09  8.27276176e-09  1.20000000e+00  7.12286669e-08  1.06362991e-10 -6.53230513e-15 
 8.28276176e-09  8.28276176e-09  1.20000000e+00  7.12286670e-08  1.06362991e-10 -6.53230407e-15 
 8.29276176e-09  8.29276176e-09  1.20000000e+00  7.12286669e-08  1.06362991e-10 -6.53230301e-15 
 8.30276176e-09  8.30276176e-09  1.20000000e+00  7.12286670e-08  1.06362991e-10 -6.53230194e-15 
 8.31276176e-09  8.31276176e-09  1.20000000e+00  7.12286669e-08  1.06362991e-10 -6.53230088e-15 
 8.32276176e-09  8.32276176e-09  1.20000000e+00  7.12286670e-08  1.06362991e-10 -6.53229982e-15 
 8.33276176e-09  8.33276176e-09  1.20000000e+00  7.12286669e-08  1.06362991e-10 -6.53229875e-15 
 8.34276176e-09  8.34276176e-09  1.20000000e+00  7.12286670e-08  1.06362991e-10 -6.53229769e-15 
 8.35276176e-09  8.35276176e-09  1.20000000e+00  7.12286669e-08  1.06362991e-10 -6.53229663e-15 
 8.36276176e-09  8.36276176e-09  1.20000000e+00  7.12286670e-08  1.06362991e-10 -6.53229556e-15 
 8.37276176e-09  8.37276176e-09  1.20000000e+00  7.12286669e-08  1.06362991e-10 -6.53229450e-15 
 8.38276176e-09  8.38276176e-09  1.20000000e+00  7.12286670e-08  1.06362991e-10 -6.53229343e-15 
 8.39276176e-09  8.39276176e-09  1.20000000e+00  7.12286669e-08  1.06362991e-10 -6.53229237e-15 
 8.40276176e-09  8.40276176e-09  1.20000000e+00  7.12286670e-08  1.06362991e-10 -6.53229131e-15 
 8.41276176e-09  8.41276176e-09  1.20000000e+00  7.12286669e-08  1.06362991e-10 -6.53229024e-15 
 8.42276176e-09  8.42276176e-09  1.20000000e+00  7.12286670e-08  1.06362991e-10 -6.53228918e-15 
 8.43276176e-09  8.43276176e-09  1.20000000e+00  7.12286669e-08  1.06362991e-10 -6.53228812e-15 
 8.44276176e-09  8.44276176e-09  1.20000000e+00  7.12286670e-08  1.06362991e-10 -6.53228705e-15 
 8.45276176e-09  8.45276176e-09  1.20000000e+00  7.12286669e-08  1.06362991e-10 -6.53228599e-15 
 8.46276176e-09  8.46276176e-09  1.20000000e+00  7.12286670e-08  1.06362991e-10 -6.53228493e-15 
 8.47276176e-09  8.47276176e-09  1.20000000e+00  7.12286669e-08  1.06362991e-10 -6.53228386e-15 
 8.48276176e-09  8.48276176e-09  1.20000000e+00  7.12286670e-08  1.06362991e-10 -6.53228280e-15 
 8.49276176e-09  8.49276176e-09  1.20000000e+00  7.12286669e-08  1.06362991e-10 -6.53228173e-15 
 8.50276176e-09  8.50276176e-09  1.20000000e+00  7.12286670e-08  1.06362991e-10 -6.53228067e-15 
 8.51276176e-09  8.51276176e-09  1.20000000e+00  7.12286669e-08  1.06362991e-10 -6.53227961e-15 
 8.52276176e-09  8.52276176e-09  1.20000000e+00  7.12286670e-08  1.06362991e-10 -6.53227854e-15 
 8.53276176e-09  8.53276176e-09  1.20000000e+00  7.12286669e-08  1.06362991e-10 -6.53227748e-15 
 8.54276176e-09  8.54276176e-09  1.20000000e+00  7.12286670e-08  1.06362991e-10 -6.53227642e-15 
 8.55276176e-09  8.55276176e-09  1.20000000e+00  7.12286669e-08  1.06362991e-10 -6.53227535e-15 
 8.56276176e-09  8.56276176e-09  1.20000000e+00  7.12286670e-08  1.06362991e-10 -6.53227429e-15 
 8.57276176e-09  8.57276176e-09  1.20000000e+00  7.12286669e-08  1.06362991e-10 -6.53227323e-15 
 8.58276176e-09  8.58276176e-09  1.20000000e+00  7.12286670e-08  1.06362991e-10 -6.53227216e-15 
 8.59276176e-09  8.59276176e-09  1.20000000e+00  7.12286669e-08  1.06362991e-10 -6.53227110e-15 
 8.60276176e-09  8.60276176e-09  1.20000000e+00  7.12286670e-08  1.06362991e-10 -6.53227003e-15 
 8.61276176e-09  8.61276176e-09  1.20000000e+00  7.12286669e-08  1.06362991e-10 -6.53226897e-15 
 8.62276176e-09  8.62276176e-09  1.20000000e+00  7.12286670e-08  1.06362991e-10 -6.53226791e-15 
 8.63276176e-09  8.63276176e-09  1.20000000e+00  7.12286669e-08  1.06362991e-10 -6.53226684e-15 
 8.64276176e-09  8.64276176e-09  1.20000000e+00  7.12286670e-08  1.06362991e-10 -6.53226578e-15 
 8.65276176e-09  8.65276176e-09  1.20000000e+00  7.12286669e-08  1.06362991e-10 -6.53226472e-15 
 8.66276176e-09  8.66276176e-09  1.20000000e+00  7.12286670e-08  1.06362991e-10 -6.53226365e-15 
 8.67276176e-09  8.67276176e-09  1.20000000e+00  7.12286669e-08  1.06362991e-10 -6.53226259e-15 
 8.68276176e-09  8.68276176e-09  1.20000000e+00  7.12286670e-08  1.06362991e-10 -6.53226153e-15 
 8.69276176e-09  8.69276176e-09  1.20000000e+00  7.12286669e-08  1.06362991e-10 -6.53226046e-15 
 8.70276176e-09  8.70276176e-09  1.20000000e+00  7.12286670e-08  1.06362991e-10 -6.53225940e-15 
 8.71276176e-09  8.71276176e-09  1.20000000e+00  7.12286669e-08  1.06362991e-10 -6.53225833e-15 
 8.72276176e-09  8.72276176e-09  1.20000000e+00  7.12286670e-08  1.06362991e-10 -6.53225727e-15 
 8.73276176e-09  8.73276176e-09  1.20000000e+00  7.12286669e-08  1.06362991e-10 -6.53225621e-15 
 8.74276176e-09  8.74276176e-09  1.20000000e+00  7.12286670e-08  1.06362991e-10 -6.53225514e-15 
 8.75276176e-09  8.75276176e-09  1.20000000e+00  7.12286669e-08  1.06362991e-10 -6.53225408e-15 
 8.76276176e-09  8.76276176e-09  1.20000000e+00  7.12286670e-08  1.06362991e-10 -6.53225302e-15 
 8.77276176e-09  8.77276176e-09  1.20000000e+00  7.12286669e-08  1.06362991e-10 -6.53225195e-15 
 8.78276176e-09  8.78276176e-09  1.20000000e+00  7.12286670e-08  1.06362991e-10 -6.53225089e-15 
 8.79276176e-09  8.79276176e-09  1.20000000e+00  7.12286669e-08  1.06362991e-10 -6.53224983e-15 
 8.80276176e-09  8.80276176e-09  1.20000000e+00  7.12286670e-08  1.06362991e-10 -6.53224876e-15 
 8.81276176e-09  8.81276176e-09  1.20000000e+00  7.12286669e-08  1.06362991e-10 -6.53224770e-15 
 8.82276176e-09  8.82276176e-09  1.20000000e+00  7.12286670e-08  1.06362991e-10 -6.53224663e-15 
 8.83276176e-09  8.83276176e-09  1.20000000e+00  7.12286669e-08  1.06362991e-10 -6.53224557e-15 
 8.84276176e-09  8.84276176e-09  1.20000000e+00  7.12286670e-08  1.06362991e-10 -6.53224451e-15 
 8.85276176e-09  8.85276176e-09  1.20000000e+00  7.12286669e-08  1.06362991e-10 -6.53224344e-15 
 8.86276176e-09  8.86276176e-09  1.20000000e+00  7.12286670e-08  1.06362991e-10 -6.53224238e-15 
 8.87276176e-09  8.87276176e-09  1.20000000e+00  7.12286669e-08  1.06362991e-10 -6.53224132e-15 
 8.88276176e-09  8.88276176e-09  1.20000000e+00  7.12286670e-08  1.06362991e-10 -6.53224025e-15 
 8.89276176e-09  8.89276176e-09  1.20000000e+00  7.12286669e-08  1.06362991e-10 -6.53223919e-15 
 8.90276176e-09  8.90276176e-09  1.20000000e+00  7.12286670e-08  1.06362991e-10 -6.53223813e-15 
 8.91276176e-09  8.91276176e-09  1.20000000e+00  7.12286669e-08  1.06362991e-10 -6.53223706e-15 
 8.92276176e-09  8.92276176e-09  1.20000000e+00  7.12286670e-08  1.06362991e-10 -6.53223600e-15 
 8.93276176e-09  8.93276176e-09  1.20000000e+00  7.12286669e-08  1.06362991e-10 -6.53223493e-15 
 8.94276176e-09  8.94276176e-09  1.20000000e+00  7.12286670e-08  1.06362991e-10 -6.53223387e-15 
 8.95276176e-09  8.95276176e-09  1.20000000e+00  7.12286669e-08  1.06362991e-10 -6.53223281e-15 
 8.96276176e-09  8.96276176e-09  1.20000000e+00  7.12286670e-08  1.06362991e-10 -6.53223174e-15 
 8.97276176e-09  8.97276176e-09  1.20000000e+00  7.12286669e-08  1.06362991e-10 -6.53223068e-15 
 8.98276176e-09  8.98276176e-09  1.20000000e+00  7.12286670e-08  1.06362991e-10 -6.53222962e-15 
 8.99276176e-09  8.99276176e-09  1.20000000e+00  7.12286669e-08  1.06362991e-10 -6.53222855e-15 
 9.00276176e-09  9.00276176e-09  1.20000000e+00  7.12286670e-08  1.06362991e-10 -6.53222749e-15 
 9.01276176e-09  9.01276176e-09  1.20000000e+00  7.12286669e-08  1.06362991e-10 -6.53222643e-15 
 9.02276176e-09  9.02276176e-09  1.20000000e+00  7.12286670e-08  1.06362991e-10 -6.53222536e-15 
 9.03276176e-09  9.03276176e-09  1.20000000e+00  7.12286669e-08  1.06362991e-10 -6.53222430e-15 
 9.04276176e-09  9.04276176e-09  1.20000000e+00  7.12286670e-08  1.06362991e-10 -6.53222323e-15 
 9.05276176e-09  9.05276176e-09  1.20000000e+00  7.12286669e-08  1.06362991e-10 -6.53222217e-15 
 9.06276176e-09  9.06276176e-09  1.20000000e+00  7.12286670e-08  1.06362991e-10 -6.53222111e-15 
 9.07276176e-09  9.07276176e-09  1.20000000e+00  7.12286669e-08  1.06362991e-10 -6.53222004e-15 
 9.08276176e-09  9.08276176e-09  1.20000000e+00  7.12286670e-08  1.06362991e-10 -6.53221898e-15 
 9.09276176e-09  9.09276176e-09  1.20000000e+00  7.12286669e-08  1.06362991e-10 -6.53221792e-15 
 9.10276176e-09  9.10276176e-09  1.20000000e+00  7.12286670e-08  1.06362991e-10 -6.53221685e-15 
 9.11276176e-09  9.11276176e-09  1.20000000e+00  7.12286669e-08  1.06362991e-10 -6.53221579e-15 
 9.12276176e-09  9.12276176e-09  1.20000000e+00  7.12286670e-08  1.06362991e-10 -6.53221473e-15 
 9.13276176e-09  9.13276176e-09  1.20000000e+00  7.12286669e-08  1.06362991e-10 -6.53221366e-15 
 9.14276176e-09  9.14276176e-09  1.20000000e+00  7.12286670e-08  1.06362991e-10 -6.53221260e-15 
 9.15276176e-09  9.15276176e-09  1.20000000e+00  7.12286669e-08  1.06362991e-10 -6.53221153e-15 
 9.16276176e-09  9.16276176e-09  1.20000000e+00  7.12286670e-08  1.06362991e-10 -6.53221047e-15 
 9.17276176e-09  9.17276176e-09  1.20000000e+00  7.12286669e-08  1.06362991e-10 -6.53220941e-15 
 9.18276176e-09  9.18276176e-09  1.20000000e+00  7.12286670e-08  1.06362991e-10 -6.53220834e-15 
 9.19276176e-09  9.19276176e-09  1.20000000e+00  7.12286669e-08  1.06362991e-10 -6.53220728e-15 
 9.20276176e-09  9.20276176e-09  1.20000000e+00  7.12286670e-08  1.06362991e-10 -6.53220622e-15 
 9.21276176e-09  9.21276176e-09  1.20000000e+00  7.12286669e-08  1.06362991e-10 -6.53220515e-15 
 9.22276176e-09  9.22276176e-09  1.20000000e+00  7.12286670e-08  1.06362991e-10 -6.53220409e-15 
 9.23276176e-09  9.23276176e-09  1.20000000e+00  7.12286669e-08  1.06362991e-10 -6.53220303e-15 
 9.24276176e-09  9.24276176e-09  1.20000000e+00  7.12286670e-08  1.06362991e-10 -6.53220196e-15 
 9.25276176e-09  9.25276176e-09  1.20000000e+00  7.12286669e-08  1.06362991e-10 -6.53220090e-15 
 9.26276176e-09  9.26276176e-09  1.20000000e+00  7.12286670e-08  1.06362991e-10 -6.53219983e-15 
 9.27276176e-09  9.27276176e-09  1.20000000e+00  7.12286669e-08  1.06362991e-10 -6.53219877e-15 
 9.28276176e-09  9.28276176e-09  1.20000000e+00  7.12286670e-08  1.06362991e-10 -6.53219771e-15 
 9.29276176e-09  9.29276176e-09  1.20000000e+00  7.12286669e-08  1.06362991e-10 -6.53219664e-15 
 9.30276176e-09  9.30276176e-09  1.20000000e+00  7.12286670e-08  1.06362991e-10 -6.53219558e-15 
 9.31276176e-09  9.31276176e-09  1.20000000e+00  7.12286669e-08  1.06362991e-10 -6.53219452e-15 
 9.32276176e-09  9.32276176e-09  1.20000000e+00  7.12286670e-08  1.06362991e-10 -6.53219345e-15 
 9.33276176e-09  9.33276176e-09  1.20000000e+00  7.12286669e-08  1.06362991e-10 -6.53219239e-15 
 9.34276176e-09  9.34276176e-09  1.20000000e+00  7.12286670e-08  1.06362991e-10 -6.53219133e-15 
 9.35276176e-09  9.35276176e-09  1.20000000e+00  7.12286669e-08  1.06362991e-10 -6.53219026e-15 
 9.36276176e-09  9.36276176e-09  1.20000000e+00  7.12286670e-08  1.06362991e-10 -6.53218920e-15 
 9.37276176e-09  9.37276176e-09  1.20000000e+00  7.12286669e-08  1.06362991e-10 -6.53218813e-15 
 9.38276176e-09  9.38276176e-09  1.20000000e+00  7.12286670e-08  1.06362991e-10 -6.53218707e-15 
 9.39276176e-09  9.39276176e-09  1.20000000e+00  7.12286669e-08  1.06362991e-10 -6.53218601e-15 
 9.40276176e-09  9.40276176e-09  1.20000000e+00  7.12286670e-08  1.06362991e-10 -6.53218494e-15 
 9.41276176e-09  9.41276176e-09  1.20000000e+00  7.12286669e-08  1.06362991e-10 -6.53218388e-15 
 9.42276176e-09  9.42276176e-09  1.20000000e+00  7.12286670e-08  1.06362991e-10 -6.53218282e-15 
 9.43276176e-09  9.43276176e-09  1.20000000e+00  7.12286669e-08  1.06362991e-10 -6.53218175e-15 
 9.44276176e-09  9.44276176e-09  1.20000000e+00  7.12286670e-08  1.06362991e-10 -6.53218069e-15 
 9.45276176e-09  9.45276176e-09  1.20000000e+00  7.12286669e-08  1.06362991e-10 -6.53217963e-15 
 9.46276176e-09  9.46276176e-09  1.20000000e+00  7.12286670e-08  1.06362991e-10 -6.53217856e-15 
 9.47276176e-09  9.47276176e-09  1.20000000e+00  7.12286669e-08  1.06362991e-10 -6.53217750e-15 
 9.48276176e-09  9.48276176e-09  1.20000000e+00  7.12286670e-08  1.06362991e-10 -6.53217643e-15 
 9.49276176e-09  9.49276176e-09  1.20000000e+00  7.12286669e-08  1.06362991e-10 -6.53217537e-15 
 9.50276176e-09  9.50276176e-09  1.20000000e+00  7.12286670e-08  1.06362991e-10 -6.53217431e-15 
 9.51276176e-09  9.51276176e-09  1.20000000e+00  7.12286669e-08  1.06362991e-10 -6.53217324e-15 
 9.52276176e-09  9.52276176e-09  1.20000000e+00  7.12286670e-08  1.06362991e-10 -6.53217218e-15 
 9.53276176e-09  9.53276176e-09  1.20000000e+00  7.12286669e-08  1.06362991e-10 -6.53217112e-15 
 9.54276176e-09  9.54276176e-09  1.20000000e+00  7.12286670e-08  1.06362991e-10 -6.53217005e-15 
 9.55276176e-09  9.55276176e-09  1.20000000e+00  7.12286669e-08  1.06362991e-10 -6.53216899e-15 
 9.56276176e-09  9.56276176e-09  1.20000000e+00  7.12286670e-08  1.06362991e-10 -6.53216793e-15 
 9.57276176e-09  9.57276176e-09  1.20000000e+00  7.12286669e-08  1.06362991e-10 -6.53216686e-15 
 9.58276176e-09  9.58276176e-09  1.20000000e+00  7.12286670e-08  1.06362991e-10 -6.53216580e-15 
 9.59276176e-09  9.59276176e-09  1.20000000e+00  7.12286669e-08  1.06362991e-10 -6.53216473e-15 
 9.60276176e-09  9.60276176e-09  1.20000000e+00  7.12286670e-08  1.06362991e-10 -6.53216367e-15 
 9.61276176e-09  9.61276176e-09  1.20000000e+00  7.12286669e-08  1.06362991e-10 -6.53216261e-15 
 9.62276176e-09  9.62276176e-09  1.20000000e+00  7.12286670e-08  1.06362991e-10 -6.53216154e-15 
 9.63276176e-09  9.63276176e-09  1.20000000e+00  7.12286669e-08  1.06362991e-10 -6.53216048e-15 
 9.64276176e-09  9.64276176e-09  1.20000000e+00  7.12286670e-08  1.06362991e-10 -6.53215942e-15 
 9.65276176e-09  9.65276176e-09  1.20000000e+00  7.12286669e-08  1.06362991e-10 -6.53215835e-15 
 9.66276176e-09  9.66276176e-09  1.20000000e+00  7.12286670e-08  1.06362991e-10 -6.53215729e-15 
 9.67276176e-09  9.67276176e-09  1.20000000e+00  7.12286669e-08  1.06362991e-10 -6.53215623e-15 
 9.68276176e-09  9.68276176e-09  1.20000000e+00  7.12286670e-08  1.06362991e-10 -6.53215516e-15 
 9.69276176e-09  9.69276176e-09  1.20000000e+00  7.12286669e-08  1.06362991e-10 -6.53215410e-15 
 9.70276176e-09  9.70276176e-09  1.20000000e+00  7.12286670e-08  1.06362991e-10 -6.53215303e-15 
 9.71276176e-09  9.71276176e-09  1.20000000e+00  7.12286669e-08  1.06362991e-10 -6.53215197e-15 
 9.72276176e-09  9.72276176e-09  1.20000000e+00  7.12286670e-08  1.06362991e-10 -6.53215091e-15 
 9.73276176e-09  9.73276176e-09  1.20000000e+00  7.12286669e-08  1.06362991e-10 -6.53214984e-15 
 9.74276176e-09  9.74276176e-09  1.20000000e+00  7.12286670e-08  1.06362991e-10 -6.53214878e-15 
 9.75276176e-09  9.75276176e-09  1.20000000e+00  7.12286669e-08  1.06362991e-10 -6.53214772e-15 
 9.76276176e-09  9.76276176e-09  1.20000000e+00  7.12286670e-08  1.06362991e-10 -6.53214665e-15 
 9.77276176e-09  9.77276176e-09  1.20000000e+00  7.12286669e-08  1.06362991e-10 -6.53214559e-15 
 9.78276176e-09  9.78276176e-09  1.20000000e+00  7.12286670e-08  1.06362991e-10 -6.53214453e-15 
 9.79276176e-09  9.79276176e-09  1.20000000e+00  7.12286669e-08  1.06362991e-10 -6.53214346e-15 
 9.80276176e-09  9.80276176e-09  1.20000000e+00  7.12286670e-08  1.06362991e-10 -6.53214240e-15 
 9.81276176e-09  9.81276176e-09  1.20000000e+00  7.12286669e-08  1.06362991e-10 -6.53214134e-15 
 9.82276176e-09  9.82276176e-09  1.20000000e+00  7.12286670e-08  1.06362991e-10 -6.53214027e-15 
 9.83276176e-09  9.83276176e-09  1.20000000e+00  7.12286669e-08  1.06362991e-10 -6.53213921e-15 
 9.84276176e-09  9.84276176e-09  1.20000000e+00  7.12286670e-08  1.06362991e-10 -6.53213814e-15 
 9.85276176e-09  9.85276176e-09  1.20000000e+00  7.12286669e-08  1.06362991e-10 -6.53213708e-15 
 9.86276176e-09  9.86276176e-09  1.20000000e+00  7.12286670e-08  1.06362991e-10 -6.53213602e-15 
 9.87276176e-09  9.87276176e-09  1.20000000e+00  7.12286669e-08  1.06362991e-10 -6.53213495e-15 
 9.88276176e-09  9.88276176e-09  1.20000000e+00  7.12286670e-08  1.06362991e-10 -6.53213389e-15 
 9.89276176e-09  9.89276176e-09  1.20000000e+00  7.12286669e-08  1.06362991e-10 -6.53213283e-15 
 9.90276176e-09  9.90276176e-09  1.20000000e+00  7.12286670e-08  1.06362991e-10 -6.53213176e-15 
 9.91276176e-09  9.91276176e-09  1.20000000e+00  7.12286669e-08  1.06362991e-10 -6.53213070e-15 
 9.92276176e-09  9.92276176e-09  1.20000000e+00  7.12286670e-08  1.06362991e-10 -6.53212964e-15 
 9.93276176e-09  9.93276176e-09  1.20000000e+00  7.12286669e-08  1.06362991e-10 -6.53212857e-15 
 9.94276176e-09  9.94276176e-09  1.20000000e+00  7.12286670e-08  1.06362991e-10 -6.53212751e-15 
 9.95276176e-09  9.95276176e-09  1.20000000e+00  7.12286669e-08  1.06362991e-10 -6.53212644e-15 
 9.96276176e-09  9.96276176e-09  1.20000000e+00  7.12286670e-08  1.06362991e-10 -6.53212538e-15 
 9.97276176e-09  9.97276176e-09  1.20000000e+00  7.12286669e-08  1.06362991e-10 -6.53212432e-15 
 9.98276176e-09  9.98276176e-09  1.20000000e+00  7.12286670e-08  1.06362991e-10 -6.53212325e-15 
 9.99276176e-09  9.99276176e-09  1.20000000e+00  7.12286669e-08  1.06362991e-10 -6.53212219e-15 
 1.00027618e-08  1.00027618e-08  1.20000000e+00  7.12286670e-08  1.06362991e-10 -6.53212113e-15 
 1.00127618e-08  1.00127618e-08  1.20000000e+00  7.12286669e-08  1.06362991e-10 -6.53212006e-15 
 1.00227618e-08  1.00227618e-08  1.20000000e+00  7.12286670e-08  1.06362991e-10 -6.53211900e-15 
 1.00327618e-08  1.00327618e-08  1.20000000e+00  7.12286669e-08  1.06362991e-10 -6.53211794e-15 
 1.00427618e-08  1.00427618e-08  1.20000000e+00  7.12286670e-08  1.06362991e-10 -6.53211687e-15 
 1.00527618e-08  1.00527618e-08  1.20000000e+00  7.12286669e-08  1.06362991e-10 -6.53211581e-15 
 1.00627618e-08  1.00627618e-08  1.20000000e+00  7.12286670e-08  1.06362991e-10 -6.53211474e-15 
 1.00727618e-08  1.00727618e-08  1.20000000e+00  7.12286669e-08  1.06362991e-10 -6.53211368e-15 
 1.00827618e-08  1.00827618e-08  1.20000000e+00  7.12286670e-08  1.06362991e-10 -6.53211262e-15 
 1.00927618e-08  1.00927618e-08  1.20000000e+00  7.12286669e-08  1.06362991e-10 -6.53211155e-15 
 1.01027618e-08  1.01027618e-08  1.20000000e+00  7.12286670e-08  1.06362991e-10 -6.53211049e-15 
 1.01127618e-08  1.01127618e-08  1.20000000e+00  7.12286669e-08  1.06362991e-10 -6.53210943e-15 
 1.01227618e-08  1.01227618e-08  1.20000000e+00  7.12286670e-08  1.06362991e-10 -6.53210836e-15 
 1.01327618e-08  1.01327618e-08  1.20000000e+00  7.12286669e-08  1.06362991e-10 -6.53210730e-15 
 1.01427618e-08  1.01427618e-08  1.20000000e+00  7.12286670e-08  1.06362991e-10 -6.53210624e-15 
 1.01527618e-08  1.01527618e-08  1.20000000e+00  7.12286669e-08  1.06362991e-10 -6.53210517e-15 
 1.01627618e-08  1.01627618e-08  1.20000000e+00  7.12286670e-08  1.06362991e-10 -6.53210411e-15 
 1.01727618e-08  1.01727618e-08  1.20000000e+00  7.12286669e-08  1.06362991e-10 -6.53210304e-15 
 1.01827618e-08  1.01827618e-08  1.20000000e+00  7.12286670e-08  1.06362991e-10 -6.53210198e-15 
 1.01927618e-08  1.01927618e-08  1.20000000e+00  7.12286669e-08  1.06362991e-10 -6.53210092e-15 
 1.02027618e-08  1.02027618e-08  1.20000000e+00  7.12286670e-08  1.06362991e-10 -6.53209985e-15 
 1.02127618e-08  1.02127618e-08  1.20000000e+00  7.12286669e-08  1.06362991e-10 -6.53209879e-15 
 1.02227618e-08  1.02227618e-08  1.20000000e+00  7.12286670e-08  1.06362991e-10 -6.53209773e-15 
 1.02327618e-08  1.02327618e-08  1.20000000e+00  7.12286669e-08  1.06362991e-10 -6.53209666e-15 
 1.02427618e-08  1.02427618e-08  1.20000000e+00  7.12286670e-08  1.06362991e-10 -6.53209560e-15 
 1.02527618e-08  1.02527618e-08  1.20000000e+00  7.12286669e-08  1.06362991e-10 -6.53209454e-15 
 1.02627618e-08  1.02627618e-08  1.20000000e+00  7.12286670e-08  1.06362991e-10 -6.53209347e-15 
 1.02727618e-08  1.02727618e-08  1.20000000e+00  7.12286669e-08  1.06362991e-10 -6.53209241e-15 
 1.02827618e-08  1.02827618e-08  1.20000000e+00  7.12286670e-08  1.06362991e-10 -6.53209134e-15 
 1.02927618e-08  1.02927618e-08  1.20000000e+00  7.12286669e-08  1.06362991e-10 -6.53209028e-15 
 1.03027618e-08  1.03027618e-08  1.20000000e+00  7.12286670e-08  1.06362991e-10 -6.53208922e-15 
 1.03127618e-08  1.03127618e-08  1.20000000e+00  7.12286669e-08  1.06362991e-10 -6.53208815e-15 
 1.03227618e-08  1.03227618e-08  1.20000000e+00  7.12286670e-08  1.06362991e-10 -6.53208709e-15 
 1.03327618e-08  1.03327618e-08  1.20000000e+00  7.12286669e-08  1.06362991e-10 -6.53208603e-15 
 1.03427618e-08  1.03427618e-08  1.20000000e+00  7.12286670e-08  1.06362991e-10 -6.53208496e-15 
 1.03527618e-08  1.03527618e-08  1.20000000e+00  7.12286669e-08  1.06362991e-10 -6.53208390e-15 
 1.03627618e-08  1.03627618e-08  1.20000000e+00  7.12286670e-08  1.06362991e-10 -6.53208284e-15 
 1.03727618e-08  1.03727618e-08  1.20000000e+00  7.12286669e-08  1.06362991e-10 -6.53208177e-15 
 1.03827618e-08  1.03827618e-08  1.20000000e+00  7.12286670e-08  1.06362991e-10 -6.53208071e-15 
 1.03927618e-08  1.03927618e-08  1.20000000e+00  7.12286669e-08  1.06362991e-10 -6.53207964e-15 
 1.04027618e-08  1.04027618e-08  1.20000000e+00  7.12286670e-08  1.06362991e-10 -6.53207858e-15 
 1.04127618e-08  1.04127618e-08  1.20000000e+00  7.12286669e-08  1.06362991e-10 -6.53207752e-15 
 1.04227618e-08  1.04227618e-08  1.20000000e+00  7.12286670e-08  1.06362991e-10 -6.53207645e-15 
 1.04327618e-08  1.04327618e-08  1.20000000e+00  7.12286669e-08  1.06362991e-10 -6.53207539e-15 
 1.04427618e-08  1.04427618e-08  1.20000000e+00  7.12286670e-08  1.06362991e-10 -6.53207433e-15 
 1.04527618e-08  1.04527618e-08  1.20000000e+00  7.12286669e-08  1.06362991e-10 -6.53207326e-15 
 1.04627618e-08  1.04627618e-08  1.20000000e+00  7.12286670e-08  1.06362991e-10 -6.53207220e-15 
 1.04727618e-08  1.04727618e-08  1.20000000e+00  7.12286669e-08  1.06362991e-10 -6.53207114e-15 
 1.04827618e-08  1.04827618e-08  1.20000000e+00  7.12286670e-08  1.06362991e-10 -6.53207007e-15 
 1.04913809e-08  1.04913809e-08  1.20000000e+00  7.12286666e-08  1.06362991e-10 -6.53206916e-15 
 1.05000000e-08  1.05000000e-08  1.20000000e+00  7.12286664e-08  1.06362991e-10 -6.53206824e-15 
 1.05010000e-08  1.05010000e-08  1.19760000e+00 -2.73807853e-03  1.06362994e-10 -6.53206813e-15 
 1.05030000e-08  1.05030000e-08  1.19280000e+00 -7.91908235e-03  1.06363000e-10 -6.53206792e-15 
 1.05070000e-08  1.05070000e-08  1.18320000e+00 -1.72134090e-02  1.06363012e-10 -6.53206749e-15 
 1.05129930e-08  1.05129930e-08  1.16881678e+00 -2.88911139e-02  1.06363026e-10 -6.53206686e-15 
 1.05229930e-08  1.05229930e-08  1.14481678e+00 -4.38256007e-02  1.06363043e-10 -6.53206579e-15 
 1.05329930e-08  1.05329930e-08  1.12081678e+00 -5.46253125e-02  1.06363056e-10 -6.53206473e-15 
 1.05429930e-08  1.05429930e-08  1.09681678e+00 -6.26071734e-02  1.06363066e-10 -6.53206367e-15 
 1.05529930e-08  1.05529930e-08  1.07281678e+00 -6.87233628e-02  1.06363073e-10 -6.53206260e-15 
 1.05629930e-08  1.05629930e-08  1.04881678e+00 -7.36353179e-02  1.06363079e-10 -6.53206154e-15 
 1.05729930e-08  1.05729930e-08  1.02481678e+00 -7.77906201e-02  1.06363084e-10 -6.53206047e-15 
 1.05829930e-08  1.05829930e-08  1.00081678e+00 -8.14897403e-02  1.06363089e-10 -6.53205941e-15 
 1.05929930e-08  1.05929930e-08  9.76816784e-01 -8.49352108e-02  1.06363093e-10 -6.53205835e-15 
 1.06029930e-08  1.06029930e-08  9.52816784e-01 -8.82654083e-02  1.06363097e-10 -6.53205728e-15 
 1.06129930e-08  1.06129930e-08  9.28816784e-01 -9.15770100e-02  1.06363101e-10 -6.53205622e-15 
 1.06229930e-08  1.06229930e-08  9.04816784e-01 -9.49396967e-02  1.06363105e-10 -6.53205516e-15 
 1.06329930e-08  1.06329930e-08  8.80816784e-01 -9.84057293e-02  1.06363109e-10 -6.53205409e-15 
 1.06429930e-08  1.06429930e-08  8.56816784e-01 -1.02016182e-01  1.06363113e-10 -6.53205303e-15 
 1.06529930e-08  1.06529930e-08  8.32816784e-01 -1.05805005e-01  1.06363118e-10 -6.53205197e-15 
 1.06629930e-08  1.06629930e-08  8.08816784e-01 -1.09801659e-01  1.06363123e-10 -6.53205090e-15 
 1.06729930e-08  1.06729930e-08  7.84816784e-01 -1.14032806e-01  1.06363128e-10 -6.53204984e-15 
 1.06829930e-08  1.06829930e-08  7.60816784e-01 -1.18523352e-01  1.06363133e-10 -6.53204877e-15 
 1.06929930e-08  1.06929930e-08  7.36816784e-01 -1.23297036e-01  1.06363139e-10 -6.53204771e-15 
 1.07029930e-08  1.07029930e-08  7.12816784e-01 -1.28376686e-01  1.06363145e-10 -6.53204665e-15 
 1.07129930e-08  1.07129930e-08  6.88816784e-01 -1.33784248e-01  1.06363151e-10 -6.53204558e-15 
 1.07229930e-08  1.07229930e-08  6.64816784e-01 -1.39540660e-01  1.06363158e-10 -6.53204452e-15 
 1.07329930e-08  1.07329930e-08  6.40816784e-01 -1.45665673e-01  1.06363166e-10 -6.53204346e-15 
 1.07429930e-08  1.07429930e-08  6.16816784e-01 -1.52177709e-01  1.06363174e-10 -6.53204239e-15 
 1.07529930e-08  1.07529930e-08  5.92816784e-01 -1.59093799e-01  5.43974551e-10 -6.53203914e-15 
 1.07629930e-08  1.07629930e-08  5.68816784e-01 -1.66411036e-01  1.43583953e-07 -6.53131850e-15 
 1.07729930e-08  1.07729930e-08  5.44816784e-01 -1.74106821e-01  5.42838034e-07 -6.52788639e-15 
 1.07829930e-08  1.07829930e-08  5.20816784e-01 -1.82154495e-01  1.19842954e-06 -6.51918005e-15 
 1.07929930e-08  1.07929930e-08  4.96816784e-01 -1.90525841e-01  2.11049117e-06 -6.50263545e-15 
 1.08029930e-08  1.08029930e-08  4.72816784e-01 -1.99188023e-01  3.27916329e-06 -6.47568718e-15 
 1.08129930e-08  1.08129930e-08  4.48816784e-01 -2.08103266e-01  4.70459185e-06 -6.43576840e-15 
 1.08229930e-08  1.08229930e-08  4.24816784e-01 -2.17224791e-01  6.38692544e-06 -6.38031082e-15 
 1.08329930e-08  1.08329930e-08  4.00816784e-01 -2.26496613e-01  8.32631170e-06 -6.30674463e-15 
 1.08429930e-08  1.08429930e-08  3.76816784e-01 -2.35853694e-01  1.05228930e-05 -6.21249861e-15 
 1.08529930e-08  1.08529930e-08  3.52816784e-01 -2.45222162e-01  1.29768016e-05 -6.09500013e-15 
 1.08629930e-08  1.08629930e-08  3.28816784e-01 -2.54519732e-01  1.56881542e-05 -5.95167535e-15 
 1.08729930e-08  1.08729930e-08  3.04816784e-01 -2.63656302e-01  1.86570460e-05 -5.77994935e-15 
 1.08829930e-08  1.08829930e-08  2.80816784e-01 -2.72534415e-01  2.18835444e-05 -5.57724640e-15 
 1.08929930e-08  1.08929930e-08  2.56816784e-01 -2.81049332e-01  2.53676821e-05 -5.34099027e-15 
 1.09029930e-08  1.09029930e-08  2.32816784e-01 -2.89088521e-01  2.91094491e-05 -5.06860461e-15 
 1.09129930e-08  1.09129930e-08  2.08816784e-01 -2.96530499e-01  3.31087841e-05 -4.75751345e-15 
 1.09229930e-08  1.09229930e-08  1.84816784e-01 -3.03242955e-01  3.73655632e-05 -4.40514171e-15 
 1.09329930e-08  1.09329930e-08  1.60816784e-01 -3.09080035e-01  4.18795877e-05 -4.00891596e-15 
 1.09429930e-08  1.09429930e-08  1.36816784e-01 -3.13878444e-01  4.66505671e-05 -3.56626518e-15 
 1.09529930e-08  1.09529930e-08  1.12816784e-01 -3.17451736e-01  5.16780978e-05 -3.07462186e-15 
 1.09629930e-08  1.09629930e-08  8.88167841e-02 -3.19581590e-01  5.69616334e-05 -2.53142320e-15 
 1.09729930e-08  1.09729930e-08  6.48167841e-02 -3.20003981e-01  6.25004415e-05 -1.93411283e-15 
 1.09829930e-08  1.09829930e-08  4.08167841e-02 -3.18380565e-01  6.82935293e-05 -1.28014297e-15 
 1.09914965e-08  1.09914965e-08  2.04083920e-02 -3.15071420e-01  7.34187397e-05 -6.77618067e-16 
 1.10000000e-08  1.10000000e-08  0.00000000e+00 -3.09606772e-01  7.87257291e-05 -3.07380748e-17 
 1.10010000e-08  1.10010000e-08  0.00000000e+00 -3.07065774e-01  7.87218455e-05  4.79857125e-17 
 1.10030000e-08  1.10030000e-08  0.00000000e+00 -3.02274235e-01  7.87145222e-05  2.05422080e-16 
 1.10070000e-08  1.10070000e-08  0.00000000e+00 -2.92779428e-01  7.87000107e-05  5.20251146e-16 
 1.10124223e-08  1.10124223e-08  0.00000000e+00 -2.79452661e-01  7.86796425e-05  9.46932646e-16 
 1.10224223e-08  1.10224223e-08  0.00000000e+00 -2.53085680e-01  7.86393440e-05  1.73352758e-15 
 1.10324223e-08  1.10324223e-08  0.00000000e+00 -2.23834230e-01  7.85946371e-05  2.51969748e-15 
 1.10424223e-08  1.10424223e-08  0.00000000e+00 -1.90708856e-01  7.85440093e-05  3.30539072e-15 
 1.10524223e-08  1.10524223e-08  0.00000000e+00 -1.52233957e-01  7.84852055e-05  4.09053679e-15 
 1.10624223e-08  1.10624223e-08  0.00000000e+00 -1.06210198e-01  7.84148643e-05  4.87503714e-15 
 1.10724223e-08  1.10724223e-08  0.00000000e+00 -4.92116577e-02  7.83277496e-05  5.65875021e-15 
 1.10824223e-08  1.10824223e-08  0.00000000e+00  2.05587901e-02  7.82211147e-05  6.44149453e-15 
 1.10904128e-08  1.10904128e-08  0.00000000e+00  9.56359111e-02  7.81063692e-05  7.06606177e-15 
 1.10988182e-08  1.10988182e-08  0.00000000e+00  1.85916067e-01  7.79683879e-05  7.72199571e-15 
 1.11064496e-08  1.11064496e-08  0.00000000e+00  2.70408965e-01  7.78392517e-05  8.31650837e-15 
 1.11142126e-08  1.11142126e-08  0.00000000e+00  3.58067293e-01  7.77052775e-05  8.92025855e-15 
 1.11242126e-08  1.11242126e-08  0.00000000e+00  4.73127978e-01  7.75294225e-05  9.69643205e-15 
 1.11342126e-08  1.11342126e-08  0.00000000e+00  5.90321225e-01  7.73503081e-05  1.04708307e-14 
 1.11442126e-08  1.11442126e-08  0.00000000e+00  7.07084571e-01  7.49288956e-05  1.12322267e-14 
 1.11542126e-08  1.11542126e-08  0.00000000e+00  8.16834607e-01  6.72898913e-05  1.19433207e-14 
 1.11632441e-08  1.11632441e-08  0.00000000e+00  9.04840824e-01  5.73990522e-05  1.25063811e-14 
 1.11685330e-08  1.11685330e-08  0.00000000e+00  9.50297487e-01  5.09841182e-05  1.27929951e-14 
 1.11749618e-08  1.11749618e-08  0.00000000e+00  9.98742621e-01  4.31716277e-05  1.30956512e-14 
 1.11849618e-08  1.11849618e-08  0.00000000e+00  1.05949196e+00  3.19564034e-05  1.34712914e-14 
 1.11949618e-08  1.11949618e-08  0.00000000e+00  1.10437139e+00  2.26604383e-05  1.37443756e-14 
 1.12049618e-08  1.12049618e-08  0.00000000e+00  1.13626072e+00  1.55347198e-05  1.39353514e-14 
 1.12149618e-08  1.12149618e-08  0.00000000e+00  1.15821828e+00  1.03774284e-05  1.40649121e-14 
 1.12249618e-08  1.12249618e-08  0.00000000e+00  1.17296628e+00  6.79879638e-06  1.41507932e-14 
 1.12349618e-08  1.12349618e-08  0.00000000e+00  1.18268274e+00  4.39076086e-06  1.42067410e-14 
 1.12449618e-08  1.12449618e-08  0.00000000e+00  1.18899056e+00  2.80610847e-06  1.42427254e-14 
 1.12549618e-08  1.12549618e-08  0.00000000e+00  1.19304018e+00  1.77989135e-06  1.42656554e-14 
 1.12649618e-08  1.12649618e-08  0.00000000e+00  1.19561851e+00  1.12290125e-06  1.42801693e-14 
 1.12749618e-08  1.12749618e-08  0.00000000e+00  1.19725004e+00  7.05715946e-07  1.42893124e-14 
 1.12849618e-08  1.12849618e-08  0.00000000e+00  1.19827781e+00  4.42334959e-07  1.42950527e-14 
 1.12949618e-08  1.12949618e-08  0.00000000e+00  1.19892316e+00  2.76758294e-07  1.42986481e-14 
 1.13049618e-08  1.13049618e-08  0.00000000e+00  1.19932741e+00  1.72912548e-07  1.43008965e-14 
 1.13149618e-08  1.13149618e-08  0.00000000e+00  1.19958020e+00  1.07942744e-07  1.43023008e-14 
 1.13249618e-08  1.13249618e-08  0.00000000e+00  1.19973810e+00  6.73513379e-08  1.43031772e-14 
 1.13349618e-08  1.13349618e-08  0.00000000e+00  1.19983663e+00  4.20151684e-08  1.43037241e-14 
 1.13449618e-08  1.13449618e-08  0.00000000e+00  1.19989809e+00  2.62114013e-08  1.43040652e-14 
 1.13549618e-08  1.13549618e-08  0.00000000e+00  1.19993640e+00  1.63580875e-08  1.43042780e-14 
 1.13649618e-08  1.13649618e-08  0.00000000e+00  1.19996028e+00  1.02166812e-08  1.43044109e-14 
 1.13749618e-08  1.13749618e-08  0.00000000e+00  1.19997516e+00  6.38966903e-09  1.43044939e-14 
 1.13849618e-08  1.13849618e-08  0.00000000e+00  1.19998443e+00  4.00522126e-09  1.43045459e-14 
 1.13949618e-08  1.13949618e-08  0.00000000e+00  1.19999020e+00  2.51972360e-09  1.43045785e-14 
 1.14049618e-08  1.14049618e-08  0.00000000e+00  1.19999380e+00  1.59433060e-09  1.43045991e-14 
 1.14149618e-08  1.14149618e-08  0.00000000e+00  1.19999604e+00  1.01788272e-09  1.43046122e-14 
 1.14249618e-08  1.14249618e-08  0.00000000e+00  1.19999744e+00  6.58811991e-10  1.43046206e-14 
 1.14349618e-08  1.14349618e-08  0.00000000e+00  1.19999831e+00  4.35150865e-10  1.43046260e-14 
 1.14449618e-08  1.14449618e-08  0.00000000e+00  1.19999885e+00  2.95836918e-10  1.43046297e-14 
 1.14549618e-08  1.14549618e-08  0.00000000e+00  1.19999919e+00  2.09061975e-10  1.43046322e-14 
 1.14649618e-08  1.14649618e-08  0.00000000e+00  1.19999940e+00  1.55012545e-10  1.43046340e-14 
 1.14749618e-08  1.14749618e-08  0.00000000e+00  1.19999953e+00  1.21346980e-10  1.43046354e-14 
 1.14849618e-08  1.14849618e-08  0.00000000e+00  1.19999961e+00  1.00377901e-10  1.43046365e-14 
 1.14949618e-08  1.14949618e-08  0.00000000e+00  1.19999966e+00  8.73170386e-11  1.43046375e-14 
 1.15049618e-08  1.15049618e-08  0.00000000e+00  1.19999969e+00  7.91819223e-11  1.43046383e-14 
 1.15149618e-08  1.15149618e-08  0.00000000e+00  1.19999971e+00  7.41148715e-11  1.43046391e-14 
 1.15249618e-08  1.15249618e-08  0.00000000e+00  1.19999972e+00  7.09588027e-11  1.43046398e-14 
 1.15349618e-08  1.15349618e-08  0.00000000e+00  1.19999973e+00  6.89930112e-11  1.43046405e-14 
 1.15449618e-08  1.15449618e-08  0.00000000e+00  1.19999974e+00  6.77685971e-11  1.43046412e-14 
 1.15549618e-08  1.15549618e-08  0.00000000e+00  1.19999974e+00  6.70059577e-11  1.43046418e-14 
 1.15649618e-08  1.15649618e-08  0.00000000e+00  1.19999974e+00  6.65309403e-11  1.43046425e-14 
 1.15749618e-08  1.15749618e-08  0.00000000e+00  1.19999974e+00  6.62350703e-11  1.43046432e-14 
 1.15849618e-08  1.15849618e-08  0.00000000e+00  1.19999974e+00  6.60507848e-11  1.43046438e-14 
 1.15949618e-08  1.15949618e-08  0.00000000e+00  1.19999974e+00  6.59360007e-11  1.43046445e-14 
 1.16049618e-08  1.16049618e-08  0.00000000e+00  1.19999974e+00  6.58645060e-11  1.43046452e-14 
 1.16149618e-08  1.16149618e-08  0.00000000e+00  1.19999974e+00  6.58199751e-11  1.43046458e-14 
 1.16249618e-08  1.16249618e-08  0.00000000e+00  1.19999974e+00  6.57922386e-11  1.43046465e-14 
 1.16349618e-08  1.16349618e-08  0.00000000e+00  1.19999974e+00  6.57749625e-11  1.43046471e-14 
 1.16449618e-08  1.16449618e-08  0.00000000e+00  1.19999974e+00  6.57642020e-11  1.43046478e-14 
 1.16549618e-08  1.16549618e-08  0.00000000e+00  1.19999974e+00  6.57574995e-11  1.43046484e-14 
 1.16649618e-08  1.16649618e-08  0.00000000e+00  1.19999974e+00  6.57533251e-11  1.43046491e-14 
 1.16749618e-08  1.16749618e-08  0.00000000e+00  1.19999974e+00  6.57507247e-11  1.43046498e-14 
 1.16849618e-08  1.16849618e-08  0.00000000e+00  1.19999974e+00  6.57491049e-11  1.43046504e-14 
 1.16949618e-08  1.16949618e-08  0.00000000e+00  1.19999974e+00  6.57480960e-11  1.43046511e-14 
 1.17049618e-08  1.17049618e-08  0.00000000e+00  1.19999974e+00  6.57474680e-11  1.43046517e-14 
 1.17149618e-08  1.17149618e-08  0.00000000e+00  1.19999974e+00  6.57470763e-11  1.43046524e-14 
 1.17249618e-08  1.17249618e-08  0.00000000e+00  1.19999974e+00  6.57468324e-11  1.43046530e-14 
 1.17349618e-08  1.17349618e-08  0.00000000e+00  1.19999974e+00  6.57466807e-11  1.43046537e-14 
 1.17449618e-08  1.17449618e-08  0.00000000e+00  1.19999974e+00  6.57465863e-11  1.43046544e-14 
 1.17549618e-08  1.17549618e-08  0.00000000e+00  1.19999974e+00  6.57465274e-11  1.43046550e-14 
 1.17649618e-08  1.17649618e-08  0.00000000e+00  1.19999974e+00  6.57464908e-11  1.43046557e-14 
 1.17749618e-08  1.17749618e-08  0.00000000e+00  1.19999974e+00  6.57464681e-11  1.43046563e-14 
 1.17849618e-08  1.17849618e-08  0.00000000e+00  1.19999974e+00  6.57464536e-11  1.43046570e-14 
 1.17949618e-08  1.17949618e-08  0.00000000e+00  1.19999974e+00  6.57464448e-11  1.43046576e-14 
 1.18049618e-08  1.18049618e-08  0.00000000e+00  1.19999974e+00  6.57464394e-11  1.43046583e-14 
 1.18149618e-08  1.18149618e-08  0.00000000e+00  1.19999974e+00  6.57464360e-11  1.43046590e-14 
 1.18249618e-08  1.18249618e-08  0.00000000e+00  1.19999974e+00  6.57464337e-11  1.43046596e-14 
 1.18349618e-08  1.18349618e-08  0.00000000e+00  1.19999974e+00  6.57464323e-11  1.43046603e-14 
 1.18449618e-08  1.18449618e-08  0.00000000e+00  1.19999974e+00  6.57464313e-11  1.43046609e-14 
 1.18549618e-08  1.18549618e-08  0.00000000e+00  1.19999974e+00  6.57464309e-11  1.43046616e-14 
 1.18649618e-08  1.18649618e-08  0.00000000e+00  1.19999974e+00  6.57464307e-11  1.43046622e-14 
 1.18749618e-08  1.18749618e-08  0.00000000e+00  1.19999974e+00  6.57464305e-11  1.43046629e-14 
 1.18849618e-08  1.18849618e-08  0.00000000e+00  1.19999974e+00  6.57464304e-11  1.43046636e-14 
 1.18949618e-08  1.18949618e-08  0.00000000e+00  1.19999974e+00  6.57464302e-11  1.43046642e-14 
 1.19049618e-08  1.19049618e-08  0.00000000e+00  1.19999974e+00  6.57464301e-11  1.43046649e-14 
 1.19149618e-08  1.19149618e-08  0.00000000e+00  1.19999974e+00  6.57464302e-11  1.43046655e-14 
 1.19249618e-08  1.19249618e-08  0.00000000e+00  1.19999974e+00  6.57464302e-11  1.43046662e-14 
 1.19349618e-08  1.19349618e-08  0.00000000e+00  1.19999974e+00  6.57464302e-11  1.43046669e-14 
 1.19449618e-08  1.19449618e-08  0.00000000e+00  1.19999974e+00  6.57464302e-11  1.43046675e-14 
 1.19549618e-08  1.19549618e-08  0.00000000e+00  1.19999974e+00  6.57464302e-11  1.43046682e-14 
 1.19649618e-08  1.19649618e-08  0.00000000e+00  1.19999974e+00  6.57464302e-11  1.43046688e-14 
 1.19749618e-08  1.19749618e-08  0.00000000e+00  1.19999974e+00  6.57464302e-11  1.43046695e-14 
 1.19849618e-08  1.19849618e-08  0.00000000e+00  1.19999974e+00  6.57464302e-11  1.43046701e-14 
 1.19924809e-08  1.19924809e-08  0.00000000e+00  1.19999974e+00  6.57464302e-11  1.43046706e-14 
 1.20000000e-08  1.20000000e-08  0.00000000e+00  1.19999974e+00  6.57464303e-11  1.43046711e-14 
 1.20010000e-08  1.20010000e-08  0.00000000e+00  1.19999974e+00  6.57464302e-11  1.43046712e-14 
 1.20030000e-08  1.20030000e-08  0.00000000e+00  1.19999974e+00  6.57464303e-11  1.43046713e-14 
 1.20070000e-08  1.20070000e-08  0.00000000e+00  1.19999974e+00  6.57464304e-11  1.43046716e-14 
 1.20150000e-08  1.20150000e-08  0.00000000e+00  1.19999974e+00  6.57464305e-11  1.43046721e-14 
 1.20250000e-08  1.20250000e-08  0.00000000e+00  1.19999974e+00  6.57464305e-11  1.43046728e-14 
 1.20350000e-08  1.20350000e-08  0.00000000e+00  1.19999974e+00  6.57464304e-11  1.43046734e-14 
 1.20450000e-08  1.20450000e-08  0.00000000e+00  1.19999974e+00  6.57464303e-11  1.43046741e-14 
 1.20550000e-08  1.20550000e-08  0.00000000e+00  1.19999974e+00  6.57464301e-11  1.43046747e-14 
 1.20650000e-08  1.20650000e-08  0.00000000e+00  1.19999974e+00  6.57464300e-11  1.43046754e-14 
 1.20750000e-08  1.20750000e-08  0.00000000e+00  1.19999974e+00  6.57464300e-11  1.43046761e-14 
 1.20850000e-08  1.20850000e-08  0.00000000e+00  1.19999974e+00  6.57464299e-11  1.43046767e-14 
 1.20950000e-08  1.20950000e-08  0.00000000e+00  1.19999974e+00  6.57464298e-11  1.43046774e-14 
 1.21050000e-08  1.21050000e-08  0.00000000e+00  1.19999974e+00  6.57464298e-11  1.43046780e-14 
 1.21150000e-08  1.21150000e-08  0.00000000e+00  1.19999974e+00  6.57464298e-11  1.43046787e-14 
 1.21250000e-08  1.21250000e-08  0.00000000e+00  1.19999974e+00  6.57464298e-11  1.43046793e-14 
 1.21350000e-08  1.21350000e-08  0.00000000e+00  1.19999974e+00  6.57464298e-11  1.43046800e-14 
 1.21450000e-08  1.21450000e-08  0.00000000e+00  1.19999974e+00  6.57464298e-11  1.43046807e-14 
 1.21550000e-08  1.21550000e-08  0.00000000e+00  1.19999974e+00  6.57464298e-11  1.43046813e-14 
 1.21650000e-08  1.21650000e-08  0.00000000e+00  1.19999974e+00  6.57464298e-11  1.43046820e-14 
 1.21750000e-08  1.21750000e-08  0.00000000e+00  1.19999974e+00  6.57464298e-11  1.43046826e-14 
 1.21850000e-08  1.21850000e-08  0.00000000e+00  1.19999974e+00  6.57464298e-11  1.43046833e-14 
 1.21950000e-08  1.21950000e-08  0.00000000e+00  1.19999974e+00  6.57464298e-11  1.43046839e-14 
 1.22050000e-08  1.22050000e-08  0.00000000e+00  1.19999974e+00  6.57464298e-11  1.43046846e-14 
 1.22150000e-08  1.22150000e-08  0.00000000e+00  1.19999974e+00  6.57464298e-11  1.43046853e-14 
 1.22250000e-08  1.22250000e-08  0.00000000e+00  1.19999974e+00  6.57464298e-11  1.43046859e-14 
 1.22350000e-08  1.22350000e-08  0.00000000e+00  1.19999974e+00  6.57464298e-11  1.43046866e-14 
 1.22450000e-08  1.22450000e-08  0.00000000e+00  1.19999974e+00  6.57464298e-11  1.43046872e-14 
 1.22550000e-08  1.22550000e-08  0.00000000e+00  1.19999974e+00  6.57464298e-11  1.43046879e-14 
 1.22650000e-08  1.22650000e-08  0.00000000e+00  1.19999974e+00  6.57464298e-11  1.43046886e-14 
 1.22750000e-08  1.22750000e-08  0.00000000e+00  1.19999974e+00  6.57464298e-11  1.43046892e-14 
 1.22850000e-08  1.22850000e-08  0.00000000e+00  1.19999974e+00  6.57464298e-11  1.43046899e-14 
 1.22950000e-08  1.22950000e-08  0.00000000e+00  1.19999974e+00  6.57464298e-11  1.43046905e-14 
 1.23050000e-08  1.23050000e-08  0.00000000e+00  1.19999974e+00  6.57464298e-11  1.43046912e-14 
 1.23150000e-08  1.23150000e-08  0.00000000e+00  1.19999974e+00  6.57464298e-11  1.43046918e-14 
 1.23250000e-08  1.23250000e-08  0.00000000e+00  1.19999974e+00  6.57464298e-11  1.43046925e-14 
 1.23350000e-08  1.23350000e-08  0.00000000e+00  1.19999974e+00  6.57464298e-11  1.43046932e-14 
 1.23450000e-08  1.23450000e-08  0.00000000e+00  1.19999974e+00  6.57464298e-11  1.43046938e-14 
 1.23550000e-08  1.23550000e-08  0.00000000e+00  1.19999974e+00  6.57464298e-11  1.43046945e-14 
 1.23650000e-08  1.23650000e-08  0.00000000e+00  1.19999974e+00  6.57464298e-11  1.43046951e-14 
 1.23750000e-08  1.23750000e-08  0.00000000e+00  1.19999974e+00  6.57464298e-11  1.43046958e-14 
 1.23850000e-08  1.23850000e-08  0.00000000e+00  1.19999974e+00  6.57464298e-11  1.43046964e-14 
 1.23950000e-08  1.23950000e-08  0.00000000e+00  1.19999974e+00  6.57464298e-11  1.43046971e-14 
 1.24050000e-08  1.24050000e-08  0.00000000e+00  1.19999974e+00  6.57464298e-11  1.43046978e-14 
 1.24150000e-08  1.24150000e-08  0.00000000e+00  1.19999974e+00  6.57464298e-11  1.43046984e-14 
 1.24250000e-08  1.24250000e-08  0.00000000e+00  1.19999974e+00  6.57464298e-11  1.43046991e-14 
 1.24335953e-08  1.24335953e-08  0.00000000e+00  1.19999974e+00  6.57464300e-11  1.43046996e-14 
 1.24390066e-08  1.24390066e-08  0.00000000e+00  1.19999974e+00  6.57464300e-11  1.43047000e-14 
 1.24454904e-08  1.24454904e-08  0.00000000e+00  1.19999974e+00  6.57464300e-11  1.43047004e-14 
 1.24508394e-08  1.24508394e-08  0.00000000e+00  1.19999974e+00  6.57464300e-11  1.43047008e-14 
 1.24576107e-08  1.24576107e-08  0.00000000e+00  1.19999974e+00  6.57464300e-11  1.43047012e-14 
 1.24676107e-08  1.24676107e-08  0.00000000e+00  1.19999974e+00  6.57464300e-11  1.43047019e-14 
 1.24776107e-08  1.24776107e-08  0.00000000e+00  1.19999974e+00  6.57464299e-11  1.43047025e-14 
 1.24876107e-08  1.24876107e-08  0.00000000e+00  1.19999974e+00  6.57464298e-11  1.43047032e-14 
 1.24976107e-08  1.24976107e-08  0.00000000e+00  1.19999974e+00  6.57464298e-11  1.43047038e-14 
 1.25076107e-08  1.25076107e-08  0.00000000e+00  1.19999974e+00  6.57464298e-11  1.43047045e-14 
 1.25176107e-08  1.25176107e-08  0.00000000e+00  1.19999974e+00  6.57464298e-11  1.43047052e-14 
 1.25276107e-08  1.25276107e-08  0.00000000e+00  1.19999974e+00  6.57464298e-11  1.43047058e-14 
 1.25376107e-08  1.25376107e-08  0.00000000e+00  1.19999974e+00  6.57464298e-11  1.43047065e-14 
 1.25476107e-08  1.25476107e-08  0.00000000e+00  1.19999974e+00  6.57464298e-11  1.43047071e-14 
 1.25576107e-08  1.25576107e-08  0.00000000e+00  1.19999974e+00  6.57464298e-11  1.43047078e-14 
 1.25676107e-08  1.25676107e-08  0.00000000e+00  1.19999974e+00  6.57464298e-11  1.43047084e-14 
 1.25776107e-08  1.25776107e-08  0.00000000e+00  1.19999974e+00  6.57464298e-11  1.43047091e-14 
 1.25876107e-08  1.25876107e-08  0.00000000e+00  1.19999974e+00  6.57464298e-11  1.43047098e-14 
 1.25976107e-08  1.25976107e-08  0.00000000e+00  1.19999974e+00  6.57464298e-11  1.43047104e-14 
 1.26076107e-08  1.26076107e-08  0.00000000e+00  1.19999974e+00  6.57464298e-11  1.43047111e-14 
 1.26176107e-08  1.26176107e-08  0.00000000e+00  1.19999974e+00  6.57464298e-11  1.43047117e-14 
 1.26276107e-08  1.26276107e-08  0.00000000e+00  1.19999974e+00  6.57464298e-11  1.43047124e-14 
 1.26376107e-08  1.26376107e-08  0.00000000e+00  1.19999974e+00  6.57464298e-11  1.43047130e-14 
 1.26476107e-08  1.26476107e-08  0.00000000e+00  1.19999974e+00  6.57464298e-11  1.43047137e-14 
 1.26576107e-08  1.26576107e-08  0.00000000e+00  1.19999974e+00  6.57464298e-11  1.43047144e-14 
 1.26676107e-08  1.26676107e-08  0.00000000e+00  1.19999974e+00  6.57464298e-11  1.43047150e-14 
 1.26776107e-08  1.26776107e-08  0.00000000e+00  1.19999974e+00  6.57464298e-11  1.43047157e-14 
 1.26876107e-08  1.26876107e-08  0.00000000e+00  1.19999974e+00  6.57464298e-11  1.43047163e-14 
 1.26976107e-08  1.26976107e-08  0.00000000e+00  1.19999974e+00  6.57464298e-11  1.43047170e-14 
 1.27076107e-08  1.27076107e-08  0.00000000e+00  1.19999974e+00  6.57464298e-11  1.43047177e-14 
 1.27176107e-08  1.27176107e-08  0.00000000e+00  1.19999974e+00  6.57464298e-11  1.43047183e-14 
 1.27276107e-08  1.27276107e-08  0.00000000e+00  1.19999974e+00  6.57464298e-11  1.43047190e-14 
 1.27376107e-08  1.27376107e-08  0.00000000e+00  1.19999974e+00  6.57464298e-11  1.43047196e-14 
 1.27476107e-08  1.27476107e-08  0.00000000e+00  1.19999974e+00  6.57464298e-11  1.43047203e-14 
 1.27576107e-08  1.27576107e-08  0.00000000e+00  1.19999974e+00  6.57464298e-11  1.43047209e-14 
 1.27676107e-08  1.27676107e-08  0.00000000e+00  1.19999974e+00  6.57464298e-11  1.43047216e-14 
 1.27776107e-08  1.27776107e-08  0.00000000e+00  1.19999974e+00  6.57464298e-11  1.43047223e-14 
 1.27876107e-08  1.27876107e-08  0.00000000e+00  1.19999974e+00  6.57464298e-11  1.43047229e-14 
 1.27976107e-08  1.27976107e-08  0.00000000e+00  1.19999974e+00  6.57464298e-11  1.43047236e-14 
 1.28076107e-08  1.28076107e-08  0.00000000e+00  1.19999974e+00  6.57464298e-11  1.43047242e-14 
 1.28176107e-08  1.28176107e-08  0.00000000e+00  1.19999974e+00  6.57464298e-11  1.43047249e-14 
 1.28276107e-08  1.28276107e-08  0.00000000e+00  1.19999974e+00  6.57464298e-11  1.43047255e-14 
 1.28376107e-08  1.28376107e-08  0.00000000e+00  1.19999974e+00  6.57464298e-11  1.43047262e-14 
 1.28476107e-08  1.28476107e-08  0.00000000e+00  1.19999974e+00  6.57464298e-11  1.43047269e-14 
 1.28576107e-08  1.28576107e-08  0.00000000e+00  1.19999974e+00  6.57464298e-11  1.43047275e-14 
 1.28676107e-08  1.28676107e-08  0.00000000e+00  1.19999974e+00  6.57464298e-11  1.43047282e-14 
 1.28776107e-08  1.28776107e-08  0.00000000e+00  1.19999974e+00  6.57464298e-11  1.43047288e-14 
 1.28876107e-08  1.28876107e-08  0.00000000e+00  1.19999974e+00  6.57464298e-11  1.43047295e-14 
 1.28976107e-08  1.28976107e-08  0.00000000e+00  1.19999974e+00  6.57464298e-11  1.43047301e-14 
 1.29076107e-08  1.29076107e-08  0.00000000e+00  1.19999974e+00  6.57464298e-11  1.43047308e-14 
 1.29176107e-08  1.29176107e-08  0.00000000e+00  1.19999974e+00  6.57464298e-11  1.43047315e-14 
 1.29276107e-08  1.29276107e-08  0.00000000e+00  1.19999974e+00  6.57464298e-11  1.43047321e-14 
 1.29376107e-08  1.29376107e-08  0.00000000e+00  1.19999974e+00  6.57464298e-11  1.43047328e-14 
 1.29476107e-08  1.29476107e-08  0.00000000e+00  1.19999974e+00  6.57464298e-11  1.43047334e-14 
 1.29576107e-08  1.29576107e-08  0.00000000e+00  1.19999974e+00  6.57464298e-11  1.43047341e-14 
 1.29676107e-08  1.29676107e-08  0.00000000e+00  1.19999974e+00  6.57464298e-11  1.43047347e-14 
 1.29776107e-08  1.29776107e-08  0.00000000e+00  1.19999974e+00  6.57464298e-11  1.43047354e-14 
 1.29876107e-08  1.29876107e-08  0.00000000e+00  1.19999974e+00  6.57464298e-11  1.43047361e-14 
 1.29976107e-08  1.29976107e-08  0.00000000e+00  1.19999974e+00  6.57464298e-11  1.43047367e-14 
 1.30076107e-08  1.30076107e-08  0.00000000e+00  1.19999974e+00  6.57464298e-11  1.43047374e-14 
 1.30176107e-08  1.30176107e-08  0.00000000e+00  1.19999974e+00  6.57464298e-11  1.43047380e-14 
 1.30276107e-08  1.30276107e-08  0.00000000e+00  1.19999974e+00  6.57464298e-11  1.43047387e-14 
 1.30376107e-08  1.30376107e-08  0.00000000e+00  1.19999974e+00  6.57464298e-11  1.43047393e-14 
 1.30476107e-08  1.30476107e-08  0.00000000e+00  1.19999974e+00  6.57464298e-11  1.43047400e-14 
 1.30576107e-08  1.30576107e-08  0.00000000e+00  1.19999974e+00  6.57464298e-11  1.43047407e-14 
 1.30676107e-08  1.30676107e-08  0.00000000e+00  1.19999974e+00  6.57464298e-11  1.43047413e-14 
 1.30776107e-08  1.30776107e-08  0.00000000e+00  1.19999974e+00  6.57464298e-11  1.43047420e-14 
 1.30876107e-08  1.30876107e-08  0.00000000e+00  1.19999974e+00  6.57464298e-11  1.43047426e-14 
 1.30976107e-08  1.30976107e-08  0.00000000e+00  1.19999974e+00  6.57464298e-11  1.43047433e-14 
 1.31076107e-08  1.31076107e-08  0.00000000e+00  1.19999974e+00  6.57464298e-11  1.43047439e-14 
 1.31176107e-08  1.31176107e-08  0.00000000e+00  1.19999974e+00  6.57464298e-11  1.43047446e-14 
 1.31276107e-08  1.31276107e-08  0.00000000e+00  1.19999974e+00  6.57464298e-11  1.43047453e-14 
 1.31376107e-08  1.31376107e-08  0.00000000e+00  1.19999974e+00  6.57464298e-11  1.43047459e-14 
 1.31476107e-08  1.31476107e-08  0.00000000e+00  1.19999974e+00  6.57464298e-11  1.43047466e-14 
 1.31576107e-08  1.31576107e-08  0.00000000e+00  1.19999974e+00  6.57464298e-11  1.43047472e-14 
 1.31676107e-08  1.31676107e-08  0.00000000e+00  1.19999974e+00  6.57464298e-11  1.43047479e-14 
 1.31776107e-08  1.31776107e-08  0.00000000e+00  1.19999974e+00  6.57464298e-11  1.43047486e-14 
 1.31876107e-08  1.31876107e-08  0.00000000e+00  1.19999974e+00  6.57464298e-11  1.43047492e-14 
 1.31976107e-08  1.31976107e-08  0.00000000e+00  1.19999974e+00  6.57464298e-11  1.43047499e-14 
 1.32076107e-08  1.32076107e-08  0.00000000e+00  1.19999974e+00  6.57464298e-11  1.43047505e-14 
 1.32176107e-08  1.32176107e-08  0.00000000e+00  1.19999974e+00  6.57464298e-11  1.43047512e-14 
 1.32276107e-08  1.32276107e-08  0.00000000e+00  1.19999974e+00  6.57464298e-11  1.43047518e-14 
 1.32376107e-08  1.32376107e-08  0.00000000e+00  1.19999974e+00  6.57464298e-11  1.43047525e-14 
 1.32476107e-08  1.32476107e-08  0.00000000e+00  1.19999974e+00  6.57464298e-11  1.43047532e-14 
 1.32576107e-08  1.32576107e-08  0.00000000e+00  1.19999974e+00  6.57464298e-11  1.43047538e-14 
 1.32676107e-08  1.32676107e-08  0.00000000e+00  1.19999974e+00  6.57464298e-11  1.43047545e-14 
 1.32776107e-08  1.32776107e-08  0.00000000e+00  1.19999974e+00  6.57464298e-11  1.43047551e-14 
 1.32876107e-08  1.32876107e-08  0.00000000e+00  1.19999974e+00  6.57464298e-11  1.43047558e-14 
 1.32976107e-08  1.32976107e-08  0.00000000e+00  1.19999974e+00  6.57464298e-11  1.43047564e-14 
 1.33076107e-08  1.33076107e-08  0.00000000e+00  1.19999974e+00  6.57464298e-11  1.43047571e-14 
 1.33176107e-08  1.33176107e-08  0.00000000e+00  1.19999974e+00  6.57464298e-11  1.43047578e-14 
 1.33276107e-08  1.33276107e-08  0.00000000e+00  1.19999974e+00  6.57464298e-11  1.43047584e-14 
 1.33376107e-08  1.33376107e-08  0.00000000e+00  1.19999974e+00  6.57464298e-11  1.43047591e-14 
 1.33476107e-08  1.33476107e-08  0.00000000e+00  1.19999974e+00  6.57464298e-11  1.43047597e-14 
 1.33576107e-08  1.33576107e-08  0.00000000e+00  1.19999974e+00  6.57464298e-11  1.43047604e-14 
 1.33676107e-08  1.33676107e-08  0.00000000e+00  1.19999974e+00  6.57464298e-11  1.43047610e-14 
 1.33776107e-08  1.33776107e-08  0.00000000e+00  1.19999974e+00  6.57464298e-11  1.43047617e-14 
 1.33876107e-08  1.33876107e-08  0.00000000e+00  1.19999974e+00  6.57464298e-11  1.43047624e-14 
 1.33976107e-08  1.33976107e-08  0.00000000e+00  1.19999974e+00  6.57464298e-11  1.43047630e-14 
 1.34076107e-08  1.34076107e-08  0.00000000e+00  1.19999974e+00  6.57464298e-11  1.43047637e-14 
 1.34176107e-08  1.34176107e-08  0.00000000e+00  1.19999974e+00  6.57464298e-11  1.43047643e-14 
 1.34276107e-08  1.34276107e-08  0.00000000e+00  1.19999974e+00  6.57464298e-11  1.43047650e-14 
 1.34376107e-08  1.34376107e-08  0.00000000e+00  1.19999974e+00  6.57464298e-11  1.43047656e-14 
 1.34476107e-08  1.34476107e-08  0.00000000e+00  1.19999974e+00  6.57464298e-11  1.43047663e-14 
 1.34576107e-08  1.34576107e-08  0.00000000e+00  1.19999974e+00  6.57464298e-11  1.43047670e-14 
 1.34676107e-08  1.34676107e-08  0.00000000e+00  1.19999974e+00  6.57464298e-11  1.43047676e-14 
 1.34776107e-08  1.34776107e-08  0.00000000e+00  1.19999974e+00  6.57464298e-11  1.43047683e-14 
 1.34876107e-08  1.34876107e-08  0.00000000e+00  1.19999974e+00  6.57464298e-11  1.43047689e-14 
 1.34976107e-08  1.34976107e-08  0.00000000e+00  1.19999974e+00  6.57464298e-11  1.43047696e-14 
 1.35076107e-08  1.35076107e-08  0.00000000e+00  1.19999974e+00  6.57464298e-11  1.43047702e-14 
 1.35176107e-08  1.35176107e-08  0.00000000e+00  1.19999974e+00  6.57464298e-11  1.43047709e-14 
 1.35276107e-08  1.35276107e-08  0.00000000e+00  1.19999974e+00  6.57464298e-11  1.43047716e-14 
 1.35376107e-08  1.35376107e-08  0.00000000e+00  1.19999974e+00  6.57464298e-11  1.43047722e-14 
 1.35476107e-08  1.35476107e-08  0.00000000e+00  1.19999974e+00  6.57464298e-11  1.43047729e-14 
 1.35576107e-08  1.35576107e-08  0.00000000e+00  1.19999974e+00  6.57464298e-11  1.43047735e-14 
 1.35676107e-08  1.35676107e-08  0.00000000e+00  1.19999974e+00  6.57464298e-11  1.43047742e-14 
 1.35776107e-08  1.35776107e-08  0.00000000e+00  1.19999974e+00  6.57464298e-11  1.43047749e-14 
 1.35876107e-08  1.35876107e-08  0.00000000e+00  1.19999974e+00  6.57464298e-11  1.43047755e-14 
 1.35976107e-08  1.35976107e-08  0.00000000e+00  1.19999974e+00  6.57464298e-11  1.43047762e-14 
 1.36076107e-08  1.36076107e-08  0.00000000e+00  1.19999974e+00  6.57464298e-11  1.43047768e-14 
 1.36176107e-08  1.36176107e-08  0.00000000e+00  1.19999974e+00  6.57464298e-11  1.43047775e-14 
 1.36276107e-08  1.36276107e-08  0.00000000e+00  1.19999974e+00  6.57464298e-11  1.43047781e-14 
 1.36376107e-08  1.36376107e-08  0.00000000e+00  1.19999974e+00  6.57464298e-11  1.43047788e-14 
 1.36476107e-08  1.36476107e-08  0.00000000e+00  1.19999974e+00  6.57464298e-11  1.43047795e-14 
 1.36576107e-08  1.36576107e-08  0.00000000e+00  1.19999974e+00  6.57464298e-11  1.43047801e-14 
 1.36676107e-08  1.36676107e-08  0.00000000e+00  1.19999974e+00  6.57464298e-11  1.43047808e-14 
 1.36776107e-08  1.36776107e-08  0.00000000e+00  1.19999974e+00  6.57464298e-11  1.43047814e-14 
 1.36876107e-08  1.36876107e-08  0.00000000e+00  1.19999974e+00  6.57464298e-11  1.43047821e-14 
 1.36976107e-08  1.36976107e-08  0.00000000e+00  1.19999974e+00  6.57464298e-11  1.43047827e-14 
 1.37076107e-08  1.37076107e-08  0.00000000e+00  1.19999974e+00  6.57464298e-11  1.43047834e-14 
 1.37176107e-08  1.37176107e-08  0.00000000e+00  1.19999974e+00  6.57464298e-11  1.43047841e-14 
 1.37276107e-08  1.37276107e-08  0.00000000e+00  1.19999974e+00  6.57464298e-11  1.43047847e-14 
 1.37376107e-08  1.37376107e-08  0.00000000e+00  1.19999974e+00  6.57464298e-11  1.43047854e-14 
 1.37476107e-08  1.37476107e-08  0.00000000e+00  1.19999974e+00  6.57464298e-11  1.43047860e-14 
 1.37576107e-08  1.37576107e-08  0.00000000e+00  1.19999974e+00  6.57464298e-11  1.43047867e-14 
 1.37676107e-08  1.37676107e-08  0.00000000e+00  1.19999974e+00  6.57464298e-11  1.43047873e-14 
 1.37776107e-08  1.37776107e-08  0.00000000e+00  1.19999974e+00  6.57464298e-11  1.43047880e-14 
 1.37876107e-08  1.37876107e-08  0.00000000e+00  1.19999974e+00  6.57464298e-11  1.43047887e-14 
 1.37976107e-08  1.37976107e-08  0.00000000e+00  1.19999974e+00  6.57464298e-11  1.43047893e-14 
 1.38076107e-08  1.38076107e-08  0.00000000e+00  1.19999974e+00  6.57464298e-11  1.43047900e-14 
 1.38176107e-08  1.38176107e-08  0.00000000e+00  1.19999974e+00  6.57464298e-11  1.43047906e-14 
 1.38276107e-08  1.38276107e-08  0.00000000e+00  1.19999974e+00  6.57464298e-11  1.43047913e-14 
 1.38376107e-08  1.38376107e-08  0.00000000e+00  1.19999974e+00  6.57464298e-11  1.43047919e-14 
 1.38476107e-08  1.38476107e-08  0.00000000e+00  1.19999974e+00  6.57464298e-11  1.43047926e-14 
 1.38576107e-08  1.38576107e-08  0.00000000e+00  1.19999974e+00  6.57464298e-11  1.43047933e-14 
 1.38676107e-08  1.38676107e-08  0.00000000e+00  1.19999974e+00  6.57464298e-11  1.43047939e-14 
 1.38776107e-08  1.38776107e-08  0.00000000e+00  1.19999974e+00  6.57464298e-11  1.43047946e-14 
 1.38876107e-08  1.38876107e-08  0.00000000e+00  1.19999974e+00  6.57464298e-11  1.43047952e-14 
 1.38976107e-08  1.38976107e-08  0.00000000e+00  1.19999974e+00  6.57464298e-11  1.43047959e-14 
 1.39076107e-08  1.39076107e-08  0.00000000e+00  1.19999974e+00  6.57464298e-11  1.43047965e-14 
 1.39176107e-08  1.39176107e-08  0.00000000e+00  1.19999974e+00  6.57464298e-11  1.43047972e-14 
 1.39276107e-08  1.39276107e-08  0.00000000e+00  1.19999974e+00  6.57464298e-11  1.43047979e-14 
 1.39376107e-08  1.39376107e-08  0.00000000e+00  1.19999974e+00  6.57464298e-11  1.43047985e-14 
 1.39476107e-08  1.39476107e-08  0.00000000e+00  1.19999974e+00  6.57464298e-11  1.43047992e-14 
 1.39576107e-08  1.39576107e-08  0.00000000e+00  1.19999974e+00  6.57464298e-11  1.43047998e-14 
 1.39676107e-08  1.39676107e-08  0.00000000e+00  1.19999974e+00  6.57464298e-11  1.43048005e-14 
 1.39776107e-08  1.39776107e-08  0.00000000e+00  1.19999974e+00  6.57464298e-11  1.43048011e-14 
 1.39876107e-08  1.39876107e-08  0.00000000e+00  1.19999974e+00  6.57464298e-11  1.43048018e-14 
 1.39976107e-08  1.39976107e-08  0.00000000e+00  1.19999974e+00  6.57464298e-11  1.43048025e-14 
 1.40076107e-08  1.40076107e-08  0.00000000e+00  1.19999974e+00  6.57464298e-11  1.43048031e-14 
 1.40176107e-08  1.40176107e-08  0.00000000e+00  1.19999974e+00  6.57464298e-11  1.43048038e-14 
 1.40276107e-08  1.40276107e-08  0.00000000e+00  1.19999974e+00  6.57464298e-11  1.43048044e-14 
 1.40376107e-08  1.40376107e-08  0.00000000e+00  1.19999974e+00  6.57464298e-11  1.43048051e-14 
 1.40476107e-08  1.40476107e-08  0.00000000e+00  1.19999974e+00  6.57464298e-11  1.43048058e-14 
 1.40576107e-08  1.40576107e-08  0.00000000e+00  1.19999974e+00  6.57464298e-11  1.43048064e-14 
 1.40676107e-08  1.40676107e-08  0.00000000e+00  1.19999974e+00  6.57464298e-11  1.43048071e-14 
 1.40776107e-08  1.40776107e-08  0.00000000e+00  1.19999974e+00  6.57464298e-11  1.43048077e-14 
 1.40876107e-08  1.40876107e-08  0.00000000e+00  1.19999974e+00  6.57464298e-11  1.43048084e-14 
 1.40976107e-08  1.40976107e-08  0.00000000e+00  1.19999974e+00  6.57464298e-11  1.43048090e-14 
 1.41076107e-08  1.41076107e-08  0.00000000e+00  1.19999974e+00  6.57464298e-11  1.43048097e-14 
 1.41176107e-08  1.41176107e-08  0.00000000e+00  1.19999974e+00  6.57464298e-11  1.43048104e-14 
 1.41276107e-08  1.41276107e-08  0.00000000e+00  1.19999974e+00  6.57464298e-11  1.43048110e-14 
 1.41376107e-08  1.41376107e-08  0.00000000e+00  1.19999974e+00  6.57464298e-11  1.43048117e-14 
 1.41476107e-08  1.41476107e-08  0.00000000e+00  1.19999974e+00  6.57464298e-11  1.43048123e-14 
 1.41576107e-08  1.41576107e-08  0.00000000e+00  1.19999974e+00  6.57464298e-11  1.43048130e-14 
 1.41676107e-08  1.41676107e-08  0.00000000e+00  1.19999974e+00  6.57464298e-11  1.43048136e-14 
 1.41776107e-08  1.41776107e-08  0.00000000e+00  1.19999974e+00  6.57464298e-11  1.43048143e-14 
 1.41876107e-08  1.41876107e-08  0.00000000e+00  1.19999974e+00  6.57464298e-11  1.43048150e-14 
 1.41976107e-08  1.41976107e-08  0.00000000e+00  1.19999974e+00  6.57464298e-11  1.43048156e-14 
 1.42076107e-08  1.42076107e-08  0.00000000e+00  1.19999974e+00  6.57464298e-11  1.43048163e-14 
 1.42176107e-08  1.42176107e-08  0.00000000e+00  1.19999974e+00  6.57464298e-11  1.43048169e-14 
 1.42276107e-08  1.42276107e-08  0.00000000e+00  1.19999974e+00  6.57464298e-11  1.43048176e-14 
 1.42376107e-08  1.42376107e-08  0.00000000e+00  1.19999974e+00  6.57464298e-11  1.43048182e-14 
 1.42476107e-08  1.42476107e-08  0.00000000e+00  1.19999974e+00  6.57464298e-11  1.43048189e-14 
 1.42576107e-08  1.42576107e-08  0.00000000e+00  1.19999974e+00  6.57464298e-11  1.43048196e-14 
 1.42676107e-08  1.42676107e-08  0.00000000e+00  1.19999974e+00  6.57464298e-11  1.43048202e-14 
 1.42776107e-08  1.42776107e-08  0.00000000e+00  1.19999974e+00  6.57464298e-11  1.43048209e-14 
 1.42876107e-08  1.42876107e-08  0.00000000e+00  1.19999974e+00  6.57464298e-11  1.43048215e-14 
 1.42976107e-08  1.42976107e-08  0.00000000e+00  1.19999974e+00  6.57464298e-11  1.43048222e-14 
 1.43076107e-08  1.43076107e-08  0.00000000e+00  1.19999974e+00  6.57464298e-11  1.43048228e-14 
 1.43176107e-08  1.43176107e-08  0.00000000e+00  1.19999974e+00  6.57464298e-11  1.43048235e-14 
 1.43276107e-08  1.43276107e-08  0.00000000e+00  1.19999974e+00  6.57464298e-11  1.43048242e-14 
 1.43376107e-08  1.43376107e-08  0.00000000e+00  1.19999974e+00  6.57464298e-11  1.43048248e-14 
 1.43476107e-08  1.43476107e-08  0.00000000e+00  1.19999974e+00  6.57464298e-11  1.43048255e-14 
 1.43576107e-08  1.43576107e-08  0.00000000e+00  1.19999974e+00  6.57464298e-11  1.43048261e-14 
 1.43676107e-08  1.43676107e-08  0.00000000e+00  1.19999974e+00  6.57464298e-11  1.43048268e-14 
 1.43776107e-08  1.43776107e-08  0.00000000e+00  1.19999974e+00  6.57464298e-11  1.43048274e-14 
 1.43876107e-08  1.43876107e-08  0.00000000e+00  1.19999974e+00  6.57464298e-11  1.43048281e-14 
 1.43976107e-08  1.43976107e-08  0.00000000e+00  1.19999974e+00  6.57464298e-11  1.43048288e-14 
 1.44076107e-08  1.44076107e-08  0.00000000e+00  1.19999974e+00  6.57464298e-11  1.43048294e-14 
 1.44176107e-08  1.44176107e-08  0.00000000e+00  1.19999974e+00  6.57464298e-11  1.43048301e-14 
 1.44276107e-08  1.44276107e-08  0.00000000e+00  1.19999974e+00  6.57464298e-11  1.43048307e-14 
 1.44376107e-08  1.44376107e-08  0.00000000e+00  1.19999974e+00  6.57464298e-11  1.43048314e-14 
 1.44476107e-08  1.44476107e-08  0.00000000e+00  1.19999974e+00  6.57464298e-11  1.43048320e-14 
 1.44576107e-08  1.44576107e-08  0.00000000e+00  1.19999974e+00  6.57464298e-11  1.43048327e-14 
 1.44676107e-08  1.44676107e-08  0.00000000e+00  1.19999974e+00  6.57464298e-11  1.43048334e-14 
 1.44776107e-08  1.44776107e-08  0.00000000e+00  1.19999974e+00  6.57464298e-11  1.43048340e-14 
 1.44876107e-08  1.44876107e-08  0.00000000e+00  1.19999974e+00  6.57464298e-11  1.43048347e-14 
 1.44976107e-08  1.44976107e-08  0.00000000e+00  1.19999974e+00  6.57464298e-11  1.43048353e-14 
 1.45076107e-08  1.45076107e-08  0.00000000e+00  1.19999974e+00  6.57464298e-11  1.43048360e-14 
 1.45176107e-08  1.45176107e-08  0.00000000e+00  1.19999974e+00  6.57464298e-11  1.43048367e-14 
 1.45276107e-08  1.45276107e-08  0.00000000e+00  1.19999974e+00  6.57464298e-11  1.43048373e-14 
 1.45376107e-08  1.45376107e-08  0.00000000e+00  1.19999974e+00  6.57464298e-11  1.43048380e-14 
 1.45476107e-08  1.45476107e-08  0.00000000e+00  1.19999974e+00  6.57464298e-11  1.43048386e-14 
 1.45576107e-08  1.45576107e-08  0.00000000e+00  1.19999974e+00  6.57464298e-11  1.43048393e-14 
 1.45676107e-08  1.45676107e-08  0.00000000e+00  1.19999974e+00  6.57464298e-11  1.43048399e-14 
 1.45776107e-08  1.45776107e-08  0.00000000e+00  1.19999974e+00  6.57464298e-11  1.43048406e-14 
 1.45876107e-08  1.45876107e-08  0.00000000e+00  1.19999974e+00  6.57464298e-11  1.43048413e-14 
 1.45976107e-08  1.45976107e-08  0.00000000e+00  1.19999974e+00  6.57464298e-11  1.43048419e-14 
 1.46076107e-08  1.46076107e-08  0.00000000e+00  1.19999974e+00  6.57464298e-11  1.43048426e-14 
 1.46176107e-08  1.46176107e-08  0.00000000e+00  1.19999974e+00  6.57464298e-11  1.43048432e-14 
 1.46276107e-08  1.46276107e-08  0.00000000e+00  1.19999974e+00  6.57464298e-11  1.43048439e-14 
 1.46376107e-08  1.46376107e-08  0.00000000e+00  1.19999974e+00  6.57464298e-11  1.43048445e-14 
 1.46476107e-08  1.46476107e-08  0.00000000e+00  1.19999974e+00  6.57464298e-11  1.43048452e-14 
 1.46576107e-08  1.46576107e-08  0.00000000e+00  1.19999974e+00  6.57464298e-11  1.43048459e-14 
 1.46676107e-08  1.46676107e-08  0.00000000e+00  1.19999974e+00  6.57464298e-11  1.43048465e-14 
 1.46776107e-08  1.46776107e-08  0.00000000e+00  1.19999974e+00  6.57464298e-11  1.43048472e-14 
 1.46876107e-08  1.46876107e-08  0.00000000e+00  1.19999974e+00  6.57464298e-11  1.43048478e-14 
 1.46976107e-08  1.46976107e-08  0.00000000e+00  1.19999974e+00  6.57464298e-11  1.43048485e-14 
 1.47076107e-08  1.47076107e-08  0.00000000e+00  1.19999974e+00  6.57464298e-11  1.43048491e-14 
 1.47176107e-08  1.47176107e-08  0.00000000e+00  1.19999974e+00  6.57464298e-11  1.43048498e-14 
 1.47276107e-08  1.47276107e-08  0.00000000e+00  1.19999974e+00  6.57464298e-11  1.43048505e-14 
 1.47376107e-08  1.47376107e-08  0.00000000e+00  1.19999974e+00  6.57464298e-11  1.43048511e-14 
 1.47476107e-08  1.47476107e-08  0.00000000e+00  1.19999974e+00  6.57464298e-11  1.43048518e-14 
 1.47576107e-08  1.47576107e-08  0.00000000e+00  1.19999974e+00  6.57464298e-11  1.43048524e-14 
 1.47676107e-08  1.47676107e-08  0.00000000e+00  1.19999974e+00  6.57464298e-11  1.43048531e-14 
 1.47776107e-08  1.47776107e-08  0.00000000e+00  1.19999974e+00  6.57464298e-11  1.43048537e-14 
 1.47876107e-08  1.47876107e-08  0.00000000e+00  1.19999974e+00  6.57464298e-11  1.43048544e-14 
 1.47976107e-08  1.47976107e-08  0.00000000e+00  1.19999974e+00  6.57464298e-11  1.43048551e-14 
 1.48076107e-08  1.48076107e-08  0.00000000e+00  1.19999974e+00  6.57464298e-11  1.43048557e-14 
 1.48176107e-08  1.48176107e-08  0.00000000e+00  1.19999974e+00  6.57464298e-11  1.43048564e-14 
 1.48276107e-08  1.48276107e-08  0.00000000e+00  1.19999974e+00  6.57464298e-11  1.43048570e-14 
 1.48376107e-08  1.48376107e-08  0.00000000e+00  1.19999974e+00  6.57464298e-11  1.43048577e-14 
 1.48476107e-08  1.48476107e-08  0.00000000e+00  1.19999974e+00  6.57464298e-11  1.43048583e-14 
 1.48576107e-08  1.48576107e-08  0.00000000e+00  1.19999974e+00  6.57464298e-11  1.43048590e-14 
 1.48676107e-08  1.48676107e-08  0.00000000e+00  1.19999974e+00  6.57464298e-11  1.43048597e-14 
 1.48776107e-08  1.48776107e-08  0.00000000e+00  1.19999974e+00  6.57464298e-11  1.43048603e-14 
 1.48876107e-08  1.48876107e-08  0.00000000e+00  1.19999974e+00  6.57464298e-11  1.43048610e-14 
 1.48976107e-08  1.48976107e-08  0.00000000e+00  1.19999974e+00  6.57464298e-11  1.43048616e-14 
 1.49076107e-08  1.49076107e-08  0.00000000e+00  1.19999974e+00  6.57464298e-11  1.43048623e-14 
 1.49176107e-08  1.49176107e-08  0.00000000e+00  1.19999974e+00  6.57464298e-11  1.43048630e-14 
 1.49276107e-08  1.49276107e-08  0.00000000e+00  1.19999974e+00  6.57464298e-11  1.43048636e-14 
 1.49376107e-08  1.49376107e-08  0.00000000e+00  1.19999974e+00  6.57464298e-11  1.43048643e-14 
 1.49476107e-08  1.49476107e-08  0.00000000e+00  1.19999974e+00  6.57464298e-11  1.43048649e-14 
 1.49576107e-08  1.49576107e-08  0.00000000e+00  1.19999974e+00  6.57464298e-11  1.43048656e-14 
 1.49676107e-08  1.49676107e-08  0.00000000e+00  1.19999974e+00  6.57464298e-11  1.43048662e-14 
 1.49776107e-08  1.49776107e-08  0.00000000e+00  1.19999974e+00  6.57464298e-11  1.43048669e-14 
 1.49876107e-08  1.49876107e-08  0.00000000e+00  1.19999974e+00  6.57464298e-11  1.43048676e-14 
 1.49976107e-08  1.49976107e-08  0.00000000e+00  1.19999974e+00  6.57464298e-11  1.43048682e-14 
 1.50076107e-08  1.50076107e-08  0.00000000e+00  1.19999974e+00  6.57464298e-11  1.43048689e-14 
 1.50176107e-08  1.50176107e-08  0.00000000e+00  1.19999974e+00  6.57464298e-11  1.43048695e-14 
 1.50276107e-08  1.50276107e-08  0.00000000e+00  1.19999974e+00  6.57464298e-11  1.43048702e-14 
 1.50376107e-08  1.50376107e-08  0.00000000e+00  1.19999974e+00  6.57464298e-11  1.43048708e-14 
 1.50476107e-08  1.50476107e-08  0.00000000e+00  1.19999974e+00  6.57464298e-11  1.43048715e-14 
 1.50576107e-08  1.50576107e-08  0.00000000e+00  1.19999974e+00  6.57464298e-11  1.43048722e-14 
 1.50676107e-08  1.50676107e-08  0.00000000e+00  1.19999974e+00  6.57464298e-11  1.43048728e-14 
 1.50776107e-08  1.50776107e-08  0.00000000e+00  1.19999974e+00  6.57464298e-11  1.43048735e-14 
 1.50876107e-08  1.50876107e-08  0.00000000e+00  1.19999974e+00  6.57464298e-11  1.43048741e-14 
 1.50976107e-08  1.50976107e-08  0.00000000e+00  1.19999974e+00  6.57464298e-11  1.43048748e-14 
 1.51076107e-08  1.51076107e-08  0.00000000e+00  1.19999974e+00  6.57464298e-11  1.43048754e-14 
 1.51176107e-08  1.51176107e-08  0.00000000e+00  1.19999974e+00  6.57464298e-11  1.43048761e-14 
 1.51276107e-08  1.51276107e-08  0.00000000e+00  1.19999974e+00  6.57464298e-11  1.43048768e-14 
 1.51376107e-08  1.51376107e-08  0.00000000e+00  1.19999974e+00  6.57464298e-11  1.43048774e-14 
 1.51476107e-08  1.51476107e-08  0.00000000e+00  1.19999974e+00  6.57464298e-11  1.43048781e-14 
 1.51576107e-08  1.51576107e-08  0.00000000e+00  1.19999974e+00  6.57464298e-11  1.43048787e-14 
 1.51676107e-08  1.51676107e-08  0.00000000e+00  1.19999974e+00  6.57464298e-11  1.43048794e-14 
 1.51776107e-08  1.51776107e-08  0.00000000e+00  1.19999974e+00  6.57464298e-11  1.43048800e-14 
 1.51876107e-08  1.51876107e-08  0.00000000e+00  1.19999974e+00  6.57464298e-11  1.43048807e-14 
 1.51976107e-08  1.51976107e-08  0.00000000e+00  1.19999974e+00  6.57464298e-11  1.43048814e-14 
 1.52076107e-08  1.52076107e-08  0.00000000e+00  1.19999974e+00  6.57464298e-11  1.43048820e-14 
 1.52176107e-08  1.52176107e-08  0.00000000e+00  1.19999974e+00  6.57464298e-11  1.43048827e-14 
 1.52276107e-08  1.52276107e-08  0.00000000e+00  1.19999974e+00  6.57464298e-11  1.43048833e-14 
 1.52376107e-08  1.52376107e-08  0.00000000e+00  1.19999974e+00  6.57464298e-11  1.43048840e-14 
 1.52476107e-08  1.52476107e-08  0.00000000e+00  1.19999974e+00  6.57464298e-11  1.43048846e-14 
 1.52576107e-08  1.52576107e-08  0.00000000e+00  1.19999974e+00  6.57464298e-11  1.43048853e-14 
 1.52676107e-08  1.52676107e-08  0.00000000e+00  1.19999974e+00  6.57464298e-11  1.43048860e-14 
 1.52776107e-08  1.52776107e-08  0.00000000e+00  1.19999974e+00  6.57464298e-11  1.43048866e-14 
 1.52876107e-08  1.52876107e-08  0.00000000e+00  1.19999974e+00  6.57464298e-11  1.43048873e-14 
 1.52976107e-08  1.52976107e-08  0.00000000e+00  1.19999974e+00  6.57464298e-11  1.43048879e-14 
 1.53076107e-08  1.53076107e-08  0.00000000e+00  1.19999974e+00  6.57464298e-11  1.43048886e-14 
 1.53176107e-08  1.53176107e-08  0.00000000e+00  1.19999974e+00  6.57464298e-11  1.43048892e-14 
 1.53276107e-08  1.53276107e-08  0.00000000e+00  1.19999974e+00  6.57464298e-11  1.43048899e-14 
 1.53376107e-08  1.53376107e-08  0.00000000e+00  1.19999974e+00  6.57464298e-11  1.43048906e-14 
 1.53476107e-08  1.53476107e-08  0.00000000e+00  1.19999974e+00  6.57464298e-11  1.43048912e-14 
 1.53576107e-08  1.53576107e-08  0.00000000e+00  1.19999974e+00  6.57464298e-11  1.43048919e-14 
 1.53676107e-08  1.53676107e-08  0.00000000e+00  1.19999974e+00  6.57464298e-11  1.43048925e-14 
 1.53776107e-08  1.53776107e-08  0.00000000e+00  1.19999974e+00  6.57464298e-11  1.43048932e-14 
 1.53876107e-08  1.53876107e-08  0.00000000e+00  1.19999974e+00  6.57464298e-11  1.43048939e-14 
 1.53976107e-08  1.53976107e-08  0.00000000e+00  1.19999974e+00  6.57464298e-11  1.43048945e-14 
 1.54076107e-08  1.54076107e-08  0.00000000e+00  1.19999974e+00  6.57464298e-11  1.43048952e-14 
 1.54176107e-08  1.54176107e-08  0.00000000e+00  1.19999974e+00  6.57464298e-11  1.43048958e-14 
 1.54276107e-08  1.54276107e-08  0.00000000e+00  1.19999974e+00  6.57464298e-11  1.43048965e-14 
 1.54376107e-08  1.54376107e-08  0.00000000e+00  1.19999974e+00  6.57464298e-11  1.43048971e-14 
 1.54476107e-08  1.54476107e-08  0.00000000e+00  1.19999974e+00  6.57464298e-11  1.43048978e-14 
 1.54576107e-08  1.54576107e-08  0.00000000e+00  1.19999974e+00  6.57464298e-11  1.43048985e-14 
 1.54676107e-08  1.54676107e-08  0.00000000e+00  1.19999974e+00  6.57464298e-11  1.43048991e-14 
 1.54776107e-08  1.54776107e-08  0.00000000e+00  1.19999974e+00  6.57464298e-11  1.43048998e-14 
 1.54876107e-08  1.54876107e-08  0.00000000e+00  1.19999974e+00  6.57464298e-11  1.43049004e-14 
 1.54976107e-08  1.54976107e-08  0.00000000e+00  1.19999974e+00  6.57464298e-11  1.43049011e-14 
 1.55076107e-08  1.55076107e-08  0.00000000e+00  1.19999974e+00  6.57464298e-11  1.43049017e-14 
 1.55176107e-08  1.55176107e-08  0.00000000e+00  1.19999974e+00  6.57464298e-11  1.43049024e-14 
 1.55276107e-08  1.55276107e-08  0.00000000e+00  1.19999974e+00  6.57464298e-11  1.43049031e-14 
 1.55376107e-08  1.55376107e-08  0.00000000e+00  1.19999974e+00  6.57464298e-11  1.43049037e-14 
 1.55476107e-08  1.55476107e-08  0.00000000e+00  1.19999974e+00  6.57464298e-11  1.43049044e-14 
 1.55576107e-08  1.55576107e-08  0.00000000e+00  1.19999974e+00  6.57464298e-11  1.43049050e-14 
 1.55676107e-08  1.55676107e-08  0.00000000e+00  1.19999974e+00  6.57464298e-11  1.43049057e-14 
 1.55776107e-08  1.55776107e-08  0.00000000e+00  1.19999974e+00  6.57464298e-11  1.43049063e-14 
 1.55876107e-08  1.55876107e-08  0.00000000e+00  1.19999974e+00  6.57464298e-11  1.43049070e-14 
 1.55976107e-08  1.55976107e-08  0.00000000e+00  1.19999974e+00  6.57464298e-11  1.43049077e-14 
 1.56076107e-08  1.56076107e-08  0.00000000e+00  1.19999974e+00  6.57464298e-11  1.43049083e-14 
 1.56176107e-08  1.56176107e-08  0.00000000e+00  1.19999974e+00  6.57464298e-11  1.43049090e-14 
 1.56276107e-08  1.56276107e-08  0.00000000e+00  1.19999974e+00  6.57464298e-11  1.43049096e-14 
 1.56376107e-08  1.56376107e-08  0.00000000e+00  1.19999974e+00  6.57464298e-11  1.43049103e-14 
 1.56476107e-08  1.56476107e-08  0.00000000e+00  1.19999974e+00  6.57464298e-11  1.43049109e-14 
 1.56576107e-08  1.56576107e-08  0.00000000e+00  1.19999974e+00  6.57464298e-11  1.43049116e-14 
 1.56676107e-08  1.56676107e-08  0.00000000e+00  1.19999974e+00  6.57464298e-11  1.43049123e-14 
 1.56776107e-08  1.56776107e-08  0.00000000e+00  1.19999974e+00  6.57464298e-11  1.43049129e-14 
 1.56876107e-08  1.56876107e-08  0.00000000e+00  1.19999974e+00  6.57464298e-11  1.43049136e-14 
 1.56976107e-08  1.56976107e-08  0.00000000e+00  1.19999974e+00  6.57464298e-11  1.43049142e-14 
 1.57076107e-08  1.57076107e-08  0.00000000e+00  1.19999974e+00  6.57464298e-11  1.43049149e-14 
 1.57176107e-08  1.57176107e-08  0.00000000e+00  1.19999974e+00  6.57464298e-11  1.43049155e-14 
 1.57276107e-08  1.57276107e-08  0.00000000e+00  1.19999974e+00  6.57464298e-11  1.43049162e-14 
 1.57376107e-08  1.57376107e-08  0.00000000e+00  1.19999974e+00  6.57464298e-11  1.43049169e-14 
 1.57476107e-08  1.57476107e-08  0.00000000e+00  1.19999974e+00  6.57464298e-11  1.43049175e-14 
 1.57576107e-08  1.57576107e-08  0.00000000e+00  1.19999974e+00  6.57464298e-11  1.43049182e-14 
 1.57676107e-08  1.57676107e-08  0.00000000e+00  1.19999974e+00  6.57464298e-11  1.43049188e-14 
 1.57776107e-08  1.57776107e-08  0.00000000e+00  1.19999974e+00  6.57464298e-11  1.43049195e-14 
 1.57876107e-08  1.57876107e-08  0.00000000e+00  1.19999974e+00  6.57464298e-11  1.43049201e-14 
 1.57976107e-08  1.57976107e-08  0.00000000e+00  1.19999974e+00  6.57464298e-11  1.43049208e-14 
 1.58076107e-08  1.58076107e-08  0.00000000e+00  1.19999974e+00  6.57464298e-11  1.43049215e-14 
 1.58176107e-08  1.58176107e-08  0.00000000e+00  1.19999974e+00  6.57464298e-11  1.43049221e-14 
 1.58276107e-08  1.58276107e-08  0.00000000e+00  1.19999974e+00  6.57464298e-11  1.43049228e-14 
 1.58376107e-08  1.58376107e-08  0.00000000e+00  1.19999974e+00  6.57464298e-11  1.43049234e-14 
 1.58476107e-08  1.58476107e-08  0.00000000e+00  1.19999974e+00  6.57464298e-11  1.43049241e-14 
 1.58576107e-08  1.58576107e-08  0.00000000e+00  1.19999974e+00  6.57464298e-11  1.43049248e-14 
 1.58676107e-08  1.58676107e-08  0.00000000e+00  1.19999974e+00  6.57464298e-11  1.43049254e-14 
 1.58776107e-08  1.58776107e-08  0.00000000e+00  1.19999974e+00  6.57464298e-11  1.43049261e-14 
 1.58876107e-08  1.58876107e-08  0.00000000e+00  1.19999974e+00  6.57464298e-11  1.43049267e-14 
 1.58976107e-08  1.58976107e-08  0.00000000e+00  1.19999974e+00  6.57464298e-11  1.43049274e-14 
 1.59076107e-08  1.59076107e-08  0.00000000e+00  1.19999974e+00  6.57464298e-11  1.43049280e-14 
 1.59176107e-08  1.59176107e-08  0.00000000e+00  1.19999974e+00  6.57464298e-11  1.43049287e-14 
 1.59276107e-08  1.59276107e-08  0.00000000e+00  1.19999974e+00  6.57464298e-11  1.43049294e-14 
 1.59376107e-08  1.59376107e-08  0.00000000e+00  1.19999974e+00  6.57464298e-11  1.43049300e-14 
 1.59476107e-08  1.59476107e-08  0.00000000e+00  1.19999974e+00  6.57464298e-11  1.43049307e-14 
 1.59576107e-08  1.59576107e-08  0.00000000e+00  1.19999974e+00  6.57464298e-11  1.43049313e-14 
 1.59676107e-08  1.59676107e-08  0.00000000e+00  1.19999974e+00  6.57464298e-11  1.43049320e-14 
 1.59776107e-08  1.59776107e-08  0.00000000e+00  1.19999974e+00  6.57464298e-11  1.43049326e-14 
 1.59876107e-08  1.59876107e-08  0.00000000e+00  1.19999974e+00  6.57464298e-11  1.43049333e-14 
 1.59976107e-08  1.59976107e-08  0.00000000e+00  1.19999974e+00  6.57464298e-11  1.43049340e-14 
 1.60076107e-08  1.60076107e-08  0.00000000e+00  1.19999974e+00  6.57464298e-11  1.43049346e-14 
 1.60176107e-08  1.60176107e-08  0.00000000e+00  1.19999974e+00  6.57464298e-11  1.43049353e-14 
 1.60276107e-08  1.60276107e-08  0.00000000e+00  1.19999974e+00  6.57464298e-11  1.43049359e-14 
 1.60376107e-08  1.60376107e-08  0.00000000e+00  1.19999974e+00  6.57464298e-11  1.43049366e-14 
 1.60476107e-08  1.60476107e-08  0.00000000e+00  1.19999974e+00  6.57464298e-11  1.43049372e-14 
 1.60576107e-08  1.60576107e-08  0.00000000e+00  1.19999974e+00  6.57464298e-11  1.43049379e-14 
 1.60676107e-08  1.60676107e-08  0.00000000e+00  1.19999974e+00  6.57464298e-11  1.43049386e-14 
 1.60776107e-08  1.60776107e-08  0.00000000e+00  1.19999974e+00  6.57464298e-11  1.43049392e-14 
 1.60876107e-08  1.60876107e-08  0.00000000e+00  1.19999974e+00  6.57464298e-11  1.43049399e-14 
 1.60976107e-08  1.60976107e-08  0.00000000e+00  1.19999974e+00  6.57464298e-11  1.43049405e-14 
 1.61076107e-08  1.61076107e-08  0.00000000e+00  1.19999974e+00  6.57464298e-11  1.43049412e-14 
 1.61176107e-08  1.61176107e-08  0.00000000e+00  1.19999974e+00  6.57464298e-11  1.43049418e-14 
 1.61276107e-08  1.61276107e-08  0.00000000e+00  1.19999974e+00  6.57464298e-11  1.43049425e-14 
 1.61376107e-08  1.61376107e-08  0.00000000e+00  1.19999974e+00  6.57464298e-11  1.43049432e-14 
 1.61476107e-08  1.61476107e-08  0.00000000e+00  1.19999974e+00  6.57464298e-11  1.43049438e-14 
 1.61576107e-08  1.61576107e-08  0.00000000e+00  1.19999974e+00  6.57464298e-11  1.43049445e-14 
 1.61676107e-08  1.61676107e-08  0.00000000e+00  1.19999974e+00  6.57464298e-11  1.43049451e-14 
 1.61776107e-08  1.61776107e-08  0.00000000e+00  1.19999974e+00  6.57464298e-11  1.43049458e-14 
 1.61876107e-08  1.61876107e-08  0.00000000e+00  1.19999974e+00  6.57464298e-11  1.43049464e-14 
 1.61976107e-08  1.61976107e-08  0.00000000e+00  1.19999974e+00  6.57464298e-11  1.43049471e-14 
 1.62076107e-08  1.62076107e-08  0.00000000e+00  1.19999974e+00  6.57464298e-11  1.43049478e-14 
 1.62176107e-08  1.62176107e-08  0.00000000e+00  1.19999974e+00  6.57464298e-11  1.43049484e-14 
 1.62276107e-08  1.62276107e-08  0.00000000e+00  1.19999974e+00  6.57464298e-11  1.43049491e-14 
 1.62376107e-08  1.62376107e-08  0.00000000e+00  1.19999974e+00  6.57464298e-11  1.43049497e-14 
 1.62476107e-08  1.62476107e-08  0.00000000e+00  1.19999974e+00  6.57464298e-11  1.43049504e-14 
 1.62576107e-08  1.62576107e-08  0.00000000e+00  1.19999974e+00  6.57464298e-11  1.43049511e-14 
 1.62676107e-08  1.62676107e-08  0.00000000e+00  1.19999974e+00  6.57464298e-11  1.43049517e-14 
 1.62776107e-08  1.62776107e-08  0.00000000e+00  1.19999974e+00  6.57464298e-11  1.43049524e-14 
 1.62876107e-08  1.62876107e-08  0.00000000e+00  1.19999974e+00  6.57464298e-11  1.43049530e-14 
 1.62976107e-08  1.62976107e-08  0.00000000e+00  1.19999974e+00  6.57464298e-11  1.43049537e-14 
 1.63076107e-08  1.63076107e-08  0.00000000e+00  1.19999974e+00  6.57464298e-11  1.43049543e-14 
 1.63176107e-08  1.63176107e-08  0.00000000e+00  1.19999974e+00  6.57464298e-11  1.43049550e-14 
 1.63276107e-08  1.63276107e-08  0.00000000e+00  1.19999974e+00  6.57464298e-11  1.43049557e-14 
 1.63376107e-08  1.63376107e-08  0.00000000e+00  1.19999974e+00  6.57464298e-11  1.43049563e-14 
 1.63476107e-08  1.63476107e-08  0.00000000e+00  1.19999974e+00  6.57464298e-11  1.43049570e-14 
 1.63576107e-08  1.63576107e-08  0.00000000e+00  1.19999974e+00  6.57464298e-11  1.43049576e-14 
 1.63676107e-08  1.63676107e-08  0.00000000e+00  1.19999974e+00  6.57464298e-11  1.43049583e-14 
 1.63776107e-08  1.63776107e-08  0.00000000e+00  1.19999974e+00  6.57464298e-11  1.43049589e-14 
 1.63876107e-08  1.63876107e-08  0.00000000e+00  1.19999974e+00  6.57464298e-11  1.43049596e-14 
 1.63976107e-08  1.63976107e-08  0.00000000e+00  1.19999974e+00  6.57464298e-11  1.43049603e-14 
 1.64076107e-08  1.64076107e-08  0.00000000e+00  1.19999974e+00  6.57464298e-11  1.43049609e-14 
 1.64176107e-08  1.64176107e-08  0.00000000e+00  1.19999974e+00  6.57464298e-11  1.43049616e-14 
 1.64276107e-08  1.64276107e-08  0.00000000e+00  1.19999974e+00  6.57464298e-11  1.43049622e-14 
 1.64376107e-08  1.64376107e-08  0.00000000e+00  1.19999974e+00  6.57464298e-11  1.43049629e-14 
 1.64476107e-08  1.64476107e-08  0.00000000e+00  1.19999974e+00  6.57464298e-11  1.43049635e-14 
 1.64576107e-08  1.64576107e-08  0.00000000e+00  1.19999974e+00  6.57464298e-11  1.43049642e-14 
 1.64676107e-08  1.64676107e-08  0.00000000e+00  1.19999974e+00  6.57464298e-11  1.43049649e-14 
 1.64776107e-08  1.64776107e-08  0.00000000e+00  1.19999974e+00  6.57464298e-11  1.43049655e-14 
 1.64876107e-08  1.64876107e-08  0.00000000e+00  1.19999974e+00  6.57464298e-11  1.43049662e-14 
 1.64976107e-08  1.64976107e-08  0.00000000e+00  1.19999974e+00  6.57464298e-11  1.43049668e-14 
 1.65076107e-08  1.65076107e-08  0.00000000e+00  1.19999974e+00  6.57464298e-11  1.43049675e-14 
 1.65176107e-08  1.65176107e-08  0.00000000e+00  1.19999974e+00  6.57464298e-11  1.43049681e-14 
 1.65276107e-08  1.65276107e-08  0.00000000e+00  1.19999974e+00  6.57464298e-11  1.43049688e-14 
 1.65376107e-08  1.65376107e-08  0.00000000e+00  1.19999974e+00  6.57464298e-11  1.43049695e-14 
 1.65476107e-08  1.65476107e-08  0.00000000e+00  1.19999974e+00  6.57464298e-11  1.43049701e-14 
 1.65576107e-08  1.65576107e-08  0.00000000e+00  1.19999974e+00  6.57464298e-11  1.43049708e-14 
 1.65676107e-08  1.65676107e-08  0.00000000e+00  1.19999974e+00  6.57464298e-11  1.43049714e-14 
 1.65776107e-08  1.65776107e-08  0.00000000e+00  1.19999974e+00  6.57464298e-11  1.43049721e-14 
 1.65876107e-08  1.65876107e-08  0.00000000e+00  1.19999974e+00  6.57464298e-11  1.43049727e-14 
 1.65976107e-08  1.65976107e-08  0.00000000e+00  1.19999974e+00  6.57464298e-11  1.43049734e-14 
 1.66076107e-08  1.66076107e-08  0.00000000e+00  1.19999974e+00  6.57464298e-11  1.43049741e-14 
 1.66176107e-08  1.66176107e-08  0.00000000e+00  1.19999974e+00  6.57464298e-11  1.43049747e-14 
 1.66276107e-08  1.66276107e-08  0.00000000e+00  1.19999974e+00  6.57464298e-11  1.43049754e-14 
 1.66376107e-08  1.66376107e-08  0.00000000e+00  1.19999974e+00  6.57464298e-11  1.43049760e-14 
 1.66476107e-08  1.66476107e-08  0.00000000e+00  1.19999974e+00  6.57464298e-11  1.43049767e-14 
 1.66576107e-08  1.66576107e-08  0.00000000e+00  1.19999974e+00  6.57464298e-11  1.43049773e-14 
 1.66676107e-08  1.66676107e-08  0.00000000e+00  1.19999974e+00  6.57464298e-11  1.43049780e-14 
 1.66776107e-08  1.66776107e-08  0.00000000e+00  1.19999974e+00  6.57464298e-11  1.43049787e-14 
 1.66876107e-08  1.66876107e-08  0.00000000e+00  1.19999974e+00  6.57464298e-11  1.43049793e-14 
 1.66976107e-08  1.66976107e-08  0.00000000e+00  1.19999974e+00  6.57464298e-11  1.43049800e-14 
 1.67076107e-08  1.67076107e-08  0.00000000e+00  1.19999974e+00  6.57464298e-11  1.43049806e-14 
 1.67176107e-08  1.67176107e-08  0.00000000e+00  1.19999974e+00  6.57464298e-11  1.43049813e-14 
 1.67276107e-08  1.67276107e-08  0.00000000e+00  1.19999974e+00  6.57464298e-11  1.43049820e-14 
 1.67376107e-08  1.67376107e-08  0.00000000e+00  1.19999974e+00  6.57464298e-11  1.43049826e-14 
 1.67476107e-08  1.67476107e-08  0.00000000e+00  1.19999974e+00  6.57464298e-11  1.43049833e-14 
 1.67576107e-08  1.67576107e-08  0.00000000e+00  1.19999974e+00  6.57464298e-11  1.43049839e-14 
 1.67676107e-08  1.67676107e-08  0.00000000e+00  1.19999974e+00  6.57464298e-11  1.43049846e-14 
 1.67776107e-08  1.67776107e-08  0.00000000e+00  1.19999974e+00  6.57464298e-11  1.43049852e-14 
 1.67876107e-08  1.67876107e-08  0.00000000e+00  1.19999974e+00  6.57464298e-11  1.43049859e-14 
 1.67976107e-08  1.67976107e-08  0.00000000e+00  1.19999974e+00  6.57464298e-11  1.43049866e-14 
 1.68076107e-08  1.68076107e-08  0.00000000e+00  1.19999974e+00  6.57464298e-11  1.43049872e-14 
 1.68176107e-08  1.68176107e-08  0.00000000e+00  1.19999974e+00  6.57464298e-11  1.43049879e-14 
 1.68276107e-08  1.68276107e-08  0.00000000e+00  1.19999974e+00  6.57464298e-11  1.43049885e-14 
 1.68376107e-08  1.68376107e-08  0.00000000e+00  1.19999974e+00  6.57464298e-11  1.43049892e-14 
 1.68476107e-08  1.68476107e-08  0.00000000e+00  1.19999974e+00  6.57464298e-11  1.43049898e-14 
 1.68576107e-08  1.68576107e-08  0.00000000e+00  1.19999974e+00  6.57464298e-11  1.43049905e-14 
 1.68676107e-08  1.68676107e-08  0.00000000e+00  1.19999974e+00  6.57464298e-11  1.43049912e-14 
 1.68776107e-08  1.68776107e-08  0.00000000e+00  1.19999974e+00  6.57464298e-11  1.43049918e-14 
 1.68876107e-08  1.68876107e-08  0.00000000e+00  1.19999974e+00  6.57464298e-11  1.43049925e-14 
 1.68976107e-08  1.68976107e-08  0.00000000e+00  1.19999974e+00  6.57464298e-11  1.43049931e-14 
 1.69076107e-08  1.69076107e-08  0.00000000e+00  1.19999974e+00  6.57464298e-11  1.43049938e-14 
 1.69176107e-08  1.69176107e-08  0.00000000e+00  1.19999974e+00  6.57464298e-11  1.43049944e-14 
 1.69276107e-08  1.69276107e-08  0.00000000e+00  1.19999974e+00  6.57464298e-11  1.43049951e-14 
 1.69376107e-08  1.69376107e-08  0.00000000e+00  1.19999974e+00  6.57464298e-11  1.43049958e-14 
 1.69476107e-08  1.69476107e-08  0.00000000e+00  1.19999974e+00  6.57464298e-11  1.43049964e-14 
 1.69576107e-08  1.69576107e-08  0.00000000e+00  1.19999974e+00  6.57464298e-11  1.43049971e-14 
 1.69676107e-08  1.69676107e-08  0.00000000e+00  1.19999974e+00  6.57464298e-11  1.43049977e-14 
 1.69776107e-08  1.69776107e-08  0.00000000e+00  1.19999974e+00  6.57464298e-11  1.43049984e-14 
 1.69876107e-08  1.69876107e-08  0.00000000e+00  1.19999974e+00  6.57464298e-11  1.43049990e-14 
 1.69976107e-08  1.69976107e-08  0.00000000e+00  1.19999974e+00  6.57464298e-11  1.43049997e-14 
 1.70076107e-08  1.70076107e-08  0.00000000e+00  1.19999974e+00  6.57464298e-11  1.43050004e-14 
 1.70176107e-08  1.70176107e-08  0.00000000e+00  1.19999974e+00  6.57464298e-11  1.43050010e-14 
 1.70276107e-08  1.70276107e-08  0.00000000e+00  1.19999974e+00  6.57464298e-11  1.43050017e-14 
 1.70376107e-08  1.70376107e-08  0.00000000e+00  1.19999974e+00  6.57464298e-11  1.43050023e-14 
 1.70476107e-08  1.70476107e-08  0.00000000e+00  1.19999974e+00  6.57464298e-11  1.43050030e-14 
 1.70576107e-08  1.70576107e-08  0.00000000e+00  1.19999974e+00  6.57464298e-11  1.43050036e-14 
 1.70676107e-08  1.70676107e-08  0.00000000e+00  1.19999974e+00  6.57464298e-11  1.43050043e-14 
 1.70776107e-08  1.70776107e-08  0.00000000e+00  1.19999974e+00  6.57464298e-11  1.43050050e-14 
 1.70876107e-08  1.70876107e-08  0.00000000e+00  1.19999974e+00  6.57464298e-11  1.43050056e-14 
 1.70976107e-08  1.70976107e-08  0.00000000e+00  1.19999974e+00  6.57464298e-11  1.43050063e-14 
 1.71076107e-08  1.71076107e-08  0.00000000e+00  1.19999974e+00  6.57464298e-11  1.43050069e-14 
 1.71176107e-08  1.71176107e-08  0.00000000e+00  1.19999974e+00  6.57464298e-11  1.43050076e-14 
 1.71276107e-08  1.71276107e-08  0.00000000e+00  1.19999974e+00  6.57464298e-11  1.43050082e-14 
 1.71376107e-08  1.71376107e-08  0.00000000e+00  1.19999974e+00  6.57464298e-11  1.43050089e-14 
 1.71476107e-08  1.71476107e-08  0.00000000e+00  1.19999974e+00  6.57464298e-11  1.43050096e-14 
 1.71576107e-08  1.71576107e-08  0.00000000e+00  1.19999974e+00  6.57464298e-11  1.43050102e-14 
 1.71676107e-08  1.71676107e-08  0.00000000e+00  1.19999974e+00  6.57464298e-11  1.43050109e-14 
 1.71776107e-08  1.71776107e-08  0.00000000e+00  1.19999974e+00  6.57464298e-11  1.43050115e-14 
 1.71876107e-08  1.71876107e-08  0.00000000e+00  1.19999974e+00  6.57464298e-11  1.43050122e-14 
 1.71976107e-08  1.71976107e-08  0.00000000e+00  1.19999974e+00  6.57464298e-11  1.43050129e-14 
 1.72076107e-08  1.72076107e-08  0.00000000e+00  1.19999974e+00  6.57464298e-11  1.43050135e-14 
 1.72176107e-08  1.72176107e-08  0.00000000e+00  1.19999974e+00  6.57464298e-11  1.43050142e-14 
 1.72276107e-08  1.72276107e-08  0.00000000e+00  1.19999974e+00  6.57464298e-11  1.43050148e-14 
 1.72376107e-08  1.72376107e-08  0.00000000e+00  1.19999974e+00  6.57464298e-11  1.43050155e-14 
 1.72476107e-08  1.72476107e-08  0.00000000e+00  1.19999974e+00  6.57464298e-11  1.43050161e-14 
 1.72576107e-08  1.72576107e-08  0.00000000e+00  1.19999974e+00  6.57464298e-11  1.43050168e-14 
 1.72676107e-08  1.72676107e-08  0.00000000e+00  1.19999974e+00  6.57464298e-11  1.43050175e-14 
 1.72776107e-08  1.72776107e-08  0.00000000e+00  1.19999974e+00  6.57464298e-11  1.43050181e-14 
 1.72876107e-08  1.72876107e-08  0.00000000e+00  1.19999974e+00  6.57464298e-11  1.43050188e-14 
 1.72976107e-08  1.72976107e-08  0.00000000e+00  1.19999974e+00  6.57464298e-11  1.43050194e-14 
 1.73076107e-08  1.73076107e-08  0.00000000e+00  1.19999974e+00  6.57464298e-11  1.43050201e-14 
 1.73176107e-08  1.73176107e-08  0.00000000e+00  1.19999974e+00  6.57464298e-11  1.43050207e-14 
 1.73276107e-08  1.73276107e-08  0.00000000e+00  1.19999974e+00  6.57464298e-11  1.43050214e-14 
 1.73376107e-08  1.73376107e-08  0.00000000e+00  1.19999974e+00  6.57464298e-11  1.43050221e-14 
 1.73476107e-08  1.73476107e-08  0.00000000e+00  1.19999974e+00  6.57464298e-11  1.43050227e-14 
 1.73576107e-08  1.73576107e-08  0.00000000e+00  1.19999974e+00  6.57464298e-11  1.43050234e-14 
 1.73676107e-08  1.73676107e-08  0.00000000e+00  1.19999974e+00  6.57464298e-11  1.43050240e-14 
 1.73776107e-08  1.73776107e-08  0.00000000e+00  1.19999974e+00  6.57464298e-11  1.43050247e-14 
 1.73876107e-08  1.73876107e-08  0.00000000e+00  1.19999974e+00  6.57464298e-11  1.43050253e-14 
 1.73976107e-08  1.73976107e-08  0.00000000e+00  1.19999974e+00  6.57464298e-11  1.43050260e-14 
 1.74076107e-08  1.74076107e-08  0.00000000e+00  1.19999974e+00  6.57464298e-11  1.43050267e-14 
 1.74176107e-08  1.74176107e-08  0.00000000e+00  1.19999974e+00  6.57464298e-11  1.43050273e-14 
 1.74276107e-08  1.74276107e-08  0.00000000e+00  1.19999974e+00  6.57464298e-11  1.43050280e-14 
 1.74376107e-08  1.74376107e-08  0.00000000e+00  1.19999974e+00  6.57464298e-11  1.43050286e-14 
 1.74476107e-08  1.74476107e-08  0.00000000e+00  1.19999974e+00  6.57464298e-11  1.43050293e-14 
 1.74576107e-08  1.74576107e-08  0.00000000e+00  1.19999974e+00  6.57464298e-11  1.43050299e-14 
 1.74676107e-08  1.74676107e-08  0.00000000e+00  1.19999974e+00  6.57464298e-11  1.43050306e-14 
 1.74776107e-08  1.74776107e-08  0.00000000e+00  1.19999974e+00  6.57464298e-11  1.43050313e-14 
 1.74876107e-08  1.74876107e-08  0.00000000e+00  1.19999974e+00  6.57464298e-11  1.43050319e-14 
 1.74976107e-08  1.74976107e-08  0.00000000e+00  1.19999974e+00  6.57464298e-11  1.43050326e-14 
 1.75076107e-08  1.75076107e-08  0.00000000e+00  1.19999974e+00  6.57464298e-11  1.43050332e-14 
 1.75176107e-08  1.75176107e-08  0.00000000e+00  1.19999974e+00  6.57464298e-11  1.43050339e-14 
 1.75276107e-08  1.75276107e-08  0.00000000e+00  1.19999974e+00  6.57464298e-11  1.43050345e-14 
 1.75376107e-08  1.75376107e-08  0.00000000e+00  1.19999974e+00  6.57464298e-11  1.43050352e-14 
 1.75476107e-08  1.75476107e-08  0.00000000e+00  1.19999974e+00  6.57464298e-11  1.43050359e-14 
 1.75576107e-08  1.75576107e-08  0.00000000e+00  1.19999974e+00  6.57464298e-11  1.43050365e-14 
 1.75676107e-08  1.75676107e-08  0.00000000e+00  1.19999974e+00  6.57464298e-11  1.43050372e-14 
 1.75776107e-08  1.75776107e-08  0.00000000e+00  1.19999974e+00  6.57464298e-11  1.43050378e-14 
 1.75876107e-08  1.75876107e-08  0.00000000e+00  1.19999974e+00  6.57464298e-11  1.43050385e-14 
 1.75976107e-08  1.75976107e-08  0.00000000e+00  1.19999974e+00  6.57464298e-11  1.43050392e-14 
 1.76076107e-08  1.76076107e-08  0.00000000e+00  1.19999974e+00  6.57464298e-11  1.43050398e-14 
 1.76176107e-08  1.76176107e-08  0.00000000e+00  1.19999974e+00  6.57464298e-11  1.43050405e-14 
 1.76276107e-08  1.76276107e-08  0.00000000e+00  1.19999974e+00  6.57464298e-11  1.43050411e-14 
 1.76376107e-08  1.76376107e-08  0.00000000e+00  1.19999974e+00  6.57464298e-11  1.43050418e-14 
 1.76476107e-08  1.76476107e-08  0.00000000e+00  1.19999974e+00  6.57464298e-11  1.43050424e-14 
 1.76576107e-08  1.76576107e-08  0.00000000e+00  1.19999974e+00  6.57464298e-11  1.43050431e-14 
 1.76676107e-08  1.76676107e-08  0.00000000e+00  1.19999974e+00  6.57464298e-11  1.43050438e-14 
 1.76776107e-08  1.76776107e-08  0.00000000e+00  1.19999974e+00  6.57464298e-11  1.43050444e-14 
 1.76876107e-08  1.76876107e-08  0.00000000e+00  1.19999974e+00  6.57464298e-11  1.43050451e-14 
 1.76976107e-08  1.76976107e-08  0.00000000e+00  1.19999974e+00  6.57464298e-11  1.43050457e-14 
 1.77076107e-08  1.77076107e-08  0.00000000e+00  1.19999974e+00  6.57464298e-11  1.43050464e-14 
 1.77176107e-08  1.77176107e-08  0.00000000e+00  1.19999974e+00  6.57464298e-11  1.43050470e-14 
 1.77276107e-08  1.77276107e-08  0.00000000e+00  1.19999974e+00  6.57464298e-11  1.43050477e-14 
 1.77376107e-08  1.77376107e-08  0.00000000e+00  1.19999974e+00  6.57464298e-11  1.43050484e-14 
 1.77476107e-08  1.77476107e-08  0.00000000e+00  1.19999974e+00  6.57464298e-11  1.43050490e-14 
 1.77576107e-08  1.77576107e-08  0.00000000e+00  1.19999974e+00  6.57464298e-11  1.43050497e-14 
 1.77676107e-08  1.77676107e-08  0.00000000e+00  1.19999974e+00  6.57464298e-11  1.43050503e-14 
 1.77776107e-08  1.77776107e-08  0.00000000e+00  1.19999974e+00  6.57464298e-11  1.43050510e-14 
 1.77876107e-08  1.77876107e-08  0.00000000e+00  1.19999974e+00  6.57464298e-11  1.43050516e-14 
 1.77976107e-08  1.77976107e-08  0.00000000e+00  1.19999974e+00  6.57464298e-11  1.43050523e-14 
 1.78076107e-08  1.78076107e-08  0.00000000e+00  1.19999974e+00  6.57464298e-11  1.43050530e-14 
 1.78176107e-08  1.78176107e-08  0.00000000e+00  1.19999974e+00  6.57464298e-11  1.43050536e-14 
 1.78276107e-08  1.78276107e-08  0.00000000e+00  1.19999974e+00  6.57464298e-11  1.43050543e-14 
 1.78376107e-08  1.78376107e-08  0.00000000e+00  1.19999974e+00  6.57464298e-11  1.43050549e-14 
 1.78476107e-08  1.78476107e-08  0.00000000e+00  1.19999974e+00  6.57464298e-11  1.43050556e-14 
 1.78576107e-08  1.78576107e-08  0.00000000e+00  1.19999974e+00  6.57464298e-11  1.43050562e-14 
 1.78676107e-08  1.78676107e-08  0.00000000e+00  1.19999974e+00  6.57464298e-11  1.43050569e-14 
 1.78776107e-08  1.78776107e-08  0.00000000e+00  1.19999974e+00  6.57464298e-11  1.43050576e-14 
 1.78876107e-08  1.78876107e-08  0.00000000e+00  1.19999974e+00  6.57464298e-11  1.43050582e-14 
 1.78976107e-08  1.78976107e-08  0.00000000e+00  1.19999974e+00  6.57464298e-11  1.43050589e-14 
 1.79076107e-08  1.79076107e-08  0.00000000e+00  1.19999974e+00  6.57464298e-11  1.43050595e-14 
 1.79176107e-08  1.79176107e-08  0.00000000e+00  1.19999974e+00  6.57464298e-11  1.43050602e-14 
 1.79276107e-08  1.79276107e-08  0.00000000e+00  1.19999974e+00  6.57464298e-11  1.43050608e-14 
 1.79376107e-08  1.79376107e-08  0.00000000e+00  1.19999974e+00  6.57464298e-11  1.43050615e-14 
 1.79476107e-08  1.79476107e-08  0.00000000e+00  1.19999974e+00  6.57464298e-11  1.43050622e-14 
 1.79576107e-08  1.79576107e-08  0.00000000e+00  1.19999974e+00  6.57464298e-11  1.43050628e-14 
 1.79676107e-08  1.79676107e-08  0.00000000e+00  1.19999974e+00  6.57464298e-11  1.43050635e-14 
 1.79776107e-08  1.79776107e-08  0.00000000e+00  1.19999974e+00  6.57464298e-11  1.43050641e-14 
 1.79876107e-08  1.79876107e-08  0.00000000e+00  1.19999974e+00  6.57464298e-11  1.43050648e-14 
 1.79976107e-08  1.79976107e-08  0.00000000e+00  1.19999974e+00  6.57464298e-11  1.43050654e-14 
 1.80076107e-08  1.80076107e-08  0.00000000e+00  1.19999974e+00  6.57464298e-11  1.43050661e-14 
 1.80176107e-08  1.80176107e-08  0.00000000e+00  1.19999974e+00  6.57464298e-11  1.43050668e-14 
 1.80276107e-08  1.80276107e-08  0.00000000e+00  1.19999974e+00  6.57464298e-11  1.43050674e-14 
 1.80376107e-08  1.80376107e-08  0.00000000e+00  1.19999974e+00  6.57464298e-11  1.43050681e-14 
 1.80476107e-08  1.80476107e-08  0.00000000e+00  1.19999974e+00  6.57464298e-11  1.43050687e-14 
 1.80576107e-08  1.80576107e-08  0.00000000e+00  1.19999974e+00  6.57464298e-11  1.43050694e-14 
 1.80676107e-08  1.80676107e-08  0.00000000e+00  1.19999974e+00  6.57464298e-11  1.43050701e-14 
 1.80776107e-08  1.80776107e-08  0.00000000e+00  1.19999974e+00  6.57464298e-11  1.43050707e-14 
 1.80876107e-08  1.80876107e-08  0.00000000e+00  1.19999974e+00  6.57464298e-11  1.43050714e-14 
 1.80976107e-08  1.80976107e-08  0.00000000e+00  1.19999974e+00  6.57464298e-11  1.43050720e-14 
 1.81076107e-08  1.81076107e-08  0.00000000e+00  1.19999974e+00  6.57464298e-11  1.43050727e-14 
 1.81176107e-08  1.81176107e-08  0.00000000e+00  1.19999974e+00  6.57464298e-11  1.43050733e-14 
 1.81276107e-08  1.81276107e-08  0.00000000e+00  1.19999974e+00  6.57464298e-11  1.43050740e-14 
 1.81376107e-08  1.81376107e-08  0.00000000e+00  1.19999974e+00  6.57464298e-11  1.43050747e-14 
 1.81476107e-08  1.81476107e-08  0.00000000e+00  1.19999974e+00  6.57464298e-11  1.43050753e-14 
 1.81576107e-08  1.81576107e-08  0.00000000e+00  1.19999974e+00  6.57464298e-11  1.43050760e-14 
 1.81676107e-08  1.81676107e-08  0.00000000e+00  1.19999974e+00  6.57464298e-11  1.43050766e-14 
 1.81776107e-08  1.81776107e-08  0.00000000e+00  1.19999974e+00  6.57464298e-11  1.43050773e-14 
 1.81876107e-08  1.81876107e-08  0.00000000e+00  1.19999974e+00  6.57464298e-11  1.43050779e-14 
 1.81976107e-08  1.81976107e-08  0.00000000e+00  1.19999974e+00  6.57464298e-11  1.43050786e-14 
 1.82076107e-08  1.82076107e-08  0.00000000e+00  1.19999974e+00  6.57464298e-11  1.43050793e-14 
 1.82176107e-08  1.82176107e-08  0.00000000e+00  1.19999974e+00  6.57464298e-11  1.43050799e-14 
 1.82276107e-08  1.82276107e-08  0.00000000e+00  1.19999974e+00  6.57464298e-11  1.43050806e-14 
 1.82376107e-08  1.82376107e-08  0.00000000e+00  1.19999974e+00  6.57464298e-11  1.43050812e-14 
 1.82476107e-08  1.82476107e-08  0.00000000e+00  1.19999974e+00  6.57464298e-11  1.43050819e-14 
 1.82576107e-08  1.82576107e-08  0.00000000e+00  1.19999974e+00  6.57464298e-11  1.43050825e-14 
 1.82676107e-08  1.82676107e-08  0.00000000e+00  1.19999974e+00  6.57464298e-11  1.43050832e-14 
 1.82776107e-08  1.82776107e-08  0.00000000e+00  1.19999974e+00  6.57464298e-11  1.43050839e-14 
 1.82876107e-08  1.82876107e-08  0.00000000e+00  1.19999974e+00  6.57464298e-11  1.43050845e-14 
 1.82976107e-08  1.82976107e-08  0.00000000e+00  1.19999974e+00  6.57464298e-11  1.43050852e-14 
 1.83076107e-08  1.83076107e-08  0.00000000e+00  1.19999974e+00  6.57464298e-11  1.43050858e-14 
 1.83176107e-08  1.83176107e-08  0.00000000e+00  1.19999974e+00  6.57464298e-11  1.43050865e-14 
 1.83276107e-08  1.83276107e-08  0.00000000e+00  1.19999974e+00  6.57464298e-11  1.43050871e-14 
 1.83376107e-08  1.83376107e-08  0.00000000e+00  1.19999974e+00  6.57464298e-11  1.43050878e-14 
 1.83476107e-08  1.83476107e-08  0.00000000e+00  1.19999974e+00  6.57464298e-11  1.43050885e-14 
 1.83576107e-08  1.83576107e-08  0.00000000e+00  1.19999974e+00  6.57464298e-11  1.43050891e-14 
 1.83676107e-08  1.83676107e-08  0.00000000e+00  1.19999974e+00  6.57464298e-11  1.43050898e-14 
 1.83776107e-08  1.83776107e-08  0.00000000e+00  1.19999974e+00  6.57464298e-11  1.43050904e-14 
 1.83876107e-08  1.83876107e-08  0.00000000e+00  1.19999974e+00  6.57464298e-11  1.43050911e-14 
 1.83976107e-08  1.83976107e-08  0.00000000e+00  1.19999974e+00  6.57464298e-11  1.43050917e-14 
 1.84076107e-08  1.84076107e-08  0.00000000e+00  1.19999974e+00  6.57464298e-11  1.43050924e-14 
 1.84176107e-08  1.84176107e-08  0.00000000e+00  1.19999974e+00  6.57464298e-11  1.43050931e-14 
 1.84276107e-08  1.84276107e-08  0.00000000e+00  1.19999974e+00  6.57464298e-11  1.43050937e-14 
 1.84376107e-08  1.84376107e-08  0.00000000e+00  1.19999974e+00  6.57464298e-11  1.43050944e-14 
 1.84476107e-08  1.84476107e-08  0.00000000e+00  1.19999974e+00  6.57464298e-11  1.43050950e-14 
 1.84576107e-08  1.84576107e-08  0.00000000e+00  1.19999974e+00  6.57464298e-11  1.43050957e-14 
 1.84676107e-08  1.84676107e-08  0.00000000e+00  1.19999974e+00  6.57464298e-11  1.43050964e-14 
 1.84776107e-08  1.84776107e-08  0.00000000e+00  1.19999974e+00  6.57464298e-11  1.43050970e-14 
 1.84876107e-08  1.84876107e-08  0.00000000e+00  1.19999974e+00  6.57464298e-11  1.43050977e-14 
 1.84976107e-08  1.84976107e-08  0.00000000e+00  1.19999974e+00  6.57464298e-11  1.43050983e-14 
 1.85076107e-08  1.85076107e-08  0.00000000e+00  1.19999974e+00  6.57464298e-11  1.43050990e-14 
 1.85176107e-08  1.85176107e-08  0.00000000e+00  1.19999974e+00  6.57464298e-11  1.43050996e-14 
 1.85276107e-08  1.85276107e-08  0.00000000e+00  1.19999974e+00  6.57464298e-11  1.43051003e-14 
 1.85376107e-08  1.85376107e-08  0.00000000e+00  1.19999974e+00  6.57464298e-11  1.43051010e-14 
 1.85476107e-08  1.85476107e-08  0.00000000e+00  1.19999974e+00  6.57464298e-11  1.43051016e-14 
 1.85576107e-08  1.85576107e-08  0.00000000e+00  1.19999974e+00  6.57464298e-11  1.43051023e-14 
 1.85676107e-08  1.85676107e-08  0.00000000e+00  1.19999974e+00  6.57464298e-11  1.43051029e-14 
 1.85776107e-08  1.85776107e-08  0.00000000e+00  1.19999974e+00  6.57464298e-11  1.43051036e-14 
 1.85876107e-08  1.85876107e-08  0.00000000e+00  1.19999974e+00  6.57464298e-11  1.43051042e-14 
 1.85976107e-08  1.85976107e-08  0.00000000e+00  1.19999974e+00  6.57464298e-11  1.43051049e-14 
 1.86076107e-08  1.86076107e-08  0.00000000e+00  1.19999974e+00  6.57464298e-11  1.43051056e-14 
 1.86176107e-08  1.86176107e-08  0.00000000e+00  1.19999974e+00  6.57464298e-11  1.43051062e-14 
 1.86276107e-08  1.86276107e-08  0.00000000e+00  1.19999974e+00  6.57464298e-11  1.43051069e-14 
 1.86376107e-08  1.86376107e-08  0.00000000e+00  1.19999974e+00  6.57464298e-11  1.43051075e-14 
 1.86476107e-08  1.86476107e-08  0.00000000e+00  1.19999974e+00  6.57464298e-11  1.43051082e-14 
 1.86576107e-08  1.86576107e-08  0.00000000e+00  1.19999974e+00  6.57464298e-11  1.43051088e-14 
 1.86676107e-08  1.86676107e-08  0.00000000e+00  1.19999974e+00  6.57464298e-11  1.43051095e-14 
 1.86776107e-08  1.86776107e-08  0.00000000e+00  1.19999974e+00  6.57464298e-11  1.43051102e-14 
 1.86876107e-08  1.86876107e-08  0.00000000e+00  1.19999974e+00  6.57464298e-11  1.43051108e-14 
 1.86976107e-08  1.86976107e-08  0.00000000e+00  1.19999974e+00  6.57464298e-11  1.43051115e-14 
 1.87076107e-08  1.87076107e-08  0.00000000e+00  1.19999974e+00  6.57464298e-11  1.43051121e-14 
 1.87176107e-08  1.87176107e-08  0.00000000e+00  1.19999974e+00  6.57464298e-11  1.43051128e-14 
 1.87276107e-08  1.87276107e-08  0.00000000e+00  1.19999974e+00  6.57464298e-11  1.43051134e-14 
 1.87376107e-08  1.87376107e-08  0.00000000e+00  1.19999974e+00  6.57464298e-11  1.43051141e-14 
 1.87476107e-08  1.87476107e-08  0.00000000e+00  1.19999974e+00  6.57464298e-11  1.43051148e-14 
 1.87576107e-08  1.87576107e-08  0.00000000e+00  1.19999974e+00  6.57464298e-11  1.43051154e-14 
 1.87676107e-08  1.87676107e-08  0.00000000e+00  1.19999974e+00  6.57464298e-11  1.43051161e-14 
 1.87776107e-08  1.87776107e-08  0.00000000e+00  1.19999974e+00  6.57464298e-11  1.43051167e-14 
 1.87876107e-08  1.87876107e-08  0.00000000e+00  1.19999974e+00  6.57464298e-11  1.43051174e-14 
 1.87976107e-08  1.87976107e-08  0.00000000e+00  1.19999974e+00  6.57464298e-11  1.43051180e-14 
 1.88076107e-08  1.88076107e-08  0.00000000e+00  1.19999974e+00  6.57464298e-11  1.43051187e-14 
 1.88176107e-08  1.88176107e-08  0.00000000e+00  1.19999974e+00  6.57464298e-11  1.43051194e-14 
 1.88276107e-08  1.88276107e-08  0.00000000e+00  1.19999974e+00  6.57464298e-11  1.43051200e-14 
 1.88376107e-08  1.88376107e-08  0.00000000e+00  1.19999974e+00  6.57464298e-11  1.43051207e-14 
 1.88476107e-08  1.88476107e-08  0.00000000e+00  1.19999974e+00  6.57464298e-11  1.43051213e-14 
 1.88576107e-08  1.88576107e-08  0.00000000e+00  1.19999974e+00  6.57464298e-11  1.43051220e-14 
 1.88676107e-08  1.88676107e-08  0.00000000e+00  1.19999974e+00  6.57464298e-11  1.43051226e-14 
 1.88776107e-08  1.88776107e-08  0.00000000e+00  1.19999974e+00  6.57464298e-11  1.43051233e-14 
 1.88876107e-08  1.88876107e-08  0.00000000e+00  1.19999974e+00  6.57464298e-11  1.43051240e-14 
 1.88976107e-08  1.88976107e-08  0.00000000e+00  1.19999974e+00  6.57464298e-11  1.43051246e-14 
 1.89076107e-08  1.89076107e-08  0.00000000e+00  1.19999974e+00  6.57464298e-11  1.43051253e-14 
 1.89176107e-08  1.89176107e-08  0.00000000e+00  1.19999974e+00  6.57464298e-11  1.43051259e-14 
 1.89276107e-08  1.89276107e-08  0.00000000e+00  1.19999974e+00  6.57464298e-11  1.43051266e-14 
 1.89376107e-08  1.89376107e-08  0.00000000e+00  1.19999974e+00  6.57464298e-11  1.43051273e-14 
 1.89476107e-08  1.89476107e-08  0.00000000e+00  1.19999974e+00  6.57464298e-11  1.43051279e-14 
 1.89576107e-08  1.89576107e-08  0.00000000e+00  1.19999974e+00  6.57464298e-11  1.43051286e-14 
 1.89676107e-08  1.89676107e-08  0.00000000e+00  1.19999974e+00  6.57464298e-11  1.43051292e-14 
 1.89776107e-08  1.89776107e-08  0.00000000e+00  1.19999974e+00  6.57464298e-11  1.43051299e-14 
 1.89876107e-08  1.89876107e-08  0.00000000e+00  1.19999974e+00  6.57464298e-11  1.43051305e-14 
 1.89976107e-08  1.89976107e-08  0.00000000e+00  1.19999974e+00  6.57464298e-11  1.43051312e-14 
 1.90076107e-08  1.90076107e-08  0.00000000e+00  1.19999974e+00  6.57464298e-11  1.43051319e-14 
 1.90176107e-08  1.90176107e-08  0.00000000e+00  1.19999974e+00  6.57464298e-11  1.43051325e-14 
 1.90276107e-08  1.90276107e-08  0.00000000e+00  1.19999974e+00  6.57464298e-11  1.43051332e-14 
 1.90376107e-08  1.90376107e-08  0.00000000e+00  1.19999974e+00  6.57464298e-11  1.43051338e-14 
 1.90476107e-08  1.90476107e-08  0.00000000e+00  1.19999974e+00  6.57464298e-11  1.43051345e-14 
 1.90576107e-08  1.90576107e-08  0.00000000e+00  1.19999974e+00  6.57464298e-11  1.43051351e-14 
 1.90676107e-08  1.90676107e-08  0.00000000e+00  1.19999974e+00  6.57464298e-11  1.43051358e-14 
 1.90776107e-08  1.90776107e-08  0.00000000e+00  1.19999974e+00  6.57464298e-11  1.43051365e-14 
 1.90876107e-08  1.90876107e-08  0.00000000e+00  1.19999974e+00  6.57464298e-11  1.43051371e-14 
 1.90976107e-08  1.90976107e-08  0.00000000e+00  1.19999974e+00  6.57464298e-11  1.43051378e-14 
 1.91076107e-08  1.91076107e-08  0.00000000e+00  1.19999974e+00  6.57464298e-11  1.43051384e-14 
 1.91176107e-08  1.91176107e-08  0.00000000e+00  1.19999974e+00  6.57464298e-11  1.43051391e-14 
 1.91276107e-08  1.91276107e-08  0.00000000e+00  1.19999974e+00  6.57464298e-11  1.43051397e-14 
 1.91376107e-08  1.91376107e-08  0.00000000e+00  1.19999974e+00  6.57464298e-11  1.43051404e-14 
 1.91476107e-08  1.91476107e-08  0.00000000e+00  1.19999974e+00  6.57464298e-11  1.43051411e-14 
 1.91576107e-08  1.91576107e-08  0.00000000e+00  1.19999974e+00  6.57464298e-11  1.43051417e-14 
 1.91676107e-08  1.91676107e-08  0.00000000e+00  1.19999974e+00  6.57464298e-11  1.43051424e-14 
 1.91776107e-08  1.91776107e-08  0.00000000e+00  1.19999974e+00  6.57464298e-11  1.43051430e-14 
 1.91876107e-08  1.91876107e-08  0.00000000e+00  1.19999974e+00  6.57464298e-11  1.43051437e-14 
 1.91976107e-08  1.91976107e-08  0.00000000e+00  1.19999974e+00  6.57464298e-11  1.43051443e-14 
 1.92076107e-08  1.92076107e-08  0.00000000e+00  1.19999974e+00  6.57464298e-11  1.43051450e-14 
 1.92176107e-08  1.92176107e-08  0.00000000e+00  1.19999974e+00  6.57464298e-11  1.43051457e-14 
 1.92276107e-08  1.92276107e-08  0.00000000e+00  1.19999974e+00  6.57464298e-11  1.43051463e-14 
 1.92376107e-08  1.92376107e-08  0.00000000e+00  1.19999974e+00  6.57464298e-11  1.43051470e-14 
 1.92476107e-08  1.92476107e-08  0.00000000e+00  1.19999974e+00  6.57464298e-11  1.43051476e-14 
 1.92576107e-08  1.92576107e-08  0.00000000e+00  1.19999974e+00  6.57464298e-11  1.43051483e-14 
 1.92676107e-08  1.92676107e-08  0.00000000e+00  1.19999974e+00  6.57464298e-11  1.43051489e-14 
 1.92776107e-08  1.92776107e-08  0.00000000e+00  1.19999974e+00  6.57464298e-11  1.43051496e-14 
 1.92876107e-08  1.92876107e-08  0.00000000e+00  1.19999974e+00  6.57464298e-11  1.43051503e-14 
 1.92976107e-08  1.92976107e-08  0.00000000e+00  1.19999974e+00  6.57464298e-11  1.43051509e-14 
 1.93076107e-08  1.93076107e-08  0.00000000e+00  1.19999974e+00  6.57464298e-11  1.43051516e-14 
 1.93176107e-08  1.93176107e-08  0.00000000e+00  1.19999974e+00  6.57464298e-11  1.43051522e-14 
 1.93276107e-08  1.93276107e-08  0.00000000e+00  1.19999974e+00  6.57464298e-11  1.43051529e-14 
 1.93376107e-08  1.93376107e-08  0.00000000e+00  1.19999974e+00  6.57464298e-11  1.43051535e-14 
 1.93476107e-08  1.93476107e-08  0.00000000e+00  1.19999974e+00  6.57464298e-11  1.43051542e-14 
 1.93576107e-08  1.93576107e-08  0.00000000e+00  1.19999974e+00  6.57464298e-11  1.43051549e-14 
 1.93676107e-08  1.93676107e-08  0.00000000e+00  1.19999974e+00  6.57464298e-11  1.43051555e-14 
 1.93776107e-08  1.93776107e-08  0.00000000e+00  1.19999974e+00  6.57464298e-11  1.43051562e-14 
 1.93876107e-08  1.93876107e-08  0.00000000e+00  1.19999974e+00  6.57464298e-11  1.43051568e-14 
 1.93976107e-08  1.93976107e-08  0.00000000e+00  1.19999974e+00  6.57464298e-11  1.43051575e-14 
 1.94076107e-08  1.94076107e-08  0.00000000e+00  1.19999974e+00  6.57464298e-11  1.43051582e-14 
 1.94176107e-08  1.94176107e-08  0.00000000e+00  1.19999974e+00  6.57464298e-11  1.43051588e-14 
 1.94276107e-08  1.94276107e-08  0.00000000e+00  1.19999974e+00  6.57464298e-11  1.43051595e-14 
 1.94376107e-08  1.94376107e-08  0.00000000e+00  1.19999974e+00  6.57464298e-11  1.43051601e-14 
 1.94476107e-08  1.94476107e-08  0.00000000e+00  1.19999974e+00  6.57464298e-11  1.43051608e-14 
 1.94576107e-08  1.94576107e-08  0.00000000e+00  1.19999974e+00  6.57464298e-11  1.43051614e-14 
 1.94676107e-08  1.94676107e-08  0.00000000e+00  1.19999974e+00  6.57464298e-11  1.43051621e-14 
 1.94776107e-08  1.94776107e-08  0.00000000e+00  1.19999974e+00  6.57464298e-11  1.43051628e-14 
 1.94876107e-08  1.94876107e-08  0.00000000e+00  1.19999974e+00  6.57464298e-11  1.43051634e-14 
 1.94976107e-08  1.94976107e-08  0.00000000e+00  1.19999974e+00  6.57464298e-11  1.43051641e-14 
 1.95076107e-08  1.95076107e-08  0.00000000e+00  1.19999974e+00  6.57464298e-11  1.43051647e-14 
 1.95176107e-08  1.95176107e-08  0.00000000e+00  1.19999974e+00  6.57464298e-11  1.43051654e-14 
 1.95276107e-08  1.95276107e-08  0.00000000e+00  1.19999974e+00  6.57464298e-11  1.43051660e-14 
 1.95376107e-08  1.95376107e-08  0.00000000e+00  1.19999974e+00  6.57464298e-11  1.43051667e-14 
 1.95476107e-08  1.95476107e-08  0.00000000e+00  1.19999974e+00  6.57464298e-11  1.43051674e-14 
 1.95576107e-08  1.95576107e-08  0.00000000e+00  1.19999974e+00  6.57464298e-11  1.43051680e-14 
 1.95676107e-08  1.95676107e-08  0.00000000e+00  1.19999974e+00  6.57464298e-11  1.43051687e-14 
 1.95776107e-08  1.95776107e-08  0.00000000e+00  1.19999974e+00  6.57464298e-11  1.43051693e-14 
 1.95876107e-08  1.95876107e-08  0.00000000e+00  1.19999974e+00  6.57464298e-11  1.43051700e-14 
 1.95976107e-08  1.95976107e-08  0.00000000e+00  1.19999974e+00  6.57464298e-11  1.43051706e-14 
 1.96076107e-08  1.96076107e-08  0.00000000e+00  1.19999974e+00  6.57464298e-11  1.43051713e-14 
 1.96176107e-08  1.96176107e-08  0.00000000e+00  1.19999974e+00  6.57464298e-11  1.43051720e-14 
 1.96276107e-08  1.96276107e-08  0.00000000e+00  1.19999974e+00  6.57464298e-11  1.43051726e-14 
 1.96376107e-08  1.96376107e-08  0.00000000e+00  1.19999974e+00  6.57464298e-11  1.43051733e-14 
 1.96476107e-08  1.96476107e-08  0.00000000e+00  1.19999974e+00  6.57464298e-11  1.43051739e-14 
 1.96576107e-08  1.96576107e-08  0.00000000e+00  1.19999974e+00  6.57464298e-11  1.43051746e-14 
 1.96676107e-08  1.96676107e-08  0.00000000e+00  1.19999974e+00  6.57464298e-11  1.43051752e-14 
 1.96776107e-08  1.96776107e-08  0.00000000e+00  1.19999974e+00  6.57464298e-11  1.43051759e-14 
 1.96876107e-08  1.96876107e-08  0.00000000e+00  1.19999974e+00  6.57464298e-11  1.43051766e-14 
 1.96976107e-08  1.96976107e-08  0.00000000e+00  1.19999974e+00  6.57464298e-11  1.43051772e-14 
 1.97076107e-08  1.97076107e-08  0.00000000e+00  1.19999974e+00  6.57464298e-11  1.43051779e-14 
 1.97176107e-08  1.97176107e-08  0.00000000e+00  1.19999974e+00  6.57464298e-11  1.43051785e-14 
 1.97276107e-08  1.97276107e-08  0.00000000e+00  1.19999974e+00  6.57464298e-11  1.43051792e-14 
 1.97376107e-08  1.97376107e-08  0.00000000e+00  1.19999974e+00  6.57464298e-11  1.43051798e-14 
 1.97476107e-08  1.97476107e-08  0.00000000e+00  1.19999974e+00  6.57464298e-11  1.43051805e-14 
 1.97576107e-08  1.97576107e-08  0.00000000e+00  1.19999974e+00  6.57464298e-11  1.43051812e-14 
 1.97676107e-08  1.97676107e-08  0.00000000e+00  1.19999974e+00  6.57464298e-11  1.43051818e-14 
 1.97776107e-08  1.97776107e-08  0.00000000e+00  1.19999974e+00  6.57464298e-11  1.43051825e-14 
 1.97876107e-08  1.97876107e-08  0.00000000e+00  1.19999974e+00  6.57464298e-11  1.43051831e-14 
 1.97976107e-08  1.97976107e-08  0.00000000e+00  1.19999974e+00  6.57464298e-11  1.43051838e-14 
 1.98076107e-08  1.98076107e-08  0.00000000e+00  1.19999974e+00  6.57464298e-11  1.43051845e-14 
 1.98176107e-08  1.98176107e-08  0.00000000e+00  1.19999974e+00  6.57464298e-11  1.43051851e-14 
 1.98276107e-08  1.98276107e-08  0.00000000e+00  1.19999974e+00  6.57464298e-11  1.43051858e-14 
 1.98376107e-08  1.98376107e-08  0.00000000e+00  1.19999974e+00  6.57464298e-11  1.43051864e-14 
 1.98476107e-08  1.98476107e-08  0.00000000e+00  1.19999974e+00  6.57464298e-11  1.43051871e-14 
 1.98576107e-08  1.98576107e-08  0.00000000e+00  1.19999974e+00  6.57464298e-11  1.43051877e-14 
 1.98676107e-08  1.98676107e-08  0.00000000e+00  1.19999974e+00  6.57464298e-11  1.43051884e-14 
 1.98776107e-08  1.98776107e-08  0.00000000e+00  1.19999974e+00  6.57464298e-11  1.43051891e-14 
 1.98876107e-08  1.98876107e-08  0.00000000e+00  1.19999974e+00  6.57464298e-11  1.43051897e-14 
 1.98976107e-08  1.98976107e-08  0.00000000e+00  1.19999974e+00  6.57464298e-11  1.43051904e-14 
 1.99076107e-08  1.99076107e-08  0.00000000e+00  1.19999974e+00  6.57464298e-11  1.43051910e-14 
 1.99176107e-08  1.99176107e-08  0.00000000e+00  1.19999974e+00  6.57464298e-11  1.43051917e-14 
 1.99276107e-08  1.99276107e-08  0.00000000e+00  1.19999974e+00  6.57464298e-11  1.43051923e-14 
 1.99376107e-08  1.99376107e-08  0.00000000e+00  1.19999974e+00  6.57464298e-11  1.43051930e-14 
 1.99476107e-08  1.99476107e-08  0.00000000e+00  1.19999974e+00  6.57464298e-11  1.43051937e-14 
 1.99576107e-08  1.99576107e-08  0.00000000e+00  1.19999974e+00  6.57464298e-11  1.43051943e-14 
 1.99676107e-08  1.99676107e-08  0.00000000e+00  1.19999974e+00  6.57464298e-11  1.43051950e-14 
 1.99776107e-08  1.99776107e-08  0.00000000e+00  1.19999974e+00  6.57464298e-11  1.43051956e-14 
 1.99876107e-08  1.99876107e-08  0.00000000e+00  1.19999974e+00  6.57464298e-11  1.43051963e-14 
 1.99938053e-08  1.99938053e-08  0.00000000e+00  1.19999974e+00  6.57464298e-11  1.43051967e-14 
 2.00000000e-08  2.00000000e-08  0.00000000e+00  1.19999974e+00  6.57464299e-11  1.43051971e-14 
 2.00010000e-08  2.00010000e-08  2.40000000e-03  1.20192940e+00 -4.95080083e-07  1.43049496e-14 
 2.00030000e-08  2.00030000e-08  7.20000000e-03  1.20534761e+00 -1.36512481e-06  1.43030894e-14 
 2.00070000e-08  2.00070000e-08  1.68000000e-02  1.21133881e+00 -2.86247216e-06  1.42946342e-14 
 2.00130988e-08  2.00130988e-08  3.14370635e-02  1.21914548e+00 -4.74464937e-06  1.42714371e-14 
 2.00230988e-08  2.00230988e-08  5.54370635e-02  1.22955783e+00 -7.08661302e-06  1.42122808e-14 
 2.00330988e-08  2.00330988e-08  7.94370635e-02  1.23804477e+00 -8.79656195e-06  1.41328649e-14 
 2.00430988e-08  2.00430988e-08  1.03437063e-01  1.24551537e+00 -1.01266531e-05  1.40382489e-14 
 2.00530988e-08  2.00530988e-08  1.27437063e-01  1.25264738e+00 -1.12492640e-05  1.39313693e-14 
 2.00630988e-08  2.00630988e-08  1.51437063e-01  1.25992445e+00 -1.22773635e-05  1.38137361e-14 
 2.00730988e-08  2.00730988e-08  1.75437063e-01  1.26769392e+00 -1.32811976e-05  1.36859433e-14 
 2.00830988e-08  2.00830988e-08  1.99437063e-01  1.27621281e+00 -1.43030060e-05  1.35480223e-14 
 2.00930988e-08  2.00930988e-08  2.23437063e-01  1.28567814e+00 -1.53668619e-05  1.33996730e-14 
 2.01030988e-08  2.01030988e-08  2.47437063e-01  1.29624455e+00 -1.64847971e-05  1.32404147e-14 
 2.01130988e-08  2.01130988e-08  2.71437063e-01  1.30803323e+00 -1.76605005e-05  1.30696882e-14 
 2.01230988e-08  2.01230988e-08  2.95437063e-01  1.32113526e+00 -1.88915538e-05  1.28869279e-14 
 2.01330988e-08  2.01330988e-08  3.19437063e-01  1.33561163e+00 -2.01708290e-05  1.26916160e-14 
 2.01430988e-08  2.01430988e-08  3.43437063e-01  1.35149141e+00 -2.14874274e-05  1.24833247e-14 
 2.01530988e-08  2.01530988e-08  3.67437063e-01  1.36876846e+00 -2.28274010e-05  1.22617506e-14 
 2.01630988e-08  2.01630988e-08  3.91437063e-01  1.38739671e+00 -2.41744700e-05  1.20267412e-14 
 2.01730988e-08  2.01730988e-08  4.15437063e-01  1.40728242e+00 -2.55110610e-05  1.17783136e-14 
 2.01830988e-08  2.01830988e-08  4.39437063e-01  1.42827038e+00 -2.68203250e-05  1.15166566e-14 
 2.01930988e-08  2.01930988e-08  4.63437063e-01  1.45011833e+00 -2.80903876e-05  1.12421031e-14 
 2.02030988e-08  2.02030988e-08  4.87437063e-01  1.47245076e+00 -2.93224782e-05  1.09550388e-14 
 2.02130988e-08  2.02130988e-08  5.11437063e-01  1.49468451e+00 -3.05418329e-05  1.06557172e-14 
 2.02230988e-08  2.02230988e-08  5.35437063e-01  1.51594036e+00 -3.17951763e-05  1.03440322e-14 
 2.02330988e-08  2.02330988e-08  5.59437063e-01  1.53501623e+00 -3.30913846e-05  1.00195993e-14 
 2.02430988e-08  2.02430988e-08  5.83437063e-01  1.55059991e+00 -3.42180298e-05  9.68305228e-15 
 2.02530988e-08  2.02530988e-08  6.07437063e-01  1.56170375e+00 -3.46383221e-05  9.33877052e-15 
 2.02630988e-08  2.02630988e-08  6.31437063e-01  1.56791538e+00 -3.37475636e-05  8.99684109e-15 
 2.02730988e-08  2.02730988e-08  6.55437063e-01  1.56938814e+00 -3.10747177e-05  8.67272968e-15 
 2.02830988e-08  2.02830988e-08  6.79437063e-01  1.56633539e+00 -2.66588453e-05  8.38406187e-15 
 2.02930988e-08  2.02930988e-08  7.03437063e-01  1.55849456e+00 -2.09343610e-05  8.14609584e-15 
 2.03030988e-08  2.03030988e-08  7.27437063e-01  1.54475357e+00 -1.45710035e-05  7.96856901e-15 
 2.03130988e-08  2.03130988e-08  7.51437063e-01  1.52288055e+00 -8.41913419e-06  7.85361833e-15 
 2.03230988e-08  2.03230988e-08  7.75437063e-01  1.48939419e+00 -3.40888166e-06  7.79447825e-15 
 2.03330988e-08  2.03330988e-08  7.99437063e-01  1.43960940e+00 -4.40322086e-07  7.77523223e-15 
 2.03430988e-08  2.03430988e-08  8.23437063e-01  1.36817029e+00 -1.97591483e-08  7.77293182e-15 
 2.03530988e-08  2.03530988e-08  8.47437063e-01  1.27226094e+00 -8.99976448e-10  7.77282853e-15 
 2.03630988e-08  2.03630988e-08  8.71437063e-01  1.15074657e+00  8.33702101e-11  7.77282444e-15 
 2.03730988e-08  2.03730988e-08  8.95437063e-01  1.00363710e+00  1.06361787e-10  7.77282539e-15 
 2.03830988e-08  2.03830988e-08  9.19437063e-01  8.32596857e-01  1.06361992e-10  7.77282646e-15 
 2.03930988e-08  2.03930988e-08  9.43437063e-01  6.43783448e-01  1.06362218e-10  7.77282752e-15 
 2.04009123e-08  2.04009123e-08  9.62189549e-01  4.99542915e-01  1.06362391e-10  7.77282835e-15 
 2.04049637e-08  2.04049637e-08  9.71912904e-01  4.37594167e-01  1.06362466e-10  7.77282878e-15 
 2.04097559e-08  2.04097559e-08  9.83414146e-01  3.82672704e-01  1.06362532e-10  7.77282929e-15 
 2.04149933e-08  2.04149933e-08  9.95983978e-01  3.40809362e-01  1.06362582e-10  7.77282985e-15 
 2.04197332e-08  2.04197332e-08  1.00735970e+00  3.12743846e-01  1.06362616e-10  7.77283035e-15 
 2.04257765e-08  2.04257765e-08  1.02186353e+00  2.84642987e-01  1.06362649e-10  7.77283099e-15 
 2.04324754e-08  2.04324754e-08  1.03794098e+00  2.59485240e-01  1.06362680e-10  7.77283171e-15 
 2.04415268e-08  2.04415268e-08  1.05966428e+00  2.31579363e-01  1.06362713e-10  7.77283267e-15 
 2.04515268e-08  2.04515268e-08  1.08366428e+00  2.06045333e-01  1.06362744e-10  7.77283373e-15 
 2.04615268e-08  2.04615268e-08  1.10766428e+00  1.84442786e-01  1.06362770e-10  7.77283480e-15 
 2.04715268e-08  2.04715268e-08  1.13166428e+00  1.65933954e-01  1.06362792e-10  7.77283586e-15 
 2.04815268e-08  2.04815268e-08  1.15566428e+00  1.50007291e-01  1.06362811e-10  7.77283692e-15 
 2.04907634e-08  2.04907634e-08  1.17783214e+00  1.37277289e-01  1.06362826e-10  7.77283791e-15 
 2.05000000e-08  2.05000000e-08  1.20000000e+00  1.26214532e-01  1.06362839e-10  7.77283889e-15 
 2.05010000e-08  2.05010000e-08  1.20000000e+00  1.22702071e-01  1.06362844e-10  7.77283900e-15 
 2.05030000e-08  2.05030000e-08  1.20000000e+00  1.16221268e-01  1.06362851e-10  7.77283921e-15 
 2.05070000e-08  2.05070000e-08  1.20000000e+00  1.04412638e-01  1.06362866e-10  7.77283963e-15 
 2.05122717e-08  2.05122717e-08  1.20000000e+00  9.06201426e-02  1.06362882e-10  7.77284019e-15 
 2.05222717e-08  2.05222717e-08  1.20000000e+00  6.90748080e-02  1.06362908e-10  7.77284126e-15 
 2.05322717e-08  2.05322717e-08  1.20000000e+00  5.24877631e-02  1.06362928e-10  7.77284232e-15 
 2.05422717e-08  2.05422717e-08  1.20000000e+00  3.97975315e-02  1.06362943e-10  7.77284339e-15 
 2.05522717e-08  2.05522717e-08  1.20000000e+00  3.01234024e-02  1.06362955e-10  7.77284445e-15 
 2.05622717e-08  2.05622717e-08  1.20000000e+00  2.27726550e-02  1.06362964e-10  7.77284551e-15 
 2.05722717e-08  2.05722717e-08  1.20000000e+00  1.72012400e-02  1.06362970e-10  7.77284658e-15 
 2.05822717e-08  2.05822717e-08  1.20000000e+00  1.29842492e-02  1.06362975e-10  7.77284764e-15 
 2.05922717e-08  2.05922717e-08  1.20000000e+00  9.79597094e-03  1.06362979e-10  7.77284870e-15 
 2.06022717e-08  2.06022717e-08  1.20000000e+00  7.38758363e-03  1.06362982e-10  7.77284977e-15 
 2.06122717e-08  2.06122717e-08  1.20000000e+00  5.56957418e-03  1.06362984e-10  7.77285083e-15 
 2.06222717e-08  2.06222717e-08  1.20000000e+00  4.19795700e-03  1.06362986e-10  7.77285189e-15 
 2.06322717e-08  2.06322717e-08  1.20000000e+00  3.16355310e-03  1.06362987e-10  7.77285296e-15 
 2.06422717e-08  2.06422717e-08  1.20000000e+00  2.38370546e-03  1.06362988e-10  7.77285402e-15 
 2.06522717e-08  2.06522717e-08  1.20000000e+00  1.79591256e-03  1.06362989e-10  7.77285509e-15 
 2.06622717e-08  2.06622717e-08  1.20000000e+00  1.35295819e-03  1.06362989e-10  7.77285615e-15 
 2.06722717e-08  2.06722717e-08  1.20000000e+00  1.01919922e-03  1.06362990e-10  7.77285721e-15 
 2.06822717e-08  2.06822717e-08  1.20000000e+00  7.67743826e-04  1.06362990e-10  7.77285828e-15 
 2.06922717e-08  2.06922717e-08  1.20000000e+00  5.78311472e-04  1.06362990e-10  7.77285934e-15 
 2.07022717e-08  2.07022717e-08  1.20000000e+00  4.35612427e-04  1.06362990e-10  7.77286040e-15 
 2.07122717e-08  2.07122717e-08  1.20000000e+00  3.28122412e-04  1.06362991e-10  7.77286147e-15 
 2.07222717e-08  2.07222717e-08  1.20000000e+00  2.47156595e-04  1.06362991e-10  7.77286253e-15 
 2.07322717e-08  2.07322717e-08  1.20000000e+00  1.86171691e-04  1.06362991e-10  7.77286359e-15 
 2.07422717e-08  2.07422717e-08  1.20000000e+00  1.40237733e-04  1.06362991e-10  7.77286466e-15 
 2.07522717e-08  2.07522717e-08  1.20000000e+00  1.05640702e-04  1.06362991e-10  7.77286572e-15 
 2.07622717e-08  2.07622717e-08  1.20000000e+00  7.95828259e-05  1.06362991e-10  7.77286679e-15 
 2.07722717e-08  2.07722717e-08  1.20000000e+00  5.99566510e-05  1.06362991e-10  7.77286785e-15 
 2.07822717e-08  2.07822717e-08  1.20000000e+00  4.51747704e-05  1.06362991e-10  7.77286891e-15 
 2.07922717e-08  2.07922717e-08  1.20000000e+00  3.40415256e-05  1.06362991e-10  7.77286998e-15 
 2.08022717e-08  2.08022717e-08  1.20000000e+00  2.56563461e-05  1.06362991e-10  7.77287104e-15 
 2.08122717e-08  2.08122717e-08  1.20000000e+00  1.93409315e-05  1.06362991e-10  7.77287210e-15 
 2.08222717e-08  2.08222717e-08  1.20000000e+00  1.45843981e-05  1.06362991e-10  7.77287317e-15 
 2.08322717e-08  2.08322717e-08  1.20000000e+00  1.10019607e-05  1.06362991e-10  7.77287423e-15 
 2.08422717e-08  2.08422717e-08  1.20000000e+00  8.30381003e-06  1.06362991e-10  7.77287529e-15 
 2.08522717e-08  2.08522717e-08  1.20000000e+00  6.27167087e-06  1.06362991e-10  7.77287636e-15 
 2.08622717e-08  2.08622717e-08  1.20000000e+00  4.74114588e-06  1.06362991e-10  7.77287742e-15 
 2.08722717e-08  2.08722717e-08  1.20000000e+00  3.58841692e-06  1.06362991e-10  7.77287849e-15 
 2.08822717e-08  2.08822717e-08  1.20000000e+00  2.72022885e-06  1.06362991e-10  7.77287955e-15 
 2.08922717e-08  2.08922717e-08  1.20000000e+00  2.06634542e-06  1.06362991e-10  7.77288061e-15 
 2.09022717e-08  2.09022717e-08  1.20000000e+00  1.57386749e-06  1.06362991e-10  7.77288168e-15 
 2.09122717e-08  2.09122717e-08  1.20000000e+00  1.20295355e-06  1.06362991e-10  7.77288274e-15 
 2.09222717e-08  2.09222717e-08  1.20000000e+00  9.23596604e-07  1.06362991e-10  7.77288380e-15 
 2.09322717e-08  2.09322717e-08  1.20000000e+00  7.13196589e-07  1.06362991e-10  7.77288487e-15 
 2.09422717e-08  2.09422717e-08  1.20000000e+00  5.54732073e-07  1.06362991e-10  7.77288593e-15 
 2.09522717e-08  2.09522717e-08  1.20000000e+00  4.35383215e-07  1.06362991e-10  7.77288699e-15 
 2.09622717e-08  2.09622717e-08  1.20000000e+00  3.45494641e-07  1.06362991e-10  7.77288806e-15 
 2.09722717e-08  2.09722717e-08  1.20000000e+00  2.77794325e-07  1.06362991e-10  7.77288912e-15 
 2.09782573e-08  2.09782573e-08  1.20000000e+00  2.45908647e-07  1.06362991e-10  7.77288976e-15 
 2.09866703e-08  2.09866703e-08  1.20000000e+00  2.09289381e-07  1.06362991e-10  7.77289065e-15 
 2.09914502e-08  2.09914502e-08  1.20000000e+00  1.92131301e-07  1.06362991e-10  7.77289116e-15 
 2.09957251e-08  2.09957251e-08  1.20000000e+00  1.78660776e-07  1.06362991e-10  7.77289162e-15 
 2.10000000e-08  2.10000000e-08  1.20000000e+00  1.66713403e-07  1.06362991e-10  7.77289207e-15 
 2.10008550e-08  2.10008550e-08  1.20000000e+00  1.64527459e-07  1.06362991e-10  7.77289216e-15 
 2.10025649e-08  2.10025649e-08  1.20000000e+00  1.60275127e-07  1.06362991e-10  7.77289234e-15 
 2.10059849e-08  2.10059849e-08  1.20000000e+00  1.52313782e-07  1.06362991e-10  7.77289271e-15 
 2.10128247e-08  2.10128247e-08  1.20000000e+00  1.38391467e-07  1.06362991e-10  7.77289343e-15 
 2.10228247e-08  2.10228247e-08  1.20000000e+00  1.22066858e-07  1.06362991e-10  7.77289450e-15 
 2.10328247e-08  2.10328247e-08  1.20000000e+00  1.09612908e-07  1.06362991e-10  7.77289556e-15 
 2.10428247e-08  2.10428247e-08  1.20000000e+00  1.00173637e-07  1.06362991e-10  7.77289663e-15 
 2.10528247e-08  2.10528247e-08  1.20000000e+00  9.30421156e-08  1.06362991e-10  7.77289769e-15 
 2.10628247e-08  2.10628247e-08  1.20000000e+00  8.76626239e-08  1.06362991e-10  7.77289875e-15 
 2.10728247e-08  2.10728247e-08  1.20000000e+00  8.36078997e-08  1.06362991e-10  7.77289982e-15 
 2.10828247e-08  2.10828247e-08  1.20000000e+00  8.05528843e-08  1.06362991e-10  7.77290088e-15 
 2.10928247e-08  2.10928247e-08  1.20000000e+00  7.82515388e-08  1.06362991e-10  7.77290194e-15 
 2.11028247e-08  2.11028247e-08  1.20000000e+00  7.65180975e-08  1.06362991e-10  7.77290301e-15 
 2.11128247e-08  2.11128247e-08  1.20000000e+00  7.52124813e-08  1.06362991e-10  7.77290407e-15 
 2.11228247e-08  2.11228247e-08  1.20000000e+00  7.42291235e-08  1.06362991e-10  7.77290513e-15 
 2.11328247e-08  2.11328247e-08  1.20000000e+00  7.34884906e-08  1.06362991e-10  7.77290620e-15 
 2.11428247e-08  2.11428247e-08  1.20000000e+00  7.29306741e-08  1.06362991e-10  7.77290726e-15 
 2.11528247e-08  2.11528247e-08  1.20000000e+00  7.25105488e-08  1.06362991e-10  7.77290833e-15 
 2.11628247e-08  2.11628247e-08  1.20000000e+00  7.21941275e-08  1.06362991e-10  7.77290939e-15 
 2.11728247e-08  2.11728247e-08  1.20000000e+00  7.19558111e-08  1.06362991e-10  7.77291045e-15 
 2.11828247e-08  2.11828247e-08  1.20000000e+00  7.17763216e-08  1.06362991e-10  7.77291152e-15 
 2.11928247e-08  2.11928247e-08  1.20000000e+00  7.16411371e-08  1.06362991e-10  7.77291258e-15 
 2.12028247e-08  2.12028247e-08  1.20000000e+00  7.15393216e-08  1.06362991e-10  7.77291364e-15 
 2.12128247e-08  2.12128247e-08  1.20000000e+00  7.14626389e-08  1.06362991e-10  7.77291471e-15 
 2.12228247e-08  2.12228247e-08  1.20000000e+00  7.14048845e-08  1.06362991e-10  7.77291577e-15 
 2.12328247e-08  2.12328247e-08  1.20000000e+00  7.13613853e-08  1.06362991e-10  7.77291683e-15 
 2.12428247e-08  2.12428247e-08  1.20000000e+00  7.13286233e-08  1.06362991e-10  7.77291790e-15 
 2.12528247e-08  2.12528247e-08  1.20000000e+00  7.13039495e-08  1.06362991e-10  7.77291896e-15 
 2.12628247e-08  2.12628247e-08  1.20000000e+00  7.12853666e-08  1.06362991e-10  7.77292003e-15 
 2.12728247e-08  2.12728247e-08  1.20000000e+00  7.12713692e-08  1.06362991e-10  7.77292109e-15 
 2.12828247e-08  2.12828247e-08  1.20000000e+00  7.12608279e-08  1.06362991e-10  7.77292215e-15 
 2.12928247e-08  2.12928247e-08  1.20000000e+00  7.12528879e-08  1.06362991e-10  7.77292322e-15 
 2.13028247e-08  2.13028247e-08  1.20000000e+00  7.12469075e-08  1.06362991e-10  7.77292428e-15 
 2.13128247e-08  2.13128247e-08  1.20000000e+00  7.12424039e-08  1.06362991e-10  7.77292534e-15 
 2.13228247e-08  2.13228247e-08  1.20000000e+00  7.12390128e-08  1.06362991e-10  7.77292641e-15 
 2.13328247e-08  2.13328247e-08  1.20000000e+00  7.12364594e-08  1.06362991e-10  7.77292747e-15 
 2.13428247e-08  2.13428247e-08  1.20000000e+00  7.12345354e-08  1.06362991e-10  7.77292853e-15 
 2.13528247e-08  2.13528247e-08  1.20000000e+00  7.12330855e-08  1.06362991e-10  7.77292960e-15 
 2.13628247e-08  2.13628247e-08  1.20000000e+00  7.12319955e-08  1.06362991e-10  7.77293066e-15 
 2.13728247e-08  2.13728247e-08  1.20000000e+00  7.12311754e-08  1.06362991e-10  7.77293173e-15 
 2.13828247e-08  2.13828247e-08  1.20000000e+00  7.12305568e-08  1.06362991e-10  7.77293279e-15 
 2.13928247e-08  2.13928247e-08  1.20000000e+00  7.12300893e-08  1.06362991e-10  7.77293385e-15 
 2.14028247e-08  2.14028247e-08  1.20000000e+00  7.12297370e-08  1.06362991e-10  7.77293492e-15 
 2.14128247e-08  2.14128247e-08  1.20000000e+00  7.12294727e-08  1.06362991e-10  7.77293598e-15 
 2.14228247e-08  2.14228247e-08  1.20000000e+00  7.12292740e-08  1.06362991e-10  7.77293704e-15 
 2.14328247e-08  2.14328247e-08  1.20000000e+00  7.12291253e-08  1.06362991e-10  7.77293811e-15 
 2.14428247e-08  2.14428247e-08  1.20000000e+00  7.12290119e-08  1.06362991e-10  7.77293917e-15 
 2.14528247e-08  2.14528247e-08  1.20000000e+00  7.12289263e-08  1.06362991e-10  7.77294023e-15 
 2.14628247e-08  2.14628247e-08  1.20000000e+00  7.12288622e-08  1.06362991e-10  7.77294130e-15 
 2.14728247e-08  2.14728247e-08  1.20000000e+00  7.12288132e-08  1.06362991e-10  7.77294236e-15 
 2.14828247e-08  2.14828247e-08  1.20000000e+00  7.12287772e-08  1.06362991e-10  7.77294343e-15 
 2.14928247e-08  2.14928247e-08  1.20000000e+00  7.12287487e-08  1.06362991e-10  7.77294449e-15 
 2.15028247e-08  2.15028247e-08  1.20000000e+00  7.12287279e-08  1.06362991e-10  7.77294555e-15 
 2.15128247e-08  2.15128247e-08  1.20000000e+00  7.12287132e-08  1.06362991e-10  7.77294662e-15 
 2.15228247e-08  2.15228247e-08  1.20000000e+00  7.12287018e-08  1.06362991e-10  7.77294768e-15 
 2.15328247e-08  2.15328247e-08  1.20000000e+00  7.12286925e-08  1.06362991e-10  7.77294874e-15 
 2.15428247e-08  2.15428247e-08  1.20000000e+00  7.12286856e-08  1.06362991e-10  7.77294981e-15 
 2.15528247e-08  2.15528247e-08  1.20000000e+00  7.12286806e-08  1.06362991e-10  7.77295087e-15 
 2.15628247e-08  2.15628247e-08  1.20000000e+00  7.12286769e-08  1.06362991e-10  7.77295193e-15 
 2.15728247e-08  2.15728247e-08  1.20000000e+00  7.12286744e-08  1.06362991e-10  7.77295300e-15 
 2.15828247e-08  2.15828247e-08  1.20000000e+00  7.12286722e-08  1.06362991e-10  7.77295406e-15 
 2.15928247e-08  2.15928247e-08  1.20000000e+00  7.12286705e-08  1.06362991e-10  7.77295513e-15 
 2.16028247e-08  2.16028247e-08  1.20000000e+00  7.12286695e-08  1.06362991e-10  7.77295619e-15 
 2.16128247e-08  2.16128247e-08  1.20000000e+00  7.12286688e-08  1.06362991e-10  7.77295725e-15 
 2.16228247e-08  2.16228247e-08  1.20000000e+00  7.12286679e-08  1.06362991e-10  7.77295832e-15 
 2.16327614e-08  2.16327614e-08  1.20000000e+00  7.12286673e-08  1.06362991e-10  7.77295937e-15 
 2.16427614e-08  2.16427614e-08  1.20000000e+00  7.12286674e-08  1.06362991e-10  7.77296044e-15 
 2.16527614e-08  2.16527614e-08  1.20000000e+00  7.12286674e-08  1.06362991e-10  7.77296150e-15 
 2.16627614e-08  2.16627614e-08  1.20000000e+00  7.12286673e-08  1.06362991e-10  7.77296256e-15 
 2.16727614e-08  2.16727614e-08  1.20000000e+00  7.12286673e-08  1.06362991e-10  7.77296363e-15 
 2.16827614e-08  2.16827614e-08  1.20000000e+00  7.12286673e-08  1.06362991e-10  7.77296469e-15 
 2.16927614e-08  2.16927614e-08  1.20000000e+00  7.12286673e-08  1.06362991e-10  7.77296576e-15 
 2.17027614e-08  2.17027614e-08  1.20000000e+00  7.12286673e-08  1.06362991e-10  7.77296682e-15 
 2.17127614e-08  2.17127614e-08  1.20000000e+00  7.12286673e-08  1.06362991e-10  7.77296788e-15 
 2.17227614e-08  2.17227614e-08  1.20000000e+00  7.12286673e-08  1.06362991e-10  7.77296895e-15 
 2.17327614e-08  2.17327614e-08  1.20000000e+00  7.12286673e-08  1.06362991e-10  7.77297001e-15 
 2.17427614e-08  2.17427614e-08  1.20000000e+00  7.12286673e-08  1.06362991e-10  7.77297107e-15 
 2.17527614e-08  2.17527614e-08  1.20000000e+00  7.12286673e-08  1.06362991e-10  7.77297214e-15 
 2.17627614e-08  2.17627614e-08  1.20000000e+00  7.12286673e-08  1.06362991e-10  7.77297320e-15 
 2.17727614e-08  2.17727614e-08  1.20000000e+00  7.12286673e-08  1.06362991e-10  7.77297426e-15 
 2.17827614e-08  2.17827614e-08  1.20000000e+00  7.12286673e-08  1.06362991e-10  7.77297533e-15 
 2.17927614e-08  2.17927614e-08  1.20000000e+00  7.12286673e-08  1.06362991e-10  7.77297639e-15 
 2.18027614e-08  2.18027614e-08  1.20000000e+00  7.12286673e-08  1.06362991e-10  7.77297746e-15 
 2.18127614e-08  2.18127614e-08  1.20000000e+00  7.12286673e-08  1.06362991e-10  7.77297852e-15 
 2.18227614e-08  2.18227614e-08  1.20000000e+00  7.12286673e-08  1.06362991e-10  7.77297958e-15 
 2.18327614e-08  2.18327614e-08  1.20000000e+00  7.12286673e-08  1.06362991e-10  7.77298065e-15 
 2.18427614e-08  2.18427614e-08  1.20000000e+00  7.12286673e-08  1.06362991e-10  7.77298171e-15 
 2.18527614e-08  2.18527614e-08  1.20000000e+00  7.12286673e-08  1.06362991e-10  7.77298277e-15 
 2.18627614e-08  2.18627614e-08  1.20000000e+00  7.12286673e-08  1.06362991e-10  7.77298384e-15 
 2.18727614e-08  2.18727614e-08  1.20000000e+00  7.12286673e-08  1.06362991e-10  7.77298490e-15 
 2.18827614e-08  2.18827614e-08  1.20000000e+00  7.12286673e-08  1.06362991e-10  7.77298596e-15 
 2.18927614e-08  2.18927614e-08  1.20000000e+00  7.12286673e-08  1.06362991e-10  7.77298703e-15 
 2.19027614e-08  2.19027614e-08  1.20000000e+00  7.12286673e-08  1.06362991e-10  7.77298809e-15 
 2.19127614e-08  2.19127614e-08  1.20000000e+00  7.12286673e-08  1.06362991e-10  7.77298915e-15 
 2.19227614e-08  2.19227614e-08  1.20000000e+00  7.12286673e-08  1.06362991e-10  7.77299022e-15 
 2.19327614e-08  2.19327614e-08  1.20000000e+00  7.12286673e-08  1.06362991e-10  7.77299128e-15 
 2.19427614e-08  2.19427614e-08  1.20000000e+00  7.12286673e-08  1.06362991e-10  7.77299235e-15 
 2.19527614e-08  2.19527614e-08  1.20000000e+00  7.12286673e-08  1.06362991e-10  7.77299341e-15 
 2.19627614e-08  2.19627614e-08  1.20000000e+00  7.12286673e-08  1.06362991e-10  7.77299447e-15 
 2.19727614e-08  2.19727614e-08  1.20000000e+00  7.12286673e-08  1.06362991e-10  7.77299554e-15 
 2.19827614e-08  2.19827614e-08  1.20000000e+00  7.12286673e-08  1.06362991e-10  7.77299660e-15 
 2.19927614e-08  2.19927614e-08  1.20000000e+00  7.12286673e-08  1.06362991e-10  7.77299766e-15 
 2.20027614e-08  2.20027614e-08  1.20000000e+00  7.12286673e-08  1.06362991e-10  7.77299873e-15 
 2.20127614e-08  2.20127614e-08  1.20000000e+00  7.12286673e-08  1.06362991e-10  7.77299979e-15 
 2.20227614e-08  2.20227614e-08  1.20000000e+00  7.12286673e-08  1.06362991e-10  7.77300085e-15 
 2.20327614e-08  2.20327614e-08  1.20000000e+00  7.12286673e-08  1.06362991e-10  7.77300192e-15 
 2.20427614e-08  2.20427614e-08  1.20000000e+00  7.12286673e-08  1.06362991e-10  7.77300298e-15 
 2.20527614e-08  2.20527614e-08  1.20000000e+00  7.12286673e-08  1.06362991e-10  7.77300405e-15 
 2.20627614e-08  2.20627614e-08  1.20000000e+00  7.12286673e-08  1.06362991e-10  7.77300511e-15 
 2.20727614e-08  2.20727614e-08  1.20000000e+00  7.12286673e-08  1.06362991e-10  7.77300617e-15 
 2.20827614e-08  2.20827614e-08  1.20000000e+00  7.12286673e-08  1.06362991e-10  7.77300724e-15 
 2.20927614e-08  2.20927614e-08  1.20000000e+00  7.12286673e-08  1.06362991e-10  7.77300830e-15 
 2.21027614e-08  2.21027614e-08  1.20000000e+00  7.12286673e-08  1.06362991e-10  7.77300936e-15 
 2.21127614e-08  2.21127614e-08  1.20000000e+00  7.12286673e-08  1.06362991e-10  7.77301043e-15 
 2.21227614e-08  2.21227614e-08  1.20000000e+00  7.12286673e-08  1.06362991e-10  7.77301149e-15 
 2.21327614e-08  2.21327614e-08  1.20000000e+00  7.12286673e-08  1.06362991e-10  7.77301255e-15 
 2.21427614e-08  2.21427614e-08  1.20000000e+00  7.12286673e-08  1.06362991e-10  7.77301362e-15 
 2.21527614e-08  2.21527614e-08  1.20000000e+00  7.12286673e-08  1.06362991e-10  7.77301468e-15 
 2.21627614e-08  2.21627614e-08  1.20000000e+00  7.12286673e-08  1.06362991e-10  7.77301575e-15 
 2.21727614e-08  2.21727614e-08  1.20000000e+00  7.12286673e-08  1.06362991e-10  7.77301681e-15 
 2.21827614e-08  2.21827614e-08  1.20000000e+00  7.12286673e-08  1.06362991e-10  7.77301787e-15 
 2.21927614e-08  2.21927614e-08  1.20000000e+00  7.12286673e-08  1.06362991e-10  7.77301894e-15 
 2.22027614e-08  2.22027614e-08  1.20000000e+00  7.12286673e-08  1.06362991e-10  7.77302000e-15 
 2.22127614e-08  2.22127614e-08  1.20000000e+00  7.12286673e-08  1.06362991e-10  7.77302106e-15 
 2.22227614e-08  2.22227614e-08  1.20000000e+00  7.12286673e-08  1.06362991e-10  7.77302213e-15 
 2.22327614e-08  2.22327614e-08  1.20000000e+00  7.12286673e-08  1.06362991e-10  7.77302319e-15 
 2.22427614e-08  2.22427614e-08  1.20000000e+00  7.12286673e-08  1.06362991e-10  7.77302425e-15 
 2.22527614e-08  2.22527614e-08  1.20000000e+00  7.12286673e-08  1.06362991e-10  7.77302532e-15 
 2.22627614e-08  2.22627614e-08  1.20000000e+00  7.12286673e-08  1.06362991e-10  7.77302638e-15 
 2.22727614e-08  2.22727614e-08  1.20000000e+00  7.12286673e-08  1.06362991e-10  7.77302745e-15 
 2.22827614e-08  2.22827614e-08  1.20000000e+00  7.12286673e-08  1.06362991e-10  7.77302851e-15 
 2.22927614e-08  2.22927614e-08  1.20000000e+00  7.12286673e-08  1.06362991e-10  7.77302957e-15 
 2.23027614e-08  2.23027614e-08  1.20000000e+00  7.12286673e-08  1.06362991e-10  7.77303064e-15 
 2.23127614e-08  2.23127614e-08  1.20000000e+00  7.12286673e-08  1.06362991e-10  7.77303170e-15 
 2.23227614e-08  2.23227614e-08  1.20000000e+00  7.12286673e-08  1.06362991e-10  7.77303276e-15 
 2.23327614e-08  2.23327614e-08  1.20000000e+00  7.12286673e-08  1.06362991e-10  7.77303383e-15 
 2.23427614e-08  2.23427614e-08  1.20000000e+00  7.12286673e-08  1.06362991e-10  7.77303489e-15 
 2.23527614e-08  2.23527614e-08  1.20000000e+00  7.12286673e-08  1.06362991e-10  7.77303595e-15 
 2.23627614e-08  2.23627614e-08  1.20000000e+00  7.12286673e-08  1.06362991e-10  7.77303702e-15 
 2.23727614e-08  2.23727614e-08  1.20000000e+00  7.12286673e-08  1.06362991e-10  7.77303808e-15 
 2.23827614e-08  2.23827614e-08  1.20000000e+00  7.12286673e-08  1.06362991e-10  7.77303915e-15 
 2.23927614e-08  2.23927614e-08  1.20000000e+00  7.12286673e-08  1.06362991e-10  7.77304021e-15 
 2.24027614e-08  2.24027614e-08  1.20000000e+00  7.12286673e-08  1.06362991e-10  7.77304127e-15 
 2.24127614e-08  2.24127614e-08  1.20000000e+00  7.12286673e-08  1.06362991e-10  7.77304234e-15 
 2.24227614e-08  2.24227614e-08  1.20000000e+00  7.12286673e-08  1.06362991e-10  7.77304340e-15 
 2.24327614e-08  2.24327614e-08  1.20000000e+00  7.12286673e-08  1.06362991e-10  7.77304446e-15 
 2.24427614e-08  2.24427614e-08  1.20000000e+00  7.12286673e-08  1.06362991e-10  7.77304553e-15 
 2.24527614e-08  2.24527614e-08  1.20000000e+00  7.12286673e-08  1.06362991e-10  7.77304659e-15 
 2.24627614e-08  2.24627614e-08  1.20000000e+00  7.12286673e-08  1.06362991e-10  7.77304765e-15 
 2.24727614e-08  2.24727614e-08  1.20000000e+00  7.12286673e-08  1.06362991e-10  7.77304872e-15 
 2.24827614e-08  2.24827614e-08  1.20000000e+00  7.12286673e-08  1.06362991e-10  7.77304978e-15 
 2.24927614e-08  2.24927614e-08  1.20000000e+00  7.12286673e-08  1.06362991e-10  7.77305085e-15 
 2.25027614e-08  2.25027614e-08  1.20000000e+00  7.12286673e-08  1.06362991e-10  7.77305191e-15 
 2.25127614e-08  2.25127614e-08  1.20000000e+00  7.12286673e-08  1.06362991e-10  7.77305297e-15 
 2.25227614e-08  2.25227614e-08  1.20000000e+00  7.12286673e-08  1.06362991e-10  7.77305404e-15 
 2.25327614e-08  2.25327614e-08  1.20000000e+00  7.12286673e-08  1.06362991e-10  7.77305510e-15 
 2.25427614e-08  2.25427614e-08  1.20000000e+00  7.12286673e-08  1.06362991e-10  7.77305616e-15 
 2.25527614e-08  2.25527614e-08  1.20000000e+00  7.12286673e-08  1.06362991e-10  7.77305723e-15 
 2.25627614e-08  2.25627614e-08  1.20000000e+00  7.12286673e-08  1.06362991e-10  7.77305829e-15 
 2.25727614e-08  2.25727614e-08  1.20000000e+00  7.12286673e-08  1.06362991e-10  7.77305935e-15 
 2.25827614e-08  2.25827614e-08  1.20000000e+00  7.12286673e-08  1.06362991e-10  7.77306042e-15 
 2.25927614e-08  2.25927614e-08  1.20000000e+00  7.12286673e-08  1.06362991e-10  7.77306148e-15 
 2.26027614e-08  2.26027614e-08  1.20000000e+00  7.12286673e-08  1.06362991e-10  7.77306255e-15 
 2.26127614e-08  2.26127614e-08  1.20000000e+00  7.12286673e-08  1.06362991e-10  7.77306361e-15 
 2.26227614e-08  2.26227614e-08  1.20000000e+00  7.12286673e-08  1.06362991e-10  7.77306467e-15 
 2.26327614e-08  2.26327614e-08  1.20000000e+00  7.12286673e-08  1.06362991e-10  7.77306574e-15 
 2.26427614e-08  2.26427614e-08  1.20000000e+00  7.12286673e-08  1.06362991e-10  7.77306680e-15 
 2.26527614e-08  2.26527614e-08  1.20000000e+00  7.12286673e-08  1.06362991e-10  7.77306786e-15 
 2.26627614e-08  2.26627614e-08  1.20000000e+00  7.12286673e-08  1.06362991e-10  7.77306893e-15 
 2.26727614e-08  2.26727614e-08  1.20000000e+00  7.12286673e-08  1.06362991e-10  7.77306999e-15 
 2.26827614e-08  2.26827614e-08  1.20000000e+00  7.12286673e-08  1.06362991e-10  7.77307105e-15 
 2.26927614e-08  2.26927614e-08  1.20000000e+00  7.12286673e-08  1.06362991e-10  7.77307212e-15 
 2.27027614e-08  2.27027614e-08  1.20000000e+00  7.12286673e-08  1.06362991e-10  7.77307318e-15 
 2.27127614e-08  2.27127614e-08  1.20000000e+00  7.12286673e-08  1.06362991e-10  7.77307425e-15 
 2.27227614e-08  2.27227614e-08  1.20000000e+00  7.12286673e-08  1.06362991e-10  7.77307531e-15 
 2.27327614e-08  2.27327614e-08  1.20000000e+00  7.12286673e-08  1.06362991e-10  7.77307637e-15 
 2.27427614e-08  2.27427614e-08  1.20000000e+00  7.12286673e-08  1.06362991e-10  7.77307744e-15 
 2.27527614e-08  2.27527614e-08  1.20000000e+00  7.12286673e-08  1.06362991e-10  7.77307850e-15 
 2.27627614e-08  2.27627614e-08  1.20000000e+00  7.12286673e-08  1.06362991e-10  7.77307956e-15 
 2.27727614e-08  2.27727614e-08  1.20000000e+00  7.12286673e-08  1.06362991e-10  7.77308063e-15 
 2.27827614e-08  2.27827614e-08  1.20000000e+00  7.12286673e-08  1.06362991e-10  7.77308169e-15 
 2.27927614e-08  2.27927614e-08  1.20000000e+00  7.12286673e-08  1.06362991e-10  7.77308275e-15 
 2.28027614e-08  2.28027614e-08  1.20000000e+00  7.12286673e-08  1.06362991e-10  7.77308382e-15 
 2.28127614e-08  2.28127614e-08  1.20000000e+00  7.12286673e-08  1.06362991e-10  7.77308488e-15 
 2.28227614e-08  2.28227614e-08  1.20000000e+00  7.12286673e-08  1.06362991e-10  7.77308595e-15 
 2.28327614e-08  2.28327614e-08  1.20000000e+00  7.12286673e-08  1.06362991e-10  7.77308701e-15 
 2.28427614e-08  2.28427614e-08  1.20000000e+00  7.12286673e-08  1.06362991e-10  7.77308807e-15 
 2.28527614e-08  2.28527614e-08  1.20000000e+00  7.12286673e-08  1.06362991e-10  7.77308914e-15 
 2.28627614e-08  2.28627614e-08  1.20000000e+00  7.12286673e-08  1.06362991e-10  7.77309020e-15 
 2.28727614e-08  2.28727614e-08  1.20000000e+00  7.12286673e-08  1.06362991e-10  7.77309126e-15 
 2.28827614e-08  2.28827614e-08  1.20000000e+00  7.12286673e-08  1.06362991e-10  7.77309233e-15 
 2.28927614e-08  2.28927614e-08  1.20000000e+00  7.12286673e-08  1.06362991e-10  7.77309339e-15 
 2.29027614e-08  2.29027614e-08  1.20000000e+00  7.12286673e-08  1.06362991e-10  7.77309445e-15 
 2.29127614e-08  2.29127614e-08  1.20000000e+00  7.12286673e-08  1.06362991e-10  7.77309552e-15 
 2.29227614e-08  2.29227614e-08  1.20000000e+00  7.12286673e-08  1.06362991e-10  7.77309658e-15 
 2.29327614e-08  2.29327614e-08  1.20000000e+00  7.12286673e-08  1.06362991e-10  7.77309765e-15 
 2.29427614e-08  2.29427614e-08  1.20000000e+00  7.12286673e-08  1.06362991e-10  7.77309871e-15 
 2.29527614e-08  2.29527614e-08  1.20000000e+00  7.12286673e-08  1.06362991e-10  7.77309977e-15 
 2.29627614e-08  2.29627614e-08  1.20000000e+00  7.12286673e-08  1.06362991e-10  7.77310084e-15 
 2.29727614e-08  2.29727614e-08  1.20000000e+00  7.12286673e-08  1.06362991e-10  7.77310190e-15 
 2.29827614e-08  2.29827614e-08  1.20000000e+00  7.12286673e-08  1.06362991e-10  7.77310296e-15 
 2.29927614e-08  2.29927614e-08  1.20000000e+00  7.12286673e-08  1.06362991e-10  7.77310403e-15 
 2.30027614e-08  2.30027614e-08  1.20000000e+00  7.12286673e-08  1.06362991e-10  7.77310509e-15 
 2.30127614e-08  2.30127614e-08  1.20000000e+00  7.12286673e-08  1.06362991e-10  7.77310615e-15 
 2.30227614e-08  2.30227614e-08  1.20000000e+00  7.12286673e-08  1.06362991e-10  7.77310722e-15 
 2.30327614e-08  2.30327614e-08  1.20000000e+00  7.12286673e-08  1.06362991e-10  7.77310828e-15 
 2.30427614e-08  2.30427614e-08  1.20000000e+00  7.12286673e-08  1.06362991e-10  7.77310935e-15 
 2.30527614e-08  2.30527614e-08  1.20000000e+00  7.12286673e-08  1.06362991e-10  7.77311041e-15 
 2.30627614e-08  2.30627614e-08  1.20000000e+00  7.12286673e-08  1.06362991e-10  7.77311147e-15 
 2.30727614e-08  2.30727614e-08  1.20000000e+00  7.12286673e-08  1.06362991e-10  7.77311254e-15 
 2.30827614e-08  2.30827614e-08  1.20000000e+00  7.12286673e-08  1.06362991e-10  7.77311360e-15 
 2.30927614e-08  2.30927614e-08  1.20000000e+00  7.12286673e-08  1.06362991e-10  7.77311466e-15 
 2.31027614e-08  2.31027614e-08  1.20000000e+00  7.12286673e-08  1.06362991e-10  7.77311573e-15 
 2.31127614e-08  2.31127614e-08  1.20000000e+00  7.12286673e-08  1.06362991e-10  7.77311679e-15 
 2.31227614e-08  2.31227614e-08  1.20000000e+00  7.12286673e-08  1.06362991e-10  7.77311785e-15 
 2.31327614e-08  2.31327614e-08  1.20000000e+00  7.12286673e-08  1.06362991e-10  7.77311892e-15 
 2.31427614e-08  2.31427614e-08  1.20000000e+00  7.12286673e-08  1.06362991e-10  7.77311998e-15 
 2.31527614e-08  2.31527614e-08  1.20000000e+00  7.12286673e-08  1.06362991e-10  7.77312105e-15 
 2.31627614e-08  2.31627614e-08  1.20000000e+00  7.12286673e-08  1.06362991e-10  7.77312211e-15 
 2.31727614e-08  2.31727614e-08  1.20000000e+00  7.12286673e-08  1.06362991e-10  7.77312317e-15 
 2.31827614e-08  2.31827614e-08  1.20000000e+00  7.12286673e-08  1.06362991e-10  7.77312424e-15 
 2.31927614e-08  2.31927614e-08  1.20000000e+00  7.12286673e-08  1.06362991e-10  7.77312530e-15 
 2.32027614e-08  2.32027614e-08  1.20000000e+00  7.12286673e-08  1.06362991e-10  7.77312636e-15 
 2.32127614e-08  2.32127614e-08  1.20000000e+00  7.12286673e-08  1.06362991e-10  7.77312743e-15 
 2.32227614e-08  2.32227614e-08  1.20000000e+00  7.12286673e-08  1.06362991e-10  7.77312849e-15 
 2.32327614e-08  2.32327614e-08  1.20000000e+00  7.12286673e-08  1.06362991e-10  7.77312955e-15 
 2.32427614e-08  2.32427614e-08  1.20000000e+00  7.12286673e-08  1.06362991e-10  7.77313062e-15 
 2.32527614e-08  2.32527614e-08  1.20000000e+00  7.12286673e-08  1.06362991e-10  7.77313168e-15 
 2.32627614e-08  2.32627614e-08  1.20000000e+00  7.12286673e-08  1.06362991e-10  7.77313274e-15 
 2.32727614e-08  2.32727614e-08  1.20000000e+00  7.12286673e-08  1.06362991e-10  7.77313381e-15 
 2.32827614e-08  2.32827614e-08  1.20000000e+00  7.12286673e-08  1.06362991e-10  7.77313487e-15 
 2.32927614e-08  2.32927614e-08  1.20000000e+00  7.12286673e-08  1.06362991e-10  7.77313594e-15 
 2.33027614e-08  2.33027614e-08  1.20000000e+00  7.12286673e-08  1.06362991e-10  7.77313700e-15 
 2.33127614e-08  2.33127614e-08  1.20000000e+00  7.12286673e-08  1.06362991e-10  7.77313806e-15 
 2.33227614e-08  2.33227614e-08  1.20000000e+00  7.12286673e-08  1.06362991e-10  7.77313913e-15 
 2.33327614e-08  2.33327614e-08  1.20000000e+00  7.12286673e-08  1.06362991e-10  7.77314019e-15 
 2.33427614e-08  2.33427614e-08  1.20000000e+00  7.12286673e-08  1.06362991e-10  7.77314125e-15 
 2.33527614e-08  2.33527614e-08  1.20000000e+00  7.12286673e-08  1.06362991e-10  7.77314232e-15 
 2.33627614e-08  2.33627614e-08  1.20000000e+00  7.12286673e-08  1.06362991e-10  7.77314338e-15 
 2.33727614e-08  2.33727614e-08  1.20000000e+00  7.12286673e-08  1.06362991e-10  7.77314444e-15 
 2.33827614e-08  2.33827614e-08  1.20000000e+00  7.12286673e-08  1.06362991e-10  7.77314551e-15 
 2.33927614e-08  2.33927614e-08  1.20000000e+00  7.12286673e-08  1.06362991e-10  7.77314657e-15 
 2.34027614e-08  2.34027614e-08  1.20000000e+00  7.12286673e-08  1.06362991e-10  7.77314764e-15 
 2.34127614e-08  2.34127614e-08  1.20000000e+00  7.12286673e-08  1.06362991e-10  7.77314870e-15 
 2.34227614e-08  2.34227614e-08  1.20000000e+00  7.12286673e-08  1.06362991e-10  7.77314976e-15 
 2.34327614e-08  2.34327614e-08  1.20000000e+00  7.12286673e-08  1.06362991e-10  7.77315083e-15 
 2.34427614e-08  2.34427614e-08  1.20000000e+00  7.12286673e-08  1.06362991e-10  7.77315189e-15 
 2.34527614e-08  2.34527614e-08  1.20000000e+00  7.12286673e-08  1.06362991e-10  7.77315295e-15 
 2.34627614e-08  2.34627614e-08  1.20000000e+00  7.12286673e-08  1.06362991e-10  7.77315402e-15 
 2.34727614e-08  2.34727614e-08  1.20000000e+00  7.12286673e-08  1.06362991e-10  7.77315508e-15 
 2.34827614e-08  2.34827614e-08  1.20000000e+00  7.12286673e-08  1.06362991e-10  7.77315614e-15 
 2.34927614e-08  2.34927614e-08  1.20000000e+00  7.12286673e-08  1.06362991e-10  7.77315721e-15 
 2.35027614e-08  2.35027614e-08  1.20000000e+00  7.12286673e-08  1.06362991e-10  7.77315827e-15 
 2.35127614e-08  2.35127614e-08  1.20000000e+00  7.12286673e-08  1.06362991e-10  7.77315934e-15 
 2.35227614e-08  2.35227614e-08  1.20000000e+00  7.12286673e-08  1.06362991e-10  7.77316040e-15 
 2.35327614e-08  2.35327614e-08  1.20000000e+00  7.12286673e-08  1.06362991e-10  7.77316146e-15 
 2.35427614e-08  2.35427614e-08  1.20000000e+00  7.12286673e-08  1.06362991e-10  7.77316253e-15 
 2.35527614e-08  2.35527614e-08  1.20000000e+00  7.12286673e-08  1.06362991e-10  7.77316359e-15 
 2.35627614e-08  2.35627614e-08  1.20000000e+00  7.12286673e-08  1.06362991e-10  7.77316465e-15 
 2.35727614e-08  2.35727614e-08  1.20000000e+00  7.12286673e-08  1.06362991e-10  7.77316572e-15 
 2.35827614e-08  2.35827614e-08  1.20000000e+00  7.12286673e-08  1.06362991e-10  7.77316678e-15 
 2.35927614e-08  2.35927614e-08  1.20000000e+00  7.12286673e-08  1.06362991e-10  7.77316784e-15 
 2.36027614e-08  2.36027614e-08  1.20000000e+00  7.12286673e-08  1.06362991e-10  7.77316891e-15 
 2.36127614e-08  2.36127614e-08  1.20000000e+00  7.12286673e-08  1.06362991e-10  7.77316997e-15 
 2.36227614e-08  2.36227614e-08  1.20000000e+00  7.12286673e-08  1.06362991e-10  7.77317104e-15 
 2.36327614e-08  2.36327614e-08  1.20000000e+00  7.12286673e-08  1.06362991e-10  7.77317210e-15 
 2.36427614e-08  2.36427614e-08  1.20000000e+00  7.12286673e-08  1.06362991e-10  7.77317316e-15 
 2.36527614e-08  2.36527614e-08  1.20000000e+00  7.12286673e-08  1.06362991e-10  7.77317423e-15 
 2.36627614e-08  2.36627614e-08  1.20000000e+00  7.12286673e-08  1.06362991e-10  7.77317529e-15 
 2.36727614e-08  2.36727614e-08  1.20000000e+00  7.12286673e-08  1.06362991e-10  7.77317635e-15 
 2.36827614e-08  2.36827614e-08  1.20000000e+00  7.12286673e-08  1.06362991e-10  7.77317742e-15 
 2.36927614e-08  2.36927614e-08  1.20000000e+00  7.12286673e-08  1.06362991e-10  7.77317848e-15 
 2.37027614e-08  2.37027614e-08  1.20000000e+00  7.12286673e-08  1.06362991e-10  7.77317954e-15 
 2.37127614e-08  2.37127614e-08  1.20000000e+00  7.12286673e-08  1.06362991e-10  7.77318061e-15 
 2.37227614e-08  2.37227614e-08  1.20000000e+00  7.12286673e-08  1.06362991e-10  7.77318167e-15 
 2.37327614e-08  2.37327614e-08  1.20000000e+00  7.12286673e-08  1.06362991e-10  7.77318274e-15 
 2.37427614e-08  2.37427614e-08  1.20000000e+00  7.12286673e-08  1.06362991e-10  7.77318380e-15 
 2.37527614e-08  2.37527614e-08  1.20000000e+00  7.12286673e-08  1.06362991e-10  7.77318486e-15 
 2.37627614e-08  2.37627614e-08  1.20000000e+00  7.12286673e-08  1.06362991e-10  7.77318593e-15 
 2.37727614e-08  2.37727614e-08  1.20000000e+00  7.12286673e-08  1.06362991e-10  7.77318699e-15 
 2.37827614e-08  2.37827614e-08  1.20000000e+00  7.12286673e-08  1.06362991e-10  7.77318805e-15 
 2.37927614e-08  2.37927614e-08  1.20000000e+00  7.12286673e-08  1.06362991e-10  7.77318912e-15 
 2.38027614e-08  2.38027614e-08  1.20000000e+00  7.12286673e-08  1.06362991e-10  7.77319018e-15 
 2.38127614e-08  2.38127614e-08  1.20000000e+00  7.12286673e-08  1.06362991e-10  7.77319124e-15 
 2.38227614e-08  2.38227614e-08  1.20000000e+00  7.12286673e-08  1.06362991e-10  7.77319231e-15 
 2.38327614e-08  2.38327614e-08  1.20000000e+00  7.12286673e-08  1.06362991e-10  7.77319337e-15 
 2.38427614e-08  2.38427614e-08  1.20000000e+00  7.12286673e-08  1.06362991e-10  7.77319444e-15 
 2.38527614e-08  2.38527614e-08  1.20000000e+00  7.12286673e-08  1.06362991e-10  7.77319550e-15 
 2.38627614e-08  2.38627614e-08  1.20000000e+00  7.12286673e-08  1.06362991e-10  7.77319656e-15 
 2.38727614e-08  2.38727614e-08  1.20000000e+00  7.12286673e-08  1.06362991e-10  7.77319763e-15 
 2.38827614e-08  2.38827614e-08  1.20000000e+00  7.12286673e-08  1.06362991e-10  7.77319869e-15 
 2.38927614e-08  2.38927614e-08  1.20000000e+00  7.12286673e-08  1.06362991e-10  7.77319975e-15 
 2.39027614e-08  2.39027614e-08  1.20000000e+00  7.12286673e-08  1.06362991e-10  7.77320082e-15 
 2.39127614e-08  2.39127614e-08  1.20000000e+00  7.12286673e-08  1.06362991e-10  7.77320188e-15 
 2.39227614e-08  2.39227614e-08  1.20000000e+00  7.12286673e-08  1.06362991e-10  7.77320294e-15 
 2.39327614e-08  2.39327614e-08  1.20000000e+00  7.12286673e-08  1.06362991e-10  7.77320401e-15 
 2.39427614e-08  2.39427614e-08  1.20000000e+00  7.12286673e-08  1.06362991e-10  7.77320507e-15 
 2.39527614e-08  2.39527614e-08  1.20000000e+00  7.12286673e-08  1.06362991e-10  7.77320614e-15 
 2.39627614e-08  2.39627614e-08  1.20000000e+00  7.12286673e-08  1.06362991e-10  7.77320720e-15 
 2.39727614e-08  2.39727614e-08  1.20000000e+00  7.12286673e-08  1.06362991e-10  7.77320826e-15 
 2.39827614e-08  2.39827614e-08  1.20000000e+00  7.12286673e-08  1.06362991e-10  7.77320933e-15 
 2.39927614e-08  2.39927614e-08  1.20000000e+00  7.12286673e-08  1.06362991e-10  7.77321039e-15 
 2.40027614e-08  2.40027614e-08  1.20000000e+00  7.12286673e-08  1.06362991e-10  7.77321145e-15 
 2.40127614e-08  2.40127614e-08  1.20000000e+00  7.12286673e-08  1.06362991e-10  7.77321252e-15 
 2.40227614e-08  2.40227614e-08  1.20000000e+00  7.12286673e-08  1.06362991e-10  7.77321358e-15 
 2.40327614e-08  2.40327614e-08  1.20000000e+00  7.12286673e-08  1.06362991e-10  7.77321464e-15 
 2.40427614e-08  2.40427614e-08  1.20000000e+00  7.12286673e-08  1.06362991e-10  7.77321571e-15 
 2.40527614e-08  2.40527614e-08  1.20000000e+00  7.12286673e-08  1.06362991e-10  7.77321677e-15 
 2.40627614e-08  2.40627614e-08  1.20000000e+00  7.12286673e-08  1.06362991e-10  7.77321784e-15 
 2.40727614e-08  2.40727614e-08  1.20000000e+00  7.12286673e-08  1.06362991e-10  7.77321890e-15 
 2.40827614e-08  2.40827614e-08  1.20000000e+00  7.12286673e-08  1.06362991e-10  7.77321996e-15 
 2.40927614e-08  2.40927614e-08  1.20000000e+00  7.12286673e-08  1.06362991e-10  7.77322103e-15 
 2.41027614e-08  2.41027614e-08  1.20000000e+00  7.12286673e-08  1.06362991e-10  7.77322209e-15 
 2.41127614e-08  2.41127614e-08  1.20000000e+00  7.12286673e-08  1.06362991e-10  7.77322315e-15 
 2.41227614e-08  2.41227614e-08  1.20000000e+00  7.12286673e-08  1.06362991e-10  7.77322422e-15 
 2.41327614e-08  2.41327614e-08  1.20000000e+00  7.12286673e-08  1.06362991e-10  7.77322528e-15 
 2.41427614e-08  2.41427614e-08  1.20000000e+00  7.12286673e-08  1.06362991e-10  7.77322634e-15 
 2.41527614e-08  2.41527614e-08  1.20000000e+00  7.12286673e-08  1.06362991e-10  7.77322741e-15 
 2.41627614e-08  2.41627614e-08  1.20000000e+00  7.12286673e-08  1.06362991e-10  7.77322847e-15 
 2.41727614e-08  2.41727614e-08  1.20000000e+00  7.12286673e-08  1.06362991e-10  7.77322954e-15 
 2.41827614e-08  2.41827614e-08  1.20000000e+00  7.12286673e-08  1.06362991e-10  7.77323060e-15 
 2.41927614e-08  2.41927614e-08  1.20000000e+00  7.12286673e-08  1.06362991e-10  7.77323166e-15 
 2.42027614e-08  2.42027614e-08  1.20000000e+00  7.12286673e-08  1.06362991e-10  7.77323273e-15 
 2.42127614e-08  2.42127614e-08  1.20000000e+00  7.12286673e-08  1.06362991e-10  7.77323379e-15 
 2.42227614e-08  2.42227614e-08  1.20000000e+00  7.12286673e-08  1.06362991e-10  7.77323485e-15 
 2.42327614e-08  2.42327614e-08  1.20000000e+00  7.12286673e-08  1.06362991e-10  7.77323592e-15 
 2.42427614e-08  2.42427614e-08  1.20000000e+00  7.12286673e-08  1.06362991e-10  7.77323698e-15 
 2.42527614e-08  2.42527614e-08  1.20000000e+00  7.12286673e-08  1.06362991e-10  7.77323804e-15 
 2.42627614e-08  2.42627614e-08  1.20000000e+00  7.12286673e-08  1.06362991e-10  7.77323911e-15 
 2.42727614e-08  2.42727614e-08  1.20000000e+00  7.12286673e-08  1.06362991e-10  7.77324017e-15 
 2.42827614e-08  2.42827614e-08  1.20000000e+00  7.12286673e-08  1.06362991e-10  7.77324124e-15 
 2.42927614e-08  2.42927614e-08  1.20000000e+00  7.12286673e-08  1.06362991e-10  7.77324230e-15 
 2.43027614e-08  2.43027614e-08  1.20000000e+00  7.12286673e-08  1.06362991e-10  7.77324336e-15 
 2.43127614e-08  2.43127614e-08  1.20000000e+00  7.12286673e-08  1.06362991e-10  7.77324443e-15 
 2.43227614e-08  2.43227614e-08  1.20000000e+00  7.12286673e-08  1.06362991e-10  7.77324549e-15 
 2.43327614e-08  2.43327614e-08  1.20000000e+00  7.12286673e-08  1.06362991e-10  7.77324655e-15 
 2.43427614e-08  2.43427614e-08  1.20000000e+00  7.12286673e-08  1.06362991e-10  7.77324762e-15 
 2.43527614e-08  2.43527614e-08  1.20000000e+00  7.12286673e-08  1.06362991e-10  7.77324868e-15 
 2.43627614e-08  2.43627614e-08  1.20000000e+00  7.12286673e-08  1.06362991e-10  7.77324974e-15 
 2.43727614e-08  2.43727614e-08  1.20000000e+00  7.12286673e-08  1.06362991e-10  7.77325081e-15 
 2.43827614e-08  2.43827614e-08  1.20000000e+00  7.12286673e-08  1.06362991e-10  7.77325187e-15 
 2.43927614e-08  2.43927614e-08  1.20000000e+00  7.12286673e-08  1.06362991e-10  7.77325294e-15 
 2.44027614e-08  2.44027614e-08  1.20000000e+00  7.12286673e-08  1.06362991e-10  7.77325400e-15 
 2.44127614e-08  2.44127614e-08  1.20000000e+00  7.12286673e-08  1.06362991e-10  7.77325506e-15 
 2.44227614e-08  2.44227614e-08  1.20000000e+00  7.12286673e-08  1.06362991e-10  7.77325613e-15 
 2.44327614e-08  2.44327614e-08  1.20000000e+00  7.12286673e-08  1.06362991e-10  7.77325719e-15 
 2.44427614e-08  2.44427614e-08  1.20000000e+00  7.12286673e-08  1.06362991e-10  7.77325825e-15 
 2.44527614e-08  2.44527614e-08  1.20000000e+00  7.12286673e-08  1.06362991e-10  7.77325932e-15 
 2.44627614e-08  2.44627614e-08  1.20000000e+00  7.12286673e-08  1.06362991e-10  7.77326038e-15 
 2.44727614e-08  2.44727614e-08  1.20000000e+00  7.12286673e-08  1.06362991e-10  7.77326144e-15 
 2.44827614e-08  2.44827614e-08  1.20000000e+00  7.12286673e-08  1.06362991e-10  7.77326251e-15 
 2.44927614e-08  2.44927614e-08  1.20000000e+00  7.12286673e-08  1.06362991e-10  7.77326357e-15 
 2.45027614e-08  2.45027614e-08  1.20000000e+00  7.12286673e-08  1.06362991e-10  7.77326464e-15 
 2.45127614e-08  2.45127614e-08  1.20000000e+00  7.12286673e-08  1.06362991e-10  7.77326570e-15 
 2.45227614e-08  2.45227614e-08  1.20000000e+00  7.12286673e-08  1.06362991e-10  7.77326676e-15 
 2.45327614e-08  2.45327614e-08  1.20000000e+00  7.12286673e-08  1.06362991e-10  7.77326783e-15 
 2.45427614e-08  2.45427614e-08  1.20000000e+00  7.12286673e-08  1.06362991e-10  7.77326889e-15 
 2.45527614e-08  2.45527614e-08  1.20000000e+00  7.12286673e-08  1.06362991e-10  7.77326995e-15 
 2.45627614e-08  2.45627614e-08  1.20000000e+00  7.12286673e-08  1.06362991e-10  7.77327102e-15 
 2.45727614e-08  2.45727614e-08  1.20000000e+00  7.12286673e-08  1.06362991e-10  7.77327208e-15 
 2.45827614e-08  2.45827614e-08  1.20000000e+00  7.12286673e-08  1.06362991e-10  7.77327314e-15 
 2.45927614e-08  2.45927614e-08  1.20000000e+00  7.12286673e-08  1.06362991e-10  7.77327421e-15 
 2.46027614e-08  2.46027614e-08  1.20000000e+00  7.12286673e-08  1.06362991e-10  7.77327527e-15 
 2.46127614e-08  2.46127614e-08  1.20000000e+00  7.12286673e-08  1.06362991e-10  7.77327634e-15 
 2.46227614e-08  2.46227614e-08  1.20000000e+00  7.12286673e-08  1.06362991e-10  7.77327740e-15 
 2.46327614e-08  2.46327614e-08  1.20000000e+00  7.12286673e-08  1.06362991e-10  7.77327846e-15 
 2.46427614e-08  2.46427614e-08  1.20000000e+00  7.12286673e-08  1.06362991e-10  7.77327953e-15 
 2.46527614e-08  2.46527614e-08  1.20000000e+00  7.12286673e-08  1.06362991e-10  7.77328059e-15 
 2.46627614e-08  2.46627614e-08  1.20000000e+00  7.12286673e-08  1.06362991e-10  7.77328165e-15 
 2.46727614e-08  2.46727614e-08  1.20000000e+00  7.12286673e-08  1.06362991e-10  7.77328272e-15 
 2.46827614e-08  2.46827614e-08  1.20000000e+00  7.12286673e-08  1.06362991e-10  7.77328378e-15 
 2.46927614e-08  2.46927614e-08  1.20000000e+00  7.12286673e-08  1.06362991e-10  7.77328484e-15 
 2.47027614e-08  2.47027614e-08  1.20000000e+00  7.12286673e-08  1.06362991e-10  7.77328591e-15 
 2.47127614e-08  2.47127614e-08  1.20000000e+00  7.12286673e-08  1.06362991e-10  7.77328697e-15 
 2.47227614e-08  2.47227614e-08  1.20000000e+00  7.12286673e-08  1.06362991e-10  7.77328803e-15 
 2.47327614e-08  2.47327614e-08  1.20000000e+00  7.12286673e-08  1.06362991e-10  7.77328910e-15 
 2.47427614e-08  2.47427614e-08  1.20000000e+00  7.12286673e-08  1.06362991e-10  7.77329016e-15 
 2.47527614e-08  2.47527614e-08  1.20000000e+00  7.12286673e-08  1.06362991e-10  7.77329123e-15 
 2.47627614e-08  2.47627614e-08  1.20000000e+00  7.12286673e-08  1.06362991e-10  7.77329229e-15 
 2.47727614e-08  2.47727614e-08  1.20000000e+00  7.12286673e-08  1.06362991e-10  7.77329335e-15 
 2.47827614e-08  2.47827614e-08  1.20000000e+00  7.12286673e-08  1.06362991e-10  7.77329442e-15 
 2.47927614e-08  2.47927614e-08  1.20000000e+00  7.12286673e-08  1.06362991e-10  7.77329548e-15 
 2.48027614e-08  2.48027614e-08  1.20000000e+00  7.12286673e-08  1.06362991e-10  7.77329654e-15 
 2.48127614e-08  2.48127614e-08  1.20000000e+00  7.12286673e-08  1.06362991e-10  7.77329761e-15 
 2.48227614e-08  2.48227614e-08  1.20000000e+00  7.12286673e-08  1.06362991e-10  7.77329867e-15 
 2.48327614e-08  2.48327614e-08  1.20000000e+00  7.12286673e-08  1.06362991e-10  7.77329973e-15 
 2.48427614e-08  2.48427614e-08  1.20000000e+00  7.12286673e-08  1.06362991e-10  7.77330080e-15 
 2.48527614e-08  2.48527614e-08  1.20000000e+00  7.12286673e-08  1.06362991e-10  7.77330186e-15 
 2.48627614e-08  2.48627614e-08  1.20000000e+00  7.12286673e-08  1.06362991e-10  7.77330293e-15 
 2.48727614e-08  2.48727614e-08  1.20000000e+00  7.12286673e-08  1.06362991e-10  7.77330399e-15 
 2.48827614e-08  2.48827614e-08  1.20000000e+00  7.12286673e-08  1.06362991e-10  7.77330505e-15 
 2.48927614e-08  2.48927614e-08  1.20000000e+00  7.12286673e-08  1.06362991e-10  7.77330612e-15 
 2.49027614e-08  2.49027614e-08  1.20000000e+00  7.12286673e-08  1.06362991e-10  7.77330718e-15 
 2.49127614e-08  2.49127614e-08  1.20000000e+00  7.12286673e-08  1.06362991e-10  7.77330824e-15 
 2.49227614e-08  2.49227614e-08  1.20000000e+00  7.12286673e-08  1.06362991e-10  7.77330931e-15 
 2.49327614e-08  2.49327614e-08  1.20000000e+00  7.12286673e-08  1.06362991e-10  7.77331037e-15 
 2.49427614e-08  2.49427614e-08  1.20000000e+00  7.12286673e-08  1.06362991e-10  7.77331143e-15 
 2.49527614e-08  2.49527614e-08  1.20000000e+00  7.12286673e-08  1.06362991e-10  7.77331250e-15 
 2.49627614e-08  2.49627614e-08  1.20000000e+00  7.12286673e-08  1.06362991e-10  7.77331356e-15 
 2.49727614e-08  2.49727614e-08  1.20000000e+00  7.12286673e-08  1.06362991e-10  7.77331463e-15 
 2.49827614e-08  2.49827614e-08  1.20000000e+00  7.12286673e-08  1.06362991e-10  7.77331569e-15 
 2.49927614e-08  2.49927614e-08  1.20000000e+00  7.12286673e-08  1.06362991e-10  7.77331675e-15 
 2.50027614e-08  2.50027614e-08  1.20000000e+00  7.12286673e-08  1.06362991e-10  7.77331782e-15 
 2.50127614e-08  2.50127614e-08  1.20000000e+00  7.12286673e-08  1.06362991e-10  7.77331888e-15 
 2.50227614e-08  2.50227614e-08  1.20000000e+00  7.12286673e-08  1.06362991e-10  7.77331994e-15 
 2.50327614e-08  2.50327614e-08  1.20000000e+00  7.12286673e-08  1.06362991e-10  7.77332101e-15 
 2.50427614e-08  2.50427614e-08  1.20000000e+00  7.12286673e-08  1.06362991e-10  7.77332207e-15 
 2.50527614e-08  2.50527614e-08  1.20000000e+00  7.12286673e-08  1.06362991e-10  7.77332313e-15 
 2.50627614e-08  2.50627614e-08  1.20000000e+00  7.12286673e-08  1.06362991e-10  7.77332420e-15 
 2.50727614e-08  2.50727614e-08  1.20000000e+00  7.12286673e-08  1.06362991e-10  7.77332526e-15 
 2.50827614e-08  2.50827614e-08  1.20000000e+00  7.12286673e-08  1.06362991e-10  7.77332633e-15 
 2.50927614e-08  2.50927614e-08  1.20000000e+00  7.12286673e-08  1.06362991e-10  7.77332739e-15 
 2.51027614e-08  2.51027614e-08  1.20000000e+00  7.12286673e-08  1.06362991e-10  7.77332845e-15 
 2.51127614e-08  2.51127614e-08  1.20000000e+00  7.12286673e-08  1.06362991e-10  7.77332952e-15 
 2.51227614e-08  2.51227614e-08  1.20000000e+00  7.12286673e-08  1.06362991e-10  7.77333058e-15 
 2.51327614e-08  2.51327614e-08  1.20000000e+00  7.12286673e-08  1.06362991e-10  7.77333164e-15 
 2.51427614e-08  2.51427614e-08  1.20000000e+00  7.12286673e-08  1.06362991e-10  7.77333271e-15 
 2.51527614e-08  2.51527614e-08  1.20000000e+00  7.12286673e-08  1.06362991e-10  7.77333377e-15 
 2.51627614e-08  2.51627614e-08  1.20000000e+00  7.12286673e-08  1.06362991e-10  7.77333483e-15 
 2.51727614e-08  2.51727614e-08  1.20000000e+00  7.12286673e-08  1.06362991e-10  7.77333590e-15 
 2.51827614e-08  2.51827614e-08  1.20000000e+00  7.12286673e-08  1.06362991e-10  7.77333696e-15 
 2.51927614e-08  2.51927614e-08  1.20000000e+00  7.12286673e-08  1.06362991e-10  7.77333803e-15 
 2.52027614e-08  2.52027614e-08  1.20000000e+00  7.12286673e-08  1.06362991e-10  7.77333909e-15 
 2.52127614e-08  2.52127614e-08  1.20000000e+00  7.12286673e-08  1.06362991e-10  7.77334015e-15 
 2.52227614e-08  2.52227614e-08  1.20000000e+00  7.12286673e-08  1.06362991e-10  7.77334122e-15 
 2.52327614e-08  2.52327614e-08  1.20000000e+00  7.12286673e-08  1.06362991e-10  7.77334228e-15 
 2.52427614e-08  2.52427614e-08  1.20000000e+00  7.12286673e-08  1.06362991e-10  7.77334334e-15 
 2.52527614e-08  2.52527614e-08  1.20000000e+00  7.12286673e-08  1.06362991e-10  7.77334441e-15 
 2.52627614e-08  2.52627614e-08  1.20000000e+00  7.12286673e-08  1.06362991e-10  7.77334547e-15 
 2.52727614e-08  2.52727614e-08  1.20000000e+00  7.12286673e-08  1.06362991e-10  7.77334653e-15 
 2.52827614e-08  2.52827614e-08  1.20000000e+00  7.12286673e-08  1.06362991e-10  7.77334760e-15 
 2.52927614e-08  2.52927614e-08  1.20000000e+00  7.12286673e-08  1.06362991e-10  7.77334866e-15 
 2.53027614e-08  2.53027614e-08  1.20000000e+00  7.12286673e-08  1.06362991e-10  7.77334973e-15 
 2.53127614e-08  2.53127614e-08  1.20000000e+00  7.12286673e-08  1.06362991e-10  7.77335079e-15 
 2.53227614e-08  2.53227614e-08  1.20000000e+00  7.12286673e-08  1.06362991e-10  7.77335185e-15 
 2.53327614e-08  2.53327614e-08  1.20000000e+00  7.12286673e-08  1.06362991e-10  7.77335292e-15 
 2.53427614e-08  2.53427614e-08  1.20000000e+00  7.12286673e-08  1.06362991e-10  7.77335398e-15 
 2.53527614e-08  2.53527614e-08  1.20000000e+00  7.12286673e-08  1.06362991e-10  7.77335504e-15 
 2.53627614e-08  2.53627614e-08  1.20000000e+00  7.12286673e-08  1.06362991e-10  7.77335611e-15 
 2.53727614e-08  2.53727614e-08  1.20000000e+00  7.12286673e-08  1.06362991e-10  7.77335717e-15 
 2.53827614e-08  2.53827614e-08  1.20000000e+00  7.12286673e-08  1.06362991e-10  7.77335823e-15 
 2.53927614e-08  2.53927614e-08  1.20000000e+00  7.12286673e-08  1.06362991e-10  7.77335930e-15 
 2.54027614e-08  2.54027614e-08  1.20000000e+00  7.12286673e-08  1.06362991e-10  7.77336036e-15 
 2.54127614e-08  2.54127614e-08  1.20000000e+00  7.12286673e-08  1.06362991e-10  7.77336143e-15 
 2.54227614e-08  2.54227614e-08  1.20000000e+00  7.12286673e-08  1.06362991e-10  7.77336249e-15 
 2.54327614e-08  2.54327614e-08  1.20000000e+00  7.12286673e-08  1.06362991e-10  7.77336355e-15 
 2.54427614e-08  2.54427614e-08  1.20000000e+00  7.12286673e-08  1.06362991e-10  7.77336462e-15 
 2.54527614e-08  2.54527614e-08  1.20000000e+00  7.12286673e-08  1.06362991e-10  7.77336568e-15 
 2.54627614e-08  2.54627614e-08  1.20000000e+00  7.12286673e-08  1.06362991e-10  7.77336674e-15 
 2.54727614e-08  2.54727614e-08  1.20000000e+00  7.12286673e-08  1.06362991e-10  7.77336781e-15 
 2.54827614e-08  2.54827614e-08  1.20000000e+00  7.12286673e-08  1.06362991e-10  7.77336887e-15 
 2.54927614e-08  2.54927614e-08  1.20000000e+00  7.12286673e-08  1.06362991e-10  7.77336993e-15 
 2.55027614e-08  2.55027614e-08  1.20000000e+00  7.12286673e-08  1.06362991e-10  7.77337100e-15 
 2.55127614e-08  2.55127614e-08  1.20000000e+00  7.12286673e-08  1.06362991e-10  7.77337206e-15 
 2.55227614e-08  2.55227614e-08  1.20000000e+00  7.12286673e-08  1.06362991e-10  7.77337313e-15 
 2.55327614e-08  2.55327614e-08  1.20000000e+00  7.12286673e-08  1.06362991e-10  7.77337419e-15 
 2.55427614e-08  2.55427614e-08  1.20000000e+00  7.12286673e-08  1.06362991e-10  7.77337525e-15 
 2.55527614e-08  2.55527614e-08  1.20000000e+00  7.12286673e-08  1.06362991e-10  7.77337632e-15 
 2.55627614e-08  2.55627614e-08  1.20000000e+00  7.12286673e-08  1.06362991e-10  7.77337738e-15 
 2.55727614e-08  2.55727614e-08  1.20000000e+00  7.12286673e-08  1.06362991e-10  7.77337844e-15 
 2.55827614e-08  2.55827614e-08  1.20000000e+00  7.12286673e-08  1.06362991e-10  7.77337951e-15 
 2.55927614e-08  2.55927614e-08  1.20000000e+00  7.12286673e-08  1.06362991e-10  7.77338057e-15 
 2.56027614e-08  2.56027614e-08  1.20000000e+00  7.12286673e-08  1.06362991e-10  7.77338163e-15 
 2.56127614e-08  2.56127614e-08  1.20000000e+00  7.12286673e-08  1.06362991e-10  7.77338270e-15 
 2.56227614e-08  2.56227614e-08  1.20000000e+00  7.12286673e-08  1.06362991e-10  7.77338376e-15 
 2.56327614e-08  2.56327614e-08  1.20000000e+00  7.12286673e-08  1.06362991e-10  7.77338483e-15 
 2.56427614e-08  2.56427614e-08  1.20000000e+00  7.12286673e-08  1.06362991e-10  7.77338589e-15 
 2.56527614e-08  2.56527614e-08  1.20000000e+00  7.12286673e-08  1.06362991e-10  7.77338695e-15 
 2.56627614e-08  2.56627614e-08  1.20000000e+00  7.12286673e-08  1.06362991e-10  7.77338802e-15 
 2.56727614e-08  2.56727614e-08  1.20000000e+00  7.12286673e-08  1.06362991e-10  7.77338908e-15 
 2.56827614e-08  2.56827614e-08  1.20000000e+00  7.12286673e-08  1.06362991e-10  7.77339014e-15 
 2.56927614e-08  2.56927614e-08  1.20000000e+00  7.12286673e-08  1.06362991e-10  7.77339121e-15 
 2.57027614e-08  2.57027614e-08  1.20000000e+00  7.12286673e-08  1.06362991e-10  7.77339227e-15 
 2.57127614e-08  2.57127614e-08  1.20000000e+00  7.12286673e-08  1.06362991e-10  7.77339333e-15 
 2.57227614e-08  2.57227614e-08  1.20000000e+00  7.12286673e-08  1.06362991e-10  7.77339440e-15 
 2.57327614e-08  2.57327614e-08  1.20000000e+00  7.12286673e-08  1.06362991e-10  7.77339546e-15 
 2.57427614e-08  2.57427614e-08  1.20000000e+00  7.12286673e-08  1.06362991e-10  7.77339653e-15 
 2.57527614e-08  2.57527614e-08  1.20000000e+00  7.12286673e-08  1.06362991e-10  7.77339759e-15 
 2.57627614e-08  2.57627614e-08  1.20000000e+00  7.12286673e-08  1.06362991e-10  7.77339865e-15 
 2.57727614e-08  2.57727614e-08  1.20000000e+00  7.12286673e-08  1.06362991e-10  7.77339972e-15 
 2.57827614e-08  2.57827614e-08  1.20000000e+00  7.12286673e-08  1.06362991e-10  7.77340078e-15 
 2.57927614e-08  2.57927614e-08  1.20000000e+00  7.12286673e-08  1.06362991e-10  7.77340184e-15 
 2.58027614e-08  2.58027614e-08  1.20000000e+00  7.12286673e-08  1.06362991e-10  7.77340291e-15 
 2.58127614e-08  2.58127614e-08  1.20000000e+00  7.12286673e-08  1.06362991e-10  7.77340397e-15 
 2.58227614e-08  2.58227614e-08  1.20000000e+00  7.12286673e-08  1.06362991e-10  7.77340503e-15 
 2.58327614e-08  2.58327614e-08  1.20000000e+00  7.12286673e-08  1.06362991e-10  7.77340610e-15 
 2.58427614e-08  2.58427614e-08  1.20000000e+00  7.12286673e-08  1.06362991e-10  7.77340716e-15 
 2.58527614e-08  2.58527614e-08  1.20000000e+00  7.12286673e-08  1.06362991e-10  7.77340823e-15 
 2.58627614e-08  2.58627614e-08  1.20000000e+00  7.12286673e-08  1.06362991e-10  7.77340929e-15 
 2.58727614e-08  2.58727614e-08  1.20000000e+00  7.12286673e-08  1.06362991e-10  7.77341035e-15 
 2.58827614e-08  2.58827614e-08  1.20000000e+00  7.12286673e-08  1.06362991e-10  7.77341142e-15 
 2.58927614e-08  2.58927614e-08  1.20000000e+00  7.12286673e-08  1.06362991e-10  7.77341248e-15 
 2.59027614e-08  2.59027614e-08  1.20000000e+00  7.12286673e-08  1.06362991e-10  7.77341354e-15 
 2.59127614e-08  2.59127614e-08  1.20000000e+00  7.12286673e-08  1.06362991e-10  7.77341461e-15 
 2.59227614e-08  2.59227614e-08  1.20000000e+00  7.12286673e-08  1.06362991e-10  7.77341567e-15 
 2.59327614e-08  2.59327614e-08  1.20000000e+00  7.12286673e-08  1.06362991e-10  7.77341673e-15 
 2.59427614e-08  2.59427614e-08  1.20000000e+00  7.12286673e-08  1.06362991e-10  7.77341780e-15 
 2.59527614e-08  2.59527614e-08  1.20000000e+00  7.12286673e-08  1.06362991e-10  7.77341886e-15 
 2.59627614e-08  2.59627614e-08  1.20000000e+00  7.12286673e-08  1.06362991e-10  7.77341993e-15 
 2.59727614e-08  2.59727614e-08  1.20000000e+00  7.12286673e-08  1.06362991e-10  7.77342099e-15 
 2.59827614e-08  2.59827614e-08  1.20000000e+00  7.12286673e-08  1.06362991e-10  7.77342205e-15 
 2.59927614e-08  2.59927614e-08  1.20000000e+00  7.12286673e-08  1.06362991e-10  7.77342312e-15 
 2.60027614e-08  2.60027614e-08  1.20000000e+00  7.12286673e-08  1.06362991e-10  7.77342418e-15 
 2.60127614e-08  2.60127614e-08  1.20000000e+00  7.12286673e-08  1.06362991e-10  7.77342524e-15 
 2.60227614e-08  2.60227614e-08  1.20000000e+00  7.12286673e-08  1.06362991e-10  7.77342631e-15 
 2.60327614e-08  2.60327614e-08  1.20000000e+00  7.12286673e-08  1.06362991e-10  7.77342737e-15 
 2.60427614e-08  2.60427614e-08  1.20000000e+00  7.12286673e-08  1.06362991e-10  7.77342843e-15 
 2.60527614e-08  2.60527614e-08  1.20000000e+00  7.12286673e-08  1.06362991e-10  7.77342950e-15 
 2.60627614e-08  2.60627614e-08  1.20000000e+00  7.12286673e-08  1.06362991e-10  7.77343056e-15 
 2.60727614e-08  2.60727614e-08  1.20000000e+00  7.12286673e-08  1.06362991e-10  7.77343162e-15 
 2.60827614e-08  2.60827614e-08  1.20000000e+00  7.12286673e-08  1.06362991e-10  7.77343269e-15 
 2.60927614e-08  2.60927614e-08  1.20000000e+00  7.12286673e-08  1.06362991e-10  7.77343375e-15 
 2.61027614e-08  2.61027614e-08  1.20000000e+00  7.12286673e-08  1.06362991e-10  7.77343482e-15 
 2.61127614e-08  2.61127614e-08  1.20000000e+00  7.12286673e-08  1.06362991e-10  7.77343588e-15 
 2.61227614e-08  2.61227614e-08  1.20000000e+00  7.12286673e-08  1.06362991e-10  7.77343694e-15 
 2.61327614e-08  2.61327614e-08  1.20000000e+00  7.12286673e-08  1.06362991e-10  7.77343801e-15 
 2.61427614e-08  2.61427614e-08  1.20000000e+00  7.12286673e-08  1.06362991e-10  7.77343907e-15 
 2.61527614e-08  2.61527614e-08  1.20000000e+00  7.12286673e-08  1.06362991e-10  7.77344013e-15 
 2.61627614e-08  2.61627614e-08  1.20000000e+00  7.12286673e-08  1.06362991e-10  7.77344120e-15 
 2.61727614e-08  2.61727614e-08  1.20000000e+00  7.12286673e-08  1.06362991e-10  7.77344226e-15 
 2.61827614e-08  2.61827614e-08  1.20000000e+00  7.12286673e-08  1.06362991e-10  7.77344332e-15 
 2.61927614e-08  2.61927614e-08  1.20000000e+00  7.12286673e-08  1.06362991e-10  7.77344439e-15 
 2.62027614e-08  2.62027614e-08  1.20000000e+00  7.12286673e-08  1.06362991e-10  7.77344545e-15 
 2.62127614e-08  2.62127614e-08  1.20000000e+00  7.12286673e-08  1.06362991e-10  7.77344652e-15 
 2.62227614e-08  2.62227614e-08  1.20000000e+00  7.12286673e-08  1.06362991e-10  7.77344758e-15 
 2.62327614e-08  2.62327614e-08  1.20000000e+00  7.12286673e-08  1.06362991e-10  7.77344864e-15 
 2.62427614e-08  2.62427614e-08  1.20000000e+00  7.12286673e-08  1.06362991e-10  7.77344971e-15 
 2.62527614e-08  2.62527614e-08  1.20000000e+00  7.12286673e-08  1.06362991e-10  7.77345077e-15 
 2.62627614e-08  2.62627614e-08  1.20000000e+00  7.12286673e-08  1.06362991e-10  7.77345183e-15 
 2.62727614e-08  2.62727614e-08  1.20000000e+00  7.12286673e-08  1.06362991e-10  7.77345290e-15 
 2.62827614e-08  2.62827614e-08  1.20000000e+00  7.12286673e-08  1.06362991e-10  7.77345396e-15 
 2.62927614e-08  2.62927614e-08  1.20000000e+00  7.12286673e-08  1.06362991e-10  7.77345502e-15 
 2.63027614e-08  2.63027614e-08  1.20000000e+00  7.12286673e-08  1.06362991e-10  7.77345609e-15 
 2.63127614e-08  2.63127614e-08  1.20000000e+00  7.12286673e-08  1.06362991e-10  7.77345715e-15 
 2.63227614e-08  2.63227614e-08  1.20000000e+00  7.12286673e-08  1.06362991e-10  7.77345822e-15 
 2.63327614e-08  2.63327614e-08  1.20000000e+00  7.12286673e-08  1.06362991e-10  7.77345928e-15 
 2.63427614e-08  2.63427614e-08  1.20000000e+00  7.12286673e-08  1.06362991e-10  7.77346034e-15 
 2.63527614e-08  2.63527614e-08  1.20000000e+00  7.12286673e-08  1.06362991e-10  7.77346141e-15 
 2.63627614e-08  2.63627614e-08  1.20000000e+00  7.12286673e-08  1.06362991e-10  7.77346247e-15 
 2.63727614e-08  2.63727614e-08  1.20000000e+00  7.12286673e-08  1.06362991e-10  7.77346353e-15 
 2.63827614e-08  2.63827614e-08  1.20000000e+00  7.12286673e-08  1.06362991e-10  7.77346460e-15 
 2.63927614e-08  2.63927614e-08  1.20000000e+00  7.12286673e-08  1.06362991e-10  7.77346566e-15 
 2.64027614e-08  2.64027614e-08  1.20000000e+00  7.12286673e-08  1.06362991e-10  7.77346672e-15 
 2.64127614e-08  2.64127614e-08  1.20000000e+00  7.12286673e-08  1.06362991e-10  7.77346779e-15 
 2.64227614e-08  2.64227614e-08  1.20000000e+00  7.12286673e-08  1.06362991e-10  7.77346885e-15 
 2.64327614e-08  2.64327614e-08  1.20000000e+00  7.12286673e-08  1.06362991e-10  7.77346992e-15 
 2.64427614e-08  2.64427614e-08  1.20000000e+00  7.12286673e-08  1.06362991e-10  7.77347098e-15 
 2.64527614e-08  2.64527614e-08  1.20000000e+00  7.12286673e-08  1.06362991e-10  7.77347204e-15 
 2.64627614e-08  2.64627614e-08  1.20000000e+00  7.12286673e-08  1.06362991e-10  7.77347311e-15 
 2.64727614e-08  2.64727614e-08  1.20000000e+00  7.12286673e-08  1.06362991e-10  7.77347417e-15 
 2.64827614e-08  2.64827614e-08  1.20000000e+00  7.12286673e-08  1.06362991e-10  7.77347523e-15 
 2.64927614e-08  2.64927614e-08  1.20000000e+00  7.12286673e-08  1.06362991e-10  7.77347630e-15 
 2.65027614e-08  2.65027614e-08  1.20000000e+00  7.12286673e-08  1.06362991e-10  7.77347736e-15 
 2.65127614e-08  2.65127614e-08  1.20000000e+00  7.12286673e-08  1.06362991e-10  7.77347842e-15 
 2.65227614e-08  2.65227614e-08  1.20000000e+00  7.12286673e-08  1.06362991e-10  7.77347949e-15 
 2.65327614e-08  2.65327614e-08  1.20000000e+00  7.12286673e-08  1.06362991e-10  7.77348055e-15 
 2.65427614e-08  2.65427614e-08  1.20000000e+00  7.12286673e-08  1.06362991e-10  7.77348162e-15 
 2.65527614e-08  2.65527614e-08  1.20000000e+00  7.12286673e-08  1.06362991e-10  7.77348268e-15 
 2.65627614e-08  2.65627614e-08  1.20000000e+00  7.12286673e-08  1.06362991e-10  7.77348374e-15 
 2.65727614e-08  2.65727614e-08  1.20000000e+00  7.12286673e-08  1.06362991e-10  7.77348481e-15 
 2.65827614e-08  2.65827614e-08  1.20000000e+00  7.12286673e-08  1.06362991e-10  7.77348587e-15 
 2.65927614e-08  2.65927614e-08  1.20000000e+00  7.12286673e-08  1.06362991e-10  7.77348693e-15 
 2.66027614e-08  2.66027614e-08  1.20000000e+00  7.12286673e-08  1.06362991e-10  7.77348800e-15 
 2.66127614e-08  2.66127614e-08  1.20000000e+00  7.12286673e-08  1.06362991e-10  7.77348906e-15 
 2.66227614e-08  2.66227614e-08  1.20000000e+00  7.12286673e-08  1.06362991e-10  7.77349012e-15 
 2.66327614e-08  2.66327614e-08  1.20000000e+00  7.12286673e-08  1.06362991e-10  7.77349119e-15 
 2.66427614e-08  2.66427614e-08  1.20000000e+00  7.12286673e-08  1.06362991e-10  7.77349225e-15 
 2.66527614e-08  2.66527614e-08  1.20000000e+00  7.12286673e-08  1.06362991e-10  7.77349332e-15 
 2.66627614e-08  2.66627614e-08  1.20000000e+00  7.12286673e-08  1.06362991e-10  7.77349438e-15 
 2.66727614e-08  2.66727614e-08  1.20000000e+00  7.12286673e-08  1.06362991e-10  7.77349544e-15 
 2.66827614e-08  2.66827614e-08  1.20000000e+00  7.12286673e-08  1.06362991e-10  7.77349651e-15 
 2.66927614e-08  2.66927614e-08  1.20000000e+00  7.12286673e-08  1.06362991e-10  7.77349757e-15 
 2.67027614e-08  2.67027614e-08  1.20000000e+00  7.12286673e-08  1.06362991e-10  7.77349863e-15 
 2.67127614e-08  2.67127614e-08  1.20000000e+00  7.12286673e-08  1.06362991e-10  7.77349970e-15 
 2.67227614e-08  2.67227614e-08  1.20000000e+00  7.12286673e-08  1.06362991e-10  7.77350076e-15 
 2.67327614e-08  2.67327614e-08  1.20000000e+00  7.12286673e-08  1.06362991e-10  7.77350182e-15 
 2.67427614e-08  2.67427614e-08  1.20000000e+00  7.12286673e-08  1.06362991e-10  7.77350289e-15 
 2.67527614e-08  2.67527614e-08  1.20000000e+00  7.12286673e-08  1.06362991e-10  7.77350395e-15 
 2.67627614e-08  2.67627614e-08  1.20000000e+00  7.12286673e-08  1.06362991e-10  7.77350502e-15 
 2.67727614e-08  2.67727614e-08  1.20000000e+00  7.12286673e-08  1.06362991e-10  7.77350608e-15 
 2.67827614e-08  2.67827614e-08  1.20000000e+00  7.12286673e-08  1.06362991e-10  7.77350714e-15 
 2.67927614e-08  2.67927614e-08  1.20000000e+00  7.12286673e-08  1.06362991e-10  7.77350821e-15 
 2.68027614e-08  2.68027614e-08  1.20000000e+00  7.12286673e-08  1.06362991e-10  7.77350927e-15 
 2.68127614e-08  2.68127614e-08  1.20000000e+00  7.12286673e-08  1.06362991e-10  7.77351033e-15 
 2.68227614e-08  2.68227614e-08  1.20000000e+00  7.12286673e-08  1.06362991e-10  7.77351140e-15 
 2.68327614e-08  2.68327614e-08  1.20000000e+00  7.12286673e-08  1.06362991e-10  7.77351246e-15 
 2.68427614e-08  2.68427614e-08  1.20000000e+00  7.12286673e-08  1.06362991e-10  7.77351352e-15 
 2.68527614e-08  2.68527614e-08  1.20000000e+00  7.12286673e-08  1.06362991e-10  7.77351459e-15 
 2.68627614e-08  2.68627614e-08  1.20000000e+00  7.12286673e-08  1.06362991e-10  7.77351565e-15 
 2.68727614e-08  2.68727614e-08  1.20000000e+00  7.12286673e-08  1.06362991e-10  7.77351672e-15 
 2.68827614e-08  2.68827614e-08  1.20000000e+00  7.12286673e-08  1.06362991e-10  7.77351778e-15 
 2.68927614e-08  2.68927614e-08  1.20000000e+00  7.12286673e-08  1.06362991e-10  7.77351884e-15 
 2.69027614e-08  2.69027614e-08  1.20000000e+00  7.12286673e-08  1.06362991e-10  7.77351991e-15 
 2.69127614e-08  2.69127614e-08  1.20000000e+00  7.12286673e-08  1.06362991e-10  7.77352097e-15 
 2.69227614e-08  2.69227614e-08  1.20000000e+00  7.12286673e-08  1.06362991e-10  7.77352203e-15 
 2.69327614e-08  2.69327614e-08  1.20000000e+00  7.12286673e-08  1.06362991e-10  7.77352310e-15 
 2.69427614e-08  2.69427614e-08  1.20000000e+00  7.12286673e-08  1.06362991e-10  7.77352416e-15 
 2.69527614e-08  2.69527614e-08  1.20000000e+00  7.12286673e-08  1.06362991e-10  7.77352522e-15 
 2.69627614e-08  2.69627614e-08  1.20000000e+00  7.12286673e-08  1.06362991e-10  7.77352629e-15 
 2.69727614e-08  2.69727614e-08  1.20000000e+00  7.12286673e-08  1.06362991e-10  7.77352735e-15 
 2.69827614e-08  2.69827614e-08  1.20000000e+00  7.12286673e-08  1.06362991e-10  7.77352842e-15 
 2.69927614e-08  2.69927614e-08  1.20000000e+00  7.12286673e-08  1.06362991e-10  7.77352948e-15 
 2.70027614e-08  2.70027614e-08  1.20000000e+00  7.12286673e-08  1.06362991e-10  7.77353054e-15 
 2.70127614e-08  2.70127614e-08  1.20000000e+00  7.12286673e-08  1.06362991e-10  7.77353161e-15 
 2.70227614e-08  2.70227614e-08  1.20000000e+00  7.12286673e-08  1.06362991e-10  7.77353267e-15 
 2.70327614e-08  2.70327614e-08  1.20000000e+00  7.12286673e-08  1.06362991e-10  7.77353373e-15 
 2.70427614e-08  2.70427614e-08  1.20000000e+00  7.12286673e-08  1.06362991e-10  7.77353480e-15 
 2.70527614e-08  2.70527614e-08  1.20000000e+00  7.12286673e-08  1.06362991e-10  7.77353586e-15 
 2.70627614e-08  2.70627614e-08  1.20000000e+00  7.12286673e-08  1.06362991e-10  7.77353692e-15 
 2.70727614e-08  2.70727614e-08  1.20000000e+00  7.12286673e-08  1.06362991e-10  7.77353799e-15 
 2.70827614e-08  2.70827614e-08  1.20000000e+00  7.12286673e-08  1.06362991e-10  7.77353905e-15 
 2.70927614e-08  2.70927614e-08  1.20000000e+00  7.12286673e-08  1.06362991e-10  7.77354012e-15 
 2.71027614e-08  2.71027614e-08  1.20000000e+00  7.12286673e-08  1.06362991e-10  7.77354118e-15 
 2.71127614e-08  2.71127614e-08  1.20000000e+00  7.12286673e-08  1.06362991e-10  7.77354224e-15 
 2.71227614e-08  2.71227614e-08  1.20000000e+00  7.12286673e-08  1.06362991e-10  7.77354331e-15 
 2.71327614e-08  2.71327614e-08  1.20000000e+00  7.12286673e-08  1.06362991e-10  7.77354437e-15 
 2.71427614e-08  2.71427614e-08  1.20000000e+00  7.12286673e-08  1.06362991e-10  7.77354543e-15 
 2.71527614e-08  2.71527614e-08  1.20000000e+00  7.12286673e-08  1.06362991e-10  7.77354650e-15 
 2.71627614e-08  2.71627614e-08  1.20000000e+00  7.12286673e-08  1.06362991e-10  7.77354756e-15 
 2.71727614e-08  2.71727614e-08  1.20000000e+00  7.12286673e-08  1.06362991e-10  7.77354862e-15 
 2.71827614e-08  2.71827614e-08  1.20000000e+00  7.12286673e-08  1.06362991e-10  7.77354969e-15 
 2.71927614e-08  2.71927614e-08  1.20000000e+00  7.12286673e-08  1.06362991e-10  7.77355075e-15 
 2.72027614e-08  2.72027614e-08  1.20000000e+00  7.12286673e-08  1.06362991e-10  7.77355182e-15 
 2.72127614e-08  2.72127614e-08  1.20000000e+00  7.12286673e-08  1.06362991e-10  7.77355288e-15 
 2.72227614e-08  2.72227614e-08  1.20000000e+00  7.12286673e-08  1.06362991e-10  7.77355394e-15 
 2.72327614e-08  2.72327614e-08  1.20000000e+00  7.12286673e-08  1.06362991e-10  7.77355501e-15 
 2.72427614e-08  2.72427614e-08  1.20000000e+00  7.12286673e-08  1.06362991e-10  7.77355607e-15 
 2.72527614e-08  2.72527614e-08  1.20000000e+00  7.12286673e-08  1.06362991e-10  7.77355713e-15 
 2.72627614e-08  2.72627614e-08  1.20000000e+00  7.12286673e-08  1.06362991e-10  7.77355820e-15 
 2.72727614e-08  2.72727614e-08  1.20000000e+00  7.12286673e-08  1.06362991e-10  7.77355926e-15 
 2.72827614e-08  2.72827614e-08  1.20000000e+00  7.12286673e-08  1.06362991e-10  7.77356032e-15 
 2.72927614e-08  2.72927614e-08  1.20000000e+00  7.12286673e-08  1.06362991e-10  7.77356139e-15 
 2.73027614e-08  2.73027614e-08  1.20000000e+00  7.12286673e-08  1.06362991e-10  7.77356245e-15 
 2.73127614e-08  2.73127614e-08  1.20000000e+00  7.12286673e-08  1.06362991e-10  7.77356352e-15 
 2.73227614e-08  2.73227614e-08  1.20000000e+00  7.12286673e-08  1.06362991e-10  7.77356458e-15 
 2.73327614e-08  2.73327614e-08  1.20000000e+00  7.12286673e-08  1.06362991e-10  7.77356564e-15 
 2.73427614e-08  2.73427614e-08  1.20000000e+00  7.12286673e-08  1.06362991e-10  7.77356671e-15 
 2.73527614e-08  2.73527614e-08  1.20000000e+00  7.12286673e-08  1.06362991e-10  7.77356777e-15 
 2.73627614e-08  2.73627614e-08  1.20000000e+00  7.12286673e-08  1.06362991e-10  7.77356883e-15 
 2.73727614e-08  2.73727614e-08  1.20000000e+00  7.12286673e-08  1.06362991e-10  7.77356990e-15 
 2.73827614e-08  2.73827614e-08  1.20000000e+00  7.12286673e-08  1.06362991e-10  7.77357096e-15 
 2.73927614e-08  2.73927614e-08  1.20000000e+00  7.12286673e-08  1.06362991e-10  7.77357202e-15 
 2.74027614e-08  2.74027614e-08  1.20000000e+00  7.12286673e-08  1.06362991e-10  7.77357309e-15 
 2.74127614e-08  2.74127614e-08  1.20000000e+00  7.12286673e-08  1.06362991e-10  7.77357415e-15 
 2.74227614e-08  2.74227614e-08  1.20000000e+00  7.12286673e-08  1.06362991e-10  7.77357522e-15 
 2.74327614e-08  2.74327614e-08  1.20000000e+00  7.12286673e-08  1.06362991e-10  7.77357628e-15 
 2.74427614e-08  2.74427614e-08  1.20000000e+00  7.12286673e-08  1.06362991e-10  7.77357734e-15 
 2.74527614e-08  2.74527614e-08  1.20000000e+00  7.12286673e-08  1.06362991e-10  7.77357841e-15 
 2.74627614e-08  2.74627614e-08  1.20000000e+00  7.12286673e-08  1.06362991e-10  7.77357947e-15 
 2.74727614e-08  2.74727614e-08  1.20000000e+00  7.12286673e-08  1.06362991e-10  7.77358053e-15 
 2.74827614e-08  2.74827614e-08  1.20000000e+00  7.12286673e-08  1.06362991e-10  7.77358160e-15 
 2.74927614e-08  2.74927614e-08  1.20000000e+00  7.12286673e-08  1.06362991e-10  7.77358266e-15 
 2.75027614e-08  2.75027614e-08  1.20000000e+00  7.12286673e-08  1.06362991e-10  7.77358372e-15 
 2.75127614e-08  2.75127614e-08  1.20000000e+00  7.12286673e-08  1.06362991e-10  7.77358479e-15 
 2.75227614e-08  2.75227614e-08  1.20000000e+00  7.12286673e-08  1.06362991e-10  7.77358585e-15 
 2.75327614e-08  2.75327614e-08  1.20000000e+00  7.12286673e-08  1.06362991e-10  7.77358691e-15 
 2.75427614e-08  2.75427614e-08  1.20000000e+00  7.12286673e-08  1.06362991e-10  7.77358798e-15 
 2.75527614e-08  2.75527614e-08  1.20000000e+00  7.12286673e-08  1.06362991e-10  7.77358904e-15 
 2.75627614e-08  2.75627614e-08  1.20000000e+00  7.12286673e-08  1.06362991e-10  7.77359011e-15 
 2.75727614e-08  2.75727614e-08  1.20000000e+00  7.12286673e-08  1.06362991e-10  7.77359117e-15 
 2.75827614e-08  2.75827614e-08  1.20000000e+00  7.12286673e-08  1.06362991e-10  7.77359223e-15 
 2.75927614e-08  2.75927614e-08  1.20000000e+00  7.12286673e-08  1.06362991e-10  7.77359330e-15 
 2.76027614e-08  2.76027614e-08  1.20000000e+00  7.12286673e-08  1.06362991e-10  7.77359436e-15 
 2.76127614e-08  2.76127614e-08  1.20000000e+00  7.12286673e-08  1.06362991e-10  7.77359542e-15 
 2.76227614e-08  2.76227614e-08  1.20000000e+00  7.12286673e-08  1.06362991e-10  7.77359649e-15 
 2.76327614e-08  2.76327614e-08  1.20000000e+00  7.12286673e-08  1.06362991e-10  7.77359755e-15 
 2.76427614e-08  2.76427614e-08  1.20000000e+00  7.12286673e-08  1.06362991e-10  7.77359861e-15 
 2.76527614e-08  2.76527614e-08  1.20000000e+00  7.12286673e-08  1.06362991e-10  7.77359968e-15 
 2.76627614e-08  2.76627614e-08  1.20000000e+00  7.12286673e-08  1.06362991e-10  7.77360074e-15 
 2.76727614e-08  2.76727614e-08  1.20000000e+00  7.12286673e-08  1.06362991e-10  7.77360181e-15 
 2.76827614e-08  2.76827614e-08  1.20000000e+00  7.12286673e-08  1.06362991e-10  7.77360287e-15 
 2.76927614e-08  2.76927614e-08  1.20000000e+00  7.12286673e-08  1.06362991e-10  7.77360393e-15 
 2.77027614e-08  2.77027614e-08  1.20000000e+00  7.12286673e-08  1.06362991e-10  7.77360500e-15 
 2.77127614e-08  2.77127614e-08  1.20000000e+00  7.12286673e-08  1.06362991e-10  7.77360606e-15 
 2.77227614e-08  2.77227614e-08  1.20000000e+00  7.12286673e-08  1.06362991e-10  7.77360712e-15 
 2.77327614e-08  2.77327614e-08  1.20000000e+00  7.12286673e-08  1.06362991e-10  7.77360819e-15 
 2.77427614e-08  2.77427614e-08  1.20000000e+00  7.12286673e-08  1.06362991e-10  7.77360925e-15 
 2.77527614e-08  2.77527614e-08  1.20000000e+00  7.12286673e-08  1.06362991e-10  7.77361031e-15 
 2.77627614e-08  2.77627614e-08  1.20000000e+00  7.12286673e-08  1.06362991e-10  7.77361138e-15 
 2.77727614e-08  2.77727614e-08  1.20000000e+00  7.12286673e-08  1.06362991e-10  7.77361244e-15 
 2.77827614e-08  2.77827614e-08  1.20000000e+00  7.12286673e-08  1.06362991e-10  7.77361351e-15 
 2.77927614e-08  2.77927614e-08  1.20000000e+00  7.12286673e-08  1.06362991e-10  7.77361457e-15 
 2.78027614e-08  2.78027614e-08  1.20000000e+00  7.12286673e-08  1.06362991e-10  7.77361563e-15 
 2.78127614e-08  2.78127614e-08  1.20000000e+00  7.12286673e-08  1.06362991e-10  7.77361670e-15 
 2.78227614e-08  2.78227614e-08  1.20000000e+00  7.12286673e-08  1.06362991e-10  7.77361776e-15 
 2.78327614e-08  2.78327614e-08  1.20000000e+00  7.12286673e-08  1.06362991e-10  7.77361882e-15 
 2.78427614e-08  2.78427614e-08  1.20000000e+00  7.12286673e-08  1.06362991e-10  7.77361989e-15 
 2.78527614e-08  2.78527614e-08  1.20000000e+00  7.12286673e-08  1.06362991e-10  7.77362095e-15 
 2.78627614e-08  2.78627614e-08  1.20000000e+00  7.12286673e-08  1.06362991e-10  7.77362201e-15 
 2.78727614e-08  2.78727614e-08  1.20000000e+00  7.12286673e-08  1.06362991e-10  7.77362308e-15 
 2.78827614e-08  2.78827614e-08  1.20000000e+00  7.12286673e-08  1.06362991e-10  7.77362414e-15 
 2.78927614e-08  2.78927614e-08  1.20000000e+00  7.12286673e-08  1.06362991e-10  7.77362521e-15 
 2.79027614e-08  2.79027614e-08  1.20000000e+00  7.12286673e-08  1.06362991e-10  7.77362627e-15 
 2.79127614e-08  2.79127614e-08  1.20000000e+00  7.12286673e-08  1.06362991e-10  7.77362733e-15 
 2.79227614e-08  2.79227614e-08  1.20000000e+00  7.12286673e-08  1.06362991e-10  7.77362840e-15 
 2.79327614e-08  2.79327614e-08  1.20000000e+00  7.12286673e-08  1.06362991e-10  7.77362946e-15 
 2.79427614e-08  2.79427614e-08  1.20000000e+00  7.12286673e-08  1.06362991e-10  7.77363052e-15 
 2.79527614e-08  2.79527614e-08  1.20000000e+00  7.12286673e-08  1.06362991e-10  7.77363159e-15 
 2.79627614e-08  2.79627614e-08  1.20000000e+00  7.12286673e-08  1.06362991e-10  7.77363265e-15 
 2.79727614e-08  2.79727614e-08  1.20000000e+00  7.12286673e-08  1.06362991e-10  7.77363371e-15 
 2.79827614e-08  2.79827614e-08  1.20000000e+00  7.12286673e-08  1.06362991e-10  7.77363478e-15 
 2.79927614e-08  2.79927614e-08  1.20000000e+00  7.12286673e-08  1.06362991e-10  7.77363584e-15 
 2.80027614e-08  2.80027614e-08  1.20000000e+00  7.12286673e-08  1.06362991e-10  7.77363691e-15 
 2.80127614e-08  2.80127614e-08  1.20000000e+00  7.12286673e-08  1.06362991e-10  7.77363797e-15 
 2.80227614e-08  2.80227614e-08  1.20000000e+00  7.12286673e-08  1.06362991e-10  7.77363903e-15 
 2.80327614e-08  2.80327614e-08  1.20000000e+00  7.12286673e-08  1.06362991e-10  7.77364010e-15 
 2.80427614e-08  2.80427614e-08  1.20000000e+00  7.12286673e-08  1.06362991e-10  7.77364116e-15 
 2.80527614e-08  2.80527614e-08  1.20000000e+00  7.12286673e-08  1.06362991e-10  7.77364222e-15 
 2.80627614e-08  2.80627614e-08  1.20000000e+00  7.12286673e-08  1.06362991e-10  7.77364329e-15 
 2.80727614e-08  2.80727614e-08  1.20000000e+00  7.12286673e-08  1.06362991e-10  7.77364435e-15 
 2.80827614e-08  2.80827614e-08  1.20000000e+00  7.12286673e-08  1.06362991e-10  7.77364541e-15 
 2.80927614e-08  2.80927614e-08  1.20000000e+00  7.12286673e-08  1.06362991e-10  7.77364648e-15 
 2.81027614e-08  2.81027614e-08  1.20000000e+00  7.12286673e-08  1.06362991e-10  7.77364754e-15 
 2.81127614e-08  2.81127614e-08  1.20000000e+00  7.12286673e-08  1.06362991e-10  7.77364861e-15 
 2.81227614e-08  2.81227614e-08  1.20000000e+00  7.12286673e-08  1.06362991e-10  7.77364967e-15 
 2.81327614e-08  2.81327614e-08  1.20000000e+00  7.12286673e-08  1.06362991e-10  7.77365073e-15 
 2.81427614e-08  2.81427614e-08  1.20000000e+00  7.12286673e-08  1.06362991e-10  7.77365180e-15 
 2.81527614e-08  2.81527614e-08  1.20000000e+00  7.12286673e-08  1.06362991e-10  7.77365286e-15 
 2.81627614e-08  2.81627614e-08  1.20000000e+00  7.12286673e-08  1.06362991e-10  7.77365392e-15 
 2.81727614e-08  2.81727614e-08  1.20000000e+00  7.12286673e-08  1.06362991e-10  7.77365499e-15 
 2.81827614e-08  2.81827614e-08  1.20000000e+00  7.12286673e-08  1.06362991e-10  7.77365605e-15 
 2.81927614e-08  2.81927614e-08  1.20000000e+00  7.12286673e-08  1.06362991e-10  7.77365711e-15 
 2.82027614e-08  2.82027614e-08  1.20000000e+00  7.12286673e-08  1.06362991e-10  7.77365818e-15 
 2.82127614e-08  2.82127614e-08  1.20000000e+00  7.12286673e-08  1.06362991e-10  7.77365924e-15 
 2.82227614e-08  2.82227614e-08  1.20000000e+00  7.12286673e-08  1.06362991e-10  7.77366031e-15 
 2.82327614e-08  2.82327614e-08  1.20000000e+00  7.12286673e-08  1.06362991e-10  7.77366137e-15 
 2.82427614e-08  2.82427614e-08  1.20000000e+00  7.12286673e-08  1.06362991e-10  7.77366243e-15 
 2.82527614e-08  2.82527614e-08  1.20000000e+00  7.12286673e-08  1.06362991e-10  7.77366350e-15 
 2.82627614e-08  2.82627614e-08  1.20000000e+00  7.12286673e-08  1.06362991e-10  7.77366456e-15 
 2.82727614e-08  2.82727614e-08  1.20000000e+00  7.12286673e-08  1.06362991e-10  7.77366562e-15 
 2.82827614e-08  2.82827614e-08  1.20000000e+00  7.12286673e-08  1.06362991e-10  7.77366669e-15 
 2.82927614e-08  2.82927614e-08  1.20000000e+00  7.12286673e-08  1.06362991e-10  7.77366775e-15 
 2.83027614e-08  2.83027614e-08  1.20000000e+00  7.12286673e-08  1.06362991e-10  7.77366881e-15 
 2.83127614e-08  2.83127614e-08  1.20000000e+00  7.12286673e-08  1.06362991e-10  7.77366988e-15 
 2.83227614e-08  2.83227614e-08  1.20000000e+00  7.12286673e-08  1.06362991e-10  7.77367094e-15 
 2.83327614e-08  2.83327614e-08  1.20000000e+00  7.12286673e-08  1.06362991e-10  7.77367201e-15 
 2.83427614e-08  2.83427614e-08  1.20000000e+00  7.12286673e-08  1.06362991e-10  7.77367307e-15 
 2.83527614e-08  2.83527614e-08  1.20000000e+00  7.12286673e-08  1.06362991e-10  7.77367413e-15 
 2.83627614e-08  2.83627614e-08  1.20000000e+00  7.12286673e-08  1.06362991e-10  7.77367520e-15 
 2.83727614e-08  2.83727614e-08  1.20000000e+00  7.12286673e-08  1.06362991e-10  7.77367626e-15 
 2.83827614e-08  2.83827614e-08  1.20000000e+00  7.12286673e-08  1.06362991e-10  7.77367732e-15 
 2.83927614e-08  2.83927614e-08  1.20000000e+00  7.12286673e-08  1.06362991e-10  7.77367839e-15 
 2.84027614e-08  2.84027614e-08  1.20000000e+00  7.12286673e-08  1.06362991e-10  7.77367945e-15 
 2.84127614e-08  2.84127614e-08  1.20000000e+00  7.12286673e-08  1.06362991e-10  7.77368051e-15 
 2.84227614e-08  2.84227614e-08  1.20000000e+00  7.12286673e-08  1.06362991e-10  7.77368158e-15 
 2.84327614e-08  2.84327614e-08  1.20000000e+00  7.12286673e-08  1.06362991e-10  7.77368264e-15 
 2.84427614e-08  2.84427614e-08  1.20000000e+00  7.12286673e-08  1.06362991e-10  7.77368371e-15 
 2.84527614e-08  2.84527614e-08  1.20000000e+00  7.12286673e-08  1.06362991e-10  7.77368477e-15 
 2.84627614e-08  2.84627614e-08  1.20000000e+00  7.12286673e-08  1.06362991e-10  7.77368583e-15 
 2.84727614e-08  2.84727614e-08  1.20000000e+00  7.12286673e-08  1.06362991e-10  7.77368690e-15 
 2.84827614e-08  2.84827614e-08  1.20000000e+00  7.12286673e-08  1.06362991e-10  7.77368796e-15 
 2.84927614e-08  2.84927614e-08  1.20000000e+00  7.12286673e-08  1.06362991e-10  7.77368902e-15 
 2.85027614e-08  2.85027614e-08  1.20000000e+00  7.12286673e-08  1.06362991e-10  7.77369009e-15 
 2.85127614e-08  2.85127614e-08  1.20000000e+00  7.12286673e-08  1.06362991e-10  7.77369115e-15 
 2.85227614e-08  2.85227614e-08  1.20000000e+00  7.12286673e-08  1.06362991e-10  7.77369221e-15 
 2.85327614e-08  2.85327614e-08  1.20000000e+00  7.12286673e-08  1.06362991e-10  7.77369328e-15 
 2.85427614e-08  2.85427614e-08  1.20000000e+00  7.12286673e-08  1.06362991e-10  7.77369434e-15 
 2.85527614e-08  2.85527614e-08  1.20000000e+00  7.12286673e-08  1.06362991e-10  7.77369541e-15 
 2.85627614e-08  2.85627614e-08  1.20000000e+00  7.12286673e-08  1.06362991e-10  7.77369647e-15 
 2.85727614e-08  2.85727614e-08  1.20000000e+00  7.12286673e-08  1.06362991e-10  7.77369753e-15 
 2.85827614e-08  2.85827614e-08  1.20000000e+00  7.12286673e-08  1.06362991e-10  7.77369860e-15 
 2.85927614e-08  2.85927614e-08  1.20000000e+00  7.12286673e-08  1.06362991e-10  7.77369966e-15 
 2.86027614e-08  2.86027614e-08  1.20000000e+00  7.12286673e-08  1.06362991e-10  7.77370072e-15 
 2.86127614e-08  2.86127614e-08  1.20000000e+00  7.12286673e-08  1.06362991e-10  7.77370179e-15 
 2.86227614e-08  2.86227614e-08  1.20000000e+00  7.12286673e-08  1.06362991e-10  7.77370285e-15 
 2.86327614e-08  2.86327614e-08  1.20000000e+00  7.12286673e-08  1.06362991e-10  7.77370391e-15 
 2.86427614e-08  2.86427614e-08  1.20000000e+00  7.12286673e-08  1.06362991e-10  7.77370498e-15 
 2.86527614e-08  2.86527614e-08  1.20000000e+00  7.12286673e-08  1.06362991e-10  7.77370604e-15 
 2.86627614e-08  2.86627614e-08  1.20000000e+00  7.12286673e-08  1.06362991e-10  7.77370711e-15 
 2.86727614e-08  2.86727614e-08  1.20000000e+00  7.12286673e-08  1.06362991e-10  7.77370817e-15 
 2.86827614e-08  2.86827614e-08  1.20000000e+00  7.12286673e-08  1.06362991e-10  7.77370923e-15 
 2.86927614e-08  2.86927614e-08  1.20000000e+00  7.12286673e-08  1.06362991e-10  7.77371030e-15 
 2.87027614e-08  2.87027614e-08  1.20000000e+00  7.12286673e-08  1.06362991e-10  7.77371136e-15 
 2.87127614e-08  2.87127614e-08  1.20000000e+00  7.12286673e-08  1.06362991e-10  7.77371242e-15 
 2.87227614e-08  2.87227614e-08  1.20000000e+00  7.12286673e-08  1.06362991e-10  7.77371349e-15 
 2.87327614e-08  2.87327614e-08  1.20000000e+00  7.12286673e-08  1.06362991e-10  7.77371455e-15 
 2.87427614e-08  2.87427614e-08  1.20000000e+00  7.12286673e-08  1.06362991e-10  7.77371561e-15 
 2.87527614e-08  2.87527614e-08  1.20000000e+00  7.12286673e-08  1.06362991e-10  7.77371668e-15 
 2.87627614e-08  2.87627614e-08  1.20000000e+00  7.12286673e-08  1.06362991e-10  7.77371774e-15 
 2.87727614e-08  2.87727614e-08  1.20000000e+00  7.12286673e-08  1.06362991e-10  7.77371881e-15 
 2.87827614e-08  2.87827614e-08  1.20000000e+00  7.12286673e-08  1.06362991e-10  7.77371987e-15 
 2.87927614e-08  2.87927614e-08  1.20000000e+00  7.12286673e-08  1.06362991e-10  7.77372093e-15 
 2.88027614e-08  2.88027614e-08  1.20000000e+00  7.12286673e-08  1.06362991e-10  7.77372200e-15 
 2.88127614e-08  2.88127614e-08  1.20000000e+00  7.12286673e-08  1.06362991e-10  7.77372306e-15 
 2.88227614e-08  2.88227614e-08  1.20000000e+00  7.12286673e-08  1.06362991e-10  7.77372412e-15 
 2.88327614e-08  2.88327614e-08  1.20000000e+00  7.12286673e-08  1.06362991e-10  7.77372519e-15 
 2.88427614e-08  2.88427614e-08  1.20000000e+00  7.12286673e-08  1.06362991e-10  7.77372625e-15 
 2.88527614e-08  2.88527614e-08  1.20000000e+00  7.12286673e-08  1.06362991e-10  7.77372731e-15 
 2.88627614e-08  2.88627614e-08  1.20000000e+00  7.12286673e-08  1.06362991e-10  7.77372838e-15 
 2.88727614e-08  2.88727614e-08  1.20000000e+00  7.12286673e-08  1.06362991e-10  7.77372944e-15 
 2.88827614e-08  2.88827614e-08  1.20000000e+00  7.12286673e-08  1.06362991e-10  7.77373050e-15 
 2.88927614e-08  2.88927614e-08  1.20000000e+00  7.12286673e-08  1.06362991e-10  7.77373157e-15 
 2.89027614e-08  2.89027614e-08  1.20000000e+00  7.12286673e-08  1.06362991e-10  7.77373263e-15 
 2.89127614e-08  2.89127614e-08  1.20000000e+00  7.12286673e-08  1.06362991e-10  7.77373370e-15 
 2.89227614e-08  2.89227614e-08  1.20000000e+00  7.12286673e-08  1.06362991e-10  7.77373476e-15 
 2.89327614e-08  2.89327614e-08  1.20000000e+00  7.12286673e-08  1.06362991e-10  7.77373582e-15 
 2.89427614e-08  2.89427614e-08  1.20000000e+00  7.12286673e-08  1.06362991e-10  7.77373689e-15 
 2.89527614e-08  2.89527614e-08  1.20000000e+00  7.12286673e-08  1.06362991e-10  7.77373795e-15 
 2.89627614e-08  2.89627614e-08  1.20000000e+00  7.12286673e-08  1.06362991e-10  7.77373901e-15 
 2.89727614e-08  2.89727614e-08  1.20000000e+00  7.12286673e-08  1.06362991e-10  7.77374008e-15 
 2.89827614e-08  2.89827614e-08  1.20000000e+00  7.12286673e-08  1.06362991e-10  7.77374114e-15 
 2.89927614e-08  2.89927614e-08  1.20000000e+00  7.12286673e-08  1.06362991e-10  7.77374220e-15 
 2.90027614e-08  2.90027614e-08  1.20000000e+00  7.12286673e-08  1.06362991e-10  7.77374327e-15 
 2.90127614e-08  2.90127614e-08  1.20000000e+00  7.12286673e-08  1.06362991e-10  7.77374433e-15 
 2.90227614e-08  2.90227614e-08  1.20000000e+00  7.12286673e-08  1.06362991e-10  7.77374540e-15 
 2.90327614e-08  2.90327614e-08  1.20000000e+00  7.12286673e-08  1.06362991e-10  7.77374646e-15 
 2.90427614e-08  2.90427614e-08  1.20000000e+00  7.12286673e-08  1.06362991e-10  7.77374752e-15 
 2.90527614e-08  2.90527614e-08  1.20000000e+00  7.12286673e-08  1.06362991e-10  7.77374859e-15 
 2.90627614e-08  2.90627614e-08  1.20000000e+00  7.12286673e-08  1.06362991e-10  7.77374965e-15 
 2.90727614e-08  2.90727614e-08  1.20000000e+00  7.12286673e-08  1.06362991e-10  7.77375071e-15 
 2.90827614e-08  2.90827614e-08  1.20000000e+00  7.12286673e-08  1.06362991e-10  7.77375178e-15 
 2.90927614e-08  2.90927614e-08  1.20000000e+00  7.12286673e-08  1.06362991e-10  7.77375284e-15 
 2.91027614e-08  2.91027614e-08  1.20000000e+00  7.12286673e-08  1.06362991e-10  7.77375390e-15 
 2.91127614e-08  2.91127614e-08  1.20000000e+00  7.12286673e-08  1.06362991e-10  7.77375497e-15 
 2.91227614e-08  2.91227614e-08  1.20000000e+00  7.12286673e-08  1.06362991e-10  7.77375603e-15 
 2.91327614e-08  2.91327614e-08  1.20000000e+00  7.12286673e-08  1.06362991e-10  7.77375710e-15 
 2.91427614e-08  2.91427614e-08  1.20000000e+00  7.12286673e-08  1.06362991e-10  7.77375816e-15 
 2.91527614e-08  2.91527614e-08  1.20000000e+00  7.12286673e-08  1.06362991e-10  7.77375922e-15 
 2.91627614e-08  2.91627614e-08  1.20000000e+00  7.12286673e-08  1.06362991e-10  7.77376029e-15 
 2.91727614e-08  2.91727614e-08  1.20000000e+00  7.12286673e-08  1.06362991e-10  7.77376135e-15 
 2.91827614e-08  2.91827614e-08  1.20000000e+00  7.12286673e-08  1.06362991e-10  7.77376241e-15 
 2.91927614e-08  2.91927614e-08  1.20000000e+00  7.12286673e-08  1.06362991e-10  7.77376348e-15 
 2.92027614e-08  2.92027614e-08  1.20000000e+00  7.12286673e-08  1.06362991e-10  7.77376454e-15 
 2.92127614e-08  2.92127614e-08  1.20000000e+00  7.12286673e-08  1.06362991e-10  7.77376560e-15 
 2.92227614e-08  2.92227614e-08  1.20000000e+00  7.12286673e-08  1.06362991e-10  7.77376667e-15 
 2.92327614e-08  2.92327614e-08  1.20000000e+00  7.12286673e-08  1.06362991e-10  7.77376773e-15 
 2.92427614e-08  2.92427614e-08  1.20000000e+00  7.12286673e-08  1.06362991e-10  7.77376880e-15 
 2.92527614e-08  2.92527614e-08  1.20000000e+00  7.12286673e-08  1.06362991e-10  7.77376986e-15 
 2.92627614e-08  2.92627614e-08  1.20000000e+00  7.12286673e-08  1.06362991e-10  7.77377092e-15 
 2.92727614e-08  2.92727614e-08  1.20000000e+00  7.12286673e-08  1.06362991e-10  7.77377199e-15 
 2.92827614e-08  2.92827614e-08  1.20000000e+00  7.12286673e-08  1.06362991e-10  7.77377305e-15 
 2.92927614e-08  2.92927614e-08  1.20000000e+00  7.12286673e-08  1.06362991e-10  7.77377411e-15 
 2.93027614e-08  2.93027614e-08  1.20000000e+00  7.12286673e-08  1.06362991e-10  7.77377518e-15 
 2.93127614e-08  2.93127614e-08  1.20000000e+00  7.12286673e-08  1.06362991e-10  7.77377624e-15 
 2.93227614e-08  2.93227614e-08  1.20000000e+00  7.12286673e-08  1.06362991e-10  7.77377730e-15 
 2.93327614e-08  2.93327614e-08  1.20000000e+00  7.12286673e-08  1.06362991e-10  7.77377837e-15 
 2.93427614e-08  2.93427614e-08  1.20000000e+00  7.12286673e-08  1.06362991e-10  7.77377943e-15 
 2.93527614e-08  2.93527614e-08  1.20000000e+00  7.12286673e-08  1.06362991e-10  7.77378050e-15 
 2.93627614e-08  2.93627614e-08  1.20000000e+00  7.12286673e-08  1.06362991e-10  7.77378156e-15 
 2.93727614e-08  2.93727614e-08  1.20000000e+00  7.12286673e-08  1.06362991e-10  7.77378262e-15 
 2.93827614e-08  2.93827614e-08  1.20000000e+00  7.12286673e-08  1.06362991e-10  7.77378369e-15 
 2.93927614e-08  2.93927614e-08  1.20000000e+00  7.12286673e-08  1.06362991e-10  7.77378475e-15 
 2.94027614e-08  2.94027614e-08  1.20000000e+00  7.12286673e-08  1.06362991e-10  7.77378581e-15 
 2.94127614e-08  2.94127614e-08  1.20000000e+00  7.12286673e-08  1.06362991e-10  7.77378688e-15 
 2.94227614e-08  2.94227614e-08  1.20000000e+00  7.12286673e-08  1.06362991e-10  7.77378794e-15 
 2.94327614e-08  2.94327614e-08  1.20000000e+00  7.12286673e-08  1.06362991e-10  7.77378900e-15 
 2.94427614e-08  2.94427614e-08  1.20000000e+00  7.12286673e-08  1.06362991e-10  7.77379007e-15 
 2.94527614e-08  2.94527614e-08  1.20000000e+00  7.12286673e-08  1.06362991e-10  7.77379113e-15 
 2.94627614e-08  2.94627614e-08  1.20000000e+00  7.12286673e-08  1.06362991e-10  7.77379220e-15 
 2.94727614e-08  2.94727614e-08  1.20000000e+00  7.12286673e-08  1.06362991e-10  7.77379326e-15 
 2.94827614e-08  2.94827614e-08  1.20000000e+00  7.12286673e-08  1.06362991e-10  7.77379432e-15 
 2.94927614e-08  2.94927614e-08  1.20000000e+00  7.12286673e-08  1.06362991e-10  7.77379539e-15 
 2.95027614e-08  2.95027614e-08  1.20000000e+00  7.12286673e-08  1.06362991e-10  7.77379645e-15 
 2.95127614e-08  2.95127614e-08  1.20000000e+00  7.12286673e-08  1.06362991e-10  7.77379751e-15 
 2.95227614e-08  2.95227614e-08  1.20000000e+00  7.12286673e-08  1.06362991e-10  7.77379858e-15 
 2.95327614e-08  2.95327614e-08  1.20000000e+00  7.12286673e-08  1.06362991e-10  7.77379964e-15 
 2.95427614e-08  2.95427614e-08  1.20000000e+00  7.12286673e-08  1.06362991e-10  7.77380070e-15 
 2.95527614e-08  2.95527614e-08  1.20000000e+00  7.12286673e-08  1.06362991e-10  7.77380177e-15 
 2.95627614e-08  2.95627614e-08  1.20000000e+00  7.12286673e-08  1.06362991e-10  7.77380283e-15 
 2.95727614e-08  2.95727614e-08  1.20000000e+00  7.12286673e-08  1.06362991e-10  7.77380390e-15 
 2.95827614e-08  2.95827614e-08  1.20000000e+00  7.12286673e-08  1.06362991e-10  7.77380496e-15 
 2.95927614e-08  2.95927614e-08  1.20000000e+00  7.12286673e-08  1.06362991e-10  7.77380602e-15 
 2.96027614e-08  2.96027614e-08  1.20000000e+00  7.12286673e-08  1.06362991e-10  7.77380709e-15 
 2.96127614e-08  2.96127614e-08  1.20000000e+00  7.12286673e-08  1.06362991e-10  7.77380815e-15 
 2.96227614e-08  2.96227614e-08  1.20000000e+00  7.12286673e-08  1.06362991e-10  7.77380921e-15 
 2.96327614e-08  2.96327614e-08  1.20000000e+00  7.12286673e-08  1.06362991e-10  7.77381028e-15 
 2.96427614e-08  2.96427614e-08  1.20000000e+00  7.12286673e-08  1.06362991e-10  7.77381134e-15 
 2.96527614e-08  2.96527614e-08  1.20000000e+00  7.12286673e-08  1.06362991e-10  7.77381240e-15 
 2.96627614e-08  2.96627614e-08  1.20000000e+00  7.12286673e-08  1.06362991e-10  7.77381347e-15 
 2.96727614e-08  2.96727614e-08  1.20000000e+00  7.12286673e-08  1.06362991e-10  7.77381453e-15 
 2.96827614e-08  2.96827614e-08  1.20000000e+00  7.12286673e-08  1.06362991e-10  7.77381560e-15 
 2.96927614e-08  2.96927614e-08  1.20000000e+00  7.12286673e-08  1.06362991e-10  7.77381666e-15 
 2.97027614e-08  2.97027614e-08  1.20000000e+00  7.12286673e-08  1.06362991e-10  7.77381772e-15 
 2.97127614e-08  2.97127614e-08  1.20000000e+00  7.12286673e-08  1.06362991e-10  7.77381879e-15 
 2.97227614e-08  2.97227614e-08  1.20000000e+00  7.12286673e-08  1.06362991e-10  7.77381985e-15 
 2.97327614e-08  2.97327614e-08  1.20000000e+00  7.12286673e-08  1.06362991e-10  7.77382091e-15 
 2.97427614e-08  2.97427614e-08  1.20000000e+00  7.12286673e-08  1.06362991e-10  7.77382198e-15 
 2.97527614e-08  2.97527614e-08  1.20000000e+00  7.12286673e-08  1.06362991e-10  7.77382304e-15 
 2.97627614e-08  2.97627614e-08  1.20000000e+00  7.12286673e-08  1.06362991e-10  7.77382410e-15 
 2.97727614e-08  2.97727614e-08  1.20000000e+00  7.12286673e-08  1.06362991e-10  7.77382517e-15 
 2.97827614e-08  2.97827614e-08  1.20000000e+00  7.12286673e-08  1.06362991e-10  7.77382623e-15 
 2.97927614e-08  2.97927614e-08  1.20000000e+00  7.12286673e-08  1.06362991e-10  7.77382730e-15 
 2.98027614e-08  2.98027614e-08  1.20000000e+00  7.12286673e-08  1.06362991e-10  7.77382836e-15 
 2.98127614e-08  2.98127614e-08  1.20000000e+00  7.12286673e-08  1.06362991e-10  7.77382942e-15 
 2.98227614e-08  2.98227614e-08  1.20000000e+00  7.12286673e-08  1.06362991e-10  7.77383049e-15 
 2.98327614e-08  2.98327614e-08  1.20000000e+00  7.12286673e-08  1.06362991e-10  7.77383155e-15 
 2.98427614e-08  2.98427614e-08  1.20000000e+00  7.12286673e-08  1.06362991e-10  7.77383261e-15 
 2.98527614e-08  2.98527614e-08  1.20000000e+00  7.12286673e-08  1.06362991e-10  7.77383368e-15 
 2.98627614e-08  2.98627614e-08  1.20000000e+00  7.12286673e-08  1.06362991e-10  7.77383474e-15 
 2.98727614e-08  2.98727614e-08  1.20000000e+00  7.12286673e-08  1.06362991e-10  7.77383580e-15 
 2.98827614e-08  2.98827614e-08  1.20000000e+00  7.12286673e-08  1.06362991e-10  7.77383687e-15 
 2.98927614e-08  2.98927614e-08  1.20000000e+00  7.12286673e-08  1.06362991e-10  7.77383793e-15 
 2.99027614e-08  2.99027614e-08  1.20000000e+00  7.12286673e-08  1.06362991e-10  7.77383900e-15 
 2.99127614e-08  2.99127614e-08  1.20000000e+00  7.12286673e-08  1.06362991e-10  7.77384006e-15 
 2.99227614e-08  2.99227614e-08  1.20000000e+00  7.12286673e-08  1.06362991e-10  7.77384112e-15 
 2.99327614e-08  2.99327614e-08  1.20000000e+00  7.12286673e-08  1.06362991e-10  7.77384219e-15 
 2.99427614e-08  2.99427614e-08  1.20000000e+00  7.12286673e-08  1.06362991e-10  7.77384325e-15 
 2.99527614e-08  2.99527614e-08  1.20000000e+00  7.12286673e-08  1.06362991e-10  7.77384431e-15 
 2.99627614e-08  2.99627614e-08  1.20000000e+00  7.12286673e-08  1.06362991e-10  7.77384538e-15 
 2.99727614e-08  2.99727614e-08  1.20000000e+00  7.12286673e-08  1.06362991e-10  7.77384644e-15 
 2.99827614e-08  2.99827614e-08  1.20000000e+00  7.12286673e-08  1.06362991e-10  7.77384750e-15 
 2.99927614e-08  2.99927614e-08  1.20000000e+00  7.12286673e-08  1.06362991e-10  7.77384857e-15 
 3.00027614e-08  3.00027614e-08  1.20000000e+00  7.12286673e-08  1.06362991e-10  7.77384963e-15 
 3.00127614e-08  3.00127614e-08  1.20000000e+00  7.12286673e-08  1.06362991e-10  7.77385070e-15 
 3.00227614e-08  3.00227614e-08  1.20000000e+00  7.12286673e-08  1.06362991e-10  7.77385176e-15 
 3.00327614e-08  3.00327614e-08  1.20000000e+00  7.12286673e-08  1.06362991e-10  7.77385282e-15 
 3.00427614e-08  3.00427614e-08  1.20000000e+00  7.12286673e-08  1.06362991e-10  7.77385389e-15 
 3.00527614e-08  3.00527614e-08  1.20000000e+00  7.12286673e-08  1.06362991e-10  7.77385495e-15 
 3.00627614e-08  3.00627614e-08  1.20000000e+00  7.12286673e-08  1.06362991e-10  7.77385601e-15 
 3.00727614e-08  3.00727614e-08  1.20000000e+00  7.12286673e-08  1.06362991e-10  7.77385708e-15 
 3.00827614e-08  3.00827614e-08  1.20000000e+00  7.12286673e-08  1.06362991e-10  7.77385814e-15 
 3.00927614e-08  3.00927614e-08  1.20000000e+00  7.12286673e-08  1.06362991e-10  7.77385920e-15 
 3.01027614e-08  3.01027614e-08  1.20000000e+00  7.12286673e-08  1.06362991e-10  7.77386027e-15 
 3.01127614e-08  3.01127614e-08  1.20000000e+00  7.12286673e-08  1.06362991e-10  7.77386133e-15 
 3.01227614e-08  3.01227614e-08  1.20000000e+00  7.12286673e-08  1.06362991e-10  7.77386240e-15 
 3.01327614e-08  3.01327614e-08  1.20000000e+00  7.12286673e-08  1.06362991e-10  7.77386346e-15 
 3.01427614e-08  3.01427614e-08  1.20000000e+00  7.12286673e-08  1.06362991e-10  7.77386452e-15 
 3.01527614e-08  3.01527614e-08  1.20000000e+00  7.12286673e-08  1.06362991e-10  7.77386559e-15 
 3.01627614e-08  3.01627614e-08  1.20000000e+00  7.12286673e-08  1.06362991e-10  7.77386665e-15 
 3.01727614e-08  3.01727614e-08  1.20000000e+00  7.12286673e-08  1.06362991e-10  7.77386771e-15 
 3.01827614e-08  3.01827614e-08  1.20000000e+00  7.12286673e-08  1.06362991e-10  7.77386878e-15 
 3.01927614e-08  3.01927614e-08  1.20000000e+00  7.12286673e-08  1.06362991e-10  7.77386984e-15 
 3.02027614e-08  3.02027614e-08  1.20000000e+00  7.12286673e-08  1.06362991e-10  7.77387090e-15 
 3.02127614e-08  3.02127614e-08  1.20000000e+00  7.12286673e-08  1.06362991e-10  7.77387197e-15 
 3.02227614e-08  3.02227614e-08  1.20000000e+00  7.12286673e-08  1.06362991e-10  7.77387303e-15 
 3.02327614e-08  3.02327614e-08  1.20000000e+00  7.12286673e-08  1.06362991e-10  7.77387410e-15 
 3.02427614e-08  3.02427614e-08  1.20000000e+00  7.12286673e-08  1.06362991e-10  7.77387516e-15 
 3.02527614e-08  3.02527614e-08  1.20000000e+00  7.12286673e-08  1.06362991e-10  7.77387622e-15 
 3.02627614e-08  3.02627614e-08  1.20000000e+00  7.12286673e-08  1.06362991e-10  7.77387729e-15 
 3.02727614e-08  3.02727614e-08  1.20000000e+00  7.12286673e-08  1.06362991e-10  7.77387835e-15 
 3.02827614e-08  3.02827614e-08  1.20000000e+00  7.12286673e-08  1.06362991e-10  7.77387941e-15 
 3.02927614e-08  3.02927614e-08  1.20000000e+00  7.12286673e-08  1.06362991e-10  7.77388048e-15 
 3.03027614e-08  3.03027614e-08  1.20000000e+00  7.12286673e-08  1.06362991e-10  7.77388154e-15 
 3.03127614e-08  3.03127614e-08  1.20000000e+00  7.12286673e-08  1.06362991e-10  7.77388260e-15 
 3.03227614e-08  3.03227614e-08  1.20000000e+00  7.12286673e-08  1.06362991e-10  7.77388367e-15 
 3.03327614e-08  3.03327614e-08  1.20000000e+00  7.12286673e-08  1.06362991e-10  7.77388473e-15 
 3.03427614e-08  3.03427614e-08  1.20000000e+00  7.12286673e-08  1.06362991e-10  7.77388579e-15 
 3.03527614e-08  3.03527614e-08  1.20000000e+00  7.12286673e-08  1.06362991e-10  7.77388686e-15 
 3.03627614e-08  3.03627614e-08  1.20000000e+00  7.12286673e-08  1.06362991e-10  7.77388792e-15 
 3.03727614e-08  3.03727614e-08  1.20000000e+00  7.12286673e-08  1.06362991e-10  7.77388899e-15 
 3.03827614e-08  3.03827614e-08  1.20000000e+00  7.12286673e-08  1.06362991e-10  7.77389005e-15 
 3.03927614e-08  3.03927614e-08  1.20000000e+00  7.12286673e-08  1.06362991e-10  7.77389111e-15 
 3.04027614e-08  3.04027614e-08  1.20000000e+00  7.12286673e-08  1.06362991e-10  7.77389218e-15 
 3.04127614e-08  3.04127614e-08  1.20000000e+00  7.12286673e-08  1.06362991e-10  7.77389324e-15 
 3.04227614e-08  3.04227614e-08  1.20000000e+00  7.12286673e-08  1.06362991e-10  7.77389430e-15 
 3.04327614e-08  3.04327614e-08  1.20000000e+00  7.12286673e-08  1.06362991e-10  7.77389537e-15 
 3.04427614e-08  3.04427614e-08  1.20000000e+00  7.12286673e-08  1.06362991e-10  7.77389643e-15 
 3.04527614e-08  3.04527614e-08  1.20000000e+00  7.12286673e-08  1.06362991e-10  7.77389749e-15 
 3.04627614e-08  3.04627614e-08  1.20000000e+00  7.12286673e-08  1.06362991e-10  7.77389856e-15 
 3.04727614e-08  3.04727614e-08  1.20000000e+00  7.12286673e-08  1.06362991e-10  7.77389962e-15 
 3.04827614e-08  3.04827614e-08  1.20000000e+00  7.12286673e-08  1.06362991e-10  7.77390069e-15 
 3.04913807e-08  3.04913807e-08  1.20000000e+00  7.12286672e-08  1.06362991e-10  7.77390160e-15 
 3.05000000e-08  3.05000000e-08  1.20000000e+00  7.12286636e-08  1.06362991e-10  7.77390252e-15 
 3.05010000e-08  3.05010000e-08  1.19760000e+00 -2.73807853e-03  1.06362994e-10  7.77390263e-15 
 3.05030000e-08  3.05030000e-08  1.19280000e+00 -7.91908235e-03  1.06363000e-10  7.77390284e-15 
 3.05070000e-08  3.05070000e-08  1.18320000e+00 -1.72134090e-02  1.06363012e-10  7.77390326e-15 
 3.05129930e-08  3.05129930e-08  1.16881678e+00 -2.88911139e-02  1.06363026e-10  7.77390390e-15 
 3.05229930e-08  3.05229930e-08  1.14481678e+00 -4.38256007e-02  1.06363043e-10  7.77390496e-15 
 3.05329930e-08  3.05329930e-08  1.12081678e+00 -5.46253125e-02  1.06363056e-10  7.77390603e-15 
 3.05429930e-08  3.05429930e-08  1.09681678e+00 -6.26071734e-02  1.06363066e-10  7.77390709e-15 
 3.05529930e-08  3.05529930e-08  1.07281678e+00 -6.87233628e-02  1.06363073e-10  7.77390816e-15 
 3.05629930e-08  3.05629930e-08  1.04881678e+00 -7.36353179e-02  1.06363079e-10  7.77390922e-15 
 3.05729930e-08  3.05729930e-08  1.02481678e+00 -7.77906201e-02  1.06363084e-10  7.77391028e-15 
 3.05829930e-08  3.05829930e-08  1.00081678e+00 -8.14897403e-02  1.06363089e-10  7.77391135e-15 
 3.05929930e-08  3.05929930e-08  9.76816784e-01 -8.49352108e-02  1.06363093e-10  7.77391241e-15 
 3.06029930e-08  3.06029930e-08  9.52816784e-01 -8.82654083e-02  1.06363097e-10  7.77391347e-15 
 3.06129930e-08  3.06129930e-08  9.28816784e-01 -9.15770100e-02  1.06363101e-10  7.77391454e-15 
 3.06229930e-08  3.06229930e-08  9.04816784e-01 -9.49396967e-02  1.06363105e-10  7.77391560e-15 
 3.06329930e-08  3.06329930e-08  8.80816784e-01 -9.84057293e-02  1.06363109e-10  7.77391666e-15 
 3.06429930e-08  3.06429930e-08  8.56816784e-01 -1.02016182e-01  1.06363113e-10  7.77391773e-15 
 3.06529930e-08  3.06529930e-08  8.32816784e-01 -1.05805005e-01  1.06363118e-10  7.77391879e-15 
 3.06629930e-08  3.06629930e-08  8.08816784e-01 -1.09801659e-01  1.06363123e-10  7.77391986e-15 
 3.06729930e-08  3.06729930e-08  7.84816784e-01 -1.14032806e-01  1.06363128e-10  7.77392092e-15 
 3.06829930e-08  3.06829930e-08  7.60816784e-01 -1.18523352e-01  1.06363133e-10  7.77392198e-15 
 3.06929930e-08  3.06929930e-08  7.36816784e-01 -1.23297036e-01  1.06363139e-10  7.77392305e-15 
 3.07029930e-08  3.07029930e-08  7.12816784e-01 -1.28376686e-01  1.06363145e-10  7.77392411e-15 
 3.07129930e-08  3.07129930e-08  6.88816784e-01 -1.33784248e-01  1.06363151e-10  7.77392517e-15 
 3.07229930e-08  3.07229930e-08  6.64816784e-01 -1.39540660e-01  1.06363158e-10  7.77392624e-15 
 3.07329930e-08  3.07329930e-08  6.40816784e-01 -1.45665673e-01  1.06363166e-10  7.77392730e-15 
 3.07429930e-08  3.07429930e-08  6.16816784e-01 -1.52177709e-01  1.06363174e-10  7.77392836e-15 
 3.07529930e-08  3.07529930e-08  5.92816784e-01 -1.59093799e-01  5.43974551e-10  7.77393162e-15 
 3.07629930e-08  3.07629930e-08  5.68816784e-01 -1.66411036e-01  1.43583953e-07  7.77465226e-15 
 3.07729930e-08  3.07729930e-08  5.44816784e-01 -1.74106821e-01  5.42838034e-07  7.77808437e-15 
 3.07829930e-08  3.07829930e-08  5.20816784e-01 -1.82154495e-01  1.19842954e-06  7.78679070e-15 
 3.07929930e-08  3.07929930e-08  4.96816784e-01 -1.90525841e-01  2.11049117e-06  7.80333531e-15 
 3.08029930e-08  3.08029930e-08  4.72816784e-01 -1.99188023e-01  3.27916329e-06  7.83028358e-15 
 3.08129930e-08  3.08129930e-08  4.48816784e-01 -2.08103266e-01  4.70459185e-06  7.87020236e-15 
 3.08229930e-08  3.08229930e-08  4.24816784e-01 -2.17224791e-01  6.38692544e-06  7.92565994e-15 
 3.08329930e-08  3.08329930e-08  4.00816784e-01 -2.26496613e-01  8.32631170e-06  7.99922613e-15 
 3.08429930e-08  3.08429930e-08  3.76816784e-01 -2.35853694e-01  1.05228930e-05  8.09347215e-15 
 3.08529930e-08  3.08529930e-08  3.52816784e-01 -2.45222162e-01  1.29768016e-05  8.21097062e-15 
 3.08629930e-08  3.08629930e-08  3.28816784e-01 -2.54519732e-01  1.56881542e-05  8.35429540e-15 
 3.08729930e-08  3.08729930e-08  3.04816784e-01 -2.63656302e-01  1.86570460e-05  8.52602140e-15 
 3.08829930e-08  3.08829930e-08  2.80816784e-01 -2.72534415e-01  2.18835444e-05  8.72872436e-15 
 3.08929930e-08  3.08929930e-08  2.56816784e-01 -2.81049332e-01  2.53676821e-05  8.96498049e-15 
 3.09029930e-08  3.09029930e-08  2.32816784e-01 -2.89088521e-01  2.91094491e-05  9.23736615e-15 
 3.09129930e-08  3.09129930e-08  2.08816784e-01 -2.96530499e-01  3.31087841e-05  9.54845731e-15 
 3.09229930e-08  3.09229930e-08  1.84816784e-01 -3.03242955e-01  3.73655632e-05  9.90082905e-15 
 3.09329930e-08  3.09329930e-08  1.60816784e-01 -3.09080035e-01  4.18795877e-05  1.02970548e-14 
 3.09429930e-08  3.09429930e-08  1.36816784e-01 -3.13878444e-01  4.66505671e-05  1.07397056e-14 
 3.09529930e-08  3.09529930e-08  1.12816784e-01 -3.17451736e-01  5.16780978e-05  1.12313489e-14 
 3.09629930e-08  3.09629930e-08  8.88167841e-02 -3.19581590e-01  5.69616334e-05  1.17745476e-14 
 3.09729930e-08  3.09729930e-08  6.48167841e-02 -3.20003981e-01  6.25004415e-05  1.23718579e-14 
 3.09829930e-08  3.09829930e-08  4.08167841e-02 -3.18380565e-01  6.82935293e-05  1.30258278e-14 
 3.09914965e-08  3.09914965e-08  2.04083920e-02 -3.15071420e-01  7.34187397e-05  1.36283527e-14 
 3.10000000e-08  3.10000000e-08  0.00000000e+00 -3.09606772e-01  7.87257291e-05  1.42752327e-14 
 3.10010000e-08  3.10010000e-08  0.00000000e+00 -3.07065774e-01  7.87218455e-05  1.43539565e-14 
 3.10030000e-08  3.10030000e-08  0.00000000e+00 -3.02274235e-01  7.87145222e-05  1.45113928e-14 
 3.10070000e-08  3.10070000e-08  0.00000000e+00 -2.92779428e-01  7.87000107e-05  1.48262219e-14 
 3.10124223e-08  3.10124223e-08  0.00000000e+00 -2.79452661e-01  7.86796425e-05  1.52529034e-14 
 3.10224223e-08  3.10224223e-08  0.00000000e+00 -2.53085680e-01  7.86393440e-05  1.60394983e-14 
 3.10324223e-08  3.10324223e-08  0.00000000e+00 -2.23834230e-01  7.85946371e-05  1.68256682e-14 
 3.10424223e-08  3.10424223e-08  0.00000000e+00 -1.90708856e-01  7.85440093e-05  1.76113615e-14 
 3.10524223e-08  3.10524223e-08  0.00000000e+00 -1.52233957e-01  7.84852055e-05  1.83965075e-14 
 3.10624223e-08  3.10624223e-08  0.00000000e+00 -1.06210198e-01  7.84148643e-05  1.91810079e-14 
 3.10724223e-08  3.10724223e-08  0.00000000e+00 -4.92116577e-02  7.83277496e-05  1.99647210e-14 
 3.10824223e-08  3.10824223e-08  0.00000000e+00  2.05587901e-02  7.82211147e-05  2.07474653e-14 
 3.10904128e-08  3.10904128e-08  0.00000000e+00  9.56359111e-02  7.81063692e-05  2.13720325e-14 
 3.10988182e-08  3.10988182e-08  0.00000000e+00  1.85916067e-01  7.79683879e-05  2.20279665e-14 
 3.11064496e-08  3.11064496e-08  0.00000000e+00  2.70408965e-01  7.78392517e-05  2.26224791e-14 
 3.11142126e-08  3.11142126e-08  0.00000000e+00  3.58067293e-01  7.77052775e-05  2.32262293e-14 
 3.11242126e-08  3.11242126e-08  0.00000000e+00  4.73127978e-01  7.75294225e-05  2.40024028e-14 
 3.11342126e-08  3.11342126e-08  0.00000000e+00  5.90321225e-01  7.73503081e-05  2.47768015e-14 
 3.11442126e-08  3.11442126e-08  0.00000000e+00  7.07084571e-01  7.49288956e-05  2.55381975e-14 
 3.11542126e-08  3.11542126e-08  0.00000000e+00  8.16834607e-01  6.72898913e-05  2.62492914e-14 
 3.11632441e-08  3.11632441e-08  0.00000000e+00  9.04840824e-01  5.73990522e-05  2.68123518e-14 
 3.11685330e-08  3.11685330e-08  0.00000000e+00  9.50297487e-01  5.09841182e-05  2.70989658e-14 
 3.11749618e-08  3.11749618e-08  0.00000000e+00  9.98742621e-01  4.31716277e-05  2.74016220e-14 
 3.11849618e-08  3.11849618e-08  0.00000000e+00  1.05949196e+00  3.19564034e-05  2.77772621e-14 
 3.11949618e-08  3.11949618e-08  0.00000000e+00  1.10437139e+00  2.26604383e-05  2.80503463e-14 
 3.12049618e-08  3.12049618e-08  0.00000000e+00  1.13626072e+00  1.55347198e-05  2.82413221e-14 
 3.12149618e-08  3.12149618e-08  0.00000000e+00  1.15821828e+00  1.03774284e-05  2.83708829e-14 
 3.12249618e-08  3.12249618e-08  0.00000000e+00  1.17296628e+00  6.79879638e-06  2.84567640e-14 
 3.12349618e-08  3.12349618e-08  0.00000000e+00  1.18268274e+00  4.39076086e-06  2.85127118e-14 
 3.12449618e-08  3.12449618e-08  0.00000000e+00  1.18899056e+00  2.80610847e-06  2.85486961e-14 
 3.12549618e-08  3.12549618e-08  0.00000000e+00  1.19304018e+00  1.77989135e-06  2.85716261e-14 
 3.12649618e-08  3.12649618e-08  0.00000000e+00  1.19561851e+00  1.12290125e-06  2.85861401e-14 
 3.12749618e-08  3.12749618e-08  0.00000000e+00  1.19725004e+00  7.05715946e-07  2.85952832e-14 
 3.12849618e-08  3.12849618e-08  0.00000000e+00  1.19827781e+00  4.42334959e-07  2.86010234e-14 
 3.12949618e-08  3.12949618e-08  0.00000000e+00  1.19892316e+00  2.76758294e-07  2.86046189e-14 
 3.13049618e-08  3.13049618e-08  0.00000000e+00  1.19932741e+00  1.72912548e-07  2.86068672e-14 
 3.13149618e-08  3.13149618e-08  0.00000000e+00  1.19958020e+00  1.07942744e-07  2.86082715e-14 
 3.13249618e-08  3.13249618e-08  0.00000000e+00  1.19973810e+00  6.73513379e-08  2.86091480e-14 
 3.13349618e-08  3.13349618e-08  0.00000000e+00  1.19983663e+00  4.20151684e-08  2.86096948e-14 
 3.13449618e-08  3.13449618e-08  0.00000000e+00  1.19989809e+00  2.62114013e-08  2.86100360e-14 
 3.13549618e-08  3.13549618e-08  0.00000000e+00  1.19993640e+00  1.63580875e-08  2.86102488e-14 
 3.13649618e-08  3.13649618e-08  0.00000000e+00  1.19996028e+00  1.02166812e-08  2.86103817e-14 
 3.13749618e-08  3.13749618e-08  0.00000000e+00  1.19997516e+00  6.38966903e-09  2.86104647e-14 
 3.13849618e-08  3.13849618e-08  0.00000000e+00  1.19998443e+00  4.00522126e-09  2.86105167e-14 
 3.13949618e-08  3.13949618e-08  0.00000000e+00  1.19999020e+00  2.51972360e-09  2.86105493e-14 
 3.14049618e-08  3.14049618e-08  0.00000000e+00  1.19999380e+00  1.59433060e-09  2.86105699e-14 
 3.14149618e-08  3.14149618e-08  0.00000000e+00  1.19999604e+00  1.01788272e-09  2.86105829e-14 
 3.14249618e-08  3.14249618e-08  0.00000000e+00  1.19999744e+00  6.58811991e-10  2.86105913e-14 
 3.14349618e-08  3.14349618e-08  0.00000000e+00  1.19999831e+00  4.35150865e-10  2.86105968e-14 
 3.14449618e-08  3.14449618e-08  0.00000000e+00  1.19999885e+00  2.95836918e-10  2.86106004e-14 
 3.14549618e-08  3.14549618e-08  0.00000000e+00  1.19999919e+00  2.09061975e-10  2.86106030e-14 
 3.14649618e-08  3.14649618e-08  0.00000000e+00  1.19999940e+00  1.55012545e-10  2.86106048e-14 
 3.14749618e-08  3.14749618e-08  0.00000000e+00  1.19999953e+00  1.21346980e-10  2.86106062e-14 
 3.14849618e-08  3.14849618e-08  0.00000000e+00  1.19999961e+00  1.00377901e-10  2.86106073e-14 
 3.14949618e-08  3.14949618e-08  0.00000000e+00  1.19999966e+00  8.73170386e-11  2.86106082e-14 
 3.15049618e-08  3.15049618e-08  0.00000000e+00  1.19999969e+00  7.91819223e-11  2.86106090e-14 
 3.15149618e-08  3.15149618e-08  0.00000000e+00  1.19999971e+00  7.41148715e-11  2.86106098e-14 
 3.15249618e-08  3.15249618e-08  0.00000000e+00  1.19999972e+00  7.09588027e-11  2.86106105e-14 
 3.15349618e-08  3.15349618e-08  0.00000000e+00  1.19999973e+00  6.89930112e-11  2.86106112e-14 
 3.15449618e-08  3.15449618e-08  0.00000000e+00  1.19999974e+00  6.77685971e-11  2.86106119e-14 
 3.15549618e-08  3.15549618e-08  0.00000000e+00  1.19999974e+00  6.70059577e-11  2.86106126e-14 
 3.15649618e-08  3.15649618e-08  0.00000000e+00  1.19999974e+00  6.65309403e-11  2.86106133e-14 
 3.15749618e-08  3.15749618e-08  0.00000000e+00  1.19999974e+00  6.62350703e-11  2.86106139e-14 
 3.15849618e-08  3.15849618e-08  0.00000000e+00  1.19999974e+00  6.60507848e-11  2.86106146e-14 
 3.15949618e-08  3.15949618e-08  0.00000000e+00  1.19999974e+00  6.59360007e-11  2.86106153e-14 
 3.16049618e-08  3.16049618e-08  0.00000000e+00  1.19999974e+00  6.58645060e-11  2.86106159e-14 
 3.16149618e-08  3.16149618e-08  0.00000000e+00  1.19999974e+00  6.58199751e-11  2.86106166e-14 
 3.16249618e-08  3.16249618e-08  0.00000000e+00  1.19999974e+00  6.57922386e-11  2.86106172e-14 
 3.16349618e-08  3.16349618e-08  0.00000000e+00  1.19999974e+00  6.57749625e-11  2.86106179e-14 
 3.16449618e-08  3.16449618e-08  0.00000000e+00  1.19999974e+00  6.57642020e-11  2.86106185e-14 
 3.16549618e-08  3.16549618e-08  0.00000000e+00  1.19999974e+00  6.57574995e-11  2.86106192e-14 
 3.16649618e-08  3.16649618e-08  0.00000000e+00  1.19999974e+00  6.57533251e-11  2.86106199e-14 
 3.16749618e-08  3.16749618e-08  0.00000000e+00  1.19999974e+00  6.57507247e-11  2.86106205e-14 
 3.16849618e-08  3.16849618e-08  0.00000000e+00  1.19999974e+00  6.57491049e-11  2.86106212e-14 
 3.16949618e-08  3.16949618e-08  0.00000000e+00  1.19999974e+00  6.57480960e-11  2.86106218e-14 
 3.17049618e-08  3.17049618e-08  0.00000000e+00  1.19999974e+00  6.57474680e-11  2.86106225e-14 
 3.17149618e-08  3.17149618e-08  0.00000000e+00  1.19999974e+00  6.57470763e-11  2.86106231e-14 
 3.17249618e-08  3.17249618e-08  0.00000000e+00  1.19999974e+00  6.57468324e-11  2.86106238e-14 
 3.17349618e-08  3.17349618e-08  0.00000000e+00  1.19999974e+00  6.57466807e-11  2.86106245e-14 
 3.17449618e-08  3.17449618e-08  0.00000000e+00  1.19999974e+00  6.57465863e-11  2.86106251e-14 
 3.17549618e-08  3.17549618e-08  0.00000000e+00  1.19999974e+00  6.57465274e-11  2.86106258e-14 
 3.17649618e-08  3.17649618e-08  0.00000000e+00  1.19999974e+00  6.57464908e-11  2.86106264e-14 
 3.17749618e-08  3.17749618e-08  0.00000000e+00  1.19999974e+00  6.57464681e-11  2.86106271e-14 
 3.17849618e-08  3.17849618e-08  0.00000000e+00  1.19999974e+00  6.57464536e-11  2.86106277e-14 
 3.17949618e-08  3.17949618e-08  0.00000000e+00  1.19999974e+00  6.57464448e-11  2.86106284e-14 
 3.18049618e-08  3.18049618e-08  0.00000000e+00  1.19999974e+00  6.57464394e-11  2.86106291e-14 
 3.18149618e-08  3.18149618e-08  0.00000000e+00  1.19999974e+00  6.57464360e-11  2.86106297e-14 
 3.18249618e-08  3.18249618e-08  0.00000000e+00  1.19999974e+00  6.57464337e-11  2.86106304e-14 
 3.18349618e-08  3.18349618e-08  0.00000000e+00  1.19999974e+00  6.57464323e-11  2.86106310e-14 
 3.18449618e-08  3.18449618e-08  0.00000000e+00  1.19999974e+00  6.57464313e-11  2.86106317e-14 
 3.18549618e-08  3.18549618e-08  0.00000000e+00  1.19999974e+00  6.57464309e-11  2.86106323e-14 
 3.18649618e-08  3.18649618e-08  0.00000000e+00  1.19999974e+00  6.57464307e-11  2.86106330e-14 
 3.18749618e-08  3.18749618e-08  0.00000000e+00  1.19999974e+00  6.57464305e-11  2.86106337e-14 
 3.18849618e-08  3.18849618e-08  0.00000000e+00  1.19999974e+00  6.57464304e-11  2.86106343e-14 
 3.18949618e-08  3.18949618e-08  0.00000000e+00  1.19999974e+00  6.57464302e-11  2.86106350e-14 
 3.19049618e-08  3.19049618e-08  0.00000000e+00  1.19999974e+00  6.57464301e-11  2.86106356e-14 
 3.19149618e-08  3.19149618e-08  0.00000000e+00  1.19999974e+00  6.57464302e-11  2.86106363e-14 
 3.19249618e-08  3.19249618e-08  0.00000000e+00  1.19999974e+00  6.57464302e-11  2.86106370e-14 
 3.19349618e-08  3.19349618e-08  0.00000000e+00  1.19999974e+00  6.57464302e-11  2.86106376e-14 
 3.19449618e-08  3.19449618e-08  0.00000000e+00  1.19999974e+00  6.57464302e-11  2.86106383e-14 
 3.19549618e-08  3.19549618e-08  0.00000000e+00  1.19999974e+00  6.57464302e-11  2.86106389e-14 
 3.19649618e-08  3.19649618e-08  0.00000000e+00  1.19999974e+00  6.57464302e-11  2.86106396e-14 
 3.19749618e-08  3.19749618e-08  0.00000000e+00  1.19999974e+00  6.57464302e-11  2.86106402e-14 
 3.19849618e-08  3.19849618e-08  0.00000000e+00  1.19999974e+00  6.57464302e-11  2.86106409e-14 
 3.19924809e-08  3.19924809e-08  0.00000000e+00  1.19999974e+00  6.57464302e-11  2.86106414e-14 
 3.20000000e-08  3.20000000e-08  0.00000000e+00  1.19999974e+00  6.57464302e-11  2.86106419e-14 
 3.20010000e-08  3.20010000e-08  0.00000000e+00  1.19999974e+00  6.57464302e-11  2.86106420e-14 
 3.20030000e-08  3.20030000e-08  0.00000000e+00  1.19999974e+00  6.57464303e-11  2.86106421e-14 
 3.20070000e-08  3.20070000e-08  0.00000000e+00  1.19999974e+00  6.57464304e-11  2.86106423e-14 
 3.20150000e-08  3.20150000e-08  0.00000000e+00  1.19999974e+00  6.57464305e-11  2.86106429e-14 
 3.20250000e-08  3.20250000e-08  0.00000000e+00  1.19999974e+00  6.57464305e-11  2.86106435e-14 
 3.20350000e-08  3.20350000e-08  0.00000000e+00  1.19999974e+00  6.57464304e-11  2.86106442e-14 
 3.20450000e-08  3.20450000e-08  0.00000000e+00  1.19999974e+00  6.57464303e-11  2.86106448e-14 
 3.20550000e-08  3.20550000e-08  0.00000000e+00  1.19999974e+00  6.57464301e-11  2.86106455e-14 
 3.20650000e-08  3.20650000e-08  0.00000000e+00  1.19999974e+00  6.57464300e-11  2.86106462e-14 
 3.20750000e-08  3.20750000e-08  0.00000000e+00  1.19999974e+00  6.57464300e-11  2.86106468e-14 
 3.20850000e-08  3.20850000e-08  0.00000000e+00  1.19999974e+00  6.57464299e-11  2.86106475e-14 
 3.20950000e-08  3.20950000e-08  0.00000000e+00  1.19999974e+00  6.57464298e-11  2.86106481e-14 
 3.21050000e-08  3.21050000e-08  0.00000000e+00  1.19999974e+00  6.57464298e-11  2.86106488e-14 
 3.21150000e-08  3.21150000e-08  0.00000000e+00  1.19999974e+00  6.57464298e-11  2.86106494e-14 
 3.21250000e-08  3.21250000e-08  0.00000000e+00  1.19999974e+00  6.57464298e-11  2.86106501e-14 
 3.21350000e-08  3.21350000e-08  0.00000000e+00  1.19999974e+00  6.57464298e-11  2.86106508e-14 
 3.21450000e-08  3.21450000e-08  0.00000000e+00  1.19999974e+00  6.57464298e-11  2.86106514e-14 
 3.21550000e-08  3.21550000e-08  0.00000000e+00  1.19999974e+00  6.57464298e-11  2.86106521e-14 
 3.21650000e-08  3.21650000e-08  0.00000000e+00  1.19999974e+00  6.57464298e-11  2.86106527e-14 
 3.21750000e-08  3.21750000e-08  0.00000000e+00  1.19999974e+00  6.57464298e-11  2.86106534e-14 
 3.21850000e-08  3.21850000e-08  0.00000000e+00  1.19999974e+00  6.57464298e-11  2.86106540e-14 
 3.21950000e-08  3.21950000e-08  0.00000000e+00  1.19999974e+00  6.57464298e-11  2.86106547e-14 
 3.22050000e-08  3.22050000e-08  0.00000000e+00  1.19999974e+00  6.57464298e-11  2.86106554e-14 
 3.22150000e-08  3.22150000e-08  0.00000000e+00  1.19999974e+00  6.57464298e-11  2.86106560e-14 
 3.22250000e-08  3.22250000e-08  0.00000000e+00  1.19999974e+00  6.57464298e-11  2.86106567e-14 
 3.22350000e-08  3.22350000e-08  0.00000000e+00  1.19999974e+00  6.57464298e-11  2.86106573e-14 
 3.22450000e-08  3.22450000e-08  0.00000000e+00  1.19999974e+00  6.57464298e-11  2.86106580e-14 
 3.22550000e-08  3.22550000e-08  0.00000000e+00  1.19999974e+00  6.57464298e-11  2.86106587e-14 
 3.22650000e-08  3.22650000e-08  0.00000000e+00  1.19999974e+00  6.57464298e-11  2.86106593e-14 
 3.22750000e-08  3.22750000e-08  0.00000000e+00  1.19999974e+00  6.57464298e-11  2.86106600e-14 
 3.22850000e-08  3.22850000e-08  0.00000000e+00  1.19999974e+00  6.57464298e-11  2.86106606e-14 
 3.22950000e-08  3.22950000e-08  0.00000000e+00  1.19999974e+00  6.57464298e-11  2.86106613e-14 
 3.23050000e-08  3.23050000e-08  0.00000000e+00  1.19999974e+00  6.57464298e-11  2.86106619e-14 
 3.23150000e-08  3.23150000e-08  0.00000000e+00  1.19999974e+00  6.57464298e-11  2.86106626e-14 
 3.23250000e-08  3.23250000e-08  0.00000000e+00  1.19999974e+00  6.57464298e-11  2.86106633e-14 
 3.23350000e-08  3.23350000e-08  0.00000000e+00  1.19999974e+00  6.57464298e-11  2.86106639e-14 
 3.23450000e-08  3.23450000e-08  0.00000000e+00  1.19999974e+00  6.57464298e-11  2.86106646e-14 
 3.23550000e-08  3.23550000e-08  0.00000000e+00  1.19999974e+00  6.57464298e-11  2.86106652e-14 
 3.23650000e-08  3.23650000e-08  0.00000000e+00  1.19999974e+00  6.57464298e-11  2.86106659e-14 
 3.23750000e-08  3.23750000e-08  0.00000000e+00  1.19999974e+00  6.57464298e-11  2.86106665e-14 
 3.23850000e-08  3.23850000e-08  0.00000000e+00  1.19999974e+00  6.57464298e-11  2.86106672e-14 
 3.23950000e-08  3.23950000e-08  0.00000000e+00  1.19999974e+00  6.57464298e-11  2.86106679e-14 
 3.24050000e-08  3.24050000e-08  0.00000000e+00  1.19999974e+00  6.57464298e-11  2.86106685e-14 
 3.24150000e-08  3.24150000e-08  0.00000000e+00  1.19999974e+00  6.57464298e-11  2.86106692e-14 
 3.24250000e-08  3.24250000e-08  0.00000000e+00  1.19999974e+00  6.57464298e-11  2.86106698e-14 
 3.24335953e-08  3.24335953e-08  0.00000000e+00  1.19999974e+00  6.57464299e-11  2.86106704e-14 
 3.24390066e-08  3.24390066e-08  0.00000000e+00  1.19999974e+00  6.57464299e-11  2.86106707e-14 
 3.24454904e-08  3.24454904e-08  0.00000000e+00  1.19999974e+00  6.57464300e-11  2.86106712e-14 
 3.24508394e-08  3.24508394e-08  0.00000000e+00  1.19999974e+00  6.57464301e-11  2.86106715e-14 
 3.24576107e-08  3.24576107e-08  0.00000000e+00  1.19999974e+00  6.57464299e-11  2.86106720e-14 
 3.24676107e-08  3.24676107e-08  0.00000000e+00  1.19999974e+00  6.57464301e-11  2.86106726e-14 
 3.24776107e-08  3.24776107e-08  0.00000000e+00  1.19999974e+00  6.57464300e-11  2.86106733e-14 
 3.24876107e-08  3.24876107e-08  0.00000000e+00  1.19999974e+00  6.57464298e-11  2.86106739e-14 
 3.24976107e-08  3.24976107e-08  0.00000000e+00  1.19999974e+00  6.57464298e-11  2.86106746e-14 
 3.25076107e-08  3.25076107e-08  0.00000000e+00  1.19999974e+00  6.57464298e-11  2.86106753e-14 
 3.25176107e-08  3.25176107e-08  0.00000000e+00  1.19999974e+00  6.57464298e-11  2.86106759e-14 
 3.25276107e-08  3.25276107e-08  0.00000000e+00  1.19999974e+00  6.57464298e-11  2.86106766e-14 
 3.25376107e-08  3.25376107e-08  0.00000000e+00  1.19999974e+00  6.57464298e-11  2.86106772e-14 
 3.25476107e-08  3.25476107e-08  0.00000000e+00  1.19999974e+00  6.57464298e-11  2.86106779e-14 
 3.25576107e-08  3.25576107e-08  0.00000000e+00  1.19999974e+00  6.57464298e-11  2.86106785e-14 
 3.25676107e-08  3.25676107e-08  0.00000000e+00  1.19999974e+00  6.57464298e-11  2.86106792e-14 
 3.25776107e-08  3.25776107e-08  0.00000000e+00  1.19999974e+00  6.57464298e-11  2.86106799e-14 
 3.25876107e-08  3.25876107e-08  0.00000000e+00  1.19999974e+00  6.57464298e-11  2.86106805e-14 
 3.25976107e-08  3.25976107e-08  0.00000000e+00  1.19999974e+00  6.57464298e-11  2.86106812e-14 
 3.26076107e-08  3.26076107e-08  0.00000000e+00  1.19999974e+00  6.57464298e-11  2.86106818e-14 
 3.26176107e-08  3.26176107e-08  0.00000000e+00  1.19999974e+00  6.57464298e-11  2.86106825e-14 
 3.26276107e-08  3.26276107e-08  0.00000000e+00  1.19999974e+00  6.57464298e-11  2.86106831e-14 
 3.26376107e-08  3.26376107e-08  0.00000000e+00  1.19999974e+00  6.57464298e-11  2.86106838e-14 
 3.26476107e-08  3.26476107e-08  0.00000000e+00  1.19999974e+00  6.57464298e-11  2.86106845e-14 
 3.26576107e-08  3.26576107e-08  0.00000000e+00  1.19999974e+00  6.57464298e-11  2.86106851e-14 
 3.26676107e-08  3.26676107e-08  0.00000000e+00  1.19999974e+00  6.57464298e-11  2.86106858e-14 
 3.26776107e-08  3.26776107e-08  0.00000000e+00  1.19999974e+00  6.57464298e-11  2.86106864e-14 
 3.26876107e-08  3.26876107e-08  0.00000000e+00  1.19999974e+00  6.57464298e-11  2.86106871e-14 
 3.26976107e-08  3.26976107e-08  0.00000000e+00  1.19999974e+00  6.57464298e-11  2.86106878e-14 
 3.27076107e-08  3.27076107e-08  0.00000000e+00  1.19999974e+00  6.57464298e-11  2.86106884e-14 
 3.27176107e-08  3.27176107e-08  0.00000000e+00  1.19999974e+00  6.57464298e-11  2.86106891e-14 
 3.27276107e-08  3.27276107e-08  0.00000000e+00  1.19999974e+00  6.57464298e-11  2.86106897e-14 
 3.27376107e-08  3.27376107e-08  0.00000000e+00  1.19999974e+00  6.57464298e-11  2.86106904e-14 
 3.27476107e-08  3.27476107e-08  0.00000000e+00  1.19999974e+00  6.57464298e-11  2.86106910e-14 
 3.27576107e-08  3.27576107e-08  0.00000000e+00  1.19999974e+00  6.57464298e-11  2.86106917e-14 
 3.27676107e-08  3.27676107e-08  0.00000000e+00  1.19999974e+00  6.57464298e-11  2.86106924e-14 
 3.27776107e-08  3.27776107e-08  0.00000000e+00  1.19999974e+00  6.57464298e-11  2.86106930e-14 
 3.27876107e-08  3.27876107e-08  0.00000000e+00  1.19999974e+00  6.57464298e-11  2.86106937e-14 
 3.27976107e-08  3.27976107e-08  0.00000000e+00  1.19999974e+00  6.57464298e-11  2.86106943e-14 
 3.28076107e-08  3.28076107e-08  0.00000000e+00  1.19999974e+00  6.57464298e-11  2.86106950e-14 
 3.28176107e-08  3.28176107e-08  0.00000000e+00  1.19999974e+00  6.57464298e-11  2.86106956e-14 
 3.28276107e-08  3.28276107e-08  0.00000000e+00  1.19999974e+00  6.57464298e-11  2.86106963e-14 
 3.28376107e-08  3.28376107e-08  0.00000000e+00  1.19999974e+00  6.57464298e-11  2.86106970e-14 
 3.28476107e-08  3.28476107e-08  0.00000000e+00  1.19999974e+00  6.57464298e-11  2.86106976e-14 
 3.28576107e-08  3.28576107e-08  0.00000000e+00  1.19999974e+00  6.57464298e-11  2.86106983e-14 
 3.28676107e-08  3.28676107e-08  0.00000000e+00  1.19999974e+00  6.57464298e-11  2.86106989e-14 
 3.28776107e-08  3.28776107e-08  0.00000000e+00  1.19999974e+00  6.57464298e-11  2.86106996e-14 
 3.28876107e-08  3.28876107e-08  0.00000000e+00  1.19999974e+00  6.57464298e-11  2.86107002e-14 
 3.28976107e-08  3.28976107e-08  0.00000000e+00  1.19999974e+00  6.57464298e-11  2.86107009e-14 
 3.29076107e-08  3.29076107e-08  0.00000000e+00  1.19999974e+00  6.57464298e-11  2.86107016e-14 
 3.29176107e-08  3.29176107e-08  0.00000000e+00  1.19999974e+00  6.57464298e-11  2.86107022e-14 
 3.29276107e-08  3.29276107e-08  0.00000000e+00  1.19999974e+00  6.57464298e-11  2.86107029e-14 
 3.29376107e-08  3.29376107e-08  0.00000000e+00  1.19999974e+00  6.57464298e-11  2.86107035e-14 
 3.29476107e-08  3.29476107e-08  0.00000000e+00  1.19999974e+00  6.57464298e-11  2.86107042e-14 
 3.29576107e-08  3.29576107e-08  0.00000000e+00  1.19999974e+00  6.57464298e-11  2.86107048e-14 
 3.29676107e-08  3.29676107e-08  0.00000000e+00  1.19999974e+00  6.57464298e-11  2.86107055e-14 
 3.29776107e-08  3.29776107e-08  0.00000000e+00  1.19999974e+00  6.57464298e-11  2.86107062e-14 
 3.29876107e-08  3.29876107e-08  0.00000000e+00  1.19999974e+00  6.57464298e-11  2.86107068e-14 
 3.29976107e-08  3.29976107e-08  0.00000000e+00  1.19999974e+00  6.57464298e-11  2.86107075e-14 
 3.30076107e-08  3.30076107e-08  0.00000000e+00  1.19999974e+00  6.57464298e-11  2.86107081e-14 
 3.30176107e-08  3.30176107e-08  0.00000000e+00  1.19999974e+00  6.57464298e-11  2.86107088e-14 
 3.30276107e-08  3.30276107e-08  0.00000000e+00  1.19999974e+00  6.57464298e-11  2.86107094e-14 
 3.30376107e-08  3.30376107e-08  0.00000000e+00  1.19999974e+00  6.57464298e-11  2.86107101e-14 
 3.30476107e-08  3.30476107e-08  0.00000000e+00  1.19999974e+00  6.57464298e-11  2.86107108e-14 
 3.30576107e-08  3.30576107e-08  0.00000000e+00  1.19999974e+00  6.57464298e-11  2.86107114e-14 
 3.30676107e-08  3.30676107e-08  0.00000000e+00  1.19999974e+00  6.57464298e-11  2.86107121e-14 
 3.30776107e-08  3.30776107e-08  0.00000000e+00  1.19999974e+00  6.57464298e-11  2.86107127e-14 
 3.30876107e-08  3.30876107e-08  0.00000000e+00  1.19999974e+00  6.57464298e-11  2.86107134e-14 
 3.30976107e-08  3.30976107e-08  0.00000000e+00  1.19999974e+00  6.57464298e-11  2.86107140e-14 
 3.31076107e-08  3.31076107e-08  0.00000000e+00  1.19999974e+00  6.57464298e-11  2.86107147e-14 
 3.31176107e-08  3.31176107e-08  0.00000000e+00  1.19999974e+00  6.57464298e-11  2.86107154e-14 
 3.31276107e-08  3.31276107e-08  0.00000000e+00  1.19999974e+00  6.57464298e-11  2.86107160e-14 
 3.31376107e-08  3.31376107e-08  0.00000000e+00  1.19999974e+00  6.57464298e-11  2.86107167e-14 
 3.31476107e-08  3.31476107e-08  0.00000000e+00  1.19999974e+00  6.57464298e-11  2.86107173e-14 
 3.31576107e-08  3.31576107e-08  0.00000000e+00  1.19999974e+00  6.57464298e-11  2.86107180e-14 
 3.31676107e-08  3.31676107e-08  0.00000000e+00  1.19999974e+00  6.57464298e-11  2.86107187e-14 
 3.31776107e-08  3.31776107e-08  0.00000000e+00  1.19999974e+00  6.57464298e-11  2.86107193e-14 
 3.31876107e-08  3.31876107e-08  0.00000000e+00  1.19999974e+00  6.57464298e-11  2.86107200e-14 
 3.31976107e-08  3.31976107e-08  0.00000000e+00  1.19999974e+00  6.57464298e-11  2.86107206e-14 
 3.32076107e-08  3.32076107e-08  0.00000000e+00  1.19999974e+00  6.57464298e-11  2.86107213e-14 
 3.32176107e-08  3.32176107e-08  0.00000000e+00  1.19999974e+00  6.57464298e-11  2.86107219e-14 
 3.32276107e-08  3.32276107e-08  0.00000000e+00  1.19999974e+00  6.57464298e-11  2.86107226e-14 
 3.32376107e-08  3.32376107e-08  0.00000000e+00  1.19999974e+00  6.57464298e-11  2.86107233e-14 
 3.32476107e-08  3.32476107e-08  0.00000000e+00  1.19999974e+00  6.57464298e-11  2.86107239e-14 
 3.32576107e-08  3.32576107e-08  0.00000000e+00  1.19999974e+00  6.57464298e-11  2.86107246e-14 
 3.32676107e-08  3.32676107e-08  0.00000000e+00  1.19999974e+00  6.57464298e-11  2.86107252e-14 
 3.32776107e-08  3.32776107e-08  0.00000000e+00  1.19999974e+00  6.57464298e-11  2.86107259e-14 
 3.32876107e-08  3.32876107e-08  0.00000000e+00  1.19999974e+00  6.57464298e-11  2.86107265e-14 
 3.32976107e-08  3.32976107e-08  0.00000000e+00  1.19999974e+00  6.57464298e-11  2.86107272e-14 
 3.33076107e-08  3.33076107e-08  0.00000000e+00  1.19999974e+00  6.57464298e-11  2.86107279e-14 
 3.33176107e-08  3.33176107e-08  0.00000000e+00  1.19999974e+00  6.57464298e-11  2.86107285e-14 
 3.33276107e-08  3.33276107e-08  0.00000000e+00  1.19999974e+00  6.57464298e-11  2.86107292e-14 
 3.33376107e-08  3.33376107e-08  0.00000000e+00  1.19999974e+00  6.57464298e-11  2.86107298e-14 
 3.33476107e-08  3.33476107e-08  0.00000000e+00  1.19999974e+00  6.57464298e-11  2.86107305e-14 
 3.33576107e-08  3.33576107e-08  0.00000000e+00  1.19999974e+00  6.57464298e-11  2.86107311e-14 
 3.33676107e-08  3.33676107e-08  0.00000000e+00  1.19999974e+00  6.57464298e-11  2.86107318e-14 
 3.33776107e-08  3.33776107e-08  0.00000000e+00  1.19999974e+00  6.57464298e-11  2.86107325e-14 
 3.33876107e-08  3.33876107e-08  0.00000000e+00  1.19999974e+00  6.57464298e-11  2.86107331e-14 
 3.33976107e-08  3.33976107e-08  0.00000000e+00  1.19999974e+00  6.57464298e-11  2.86107338e-14 
 3.34076107e-08  3.34076107e-08  0.00000000e+00  1.19999974e+00  6.57464298e-11  2.86107344e-14 
 3.34176107e-08  3.34176107e-08  0.00000000e+00  1.19999974e+00  6.57464298e-11  2.86107351e-14 
 3.34276107e-08  3.34276107e-08  0.00000000e+00  1.19999974e+00  6.57464298e-11  2.86107357e-14 
 3.34376107e-08  3.34376107e-08  0.00000000e+00  1.19999974e+00  6.57464298e-11  2.86107364e-14 
 3.34476107e-08  3.34476107e-08  0.00000000e+00  1.19999974e+00  6.57464298e-11  2.86107371e-14 
 3.34576107e-08  3.34576107e-08  0.00000000e+00  1.19999974e+00  6.57464298e-11  2.86107377e-14 
 3.34676107e-08  3.34676107e-08  0.00000000e+00  1.19999974e+00  6.57464298e-11  2.86107384e-14 
 3.34776107e-08  3.34776107e-08  0.00000000e+00  1.19999974e+00  6.57464298e-11  2.86107390e-14 
 3.34876107e-08  3.34876107e-08  0.00000000e+00  1.19999974e+00  6.57464298e-11  2.86107397e-14 
 3.34976107e-08  3.34976107e-08  0.00000000e+00  1.19999974e+00  6.57464298e-11  2.86107403e-14 
 3.35076107e-08  3.35076107e-08  0.00000000e+00  1.19999974e+00  6.57464298e-11  2.86107410e-14 
 3.35176107e-08  3.35176107e-08  0.00000000e+00  1.19999974e+00  6.57464298e-11  2.86107417e-14 
 3.35276107e-08  3.35276107e-08  0.00000000e+00  1.19999974e+00  6.57464298e-11  2.86107423e-14 
 3.35376107e-08  3.35376107e-08  0.00000000e+00  1.19999974e+00  6.57464298e-11  2.86107430e-14 
 3.35476107e-08  3.35476107e-08  0.00000000e+00  1.19999974e+00  6.57464298e-11  2.86107436e-14 
 3.35576107e-08  3.35576107e-08  0.00000000e+00  1.19999974e+00  6.57464298e-11  2.86107443e-14 
 3.35676107e-08  3.35676107e-08  0.00000000e+00  1.19999974e+00  6.57464298e-11  2.86107450e-14 
 3.35776107e-08  3.35776107e-08  0.00000000e+00  1.19999974e+00  6.57464298e-11  2.86107456e-14 
 3.35876107e-08  3.35876107e-08  0.00000000e+00  1.19999974e+00  6.57464298e-11  2.86107463e-14 
 3.35976107e-08  3.35976107e-08  0.00000000e+00  1.19999974e+00  6.57464298e-11  2.86107469e-14 
 3.36076107e-08  3.36076107e-08  0.00000000e+00  1.19999974e+00  6.57464298e-11  2.86107476e-14 
 3.36176107e-08  3.36176107e-08  0.00000000e+00  1.19999974e+00  6.57464298e-11  2.86107482e-14 
 3.36276107e-08  3.36276107e-08  0.00000000e+00  1.19999974e+00  6.57464298e-11  2.86107489e-14 
 3.36376107e-08  3.36376107e-08  0.00000000e+00  1.19999974e+00  6.57464298e-11  2.86107496e-14 
 3.36476107e-08  3.36476107e-08  0.00000000e+00  1.19999974e+00  6.57464298e-11  2.86107502e-14 
 3.36576107e-08  3.36576107e-08  0.00000000e+00  1.19999974e+00  6.57464298e-11  2.86107509e-14 
 3.36676107e-08  3.36676107e-08  0.00000000e+00  1.19999974e+00  6.57464298e-11  2.86107515e-14 
 3.36776107e-08  3.36776107e-08  0.00000000e+00  1.19999974e+00  6.57464298e-11  2.86107522e-14 
 3.36876107e-08  3.36876107e-08  0.00000000e+00  1.19999974e+00  6.57464298e-11  2.86107528e-14 
 3.36976107e-08  3.36976107e-08  0.00000000e+00  1.19999974e+00  6.57464298e-11  2.86107535e-14 
 3.37076107e-08  3.37076107e-08  0.00000000e+00  1.19999974e+00  6.57464298e-11  2.86107542e-14 
 3.37176107e-08  3.37176107e-08  0.00000000e+00  1.19999974e+00  6.57464298e-11  2.86107548e-14 
 3.37276107e-08  3.37276107e-08  0.00000000e+00  1.19999974e+00  6.57464298e-11  2.86107555e-14 
 3.37376107e-08  3.37376107e-08  0.00000000e+00  1.19999974e+00  6.57464298e-11  2.86107561e-14 
 3.37476107e-08  3.37476107e-08  0.00000000e+00  1.19999974e+00  6.57464298e-11  2.86107568e-14 
 3.37576107e-08  3.37576107e-08  0.00000000e+00  1.19999974e+00  6.57464298e-11  2.86107574e-14 
 3.37676107e-08  3.37676107e-08  0.00000000e+00  1.19999974e+00  6.57464298e-11  2.86107581e-14 
 3.37776107e-08  3.37776107e-08  0.00000000e+00  1.19999974e+00  6.57464298e-11  2.86107588e-14 
 3.37876107e-08  3.37876107e-08  0.00000000e+00  1.19999974e+00  6.57464298e-11  2.86107594e-14 
 3.37976107e-08  3.37976107e-08  0.00000000e+00  1.19999974e+00  6.57464298e-11  2.86107601e-14 
 3.38076107e-08  3.38076107e-08  0.00000000e+00  1.19999974e+00  6.57464298e-11  2.86107607e-14 
 3.38176107e-08  3.38176107e-08  0.00000000e+00  1.19999974e+00  6.57464298e-11  2.86107614e-14 
 3.38276107e-08  3.38276107e-08  0.00000000e+00  1.19999974e+00  6.57464298e-11  2.86107620e-14 
 3.38376107e-08  3.38376107e-08  0.00000000e+00  1.19999974e+00  6.57464298e-11  2.86107627e-14 
 3.38476107e-08  3.38476107e-08  0.00000000e+00  1.19999974e+00  6.57464298e-11  2.86107634e-14 
 3.38576107e-08  3.38576107e-08  0.00000000e+00  1.19999974e+00  6.57464298e-11  2.86107640e-14 
 3.38676107e-08  3.38676107e-08  0.00000000e+00  1.19999974e+00  6.57464298e-11  2.86107647e-14 
 3.38776107e-08  3.38776107e-08  0.00000000e+00  1.19999974e+00  6.57464298e-11  2.86107653e-14 
 3.38876107e-08  3.38876107e-08  0.00000000e+00  1.19999974e+00  6.57464298e-11  2.86107660e-14 
 3.38976107e-08  3.38976107e-08  0.00000000e+00  1.19999974e+00  6.57464298e-11  2.86107666e-14 
 3.39076107e-08  3.39076107e-08  0.00000000e+00  1.19999974e+00  6.57464298e-11  2.86107673e-14 
 3.39176107e-08  3.39176107e-08  0.00000000e+00  1.19999974e+00  6.57464298e-11  2.86107680e-14 
 3.39276107e-08  3.39276107e-08  0.00000000e+00  1.19999974e+00  6.57464298e-11  2.86107686e-14 
 3.39376107e-08  3.39376107e-08  0.00000000e+00  1.19999974e+00  6.57464298e-11  2.86107693e-14 
 3.39476107e-08  3.39476107e-08  0.00000000e+00  1.19999974e+00  6.57464298e-11  2.86107699e-14 
 3.39576107e-08  3.39576107e-08  0.00000000e+00  1.19999974e+00  6.57464298e-11  2.86107706e-14 
 3.39676107e-08  3.39676107e-08  0.00000000e+00  1.19999974e+00  6.57464298e-11  2.86107712e-14 
 3.39776107e-08  3.39776107e-08  0.00000000e+00  1.19999974e+00  6.57464298e-11  2.86107719e-14 
 3.39876107e-08  3.39876107e-08  0.00000000e+00  1.19999974e+00  6.57464298e-11  2.86107726e-14 
 3.39976107e-08  3.39976107e-08  0.00000000e+00  1.19999974e+00  6.57464298e-11  2.86107732e-14 
 3.40076107e-08  3.40076107e-08  0.00000000e+00  1.19999974e+00  6.57464298e-11  2.86107739e-14 
 3.40176107e-08  3.40176107e-08  0.00000000e+00  1.19999974e+00  6.57464298e-11  2.86107745e-14 
 3.40276107e-08  3.40276107e-08  0.00000000e+00  1.19999974e+00  6.57464298e-11  2.86107752e-14 
 3.40376107e-08  3.40376107e-08  0.00000000e+00  1.19999974e+00  6.57464298e-11  2.86107759e-14 
 3.40476107e-08  3.40476107e-08  0.00000000e+00  1.19999974e+00  6.57464298e-11  2.86107765e-14 
 3.40576107e-08  3.40576107e-08  0.00000000e+00  1.19999974e+00  6.57464298e-11  2.86107772e-14 
 3.40676107e-08  3.40676107e-08  0.00000000e+00  1.19999974e+00  6.57464298e-11  2.86107778e-14 
 3.40776107e-08  3.40776107e-08  0.00000000e+00  1.19999974e+00  6.57464298e-11  2.86107785e-14 
 3.40876107e-08  3.40876107e-08  0.00000000e+00  1.19999974e+00  6.57464298e-11  2.86107791e-14 
 3.40976107e-08  3.40976107e-08  0.00000000e+00  1.19999974e+00  6.57464298e-11  2.86107798e-14 
 3.41076107e-08  3.41076107e-08  0.00000000e+00  1.19999974e+00  6.57464298e-11  2.86107805e-14 
 3.41176107e-08  3.41176107e-08  0.00000000e+00  1.19999974e+00  6.57464298e-11  2.86107811e-14 
 3.41276107e-08  3.41276107e-08  0.00000000e+00  1.19999974e+00  6.57464298e-11  2.86107818e-14 
 3.41376107e-08  3.41376107e-08  0.00000000e+00  1.19999974e+00  6.57464298e-11  2.86107824e-14 
 3.41476107e-08  3.41476107e-08  0.00000000e+00  1.19999974e+00  6.57464298e-11  2.86107831e-14 
 3.41576107e-08  3.41576107e-08  0.00000000e+00  1.19999974e+00  6.57464298e-11  2.86107837e-14 
 3.41676107e-08  3.41676107e-08  0.00000000e+00  1.19999974e+00  6.57464298e-11  2.86107844e-14 
 3.41776107e-08  3.41776107e-08  0.00000000e+00  1.19999974e+00  6.57464298e-11  2.86107851e-14 
 3.41876107e-08  3.41876107e-08  0.00000000e+00  1.19999974e+00  6.57464298e-11  2.86107857e-14 
 3.41976107e-08  3.41976107e-08  0.00000000e+00  1.19999974e+00  6.57464298e-11  2.86107864e-14 
 3.42076107e-08  3.42076107e-08  0.00000000e+00  1.19999974e+00  6.57464298e-11  2.86107870e-14 
 3.42176107e-08  3.42176107e-08  0.00000000e+00  1.19999974e+00  6.57464298e-11  2.86107877e-14 
 3.42276107e-08  3.42276107e-08  0.00000000e+00  1.19999974e+00  6.57464298e-11  2.86107883e-14 
 3.42376107e-08  3.42376107e-08  0.00000000e+00  1.19999974e+00  6.57464298e-11  2.86107890e-14 
 3.42476107e-08  3.42476107e-08  0.00000000e+00  1.19999974e+00  6.57464298e-11  2.86107897e-14 
 3.42576107e-08  3.42576107e-08  0.00000000e+00  1.19999974e+00  6.57464298e-11  2.86107903e-14 
 3.42676107e-08  3.42676107e-08  0.00000000e+00  1.19999974e+00  6.57464298e-11  2.86107910e-14 
 3.42776107e-08  3.42776107e-08  0.00000000e+00  1.19999974e+00  6.57464298e-11  2.86107916e-14 
 3.42876107e-08  3.42876107e-08  0.00000000e+00  1.19999974e+00  6.57464298e-11  2.86107923e-14 
 3.42976107e-08  3.42976107e-08  0.00000000e+00  1.19999974e+00  6.57464298e-11  2.86107929e-14 
 3.43076107e-08  3.43076107e-08  0.00000000e+00  1.19999974e+00  6.57464298e-11  2.86107936e-14 
 3.43176107e-08  3.43176107e-08  0.00000000e+00  1.19999974e+00  6.57464298e-11  2.86107943e-14 
 3.43276107e-08  3.43276107e-08  0.00000000e+00  1.19999974e+00  6.57464298e-11  2.86107949e-14 
 3.43376107e-08  3.43376107e-08  0.00000000e+00  1.19999974e+00  6.57464298e-11  2.86107956e-14 
 3.43476107e-08  3.43476107e-08  0.00000000e+00  1.19999974e+00  6.57464298e-11  2.86107962e-14 
 3.43576107e-08  3.43576107e-08  0.00000000e+00  1.19999974e+00  6.57464298e-11  2.86107969e-14 
 3.43676107e-08  3.43676107e-08  0.00000000e+00  1.19999974e+00  6.57464298e-11  2.86107975e-14 
 3.43776107e-08  3.43776107e-08  0.00000000e+00  1.19999974e+00  6.57464298e-11  2.86107982e-14 
 3.43876107e-08  3.43876107e-08  0.00000000e+00  1.19999974e+00  6.57464298e-11  2.86107989e-14 
 3.43976107e-08  3.43976107e-08  0.00000000e+00  1.19999974e+00  6.57464298e-11  2.86107995e-14 
 3.44076107e-08  3.44076107e-08  0.00000000e+00  1.19999974e+00  6.57464298e-11  2.86108002e-14 
 3.44176107e-08  3.44176107e-08  0.00000000e+00  1.19999974e+00  6.57464298e-11  2.86108008e-14 
 3.44276107e-08  3.44276107e-08  0.00000000e+00  1.19999974e+00  6.57464298e-11  2.86108015e-14 
 3.44376107e-08  3.44376107e-08  0.00000000e+00  1.19999974e+00  6.57464298e-11  2.86108021e-14 
 3.44476107e-08  3.44476107e-08  0.00000000e+00  1.19999974e+00  6.57464298e-11  2.86108028e-14 
 3.44576107e-08  3.44576107e-08  0.00000000e+00  1.19999974e+00  6.57464298e-11  2.86108035e-14 
 3.44676107e-08  3.44676107e-08  0.00000000e+00  1.19999974e+00  6.57464298e-11  2.86108041e-14 
 3.44776107e-08  3.44776107e-08  0.00000000e+00  1.19999974e+00  6.57464298e-11  2.86108048e-14 
 3.44876107e-08  3.44876107e-08  0.00000000e+00  1.19999974e+00  6.57464298e-11  2.86108054e-14 
 3.44976107e-08  3.44976107e-08  0.00000000e+00  1.19999974e+00  6.57464298e-11  2.86108061e-14 
 3.45076107e-08  3.45076107e-08  0.00000000e+00  1.19999974e+00  6.57464298e-11  2.86108068e-14 
 3.45176107e-08  3.45176107e-08  0.00000000e+00  1.19999974e+00  6.57464298e-11  2.86108074e-14 
 3.45276107e-08  3.45276107e-08  0.00000000e+00  1.19999974e+00  6.57464298e-11  2.86108081e-14 
 3.45376107e-08  3.45376107e-08  0.00000000e+00  1.19999974e+00  6.57464298e-11  2.86108087e-14 
 3.45476107e-08  3.45476107e-08  0.00000000e+00  1.19999974e+00  6.57464298e-11  2.86108094e-14 
 3.45576107e-08  3.45576107e-08  0.00000000e+00  1.19999974e+00  6.57464298e-11  2.86108100e-14 
 3.45676107e-08  3.45676107e-08  0.00000000e+00  1.19999974e+00  6.57464298e-11  2.86108107e-14 
 3.45776107e-08  3.45776107e-08  0.00000000e+00  1.19999974e+00  6.57464298e-11  2.86108114e-14 
 3.45876107e-08  3.45876107e-08  0.00000000e+00  1.19999974e+00  6.57464298e-11  2.86108120e-14 
 3.45976107e-08  3.45976107e-08  0.00000000e+00  1.19999974e+00  6.57464298e-11  2.86108127e-14 
 3.46076107e-08  3.46076107e-08  0.00000000e+00  1.19999974e+00  6.57464298e-11  2.86108133e-14 
 3.46176107e-08  3.46176107e-08  0.00000000e+00  1.19999974e+00  6.57464298e-11  2.86108140e-14 
 3.46276107e-08  3.46276107e-08  0.00000000e+00  1.19999974e+00  6.57464298e-11  2.86108146e-14 
 3.46376107e-08  3.46376107e-08  0.00000000e+00  1.19999974e+00  6.57464298e-11  2.86108153e-14 
 3.46476107e-08  3.46476107e-08  0.00000000e+00  1.19999974e+00  6.57464298e-11  2.86108160e-14 
 3.46576107e-08  3.46576107e-08  0.00000000e+00  1.19999974e+00  6.57464298e-11  2.86108166e-14 
 3.46676107e-08  3.46676107e-08  0.00000000e+00  1.19999974e+00  6.57464298e-11  2.86108173e-14 
 3.46776107e-08  3.46776107e-08  0.00000000e+00  1.19999974e+00  6.57464298e-11  2.86108179e-14 
 3.46876107e-08  3.46876107e-08  0.00000000e+00  1.19999974e+00  6.57464298e-11  2.86108186e-14 
 3.46976107e-08  3.46976107e-08  0.00000000e+00  1.19999974e+00  6.57464298e-11  2.86108192e-14 
 3.47076107e-08  3.47076107e-08  0.00000000e+00  1.19999974e+00  6.57464298e-11  2.86108199e-14 
 3.47176107e-08  3.47176107e-08  0.00000000e+00  1.19999974e+00  6.57464298e-11  2.86108206e-14 
 3.47276107e-08  3.47276107e-08  0.00000000e+00  1.19999974e+00  6.57464298e-11  2.86108212e-14 
 3.47376107e-08  3.47376107e-08  0.00000000e+00  1.19999974e+00  6.57464298e-11  2.86108219e-14 
 3.47476107e-08  3.47476107e-08  0.00000000e+00  1.19999974e+00  6.57464298e-11  2.86108225e-14 
 3.47576107e-08  3.47576107e-08  0.00000000e+00  1.19999974e+00  6.57464298e-11  2.86108232e-14 
 3.47676107e-08  3.47676107e-08  0.00000000e+00  1.19999974e+00  6.57464298e-11  2.86108238e-14 
 3.47776107e-08  3.47776107e-08  0.00000000e+00  1.19999974e+00  6.57464298e-11  2.86108245e-14 
 3.47876107e-08  3.47876107e-08  0.00000000e+00  1.19999974e+00  6.57464298e-11  2.86108252e-14 
 3.47976107e-08  3.47976107e-08  0.00000000e+00  1.19999974e+00  6.57464298e-11  2.86108258e-14 
 3.48076107e-08  3.48076107e-08  0.00000000e+00  1.19999974e+00  6.57464298e-11  2.86108265e-14 
 3.48176107e-08  3.48176107e-08  0.00000000e+00  1.19999974e+00  6.57464298e-11  2.86108271e-14 
 3.48276107e-08  3.48276107e-08  0.00000000e+00  1.19999974e+00  6.57464298e-11  2.86108278e-14 
 3.48376107e-08  3.48376107e-08  0.00000000e+00  1.19999974e+00  6.57464298e-11  2.86108284e-14 
 3.48476107e-08  3.48476107e-08  0.00000000e+00  1.19999974e+00  6.57464298e-11  2.86108291e-14 
 3.48576107e-08  3.48576107e-08  0.00000000e+00  1.19999974e+00  6.57464298e-11  2.86108298e-14 
 3.48676107e-08  3.48676107e-08  0.00000000e+00  1.19999974e+00  6.57464298e-11  2.86108304e-14 
 3.48776107e-08  3.48776107e-08  0.00000000e+00  1.19999974e+00  6.57464298e-11  2.86108311e-14 
 3.48876107e-08  3.48876107e-08  0.00000000e+00  1.19999974e+00  6.57464298e-11  2.86108317e-14 
 3.48976107e-08  3.48976107e-08  0.00000000e+00  1.19999974e+00  6.57464298e-11  2.86108324e-14 
 3.49076107e-08  3.49076107e-08  0.00000000e+00  1.19999974e+00  6.57464298e-11  2.86108331e-14 
 3.49176107e-08  3.49176107e-08  0.00000000e+00  1.19999974e+00  6.57464298e-11  2.86108337e-14 
 3.49276107e-08  3.49276107e-08  0.00000000e+00  1.19999974e+00  6.57464298e-11  2.86108344e-14 
 3.49376107e-08  3.49376107e-08  0.00000000e+00  1.19999974e+00  6.57464298e-11  2.86108350e-14 
 3.49476107e-08  3.49476107e-08  0.00000000e+00  1.19999974e+00  6.57464298e-11  2.86108357e-14 
 3.49576107e-08  3.49576107e-08  0.00000000e+00  1.19999974e+00  6.57464298e-11  2.86108363e-14 
 3.49676107e-08  3.49676107e-08  0.00000000e+00  1.19999974e+00  6.57464298e-11  2.86108370e-14 
 3.49776107e-08  3.49776107e-08  0.00000000e+00  1.19999974e+00  6.57464298e-11  2.86108377e-14 
 3.49876107e-08  3.49876107e-08  0.00000000e+00  1.19999974e+00  6.57464298e-11  2.86108383e-14 
 3.49976107e-08  3.49976107e-08  0.00000000e+00  1.19999974e+00  6.57464298e-11  2.86108390e-14 
 3.50076107e-08  3.50076107e-08  0.00000000e+00  1.19999974e+00  6.57464298e-11  2.86108396e-14 
 3.50176107e-08  3.50176107e-08  0.00000000e+00  1.19999974e+00  6.57464298e-11  2.86108403e-14 
 3.50276107e-08  3.50276107e-08  0.00000000e+00  1.19999974e+00  6.57464298e-11  2.86108409e-14 
 3.50376107e-08  3.50376107e-08  0.00000000e+00  1.19999974e+00  6.57464298e-11  2.86108416e-14 
 3.50476107e-08  3.50476107e-08  0.00000000e+00  1.19999974e+00  6.57464298e-11  2.86108423e-14 
 3.50576107e-08  3.50576107e-08  0.00000000e+00  1.19999974e+00  6.57464298e-11  2.86108429e-14 
 3.50676107e-08  3.50676107e-08  0.00000000e+00  1.19999974e+00  6.57464298e-11  2.86108436e-14 
 3.50776107e-08  3.50776107e-08  0.00000000e+00  1.19999974e+00  6.57464298e-11  2.86108442e-14 
 3.50876107e-08  3.50876107e-08  0.00000000e+00  1.19999974e+00  6.57464298e-11  2.86108449e-14 
 3.50976107e-08  3.50976107e-08  0.00000000e+00  1.19999974e+00  6.57464298e-11  2.86108455e-14 
 3.51076107e-08  3.51076107e-08  0.00000000e+00  1.19999974e+00  6.57464298e-11  2.86108462e-14 
 3.51176107e-08  3.51176107e-08  0.00000000e+00  1.19999974e+00  6.57464298e-11  2.86108469e-14 
 3.51276107e-08  3.51276107e-08  0.00000000e+00  1.19999974e+00  6.57464298e-11  2.86108475e-14 
 3.51376107e-08  3.51376107e-08  0.00000000e+00  1.19999974e+00  6.57464298e-11  2.86108482e-14 
 3.51476107e-08  3.51476107e-08  0.00000000e+00  1.19999974e+00  6.57464298e-11  2.86108488e-14 
 3.51576107e-08  3.51576107e-08  0.00000000e+00  1.19999974e+00  6.57464298e-11  2.86108495e-14 
 3.51676107e-08  3.51676107e-08  0.00000000e+00  1.19999974e+00  6.57464298e-11  2.86108501e-14 
 3.51776107e-08  3.51776107e-08  0.00000000e+00  1.19999974e+00  6.57464298e-11  2.86108508e-14 
 3.51876107e-08  3.51876107e-08  0.00000000e+00  1.19999974e+00  6.57464298e-11  2.86108515e-14 
 3.51976107e-08  3.51976107e-08  0.00000000e+00  1.19999974e+00  6.57464298e-11  2.86108521e-14 
 3.52076107e-08  3.52076107e-08  0.00000000e+00  1.19999974e+00  6.57464298e-11  2.86108528e-14 
 3.52176107e-08  3.52176107e-08  0.00000000e+00  1.19999974e+00  6.57464298e-11  2.86108534e-14 
 3.52276107e-08  3.52276107e-08  0.00000000e+00  1.19999974e+00  6.57464298e-11  2.86108541e-14 
 3.52376107e-08  3.52376107e-08  0.00000000e+00  1.19999974e+00  6.57464298e-11  2.86108547e-14 
 3.52476107e-08  3.52476107e-08  0.00000000e+00  1.19999974e+00  6.57464298e-11  2.86108554e-14 
 3.52576107e-08  3.52576107e-08  0.00000000e+00  1.19999974e+00  6.57464298e-11  2.86108561e-14 
 3.52676107e-08  3.52676107e-08  0.00000000e+00  1.19999974e+00  6.57464298e-11  2.86108567e-14 
 3.52776107e-08  3.52776107e-08  0.00000000e+00  1.19999974e+00  6.57464298e-11  2.86108574e-14 
 3.52876107e-08  3.52876107e-08  0.00000000e+00  1.19999974e+00  6.57464298e-11  2.86108580e-14 
 3.52976107e-08  3.52976107e-08  0.00000000e+00  1.19999974e+00  6.57464298e-11  2.86108587e-14 
 3.53076107e-08  3.53076107e-08  0.00000000e+00  1.19999974e+00  6.57464298e-11  2.86108593e-14 
 3.53176107e-08  3.53176107e-08  0.00000000e+00  1.19999974e+00  6.57464298e-11  2.86108600e-14 
 3.53276107e-08  3.53276107e-08  0.00000000e+00  1.19999974e+00  6.57464298e-11  2.86108607e-14 
 3.53376107e-08  3.53376107e-08  0.00000000e+00  1.19999974e+00  6.57464298e-11  2.86108613e-14 
 3.53476107e-08  3.53476107e-08  0.00000000e+00  1.19999974e+00  6.57464298e-11  2.86108620e-14 
 3.53576107e-08  3.53576107e-08  0.00000000e+00  1.19999974e+00  6.57464298e-11  2.86108626e-14 
 3.53676107e-08  3.53676107e-08  0.00000000e+00  1.19999974e+00  6.57464298e-11  2.86108633e-14 
 3.53776107e-08  3.53776107e-08  0.00000000e+00  1.19999974e+00  6.57464298e-11  2.86108640e-14 
 3.53876107e-08  3.53876107e-08  0.00000000e+00  1.19999974e+00  6.57464298e-11  2.86108646e-14 
 3.53976107e-08  3.53976107e-08  0.00000000e+00  1.19999974e+00  6.57464298e-11  2.86108653e-14 
 3.54076107e-08  3.54076107e-08  0.00000000e+00  1.19999974e+00  6.57464298e-11  2.86108659e-14 
 3.54176107e-08  3.54176107e-08  0.00000000e+00  1.19999974e+00  6.57464298e-11  2.86108666e-14 
 3.54276107e-08  3.54276107e-08  0.00000000e+00  1.19999974e+00  6.57464298e-11  2.86108672e-14 
 3.54376107e-08  3.54376107e-08  0.00000000e+00  1.19999974e+00  6.57464298e-11  2.86108679e-14 
 3.54476107e-08  3.54476107e-08  0.00000000e+00  1.19999974e+00  6.57464298e-11  2.86108686e-14 
 3.54576107e-08  3.54576107e-08  0.00000000e+00  1.19999974e+00  6.57464298e-11  2.86108692e-14 
 3.54676107e-08  3.54676107e-08  0.00000000e+00  1.19999974e+00  6.57464298e-11  2.86108699e-14 
 3.54776107e-08  3.54776107e-08  0.00000000e+00  1.19999974e+00  6.57464298e-11  2.86108705e-14 
 3.54876107e-08  3.54876107e-08  0.00000000e+00  1.19999974e+00  6.57464298e-11  2.86108712e-14 
 3.54976107e-08  3.54976107e-08  0.00000000e+00  1.19999974e+00  6.57464298e-11  2.86108718e-14 
 3.55076107e-08  3.55076107e-08  0.00000000e+00  1.19999974e+00  6.57464298e-11  2.86108725e-14 
 3.55176107e-08  3.55176107e-08  0.00000000e+00  1.19999974e+00  6.57464298e-11  2.86108732e-14 
 3.55276107e-08  3.55276107e-08  0.00000000e+00  1.19999974e+00  6.57464298e-11  2.86108738e-14 
 3.55376107e-08  3.55376107e-08  0.00000000e+00  1.19999974e+00  6.57464298e-11  2.86108745e-14 
 3.55476107e-08  3.55476107e-08  0.00000000e+00  1.19999974e+00  6.57464298e-11  2.86108751e-14 
 3.55576107e-08  3.55576107e-08  0.00000000e+00  1.19999974e+00  6.57464298e-11  2.86108758e-14 
 3.55676107e-08  3.55676107e-08  0.00000000e+00  1.19999974e+00  6.57464298e-11  2.86108764e-14 
 3.55776107e-08  3.55776107e-08  0.00000000e+00  1.19999974e+00  6.57464298e-11  2.86108771e-14 
 3.55876107e-08  3.55876107e-08  0.00000000e+00  1.19999974e+00  6.57464298e-11  2.86108778e-14 
 3.55976107e-08  3.55976107e-08  0.00000000e+00  1.19999974e+00  6.57464298e-11  2.86108784e-14 
 3.56076107e-08  3.56076107e-08  0.00000000e+00  1.19999974e+00  6.57464298e-11  2.86108791e-14 
 3.56176107e-08  3.56176107e-08  0.00000000e+00  1.19999974e+00  6.57464298e-11  2.86108797e-14 
 3.56276107e-08  3.56276107e-08  0.00000000e+00  1.19999974e+00  6.57464298e-11  2.86108804e-14 
 3.56376107e-08  3.56376107e-08  0.00000000e+00  1.19999974e+00  6.57464298e-11  2.86108810e-14 
 3.56476107e-08  3.56476107e-08  0.00000000e+00  1.19999974e+00  6.57464298e-11  2.86108817e-14 
 3.56576107e-08  3.56576107e-08  0.00000000e+00  1.19999974e+00  6.57464298e-11  2.86108824e-14 
 3.56676107e-08  3.56676107e-08  0.00000000e+00  1.19999974e+00  6.57464298e-11  2.86108830e-14 
 3.56776107e-08  3.56776107e-08  0.00000000e+00  1.19999974e+00  6.57464298e-11  2.86108837e-14 
 3.56876107e-08  3.56876107e-08  0.00000000e+00  1.19999974e+00  6.57464298e-11  2.86108843e-14 
 3.56976107e-08  3.56976107e-08  0.00000000e+00  1.19999974e+00  6.57464298e-11  2.86108850e-14 
 3.57076107e-08  3.57076107e-08  0.00000000e+00  1.19999974e+00  6.57464298e-11  2.86108856e-14 
 3.57176107e-08  3.57176107e-08  0.00000000e+00  1.19999974e+00  6.57464298e-11  2.86108863e-14 
 3.57276107e-08  3.57276107e-08  0.00000000e+00  1.19999974e+00  6.57464298e-11  2.86108870e-14 
 3.57376107e-08  3.57376107e-08  0.00000000e+00  1.19999974e+00  6.57464298e-11  2.86108876e-14 
 3.57476107e-08  3.57476107e-08  0.00000000e+00  1.19999974e+00  6.57464298e-11  2.86108883e-14 
 3.57576107e-08  3.57576107e-08  0.00000000e+00  1.19999974e+00  6.57464298e-11  2.86108889e-14 
 3.57676107e-08  3.57676107e-08  0.00000000e+00  1.19999974e+00  6.57464298e-11  2.86108896e-14 
 3.57776107e-08  3.57776107e-08  0.00000000e+00  1.19999974e+00  6.57464298e-11  2.86108902e-14 
 3.57876107e-08  3.57876107e-08  0.00000000e+00  1.19999974e+00  6.57464298e-11  2.86108909e-14 
 3.57976107e-08  3.57976107e-08  0.00000000e+00  1.19999974e+00  6.57464298e-11  2.86108916e-14 
 3.58076107e-08  3.58076107e-08  0.00000000e+00  1.19999974e+00  6.57464298e-11  2.86108922e-14 
 3.58176107e-08  3.58176107e-08  0.00000000e+00  1.19999974e+00  6.57464298e-11  2.86108929e-14 
 3.58276107e-08  3.58276107e-08  0.00000000e+00  1.19999974e+00  6.57464298e-11  2.86108935e-14 
 3.58376107e-08  3.58376107e-08  0.00000000e+00  1.19999974e+00  6.57464298e-11  2.86108942e-14 
 3.58476107e-08  3.58476107e-08  0.00000000e+00  1.19999974e+00  6.57464298e-11  2.86108949e-14 
 3.58576107e-08  3.58576107e-08  0.00000000e+00  1.19999974e+00  6.57464298e-11  2.86108955e-14 
 3.58676107e-08  3.58676107e-08  0.00000000e+00  1.19999974e+00  6.57464298e-11  2.86108962e-14 
 3.58776107e-08  3.58776107e-08  0.00000000e+00  1.19999974e+00  6.57464298e-11  2.86108968e-14 
 3.58876107e-08  3.58876107e-08  0.00000000e+00  1.19999974e+00  6.57464298e-11  2.86108975e-14 
 3.58976107e-08  3.58976107e-08  0.00000000e+00  1.19999974e+00  6.57464298e-11  2.86108981e-14 
 3.59076107e-08  3.59076107e-08  0.00000000e+00  1.19999974e+00  6.57464298e-11  2.86108988e-14 
 3.59176107e-08  3.59176107e-08  0.00000000e+00  1.19999974e+00  6.57464298e-11  2.86108995e-14 
 3.59276107e-08  3.59276107e-08  0.00000000e+00  1.19999974e+00  6.57464298e-11  2.86109001e-14 
 3.59376107e-08  3.59376107e-08  0.00000000e+00  1.19999974e+00  6.57464298e-11  2.86109008e-14 
 3.59476107e-08  3.59476107e-08  0.00000000e+00  1.19999974e+00  6.57464298e-11  2.86109014e-14 
 3.59576107e-08  3.59576107e-08  0.00000000e+00  1.19999974e+00  6.57464298e-11  2.86109021e-14 
 3.59676107e-08  3.59676107e-08  0.00000000e+00  1.19999974e+00  6.57464298e-11  2.86109027e-14 
 3.59776107e-08  3.59776107e-08  0.00000000e+00  1.19999974e+00  6.57464298e-11  2.86109034e-14 
 3.59876107e-08  3.59876107e-08  0.00000000e+00  1.19999974e+00  6.57464298e-11  2.86109041e-14 
 3.59976107e-08  3.59976107e-08  0.00000000e+00  1.19999974e+00  6.57464298e-11  2.86109047e-14 
 3.60076107e-08  3.60076107e-08  0.00000000e+00  1.19999974e+00  6.57464298e-11  2.86109054e-14 
 3.60176107e-08  3.60176107e-08  0.00000000e+00  1.19999974e+00  6.57464298e-11  2.86109060e-14 
 3.60276107e-08  3.60276107e-08  0.00000000e+00  1.19999974e+00  6.57464298e-11  2.86109067e-14 
 3.60376107e-08  3.60376107e-08  0.00000000e+00  1.19999974e+00  6.57464298e-11  2.86109073e-14 
 3.60476107e-08  3.60476107e-08  0.00000000e+00  1.19999974e+00  6.57464298e-11  2.86109080e-14 
 3.60576107e-08  3.60576107e-08  0.00000000e+00  1.19999974e+00  6.57464298e-11  2.86109087e-14 
 3.60676107e-08  3.60676107e-08  0.00000000e+00  1.19999974e+00  6.57464298e-11  2.86109093e-14 
 3.60776107e-08  3.60776107e-08  0.00000000e+00  1.19999974e+00  6.57464298e-11  2.86109100e-14 
 3.60876107e-08  3.60876107e-08  0.00000000e+00  1.19999974e+00  6.57464298e-11  2.86109106e-14 
 3.60976107e-08  3.60976107e-08  0.00000000e+00  1.19999974e+00  6.57464298e-11  2.86109113e-14 
 3.61076107e-08  3.61076107e-08  0.00000000e+00  1.19999974e+00  6.57464298e-11  2.86109119e-14 
 3.61176107e-08  3.61176107e-08  0.00000000e+00  1.19999974e+00  6.57464298e-11  2.86109126e-14 
 3.61276107e-08  3.61276107e-08  0.00000000e+00  1.19999974e+00  6.57464298e-11  2.86109133e-14 
 3.61376107e-08  3.61376107e-08  0.00000000e+00  1.19999974e+00  6.57464298e-11  2.86109139e-14 
 3.61476107e-08  3.61476107e-08  0.00000000e+00  1.19999974e+00  6.57464298e-11  2.86109146e-14 
 3.61576107e-08  3.61576107e-08  0.00000000e+00  1.19999974e+00  6.57464298e-11  2.86109152e-14 
 3.61676107e-08  3.61676107e-08  0.00000000e+00  1.19999974e+00  6.57464298e-11  2.86109159e-14 
 3.61776107e-08  3.61776107e-08  0.00000000e+00  1.19999974e+00  6.57464298e-11  2.86109165e-14 
 3.61876107e-08  3.61876107e-08  0.00000000e+00  1.19999974e+00  6.57464298e-11  2.86109172e-14 
 3.61976107e-08  3.61976107e-08  0.00000000e+00  1.19999974e+00  6.57464298e-11  2.86109179e-14 
 3.62076107e-08  3.62076107e-08  0.00000000e+00  1.19999974e+00  6.57464298e-11  2.86109185e-14 
 3.62176107e-08  3.62176107e-08  0.00000000e+00  1.19999974e+00  6.57464298e-11  2.86109192e-14 
 3.62276107e-08  3.62276107e-08  0.00000000e+00  1.19999974e+00  6.57464298e-11  2.86109198e-14 
 3.62376107e-08  3.62376107e-08  0.00000000e+00  1.19999974e+00  6.57464298e-11  2.86109205e-14 
 3.62476107e-08  3.62476107e-08  0.00000000e+00  1.19999974e+00  6.57464298e-11  2.86109212e-14 
 3.62576107e-08  3.62576107e-08  0.00000000e+00  1.19999974e+00  6.57464298e-11  2.86109218e-14 
 3.62676107e-08  3.62676107e-08  0.00000000e+00  1.19999974e+00  6.57464298e-11  2.86109225e-14 
 3.62776107e-08  3.62776107e-08  0.00000000e+00  1.19999974e+00  6.57464298e-11  2.86109231e-14 
 3.62876107e-08  3.62876107e-08  0.00000000e+00  1.19999974e+00  6.57464298e-11  2.86109238e-14 
 3.62976107e-08  3.62976107e-08  0.00000000e+00  1.19999974e+00  6.57464298e-11  2.86109244e-14 
 3.63076107e-08  3.63076107e-08  0.00000000e+00  1.19999974e+00  6.57464298e-11  2.86109251e-14 
 3.63176107e-08  3.63176107e-08  0.00000000e+00  1.19999974e+00  6.57464298e-11  2.86109258e-14 
 3.63276107e-08  3.63276107e-08  0.00000000e+00  1.19999974e+00  6.57464298e-11  2.86109264e-14 
 3.63376107e-08  3.63376107e-08  0.00000000e+00  1.19999974e+00  6.57464298e-11  2.86109271e-14 
 3.63476107e-08  3.63476107e-08  0.00000000e+00  1.19999974e+00  6.57464298e-11  2.86109277e-14 
 3.63576107e-08  3.63576107e-08  0.00000000e+00  1.19999974e+00  6.57464298e-11  2.86109284e-14 
 3.63676107e-08  3.63676107e-08  0.00000000e+00  1.19999974e+00  6.57464298e-11  2.86109290e-14 
 3.63776107e-08  3.63776107e-08  0.00000000e+00  1.19999974e+00  6.57464298e-11  2.86109297e-14 
 3.63876107e-08  3.63876107e-08  0.00000000e+00  1.19999974e+00  6.57464298e-11  2.86109304e-14 
 3.63976107e-08  3.63976107e-08  0.00000000e+00  1.19999974e+00  6.57464298e-11  2.86109310e-14 
 3.64076107e-08  3.64076107e-08  0.00000000e+00  1.19999974e+00  6.57464298e-11  2.86109317e-14 
 3.64176107e-08  3.64176107e-08  0.00000000e+00  1.19999974e+00  6.57464298e-11  2.86109323e-14 
 3.64276107e-08  3.64276107e-08  0.00000000e+00  1.19999974e+00  6.57464298e-11  2.86109330e-14 
 3.64376107e-08  3.64376107e-08  0.00000000e+00  1.19999974e+00  6.57464298e-11  2.86109336e-14 
 3.64476107e-08  3.64476107e-08  0.00000000e+00  1.19999974e+00  6.57464298e-11  2.86109343e-14 
 3.64576107e-08  3.64576107e-08  0.00000000e+00  1.19999974e+00  6.57464298e-11  2.86109350e-14 
 3.64676107e-08  3.64676107e-08  0.00000000e+00  1.19999974e+00  6.57464298e-11  2.86109356e-14 
 3.64776107e-08  3.64776107e-08  0.00000000e+00  1.19999974e+00  6.57464298e-11  2.86109363e-14 
 3.64876107e-08  3.64876107e-08  0.00000000e+00  1.19999974e+00  6.57464298e-11  2.86109369e-14 
 3.64976107e-08  3.64976107e-08  0.00000000e+00  1.19999974e+00  6.57464298e-11  2.86109376e-14 
 3.65076107e-08  3.65076107e-08  0.00000000e+00  1.19999974e+00  6.57464298e-11  2.86109382e-14 
 3.65176107e-08  3.65176107e-08  0.00000000e+00  1.19999974e+00  6.57464298e-11  2.86109389e-14 
 3.65276107e-08  3.65276107e-08  0.00000000e+00  1.19999974e+00  6.57464298e-11  2.86109396e-14 
 3.65376107e-08  3.65376107e-08  0.00000000e+00  1.19999974e+00  6.57464298e-11  2.86109402e-14 
 3.65476107e-08  3.65476107e-08  0.00000000e+00  1.19999974e+00  6.57464298e-11  2.86109409e-14 
 3.65576107e-08  3.65576107e-08  0.00000000e+00  1.19999974e+00  6.57464298e-11  2.86109415e-14 
 3.65676107e-08  3.65676107e-08  0.00000000e+00  1.19999974e+00  6.57464298e-11  2.86109422e-14 
 3.65776107e-08  3.65776107e-08  0.00000000e+00  1.19999974e+00  6.57464298e-11  2.86109428e-14 
 3.65876107e-08  3.65876107e-08  0.00000000e+00  1.19999974e+00  6.57464298e-11  2.86109435e-14 
 3.65976107e-08  3.65976107e-08  0.00000000e+00  1.19999974e+00  6.57464298e-11  2.86109442e-14 
 3.66076107e-08  3.66076107e-08  0.00000000e+00  1.19999974e+00  6.57464298e-11  2.86109448e-14 
 3.66176107e-08  3.66176107e-08  0.00000000e+00  1.19999974e+00  6.57464298e-11  2.86109455e-14 
 3.66276107e-08  3.66276107e-08  0.00000000e+00  1.19999974e+00  6.57464298e-11  2.86109461e-14 
 3.66376107e-08  3.66376107e-08  0.00000000e+00  1.19999974e+00  6.57464298e-11  2.86109468e-14 
 3.66476107e-08  3.66476107e-08  0.00000000e+00  1.19999974e+00  6.57464298e-11  2.86109474e-14 
 3.66576107e-08  3.66576107e-08  0.00000000e+00  1.19999974e+00  6.57464298e-11  2.86109481e-14 
 3.66676107e-08  3.66676107e-08  0.00000000e+00  1.19999974e+00  6.57464298e-11  2.86109488e-14 
 3.66776107e-08  3.66776107e-08  0.00000000e+00  1.19999974e+00  6.57464298e-11  2.86109494e-14 
 3.66876107e-08  3.66876107e-08  0.00000000e+00  1.19999974e+00  6.57464298e-11  2.86109501e-14 
 3.66976107e-08  3.66976107e-08  0.00000000e+00  1.19999974e+00  6.57464298e-11  2.86109507e-14 
 3.67076107e-08  3.67076107e-08  0.00000000e+00  1.19999974e+00  6.57464298e-11  2.86109514e-14 
 3.67176107e-08  3.67176107e-08  0.00000000e+00  1.19999974e+00  6.57464298e-11  2.86109521e-14 
 3.67276107e-08  3.67276107e-08  0.00000000e+00  1.19999974e+00  6.57464298e-11  2.86109527e-14 
 3.67376107e-08  3.67376107e-08  0.00000000e+00  1.19999974e+00  6.57464298e-11  2.86109534e-14 
 3.67476107e-08  3.67476107e-08  0.00000000e+00  1.19999974e+00  6.57464298e-11  2.86109540e-14 
 3.67576107e-08  3.67576107e-08  0.00000000e+00  1.19999974e+00  6.57464298e-11  2.86109547e-14 
 3.67676107e-08  3.67676107e-08  0.00000000e+00  1.19999974e+00  6.57464298e-11  2.86109553e-14 
 3.67776107e-08  3.67776107e-08  0.00000000e+00  1.19999974e+00  6.57464298e-11  2.86109560e-14 
 3.67876107e-08  3.67876107e-08  0.00000000e+00  1.19999974e+00  6.57464298e-11  2.86109567e-14 
 3.67976107e-08  3.67976107e-08  0.00000000e+00  1.19999974e+00  6.57464298e-11  2.86109573e-14 
 3.68076107e-08  3.68076107e-08  0.00000000e+00  1.19999974e+00  6.57464298e-11  2.86109580e-14 
 3.68176107e-08  3.68176107e-08  0.00000000e+00  1.19999974e+00  6.57464298e-11  2.86109586e-14 
 3.68276107e-08  3.68276107e-08  0.00000000e+00  1.19999974e+00  6.57464298e-11  2.86109593e-14 
 3.68376107e-08  3.68376107e-08  0.00000000e+00  1.19999974e+00  6.57464298e-11  2.86109599e-14 
 3.68476107e-08  3.68476107e-08  0.00000000e+00  1.19999974e+00  6.57464298e-11  2.86109606e-14 
 3.68576107e-08  3.68576107e-08  0.00000000e+00  1.19999974e+00  6.57464298e-11  2.86109613e-14 
 3.68676107e-08  3.68676107e-08  0.00000000e+00  1.19999974e+00  6.57464298e-11  2.86109619e-14 
 3.68776107e-08  3.68776107e-08  0.00000000e+00  1.19999974e+00  6.57464298e-11  2.86109626e-14 
 3.68876107e-08  3.68876107e-08  0.00000000e+00  1.19999974e+00  6.57464298e-11  2.86109632e-14 
 3.68976107e-08  3.68976107e-08  0.00000000e+00  1.19999974e+00  6.57464298e-11  2.86109639e-14 
 3.69076107e-08  3.69076107e-08  0.00000000e+00  1.19999974e+00  6.57464298e-11  2.86109645e-14 
 3.69176107e-08  3.69176107e-08  0.00000000e+00  1.19999974e+00  6.57464298e-11  2.86109652e-14 
 3.69276107e-08  3.69276107e-08  0.00000000e+00  1.19999974e+00  6.57464298e-11  2.86109659e-14 
 3.69376107e-08  3.69376107e-08  0.00000000e+00  1.19999974e+00  6.57464298e-11  2.86109665e-14 
 3.69476107e-08  3.69476107e-08  0.00000000e+00  1.19999974e+00  6.57464298e-11  2.86109672e-14 
 3.69576107e-08  3.69576107e-08  0.00000000e+00  1.19999974e+00  6.57464298e-11  2.86109678e-14 
 3.69676107e-08  3.69676107e-08  0.00000000e+00  1.19999974e+00  6.57464298e-11  2.86109685e-14 
 3.69776107e-08  3.69776107e-08  0.00000000e+00  1.19999974e+00  6.57464298e-11  2.86109691e-14 
 3.69876107e-08  3.69876107e-08  0.00000000e+00  1.19999974e+00  6.57464298e-11  2.86109698e-14 
 3.69976107e-08  3.69976107e-08  0.00000000e+00  1.19999974e+00  6.57464298e-11  2.86109705e-14 
 3.70076107e-08  3.70076107e-08  0.00000000e+00  1.19999974e+00  6.57464298e-11  2.86109711e-14 
 3.70176107e-08  3.70176107e-08  0.00000000e+00  1.19999974e+00  6.57464298e-11  2.86109718e-14 
 3.70276107e-08  3.70276107e-08  0.00000000e+00  1.19999974e+00  6.57464298e-11  2.86109724e-14 
 3.70376107e-08  3.70376107e-08  0.00000000e+00  1.19999974e+00  6.57464298e-11  2.86109731e-14 
 3.70476107e-08  3.70476107e-08  0.00000000e+00  1.19999974e+00  6.57464298e-11  2.86109737e-14 
 3.70576107e-08  3.70576107e-08  0.00000000e+00  1.19999974e+00  6.57464298e-11  2.86109744e-14 
 3.70676107e-08  3.70676107e-08  0.00000000e+00  1.19999974e+00  6.57464298e-11  2.86109751e-14 
 3.70776107e-08  3.70776107e-08  0.00000000e+00  1.19999974e+00  6.57464298e-11  2.86109757e-14 
 3.70876107e-08  3.70876107e-08  0.00000000e+00  1.19999974e+00  6.57464298e-11  2.86109764e-14 
 3.70976107e-08  3.70976107e-08  0.00000000e+00  1.19999974e+00  6.57464298e-11  2.86109770e-14 
 3.71076107e-08  3.71076107e-08  0.00000000e+00  1.19999974e+00  6.57464298e-11  2.86109777e-14 
 3.71176107e-08  3.71176107e-08  0.00000000e+00  1.19999974e+00  6.57464298e-11  2.86109784e-14 
 3.71276107e-08  3.71276107e-08  0.00000000e+00  1.19999974e+00  6.57464298e-11  2.86109790e-14 
 3.71376107e-08  3.71376107e-08  0.00000000e+00  1.19999974e+00  6.57464298e-11  2.86109797e-14 
 3.71476107e-08  3.71476107e-08  0.00000000e+00  1.19999974e+00  6.57464298e-11  2.86109803e-14 
 3.71576107e-08  3.71576107e-08  0.00000000e+00  1.19999974e+00  6.57464298e-11  2.86109810e-14 
 3.71676107e-08  3.71676107e-08  0.00000000e+00  1.19999974e+00  6.57464298e-11  2.86109816e-14 
 3.71776107e-08  3.71776107e-08  0.00000000e+00  1.19999974e+00  6.57464298e-11  2.86109823e-14 
 3.71876107e-08  3.71876107e-08  0.00000000e+00  1.19999974e+00  6.57464298e-11  2.86109830e-14 
 3.71976107e-08  3.71976107e-08  0.00000000e+00  1.19999974e+00  6.57464298e-11  2.86109836e-14 
 3.72076107e-08  3.72076107e-08  0.00000000e+00  1.19999974e+00  6.57464298e-11  2.86109843e-14 
 3.72176107e-08  3.72176107e-08  0.00000000e+00  1.19999974e+00  6.57464298e-11  2.86109849e-14 
 3.72276107e-08  3.72276107e-08  0.00000000e+00  1.19999974e+00  6.57464298e-11  2.86109856e-14 
 3.72376107e-08  3.72376107e-08  0.00000000e+00  1.19999974e+00  6.57464298e-11  2.86109862e-14 
 3.72476107e-08  3.72476107e-08  0.00000000e+00  1.19999974e+00  6.57464298e-11  2.86109869e-14 
 3.72576107e-08  3.72576107e-08  0.00000000e+00  1.19999974e+00  6.57464298e-11  2.86109876e-14 
 3.72676107e-08  3.72676107e-08  0.00000000e+00  1.19999974e+00  6.57464298e-11  2.86109882e-14 
 3.72776107e-08  3.72776107e-08  0.00000000e+00  1.19999974e+00  6.57464298e-11  2.86109889e-14 
 3.72876107e-08  3.72876107e-08  0.00000000e+00  1.19999974e+00  6.57464298e-11  2.86109895e-14 
 3.72976107e-08  3.72976107e-08  0.00000000e+00  1.19999974e+00  6.57464298e-11  2.86109902e-14 
 3.73076107e-08  3.73076107e-08  0.00000000e+00  1.19999974e+00  6.57464298e-11  2.86109908e-14 
 3.73176107e-08  3.73176107e-08  0.00000000e+00  1.19999974e+00  6.57464298e-11  2.86109915e-14 
 3.73276107e-08  3.73276107e-08  0.00000000e+00  1.19999974e+00  6.57464298e-11  2.86109922e-14 
 3.73376107e-08  3.73376107e-08  0.00000000e+00  1.19999974e+00  6.57464298e-11  2.86109928e-14 
 3.73476107e-08  3.73476107e-08  0.00000000e+00  1.19999974e+00  6.57464298e-11  2.86109935e-14 
 3.73576107e-08  3.73576107e-08  0.00000000e+00  1.19999974e+00  6.57464298e-11  2.86109941e-14 
 3.73676107e-08  3.73676107e-08  0.00000000e+00  1.19999974e+00  6.57464298e-11  2.86109948e-14 
 3.73776107e-08  3.73776107e-08  0.00000000e+00  1.19999974e+00  6.57464298e-11  2.86109954e-14 
 3.73876107e-08  3.73876107e-08  0.00000000e+00  1.19999974e+00  6.57464298e-11  2.86109961e-14 
 3.73976107e-08  3.73976107e-08  0.00000000e+00  1.19999974e+00  6.57464298e-11  2.86109968e-14 
 3.74076107e-08  3.74076107e-08  0.00000000e+00  1.19999974e+00  6.57464298e-11  2.86109974e-14 
 3.74176107e-08  3.74176107e-08  0.00000000e+00  1.19999974e+00  6.57464298e-11  2.86109981e-14 
 3.74276107e-08  3.74276107e-08  0.00000000e+00  1.19999974e+00  6.57464298e-11  2.86109987e-14 
 3.74376107e-08  3.74376107e-08  0.00000000e+00  1.19999974e+00  6.57464298e-11  2.86109994e-14 
 3.74476107e-08  3.74476107e-08  0.00000000e+00  1.19999974e+00  6.57464298e-11  2.86110000e-14 
 3.74576107e-08  3.74576107e-08  0.00000000e+00  1.19999974e+00  6.57464298e-11  2.86110007e-14 
 3.74676107e-08  3.74676107e-08  0.00000000e+00  1.19999974e+00  6.57464298e-11  2.86110014e-14 
 3.74776107e-08  3.74776107e-08  0.00000000e+00  1.19999974e+00  6.57464298e-11  2.86110020e-14 
 3.74876107e-08  3.74876107e-08  0.00000000e+00  1.19999974e+00  6.57464298e-11  2.86110027e-14 
 3.74976107e-08  3.74976107e-08  0.00000000e+00  1.19999974e+00  6.57464298e-11  2.86110033e-14 
 3.75076107e-08  3.75076107e-08  0.00000000e+00  1.19999974e+00  6.57464298e-11  2.86110040e-14 
 3.75176107e-08  3.75176107e-08  0.00000000e+00  1.19999974e+00  6.57464298e-11  2.86110046e-14 
 3.75276107e-08  3.75276107e-08  0.00000000e+00  1.19999974e+00  6.57464298e-11  2.86110053e-14 
 3.75376107e-08  3.75376107e-08  0.00000000e+00  1.19999974e+00  6.57464298e-11  2.86110060e-14 
 3.75476107e-08  3.75476107e-08  0.00000000e+00  1.19999974e+00  6.57464298e-11  2.86110066e-14 
 3.75576107e-08  3.75576107e-08  0.00000000e+00  1.19999974e+00  6.57464298e-11  2.86110073e-14 
 3.75676107e-08  3.75676107e-08  0.00000000e+00  1.19999974e+00  6.57464298e-11  2.86110079e-14 
 3.75776107e-08  3.75776107e-08  0.00000000e+00  1.19999974e+00  6.57464298e-11  2.86110086e-14 
 3.75876107e-08  3.75876107e-08  0.00000000e+00  1.19999974e+00  6.57464298e-11  2.86110093e-14 
 3.75976107e-08  3.75976107e-08  0.00000000e+00  1.19999974e+00  6.57464298e-11  2.86110099e-14 
 3.76076107e-08  3.76076107e-08  0.00000000e+00  1.19999974e+00  6.57464298e-11  2.86110106e-14 
 3.76176107e-08  3.76176107e-08  0.00000000e+00  1.19999974e+00  6.57464298e-11  2.86110112e-14 
 3.76276107e-08  3.76276107e-08  0.00000000e+00  1.19999974e+00  6.57464298e-11  2.86110119e-14 
 3.76376107e-08  3.76376107e-08  0.00000000e+00  1.19999974e+00  6.57464298e-11  2.86110125e-14 
 3.76476107e-08  3.76476107e-08  0.00000000e+00  1.19999974e+00  6.57464298e-11  2.86110132e-14 
 3.76576107e-08  3.76576107e-08  0.00000000e+00  1.19999974e+00  6.57464298e-11  2.86110139e-14 
 3.76676107e-08  3.76676107e-08  0.00000000e+00  1.19999974e+00  6.57464298e-11  2.86110145e-14 
 3.76776107e-08  3.76776107e-08  0.00000000e+00  1.19999974e+00  6.57464298e-11  2.86110152e-14 
 3.76876107e-08  3.76876107e-08  0.00000000e+00  1.19999974e+00  6.57464298e-11  2.86110158e-14 
 3.76976107e-08  3.76976107e-08  0.00000000e+00  1.19999974e+00  6.57464298e-11  2.86110165e-14 
 3.77076107e-08  3.77076107e-08  0.00000000e+00  1.19999974e+00  6.57464298e-11  2.86110171e-14 
 3.77176107e-08  3.77176107e-08  0.00000000e+00  1.19999974e+00  6.57464298e-11  2.86110178e-14 
 3.77276107e-08  3.77276107e-08  0.00000000e+00  1.19999974e+00  6.57464298e-11  2.86110185e-14 
 3.77376107e-08  3.77376107e-08  0.00000000e+00  1.19999974e+00  6.57464298e-11  2.86110191e-14 
 3.77476107e-08  3.77476107e-08  0.00000000e+00  1.19999974e+00  6.57464298e-11  2.86110198e-14 
 3.77576107e-08  3.77576107e-08  0.00000000e+00  1.19999974e+00  6.57464298e-11  2.86110204e-14 
 3.77676107e-08  3.77676107e-08  0.00000000e+00  1.19999974e+00  6.57464298e-11  2.86110211e-14 
 3.77776107e-08  3.77776107e-08  0.00000000e+00  1.19999974e+00  6.57464298e-11  2.86110217e-14 
 3.77876107e-08  3.77876107e-08  0.00000000e+00  1.19999974e+00  6.57464298e-11  2.86110224e-14 
 3.77976107e-08  3.77976107e-08  0.00000000e+00  1.19999974e+00  6.57464298e-11  2.86110231e-14 
 3.78076107e-08  3.78076107e-08  0.00000000e+00  1.19999974e+00  6.57464298e-11  2.86110237e-14 
 3.78176107e-08  3.78176107e-08  0.00000000e+00  1.19999974e+00  6.57464298e-11  2.86110244e-14 
 3.78276107e-08  3.78276107e-08  0.00000000e+00  1.19999974e+00  6.57464298e-11  2.86110250e-14 
 3.78376107e-08  3.78376107e-08  0.00000000e+00  1.19999974e+00  6.57464298e-11  2.86110257e-14 
 3.78476107e-08  3.78476107e-08  0.00000000e+00  1.19999974e+00  6.57464298e-11  2.86110263e-14 
 3.78576107e-08  3.78576107e-08  0.00000000e+00  1.19999974e+00  6.57464298e-11  2.86110270e-14 
 3.78676107e-08  3.78676107e-08  0.00000000e+00  1.19999974e+00  6.57464298e-11  2.86110277e-14 
 3.78776107e-08  3.78776107e-08  0.00000000e+00  1.19999974e+00  6.57464298e-11  2.86110283e-14 
 3.78876107e-08  3.78876107e-08  0.00000000e+00  1.19999974e+00  6.57464298e-11  2.86110290e-14 
 3.78976107e-08  3.78976107e-08  0.00000000e+00  1.19999974e+00  6.57464298e-11  2.86110296e-14 
 3.79076107e-08  3.79076107e-08  0.00000000e+00  1.19999974e+00  6.57464298e-11  2.86110303e-14 
 3.79176107e-08  3.79176107e-08  0.00000000e+00  1.19999974e+00  6.57464298e-11  2.86110309e-14 
 3.79276107e-08  3.79276107e-08  0.00000000e+00  1.19999974e+00  6.57464298e-11  2.86110316e-14 
 3.79376107e-08  3.79376107e-08  0.00000000e+00  1.19999974e+00  6.57464298e-11  2.86110323e-14 
 3.79476107e-08  3.79476107e-08  0.00000000e+00  1.19999974e+00  6.57464298e-11  2.86110329e-14 
 3.79576107e-08  3.79576107e-08  0.00000000e+00  1.19999974e+00  6.57464298e-11  2.86110336e-14 
 3.79676107e-08  3.79676107e-08  0.00000000e+00  1.19999974e+00  6.57464298e-11  2.86110342e-14 
 3.79776107e-08  3.79776107e-08  0.00000000e+00  1.19999974e+00  6.57464298e-11  2.86110349e-14 
 3.79876107e-08  3.79876107e-08  0.00000000e+00  1.19999974e+00  6.57464298e-11  2.86110355e-14 
 3.79976107e-08  3.79976107e-08  0.00000000e+00  1.19999974e+00  6.57464298e-11  2.86110362e-14 
 3.80076107e-08  3.80076107e-08  0.00000000e+00  1.19999974e+00  6.57464298e-11  2.86110369e-14 
 3.80176107e-08  3.80176107e-08  0.00000000e+00  1.19999974e+00  6.57464298e-11  2.86110375e-14 
 3.80276107e-08  3.80276107e-08  0.00000000e+00  1.19999974e+00  6.57464298e-11  2.86110382e-14 
 3.80376107e-08  3.80376107e-08  0.00000000e+00  1.19999974e+00  6.57464298e-11  2.86110388e-14 
 3.80476107e-08  3.80476107e-08  0.00000000e+00  1.19999974e+00  6.57464298e-11  2.86110395e-14 
 3.80576107e-08  3.80576107e-08  0.00000000e+00  1.19999974e+00  6.57464298e-11  2.86110402e-14 
 3.80676107e-08  3.80676107e-08  0.00000000e+00  1.19999974e+00  6.57464298e-11  2.86110408e-14 
 3.80776107e-08  3.80776107e-08  0.00000000e+00  1.19999974e+00  6.57464298e-11  2.86110415e-14 
 3.80876107e-08  3.80876107e-08  0.00000000e+00  1.19999974e+00  6.57464298e-11  2.86110421e-14 
 3.80976107e-08  3.80976107e-08  0.00000000e+00  1.19999974e+00  6.57464298e-11  2.86110428e-14 
 3.81076107e-08  3.81076107e-08  0.00000000e+00  1.19999974e+00  6.57464298e-11  2.86110434e-14 
 3.81176107e-08  3.81176107e-08  0.00000000e+00  1.19999974e+00  6.57464298e-11  2.86110441e-14 
 3.81276107e-08  3.81276107e-08  0.00000000e+00  1.19999974e+00  6.57464298e-11  2.86110448e-14 
 3.81376107e-08  3.81376107e-08  0.00000000e+00  1.19999974e+00  6.57464298e-11  2.86110454e-14 
 3.81476107e-08  3.81476107e-08  0.00000000e+00  1.19999974e+00  6.57464298e-11  2.86110461e-14 
 3.81576107e-08  3.81576107e-08  0.00000000e+00  1.19999974e+00  6.57464298e-11  2.86110467e-14 
 3.81676107e-08  3.81676107e-08  0.00000000e+00  1.19999974e+00  6.57464298e-11  2.86110474e-14 
 3.81776107e-08  3.81776107e-08  0.00000000e+00  1.19999974e+00  6.57464298e-11  2.86110480e-14 
 3.81876107e-08  3.81876107e-08  0.00000000e+00  1.19999974e+00  6.57464298e-11  2.86110487e-14 
 3.81976107e-08  3.81976107e-08  0.00000000e+00  1.19999974e+00  6.57464298e-11  2.86110494e-14 
 3.82076107e-08  3.82076107e-08  0.00000000e+00  1.19999974e+00  6.57464298e-11  2.86110500e-14 
 3.82176107e-08  3.82176107e-08  0.00000000e+00  1.19999974e+00  6.57464298e-11  2.86110507e-14 
 3.82276107e-08  3.82276107e-08  0.00000000e+00  1.19999974e+00  6.57464298e-11  2.86110513e-14 
 3.82376107e-08  3.82376107e-08  0.00000000e+00  1.19999974e+00  6.57464298e-11  2.86110520e-14 
 3.82476107e-08  3.82476107e-08  0.00000000e+00  1.19999974e+00  6.57464298e-11  2.86110526e-14 
 3.82576107e-08  3.82576107e-08  0.00000000e+00  1.19999974e+00  6.57464298e-11  2.86110533e-14 
 3.82676107e-08  3.82676107e-08  0.00000000e+00  1.19999974e+00  6.57464298e-11  2.86110540e-14 
 3.82776107e-08  3.82776107e-08  0.00000000e+00  1.19999974e+00  6.57464298e-11  2.86110546e-14 
 3.82876107e-08  3.82876107e-08  0.00000000e+00  1.19999974e+00  6.57464298e-11  2.86110553e-14 
 3.82976107e-08  3.82976107e-08  0.00000000e+00  1.19999974e+00  6.57464298e-11  2.86110559e-14 
 3.83076107e-08  3.83076107e-08  0.00000000e+00  1.19999974e+00  6.57464298e-11  2.86110566e-14 
 3.83176107e-08  3.83176107e-08  0.00000000e+00  1.19999974e+00  6.57464298e-11  2.86110572e-14 
 3.83276107e-08  3.83276107e-08  0.00000000e+00  1.19999974e+00  6.57464298e-11  2.86110579e-14 
 3.83376107e-08  3.83376107e-08  0.00000000e+00  1.19999974e+00  6.57464298e-11  2.86110586e-14 
 3.83476107e-08  3.83476107e-08  0.00000000e+00  1.19999974e+00  6.57464298e-11  2.86110592e-14 
 3.83576107e-08  3.83576107e-08  0.00000000e+00  1.19999974e+00  6.57464298e-11  2.86110599e-14 
 3.83676107e-08  3.83676107e-08  0.00000000e+00  1.19999974e+00  6.57464298e-11  2.86110605e-14 
 3.83776107e-08  3.83776107e-08  0.00000000e+00  1.19999974e+00  6.57464298e-11  2.86110612e-14 
 3.83876107e-08  3.83876107e-08  0.00000000e+00  1.19999974e+00  6.57464298e-11  2.86110618e-14 
 3.83976107e-08  3.83976107e-08  0.00000000e+00  1.19999974e+00  6.57464298e-11  2.86110625e-14 
 3.84076107e-08  3.84076107e-08  0.00000000e+00  1.19999974e+00  6.57464298e-11  2.86110632e-14 
 3.84176107e-08  3.84176107e-08  0.00000000e+00  1.19999974e+00  6.57464298e-11  2.86110638e-14 
 3.84276107e-08  3.84276107e-08  0.00000000e+00  1.19999974e+00  6.57464298e-11  2.86110645e-14 
 3.84376107e-08  3.84376107e-08  0.00000000e+00  1.19999974e+00  6.57464298e-11  2.86110651e-14 
 3.84476107e-08  3.84476107e-08  0.00000000e+00  1.19999974e+00  6.57464298e-11  2.86110658e-14 
 3.84576107e-08  3.84576107e-08  0.00000000e+00  1.19999974e+00  6.57464298e-11  2.86110665e-14 
 3.84676107e-08  3.84676107e-08  0.00000000e+00  1.19999974e+00  6.57464298e-11  2.86110671e-14 
 3.84776107e-08  3.84776107e-08  0.00000000e+00  1.19999974e+00  6.57464298e-11  2.86110678e-14 
 3.84876107e-08  3.84876107e-08  0.00000000e+00  1.19999974e+00  6.57464298e-11  2.86110684e-14 
 3.84976107e-08  3.84976107e-08  0.00000000e+00  1.19999974e+00  6.57464298e-11  2.86110691e-14 
 3.85076107e-08  3.85076107e-08  0.00000000e+00  1.19999974e+00  6.57464298e-11  2.86110697e-14 
 3.85176107e-08  3.85176107e-08  0.00000000e+00  1.19999974e+00  6.57464298e-11  2.86110704e-14 
 3.85276107e-08  3.85276107e-08  0.00000000e+00  1.19999974e+00  6.57464298e-11  2.86110711e-14 
 3.85376107e-08  3.85376107e-08  0.00000000e+00  1.19999974e+00  6.57464298e-11  2.86110717e-14 
 3.85476107e-08  3.85476107e-08  0.00000000e+00  1.19999974e+00  6.57464298e-11  2.86110724e-14 
 3.85576107e-08  3.85576107e-08  0.00000000e+00  1.19999974e+00  6.57464298e-11  2.86110730e-14 
 3.85676107e-08  3.85676107e-08  0.00000000e+00  1.19999974e+00  6.57464298e-11  2.86110737e-14 
 3.85776107e-08  3.85776107e-08  0.00000000e+00  1.19999974e+00  6.57464298e-11  2.86110743e-14 
 3.85876107e-08  3.85876107e-08  0.00000000e+00  1.19999974e+00  6.57464298e-11  2.86110750e-14 
 3.85976107e-08  3.85976107e-08  0.00000000e+00  1.19999974e+00  6.57464298e-11  2.86110757e-14 
 3.86076107e-08  3.86076107e-08  0.00000000e+00  1.19999974e+00  6.57464298e-11  2.86110763e-14 
 3.86176107e-08  3.86176107e-08  0.00000000e+00  1.19999974e+00  6.57464298e-11  2.86110770e-14 
 3.86276107e-08  3.86276107e-08  0.00000000e+00  1.19999974e+00  6.57464298e-11  2.86110776e-14 
 3.86376107e-08  3.86376107e-08  0.00000000e+00  1.19999974e+00  6.57464298e-11  2.86110783e-14 
 3.86476107e-08  3.86476107e-08  0.00000000e+00  1.19999974e+00  6.57464298e-11  2.86110789e-14 
 3.86576107e-08  3.86576107e-08  0.00000000e+00  1.19999974e+00  6.57464298e-11  2.86110796e-14 
 3.86676107e-08  3.86676107e-08  0.00000000e+00  1.19999974e+00  6.57464298e-11  2.86110803e-14 
 3.86776107e-08  3.86776107e-08  0.00000000e+00  1.19999974e+00  6.57464298e-11  2.86110809e-14 
 3.86876107e-08  3.86876107e-08  0.00000000e+00  1.19999974e+00  6.57464298e-11  2.86110816e-14 
 3.86976107e-08  3.86976107e-08  0.00000000e+00  1.19999974e+00  6.57464298e-11  2.86110822e-14 
 3.87076107e-08  3.87076107e-08  0.00000000e+00  1.19999974e+00  6.57464298e-11  2.86110829e-14 
 3.87176107e-08  3.87176107e-08  0.00000000e+00  1.19999974e+00  6.57464298e-11  2.86110835e-14 
 3.87276107e-08  3.87276107e-08  0.00000000e+00  1.19999974e+00  6.57464298e-11  2.86110842e-14 
 3.87376107e-08  3.87376107e-08  0.00000000e+00  1.19999974e+00  6.57464298e-11  2.86110849e-14 
 3.87476107e-08  3.87476107e-08  0.00000000e+00  1.19999974e+00  6.57464298e-11  2.86110855e-14 
 3.87576107e-08  3.87576107e-08  0.00000000e+00  1.19999974e+00  6.57464298e-11  2.86110862e-14 
 3.87676107e-08  3.87676107e-08  0.00000000e+00  1.19999974e+00  6.57464298e-11  2.86110868e-14 
 3.87776107e-08  3.87776107e-08  0.00000000e+00  1.19999974e+00  6.57464298e-11  2.86110875e-14 
 3.87876107e-08  3.87876107e-08  0.00000000e+00  1.19999974e+00  6.57464298e-11  2.86110881e-14 
 3.87976107e-08  3.87976107e-08  0.00000000e+00  1.19999974e+00  6.57464298e-11  2.86110888e-14 
 3.88076107e-08  3.88076107e-08  0.00000000e+00  1.19999974e+00  6.57464298e-11  2.86110895e-14 
 3.88176107e-08  3.88176107e-08  0.00000000e+00  1.19999974e+00  6.57464298e-11  2.86110901e-14 
 3.88276107e-08  3.88276107e-08  0.00000000e+00  1.19999974e+00  6.57464298e-11  2.86110908e-14 
 3.88376107e-08  3.88376107e-08  0.00000000e+00  1.19999974e+00  6.57464298e-11  2.86110914e-14 
 3.88476107e-08  3.88476107e-08  0.00000000e+00  1.19999974e+00  6.57464298e-11  2.86110921e-14 
 3.88576107e-08  3.88576107e-08  0.00000000e+00  1.19999974e+00  6.57464298e-11  2.86110927e-14 
 3.88676107e-08  3.88676107e-08  0.00000000e+00  1.19999974e+00  6.57464298e-11  2.86110934e-14 
 3.88776107e-08  3.88776107e-08  0.00000000e+00  1.19999974e+00  6.57464298e-11  2.86110941e-14 
 3.88876107e-08  3.88876107e-08  0.00000000e+00  1.19999974e+00  6.57464298e-11  2.86110947e-14 
 3.88976107e-08  3.88976107e-08  0.00000000e+00  1.19999974e+00  6.57464298e-11  2.86110954e-14 
 3.89076107e-08  3.89076107e-08  0.00000000e+00  1.19999974e+00  6.57464298e-11  2.86110960e-14 
 3.89176107e-08  3.89176107e-08  0.00000000e+00  1.19999974e+00  6.57464298e-11  2.86110967e-14 
 3.89276107e-08  3.89276107e-08  0.00000000e+00  1.19999974e+00  6.57464298e-11  2.86110974e-14 
 3.89376107e-08  3.89376107e-08  0.00000000e+00  1.19999974e+00  6.57464298e-11  2.86110980e-14 
 3.89476107e-08  3.89476107e-08  0.00000000e+00  1.19999974e+00  6.57464298e-11  2.86110987e-14 
 3.89576107e-08  3.89576107e-08  0.00000000e+00  1.19999974e+00  6.57464298e-11  2.86110993e-14 
 3.89676107e-08  3.89676107e-08  0.00000000e+00  1.19999974e+00  6.57464298e-11  2.86111000e-14 
 3.89776107e-08  3.89776107e-08  0.00000000e+00  1.19999974e+00  6.57464298e-11  2.86111006e-14 
 3.89876107e-08  3.89876107e-08  0.00000000e+00  1.19999974e+00  6.57464298e-11  2.86111013e-14 
 3.89976107e-08  3.89976107e-08  0.00000000e+00  1.19999974e+00  6.57464298e-11  2.86111020e-14 
 3.90076107e-08  3.90076107e-08  0.00000000e+00  1.19999974e+00  6.57464298e-11  2.86111026e-14 
 3.90176107e-08  3.90176107e-08  0.00000000e+00  1.19999974e+00  6.57464298e-11  2.86111033e-14 
 3.90276107e-08  3.90276107e-08  0.00000000e+00  1.19999974e+00  6.57464298e-11  2.86111039e-14 
 3.90376107e-08  3.90376107e-08  0.00000000e+00  1.19999974e+00  6.57464298e-11  2.86111046e-14 
 3.90476107e-08  3.90476107e-08  0.00000000e+00  1.19999974e+00  6.57464298e-11  2.86111052e-14 
 3.90576107e-08  3.90576107e-08  0.00000000e+00  1.19999974e+00  6.57464298e-11  2.86111059e-14 
 3.90676107e-08  3.90676107e-08  0.00000000e+00  1.19999974e+00  6.57464298e-11  2.86111066e-14 
 3.90776107e-08  3.90776107e-08  0.00000000e+00  1.19999974e+00  6.57464298e-11  2.86111072e-14 
 3.90876107e-08  3.90876107e-08  0.00000000e+00  1.19999974e+00  6.57464298e-11  2.86111079e-14 
 3.90976107e-08  3.90976107e-08  0.00000000e+00  1.19999974e+00  6.57464298e-11  2.86111085e-14 
 3.91076107e-08  3.91076107e-08  0.00000000e+00  1.19999974e+00  6.57464298e-11  2.86111092e-14 
 3.91176107e-08  3.91176107e-08  0.00000000e+00  1.19999974e+00  6.57464298e-11  2.86111098e-14 
 3.91276107e-08  3.91276107e-08  0.00000000e+00  1.19999974e+00  6.57464298e-11  2.86111105e-14 
 3.91376107e-08  3.91376107e-08  0.00000000e+00  1.19999974e+00  6.57464298e-11  2.86111112e-14 
 3.91476107e-08  3.91476107e-08  0.00000000e+00  1.19999974e+00  6.57464298e-11  2.86111118e-14 
 3.91576107e-08  3.91576107e-08  0.00000000e+00  1.19999974e+00  6.57464298e-11  2.86111125e-14 
 3.91676107e-08  3.91676107e-08  0.00000000e+00  1.19999974e+00  6.57464298e-11  2.86111131e-14 
 3.91776107e-08  3.91776107e-08  0.00000000e+00  1.19999974e+00  6.57464298e-11  2.86111138e-14 
 3.91876107e-08  3.91876107e-08  0.00000000e+00  1.19999974e+00  6.57464298e-11  2.86111144e-14 
 3.91976107e-08  3.91976107e-08  0.00000000e+00  1.19999974e+00  6.57464298e-11  2.86111151e-14 
 3.92076107e-08  3.92076107e-08  0.00000000e+00  1.19999974e+00  6.57464298e-11  2.86111158e-14 
 3.92176107e-08  3.92176107e-08  0.00000000e+00  1.19999974e+00  6.57464298e-11  2.86111164e-14 
 3.92276107e-08  3.92276107e-08  0.00000000e+00  1.19999974e+00  6.57464298e-11  2.86111171e-14 
 3.92376107e-08  3.92376107e-08  0.00000000e+00  1.19999974e+00  6.57464298e-11  2.86111177e-14 
 3.92476107e-08  3.92476107e-08  0.00000000e+00  1.19999974e+00  6.57464298e-11  2.86111184e-14 
 3.92576107e-08  3.92576107e-08  0.00000000e+00  1.19999974e+00  6.57464298e-11  2.86111190e-14 
 3.92676107e-08  3.92676107e-08  0.00000000e+00  1.19999974e+00  6.57464298e-11  2.86111197e-14 
 3.92776107e-08  3.92776107e-08  0.00000000e+00  1.19999974e+00  6.57464298e-11  2.86111204e-14 
 3.92876107e-08  3.92876107e-08  0.00000000e+00  1.19999974e+00  6.57464298e-11  2.86111210e-14 
 3.92976107e-08  3.92976107e-08  0.00000000e+00  1.19999974e+00  6.57464298e-11  2.86111217e-14 
 3.93076107e-08  3.93076107e-08  0.00000000e+00  1.19999974e+00  6.57464298e-11  2.86111223e-14 
 3.93176107e-08  3.93176107e-08  0.00000000e+00  1.19999974e+00  6.57464298e-11  2.86111230e-14 
 3.93276107e-08  3.93276107e-08  0.00000000e+00  1.19999974e+00  6.57464298e-11  2.86111236e-14 
 3.93376107e-08  3.93376107e-08  0.00000000e+00  1.19999974e+00  6.57464298e-11  2.86111243e-14 
 3.93476107e-08  3.93476107e-08  0.00000000e+00  1.19999974e+00  6.57464298e-11  2.86111250e-14 
 3.93576107e-08  3.93576107e-08  0.00000000e+00  1.19999974e+00  6.57464298e-11  2.86111256e-14 
 3.93676107e-08  3.93676107e-08  0.00000000e+00  1.19999974e+00  6.57464298e-11  2.86111263e-14 
 3.93776107e-08  3.93776107e-08  0.00000000e+00  1.19999974e+00  6.57464298e-11  2.86111269e-14 
 3.93876107e-08  3.93876107e-08  0.00000000e+00  1.19999974e+00  6.57464298e-11  2.86111276e-14 
 3.93976107e-08  3.93976107e-08  0.00000000e+00  1.19999974e+00  6.57464298e-11  2.86111283e-14 
 3.94076107e-08  3.94076107e-08  0.00000000e+00  1.19999974e+00  6.57464298e-11  2.86111289e-14 
 3.94176107e-08  3.94176107e-08  0.00000000e+00  1.19999974e+00  6.57464298e-11  2.86111296e-14 
 3.94276107e-08  3.94276107e-08  0.00000000e+00  1.19999974e+00  6.57464298e-11  2.86111302e-14 
 3.94376107e-08  3.94376107e-08  0.00000000e+00  1.19999974e+00  6.57464298e-11  2.86111309e-14 
 3.94476107e-08  3.94476107e-08  0.00000000e+00  1.19999974e+00  6.57464298e-11  2.86111315e-14 
 3.94576107e-08  3.94576107e-08  0.00000000e+00  1.19999974e+00  6.57464298e-11  2.86111322e-14 
 3.94676107e-08  3.94676107e-08  0.00000000e+00  1.19999974e+00  6.57464298e-11  2.86111329e-14 
 3.94776107e-08  3.94776107e-08  0.00000000e+00  1.19999974e+00  6.57464298e-11  2.86111335e-14 
 3.94876107e-08  3.94876107e-08  0.00000000e+00  1.19999974e+00  6.57464298e-11  2.86111342e-14 
 3.94976107e-08  3.94976107e-08  0.00000000e+00  1.19999974e+00  6.57464298e-11  2.86111348e-14 
 3.95076107e-08  3.95076107e-08  0.00000000e+00  1.19999974e+00  6.57464298e-11  2.86111355e-14 
 3.95176107e-08  3.95176107e-08  0.00000000e+00  1.19999974e+00  6.57464298e-11  2.86111361e-14 
 3.95276107e-08  3.95276107e-08  0.00000000e+00  1.19999974e+00  6.57464298e-11  2.86111368e-14 
 3.95376107e-08  3.95376107e-08  0.00000000e+00  1.19999974e+00  6.57464298e-11  2.86111375e-14 
 3.95476107e-08  3.95476107e-08  0.00000000e+00  1.19999974e+00  6.57464298e-11  2.86111381e-14 
 3.95576107e-08  3.95576107e-08  0.00000000e+00  1.19999974e+00  6.57464298e-11  2.86111388e-14 
 3.95676107e-08  3.95676107e-08  0.00000000e+00  1.19999974e+00  6.57464298e-11  2.86111394e-14 
 3.95776107e-08  3.95776107e-08  0.00000000e+00  1.19999974e+00  6.57464298e-11  2.86111401e-14 
 3.95876107e-08  3.95876107e-08  0.00000000e+00  1.19999974e+00  6.57464298e-11  2.86111407e-14 
 3.95976107e-08  3.95976107e-08  0.00000000e+00  1.19999974e+00  6.57464298e-11  2.86111414e-14 
 3.96076107e-08  3.96076107e-08  0.00000000e+00  1.19999974e+00  6.57464298e-11  2.86111421e-14 
 3.96176107e-08  3.96176107e-08  0.00000000e+00  1.19999974e+00  6.57464298e-11  2.86111427e-14 
 3.96276107e-08  3.96276107e-08  0.00000000e+00  1.19999974e+00  6.57464298e-11  2.86111434e-14 
 3.96376107e-08  3.96376107e-08  0.00000000e+00  1.19999974e+00  6.57464298e-11  2.86111440e-14 
 3.96476107e-08  3.96476107e-08  0.00000000e+00  1.19999974e+00  6.57464298e-11  2.86111447e-14 
 3.96576107e-08  3.96576107e-08  0.00000000e+00  1.19999974e+00  6.57464298e-11  2.86111453e-14 
 3.96676107e-08  3.96676107e-08  0.00000000e+00  1.19999974e+00  6.57464298e-11  2.86111460e-14 
 3.96776107e-08  3.96776107e-08  0.00000000e+00  1.19999974e+00  6.57464298e-11  2.86111467e-14 
 3.96876107e-08  3.96876107e-08  0.00000000e+00  1.19999974e+00  6.57464298e-11  2.86111473e-14 
 3.96976107e-08  3.96976107e-08  0.00000000e+00  1.19999974e+00  6.57464298e-11  2.86111480e-14 
 3.97076107e-08  3.97076107e-08  0.00000000e+00  1.19999974e+00  6.57464298e-11  2.86111486e-14 
 3.97176107e-08  3.97176107e-08  0.00000000e+00  1.19999974e+00  6.57464298e-11  2.86111493e-14 
 3.97276107e-08  3.97276107e-08  0.00000000e+00  1.19999974e+00  6.57464298e-11  2.86111499e-14 
 3.97376107e-08  3.97376107e-08  0.00000000e+00  1.19999974e+00  6.57464298e-11  2.86111506e-14 
 3.97476107e-08  3.97476107e-08  0.00000000e+00  1.19999974e+00  6.57464298e-11  2.86111513e-14 
 3.97576107e-08  3.97576107e-08  0.00000000e+00  1.19999974e+00  6.57464298e-11  2.86111519e-14 
 3.97676107e-08  3.97676107e-08  0.00000000e+00  1.19999974e+00  6.57464298e-11  2.86111526e-14 
 3.97776107e-08  3.97776107e-08  0.00000000e+00  1.19999974e+00  6.57464298e-11  2.86111532e-14 
 3.97876107e-08  3.97876107e-08  0.00000000e+00  1.19999974e+00  6.57464298e-11  2.86111539e-14 
 3.97976107e-08  3.97976107e-08  0.00000000e+00  1.19999974e+00  6.57464298e-11  2.86111546e-14 
 3.98076107e-08  3.98076107e-08  0.00000000e+00  1.19999974e+00  6.57464298e-11  2.86111552e-14 
 3.98176107e-08  3.98176107e-08  0.00000000e+00  1.19999974e+00  6.57464298e-11  2.86111559e-14 
 3.98276107e-08  3.98276107e-08  0.00000000e+00  1.19999974e+00  6.57464298e-11  2.86111565e-14 
 3.98376107e-08  3.98376107e-08  0.00000000e+00  1.19999974e+00  6.57464298e-11  2.86111572e-14 
 3.98476107e-08  3.98476107e-08  0.00000000e+00  1.19999974e+00  6.57464298e-11  2.86111578e-14 
 3.98576107e-08  3.98576107e-08  0.00000000e+00  1.19999974e+00  6.57464298e-11  2.86111585e-14 
 3.98676107e-08  3.98676107e-08  0.00000000e+00  1.19999974e+00  6.57464298e-11  2.86111592e-14 
 3.98776107e-08  3.98776107e-08  0.00000000e+00  1.19999974e+00  6.57464298e-11  2.86111598e-14 
 3.98876107e-08  3.98876107e-08  0.00000000e+00  1.19999974e+00  6.57464298e-11  2.86111605e-14 
 3.98976107e-08  3.98976107e-08  0.00000000e+00  1.19999974e+00  6.57464298e-11  2.86111611e-14 
 3.99076107e-08  3.99076107e-08  0.00000000e+00  1.19999974e+00  6.57464298e-11  2.86111618e-14 
 3.99176107e-08  3.99176107e-08  0.00000000e+00  1.19999974e+00  6.57464298e-11  2.86111624e-14 
 3.99276107e-08  3.99276107e-08  0.00000000e+00  1.19999974e+00  6.57464298e-11  2.86111631e-14 
 3.99376107e-08  3.99376107e-08  0.00000000e+00  1.19999974e+00  6.57464298e-11  2.86111638e-14 
 3.99476107e-08  3.99476107e-08  0.00000000e+00  1.19999974e+00  6.57464298e-11  2.86111644e-14 
 3.99576107e-08  3.99576107e-08  0.00000000e+00  1.19999974e+00  6.57464298e-11  2.86111651e-14 
 3.99676107e-08  3.99676107e-08  0.00000000e+00  1.19999974e+00  6.57464298e-11  2.86111657e-14 
 3.99776107e-08  3.99776107e-08  0.00000000e+00  1.19999974e+00  6.57464298e-11  2.86111664e-14 
 3.99876107e-08  3.99876107e-08  0.00000000e+00  1.19999974e+00  6.57464298e-11  2.86111670e-14 
 3.99938053e-08  3.99938053e-08  0.00000000e+00  1.19999974e+00  6.57464299e-11  2.86111674e-14 
 4.00000000e-08  4.00000000e-08  0.00000000e+00  1.19999974e+00  6.57464299e-11  2.86111679e-14 
 4.00010000e-08  4.00010000e-08  2.40000000e-03  1.20192940e+00 -4.95080083e-07  2.86109203e-14 
 4.00030000e-08  4.00030000e-08  7.20000000e-03  1.20534748e+00 -1.36504888e-06  2.86090602e-14 
 4.00070000e-08  4.00070000e-08  1.68000000e-02  1.21133850e+00 -2.86223602e-06  2.86006057e-14 
 4.00130996e-08  4.00130996e-08  3.14390338e-02  1.21914608e+00 -4.74478530e-06  2.85774058e-14 
 4.00230996e-08  4.00230996e-08  5.54390338e-02  1.22955829e+00 -7.08669974e-06  2.85182483e-14 
 4.00330996e-08  4.00330996e-08  7.94390338e-02  1.23804518e+00 -8.79662926e-06  2.84388317e-14 
 4.00430996e-08  4.00430996e-08  1.03439034e-01  1.24551580e+00 -1.01267144e-05  2.83442150e-14 
 4.00530996e-08  4.00530996e-08  1.27439034e-01  1.25264785e+00 -1.12493260e-05  2.82373348e-14 
 4.00630996e-08  4.00630996e-08  1.51439034e-01  1.25992499e+00 -1.22774296e-05  2.81197010e-14 
 4.00730996e-08  4.00730996e-08  1.75439034e-01  1.26769453e+00 -1.32812692e-05  2.79919075e-14 
 4.00830996e-08  4.00830996e-08  1.99439034e-01  1.27621351e+00 -1.43030839e-05  2.78539857e-14 
 4.00930996e-08  4.00930996e-08  2.23439034e-01  1.28567893e+00 -1.53669463e-05  2.77056356e-14 
 4.01030996e-08  4.01030996e-08  2.47439034e-01  1.29624545e+00 -1.64848878e-05  2.75463764e-14 
 4.01130996e-08  4.01130996e-08  2.71439034e-01  1.30803424e+00 -1.76605969e-05  2.73756490e-14 
 4.01230996e-08  4.01230996e-08  2.95439034e-01  1.32113638e+00 -1.88916552e-05  2.71928877e-14 
 4.01330996e-08  4.01330996e-08  3.19439034e-01  1.33561287e+00 -2.01709345e-05  2.69975748e-14 
 4.01430996e-08  4.01430996e-08  3.43439034e-01  1.35149276e+00 -2.14875358e-05  2.67892824e-14 
 4.01530996e-08  4.01530996e-08  3.67439034e-01  1.36876993e+00 -2.28275109e-05  2.65677072e-14 
 4.01630996e-08  4.01630996e-08  3.91439034e-01  1.38739829e+00 -2.41745799e-05  2.63326967e-14 
 4.01730996e-08  4.01730996e-08  4.15439034e-01  1.40728410e+00 -2.55111695e-05  2.60842680e-14 
 4.01830996e-08  4.01830996e-08  4.39439034e-01  1.42827214e+00 -2.68204307e-05  2.58226100e-14 
 4.01930996e-08  4.01930996e-08  4.63439034e-01  1.45012015e+00 -2.80904900e-05  2.55480554e-14 
 4.02030996e-08  4.02030996e-08  4.87439034e-01  1.47245260e+00 -2.93225782e-05  2.52609901e-14 
 4.02130996e-08  4.02130996e-08  5.11439034e-01  1.49468631e+00 -3.05419336e-05  2.49616675e-14 
 4.02230996e-08  4.02230996e-08  5.35439034e-01  1.51594203e+00 -3.17952814e-05  2.46499814e-14 
 4.02330996e-08  4.02330996e-08  5.59439034e-01  1.53501767e+00 -3.30914892e-05  2.43255476e-14 
 4.02430996e-08  4.02430996e-08  5.83439034e-01  1.55060102e+00 -3.42181021e-05  2.39889996e-14 
 4.02530996e-08  4.02530996e-08  6.07439034e-01  1.56170446e+00 -3.46383116e-05  2.36447175e-14 
 4.02630996e-08  4.02630996e-08  6.31439034e-01  1.56791569e+00 -3.37474201e-05  2.33027889e-14 
 4.02730996e-08  4.02730996e-08  6.55439034e-01  1.56938807e+00 -3.10744228e-05  2.29786797e-14 
 4.02830996e-08  4.02830996e-08  6.79439034e-01  1.56633495e+00 -2.66584212e-05  2.26900154e-14 
 4.02930996e-08  4.02930996e-08  7.03439034e-01  1.55849369e+00 -2.09338543e-05  2.24520541e-14 
 4.03030996e-08  4.03030996e-08  7.27439034e-01  1.54475215e+00 -1.45704771e-05  2.22745324e-14 
 4.03130996e-08  4.03130996e-08  7.51439034e-01  1.52287833e+00 -8.41866350e-06  2.21595867e-14 
 4.03230996e-08  4.03230996e-08  7.75439034e-01  1.48939085e+00 -3.40854148e-06  2.21004507e-14 
 4.03330996e-08  4.03330996e-08  7.99439034e-01  1.43960449e+00 -4.40191141e-07  2.20812070e-14 
 4.03430996e-08  4.03430996e-08  8.23439034e-01  1.36816346e+00 -1.97549300e-08  2.20789073e-14 
 4.03530996e-08  4.03530996e-08  8.47439034e-01  1.27225204e+00 -8.99697970e-10  2.20788040e-14 
 4.03630996e-08  4.03630996e-08  8.71439034e-01  1.15073555e+00  8.33780847e-11  2.20787999e-14 
 4.03730996e-08  4.03730996e-08  8.95439034e-01  1.00362403e+00  1.06361787e-10  2.20788009e-14 
 4.03830996e-08  4.03830996e-08  9.19439034e-01  8.32581961e-01  1.06361992e-10  2.20788019e-14 
 4.03930996e-08  4.03930996e-08  9.43439034e-01  6.43767666e-01  1.06362218e-10  2.20788030e-14 
 4.04009124e-08  4.04009124e-08  9.62189792e-01  4.99541170e-01  1.06362391e-10  2.20788038e-14 
 4.04049638e-08  4.04049638e-08  9.71913038e-01  4.37593366e-01  1.06362466e-10  2.20788043e-14 
 4.04097560e-08  4.04097560e-08  9.83414519e-01  3.82671192e-01  1.06362532e-10  2.20788048e-14 
 4.04149935e-08  4.04149935e-08  9.95984390e-01  3.40808190e-01  1.06362582e-10  2.20788053e-14 
 4.04197335e-08  4.04197335e-08  1.00736034e+00  3.12742435e-01  1.06362616e-10  2.20788058e-14 
 4.04257767e-08  4.04257767e-08  1.02186408e+00  2.84642028e-01  1.06362649e-10  2.20788065e-14 
 4.04324757e-08  4.04324757e-08  1.03794177e+00  2.59484104e-01  1.06362680e-10  2.20788072e-14 
 4.04415272e-08  4.04415272e-08  1.05966525e+00  2.31578230e-01  1.06362713e-10  2.20788082e-14 
 4.04515272e-08  4.04515272e-08  1.08366525e+00  2.06044387e-01  1.06362744e-10  2.20788092e-14 
 4.04615272e-08  4.04615272e-08  1.10766525e+00  1.84441979e-01  1.06362770e-10  2.20788103e-14 
 4.04715272e-08  4.04715272e-08  1.13166525e+00  1.65933261e-01  1.06362792e-10  2.20788114e-14 
 4.04815272e-08  4.04815272e-08  1.15566525e+00  1.50006694e-01  1.06362811e-10  2.20788124e-14 
 4.04907636e-08  4.04907636e-08  1.17783263e+00  1.37277030e-01  1.06362826e-10  2.20788134e-14 
 4.05000000e-08  4.05000000e-08  1.20000000e+00  1.26214532e-01  1.06362839e-10  2.20788144e-14 
 4.05010000e-08  4.05010000e-08  1.20000000e+00  1.22702071e-01  1.06362844e-10  2.20788145e-14 
 4.05030000e-08  4.05030000e-08  1.20000000e+00  1.16221268e-01  1.06362851e-10  2.20788147e-14 
 4.05070000e-08  4.05070000e-08  1.20000000e+00  1.04412638e-01  1.06362866e-10  2.20788151e-14 
 4.05122717e-08  4.05122717e-08  1.20000000e+00  9.06201423e-02  1.06362882e-10  2.20788157e-14 
 4.05222717e-08  4.05222717e-08  1.20000000e+00  6.90748078e-02  1.06362908e-10  2.20788168e-14 
 4.05322717e-08  4.05322717e-08  1.20000000e+00  5.24877629e-02  1.06362928e-10  2.20788178e-14 
 4.05422717e-08  4.05422717e-08  1.20000000e+00  3.97975314e-02  1.06362943e-10  2.20788189e-14 
 4.05522717e-08  4.05522717e-08  1.20000000e+00  3.01234023e-02  1.06362955e-10  2.20788199e-14 
 4.05622717e-08  4.05622717e-08  1.20000000e+00  2.27726549e-02  1.06362964e-10  2.20788210e-14 
 4.05722717e-08  4.05722717e-08  1.20000000e+00  1.72012400e-02  1.06362970e-10  2.20788221e-14 
 4.05822717e-08  4.05822717e-08  1.20000000e+00  1.29842492e-02  1.06362975e-10  2.20788231e-14 
 4.05922717e-08  4.05922717e-08  1.20000000e+00  9.79597091e-03  1.06362979e-10  2.20788242e-14 
 4.06022717e-08  4.06022717e-08  1.20000000e+00  7.38758361e-03  1.06362982e-10  2.20788253e-14 
 4.06122717e-08  4.06122717e-08  1.20000000e+00  5.56957416e-03  1.06362984e-10  2.20788263e-14 
 4.06222717e-08  4.06222717e-08  1.20000000e+00  4.19795698e-03  1.06362986e-10  2.20788274e-14 
 4.06322717e-08  4.06322717e-08  1.20000000e+00  3.16355310e-03  1.06362987e-10  2.20788285e-14 
 4.06422717e-08  4.06422717e-08  1.20000000e+00  2.38370546e-03  1.06362988e-10  2.20788295e-14 
 4.06522717e-08  4.06522717e-08  1.20000000e+00  1.79591255e-03  1.06362989e-10  2.20788306e-14 
 4.06622717e-08  4.06622717e-08  1.20000000e+00  1.35295819e-03  1.06362989e-10  2.20788316e-14 
 4.06722717e-08  4.06722717e-08  1.20000000e+00  1.01919921e-03  1.06362990e-10  2.20788327e-14 
 4.06822717e-08  4.06822717e-08  1.20000000e+00  7.67743824e-04  1.06362990e-10  2.20788338e-14 
 4.06922717e-08  4.06922717e-08  1.20000000e+00  5.78311470e-04  1.06362990e-10  2.20788348e-14 
 4.07022717e-08  4.07022717e-08  1.20000000e+00  4.35612425e-04  1.06362990e-10  2.20788359e-14 
 4.07122717e-08  4.07122717e-08  1.20000000e+00  3.28122411e-04  1.06362991e-10  2.20788370e-14 
 4.07222717e-08  4.07222717e-08  1.20000000e+00  2.47156594e-04  1.06362991e-10  2.20788380e-14 
 4.07322717e-08  4.07322717e-08  1.20000000e+00  1.86171691e-04  1.06362991e-10  2.20788391e-14 
 4.07422717e-08  4.07422717e-08  1.20000000e+00  1.40237733e-04  1.06362991e-10  2.20788402e-14 
 4.07522717e-08  4.07522717e-08  1.20000000e+00  1.05640702e-04  1.06362991e-10  2.20788412e-14 
 4.07622717e-08  4.07622717e-08  1.20000000e+00  7.95828256e-05  1.06362991e-10  2.20788423e-14 
 4.07722717e-08  4.07722717e-08  1.20000000e+00  5.99566508e-05  1.06362991e-10  2.20788433e-14 
 4.07822717e-08  4.07822717e-08  1.20000000e+00  4.51747703e-05  1.06362991e-10  2.20788444e-14 
 4.07922717e-08  4.07922717e-08  1.20000000e+00  3.40415255e-05  1.06362991e-10  2.20788455e-14 
 4.08022717e-08  4.08022717e-08  1.20000000e+00  2.56563461e-05  1.06362991e-10  2.20788465e-14 
 4.08122717e-08  4.08122717e-08  1.20000000e+00  1.93409315e-05  1.06362991e-10  2.20788476e-14 
 4.08222717e-08  4.08222717e-08  1.20000000e+00  1.45843981e-05  1.06362991e-10  2.20788487e-14 
 4.08322717e-08  4.08322717e-08  1.20000000e+00  1.10019607e-05  1.06362991e-10  2.20788497e-14 
 4.08422717e-08  4.08422717e-08  1.20000000e+00  8.30381001e-06  1.06362991e-10  2.20788508e-14 
 4.08522717e-08  4.08522717e-08  1.20000000e+00  6.27167085e-06  1.06362991e-10  2.20788519e-14 
 4.08622717e-08  4.08622717e-08  1.20000000e+00  4.74114587e-06  1.06362991e-10  2.20788529e-14 
 4.08722717e-08  4.08722717e-08  1.20000000e+00  3.58841692e-06  1.06362991e-10  2.20788540e-14 
 4.08822717e-08  4.08822717e-08  1.20000000e+00  2.72022884e-06  1.06362991e-10  2.20788550e-14 
 4.08922717e-08  4.08922717e-08  1.20000000e+00  2.06634541e-06  1.06362991e-10  2.20788561e-14 
 4.09022717e-08  4.09022717e-08  1.20000000e+00  1.57386748e-06  1.06362991e-10  2.20788572e-14 
 4.09122717e-08  4.09122717e-08  1.20000000e+00  1.20295355e-06  1.06362991e-10  2.20788582e-14 
 4.09222717e-08  4.09222717e-08  1.20000000e+00  9.23596602e-07  1.06362991e-10  2.20788593e-14 
 4.09322717e-08  4.09322717e-08  1.20000000e+00  7.13196587e-07  1.06362991e-10  2.20788604e-14 
 4.09422717e-08  4.09422717e-08  1.20000000e+00  5.54732071e-07  1.06362991e-10  2.20788614e-14 
 4.09522717e-08  4.09522717e-08  1.20000000e+00  4.35383213e-07  1.06362991e-10  2.20788625e-14 
 4.09622717e-08  4.09622717e-08  1.20000000e+00  3.45494639e-07  1.06362991e-10  2.20788636e-14 
 4.09722717e-08  4.09722717e-08  1.20000000e+00  2.77794323e-07  1.06362991e-10  2.20788646e-14 
 4.09782572e-08  4.09782572e-08  1.20000000e+00  2.45908672e-07  1.06362991e-10  2.20788653e-14 
 4.09866702e-08  4.09866702e-08  1.20000000e+00  2.09289451e-07  1.06362991e-10  2.20788661e-14 
 4.09914502e-08  4.09914502e-08  1.20000000e+00  1.92131376e-07  1.06362991e-10  2.20788667e-14 
 4.09957251e-08  4.09957251e-08  1.20000000e+00  1.78660811e-07  1.06362991e-10  2.20788671e-14 
 4.10000000e-08  4.10000000e-08  1.20000000e+00  1.66713405e-07  1.06362991e-10  2.20788676e-14 
 4.10008550e-08  4.10008550e-08  1.20000000e+00  1.64527456e-07  1.06362991e-10  2.20788677e-14 
 4.10025650e-08  4.10025650e-08  1.20000000e+00  1.60275114e-07  1.06362991e-10  2.20788678e-14 
 4.10059849e-08  4.10059849e-08  1.20000000e+00  1.52313750e-07  1.06362991e-10  2.20788682e-14 
 4.10128248e-08  4.10128248e-08  1.20000000e+00  1.38391407e-07  1.06362991e-10  2.20788689e-14 
 4.10228248e-08  4.10228248e-08  1.20000000e+00  1.22066812e-07  1.06362991e-10  2.20788700e-14 
 4.10328248e-08  4.10328248e-08  1.20000000e+00  1.09612873e-07  1.06362991e-10  2.20788711e-14 
 4.10428248e-08  4.10428248e-08  1.20000000e+00  1.00173611e-07  1.06362991e-10  2.20788721e-14 
 4.10528248e-08  4.10528248e-08  1.20000000e+00  9.30420963e-08  1.06362991e-10  2.20788732e-14 
 4.10628248e-08  4.10628248e-08  1.20000000e+00  8.76626096e-08  1.06362991e-10  2.20788742e-14 
 4.10728248e-08  4.10728248e-08  1.20000000e+00  8.36078892e-08  1.06362991e-10  2.20788753e-14 
 4.10828248e-08  4.10828248e-08  1.20000000e+00  8.05528764e-08  1.06362991e-10  2.20788764e-14 
 4.10928248e-08  4.10928248e-08  1.20000000e+00  7.82515322e-08  1.06362991e-10  2.20788774e-14 
 4.11028248e-08  4.11028248e-08  1.20000000e+00  7.65180920e-08  1.06362991e-10  2.20788785e-14 
 4.11128248e-08  4.11128248e-08  1.20000000e+00  7.52124778e-08  1.06362991e-10  2.20788796e-14 
 4.11228248e-08  4.11228248e-08  1.20000000e+00  7.42291204e-08  1.06362991e-10  2.20788806e-14 
 4.11328248e-08  4.11328248e-08  1.20000000e+00  7.34884879e-08  1.06362991e-10  2.20788817e-14 
 4.11428248e-08  4.11428248e-08  1.20000000e+00  7.29306710e-08  1.06362991e-10  2.20788828e-14 
 4.11528248e-08  4.11528248e-08  1.20000000e+00  7.25105454e-08  1.06362991e-10  2.20788838e-14 
 4.11628248e-08  4.11628248e-08  1.20000000e+00  7.21941241e-08  1.06362991e-10  2.20788849e-14 
 4.11728248e-08  4.11728248e-08  1.20000000e+00  7.19558092e-08  1.06362991e-10  2.20788859e-14 
 4.11828248e-08  4.11828248e-08  1.20000000e+00  7.17763202e-08  1.06362991e-10  2.20788870e-14 
 4.11928248e-08  4.11928248e-08  1.20000000e+00  7.16411364e-08  1.06362991e-10  2.20788881e-14 
 4.12028248e-08  4.12028248e-08  1.20000000e+00  7.15393201e-08  1.06362991e-10  2.20788891e-14 
 4.12128248e-08  4.12128248e-08  1.20000000e+00  7.14626373e-08  1.06362991e-10  2.20788902e-14 
 4.12228248e-08  4.12228248e-08  1.20000000e+00  7.14048839e-08  1.06362991e-10  2.20788913e-14 
 4.12328248e-08  4.12328248e-08  1.20000000e+00  7.13613853e-08  1.06362991e-10  2.20788923e-14 
 4.12428248e-08  4.12428248e-08  1.20000000e+00  7.13286236e-08  1.06362991e-10  2.20788934e-14 
 4.12528248e-08  4.12528248e-08  1.20000000e+00  7.13039494e-08  1.06362991e-10  2.20788945e-14 
 4.12628248e-08  4.12628248e-08  1.20000000e+00  7.12853663e-08  1.06362991e-10  2.20788955e-14 
 4.12728248e-08  4.12728248e-08  1.20000000e+00  7.12713694e-08  1.06362991e-10  2.20788966e-14 
 4.12828248e-08  4.12828248e-08  1.20000000e+00  7.12608286e-08  1.06362991e-10  2.20788976e-14 
 4.12928248e-08  4.12928248e-08  1.20000000e+00  7.12528888e-08  1.06362991e-10  2.20788987e-14 
 4.13028248e-08  4.13028248e-08  1.20000000e+00  7.12469082e-08  1.06362991e-10  2.20788998e-14 
 4.13128248e-08  4.13128248e-08  1.20000000e+00  7.12424041e-08  1.06362991e-10  2.20789008e-14 
 4.13228248e-08  4.13228248e-08  1.20000000e+00  7.12390130e-08  1.06362991e-10  2.20789019e-14 
 4.13328248e-08  4.13328248e-08  1.20000000e+00  7.12364589e-08  1.06362991e-10  2.20789030e-14 
 4.13428248e-08  4.13428248e-08  1.20000000e+00  7.12345343e-08  1.06362991e-10  2.20789040e-14 
 4.13528248e-08  4.13528248e-08  1.20000000e+00  7.12330851e-08  1.06362991e-10  2.20789051e-14 
 4.13628248e-08  4.13628248e-08  1.20000000e+00  7.12319951e-08  1.06362991e-10  2.20789062e-14 
 4.13728248e-08  4.13728248e-08  1.20000000e+00  7.12311746e-08  1.06362991e-10  2.20789072e-14 
 4.13828248e-08  4.13828248e-08  1.20000000e+00  7.12305562e-08  1.06362991e-10  2.20789083e-14 
 4.13928248e-08  4.13928248e-08  1.20000000e+00  7.12300892e-08  1.06362991e-10  2.20789093e-14 
 4.14028248e-08  4.14028248e-08  1.20000000e+00  7.12297374e-08  1.06362991e-10  2.20789104e-14 
 4.14128248e-08  4.14128248e-08  1.20000000e+00  7.12294733e-08  1.06362991e-10  2.20789115e-14 
 4.14228248e-08  4.14228248e-08  1.20000000e+00  7.12292743e-08  1.06362991e-10  2.20789125e-14 
 4.14328248e-08  4.14328248e-08  1.20000000e+00  7.12291257e-08  1.06362991e-10  2.20789136e-14 
 4.14428248e-08  4.14428248e-08  1.20000000e+00  7.12290121e-08  1.06362991e-10  2.20789147e-14 
 4.14528248e-08  4.14528248e-08  1.20000000e+00  7.12289264e-08  1.06362991e-10  2.20789157e-14 
 4.14628248e-08  4.14628248e-08  1.20000000e+00  7.12288620e-08  1.06362991e-10  2.20789168e-14 
 4.14728248e-08  4.14728248e-08  1.20000000e+00  7.12288130e-08  1.06362991e-10  2.20789179e-14 
 4.14828248e-08  4.14828248e-08  1.20000000e+00  7.12287767e-08  1.06362991e-10  2.20789189e-14 
 4.14928248e-08  4.14928248e-08  1.20000000e+00  7.12287492e-08  1.06362991e-10  2.20789200e-14 
 4.15028248e-08  4.15028248e-08  1.20000000e+00  7.12287284e-08  1.06362991e-10  2.20789210e-14 
 4.15128248e-08  4.15128248e-08  1.20000000e+00  7.12287125e-08  1.06362991e-10  2.20789221e-14 
 4.15228248e-08  4.15228248e-08  1.20000000e+00  7.12287014e-08  1.06362991e-10  2.20789232e-14 
 4.15328248e-08  4.15328248e-08  1.20000000e+00  7.12286932e-08  1.06362991e-10  2.20789242e-14 
 4.15428248e-08  4.15428248e-08  1.20000000e+00  7.12286869e-08  1.06362991e-10  2.20789253e-14 
 4.15528248e-08  4.15528248e-08  1.20000000e+00  7.12286821e-08  1.06362991e-10  2.20789264e-14 
 4.15628248e-08  4.15628248e-08  1.20000000e+00  7.12286782e-08  1.06362991e-10  2.20789274e-14 
 4.15728248e-08  4.15728248e-08  1.20000000e+00  7.12286755e-08  1.06362991e-10  2.20789285e-14 
 4.15828248e-08  4.15828248e-08  1.20000000e+00  7.12286737e-08  1.06362991e-10  2.20789296e-14 
 4.15928248e-08  4.15928248e-08  1.20000000e+00  7.12286721e-08  1.06362991e-10  2.20789306e-14 
 4.16028248e-08  4.16028248e-08  1.20000000e+00  7.12286708e-08  1.06362991e-10  2.20789317e-14 
 4.16128248e-08  4.16128248e-08  1.20000000e+00  7.12286696e-08  1.06362991e-10  2.20789327e-14 
 4.16228248e-08  4.16228248e-08  1.20000000e+00  7.12286691e-08  1.06362991e-10  2.20789338e-14 
 4.16327614e-08  4.16327614e-08  1.20000000e+00  7.12286689e-08  1.06362991e-10  2.20789349e-14 
 4.16427614e-08  4.16427614e-08  1.20000000e+00  7.12286684e-08  1.06362991e-10  2.20789359e-14 
 4.16527614e-08  4.16527614e-08  1.20000000e+00  7.12286680e-08  1.06362991e-10  2.20789370e-14 
 4.16627614e-08  4.16627614e-08  1.20000000e+00  7.12286676e-08  1.06362991e-10  2.20789381e-14 
 4.16727614e-08  4.16727614e-08  1.20000000e+00  7.12286672e-08  1.06362991e-10  2.20789391e-14 
 4.16827614e-08  4.16827614e-08  1.20000000e+00  7.12286669e-08  1.06362991e-10  2.20789402e-14 
 4.16927614e-08  4.16927614e-08  1.20000000e+00  7.12286670e-08  1.06362991e-10  2.20789412e-14 
 4.17027614e-08  4.17027614e-08  1.20000000e+00  7.12286671e-08  1.06362991e-10  2.20789423e-14 
 4.17127614e-08  4.17127614e-08  1.20000000e+00  7.12286670e-08  1.06362991e-10  2.20789434e-14 
 4.17227614e-08  4.17227614e-08  1.20000000e+00  7.12286670e-08  1.06362991e-10  2.20789444e-14 
 4.17327614e-08  4.17327614e-08  1.20000000e+00  7.12286669e-08  1.06362991e-10  2.20789455e-14 
 4.17427614e-08  4.17427614e-08  1.20000000e+00  7.12286670e-08  1.06362991e-10  2.20789466e-14 
 4.17527614e-08  4.17527614e-08  1.20000000e+00  7.12286670e-08  1.06362991e-10  2.20789476e-14 
 4.17627614e-08  4.17627614e-08  1.20000000e+00  7.12286670e-08  1.06362991e-10  2.20789487e-14 
 4.17727614e-08  4.17727614e-08  1.20000000e+00  7.12286669e-08  1.06362991e-10  2.20789498e-14 
 4.17827614e-08  4.17827614e-08  1.20000000e+00  7.12286670e-08  1.06362991e-10  2.20789508e-14 
 4.17927614e-08  4.17927614e-08  1.20000000e+00  7.12286669e-08  1.06362991e-10  2.20789519e-14 
 4.18027614e-08  4.18027614e-08  1.20000000e+00  7.12286670e-08  1.06362991e-10  2.20789529e-14 
 4.18127614e-08  4.18127614e-08  1.20000000e+00  7.12286669e-08  1.06362991e-10  2.20789540e-14 
 4.18227614e-08  4.18227614e-08  1.20000000e+00  7.12286670e-08  1.06362991e-10  2.20789551e-14 
 4.18327614e-08  4.18327614e-08  1.20000000e+00  7.12286669e-08  1.06362991e-10  2.20789561e-14 
 4.18427614e-08  4.18427614e-08  1.20000000e+00  7.12286670e-08  1.06362991e-10  2.20789572e-14 
 4.18527614e-08  4.18527614e-08  1.20000000e+00  7.12286669e-08  1.06362991e-10  2.20789583e-14 
 4.18627614e-08  4.18627614e-08  1.20000000e+00  7.12286670e-08  1.06362991e-10  2.20789593e-14 
 4.18727614e-08  4.18727614e-08  1.20000000e+00  7.12286669e-08  1.06362991e-10  2.20789604e-14 
 4.18827614e-08  4.18827614e-08  1.20000000e+00  7.12286670e-08  1.06362991e-10  2.20789615e-14 
 4.18927614e-08  4.18927614e-08  1.20000000e+00  7.12286669e-08  1.06362991e-10  2.20789625e-14 
 4.19027614e-08  4.19027614e-08  1.20000000e+00  7.12286670e-08  1.06362991e-10  2.20789636e-14 
 4.19127614e-08  4.19127614e-08  1.20000000e+00  7.12286669e-08  1.06362991e-10  2.20789646e-14 
 4.19227614e-08  4.19227614e-08  1.20000000e+00  7.12286670e-08  1.06362991e-10  2.20789657e-14 
 4.19327614e-08  4.19327614e-08  1.20000000e+00  7.12286669e-08  1.06362991e-10  2.20789668e-14 
 4.19427614e-08  4.19427614e-08  1.20000000e+00  7.12286670e-08  1.06362991e-10  2.20789678e-14 
 4.19527614e-08  4.19527614e-08  1.20000000e+00  7.12286669e-08  1.06362991e-10  2.20789689e-14 
 4.19627614e-08  4.19627614e-08  1.20000000e+00  7.12286670e-08  1.06362991e-10  2.20789700e-14 
 4.19727614e-08  4.19727614e-08  1.20000000e+00  7.12286669e-08  1.06362991e-10  2.20789710e-14 
 4.19827614e-08  4.19827614e-08  1.20000000e+00  7.12286670e-08  1.06362991e-10  2.20789721e-14 
 4.19927614e-08  4.19927614e-08  1.20000000e+00  7.12286669e-08  1.06362991e-10  2.20789732e-14 
 4.20027614e-08  4.20027614e-08  1.20000000e+00  7.12286670e-08  1.06362991e-10  2.20789742e-14 
 4.20127614e-08  4.20127614e-08  1.20000000e+00  7.12286669e-08  1.06362991e-10  2.20789753e-14 
 4.20227614e-08  4.20227614e-08  1.20000000e+00  7.12286670e-08  1.06362991e-10  2.20789763e-14 
 4.20327614e-08  4.20327614e-08  1.20000000e+00  7.12286669e-08  1.06362991e-10  2.20789774e-14 
 4.20427614e-08  4.20427614e-08  1.20000000e+00  7.12286670e-08  1.06362991e-10  2.20789785e-14 
 4.20527614e-08  4.20527614e-08  1.20000000e+00  7.12286669e-08  1.06362991e-10  2.20789795e-14 
 4.20627614e-08  4.20627614e-08  1.20000000e+00  7.12286670e-08  1.06362991e-10  2.20789806e-14 
 4.20727614e-08  4.20727614e-08  1.20000000e+00  7.12286669e-08  1.06362991e-10  2.20789817e-14 
 4.20827614e-08  4.20827614e-08  1.20000000e+00  7.12286670e-08  1.06362991e-10  2.20789827e-14 
 4.20927614e-08  4.20927614e-08  1.20000000e+00  7.12286669e-08  1.06362991e-10  2.20789838e-14 
 4.21027614e-08  4.21027614e-08  1.20000000e+00  7.12286670e-08  1.06362991e-10  2.20789849e-14 
 4.21127614e-08  4.21127614e-08  1.20000000e+00  7.12286669e-08  1.06362991e-10  2.20789859e-14 
 4.21227614e-08  4.21227614e-08  1.20000000e+00  7.12286670e-08  1.06362991e-10  2.20789870e-14 
 4.21327614e-08  4.21327614e-08  1.20000000e+00  7.12286669e-08  1.06362991e-10  2.20789880e-14 
 4.21427614e-08  4.21427614e-08  1.20000000e+00  7.12286670e-08  1.06362991e-10  2.20789891e-14 
 4.21527614e-08  4.21527614e-08  1.20000000e+00  7.12286669e-08  1.06362991e-10  2.20789902e-14 
 4.21627614e-08  4.21627614e-08  1.20000000e+00  7.12286670e-08  1.06362991e-10  2.20789912e-14 
 4.21727614e-08  4.21727614e-08  1.20000000e+00  7.12286669e-08  1.06362991e-10  2.20789923e-14 
 4.21827614e-08  4.21827614e-08  1.20000000e+00  7.12286670e-08  1.06362991e-10  2.20789934e-14 
 4.21927614e-08  4.21927614e-08  1.20000000e+00  7.12286669e-08  1.06362991e-10  2.20789944e-14 
 4.22027614e-08  4.22027614e-08  1.20000000e+00  7.12286670e-08  1.06362991e-10  2.20789955e-14 
 4.22127614e-08  4.22127614e-08  1.20000000e+00  7.12286669e-08  1.06362991e-10  2.20789966e-14 
 4.22227614e-08  4.22227614e-08  1.20000000e+00  7.12286670e-08  1.06362991e-10  2.20789976e-14 
 4.22327614e-08  4.22327614e-08  1.20000000e+00  7.12286669e-08  1.06362991e-10  2.20789987e-14 
 4.22427614e-08  4.22427614e-08  1.20000000e+00  7.12286670e-08  1.06362991e-10  2.20789997e-14 
 4.22527614e-08  4.22527614e-08  1.20000000e+00  7.12286669e-08  1.06362991e-10  2.20790008e-14 
 4.22627614e-08  4.22627614e-08  1.20000000e+00  7.12286670e-08  1.06362991e-10  2.20790019e-14 
 4.22727614e-08  4.22727614e-08  1.20000000e+00  7.12286669e-08  1.06362991e-10  2.20790029e-14 
 4.22827614e-08  4.22827614e-08  1.20000000e+00  7.12286670e-08  1.06362991e-10  2.20790040e-14 
 4.22927614e-08  4.22927614e-08  1.20000000e+00  7.12286669e-08  1.06362991e-10  2.20790051e-14 
 4.23027614e-08  4.23027614e-08  1.20000000e+00  7.12286670e-08  1.06362991e-10  2.20790061e-14 
 4.23127614e-08  4.23127614e-08  1.20000000e+00  7.12286669e-08  1.06362991e-10  2.20790072e-14 
 4.23227614e-08  4.23227614e-08  1.20000000e+00  7.12286670e-08  1.06362991e-10  2.20790083e-14 
 4.23327614e-08  4.23327614e-08  1.20000000e+00  7.12286669e-08  1.06362991e-10  2.20790093e-14 
 4.23427614e-08  4.23427614e-08  1.20000000e+00  7.12286670e-08  1.06362991e-10  2.20790104e-14 
 4.23527614e-08  4.23527614e-08  1.20000000e+00  7.12286669e-08  1.06362991e-10  2.20790114e-14 
 4.23627614e-08  4.23627614e-08  1.20000000e+00  7.12286670e-08  1.06362991e-10  2.20790125e-14 
 4.23727614e-08  4.23727614e-08  1.20000000e+00  7.12286669e-08  1.06362991e-10  2.20790136e-14 
 4.23827614e-08  4.23827614e-08  1.20000000e+00  7.12286670e-08  1.06362991e-10  2.20790146e-14 
 4.23927614e-08  4.23927614e-08  1.20000000e+00  7.12286669e-08  1.06362991e-10  2.20790157e-14 
 4.24027614e-08  4.24027614e-08  1.20000000e+00  7.12286670e-08  1.06362991e-10  2.20790168e-14 
 4.24127614e-08  4.24127614e-08  1.20000000e+00  7.12286669e-08  1.06362991e-10  2.20790178e-14 
 4.24227614e-08  4.24227614e-08  1.20000000e+00  7.12286670e-08  1.06362991e-10  2.20790189e-14 
 4.24327614e-08  4.24327614e-08  1.20000000e+00  7.12286669e-08  1.06362991e-10  2.20790200e-14 
 4.24427614e-08  4.24427614e-08  1.20000000e+00  7.12286670e-08  1.06362991e-10  2.20790210e-14 
 4.24527614e-08  4.24527614e-08  1.20000000e+00  7.12286669e-08  1.06362991e-10  2.20790221e-14 
 4.24627614e-08  4.24627614e-08  1.20000000e+00  7.12286670e-08  1.06362991e-10  2.20790231e-14 
 4.24727614e-08  4.24727614e-08  1.20000000e+00  7.12286669e-08  1.06362991e-10  2.20790242e-14 
 4.24827614e-08  4.24827614e-08  1.20000000e+00  7.12286670e-08  1.06362991e-10  2.20790253e-14 
 4.24927614e-08  4.24927614e-08  1.20000000e+00  7.12286669e-08  1.06362991e-10  2.20790263e-14 
 4.25027614e-08  4.25027614e-08  1.20000000e+00  7.12286670e-08  1.06362991e-10  2.20790274e-14 
 4.25127614e-08  4.25127614e-08  1.20000000e+00  7.12286669e-08  1.06362991e-10  2.20790285e-14 
 4.25227614e-08  4.25227614e-08  1.20000000e+00  7.12286670e-08  1.06362991e-10  2.20790295e-14 
 4.25327614e-08  4.25327614e-08  1.20000000e+00  7.12286669e-08  1.06362991e-10  2.20790306e-14 
 4.25427614e-08  4.25427614e-08  1.20000000e+00  7.12286670e-08  1.06362991e-10  2.20790317e-14 
 4.25527614e-08  4.25527614e-08  1.20000000e+00  7.12286669e-08  1.06362991e-10  2.20790327e-14 
 4.25627614e-08  4.25627614e-08  1.20000000e+00  7.12286670e-08  1.06362991e-10  2.20790338e-14 
 4.25727614e-08  4.25727614e-08  1.20000000e+00  7.12286669e-08  1.06362991e-10  2.20790348e-14 
 4.25827614e-08  4.25827614e-08  1.20000000e+00  7.12286670e-08  1.06362991e-10  2.20790359e-14 
 4.25927614e-08  4.25927614e-08  1.20000000e+00  7.12286669e-08  1.06362991e-10  2.20790370e-14 
 4.26027614e-08  4.26027614e-08  1.20000000e+00  7.12286670e-08  1.06362991e-10  2.20790380e-14 
 4.26127614e-08  4.26127614e-08  1.20000000e+00  7.12286669e-08  1.06362991e-10  2.20790391e-14 
 4.26227614e-08  4.26227614e-08  1.20000000e+00  7.12286670e-08  1.06362991e-10  2.20790402e-14 
 4.26327614e-08  4.26327614e-08  1.20000000e+00  7.12286669e-08  1.06362991e-10  2.20790412e-14 
 4.26427614e-08  4.26427614e-08  1.20000000e+00  7.12286670e-08  1.06362991e-10  2.20790423e-14 
 4.26527614e-08  4.26527614e-08  1.20000000e+00  7.12286669e-08  1.06362991e-10  2.20790434e-14 
 4.26627614e-08  4.26627614e-08  1.20000000e+00  7.12286670e-08  1.06362991e-10  2.20790444e-14 
 4.26727614e-08  4.26727614e-08  1.20000000e+00  7.12286669e-08  1.06362991e-10  2.20790455e-14 
 4.26827614e-08  4.26827614e-08  1.20000000e+00  7.12286670e-08  1.06362991e-10  2.20790465e-14 
 4.26927614e-08  4.26927614e-08  1.20000000e+00  7.12286669e-08  1.06362991e-10  2.20790476e-14 
 4.27027614e-08  4.27027614e-08  1.20000000e+00  7.12286670e-08  1.06362991e-10  2.20790487e-14 
 4.27127614e-08  4.27127614e-08  1.20000000e+00  7.12286669e-08  1.06362991e-10  2.20790497e-14 
 4.27227614e-08  4.27227614e-08  1.20000000e+00  7.12286670e-08  1.06362991e-10  2.20790508e-14 
 4.27327614e-08  4.27327614e-08  1.20000000e+00  7.12286669e-08  1.06362991e-10  2.20790519e-14 
 4.27427614e-08  4.27427614e-08  1.20000000e+00  7.12286670e-08  1.06362991e-10  2.20790529e-14 
 4.27527614e-08  4.27527614e-08  1.20000000e+00  7.12286669e-08  1.06362991e-10  2.20790540e-14 
 4.27627614e-08  4.27627614e-08  1.20000000e+00  7.12286670e-08  1.06362991e-10  2.20790551e-14 
 4.27727614e-08  4.27727614e-08  1.20000000e+00  7.12286669e-08  1.06362991e-10  2.20790561e-14 
 4.27827614e-08  4.27827614e-08  1.20000000e+00  7.12286670e-08  1.06362991e-10  2.20790572e-14 
 4.27927614e-08  4.27927614e-08  1.20000000e+00  7.12286669e-08  1.06362991e-10  2.20790582e-14 
 4.28027614e-08  4.28027614e-08  1.20000000e+00  7.12286670e-08  1.06362991e-10  2.20790593e-14 
 4.28127614e-08  4.28127614e-08  1.20000000e+00  7.12286669e-08  1.06362991e-10  2.20790604e-14 
 4.28227614e-08  4.28227614e-08  1.20000000e+00  7.12286670e-08  1.06362991e-10  2.20790614e-14 
 4.28327614e-08  4.28327614e-08  1.20000000e+00  7.12286669e-08  1.06362991e-10  2.20790625e-14 
 4.28427614e-08  4.28427614e-08  1.20000000e+00  7.12286670e-08  1.06362991e-10  2.20790636e-14 
 4.28527614e-08  4.28527614e-08  1.20000000e+00  7.12286669e-08  1.06362991e-10  2.20790646e-14 
 4.28627614e-08  4.28627614e-08  1.20000000e+00  7.12286670e-08  1.06362991e-10  2.20790657e-14 
 4.28727614e-08  4.28727614e-08  1.20000000e+00  7.12286669e-08  1.06362991e-10  2.20790668e-14 
 4.28827614e-08  4.28827614e-08  1.20000000e+00  7.12286670e-08  1.06362991e-10  2.20790678e-14 
 4.28927614e-08  4.28927614e-08  1.20000000e+00  7.12286669e-08  1.06362991e-10  2.20790689e-14 
 4.29027614e-08  4.29027614e-08  1.20000000e+00  7.12286670e-08  1.06362991e-10  2.20790699e-14 
 4.29127614e-08  4.29127614e-08  1.20000000e+00  7.12286669e-08  1.06362991e-10  2.20790710e-14 
 4.29227614e-08  4.29227614e-08  1.20000000e+00  7.12286670e-08  1.06362991e-10  2.20790721e-14 
 4.29327614e-08  4.29327614e-08  1.20000000e+00  7.12286669e-08  1.06362991e-10  2.20790731e-14 
 4.29427614e-08  4.29427614e-08  1.20000000e+00  7.12286670e-08  1.06362991e-10  2.20790742e-14 
 4.29527614e-08  4.29527614e-08  1.20000000e+00  7.12286669e-08  1.06362991e-10  2.20790753e-14 
 4.29627614e-08  4.29627614e-08  1.20000000e+00  7.12286670e-08  1.06362991e-10  2.20790763e-14 
 4.29727614e-08  4.29727614e-08  1.20000000e+00  7.12286669e-08  1.06362991e-10  2.20790774e-14 
 4.29827614e-08  4.29827614e-08  1.20000000e+00  7.12286670e-08  1.06362991e-10  2.20790785e-14 
 4.29927614e-08  4.29927614e-08  1.20000000e+00  7.12286669e-08  1.06362991e-10  2.20790795e-14 
 4.30027614e-08  4.30027614e-08  1.20000000e+00  7.12286670e-08  1.06362991e-10  2.20790806e-14 
 4.30127614e-08  4.30127614e-08  1.20000000e+00  7.12286669e-08  1.06362991e-10  2.20790816e-14 
 4.30227614e-08  4.30227614e-08  1.20000000e+00  7.12286670e-08  1.06362991e-10  2.20790827e-14 
 4.30327614e-08  4.30327614e-08  1.20000000e+00  7.12286669e-08  1.06362991e-10  2.20790838e-14 
 4.30427614e-08  4.30427614e-08  1.20000000e+00  7.12286670e-08  1.06362991e-10  2.20790848e-14 
 4.30527614e-08  4.30527614e-08  1.20000000e+00  7.12286669e-08  1.06362991e-10  2.20790859e-14 
 4.30627614e-08  4.30627614e-08  1.20000000e+00  7.12286670e-08  1.06362991e-10  2.20790870e-14 
 4.30727614e-08  4.30727614e-08  1.20000000e+00  7.12286669e-08  1.06362991e-10  2.20790880e-14 
 4.30827614e-08  4.30827614e-08  1.20000000e+00  7.12286670e-08  1.06362991e-10  2.20790891e-14 
 4.30927614e-08  4.30927614e-08  1.20000000e+00  7.12286669e-08  1.06362991e-10  2.20790902e-14 
 4.31027614e-08  4.31027614e-08  1.20000000e+00  7.12286670e-08  1.06362991e-10  2.20790912e-14 
 4.31127614e-08  4.31127614e-08  1.20000000e+00  7.12286669e-08  1.06362991e-10  2.20790923e-14 
 4.31227614e-08  4.31227614e-08  1.20000000e+00  7.12286670e-08  1.06362991e-10  2.20790933e-14 
 4.31327614e-08  4.31327614e-08  1.20000000e+00  7.12286669e-08  1.06362991e-10  2.20790944e-14 
 4.31427614e-08  4.31427614e-08  1.20000000e+00  7.12286670e-08  1.06362991e-10  2.20790955e-14 
 4.31527614e-08  4.31527614e-08  1.20000000e+00  7.12286669e-08  1.06362991e-10  2.20790965e-14 
 4.31627614e-08  4.31627614e-08  1.20000000e+00  7.12286670e-08  1.06362991e-10  2.20790976e-14 
 4.31727614e-08  4.31727614e-08  1.20000000e+00  7.12286669e-08  1.06362991e-10  2.20790987e-14 
 4.31827614e-08  4.31827614e-08  1.20000000e+00  7.12286670e-08  1.06362991e-10  2.20790997e-14 
 4.31927614e-08  4.31927614e-08  1.20000000e+00  7.12286669e-08  1.06362991e-10  2.20791008e-14 
 4.32027614e-08  4.32027614e-08  1.20000000e+00  7.12286670e-08  1.06362991e-10  2.20791019e-14 
 4.32127614e-08  4.32127614e-08  1.20000000e+00  7.12286669e-08  1.06362991e-10  2.20791029e-14 
 4.32227614e-08  4.32227614e-08  1.20000000e+00  7.12286670e-08  1.06362991e-10  2.20791040e-14 
 4.32327614e-08  4.32327614e-08  1.20000000e+00  7.12286669e-08  1.06362991e-10  2.20791050e-14 
 4.32427614e-08  4.32427614e-08  1.20000000e+00  7.12286670e-08  1.06362991e-10  2.20791061e-14 
 4.32527614e-08  4.32527614e-08  1.20000000e+00  7.12286669e-08  1.06362991e-10  2.20791072e-14 
 4.32627614e-08  4.32627614e-08  1.20000000e+00  7.12286670e-08  1.06362991e-10  2.20791082e-14 
 4.32727614e-08  4.32727614e-08  1.20000000e+00  7.12286669e-08  1.06362991e-10  2.20791093e-14 
 4.32827614e-08  4.32827614e-08  1.20000000e+00  7.12286670e-08  1.06362991e-10  2.20791104e-14 
 4.32927614e-08  4.32927614e-08  1.20000000e+00  7.12286669e-08  1.06362991e-10  2.20791114e-14 
 4.33027614e-08  4.33027614e-08  1.20000000e+00  7.12286670e-08  1.06362991e-10  2.20791125e-14 
 4.33127614e-08  4.33127614e-08  1.20000000e+00  7.12286669e-08  1.06362991e-10  2.20791136e-14 
 4.33227614e-08  4.33227614e-08  1.20000000e+00  7.12286670e-08  1.06362991e-10  2.20791146e-14 
 4.33327614e-08  4.33327614e-08  1.20000000e+00  7.12286669e-08  1.06362991e-10  2.20791157e-14 
 4.33427614e-08  4.33427614e-08  1.20000000e+00  7.12286670e-08  1.06362991e-10  2.20791167e-14 
 4.33527614e-08  4.33527614e-08  1.20000000e+00  7.12286669e-08  1.06362991e-10  2.20791178e-14 
 4.33627614e-08  4.33627614e-08  1.20000000e+00  7.12286670e-08  1.06362991e-10  2.20791189e-14 
 4.33727614e-08  4.33727614e-08  1.20000000e+00  7.12286669e-08  1.06362991e-10  2.20791199e-14 
 4.33827614e-08  4.33827614e-08  1.20000000e+00  7.12286670e-08  1.06362991e-10  2.20791210e-14 
 4.33927614e-08  4.33927614e-08  1.20000000e+00  7.12286669e-08  1.06362991e-10  2.20791221e-14 
 4.34027614e-08  4.34027614e-08  1.20000000e+00  7.12286670e-08  1.06362991e-10  2.20791231e-14 
 4.34127614e-08  4.34127614e-08  1.20000000e+00  7.12286669e-08  1.06362991e-10  2.20791242e-14 
 4.34227614e-08  4.34227614e-08  1.20000000e+00  7.12286670e-08  1.06362991e-10  2.20791253e-14 
 4.34327614e-08  4.34327614e-08  1.20000000e+00  7.12286669e-08  1.06362991e-10  2.20791263e-14 
 4.34427614e-08  4.34427614e-08  1.20000000e+00  7.12286670e-08  1.06362991e-10  2.20791274e-14 
 4.34527614e-08  4.34527614e-08  1.20000000e+00  7.12286669e-08  1.06362991e-10  2.20791284e-14 
 4.34627614e-08  4.34627614e-08  1.20000000e+00  7.12286670e-08  1.06362991e-10  2.20791295e-14 
 4.34727614e-08  4.34727614e-08  1.20000000e+00  7.12286669e-08  1.06362991e-10  2.20791306e-14 
 4.34827614e-08  4.34827614e-08  1.20000000e+00  7.12286670e-08  1.06362991e-10  2.20791316e-14 
 4.34927614e-08  4.34927614e-08  1.20000000e+00  7.12286669e-08  1.06362991e-10  2.20791327e-14 
 4.35027614e-08  4.35027614e-08  1.20000000e+00  7.12286670e-08  1.06362991e-10  2.20791338e-14 
 4.35127614e-08  4.35127614e-08  1.20000000e+00  7.12286669e-08  1.06362991e-10  2.20791348e-14 
 4.35227614e-08  4.35227614e-08  1.20000000e+00  7.12286670e-08  1.06362991e-10  2.20791359e-14 
 4.35327614e-08  4.35327614e-08  1.20000000e+00  7.12286669e-08  1.06362991e-10  2.20791370e-14 
 4.35427614e-08  4.35427614e-08  1.20000000e+00  7.12286670e-08  1.06362991e-10  2.20791380e-14 
 4.35527614e-08  4.35527614e-08  1.20000000e+00  7.12286669e-08  1.06362991e-10  2.20791391e-14 
 4.35627614e-08  4.35627614e-08  1.20000000e+00  7.12286670e-08  1.06362991e-10  2.20791401e-14 
 4.35727614e-08  4.35727614e-08  1.20000000e+00  7.12286669e-08  1.06362991e-10  2.20791412e-14 
 4.35827614e-08  4.35827614e-08  1.20000000e+00  7.12286670e-08  1.06362991e-10  2.20791423e-14 
 4.35927614e-08  4.35927614e-08  1.20000000e+00  7.12286669e-08  1.06362991e-10  2.20791433e-14 
 4.36027614e-08  4.36027614e-08  1.20000000e+00  7.12286670e-08  1.06362991e-10  2.20791444e-14 
 4.36127614e-08  4.36127614e-08  1.20000000e+00  7.12286669e-08  1.06362991e-10  2.20791455e-14 
 4.36227614e-08  4.36227614e-08  1.20000000e+00  7.12286670e-08  1.06362991e-10  2.20791465e-14 
 4.36327614e-08  4.36327614e-08  1.20000000e+00  7.12286669e-08  1.06362991e-10  2.20791476e-14 
 4.36427614e-08  4.36427614e-08  1.20000000e+00  7.12286670e-08  1.06362991e-10  2.20791487e-14 
 4.36527614e-08  4.36527614e-08  1.20000000e+00  7.12286669e-08  1.06362991e-10  2.20791497e-14 
 4.36627614e-08  4.36627614e-08  1.20000000e+00  7.12286670e-08  1.06362991e-10  2.20791508e-14 
 4.36727614e-08  4.36727614e-08  1.20000000e+00  7.12286669e-08  1.06362991e-10  2.20791518e-14 
 4.36827614e-08  4.36827614e-08  1.20000000e+00  7.12286670e-08  1.06362991e-10  2.20791529e-14 
 4.36927614e-08  4.36927614e-08  1.20000000e+00  7.12286669e-08  1.06362991e-10  2.20791540e-14 
 4.37027614e-08  4.37027614e-08  1.20000000e+00  7.12286670e-08  1.06362991e-10  2.20791550e-14 
 4.37127614e-08  4.37127614e-08  1.20000000e+00  7.12286669e-08  1.06362991e-10  2.20791561e-14 
 4.37227614e-08  4.37227614e-08  1.20000000e+00  7.12286670e-08  1.06362991e-10  2.20791572e-14 
 4.37327614e-08  4.37327614e-08  1.20000000e+00  7.12286669e-08  1.06362991e-10  2.20791582e-14 
 4.37427614e-08  4.37427614e-08  1.20000000e+00  7.12286670e-08  1.06362991e-10  2.20791593e-14 
 4.37527614e-08  4.37527614e-08  1.20000000e+00  7.12286669e-08  1.06362991e-10  2.20791604e-14 
 4.37627614e-08  4.37627614e-08  1.20000000e+00  7.12286670e-08  1.06362991e-10  2.20791614e-14 
 4.37727614e-08  4.37727614e-08  1.20000000e+00  7.12286669e-08  1.06362991e-10  2.20791625e-14 
 4.37827614e-08  4.37827614e-08  1.20000000e+00  7.12286670e-08  1.06362991e-10  2.20791635e-14 
 4.37927614e-08  4.37927614e-08  1.20000000e+00  7.12286669e-08  1.06362991e-10  2.20791646e-14 
 4.38027614e-08  4.38027614e-08  1.20000000e+00  7.12286670e-08  1.06362991e-10  2.20791657e-14 
 4.38127614e-08  4.38127614e-08  1.20000000e+00  7.12286669e-08  1.06362991e-10  2.20791667e-14 
 4.38227614e-08  4.38227614e-08  1.20000000e+00  7.12286670e-08  1.06362991e-10  2.20791678e-14 
 4.38327614e-08  4.38327614e-08  1.20000000e+00  7.12286669e-08  1.06362991e-10  2.20791689e-14 
 4.38427614e-08  4.38427614e-08  1.20000000e+00  7.12286670e-08  1.06362991e-10  2.20791699e-14 
 4.38527614e-08  4.38527614e-08  1.20000000e+00  7.12286669e-08  1.06362991e-10  2.20791710e-14 
 4.38627614e-08  4.38627614e-08  1.20000000e+00  7.12286670e-08  1.06362991e-10  2.20791721e-14 
 4.38727614e-08  4.38727614e-08  1.20000000e+00  7.12286669e-08  1.06362991e-10  2.20791731e-14 
 4.38827614e-08  4.38827614e-08  1.20000000e+00  7.12286670e-08  1.06362991e-10  2.20791742e-14 
 4.38927614e-08  4.38927614e-08  1.20000000e+00  7.12286669e-08  1.06362991e-10  2.20791752e-14 
 4.39027614e-08  4.39027614e-08  1.20000000e+00  7.12286670e-08  1.06362991e-10  2.20791763e-14 
 4.39127614e-08  4.39127614e-08  1.20000000e+00  7.12286669e-08  1.06362991e-10  2.20791774e-14 
 4.39227614e-08  4.39227614e-08  1.20000000e+00  7.12286670e-08  1.06362991e-10  2.20791784e-14 
 4.39327614e-08  4.39327614e-08  1.20000000e+00  7.12286669e-08  1.06362991e-10  2.20791795e-14 
 4.39427614e-08  4.39427614e-08  1.20000000e+00  7.12286670e-08  1.06362991e-10  2.20791806e-14 
 4.39527614e-08  4.39527614e-08  1.20000000e+00  7.12286669e-08  1.06362991e-10  2.20791816e-14 
 4.39627614e-08  4.39627614e-08  1.20000000e+00  7.12286670e-08  1.06362991e-10  2.20791827e-14 
 4.39727614e-08  4.39727614e-08  1.20000000e+00  7.12286669e-08  1.06362991e-10  2.20791838e-14 
 4.39827614e-08  4.39827614e-08  1.20000000e+00  7.12286670e-08  1.06362991e-10  2.20791848e-14 
 4.39927614e-08  4.39927614e-08  1.20000000e+00  7.12286669e-08  1.06362991e-10  2.20791859e-14 
 4.40027614e-08  4.40027614e-08  1.20000000e+00  7.12286670e-08  1.06362991e-10  2.20791869e-14 
 4.40127614e-08  4.40127614e-08  1.20000000e+00  7.12286669e-08  1.06362991e-10  2.20791880e-14 
 4.40227614e-08  4.40227614e-08  1.20000000e+00  7.12286670e-08  1.06362991e-10  2.20791891e-14 
 4.40327614e-08  4.40327614e-08  1.20000000e+00  7.12286669e-08  1.06362991e-10  2.20791901e-14 
 4.40427614e-08  4.40427614e-08  1.20000000e+00  7.12286670e-08  1.06362991e-10  2.20791912e-14 
 4.40527614e-08  4.40527614e-08  1.20000000e+00  7.12286669e-08  1.06362991e-10  2.20791923e-14 
 4.40627614e-08  4.40627614e-08  1.20000000e+00  7.12286670e-08  1.06362991e-10  2.20791933e-14 
 4.40727614e-08  4.40727614e-08  1.20000000e+00  7.12286669e-08  1.06362991e-10  2.20791944e-14 
 4.40827614e-08  4.40827614e-08  1.20000000e+00  7.12286670e-08  1.06362991e-10  2.20791955e-14 
 4.40927614e-08  4.40927614e-08  1.20000000e+00  7.12286669e-08  1.06362991e-10  2.20791965e-14 
 4.41027614e-08  4.41027614e-08  1.20000000e+00  7.12286670e-08  1.06362991e-10  2.20791976e-14 
 4.41127614e-08  4.41127614e-08  1.20000000e+00  7.12286669e-08  1.06362991e-10  2.20791986e-14 
 4.41227614e-08  4.41227614e-08  1.20000000e+00  7.12286670e-08  1.06362991e-10  2.20791997e-14 
 4.41327614e-08  4.41327614e-08  1.20000000e+00  7.12286669e-08  1.06362991e-10  2.20792008e-14 
 4.41427614e-08  4.41427614e-08  1.20000000e+00  7.12286670e-08  1.06362991e-10  2.20792018e-14 
 4.41527614e-08  4.41527614e-08  1.20000000e+00  7.12286669e-08  1.06362991e-10  2.20792029e-14 
 4.41627614e-08  4.41627614e-08  1.20000000e+00  7.12286670e-08  1.06362991e-10  2.20792040e-14 
 4.41727614e-08  4.41727614e-08  1.20000000e+00  7.12286669e-08  1.06362991e-10  2.20792050e-14 
 4.41827614e-08  4.41827614e-08  1.20000000e+00  7.12286670e-08  1.06362991e-10  2.20792061e-14 
 4.41927614e-08  4.41927614e-08  1.20000000e+00  7.12286669e-08  1.06362991e-10  2.20792072e-14 
 4.42027614e-08  4.42027614e-08  1.20000000e+00  7.12286670e-08  1.06362991e-10  2.20792082e-14 
 4.42127614e-08  4.42127614e-08  1.20000000e+00  7.12286669e-08  1.06362991e-10  2.20792093e-14 
 4.42227614e-08  4.42227614e-08  1.20000000e+00  7.12286670e-08  1.06362991e-10  2.20792103e-14 
 4.42327614e-08  4.42327614e-08  1.20000000e+00  7.12286669e-08  1.06362991e-10  2.20792114e-14 
 4.42427614e-08  4.42427614e-08  1.20000000e+00  7.12286670e-08  1.06362991e-10  2.20792125e-14 
 4.42527614e-08  4.42527614e-08  1.20000000e+00  7.12286669e-08  1.06362991e-10  2.20792135e-14 
 4.42627614e-08  4.42627614e-08  1.20000000e+00  7.12286670e-08  1.06362991e-10  2.20792146e-14 
 4.42727614e-08  4.42727614e-08  1.20000000e+00  7.12286669e-08  1.06362991e-10  2.20792157e-14 
 4.42827614e-08  4.42827614e-08  1.20000000e+00  7.12286670e-08  1.06362991e-10  2.20792167e-14 
 4.42927614e-08  4.42927614e-08  1.20000000e+00  7.12286669e-08  1.06362991e-10  2.20792178e-14 
 4.43027614e-08  4.43027614e-08  1.20000000e+00  7.12286670e-08  1.06362991e-10  2.20792189e-14 
 4.43127614e-08  4.43127614e-08  1.20000000e+00  7.12286669e-08  1.06362991e-10  2.20792199e-14 
 4.43227614e-08  4.43227614e-08  1.20000000e+00  7.12286670e-08  1.06362991e-10  2.20792210e-14 
 4.43327614e-08  4.43327614e-08  1.20000000e+00  7.12286669e-08  1.06362991e-10  2.20792220e-14 
 4.43427614e-08  4.43427614e-08  1.20000000e+00  7.12286670e-08  1.06362991e-10  2.20792231e-14 
 4.43527614e-08  4.43527614e-08  1.20000000e+00  7.12286669e-08  1.06362991e-10  2.20792242e-14 
 4.43627614e-08  4.43627614e-08  1.20000000e+00  7.12286670e-08  1.06362991e-10  2.20792252e-14 
 4.43727614e-08  4.43727614e-08  1.20000000e+00  7.12286669e-08  1.06362991e-10  2.20792263e-14 
 4.43827614e-08  4.43827614e-08  1.20000000e+00  7.12286670e-08  1.06362991e-10  2.20792274e-14 
 4.43927614e-08  4.43927614e-08  1.20000000e+00  7.12286669e-08  1.06362991e-10  2.20792284e-14 
 4.44027614e-08  4.44027614e-08  1.20000000e+00  7.12286670e-08  1.06362991e-10  2.20792295e-14 
 4.44127614e-08  4.44127614e-08  1.20000000e+00  7.12286669e-08  1.06362991e-10  2.20792306e-14 
 4.44227614e-08  4.44227614e-08  1.20000000e+00  7.12286670e-08  1.06362991e-10  2.20792316e-14 
 4.44327614e-08  4.44327614e-08  1.20000000e+00  7.12286669e-08  1.06362991e-10  2.20792327e-14 
 4.44427614e-08  4.44427614e-08  1.20000000e+00  7.12286670e-08  1.06362991e-10  2.20792337e-14 
 4.44527614e-08  4.44527614e-08  1.20000000e+00  7.12286669e-08  1.06362991e-10  2.20792348e-14 
 4.44627614e-08  4.44627614e-08  1.20000000e+00  7.12286670e-08  1.06362991e-10  2.20792359e-14 
 4.44727614e-08  4.44727614e-08  1.20000000e+00  7.12286669e-08  1.06362991e-10  2.20792369e-14 
 4.44827614e-08  4.44827614e-08  1.20000000e+00  7.12286670e-08  1.06362991e-10  2.20792380e-14 
 4.44927614e-08  4.44927614e-08  1.20000000e+00  7.12286669e-08  1.06362991e-10  2.20792391e-14 
 4.45027614e-08  4.45027614e-08  1.20000000e+00  7.12286670e-08  1.06362991e-10  2.20792401e-14 
 4.45127614e-08  4.45127614e-08  1.20000000e+00  7.12286669e-08  1.06362991e-10  2.20792412e-14 
 4.45227614e-08  4.45227614e-08  1.20000000e+00  7.12286670e-08  1.06362991e-10  2.20792423e-14 
 4.45327614e-08  4.45327614e-08  1.20000000e+00  7.12286669e-08  1.06362991e-10  2.20792433e-14 
 4.45427614e-08  4.45427614e-08  1.20000000e+00  7.12286670e-08  1.06362991e-10  2.20792444e-14 
 4.45527614e-08  4.45527614e-08  1.20000000e+00  7.12286669e-08  1.06362991e-10  2.20792454e-14 
 4.45627614e-08  4.45627614e-08  1.20000000e+00  7.12286670e-08  1.06362991e-10  2.20792465e-14 
 4.45727614e-08  4.45727614e-08  1.20000000e+00  7.12286669e-08  1.06362991e-10  2.20792476e-14 
 4.45827614e-08  4.45827614e-08  1.20000000e+00  7.12286670e-08  1.06362991e-10  2.20792486e-14 
 4.45927614e-08  4.45927614e-08  1.20000000e+00  7.12286669e-08  1.06362991e-10  2.20792497e-14 
 4.46027614e-08  4.46027614e-08  1.20000000e+00  7.12286670e-08  1.06362991e-10  2.20792508e-14 
 4.46127614e-08  4.46127614e-08  1.20000000e+00  7.12286669e-08  1.06362991e-10  2.20792518e-14 
 4.46227614e-08  4.46227614e-08  1.20000000e+00  7.12286670e-08  1.06362991e-10  2.20792529e-14 
 4.46327614e-08  4.46327614e-08  1.20000000e+00  7.12286669e-08  1.06362991e-10  2.20792540e-14 
 4.46427614e-08  4.46427614e-08  1.20000000e+00  7.12286670e-08  1.06362991e-10  2.20792550e-14 
 4.46527614e-08  4.46527614e-08  1.20000000e+00  7.12286669e-08  1.06362991e-10  2.20792561e-14 
 4.46627614e-08  4.46627614e-08  1.20000000e+00  7.12286670e-08  1.06362991e-10  2.20792571e-14 
 4.46727614e-08  4.46727614e-08  1.20000000e+00  7.12286669e-08  1.06362991e-10  2.20792582e-14 
 4.46827614e-08  4.46827614e-08  1.20000000e+00  7.12286670e-08  1.06362991e-10  2.20792593e-14 
 4.46927614e-08  4.46927614e-08  1.20000000e+00  7.12286669e-08  1.06362991e-10  2.20792603e-14 
 4.47027614e-08  4.47027614e-08  1.20000000e+00  7.12286670e-08  1.06362991e-10  2.20792614e-14 
 4.47127614e-08  4.47127614e-08  1.20000000e+00  7.12286669e-08  1.06362991e-10  2.20792625e-14 
 4.47227614e-08  4.47227614e-08  1.20000000e+00  7.12286670e-08  1.06362991e-10  2.20792635e-14 
 4.47327614e-08  4.47327614e-08  1.20000000e+00  7.12286669e-08  1.06362991e-10  2.20792646e-14 
 4.47427614e-08  4.47427614e-08  1.20000000e+00  7.12286670e-08  1.06362991e-10  2.20792657e-14 
 4.47527614e-08  4.47527614e-08  1.20000000e+00  7.12286669e-08  1.06362991e-10  2.20792667e-14 
 4.47627614e-08  4.47627614e-08  1.20000000e+00  7.12286670e-08  1.06362991e-10  2.20792678e-14 
 4.47727614e-08  4.47727614e-08  1.20000000e+00  7.12286669e-08  1.06362991e-10  2.20792688e-14 
 4.47827614e-08  4.47827614e-08  1.20000000e+00  7.12286670e-08  1.06362991e-10  2.20792699e-14 
 4.47927614e-08  4.47927614e-08  1.20000000e+00  7.12286669e-08  1.06362991e-10  2.20792710e-14 
 4.48027614e-08  4.48027614e-08  1.20000000e+00  7.12286670e-08  1.06362991e-10  2.20792720e-14 
 4.48127614e-08  4.48127614e-08  1.20000000e+00  7.12286669e-08  1.06362991e-10  2.20792731e-14 
 4.48227614e-08  4.48227614e-08  1.20000000e+00  7.12286670e-08  1.06362991e-10  2.20792742e-14 
 4.48327614e-08  4.48327614e-08  1.20000000e+00  7.12286669e-08  1.06362991e-10  2.20792752e-14 
 4.48427614e-08  4.48427614e-08  1.20000000e+00  7.12286670e-08  1.06362991e-10  2.20792763e-14 
 4.48527614e-08  4.48527614e-08  1.20000000e+00  7.12286669e-08  1.06362991e-10  2.20792774e-14 
 4.48627614e-08  4.48627614e-08  1.20000000e+00  7.12286670e-08  1.06362991e-10  2.20792784e-14 
 4.48727614e-08  4.48727614e-08  1.20000000e+00  7.12286669e-08  1.06362991e-10  2.20792795e-14 
 4.48827614e-08  4.48827614e-08  1.20000000e+00  7.12286670e-08  1.06362991e-10  2.20792805e-14 
 4.48927614e-08  4.48927614e-08  1.20000000e+00  7.12286669e-08  1.06362991e-10  2.20792816e-14 
 4.49027614e-08  4.49027614e-08  1.20000000e+00  7.12286670e-08  1.06362991e-10  2.20792827e-14 
 4.49127614e-08  4.49127614e-08  1.20000000e+00  7.12286669e-08  1.06362991e-10  2.20792837e-14 
 4.49227614e-08  4.49227614e-08  1.20000000e+00  7.12286670e-08  1.06362991e-10  2.20792848e-14 
 4.49327614e-08  4.49327614e-08  1.20000000e+00  7.12286669e-08  1.06362991e-10  2.20792859e-14 
 4.49427614e-08  4.49427614e-08  1.20000000e+00  7.12286670e-08  1.06362991e-10  2.20792869e-14 
 4.49527614e-08  4.49527614e-08  1.20000000e+00  7.12286669e-08  1.06362991e-10  2.20792880e-14 
 4.49627614e-08  4.49627614e-08  1.20000000e+00  7.12286670e-08  1.06362991e-10  2.20792891e-14 
 4.49727614e-08  4.49727614e-08  1.20000000e+00  7.12286669e-08  1.06362991e-10  2.20792901e-14 
 4.49827614e-08  4.49827614e-08  1.20000000e+00  7.12286670e-08  1.06362991e-10  2.20792912e-14 
 4.49927614e-08  4.49927614e-08  1.20000000e+00  7.12286669e-08  1.06362991e-10  2.20792922e-14 
 4.50027614e-08  4.50027614e-08  1.20000000e+00  7.12286670e-08  1.06362991e-10  2.20792933e-14 
 4.50127614e-08  4.50127614e-08  1.20000000e+00  7.12286669e-08  1.06362991e-10  2.20792944e-14 
 4.50227614e-08  4.50227614e-08  1.20000000e+00  7.12286670e-08  1.06362991e-10  2.20792954e-14 
 4.50327614e-08  4.50327614e-08  1.20000000e+00  7.12286669e-08  1.06362991e-10  2.20792965e-14 
 4.50427614e-08  4.50427614e-08  1.20000000e+00  7.12286670e-08  1.06362991e-10  2.20792976e-14 
 4.50527614e-08  4.50527614e-08  1.20000000e+00  7.12286669e-08  1.06362991e-10  2.20792986e-14 
 4.50627614e-08  4.50627614e-08  1.20000000e+00  7.12286670e-08  1.06362991e-10  2.20792997e-14 
 4.50727614e-08  4.50727614e-08  1.20000000e+00  7.12286669e-08  1.06362991e-10  2.20793008e-14 
 4.50827614e-08  4.50827614e-08  1.20000000e+00  7.12286670e-08  1.06362991e-10  2.20793018e-14 
 4.50927614e-08  4.50927614e-08  1.20000000e+00  7.12286669e-08  1.06362991e-10  2.20793029e-14 
 4.51027614e-08  4.51027614e-08  1.20000000e+00  7.12286670e-08  1.06362991e-10  2.20793039e-14 
 4.51127614e-08  4.51127614e-08  1.20000000e+00  7.12286669e-08  1.06362991e-10  2.20793050e-14 
 4.51227614e-08  4.51227614e-08  1.20000000e+00  7.12286670e-08  1.06362991e-10  2.20793061e-14 
 4.51327614e-08  4.51327614e-08  1.20000000e+00  7.12286669e-08  1.06362991e-10  2.20793071e-14 
 4.51427614e-08  4.51427614e-08  1.20000000e+00  7.12286670e-08  1.06362991e-10  2.20793082e-14 
 4.51527614e-08  4.51527614e-08  1.20000000e+00  7.12286669e-08  1.06362991e-10  2.20793093e-14 
 4.51627614e-08  4.51627614e-08  1.20000000e+00  7.12286670e-08  1.06362991e-10  2.20793103e-14 
 4.51727614e-08  4.51727614e-08  1.20000000e+00  7.12286669e-08  1.06362991e-10  2.20793114e-14 
 4.51827614e-08  4.51827614e-08  1.20000000e+00  7.12286670e-08  1.06362991e-10  2.20793125e-14 
 4.51927614e-08  4.51927614e-08  1.20000000e+00  7.12286669e-08  1.06362991e-10  2.20793135e-14 
 4.52027614e-08  4.52027614e-08  1.20000000e+00  7.12286670e-08  1.06362991e-10  2.20793146e-14 
 4.52127614e-08  4.52127614e-08  1.20000000e+00  7.12286669e-08  1.06362991e-10  2.20793156e-14 
 4.52227614e-08  4.52227614e-08  1.20000000e+00  7.12286670e-08  1.06362991e-10  2.20793167e-14 
 4.52327614e-08  4.52327614e-08  1.20000000e+00  7.12286669e-08  1.06362991e-10  2.20793178e-14 
 4.52427614e-08  4.52427614e-08  1.20000000e+00  7.12286670e-08  1.06362991e-10  2.20793188e-14 
 4.52527614e-08  4.52527614e-08  1.20000000e+00  7.12286669e-08  1.06362991e-10  2.20793199e-14 
 4.52627614e-08  4.52627614e-08  1.20000000e+00  7.12286670e-08  1.06362991e-10  2.20793210e-14 
 4.52727614e-08  4.52727614e-08  1.20000000e+00  7.12286669e-08  1.06362991e-10  2.20793220e-14 
 4.52827614e-08  4.52827614e-08  1.20000000e+00  7.12286670e-08  1.06362991e-10  2.20793231e-14 
 4.52927614e-08  4.52927614e-08  1.20000000e+00  7.12286669e-08  1.06362991e-10  2.20793242e-14 
 4.53027614e-08  4.53027614e-08  1.20000000e+00  7.12286670e-08  1.06362991e-10  2.20793252e-14 
 4.53127614e-08  4.53127614e-08  1.20000000e+00  7.12286669e-08  1.06362991e-10  2.20793263e-14 
 4.53227614e-08  4.53227614e-08  1.20000000e+00  7.12286670e-08  1.06362991e-10  2.20793273e-14 
 4.53327614e-08  4.53327614e-08  1.20000000e+00  7.12286669e-08  1.06362991e-10  2.20793284e-14 
 4.53427614e-08  4.53427614e-08  1.20000000e+00  7.12286670e-08  1.06362991e-10  2.20793295e-14 
 4.53527614e-08  4.53527614e-08  1.20000000e+00  7.12286669e-08  1.06362991e-10  2.20793305e-14 
 4.53627614e-08  4.53627614e-08  1.20000000e+00  7.12286670e-08  1.06362991e-10  2.20793316e-14 
 4.53727614e-08  4.53727614e-08  1.20000000e+00  7.12286669e-08  1.06362991e-10  2.20793327e-14 
 4.53827614e-08  4.53827614e-08  1.20000000e+00  7.12286670e-08  1.06362991e-10  2.20793337e-14 
 4.53927614e-08  4.53927614e-08  1.20000000e+00  7.12286669e-08  1.06362991e-10  2.20793348e-14 
 4.54027614e-08  4.54027614e-08  1.20000000e+00  7.12286670e-08  1.06362991e-10  2.20793359e-14 
 4.54127614e-08  4.54127614e-08  1.20000000e+00  7.12286669e-08  1.06362991e-10  2.20793369e-14 
 4.54227614e-08  4.54227614e-08  1.20000000e+00  7.12286670e-08  1.06362991e-10  2.20793380e-14 
 4.54327614e-08  4.54327614e-08  1.20000000e+00  7.12286669e-08  1.06362991e-10  2.20793390e-14 
 4.54427614e-08  4.54427614e-08  1.20000000e+00  7.12286670e-08  1.06362991e-10  2.20793401e-14 
 4.54527614e-08  4.54527614e-08  1.20000000e+00  7.12286669e-08  1.06362991e-10  2.20793412e-14 
 4.54627614e-08  4.54627614e-08  1.20000000e+00  7.12286670e-08  1.06362991e-10  2.20793422e-14 
 4.54727614e-08  4.54727614e-08  1.20000000e+00  7.12286669e-08  1.06362991e-10  2.20793433e-14 
 4.54827614e-08  4.54827614e-08  1.20000000e+00  7.12286670e-08  1.06362991e-10  2.20793444e-14 
 4.54927614e-08  4.54927614e-08  1.20000000e+00  7.12286669e-08  1.06362991e-10  2.20793454e-14 
 4.55027614e-08  4.55027614e-08  1.20000000e+00  7.12286670e-08  1.06362991e-10  2.20793465e-14 
 4.55127614e-08  4.55127614e-08  1.20000000e+00  7.12286669e-08  1.06362991e-10  2.20793476e-14 
 4.55227614e-08  4.55227614e-08  1.20000000e+00  7.12286670e-08  1.06362991e-10  2.20793486e-14 
 4.55327614e-08  4.55327614e-08  1.20000000e+00  7.12286669e-08  1.06362991e-10  2.20793497e-14 
 4.55427614e-08  4.55427614e-08  1.20000000e+00  7.12286670e-08  1.06362991e-10  2.20793507e-14 
 4.55527614e-08  4.55527614e-08  1.20000000e+00  7.12286669e-08  1.06362991e-10  2.20793518e-14 
 4.55627614e-08  4.55627614e-08  1.20000000e+00  7.12286670e-08  1.06362991e-10  2.20793529e-14 
 4.55727614e-08  4.55727614e-08  1.20000000e+00  7.12286669e-08  1.06362991e-10  2.20793539e-14 
 4.55827614e-08  4.55827614e-08  1.20000000e+00  7.12286670e-08  1.06362991e-10  2.20793550e-14 
 4.55927614e-08  4.55927614e-08  1.20000000e+00  7.12286669e-08  1.06362991e-10  2.20793561e-14 
 4.56027614e-08  4.56027614e-08  1.20000000e+00  7.12286670e-08  1.06362991e-10  2.20793571e-14 
 4.56127614e-08  4.56127614e-08  1.20000000e+00  7.12286669e-08  1.06362991e-10  2.20793582e-14 
 4.56227614e-08  4.56227614e-08  1.20000000e+00  7.12286670e-08  1.06362991e-10  2.20793593e-14 
 4.56327614e-08  4.56327614e-08  1.20000000e+00  7.12286669e-08  1.06362991e-10  2.20793603e-14 
 4.56427614e-08  4.56427614e-08  1.20000000e+00  7.12286670e-08  1.06362991e-10  2.20793614e-14 
 4.56527614e-08  4.56527614e-08  1.20000000e+00  7.12286669e-08  1.06362991e-10  2.20793624e-14 
 4.56627614e-08  4.56627614e-08  1.20000000e+00  7.12286670e-08  1.06362991e-10  2.20793635e-14 
 4.56727614e-08  4.56727614e-08  1.20000000e+00  7.12286669e-08  1.06362991e-10  2.20793646e-14 
 4.56827614e-08  4.56827614e-08  1.20000000e+00  7.12286670e-08  1.06362991e-10  2.20793656e-14 
 4.56927614e-08  4.56927614e-08  1.20000000e+00  7.12286669e-08  1.06362991e-10  2.20793667e-14 
 4.57027614e-08  4.57027614e-08  1.20000000e+00  7.12286670e-08  1.06362991e-10  2.20793678e-14 
 4.57127614e-08  4.57127614e-08  1.20000000e+00  7.12286669e-08  1.06362991e-10  2.20793688e-14 
 4.57227614e-08  4.57227614e-08  1.20000000e+00  7.12286670e-08  1.06362991e-10  2.20793699e-14 
 4.57327614e-08  4.57327614e-08  1.20000000e+00  7.12286669e-08  1.06362991e-10  2.20793710e-14 
 4.57427614e-08  4.57427614e-08  1.20000000e+00  7.12286670e-08  1.06362991e-10  2.20793720e-14 
 4.57527614e-08  4.57527614e-08  1.20000000e+00  7.12286669e-08  1.06362991e-10  2.20793731e-14 
 4.57627614e-08  4.57627614e-08  1.20000000e+00  7.12286670e-08  1.06362991e-10  2.20793741e-14 
 4.57727614e-08  4.57727614e-08  1.20000000e+00  7.12286669e-08  1.06362991e-10  2.20793752e-14 
 4.57827614e-08  4.57827614e-08  1.20000000e+00  7.12286670e-08  1.06362991e-10  2.20793763e-14 
 4.57927614e-08  4.57927614e-08  1.20000000e+00  7.12286669e-08  1.06362991e-10  2.20793773e-14 
 4.58027614e-08  4.58027614e-08  1.20000000e+00  7.12286670e-08  1.06362991e-10  2.20793784e-14 
 4.58127614e-08  4.58127614e-08  1.20000000e+00  7.12286669e-08  1.06362991e-10  2.20793795e-14 
 4.58227614e-08  4.58227614e-08  1.20000000e+00  7.12286670e-08  1.06362991e-10  2.20793805e-14 
 4.58327614e-08  4.58327614e-08  1.20000000e+00  7.12286669e-08  1.06362991e-10  2.20793816e-14 
 4.58427614e-08  4.58427614e-08  1.20000000e+00  7.12286670e-08  1.06362991e-10  2.20793827e-14 
 4.58527614e-08  4.58527614e-08  1.20000000e+00  7.12286669e-08  1.06362991e-10  2.20793837e-14 
 4.58627614e-08  4.58627614e-08  1.20000000e+00  7.12286670e-08  1.06362991e-10  2.20793848e-14 
 4.58727614e-08  4.58727614e-08  1.20000000e+00  7.12286669e-08  1.06362991e-10  2.20793858e-14 
 4.58827614e-08  4.58827614e-08  1.20000000e+00  7.12286670e-08  1.06362991e-10  2.20793869e-14 
 4.58927614e-08  4.58927614e-08  1.20000000e+00  7.12286669e-08  1.06362991e-10  2.20793880e-14 
 4.59027614e-08  4.59027614e-08  1.20000000e+00  7.12286670e-08  1.06362991e-10  2.20793890e-14 
 4.59127614e-08  4.59127614e-08  1.20000000e+00  7.12286669e-08  1.06362991e-10  2.20793901e-14 
 4.59227614e-08  4.59227614e-08  1.20000000e+00  7.12286670e-08  1.06362991e-10  2.20793912e-14 
 4.59327614e-08  4.59327614e-08  1.20000000e+00  7.12286669e-08  1.06362991e-10  2.20793922e-14 
 4.59427614e-08  4.59427614e-08  1.20000000e+00  7.12286670e-08  1.06362991e-10  2.20793933e-14 
 4.59527614e-08  4.59527614e-08  1.20000000e+00  7.12286669e-08  1.06362991e-10  2.20793944e-14 
 4.59627614e-08  4.59627614e-08  1.20000000e+00  7.12286670e-08  1.06362991e-10  2.20793954e-14 
 4.59727614e-08  4.59727614e-08  1.20000000e+00  7.12286669e-08  1.06362991e-10  2.20793965e-14 
 4.59827614e-08  4.59827614e-08  1.20000000e+00  7.12286670e-08  1.06362991e-10  2.20793975e-14 
 4.59927614e-08  4.59927614e-08  1.20000000e+00  7.12286669e-08  1.06362991e-10  2.20793986e-14 
 4.60027614e-08  4.60027614e-08  1.20000000e+00  7.12286670e-08  1.06362991e-10  2.20793997e-14 
 4.60127614e-08  4.60127614e-08  1.20000000e+00  7.12286669e-08  1.06362991e-10  2.20794007e-14 
 4.60227614e-08  4.60227614e-08  1.20000000e+00  7.12286670e-08  1.06362991e-10  2.20794018e-14 
 4.60327614e-08  4.60327614e-08  1.20000000e+00  7.12286669e-08  1.06362991e-10  2.20794029e-14 
 4.60427614e-08  4.60427614e-08  1.20000000e+00  7.12286670e-08  1.06362991e-10  2.20794039e-14 
 4.60527614e-08  4.60527614e-08  1.20000000e+00  7.12286669e-08  1.06362991e-10  2.20794050e-14 
 4.60627614e-08  4.60627614e-08  1.20000000e+00  7.12286670e-08  1.06362991e-10  2.20794061e-14 
 4.60727614e-08  4.60727614e-08  1.20000000e+00  7.12286669e-08  1.06362991e-10  2.20794071e-14 
 4.60827614e-08  4.60827614e-08  1.20000000e+00  7.12286670e-08  1.06362991e-10  2.20794082e-14 
 4.60927614e-08  4.60927614e-08  1.20000000e+00  7.12286669e-08  1.06362991e-10  2.20794092e-14 
 4.61027614e-08  4.61027614e-08  1.20000000e+00  7.12286670e-08  1.06362991e-10  2.20794103e-14 
 4.61127614e-08  4.61127614e-08  1.20000000e+00  7.12286669e-08  1.06362991e-10  2.20794114e-14 
 4.61227614e-08  4.61227614e-08  1.20000000e+00  7.12286670e-08  1.06362991e-10  2.20794124e-14 
 4.61327614e-08  4.61327614e-08  1.20000000e+00  7.12286669e-08  1.06362991e-10  2.20794135e-14 
 4.61427614e-08  4.61427614e-08  1.20000000e+00  7.12286670e-08  1.06362991e-10  2.20794146e-14 
 4.61527614e-08  4.61527614e-08  1.20000000e+00  7.12286669e-08  1.06362991e-10  2.20794156e-14 
 4.61627614e-08  4.61627614e-08  1.20000000e+00  7.12286670e-08  1.06362991e-10  2.20794167e-14 
 4.61727614e-08  4.61727614e-08  1.20000000e+00  7.12286669e-08  1.06362991e-10  2.20794178e-14 
 4.61827614e-08  4.61827614e-08  1.20000000e+00  7.12286670e-08  1.06362991e-10  2.20794188e-14 
 4.61927614e-08  4.61927614e-08  1.20000000e+00  7.12286669e-08  1.06362991e-10  2.20794199e-14 
 4.62027614e-08  4.62027614e-08  1.20000000e+00  7.12286670e-08  1.06362991e-10  2.20794209e-14 
 4.62127614e-08  4.62127614e-08  1.20000000e+00  7.12286669e-08  1.06362991e-10  2.20794220e-14 
 4.62227614e-08  4.62227614e-08  1.20000000e+00  7.12286670e-08  1.06362991e-10  2.20794231e-14 
 4.62327614e-08  4.62327614e-08  1.20000000e+00  7.12286669e-08  1.06362991e-10  2.20794241e-14 
 4.62427614e-08  4.62427614e-08  1.20000000e+00  7.12286670e-08  1.06362991e-10  2.20794252e-14 
 4.62527614e-08  4.62527614e-08  1.20000000e+00  7.12286669e-08  1.06362991e-10  2.20794263e-14 
 4.62627614e-08  4.62627614e-08  1.20000000e+00  7.12286670e-08  1.06362991e-10  2.20794273e-14 
 4.62727614e-08  4.62727614e-08  1.20000000e+00  7.12286669e-08  1.06362991e-10  2.20794284e-14 
 4.62827614e-08  4.62827614e-08  1.20000000e+00  7.12286670e-08  1.06362991e-10  2.20794295e-14 
 4.62927614e-08  4.62927614e-08  1.20000000e+00  7.12286669e-08  1.06362991e-10  2.20794305e-14 
 4.63027614e-08  4.63027614e-08  1.20000000e+00  7.12286670e-08  1.06362991e-10  2.20794316e-14 
 4.63127614e-08  4.63127614e-08  1.20000000e+00  7.12286669e-08  1.06362991e-10  2.20794326e-14 
 4.63227614e-08  4.63227614e-08  1.20000000e+00  7.12286670e-08  1.06362991e-10  2.20794337e-14 
 4.63327614e-08  4.63327614e-08  1.20000000e+00  7.12286669e-08  1.06362991e-10  2.20794348e-14 
 4.63427614e-08  4.63427614e-08  1.20000000e+00  7.12286670e-08  1.06362991e-10  2.20794358e-14 
 4.63527614e-08  4.63527614e-08  1.20000000e+00  7.12286669e-08  1.06362991e-10  2.20794369e-14 
 4.63627614e-08  4.63627614e-08  1.20000000e+00  7.12286670e-08  1.06362991e-10  2.20794380e-14 
 4.63727614e-08  4.63727614e-08  1.20000000e+00  7.12286669e-08  1.06362991e-10  2.20794390e-14 
 4.63827614e-08  4.63827614e-08  1.20000000e+00  7.12286670e-08  1.06362991e-10  2.20794401e-14 
 4.63927614e-08  4.63927614e-08  1.20000000e+00  7.12286669e-08  1.06362991e-10  2.20794412e-14 
 4.64027614e-08  4.64027614e-08  1.20000000e+00  7.12286670e-08  1.06362991e-10  2.20794422e-14 
 4.64127614e-08  4.64127614e-08  1.20000000e+00  7.12286669e-08  1.06362991e-10  2.20794433e-14 
 4.64227614e-08  4.64227614e-08  1.20000000e+00  7.12286670e-08  1.06362991e-10  2.20794443e-14 
 4.64327614e-08  4.64327614e-08  1.20000000e+00  7.12286669e-08  1.06362991e-10  2.20794454e-14 
 4.64427614e-08  4.64427614e-08  1.20000000e+00  7.12286670e-08  1.06362991e-10  2.20794465e-14 
 4.64527614e-08  4.64527614e-08  1.20000000e+00  7.12286669e-08  1.06362991e-10  2.20794475e-14 
 4.64627614e-08  4.64627614e-08  1.20000000e+00  7.12286670e-08  1.06362991e-10  2.20794486e-14 
 4.64727614e-08  4.64727614e-08  1.20000000e+00  7.12286669e-08  1.06362991e-10  2.20794497e-14 
 4.64827614e-08  4.64827614e-08  1.20000000e+00  7.12286670e-08  1.06362991e-10  2.20794507e-14 
 4.64927614e-08  4.64927614e-08  1.20000000e+00  7.12286669e-08  1.06362991e-10  2.20794518e-14 
 4.65027614e-08  4.65027614e-08  1.20000000e+00  7.12286670e-08  1.06362991e-10  2.20794529e-14 
 4.65127614e-08  4.65127614e-08  1.20000000e+00  7.12286669e-08  1.06362991e-10  2.20794539e-14 
 4.65227614e-08  4.65227614e-08  1.20000000e+00  7.12286670e-08  1.06362991e-10  2.20794550e-14 
 4.65327614e-08  4.65327614e-08  1.20000000e+00  7.12286669e-08  1.06362991e-10  2.20794560e-14 
 4.65427614e-08  4.65427614e-08  1.20000000e+00  7.12286670e-08  1.06362991e-10  2.20794571e-14 
 4.65527614e-08  4.65527614e-08  1.20000000e+00  7.12286669e-08  1.06362991e-10  2.20794582e-14 
 4.65627614e-08  4.65627614e-08  1.20000000e+00  7.12286670e-08  1.06362991e-10  2.20794592e-14 
 4.65727614e-08  4.65727614e-08  1.20000000e+00  7.12286669e-08  1.06362991e-10  2.20794603e-14 
 4.65827614e-08  4.65827614e-08  1.20000000e+00  7.12286670e-08  1.06362991e-10  2.20794614e-14 
 4.65927614e-08  4.65927614e-08  1.20000000e+00  7.12286669e-08  1.06362991e-10  2.20794624e-14 
 4.66027614e-08  4.66027614e-08  1.20000000e+00  7.12286670e-08  1.06362991e-10  2.20794635e-14 
 4.66127614e-08  4.66127614e-08  1.20000000e+00  7.12286669e-08  1.06362991e-10  2.20794646e-14 
 4.66227614e-08  4.66227614e-08  1.20000000e+00  7.12286670e-08  1.06362991e-10  2.20794656e-14 
 4.66327614e-08  4.66327614e-08  1.20000000e+00  7.12286669e-08  1.06362991e-10  2.20794667e-14 
 4.66427614e-08  4.66427614e-08  1.20000000e+00  7.12286670e-08  1.06362991e-10  2.20794677e-14 
 4.66527614e-08  4.66527614e-08  1.20000000e+00  7.12286669e-08  1.06362991e-10  2.20794688e-14 
 4.66627614e-08  4.66627614e-08  1.20000000e+00  7.12286670e-08  1.06362991e-10  2.20794699e-14 
 4.66727614e-08  4.66727614e-08  1.20000000e+00  7.12286669e-08  1.06362991e-10  2.20794709e-14 
 4.66827614e-08  4.66827614e-08  1.20000000e+00  7.12286670e-08  1.06362991e-10  2.20794720e-14 
 4.66927614e-08  4.66927614e-08  1.20000000e+00  7.12286669e-08  1.06362991e-10  2.20794731e-14 
 4.67027614e-08  4.67027614e-08  1.20000000e+00  7.12286670e-08  1.06362991e-10  2.20794741e-14 
 4.67127614e-08  4.67127614e-08  1.20000000e+00  7.12286669e-08  1.06362991e-10  2.20794752e-14 
 4.67227614e-08  4.67227614e-08  1.20000000e+00  7.12286670e-08  1.06362991e-10  2.20794763e-14 
 4.67327614e-08  4.67327614e-08  1.20000000e+00  7.12286669e-08  1.06362991e-10  2.20794773e-14 
 4.67427614e-08  4.67427614e-08  1.20000000e+00  7.12286670e-08  1.06362991e-10  2.20794784e-14 
 4.67527614e-08  4.67527614e-08  1.20000000e+00  7.12286669e-08  1.06362991e-10  2.20794794e-14 
 4.67627614e-08  4.67627614e-08  1.20000000e+00  7.12286670e-08  1.06362991e-10  2.20794805e-14 
 4.67727614e-08  4.67727614e-08  1.20000000e+00  7.12286669e-08  1.06362991e-10  2.20794816e-14 
 4.67827614e-08  4.67827614e-08  1.20000000e+00  7.12286670e-08  1.06362991e-10  2.20794826e-14 
 4.67927614e-08  4.67927614e-08  1.20000000e+00  7.12286669e-08  1.06362991e-10  2.20794837e-14 
 4.68027614e-08  4.68027614e-08  1.20000000e+00  7.12286670e-08  1.06362991e-10  2.20794848e-14 
 4.68127614e-08  4.68127614e-08  1.20000000e+00  7.12286669e-08  1.06362991e-10  2.20794858e-14 
 4.68227614e-08  4.68227614e-08  1.20000000e+00  7.12286670e-08  1.06362991e-10  2.20794869e-14 
 4.68327614e-08  4.68327614e-08  1.20000000e+00  7.12286669e-08  1.06362991e-10  2.20794880e-14 
 4.68427614e-08  4.68427614e-08  1.20000000e+00  7.12286670e-08  1.06362991e-10  2.20794890e-14 
 4.68527614e-08  4.68527614e-08  1.20000000e+00  7.12286669e-08  1.06362991e-10  2.20794901e-14 
 4.68627614e-08  4.68627614e-08  1.20000000e+00  7.12286670e-08  1.06362991e-10  2.20794911e-14 
 4.68727614e-08  4.68727614e-08  1.20000000e+00  7.12286669e-08  1.06362991e-10  2.20794922e-14 
 4.68827614e-08  4.68827614e-08  1.20000000e+00  7.12286670e-08  1.06362991e-10  2.20794933e-14 
 4.68927614e-08  4.68927614e-08  1.20000000e+00  7.12286669e-08  1.06362991e-10  2.20794943e-14 
 4.69027614e-08  4.69027614e-08  1.20000000e+00  7.12286670e-08  1.06362991e-10  2.20794954e-14 
 4.69127614e-08  4.69127614e-08  1.20000000e+00  7.12286669e-08  1.06362991e-10  2.20794965e-14 
 4.69227614e-08  4.69227614e-08  1.20000000e+00  7.12286670e-08  1.06362991e-10  2.20794975e-14 
 4.69327614e-08  4.69327614e-08  1.20000000e+00  7.12286669e-08  1.06362991e-10  2.20794986e-14 
 4.69427614e-08  4.69427614e-08  1.20000000e+00  7.12286670e-08  1.06362991e-10  2.20794997e-14 
 4.69527614e-08  4.69527614e-08  1.20000000e+00  7.12286669e-08  1.06362991e-10  2.20795007e-14 
 4.69627614e-08  4.69627614e-08  1.20000000e+00  7.12286670e-08  1.06362991e-10  2.20795018e-14 
 4.69727614e-08  4.69727614e-08  1.20000000e+00  7.12286669e-08  1.06362991e-10  2.20795028e-14 
 4.69827614e-08  4.69827614e-08  1.20000000e+00  7.12286670e-08  1.06362991e-10  2.20795039e-14 
 4.69927614e-08  4.69927614e-08  1.20000000e+00  7.12286669e-08  1.06362991e-10  2.20795050e-14 
 4.70027614e-08  4.70027614e-08  1.20000000e+00  7.12286670e-08  1.06362991e-10  2.20795060e-14 
 4.70127614e-08  4.70127614e-08  1.20000000e+00  7.12286669e-08  1.06362991e-10  2.20795071e-14 
 4.70227614e-08  4.70227614e-08  1.20000000e+00  7.12286670e-08  1.06362991e-10  2.20795082e-14 
 4.70327614e-08  4.70327614e-08  1.20000000e+00  7.12286669e-08  1.06362991e-10  2.20795092e-14 
 4.70427614e-08  4.70427614e-08  1.20000000e+00  7.12286670e-08  1.06362991e-10  2.20795103e-14 
 4.70527614e-08  4.70527614e-08  1.20000000e+00  7.12286669e-08  1.06362991e-10  2.20795114e-14 
 4.70627614e-08  4.70627614e-08  1.20000000e+00  7.12286670e-08  1.06362991e-10  2.20795124e-14 
 4.70727614e-08  4.70727614e-08  1.20000000e+00  7.12286669e-08  1.06362991e-10  2.20795135e-14 
 4.70827614e-08  4.70827614e-08  1.20000000e+00  7.12286670e-08  1.06362991e-10  2.20795145e-14 
 4.70927614e-08  4.70927614e-08  1.20000000e+00  7.12286669e-08  1.06362991e-10  2.20795156e-14 
 4.71027614e-08  4.71027614e-08  1.20000000e+00  7.12286670e-08  1.06362991e-10  2.20795167e-14 
 4.71127614e-08  4.71127614e-08  1.20000000e+00  7.12286669e-08  1.06362991e-10  2.20795177e-14 
 4.71227614e-08  4.71227614e-08  1.20000000e+00  7.12286670e-08  1.06362991e-10  2.20795188e-14 
 4.71327614e-08  4.71327614e-08  1.20000000e+00  7.12286669e-08  1.06362991e-10  2.20795199e-14 
 4.71427614e-08  4.71427614e-08  1.20000000e+00  7.12286670e-08  1.06362991e-10  2.20795209e-14 
 4.71527614e-08  4.71527614e-08  1.20000000e+00  7.12286669e-08  1.06362991e-10  2.20795220e-14 
 4.71627614e-08  4.71627614e-08  1.20000000e+00  7.12286670e-08  1.06362991e-10  2.20795231e-14 
 4.71727614e-08  4.71727614e-08  1.20000000e+00  7.12286669e-08  1.06362991e-10  2.20795241e-14 
 4.71827614e-08  4.71827614e-08  1.20000000e+00  7.12286670e-08  1.06362991e-10  2.20795252e-14 
 4.71927614e-08  4.71927614e-08  1.20000000e+00  7.12286669e-08  1.06362991e-10  2.20795262e-14 
 4.72027614e-08  4.72027614e-08  1.20000000e+00  7.12286670e-08  1.06362991e-10  2.20795273e-14 
 4.72127614e-08  4.72127614e-08  1.20000000e+00  7.12286669e-08  1.06362991e-10  2.20795284e-14 
 4.72227614e-08  4.72227614e-08  1.20000000e+00  7.12286670e-08  1.06362991e-10  2.20795294e-14 
 4.72327614e-08  4.72327614e-08  1.20000000e+00  7.12286669e-08  1.06362991e-10  2.20795305e-14 
 4.72427614e-08  4.72427614e-08  1.20000000e+00  7.12286670e-08  1.06362991e-10  2.20795316e-14 
 4.72527614e-08  4.72527614e-08  1.20000000e+00  7.12286669e-08  1.06362991e-10  2.20795326e-14 
 4.72627614e-08  4.72627614e-08  1.20000000e+00  7.12286670e-08  1.06362991e-10  2.20795337e-14 
 4.72727614e-08  4.72727614e-08  1.20000000e+00  7.12286669e-08  1.06362991e-10  2.20795348e-14 
 4.72827614e-08  4.72827614e-08  1.20000000e+00  7.12286670e-08  1.06362991e-10  2.20795358e-14 
 4.72927614e-08  4.72927614e-08  1.20000000e+00  7.12286669e-08  1.06362991e-10  2.20795369e-14 
 4.73027614e-08  4.73027614e-08  1.20000000e+00  7.12286670e-08  1.06362991e-10  2.20795379e-14 
 4.73127614e-08  4.73127614e-08  1.20000000e+00  7.12286669e-08  1.06362991e-10  2.20795390e-14 
 4.73227614e-08  4.73227614e-08  1.20000000e+00  7.12286670e-08  1.06362991e-10  2.20795401e-14 
 4.73327614e-08  4.73327614e-08  1.20000000e+00  7.12286669e-08  1.06362991e-10  2.20795411e-14 
 4.73427614e-08  4.73427614e-08  1.20000000e+00  7.12286670e-08  1.06362991e-10  2.20795422e-14 
 4.73527614e-08  4.73527614e-08  1.20000000e+00  7.12286669e-08  1.06362991e-10  2.20795433e-14 
 4.73627614e-08  4.73627614e-08  1.20000000e+00  7.12286670e-08  1.06362991e-10  2.20795443e-14 
 4.73727614e-08  4.73727614e-08  1.20000000e+00  7.12286669e-08  1.06362991e-10  2.20795454e-14 
 4.73827614e-08  4.73827614e-08  1.20000000e+00  7.12286670e-08  1.06362991e-10  2.20795465e-14 
 4.73927614e-08  4.73927614e-08  1.20000000e+00  7.12286669e-08  1.06362991e-10  2.20795475e-14 
 4.74027614e-08  4.74027614e-08  1.20000000e+00  7.12286670e-08  1.06362991e-10  2.20795486e-14 
 4.74127614e-08  4.74127614e-08  1.20000000e+00  7.12286669e-08  1.06362991e-10  2.20795496e-14 
 4.74227614e-08  4.74227614e-08  1.20000000e+00  7.12286670e-08  1.06362991e-10  2.20795507e-14 
 4.74327614e-08  4.74327614e-08  1.20000000e+00  7.12286669e-08  1.06362991e-10  2.20795518e-14 
 4.74427614e-08  4.74427614e-08  1.20000000e+00  7.12286670e-08  1.06362991e-10  2.20795528e-14 
 4.74527614e-08  4.74527614e-08  1.20000000e+00  7.12286669e-08  1.06362991e-10  2.20795539e-14 
 4.74627614e-08  4.74627614e-08  1.20000000e+00  7.12286670e-08  1.06362991e-10  2.20795550e-14 
 4.74727614e-08  4.74727614e-08  1.20000000e+00  7.12286669e-08  1.06362991e-10  2.20795560e-14 
 4.74827614e-08  4.74827614e-08  1.20000000e+00  7.12286670e-08  1.06362991e-10  2.20795571e-14 
 4.74927614e-08  4.74927614e-08  1.20000000e+00  7.12286669e-08  1.06362991e-10  2.20795582e-14 
 4.75027614e-08  4.75027614e-08  1.20000000e+00  7.12286670e-08  1.06362991e-10  2.20795592e-14 
 4.75127614e-08  4.75127614e-08  1.20000000e+00  7.12286669e-08  1.06362991e-10  2.20795603e-14 
 4.75227614e-08  4.75227614e-08  1.20000000e+00  7.12286670e-08  1.06362991e-10  2.20795613e-14 
 4.75327614e-08  4.75327614e-08  1.20000000e+00  7.12286669e-08  1.06362991e-10  2.20795624e-14 
 4.75427614e-08  4.75427614e-08  1.20000000e+00  7.12286670e-08  1.06362991e-10  2.20795635e-14 
 4.75527614e-08  4.75527614e-08  1.20000000e+00  7.12286669e-08  1.06362991e-10  2.20795645e-14 
 4.75627614e-08  4.75627614e-08  1.20000000e+00  7.12286670e-08  1.06362991e-10  2.20795656e-14 
 4.75727614e-08  4.75727614e-08  1.20000000e+00  7.12286669e-08  1.06362991e-10  2.20795667e-14 
 4.75827614e-08  4.75827614e-08  1.20000000e+00  7.12286670e-08  1.06362991e-10  2.20795677e-14 
 4.75927614e-08  4.75927614e-08  1.20000000e+00  7.12286669e-08  1.06362991e-10  2.20795688e-14 
 4.76027614e-08  4.76027614e-08  1.20000000e+00  7.12286670e-08  1.06362991e-10  2.20795699e-14 
 4.76127614e-08  4.76127614e-08  1.20000000e+00  7.12286669e-08  1.06362991e-10  2.20795709e-14 
 4.76227614e-08  4.76227614e-08  1.20000000e+00  7.12286670e-08  1.06362991e-10  2.20795720e-14 
 4.76327614e-08  4.76327614e-08  1.20000000e+00  7.12286669e-08  1.06362991e-10  2.20795730e-14 
 4.76427614e-08  4.76427614e-08  1.20000000e+00  7.12286670e-08  1.06362991e-10  2.20795741e-14 
 4.76527614e-08  4.76527614e-08  1.20000000e+00  7.12286669e-08  1.06362991e-10  2.20795752e-14 
 4.76627614e-08  4.76627614e-08  1.20000000e+00  7.12286670e-08  1.06362991e-10  2.20795762e-14 
 4.76727614e-08  4.76727614e-08  1.20000000e+00  7.12286669e-08  1.06362991e-10  2.20795773e-14 
 4.76827614e-08  4.76827614e-08  1.20000000e+00  7.12286670e-08  1.06362991e-10  2.20795784e-14 
 4.76927614e-08  4.76927614e-08  1.20000000e+00  7.12286669e-08  1.06362991e-10  2.20795794e-14 
 4.77027614e-08  4.77027614e-08  1.20000000e+00  7.12286670e-08  1.06362991e-10  2.20795805e-14 
 4.77127614e-08  4.77127614e-08  1.20000000e+00  7.12286669e-08  1.06362991e-10  2.20795816e-14 
 4.77227614e-08  4.77227614e-08  1.20000000e+00  7.12286670e-08  1.06362991e-10  2.20795826e-14 
 4.77327614e-08  4.77327614e-08  1.20000000e+00  7.12286669e-08  1.06362991e-10  2.20795837e-14 
 4.77427614e-08  4.77427614e-08  1.20000000e+00  7.12286670e-08  1.06362991e-10  2.20795847e-14 
 4.77527614e-08  4.77527614e-08  1.20000000e+00  7.12286669e-08  1.06362991e-10  2.20795858e-14 
 4.77627614e-08  4.77627614e-08  1.20000000e+00  7.12286670e-08  1.06362991e-10  2.20795869e-14 
 4.77727614e-08  4.77727614e-08  1.20000000e+00  7.12286669e-08  1.06362991e-10  2.20795879e-14 
 4.77827614e-08  4.77827614e-08  1.20000000e+00  7.12286670e-08  1.06362991e-10  2.20795890e-14 
 4.77927614e-08  4.77927614e-08  1.20000000e+00  7.12286669e-08  1.06362991e-10  2.20795901e-14 
 4.78027614e-08  4.78027614e-08  1.20000000e+00  7.12286670e-08  1.06362991e-10  2.20795911e-14 
 4.78127614e-08  4.78127614e-08  1.20000000e+00  7.12286669e-08  1.06362991e-10  2.20795922e-14 
 4.78227614e-08  4.78227614e-08  1.20000000e+00  7.12286670e-08  1.06362991e-10  2.20795933e-14 
 4.78327614e-08  4.78327614e-08  1.20000000e+00  7.12286669e-08  1.06362991e-10  2.20795943e-14 
 4.78427614e-08  4.78427614e-08  1.20000000e+00  7.12286670e-08  1.06362991e-10  2.20795954e-14 
 4.78527614e-08  4.78527614e-08  1.20000000e+00  7.12286669e-08  1.06362991e-10  2.20795964e-14 
 4.78627614e-08  4.78627614e-08  1.20000000e+00  7.12286670e-08  1.06362991e-10  2.20795975e-14 
 4.78727614e-08  4.78727614e-08  1.20000000e+00  7.12286669e-08  1.06362991e-10  2.20795986e-14 
 4.78827614e-08  4.78827614e-08  1.20000000e+00  7.12286670e-08  1.06362991e-10  2.20795996e-14 
 4.78927614e-08  4.78927614e-08  1.20000000e+00  7.12286669e-08  1.06362991e-10  2.20796007e-14 
 4.79027614e-08  4.79027614e-08  1.20000000e+00  7.12286670e-08  1.06362991e-10  2.20796018e-14 
 4.79127614e-08  4.79127614e-08  1.20000000e+00  7.12286669e-08  1.06362991e-10  2.20796028e-14 
 4.79227614e-08  4.79227614e-08  1.20000000e+00  7.12286670e-08  1.06362991e-10  2.20796039e-14 
 4.79327614e-08  4.79327614e-08  1.20000000e+00  7.12286669e-08  1.06362991e-10  2.20796050e-14 
 4.79427614e-08  4.79427614e-08  1.20000000e+00  7.12286670e-08  1.06362991e-10  2.20796060e-14 
 4.79527614e-08  4.79527614e-08  1.20000000e+00  7.12286669e-08  1.06362991e-10  2.20796071e-14 
 4.79627614e-08  4.79627614e-08  1.20000000e+00  7.12286670e-08  1.06362991e-10  2.20796081e-14 
 4.79727614e-08  4.79727614e-08  1.20000000e+00  7.12286669e-08  1.06362991e-10  2.20796092e-14 
 4.79827614e-08  4.79827614e-08  1.20000000e+00  7.12286670e-08  1.06362991e-10  2.20796103e-14 
 4.79927614e-08  4.79927614e-08  1.20000000e+00  7.12286669e-08  1.06362991e-10  2.20796113e-14 
 4.80027614e-08  4.80027614e-08  1.20000000e+00  7.12286670e-08  1.06362991e-10  2.20796124e-14 
 4.80127614e-08  4.80127614e-08  1.20000000e+00  7.12286669e-08  1.06362991e-10  2.20796135e-14 
 4.80227614e-08  4.80227614e-08  1.20000000e+00  7.12286670e-08  1.06362991e-10  2.20796145e-14 
 4.80327614e-08  4.80327614e-08  1.20000000e+00  7.12286669e-08  1.06362991e-10  2.20796156e-14 
 4.80427614e-08  4.80427614e-08  1.20000000e+00  7.12286670e-08  1.06362991e-10  2.20796167e-14 
 4.80527614e-08  4.80527614e-08  1.20000000e+00  7.12286669e-08  1.06362991e-10  2.20796177e-14 
 4.80627614e-08  4.80627614e-08  1.20000000e+00  7.12286670e-08  1.06362991e-10  2.20796188e-14 
 4.80727614e-08  4.80727614e-08  1.20000000e+00  7.12286669e-08  1.06362991e-10  2.20796198e-14 
 4.80827614e-08  4.80827614e-08  1.20000000e+00  7.12286670e-08  1.06362991e-10  2.20796209e-14 
 4.80927614e-08  4.80927614e-08  1.20000000e+00  7.12286669e-08  1.06362991e-10  2.20796220e-14 
 4.81027614e-08  4.81027614e-08  1.20000000e+00  7.12286670e-08  1.06362991e-10  2.20796230e-14 
 4.81127614e-08  4.81127614e-08  1.20000000e+00  7.12286669e-08  1.06362991e-10  2.20796241e-14 
 4.81227614e-08  4.81227614e-08  1.20000000e+00  7.12286670e-08  1.06362991e-10  2.20796252e-14 
 4.81327614e-08  4.81327614e-08  1.20000000e+00  7.12286669e-08  1.06362991e-10  2.20796262e-14 
 4.81427614e-08  4.81427614e-08  1.20000000e+00  7.12286670e-08  1.06362991e-10  2.20796273e-14 
 4.81527614e-08  4.81527614e-08  1.20000000e+00  7.12286669e-08  1.06362991e-10  2.20796284e-14 
 4.81627614e-08  4.81627614e-08  1.20000000e+00  7.12286670e-08  1.06362991e-10  2.20796294e-14 
 4.81727614e-08  4.81727614e-08  1.20000000e+00  7.12286669e-08  1.06362991e-10  2.20796305e-14 
 4.81827614e-08  4.81827614e-08  1.20000000e+00  7.12286670e-08  1.06362991e-10  2.20796315e-14 
 4.81927614e-08  4.81927614e-08  1.20000000e+00  7.12286669e-08  1.06362991e-10  2.20796326e-14 
 4.82027614e-08  4.82027614e-08  1.20000000e+00  7.12286670e-08  1.06362991e-10  2.20796337e-14 
 4.82127614e-08  4.82127614e-08  1.20000000e+00  7.12286669e-08  1.06362991e-10  2.20796347e-14 
 4.82227614e-08  4.82227614e-08  1.20000000e+00  7.12286670e-08  1.06362991e-10  2.20796358e-14 
 4.82327614e-08  4.82327614e-08  1.20000000e+00  7.12286669e-08  1.06362991e-10  2.20796369e-14 
 4.82427614e-08  4.82427614e-08  1.20000000e+00  7.12286670e-08  1.06362991e-10  2.20796379e-14 
 4.82527614e-08  4.82527614e-08  1.20000000e+00  7.12286669e-08  1.06362991e-10  2.20796390e-14 
 4.82627614e-08  4.82627614e-08  1.20000000e+00  7.12286670e-08  1.06362991e-10  2.20796401e-14 
 4.82727614e-08  4.82727614e-08  1.20000000e+00  7.12286669e-08  1.06362991e-10  2.20796411e-14 
 4.82827614e-08  4.82827614e-08  1.20000000e+00  7.12286670e-08  1.06362991e-10  2.20796422e-14 
 4.82927614e-08  4.82927614e-08  1.20000000e+00  7.12286669e-08  1.06362991e-10  2.20796432e-14 
 4.83027614e-08  4.83027614e-08  1.20000000e+00  7.12286670e-08  1.06362991e-10  2.20796443e-14 
 4.83127614e-08  4.83127614e-08  1.20000000e+00  7.12286669e-08  1.06362991e-10  2.20796454e-14 
 4.83227614e-08  4.83227614e-08  1.20000000e+00  7.12286670e-08  1.06362991e-10  2.20796464e-14 
 4.83327614e-08  4.83327614e-08  1.20000000e+00  7.12286669e-08  1.06362991e-10  2.20796475e-14 
 4.83427614e-08  4.83427614e-08  1.20000000e+00  7.12286670e-08  1.06362991e-10  2.20796486e-14 
 4.83527614e-08  4.83527614e-08  1.20000000e+00  7.12286669e-08  1.06362991e-10  2.20796496e-14 
 4.83627614e-08  4.83627614e-08  1.20000000e+00  7.12286670e-08  1.06362991e-10  2.20796507e-14 
 4.83727614e-08  4.83727614e-08  1.20000000e+00  7.12286669e-08  1.06362991e-10  2.20796518e-14 
 4.83827614e-08  4.83827614e-08  1.20000000e+00  7.12286670e-08  1.06362991e-10  2.20796528e-14 
 4.83927614e-08  4.83927614e-08  1.20000000e+00  7.12286669e-08  1.06362991e-10  2.20796539e-14 
 4.84027614e-08  4.84027614e-08  1.20000000e+00  7.12286670e-08  1.06362991e-10  2.20796549e-14 
 4.84127614e-08  4.84127614e-08  1.20000000e+00  7.12286669e-08  1.06362991e-10  2.20796560e-14 
 4.84227614e-08  4.84227614e-08  1.20000000e+00  7.12286670e-08  1.06362991e-10  2.20796571e-14 
 4.84327614e-08  4.84327614e-08  1.20000000e+00  7.12286669e-08  1.06362991e-10  2.20796581e-14 
 4.84427614e-08  4.84427614e-08  1.20000000e+00  7.12286670e-08  1.06362991e-10  2.20796592e-14 
 4.84527614e-08  4.84527614e-08  1.20000000e+00  7.12286669e-08  1.06362991e-10  2.20796603e-14 
 4.84627614e-08  4.84627614e-08  1.20000000e+00  7.12286670e-08  1.06362991e-10  2.20796613e-14 
 4.84727614e-08  4.84727614e-08  1.20000000e+00  7.12286669e-08  1.06362991e-10  2.20796624e-14 
 4.84827614e-08  4.84827614e-08  1.20000000e+00  7.12286670e-08  1.06362991e-10  2.20796635e-14 
 4.84927614e-08  4.84927614e-08  1.20000000e+00  7.12286669e-08  1.06362991e-10  2.20796645e-14 
 4.85027614e-08  4.85027614e-08  1.20000000e+00  7.12286670e-08  1.06362991e-10  2.20796656e-14 
 4.85127614e-08  4.85127614e-08  1.20000000e+00  7.12286669e-08  1.06362991e-10  2.20796666e-14 
 4.85227614e-08  4.85227614e-08  1.20000000e+00  7.12286670e-08  1.06362991e-10  2.20796677e-14 
 4.85327614e-08  4.85327614e-08  1.20000000e+00  7.12286669e-08  1.06362991e-10  2.20796688e-14 
 4.85427614e-08  4.85427614e-08  1.20000000e+00  7.12286670e-08  1.06362991e-10  2.20796698e-14 
 4.85527614e-08  4.85527614e-08  1.20000000e+00  7.12286669e-08  1.06362991e-10  2.20796709e-14 
 4.85627614e-08  4.85627614e-08  1.20000000e+00  7.12286670e-08  1.06362991e-10  2.20796720e-14 
 4.85727614e-08  4.85727614e-08  1.20000000e+00  7.12286669e-08  1.06362991e-10  2.20796730e-14 
 4.85827614e-08  4.85827614e-08  1.20000000e+00  7.12286670e-08  1.06362991e-10  2.20796741e-14 
 4.85927614e-08  4.85927614e-08  1.20000000e+00  7.12286669e-08  1.06362991e-10  2.20796752e-14 
 4.86027614e-08  4.86027614e-08  1.20000000e+00  7.12286670e-08  1.06362991e-10  2.20796762e-14 
 4.86127614e-08  4.86127614e-08  1.20000000e+00  7.12286669e-08  1.06362991e-10  2.20796773e-14 
 4.86227614e-08  4.86227614e-08  1.20000000e+00  7.12286670e-08  1.06362991e-10  2.20796783e-14 
 4.86327614e-08  4.86327614e-08  1.20000000e+00  7.12286669e-08  1.06362991e-10  2.20796794e-14 
 4.86427614e-08  4.86427614e-08  1.20000000e+00  7.12286670e-08  1.06362991e-10  2.20796805e-14 
 4.86527614e-08  4.86527614e-08  1.20000000e+00  7.12286669e-08  1.06362991e-10  2.20796815e-14 
 4.86627614e-08  4.86627614e-08  1.20000000e+00  7.12286670e-08  1.06362991e-10  2.20796826e-14 
 4.86727614e-08  4.86727614e-08  1.20000000e+00  7.12286669e-08  1.06362991e-10  2.20796837e-14 
 4.86827614e-08  4.86827614e-08  1.20000000e+00  7.12286670e-08  1.06362991e-10  2.20796847e-14 
 4.86927614e-08  4.86927614e-08  1.20000000e+00  7.12286669e-08  1.06362991e-10  2.20796858e-14 
 4.87027614e-08  4.87027614e-08  1.20000000e+00  7.12286670e-08  1.06362991e-10  2.20796869e-14 
 4.87127614e-08  4.87127614e-08  1.20000000e+00  7.12286669e-08  1.06362991e-10  2.20796879e-14 
 4.87227614e-08  4.87227614e-08  1.20000000e+00  7.12286670e-08  1.06362991e-10  2.20796890e-14 
 4.87327614e-08  4.87327614e-08  1.20000000e+00  7.12286669e-08  1.06362991e-10  2.20796900e-14 
 4.87427614e-08  4.87427614e-08  1.20000000e+00  7.12286670e-08  1.06362991e-10  2.20796911e-14 
 4.87527614e-08  4.87527614e-08  1.20000000e+00  7.12286669e-08  1.06362991e-10  2.20796922e-14 
 4.87627614e-08  4.87627614e-08  1.20000000e+00  7.12286670e-08  1.06362991e-10  2.20796932e-14 
 4.87727614e-08  4.87727614e-08  1.20000000e+00  7.12286669e-08  1.06362991e-10  2.20796943e-14 
 4.87827614e-08  4.87827614e-08  1.20000000e+00  7.12286670e-08  1.06362991e-10  2.20796954e-14 
 4.87927614e-08  4.87927614e-08  1.20000000e+00  7.12286669e-08  1.06362991e-10  2.20796964e-14 
 4.88027614e-08  4.88027614e-08  1.20000000e+00  7.12286670e-08  1.06362991e-10  2.20796975e-14 
 4.88127614e-08  4.88127614e-08  1.20000000e+00  7.12286669e-08  1.06362991e-10  2.20796986e-14 
 4.88227614e-08  4.88227614e-08  1.20000000e+00  7.12286670e-08  1.06362991e-10  2.20796996e-14 
 4.88327614e-08  4.88327614e-08  1.20000000e+00  7.12286669e-08  1.06362991e-10  2.20797007e-14 
 4.88427614e-08  4.88427614e-08  1.20000000e+00  7.12286670e-08  1.06362991e-10  2.20797017e-14 
 4.88527614e-08  4.88527614e-08  1.20000000e+00  7.12286669e-08  1.06362991e-10  2.20797028e-14 
 4.88627614e-08  4.88627614e-08  1.20000000e+00  7.12286670e-08  1.06362991e-10  2.20797039e-14 
 4.88727614e-08  4.88727614e-08  1.20000000e+00  7.12286669e-08  1.06362991e-10  2.20797049e-14 
 4.88827614e-08  4.88827614e-08  1.20000000e+00  7.12286670e-08  1.06362991e-10  2.20797060e-14 
 4.88927614e-08  4.88927614e-08  1.20000000e+00  7.12286669e-08  1.06362991e-10  2.20797071e-14 
 4.89027614e-08  4.89027614e-08  1.20000000e+00  7.12286670e-08  1.06362991e-10  2.20797081e-14 
 4.89127614e-08  4.89127614e-08  1.20000000e+00  7.12286669e-08  1.06362991e-10  2.20797092e-14 
 4.89227614e-08  4.89227614e-08  1.20000000e+00  7.12286670e-08  1.06362991e-10  2.20797103e-14 
 4.89327614e-08  4.89327614e-08  1.20000000e+00  7.12286669e-08  1.06362991e-10  2.20797113e-14 
 4.89427614e-08  4.89427614e-08  1.20000000e+00  7.12286670e-08  1.06362991e-10  2.20797124e-14 
 4.89527614e-08  4.89527614e-08  1.20000000e+00  7.12286669e-08  1.06362991e-10  2.20797134e-14 
 4.89627614e-08  4.89627614e-08  1.20000000e+00  7.12286670e-08  1.06362991e-10  2.20797145e-14 
 4.89727614e-08  4.89727614e-08  1.20000000e+00  7.12286669e-08  1.06362991e-10  2.20797156e-14 
 4.89827614e-08  4.89827614e-08  1.20000000e+00  7.12286670e-08  1.06362991e-10  2.20797166e-14 
 4.89927614e-08  4.89927614e-08  1.20000000e+00  7.12286669e-08  1.06362991e-10  2.20797177e-14 
 4.90027614e-08  4.90027614e-08  1.20000000e+00  7.12286670e-08  1.06362991e-10  2.20797188e-14 
 4.90127614e-08  4.90127614e-08  1.20000000e+00  7.12286669e-08  1.06362991e-10  2.20797198e-14 
 4.90227614e-08  4.90227614e-08  1.20000000e+00  7.12286670e-08  1.06362991e-10  2.20797209e-14 
 4.90327614e-08  4.90327614e-08  1.20000000e+00  7.12286669e-08  1.06362991e-10  2.20797220e-14 
 4.90427614e-08  4.90427614e-08  1.20000000e+00  7.12286670e-08  1.06362991e-10  2.20797230e-14 
 4.90527614e-08  4.90527614e-08  1.20000000e+00  7.12286669e-08  1.06362991e-10  2.20797241e-14 
 4.90627614e-08  4.90627614e-08  1.20000000e+00  7.12286670e-08  1.06362991e-10  2.20797251e-14 
 4.90727614e-08  4.90727614e-08  1.20000000e+00  7.12286669e-08  1.06362991e-10  2.20797262e-14 
 4.90827614e-08  4.90827614e-08  1.20000000e+00  7.12286670e-08  1.06362991e-10  2.20797273e-14 
 4.90927614e-08  4.90927614e-08  1.20000000e+00  7.12286669e-08  1.06362991e-10  2.20797283e-14 
 4.91027614e-08  4.91027614e-08  1.20000000e+00  7.12286670e-08  1.06362991e-10  2.20797294e-14 
 4.91127614e-08  4.91127614e-08  1.20000000e+00  7.12286669e-08  1.06362991e-10  2.20797305e-14 
 4.91227614e-08  4.91227614e-08  1.20000000e+00  7.12286670e-08  1.06362991e-10  2.20797315e-14 
 4.91327614e-08  4.91327614e-08  1.20000000e+00  7.12286669e-08  1.06362991e-10  2.20797326e-14 
 4.91427614e-08  4.91427614e-08  1.20000000e+00  7.12286670e-08  1.06362991e-10  2.20797337e-14 
 4.91527614e-08  4.91527614e-08  1.20000000e+00  7.12286669e-08  1.06362991e-10  2.20797347e-14 
 4.91627614e-08  4.91627614e-08  1.20000000e+00  7.12286670e-08  1.06362991e-10  2.20797358e-14 
 4.91727614e-08  4.91727614e-08  1.20000000e+00  7.12286669e-08  1.06362991e-10  2.20797368e-14 
 4.91827614e-08  4.91827614e-08  1.20000000e+00  7.12286670e-08  1.06362991e-10  2.20797379e-14 
 4.91927614e-08  4.91927614e-08  1.20000000e+00  7.12286669e-08  1.06362991e-10  2.20797390e-14 
 4.92027614e-08  4.92027614e-08  1.20000000e+00  7.12286670e-08  1.06362991e-10  2.20797400e-14 
 4.92127614e-08  4.92127614e-08  1.20000000e+00  7.12286669e-08  1.06362991e-10  2.20797411e-14 
 4.92227614e-08  4.92227614e-08  1.20000000e+00  7.12286670e-08  1.06362991e-10  2.20797422e-14 
 4.92327614e-08  4.92327614e-08  1.20000000e+00  7.12286669e-08  1.06362991e-10  2.20797432e-14 
 4.92427614e-08  4.92427614e-08  1.20000000e+00  7.12286670e-08  1.06362991e-10  2.20797443e-14 
 4.92527614e-08  4.92527614e-08  1.20000000e+00  7.12286669e-08  1.06362991e-10  2.20797454e-14 
 4.92627614e-08  4.92627614e-08  1.20000000e+00  7.12286670e-08  1.06362991e-10  2.20797464e-14 
 4.92727614e-08  4.92727614e-08  1.20000000e+00  7.12286669e-08  1.06362991e-10  2.20797475e-14 
 4.92827614e-08  4.92827614e-08  1.20000000e+00  7.12286670e-08  1.06362991e-10  2.20797485e-14 
 4.92927614e-08  4.92927614e-08  1.20000000e+00  7.12286669e-08  1.06362991e-10  2.20797496e-14 
 4.93027614e-08  4.93027614e-08  1.20000000e+00  7.12286670e-08  1.06362991e-10  2.20797507e-14 
 4.93127614e-08  4.93127614e-08  1.20000000e+00  7.12286669e-08  1.06362991e-10  2.20797517e-14 
 4.93227614e-08  4.93227614e-08  1.20000000e+00  7.12286670e-08  1.06362991e-10  2.20797528e-14 
 4.93327614e-08  4.93327614e-08  1.20000000e+00  7.12286669e-08  1.06362991e-10  2.20797539e-14 
 4.93427614e-08  4.93427614e-08  1.20000000e+00  7.12286670e-08  1.06362991e-10  2.20797549e-14 
 4.93527614e-08  4.93527614e-08  1.20000000e+00  7.12286669e-08  1.06362991e-10  2.20797560e-14 
 4.93627614e-08  4.93627614e-08  1.20000000e+00  7.12286670e-08  1.06362991e-10  2.20797571e-14 
 4.93727614e-08  4.93727614e-08  1.20000000e+00  7.12286669e-08  1.06362991e-10  2.20797581e-14 
 4.93827614e-08  4.93827614e-08  1.20000000e+00  7.12286670e-08  1.06362991e-10  2.20797592e-14 
 4.93927614e-08  4.93927614e-08  1.20000000e+00  7.12286669e-08  1.06362991e-10  2.20797602e-14 
 4.94027614e-08  4.94027614e-08  1.20000000e+00  7.12286670e-08  1.06362991e-10  2.20797613e-14 
 4.94127614e-08  4.94127614e-08  1.20000000e+00  7.12286669e-08  1.06362991e-10  2.20797624e-14 
 4.94227614e-08  4.94227614e-08  1.20000000e+00  7.12286670e-08  1.06362991e-10  2.20797634e-14 
 4.94327614e-08  4.94327614e-08  1.20000000e+00  7.12286669e-08  1.06362991e-10  2.20797645e-14 
 4.94427614e-08  4.94427614e-08  1.20000000e+00  7.12286670e-08  1.06362991e-10  2.20797656e-14 
 4.94527614e-08  4.94527614e-08  1.20000000e+00  7.12286669e-08  1.06362991e-10  2.20797666e-14 
 4.94627614e-08  4.94627614e-08  1.20000000e+00  7.12286670e-08  1.06362991e-10  2.20797677e-14 
 4.94727614e-08  4.94727614e-08  1.20000000e+00  7.12286669e-08  1.06362991e-10  2.20797688e-14 
 4.94827614e-08  4.94827614e-08  1.20000000e+00  7.12286670e-08  1.06362991e-10  2.20797698e-14 
 4.94927614e-08  4.94927614e-08  1.20000000e+00  7.12286669e-08  1.06362991e-10  2.20797709e-14 
 4.95027614e-08  4.95027614e-08  1.20000000e+00  7.12286670e-08  1.06362991e-10  2.20797719e-14 
 4.95127614e-08  4.95127614e-08  1.20000000e+00  7.12286669e-08  1.06362991e-10  2.20797730e-14 
 4.95227614e-08  4.95227614e-08  1.20000000e+00  7.12286670e-08  1.06362991e-10  2.20797741e-14 
 4.95327614e-08  4.95327614e-08  1.20000000e+00  7.12286669e-08  1.06362991e-10  2.20797751e-14 
 4.95427614e-08  4.95427614e-08  1.20000000e+00  7.12286670e-08  1.06362991e-10  2.20797762e-14 
 4.95527614e-08  4.95527614e-08  1.20000000e+00  7.12286669e-08  1.06362991e-10  2.20797773e-14 
 4.95627614e-08  4.95627614e-08  1.20000000e+00  7.12286670e-08  1.06362991e-10  2.20797783e-14 
 4.95727614e-08  4.95727614e-08  1.20000000e+00  7.12286669e-08  1.06362991e-10  2.20797794e-14 
 4.95827614e-08  4.95827614e-08  1.20000000e+00  7.12286670e-08  1.06362991e-10  2.20797805e-14 
 4.95927614e-08  4.95927614e-08  1.20000000e+00  7.12286669e-08  1.06362991e-10  2.20797815e-14 
 4.96027614e-08  4.96027614e-08  1.20000000e+00  7.12286670e-08  1.06362991e-10  2.20797826e-14 
 4.96127614e-08  4.96127614e-08  1.20000000e+00  7.12286669e-08  1.06362991e-10  2.20797836e-14 
 4.96227614e-08  4.96227614e-08  1.20000000e+00  7.12286670e-08  1.06362991e-10  2.20797847e-14 
 4.96327614e-08  4.96327614e-08  1.20000000e+00  7.12286669e-08  1.06362991e-10  2.20797858e-14 
 4.96427614e-08  4.96427614e-08  1.20000000e+00  7.12286670e-08  1.06362991e-10  2.20797868e-14 
 4.96527614e-08  4.96527614e-08  1.20000000e+00  7.12286669e-08  1.06362991e-10  2.20797879e-14 
 4.96627614e-08  4.96627614e-08  1.20000000e+00  7.12286670e-08  1.06362991e-10  2.20797890e-14 
 4.96727614e-08  4.96727614e-08  1.20000000e+00  7.12286669e-08  1.06362991e-10  2.20797900e-14 
 4.96827614e-08  4.96827614e-08  1.20000000e+00  7.12286670e-08  1.06362991e-10  2.20797911e-14 
 4.96927614e-08  4.96927614e-08  1.20000000e+00  7.12286669e-08  1.06362991e-10  2.20797922e-14 
 4.97027614e-08  4.97027614e-08  1.20000000e+00  7.12286670e-08  1.06362991e-10  2.20797932e-14 
 4.97127614e-08  4.97127614e-08  1.20000000e+00  7.12286669e-08  1.06362991e-10  2.20797943e-14 
 4.97227614e-08  4.97227614e-08  1.20000000e+00  7.12286670e-08  1.06362991e-10  2.20797953e-14 
 4.97327614e-08  4.97327614e-08  1.20000000e+00  7.12286669e-08  1.06362991e-10  2.20797964e-14 
 4.97427614e-08  4.97427614e-08  1.20000000e+00  7.12286670e-08  1.06362991e-10  2.20797975e-14 
 4.97527614e-08  4.97527614e-08  1.20000000e+00  7.12286669e-08  1.06362991e-10  2.20797985e-14 
 4.97627614e-08  4.97627614e-08  1.20000000e+00  7.12286670e-08  1.06362991e-10  2.20797996e-14 
 4.97727614e-08  4.97727614e-08  1.20000000e+00  7.12286669e-08  1.06362991e-10  2.20798007e-14 
 4.97827614e-08  4.97827614e-08  1.20000000e+00  7.12286670e-08  1.06362991e-10  2.20798017e-14 
 4.97927614e-08  4.97927614e-08  1.20000000e+00  7.12286669e-08  1.06362991e-10  2.20798028e-14 
 4.98027614e-08  4.98027614e-08  1.20000000e+00  7.12286670e-08  1.06362991e-10  2.20798039e-14 
 4.98127614e-08  4.98127614e-08  1.20000000e+00  7.12286669e-08  1.06362991e-10  2.20798049e-14 
 4.98227614e-08  4.98227614e-08  1.20000000e+00  7.12286670e-08  1.06362991e-10  2.20798060e-14 
 4.98327614e-08  4.98327614e-08  1.20000000e+00  7.12286669e-08  1.06362991e-10  2.20798070e-14 
 4.98427614e-08  4.98427614e-08  1.20000000e+00  7.12286670e-08  1.06362991e-10  2.20798081e-14 
 4.98527614e-08  4.98527614e-08  1.20000000e+00  7.12286669e-08  1.06362991e-10  2.20798092e-14 
 4.98627614e-08  4.98627614e-08  1.20000000e+00  7.12286670e-08  1.06362991e-10  2.20798102e-14 
 4.98727614e-08  4.98727614e-08  1.20000000e+00  7.12286669e-08  1.06362991e-10  2.20798113e-14 
 4.98827614e-08  4.98827614e-08  1.20000000e+00  7.12286670e-08  1.06362991e-10  2.20798124e-14 
 4.98927614e-08  4.98927614e-08  1.20000000e+00  7.12286669e-08  1.06362991e-10  2.20798134e-14 
 4.99027614e-08  4.99027614e-08  1.20000000e+00  7.12286670e-08  1.06362991e-10  2.20798145e-14 
 4.99127614e-08  4.99127614e-08  1.20000000e+00  7.12286669e-08  1.06362991e-10  2.20798156e-14 
 4.99227614e-08  4.99227614e-08  1.20000000e+00  7.12286670e-08  1.06362991e-10  2.20798166e-14 
 4.99327614e-08  4.99327614e-08  1.20000000e+00  7.12286669e-08  1.06362991e-10  2.20798177e-14 
 4.99427614e-08  4.99427614e-08  1.20000000e+00  7.12286670e-08  1.06362991e-10  2.20798187e-14 
 4.99527614e-08  4.99527614e-08  1.20000000e+00  7.12286669e-08  1.06362991e-10  2.20798198e-14 
 4.99627614e-08  4.99627614e-08  1.20000000e+00  7.12286670e-08  1.06362991e-10  2.20798209e-14 
 4.99727614e-08  4.99727614e-08  1.20000000e+00  7.12286669e-08  1.06362991e-10  2.20798219e-14 
 4.99827614e-08  4.99827614e-08  1.20000000e+00  7.12286670e-08  1.06362991e-10  2.20798230e-14 
 4.99927614e-08  4.99927614e-08  1.20000000e+00  7.12286669e-08  1.06362991e-10  2.20798241e-14 
 5.00027614e-08  5.00027614e-08  1.20000000e+00  7.12286670e-08  1.06362991e-10  2.20798251e-14 
 5.00127614e-08  5.00127614e-08  1.20000000e+00  7.12286669e-08  1.06362991e-10  2.20798262e-14 
 5.00227614e-08  5.00227614e-08  1.20000000e+00  7.12286670e-08  1.06362991e-10  2.20798273e-14 
 5.00327614e-08  5.00327614e-08  1.20000000e+00  7.12286669e-08  1.06362991e-10  2.20798283e-14 
 5.00427614e-08  5.00427614e-08  1.20000000e+00  7.12286670e-08  1.06362991e-10  2.20798294e-14 
 5.00527614e-08  5.00527614e-08  1.20000000e+00  7.12286669e-08  1.06362991e-10  2.20798304e-14 
 5.00627614e-08  5.00627614e-08  1.20000000e+00  7.12286670e-08  1.06362991e-10  2.20798315e-14 
 5.00727614e-08  5.00727614e-08  1.20000000e+00  7.12286669e-08  1.06362991e-10  2.20798326e-14 
 5.00827614e-08  5.00827614e-08  1.20000000e+00  7.12286670e-08  1.06362991e-10  2.20798336e-14 
 5.00927614e-08  5.00927614e-08  1.20000000e+00  7.12286669e-08  1.06362991e-10  2.20798347e-14 
 5.01027614e-08  5.01027614e-08  1.20000000e+00  7.12286670e-08  1.06362991e-10  2.20798358e-14 
 5.01127614e-08  5.01127614e-08  1.20000000e+00  7.12286669e-08  1.06362991e-10  2.20798368e-14 
 5.01227614e-08  5.01227614e-08  1.20000000e+00  7.12286670e-08  1.06362991e-10  2.20798379e-14 
 5.01327614e-08  5.01327614e-08  1.20000000e+00  7.12286669e-08  1.06362991e-10  2.20798390e-14 
 5.01427614e-08  5.01427614e-08  1.20000000e+00  7.12286670e-08  1.06362991e-10  2.20798400e-14 
 5.01527614e-08  5.01527614e-08  1.20000000e+00  7.12286669e-08  1.06362991e-10  2.20798411e-14 
 5.01627614e-08  5.01627614e-08  1.20000000e+00  7.12286670e-08  1.06362991e-10  2.20798421e-14 
 5.01727614e-08  5.01727614e-08  1.20000000e+00  7.12286669e-08  1.06362991e-10  2.20798432e-14 
 5.01827614e-08  5.01827614e-08  1.20000000e+00  7.12286670e-08  1.06362991e-10  2.20798443e-14 
 5.01927614e-08  5.01927614e-08  1.20000000e+00  7.12286669e-08  1.06362991e-10  2.20798453e-14 
 5.02027614e-08  5.02027614e-08  1.20000000e+00  7.12286670e-08  1.06362991e-10  2.20798464e-14 
 5.02127614e-08  5.02127614e-08  1.20000000e+00  7.12286669e-08  1.06362991e-10  2.20798475e-14 
 5.02227614e-08  5.02227614e-08  1.20000000e+00  7.12286670e-08  1.06362991e-10  2.20798485e-14 
 5.02327614e-08  5.02327614e-08  1.20000000e+00  7.12286669e-08  1.06362991e-10  2.20798496e-14 
 5.02427614e-08  5.02427614e-08  1.20000000e+00  7.12286670e-08  1.06362991e-10  2.20798507e-14 
 5.02527614e-08  5.02527614e-08  1.20000000e+00  7.12286669e-08  1.06362991e-10  2.20798517e-14 
 5.02627614e-08  5.02627614e-08  1.20000000e+00  7.12286670e-08  1.06362991e-10  2.20798528e-14 
 5.02727614e-08  5.02727614e-08  1.20000000e+00  7.12286669e-08  1.06362991e-10  2.20798538e-14 
 5.02827614e-08  5.02827614e-08  1.20000000e+00  7.12286670e-08  1.06362991e-10  2.20798549e-14 
 5.02927614e-08  5.02927614e-08  1.20000000e+00  7.12286669e-08  1.06362991e-10  2.20798560e-14 
 5.03027614e-08  5.03027614e-08  1.20000000e+00  7.12286670e-08  1.06362991e-10  2.20798570e-14 
 5.03127614e-08  5.03127614e-08  1.20000000e+00  7.12286669e-08  1.06362991e-10  2.20798581e-14 
 5.03227614e-08  5.03227614e-08  1.20000000e+00  7.12286670e-08  1.06362991e-10  2.20798592e-14 
 5.03327614e-08  5.03327614e-08  1.20000000e+00  7.12286669e-08  1.06362991e-10  2.20798602e-14 
 5.03427614e-08  5.03427614e-08  1.20000000e+00  7.12286670e-08  1.06362991e-10  2.20798613e-14 
 5.03527614e-08  5.03527614e-08  1.20000000e+00  7.12286669e-08  1.06362991e-10  2.20798624e-14 
 5.03627614e-08  5.03627614e-08  1.20000000e+00  7.12286670e-08  1.06362991e-10  2.20798634e-14 
 5.03727614e-08  5.03727614e-08  1.20000000e+00  7.12286669e-08  1.06362991e-10  2.20798645e-14 
 5.03827614e-08  5.03827614e-08  1.20000000e+00  7.12286670e-08  1.06362991e-10  2.20798655e-14 
 5.03927614e-08  5.03927614e-08  1.20000000e+00  7.12286669e-08  1.06362991e-10  2.20798666e-14 
 5.04027614e-08  5.04027614e-08  1.20000000e+00  7.12286670e-08  1.06362991e-10  2.20798677e-14 
 5.04127614e-08  5.04127614e-08  1.20000000e+00  7.12286669e-08  1.06362991e-10  2.20798687e-14 
 5.04227614e-08  5.04227614e-08  1.20000000e+00  7.12286670e-08  1.06362991e-10  2.20798698e-14 
 5.04327614e-08  5.04327614e-08  1.20000000e+00  7.12286669e-08  1.06362991e-10  2.20798709e-14 
 5.04427614e-08  5.04427614e-08  1.20000000e+00  7.12286670e-08  1.06362991e-10  2.20798719e-14 
 5.04527614e-08  5.04527614e-08  1.20000000e+00  7.12286669e-08  1.06362991e-10  2.20798730e-14 
 5.04627614e-08  5.04627614e-08  1.20000000e+00  7.12286670e-08  1.06362991e-10  2.20798741e-14 
 5.04727614e-08  5.04727614e-08  1.20000000e+00  7.12286669e-08  1.06362991e-10  2.20798751e-14 
 5.04827614e-08  5.04827614e-08  1.20000000e+00  7.12286670e-08  1.06362991e-10  2.20798762e-14 
 5.04913807e-08  5.04913807e-08  1.20000000e+00  7.12286670e-08  1.06362991e-10  2.20798771e-14 
 5.05000000e-08  5.05000000e-08  1.20000000e+00  7.12286634e-08  1.06362991e-10  2.20798780e-14 
 5.05010000e-08  5.05010000e-08  1.19760000e+00 -2.73807853e-03  1.06362994e-10  2.20798781e-14 
 5.05030000e-08  5.05030000e-08  1.19280000e+00 -7.91908235e-03  1.06363000e-10  2.20798783e-14 
 5.05070000e-08  5.05070000e-08  1.18320000e+00 -1.72134090e-02  1.06363012e-10  2.20798788e-14 
 5.05129930e-08  5.05129930e-08  1.16881678e+00 -2.88911139e-02  1.06363026e-10  2.20798794e-14 
 5.05229930e-08  5.05229930e-08  1.14481678e+00 -4.38256007e-02  1.06363043e-10  2.20798805e-14 
 5.05329930e-08  5.05329930e-08  1.12081678e+00 -5.46253125e-02  1.06363056e-10  2.20798815e-14 
 5.05429930e-08  5.05429930e-08  1.09681678e+00 -6.26071734e-02  1.06363066e-10  2.20798826e-14 
 5.05529930e-08  5.05529930e-08  1.07281678e+00 -6.87233628e-02  1.06363073e-10  2.20798836e-14 
 5.05629930e-08  5.05629930e-08  1.04881678e+00 -7.36353179e-02  1.06363079e-10  2.20798847e-14 
 5.05729930e-08  5.05729930e-08  1.02481678e+00 -7.77906201e-02  1.06363084e-10  2.20798858e-14 
 5.05829930e-08  5.05829930e-08  1.00081678e+00 -8.14897403e-02  1.06363089e-10  2.20798868e-14 
 5.05929930e-08  5.05929930e-08  9.76816784e-01 -8.49352108e-02  1.06363093e-10  2.20798879e-14 
 5.06029930e-08  5.06029930e-08  9.52816784e-01 -8.82654083e-02  1.06363097e-10  2.20798890e-14 
 5.06129930e-08  5.06129930e-08  9.28816784e-01 -9.15770100e-02  1.06363101e-10  2.20798900e-14 
 5.06229930e-08  5.06229930e-08  9.04816784e-01 -9.49396967e-02  1.06363105e-10  2.20798911e-14 
 5.06329930e-08  5.06329930e-08  8.80816784e-01 -9.84057293e-02  1.06363109e-10  2.20798922e-14 
 5.06429930e-08  5.06429930e-08  8.56816784e-01 -1.02016182e-01  1.06363113e-10  2.20798932e-14 
 5.06529930e-08  5.06529930e-08  8.32816784e-01 -1.05805005e-01  1.06363118e-10  2.20798943e-14 
 5.06629930e-08  5.06629930e-08  8.08816784e-01 -1.09801659e-01  1.06363123e-10  2.20798953e-14 
 5.06729930e-08  5.06729930e-08  7.84816784e-01 -1.14032806e-01  1.06363128e-10  2.20798964e-14 
 5.06829930e-08  5.06829930e-08  7.60816784e-01 -1.18523352e-01  1.06363133e-10  2.20798975e-14 
 5.06929930e-08  5.06929930e-08  7.36816784e-01 -1.23297036e-01  1.06363139e-10  2.20798985e-14 
 5.07029930e-08  5.07029930e-08  7.12816784e-01 -1.28376686e-01  1.06363145e-10  2.20798996e-14 
 5.07129930e-08  5.07129930e-08  6.88816784e-01 -1.33784248e-01  1.06363151e-10  2.20799007e-14 
 5.07229930e-08  5.07229930e-08  6.64816784e-01 -1.39540660e-01  1.06363158e-10  2.20799017e-14 
 5.07329930e-08  5.07329930e-08  6.40816784e-01 -1.45665673e-01  1.06363166e-10  2.20799028e-14 
 5.07429930e-08  5.07429930e-08  6.16816784e-01 -1.52177709e-01  1.06363174e-10  2.20799039e-14 
 5.07529930e-08  5.07529930e-08  5.92816784e-01 -1.59093799e-01  5.43974551e-10  2.20799071e-14 
 5.07629930e-08  5.07629930e-08  5.68816784e-01 -1.66411036e-01  1.43583953e-07  2.20806277e-14 
 5.07729930e-08  5.07729930e-08  5.44816784e-01 -1.74106821e-01  5.42838034e-07  2.20840599e-14 
 5.07829930e-08  5.07829930e-08  5.20816784e-01 -1.82154495e-01  1.19842954e-06  2.20927662e-14 
 5.07929930e-08  5.07929930e-08  4.96816784e-01 -1.90525841e-01  2.11049117e-06  2.21093108e-14 
 5.08029930e-08  5.08029930e-08  4.72816784e-01 -1.99188023e-01  3.27916329e-06  2.21362591e-14 
 5.08129930e-08  5.08129930e-08  4.48816784e-01 -2.08103266e-01  4.70459185e-06  2.21761778e-14 
 5.08229930e-08  5.08229930e-08  4.24816784e-01 -2.17224791e-01  6.38692544e-06  2.22316354e-14 
 5.08329930e-08  5.08329930e-08  4.00816784e-01 -2.26496613e-01  8.32631170e-06  2.23052016e-14 
 5.08429930e-08  5.08429930e-08  3.76816784e-01 -2.35853694e-01  1.05228930e-05  2.23994476e-14 
 5.08529930e-08  5.08529930e-08  3.52816784e-01 -2.45222162e-01  1.29768016e-05  2.25169461e-14 
 5.08629930e-08  5.08629930e-08  3.28816784e-01 -2.54519732e-01  1.56881542e-05  2.26602709e-14 
 5.08729930e-08  5.08729930e-08  3.04816784e-01 -2.63656302e-01  1.86570460e-05  2.28319969e-14 
 5.08829930e-08  5.08829930e-08  2.80816784e-01 -2.72534415e-01  2.18835444e-05  2.30346998e-14 
 5.08929930e-08  5.08929930e-08  2.56816784e-01 -2.81049332e-01  2.53676821e-05  2.32709560e-14 
 5.09029930e-08  5.09029930e-08  2.32816784e-01 -2.89088521e-01  2.91094491e-05  2.35433416e-14 
 5.09129930e-08  5.09129930e-08  2.08816784e-01 -2.96530499e-01  3.31087841e-05  2.38544328e-14 
 5.09229930e-08  5.09229930e-08  1.84816784e-01 -3.03242955e-01  3.73655632e-05  2.42068045e-14 
 5.09329930e-08  5.09329930e-08  1.60816784e-01 -3.09080035e-01  4.18795877e-05  2.46030303e-14 
 5.09429930e-08  5.09429930e-08  1.36816784e-01 -3.13878444e-01  4.66505671e-05  2.50456811e-14 
 5.09529930e-08  5.09529930e-08  1.12816784e-01 -3.17451736e-01  5.16780978e-05  2.55373244e-14 
 5.09629930e-08  5.09629930e-08  8.88167841e-02 -3.19581590e-01  5.69616334e-05  2.60805230e-14 
 5.09729930e-08  5.09729930e-08  6.48167841e-02 -3.20003981e-01  6.25004415e-05  2.66778334e-14 
 5.09829930e-08  5.09829930e-08  4.08167841e-02 -3.18380565e-01  6.82935293e-05  2.73318033e-14 
 5.09914965e-08  5.09914965e-08  2.04083920e-02 -3.15071420e-01  7.34187397e-05  2.79343282e-14 
 5.10000000e-08  5.10000000e-08  0.00000000e+00 -3.09606772e-01  7.87257291e-05  2.85812082e-14 
 5.10010000e-08  5.10010000e-08  0.00000000e+00 -3.07065774e-01  7.87218455e-05  2.86599320e-14 
 5.10030000e-08  5.10030000e-08  0.00000000e+00 -3.02274235e-01  7.87145222e-05  2.88173683e-14 
 5.10070000e-08  5.10070000e-08  0.00000000e+00 -2.92779428e-01  7.87000107e-05  2.91321974e-14 
 5.10124223e-08  5.10124223e-08  0.00000000e+00 -2.79452661e-01  7.86796425e-05  2.95588789e-14 
 5.10224223e-08  5.10224223e-08  0.00000000e+00 -2.53085680e-01  7.86393440e-05  3.03454738e-14 
 5.10324223e-08  5.10324223e-08  0.00000000e+00 -2.23834230e-01  7.85946371e-05  3.11316437e-14 
 5.10424223e-08  5.10424223e-08  0.00000000e+00 -1.90708856e-01  7.85440093e-05  3.19173370e-14 
 5.10524223e-08  5.10524223e-08  0.00000000e+00 -1.52233957e-01  7.84852055e-05  3.27024830e-14 
 5.10624223e-08  5.10624223e-08  0.00000000e+00 -1.06210198e-01  7.84148643e-05  3.34869834e-14 
 5.10724223e-08  5.10724223e-08  0.00000000e+00 -4.92116577e-02  7.83277496e-05  3.42706965e-14 
 5.10824223e-08  5.10824223e-08  0.00000000e+00  2.05587901e-02  7.82211147e-05  3.50534408e-14 
 5.10904128e-08  5.10904128e-08  0.00000000e+00  9.56359111e-02  7.81063692e-05  3.56780080e-14 
 5.10988182e-08  5.10988182e-08  0.00000000e+00  1.85916067e-01  7.79683879e-05  3.63339420e-14 
 5.11064496e-08  5.11064496e-08  0.00000000e+00  2.70408965e-01  7.78392517e-05  3.69284546e-14 
 5.11142126e-08  5.11142126e-08  0.00000000e+00  3.58067293e-01  7.77052775e-05  3.75322048e-14 
 5.11242126e-08  5.11242126e-08  0.00000000e+00  4.73127978e-01  7.75294225e-05  3.83083783e-14 
 5.11342126e-08  5.11342126e-08  0.00000000e+00  5.90321225e-01  7.73503081e-05  3.90827770e-14 
 5.11442126e-08  5.11442126e-08  0.00000000e+00  7.07084571e-01  7.49288956e-05  3.98441730e-14 
 5.11542126e-08  5.11542126e-08  0.00000000e+00  8.16834607e-01  6.72898913e-05  4.05552669e-14 
 5.11632441e-08  5.11632441e-08  0.00000000e+00  9.04840824e-01  5.73990522e-05  4.11183273e-14 
 5.11685330e-08  5.11685330e-08  0.00000000e+00  9.50297487e-01  5.09841182e-05  4.14049413e-14 
 5.11749618e-08  5.11749618e-08  0.00000000e+00  9.98742621e-01  4.31716277e-05  4.17075975e-14 
 5.11849618e-08  5.11849618e-08  0.00000000e+00  1.05949196e+00  3.19564034e-05  4.20832376e-14 
 5.11949618e-08  5.11949618e-08  0.00000000e+00  1.10437139e+00  2.26604383e-05  4.23563218e-14 
 5.12049618e-08  5.12049618e-08  0.00000000e+00  1.13626072e+00  1.55347198e-05  4.25472976e-14 
 5.12149618e-08  5.12149618e-08  0.00000000e+00  1.15821828e+00  1.03774284e-05  4.26768584e-14 
 5.12249618e-08  5.12249618e-08  0.00000000e+00  1.17296628e+00  6.79879638e-06  4.27627395e-14 
 5.12349618e-08  5.12349618e-08  0.00000000e+00  1.18268274e+00  4.39076086e-06  4.28186873e-14 
 5.12449618e-08  5.12449618e-08  0.00000000e+00  1.18899056e+00  2.80610847e-06  4.28546716e-14 
 5.12549618e-08  5.12549618e-08  0.00000000e+00  1.19304018e+00  1.77989135e-06  4.28776016e-14 
 5.12649618e-08  5.12649618e-08  0.00000000e+00  1.19561851e+00  1.12290125e-06  4.28921156e-14 
 5.12749618e-08  5.12749618e-08  0.00000000e+00  1.19725004e+00  7.05715946e-07  4.29012587e-14 
 5.12849618e-08  5.12849618e-08  0.00000000e+00  1.19827781e+00  4.42334959e-07  4.29069989e-14 
 5.12949618e-08  5.12949618e-08  0.00000000e+00  1.19892316e+00  2.76758294e-07  4.29105944e-14 
 5.13049618e-08  5.13049618e-08  0.00000000e+00  1.19932741e+00  1.72912548e-07  4.29128427e-14 
 5.13149618e-08  5.13149618e-08  0.00000000e+00  1.19958020e+00  1.07942744e-07  4.29142470e-14 
 5.13249618e-08  5.13249618e-08  0.00000000e+00  1.19973810e+00  6.73513379e-08  4.29151235e-14 
 5.13349618e-08  5.13349618e-08  0.00000000e+00  1.19983663e+00  4.20151684e-08  4.29156703e-14 
 5.13449618e-08  5.13449618e-08  0.00000000e+00  1.19989809e+00  2.62114013e-08  4.29160114e-14 
 5.13549618e-08  5.13549618e-08  0.00000000e+00  1.19993640e+00  1.63580875e-08  4.29162243e-14 
 5.13649618e-08  5.13649618e-08  0.00000000e+00  1.19996028e+00  1.02166812e-08  4.29163572e-14 
 5.13749618e-08  5.13749618e-08  0.00000000e+00  1.19997516e+00  6.38966903e-09  4.29164402e-14 
 5.13849618e-08  5.13849618e-08  0.00000000e+00  1.19998443e+00  4.00522126e-09  4.29164922e-14 
 5.13949618e-08  5.13949618e-08  0.00000000e+00  1.19999020e+00  2.51972360e-09  4.29165248e-14 
 5.14049618e-08  5.14049618e-08  0.00000000e+00  1.19999380e+00  1.59433060e-09  4.29165454e-14 
 5.14149618e-08  5.14149618e-08  0.00000000e+00  1.19999604e+00  1.01788272e-09  4.29165584e-14 
 5.14249618e-08  5.14249618e-08  0.00000000e+00  1.19999744e+00  6.58811991e-10  4.29165668e-14 
 5.14349618e-08  5.14349618e-08  0.00000000e+00  1.19999831e+00  4.35150865e-10  4.29165723e-14 
 5.14449618e-08  5.14449618e-08  0.00000000e+00  1.19999885e+00  2.95836918e-10  4.29165759e-14 
 5.14549618e-08  5.14549618e-08  0.00000000e+00  1.19999919e+00  2.09061975e-10  4.29165785e-14 
 5.14649618e-08  5.14649618e-08  0.00000000e+00  1.19999940e+00  1.55012545e-10  4.29165803e-14 
 5.14749618e-08  5.14749618e-08  0.00000000e+00  1.19999953e+00  1.21346980e-10  4.29165817e-14 
 5.14849618e-08  5.14849618e-08  0.00000000e+00  1.19999961e+00  1.00377901e-10  4.29165828e-14 
 5.14949618e-08  5.14949618e-08  0.00000000e+00  1.19999966e+00  8.73170386e-11  4.29165837e-14 
 5.15049618e-08  5.15049618e-08  0.00000000e+00  1.19999969e+00  7.91819223e-11  4.29165845e-14 
 5.15149618e-08  5.15149618e-08  0.00000000e+00  1.19999971e+00  7.41148715e-11  4.29165853e-14 
 5.15249618e-08  5.15249618e-08  0.00000000e+00  1.19999972e+00  7.09588027e-11  4.29165860e-14 
 5.15349618e-08  5.15349618e-08  0.00000000e+00  1.19999973e+00  6.89930112e-11  4.29165867e-14 
 5.15449618e-08  5.15449618e-08  0.00000000e+00  1.19999974e+00  6.77685971e-11  4.29165874e-14 
 5.15549618e-08  5.15549618e-08  0.00000000e+00  1.19999974e+00  6.70059577e-11  4.29165881e-14 
 5.15649618e-08  5.15649618e-08  0.00000000e+00  1.19999974e+00  6.65309403e-11  4.29165888e-14 
 5.15749618e-08  5.15749618e-08  0.00000000e+00  1.19999974e+00  6.62350703e-11  4.29165894e-14 
 5.15849618e-08  5.15849618e-08  0.00000000e+00  1.19999974e+00  6.60507848e-11  4.29165901e-14 
 5.15949618e-08  5.15949618e-08  0.00000000e+00  1.19999974e+00  6.59360007e-11  4.29165907e-14 
 5.16049618e-08  5.16049618e-08  0.00000000e+00  1.19999974e+00  6.58645060e-11  4.29165914e-14 
 5.16149618e-08  5.16149618e-08  0.00000000e+00  1.19999974e+00  6.58199751e-11  4.29165921e-14 
 5.16249618e-08  5.16249618e-08  0.00000000e+00  1.19999974e+00  6.57922386e-11  4.29165927e-14 
 5.16349618e-08  5.16349618e-08  0.00000000e+00  1.19999974e+00  6.57749625e-11  4.29165934e-14 
 5.16449618e-08  5.16449618e-08  0.00000000e+00  1.19999974e+00  6.57642020e-11  4.29165940e-14 
 5.16549618e-08  5.16549618e-08  0.00000000e+00  1.19999974e+00  6.57574995e-11  4.29165947e-14 
 5.16649618e-08  5.16649618e-08  0.00000000e+00  1.19999974e+00  6.57533251e-11  4.29165953e-14 
 5.16749618e-08  5.16749618e-08  0.00000000e+00  1.19999974e+00  6.57507247e-11  4.29165960e-14 
 5.16849618e-08  5.16849618e-08  0.00000000e+00  1.19999974e+00  6.57491049e-11  4.29165967e-14 
 5.16949618e-08  5.16949618e-08  0.00000000e+00  1.19999974e+00  6.57480960e-11  4.29165973e-14 
 5.17049618e-08  5.17049618e-08  0.00000000e+00  1.19999974e+00  6.57474680e-11  4.29165980e-14 
 5.17149618e-08  5.17149618e-08  0.00000000e+00  1.19999974e+00  6.57470763e-11  4.29165986e-14 
 5.17249618e-08  5.17249618e-08  0.00000000e+00  1.19999974e+00  6.57468324e-11  4.29165993e-14 
 5.17349618e-08  5.17349618e-08  0.00000000e+00  1.19999974e+00  6.57466807e-11  4.29166000e-14 
 5.17449618e-08  5.17449618e-08  0.00000000e+00  1.19999974e+00  6.57465863e-11  4.29166006e-14 
 5.17549618e-08  5.17549618e-08  0.00000000e+00  1.19999974e+00  6.57465274e-11  4.29166013e-14 
 5.17649618e-08  5.17649618e-08  0.00000000e+00  1.19999974e+00  6.57464908e-11  4.29166019e-14 
 5.17749618e-08  5.17749618e-08  0.00000000e+00  1.19999974e+00  6.57464681e-11  4.29166026e-14 
 5.17849618e-08  5.17849618e-08  0.00000000e+00  1.19999974e+00  6.57464536e-11  4.29166032e-14 
 5.17949618e-08  5.17949618e-08  0.00000000e+00  1.19999974e+00  6.57464448e-11  4.29166039e-14 
 5.18049618e-08  5.18049618e-08  0.00000000e+00  1.19999974e+00  6.57464394e-11  4.29166046e-14 
 5.18149618e-08  5.18149618e-08  0.00000000e+00  1.19999974e+00  6.57464360e-11  4.29166052e-14 
 5.18249618e-08  5.18249618e-08  0.00000000e+00  1.19999974e+00  6.57464337e-11  4.29166059e-14 
 5.18349618e-08  5.18349618e-08  0.00000000e+00  1.19999974e+00  6.57464323e-11  4.29166065e-14 
 5.18449618e-08  5.18449618e-08  0.00000000e+00  1.19999974e+00  6.57464313e-11  4.29166072e-14 
 5.18549618e-08  5.18549618e-08  0.00000000e+00  1.19999974e+00  6.57464309e-11  4.29166078e-14 
 5.18649618e-08  5.18649618e-08  0.00000000e+00  1.19999974e+00  6.57464307e-11  4.29166085e-14 
 5.18749618e-08  5.18749618e-08  0.00000000e+00  1.19999974e+00  6.57464305e-11  4.29166092e-14 
 5.18849618e-08  5.18849618e-08  0.00000000e+00  1.19999974e+00  6.57464304e-11  4.29166098e-14 
 5.18949618e-08  5.18949618e-08  0.00000000e+00  1.19999974e+00  6.57464302e-11  4.29166105e-14 
 5.19049618e-08  5.19049618e-08  0.00000000e+00  1.19999974e+00  6.57464301e-11  4.29166111e-14 
 5.19149618e-08  5.19149618e-08  0.00000000e+00  1.19999974e+00  6.57464302e-11  4.29166118e-14 
 5.19249618e-08  5.19249618e-08  0.00000000e+00  1.19999974e+00  6.57464302e-11  4.29166124e-14 
 5.19349618e-08  5.19349618e-08  0.00000000e+00  1.19999974e+00  6.57464302e-11  4.29166131e-14 
 5.19449618e-08  5.19449618e-08  0.00000000e+00  1.19999974e+00  6.57464302e-11  4.29166138e-14 
 5.19549618e-08  5.19549618e-08  0.00000000e+00  1.19999974e+00  6.57464302e-11  4.29166144e-14 
 5.19649618e-08  5.19649618e-08  0.00000000e+00  1.19999974e+00  6.57464302e-11  4.29166151e-14 
 5.19749618e-08  5.19749618e-08  0.00000000e+00  1.19999974e+00  6.57464302e-11  4.29166157e-14 
 5.19849618e-08  5.19849618e-08  0.00000000e+00  1.19999974e+00  6.57464302e-11  4.29166164e-14 
 5.19924809e-08  5.19924809e-08  0.00000000e+00  1.19999974e+00  6.57464302e-11  4.29166169e-14 
 5.20000000e-08  5.20000000e-08  0.00000000e+00  1.19999974e+00  6.57464302e-11  4.29166174e-14 
 5.20010000e-08  5.20010000e-08  0.00000000e+00  1.19999974e+00  6.57464302e-11  4.29166174e-14 
 5.20030000e-08  5.20030000e-08  0.00000000e+00  1.19999974e+00  6.57464303e-11  4.29166176e-14 
 5.20070000e-08  5.20070000e-08  0.00000000e+00  1.19999974e+00  6.57464304e-11  4.29166178e-14 
 5.20150000e-08  5.20150000e-08  0.00000000e+00  1.19999974e+00  6.57464305e-11  4.29166184e-14 
 5.20250000e-08  5.20250000e-08  0.00000000e+00  1.19999974e+00  6.57464305e-11  4.29166190e-14 
 5.20350000e-08  5.20350000e-08  0.00000000e+00  1.19999974e+00  6.57464304e-11  4.29166197e-14 
 5.20450000e-08  5.20450000e-08  0.00000000e+00  1.19999974e+00  6.57464303e-11  4.29166203e-14 
 5.20550000e-08  5.20550000e-08  0.00000000e+00  1.19999974e+00  6.57464301e-11  4.29166210e-14 
 5.20650000e-08  5.20650000e-08  0.00000000e+00  1.19999974e+00  6.57464300e-11  4.29166217e-14 
 5.20750000e-08  5.20750000e-08  0.00000000e+00  1.19999974e+00  6.57464300e-11  4.29166223e-14 
 5.20850000e-08  5.20850000e-08  0.00000000e+00  1.19999974e+00  6.57464299e-11  4.29166230e-14 
 5.20950000e-08  5.20950000e-08  0.00000000e+00  1.19999974e+00  6.57464298e-11  4.29166236e-14 
 5.21050000e-08  5.21050000e-08  0.00000000e+00  1.19999974e+00  6.57464298e-11  4.29166243e-14 
 5.21150000e-08  5.21150000e-08  0.00000000e+00  1.19999974e+00  6.57464298e-11  4.29166249e-14 
 5.21250000e-08  5.21250000e-08  0.00000000e+00  1.19999974e+00  6.57464298e-11  4.29166256e-14 
 5.21350000e-08  5.21350000e-08  0.00000000e+00  1.19999974e+00  6.57464298e-11  4.29166263e-14 
 5.21450000e-08  5.21450000e-08  0.00000000e+00  1.19999974e+00  6.57464298e-11  4.29166269e-14 
 5.21550000e-08  5.21550000e-08  0.00000000e+00  1.19999974e+00  6.57464298e-11  4.29166276e-14 
 5.21650000e-08  5.21650000e-08  0.00000000e+00  1.19999974e+00  6.57464298e-11  4.29166282e-14 
 5.21750000e-08  5.21750000e-08  0.00000000e+00  1.19999974e+00  6.57464298e-11  4.29166289e-14 
 5.21850000e-08  5.21850000e-08  0.00000000e+00  1.19999974e+00  6.57464298e-11  4.29166295e-14 
 5.21950000e-08  5.21950000e-08  0.00000000e+00  1.19999974e+00  6.57464298e-11  4.29166302e-14 
 5.22050000e-08  5.22050000e-08  0.00000000e+00  1.19999974e+00  6.57464298e-11  4.29166309e-14 
 5.22150000e-08  5.22150000e-08  0.00000000e+00  1.19999974e+00  6.57464298e-11  4.29166315e-14 
 5.22250000e-08  5.22250000e-08  0.00000000e+00  1.19999974e+00  6.57464298e-11  4.29166322e-14 
 5.22350000e-08  5.22350000e-08  0.00000000e+00  1.19999974e+00  6.57464298e-11  4.29166328e-14 
 5.22450000e-08  5.22450000e-08  0.00000000e+00  1.19999974e+00  6.57464298e-11  4.29166335e-14 
 5.22550000e-08  5.22550000e-08  0.00000000e+00  1.19999974e+00  6.57464298e-11  4.29166341e-14 
 5.22650000e-08  5.22650000e-08  0.00000000e+00  1.19999974e+00  6.57464298e-11  4.29166348e-14 
 5.22750000e-08  5.22750000e-08  0.00000000e+00  1.19999974e+00  6.57464298e-11  4.29166355e-14 
 5.22850000e-08  5.22850000e-08  0.00000000e+00  1.19999974e+00  6.57464298e-11  4.29166361e-14 
 5.22950000e-08  5.22950000e-08  0.00000000e+00  1.19999974e+00  6.57464298e-11  4.29166368e-14 
 5.23050000e-08  5.23050000e-08  0.00000000e+00  1.19999974e+00  6.57464298e-11  4.29166374e-14 
 5.23150000e-08  5.23150000e-08  0.00000000e+00  1.19999974e+00  6.57464298e-11  4.29166381e-14 
 5.23250000e-08  5.23250000e-08  0.00000000e+00  1.19999974e+00  6.57464298e-11  4.29166387e-14 
 5.23350000e-08  5.23350000e-08  0.00000000e+00  1.19999974e+00  6.57464298e-11  4.29166394e-14 
 5.23450000e-08  5.23450000e-08  0.00000000e+00  1.19999974e+00  6.57464298e-11  4.29166401e-14 
 5.23550000e-08  5.23550000e-08  0.00000000e+00  1.19999974e+00  6.57464298e-11  4.29166407e-14 
 5.23650000e-08  5.23650000e-08  0.00000000e+00  1.19999974e+00  6.57464298e-11  4.29166414e-14 
 5.23750000e-08  5.23750000e-08  0.00000000e+00  1.19999974e+00  6.57464298e-11  4.29166420e-14 
 5.23850000e-08  5.23850000e-08  0.00000000e+00  1.19999974e+00  6.57464298e-11  4.29166427e-14 
 5.23950000e-08  5.23950000e-08  0.00000000e+00  1.19999974e+00  6.57464298e-11  4.29166433e-14 
 5.24050000e-08  5.24050000e-08  0.00000000e+00  1.19999974e+00  6.57464298e-11  4.29166440e-14 
 5.24150000e-08  5.24150000e-08  0.00000000e+00  1.19999974e+00  6.57464298e-11  4.29166447e-14 
 5.24250000e-08  5.24250000e-08  0.00000000e+00  1.19999974e+00  6.57464298e-11  4.29166453e-14 
 5.24335953e-08  5.24335953e-08  0.00000000e+00  1.19999974e+00  6.57464300e-11  4.29166459e-14 
 5.24390066e-08  5.24390066e-08  0.00000000e+00  1.19999974e+00  6.57464300e-11  4.29166462e-14 
 5.24454904e-08  5.24454904e-08  0.00000000e+00  1.19999974e+00  6.57464300e-11  4.29166467e-14 
 5.24508394e-08  5.24508394e-08  0.00000000e+00  1.19999974e+00  6.57464298e-11  4.29166470e-14 
 5.24576107e-08  5.24576107e-08  0.00000000e+00  1.19999974e+00  6.57464299e-11  4.29166475e-14 
 5.24676107e-08  5.24676107e-08  0.00000000e+00  1.19999974e+00  6.57464300e-11  4.29166481e-14 
 5.24776107e-08  5.24776107e-08  0.00000000e+00  1.19999974e+00  6.57464298e-11  4.29166488e-14 
 5.24876107e-08  5.24876107e-08  0.00000000e+00  1.19999974e+00  6.57464298e-11  4.29166494e-14 
 5.24976107e-08  5.24976107e-08  0.00000000e+00  1.19999974e+00  6.57464300e-11  4.29166501e-14 
 5.25076107e-08  5.25076107e-08  0.00000000e+00  1.19999974e+00  6.57464298e-11  4.29166508e-14 
 5.25176107e-08  5.25176107e-08  0.00000000e+00  1.19999974e+00  6.57464298e-11  4.29166514e-14 
 5.25276107e-08  5.25276107e-08  0.00000000e+00  1.19999974e+00  6.57464298e-11  4.29166521e-14 
 5.25376107e-08  5.25376107e-08  0.00000000e+00  1.19999974e+00  6.57464298e-11  4.29166527e-14 
 5.25476107e-08  5.25476107e-08  0.00000000e+00  1.19999974e+00  6.57464298e-11  4.29166534e-14 
 5.25576107e-08  5.25576107e-08  0.00000000e+00  1.19999974e+00  6.57464298e-11  4.29166540e-14 
 5.25676107e-08  5.25676107e-08  0.00000000e+00  1.19999974e+00  6.57464298e-11  4.29166547e-14 
 5.25776107e-08  5.25776107e-08  0.00000000e+00  1.19999974e+00  6.57464298e-11  4.29166554e-14 
 5.25876107e-08  5.25876107e-08  0.00000000e+00  1.19999974e+00  6.57464298e-11  4.29166560e-14 
 5.25976107e-08  5.25976107e-08  0.00000000e+00  1.19999974e+00  6.57464298e-11  4.29166567e-14 
 5.26076107e-08  5.26076107e-08  0.00000000e+00  1.19999974e+00  6.57464298e-11  4.29166573e-14 
 5.26176107e-08  5.26176107e-08  0.00000000e+00  1.19999974e+00  6.57464298e-11  4.29166580e-14 
 5.26276107e-08  5.26276107e-08  0.00000000e+00  1.19999974e+00  6.57464298e-11  4.29166586e-14 
 5.26376107e-08  5.26376107e-08  0.00000000e+00  1.19999974e+00  6.57464298e-11  4.29166593e-14 
 5.26476107e-08  5.26476107e-08  0.00000000e+00  1.19999974e+00  6.57464298e-11  4.29166600e-14 
 5.26576107e-08  5.26576107e-08  0.00000000e+00  1.19999974e+00  6.57464298e-11  4.29166606e-14 
 5.26676107e-08  5.26676107e-08  0.00000000e+00  1.19999974e+00  6.57464298e-11  4.29166613e-14 
 5.26776107e-08  5.26776107e-08  0.00000000e+00  1.19999974e+00  6.57464298e-11  4.29166619e-14 
 5.26876107e-08  5.26876107e-08  0.00000000e+00  1.19999974e+00  6.57464298e-11  4.29166626e-14 
 5.26976107e-08  5.26976107e-08  0.00000000e+00  1.19999974e+00  6.57464298e-11  4.29166632e-14 
 5.27076107e-08  5.27076107e-08  0.00000000e+00  1.19999974e+00  6.57464298e-11  4.29166639e-14 
 5.27176107e-08  5.27176107e-08  0.00000000e+00  1.19999974e+00  6.57464298e-11  4.29166646e-14 
 5.27276107e-08  5.27276107e-08  0.00000000e+00  1.19999974e+00  6.57464298e-11  4.29166652e-14 
 5.27376107e-08  5.27376107e-08  0.00000000e+00  1.19999974e+00  6.57464298e-11  4.29166659e-14 
 5.27476107e-08  5.27476107e-08  0.00000000e+00  1.19999974e+00  6.57464298e-11  4.29166665e-14 
 5.27576107e-08  5.27576107e-08  0.00000000e+00  1.19999974e+00  6.57464298e-11  4.29166672e-14 
 5.27676107e-08  5.27676107e-08  0.00000000e+00  1.19999974e+00  6.57464298e-11  4.29166678e-14 
 5.27776107e-08  5.27776107e-08  0.00000000e+00  1.19999974e+00  6.57464298e-11  4.29166685e-14 
 5.27876107e-08  5.27876107e-08  0.00000000e+00  1.19999974e+00  6.57464298e-11  4.29166692e-14 
 5.27976107e-08  5.27976107e-08  0.00000000e+00  1.19999974e+00  6.57464298e-11  4.29166698e-14 
 5.28076107e-08  5.28076107e-08  0.00000000e+00  1.19999974e+00  6.57464298e-11  4.29166705e-14 
 5.28176107e-08  5.28176107e-08  0.00000000e+00  1.19999974e+00  6.57464298e-11  4.29166711e-14 
 5.28276107e-08  5.28276107e-08  0.00000000e+00  1.19999974e+00  6.57464298e-11  4.29166718e-14 
 5.28376107e-08  5.28376107e-08  0.00000000e+00  1.19999974e+00  6.57464298e-11  4.29166724e-14 
 5.28476107e-08  5.28476107e-08  0.00000000e+00  1.19999974e+00  6.57464298e-11  4.29166731e-14 
 5.28576107e-08  5.28576107e-08  0.00000000e+00  1.19999974e+00  6.57464298e-11  4.29166738e-14 
 5.28676107e-08  5.28676107e-08  0.00000000e+00  1.19999974e+00  6.57464298e-11  4.29166744e-14 
 5.28776107e-08  5.28776107e-08  0.00000000e+00  1.19999974e+00  6.57464298e-11  4.29166751e-14 
 5.28876107e-08  5.28876107e-08  0.00000000e+00  1.19999974e+00  6.57464298e-11  4.29166757e-14 
 5.28976107e-08  5.28976107e-08  0.00000000e+00  1.19999974e+00  6.57464298e-11  4.29166764e-14 
 5.29076107e-08  5.29076107e-08  0.00000000e+00  1.19999974e+00  6.57464298e-11  4.29166770e-14 
 5.29176107e-08  5.29176107e-08  0.00000000e+00  1.19999974e+00  6.57464298e-11  4.29166777e-14 
 5.29276107e-08  5.29276107e-08  0.00000000e+00  1.19999974e+00  6.57464298e-11  4.29166784e-14 
 5.29376107e-08  5.29376107e-08  0.00000000e+00  1.19999974e+00  6.57464298e-11  4.29166790e-14 
 5.29476107e-08  5.29476107e-08  0.00000000e+00  1.19999974e+00  6.57464298e-11  4.29166797e-14 
 5.29576107e-08  5.29576107e-08  0.00000000e+00  1.19999974e+00  6.57464298e-11  4.29166803e-14 
 5.29676107e-08  5.29676107e-08  0.00000000e+00  1.19999974e+00  6.57464298e-11  4.29166810e-14 
 5.29776107e-08  5.29776107e-08  0.00000000e+00  1.19999974e+00  6.57464298e-11  4.29166817e-14 
 5.29876107e-08  5.29876107e-08  0.00000000e+00  1.19999974e+00  6.57464298e-11  4.29166823e-14 
 5.29976107e-08  5.29976107e-08  0.00000000e+00  1.19999974e+00  6.57464298e-11  4.29166830e-14 
 5.30076107e-08  5.30076107e-08  0.00000000e+00  1.19999974e+00  6.57464298e-11  4.29166836e-14 
 5.30176107e-08  5.30176107e-08  0.00000000e+00  1.19999974e+00  6.57464298e-11  4.29166843e-14 
 5.30276107e-08  5.30276107e-08  0.00000000e+00  1.19999974e+00  6.57464298e-11  4.29166849e-14 
 5.30376107e-08  5.30376107e-08  0.00000000e+00  1.19999974e+00  6.57464298e-11  4.29166856e-14 
 5.30476107e-08  5.30476107e-08  0.00000000e+00  1.19999974e+00  6.57464298e-11  4.29166863e-14 
 5.30576107e-08  5.30576107e-08  0.00000000e+00  1.19999974e+00  6.57464298e-11  4.29166869e-14 
 5.30676107e-08  5.30676107e-08  0.00000000e+00  1.19999974e+00  6.57464298e-11  4.29166876e-14 
 5.30776107e-08  5.30776107e-08  0.00000000e+00  1.19999974e+00  6.57464298e-11  4.29166882e-14 
 5.30876107e-08  5.30876107e-08  0.00000000e+00  1.19999974e+00  6.57464298e-11  4.29166889e-14 
 5.30976107e-08  5.30976107e-08  0.00000000e+00  1.19999974e+00  6.57464298e-11  4.29166895e-14 
 5.31076107e-08  5.31076107e-08  0.00000000e+00  1.19999974e+00  6.57464298e-11  4.29166902e-14 
 5.31176107e-08  5.31176107e-08  0.00000000e+00  1.19999974e+00  6.57464298e-11  4.29166909e-14 
 5.31276107e-08  5.31276107e-08  0.00000000e+00  1.19999974e+00  6.57464298e-11  4.29166915e-14 
 5.31376107e-08  5.31376107e-08  0.00000000e+00  1.19999974e+00  6.57464298e-11  4.29166922e-14 
 5.31476107e-08  5.31476107e-08  0.00000000e+00  1.19999974e+00  6.57464298e-11  4.29166928e-14 
 5.31576107e-08  5.31576107e-08  0.00000000e+00  1.19999974e+00  6.57464298e-11  4.29166935e-14 
 5.31676107e-08  5.31676107e-08  0.00000000e+00  1.19999974e+00  6.57464298e-11  4.29166941e-14 
 5.31776107e-08  5.31776107e-08  0.00000000e+00  1.19999974e+00  6.57464298e-11  4.29166948e-14 
 5.31876107e-08  5.31876107e-08  0.00000000e+00  1.19999974e+00  6.57464298e-11  4.29166955e-14 
 5.31976107e-08  5.31976107e-08  0.00000000e+00  1.19999974e+00  6.57464298e-11  4.29166961e-14 
 5.32076107e-08  5.32076107e-08  0.00000000e+00  1.19999974e+00  6.57464298e-11  4.29166968e-14 
 5.32176107e-08  5.32176107e-08  0.00000000e+00  1.19999974e+00  6.57464298e-11  4.29166974e-14 
 5.32276107e-08  5.32276107e-08  0.00000000e+00  1.19999974e+00  6.57464298e-11  4.29166981e-14 
 5.32376107e-08  5.32376107e-08  0.00000000e+00  1.19999974e+00  6.57464298e-11  4.29166987e-14 
 5.32476107e-08  5.32476107e-08  0.00000000e+00  1.19999974e+00  6.57464298e-11  4.29166994e-14 
 5.32576107e-08  5.32576107e-08  0.00000000e+00  1.19999974e+00  6.57464298e-11  4.29167001e-14 
 5.32676107e-08  5.32676107e-08  0.00000000e+00  1.19999974e+00  6.57464298e-11  4.29167007e-14 
 5.32776107e-08  5.32776107e-08  0.00000000e+00  1.19999974e+00  6.57464298e-11  4.29167014e-14 
 5.32876107e-08  5.32876107e-08  0.00000000e+00  1.19999974e+00  6.57464298e-11  4.29167020e-14 
 5.32976107e-08  5.32976107e-08  0.00000000e+00  1.19999974e+00  6.57464298e-11  4.29167027e-14 
 5.33076107e-08  5.33076107e-08  0.00000000e+00  1.19999974e+00  6.57464298e-11  4.29167033e-14 
 5.33176107e-08  5.33176107e-08  0.00000000e+00  1.19999974e+00  6.57464298e-11  4.29167040e-14 
 5.33276107e-08  5.33276107e-08  0.00000000e+00  1.19999974e+00  6.57464298e-11  4.29167047e-14 
 5.33376107e-08  5.33376107e-08  0.00000000e+00  1.19999974e+00  6.57464298e-11  4.29167053e-14 
 5.33476107e-08  5.33476107e-08  0.00000000e+00  1.19999974e+00  6.57464298e-11  4.29167060e-14 
 5.33576107e-08  5.33576107e-08  0.00000000e+00  1.19999974e+00  6.57464298e-11  4.29167066e-14 
 5.33676107e-08  5.33676107e-08  0.00000000e+00  1.19999974e+00  6.57464298e-11  4.29167073e-14 
 5.33776107e-08  5.33776107e-08  0.00000000e+00  1.19999974e+00  6.57464298e-11  4.29167080e-14 
 5.33876107e-08  5.33876107e-08  0.00000000e+00  1.19999974e+00  6.57464298e-11  4.29167086e-14 
 5.33976107e-08  5.33976107e-08  0.00000000e+00  1.19999974e+00  6.57464298e-11  4.29167093e-14 
 5.34076107e-08  5.34076107e-08  0.00000000e+00  1.19999974e+00  6.57464298e-11  4.29167099e-14 
 5.34176107e-08  5.34176107e-08  0.00000000e+00  1.19999974e+00  6.57464298e-11  4.29167106e-14 
 5.34276107e-08  5.34276107e-08  0.00000000e+00  1.19999974e+00  6.57464298e-11  4.29167112e-14 
 5.34376107e-08  5.34376107e-08  0.00000000e+00  1.19999974e+00  6.57464298e-11  4.29167119e-14 
 5.34476107e-08  5.34476107e-08  0.00000000e+00  1.19999974e+00  6.57464298e-11  4.29167126e-14 
 5.34576107e-08  5.34576107e-08  0.00000000e+00  1.19999974e+00  6.57464298e-11  4.29167132e-14 
 5.34676107e-08  5.34676107e-08  0.00000000e+00  1.19999974e+00  6.57464298e-11  4.29167139e-14 
 5.34776107e-08  5.34776107e-08  0.00000000e+00  1.19999974e+00  6.57464298e-11  4.29167145e-14 
 5.34876107e-08  5.34876107e-08  0.00000000e+00  1.19999974e+00  6.57464298e-11  4.29167152e-14 
 5.34976107e-08  5.34976107e-08  0.00000000e+00  1.19999974e+00  6.57464298e-11  4.29167158e-14 
 5.35076107e-08  5.35076107e-08  0.00000000e+00  1.19999974e+00  6.57464298e-11  4.29167165e-14 
 5.35176107e-08  5.35176107e-08  0.00000000e+00  1.19999974e+00  6.57464298e-11  4.29167172e-14 
 5.35276107e-08  5.35276107e-08  0.00000000e+00  1.19999974e+00  6.57464298e-11  4.29167178e-14 
 5.35376107e-08  5.35376107e-08  0.00000000e+00  1.19999974e+00  6.57464298e-11  4.29167185e-14 
 5.35476107e-08  5.35476107e-08  0.00000000e+00  1.19999974e+00  6.57464298e-11  4.29167191e-14 
 5.35576107e-08  5.35576107e-08  0.00000000e+00  1.19999974e+00  6.57464298e-11  4.29167198e-14 
 5.35676107e-08  5.35676107e-08  0.00000000e+00  1.19999974e+00  6.57464298e-11  4.29167204e-14 
 5.35776107e-08  5.35776107e-08  0.00000000e+00  1.19999974e+00  6.57464298e-11  4.29167211e-14 
 5.35876107e-08  5.35876107e-08  0.00000000e+00  1.19999974e+00  6.57464298e-11  4.29167218e-14 
 5.35976107e-08  5.35976107e-08  0.00000000e+00  1.19999974e+00  6.57464298e-11  4.29167224e-14 
 5.36076107e-08  5.36076107e-08  0.00000000e+00  1.19999974e+00  6.57464298e-11  4.29167231e-14 
 5.36176107e-08  5.36176107e-08  0.00000000e+00  1.19999974e+00  6.57464298e-11  4.29167237e-14 
 5.36276107e-08  5.36276107e-08  0.00000000e+00  1.19999974e+00  6.57464298e-11  4.29167244e-14 
 5.36376107e-08  5.36376107e-08  0.00000000e+00  1.19999974e+00  6.57464298e-11  4.29167250e-14 
 5.36476107e-08  5.36476107e-08  0.00000000e+00  1.19999974e+00  6.57464298e-11  4.29167257e-14 
 5.36576107e-08  5.36576107e-08  0.00000000e+00  1.19999974e+00  6.57464298e-11  4.29167264e-14 
 5.36676107e-08  5.36676107e-08  0.00000000e+00  1.19999974e+00  6.57464298e-11  4.29167270e-14 
 5.36776107e-08  5.36776107e-08  0.00000000e+00  1.19999974e+00  6.57464298e-11  4.29167277e-14 
 5.36876107e-08  5.36876107e-08  0.00000000e+00  1.19999974e+00  6.57464298e-11  4.29167283e-14 
 5.36976107e-08  5.36976107e-08  0.00000000e+00  1.19999974e+00  6.57464298e-11  4.29167290e-14 
 5.37076107e-08  5.37076107e-08  0.00000000e+00  1.19999974e+00  6.57464298e-11  4.29167296e-14 
 5.37176107e-08  5.37176107e-08  0.00000000e+00  1.19999974e+00  6.57464298e-11  4.29167303e-14 
 5.37276107e-08  5.37276107e-08  0.00000000e+00  1.19999974e+00  6.57464298e-11  4.29167310e-14 
 5.37376107e-08  5.37376107e-08  0.00000000e+00  1.19999974e+00  6.57464298e-11  4.29167316e-14 
 5.37476107e-08  5.37476107e-08  0.00000000e+00  1.19999974e+00  6.57464298e-11  4.29167323e-14 
 5.37576107e-08  5.37576107e-08  0.00000000e+00  1.19999974e+00  6.57464298e-11  4.29167329e-14 
 5.37676107e-08  5.37676107e-08  0.00000000e+00  1.19999974e+00  6.57464298e-11  4.29167336e-14 
 5.37776107e-08  5.37776107e-08  0.00000000e+00  1.19999974e+00  6.57464298e-11  4.29167342e-14 
 5.37876107e-08  5.37876107e-08  0.00000000e+00  1.19999974e+00  6.57464298e-11  4.29167349e-14 
 5.37976107e-08  5.37976107e-08  0.00000000e+00  1.19999974e+00  6.57464298e-11  4.29167356e-14 
 5.38076107e-08  5.38076107e-08  0.00000000e+00  1.19999974e+00  6.57464298e-11  4.29167362e-14 
 5.38176107e-08  5.38176107e-08  0.00000000e+00  1.19999974e+00  6.57464298e-11  4.29167369e-14 
 5.38276107e-08  5.38276107e-08  0.00000000e+00  1.19999974e+00  6.57464298e-11  4.29167375e-14 
 5.38376107e-08  5.38376107e-08  0.00000000e+00  1.19999974e+00  6.57464298e-11  4.29167382e-14 
 5.38476107e-08  5.38476107e-08  0.00000000e+00  1.19999974e+00  6.57464298e-11  4.29167389e-14 
 5.38576107e-08  5.38576107e-08  0.00000000e+00  1.19999974e+00  6.57464298e-11  4.29167395e-14 
 5.38676107e-08  5.38676107e-08  0.00000000e+00  1.19999974e+00  6.57464298e-11  4.29167402e-14 
 5.38776107e-08  5.38776107e-08  0.00000000e+00  1.19999974e+00  6.57464298e-11  4.29167408e-14 
 5.38876107e-08  5.38876107e-08  0.00000000e+00  1.19999974e+00  6.57464298e-11  4.29167415e-14 
 5.38976107e-08  5.38976107e-08  0.00000000e+00  1.19999974e+00  6.57464298e-11  4.29167421e-14 
 5.39076107e-08  5.39076107e-08  0.00000000e+00  1.19999974e+00  6.57464298e-11  4.29167428e-14 
 5.39176107e-08  5.39176107e-08  0.00000000e+00  1.19999974e+00  6.57464298e-11  4.29167435e-14 
 5.39276107e-08  5.39276107e-08  0.00000000e+00  1.19999974e+00  6.57464298e-11  4.29167441e-14 
 5.39376107e-08  5.39376107e-08  0.00000000e+00  1.19999974e+00  6.57464298e-11  4.29167448e-14 
 5.39476107e-08  5.39476107e-08  0.00000000e+00  1.19999974e+00  6.57464298e-11  4.29167454e-14 
 5.39576107e-08  5.39576107e-08  0.00000000e+00  1.19999974e+00  6.57464298e-11  4.29167461e-14 
 5.39676107e-08  5.39676107e-08  0.00000000e+00  1.19999974e+00  6.57464298e-11  4.29167467e-14 
 5.39776107e-08  5.39776107e-08  0.00000000e+00  1.19999974e+00  6.57464298e-11  4.29167474e-14 
 5.39876107e-08  5.39876107e-08  0.00000000e+00  1.19999974e+00  6.57464298e-11  4.29167481e-14 
 5.39976107e-08  5.39976107e-08  0.00000000e+00  1.19999974e+00  6.57464298e-11  4.29167487e-14 
 5.40076107e-08  5.40076107e-08  0.00000000e+00  1.19999974e+00  6.57464298e-11  4.29167494e-14 
 5.40176107e-08  5.40176107e-08  0.00000000e+00  1.19999974e+00  6.57464298e-11  4.29167500e-14 
 5.40276107e-08  5.40276107e-08  0.00000000e+00  1.19999974e+00  6.57464298e-11  4.29167507e-14 
 5.40376107e-08  5.40376107e-08  0.00000000e+00  1.19999974e+00  6.57464298e-11  4.29167513e-14 
 5.40476107e-08  5.40476107e-08  0.00000000e+00  1.19999974e+00  6.57464298e-11  4.29167520e-14 
 5.40576107e-08  5.40576107e-08  0.00000000e+00  1.19999974e+00  6.57464298e-11  4.29167527e-14 
 5.40676107e-08  5.40676107e-08  0.00000000e+00  1.19999974e+00  6.57464298e-11  4.29167533e-14 
 5.40776107e-08  5.40776107e-08  0.00000000e+00  1.19999974e+00  6.57464298e-11  4.29167540e-14 
 5.40876107e-08  5.40876107e-08  0.00000000e+00  1.19999974e+00  6.57464298e-11  4.29167546e-14 
 5.40976107e-08  5.40976107e-08  0.00000000e+00  1.19999974e+00  6.57464298e-11  4.29167553e-14 
 5.41076107e-08  5.41076107e-08  0.00000000e+00  1.19999974e+00  6.57464298e-11  4.29167559e-14 
 5.41176107e-08  5.41176107e-08  0.00000000e+00  1.19999974e+00  6.57464298e-11  4.29167566e-14 
 5.41276107e-08  5.41276107e-08  0.00000000e+00  1.19999974e+00  6.57464298e-11  4.29167573e-14 
 5.41376107e-08  5.41376107e-08  0.00000000e+00  1.19999974e+00  6.57464298e-11  4.29167579e-14 
 5.41476107e-08  5.41476107e-08  0.00000000e+00  1.19999974e+00  6.57464298e-11  4.29167586e-14 
 5.41576107e-08  5.41576107e-08  0.00000000e+00  1.19999974e+00  6.57464298e-11  4.29167592e-14 
 5.41676107e-08  5.41676107e-08  0.00000000e+00  1.19999974e+00  6.57464298e-11  4.29167599e-14 
 5.41776107e-08  5.41776107e-08  0.00000000e+00  1.19999974e+00  6.57464298e-11  4.29167605e-14 
 5.41876107e-08  5.41876107e-08  0.00000000e+00  1.19999974e+00  6.57464298e-11  4.29167612e-14 
 5.41976107e-08  5.41976107e-08  0.00000000e+00  1.19999974e+00  6.57464298e-11  4.29167619e-14 
 5.42076107e-08  5.42076107e-08  0.00000000e+00  1.19999974e+00  6.57464298e-11  4.29167625e-14 
 5.42176107e-08  5.42176107e-08  0.00000000e+00  1.19999974e+00  6.57464298e-11  4.29167632e-14 
 5.42276107e-08  5.42276107e-08  0.00000000e+00  1.19999974e+00  6.57464298e-11  4.29167638e-14 
 5.42376107e-08  5.42376107e-08  0.00000000e+00  1.19999974e+00  6.57464298e-11  4.29167645e-14 
 5.42476107e-08  5.42476107e-08  0.00000000e+00  1.19999974e+00  6.57464298e-11  4.29167651e-14 
 5.42576107e-08  5.42576107e-08  0.00000000e+00  1.19999974e+00  6.57464298e-11  4.29167658e-14 
 5.42676107e-08  5.42676107e-08  0.00000000e+00  1.19999974e+00  6.57464298e-11  4.29167665e-14 
 5.42776107e-08  5.42776107e-08  0.00000000e+00  1.19999974e+00  6.57464298e-11  4.29167671e-14 
 5.42876107e-08  5.42876107e-08  0.00000000e+00  1.19999974e+00  6.57464298e-11  4.29167678e-14 
 5.42976107e-08  5.42976107e-08  0.00000000e+00  1.19999974e+00  6.57464298e-11  4.29167684e-14 
 5.43076107e-08  5.43076107e-08  0.00000000e+00  1.19999974e+00  6.57464298e-11  4.29167691e-14 
 5.43176107e-08  5.43176107e-08  0.00000000e+00  1.19999974e+00  6.57464298e-11  4.29167698e-14 
 5.43276107e-08  5.43276107e-08  0.00000000e+00  1.19999974e+00  6.57464298e-11  4.29167704e-14 
 5.43376107e-08  5.43376107e-08  0.00000000e+00  1.19999974e+00  6.57464298e-11  4.29167711e-14 
 5.43476107e-08  5.43476107e-08  0.00000000e+00  1.19999974e+00  6.57464298e-11  4.29167717e-14 
 5.43576107e-08  5.43576107e-08  0.00000000e+00  1.19999974e+00  6.57464298e-11  4.29167724e-14 
 5.43676107e-08  5.43676107e-08  0.00000000e+00  1.19999974e+00  6.57464298e-11  4.29167730e-14 
 5.43776107e-08  5.43776107e-08  0.00000000e+00  1.19999974e+00  6.57464298e-11  4.29167737e-14 
 5.43876107e-08  5.43876107e-08  0.00000000e+00  1.19999974e+00  6.57464298e-11  4.29167744e-14 
 5.43976107e-08  5.43976107e-08  0.00000000e+00  1.19999974e+00  6.57464298e-11  4.29167750e-14 
 5.44076107e-08  5.44076107e-08  0.00000000e+00  1.19999974e+00  6.57464298e-11  4.29167757e-14 
 5.44176107e-08  5.44176107e-08  0.00000000e+00  1.19999974e+00  6.57464298e-11  4.29167763e-14 
 5.44276107e-08  5.44276107e-08  0.00000000e+00  1.19999974e+00  6.57464298e-11  4.29167770e-14 
 5.44376107e-08  5.44376107e-08  0.00000000e+00  1.19999974e+00  6.57464298e-11  4.29167776e-14 
 5.44476107e-08  5.44476107e-08  0.00000000e+00  1.19999974e+00  6.57464298e-11  4.29167783e-14 
 5.44576107e-08  5.44576107e-08  0.00000000e+00  1.19999974e+00  6.57464298e-11  4.29167790e-14 
 5.44676107e-08  5.44676107e-08  0.00000000e+00  1.19999974e+00  6.57464298e-11  4.29167796e-14 
 5.44776107e-08  5.44776107e-08  0.00000000e+00  1.19999974e+00  6.57464298e-11  4.29167803e-14 
 5.44876107e-08  5.44876107e-08  0.00000000e+00  1.19999974e+00  6.57464298e-11  4.29167809e-14 
 5.44976107e-08  5.44976107e-08  0.00000000e+00  1.19999974e+00  6.57464298e-11  4.29167816e-14 
 5.45076107e-08  5.45076107e-08  0.00000000e+00  1.19999974e+00  6.57464298e-11  4.29167822e-14 
 5.45176107e-08  5.45176107e-08  0.00000000e+00  1.19999974e+00  6.57464298e-11  4.29167829e-14 
 5.45276107e-08  5.45276107e-08  0.00000000e+00  1.19999974e+00  6.57464298e-11  4.29167836e-14 
 5.45376107e-08  5.45376107e-08  0.00000000e+00  1.19999974e+00  6.57464298e-11  4.29167842e-14 
 5.45476107e-08  5.45476107e-08  0.00000000e+00  1.19999974e+00  6.57464298e-11  4.29167849e-14 
 5.45576107e-08  5.45576107e-08  0.00000000e+00  1.19999974e+00  6.57464298e-11  4.29167855e-14 
 5.45676107e-08  5.45676107e-08  0.00000000e+00  1.19999974e+00  6.57464298e-11  4.29167862e-14 
 5.45776107e-08  5.45776107e-08  0.00000000e+00  1.19999974e+00  6.57464298e-11  4.29167868e-14 
 5.45876107e-08  5.45876107e-08  0.00000000e+00  1.19999974e+00  6.57464298e-11  4.29167875e-14 
 5.45976107e-08  5.45976107e-08  0.00000000e+00  1.19999974e+00  6.57464298e-11  4.29167882e-14 
 5.46076107e-08  5.46076107e-08  0.00000000e+00  1.19999974e+00  6.57464298e-11  4.29167888e-14 
 5.46176107e-08  5.46176107e-08  0.00000000e+00  1.19999974e+00  6.57464298e-11  4.29167895e-14 
 5.46276107e-08  5.46276107e-08  0.00000000e+00  1.19999974e+00  6.57464298e-11  4.29167901e-14 
 5.46376107e-08  5.46376107e-08  0.00000000e+00  1.19999974e+00  6.57464298e-11  4.29167908e-14 
 5.46476107e-08  5.46476107e-08  0.00000000e+00  1.19999974e+00  6.57464298e-11  4.29167914e-14 
 5.46576107e-08  5.46576107e-08  0.00000000e+00  1.19999974e+00  6.57464298e-11  4.29167921e-14 
 5.46676107e-08  5.46676107e-08  0.00000000e+00  1.19999974e+00  6.57464298e-11  4.29167928e-14 
 5.46776107e-08  5.46776107e-08  0.00000000e+00  1.19999974e+00  6.57464298e-11  4.29167934e-14 
 5.46876107e-08  5.46876107e-08  0.00000000e+00  1.19999974e+00  6.57464298e-11  4.29167941e-14 
 5.46976107e-08  5.46976107e-08  0.00000000e+00  1.19999974e+00  6.57464298e-11  4.29167947e-14 
 5.47076107e-08  5.47076107e-08  0.00000000e+00  1.19999974e+00  6.57464298e-11  4.29167954e-14 
 5.47176107e-08  5.47176107e-08  0.00000000e+00  1.19999974e+00  6.57464298e-11  4.29167961e-14 
 5.47276107e-08  5.47276107e-08  0.00000000e+00  1.19999974e+00  6.57464298e-11  4.29167967e-14 
 5.47376107e-08  5.47376107e-08  0.00000000e+00  1.19999974e+00  6.57464298e-11  4.29167974e-14 
 5.47476107e-08  5.47476107e-08  0.00000000e+00  1.19999974e+00  6.57464298e-11  4.29167980e-14 
 5.47576107e-08  5.47576107e-08  0.00000000e+00  1.19999974e+00  6.57464298e-11  4.29167987e-14 
 5.47676107e-08  5.47676107e-08  0.00000000e+00  1.19999974e+00  6.57464298e-11  4.29167993e-14 
 5.47776107e-08  5.47776107e-08  0.00000000e+00  1.19999974e+00  6.57464298e-11  4.29168000e-14 
 5.47876107e-08  5.47876107e-08  0.00000000e+00  1.19999974e+00  6.57464298e-11  4.29168007e-14 
 5.47976107e-08  5.47976107e-08  0.00000000e+00  1.19999974e+00  6.57464298e-11  4.29168013e-14 
 5.48076107e-08  5.48076107e-08  0.00000000e+00  1.19999974e+00  6.57464298e-11  4.29168020e-14 
 5.48176107e-08  5.48176107e-08  0.00000000e+00  1.19999974e+00  6.57464298e-11  4.29168026e-14 
 5.48276107e-08  5.48276107e-08  0.00000000e+00  1.19999974e+00  6.57464298e-11  4.29168033e-14 
 5.48376107e-08  5.48376107e-08  0.00000000e+00  1.19999974e+00  6.57464298e-11  4.29168039e-14 
 5.48476107e-08  5.48476107e-08  0.00000000e+00  1.19999974e+00  6.57464298e-11  4.29168046e-14 
 5.48576107e-08  5.48576107e-08  0.00000000e+00  1.19999974e+00  6.57464298e-11  4.29168053e-14 
 5.48676107e-08  5.48676107e-08  0.00000000e+00  1.19999974e+00  6.57464298e-11  4.29168059e-14 
 5.48776107e-08  5.48776107e-08  0.00000000e+00  1.19999974e+00  6.57464298e-11  4.29168066e-14 
 5.48876107e-08  5.48876107e-08  0.00000000e+00  1.19999974e+00  6.57464298e-11  4.29168072e-14 
 5.48976107e-08  5.48976107e-08  0.00000000e+00  1.19999974e+00  6.57464298e-11  4.29168079e-14 
 5.49076107e-08  5.49076107e-08  0.00000000e+00  1.19999974e+00  6.57464298e-11  4.29168085e-14 
 5.49176107e-08  5.49176107e-08  0.00000000e+00  1.19999974e+00  6.57464298e-11  4.29168092e-14 
 5.49276107e-08  5.49276107e-08  0.00000000e+00  1.19999974e+00  6.57464298e-11  4.29168099e-14 
 5.49376107e-08  5.49376107e-08  0.00000000e+00  1.19999974e+00  6.57464298e-11  4.29168105e-14 
 5.49476107e-08  5.49476107e-08  0.00000000e+00  1.19999974e+00  6.57464298e-11  4.29168112e-14 
 5.49576107e-08  5.49576107e-08  0.00000000e+00  1.19999974e+00  6.57464298e-11  4.29168118e-14 
 5.49676107e-08  5.49676107e-08  0.00000000e+00  1.19999974e+00  6.57464298e-11  4.29168125e-14 
 5.49776107e-08  5.49776107e-08  0.00000000e+00  1.19999974e+00  6.57464298e-11  4.29168131e-14 
 5.49876107e-08  5.49876107e-08  0.00000000e+00  1.19999974e+00  6.57464298e-11  4.29168138e-14 
 5.49976107e-08  5.49976107e-08  0.00000000e+00  1.19999974e+00  6.57464298e-11  4.29168145e-14 
 5.50076107e-08  5.50076107e-08  0.00000000e+00  1.19999974e+00  6.57464298e-11  4.29168151e-14 
 5.50176107e-08  5.50176107e-08  0.00000000e+00  1.19999974e+00  6.57464298e-11  4.29168158e-14 
 5.50276107e-08  5.50276107e-08  0.00000000e+00  1.19999974e+00  6.57464298e-11  4.29168164e-14 
 5.50376107e-08  5.50376107e-08  0.00000000e+00  1.19999974e+00  6.57464298e-11  4.29168171e-14 
 5.50476107e-08  5.50476107e-08  0.00000000e+00  1.19999974e+00  6.57464298e-11  4.29168177e-14 
 5.50576107e-08  5.50576107e-08  0.00000000e+00  1.19999974e+00  6.57464298e-11  4.29168184e-14 
 5.50676107e-08  5.50676107e-08  0.00000000e+00  1.19999974e+00  6.57464298e-11  4.29168191e-14 
 5.50776107e-08  5.50776107e-08  0.00000000e+00  1.19999974e+00  6.57464298e-11  4.29168197e-14 
 5.50876107e-08  5.50876107e-08  0.00000000e+00  1.19999974e+00  6.57464298e-11  4.29168204e-14 
 5.50976107e-08  5.50976107e-08  0.00000000e+00  1.19999974e+00  6.57464298e-11  4.29168210e-14 
 5.51076107e-08  5.51076107e-08  0.00000000e+00  1.19999974e+00  6.57464298e-11  4.29168217e-14 
 5.51176107e-08  5.51176107e-08  0.00000000e+00  1.19999974e+00  6.57464298e-11  4.29168223e-14 
 5.51276107e-08  5.51276107e-08  0.00000000e+00  1.19999974e+00  6.57464298e-11  4.29168230e-14 
 5.51376107e-08  5.51376107e-08  0.00000000e+00  1.19999974e+00  6.57464298e-11  4.29168237e-14 
 5.51476107e-08  5.51476107e-08  0.00000000e+00  1.19999974e+00  6.57464298e-11  4.29168243e-14 
 5.51576107e-08  5.51576107e-08  0.00000000e+00  1.19999974e+00  6.57464298e-11  4.29168250e-14 
 5.51676107e-08  5.51676107e-08  0.00000000e+00  1.19999974e+00  6.57464298e-11  4.29168256e-14 
 5.51776107e-08  5.51776107e-08  0.00000000e+00  1.19999974e+00  6.57464298e-11  4.29168263e-14 
 5.51876107e-08  5.51876107e-08  0.00000000e+00  1.19999974e+00  6.57464298e-11  4.29168270e-14 
 5.51976107e-08  5.51976107e-08  0.00000000e+00  1.19999974e+00  6.57464298e-11  4.29168276e-14 
 5.52076107e-08  5.52076107e-08  0.00000000e+00  1.19999974e+00  6.57464298e-11  4.29168283e-14 
 5.52176107e-08  5.52176107e-08  0.00000000e+00  1.19999974e+00  6.57464298e-11  4.29168289e-14 
 5.52276107e-08  5.52276107e-08  0.00000000e+00  1.19999974e+00  6.57464298e-11  4.29168296e-14 
 5.52376107e-08  5.52376107e-08  0.00000000e+00  1.19999974e+00  6.57464298e-11  4.29168302e-14 
 5.52476107e-08  5.52476107e-08  0.00000000e+00  1.19999974e+00  6.57464298e-11  4.29168309e-14 
 5.52576107e-08  5.52576107e-08  0.00000000e+00  1.19999974e+00  6.57464298e-11  4.29168316e-14 
 5.52676107e-08  5.52676107e-08  0.00000000e+00  1.19999974e+00  6.57464298e-11  4.29168322e-14 
 5.52776107e-08  5.52776107e-08  0.00000000e+00  1.19999974e+00  6.57464298e-11  4.29168329e-14 
 5.52876107e-08  5.52876107e-08  0.00000000e+00  1.19999974e+00  6.57464298e-11  4.29168335e-14 
 5.52976107e-08  5.52976107e-08  0.00000000e+00  1.19999974e+00  6.57464298e-11  4.29168342e-14 
 5.53076107e-08  5.53076107e-08  0.00000000e+00  1.19999974e+00  6.57464298e-11  4.29168348e-14 
 5.53176107e-08  5.53176107e-08  0.00000000e+00  1.19999974e+00  6.57464298e-11  4.29168355e-14 
 5.53276107e-08  5.53276107e-08  0.00000000e+00  1.19999974e+00  6.57464298e-11  4.29168362e-14 
 5.53376107e-08  5.53376107e-08  0.00000000e+00  1.19999974e+00  6.57464298e-11  4.29168368e-14 
 5.53476107e-08  5.53476107e-08  0.00000000e+00  1.19999974e+00  6.57464298e-11  4.29168375e-14 
 5.53576107e-08  5.53576107e-08  0.00000000e+00  1.19999974e+00  6.57464298e-11  4.29168381e-14 
 5.53676107e-08  5.53676107e-08  0.00000000e+00  1.19999974e+00  6.57464298e-11  4.29168388e-14 
 5.53776107e-08  5.53776107e-08  0.00000000e+00  1.19999974e+00  6.57464298e-11  4.29168394e-14 
 5.53876107e-08  5.53876107e-08  0.00000000e+00  1.19999974e+00  6.57464298e-11  4.29168401e-14 
 5.53976107e-08  5.53976107e-08  0.00000000e+00  1.19999974e+00  6.57464298e-11  4.29168408e-14 
 5.54076107e-08  5.54076107e-08  0.00000000e+00  1.19999974e+00  6.57464298e-11  4.29168414e-14 
 5.54176107e-08  5.54176107e-08  0.00000000e+00  1.19999974e+00  6.57464298e-11  4.29168421e-14 
 5.54276107e-08  5.54276107e-08  0.00000000e+00  1.19999974e+00  6.57464298e-11  4.29168427e-14 
 5.54376107e-08  5.54376107e-08  0.00000000e+00  1.19999974e+00  6.57464298e-11  4.29168434e-14 
 5.54476107e-08  5.54476107e-08  0.00000000e+00  1.19999974e+00  6.57464298e-11  4.29168440e-14 
 5.54576107e-08  5.54576107e-08  0.00000000e+00  1.19999974e+00  6.57464298e-11  4.29168447e-14 
 5.54676107e-08  5.54676107e-08  0.00000000e+00  1.19999974e+00  6.57464298e-11  4.29168454e-14 
 5.54776107e-08  5.54776107e-08  0.00000000e+00  1.19999974e+00  6.57464298e-11  4.29168460e-14 
 5.54876107e-08  5.54876107e-08  0.00000000e+00  1.19999974e+00  6.57464298e-11  4.29168467e-14 
 5.54976107e-08  5.54976107e-08  0.00000000e+00  1.19999974e+00  6.57464298e-11  4.29168473e-14 
 5.55076107e-08  5.55076107e-08  0.00000000e+00  1.19999974e+00  6.57464298e-11  4.29168480e-14 
 5.55176107e-08  5.55176107e-08  0.00000000e+00  1.19999974e+00  6.57464298e-11  4.29168486e-14 
 5.55276107e-08  5.55276107e-08  0.00000000e+00  1.19999974e+00  6.57464298e-11  4.29168493e-14 
 5.55376107e-08  5.55376107e-08  0.00000000e+00  1.19999974e+00  6.57464298e-11  4.29168500e-14 
 5.55476107e-08  5.55476107e-08  0.00000000e+00  1.19999974e+00  6.57464298e-11  4.29168506e-14 
 5.55576107e-08  5.55576107e-08  0.00000000e+00  1.19999974e+00  6.57464298e-11  4.29168513e-14 
 5.55676107e-08  5.55676107e-08  0.00000000e+00  1.19999974e+00  6.57464298e-11  4.29168519e-14 
 5.55776107e-08  5.55776107e-08  0.00000000e+00  1.19999974e+00  6.57464298e-11  4.29168526e-14 
 5.55876107e-08  5.55876107e-08  0.00000000e+00  1.19999974e+00  6.57464298e-11  4.29168533e-14 
 5.55976107e-08  5.55976107e-08  0.00000000e+00  1.19999974e+00  6.57464298e-11  4.29168539e-14 
 5.56076107e-08  5.56076107e-08  0.00000000e+00  1.19999974e+00  6.57464298e-11  4.29168546e-14 
 5.56176107e-08  5.56176107e-08  0.00000000e+00  1.19999974e+00  6.57464298e-11  4.29168552e-14 
 5.56276107e-08  5.56276107e-08  0.00000000e+00  1.19999974e+00  6.57464298e-11  4.29168559e-14 
 5.56376107e-08  5.56376107e-08  0.00000000e+00  1.19999974e+00  6.57464298e-11  4.29168565e-14 
 5.56476107e-08  5.56476107e-08  0.00000000e+00  1.19999974e+00  6.57464298e-11  4.29168572e-14 
 5.56576107e-08  5.56576107e-08  0.00000000e+00  1.19999974e+00  6.57464298e-11  4.29168579e-14 
 5.56676107e-08  5.56676107e-08  0.00000000e+00  1.19999974e+00  6.57464298e-11  4.29168585e-14 
 5.56776107e-08  5.56776107e-08  0.00000000e+00  1.19999974e+00  6.57464298e-11  4.29168592e-14 
 5.56876107e-08  5.56876107e-08  0.00000000e+00  1.19999974e+00  6.57464298e-11  4.29168598e-14 
 5.56976107e-08  5.56976107e-08  0.00000000e+00  1.19999974e+00  6.57464298e-11  4.29168605e-14 
 5.57076107e-08  5.57076107e-08  0.00000000e+00  1.19999974e+00  6.57464298e-11  4.29168611e-14 
 5.57176107e-08  5.57176107e-08  0.00000000e+00  1.19999974e+00  6.57464298e-11  4.29168618e-14 
 5.57276107e-08  5.57276107e-08  0.00000000e+00  1.19999974e+00  6.57464298e-11  4.29168625e-14 
 5.57376107e-08  5.57376107e-08  0.00000000e+00  1.19999974e+00  6.57464298e-11  4.29168631e-14 
 5.57476107e-08  5.57476107e-08  0.00000000e+00  1.19999974e+00  6.57464298e-11  4.29168638e-14 
 5.57576107e-08  5.57576107e-08  0.00000000e+00  1.19999974e+00  6.57464298e-11  4.29168644e-14 
 5.57676107e-08  5.57676107e-08  0.00000000e+00  1.19999974e+00  6.57464298e-11  4.29168651e-14 
 5.57776107e-08  5.57776107e-08  0.00000000e+00  1.19999974e+00  6.57464298e-11  4.29168657e-14 
 5.57876107e-08  5.57876107e-08  0.00000000e+00  1.19999974e+00  6.57464298e-11  4.29168664e-14 
 5.57976107e-08  5.57976107e-08  0.00000000e+00  1.19999974e+00  6.57464298e-11  4.29168671e-14 
 5.58076107e-08  5.58076107e-08  0.00000000e+00  1.19999974e+00  6.57464298e-11  4.29168677e-14 
 5.58176107e-08  5.58176107e-08  0.00000000e+00  1.19999974e+00  6.57464298e-11  4.29168684e-14 
 5.58276107e-08  5.58276107e-08  0.00000000e+00  1.19999974e+00  6.57464298e-11  4.29168690e-14 
 5.58376107e-08  5.58376107e-08  0.00000000e+00  1.19999974e+00  6.57464298e-11  4.29168697e-14 
 5.58476107e-08  5.58476107e-08  0.00000000e+00  1.19999974e+00  6.57464298e-11  4.29168703e-14 
 5.58576107e-08  5.58576107e-08  0.00000000e+00  1.19999974e+00  6.57464298e-11  4.29168710e-14 
 5.58676107e-08  5.58676107e-08  0.00000000e+00  1.19999974e+00  6.57464298e-11  4.29168717e-14 
 5.58776107e-08  5.58776107e-08  0.00000000e+00  1.19999974e+00  6.57464298e-11  4.29168723e-14 
 5.58876107e-08  5.58876107e-08  0.00000000e+00  1.19999974e+00  6.57464298e-11  4.29168730e-14 
 5.58976107e-08  5.58976107e-08  0.00000000e+00  1.19999974e+00  6.57464298e-11  4.29168736e-14 
 5.59076107e-08  5.59076107e-08  0.00000000e+00  1.19999974e+00  6.57464298e-11  4.29168743e-14 
 5.59176107e-08  5.59176107e-08  0.00000000e+00  1.19999974e+00  6.57464298e-11  4.29168749e-14 
 5.59276107e-08  5.59276107e-08  0.00000000e+00  1.19999974e+00  6.57464298e-11  4.29168756e-14 
 5.59376107e-08  5.59376107e-08  0.00000000e+00  1.19999974e+00  6.57464298e-11  4.29168763e-14 
 5.59476107e-08  5.59476107e-08  0.00000000e+00  1.19999974e+00  6.57464298e-11  4.29168769e-14 
 5.59576107e-08  5.59576107e-08  0.00000000e+00  1.19999974e+00  6.57464298e-11  4.29168776e-14 
 5.59676107e-08  5.59676107e-08  0.00000000e+00  1.19999974e+00  6.57464298e-11  4.29168782e-14 
 5.59776107e-08  5.59776107e-08  0.00000000e+00  1.19999974e+00  6.57464298e-11  4.29168789e-14 
 5.59876107e-08  5.59876107e-08  0.00000000e+00  1.19999974e+00  6.57464298e-11  4.29168795e-14 
 5.59976107e-08  5.59976107e-08  0.00000000e+00  1.19999974e+00  6.57464298e-11  4.29168802e-14 
 5.60076107e-08  5.60076107e-08  0.00000000e+00  1.19999974e+00  6.57464298e-11  4.29168809e-14 
 5.60176107e-08  5.60176107e-08  0.00000000e+00  1.19999974e+00  6.57464298e-11  4.29168815e-14 
 5.60276107e-08  5.60276107e-08  0.00000000e+00  1.19999974e+00  6.57464298e-11  4.29168822e-14 
 5.60376107e-08  5.60376107e-08  0.00000000e+00  1.19999974e+00  6.57464298e-11  4.29168828e-14 
 5.60476107e-08  5.60476107e-08  0.00000000e+00  1.19999974e+00  6.57464298e-11  4.29168835e-14 
 5.60576107e-08  5.60576107e-08  0.00000000e+00  1.19999974e+00  6.57464298e-11  4.29168842e-14 
 5.60676107e-08  5.60676107e-08  0.00000000e+00  1.19999974e+00  6.57464298e-11  4.29168848e-14 
 5.60776107e-08  5.60776107e-08  0.00000000e+00  1.19999974e+00  6.57464298e-11  4.29168855e-14 
 5.60876107e-08  5.60876107e-08  0.00000000e+00  1.19999974e+00  6.57464298e-11  4.29168861e-14 
 5.60976107e-08  5.60976107e-08  0.00000000e+00  1.19999974e+00  6.57464298e-11  4.29168868e-14 
 5.61076107e-08  5.61076107e-08  0.00000000e+00  1.19999974e+00  6.57464298e-11  4.29168874e-14 
 5.61176107e-08  5.61176107e-08  0.00000000e+00  1.19999974e+00  6.57464298e-11  4.29168881e-14 
 5.61276107e-08  5.61276107e-08  0.00000000e+00  1.19999974e+00  6.57464298e-11  4.29168888e-14 
 5.61376107e-08  5.61376107e-08  0.00000000e+00  1.19999974e+00  6.57464298e-11  4.29168894e-14 
 5.61476107e-08  5.61476107e-08  0.00000000e+00  1.19999974e+00  6.57464298e-11  4.29168901e-14 
 5.61576107e-08  5.61576107e-08  0.00000000e+00  1.19999974e+00  6.57464298e-11  4.29168907e-14 
 5.61676107e-08  5.61676107e-08  0.00000000e+00  1.19999974e+00  6.57464298e-11  4.29168914e-14 
 5.61776107e-08  5.61776107e-08  0.00000000e+00  1.19999974e+00  6.57464298e-11  4.29168920e-14 
 5.61876107e-08  5.61876107e-08  0.00000000e+00  1.19999974e+00  6.57464298e-11  4.29168927e-14 
 5.61976107e-08  5.61976107e-08  0.00000000e+00  1.19999974e+00  6.57464298e-11  4.29168934e-14 
 5.62076107e-08  5.62076107e-08  0.00000000e+00  1.19999974e+00  6.57464298e-11  4.29168940e-14 
 5.62176107e-08  5.62176107e-08  0.00000000e+00  1.19999974e+00  6.57464298e-11  4.29168947e-14 
 5.62276107e-08  5.62276107e-08  0.00000000e+00  1.19999974e+00  6.57464298e-11  4.29168953e-14 
 5.62376107e-08  5.62376107e-08  0.00000000e+00  1.19999974e+00  6.57464298e-11  4.29168960e-14 
 5.62476107e-08  5.62476107e-08  0.00000000e+00  1.19999974e+00  6.57464298e-11  4.29168966e-14 
 5.62576107e-08  5.62576107e-08  0.00000000e+00  1.19999974e+00  6.57464298e-11  4.29168973e-14 
 5.62676107e-08  5.62676107e-08  0.00000000e+00  1.19999974e+00  6.57464298e-11  4.29168980e-14 
 5.62776107e-08  5.62776107e-08  0.00000000e+00  1.19999974e+00  6.57464298e-11  4.29168986e-14 
 5.62876107e-08  5.62876107e-08  0.00000000e+00  1.19999974e+00  6.57464298e-11  4.29168993e-14 
 5.62976107e-08  5.62976107e-08  0.00000000e+00  1.19999974e+00  6.57464298e-11  4.29168999e-14 
 5.63076107e-08  5.63076107e-08  0.00000000e+00  1.19999974e+00  6.57464298e-11  4.29169006e-14 
 5.63176107e-08  5.63176107e-08  0.00000000e+00  1.19999974e+00  6.57464298e-11  4.29169012e-14 
 5.63276107e-08  5.63276107e-08  0.00000000e+00  1.19999974e+00  6.57464298e-11  4.29169019e-14 
 5.63376107e-08  5.63376107e-08  0.00000000e+00  1.19999974e+00  6.57464298e-11  4.29169026e-14 
 5.63476107e-08  5.63476107e-08  0.00000000e+00  1.19999974e+00  6.57464298e-11  4.29169032e-14 
 5.63576107e-08  5.63576107e-08  0.00000000e+00  1.19999974e+00  6.57464298e-11  4.29169039e-14 
 5.63676107e-08  5.63676107e-08  0.00000000e+00  1.19999974e+00  6.57464298e-11  4.29169045e-14 
 5.63776107e-08  5.63776107e-08  0.00000000e+00  1.19999974e+00  6.57464298e-11  4.29169052e-14 
 5.63876107e-08  5.63876107e-08  0.00000000e+00  1.19999974e+00  6.57464298e-11  4.29169058e-14 
 5.63976107e-08  5.63976107e-08  0.00000000e+00  1.19999974e+00  6.57464298e-11  4.29169065e-14 
 5.64076107e-08  5.64076107e-08  0.00000000e+00  1.19999974e+00  6.57464298e-11  4.29169072e-14 
 5.64176107e-08  5.64176107e-08  0.00000000e+00  1.19999974e+00  6.57464298e-11  4.29169078e-14 
 5.64276107e-08  5.64276107e-08  0.00000000e+00  1.19999974e+00  6.57464298e-11  4.29169085e-14 
 5.64376107e-08  5.64376107e-08  0.00000000e+00  1.19999974e+00  6.57464298e-11  4.29169091e-14 
 5.64476107e-08  5.64476107e-08  0.00000000e+00  1.19999974e+00  6.57464298e-11  4.29169098e-14 
 5.64576107e-08  5.64576107e-08  0.00000000e+00  1.19999974e+00  6.57464298e-11  4.29169104e-14 
 5.64676107e-08  5.64676107e-08  0.00000000e+00  1.19999974e+00  6.57464298e-11  4.29169111e-14 
 5.64776107e-08  5.64776107e-08  0.00000000e+00  1.19999974e+00  6.57464298e-11  4.29169118e-14 
 5.64876107e-08  5.64876107e-08  0.00000000e+00  1.19999974e+00  6.57464298e-11  4.29169124e-14 
 5.64976107e-08  5.64976107e-08  0.00000000e+00  1.19999974e+00  6.57464298e-11  4.29169131e-14 
 5.65076107e-08  5.65076107e-08  0.00000000e+00  1.19999974e+00  6.57464298e-11  4.29169137e-14 
 5.65176107e-08  5.65176107e-08  0.00000000e+00  1.19999974e+00  6.57464298e-11  4.29169144e-14 
 5.65276107e-08  5.65276107e-08  0.00000000e+00  1.19999974e+00  6.57464298e-11  4.29169151e-14 
 5.65376107e-08  5.65376107e-08  0.00000000e+00  1.19999974e+00  6.57464298e-11  4.29169157e-14 
 5.65476107e-08  5.65476107e-08  0.00000000e+00  1.19999974e+00  6.57464298e-11  4.29169164e-14 
 5.65576107e-08  5.65576107e-08  0.00000000e+00  1.19999974e+00  6.57464298e-11  4.29169170e-14 
 5.65676107e-08  5.65676107e-08  0.00000000e+00  1.19999974e+00  6.57464298e-11  4.29169177e-14 
 5.65776107e-08  5.65776107e-08  0.00000000e+00  1.19999974e+00  6.57464298e-11  4.29169183e-14 
 5.65876107e-08  5.65876107e-08  0.00000000e+00  1.19999974e+00  6.57464298e-11  4.29169190e-14 
 5.65976107e-08  5.65976107e-08  0.00000000e+00  1.19999974e+00  6.57464298e-11  4.29169197e-14 
 5.66076107e-08  5.66076107e-08  0.00000000e+00  1.19999974e+00  6.57464298e-11  4.29169203e-14 
 5.66176107e-08  5.66176107e-08  0.00000000e+00  1.19999974e+00  6.57464298e-11  4.29169210e-14 
 5.66276107e-08  5.66276107e-08  0.00000000e+00  1.19999974e+00  6.57464298e-11  4.29169216e-14 
 5.66376107e-08  5.66376107e-08  0.00000000e+00  1.19999974e+00  6.57464298e-11  4.29169223e-14 
 5.66476107e-08  5.66476107e-08  0.00000000e+00  1.19999974e+00  6.57464298e-11  4.29169229e-14 
 5.66576107e-08  5.66576107e-08  0.00000000e+00  1.19999974e+00  6.57464298e-11  4.29169236e-14 
 5.66676107e-08  5.66676107e-08  0.00000000e+00  1.19999974e+00  6.57464298e-11  4.29169243e-14 
 5.66776107e-08  5.66776107e-08  0.00000000e+00  1.19999974e+00  6.57464298e-11  4.29169249e-14 
 5.66876107e-08  5.66876107e-08  0.00000000e+00  1.19999974e+00  6.57464298e-11  4.29169256e-14 
 5.66976107e-08  5.66976107e-08  0.00000000e+00  1.19999974e+00  6.57464298e-11  4.29169262e-14 
 5.67076107e-08  5.67076107e-08  0.00000000e+00  1.19999974e+00  6.57464298e-11  4.29169269e-14 
 5.67176107e-08  5.67176107e-08  0.00000000e+00  1.19999974e+00  6.57464298e-11  4.29169275e-14 
 5.67276107e-08  5.67276107e-08  0.00000000e+00  1.19999974e+00  6.57464298e-11  4.29169282e-14 
 5.67376107e-08  5.67376107e-08  0.00000000e+00  1.19999974e+00  6.57464298e-11  4.29169289e-14 
 5.67476107e-08  5.67476107e-08  0.00000000e+00  1.19999974e+00  6.57464298e-11  4.29169295e-14 
 5.67576107e-08  5.67576107e-08  0.00000000e+00  1.19999974e+00  6.57464298e-11  4.29169302e-14 
 5.67676107e-08  5.67676107e-08  0.00000000e+00  1.19999974e+00  6.57464298e-11  4.29169308e-14 
 5.67776107e-08  5.67776107e-08  0.00000000e+00  1.19999974e+00  6.57464298e-11  4.29169315e-14 
 5.67876107e-08  5.67876107e-08  0.00000000e+00  1.19999974e+00  6.57464298e-11  4.29169321e-14 
 5.67976107e-08  5.67976107e-08  0.00000000e+00  1.19999974e+00  6.57464298e-11  4.29169328e-14 
 5.68076107e-08  5.68076107e-08  0.00000000e+00  1.19999974e+00  6.57464298e-11  4.29169335e-14 
 5.68176107e-08  5.68176107e-08  0.00000000e+00  1.19999974e+00  6.57464298e-11  4.29169341e-14 
 5.68276107e-08  5.68276107e-08  0.00000000e+00  1.19999974e+00  6.57464298e-11  4.29169348e-14 
 5.68376107e-08  5.68376107e-08  0.00000000e+00  1.19999974e+00  6.57464298e-11  4.29169354e-14 
 5.68476107e-08  5.68476107e-08  0.00000000e+00  1.19999974e+00  6.57464298e-11  4.29169361e-14 
 5.68576107e-08  5.68576107e-08  0.00000000e+00  1.19999974e+00  6.57464298e-11  4.29169367e-14 
 5.68676107e-08  5.68676107e-08  0.00000000e+00  1.19999974e+00  6.57464298e-11  4.29169374e-14 
 5.68776107e-08  5.68776107e-08  0.00000000e+00  1.19999974e+00  6.57464298e-11  4.29169381e-14 
 5.68876107e-08  5.68876107e-08  0.00000000e+00  1.19999974e+00  6.57464298e-11  4.29169387e-14 
 5.68976107e-08  5.68976107e-08  0.00000000e+00  1.19999974e+00  6.57464298e-11  4.29169394e-14 
 5.69076107e-08  5.69076107e-08  0.00000000e+00  1.19999974e+00  6.57464298e-11  4.29169400e-14 
 5.69176107e-08  5.69176107e-08  0.00000000e+00  1.19999974e+00  6.57464298e-11  4.29169407e-14 
 5.69276107e-08  5.69276107e-08  0.00000000e+00  1.19999974e+00  6.57464298e-11  4.29169414e-14 
 5.69376107e-08  5.69376107e-08  0.00000000e+00  1.19999974e+00  6.57464298e-11  4.29169420e-14 
 5.69476107e-08  5.69476107e-08  0.00000000e+00  1.19999974e+00  6.57464298e-11  4.29169427e-14 
 5.69576107e-08  5.69576107e-08  0.00000000e+00  1.19999974e+00  6.57464298e-11  4.29169433e-14 
 5.69676107e-08  5.69676107e-08  0.00000000e+00  1.19999974e+00  6.57464298e-11  4.29169440e-14 
 5.69776107e-08  5.69776107e-08  0.00000000e+00  1.19999974e+00  6.57464298e-11  4.29169446e-14 
 5.69876107e-08  5.69876107e-08  0.00000000e+00  1.19999974e+00  6.57464298e-11  4.29169453e-14 
 5.69976107e-08  5.69976107e-08  0.00000000e+00  1.19999974e+00  6.57464298e-11  4.29169460e-14 
 5.70076107e-08  5.70076107e-08  0.00000000e+00  1.19999974e+00  6.57464298e-11  4.29169466e-14 
 5.70176107e-08  5.70176107e-08  0.00000000e+00  1.19999974e+00  6.57464298e-11  4.29169473e-14 
 5.70276107e-08  5.70276107e-08  0.00000000e+00  1.19999974e+00  6.57464298e-11  4.29169479e-14 
 5.70376107e-08  5.70376107e-08  0.00000000e+00  1.19999974e+00  6.57464298e-11  4.29169486e-14 
 5.70476107e-08  5.70476107e-08  0.00000000e+00  1.19999974e+00  6.57464298e-11  4.29169492e-14 
 5.70576107e-08  5.70576107e-08  0.00000000e+00  1.19999974e+00  6.57464298e-11  4.29169499e-14 
 5.70676107e-08  5.70676107e-08  0.00000000e+00  1.19999974e+00  6.57464298e-11  4.29169506e-14 
 5.70776107e-08  5.70776107e-08  0.00000000e+00  1.19999974e+00  6.57464298e-11  4.29169512e-14 
 5.70876107e-08  5.70876107e-08  0.00000000e+00  1.19999974e+00  6.57464298e-11  4.29169519e-14 
 5.70976107e-08  5.70976107e-08  0.00000000e+00  1.19999974e+00  6.57464298e-11  4.29169525e-14 
 5.71076107e-08  5.71076107e-08  0.00000000e+00  1.19999974e+00  6.57464298e-11  4.29169532e-14 
 5.71176107e-08  5.71176107e-08  0.00000000e+00  1.19999974e+00  6.57464298e-11  4.29169538e-14 
 5.71276107e-08  5.71276107e-08  0.00000000e+00  1.19999974e+00  6.57464298e-11  4.29169545e-14 
 5.71376107e-08  5.71376107e-08  0.00000000e+00  1.19999974e+00  6.57464298e-11  4.29169552e-14 
 5.71476107e-08  5.71476107e-08  0.00000000e+00  1.19999974e+00  6.57464298e-11  4.29169558e-14 
 5.71576107e-08  5.71576107e-08  0.00000000e+00  1.19999974e+00  6.57464298e-11  4.29169565e-14 
 5.71676107e-08  5.71676107e-08  0.00000000e+00  1.19999974e+00  6.57464298e-11  4.29169571e-14 
 5.71776107e-08  5.71776107e-08  0.00000000e+00  1.19999974e+00  6.57464298e-11  4.29169578e-14 
 5.71876107e-08  5.71876107e-08  0.00000000e+00  1.19999974e+00  6.57464298e-11  4.29169584e-14 
 5.71976107e-08  5.71976107e-08  0.00000000e+00  1.19999974e+00  6.57464298e-11  4.29169591e-14 
 5.72076107e-08  5.72076107e-08  0.00000000e+00  1.19999974e+00  6.57464298e-11  4.29169598e-14 
 5.72176107e-08  5.72176107e-08  0.00000000e+00  1.19999974e+00  6.57464298e-11  4.29169604e-14 
 5.72276107e-08  5.72276107e-08  0.00000000e+00  1.19999974e+00  6.57464298e-11  4.29169611e-14 
 5.72376107e-08  5.72376107e-08  0.00000000e+00  1.19999974e+00  6.57464298e-11  4.29169617e-14 
 5.72476107e-08  5.72476107e-08  0.00000000e+00  1.19999974e+00  6.57464298e-11  4.29169624e-14 
 5.72576107e-08  5.72576107e-08  0.00000000e+00  1.19999974e+00  6.57464298e-11  4.29169630e-14 
 5.72676107e-08  5.72676107e-08  0.00000000e+00  1.19999974e+00  6.57464298e-11  4.29169637e-14 
 5.72776107e-08  5.72776107e-08  0.00000000e+00  1.19999974e+00  6.57464298e-11  4.29169644e-14 
 5.72876107e-08  5.72876107e-08  0.00000000e+00  1.19999974e+00  6.57464298e-11  4.29169650e-14 
 5.72976107e-08  5.72976107e-08  0.00000000e+00  1.19999974e+00  6.57464298e-11  4.29169657e-14 
 5.73076107e-08  5.73076107e-08  0.00000000e+00  1.19999974e+00  6.57464298e-11  4.29169663e-14 
 5.73176107e-08  5.73176107e-08  0.00000000e+00  1.19999974e+00  6.57464298e-11  4.29169670e-14 
 5.73276107e-08  5.73276107e-08  0.00000000e+00  1.19999974e+00  6.57464298e-11  4.29169676e-14 
 5.73376107e-08  5.73376107e-08  0.00000000e+00  1.19999974e+00  6.57464298e-11  4.29169683e-14 
 5.73476107e-08  5.73476107e-08  0.00000000e+00  1.19999974e+00  6.57464298e-11  4.29169690e-14 
 5.73576107e-08  5.73576107e-08  0.00000000e+00  1.19999974e+00  6.57464298e-11  4.29169696e-14 
 5.73676107e-08  5.73676107e-08  0.00000000e+00  1.19999974e+00  6.57464298e-11  4.29169703e-14 
 5.73776107e-08  5.73776107e-08  0.00000000e+00  1.19999974e+00  6.57464298e-11  4.29169709e-14 
 5.73876107e-08  5.73876107e-08  0.00000000e+00  1.19999974e+00  6.57464298e-11  4.29169716e-14 
 5.73976107e-08  5.73976107e-08  0.00000000e+00  1.19999974e+00  6.57464298e-11  4.29169723e-14 
 5.74076107e-08  5.74076107e-08  0.00000000e+00  1.19999974e+00  6.57464298e-11  4.29169729e-14 
 5.74176107e-08  5.74176107e-08  0.00000000e+00  1.19999974e+00  6.57464298e-11  4.29169736e-14 
 5.74276107e-08  5.74276107e-08  0.00000000e+00  1.19999974e+00  6.57464298e-11  4.29169742e-14 
 5.74376107e-08  5.74376107e-08  0.00000000e+00  1.19999974e+00  6.57464298e-11  4.29169749e-14 
 5.74476107e-08  5.74476107e-08  0.00000000e+00  1.19999974e+00  6.57464298e-11  4.29169755e-14 
 5.74576107e-08  5.74576107e-08  0.00000000e+00  1.19999974e+00  6.57464298e-11  4.29169762e-14 
 5.74676107e-08  5.74676107e-08  0.00000000e+00  1.19999974e+00  6.57464298e-11  4.29169769e-14 
 5.74776107e-08  5.74776107e-08  0.00000000e+00  1.19999974e+00  6.57464298e-11  4.29169775e-14 
 5.74876107e-08  5.74876107e-08  0.00000000e+00  1.19999974e+00  6.57464298e-11  4.29169782e-14 
 5.74976107e-08  5.74976107e-08  0.00000000e+00  1.19999974e+00  6.57464298e-11  4.29169788e-14 
 5.75076107e-08  5.75076107e-08  0.00000000e+00  1.19999974e+00  6.57464298e-11  4.29169795e-14 
 5.75176107e-08  5.75176107e-08  0.00000000e+00  1.19999974e+00  6.57464298e-11  4.29169801e-14 
 5.75276107e-08  5.75276107e-08  0.00000000e+00  1.19999974e+00  6.57464298e-11  4.29169808e-14 
 5.75376107e-08  5.75376107e-08  0.00000000e+00  1.19999974e+00  6.57464298e-11  4.29169815e-14 
 5.75476107e-08  5.75476107e-08  0.00000000e+00  1.19999974e+00  6.57464298e-11  4.29169821e-14 
 5.75576107e-08  5.75576107e-08  0.00000000e+00  1.19999974e+00  6.57464298e-11  4.29169828e-14 
 5.75676107e-08  5.75676107e-08  0.00000000e+00  1.19999974e+00  6.57464298e-11  4.29169834e-14 
 5.75776107e-08  5.75776107e-08  0.00000000e+00  1.19999974e+00  6.57464298e-11  4.29169841e-14 
 5.75876107e-08  5.75876107e-08  0.00000000e+00  1.19999974e+00  6.57464298e-11  4.29169847e-14 
 5.75976107e-08  5.75976107e-08  0.00000000e+00  1.19999974e+00  6.57464298e-11  4.29169854e-14 
 5.76076107e-08  5.76076107e-08  0.00000000e+00  1.19999974e+00  6.57464298e-11  4.29169861e-14 
 5.76176107e-08  5.76176107e-08  0.00000000e+00  1.19999974e+00  6.57464298e-11  4.29169867e-14 
 5.76276107e-08  5.76276107e-08  0.00000000e+00  1.19999974e+00  6.57464298e-11  4.29169874e-14 
 5.76376107e-08  5.76376107e-08  0.00000000e+00  1.19999974e+00  6.57464298e-11  4.29169880e-14 
 5.76476107e-08  5.76476107e-08  0.00000000e+00  1.19999974e+00  6.57464298e-11  4.29169887e-14 
 5.76576107e-08  5.76576107e-08  0.00000000e+00  1.19999974e+00  6.57464298e-11  4.29169893e-14 
 5.76676107e-08  5.76676107e-08  0.00000000e+00  1.19999974e+00  6.57464298e-11  4.29169900e-14 
 5.76776107e-08  5.76776107e-08  0.00000000e+00  1.19999974e+00  6.57464298e-11  4.29169907e-14 
 5.76876107e-08  5.76876107e-08  0.00000000e+00  1.19999974e+00  6.57464298e-11  4.29169913e-14 
 5.76976107e-08  5.76976107e-08  0.00000000e+00  1.19999974e+00  6.57464298e-11  4.29169920e-14 
 5.77076107e-08  5.77076107e-08  0.00000000e+00  1.19999974e+00  6.57464298e-11  4.29169926e-14 
 5.77176107e-08  5.77176107e-08  0.00000000e+00  1.19999974e+00  6.57464298e-11  4.29169933e-14 
 5.77276107e-08  5.77276107e-08  0.00000000e+00  1.19999974e+00  6.57464298e-11  4.29169939e-14 
 5.77376107e-08  5.77376107e-08  0.00000000e+00  1.19999974e+00  6.57464298e-11  4.29169946e-14 
 5.77476107e-08  5.77476107e-08  0.00000000e+00  1.19999974e+00  6.57464298e-11  4.29169953e-14 
 5.77576107e-08  5.77576107e-08  0.00000000e+00  1.19999974e+00  6.57464298e-11  4.29169959e-14 
 5.77676107e-08  5.77676107e-08  0.00000000e+00  1.19999974e+00  6.57464298e-11  4.29169966e-14 
 5.77776107e-08  5.77776107e-08  0.00000000e+00  1.19999974e+00  6.57464298e-11  4.29169972e-14 
 5.77876107e-08  5.77876107e-08  0.00000000e+00  1.19999974e+00  6.57464298e-11  4.29169979e-14 
 5.77976107e-08  5.77976107e-08  0.00000000e+00  1.19999974e+00  6.57464298e-11  4.29169985e-14 
 5.78076107e-08  5.78076107e-08  0.00000000e+00  1.19999974e+00  6.57464298e-11  4.29169992e-14 
 5.78176107e-08  5.78176107e-08  0.00000000e+00  1.19999974e+00  6.57464298e-11  4.29169999e-14 
 5.78276107e-08  5.78276107e-08  0.00000000e+00  1.19999974e+00  6.57464298e-11  4.29170005e-14 
 5.78376107e-08  5.78376107e-08  0.00000000e+00  1.19999974e+00  6.57464298e-11  4.29170012e-14 
 5.78476107e-08  5.78476107e-08  0.00000000e+00  1.19999974e+00  6.57464298e-11  4.29170018e-14 
 5.78576107e-08  5.78576107e-08  0.00000000e+00  1.19999974e+00  6.57464298e-11  4.29170025e-14 
 5.78676107e-08  5.78676107e-08  0.00000000e+00  1.19999974e+00  6.57464298e-11  4.29170032e-14 
 5.78776107e-08  5.78776107e-08  0.00000000e+00  1.19999974e+00  6.57464298e-11  4.29170038e-14 
 5.78876107e-08  5.78876107e-08  0.00000000e+00  1.19999974e+00  6.57464298e-11  4.29170045e-14 
 5.78976107e-08  5.78976107e-08  0.00000000e+00  1.19999974e+00  6.57464298e-11  4.29170051e-14 
 5.79076107e-08  5.79076107e-08  0.00000000e+00  1.19999974e+00  6.57464298e-11  4.29170058e-14 
 5.79176107e-08  5.79176107e-08  0.00000000e+00  1.19999974e+00  6.57464298e-11  4.29170064e-14 
 5.79276107e-08  5.79276107e-08  0.00000000e+00  1.19999974e+00  6.57464298e-11  4.29170071e-14 
 5.79376107e-08  5.79376107e-08  0.00000000e+00  1.19999974e+00  6.57464298e-11  4.29170078e-14 
 5.79476107e-08  5.79476107e-08  0.00000000e+00  1.19999974e+00  6.57464298e-11  4.29170084e-14 
 5.79576107e-08  5.79576107e-08  0.00000000e+00  1.19999974e+00  6.57464298e-11  4.29170091e-14 
 5.79676107e-08  5.79676107e-08  0.00000000e+00  1.19999974e+00  6.57464298e-11  4.29170097e-14 
 5.79776107e-08  5.79776107e-08  0.00000000e+00  1.19999974e+00  6.57464298e-11  4.29170104e-14 
 5.79876107e-08  5.79876107e-08  0.00000000e+00  1.19999974e+00  6.57464298e-11  4.29170110e-14 
 5.79976107e-08  5.79976107e-08  0.00000000e+00  1.19999974e+00  6.57464298e-11  4.29170117e-14 
 5.80076107e-08  5.80076107e-08  0.00000000e+00  1.19999974e+00  6.57464298e-11  4.29170124e-14 
 5.80176107e-08  5.80176107e-08  0.00000000e+00  1.19999974e+00  6.57464298e-11  4.29170130e-14 
 5.80276107e-08  5.80276107e-08  0.00000000e+00  1.19999974e+00  6.57464298e-11  4.29170137e-14 
 5.80376107e-08  5.80376107e-08  0.00000000e+00  1.19999974e+00  6.57464298e-11  4.29170143e-14 
 5.80476107e-08  5.80476107e-08  0.00000000e+00  1.19999974e+00  6.57464298e-11  4.29170150e-14 
 5.80576107e-08  5.80576107e-08  0.00000000e+00  1.19999974e+00  6.57464298e-11  4.29170156e-14 
 5.80676107e-08  5.80676107e-08  0.00000000e+00  1.19999974e+00  6.57464298e-11  4.29170163e-14 
 5.80776107e-08  5.80776107e-08  0.00000000e+00  1.19999974e+00  6.57464298e-11  4.29170170e-14 
 5.80876107e-08  5.80876107e-08  0.00000000e+00  1.19999974e+00  6.57464298e-11  4.29170176e-14 
 5.80976107e-08  5.80976107e-08  0.00000000e+00  1.19999974e+00  6.57464298e-11  4.29170183e-14 
 5.81076107e-08  5.81076107e-08  0.00000000e+00  1.19999974e+00  6.57464298e-11  4.29170189e-14 
 5.81176107e-08  5.81176107e-08  0.00000000e+00  1.19999974e+00  6.57464298e-11  4.29170196e-14 
 5.81276107e-08  5.81276107e-08  0.00000000e+00  1.19999974e+00  6.57464298e-11  4.29170202e-14 
 5.81376107e-08  5.81376107e-08  0.00000000e+00  1.19999974e+00  6.57464298e-11  4.29170209e-14 
 5.81476107e-08  5.81476107e-08  0.00000000e+00  1.19999974e+00  6.57464298e-11  4.29170216e-14 
 5.81576107e-08  5.81576107e-08  0.00000000e+00  1.19999974e+00  6.57464298e-11  4.29170222e-14 
 5.81676107e-08  5.81676107e-08  0.00000000e+00  1.19999974e+00  6.57464298e-11  4.29170229e-14 
 5.81776107e-08  5.81776107e-08  0.00000000e+00  1.19999974e+00  6.57464298e-11  4.29170235e-14 
 5.81876107e-08  5.81876107e-08  0.00000000e+00  1.19999974e+00  6.57464298e-11  4.29170242e-14 
 5.81976107e-08  5.81976107e-08  0.00000000e+00  1.19999974e+00  6.57464298e-11  4.29170248e-14 
 5.82076107e-08  5.82076107e-08  0.00000000e+00  1.19999974e+00  6.57464298e-11  4.29170255e-14 
 5.82176107e-08  5.82176107e-08  0.00000000e+00  1.19999974e+00  6.57464298e-11  4.29170262e-14 
 5.82276107e-08  5.82276107e-08  0.00000000e+00  1.19999974e+00  6.57464298e-11  4.29170268e-14 
 5.82376107e-08  5.82376107e-08  0.00000000e+00  1.19999974e+00  6.57464298e-11  4.29170275e-14 
 5.82476107e-08  5.82476107e-08  0.00000000e+00  1.19999974e+00  6.57464298e-11  4.29170281e-14 
 5.82576107e-08  5.82576107e-08  0.00000000e+00  1.19999974e+00  6.57464298e-11  4.29170288e-14 
 5.82676107e-08  5.82676107e-08  0.00000000e+00  1.19999974e+00  6.57464298e-11  4.29170295e-14 
 5.82776107e-08  5.82776107e-08  0.00000000e+00  1.19999974e+00  6.57464298e-11  4.29170301e-14 
 5.82876107e-08  5.82876107e-08  0.00000000e+00  1.19999974e+00  6.57464298e-11  4.29170308e-14 
 5.82976107e-08  5.82976107e-08  0.00000000e+00  1.19999974e+00  6.57464298e-11  4.29170314e-14 
 5.83076107e-08  5.83076107e-08  0.00000000e+00  1.19999974e+00  6.57464298e-11  4.29170321e-14 
 5.83176107e-08  5.83176107e-08  0.00000000e+00  1.19999974e+00  6.57464298e-11  4.29170327e-14 
 5.83276107e-08  5.83276107e-08  0.00000000e+00  1.19999974e+00  6.57464298e-11  4.29170334e-14 
 5.83376107e-08  5.83376107e-08  0.00000000e+00  1.19999974e+00  6.57464298e-11  4.29170341e-14 
 5.83476107e-08  5.83476107e-08  0.00000000e+00  1.19999974e+00  6.57464298e-11  4.29170347e-14 
 5.83576107e-08  5.83576107e-08  0.00000000e+00  1.19999974e+00  6.57464298e-11  4.29170354e-14 
 5.83676107e-08  5.83676107e-08  0.00000000e+00  1.19999974e+00  6.57464298e-11  4.29170360e-14 
 5.83776107e-08  5.83776107e-08  0.00000000e+00  1.19999974e+00  6.57464298e-11  4.29170367e-14 
 5.83876107e-08  5.83876107e-08  0.00000000e+00  1.19999974e+00  6.57464298e-11  4.29170373e-14 
 5.83976107e-08  5.83976107e-08  0.00000000e+00  1.19999974e+00  6.57464298e-11  4.29170380e-14 
 5.84076107e-08  5.84076107e-08  0.00000000e+00  1.19999974e+00  6.57464298e-11  4.29170387e-14 
 5.84176107e-08  5.84176107e-08  0.00000000e+00  1.19999974e+00  6.57464298e-11  4.29170393e-14 
 5.84276107e-08  5.84276107e-08  0.00000000e+00  1.19999974e+00  6.57464298e-11  4.29170400e-14 
 5.84376107e-08  5.84376107e-08  0.00000000e+00  1.19999974e+00  6.57464298e-11  4.29170406e-14 
 5.84476107e-08  5.84476107e-08  0.00000000e+00  1.19999974e+00  6.57464298e-11  4.29170413e-14 
 5.84576107e-08  5.84576107e-08  0.00000000e+00  1.19999974e+00  6.57464298e-11  4.29170419e-14 
 5.84676107e-08  5.84676107e-08  0.00000000e+00  1.19999974e+00  6.57464298e-11  4.29170426e-14 
 5.84776107e-08  5.84776107e-08  0.00000000e+00  1.19999974e+00  6.57464298e-11  4.29170433e-14 
 5.84876107e-08  5.84876107e-08  0.00000000e+00  1.19999974e+00  6.57464298e-11  4.29170439e-14 
 5.84976107e-08  5.84976107e-08  0.00000000e+00  1.19999974e+00  6.57464298e-11  4.29170446e-14 
 5.85076107e-08  5.85076107e-08  0.00000000e+00  1.19999974e+00  6.57464298e-11  4.29170452e-14 
 5.85176107e-08  5.85176107e-08  0.00000000e+00  1.19999974e+00  6.57464298e-11  4.29170459e-14 
 5.85276107e-08  5.85276107e-08  0.00000000e+00  1.19999974e+00  6.57464298e-11  4.29170465e-14 
 5.85376107e-08  5.85376107e-08  0.00000000e+00  1.19999974e+00  6.57464298e-11  4.29170472e-14 
 5.85476107e-08  5.85476107e-08  0.00000000e+00  1.19999974e+00  6.57464298e-11  4.29170479e-14 
 5.85576107e-08  5.85576107e-08  0.00000000e+00  1.19999974e+00  6.57464298e-11  4.29170485e-14 
 5.85676107e-08  5.85676107e-08  0.00000000e+00  1.19999974e+00  6.57464298e-11  4.29170492e-14 
 5.85776107e-08  5.85776107e-08  0.00000000e+00  1.19999974e+00  6.57464298e-11  4.29170498e-14 
 5.85876107e-08  5.85876107e-08  0.00000000e+00  1.19999974e+00  6.57464298e-11  4.29170505e-14 
 5.85976107e-08  5.85976107e-08  0.00000000e+00  1.19999974e+00  6.57464298e-11  4.29170511e-14 
 5.86076107e-08  5.86076107e-08  0.00000000e+00  1.19999974e+00  6.57464298e-11  4.29170518e-14 
 5.86176107e-08  5.86176107e-08  0.00000000e+00  1.19999974e+00  6.57464298e-11  4.29170525e-14 
 5.86276107e-08  5.86276107e-08  0.00000000e+00  1.19999974e+00  6.57464298e-11  4.29170531e-14 
 5.86376107e-08  5.86376107e-08  0.00000000e+00  1.19999974e+00  6.57464298e-11  4.29170538e-14 
 5.86476107e-08  5.86476107e-08  0.00000000e+00  1.19999974e+00  6.57464298e-11  4.29170544e-14 
 5.86576107e-08  5.86576107e-08  0.00000000e+00  1.19999974e+00  6.57464298e-11  4.29170551e-14 
 5.86676107e-08  5.86676107e-08  0.00000000e+00  1.19999974e+00  6.57464298e-11  4.29170557e-14 
 5.86776107e-08  5.86776107e-08  0.00000000e+00  1.19999974e+00  6.57464298e-11  4.29170564e-14 
 5.86876107e-08  5.86876107e-08  0.00000000e+00  1.19999974e+00  6.57464298e-11  4.29170571e-14 
 5.86976107e-08  5.86976107e-08  0.00000000e+00  1.19999974e+00  6.57464298e-11  4.29170577e-14 
 5.87076107e-08  5.87076107e-08  0.00000000e+00  1.19999974e+00  6.57464298e-11  4.29170584e-14 
 5.87176107e-08  5.87176107e-08  0.00000000e+00  1.19999974e+00  6.57464298e-11  4.29170590e-14 
 5.87276107e-08  5.87276107e-08  0.00000000e+00  1.19999974e+00  6.57464298e-11  4.29170597e-14 
 5.87376107e-08  5.87376107e-08  0.00000000e+00  1.19999974e+00  6.57464298e-11  4.29170604e-14 
 5.87476107e-08  5.87476107e-08  0.00000000e+00  1.19999974e+00  6.57464298e-11  4.29170610e-14 
 5.87576107e-08  5.87576107e-08  0.00000000e+00  1.19999974e+00  6.57464298e-11  4.29170617e-14 
 5.87676107e-08  5.87676107e-08  0.00000000e+00  1.19999974e+00  6.57464298e-11  4.29170623e-14 
 5.87776107e-08  5.87776107e-08  0.00000000e+00  1.19999974e+00  6.57464298e-11  4.29170630e-14 
 5.87876107e-08  5.87876107e-08  0.00000000e+00  1.19999974e+00  6.57464298e-11  4.29170636e-14 
 5.87976107e-08  5.87976107e-08  0.00000000e+00  1.19999974e+00  6.57464298e-11  4.29170643e-14 
 5.88076107e-08  5.88076107e-08  0.00000000e+00  1.19999974e+00  6.57464298e-11  4.29170650e-14 
 5.88176107e-08  5.88176107e-08  0.00000000e+00  1.19999974e+00  6.57464298e-11  4.29170656e-14 
 5.88276107e-08  5.88276107e-08  0.00000000e+00  1.19999974e+00  6.57464298e-11  4.29170663e-14 
 5.88376107e-08  5.88376107e-08  0.00000000e+00  1.19999974e+00  6.57464298e-11  4.29170669e-14 
 5.88476107e-08  5.88476107e-08  0.00000000e+00  1.19999974e+00  6.57464298e-11  4.29170676e-14 
 5.88576107e-08  5.88576107e-08  0.00000000e+00  1.19999974e+00  6.57464298e-11  4.29170682e-14 
 5.88676107e-08  5.88676107e-08  0.00000000e+00  1.19999974e+00  6.57464298e-11  4.29170689e-14 
 5.88776107e-08  5.88776107e-08  0.00000000e+00  1.19999974e+00  6.57464298e-11  4.29170696e-14 
 5.88876107e-08  5.88876107e-08  0.00000000e+00  1.19999974e+00  6.57464298e-11  4.29170702e-14 
 5.88976107e-08  5.88976107e-08  0.00000000e+00  1.19999974e+00  6.57464298e-11  4.29170709e-14 
 5.89076107e-08  5.89076107e-08  0.00000000e+00  1.19999974e+00  6.57464298e-11  4.29170715e-14 
 5.89176107e-08  5.89176107e-08  0.00000000e+00  1.19999974e+00  6.57464298e-11  4.29170722e-14 
 5.89276107e-08  5.89276107e-08  0.00000000e+00  1.19999974e+00  6.57464298e-11  4.29170728e-14 
 5.89376107e-08  5.89376107e-08  0.00000000e+00  1.19999974e+00  6.57464298e-11  4.29170735e-14 
 5.89476107e-08  5.89476107e-08  0.00000000e+00  1.19999974e+00  6.57464298e-11  4.29170742e-14 
 5.89576107e-08  5.89576107e-08  0.00000000e+00  1.19999974e+00  6.57464298e-11  4.29170748e-14 
 5.89676107e-08  5.89676107e-08  0.00000000e+00  1.19999974e+00  6.57464298e-11  4.29170755e-14 
 5.89776107e-08  5.89776107e-08  0.00000000e+00  1.19999974e+00  6.57464298e-11  4.29170761e-14 
 5.89876107e-08  5.89876107e-08  0.00000000e+00  1.19999974e+00  6.57464298e-11  4.29170768e-14 
 5.89976107e-08  5.89976107e-08  0.00000000e+00  1.19999974e+00  6.57464298e-11  4.29170774e-14 
 5.90076107e-08  5.90076107e-08  0.00000000e+00  1.19999974e+00  6.57464298e-11  4.29170781e-14 
 5.90176107e-08  5.90176107e-08  0.00000000e+00  1.19999974e+00  6.57464298e-11  4.29170788e-14 
 5.90276107e-08  5.90276107e-08  0.00000000e+00  1.19999974e+00  6.57464298e-11  4.29170794e-14 
 5.90376107e-08  5.90376107e-08  0.00000000e+00  1.19999974e+00  6.57464298e-11  4.29170801e-14 
 5.90476107e-08  5.90476107e-08  0.00000000e+00  1.19999974e+00  6.57464298e-11  4.29170807e-14 
 5.90576107e-08  5.90576107e-08  0.00000000e+00  1.19999974e+00  6.57464298e-11  4.29170814e-14 
 5.90676107e-08  5.90676107e-08  0.00000000e+00  1.19999974e+00  6.57464298e-11  4.29170820e-14 
 5.90776107e-08  5.90776107e-08  0.00000000e+00  1.19999974e+00  6.57464298e-11  4.29170827e-14 
 5.90876107e-08  5.90876107e-08  0.00000000e+00  1.19999974e+00  6.57464298e-11  4.29170834e-14 
 5.90976107e-08  5.90976107e-08  0.00000000e+00  1.19999974e+00  6.57464298e-11  4.29170840e-14 
 5.91076107e-08  5.91076107e-08  0.00000000e+00  1.19999974e+00  6.57464298e-11  4.29170847e-14 
 5.91176107e-08  5.91176107e-08  0.00000000e+00  1.19999974e+00  6.57464298e-11  4.29170853e-14 
 5.91276107e-08  5.91276107e-08  0.00000000e+00  1.19999974e+00  6.57464298e-11  4.29170860e-14 
 5.91376107e-08  5.91376107e-08  0.00000000e+00  1.19999974e+00  6.57464298e-11  4.29170866e-14 
 5.91476107e-08  5.91476107e-08  0.00000000e+00  1.19999974e+00  6.57464298e-11  4.29170873e-14 
 5.91576107e-08  5.91576107e-08  0.00000000e+00  1.19999974e+00  6.57464298e-11  4.29170880e-14 
 5.91676107e-08  5.91676107e-08  0.00000000e+00  1.19999974e+00  6.57464298e-11  4.29170886e-14 
 5.91776107e-08  5.91776107e-08  0.00000000e+00  1.19999974e+00  6.57464298e-11  4.29170893e-14 
 5.91876107e-08  5.91876107e-08  0.00000000e+00  1.19999974e+00  6.57464298e-11  4.29170899e-14 
 5.91976107e-08  5.91976107e-08  0.00000000e+00  1.19999974e+00  6.57464298e-11  4.29170906e-14 
 5.92076107e-08  5.92076107e-08  0.00000000e+00  1.19999974e+00  6.57464298e-11  4.29170913e-14 
 5.92176107e-08  5.92176107e-08  0.00000000e+00  1.19999974e+00  6.57464298e-11  4.29170919e-14 
 5.92276107e-08  5.92276107e-08  0.00000000e+00  1.19999974e+00  6.57464298e-11  4.29170926e-14 
 5.92376107e-08  5.92376107e-08  0.00000000e+00  1.19999974e+00  6.57464298e-11  4.29170932e-14 
 5.92476107e-08  5.92476107e-08  0.00000000e+00  1.19999974e+00  6.57464298e-11  4.29170939e-14 
 5.92576107e-08  5.92576107e-08  0.00000000e+00  1.19999974e+00  6.57464298e-11  4.29170945e-14 
 5.92676107e-08  5.92676107e-08  0.00000000e+00  1.19999974e+00  6.57464298e-11  4.29170952e-14 
 5.92776107e-08  5.92776107e-08  0.00000000e+00  1.19999974e+00  6.57464298e-11  4.29170959e-14 
 5.92876107e-08  5.92876107e-08  0.00000000e+00  1.19999974e+00  6.57464298e-11  4.29170965e-14 
 5.92976107e-08  5.92976107e-08  0.00000000e+00  1.19999974e+00  6.57464298e-11  4.29170972e-14 
 5.93076107e-08  5.93076107e-08  0.00000000e+00  1.19999974e+00  6.57464298e-11  4.29170978e-14 
 5.93176107e-08  5.93176107e-08  0.00000000e+00  1.19999974e+00  6.57464298e-11  4.29170985e-14 
 5.93276107e-08  5.93276107e-08  0.00000000e+00  1.19999974e+00  6.57464298e-11  4.29170991e-14 
 5.93376107e-08  5.93376107e-08  0.00000000e+00  1.19999974e+00  6.57464298e-11  4.29170998e-14 
 5.93476107e-08  5.93476107e-08  0.00000000e+00  1.19999974e+00  6.57464298e-11  4.29171005e-14 
 5.93576107e-08  5.93576107e-08  0.00000000e+00  1.19999974e+00  6.57464298e-11  4.29171011e-14 
 5.93676107e-08  5.93676107e-08  0.00000000e+00  1.19999974e+00  6.57464298e-11  4.29171018e-14 
 5.93776107e-08  5.93776107e-08  0.00000000e+00  1.19999974e+00  6.57464298e-11  4.29171024e-14 
 5.93876107e-08  5.93876107e-08  0.00000000e+00  1.19999974e+00  6.57464298e-11  4.29171031e-14 
 5.93976107e-08  5.93976107e-08  0.00000000e+00  1.19999974e+00  6.57464298e-11  4.29171037e-14 
 5.94076107e-08  5.94076107e-08  0.00000000e+00  1.19999974e+00  6.57464298e-11  4.29171044e-14 
 5.94176107e-08  5.94176107e-08  0.00000000e+00  1.19999974e+00  6.57464298e-11  4.29171051e-14 
 5.94276107e-08  5.94276107e-08  0.00000000e+00  1.19999974e+00  6.57464298e-11  4.29171057e-14 
 5.94376107e-08  5.94376107e-08  0.00000000e+00  1.19999974e+00  6.57464298e-11  4.29171064e-14 
 5.94476107e-08  5.94476107e-08  0.00000000e+00  1.19999974e+00  6.57464298e-11  4.29171070e-14 
 5.94576107e-08  5.94576107e-08  0.00000000e+00  1.19999974e+00  6.57464298e-11  4.29171077e-14 
 5.94676107e-08  5.94676107e-08  0.00000000e+00  1.19999974e+00  6.57464298e-11  4.29171083e-14 
 5.94776107e-08  5.94776107e-08  0.00000000e+00  1.19999974e+00  6.57464298e-11  4.29171090e-14 
 5.94876107e-08  5.94876107e-08  0.00000000e+00  1.19999974e+00  6.57464298e-11  4.29171097e-14 
 5.94976107e-08  5.94976107e-08  0.00000000e+00  1.19999974e+00  6.57464298e-11  4.29171103e-14 
 5.95076107e-08  5.95076107e-08  0.00000000e+00  1.19999974e+00  6.57464298e-11  4.29171110e-14 
 5.95176107e-08  5.95176107e-08  0.00000000e+00  1.19999974e+00  6.57464298e-11  4.29171116e-14 
 5.95276107e-08  5.95276107e-08  0.00000000e+00  1.19999974e+00  6.57464298e-11  4.29171123e-14 
 5.95376107e-08  5.95376107e-08  0.00000000e+00  1.19999974e+00  6.57464298e-11  4.29171129e-14 
 5.95476107e-08  5.95476107e-08  0.00000000e+00  1.19999974e+00  6.57464298e-11  4.29171136e-14 
 5.95576107e-08  5.95576107e-08  0.00000000e+00  1.19999974e+00  6.57464298e-11  4.29171143e-14 
 5.95676107e-08  5.95676107e-08  0.00000000e+00  1.19999974e+00  6.57464298e-11  4.29171149e-14 
 5.95776107e-08  5.95776107e-08  0.00000000e+00  1.19999974e+00  6.57464298e-11  4.29171156e-14 
 5.95876107e-08  5.95876107e-08  0.00000000e+00  1.19999974e+00  6.57464298e-11  4.29171162e-14 
 5.95976107e-08  5.95976107e-08  0.00000000e+00  1.19999974e+00  6.57464298e-11  4.29171169e-14 
 5.96076107e-08  5.96076107e-08  0.00000000e+00  1.19999974e+00  6.57464298e-11  4.29171176e-14 
 5.96176107e-08  5.96176107e-08  0.00000000e+00  1.19999974e+00  6.57464298e-11  4.29171182e-14 
 5.96276107e-08  5.96276107e-08  0.00000000e+00  1.19999974e+00  6.57464298e-11  4.29171189e-14 
 5.96376107e-08  5.96376107e-08  0.00000000e+00  1.19999974e+00  6.57464298e-11  4.29171195e-14 
 5.96476107e-08  5.96476107e-08  0.00000000e+00  1.19999974e+00  6.57464298e-11  4.29171202e-14 
 5.96576107e-08  5.96576107e-08  0.00000000e+00  1.19999974e+00  6.57464298e-11  4.29171208e-14 
 5.96676107e-08  5.96676107e-08  0.00000000e+00  1.19999974e+00  6.57464298e-11  4.29171215e-14 
 5.96776107e-08  5.96776107e-08  0.00000000e+00  1.19999974e+00  6.57464298e-11  4.29171222e-14 
 5.96876107e-08  5.96876107e-08  0.00000000e+00  1.19999974e+00  6.57464298e-11  4.29171228e-14 
 5.96976107e-08  5.96976107e-08  0.00000000e+00  1.19999974e+00  6.57464298e-11  4.29171235e-14 
 5.97076107e-08  5.97076107e-08  0.00000000e+00  1.19999974e+00  6.57464298e-11  4.29171241e-14 
 5.97176107e-08  5.97176107e-08  0.00000000e+00  1.19999974e+00  6.57464298e-11  4.29171248e-14 
 5.97276107e-08  5.97276107e-08  0.00000000e+00  1.19999974e+00  6.57464298e-11  4.29171254e-14 
 5.97376107e-08  5.97376107e-08  0.00000000e+00  1.19999974e+00  6.57464298e-11  4.29171261e-14 
 5.97476107e-08  5.97476107e-08  0.00000000e+00  1.19999974e+00  6.57464298e-11  4.29171268e-14 
 5.97576107e-08  5.97576107e-08  0.00000000e+00  1.19999974e+00  6.57464298e-11  4.29171274e-14 
 5.97676107e-08  5.97676107e-08  0.00000000e+00  1.19999974e+00  6.57464298e-11  4.29171281e-14 
 5.97776107e-08  5.97776107e-08  0.00000000e+00  1.19999974e+00  6.57464298e-11  4.29171287e-14 
 5.97876107e-08  5.97876107e-08  0.00000000e+00  1.19999974e+00  6.57464298e-11  4.29171294e-14 
 5.97976107e-08  5.97976107e-08  0.00000000e+00  1.19999974e+00  6.57464298e-11  4.29171300e-14 
 5.98076107e-08  5.98076107e-08  0.00000000e+00  1.19999974e+00  6.57464298e-11  4.29171307e-14 
 5.98176107e-08  5.98176107e-08  0.00000000e+00  1.19999974e+00  6.57464298e-11  4.29171314e-14 
 5.98276107e-08  5.98276107e-08  0.00000000e+00  1.19999974e+00  6.57464298e-11  4.29171320e-14 
 5.98376107e-08  5.98376107e-08  0.00000000e+00  1.19999974e+00  6.57464298e-11  4.29171327e-14 
 5.98476107e-08  5.98476107e-08  0.00000000e+00  1.19999974e+00  6.57464298e-11  4.29171333e-14 
 5.98576107e-08  5.98576107e-08  0.00000000e+00  1.19999974e+00  6.57464298e-11  4.29171340e-14 
 5.98676107e-08  5.98676107e-08  0.00000000e+00  1.19999974e+00  6.57464298e-11  4.29171346e-14 
 5.98776107e-08  5.98776107e-08  0.00000000e+00  1.19999974e+00  6.57464298e-11  4.29171353e-14 
 5.98876107e-08  5.98876107e-08  0.00000000e+00  1.19999974e+00  6.57464298e-11  4.29171360e-14 
 5.98976107e-08  5.98976107e-08  0.00000000e+00  1.19999974e+00  6.57464298e-11  4.29171366e-14 
 5.99076107e-08  5.99076107e-08  0.00000000e+00  1.19999974e+00  6.57464298e-11  4.29171373e-14 
 5.99176107e-08  5.99176107e-08  0.00000000e+00  1.19999974e+00  6.57464298e-11  4.29171379e-14 
 5.99276107e-08  5.99276107e-08  0.00000000e+00  1.19999974e+00  6.57464298e-11  4.29171386e-14 
 5.99376107e-08  5.99376107e-08  0.00000000e+00  1.19999974e+00  6.57464298e-11  4.29171392e-14 
 5.99476107e-08  5.99476107e-08  0.00000000e+00  1.19999974e+00  6.57464298e-11  4.29171399e-14 
 5.99576107e-08  5.99576107e-08  0.00000000e+00  1.19999974e+00  6.57464298e-11  4.29171406e-14 
 5.99676107e-08  5.99676107e-08  0.00000000e+00  1.19999974e+00  6.57464298e-11  4.29171412e-14 
 5.99776107e-08  5.99776107e-08  0.00000000e+00  1.19999974e+00  6.57464298e-11  4.29171419e-14 
 5.99876107e-08  5.99876107e-08  0.00000000e+00  1.19999974e+00  6.57464298e-11  4.29171425e-14 
 5.99938053e-08  5.99938053e-08  0.00000000e+00  1.19999974e+00  6.57464299e-11  4.29171429e-14 
 6.00000000e-08  6.00000000e-08  0.00000000e+00  1.19999974e+00  6.57464298e-11  4.29171433e-14 
 6.00010000e-08  6.00010000e-08  2.40000000e-03  1.20192940e+00 -4.95080083e-07  4.29168958e-14 
 6.00030000e-08  6.00030000e-08  7.20000000e-03  1.20534748e+00 -1.36504888e-06  4.29150357e-14 
 6.00070000e-08  6.00070000e-08  1.68000000e-02  1.21133850e+00 -2.86223602e-06  4.29065811e-14 
 6.00130996e-08  6.00130996e-08  3.14390338e-02  1.21914608e+00 -4.74478530e-06  4.28833813e-14 
 6.00230996e-08  6.00230996e-08  5.54390338e-02  1.22955829e+00 -7.08669974e-06  4.28242238e-14 
 6.00330996e-08  6.00330996e-08  7.94390338e-02  1.23804518e+00 -8.79662926e-06  4.27448072e-14 
 6.00430996e-08  6.00430996e-08  1.03439034e-01  1.24551580e+00 -1.01267144e-05  4.26501905e-14 
 6.00530996e-08  6.00530996e-08  1.27439034e-01  1.25264785e+00 -1.12493260e-05  4.25433103e-14 
 6.00630996e-08  6.00630996e-08  1.51439034e-01  1.25992499e+00 -1.22774296e-05  4.24256765e-14 
 6.00730996e-08  6.00730996e-08  1.75439034e-01  1.26769453e+00 -1.32812692e-05  4.22978830e-14 
 6.00830996e-08  6.00830996e-08  1.99439034e-01  1.27621351e+00 -1.43030839e-05  4.21599612e-14 
 6.00930996e-08  6.00930996e-08  2.23439034e-01  1.28567893e+00 -1.53669463e-05  4.20116111e-14 
 6.01030996e-08  6.01030996e-08  2.47439034e-01  1.29624545e+00 -1.64848878e-05  4.18523519e-14 
 6.01130996e-08  6.01130996e-08  2.71439034e-01  1.30803424e+00 -1.76605969e-05  4.16816245e-14 
 6.01230996e-08  6.01230996e-08  2.95439034e-01  1.32113638e+00 -1.88916552e-05  4.14988632e-14 
 6.01330996e-08  6.01330996e-08  3.19439034e-01  1.33561287e+00 -2.01709345e-05  4.13035503e-14 
 6.01430996e-08  6.01430996e-08  3.43439034e-01  1.35149276e+00 -2.14875358e-05  4.10952579e-14 
 6.01530996e-08  6.01530996e-08  3.67439034e-01  1.36876993e+00 -2.28275109e-05  4.08736827e-14 
 6.01630996e-08  6.01630996e-08  3.91439034e-01  1.38739829e+00 -2.41745799e-05  4.06386722e-14 
 6.01730996e-08  6.01730996e-08  4.15439034e-01  1.40728410e+00 -2.55111695e-05  4.03902435e-14 
 6.01830996e-08  6.01830996e-08  4.39439034e-01  1.42827214e+00 -2.68204307e-05  4.01285855e-14 
 6.01930996e-08  6.01930996e-08  4.63439034e-01  1.45012015e+00 -2.80904900e-05  3.98540309e-14 
 6.02030996e-08  6.02030996e-08  4.87439034e-01  1.47245260e+00 -2.93225782e-05  3.95669655e-14 
 6.02130996e-08  6.02130996e-08  5.11439034e-01  1.49468631e+00 -3.05419336e-05  3.92676430e-14 
 6.02230996e-08  6.02230996e-08  5.35439034e-01  1.51594203e+00 -3.17952814e-05  3.89559569e-14 
 6.02330996e-08  6.02330996e-08  5.59439034e-01  1.53501767e+00 -3.30914892e-05  3.86315231e-14 
 6.02430996e-08  6.02430996e-08  5.83439034e-01  1.55060102e+00 -3.42181021e-05  3.82949751e-14 
 6.02530996e-08  6.02530996e-08  6.07439034e-01  1.56170446e+00 -3.46383116e-05  3.79506930e-14 
 6.02630996e-08  6.02630996e-08  6.31439034e-01  1.56791569e+00 -3.37474201e-05  3.76087644e-14 
 6.02730996e-08  6.02730996e-08  6.55439034e-01  1.56938807e+00 -3.10744228e-05  3.72846552e-14 
 6.02830996e-08  6.02830996e-08  6.79439034e-01  1.56633495e+00 -2.66584212e-05  3.69959909e-14 
 6.02930996e-08  6.02930996e-08  7.03439034e-01  1.55849369e+00 -2.09338543e-05  3.67580296e-14 
 6.03030996e-08  6.03030996e-08  7.27439034e-01  1.54475215e+00 -1.45704771e-05  3.65805079e-14 
 6.03130996e-08  6.03130996e-08  7.51439034e-01  1.52287833e+00 -8.41866350e-06  3.64655622e-14 
 6.03230996e-08  6.03230996e-08  7.75439034e-01  1.48939085e+00 -3.40854148e-06  3.64064262e-14 
 6.03330996e-08  6.03330996e-08  7.99439034e-01  1.43960449e+00 -4.40191141e-07  3.63871825e-14 
 6.03430996e-08  6.03430996e-08  8.23439034e-01  1.36816346e+00 -1.97549300e-08  3.63848828e-14 
 6.03530996e-08  6.03530996e-08  8.47439034e-01  1.27225204e+00 -8.99697970e-10  3.63847795e-14 
 6.03630996e-08  6.03630996e-08  8.71439034e-01  1.15073555e+00  8.33780847e-11  3.63847754e-14 
 6.03730996e-08  6.03730996e-08  8.95439034e-01  1.00362403e+00  1.06361787e-10  3.63847764e-14 
 6.03830996e-08  6.03830996e-08  9.19439034e-01  8.32581961e-01  1.06361992e-10  3.63847774e-14 
 6.03930996e-08  6.03930996e-08  9.43439034e-01  6.43767666e-01  1.06362218e-10  3.63847785e-14 
 6.04009124e-08  6.04009124e-08  9.62189792e-01  4.99541170e-01  1.06362391e-10  3.63847793e-14 
 6.04049638e-08  6.04049638e-08  9.71913038e-01  4.37593366e-01  1.06362466e-10  3.63847798e-14 
 6.04097560e-08  6.04097560e-08  9.83414519e-01  3.82671192e-01  1.06362532e-10  3.63847803e-14 
 6.04149935e-08  6.04149935e-08  9.95984390e-01  3.40808190e-01  1.06362582e-10  3.63847808e-14 
 6.04197335e-08  6.04197335e-08  1.00736034e+00  3.12742435e-01  1.06362616e-10  3.63847813e-14 
 6.04257767e-08  6.04257767e-08  1.02186408e+00  2.84642028e-01  1.06362649e-10  3.63847820e-14 
 6.04324757e-08  6.04324757e-08  1.03794177e+00  2.59484104e-01  1.06362680e-10  3.63847827e-14 
 6.04415272e-08  6.04415272e-08  1.05966525e+00  2.31578230e-01  1.06362713e-10  3.63847837e-14 
 6.04515272e-08  6.04515272e-08  1.08366525e+00  2.06044387e-01  1.06362744e-10  3.63847847e-14 
 6.04615272e-08  6.04615272e-08  1.10766525e+00  1.84441979e-01  1.06362770e-10  3.63847858e-14 
 6.04715272e-08  6.04715272e-08  1.13166525e+00  1.65933261e-01  1.06362792e-10  3.63847868e-14 
 6.04815272e-08  6.04815272e-08  1.15566525e+00  1.50006694e-01  1.06362811e-10  3.63847879e-14 
 6.04907636e-08  6.04907636e-08  1.17783263e+00  1.37277030e-01  1.06362826e-10  3.63847889e-14 
 6.05000000e-08  6.05000000e-08  1.20000000e+00  1.26214532e-01  1.06362839e-10  3.63847899e-14 
 6.05010000e-08  6.05010000e-08  1.20000000e+00  1.22702071e-01  1.06362844e-10  3.63847900e-14 
 6.05030000e-08  6.05030000e-08  1.20000000e+00  1.16221268e-01  1.06362851e-10  3.63847902e-14 
 6.05070000e-08  6.05070000e-08  1.20000000e+00  1.04412638e-01  1.06362866e-10  3.63847906e-14 
 6.05122717e-08  6.05122717e-08  1.20000000e+00  9.06201423e-02  1.06362882e-10  3.63847912e-14 
 6.05222717e-08  6.05222717e-08  1.20000000e+00  6.90748078e-02  1.06362908e-10  3.63847922e-14 
 6.05322717e-08  6.05322717e-08  1.20000000e+00  5.24877629e-02  1.06362928e-10  3.63847933e-14 
 6.05422717e-08  6.05422717e-08  1.20000000e+00  3.97975314e-02  1.06362943e-10  3.63847944e-14 
 6.05522717e-08  6.05522717e-08  1.20000000e+00  3.01234023e-02  1.06362955e-10  3.63847954e-14 
 6.05622717e-08  6.05622717e-08  1.20000000e+00  2.27726549e-02  1.06362964e-10  3.63847965e-14 
 6.05722717e-08  6.05722717e-08  1.20000000e+00  1.72012400e-02  1.06362970e-10  3.63847976e-14 
 6.05822717e-08  6.05822717e-08  1.20000000e+00  1.29842492e-02  1.06362975e-10  3.63847986e-14 
 6.05922717e-08  6.05922717e-08  1.20000000e+00  9.79597091e-03  1.06362979e-10  3.63847997e-14 
 6.06022717e-08  6.06022717e-08  1.20000000e+00  7.38758361e-03  1.06362982e-10  3.63848008e-14 
 6.06122717e-08  6.06122717e-08  1.20000000e+00  5.56957416e-03  1.06362984e-10  3.63848018e-14 
 6.06222717e-08  6.06222717e-08  1.20000000e+00  4.19795698e-03  1.06362986e-10  3.63848029e-14 
 6.06322717e-08  6.06322717e-08  1.20000000e+00  3.16355310e-03  1.06362987e-10  3.63848039e-14 
 6.06422717e-08  6.06422717e-08  1.20000000e+00  2.38370546e-03  1.06362988e-10  3.63848050e-14 
 6.06522717e-08  6.06522717e-08  1.20000000e+00  1.79591255e-03  1.06362989e-10  3.63848061e-14 
 6.06622717e-08  6.06622717e-08  1.20000000e+00  1.35295819e-03  1.06362989e-10  3.63848071e-14 
 6.06722717e-08  6.06722717e-08  1.20000000e+00  1.01919921e-03  1.06362990e-10  3.63848082e-14 
 6.06822717e-08  6.06822717e-08  1.20000000e+00  7.67743824e-04  1.06362990e-10  3.63848093e-14 
 6.06922717e-08  6.06922717e-08  1.20000000e+00  5.78311470e-04  1.06362990e-10  3.63848103e-14 
 6.07022717e-08  6.07022717e-08  1.20000000e+00  4.35612425e-04  1.06362990e-10  3.63848114e-14 
 6.07122717e-08  6.07122717e-08  1.20000000e+00  3.28122411e-04  1.06362991e-10  3.63848125e-14 
 6.07222717e-08  6.07222717e-08  1.20000000e+00  2.47156594e-04  1.06362991e-10  3.63848135e-14 
 6.07322717e-08  6.07322717e-08  1.20000000e+00  1.86171691e-04  1.06362991e-10  3.63848146e-14 
 6.07422717e-08  6.07422717e-08  1.20000000e+00  1.40237733e-04  1.06362991e-10  3.63848156e-14 
 6.07522717e-08  6.07522717e-08  1.20000000e+00  1.05640702e-04  1.06362991e-10  3.63848167e-14 
 6.07622717e-08  6.07622717e-08  1.20000000e+00  7.95828256e-05  1.06362991e-10  3.63848178e-14 
 6.07722717e-08  6.07722717e-08  1.20000000e+00  5.99566508e-05  1.06362991e-10  3.63848188e-14 
 6.07822717e-08  6.07822717e-08  1.20000000e+00  4.51747703e-05  1.06362991e-10  3.63848199e-14 
 6.07922717e-08  6.07922717e-08  1.20000000e+00  3.40415255e-05  1.06362991e-10  3.63848210e-14 
 6.08022717e-08  6.08022717e-08  1.20000000e+00  2.56563461e-05  1.06362991e-10  3.63848220e-14 
 6.08122717e-08  6.08122717e-08  1.20000000e+00  1.93409315e-05  1.06362991e-10  3.63848231e-14 
 6.08222717e-08  6.08222717e-08  1.20000000e+00  1.45843981e-05  1.06362991e-10  3.63848242e-14 
 6.08322717e-08  6.08322717e-08  1.20000000e+00  1.10019607e-05  1.06362991e-10  3.63848252e-14 
 6.08422717e-08  6.08422717e-08  1.20000000e+00  8.30381001e-06  1.06362991e-10  3.63848263e-14 
 6.08522717e-08  6.08522717e-08  1.20000000e+00  6.27167085e-06  1.06362991e-10  3.63848273e-14 
 6.08622717e-08  6.08622717e-08  1.20000000e+00  4.74114587e-06  1.06362991e-10  3.63848284e-14 
 6.08722717e-08  6.08722717e-08  1.20000000e+00  3.58841692e-06  1.06362991e-10  3.63848295e-14 
 6.08822717e-08  6.08822717e-08  1.20000000e+00  2.72022884e-06  1.06362991e-10  3.63848305e-14 
 6.08922717e-08  6.08922717e-08  1.20000000e+00  2.06634541e-06  1.06362991e-10  3.63848316e-14 
 6.09022717e-08  6.09022717e-08  1.20000000e+00  1.57386748e-06  1.06362991e-10  3.63848327e-14 
 6.09122717e-08  6.09122717e-08  1.20000000e+00  1.20295355e-06  1.06362991e-10  3.63848337e-14 
 6.09222717e-08  6.09222717e-08  1.20000000e+00  9.23596602e-07  1.06362991e-10  3.63848348e-14 
 6.09322717e-08  6.09322717e-08  1.20000000e+00  7.13196587e-07  1.06362991e-10  3.63848359e-14 
 6.09422717e-08  6.09422717e-08  1.20000000e+00  5.54732071e-07  1.06362991e-10  3.63848369e-14 
 6.09522717e-08  6.09522717e-08  1.20000000e+00  4.35383213e-07  1.06362991e-10  3.63848380e-14 
 6.09622717e-08  6.09622717e-08  1.20000000e+00  3.45494639e-07  1.06362991e-10  3.63848390e-14 
 6.09722717e-08  6.09722717e-08  1.20000000e+00  2.77794323e-07  1.06362991e-10  3.63848401e-14 
 6.09782572e-08  6.09782572e-08  1.20000000e+00  2.45908672e-07  1.06362991e-10  3.63848407e-14 
 6.09866702e-08  6.09866702e-08  1.20000000e+00  2.09289452e-07  1.06362991e-10  3.63848416e-14 
 6.09914502e-08  6.09914502e-08  1.20000000e+00  1.92131377e-07  1.06362991e-10  3.63848421e-14 
 6.09957251e-08  6.09957251e-08  1.20000000e+00  1.78660812e-07  1.06362991e-10  3.63848426e-14 
 6.10000000e-08  6.10000000e-08  1.20000000e+00  1.66713405e-07  1.06362991e-10  3.63848431e-14 
 6.10008550e-08  6.10008550e-08  1.20000000e+00  1.64527456e-07  1.06362991e-10  3.63848431e-14 
 6.10025650e-08  6.10025650e-08  1.20000000e+00  1.60275115e-07  1.06362991e-10  3.63848433e-14 
 6.10059849e-08  6.10059849e-08  1.20000000e+00  1.52313750e-07  1.06362991e-10  3.63848437e-14 
 6.10128248e-08  6.10128248e-08  1.20000000e+00  1.38391407e-07  1.06362991e-10  3.63848444e-14 
 6.10228248e-08  6.10228248e-08  1.20000000e+00  1.22066813e-07  1.06362991e-10  3.63848455e-14 
 6.10328248e-08  6.10328248e-08  1.20000000e+00  1.09612874e-07  1.06362991e-10  3.63848465e-14 
 6.10428248e-08  6.10428248e-08  1.20000000e+00  1.00173612e-07  1.06362991e-10  3.63848476e-14 
 6.10528248e-08  6.10528248e-08  1.20000000e+00  9.30420971e-08  1.06362991e-10  3.63848487e-14 
 6.10628248e-08  6.10628248e-08  1.20000000e+00  8.76626100e-08  1.06362991e-10  3.63848497e-14 
 6.10728248e-08  6.10728248e-08  1.20000000e+00  8.36078893e-08  1.06362991e-10  3.63848508e-14 
 6.10828248e-08  6.10828248e-08  1.20000000e+00  8.05528765e-08  1.06362991e-10  3.63848519e-14 
 6.10928248e-08  6.10928248e-08  1.20000000e+00  7.82515317e-08  1.06362991e-10  3.63848529e-14 
 6.11028248e-08  6.11028248e-08  1.20000000e+00  7.65180918e-08  1.06362991e-10  3.63848540e-14 
 6.11128248e-08  6.11128248e-08  1.20000000e+00  7.52124770e-08  1.06362991e-10  3.63848551e-14 
 6.11228248e-08  6.11228248e-08  1.20000000e+00  7.42291198e-08  1.06362991e-10  3.63848561e-14 
 6.11328248e-08  6.11328248e-08  1.20000000e+00  7.34884874e-08  1.06362991e-10  3.63848572e-14 
 6.11428248e-08  6.11428248e-08  1.20000000e+00  7.29306710e-08  1.06362991e-10  3.63848582e-14 
 6.11528248e-08  6.11528248e-08  1.20000000e+00  7.25105458e-08  1.06362991e-10  3.63848593e-14 
 6.11628248e-08  6.11628248e-08  1.20000000e+00  7.21941252e-08  1.06362991e-10  3.63848604e-14 
 6.11728248e-08  6.11728248e-08  1.20000000e+00  7.19558096e-08  1.06362991e-10  3.63848614e-14 
 6.11828248e-08  6.11828248e-08  1.20000000e+00  7.17763197e-08  1.06362991e-10  3.63848625e-14 
 6.11928248e-08  6.11928248e-08  1.20000000e+00  7.16411355e-08  1.06362991e-10  3.63848636e-14 
 6.12028248e-08  6.12028248e-08  1.20000000e+00  7.15393195e-08  1.06362991e-10  3.63848646e-14 
 6.12128248e-08  6.12128248e-08  1.20000000e+00  7.14626375e-08  1.06362991e-10  3.63848657e-14 
 6.12228248e-08  6.12228248e-08  1.20000000e+00  7.14048835e-08  1.06362991e-10  3.63848668e-14 
 6.12328248e-08  6.12328248e-08  1.20000000e+00  7.13613846e-08  1.06362991e-10  3.63848678e-14 
 6.12428248e-08  6.12428248e-08  1.20000000e+00  7.13286227e-08  1.06362991e-10  3.63848689e-14 
 6.12528248e-08  6.12528248e-08  1.20000000e+00  7.13039492e-08  1.06362991e-10  3.63848699e-14 
 6.12628248e-08  6.12628248e-08  1.20000000e+00  7.12853666e-08  1.06362991e-10  3.63848710e-14 
 6.12728248e-08  6.12728248e-08  1.20000000e+00  7.12713694e-08  1.06362991e-10  3.63848721e-14 
 6.12828248e-08  6.12828248e-08  1.20000000e+00  7.12608279e-08  1.06362991e-10  3.63848731e-14 
 6.12928248e-08  6.12928248e-08  1.20000000e+00  7.12528879e-08  1.06362991e-10  3.63848742e-14 
 6.13028248e-08  6.13028248e-08  1.20000000e+00  7.12469075e-08  1.06362991e-10  3.63848753e-14 
 6.13128248e-08  6.13128248e-08  1.20000000e+00  7.12424039e-08  1.06362991e-10  3.63848763e-14 
 6.13228248e-08  6.13228248e-08  1.20000000e+00  7.12390128e-08  1.06362991e-10  3.63848774e-14 
 6.13328248e-08  6.13328248e-08  1.20000000e+00  7.12364594e-08  1.06362991e-10  3.63848785e-14 
 6.13428248e-08  6.13428248e-08  1.20000000e+00  7.12345354e-08  1.06362991e-10  3.63848795e-14 
 6.13528248e-08  6.13528248e-08  1.20000000e+00  7.12330855e-08  1.06362991e-10  3.63848806e-14 
 6.13628248e-08  6.13628248e-08  1.20000000e+00  7.12319955e-08  1.06362991e-10  3.63848816e-14 
 6.13728248e-08  6.13728248e-08  1.20000000e+00  7.12311754e-08  1.06362991e-10  3.63848827e-14 
 6.13828248e-08  6.13828248e-08  1.20000000e+00  7.12305568e-08  1.06362991e-10  3.63848838e-14 
 6.13928248e-08  6.13928248e-08  1.20000000e+00  7.12300893e-08  1.06362991e-10  3.63848848e-14 
 6.14028248e-08  6.14028248e-08  1.20000000e+00  7.12297370e-08  1.06362991e-10  3.63848859e-14 
 6.14128248e-08  6.14128248e-08  1.20000000e+00  7.12294727e-08  1.06362991e-10  3.63848870e-14 
 6.14228248e-08  6.14228248e-08  1.20000000e+00  7.12292740e-08  1.06362991e-10  3.63848880e-14 
 6.14328248e-08  6.14328248e-08  1.20000000e+00  7.12291253e-08  1.06362991e-10  3.63848891e-14 
 6.14428248e-08  6.14428248e-08  1.20000000e+00  7.12290119e-08  1.06362991e-10  3.63848902e-14 
 6.14528248e-08  6.14528248e-08  1.20000000e+00  7.12289263e-08  1.06362991e-10  3.63848912e-14 
 6.14628248e-08  6.14628248e-08  1.20000000e+00  7.12288622e-08  1.06362991e-10  3.63848923e-14 
 6.14728248e-08  6.14728248e-08  1.20000000e+00  7.12288132e-08  1.06362991e-10  3.63848933e-14 
 6.14828248e-08  6.14828248e-08  1.20000000e+00  7.12287772e-08  1.06362991e-10  3.63848944e-14 
 6.14928248e-08  6.14928248e-08  1.20000000e+00  7.12287487e-08  1.06362991e-10  3.63848955e-14 
 6.15028248e-08  6.15028248e-08  1.20000000e+00  7.12287279e-08  1.06362991e-10  3.63848965e-14 
 6.15128248e-08  6.15128248e-08  1.20000000e+00  7.12287132e-08  1.06362991e-10  3.63848976e-14 
 6.15228248e-08  6.15228248e-08  1.20000000e+00  7.12287018e-08  1.06362991e-10  3.63848987e-14 
 6.15328248e-08  6.15328248e-08  1.20000000e+00  7.12286925e-08  1.06362991e-10  3.63848997e-14 
 6.15428248e-08  6.15428248e-08  1.20000000e+00  7.12286856e-08  1.06362991e-10  3.63849008e-14 
 6.15528248e-08  6.15528248e-08  1.20000000e+00  7.12286806e-08  1.06362991e-10  3.63849019e-14 
 6.15628248e-08  6.15628248e-08  1.20000000e+00  7.12286769e-08  1.06362991e-10  3.63849029e-14 
 6.15728248e-08  6.15728248e-08  1.20000000e+00  7.12286744e-08  1.06362991e-10  3.63849040e-14 
 6.15828248e-08  6.15828248e-08  1.20000000e+00  7.12286722e-08  1.06362991e-10  3.63849050e-14 
 6.15928248e-08  6.15928248e-08  1.20000000e+00  7.12286705e-08  1.06362991e-10  3.63849061e-14 
 6.16028248e-08  6.16028248e-08  1.20000000e+00  7.12286695e-08  1.06362991e-10  3.63849072e-14 
 6.16128248e-08  6.16128248e-08  1.20000000e+00  7.12286688e-08  1.06362991e-10  3.63849082e-14 
 6.16228248e-08  6.16228248e-08  1.20000000e+00  7.12286679e-08  1.06362991e-10  3.63849093e-14 
 6.16327614e-08  6.16327614e-08  1.20000000e+00  7.12286674e-08  1.06362991e-10  3.63849104e-14 
 6.16427614e-08  6.16427614e-08  1.20000000e+00  7.12286675e-08  1.06362991e-10  3.63849114e-14 
 6.16527614e-08  6.16527614e-08  1.20000000e+00  7.12286674e-08  1.06362991e-10  3.63849125e-14 
 6.16627614e-08  6.16627614e-08  1.20000000e+00  7.12286673e-08  1.06362991e-10  3.63849135e-14 
 6.16727614e-08  6.16727614e-08  1.20000000e+00  7.12286673e-08  1.06362991e-10  3.63849146e-14 
 6.16827614e-08  6.16827614e-08  1.20000000e+00  7.12286673e-08  1.06362991e-10  3.63849157e-14 
 6.16927614e-08  6.16927614e-08  1.20000000e+00  7.12286673e-08  1.06362991e-10  3.63849167e-14 
 6.17027614e-08  6.17027614e-08  1.20000000e+00  7.12286673e-08  1.06362991e-10  3.63849178e-14 
 6.17127614e-08  6.17127614e-08  1.20000000e+00  7.12286673e-08  1.06362991e-10  3.63849189e-14 
 6.17227614e-08  6.17227614e-08  1.20000000e+00  7.12286673e-08  1.06362991e-10  3.63849199e-14 
 6.17327614e-08  6.17327614e-08  1.20000000e+00  7.12286673e-08  1.06362991e-10  3.63849210e-14 
 6.17427614e-08  6.17427614e-08  1.20000000e+00  7.12286673e-08  1.06362991e-10  3.63849221e-14 
 6.17527614e-08  6.17527614e-08  1.20000000e+00  7.12286673e-08  1.06362991e-10  3.63849231e-14 
 6.17627614e-08  6.17627614e-08  1.20000000e+00  7.12286673e-08  1.06362991e-10  3.63849242e-14 
 6.17727614e-08  6.17727614e-08  1.20000000e+00  7.12286673e-08  1.06362991e-10  3.63849252e-14 
 6.17827614e-08  6.17827614e-08  1.20000000e+00  7.12286673e-08  1.06362991e-10  3.63849263e-14 
 6.17927614e-08  6.17927614e-08  1.20000000e+00  7.12286673e-08  1.06362991e-10  3.63849274e-14 
 6.18027614e-08  6.18027614e-08  1.20000000e+00  7.12286673e-08  1.06362991e-10  3.63849284e-14 
 6.18127614e-08  6.18127614e-08  1.20000000e+00  7.12286673e-08  1.06362991e-10  3.63849295e-14 
 6.18227614e-08  6.18227614e-08  1.20000000e+00  7.12286673e-08  1.06362991e-10  3.63849306e-14 
 6.18327614e-08  6.18327614e-08  1.20000000e+00  7.12286673e-08  1.06362991e-10  3.63849316e-14 
 6.18427614e-08  6.18427614e-08  1.20000000e+00  7.12286673e-08  1.06362991e-10  3.63849327e-14 
 6.18527614e-08  6.18527614e-08  1.20000000e+00  7.12286673e-08  1.06362991e-10  3.63849338e-14 
 6.18627614e-08  6.18627614e-08  1.20000000e+00  7.12286673e-08  1.06362991e-10  3.63849348e-14 
 6.18727614e-08  6.18727614e-08  1.20000000e+00  7.12286673e-08  1.06362991e-10  3.63849359e-14 
 6.18827614e-08  6.18827614e-08  1.20000000e+00  7.12286673e-08  1.06362991e-10  3.63849369e-14 
 6.18927614e-08  6.18927614e-08  1.20000000e+00  7.12286673e-08  1.06362991e-10  3.63849380e-14 
 6.19027614e-08  6.19027614e-08  1.20000000e+00  7.12286673e-08  1.06362991e-10  3.63849391e-14 
 6.19127614e-08  6.19127614e-08  1.20000000e+00  7.12286673e-08  1.06362991e-10  3.63849401e-14 
 6.19227614e-08  6.19227614e-08  1.20000000e+00  7.12286673e-08  1.06362991e-10  3.63849412e-14 
 6.19327614e-08  6.19327614e-08  1.20000000e+00  7.12286673e-08  1.06362991e-10  3.63849423e-14 
 6.19427614e-08  6.19427614e-08  1.20000000e+00  7.12286673e-08  1.06362991e-10  3.63849433e-14 
 6.19527614e-08  6.19527614e-08  1.20000000e+00  7.12286673e-08  1.06362991e-10  3.63849444e-14 
 6.19627614e-08  6.19627614e-08  1.20000000e+00  7.12286673e-08  1.06362991e-10  3.63849455e-14 
 6.19727614e-08  6.19727614e-08  1.20000000e+00  7.12286673e-08  1.06362991e-10  3.63849465e-14 
 6.19827614e-08  6.19827614e-08  1.20000000e+00  7.12286673e-08  1.06362991e-10  3.63849476e-14 
 6.19927614e-08  6.19927614e-08  1.20000000e+00  7.12286673e-08  1.06362991e-10  3.63849486e-14 
 6.20027614e-08  6.20027614e-08  1.20000000e+00  7.12286673e-08  1.06362991e-10  3.63849497e-14 
 6.20127614e-08  6.20127614e-08  1.20000000e+00  7.12286673e-08  1.06362991e-10  3.63849508e-14 
 6.20227614e-08  6.20227614e-08  1.20000000e+00  7.12286673e-08  1.06362991e-10  3.63849518e-14 
 6.20327614e-08  6.20327614e-08  1.20000000e+00  7.12286673e-08  1.06362991e-10  3.63849529e-14 
 6.20427614e-08  6.20427614e-08  1.20000000e+00  7.12286673e-08  1.06362991e-10  3.63849540e-14 
 6.20527614e-08  6.20527614e-08  1.20000000e+00  7.12286673e-08  1.06362991e-10  3.63849550e-14 
 6.20627614e-08  6.20627614e-08  1.20000000e+00  7.12286673e-08  1.06362991e-10  3.63849561e-14 
 6.20727614e-08  6.20727614e-08  1.20000000e+00  7.12286673e-08  1.06362991e-10  3.63849572e-14 
 6.20827614e-08  6.20827614e-08  1.20000000e+00  7.12286673e-08  1.06362991e-10  3.63849582e-14 
 6.20927614e-08  6.20927614e-08  1.20000000e+00  7.12286673e-08  1.06362991e-10  3.63849593e-14 
 6.21027614e-08  6.21027614e-08  1.20000000e+00  7.12286673e-08  1.06362991e-10  3.63849603e-14 
 6.21127614e-08  6.21127614e-08  1.20000000e+00  7.12286673e-08  1.06362991e-10  3.63849614e-14 
 6.21227614e-08  6.21227614e-08  1.20000000e+00  7.12286673e-08  1.06362991e-10  3.63849625e-14 
 6.21327614e-08  6.21327614e-08  1.20000000e+00  7.12286673e-08  1.06362991e-10  3.63849635e-14 
 6.21427614e-08  6.21427614e-08  1.20000000e+00  7.12286673e-08  1.06362991e-10  3.63849646e-14 
 6.21527614e-08  6.21527614e-08  1.20000000e+00  7.12286673e-08  1.06362991e-10  3.63849657e-14 
 6.21627614e-08  6.21627614e-08  1.20000000e+00  7.12286673e-08  1.06362991e-10  3.63849667e-14 
 6.21727614e-08  6.21727614e-08  1.20000000e+00  7.12286673e-08  1.06362991e-10  3.63849678e-14 
 6.21827614e-08  6.21827614e-08  1.20000000e+00  7.12286673e-08  1.06362991e-10  3.63849689e-14 
 6.21927614e-08  6.21927614e-08  1.20000000e+00  7.12286673e-08  1.06362991e-10  3.63849699e-14 
 6.22027614e-08  6.22027614e-08  1.20000000e+00  7.12286673e-08  1.06362991e-10  3.63849710e-14 
 6.22127614e-08  6.22127614e-08  1.20000000e+00  7.12286673e-08  1.06362991e-10  3.63849720e-14 
 6.22227614e-08  6.22227614e-08  1.20000000e+00  7.12286673e-08  1.06362991e-10  3.63849731e-14 
 6.22327614e-08  6.22327614e-08  1.20000000e+00  7.12286673e-08  1.06362991e-10  3.63849742e-14 
 6.22427614e-08  6.22427614e-08  1.20000000e+00  7.12286673e-08  1.06362991e-10  3.63849752e-14 
 6.22527614e-08  6.22527614e-08  1.20000000e+00  7.12286673e-08  1.06362991e-10  3.63849763e-14 
 6.22627614e-08  6.22627614e-08  1.20000000e+00  7.12286673e-08  1.06362991e-10  3.63849774e-14 
 6.22727614e-08  6.22727614e-08  1.20000000e+00  7.12286673e-08  1.06362991e-10  3.63849784e-14 
 6.22827614e-08  6.22827614e-08  1.20000000e+00  7.12286673e-08  1.06362991e-10  3.63849795e-14 
 6.22927614e-08  6.22927614e-08  1.20000000e+00  7.12286673e-08  1.06362991e-10  3.63849806e-14 
 6.23027614e-08  6.23027614e-08  1.20000000e+00  7.12286673e-08  1.06362991e-10  3.63849816e-14 
 6.23127614e-08  6.23127614e-08  1.20000000e+00  7.12286673e-08  1.06362991e-10  3.63849827e-14 
 6.23227614e-08  6.23227614e-08  1.20000000e+00  7.12286673e-08  1.06362991e-10  3.63849837e-14 
 6.23327614e-08  6.23327614e-08  1.20000000e+00  7.12286673e-08  1.06362991e-10  3.63849848e-14 
 6.23427614e-08  6.23427614e-08  1.20000000e+00  7.12286673e-08  1.06362991e-10  3.63849859e-14 
 6.23527614e-08  6.23527614e-08  1.20000000e+00  7.12286673e-08  1.06362991e-10  3.63849869e-14 
 6.23627614e-08  6.23627614e-08  1.20000000e+00  7.12286673e-08  1.06362991e-10  3.63849880e-14 
 6.23727614e-08  6.23727614e-08  1.20000000e+00  7.12286673e-08  1.06362991e-10  3.63849891e-14 
 6.23827614e-08  6.23827614e-08  1.20000000e+00  7.12286673e-08  1.06362991e-10  3.63849901e-14 
 6.23927614e-08  6.23927614e-08  1.20000000e+00  7.12286673e-08  1.06362991e-10  3.63849912e-14 
 6.24027614e-08  6.24027614e-08  1.20000000e+00  7.12286673e-08  1.06362991e-10  3.63849923e-14 
 6.24127614e-08  6.24127614e-08  1.20000000e+00  7.12286673e-08  1.06362991e-10  3.63849933e-14 
 6.24227614e-08  6.24227614e-08  1.20000000e+00  7.12286673e-08  1.06362991e-10  3.63849944e-14 
 6.24327614e-08  6.24327614e-08  1.20000000e+00  7.12286673e-08  1.06362991e-10  3.63849954e-14 
 6.24427614e-08  6.24427614e-08  1.20000000e+00  7.12286673e-08  1.06362991e-10  3.63849965e-14 
 6.24527614e-08  6.24527614e-08  1.20000000e+00  7.12286673e-08  1.06362991e-10  3.63849976e-14 
 6.24627614e-08  6.24627614e-08  1.20000000e+00  7.12286673e-08  1.06362991e-10  3.63849986e-14 
 6.24727614e-08  6.24727614e-08  1.20000000e+00  7.12286673e-08  1.06362991e-10  3.63849997e-14 
 6.24827614e-08  6.24827614e-08  1.20000000e+00  7.12286673e-08  1.06362991e-10  3.63850008e-14 
 6.24927614e-08  6.24927614e-08  1.20000000e+00  7.12286673e-08  1.06362991e-10  3.63850018e-14 
 6.25027614e-08  6.25027614e-08  1.20000000e+00  7.12286673e-08  1.06362991e-10  3.63850029e-14 
 6.25127614e-08  6.25127614e-08  1.20000000e+00  7.12286673e-08  1.06362991e-10  3.63850040e-14 
 6.25227614e-08  6.25227614e-08  1.20000000e+00  7.12286673e-08  1.06362991e-10  3.63850050e-14 
 6.25327614e-08  6.25327614e-08  1.20000000e+00  7.12286673e-08  1.06362991e-10  3.63850061e-14 
 6.25427614e-08  6.25427614e-08  1.20000000e+00  7.12286673e-08  1.06362991e-10  3.63850071e-14 
 6.25527614e-08  6.25527614e-08  1.20000000e+00  7.12286673e-08  1.06362991e-10  3.63850082e-14 
 6.25627614e-08  6.25627614e-08  1.20000000e+00  7.12286673e-08  1.06362991e-10  3.63850093e-14 
 6.25727614e-08  6.25727614e-08  1.20000000e+00  7.12286673e-08  1.06362991e-10  3.63850103e-14 
 6.25827614e-08  6.25827614e-08  1.20000000e+00  7.12286673e-08  1.06362991e-10  3.63850114e-14 
 6.25927614e-08  6.25927614e-08  1.20000000e+00  7.12286673e-08  1.06362991e-10  3.63850125e-14 
 6.26027614e-08  6.26027614e-08  1.20000000e+00  7.12286673e-08  1.06362991e-10  3.63850135e-14 
 6.26127614e-08  6.26127614e-08  1.20000000e+00  7.12286673e-08  1.06362991e-10  3.63850146e-14 
 6.26227614e-08  6.26227614e-08  1.20000000e+00  7.12286673e-08  1.06362991e-10  3.63850157e-14 
 6.26327614e-08  6.26327614e-08  1.20000000e+00  7.12286673e-08  1.06362991e-10  3.63850167e-14 
 6.26427614e-08  6.26427614e-08  1.20000000e+00  7.12286673e-08  1.06362991e-10  3.63850178e-14 
 6.26527614e-08  6.26527614e-08  1.20000000e+00  7.12286673e-08  1.06362991e-10  3.63850188e-14 
 6.26627614e-08  6.26627614e-08  1.20000000e+00  7.12286673e-08  1.06362991e-10  3.63850199e-14 
 6.26727614e-08  6.26727614e-08  1.20000000e+00  7.12286673e-08  1.06362991e-10  3.63850210e-14 
 6.26827614e-08  6.26827614e-08  1.20000000e+00  7.12286673e-08  1.06362991e-10  3.63850220e-14 
 6.26927614e-08  6.26927614e-08  1.20000000e+00  7.12286673e-08  1.06362991e-10  3.63850231e-14 
 6.27027614e-08  6.27027614e-08  1.20000000e+00  7.12286673e-08  1.06362991e-10  3.63850242e-14 
 6.27127614e-08  6.27127614e-08  1.20000000e+00  7.12286673e-08  1.06362991e-10  3.63850252e-14 
 6.27227614e-08  6.27227614e-08  1.20000000e+00  7.12286673e-08  1.06362991e-10  3.63850263e-14 
 6.27327614e-08  6.27327614e-08  1.20000000e+00  7.12286673e-08  1.06362991e-10  3.63850274e-14 
 6.27427614e-08  6.27427614e-08  1.20000000e+00  7.12286673e-08  1.06362991e-10  3.63850284e-14 
 6.27527614e-08  6.27527614e-08  1.20000000e+00  7.12286673e-08  1.06362991e-10  3.63850295e-14 
 6.27627614e-08  6.27627614e-08  1.20000000e+00  7.12286673e-08  1.06362991e-10  3.63850305e-14 
 6.27727614e-08  6.27727614e-08  1.20000000e+00  7.12286673e-08  1.06362991e-10  3.63850316e-14 
 6.27827614e-08  6.27827614e-08  1.20000000e+00  7.12286673e-08  1.06362991e-10  3.63850327e-14 
 6.27927614e-08  6.27927614e-08  1.20000000e+00  7.12286673e-08  1.06362991e-10  3.63850337e-14 
 6.28027614e-08  6.28027614e-08  1.20000000e+00  7.12286673e-08  1.06362991e-10  3.63850348e-14 
 6.28127614e-08  6.28127614e-08  1.20000000e+00  7.12286673e-08  1.06362991e-10  3.63850359e-14 
 6.28227614e-08  6.28227614e-08  1.20000000e+00  7.12286673e-08  1.06362991e-10  3.63850369e-14 
 6.28327614e-08  6.28327614e-08  1.20000000e+00  7.12286673e-08  1.06362991e-10  3.63850380e-14 
 6.28427614e-08  6.28427614e-08  1.20000000e+00  7.12286673e-08  1.06362991e-10  3.63850391e-14 
 6.28527614e-08  6.28527614e-08  1.20000000e+00  7.12286673e-08  1.06362991e-10  3.63850401e-14 
 6.28627614e-08  6.28627614e-08  1.20000000e+00  7.12286673e-08  1.06362991e-10  3.63850412e-14 
 6.28727614e-08  6.28727614e-08  1.20000000e+00  7.12286673e-08  1.06362991e-10  3.63850422e-14 
 6.28827614e-08  6.28827614e-08  1.20000000e+00  7.12286673e-08  1.06362991e-10  3.63850433e-14 
 6.28927614e-08  6.28927614e-08  1.20000000e+00  7.12286673e-08  1.06362991e-10  3.63850444e-14 
 6.29027614e-08  6.29027614e-08  1.20000000e+00  7.12286673e-08  1.06362991e-10  3.63850454e-14 
 6.29127614e-08  6.29127614e-08  1.20000000e+00  7.12286673e-08  1.06362991e-10  3.63850465e-14 
 6.29227614e-08  6.29227614e-08  1.20000000e+00  7.12286673e-08  1.06362991e-10  3.63850476e-14 
 6.29327614e-08  6.29327614e-08  1.20000000e+00  7.12286673e-08  1.06362991e-10  3.63850486e-14 
 6.29427614e-08  6.29427614e-08  1.20000000e+00  7.12286673e-08  1.06362991e-10  3.63850497e-14 
 6.29527614e-08  6.29527614e-08  1.20000000e+00  7.12286673e-08  1.06362991e-10  3.63850508e-14 
 6.29627614e-08  6.29627614e-08  1.20000000e+00  7.12286673e-08  1.06362991e-10  3.63850518e-14 
 6.29727614e-08  6.29727614e-08  1.20000000e+00  7.12286673e-08  1.06362991e-10  3.63850529e-14 
 6.29827614e-08  6.29827614e-08  1.20000000e+00  7.12286673e-08  1.06362991e-10  3.63850539e-14 
 6.29927614e-08  6.29927614e-08  1.20000000e+00  7.12286673e-08  1.06362991e-10  3.63850550e-14 
 6.30027614e-08  6.30027614e-08  1.20000000e+00  7.12286673e-08  1.06362991e-10  3.63850561e-14 
 6.30127614e-08  6.30127614e-08  1.20000000e+00  7.12286673e-08  1.06362991e-10  3.63850571e-14 
 6.30227614e-08  6.30227614e-08  1.20000000e+00  7.12286673e-08  1.06362991e-10  3.63850582e-14 
 6.30327614e-08  6.30327614e-08  1.20000000e+00  7.12286673e-08  1.06362991e-10  3.63850593e-14 
 6.30427614e-08  6.30427614e-08  1.20000000e+00  7.12286673e-08  1.06362991e-10  3.63850603e-14 
 6.30527614e-08  6.30527614e-08  1.20000000e+00  7.12286673e-08  1.06362991e-10  3.63850614e-14 
 6.30627614e-08  6.30627614e-08  1.20000000e+00  7.12286673e-08  1.06362991e-10  3.63850625e-14 
 6.30727614e-08  6.30727614e-08  1.20000000e+00  7.12286673e-08  1.06362991e-10  3.63850635e-14 
 6.30827614e-08  6.30827614e-08  1.20000000e+00  7.12286673e-08  1.06362991e-10  3.63850646e-14 
 6.30927614e-08  6.30927614e-08  1.20000000e+00  7.12286673e-08  1.06362991e-10  3.63850656e-14 
 6.31027614e-08  6.31027614e-08  1.20000000e+00  7.12286673e-08  1.06362991e-10  3.63850667e-14 
 6.31127614e-08  6.31127614e-08  1.20000000e+00  7.12286673e-08  1.06362991e-10  3.63850678e-14 
 6.31227614e-08  6.31227614e-08  1.20000000e+00  7.12286673e-08  1.06362991e-10  3.63850688e-14 
 6.31327614e-08  6.31327614e-08  1.20000000e+00  7.12286673e-08  1.06362991e-10  3.63850699e-14 
 6.31427614e-08  6.31427614e-08  1.20000000e+00  7.12286673e-08  1.06362991e-10  3.63850710e-14 
 6.31527614e-08  6.31527614e-08  1.20000000e+00  7.12286673e-08  1.06362991e-10  3.63850720e-14 
 6.31627614e-08  6.31627614e-08  1.20000000e+00  7.12286673e-08  1.06362991e-10  3.63850731e-14 
 6.31727614e-08  6.31727614e-08  1.20000000e+00  7.12286673e-08  1.06362991e-10  3.63850742e-14 
 6.31827614e-08  6.31827614e-08  1.20000000e+00  7.12286673e-08  1.06362991e-10  3.63850752e-14 
 6.31927614e-08  6.31927614e-08  1.20000000e+00  7.12286673e-08  1.06362991e-10  3.63850763e-14 
 6.32027614e-08  6.32027614e-08  1.20000000e+00  7.12286673e-08  1.06362991e-10  3.63850773e-14 
 6.32127614e-08  6.32127614e-08  1.20000000e+00  7.12286673e-08  1.06362991e-10  3.63850784e-14 
 6.32227614e-08  6.32227614e-08  1.20000000e+00  7.12286673e-08  1.06362991e-10  3.63850795e-14 
 6.32327614e-08  6.32327614e-08  1.20000000e+00  7.12286673e-08  1.06362991e-10  3.63850805e-14 
 6.32427614e-08  6.32427614e-08  1.20000000e+00  7.12286673e-08  1.06362991e-10  3.63850816e-14 
 6.32527614e-08  6.32527614e-08  1.20000000e+00  7.12286673e-08  1.06362991e-10  3.63850827e-14 
 6.32627614e-08  6.32627614e-08  1.20000000e+00  7.12286673e-08  1.06362991e-10  3.63850837e-14 
 6.32727614e-08  6.32727614e-08  1.20000000e+00  7.12286673e-08  1.06362991e-10  3.63850848e-14 
 6.32827614e-08  6.32827614e-08  1.20000000e+00  7.12286673e-08  1.06362991e-10  3.63850859e-14 
 6.32927614e-08  6.32927614e-08  1.20000000e+00  7.12286673e-08  1.06362991e-10  3.63850869e-14 
 6.33027614e-08  6.33027614e-08  1.20000000e+00  7.12286673e-08  1.06362991e-10  3.63850880e-14 
 6.33127614e-08  6.33127614e-08  1.20000000e+00  7.12286673e-08  1.06362991e-10  3.63850890e-14 
 6.33227614e-08  6.33227614e-08  1.20000000e+00  7.12286673e-08  1.06362991e-10  3.63850901e-14 
 6.33327614e-08  6.33327614e-08  1.20000000e+00  7.12286673e-08  1.06362991e-10  3.63850912e-14 
 6.33427614e-08  6.33427614e-08  1.20000000e+00  7.12286673e-08  1.06362991e-10  3.63850922e-14 
 6.33527614e-08  6.33527614e-08  1.20000000e+00  7.12286673e-08  1.06362991e-10  3.63850933e-14 
 6.33627614e-08  6.33627614e-08  1.20000000e+00  7.12286673e-08  1.06362991e-10  3.63850944e-14 
 6.33727614e-08  6.33727614e-08  1.20000000e+00  7.12286673e-08  1.06362991e-10  3.63850954e-14 
 6.33827614e-08  6.33827614e-08  1.20000000e+00  7.12286673e-08  1.06362991e-10  3.63850965e-14 
 6.33927614e-08  6.33927614e-08  1.20000000e+00  7.12286673e-08  1.06362991e-10  3.63850976e-14 
 6.34027614e-08  6.34027614e-08  1.20000000e+00  7.12286673e-08  1.06362991e-10  3.63850986e-14 
 6.34127614e-08  6.34127614e-08  1.20000000e+00  7.12286673e-08  1.06362991e-10  3.63850997e-14 
 6.34227614e-08  6.34227614e-08  1.20000000e+00  7.12286673e-08  1.06362991e-10  3.63851007e-14 
 6.34327614e-08  6.34327614e-08  1.20000000e+00  7.12286673e-08  1.06362991e-10  3.63851018e-14 
 6.34427614e-08  6.34427614e-08  1.20000000e+00  7.12286673e-08  1.06362991e-10  3.63851029e-14 
 6.34527614e-08  6.34527614e-08  1.20000000e+00  7.12286673e-08  1.06362991e-10  3.63851039e-14 
 6.34627614e-08  6.34627614e-08  1.20000000e+00  7.12286673e-08  1.06362991e-10  3.63851050e-14 
 6.34727614e-08  6.34727614e-08  1.20000000e+00  7.12286673e-08  1.06362991e-10  3.63851061e-14 
 6.34827614e-08  6.34827614e-08  1.20000000e+00  7.12286673e-08  1.06362991e-10  3.63851071e-14 
 6.34927614e-08  6.34927614e-08  1.20000000e+00  7.12286673e-08  1.06362991e-10  3.63851082e-14 
 6.35027614e-08  6.35027614e-08  1.20000000e+00  7.12286673e-08  1.06362991e-10  3.63851093e-14 
 6.35127614e-08  6.35127614e-08  1.20000000e+00  7.12286673e-08  1.06362991e-10  3.63851103e-14 
 6.35227614e-08  6.35227614e-08  1.20000000e+00  7.12286673e-08  1.06362991e-10  3.63851114e-14 
 6.35327614e-08  6.35327614e-08  1.20000000e+00  7.12286673e-08  1.06362991e-10  3.63851124e-14 
 6.35427614e-08  6.35427614e-08  1.20000000e+00  7.12286673e-08  1.06362991e-10  3.63851135e-14 
 6.35527614e-08  6.35527614e-08  1.20000000e+00  7.12286673e-08  1.06362991e-10  3.63851146e-14 
 6.35627614e-08  6.35627614e-08  1.20000000e+00  7.12286673e-08  1.06362991e-10  3.63851156e-14 
 6.35727614e-08  6.35727614e-08  1.20000000e+00  7.12286673e-08  1.06362991e-10  3.63851167e-14 
 6.35827614e-08  6.35827614e-08  1.20000000e+00  7.12286673e-08  1.06362991e-10  3.63851178e-14 
 6.35927614e-08  6.35927614e-08  1.20000000e+00  7.12286673e-08  1.06362991e-10  3.63851188e-14 
 6.36027614e-08  6.36027614e-08  1.20000000e+00  7.12286673e-08  1.06362991e-10  3.63851199e-14 
 6.36127614e-08  6.36127614e-08  1.20000000e+00  7.12286673e-08  1.06362991e-10  3.63851210e-14 
 6.36227614e-08  6.36227614e-08  1.20000000e+00  7.12286673e-08  1.06362991e-10  3.63851220e-14 
 6.36327614e-08  6.36327614e-08  1.20000000e+00  7.12286673e-08  1.06362991e-10  3.63851231e-14 
 6.36427614e-08  6.36427614e-08  1.20000000e+00  7.12286673e-08  1.06362991e-10  3.63851241e-14 
 6.36527614e-08  6.36527614e-08  1.20000000e+00  7.12286673e-08  1.06362991e-10  3.63851252e-14 
 6.36627614e-08  6.36627614e-08  1.20000000e+00  7.12286673e-08  1.06362991e-10  3.63851263e-14 
 6.36727614e-08  6.36727614e-08  1.20000000e+00  7.12286673e-08  1.06362991e-10  3.63851273e-14 
 6.36827614e-08  6.36827614e-08  1.20000000e+00  7.12286673e-08  1.06362991e-10  3.63851284e-14 
 6.36927614e-08  6.36927614e-08  1.20000000e+00  7.12286673e-08  1.06362991e-10  3.63851295e-14 
 6.37027614e-08  6.37027614e-08  1.20000000e+00  7.12286673e-08  1.06362991e-10  3.63851305e-14 
 6.37127614e-08  6.37127614e-08  1.20000000e+00  7.12286673e-08  1.06362991e-10  3.63851316e-14 
 6.37227614e-08  6.37227614e-08  1.20000000e+00  7.12286673e-08  1.06362991e-10  3.63851327e-14 
 6.37327614e-08  6.37327614e-08  1.20000000e+00  7.12286673e-08  1.06362991e-10  3.63851337e-14 
 6.37427614e-08  6.37427614e-08  1.20000000e+00  7.12286673e-08  1.06362991e-10  3.63851348e-14 
 6.37527614e-08  6.37527614e-08  1.20000000e+00  7.12286673e-08  1.06362991e-10  3.63851358e-14 
 6.37627614e-08  6.37627614e-08  1.20000000e+00  7.12286673e-08  1.06362991e-10  3.63851369e-14 
 6.37727614e-08  6.37727614e-08  1.20000000e+00  7.12286673e-08  1.06362991e-10  3.63851380e-14 
 6.37827614e-08  6.37827614e-08  1.20000000e+00  7.12286673e-08  1.06362991e-10  3.63851390e-14 
 6.37927614e-08  6.37927614e-08  1.20000000e+00  7.12286673e-08  1.06362991e-10  3.63851401e-14 
 6.38027614e-08  6.38027614e-08  1.20000000e+00  7.12286673e-08  1.06362991e-10  3.63851412e-14 
 6.38127614e-08  6.38127614e-08  1.20000000e+00  7.12286673e-08  1.06362991e-10  3.63851422e-14 
 6.38227614e-08  6.38227614e-08  1.20000000e+00  7.12286673e-08  1.06362991e-10  3.63851433e-14 
 6.38327614e-08  6.38327614e-08  1.20000000e+00  7.12286673e-08  1.06362991e-10  3.63851444e-14 
 6.38427614e-08  6.38427614e-08  1.20000000e+00  7.12286673e-08  1.06362991e-10  3.63851454e-14 
 6.38527614e-08  6.38527614e-08  1.20000000e+00  7.12286673e-08  1.06362991e-10  3.63851465e-14 
 6.38627614e-08  6.38627614e-08  1.20000000e+00  7.12286673e-08  1.06362991e-10  3.63851475e-14 
 6.38727614e-08  6.38727614e-08  1.20000000e+00  7.12286673e-08  1.06362991e-10  3.63851486e-14 
 6.38827614e-08  6.38827614e-08  1.20000000e+00  7.12286673e-08  1.06362991e-10  3.63851497e-14 
 6.38927614e-08  6.38927614e-08  1.20000000e+00  7.12286673e-08  1.06362991e-10  3.63851507e-14 
 6.39027614e-08  6.39027614e-08  1.20000000e+00  7.12286673e-08  1.06362991e-10  3.63851518e-14 
 6.39127614e-08  6.39127614e-08  1.20000000e+00  7.12286673e-08  1.06362991e-10  3.63851529e-14 
 6.39227614e-08  6.39227614e-08  1.20000000e+00  7.12286673e-08  1.06362991e-10  3.63851539e-14 
 6.39327614e-08  6.39327614e-08  1.20000000e+00  7.12286673e-08  1.06362991e-10  3.63851550e-14 
 6.39427614e-08  6.39427614e-08  1.20000000e+00  7.12286673e-08  1.06362991e-10  3.63851561e-14 
 6.39527614e-08  6.39527614e-08  1.20000000e+00  7.12286673e-08  1.06362991e-10  3.63851571e-14 
 6.39627614e-08  6.39627614e-08  1.20000000e+00  7.12286673e-08  1.06362991e-10  3.63851582e-14 
 6.39727614e-08  6.39727614e-08  1.20000000e+00  7.12286673e-08  1.06362991e-10  3.63851592e-14 
 6.39827614e-08  6.39827614e-08  1.20000000e+00  7.12286673e-08  1.06362991e-10  3.63851603e-14 
 6.39927614e-08  6.39927614e-08  1.20000000e+00  7.12286673e-08  1.06362991e-10  3.63851614e-14 
 6.40027614e-08  6.40027614e-08  1.20000000e+00  7.12286673e-08  1.06362991e-10  3.63851624e-14 
 6.40127614e-08  6.40127614e-08  1.20000000e+00  7.12286673e-08  1.06362991e-10  3.63851635e-14 
 6.40227614e-08  6.40227614e-08  1.20000000e+00  7.12286673e-08  1.06362991e-10  3.63851646e-14 
 6.40327614e-08  6.40327614e-08  1.20000000e+00  7.12286673e-08  1.06362991e-10  3.63851656e-14 
 6.40427614e-08  6.40427614e-08  1.20000000e+00  7.12286673e-08  1.06362991e-10  3.63851667e-14 
 6.40527614e-08  6.40527614e-08  1.20000000e+00  7.12286673e-08  1.06362991e-10  3.63851678e-14 
 6.40627614e-08  6.40627614e-08  1.20000000e+00  7.12286673e-08  1.06362991e-10  3.63851688e-14 
 6.40727614e-08  6.40727614e-08  1.20000000e+00  7.12286673e-08  1.06362991e-10  3.63851699e-14 
 6.40827614e-08  6.40827614e-08  1.20000000e+00  7.12286673e-08  1.06362991e-10  3.63851709e-14 
 6.40927614e-08  6.40927614e-08  1.20000000e+00  7.12286673e-08  1.06362991e-10  3.63851720e-14 
 6.41027614e-08  6.41027614e-08  1.20000000e+00  7.12286673e-08  1.06362991e-10  3.63851731e-14 
 6.41127614e-08  6.41127614e-08  1.20000000e+00  7.12286673e-08  1.06362991e-10  3.63851741e-14 
 6.41227614e-08  6.41227614e-08  1.20000000e+00  7.12286673e-08  1.06362991e-10  3.63851752e-14 
 6.41327614e-08  6.41327614e-08  1.20000000e+00  7.12286673e-08  1.06362991e-10  3.63851763e-14 
 6.41427614e-08  6.41427614e-08  1.20000000e+00  7.12286673e-08  1.06362991e-10  3.63851773e-14 
 6.41527614e-08  6.41527614e-08  1.20000000e+00  7.12286673e-08  1.06362991e-10  3.63851784e-14 
 6.41627614e-08  6.41627614e-08  1.20000000e+00  7.12286673e-08  1.06362991e-10  3.63851795e-14 
 6.41727614e-08  6.41727614e-08  1.20000000e+00  7.12286673e-08  1.06362991e-10  3.63851805e-14 
 6.41827614e-08  6.41827614e-08  1.20000000e+00  7.12286673e-08  1.06362991e-10  3.63851816e-14 
 6.41927614e-08  6.41927614e-08  1.20000000e+00  7.12286673e-08  1.06362991e-10  3.63851826e-14 
 6.42027614e-08  6.42027614e-08  1.20000000e+00  7.12286673e-08  1.06362991e-10  3.63851837e-14 
 6.42127614e-08  6.42127614e-08  1.20000000e+00  7.12286673e-08  1.06362991e-10  3.63851848e-14 
 6.42227614e-08  6.42227614e-08  1.20000000e+00  7.12286673e-08  1.06362991e-10  3.63851858e-14 
 6.42327614e-08  6.42327614e-08  1.20000000e+00  7.12286673e-08  1.06362991e-10  3.63851869e-14 
 6.42427614e-08  6.42427614e-08  1.20000000e+00  7.12286673e-08  1.06362991e-10  3.63851880e-14 
 6.42527614e-08  6.42527614e-08  1.20000000e+00  7.12286673e-08  1.06362991e-10  3.63851890e-14 
 6.42627614e-08  6.42627614e-08  1.20000000e+00  7.12286673e-08  1.06362991e-10  3.63851901e-14 
 6.42727614e-08  6.42727614e-08  1.20000000e+00  7.12286673e-08  1.06362991e-10  3.63851912e-14 
 6.42827614e-08  6.42827614e-08  1.20000000e+00  7.12286673e-08  1.06362991e-10  3.63851922e-14 
 6.42927614e-08  6.42927614e-08  1.20000000e+00  7.12286673e-08  1.06362991e-10  3.63851933e-14 
 6.43027614e-08  6.43027614e-08  1.20000000e+00  7.12286673e-08  1.06362991e-10  3.63851943e-14 
 6.43127614e-08  6.43127614e-08  1.20000000e+00  7.12286673e-08  1.06362991e-10  3.63851954e-14 
 6.43227614e-08  6.43227614e-08  1.20000000e+00  7.12286673e-08  1.06362991e-10  3.63851965e-14 
 6.43327614e-08  6.43327614e-08  1.20000000e+00  7.12286673e-08  1.06362991e-10  3.63851975e-14 
 6.43427614e-08  6.43427614e-08  1.20000000e+00  7.12286673e-08  1.06362991e-10  3.63851986e-14 
 6.43527614e-08  6.43527614e-08  1.20000000e+00  7.12286673e-08  1.06362991e-10  3.63851997e-14 
 6.43627614e-08  6.43627614e-08  1.20000000e+00  7.12286673e-08  1.06362991e-10  3.63852007e-14 
 6.43727614e-08  6.43727614e-08  1.20000000e+00  7.12286673e-08  1.06362991e-10  3.63852018e-14 
 6.43827614e-08  6.43827614e-08  1.20000000e+00  7.12286673e-08  1.06362991e-10  3.63852029e-14 
 6.43927614e-08  6.43927614e-08  1.20000000e+00  7.12286673e-08  1.06362991e-10  3.63852039e-14 
 6.44027614e-08  6.44027614e-08  1.20000000e+00  7.12286673e-08  1.06362991e-10  3.63852050e-14 
 6.44127614e-08  6.44127614e-08  1.20000000e+00  7.12286673e-08  1.06362991e-10  3.63852060e-14 
 6.44227614e-08  6.44227614e-08  1.20000000e+00  7.12286673e-08  1.06362991e-10  3.63852071e-14 
 6.44327614e-08  6.44327614e-08  1.20000000e+00  7.12286673e-08  1.06362991e-10  3.63852082e-14 
 6.44427614e-08  6.44427614e-08  1.20000000e+00  7.12286673e-08  1.06362991e-10  3.63852092e-14 
 6.44527614e-08  6.44527614e-08  1.20000000e+00  7.12286673e-08  1.06362991e-10  3.63852103e-14 
 6.44627614e-08  6.44627614e-08  1.20000000e+00  7.12286673e-08  1.06362991e-10  3.63852114e-14 
 6.44727614e-08  6.44727614e-08  1.20000000e+00  7.12286673e-08  1.06362991e-10  3.63852124e-14 
 6.44827614e-08  6.44827614e-08  1.20000000e+00  7.12286673e-08  1.06362991e-10  3.63852135e-14 
 6.44927614e-08  6.44927614e-08  1.20000000e+00  7.12286673e-08  1.06362991e-10  3.63852146e-14 
 6.45027614e-08  6.45027614e-08  1.20000000e+00  7.12286673e-08  1.06362991e-10  3.63852156e-14 
 6.45127614e-08  6.45127614e-08  1.20000000e+00  7.12286673e-08  1.06362991e-10  3.63852167e-14 
 6.45227614e-08  6.45227614e-08  1.20000000e+00  7.12286673e-08  1.06362991e-10  3.63852177e-14 
 6.45327614e-08  6.45327614e-08  1.20000000e+00  7.12286673e-08  1.06362991e-10  3.63852188e-14 
 6.45427614e-08  6.45427614e-08  1.20000000e+00  7.12286673e-08  1.06362991e-10  3.63852199e-14 
 6.45527614e-08  6.45527614e-08  1.20000000e+00  7.12286673e-08  1.06362991e-10  3.63852209e-14 
 6.45627614e-08  6.45627614e-08  1.20000000e+00  7.12286673e-08  1.06362991e-10  3.63852220e-14 
 6.45727614e-08  6.45727614e-08  1.20000000e+00  7.12286673e-08  1.06362991e-10  3.63852231e-14 
 6.45827614e-08  6.45827614e-08  1.20000000e+00  7.12286673e-08  1.06362991e-10  3.63852241e-14 
 6.45927614e-08  6.45927614e-08  1.20000000e+00  7.12286673e-08  1.06362991e-10  3.63852252e-14 
 6.46027614e-08  6.46027614e-08  1.20000000e+00  7.12286673e-08  1.06362991e-10  3.63852263e-14 
 6.46127614e-08  6.46127614e-08  1.20000000e+00  7.12286673e-08  1.06362991e-10  3.63852273e-14 
 6.46227614e-08  6.46227614e-08  1.20000000e+00  7.12286673e-08  1.06362991e-10  3.63852284e-14 
 6.46327614e-08  6.46327614e-08  1.20000000e+00  7.12286673e-08  1.06362991e-10  3.63852294e-14 
 6.46427614e-08  6.46427614e-08  1.20000000e+00  7.12286673e-08  1.06362991e-10  3.63852305e-14 
 6.46527614e-08  6.46527614e-08  1.20000000e+00  7.12286673e-08  1.06362991e-10  3.63852316e-14 
 6.46627614e-08  6.46627614e-08  1.20000000e+00  7.12286673e-08  1.06362991e-10  3.63852326e-14 
 6.46727614e-08  6.46727614e-08  1.20000000e+00  7.12286673e-08  1.06362991e-10  3.63852337e-14 
 6.46827614e-08  6.46827614e-08  1.20000000e+00  7.12286673e-08  1.06362991e-10  3.63852348e-14 
 6.46927614e-08  6.46927614e-08  1.20000000e+00  7.12286673e-08  1.06362991e-10  3.63852358e-14 
 6.47027614e-08  6.47027614e-08  1.20000000e+00  7.12286673e-08  1.06362991e-10  3.63852369e-14 
 6.47127614e-08  6.47127614e-08  1.20000000e+00  7.12286673e-08  1.06362991e-10  3.63852380e-14 
 6.47227614e-08  6.47227614e-08  1.20000000e+00  7.12286673e-08  1.06362991e-10  3.63852390e-14 
 6.47327614e-08  6.47327614e-08  1.20000000e+00  7.12286673e-08  1.06362991e-10  3.63852401e-14 
 6.47427614e-08  6.47427614e-08  1.20000000e+00  7.12286673e-08  1.06362991e-10  3.63852411e-14 
 6.47527614e-08  6.47527614e-08  1.20000000e+00  7.12286673e-08  1.06362991e-10  3.63852422e-14 
 6.47627614e-08  6.47627614e-08  1.20000000e+00  7.12286673e-08  1.06362991e-10  3.63852433e-14 
 6.47727614e-08  6.47727614e-08  1.20000000e+00  7.12286673e-08  1.06362991e-10  3.63852443e-14 
 6.47827614e-08  6.47827614e-08  1.20000000e+00  7.12286673e-08  1.06362991e-10  3.63852454e-14 
 6.47927614e-08  6.47927614e-08  1.20000000e+00  7.12286673e-08  1.06362991e-10  3.63852465e-14 
 6.48027614e-08  6.48027614e-08  1.20000000e+00  7.12286673e-08  1.06362991e-10  3.63852475e-14 
 6.48127614e-08  6.48127614e-08  1.20000000e+00  7.12286673e-08  1.06362991e-10  3.63852486e-14 
 6.48227614e-08  6.48227614e-08  1.20000000e+00  7.12286673e-08  1.06362991e-10  3.63852497e-14 
 6.48327614e-08  6.48327614e-08  1.20000000e+00  7.12286673e-08  1.06362991e-10  3.63852507e-14 
 6.48427614e-08  6.48427614e-08  1.20000000e+00  7.12286673e-08  1.06362991e-10  3.63852518e-14 
 6.48527614e-08  6.48527614e-08  1.20000000e+00  7.12286673e-08  1.06362991e-10  3.63852528e-14 
 6.48627614e-08  6.48627614e-08  1.20000000e+00  7.12286673e-08  1.06362991e-10  3.63852539e-14 
 6.48727614e-08  6.48727614e-08  1.20000000e+00  7.12286673e-08  1.06362991e-10  3.63852550e-14 
 6.48827614e-08  6.48827614e-08  1.20000000e+00  7.12286673e-08  1.06362991e-10  3.63852560e-14 
 6.48927614e-08  6.48927614e-08  1.20000000e+00  7.12286673e-08  1.06362991e-10  3.63852571e-14 
 6.49027614e-08  6.49027614e-08  1.20000000e+00  7.12286673e-08  1.06362991e-10  3.63852582e-14 
 6.49127614e-08  6.49127614e-08  1.20000000e+00  7.12286673e-08  1.06362991e-10  3.63852592e-14 
 6.49227614e-08  6.49227614e-08  1.20000000e+00  7.12286673e-08  1.06362991e-10  3.63852603e-14 
 6.49327614e-08  6.49327614e-08  1.20000000e+00  7.12286673e-08  1.06362991e-10  3.63852614e-14 
 6.49427614e-08  6.49427614e-08  1.20000000e+00  7.12286673e-08  1.06362991e-10  3.63852624e-14 
 6.49527614e-08  6.49527614e-08  1.20000000e+00  7.12286673e-08  1.06362991e-10  3.63852635e-14 
 6.49627614e-08  6.49627614e-08  1.20000000e+00  7.12286673e-08  1.06362991e-10  3.63852645e-14 
 6.49727614e-08  6.49727614e-08  1.20000000e+00  7.12286673e-08  1.06362991e-10  3.63852656e-14 
 6.49827614e-08  6.49827614e-08  1.20000000e+00  7.12286673e-08  1.06362991e-10  3.63852667e-14 
 6.49927614e-08  6.49927614e-08  1.20000000e+00  7.12286673e-08  1.06362991e-10  3.63852677e-14 
 6.50027614e-08  6.50027614e-08  1.20000000e+00  7.12286673e-08  1.06362991e-10  3.63852688e-14 
 6.50127614e-08  6.50127614e-08  1.20000000e+00  7.12286673e-08  1.06362991e-10  3.63852699e-14 
 6.50227614e-08  6.50227614e-08  1.20000000e+00  7.12286673e-08  1.06362991e-10  3.63852709e-14 
 6.50327614e-08  6.50327614e-08  1.20000000e+00  7.12286673e-08  1.06362991e-10  3.63852720e-14 
 6.50427614e-08  6.50427614e-08  1.20000000e+00  7.12286673e-08  1.06362991e-10  3.63852731e-14 
 6.50527614e-08  6.50527614e-08  1.20000000e+00  7.12286673e-08  1.06362991e-10  3.63852741e-14 
 6.50627614e-08  6.50627614e-08  1.20000000e+00  7.12286673e-08  1.06362991e-10  3.63852752e-14 
 6.50727614e-08  6.50727614e-08  1.20000000e+00  7.12286673e-08  1.06362991e-10  3.63852762e-14 
 6.50827614e-08  6.50827614e-08  1.20000000e+00  7.12286673e-08  1.06362991e-10  3.63852773e-14 
 6.50927614e-08  6.50927614e-08  1.20000000e+00  7.12286673e-08  1.06362991e-10  3.63852784e-14 
 6.51027614e-08  6.51027614e-08  1.20000000e+00  7.12286673e-08  1.06362991e-10  3.63852794e-14 
 6.51127614e-08  6.51127614e-08  1.20000000e+00  7.12286673e-08  1.06362991e-10  3.63852805e-14 
 6.51227614e-08  6.51227614e-08  1.20000000e+00  7.12286673e-08  1.06362991e-10  3.63852816e-14 
 6.51327614e-08  6.51327614e-08  1.20000000e+00  7.12286673e-08  1.06362991e-10  3.63852826e-14 
 6.51427614e-08  6.51427614e-08  1.20000000e+00  7.12286673e-08  1.06362991e-10  3.63852837e-14 
 6.51527614e-08  6.51527614e-08  1.20000000e+00  7.12286673e-08  1.06362991e-10  3.63852848e-14 
 6.51627614e-08  6.51627614e-08  1.20000000e+00  7.12286673e-08  1.06362991e-10  3.63852858e-14 
 6.51727614e-08  6.51727614e-08  1.20000000e+00  7.12286673e-08  1.06362991e-10  3.63852869e-14 
 6.51827614e-08  6.51827614e-08  1.20000000e+00  7.12286673e-08  1.06362991e-10  3.63852879e-14 
 6.51927614e-08  6.51927614e-08  1.20000000e+00  7.12286673e-08  1.06362991e-10  3.63852890e-14 
 6.52027614e-08  6.52027614e-08  1.20000000e+00  7.12286673e-08  1.06362991e-10  3.63852901e-14 
 6.52127614e-08  6.52127614e-08  1.20000000e+00  7.12286673e-08  1.06362991e-10  3.63852911e-14 
 6.52227614e-08  6.52227614e-08  1.20000000e+00  7.12286673e-08  1.06362991e-10  3.63852922e-14 
 6.52327614e-08  6.52327614e-08  1.20000000e+00  7.12286673e-08  1.06362991e-10  3.63852933e-14 
 6.52427614e-08  6.52427614e-08  1.20000000e+00  7.12286673e-08  1.06362991e-10  3.63852943e-14 
 6.52527614e-08  6.52527614e-08  1.20000000e+00  7.12286673e-08  1.06362991e-10  3.63852954e-14 
 6.52627614e-08  6.52627614e-08  1.20000000e+00  7.12286673e-08  1.06362991e-10  3.63852965e-14 
 6.52727614e-08  6.52727614e-08  1.20000000e+00  7.12286673e-08  1.06362991e-10  3.63852975e-14 
 6.52827614e-08  6.52827614e-08  1.20000000e+00  7.12286673e-08  1.06362991e-10  3.63852986e-14 
 6.52927614e-08  6.52927614e-08  1.20000000e+00  7.12286673e-08  1.06362991e-10  3.63852996e-14 
 6.53027614e-08  6.53027614e-08  1.20000000e+00  7.12286673e-08  1.06362991e-10  3.63853007e-14 
 6.53127614e-08  6.53127614e-08  1.20000000e+00  7.12286673e-08  1.06362991e-10  3.63853018e-14 
 6.53227614e-08  6.53227614e-08  1.20000000e+00  7.12286673e-08  1.06362991e-10  3.63853028e-14 
 6.53327614e-08  6.53327614e-08  1.20000000e+00  7.12286673e-08  1.06362991e-10  3.63853039e-14 
 6.53427614e-08  6.53427614e-08  1.20000000e+00  7.12286673e-08  1.06362991e-10  3.63853050e-14 
 6.53527614e-08  6.53527614e-08  1.20000000e+00  7.12286673e-08  1.06362991e-10  3.63853060e-14 
 6.53627614e-08  6.53627614e-08  1.20000000e+00  7.12286673e-08  1.06362991e-10  3.63853071e-14 
 6.53727614e-08  6.53727614e-08  1.20000000e+00  7.12286673e-08  1.06362991e-10  3.63853082e-14 
 6.53827614e-08  6.53827614e-08  1.20000000e+00  7.12286673e-08  1.06362991e-10  3.63853092e-14 
 6.53927614e-08  6.53927614e-08  1.20000000e+00  7.12286673e-08  1.06362991e-10  3.63853103e-14 
 6.54027614e-08  6.54027614e-08  1.20000000e+00  7.12286673e-08  1.06362991e-10  3.63853113e-14 
 6.54127614e-08  6.54127614e-08  1.20000000e+00  7.12286673e-08  1.06362991e-10  3.63853124e-14 
 6.54227614e-08  6.54227614e-08  1.20000000e+00  7.12286673e-08  1.06362991e-10  3.63853135e-14 
 6.54327614e-08  6.54327614e-08  1.20000000e+00  7.12286673e-08  1.06362991e-10  3.63853145e-14 
 6.54427614e-08  6.54427614e-08  1.20000000e+00  7.12286673e-08  1.06362991e-10  3.63853156e-14 
 6.54527614e-08  6.54527614e-08  1.20000000e+00  7.12286673e-08  1.06362991e-10  3.63853167e-14 
 6.54627614e-08  6.54627614e-08  1.20000000e+00  7.12286673e-08  1.06362991e-10  3.63853177e-14 
 6.54727614e-08  6.54727614e-08  1.20000000e+00  7.12286673e-08  1.06362991e-10  3.63853188e-14 
 6.54827614e-08  6.54827614e-08  1.20000000e+00  7.12286673e-08  1.06362991e-10  3.63853199e-14 
 6.54927614e-08  6.54927614e-08  1.20000000e+00  7.12286673e-08  1.06362991e-10  3.63853209e-14 
 6.55027614e-08  6.55027614e-08  1.20000000e+00  7.12286673e-08  1.06362991e-10  3.63853220e-14 
 6.55127614e-08  6.55127614e-08  1.20000000e+00  7.12286673e-08  1.06362991e-10  3.63853230e-14 
 6.55227614e-08  6.55227614e-08  1.20000000e+00  7.12286673e-08  1.06362991e-10  3.63853241e-14 
 6.55327614e-08  6.55327614e-08  1.20000000e+00  7.12286673e-08  1.06362991e-10  3.63853252e-14 
 6.55427614e-08  6.55427614e-08  1.20000000e+00  7.12286673e-08  1.06362991e-10  3.63853262e-14 
 6.55527614e-08  6.55527614e-08  1.20000000e+00  7.12286673e-08  1.06362991e-10  3.63853273e-14 
 6.55627614e-08  6.55627614e-08  1.20000000e+00  7.12286673e-08  1.06362991e-10  3.63853284e-14 
 6.55727614e-08  6.55727614e-08  1.20000000e+00  7.12286673e-08  1.06362991e-10  3.63853294e-14 
 6.55827614e-08  6.55827614e-08  1.20000000e+00  7.12286673e-08  1.06362991e-10  3.63853305e-14 
 6.55927614e-08  6.55927614e-08  1.20000000e+00  7.12286673e-08  1.06362991e-10  3.63853316e-14 
 6.56027614e-08  6.56027614e-08  1.20000000e+00  7.12286673e-08  1.06362991e-10  3.63853326e-14 
 6.56127614e-08  6.56127614e-08  1.20000000e+00  7.12286673e-08  1.06362991e-10  3.63853337e-14 
 6.56227614e-08  6.56227614e-08  1.20000000e+00  7.12286673e-08  1.06362991e-10  3.63853347e-14 
 6.56327614e-08  6.56327614e-08  1.20000000e+00  7.12286673e-08  1.06362991e-10  3.63853358e-14 
 6.56427614e-08  6.56427614e-08  1.20000000e+00  7.12286673e-08  1.06362991e-10  3.63853369e-14 
 6.56527614e-08  6.56527614e-08  1.20000000e+00  7.12286673e-08  1.06362991e-10  3.63853379e-14 
 6.56627614e-08  6.56627614e-08  1.20000000e+00  7.12286673e-08  1.06362991e-10  3.63853390e-14 
 6.56727614e-08  6.56727614e-08  1.20000000e+00  7.12286673e-08  1.06362991e-10  3.63853401e-14 
 6.56827614e-08  6.56827614e-08  1.20000000e+00  7.12286673e-08  1.06362991e-10  3.63853411e-14 
 6.56927614e-08  6.56927614e-08  1.20000000e+00  7.12286673e-08  1.06362991e-10  3.63853422e-14 
 6.57027614e-08  6.57027614e-08  1.20000000e+00  7.12286673e-08  1.06362991e-10  3.63853433e-14 
 6.57127614e-08  6.57127614e-08  1.20000000e+00  7.12286673e-08  1.06362991e-10  3.63853443e-14 
 6.57227614e-08  6.57227614e-08  1.20000000e+00  7.12286673e-08  1.06362991e-10  3.63853454e-14 
 6.57327614e-08  6.57327614e-08  1.20000000e+00  7.12286673e-08  1.06362991e-10  3.63853464e-14 
 6.57427614e-08  6.57427614e-08  1.20000000e+00  7.12286673e-08  1.06362991e-10  3.63853475e-14 
 6.57527614e-08  6.57527614e-08  1.20000000e+00  7.12286673e-08  1.06362991e-10  3.63853486e-14 
 6.57627614e-08  6.57627614e-08  1.20000000e+00  7.12286673e-08  1.06362991e-10  3.63853496e-14 
 6.57727614e-08  6.57727614e-08  1.20000000e+00  7.12286673e-08  1.06362991e-10  3.63853507e-14 
 6.57827614e-08  6.57827614e-08  1.20000000e+00  7.12286673e-08  1.06362991e-10  3.63853518e-14 
 6.57927614e-08  6.57927614e-08  1.20000000e+00  7.12286673e-08  1.06362991e-10  3.63853528e-14 
 6.58027614e-08  6.58027614e-08  1.20000000e+00  7.12286673e-08  1.06362991e-10  3.63853539e-14 
 6.58127614e-08  6.58127614e-08  1.20000000e+00  7.12286673e-08  1.06362991e-10  3.63853550e-14 
 6.58227614e-08  6.58227614e-08  1.20000000e+00  7.12286673e-08  1.06362991e-10  3.63853560e-14 
 6.58327614e-08  6.58327614e-08  1.20000000e+00  7.12286673e-08  1.06362991e-10  3.63853571e-14 
 6.58427614e-08  6.58427614e-08  1.20000000e+00  7.12286673e-08  1.06362991e-10  3.63853581e-14 
 6.58527614e-08  6.58527614e-08  1.20000000e+00  7.12286673e-08  1.06362991e-10  3.63853592e-14 
 6.58627614e-08  6.58627614e-08  1.20000000e+00  7.12286673e-08  1.06362991e-10  3.63853603e-14 
 6.58727614e-08  6.58727614e-08  1.20000000e+00  7.12286673e-08  1.06362991e-10  3.63853613e-14 
 6.58827614e-08  6.58827614e-08  1.20000000e+00  7.12286673e-08  1.06362991e-10  3.63853624e-14 
 6.58927614e-08  6.58927614e-08  1.20000000e+00  7.12286673e-08  1.06362991e-10  3.63853635e-14 
 6.59027614e-08  6.59027614e-08  1.20000000e+00  7.12286673e-08  1.06362991e-10  3.63853645e-14 
 6.59127614e-08  6.59127614e-08  1.20000000e+00  7.12286673e-08  1.06362991e-10  3.63853656e-14 
 6.59227614e-08  6.59227614e-08  1.20000000e+00  7.12286673e-08  1.06362991e-10  3.63853667e-14 
 6.59327614e-08  6.59327614e-08  1.20000000e+00  7.12286673e-08  1.06362991e-10  3.63853677e-14 
 6.59427614e-08  6.59427614e-08  1.20000000e+00  7.12286673e-08  1.06362991e-10  3.63853688e-14 
 6.59527614e-08  6.59527614e-08  1.20000000e+00  7.12286673e-08  1.06362991e-10  3.63853698e-14 
 6.59627614e-08  6.59627614e-08  1.20000000e+00  7.12286673e-08  1.06362991e-10  3.63853709e-14 
 6.59727614e-08  6.59727614e-08  1.20000000e+00  7.12286673e-08  1.06362991e-10  3.63853720e-14 
 6.59827614e-08  6.59827614e-08  1.20000000e+00  7.12286673e-08  1.06362991e-10  3.63853730e-14 
 6.59927614e-08  6.59927614e-08  1.20000000e+00  7.12286673e-08  1.06362991e-10  3.63853741e-14 
 6.60027614e-08  6.60027614e-08  1.20000000e+00  7.12286673e-08  1.06362991e-10  3.63853752e-14 
 6.60127614e-08  6.60127614e-08  1.20000000e+00  7.12286673e-08  1.06362991e-10  3.63853762e-14 
 6.60227614e-08  6.60227614e-08  1.20000000e+00  7.12286673e-08  1.06362991e-10  3.63853773e-14 
 6.60327614e-08  6.60327614e-08  1.20000000e+00  7.12286673e-08  1.06362991e-10  3.63853784e-14 
 6.60427614e-08  6.60427614e-08  1.20000000e+00  7.12286673e-08  1.06362991e-10  3.63853794e-14 
 6.60527614e-08  6.60527614e-08  1.20000000e+00  7.12286673e-08  1.06362991e-10  3.63853805e-14 
 6.60627614e-08  6.60627614e-08  1.20000000e+00  7.12286673e-08  1.06362991e-10  3.63853815e-14 
 6.60727614e-08  6.60727614e-08  1.20000000e+00  7.12286673e-08  1.06362991e-10  3.63853826e-14 
 6.60827614e-08  6.60827614e-08  1.20000000e+00  7.12286673e-08  1.06362991e-10  3.63853837e-14 
 6.60927614e-08  6.60927614e-08  1.20000000e+00  7.12286673e-08  1.06362991e-10  3.63853847e-14 
 6.61027614e-08  6.61027614e-08  1.20000000e+00  7.12286673e-08  1.06362991e-10  3.63853858e-14 
 6.61127614e-08  6.61127614e-08  1.20000000e+00  7.12286673e-08  1.06362991e-10  3.63853869e-14 
 6.61227614e-08  6.61227614e-08  1.20000000e+00  7.12286673e-08  1.06362991e-10  3.63853879e-14 
 6.61327614e-08  6.61327614e-08  1.20000000e+00  7.12286673e-08  1.06362991e-10  3.63853890e-14 
 6.61427614e-08  6.61427614e-08  1.20000000e+00  7.12286673e-08  1.06362991e-10  3.63853901e-14 
 6.61527614e-08  6.61527614e-08  1.20000000e+00  7.12286673e-08  1.06362991e-10  3.63853911e-14 
 6.61627614e-08  6.61627614e-08  1.20000000e+00  7.12286673e-08  1.06362991e-10  3.63853922e-14 
 6.61727614e-08  6.61727614e-08  1.20000000e+00  7.12286673e-08  1.06362991e-10  3.63853932e-14 
 6.61827614e-08  6.61827614e-08  1.20000000e+00  7.12286673e-08  1.06362991e-10  3.63853943e-14 
 6.61927614e-08  6.61927614e-08  1.20000000e+00  7.12286673e-08  1.06362991e-10  3.63853954e-14 
 6.62027614e-08  6.62027614e-08  1.20000000e+00  7.12286673e-08  1.06362991e-10  3.63853964e-14 
 6.62127614e-08  6.62127614e-08  1.20000000e+00  7.12286673e-08  1.06362991e-10  3.63853975e-14 
 6.62227614e-08  6.62227614e-08  1.20000000e+00  7.12286673e-08  1.06362991e-10  3.63853986e-14 
 6.62327614e-08  6.62327614e-08  1.20000000e+00  7.12286673e-08  1.06362991e-10  3.63853996e-14 
 6.62427614e-08  6.62427614e-08  1.20000000e+00  7.12286673e-08  1.06362991e-10  3.63854007e-14 
 6.62527614e-08  6.62527614e-08  1.20000000e+00  7.12286673e-08  1.06362991e-10  3.63854018e-14 
 6.62627614e-08  6.62627614e-08  1.20000000e+00  7.12286673e-08  1.06362991e-10  3.63854028e-14 
 6.62727614e-08  6.62727614e-08  1.20000000e+00  7.12286673e-08  1.06362991e-10  3.63854039e-14 
 6.62827614e-08  6.62827614e-08  1.20000000e+00  7.12286673e-08  1.06362991e-10  3.63854049e-14 
 6.62927614e-08  6.62927614e-08  1.20000000e+00  7.12286673e-08  1.06362991e-10  3.63854060e-14 
 6.63027614e-08  6.63027614e-08  1.20000000e+00  7.12286673e-08  1.06362991e-10  3.63854071e-14 
 6.63127614e-08  6.63127614e-08  1.20000000e+00  7.12286673e-08  1.06362991e-10  3.63854081e-14 
 6.63227614e-08  6.63227614e-08  1.20000000e+00  7.12286673e-08  1.06362991e-10  3.63854092e-14 
 6.63327614e-08  6.63327614e-08  1.20000000e+00  7.12286673e-08  1.06362991e-10  3.63854103e-14 
 6.63427614e-08  6.63427614e-08  1.20000000e+00  7.12286673e-08  1.06362991e-10  3.63854113e-14 
 6.63527614e-08  6.63527614e-08  1.20000000e+00  7.12286673e-08  1.06362991e-10  3.63854124e-14 
 6.63627614e-08  6.63627614e-08  1.20000000e+00  7.12286673e-08  1.06362991e-10  3.63854135e-14 
 6.63727614e-08  6.63727614e-08  1.20000000e+00  7.12286673e-08  1.06362991e-10  3.63854145e-14 
 6.63827614e-08  6.63827614e-08  1.20000000e+00  7.12286673e-08  1.06362991e-10  3.63854156e-14 
 6.63927614e-08  6.63927614e-08  1.20000000e+00  7.12286673e-08  1.06362991e-10  3.63854166e-14 
 6.64027614e-08  6.64027614e-08  1.20000000e+00  7.12286673e-08  1.06362991e-10  3.63854177e-14 
 6.64127614e-08  6.64127614e-08  1.20000000e+00  7.12286673e-08  1.06362991e-10  3.63854188e-14 
 6.64227614e-08  6.64227614e-08  1.20000000e+00  7.12286673e-08  1.06362991e-10  3.63854198e-14 
 6.64327614e-08  6.64327614e-08  1.20000000e+00  7.12286673e-08  1.06362991e-10  3.63854209e-14 
 6.64427614e-08  6.64427614e-08  1.20000000e+00  7.12286673e-08  1.06362991e-10  3.63854220e-14 
 6.64527614e-08  6.64527614e-08  1.20000000e+00  7.12286673e-08  1.06362991e-10  3.63854230e-14 
 6.64627614e-08  6.64627614e-08  1.20000000e+00  7.12286673e-08  1.06362991e-10  3.63854241e-14 
 6.64727614e-08  6.64727614e-08  1.20000000e+00  7.12286673e-08  1.06362991e-10  3.63854252e-14 
 6.64827614e-08  6.64827614e-08  1.20000000e+00  7.12286673e-08  1.06362991e-10  3.63854262e-14 
 6.64927614e-08  6.64927614e-08  1.20000000e+00  7.12286673e-08  1.06362991e-10  3.63854273e-14 
 6.65027614e-08  6.65027614e-08  1.20000000e+00  7.12286673e-08  1.06362991e-10  3.63854283e-14 
 6.65127614e-08  6.65127614e-08  1.20000000e+00  7.12286673e-08  1.06362991e-10  3.63854294e-14 
 6.65227614e-08  6.65227614e-08  1.20000000e+00  7.12286673e-08  1.06362991e-10  3.63854305e-14 
 6.65327614e-08  6.65327614e-08  1.20000000e+00  7.12286673e-08  1.06362991e-10  3.63854315e-14 
 6.65427614e-08  6.65427614e-08  1.20000000e+00  7.12286673e-08  1.06362991e-10  3.63854326e-14 
 6.65527614e-08  6.65527614e-08  1.20000000e+00  7.12286673e-08  1.06362991e-10  3.63854337e-14 
 6.65627614e-08  6.65627614e-08  1.20000000e+00  7.12286673e-08  1.06362991e-10  3.63854347e-14 
 6.65727614e-08  6.65727614e-08  1.20000000e+00  7.12286673e-08  1.06362991e-10  3.63854358e-14 
 6.65827614e-08  6.65827614e-08  1.20000000e+00  7.12286673e-08  1.06362991e-10  3.63854369e-14 
 6.65927614e-08  6.65927614e-08  1.20000000e+00  7.12286673e-08  1.06362991e-10  3.63854379e-14 
 6.66027614e-08  6.66027614e-08  1.20000000e+00  7.12286673e-08  1.06362991e-10  3.63854390e-14 
 6.66127614e-08  6.66127614e-08  1.20000000e+00  7.12286673e-08  1.06362991e-10  3.63854400e-14 
 6.66227614e-08  6.66227614e-08  1.20000000e+00  7.12286673e-08  1.06362991e-10  3.63854411e-14 
 6.66327614e-08  6.66327614e-08  1.20000000e+00  7.12286673e-08  1.06362991e-10  3.63854422e-14 
 6.66427614e-08  6.66427614e-08  1.20000000e+00  7.12286673e-08  1.06362991e-10  3.63854432e-14 
 6.66527614e-08  6.66527614e-08  1.20000000e+00  7.12286673e-08  1.06362991e-10  3.63854443e-14 
 6.66627614e-08  6.66627614e-08  1.20000000e+00  7.12286673e-08  1.06362991e-10  3.63854454e-14 
 6.66727614e-08  6.66727614e-08  1.20000000e+00  7.12286673e-08  1.06362991e-10  3.63854464e-14 
 6.66827614e-08  6.66827614e-08  1.20000000e+00  7.12286673e-08  1.06362991e-10  3.63854475e-14 
 6.66927614e-08  6.66927614e-08  1.20000000e+00  7.12286673e-08  1.06362991e-10  3.63854486e-14 
 6.67027614e-08  6.67027614e-08  1.20000000e+00  7.12286673e-08  1.06362991e-10  3.63854496e-14 
 6.67127614e-08  6.67127614e-08  1.20000000e+00  7.12286673e-08  1.06362991e-10  3.63854507e-14 
 6.67227614e-08  6.67227614e-08  1.20000000e+00  7.12286673e-08  1.06362991e-10  3.63854517e-14 
 6.67327614e-08  6.67327614e-08  1.20000000e+00  7.12286673e-08  1.06362991e-10  3.63854528e-14 
 6.67427614e-08  6.67427614e-08  1.20000000e+00  7.12286673e-08  1.06362991e-10  3.63854539e-14 
 6.67527614e-08  6.67527614e-08  1.20000000e+00  7.12286673e-08  1.06362991e-10  3.63854549e-14 
 6.67627614e-08  6.67627614e-08  1.20000000e+00  7.12286673e-08  1.06362991e-10  3.63854560e-14 
 6.67727614e-08  6.67727614e-08  1.20000000e+00  7.12286673e-08  1.06362991e-10  3.63854571e-14 
 6.67827614e-08  6.67827614e-08  1.20000000e+00  7.12286673e-08  1.06362991e-10  3.63854581e-14 
 6.67927614e-08  6.67927614e-08  1.20000000e+00  7.12286673e-08  1.06362991e-10  3.63854592e-14 
 6.68027614e-08  6.68027614e-08  1.20000000e+00  7.12286673e-08  1.06362991e-10  3.63854603e-14 
 6.68127614e-08  6.68127614e-08  1.20000000e+00  7.12286673e-08  1.06362991e-10  3.63854613e-14 
 6.68227614e-08  6.68227614e-08  1.20000000e+00  7.12286673e-08  1.06362991e-10  3.63854624e-14 
 6.68327614e-08  6.68327614e-08  1.20000000e+00  7.12286673e-08  1.06362991e-10  3.63854634e-14 
 6.68427614e-08  6.68427614e-08  1.20000000e+00  7.12286673e-08  1.06362991e-10  3.63854645e-14 
 6.68527614e-08  6.68527614e-08  1.20000000e+00  7.12286673e-08  1.06362991e-10  3.63854656e-14 
 6.68627614e-08  6.68627614e-08  1.20000000e+00  7.12286673e-08  1.06362991e-10  3.63854666e-14 
 6.68727614e-08  6.68727614e-08  1.20000000e+00  7.12286673e-08  1.06362991e-10  3.63854677e-14 
 6.68827614e-08  6.68827614e-08  1.20000000e+00  7.12286673e-08  1.06362991e-10  3.63854688e-14 
 6.68927614e-08  6.68927614e-08  1.20000000e+00  7.12286673e-08  1.06362991e-10  3.63854698e-14 
 6.69027614e-08  6.69027614e-08  1.20000000e+00  7.12286673e-08  1.06362991e-10  3.63854709e-14 
 6.69127614e-08  6.69127614e-08  1.20000000e+00  7.12286673e-08  1.06362991e-10  3.63854720e-14 
 6.69227614e-08  6.69227614e-08  1.20000000e+00  7.12286673e-08  1.06362991e-10  3.63854730e-14 
 6.69327614e-08  6.69327614e-08  1.20000000e+00  7.12286673e-08  1.06362991e-10  3.63854741e-14 
 6.69427614e-08  6.69427614e-08  1.20000000e+00  7.12286673e-08  1.06362991e-10  3.63854751e-14 
 6.69527614e-08  6.69527614e-08  1.20000000e+00  7.12286673e-08  1.06362991e-10  3.63854762e-14 
 6.69627614e-08  6.69627614e-08  1.20000000e+00  7.12286673e-08  1.06362991e-10  3.63854773e-14 
 6.69727614e-08  6.69727614e-08  1.20000000e+00  7.12286673e-08  1.06362991e-10  3.63854783e-14 
 6.69827614e-08  6.69827614e-08  1.20000000e+00  7.12286673e-08  1.06362991e-10  3.63854794e-14 
 6.69927614e-08  6.69927614e-08  1.20000000e+00  7.12286673e-08  1.06362991e-10  3.63854805e-14 
 6.70027614e-08  6.70027614e-08  1.20000000e+00  7.12286673e-08  1.06362991e-10  3.63854815e-14 
 6.70127614e-08  6.70127614e-08  1.20000000e+00  7.12286673e-08  1.06362991e-10  3.63854826e-14 
 6.70227614e-08  6.70227614e-08  1.20000000e+00  7.12286673e-08  1.06362991e-10  3.63854837e-14 
 6.70327614e-08  6.70327614e-08  1.20000000e+00  7.12286673e-08  1.06362991e-10  3.63854847e-14 
 6.70427614e-08  6.70427614e-08  1.20000000e+00  7.12286673e-08  1.06362991e-10  3.63854858e-14 
 6.70527614e-08  6.70527614e-08  1.20000000e+00  7.12286673e-08  1.06362991e-10  3.63854868e-14 
 6.70627614e-08  6.70627614e-08  1.20000000e+00  7.12286673e-08  1.06362991e-10  3.63854879e-14 
 6.70727614e-08  6.70727614e-08  1.20000000e+00  7.12286673e-08  1.06362991e-10  3.63854890e-14 
 6.70827614e-08  6.70827614e-08  1.20000000e+00  7.12286673e-08  1.06362991e-10  3.63854900e-14 
 6.70927614e-08  6.70927614e-08  1.20000000e+00  7.12286673e-08  1.06362991e-10  3.63854911e-14 
 6.71027614e-08  6.71027614e-08  1.20000000e+00  7.12286673e-08  1.06362991e-10  3.63854922e-14 
 6.71127614e-08  6.71127614e-08  1.20000000e+00  7.12286673e-08  1.06362991e-10  3.63854932e-14 
 6.71227614e-08  6.71227614e-08  1.20000000e+00  7.12286673e-08  1.06362991e-10  3.63854943e-14 
 6.71327614e-08  6.71327614e-08  1.20000000e+00  7.12286673e-08  1.06362991e-10  3.63854954e-14 
 6.71427614e-08  6.71427614e-08  1.20000000e+00  7.12286673e-08  1.06362991e-10  3.63854964e-14 
 6.71527614e-08  6.71527614e-08  1.20000000e+00  7.12286673e-08  1.06362991e-10  3.63854975e-14 
 6.71627614e-08  6.71627614e-08  1.20000000e+00  7.12286673e-08  1.06362991e-10  3.63854985e-14 
 6.71727614e-08  6.71727614e-08  1.20000000e+00  7.12286673e-08  1.06362991e-10  3.63854996e-14 
 6.71827614e-08  6.71827614e-08  1.20000000e+00  7.12286673e-08  1.06362991e-10  3.63855007e-14 
 6.71927614e-08  6.71927614e-08  1.20000000e+00  7.12286673e-08  1.06362991e-10  3.63855017e-14 
 6.72027614e-08  6.72027614e-08  1.20000000e+00  7.12286673e-08  1.06362991e-10  3.63855028e-14 
 6.72127614e-08  6.72127614e-08  1.20000000e+00  7.12286673e-08  1.06362991e-10  3.63855039e-14 
 6.72227614e-08  6.72227614e-08  1.20000000e+00  7.12286673e-08  1.06362991e-10  3.63855049e-14 
 6.72327614e-08  6.72327614e-08  1.20000000e+00  7.12286673e-08  1.06362991e-10  3.63855060e-14 
 6.72427614e-08  6.72427614e-08  1.20000000e+00  7.12286673e-08  1.06362991e-10  3.63855071e-14 
 6.72527614e-08  6.72527614e-08  1.20000000e+00  7.12286673e-08  1.06362991e-10  3.63855081e-14 
 6.72627614e-08  6.72627614e-08  1.20000000e+00  7.12286673e-08  1.06362991e-10  3.63855092e-14 
 6.72727614e-08  6.72727614e-08  1.20000000e+00  7.12286673e-08  1.06362991e-10  3.63855102e-14 
 6.72827614e-08  6.72827614e-08  1.20000000e+00  7.12286673e-08  1.06362991e-10  3.63855113e-14 
 6.72927614e-08  6.72927614e-08  1.20000000e+00  7.12286673e-08  1.06362991e-10  3.63855124e-14 
 6.73027614e-08  6.73027614e-08  1.20000000e+00  7.12286673e-08  1.06362991e-10  3.63855134e-14 
 6.73127614e-08  6.73127614e-08  1.20000000e+00  7.12286673e-08  1.06362991e-10  3.63855145e-14 
 6.73227614e-08  6.73227614e-08  1.20000000e+00  7.12286673e-08  1.06362991e-10  3.63855156e-14 
 6.73327614e-08  6.73327614e-08  1.20000000e+00  7.12286673e-08  1.06362991e-10  3.63855166e-14 
 6.73427614e-08  6.73427614e-08  1.20000000e+00  7.12286673e-08  1.06362991e-10  3.63855177e-14 
 6.73527614e-08  6.73527614e-08  1.20000000e+00  7.12286673e-08  1.06362991e-10  3.63855188e-14 
 6.73627614e-08  6.73627614e-08  1.20000000e+00  7.12286673e-08  1.06362991e-10  3.63855198e-14 
 6.73727614e-08  6.73727614e-08  1.20000000e+00  7.12286673e-08  1.06362991e-10  3.63855209e-14 
 6.73827614e-08  6.73827614e-08  1.20000000e+00  7.12286673e-08  1.06362991e-10  3.63855219e-14 
 6.73927614e-08  6.73927614e-08  1.20000000e+00  7.12286673e-08  1.06362991e-10  3.63855230e-14 
 6.74027614e-08  6.74027614e-08  1.20000000e+00  7.12286673e-08  1.06362991e-10  3.63855241e-14 
 6.74127614e-08  6.74127614e-08  1.20000000e+00  7.12286673e-08  1.06362991e-10  3.63855251e-14 
 6.74227614e-08  6.74227614e-08  1.20000000e+00  7.12286673e-08  1.06362991e-10  3.63855262e-14 
 6.74327614e-08  6.74327614e-08  1.20000000e+00  7.12286673e-08  1.06362991e-10  3.63855273e-14 
 6.74427614e-08  6.74427614e-08  1.20000000e+00  7.12286673e-08  1.06362991e-10  3.63855283e-14 
 6.74527614e-08  6.74527614e-08  1.20000000e+00  7.12286673e-08  1.06362991e-10  3.63855294e-14 
 6.74627614e-08  6.74627614e-08  1.20000000e+00  7.12286673e-08  1.06362991e-10  3.63855305e-14 
 6.74727614e-08  6.74727614e-08  1.20000000e+00  7.12286673e-08  1.06362991e-10  3.63855315e-14 
 6.74827614e-08  6.74827614e-08  1.20000000e+00  7.12286673e-08  1.06362991e-10  3.63855326e-14 
 6.74927614e-08  6.74927614e-08  1.20000000e+00  7.12286673e-08  1.06362991e-10  3.63855336e-14 
 6.75027614e-08  6.75027614e-08  1.20000000e+00  7.12286673e-08  1.06362991e-10  3.63855347e-14 
 6.75127614e-08  6.75127614e-08  1.20000000e+00  7.12286673e-08  1.06362991e-10  3.63855358e-14 
 6.75227614e-08  6.75227614e-08  1.20000000e+00  7.12286673e-08  1.06362991e-10  3.63855368e-14 
 6.75327614e-08  6.75327614e-08  1.20000000e+00  7.12286673e-08  1.06362991e-10  3.63855379e-14 
 6.75427614e-08  6.75427614e-08  1.20000000e+00  7.12286673e-08  1.06362991e-10  3.63855390e-14 
 6.75527614e-08  6.75527614e-08  1.20000000e+00  7.12286673e-08  1.06362991e-10  3.63855400e-14 
 6.75627614e-08  6.75627614e-08  1.20000000e+00  7.12286673e-08  1.06362991e-10  3.63855411e-14 
 6.75727614e-08  6.75727614e-08  1.20000000e+00  7.12286673e-08  1.06362991e-10  3.63855422e-14 
 6.75827614e-08  6.75827614e-08  1.20000000e+00  7.12286673e-08  1.06362991e-10  3.63855432e-14 
 6.75927614e-08  6.75927614e-08  1.20000000e+00  7.12286673e-08  1.06362991e-10  3.63855443e-14 
 6.76027614e-08  6.76027614e-08  1.20000000e+00  7.12286673e-08  1.06362991e-10  3.63855453e-14 
 6.76127614e-08  6.76127614e-08  1.20000000e+00  7.12286673e-08  1.06362991e-10  3.63855464e-14 
 6.76227614e-08  6.76227614e-08  1.20000000e+00  7.12286673e-08  1.06362991e-10  3.63855475e-14 
 6.76327614e-08  6.76327614e-08  1.20000000e+00  7.12286673e-08  1.06362991e-10  3.63855485e-14 
 6.76427614e-08  6.76427614e-08  1.20000000e+00  7.12286673e-08  1.06362991e-10  3.63855496e-14 
 6.76527614e-08  6.76527614e-08  1.20000000e+00  7.12286673e-08  1.06362991e-10  3.63855507e-14 
 6.76627614e-08  6.76627614e-08  1.20000000e+00  7.12286673e-08  1.06362991e-10  3.63855517e-14 
 6.76727614e-08  6.76727614e-08  1.20000000e+00  7.12286673e-08  1.06362991e-10  3.63855528e-14 
 6.76827614e-08  6.76827614e-08  1.20000000e+00  7.12286673e-08  1.06362991e-10  3.63855539e-14 
 6.76927614e-08  6.76927614e-08  1.20000000e+00  7.12286673e-08  1.06362991e-10  3.63855549e-14 
 6.77027614e-08  6.77027614e-08  1.20000000e+00  7.12286673e-08  1.06362991e-10  3.63855560e-14 
 6.77127614e-08  6.77127614e-08  1.20000000e+00  7.12286673e-08  1.06362991e-10  3.63855570e-14 
 6.77227614e-08  6.77227614e-08  1.20000000e+00  7.12286673e-08  1.06362991e-10  3.63855581e-14 
 6.77327614e-08  6.77327614e-08  1.20000000e+00  7.12286673e-08  1.06362991e-10  3.63855592e-14 
 6.77427614e-08  6.77427614e-08  1.20000000e+00  7.12286673e-08  1.06362991e-10  3.63855602e-14 
 6.77527614e-08  6.77527614e-08  1.20000000e+00  7.12286673e-08  1.06362991e-10  3.63855613e-14 
 6.77627614e-08  6.77627614e-08  1.20000000e+00  7.12286673e-08  1.06362991e-10  3.63855624e-14 
 6.77727614e-08  6.77727614e-08  1.20000000e+00  7.12286673e-08  1.06362991e-10  3.63855634e-14 
 6.77827614e-08  6.77827614e-08  1.20000000e+00  7.12286673e-08  1.06362991e-10  3.63855645e-14 
 6.77927614e-08  6.77927614e-08  1.20000000e+00  7.12286673e-08  1.06362991e-10  3.63855656e-14 
 6.78027614e-08  6.78027614e-08  1.20000000e+00  7.12286673e-08  1.06362991e-10  3.63855666e-14 
 6.78127614e-08  6.78127614e-08  1.20000000e+00  7.12286673e-08  1.06362991e-10  3.63855677e-14 
 6.78227614e-08  6.78227614e-08  1.20000000e+00  7.12286673e-08  1.06362991e-10  3.63855687e-14 
 6.78327614e-08  6.78327614e-08  1.20000000e+00  7.12286673e-08  1.06362991e-10  3.63855698e-14 
 6.78427614e-08  6.78427614e-08  1.20000000e+00  7.12286673e-08  1.06362991e-10  3.63855709e-14 
 6.78527614e-08  6.78527614e-08  1.20000000e+00  7.12286673e-08  1.06362991e-10  3.63855719e-14 
 6.78627614e-08  6.78627614e-08  1.20000000e+00  7.12286673e-08  1.06362991e-10  3.63855730e-14 
 6.78727614e-08  6.78727614e-08  1.20000000e+00  7.12286673e-08  1.06362991e-10  3.63855741e-14 
 6.78827614e-08  6.78827614e-08  1.20000000e+00  7.12286673e-08  1.06362991e-10  3.63855751e-14 
 6.78927614e-08  6.78927614e-08  1.20000000e+00  7.12286673e-08  1.06362991e-10  3.63855762e-14 
 6.79027614e-08  6.79027614e-08  1.20000000e+00  7.12286673e-08  1.06362991e-10  3.63855773e-14 
 6.79127614e-08  6.79127614e-08  1.20000000e+00  7.12286673e-08  1.06362991e-10  3.63855783e-14 
 6.79227614e-08  6.79227614e-08  1.20000000e+00  7.12286673e-08  1.06362991e-10  3.63855794e-14 
 6.79327614e-08  6.79327614e-08  1.20000000e+00  7.12286673e-08  1.06362991e-10  3.63855804e-14 
 6.79427614e-08  6.79427614e-08  1.20000000e+00  7.12286673e-08  1.06362991e-10  3.63855815e-14 
 6.79527614e-08  6.79527614e-08  1.20000000e+00  7.12286673e-08  1.06362991e-10  3.63855826e-14 
 6.79627614e-08  6.79627614e-08  1.20000000e+00  7.12286673e-08  1.06362991e-10  3.63855836e-14 
 6.79727614e-08  6.79727614e-08  1.20000000e+00  7.12286673e-08  1.06362991e-10  3.63855847e-14 
 6.79827614e-08  6.79827614e-08  1.20000000e+00  7.12286673e-08  1.06362991e-10  3.63855858e-14 
 6.79927614e-08  6.79927614e-08  1.20000000e+00  7.12286673e-08  1.06362991e-10  3.63855868e-14 
 6.80027614e-08  6.80027614e-08  1.20000000e+00  7.12286673e-08  1.06362991e-10  3.63855879e-14 
 6.80127614e-08  6.80127614e-08  1.20000000e+00  7.12286673e-08  1.06362991e-10  3.63855890e-14 
 6.80227614e-08  6.80227614e-08  1.20000000e+00  7.12286673e-08  1.06362991e-10  3.63855900e-14 
 6.80327614e-08  6.80327614e-08  1.20000000e+00  7.12286673e-08  1.06362991e-10  3.63855911e-14 
 6.80427614e-08  6.80427614e-08  1.20000000e+00  7.12286673e-08  1.06362991e-10  3.63855921e-14 
 6.80527614e-08  6.80527614e-08  1.20000000e+00  7.12286673e-08  1.06362991e-10  3.63855932e-14 
 6.80627614e-08  6.80627614e-08  1.20000000e+00  7.12286673e-08  1.06362991e-10  3.63855943e-14 
 6.80727614e-08  6.80727614e-08  1.20000000e+00  7.12286673e-08  1.06362991e-10  3.63855953e-14 
 6.80827614e-08  6.80827614e-08  1.20000000e+00  7.12286673e-08  1.06362991e-10  3.63855964e-14 
 6.80927614e-08  6.80927614e-08  1.20000000e+00  7.12286673e-08  1.06362991e-10  3.63855975e-14 
 6.81027614e-08  6.81027614e-08  1.20000000e+00  7.12286673e-08  1.06362991e-10  3.63855985e-14 
 6.81127614e-08  6.81127614e-08  1.20000000e+00  7.12286673e-08  1.06362991e-10  3.63855996e-14 
 6.81227614e-08  6.81227614e-08  1.20000000e+00  7.12286673e-08  1.06362991e-10  3.63856007e-14 
 6.81327614e-08  6.81327614e-08  1.20000000e+00  7.12286673e-08  1.06362991e-10  3.63856017e-14 
 6.81427614e-08  6.81427614e-08  1.20000000e+00  7.12286673e-08  1.06362991e-10  3.63856028e-14 
 6.81527614e-08  6.81527614e-08  1.20000000e+00  7.12286673e-08  1.06362991e-10  3.63856038e-14 
 6.81627614e-08  6.81627614e-08  1.20000000e+00  7.12286673e-08  1.06362991e-10  3.63856049e-14 
 6.81727614e-08  6.81727614e-08  1.20000000e+00  7.12286673e-08  1.06362991e-10  3.63856060e-14 
 6.81827614e-08  6.81827614e-08  1.20000000e+00  7.12286673e-08  1.06362991e-10  3.63856070e-14 
 6.81927614e-08  6.81927614e-08  1.20000000e+00  7.12286673e-08  1.06362991e-10  3.63856081e-14 
 6.82027614e-08  6.82027614e-08  1.20000000e+00  7.12286673e-08  1.06362991e-10  3.63856092e-14 
 6.82127614e-08  6.82127614e-08  1.20000000e+00  7.12286673e-08  1.06362991e-10  3.63856102e-14 
 6.82227614e-08  6.82227614e-08  1.20000000e+00  7.12286673e-08  1.06362991e-10  3.63856113e-14 
 6.82327614e-08  6.82327614e-08  1.20000000e+00  7.12286673e-08  1.06362991e-10  3.63856124e-14 
 6.82427614e-08  6.82427614e-08  1.20000000e+00  7.12286673e-08  1.06362991e-10  3.63856134e-14 
 6.82527614e-08  6.82527614e-08  1.20000000e+00  7.12286673e-08  1.06362991e-10  3.63856145e-14 
 6.82627614e-08  6.82627614e-08  1.20000000e+00  7.12286673e-08  1.06362991e-10  3.63856155e-14 
 6.82727614e-08  6.82727614e-08  1.20000000e+00  7.12286673e-08  1.06362991e-10  3.63856166e-14 
 6.82827614e-08  6.82827614e-08  1.20000000e+00  7.12286673e-08  1.06362991e-10  3.63856177e-14 
 6.82927614e-08  6.82927614e-08  1.20000000e+00  7.12286673e-08  1.06362991e-10  3.63856187e-14 
 6.83027614e-08  6.83027614e-08  1.20000000e+00  7.12286673e-08  1.06362991e-10  3.63856198e-14 
 6.83127614e-08  6.83127614e-08  1.20000000e+00  7.12286673e-08  1.06362991e-10  3.63856209e-14 
 6.83227614e-08  6.83227614e-08  1.20000000e+00  7.12286673e-08  1.06362991e-10  3.63856219e-14 
 6.83327614e-08  6.83327614e-08  1.20000000e+00  7.12286673e-08  1.06362991e-10  3.63856230e-14 
 6.83427614e-08  6.83427614e-08  1.20000000e+00  7.12286673e-08  1.06362991e-10  3.63856241e-14 
 6.83527614e-08  6.83527614e-08  1.20000000e+00  7.12286673e-08  1.06362991e-10  3.63856251e-14 
 6.83627614e-08  6.83627614e-08  1.20000000e+00  7.12286673e-08  1.06362991e-10  3.63856262e-14 
 6.83727614e-08  6.83727614e-08  1.20000000e+00  7.12286673e-08  1.06362991e-10  3.63856272e-14 
 6.83827614e-08  6.83827614e-08  1.20000000e+00  7.12286673e-08  1.06362991e-10  3.63856283e-14 
 6.83927614e-08  6.83927614e-08  1.20000000e+00  7.12286673e-08  1.06362991e-10  3.63856294e-14 
 6.84027614e-08  6.84027614e-08  1.20000000e+00  7.12286673e-08  1.06362991e-10  3.63856304e-14 
 6.84127614e-08  6.84127614e-08  1.20000000e+00  7.12286673e-08  1.06362991e-10  3.63856315e-14 
 6.84227614e-08  6.84227614e-08  1.20000000e+00  7.12286673e-08  1.06362991e-10  3.63856326e-14 
 6.84327614e-08  6.84327614e-08  1.20000000e+00  7.12286673e-08  1.06362991e-10  3.63856336e-14 
 6.84427614e-08  6.84427614e-08  1.20000000e+00  7.12286673e-08  1.06362991e-10  3.63856347e-14 
 6.84527614e-08  6.84527614e-08  1.20000000e+00  7.12286673e-08  1.06362991e-10  3.63856358e-14 
 6.84627614e-08  6.84627614e-08  1.20000000e+00  7.12286673e-08  1.06362991e-10  3.63856368e-14 
 6.84727614e-08  6.84727614e-08  1.20000000e+00  7.12286673e-08  1.06362991e-10  3.63856379e-14 
 6.84827614e-08  6.84827614e-08  1.20000000e+00  7.12286673e-08  1.06362991e-10  3.63856389e-14 
 6.84927614e-08  6.84927614e-08  1.20000000e+00  7.12286673e-08  1.06362991e-10  3.63856400e-14 
 6.85027614e-08  6.85027614e-08  1.20000000e+00  7.12286673e-08  1.06362991e-10  3.63856411e-14 
 6.85127614e-08  6.85127614e-08  1.20000000e+00  7.12286673e-08  1.06362991e-10  3.63856421e-14 
 6.85227614e-08  6.85227614e-08  1.20000000e+00  7.12286673e-08  1.06362991e-10  3.63856432e-14 
 6.85327614e-08  6.85327614e-08  1.20000000e+00  7.12286673e-08  1.06362991e-10  3.63856443e-14 
 6.85427614e-08  6.85427614e-08  1.20000000e+00  7.12286673e-08  1.06362991e-10  3.63856453e-14 
 6.85527614e-08  6.85527614e-08  1.20000000e+00  7.12286673e-08  1.06362991e-10  3.63856464e-14 
 6.85627614e-08  6.85627614e-08  1.20000000e+00  7.12286673e-08  1.06362991e-10  3.63856475e-14 
 6.85727614e-08  6.85727614e-08  1.20000000e+00  7.12286673e-08  1.06362991e-10  3.63856485e-14 
 6.85827614e-08  6.85827614e-08  1.20000000e+00  7.12286673e-08  1.06362991e-10  3.63856496e-14 
 6.85927614e-08  6.85927614e-08  1.20000000e+00  7.12286673e-08  1.06362991e-10  3.63856506e-14 
 6.86027614e-08  6.86027614e-08  1.20000000e+00  7.12286673e-08  1.06362991e-10  3.63856517e-14 
 6.86127614e-08  6.86127614e-08  1.20000000e+00  7.12286673e-08  1.06362991e-10  3.63856528e-14 
 6.86227614e-08  6.86227614e-08  1.20000000e+00  7.12286673e-08  1.06362991e-10  3.63856538e-14 
 6.86327614e-08  6.86327614e-08  1.20000000e+00  7.12286673e-08  1.06362991e-10  3.63856549e-14 
 6.86427614e-08  6.86427614e-08  1.20000000e+00  7.12286673e-08  1.06362991e-10  3.63856560e-14 
 6.86527614e-08  6.86527614e-08  1.20000000e+00  7.12286673e-08  1.06362991e-10  3.63856570e-14 
 6.86627614e-08  6.86627614e-08  1.20000000e+00  7.12286673e-08  1.06362991e-10  3.63856581e-14 
 6.86727614e-08  6.86727614e-08  1.20000000e+00  7.12286673e-08  1.06362991e-10  3.63856592e-14 
 6.86827614e-08  6.86827614e-08  1.20000000e+00  7.12286673e-08  1.06362991e-10  3.63856602e-14 
 6.86927614e-08  6.86927614e-08  1.20000000e+00  7.12286673e-08  1.06362991e-10  3.63856613e-14 
 6.87027614e-08  6.87027614e-08  1.20000000e+00  7.12286673e-08  1.06362991e-10  3.63856623e-14 
 6.87127614e-08  6.87127614e-08  1.20000000e+00  7.12286673e-08  1.06362991e-10  3.63856634e-14 
 6.87227614e-08  6.87227614e-08  1.20000000e+00  7.12286673e-08  1.06362991e-10  3.63856645e-14 
 6.87327614e-08  6.87327614e-08  1.20000000e+00  7.12286673e-08  1.06362991e-10  3.63856655e-14 
 6.87427614e-08  6.87427614e-08  1.20000000e+00  7.12286673e-08  1.06362991e-10  3.63856666e-14 
 6.87527614e-08  6.87527614e-08  1.20000000e+00  7.12286673e-08  1.06362991e-10  3.63856677e-14 
 6.87627614e-08  6.87627614e-08  1.20000000e+00  7.12286673e-08  1.06362991e-10  3.63856687e-14 
 6.87727614e-08  6.87727614e-08  1.20000000e+00  7.12286673e-08  1.06362991e-10  3.63856698e-14 
 6.87827614e-08  6.87827614e-08  1.20000000e+00  7.12286673e-08  1.06362991e-10  3.63856709e-14 
 6.87927614e-08  6.87927614e-08  1.20000000e+00  7.12286673e-08  1.06362991e-10  3.63856719e-14 
 6.88027614e-08  6.88027614e-08  1.20000000e+00  7.12286673e-08  1.06362991e-10  3.63856730e-14 
 6.88127614e-08  6.88127614e-08  1.20000000e+00  7.12286673e-08  1.06362991e-10  3.63856740e-14 
 6.88227614e-08  6.88227614e-08  1.20000000e+00  7.12286673e-08  1.06362991e-10  3.63856751e-14 
 6.88327614e-08  6.88327614e-08  1.20000000e+00  7.12286673e-08  1.06362991e-10  3.63856762e-14 
 6.88427614e-08  6.88427614e-08  1.20000000e+00  7.12286673e-08  1.06362991e-10  3.63856772e-14 
 6.88527614e-08  6.88527614e-08  1.20000000e+00  7.12286673e-08  1.06362991e-10  3.63856783e-14 
 6.88627614e-08  6.88627614e-08  1.20000000e+00  7.12286673e-08  1.06362991e-10  3.63856794e-14 
 6.88727614e-08  6.88727614e-08  1.20000000e+00  7.12286673e-08  1.06362991e-10  3.63856804e-14 
 6.88827614e-08  6.88827614e-08  1.20000000e+00  7.12286673e-08  1.06362991e-10  3.63856815e-14 
 6.88927614e-08  6.88927614e-08  1.20000000e+00  7.12286673e-08  1.06362991e-10  3.63856826e-14 
 6.89027614e-08  6.89027614e-08  1.20000000e+00  7.12286673e-08  1.06362991e-10  3.63856836e-14 
 6.89127614e-08  6.89127614e-08  1.20000000e+00  7.12286673e-08  1.06362991e-10  3.63856847e-14 
 6.89227614e-08  6.89227614e-08  1.20000000e+00  7.12286673e-08  1.06362991e-10  3.63856857e-14 
 6.89327614e-08  6.89327614e-08  1.20000000e+00  7.12286673e-08  1.06362991e-10  3.63856868e-14 
 6.89427614e-08  6.89427614e-08  1.20000000e+00  7.12286673e-08  1.06362991e-10  3.63856879e-14 
 6.89527614e-08  6.89527614e-08  1.20000000e+00  7.12286673e-08  1.06362991e-10  3.63856889e-14 
 6.89627614e-08  6.89627614e-08  1.20000000e+00  7.12286673e-08  1.06362991e-10  3.63856900e-14 
 6.89727614e-08  6.89727614e-08  1.20000000e+00  7.12286673e-08  1.06362991e-10  3.63856911e-14 
 6.89827614e-08  6.89827614e-08  1.20000000e+00  7.12286673e-08  1.06362991e-10  3.63856921e-14 
 6.89927614e-08  6.89927614e-08  1.20000000e+00  7.12286673e-08  1.06362991e-10  3.63856932e-14 
 6.90027614e-08  6.90027614e-08  1.20000000e+00  7.12286673e-08  1.06362991e-10  3.63856943e-14 
 6.90127614e-08  6.90127614e-08  1.20000000e+00  7.12286673e-08  1.06362991e-10  3.63856953e-14 
 6.90227614e-08  6.90227614e-08  1.20000000e+00  7.12286673e-08  1.06362991e-10  3.63856964e-14 
 6.90327614e-08  6.90327614e-08  1.20000000e+00  7.12286673e-08  1.06362991e-10  3.63856974e-14 
 6.90427614e-08  6.90427614e-08  1.20000000e+00  7.12286673e-08  1.06362991e-10  3.63856985e-14 
 6.90527614e-08  6.90527614e-08  1.20000000e+00  7.12286673e-08  1.06362991e-10  3.63856996e-14 
 6.90627614e-08  6.90627614e-08  1.20000000e+00  7.12286673e-08  1.06362991e-10  3.63857006e-14 
 6.90727614e-08  6.90727614e-08  1.20000000e+00  7.12286673e-08  1.06362991e-10  3.63857017e-14 
 6.90827614e-08  6.90827614e-08  1.20000000e+00  7.12286673e-08  1.06362991e-10  3.63857028e-14 
 6.90927614e-08  6.90927614e-08  1.20000000e+00  7.12286673e-08  1.06362991e-10  3.63857038e-14 
 6.91027614e-08  6.91027614e-08  1.20000000e+00  7.12286673e-08  1.06362991e-10  3.63857049e-14 
 6.91127614e-08  6.91127614e-08  1.20000000e+00  7.12286673e-08  1.06362991e-10  3.63857060e-14 
 6.91227614e-08  6.91227614e-08  1.20000000e+00  7.12286673e-08  1.06362991e-10  3.63857070e-14 
 6.91327614e-08  6.91327614e-08  1.20000000e+00  7.12286673e-08  1.06362991e-10  3.63857081e-14 
 6.91427614e-08  6.91427614e-08  1.20000000e+00  7.12286673e-08  1.06362991e-10  3.63857091e-14 
 6.91527614e-08  6.91527614e-08  1.20000000e+00  7.12286673e-08  1.06362991e-10  3.63857102e-14 
 6.91627614e-08  6.91627614e-08  1.20000000e+00  7.12286673e-08  1.06362991e-10  3.63857113e-14 
 6.91727614e-08  6.91727614e-08  1.20000000e+00  7.12286673e-08  1.06362991e-10  3.63857123e-14 
 6.91827614e-08  6.91827614e-08  1.20000000e+00  7.12286673e-08  1.06362991e-10  3.63857134e-14 
 6.91927614e-08  6.91927614e-08  1.20000000e+00  7.12286673e-08  1.06362991e-10  3.63857145e-14 
 6.92027614e-08  6.92027614e-08  1.20000000e+00  7.12286673e-08  1.06362991e-10  3.63857155e-14 
 6.92127614e-08  6.92127614e-08  1.20000000e+00  7.12286673e-08  1.06362991e-10  3.63857166e-14 
 6.92227614e-08  6.92227614e-08  1.20000000e+00  7.12286673e-08  1.06362991e-10  3.63857177e-14 
 6.92327614e-08  6.92327614e-08  1.20000000e+00  7.12286673e-08  1.06362991e-10  3.63857187e-14 
 6.92427614e-08  6.92427614e-08  1.20000000e+00  7.12286673e-08  1.06362991e-10  3.63857198e-14 
 6.92527614e-08  6.92527614e-08  1.20000000e+00  7.12286673e-08  1.06362991e-10  3.63857208e-14 
 6.92627614e-08  6.92627614e-08  1.20000000e+00  7.12286673e-08  1.06362991e-10  3.63857219e-14 
 6.92727614e-08  6.92727614e-08  1.20000000e+00  7.12286673e-08  1.06362991e-10  3.63857230e-14 
 6.92827614e-08  6.92827614e-08  1.20000000e+00  7.12286673e-08  1.06362991e-10  3.63857240e-14 
 6.92927614e-08  6.92927614e-08  1.20000000e+00  7.12286673e-08  1.06362991e-10  3.63857251e-14 
 6.93027614e-08  6.93027614e-08  1.20000000e+00  7.12286673e-08  1.06362991e-10  3.63857262e-14 
 6.93127614e-08  6.93127614e-08  1.20000000e+00  7.12286673e-08  1.06362991e-10  3.63857272e-14 
 6.93227614e-08  6.93227614e-08  1.20000000e+00  7.12286673e-08  1.06362991e-10  3.63857283e-14 
 6.93327614e-08  6.93327614e-08  1.20000000e+00  7.12286673e-08  1.06362991e-10  3.63857294e-14 
 6.93427614e-08  6.93427614e-08  1.20000000e+00  7.12286673e-08  1.06362991e-10  3.63857304e-14 
 6.93527614e-08  6.93527614e-08  1.20000000e+00  7.12286673e-08  1.06362991e-10  3.63857315e-14 
 6.93627614e-08  6.93627614e-08  1.20000000e+00  7.12286673e-08  1.06362991e-10  3.63857325e-14 
 6.93727614e-08  6.93727614e-08  1.20000000e+00  7.12286673e-08  1.06362991e-10  3.63857336e-14 
 6.93827614e-08  6.93827614e-08  1.20000000e+00  7.12286673e-08  1.06362991e-10  3.63857347e-14 
 6.93927614e-08  6.93927614e-08  1.20000000e+00  7.12286673e-08  1.06362991e-10  3.63857357e-14 
 6.94027614e-08  6.94027614e-08  1.20000000e+00  7.12286673e-08  1.06362991e-10  3.63857368e-14 
 6.94127614e-08  6.94127614e-08  1.20000000e+00  7.12286673e-08  1.06362991e-10  3.63857379e-14 
 6.94227614e-08  6.94227614e-08  1.20000000e+00  7.12286673e-08  1.06362991e-10  3.63857389e-14 
 6.94327614e-08  6.94327614e-08  1.20000000e+00  7.12286673e-08  1.06362991e-10  3.63857400e-14 
 6.94427614e-08  6.94427614e-08  1.20000000e+00  7.12286673e-08  1.06362991e-10  3.63857411e-14 
 6.94527614e-08  6.94527614e-08  1.20000000e+00  7.12286673e-08  1.06362991e-10  3.63857421e-14 
 6.94627614e-08  6.94627614e-08  1.20000000e+00  7.12286673e-08  1.06362991e-10  3.63857432e-14 
 6.94727614e-08  6.94727614e-08  1.20000000e+00  7.12286673e-08  1.06362991e-10  3.63857442e-14 
 6.94827614e-08  6.94827614e-08  1.20000000e+00  7.12286673e-08  1.06362991e-10  3.63857453e-14 
 6.94927614e-08  6.94927614e-08  1.20000000e+00  7.12286673e-08  1.06362991e-10  3.63857464e-14 
 6.95027614e-08  6.95027614e-08  1.20000000e+00  7.12286673e-08  1.06362991e-10  3.63857474e-14 
 6.95127614e-08  6.95127614e-08  1.20000000e+00  7.12286673e-08  1.06362991e-10  3.63857485e-14 
 6.95227614e-08  6.95227614e-08  1.20000000e+00  7.12286673e-08  1.06362991e-10  3.63857496e-14 
 6.95327614e-08  6.95327614e-08  1.20000000e+00  7.12286673e-08  1.06362991e-10  3.63857506e-14 
 6.95427614e-08  6.95427614e-08  1.20000000e+00  7.12286673e-08  1.06362991e-10  3.63857517e-14 
 6.95527614e-08  6.95527614e-08  1.20000000e+00  7.12286673e-08  1.06362991e-10  3.63857528e-14 
 6.95627614e-08  6.95627614e-08  1.20000000e+00  7.12286673e-08  1.06362991e-10  3.63857538e-14 
 6.95727614e-08  6.95727614e-08  1.20000000e+00  7.12286673e-08  1.06362991e-10  3.63857549e-14 
 6.95827614e-08  6.95827614e-08  1.20000000e+00  7.12286673e-08  1.06362991e-10  3.63857559e-14 
 6.95927614e-08  6.95927614e-08  1.20000000e+00  7.12286673e-08  1.06362991e-10  3.63857570e-14 
 6.96027614e-08  6.96027614e-08  1.20000000e+00  7.12286673e-08  1.06362991e-10  3.63857581e-14 
 6.96127614e-08  6.96127614e-08  1.20000000e+00  7.12286673e-08  1.06362991e-10  3.63857591e-14 
 6.96227614e-08  6.96227614e-08  1.20000000e+00  7.12286673e-08  1.06362991e-10  3.63857602e-14 
 6.96327614e-08  6.96327614e-08  1.20000000e+00  7.12286673e-08  1.06362991e-10  3.63857613e-14 
 6.96427614e-08  6.96427614e-08  1.20000000e+00  7.12286673e-08  1.06362991e-10  3.63857623e-14 
 6.96527614e-08  6.96527614e-08  1.20000000e+00  7.12286673e-08  1.06362991e-10  3.63857634e-14 
 6.96627614e-08  6.96627614e-08  1.20000000e+00  7.12286673e-08  1.06362991e-10  3.63857645e-14 
 6.96727614e-08  6.96727614e-08  1.20000000e+00  7.12286673e-08  1.06362991e-10  3.63857655e-14 
 6.96827614e-08  6.96827614e-08  1.20000000e+00  7.12286673e-08  1.06362991e-10  3.63857666e-14 
 6.96927614e-08  6.96927614e-08  1.20000000e+00  7.12286673e-08  1.06362991e-10  3.63857676e-14 
 6.97027614e-08  6.97027614e-08  1.20000000e+00  7.12286673e-08  1.06362991e-10  3.63857687e-14 
 6.97127614e-08  6.97127614e-08  1.20000000e+00  7.12286673e-08  1.06362991e-10  3.63857698e-14 
 6.97227614e-08  6.97227614e-08  1.20000000e+00  7.12286673e-08  1.06362991e-10  3.63857708e-14 
 6.97327614e-08  6.97327614e-08  1.20000000e+00  7.12286673e-08  1.06362991e-10  3.63857719e-14 
 6.97427614e-08  6.97427614e-08  1.20000000e+00  7.12286673e-08  1.06362991e-10  3.63857730e-14 
 6.97527614e-08  6.97527614e-08  1.20000000e+00  7.12286673e-08  1.06362991e-10  3.63857740e-14 
 6.97627614e-08  6.97627614e-08  1.20000000e+00  7.12286673e-08  1.06362991e-10  3.63857751e-14 
 6.97727614e-08  6.97727614e-08  1.20000000e+00  7.12286673e-08  1.06362991e-10  3.63857762e-14 
 6.97827614e-08  6.97827614e-08  1.20000000e+00  7.12286673e-08  1.06362991e-10  3.63857772e-14 
 6.97927614e-08  6.97927614e-08  1.20000000e+00  7.12286673e-08  1.06362991e-10  3.63857783e-14 
 6.98027614e-08  6.98027614e-08  1.20000000e+00  7.12286673e-08  1.06362991e-10  3.63857793e-14 
 6.98127614e-08  6.98127614e-08  1.20000000e+00  7.12286673e-08  1.06362991e-10  3.63857804e-14 
 6.98227614e-08  6.98227614e-08  1.20000000e+00  7.12286673e-08  1.06362991e-10  3.63857815e-14 
 6.98327614e-08  6.98327614e-08  1.20000000e+00  7.12286673e-08  1.06362991e-10  3.63857825e-14 
 6.98427614e-08  6.98427614e-08  1.20000000e+00  7.12286673e-08  1.06362991e-10  3.63857836e-14 
 6.98527614e-08  6.98527614e-08  1.20000000e+00  7.12286673e-08  1.06362991e-10  3.63857847e-14 
 6.98627614e-08  6.98627614e-08  1.20000000e+00  7.12286673e-08  1.06362991e-10  3.63857857e-14 
 6.98727614e-08  6.98727614e-08  1.20000000e+00  7.12286673e-08  1.06362991e-10  3.63857868e-14 
 6.98827614e-08  6.98827614e-08  1.20000000e+00  7.12286673e-08  1.06362991e-10  3.63857879e-14 
 6.98927614e-08  6.98927614e-08  1.20000000e+00  7.12286673e-08  1.06362991e-10  3.63857889e-14 
 6.99027614e-08  6.99027614e-08  1.20000000e+00  7.12286673e-08  1.06362991e-10  3.63857900e-14 
 6.99127614e-08  6.99127614e-08  1.20000000e+00  7.12286673e-08  1.06362991e-10  3.63857910e-14 
 6.99227614e-08  6.99227614e-08  1.20000000e+00  7.12286673e-08  1.06362991e-10  3.63857921e-14 
 6.99327614e-08  6.99327614e-08  1.20000000e+00  7.12286673e-08  1.06362991e-10  3.63857932e-14 
 6.99427614e-08  6.99427614e-08  1.20000000e+00  7.12286673e-08  1.06362991e-10  3.63857942e-14 
 6.99527614e-08  6.99527614e-08  1.20000000e+00  7.12286673e-08  1.06362991e-10  3.63857953e-14 
 6.99627614e-08  6.99627614e-08  1.20000000e+00  7.12286673e-08  1.06362991e-10  3.63857964e-14 
 6.99727614e-08  6.99727614e-08  1.20000000e+00  7.12286673e-08  1.06362991e-10  3.63857974e-14 
 6.99827614e-08  6.99827614e-08  1.20000000e+00  7.12286673e-08  1.06362991e-10  3.63857985e-14 
 6.99927614e-08  6.99927614e-08  1.20000000e+00  7.12286673e-08  1.06362991e-10  3.63857996e-14 
 7.00027614e-08  7.00027614e-08  1.20000000e+00  7.12286673e-08  1.06362991e-10  3.63858006e-14 
 7.00127614e-08  7.00127614e-08  1.20000000e+00  7.12286673e-08  1.06362991e-10  3.63858017e-14 
 7.00227614e-08  7.00227614e-08  1.20000000e+00  7.12286673e-08  1.06362991e-10  3.63858027e-14 
 7.00327614e-08  7.00327614e-08  1.20000000e+00  7.12286673e-08  1.06362991e-10  3.63858038e-14 
 7.00427614e-08  7.00427614e-08  1.20000000e+00  7.12286673e-08  1.06362991e-10  3.63858049e-14 
 7.00527614e-08  7.00527614e-08  1.20000000e+00  7.12286673e-08  1.06362991e-10  3.63858059e-14 
 7.00627614e-08  7.00627614e-08  1.20000000e+00  7.12286673e-08  1.06362991e-10  3.63858070e-14 
 7.00727614e-08  7.00727614e-08  1.20000000e+00  7.12286673e-08  1.06362991e-10  3.63858081e-14 
 7.00827614e-08  7.00827614e-08  1.20000000e+00  7.12286673e-08  1.06362991e-10  3.63858091e-14 
 7.00927614e-08  7.00927614e-08  1.20000000e+00  7.12286673e-08  1.06362991e-10  3.63858102e-14 
 7.01027614e-08  7.01027614e-08  1.20000000e+00  7.12286673e-08  1.06362991e-10  3.63858113e-14 
 7.01127614e-08  7.01127614e-08  1.20000000e+00  7.12286673e-08  1.06362991e-10  3.63858123e-14 
 7.01227614e-08  7.01227614e-08  1.20000000e+00  7.12286673e-08  1.06362991e-10  3.63858134e-14 
 7.01327614e-08  7.01327614e-08  1.20000000e+00  7.12286673e-08  1.06362991e-10  3.63858144e-14 
 7.01427614e-08  7.01427614e-08  1.20000000e+00  7.12286673e-08  1.06362991e-10  3.63858155e-14 
 7.01527614e-08  7.01527614e-08  1.20000000e+00  7.12286673e-08  1.06362991e-10  3.63858166e-14 
 7.01627614e-08  7.01627614e-08  1.20000000e+00  7.12286673e-08  1.06362991e-10  3.63858176e-14 
 7.01727614e-08  7.01727614e-08  1.20000000e+00  7.12286673e-08  1.06362991e-10  3.63858187e-14 
 7.01827614e-08  7.01827614e-08  1.20000000e+00  7.12286673e-08  1.06362991e-10  3.63858198e-14 
 7.01927614e-08  7.01927614e-08  1.20000000e+00  7.12286673e-08  1.06362991e-10  3.63858208e-14 
 7.02027614e-08  7.02027614e-08  1.20000000e+00  7.12286673e-08  1.06362991e-10  3.63858219e-14 
 7.02127614e-08  7.02127614e-08  1.20000000e+00  7.12286673e-08  1.06362991e-10  3.63858230e-14 
 7.02227614e-08  7.02227614e-08  1.20000000e+00  7.12286673e-08  1.06362991e-10  3.63858240e-14 
 7.02327614e-08  7.02327614e-08  1.20000000e+00  7.12286673e-08  1.06362991e-10  3.63858251e-14 
 7.02427614e-08  7.02427614e-08  1.20000000e+00  7.12286673e-08  1.06362991e-10  3.63858261e-14 
 7.02527614e-08  7.02527614e-08  1.20000000e+00  7.12286673e-08  1.06362991e-10  3.63858272e-14 
 7.02627614e-08  7.02627614e-08  1.20000000e+00  7.12286673e-08  1.06362991e-10  3.63858283e-14 
 7.02727614e-08  7.02727614e-08  1.20000000e+00  7.12286673e-08  1.06362991e-10  3.63858293e-14 
 7.02827614e-08  7.02827614e-08  1.20000000e+00  7.12286673e-08  1.06362991e-10  3.63858304e-14 
 7.02927614e-08  7.02927614e-08  1.20000000e+00  7.12286673e-08  1.06362991e-10  3.63858315e-14 
 7.03027614e-08  7.03027614e-08  1.20000000e+00  7.12286673e-08  1.06362991e-10  3.63858325e-14 
 7.03127614e-08  7.03127614e-08  1.20000000e+00  7.12286673e-08  1.06362991e-10  3.63858336e-14 
 7.03227614e-08  7.03227614e-08  1.20000000e+00  7.12286673e-08  1.06362991e-10  3.63858347e-14 
 7.03327614e-08  7.03327614e-08  1.20000000e+00  7.12286673e-08  1.06362991e-10  3.63858357e-14 
 7.03427614e-08  7.03427614e-08  1.20000000e+00  7.12286673e-08  1.06362991e-10  3.63858368e-14 
 7.03527614e-08  7.03527614e-08  1.20000000e+00  7.12286673e-08  1.06362991e-10  3.63858378e-14 
 7.03627614e-08  7.03627614e-08  1.20000000e+00  7.12286673e-08  1.06362991e-10  3.63858389e-14 
 7.03727614e-08  7.03727614e-08  1.20000000e+00  7.12286673e-08  1.06362991e-10  3.63858400e-14 
 7.03827614e-08  7.03827614e-08  1.20000000e+00  7.12286673e-08  1.06362991e-10  3.63858410e-14 
 7.03927614e-08  7.03927614e-08  1.20000000e+00  7.12286673e-08  1.06362991e-10  3.63858421e-14 
 7.04027614e-08  7.04027614e-08  1.20000000e+00  7.12286673e-08  1.06362991e-10  3.63858432e-14 
 7.04127614e-08  7.04127614e-08  1.20000000e+00  7.12286673e-08  1.06362991e-10  3.63858442e-14 
 7.04227614e-08  7.04227614e-08  1.20000000e+00  7.12286673e-08  1.06362991e-10  3.63858453e-14 
 7.04327614e-08  7.04327614e-08  1.20000000e+00  7.12286673e-08  1.06362991e-10  3.63858464e-14 
 7.04427614e-08  7.04427614e-08  1.20000000e+00  7.12286673e-08  1.06362991e-10  3.63858474e-14 
 7.04527614e-08  7.04527614e-08  1.20000000e+00  7.12286673e-08  1.06362991e-10  3.63858485e-14 
 7.04627614e-08  7.04627614e-08  1.20000000e+00  7.12286673e-08  1.06362991e-10  3.63858495e-14 
 7.04727614e-08  7.04727614e-08  1.20000000e+00  7.12286673e-08  1.06362991e-10  3.63858506e-14 
 7.04827614e-08  7.04827614e-08  1.20000000e+00  7.12286673e-08  1.06362991e-10  3.63858517e-14 
 7.04913807e-08  7.04913807e-08  1.20000000e+00  7.12286670e-08  1.06362991e-10  3.63858526e-14 
 7.05000000e-08  7.05000000e-08  1.20000000e+00  7.12286671e-08  1.06362991e-10  3.63858535e-14 
 7.05010000e-08  7.05010000e-08  1.19760000e+00 -2.73807853e-03  1.06362994e-10  3.63858536e-14 
 7.05030000e-08  7.05030000e-08  1.19280000e+00 -7.91908235e-03  1.06363000e-10  3.63858538e-14 
 7.05070000e-08  7.05070000e-08  1.18320000e+00 -1.72134090e-02  1.06363012e-10  3.63858542e-14 
 7.05129930e-08  7.05129930e-08  1.16881678e+00 -2.88911139e-02  1.06363026e-10  3.63858549e-14 
 7.05229930e-08  7.05229930e-08  1.14481678e+00 -4.38256007e-02  1.06363043e-10  3.63858559e-14 
 7.05329930e-08  7.05329930e-08  1.12081678e+00 -5.46253125e-02  1.06363056e-10  3.63858570e-14 
 7.05429930e-08  7.05429930e-08  1.09681678e+00 -6.26071734e-02  1.06363066e-10  3.63858581e-14 
 7.05529930e-08  7.05529930e-08  1.07281678e+00 -6.87233628e-02  1.06363073e-10  3.63858591e-14 
 7.05629930e-08  7.05629930e-08  1.04881678e+00 -7.36353179e-02  1.06363079e-10  3.63858602e-14 
 7.05729930e-08  7.05729930e-08  1.02481678e+00 -7.77906201e-02  1.06363084e-10  3.63858613e-14 
 7.05829930e-08  7.05829930e-08  1.00081678e+00 -8.14897403e-02  1.06363089e-10  3.63858623e-14 
 7.05929930e-08  7.05929930e-08  9.76816784e-01 -8.49352108e-02  1.06363093e-10  3.63858634e-14 
 7.06029930e-08  7.06029930e-08  9.52816784e-01 -8.82654083e-02  1.06363097e-10  3.63858645e-14 
 7.06129930e-08  7.06129930e-08  9.28816784e-01 -9.15770100e-02  1.06363101e-10  3.63858655e-14 
 7.06229930e-08  7.06229930e-08  9.04816784e-01 -9.49396967e-02  1.06363105e-10  3.63858666e-14 
 7.06329930e-08  7.06329930e-08  8.80816784e-01 -9.84057293e-02  1.06363109e-10  3.63858676e-14 
 7.06429930e-08  7.06429930e-08  8.56816784e-01 -1.02016182e-01  1.06363113e-10  3.63858687e-14 
 7.06529930e-08  7.06529930e-08  8.32816784e-01 -1.05805005e-01  1.06363118e-10  3.63858698e-14 
 7.06629930e-08  7.06629930e-08  8.08816784e-01 -1.09801659e-01  1.06363123e-10  3.63858708e-14 
 7.06729930e-08  7.06729930e-08  7.84816784e-01 -1.14032806e-01  1.06363128e-10  3.63858719e-14 
 7.06829930e-08  7.06829930e-08  7.60816784e-01 -1.18523352e-01  1.06363133e-10  3.63858730e-14 
 7.06929930e-08  7.06929930e-08  7.36816784e-01 -1.23297036e-01  1.06363139e-10  3.63858740e-14 
 7.07029930e-08  7.07029930e-08  7.12816784e-01 -1.28376686e-01  1.06363145e-10  3.63858751e-14 
 7.07129930e-08  7.07129930e-08  6.88816784e-01 -1.33784248e-01  1.06363151e-10  3.63858762e-14 
 7.07229930e-08  7.07229930e-08  6.64816784e-01 -1.39540660e-01  1.06363158e-10  3.63858772e-14 
 7.07329930e-08  7.07329930e-08  6.40816784e-01 -1.45665673e-01  1.06363166e-10  3.63858783e-14 
 7.07429930e-08  7.07429930e-08  6.16816784e-01 -1.52177709e-01  1.06363174e-10  3.63858793e-14 
 7.07529930e-08  7.07529930e-08  5.92816784e-01 -1.59093799e-01  5.43974551e-10  3.63858826e-14 
 7.07629930e-08  7.07629930e-08  5.68816784e-01 -1.66411036e-01  1.43583953e-07  3.63866032e-14 
 7.07729930e-08  7.07729930e-08  5.44816784e-01 -1.74106821e-01  5.42838034e-07  3.63900354e-14 
 7.07829930e-08  7.07829930e-08  5.20816784e-01 -1.82154495e-01  1.19842954e-06  3.63987417e-14 
 7.07929930e-08  7.07929930e-08  4.96816784e-01 -1.90525841e-01  2.11049117e-06  3.64152863e-14 
 7.08029930e-08  7.08029930e-08  4.72816784e-01 -1.99188023e-01  3.27916329e-06  3.64422346e-14 
 7.08129930e-08  7.08129930e-08  4.48816784e-01 -2.08103266e-01  4.70459185e-06  3.64821533e-14 
 7.08229930e-08  7.08229930e-08  4.24816784e-01 -2.17224791e-01  6.38692544e-06  3.65376109e-14 
 7.08329930e-08  7.08329930e-08  4.00816784e-01 -2.26496613e-01  8.32631170e-06  3.66111771e-14 
 7.08429930e-08  7.08429930e-08  3.76816784e-01 -2.35853694e-01  1.05228930e-05  3.67054231e-14 
 7.08529930e-08  7.08529930e-08  3.52816784e-01 -2.45222162e-01  1.29768016e-05  3.68229216e-14 
 7.08629930e-08  7.08629930e-08  3.28816784e-01 -2.54519732e-01  1.56881542e-05  3.69662464e-14 
 7.08729930e-08  7.08729930e-08  3.04816784e-01 -2.63656302e-01  1.86570460e-05  3.71379724e-14 
 7.08829930e-08  7.08829930e-08  2.80816784e-01 -2.72534415e-01  2.18835444e-05  3.73406753e-14 
 7.08929930e-08  7.08929930e-08  2.56816784e-01 -2.81049332e-01  2.53676821e-05  3.75769315e-14 
 7.09029930e-08  7.09029930e-08  2.32816784e-01 -2.89088521e-01  2.91094491e-05  3.78493171e-14 
 7.09129930e-08  7.09129930e-08  2.08816784e-01 -2.96530499e-01  3.31087841e-05  3.81604083e-14 
 7.09229930e-08  7.09229930e-08  1.84816784e-01 -3.03242955e-01  3.73655632e-05  3.85127800e-14 
 7.09329930e-08  7.09329930e-08  1.60816784e-01 -3.09080035e-01  4.18795877e-05  3.89090058e-14 
 7.09429930e-08  7.09429930e-08  1.36816784e-01 -3.13878444e-01  4.66505671e-05  3.93516566e-14 
 7.09529930e-08  7.09529930e-08  1.12816784e-01 -3.17451736e-01  5.16780978e-05  3.98432999e-14 
 7.09629930e-08  7.09629930e-08  8.88167841e-02 -3.19581590e-01  5.69616334e-05  4.03864985e-14 
 7.09729930e-08  7.09729930e-08  6.48167841e-02 -3.20003981e-01  6.25004415e-05  4.09838089e-14 
 7.09829930e-08  7.09829930e-08  4.08167841e-02 -3.18380565e-01  6.82935293e-05  4.16377788e-14 
 7.09914965e-08  7.09914965e-08  2.04083920e-02 -3.15071420e-01  7.34187397e-05  4.22403037e-14 
 7.10000000e-08  7.10000000e-08  0.00000000e+00 -3.09606772e-01  7.87257291e-05  4.28871837e-14 
 7.10010000e-08  7.10010000e-08  0.00000000e+00 -3.07065774e-01  7.87218455e-05  4.29659075e-14 
 7.10030000e-08  7.10030000e-08  0.00000000e+00 -3.02274235e-01  7.87145222e-05  4.31233438e-14 
 7.10070000e-08  7.10070000e-08  0.00000000e+00 -2.92779428e-01  7.87000107e-05  4.34381729e-14 
 7.10124223e-08  7.10124223e-08  0.00000000e+00 -2.79452661e-01  7.86796425e-05  4.38648544e-14 
 7.10224223e-08  7.10224223e-08  0.00000000e+00 -2.53085680e-01  7.86393440e-05  4.46514493e-14 
 7.10324223e-08  7.10324223e-08  0.00000000e+00 -2.23834230e-01  7.85946371e-05  4.54376192e-14 
 7.10424223e-08  7.10424223e-08  0.00000000e+00 -1.90708856e-01  7.85440093e-05  4.62233125e-14 
 7.10524223e-08  7.10524223e-08  0.00000000e+00 -1.52233957e-01  7.84852055e-05  4.70084585e-14 
 7.10624223e-08  7.10624223e-08  0.00000000e+00 -1.06210198e-01  7.84148643e-05  4.77929589e-14 
 7.10724223e-08  7.10724223e-08  0.00000000e+00 -4.92116577e-02  7.83277496e-05  4.85766720e-14 
 7.10824223e-08  7.10824223e-08  0.00000000e+00  2.05587901e-02  7.82211147e-05  4.93594163e-14 
 7.10904128e-08  7.10904128e-08  0.00000000e+00  9.56359111e-02  7.81063692e-05  4.99839835e-14 
 7.10988182e-08  7.10988182e-08  0.00000000e+00  1.85916067e-01  7.79683879e-05  5.06399175e-14 
 7.11064496e-08  7.11064496e-08  0.00000000e+00  2.70408965e-01  7.78392517e-05  5.12344301e-14 
 7.11142126e-08  7.11142126e-08  0.00000000e+00  3.58067293e-01  7.77052775e-05  5.18381803e-14 
 7.11242126e-08  7.11242126e-08  0.00000000e+00  4.73127978e-01  7.75294225e-05  5.26143538e-14 
 7.11342126e-08  7.11342126e-08  0.00000000e+00  5.90321225e-01  7.73503081e-05  5.33887524e-14 
 7.11442126e-08  7.11442126e-08  0.00000000e+00  7.07084571e-01  7.49288956e-05  5.41501485e-14 
 7.11542126e-08  7.11542126e-08  0.00000000e+00  8.16834607e-01  6.72898913e-05  5.48612424e-14 
 7.11632441e-08  7.11632441e-08  0.00000000e+00  9.04840824e-01  5.73990522e-05  5.54243028e-14 
 7.11685330e-08  7.11685330e-08  0.00000000e+00  9.50297487e-01  5.09841182e-05  5.57109168e-14 
 7.11749618e-08  7.11749618e-08  0.00000000e+00  9.98742621e-01  4.31716277e-05  5.60135729e-14 
 7.11849618e-08  7.11849618e-08  0.00000000e+00  1.05949196e+00  3.19564034e-05  5.63892131e-14 
 7.11949618e-08  7.11949618e-08  0.00000000e+00  1.10437139e+00  2.26604383e-05  5.66622973e-14 
 7.12049618e-08  7.12049618e-08  0.00000000e+00  1.13626072e+00  1.55347198e-05  5.68532731e-14 
 7.12149618e-08  7.12149618e-08  0.00000000e+00  1.15821828e+00  1.03774284e-05  5.69828338e-14 
 7.12249618e-08  7.12249618e-08  0.00000000e+00  1.17296628e+00  6.79879638e-06  5.70687150e-14 
 7.12349618e-08  7.12349618e-08  0.00000000e+00  1.18268274e+00  4.39076086e-06  5.71246628e-14 
 7.12449618e-08  7.12449618e-08  0.00000000e+00  1.18899056e+00  2.80610847e-06  5.71606471e-14 
 7.12549618e-08  7.12549618e-08  0.00000000e+00  1.19304018e+00  1.77989135e-06  5.71835771e-14 
 7.12649618e-08  7.12649618e-08  0.00000000e+00  1.19561851e+00  1.12290125e-06  5.71980911e-14 
 7.12749618e-08  7.12749618e-08  0.00000000e+00  1.19725004e+00  7.05715946e-07  5.72072341e-14 
 7.12849618e-08  7.12849618e-08  0.00000000e+00  1.19827781e+00  4.42334959e-07  5.72129744e-14 
 7.12949618e-08  7.12949618e-08  0.00000000e+00  1.19892316e+00  2.76758294e-07  5.72165699e-14 
 7.13049618e-08  7.13049618e-08  0.00000000e+00  1.19932741e+00  1.72912548e-07  5.72188182e-14 
 7.13149618e-08  7.13149618e-08  0.00000000e+00  1.19958020e+00  1.07942744e-07  5.72202225e-14 
 7.13249618e-08  7.13249618e-08  0.00000000e+00  1.19973810e+00  6.73513379e-08  5.72210990e-14 
 7.13349618e-08  7.13349618e-08  0.00000000e+00  1.19983663e+00  4.20151684e-08  5.72216458e-14 
 7.13449618e-08  7.13449618e-08  0.00000000e+00  1.19989809e+00  2.62114013e-08  5.72219869e-14 
 7.13549618e-08  7.13549618e-08  0.00000000e+00  1.19993640e+00  1.63580875e-08  5.72221998e-14 
 7.13649618e-08  7.13649618e-08  0.00000000e+00  1.19996028e+00  1.02166812e-08  5.72223327e-14 
 7.13749618e-08  7.13749618e-08  0.00000000e+00  1.19997516e+00  6.38966903e-09  5.72224157e-14 
 7.13849618e-08  7.13849618e-08  0.00000000e+00  1.19998443e+00  4.00522126e-09  5.72224677e-14 
 7.13949618e-08  7.13949618e-08  0.00000000e+00  1.19999020e+00  2.51972360e-09  5.72225003e-14 
 7.14049618e-08  7.14049618e-08  0.00000000e+00  1.19999380e+00  1.59433060e-09  5.72225209e-14 
 7.14149618e-08  7.14149618e-08  0.00000000e+00  1.19999604e+00  1.01788272e-09  5.72225339e-14 
 7.14249618e-08  7.14249618e-08  0.00000000e+00  1.19999744e+00  6.58811991e-10  5.72225423e-14 
 7.14349618e-08  7.14349618e-08  0.00000000e+00  1.19999831e+00  4.35150865e-10  5.72225478e-14 
 7.14449618e-08  7.14449618e-08  0.00000000e+00  1.19999885e+00  2.95836918e-10  5.72225514e-14 
 7.14549618e-08  7.14549618e-08  0.00000000e+00  1.19999919e+00  2.09061975e-10  5.72225540e-14 
 7.14649618e-08  7.14649618e-08  0.00000000e+00  1.19999940e+00  1.55012545e-10  5.72225558e-14 
 7.14749618e-08  7.14749618e-08  0.00000000e+00  1.19999953e+00  1.21346980e-10  5.72225572e-14 
 7.14849618e-08  7.14849618e-08  0.00000000e+00  1.19999961e+00  1.00377901e-10  5.72225583e-14 
 7.14949618e-08  7.14949618e-08  0.00000000e+00  1.19999966e+00  8.73170386e-11  5.72225592e-14 
 7.15049618e-08  7.15049618e-08  0.00000000e+00  1.19999969e+00  7.91819223e-11  5.72225600e-14 
 7.15149618e-08  7.15149618e-08  0.00000000e+00  1.19999971e+00  7.41148715e-11  5.72225608e-14 
 7.15249618e-08  7.15249618e-08  0.00000000e+00  1.19999972e+00  7.09588027e-11  5.72225615e-14 
 7.15349618e-08  7.15349618e-08  0.00000000e+00  1.19999973e+00  6.89930112e-11  5.72225622e-14 
 7.15449618e-08  7.15449618e-08  0.00000000e+00  1.19999974e+00  6.77685971e-11  5.72225629e-14 
 7.15549618e-08  7.15549618e-08  0.00000000e+00  1.19999974e+00  6.70059577e-11  5.72225636e-14 
 7.15649618e-08  7.15649618e-08  0.00000000e+00  1.19999974e+00  6.65309403e-11  5.72225643e-14 
 7.15749618e-08  7.15749618e-08  0.00000000e+00  1.19999974e+00  6.62350703e-11  5.72225649e-14 
 7.15849618e-08  7.15849618e-08  0.00000000e+00  1.19999974e+00  6.60507848e-11  5.72225656e-14 
 7.15949618e-08  7.15949618e-08  0.00000000e+00  1.19999974e+00  6.59360007e-11  5.72225662e-14 
 7.16049618e-08  7.16049618e-08  0.00000000e+00  1.19999974e+00  6.58645060e-11  5.72225669e-14 
 7.16149618e-08  7.16149618e-08  0.00000000e+00  1.19999974e+00  6.58199751e-11  5.72225676e-14 
 7.16249618e-08  7.16249618e-08  0.00000000e+00  1.19999974e+00  6.57922386e-11  5.72225682e-14 
 7.16349618e-08  7.16349618e-08  0.00000000e+00  1.19999974e+00  6.57749625e-11  5.72225689e-14 
 7.16449618e-08  7.16449618e-08  0.00000000e+00  1.19999974e+00  6.57642020e-11  5.72225695e-14 
 7.16549618e-08  7.16549618e-08  0.00000000e+00  1.19999974e+00  6.57574995e-11  5.72225702e-14 
 7.16649618e-08  7.16649618e-08  0.00000000e+00  1.19999974e+00  6.57533251e-11  5.72225708e-14 
 7.16749618e-08  7.16749618e-08  0.00000000e+00  1.19999974e+00  6.57507247e-11  5.72225715e-14 
 7.16849618e-08  7.16849618e-08  0.00000000e+00  1.19999974e+00  6.57491049e-11  5.72225722e-14 
 7.16949618e-08  7.16949618e-08  0.00000000e+00  1.19999974e+00  6.57480960e-11  5.72225728e-14 
 7.17049618e-08  7.17049618e-08  0.00000000e+00  1.19999974e+00  6.57474680e-11  5.72225735e-14 
 7.17149618e-08  7.17149618e-08  0.00000000e+00  1.19999974e+00  6.57470763e-11  5.72225741e-14 
 7.17249618e-08  7.17249618e-08  0.00000000e+00  1.19999974e+00  6.57468324e-11  5.72225748e-14 
 7.17349618e-08  7.17349618e-08  0.00000000e+00  1.19999974e+00  6.57466807e-11  5.72225754e-14 
 7.17449618e-08  7.17449618e-08  0.00000000e+00  1.19999974e+00  6.57465863e-11  5.72225761e-14 
 7.17549618e-08  7.17549618e-08  0.00000000e+00  1.19999974e+00  6.57465274e-11  5.72225768e-14 
 7.17649618e-08  7.17649618e-08  0.00000000e+00  1.19999974e+00  6.57464908e-11  5.72225774e-14 
 7.17749618e-08  7.17749618e-08  0.00000000e+00  1.19999974e+00  6.57464681e-11  5.72225781e-14 
 7.17849618e-08  7.17849618e-08  0.00000000e+00  1.19999974e+00  6.57464536e-11  5.72225787e-14 
 7.17949618e-08  7.17949618e-08  0.00000000e+00  1.19999974e+00  6.57464448e-11  5.72225794e-14 
 7.18049618e-08  7.18049618e-08  0.00000000e+00  1.19999974e+00  6.57464394e-11  5.72225800e-14 
 7.18149618e-08  7.18149618e-08  0.00000000e+00  1.19999974e+00  6.57464360e-11  5.72225807e-14 
 7.18249618e-08  7.18249618e-08  0.00000000e+00  1.19999974e+00  6.57464337e-11  5.72225814e-14 
 7.18349618e-08  7.18349618e-08  0.00000000e+00  1.19999974e+00  6.57464323e-11  5.72225820e-14 
 7.18449618e-08  7.18449618e-08  0.00000000e+00  1.19999974e+00  6.57464313e-11  5.72225827e-14 
 7.18549618e-08  7.18549618e-08  0.00000000e+00  1.19999974e+00  6.57464309e-11  5.72225833e-14 
 7.18649618e-08  7.18649618e-08  0.00000000e+00  1.19999974e+00  6.57464307e-11  5.72225840e-14 
 7.18749618e-08  7.18749618e-08  0.00000000e+00  1.19999974e+00  6.57464305e-11  5.72225846e-14 
 7.18849618e-08  7.18849618e-08  0.00000000e+00  1.19999974e+00  6.57464304e-11  5.72225853e-14 
 7.18949618e-08  7.18949618e-08  0.00000000e+00  1.19999974e+00  6.57464302e-11  5.72225860e-14 
 7.19049618e-08  7.19049618e-08  0.00000000e+00  1.19999974e+00  6.57464301e-11  5.72225866e-14 
 7.19149618e-08  7.19149618e-08  0.00000000e+00  1.19999974e+00  6.57464302e-11  5.72225873e-14 
 7.19249618e-08  7.19249618e-08  0.00000000e+00  1.19999974e+00  6.57464302e-11  5.72225879e-14 
 7.19349618e-08  7.19349618e-08  0.00000000e+00  1.19999974e+00  6.57464302e-11  5.72225886e-14 
 7.19449618e-08  7.19449618e-08  0.00000000e+00  1.19999974e+00  6.57464302e-11  5.72225893e-14 
 7.19549618e-08  7.19549618e-08  0.00000000e+00  1.19999974e+00  6.57464302e-11  5.72225899e-14 
 7.19649618e-08  7.19649618e-08  0.00000000e+00  1.19999974e+00  6.57464302e-11  5.72225906e-14 
 7.19749618e-08  7.19749618e-08  0.00000000e+00  1.19999974e+00  6.57464302e-11  5.72225912e-14 
 7.19849618e-08  7.19849618e-08  0.00000000e+00  1.19999974e+00  6.57464302e-11  5.72225919e-14 
 7.19924809e-08  7.19924809e-08  0.00000000e+00  1.19999974e+00  6.57464302e-11  5.72225924e-14 
 7.20000000e-08  7.20000000e-08  0.00000000e+00  1.19999974e+00  6.57464302e-11  5.72225929e-14 
 7.20010000e-08  7.20010000e-08  0.00000000e+00  1.19999974e+00  6.57464302e-11  5.72225929e-14 
 7.20030000e-08  7.20030000e-08  0.00000000e+00  1.19999974e+00  6.57464303e-11  5.72225931e-14 
 7.20070000e-08  7.20070000e-08  0.00000000e+00  1.19999974e+00  6.57464304e-11  5.72225933e-14 
 7.20150000e-08  7.20150000e-08  0.00000000e+00  1.19999974e+00  6.57464305e-11  5.72225939e-14 
 7.20250000e-08  7.20250000e-08  0.00000000e+00  1.19999974e+00  6.57464305e-11  5.72225945e-14 
 7.20350000e-08  7.20350000e-08  0.00000000e+00  1.19999974e+00  6.57464304e-11  5.72225952e-14 
 7.20450000e-08  7.20450000e-08  0.00000000e+00  1.19999974e+00  6.57464303e-11  5.72225958e-14 
 7.20550000e-08  7.20550000e-08  0.00000000e+00  1.19999974e+00  6.57464301e-11  5.72225965e-14 
 7.20650000e-08  7.20650000e-08  0.00000000e+00  1.19999974e+00  6.57464300e-11  5.72225971e-14 
 7.20750000e-08  7.20750000e-08  0.00000000e+00  1.19999974e+00  6.57464300e-11  5.72225978e-14 
 7.20850000e-08  7.20850000e-08  0.00000000e+00  1.19999974e+00  6.57464299e-11  5.72225985e-14 
 7.20950000e-08  7.20950000e-08  0.00000000e+00  1.19999974e+00  6.57464298e-11  5.72225991e-14 
 7.21050000e-08  7.21050000e-08  0.00000000e+00  1.19999974e+00  6.57464298e-11  5.72225998e-14 
 7.21150000e-08  7.21150000e-08  0.00000000e+00  1.19999974e+00  6.57464298e-11  5.72226004e-14 
 7.21250000e-08  7.21250000e-08  0.00000000e+00  1.19999974e+00  6.57464298e-11  5.72226011e-14 
 7.21350000e-08  7.21350000e-08  0.00000000e+00  1.19999974e+00  6.57464298e-11  5.72226017e-14 
 7.21450000e-08  7.21450000e-08  0.00000000e+00  1.19999974e+00  6.57464298e-11  5.72226024e-14 
 7.21550000e-08  7.21550000e-08  0.00000000e+00  1.19999974e+00  6.57464298e-11  5.72226031e-14 
 7.21650000e-08  7.21650000e-08  0.00000000e+00  1.19999974e+00  6.57464298e-11  5.72226037e-14 
 7.21750000e-08  7.21750000e-08  0.00000000e+00  1.19999974e+00  6.57464298e-11  5.72226044e-14 
 7.21850000e-08  7.21850000e-08  0.00000000e+00  1.19999974e+00  6.57464298e-11  5.72226050e-14 
 7.21950000e-08  7.21950000e-08  0.00000000e+00  1.19999974e+00  6.57464298e-11  5.72226057e-14 
 7.22050000e-08  7.22050000e-08  0.00000000e+00  1.19999974e+00  6.57464298e-11  5.72226063e-14 
 7.22150000e-08  7.22150000e-08  0.00000000e+00  1.19999974e+00  6.57464298e-11  5.72226070e-14 
 7.22250000e-08  7.22250000e-08  0.00000000e+00  1.19999974e+00  6.57464298e-11  5.72226077e-14 
 7.22350000e-08  7.22350000e-08  0.00000000e+00  1.19999974e+00  6.57464298e-11  5.72226083e-14 
 7.22450000e-08  7.22450000e-08  0.00000000e+00  1.19999974e+00  6.57464298e-11  5.72226090e-14 
 7.22550000e-08  7.22550000e-08  0.00000000e+00  1.19999974e+00  6.57464298e-11  5.72226096e-14 
 7.22650000e-08  7.22650000e-08  0.00000000e+00  1.19999974e+00  6.57464298e-11  5.72226103e-14 
 7.22750000e-08  7.22750000e-08  0.00000000e+00  1.19999974e+00  6.57464298e-11  5.72226109e-14 
 7.22850000e-08  7.22850000e-08  0.00000000e+00  1.19999974e+00  6.57464298e-11  5.72226116e-14 
 7.22950000e-08  7.22950000e-08  0.00000000e+00  1.19999974e+00  6.57464298e-11  5.72226123e-14 
 7.23050000e-08  7.23050000e-08  0.00000000e+00  1.19999974e+00  6.57464298e-11  5.72226129e-14 
 7.23150000e-08  7.23150000e-08  0.00000000e+00  1.19999974e+00  6.57464298e-11  5.72226136e-14 
 7.23250000e-08  7.23250000e-08  0.00000000e+00  1.19999974e+00  6.57464298e-11  5.72226142e-14 
 7.23350000e-08  7.23350000e-08  0.00000000e+00  1.19999974e+00  6.57464298e-11  5.72226149e-14 
 7.23450000e-08  7.23450000e-08  0.00000000e+00  1.19999974e+00  6.57464298e-11  5.72226156e-14 
 7.23550000e-08  7.23550000e-08  0.00000000e+00  1.19999974e+00  6.57464298e-11  5.72226162e-14 
 7.23650000e-08  7.23650000e-08  0.00000000e+00  1.19999974e+00  6.57464298e-11  5.72226169e-14 
 7.23750000e-08  7.23750000e-08  0.00000000e+00  1.19999974e+00  6.57464298e-11  5.72226175e-14 
 7.23850000e-08  7.23850000e-08  0.00000000e+00  1.19999974e+00  6.57464298e-11  5.72226182e-14 
 7.23950000e-08  7.23950000e-08  0.00000000e+00  1.19999974e+00  6.57464298e-11  5.72226188e-14 
 7.24050000e-08  7.24050000e-08  0.00000000e+00  1.19999974e+00  6.57464298e-11  5.72226195e-14 
 7.24150000e-08  7.24150000e-08  0.00000000e+00  1.19999974e+00  6.57464298e-11  5.72226202e-14 
 7.24250000e-08  7.24250000e-08  0.00000000e+00  1.19999974e+00  6.57464298e-11  5.72226208e-14 
 7.24335953e-08  7.24335953e-08  0.00000000e+00  1.19999974e+00  6.57464299e-11  5.72226214e-14 
 7.24390066e-08  7.24390066e-08  0.00000000e+00  1.19999974e+00  6.57464299e-11  5.72226217e-14 
 7.24454904e-08  7.24454904e-08  0.00000000e+00  1.19999974e+00  6.57464300e-11  5.72226222e-14 
 7.24508394e-08  7.24508394e-08  0.00000000e+00  1.19999974e+00  6.57464299e-11  5.72226225e-14 
 7.24576107e-08  7.24576107e-08  0.00000000e+00  1.19999974e+00  6.57464300e-11  5.72226230e-14 
 7.24676107e-08  7.24676107e-08  0.00000000e+00  1.19999974e+00  6.57464300e-11  5.72226236e-14 
 7.24776107e-08  7.24776107e-08  0.00000000e+00  1.19999974e+00  6.57464300e-11  5.72226243e-14 
 7.24876107e-08  7.24876107e-08  0.00000000e+00  1.19999974e+00  6.57464300e-11  5.72226249e-14 
 7.24976107e-08  7.24976107e-08  0.00000000e+00  1.19999974e+00  6.57464299e-11  5.72226256e-14 
 7.25076107e-08  7.25076107e-08  0.00000000e+00  1.19999974e+00  6.57464298e-11  5.72226262e-14 
 7.25176107e-08  7.25176107e-08  0.00000000e+00  1.19999974e+00  6.57464298e-11  5.72226269e-14 
 7.25276107e-08  7.25276107e-08  0.00000000e+00  1.19999974e+00  6.57464298e-11  5.72226276e-14 
 7.25376107e-08  7.25376107e-08  0.00000000e+00  1.19999974e+00  6.57464298e-11  5.72226282e-14 
 7.25476107e-08  7.25476107e-08  0.00000000e+00  1.19999974e+00  6.57464298e-11  5.72226289e-14 
 7.25576107e-08  7.25576107e-08  0.00000000e+00  1.19999974e+00  6.57464298e-11  5.72226295e-14 
 7.25676107e-08  7.25676107e-08  0.00000000e+00  1.19999974e+00  6.57464298e-11  5.72226302e-14 
 7.25776107e-08  7.25776107e-08  0.00000000e+00  1.19999974e+00  6.57464298e-11  5.72226308e-14 
 7.25876107e-08  7.25876107e-08  0.00000000e+00  1.19999974e+00  6.57464298e-11  5.72226315e-14 
 7.25976107e-08  7.25976107e-08  0.00000000e+00  1.19999974e+00  6.57464298e-11  5.72226322e-14 
 7.26076107e-08  7.26076107e-08  0.00000000e+00  1.19999974e+00  6.57464298e-11  5.72226328e-14 
 7.26176107e-08  7.26176107e-08  0.00000000e+00  1.19999974e+00  6.57464298e-11  5.72226335e-14 
 7.26276107e-08  7.26276107e-08  0.00000000e+00  1.19999974e+00  6.57464298e-11  5.72226341e-14 
 7.26376107e-08  7.26376107e-08  0.00000000e+00  1.19999974e+00  6.57464298e-11  5.72226348e-14 
 7.26476107e-08  7.26476107e-08  0.00000000e+00  1.19999974e+00  6.57464298e-11  5.72226354e-14 
 7.26576107e-08  7.26576107e-08  0.00000000e+00  1.19999974e+00  6.57464298e-11  5.72226361e-14 
 7.26676107e-08  7.26676107e-08  0.00000000e+00  1.19999974e+00  6.57464298e-11  5.72226368e-14 
 7.26776107e-08  7.26776107e-08  0.00000000e+00  1.19999974e+00  6.57464298e-11  5.72226374e-14 
 7.26876107e-08  7.26876107e-08  0.00000000e+00  1.19999974e+00  6.57464298e-11  5.72226381e-14 
 7.26976107e-08  7.26976107e-08  0.00000000e+00  1.19999974e+00  6.57464298e-11  5.72226387e-14 
 7.27076107e-08  7.27076107e-08  0.00000000e+00  1.19999974e+00  6.57464298e-11  5.72226394e-14 
 7.27176107e-08  7.27176107e-08  0.00000000e+00  1.19999974e+00  6.57464298e-11  5.72226400e-14 
 7.27276107e-08  7.27276107e-08  0.00000000e+00  1.19999974e+00  6.57464298e-11  5.72226407e-14 
 7.27376107e-08  7.27376107e-08  0.00000000e+00  1.19999974e+00  6.57464298e-11  5.72226414e-14 
 7.27476107e-08  7.27476107e-08  0.00000000e+00  1.19999974e+00  6.57464298e-11  5.72226420e-14 
 7.27576107e-08  7.27576107e-08  0.00000000e+00  1.19999974e+00  6.57464298e-11  5.72226427e-14 
 7.27676107e-08  7.27676107e-08  0.00000000e+00  1.19999974e+00  6.57464298e-11  5.72226433e-14 
 7.27776107e-08  7.27776107e-08  0.00000000e+00  1.19999974e+00  6.57464298e-11  5.72226440e-14 
 7.27876107e-08  7.27876107e-08  0.00000000e+00  1.19999974e+00  6.57464298e-11  5.72226447e-14 
 7.27976107e-08  7.27976107e-08  0.00000000e+00  1.19999974e+00  6.57464298e-11  5.72226453e-14 
 7.28076107e-08  7.28076107e-08  0.00000000e+00  1.19999974e+00  6.57464298e-11  5.72226460e-14 
 7.28176107e-08  7.28176107e-08  0.00000000e+00  1.19999974e+00  6.57464298e-11  5.72226466e-14 
 7.28276107e-08  7.28276107e-08  0.00000000e+00  1.19999974e+00  6.57464298e-11  5.72226473e-14 
 7.28376107e-08  7.28376107e-08  0.00000000e+00  1.19999974e+00  6.57464298e-11  5.72226479e-14 
 7.28476107e-08  7.28476107e-08  0.00000000e+00  1.19999974e+00  6.57464298e-11  5.72226486e-14 
 7.28576107e-08  7.28576107e-08  0.00000000e+00  1.19999974e+00  6.57464298e-11  5.72226493e-14 
 7.28676107e-08  7.28676107e-08  0.00000000e+00  1.19999974e+00  6.57464298e-11  5.72226499e-14 
 7.28776107e-08  7.28776107e-08  0.00000000e+00  1.19999974e+00  6.57464298e-11  5.72226506e-14 
 7.28876107e-08  7.28876107e-08  0.00000000e+00  1.19999974e+00  6.57464298e-11  5.72226512e-14 
 7.28976107e-08  7.28976107e-08  0.00000000e+00  1.19999974e+00  6.57464298e-11  5.72226519e-14 
 7.29076107e-08  7.29076107e-08  0.00000000e+00  1.19999974e+00  6.57464298e-11  5.72226525e-14 
 7.29176107e-08  7.29176107e-08  0.00000000e+00  1.19999974e+00  6.57464298e-11  5.72226532e-14 
 7.29276107e-08  7.29276107e-08  0.00000000e+00  1.19999974e+00  6.57464298e-11  5.72226539e-14 
 7.29376107e-08  7.29376107e-08  0.00000000e+00  1.19999974e+00  6.57464298e-11  5.72226545e-14 
 7.29476107e-08  7.29476107e-08  0.00000000e+00  1.19999974e+00  6.57464298e-11  5.72226552e-14 
 7.29576107e-08  7.29576107e-08  0.00000000e+00  1.19999974e+00  6.57464298e-11  5.72226558e-14 
 7.29676107e-08  7.29676107e-08  0.00000000e+00  1.19999974e+00  6.57464298e-11  5.72226565e-14 
 7.29776107e-08  7.29776107e-08  0.00000000e+00  1.19999974e+00  6.57464298e-11  5.72226571e-14 
 7.29876107e-08  7.29876107e-08  0.00000000e+00  1.19999974e+00  6.57464298e-11  5.72226578e-14 
 7.29976107e-08  7.29976107e-08  0.00000000e+00  1.19999974e+00  6.57464298e-11  5.72226585e-14 
 7.30076107e-08  7.30076107e-08  0.00000000e+00  1.19999974e+00  6.57464298e-11  5.72226591e-14 
 7.30176107e-08  7.30176107e-08  0.00000000e+00  1.19999974e+00  6.57464298e-11  5.72226598e-14 
 7.30276107e-08  7.30276107e-08  0.00000000e+00  1.19999974e+00  6.57464298e-11  5.72226604e-14 
 7.30376107e-08  7.30376107e-08  0.00000000e+00  1.19999974e+00  6.57464298e-11  5.72226611e-14 
 7.30476107e-08  7.30476107e-08  0.00000000e+00  1.19999974e+00  6.57464298e-11  5.72226617e-14 
 7.30576107e-08  7.30576107e-08  0.00000000e+00  1.19999974e+00  6.57464298e-11  5.72226624e-14 
 7.30676107e-08  7.30676107e-08  0.00000000e+00  1.19999974e+00  6.57464298e-11  5.72226631e-14 
 7.30776107e-08  7.30776107e-08  0.00000000e+00  1.19999974e+00  6.57464298e-11  5.72226637e-14 
 7.30876107e-08  7.30876107e-08  0.00000000e+00  1.19999974e+00  6.57464298e-11  5.72226644e-14 
 7.30976107e-08  7.30976107e-08  0.00000000e+00  1.19999974e+00  6.57464298e-11  5.72226650e-14 
 7.31076107e-08  7.31076107e-08  0.00000000e+00  1.19999974e+00  6.57464298e-11  5.72226657e-14 
 7.31176107e-08  7.31176107e-08  0.00000000e+00  1.19999974e+00  6.57464298e-11  5.72226663e-14 
 7.31276107e-08  7.31276107e-08  0.00000000e+00  1.19999974e+00  6.57464298e-11  5.72226670e-14 
 7.31376107e-08  7.31376107e-08  0.00000000e+00  1.19999974e+00  6.57464298e-11  5.72226677e-14 
 7.31476107e-08  7.31476107e-08  0.00000000e+00  1.19999974e+00  6.57464298e-11  5.72226683e-14 
 7.31576107e-08  7.31576107e-08  0.00000000e+00  1.19999974e+00  6.57464298e-11  5.72226690e-14 
 7.31676107e-08  7.31676107e-08  0.00000000e+00  1.19999974e+00  6.57464298e-11  5.72226696e-14 
 7.31776107e-08  7.31776107e-08  0.00000000e+00  1.19999974e+00  6.57464298e-11  5.72226703e-14 
 7.31876107e-08  7.31876107e-08  0.00000000e+00  1.19999974e+00  6.57464298e-11  5.72226710e-14 
 7.31976107e-08  7.31976107e-08  0.00000000e+00  1.19999974e+00  6.57464298e-11  5.72226716e-14 
 7.32076107e-08  7.32076107e-08  0.00000000e+00  1.19999974e+00  6.57464298e-11  5.72226723e-14 
 7.32176107e-08  7.32176107e-08  0.00000000e+00  1.19999974e+00  6.57464298e-11  5.72226729e-14 
 7.32276107e-08  7.32276107e-08  0.00000000e+00  1.19999974e+00  6.57464298e-11  5.72226736e-14 
 7.32376107e-08  7.32376107e-08  0.00000000e+00  1.19999974e+00  6.57464298e-11  5.72226742e-14 
 7.32476107e-08  7.32476107e-08  0.00000000e+00  1.19999974e+00  6.57464298e-11  5.72226749e-14 
 7.32576107e-08  7.32576107e-08  0.00000000e+00  1.19999974e+00  6.57464298e-11  5.72226756e-14 
 7.32676107e-08  7.32676107e-08  0.00000000e+00  1.19999974e+00  6.57464298e-11  5.72226762e-14 
 7.32776107e-08  7.32776107e-08  0.00000000e+00  1.19999974e+00  6.57464298e-11  5.72226769e-14 
 7.32876107e-08  7.32876107e-08  0.00000000e+00  1.19999974e+00  6.57464298e-11  5.72226775e-14 
 7.32976107e-08  7.32976107e-08  0.00000000e+00  1.19999974e+00  6.57464298e-11  5.72226782e-14 
 7.33076107e-08  7.33076107e-08  0.00000000e+00  1.19999974e+00  6.57464298e-11  5.72226788e-14 
 7.33176107e-08  7.33176107e-08  0.00000000e+00  1.19999974e+00  6.57464298e-11  5.72226795e-14 
 7.33276107e-08  7.33276107e-08  0.00000000e+00  1.19999974e+00  6.57464298e-11  5.72226802e-14 
 7.33376107e-08  7.33376107e-08  0.00000000e+00  1.19999974e+00  6.57464298e-11  5.72226808e-14 
 7.33476107e-08  7.33476107e-08  0.00000000e+00  1.19999974e+00  6.57464298e-11  5.72226815e-14 
 7.33576107e-08  7.33576107e-08  0.00000000e+00  1.19999974e+00  6.57464298e-11  5.72226821e-14 
 7.33676107e-08  7.33676107e-08  0.00000000e+00  1.19999974e+00  6.57464298e-11  5.72226828e-14 
 7.33776107e-08  7.33776107e-08  0.00000000e+00  1.19999974e+00  6.57464298e-11  5.72226834e-14 
 7.33876107e-08  7.33876107e-08  0.00000000e+00  1.19999974e+00  6.57464298e-11  5.72226841e-14 
 7.33976107e-08  7.33976107e-08  0.00000000e+00  1.19999974e+00  6.57464298e-11  5.72226848e-14 
 7.34076107e-08  7.34076107e-08  0.00000000e+00  1.19999974e+00  6.57464298e-11  5.72226854e-14 
 7.34176107e-08  7.34176107e-08  0.00000000e+00  1.19999974e+00  6.57464298e-11  5.72226861e-14 
 7.34276107e-08  7.34276107e-08  0.00000000e+00  1.19999974e+00  6.57464298e-11  5.72226867e-14 
 7.34376107e-08  7.34376107e-08  0.00000000e+00  1.19999974e+00  6.57464298e-11  5.72226874e-14 
 7.34476107e-08  7.34476107e-08  0.00000000e+00  1.19999974e+00  6.57464298e-11  5.72226880e-14 
 7.34576107e-08  7.34576107e-08  0.00000000e+00  1.19999974e+00  6.57464298e-11  5.72226887e-14 
 7.34676107e-08  7.34676107e-08  0.00000000e+00  1.19999974e+00  6.57464298e-11  5.72226894e-14 
 7.34776107e-08  7.34776107e-08  0.00000000e+00  1.19999974e+00  6.57464298e-11  5.72226900e-14 
 7.34876107e-08  7.34876107e-08  0.00000000e+00  1.19999974e+00  6.57464298e-11  5.72226907e-14 
 7.34976107e-08  7.34976107e-08  0.00000000e+00  1.19999974e+00  6.57464298e-11  5.72226913e-14 
 7.35076107e-08  7.35076107e-08  0.00000000e+00  1.19999974e+00  6.57464298e-11  5.72226920e-14 
 7.35176107e-08  7.35176107e-08  0.00000000e+00  1.19999974e+00  6.57464298e-11  5.72226926e-14 
 7.35276107e-08  7.35276107e-08  0.00000000e+00  1.19999974e+00  6.57464298e-11  5.72226933e-14 
 7.35376107e-08  7.35376107e-08  0.00000000e+00  1.19999974e+00  6.57464298e-11  5.72226940e-14 
 7.35476107e-08  7.35476107e-08  0.00000000e+00  1.19999974e+00  6.57464298e-11  5.72226946e-14 
 7.35576107e-08  7.35576107e-08  0.00000000e+00  1.19999974e+00  6.57464298e-11  5.72226953e-14 
 7.35676107e-08  7.35676107e-08  0.00000000e+00  1.19999974e+00  6.57464298e-11  5.72226959e-14 
 7.35776107e-08  7.35776107e-08  0.00000000e+00  1.19999974e+00  6.57464298e-11  5.72226966e-14 
 7.35876107e-08  7.35876107e-08  0.00000000e+00  1.19999974e+00  6.57464298e-11  5.72226972e-14 
 7.35976107e-08  7.35976107e-08  0.00000000e+00  1.19999974e+00  6.57464298e-11  5.72226979e-14 
 7.36076107e-08  7.36076107e-08  0.00000000e+00  1.19999974e+00  6.57464298e-11  5.72226986e-14 
 7.36176107e-08  7.36176107e-08  0.00000000e+00  1.19999974e+00  6.57464298e-11  5.72226992e-14 
 7.36276107e-08  7.36276107e-08  0.00000000e+00  1.19999974e+00  6.57464298e-11  5.72226999e-14 
 7.36376107e-08  7.36376107e-08  0.00000000e+00  1.19999974e+00  6.57464298e-11  5.72227005e-14 
 7.36476107e-08  7.36476107e-08  0.00000000e+00  1.19999974e+00  6.57464298e-11  5.72227012e-14 
 7.36576107e-08  7.36576107e-08  0.00000000e+00  1.19999974e+00  6.57464298e-11  5.72227019e-14 
 7.36676107e-08  7.36676107e-08  0.00000000e+00  1.19999974e+00  6.57464298e-11  5.72227025e-14 
 7.36776107e-08  7.36776107e-08  0.00000000e+00  1.19999974e+00  6.57464298e-11  5.72227032e-14 
 7.36876107e-08  7.36876107e-08  0.00000000e+00  1.19999974e+00  6.57464298e-11  5.72227038e-14 
 7.36976107e-08  7.36976107e-08  0.00000000e+00  1.19999974e+00  6.57464298e-11  5.72227045e-14 
 7.37076107e-08  7.37076107e-08  0.00000000e+00  1.19999974e+00  6.57464298e-11  5.72227051e-14 
 7.37176107e-08  7.37176107e-08  0.00000000e+00  1.19999974e+00  6.57464298e-11  5.72227058e-14 
 7.37276107e-08  7.37276107e-08  0.00000000e+00  1.19999974e+00  6.57464298e-11  5.72227065e-14 
 7.37376107e-08  7.37376107e-08  0.00000000e+00  1.19999974e+00  6.57464298e-11  5.72227071e-14 
 7.37476107e-08  7.37476107e-08  0.00000000e+00  1.19999974e+00  6.57464298e-11  5.72227078e-14 
 7.37576107e-08  7.37576107e-08  0.00000000e+00  1.19999974e+00  6.57464298e-11  5.72227084e-14 
 7.37676107e-08  7.37676107e-08  0.00000000e+00  1.19999974e+00  6.57464298e-11  5.72227091e-14 
 7.37776107e-08  7.37776107e-08  0.00000000e+00  1.19999974e+00  6.57464298e-11  5.72227097e-14 
 7.37876107e-08  7.37876107e-08  0.00000000e+00  1.19999974e+00  6.57464298e-11  5.72227104e-14 
 7.37976107e-08  7.37976107e-08  0.00000000e+00  1.19999974e+00  6.57464298e-11  5.72227111e-14 
 7.38076107e-08  7.38076107e-08  0.00000000e+00  1.19999974e+00  6.57464298e-11  5.72227117e-14 
 7.38176107e-08  7.38176107e-08  0.00000000e+00  1.19999974e+00  6.57464298e-11  5.72227124e-14 
 7.38276107e-08  7.38276107e-08  0.00000000e+00  1.19999974e+00  6.57464298e-11  5.72227130e-14 
 7.38376107e-08  7.38376107e-08  0.00000000e+00  1.19999974e+00  6.57464298e-11  5.72227137e-14 
 7.38476107e-08  7.38476107e-08  0.00000000e+00  1.19999974e+00  6.57464298e-11  5.72227143e-14 
 7.38576107e-08  7.38576107e-08  0.00000000e+00  1.19999974e+00  6.57464298e-11  5.72227150e-14 
 7.38676107e-08  7.38676107e-08  0.00000000e+00  1.19999974e+00  6.57464298e-11  5.72227157e-14 
 7.38776107e-08  7.38776107e-08  0.00000000e+00  1.19999974e+00  6.57464298e-11  5.72227163e-14 
 7.38876107e-08  7.38876107e-08  0.00000000e+00  1.19999974e+00  6.57464298e-11  5.72227170e-14 
 7.38976107e-08  7.38976107e-08  0.00000000e+00  1.19999974e+00  6.57464298e-11  5.72227176e-14 
 7.39076107e-08  7.39076107e-08  0.00000000e+00  1.19999974e+00  6.57464298e-11  5.72227183e-14 
 7.39176107e-08  7.39176107e-08  0.00000000e+00  1.19999974e+00  6.57464298e-11  5.72227189e-14 
 7.39276107e-08  7.39276107e-08  0.00000000e+00  1.19999974e+00  6.57464298e-11  5.72227196e-14 
 7.39376107e-08  7.39376107e-08  0.00000000e+00  1.19999974e+00  6.57464298e-11  5.72227203e-14 
 7.39476107e-08  7.39476107e-08  0.00000000e+00  1.19999974e+00  6.57464298e-11  5.72227209e-14 
 7.39576107e-08  7.39576107e-08  0.00000000e+00  1.19999974e+00  6.57464298e-11  5.72227216e-14 
 7.39676107e-08  7.39676107e-08  0.00000000e+00  1.19999974e+00  6.57464298e-11  5.72227222e-14 
 7.39776107e-08  7.39776107e-08  0.00000000e+00  1.19999974e+00  6.57464298e-11  5.72227229e-14 
 7.39876107e-08  7.39876107e-08  0.00000000e+00  1.19999974e+00  6.57464298e-11  5.72227235e-14 
 7.39976107e-08  7.39976107e-08  0.00000000e+00  1.19999974e+00  6.57464298e-11  5.72227242e-14 
 7.40076107e-08  7.40076107e-08  0.00000000e+00  1.19999974e+00  6.57464298e-11  5.72227249e-14 
 7.40176107e-08  7.40176107e-08  0.00000000e+00  1.19999974e+00  6.57464298e-11  5.72227255e-14 
 7.40276107e-08  7.40276107e-08  0.00000000e+00  1.19999974e+00  6.57464298e-11  5.72227262e-14 
 7.40376107e-08  7.40376107e-08  0.00000000e+00  1.19999974e+00  6.57464298e-11  5.72227268e-14 
 7.40476107e-08  7.40476107e-08  0.00000000e+00  1.19999974e+00  6.57464298e-11  5.72227275e-14 
 7.40576107e-08  7.40576107e-08  0.00000000e+00  1.19999974e+00  6.57464298e-11  5.72227282e-14 
 7.40676107e-08  7.40676107e-08  0.00000000e+00  1.19999974e+00  6.57464298e-11  5.72227288e-14 
 7.40776107e-08  7.40776107e-08  0.00000000e+00  1.19999974e+00  6.57464298e-11  5.72227295e-14 
 7.40876107e-08  7.40876107e-08  0.00000000e+00  1.19999974e+00  6.57464298e-11  5.72227301e-14 
 7.40976107e-08  7.40976107e-08  0.00000000e+00  1.19999974e+00  6.57464298e-11  5.72227308e-14 
 7.41076107e-08  7.41076107e-08  0.00000000e+00  1.19999974e+00  6.57464298e-11  5.72227314e-14 
 7.41176107e-08  7.41176107e-08  0.00000000e+00  1.19999974e+00  6.57464298e-11  5.72227321e-14 
 7.41276107e-08  7.41276107e-08  0.00000000e+00  1.19999974e+00  6.57464298e-11  5.72227328e-14 
 7.41376107e-08  7.41376107e-08  0.00000000e+00  1.19999974e+00  6.57464298e-11  5.72227334e-14 
 7.41476107e-08  7.41476107e-08  0.00000000e+00  1.19999974e+00  6.57464298e-11  5.72227341e-14 
 7.41576107e-08  7.41576107e-08  0.00000000e+00  1.19999974e+00  6.57464298e-11  5.72227347e-14 
 7.41676107e-08  7.41676107e-08  0.00000000e+00  1.19999974e+00  6.57464298e-11  5.72227354e-14 
 7.41776107e-08  7.41776107e-08  0.00000000e+00  1.19999974e+00  6.57464298e-11  5.72227360e-14 
 7.41876107e-08  7.41876107e-08  0.00000000e+00  1.19999974e+00  6.57464298e-11  5.72227367e-14 
 7.41976107e-08  7.41976107e-08  0.00000000e+00  1.19999974e+00  6.57464298e-11  5.72227374e-14 
 7.42076107e-08  7.42076107e-08  0.00000000e+00  1.19999974e+00  6.57464298e-11  5.72227380e-14 
 7.42176107e-08  7.42176107e-08  0.00000000e+00  1.19999974e+00  6.57464298e-11  5.72227387e-14 
 7.42276107e-08  7.42276107e-08  0.00000000e+00  1.19999974e+00  6.57464298e-11  5.72227393e-14 
 7.42376107e-08  7.42376107e-08  0.00000000e+00  1.19999974e+00  6.57464298e-11  5.72227400e-14 
 7.42476107e-08  7.42476107e-08  0.00000000e+00  1.19999974e+00  6.57464298e-11  5.72227406e-14 
 7.42576107e-08  7.42576107e-08  0.00000000e+00  1.19999974e+00  6.57464298e-11  5.72227413e-14 
 7.42676107e-08  7.42676107e-08  0.00000000e+00  1.19999974e+00  6.57464298e-11  5.72227420e-14 
 7.42776107e-08  7.42776107e-08  0.00000000e+00  1.19999974e+00  6.57464298e-11  5.72227426e-14 
 7.42876107e-08  7.42876107e-08  0.00000000e+00  1.19999974e+00  6.57464298e-11  5.72227433e-14 
 7.42976107e-08  7.42976107e-08  0.00000000e+00  1.19999974e+00  6.57464298e-11  5.72227439e-14 
 7.43076107e-08  7.43076107e-08  0.00000000e+00  1.19999974e+00  6.57464298e-11  5.72227446e-14 
 7.43176107e-08  7.43176107e-08  0.00000000e+00  1.19999974e+00  6.57464298e-11  5.72227452e-14 
 7.43276107e-08  7.43276107e-08  0.00000000e+00  1.19999974e+00  6.57464298e-11  5.72227459e-14 
 7.43376107e-08  7.43376107e-08  0.00000000e+00  1.19999974e+00  6.57464298e-11  5.72227466e-14 
 7.43476107e-08  7.43476107e-08  0.00000000e+00  1.19999974e+00  6.57464298e-11  5.72227472e-14 
 7.43576107e-08  7.43576107e-08  0.00000000e+00  1.19999974e+00  6.57464298e-11  5.72227479e-14 
 7.43676107e-08  7.43676107e-08  0.00000000e+00  1.19999974e+00  6.57464298e-11  5.72227485e-14 
 7.43776107e-08  7.43776107e-08  0.00000000e+00  1.19999974e+00  6.57464298e-11  5.72227492e-14 
 7.43876107e-08  7.43876107e-08  0.00000000e+00  1.19999974e+00  6.57464298e-11  5.72227498e-14 
 7.43976107e-08  7.43976107e-08  0.00000000e+00  1.19999974e+00  6.57464298e-11  5.72227505e-14 
 7.44076107e-08  7.44076107e-08  0.00000000e+00  1.19999974e+00  6.57464298e-11  5.72227512e-14 
 7.44176107e-08  7.44176107e-08  0.00000000e+00  1.19999974e+00  6.57464298e-11  5.72227518e-14 
 7.44276107e-08  7.44276107e-08  0.00000000e+00  1.19999974e+00  6.57464298e-11  5.72227525e-14 
 7.44376107e-08  7.44376107e-08  0.00000000e+00  1.19999974e+00  6.57464298e-11  5.72227531e-14 
 7.44476107e-08  7.44476107e-08  0.00000000e+00  1.19999974e+00  6.57464298e-11  5.72227538e-14 
 7.44576107e-08  7.44576107e-08  0.00000000e+00  1.19999974e+00  6.57464298e-11  5.72227544e-14 
 7.44676107e-08  7.44676107e-08  0.00000000e+00  1.19999974e+00  6.57464298e-11  5.72227551e-14 
 7.44776107e-08  7.44776107e-08  0.00000000e+00  1.19999974e+00  6.57464298e-11  5.72227558e-14 
 7.44876107e-08  7.44876107e-08  0.00000000e+00  1.19999974e+00  6.57464298e-11  5.72227564e-14 
 7.44976107e-08  7.44976107e-08  0.00000000e+00  1.19999974e+00  6.57464298e-11  5.72227571e-14 
 7.45076107e-08  7.45076107e-08  0.00000000e+00  1.19999974e+00  6.57464298e-11  5.72227577e-14 
 7.45176107e-08  7.45176107e-08  0.00000000e+00  1.19999974e+00  6.57464298e-11  5.72227584e-14 
 7.45276107e-08  7.45276107e-08  0.00000000e+00  1.19999974e+00  6.57464298e-11  5.72227591e-14 
 7.45376107e-08  7.45376107e-08  0.00000000e+00  1.19999974e+00  6.57464298e-11  5.72227597e-14 
 7.45476107e-08  7.45476107e-08  0.00000000e+00  1.19999974e+00  6.57464298e-11  5.72227604e-14 
 7.45576107e-08  7.45576107e-08  0.00000000e+00  1.19999974e+00  6.57464298e-11  5.72227610e-14 
 7.45676107e-08  7.45676107e-08  0.00000000e+00  1.19999974e+00  6.57464298e-11  5.72227617e-14 
 7.45776107e-08  7.45776107e-08  0.00000000e+00  1.19999974e+00  6.57464298e-11  5.72227623e-14 
 7.45876107e-08  7.45876107e-08  0.00000000e+00  1.19999974e+00  6.57464298e-11  5.72227630e-14 
 7.45976107e-08  7.45976107e-08  0.00000000e+00  1.19999974e+00  6.57464298e-11  5.72227637e-14 
 7.46076107e-08  7.46076107e-08  0.00000000e+00  1.19999974e+00  6.57464298e-11  5.72227643e-14 
 7.46176107e-08  7.46176107e-08  0.00000000e+00  1.19999974e+00  6.57464298e-11  5.72227650e-14 
 7.46276107e-08  7.46276107e-08  0.00000000e+00  1.19999974e+00  6.57464298e-11  5.72227656e-14 
 7.46376107e-08  7.46376107e-08  0.00000000e+00  1.19999974e+00  6.57464298e-11  5.72227663e-14 
 7.46476107e-08  7.46476107e-08  0.00000000e+00  1.19999974e+00  6.57464298e-11  5.72227669e-14 
 7.46576107e-08  7.46576107e-08  0.00000000e+00  1.19999974e+00  6.57464298e-11  5.72227676e-14 
 7.46676107e-08  7.46676107e-08  0.00000000e+00  1.19999974e+00  6.57464298e-11  5.72227683e-14 
 7.46776107e-08  7.46776107e-08  0.00000000e+00  1.19999974e+00  6.57464298e-11  5.72227689e-14 
 7.46876107e-08  7.46876107e-08  0.00000000e+00  1.19999974e+00  6.57464298e-11  5.72227696e-14 
 7.46976107e-08  7.46976107e-08  0.00000000e+00  1.19999974e+00  6.57464298e-11  5.72227702e-14 
 7.47076107e-08  7.47076107e-08  0.00000000e+00  1.19999974e+00  6.57464298e-11  5.72227709e-14 
 7.47176107e-08  7.47176107e-08  0.00000000e+00  1.19999974e+00  6.57464298e-11  5.72227715e-14 
 7.47276107e-08  7.47276107e-08  0.00000000e+00  1.19999974e+00  6.57464298e-11  5.72227722e-14 
 7.47376107e-08  7.47376107e-08  0.00000000e+00  1.19999974e+00  6.57464298e-11  5.72227729e-14 
 7.47476107e-08  7.47476107e-08  0.00000000e+00  1.19999974e+00  6.57464298e-11  5.72227735e-14 
 7.47576107e-08  7.47576107e-08  0.00000000e+00  1.19999974e+00  6.57464298e-11  5.72227742e-14 
 7.47676107e-08  7.47676107e-08  0.00000000e+00  1.19999974e+00  6.57464298e-11  5.72227748e-14 
 7.47776107e-08  7.47776107e-08  0.00000000e+00  1.19999974e+00  6.57464298e-11  5.72227755e-14 
 7.47876107e-08  7.47876107e-08  0.00000000e+00  1.19999974e+00  6.57464298e-11  5.72227761e-14 
 7.47976107e-08  7.47976107e-08  0.00000000e+00  1.19999974e+00  6.57464298e-11  5.72227768e-14 
 7.48076107e-08  7.48076107e-08  0.00000000e+00  1.19999974e+00  6.57464298e-11  5.72227775e-14 
 7.48176107e-08  7.48176107e-08  0.00000000e+00  1.19999974e+00  6.57464298e-11  5.72227781e-14 
 7.48276107e-08  7.48276107e-08  0.00000000e+00  1.19999974e+00  6.57464298e-11  5.72227788e-14 
 7.48376107e-08  7.48376107e-08  0.00000000e+00  1.19999974e+00  6.57464298e-11  5.72227794e-14 
 7.48476107e-08  7.48476107e-08  0.00000000e+00  1.19999974e+00  6.57464298e-11  5.72227801e-14 
 7.48576107e-08  7.48576107e-08  0.00000000e+00  1.19999974e+00  6.57464298e-11  5.72227807e-14 
 7.48676107e-08  7.48676107e-08  0.00000000e+00  1.19999974e+00  6.57464298e-11  5.72227814e-14 
 7.48776107e-08  7.48776107e-08  0.00000000e+00  1.19999974e+00  6.57464298e-11  5.72227821e-14 
 7.48876107e-08  7.48876107e-08  0.00000000e+00  1.19999974e+00  6.57464298e-11  5.72227827e-14 
 7.48976107e-08  7.48976107e-08  0.00000000e+00  1.19999974e+00  6.57464298e-11  5.72227834e-14 
 7.49076107e-08  7.49076107e-08  0.00000000e+00  1.19999974e+00  6.57464298e-11  5.72227840e-14 
 7.49176107e-08  7.49176107e-08  0.00000000e+00  1.19999974e+00  6.57464298e-11  5.72227847e-14 
 7.49276107e-08  7.49276107e-08  0.00000000e+00  1.19999974e+00  6.57464298e-11  5.72227853e-14 
 7.49376107e-08  7.49376107e-08  0.00000000e+00  1.19999974e+00  6.57464298e-11  5.72227860e-14 
 7.49476107e-08  7.49476107e-08  0.00000000e+00  1.19999974e+00  6.57464298e-11  5.72227867e-14 
 7.49576107e-08  7.49576107e-08  0.00000000e+00  1.19999974e+00  6.57464298e-11  5.72227873e-14 
 7.49676107e-08  7.49676107e-08  0.00000000e+00  1.19999974e+00  6.57464298e-11  5.72227880e-14 
 7.49776107e-08  7.49776107e-08  0.00000000e+00  1.19999974e+00  6.57464298e-11  5.72227886e-14 
 7.49876107e-08  7.49876107e-08  0.00000000e+00  1.19999974e+00  6.57464298e-11  5.72227893e-14 
 7.49976107e-08  7.49976107e-08  0.00000000e+00  1.19999974e+00  6.57464298e-11  5.72227900e-14 
 7.50076107e-08  7.50076107e-08  0.00000000e+00  1.19999974e+00  6.57464298e-11  5.72227906e-14 
 7.50176107e-08  7.50176107e-08  0.00000000e+00  1.19999974e+00  6.57464298e-11  5.72227913e-14 
 7.50276107e-08  7.50276107e-08  0.00000000e+00  1.19999974e+00  6.57464298e-11  5.72227919e-14 
 7.50376107e-08  7.50376107e-08  0.00000000e+00  1.19999974e+00  6.57464298e-11  5.72227926e-14 
 7.50476107e-08  7.50476107e-08  0.00000000e+00  1.19999974e+00  6.57464298e-11  5.72227932e-14 
 7.50576107e-08  7.50576107e-08  0.00000000e+00  1.19999974e+00  6.57464298e-11  5.72227939e-14 
 7.50676107e-08  7.50676107e-08  0.00000000e+00  1.19999974e+00  6.57464298e-11  5.72227946e-14 
 7.50776107e-08  7.50776107e-08  0.00000000e+00  1.19999974e+00  6.57464298e-11  5.72227952e-14 
 7.50876107e-08  7.50876107e-08  0.00000000e+00  1.19999974e+00  6.57464298e-11  5.72227959e-14 
 7.50976107e-08  7.50976107e-08  0.00000000e+00  1.19999974e+00  6.57464298e-11  5.72227965e-14 
 7.51076107e-08  7.51076107e-08  0.00000000e+00  1.19999974e+00  6.57464298e-11  5.72227972e-14 
 7.51176107e-08  7.51176107e-08  0.00000000e+00  1.19999974e+00  6.57464298e-11  5.72227978e-14 
 7.51276107e-08  7.51276107e-08  0.00000000e+00  1.19999974e+00  6.57464298e-11  5.72227985e-14 
 7.51376107e-08  7.51376107e-08  0.00000000e+00  1.19999974e+00  6.57464298e-11  5.72227992e-14 
 7.51476107e-08  7.51476107e-08  0.00000000e+00  1.19999974e+00  6.57464298e-11  5.72227998e-14 
 7.51576107e-08  7.51576107e-08  0.00000000e+00  1.19999974e+00  6.57464298e-11  5.72228005e-14 
 7.51676107e-08  7.51676107e-08  0.00000000e+00  1.19999974e+00  6.57464298e-11  5.72228011e-14 
 7.51776107e-08  7.51776107e-08  0.00000000e+00  1.19999974e+00  6.57464298e-11  5.72228018e-14 
 7.51876107e-08  7.51876107e-08  0.00000000e+00  1.19999974e+00  6.57464298e-11  5.72228024e-14 
 7.51976107e-08  7.51976107e-08  0.00000000e+00  1.19999974e+00  6.57464298e-11  5.72228031e-14 
 7.52076107e-08  7.52076107e-08  0.00000000e+00  1.19999974e+00  6.57464298e-11  5.72228038e-14 
 7.52176107e-08  7.52176107e-08  0.00000000e+00  1.19999974e+00  6.57464298e-11  5.72228044e-14 
 7.52276107e-08  7.52276107e-08  0.00000000e+00  1.19999974e+00  6.57464298e-11  5.72228051e-14 
 7.52376107e-08  7.52376107e-08  0.00000000e+00  1.19999974e+00  6.57464298e-11  5.72228057e-14 
 7.52476107e-08  7.52476107e-08  0.00000000e+00  1.19999974e+00  6.57464298e-11  5.72228064e-14 
 7.52576107e-08  7.52576107e-08  0.00000000e+00  1.19999974e+00  6.57464298e-11  5.72228070e-14 
 7.52676107e-08  7.52676107e-08  0.00000000e+00  1.19999974e+00  6.57464298e-11  5.72228077e-14 
 7.52776107e-08  7.52776107e-08  0.00000000e+00  1.19999974e+00  6.57464298e-11  5.72228084e-14 
 7.52876107e-08  7.52876107e-08  0.00000000e+00  1.19999974e+00  6.57464298e-11  5.72228090e-14 
 7.52976107e-08  7.52976107e-08  0.00000000e+00  1.19999974e+00  6.57464298e-11  5.72228097e-14 
 7.53076107e-08  7.53076107e-08  0.00000000e+00  1.19999974e+00  6.57464298e-11  5.72228103e-14 
 7.53176107e-08  7.53176107e-08  0.00000000e+00  1.19999974e+00  6.57464298e-11  5.72228110e-14 
 7.53276107e-08  7.53276107e-08  0.00000000e+00  1.19999974e+00  6.57464298e-11  5.72228116e-14 
 7.53376107e-08  7.53376107e-08  0.00000000e+00  1.19999974e+00  6.57464298e-11  5.72228123e-14 
 7.53476107e-08  7.53476107e-08  0.00000000e+00  1.19999974e+00  6.57464298e-11  5.72228130e-14 
 7.53576107e-08  7.53576107e-08  0.00000000e+00  1.19999974e+00  6.57464298e-11  5.72228136e-14 
 7.53676107e-08  7.53676107e-08  0.00000000e+00  1.19999974e+00  6.57464298e-11  5.72228143e-14 
 7.53776107e-08  7.53776107e-08  0.00000000e+00  1.19999974e+00  6.57464298e-11  5.72228149e-14 
 7.53876107e-08  7.53876107e-08  0.00000000e+00  1.19999974e+00  6.57464298e-11  5.72228156e-14 
 7.53976107e-08  7.53976107e-08  0.00000000e+00  1.19999974e+00  6.57464298e-11  5.72228163e-14 
 7.54076107e-08  7.54076107e-08  0.00000000e+00  1.19999974e+00  6.57464298e-11  5.72228169e-14 
 7.54176107e-08  7.54176107e-08  0.00000000e+00  1.19999974e+00  6.57464298e-11  5.72228176e-14 
 7.54276107e-08  7.54276107e-08  0.00000000e+00  1.19999974e+00  6.57464298e-11  5.72228182e-14 
 7.54376107e-08  7.54376107e-08  0.00000000e+00  1.19999974e+00  6.57464298e-11  5.72228189e-14 
 7.54476107e-08  7.54476107e-08  0.00000000e+00  1.19999974e+00  6.57464298e-11  5.72228195e-14 
 7.54576107e-08  7.54576107e-08  0.00000000e+00  1.19999974e+00  6.57464298e-11  5.72228202e-14 
 7.54676107e-08  7.54676107e-08  0.00000000e+00  1.19999974e+00  6.57464298e-11  5.72228209e-14 
 7.54776107e-08  7.54776107e-08  0.00000000e+00  1.19999974e+00  6.57464298e-11  5.72228215e-14 
 7.54876107e-08  7.54876107e-08  0.00000000e+00  1.19999974e+00  6.57464298e-11  5.72228222e-14 
 7.54976107e-08  7.54976107e-08  0.00000000e+00  1.19999974e+00  6.57464298e-11  5.72228228e-14 
 7.55076107e-08  7.55076107e-08  0.00000000e+00  1.19999974e+00  6.57464298e-11  5.72228235e-14 
 7.55176107e-08  7.55176107e-08  0.00000000e+00  1.19999974e+00  6.57464298e-11  5.72228241e-14 
 7.55276107e-08  7.55276107e-08  0.00000000e+00  1.19999974e+00  6.57464298e-11  5.72228248e-14 
 7.55376107e-08  7.55376107e-08  0.00000000e+00  1.19999974e+00  6.57464298e-11  5.72228255e-14 
 7.55476107e-08  7.55476107e-08  0.00000000e+00  1.19999974e+00  6.57464298e-11  5.72228261e-14 
 7.55576107e-08  7.55576107e-08  0.00000000e+00  1.19999974e+00  6.57464298e-11  5.72228268e-14 
 7.55676107e-08  7.55676107e-08  0.00000000e+00  1.19999974e+00  6.57464298e-11  5.72228274e-14 
 7.55776107e-08  7.55776107e-08  0.00000000e+00  1.19999974e+00  6.57464298e-11  5.72228281e-14 
 7.55876107e-08  7.55876107e-08  0.00000000e+00  1.19999974e+00  6.57464298e-11  5.72228287e-14 
 7.55976107e-08  7.55976107e-08  0.00000000e+00  1.19999974e+00  6.57464298e-11  5.72228294e-14 
 7.56076107e-08  7.56076107e-08  0.00000000e+00  1.19999974e+00  6.57464298e-11  5.72228301e-14 
 7.56176107e-08  7.56176107e-08  0.00000000e+00  1.19999974e+00  6.57464298e-11  5.72228307e-14 
 7.56276107e-08  7.56276107e-08  0.00000000e+00  1.19999974e+00  6.57464298e-11  5.72228314e-14 
 7.56376107e-08  7.56376107e-08  0.00000000e+00  1.19999974e+00  6.57464298e-11  5.72228320e-14 
 7.56476107e-08  7.56476107e-08  0.00000000e+00  1.19999974e+00  6.57464298e-11  5.72228327e-14 
 7.56576107e-08  7.56576107e-08  0.00000000e+00  1.19999974e+00  6.57464298e-11  5.72228333e-14 
 7.56676107e-08  7.56676107e-08  0.00000000e+00  1.19999974e+00  6.57464298e-11  5.72228340e-14 
 7.56776107e-08  7.56776107e-08  0.00000000e+00  1.19999974e+00  6.57464298e-11  5.72228347e-14 
 7.56876107e-08  7.56876107e-08  0.00000000e+00  1.19999974e+00  6.57464298e-11  5.72228353e-14 
 7.56976107e-08  7.56976107e-08  0.00000000e+00  1.19999974e+00  6.57464298e-11  5.72228360e-14 
 7.57076107e-08  7.57076107e-08  0.00000000e+00  1.19999974e+00  6.57464298e-11  5.72228366e-14 
 7.57176107e-08  7.57176107e-08  0.00000000e+00  1.19999974e+00  6.57464298e-11  5.72228373e-14 
 7.57276107e-08  7.57276107e-08  0.00000000e+00  1.19999974e+00  6.57464298e-11  5.72228379e-14 
 7.57376107e-08  7.57376107e-08  0.00000000e+00  1.19999974e+00  6.57464298e-11  5.72228386e-14 
 7.57476107e-08  7.57476107e-08  0.00000000e+00  1.19999974e+00  6.57464298e-11  5.72228393e-14 
 7.57576107e-08  7.57576107e-08  0.00000000e+00  1.19999974e+00  6.57464298e-11  5.72228399e-14 
 7.57676107e-08  7.57676107e-08  0.00000000e+00  1.19999974e+00  6.57464298e-11  5.72228406e-14 
 7.57776107e-08  7.57776107e-08  0.00000000e+00  1.19999974e+00  6.57464298e-11  5.72228412e-14 
 7.57876107e-08  7.57876107e-08  0.00000000e+00  1.19999974e+00  6.57464298e-11  5.72228419e-14 
 7.57976107e-08  7.57976107e-08  0.00000000e+00  1.19999974e+00  6.57464298e-11  5.72228425e-14 
 7.58076107e-08  7.58076107e-08  0.00000000e+00  1.19999974e+00  6.57464298e-11  5.72228432e-14 
 7.58176107e-08  7.58176107e-08  0.00000000e+00  1.19999974e+00  6.57464298e-11  5.72228439e-14 
 7.58276107e-08  7.58276107e-08  0.00000000e+00  1.19999974e+00  6.57464298e-11  5.72228445e-14 
 7.58376107e-08  7.58376107e-08  0.00000000e+00  1.19999974e+00  6.57464298e-11  5.72228452e-14 
 7.58476107e-08  7.58476107e-08  0.00000000e+00  1.19999974e+00  6.57464298e-11  5.72228458e-14 
 7.58576107e-08  7.58576107e-08  0.00000000e+00  1.19999974e+00  6.57464298e-11  5.72228465e-14 
 7.58676107e-08  7.58676107e-08  0.00000000e+00  1.19999974e+00  6.57464298e-11  5.72228472e-14 
 7.58776107e-08  7.58776107e-08  0.00000000e+00  1.19999974e+00  6.57464298e-11  5.72228478e-14 
 7.58876107e-08  7.58876107e-08  0.00000000e+00  1.19999974e+00  6.57464298e-11  5.72228485e-14 
 7.58976107e-08  7.58976107e-08  0.00000000e+00  1.19999974e+00  6.57464298e-11  5.72228491e-14 
 7.59076107e-08  7.59076107e-08  0.00000000e+00  1.19999974e+00  6.57464298e-11  5.72228498e-14 
 7.59176107e-08  7.59176107e-08  0.00000000e+00  1.19999974e+00  6.57464298e-11  5.72228504e-14 
 7.59276107e-08  7.59276107e-08  0.00000000e+00  1.19999974e+00  6.57464298e-11  5.72228511e-14 
 7.59376107e-08  7.59376107e-08  0.00000000e+00  1.19999974e+00  6.57464298e-11  5.72228518e-14 
 7.59476107e-08  7.59476107e-08  0.00000000e+00  1.19999974e+00  6.57464298e-11  5.72228524e-14 
 7.59576107e-08  7.59576107e-08  0.00000000e+00  1.19999974e+00  6.57464298e-11  5.72228531e-14 
 7.59676107e-08  7.59676107e-08  0.00000000e+00  1.19999974e+00  6.57464298e-11  5.72228537e-14 
 7.59776107e-08  7.59776107e-08  0.00000000e+00  1.19999974e+00  6.57464298e-11  5.72228544e-14 
 7.59876107e-08  7.59876107e-08  0.00000000e+00  1.19999974e+00  6.57464298e-11  5.72228550e-14 
 7.59976107e-08  7.59976107e-08  0.00000000e+00  1.19999974e+00  6.57464298e-11  5.72228557e-14 
 7.60076107e-08  7.60076107e-08  0.00000000e+00  1.19999974e+00  6.57464298e-11  5.72228564e-14 
 7.60176107e-08  7.60176107e-08  0.00000000e+00  1.19999974e+00  6.57464298e-11  5.72228570e-14 
 7.60276107e-08  7.60276107e-08  0.00000000e+00  1.19999974e+00  6.57464298e-11  5.72228577e-14 
 7.60376107e-08  7.60376107e-08  0.00000000e+00  1.19999974e+00  6.57464298e-11  5.72228583e-14 
 7.60476107e-08  7.60476107e-08  0.00000000e+00  1.19999974e+00  6.57464298e-11  5.72228590e-14 
 7.60576107e-08  7.60576107e-08  0.00000000e+00  1.19999974e+00  6.57464298e-11  5.72228596e-14 
 7.60676107e-08  7.60676107e-08  0.00000000e+00  1.19999974e+00  6.57464298e-11  5.72228603e-14 
 7.60776107e-08  7.60776107e-08  0.00000000e+00  1.19999974e+00  6.57464298e-11  5.72228610e-14 
 7.60876107e-08  7.60876107e-08  0.00000000e+00  1.19999974e+00  6.57464298e-11  5.72228616e-14 
 7.60976107e-08  7.60976107e-08  0.00000000e+00  1.19999974e+00  6.57464298e-11  5.72228623e-14 
 7.61076107e-08  7.61076107e-08  0.00000000e+00  1.19999974e+00  6.57464298e-11  5.72228629e-14 
 7.61176107e-08  7.61176107e-08  0.00000000e+00  1.19999974e+00  6.57464298e-11  5.72228636e-14 
 7.61276107e-08  7.61276107e-08  0.00000000e+00  1.19999974e+00  6.57464298e-11  5.72228642e-14 
 7.61376107e-08  7.61376107e-08  0.00000000e+00  1.19999974e+00  6.57464298e-11  5.72228649e-14 
 7.61476107e-08  7.61476107e-08  0.00000000e+00  1.19999974e+00  6.57464298e-11  5.72228656e-14 
 7.61576107e-08  7.61576107e-08  0.00000000e+00  1.19999974e+00  6.57464298e-11  5.72228662e-14 
 7.61676107e-08  7.61676107e-08  0.00000000e+00  1.19999974e+00  6.57464298e-11  5.72228669e-14 
 7.61776107e-08  7.61776107e-08  0.00000000e+00  1.19999974e+00  6.57464298e-11  5.72228675e-14 
 7.61876107e-08  7.61876107e-08  0.00000000e+00  1.19999974e+00  6.57464298e-11  5.72228682e-14 
 7.61976107e-08  7.61976107e-08  0.00000000e+00  1.19999974e+00  6.57464298e-11  5.72228688e-14 
 7.62076107e-08  7.62076107e-08  0.00000000e+00  1.19999974e+00  6.57464298e-11  5.72228695e-14 
 7.62176107e-08  7.62176107e-08  0.00000000e+00  1.19999974e+00  6.57464298e-11  5.72228702e-14 
 7.62276107e-08  7.62276107e-08  0.00000000e+00  1.19999974e+00  6.57464298e-11  5.72228708e-14 
 7.62376107e-08  7.62376107e-08  0.00000000e+00  1.19999974e+00  6.57464298e-11  5.72228715e-14 
 7.62476107e-08  7.62476107e-08  0.00000000e+00  1.19999974e+00  6.57464298e-11  5.72228721e-14 
 7.62576107e-08  7.62576107e-08  0.00000000e+00  1.19999974e+00  6.57464298e-11  5.72228728e-14 
 7.62676107e-08  7.62676107e-08  0.00000000e+00  1.19999974e+00  6.57464298e-11  5.72228734e-14 
 7.62776107e-08  7.62776107e-08  0.00000000e+00  1.19999974e+00  6.57464298e-11  5.72228741e-14 
 7.62876107e-08  7.62876107e-08  0.00000000e+00  1.19999974e+00  6.57464298e-11  5.72228748e-14 
 7.62976107e-08  7.62976107e-08  0.00000000e+00  1.19999974e+00  6.57464298e-11  5.72228754e-14 
 7.63076107e-08  7.63076107e-08  0.00000000e+00  1.19999974e+00  6.57464298e-11  5.72228761e-14 
 7.63176107e-08  7.63176107e-08  0.00000000e+00  1.19999974e+00  6.57464298e-11  5.72228767e-14 
 7.63276107e-08  7.63276107e-08  0.00000000e+00  1.19999974e+00  6.57464298e-11  5.72228774e-14 
 7.63376107e-08  7.63376107e-08  0.00000000e+00  1.19999974e+00  6.57464298e-11  5.72228781e-14 
 7.63476107e-08  7.63476107e-08  0.00000000e+00  1.19999974e+00  6.57464298e-11  5.72228787e-14 
 7.63576107e-08  7.63576107e-08  0.00000000e+00  1.19999974e+00  6.57464298e-11  5.72228794e-14 
 7.63676107e-08  7.63676107e-08  0.00000000e+00  1.19999974e+00  6.57464298e-11  5.72228800e-14 
 7.63776107e-08  7.63776107e-08  0.00000000e+00  1.19999974e+00  6.57464298e-11  5.72228807e-14 
 7.63876107e-08  7.63876107e-08  0.00000000e+00  1.19999974e+00  6.57464298e-11  5.72228813e-14 
 7.63976107e-08  7.63976107e-08  0.00000000e+00  1.19999974e+00  6.57464298e-11  5.72228820e-14 
 7.64076107e-08  7.64076107e-08  0.00000000e+00  1.19999974e+00  6.57464298e-11  5.72228827e-14 
 7.64176107e-08  7.64176107e-08  0.00000000e+00  1.19999974e+00  6.57464298e-11  5.72228833e-14 
 7.64276107e-08  7.64276107e-08  0.00000000e+00  1.19999974e+00  6.57464298e-11  5.72228840e-14 
 7.64376107e-08  7.64376107e-08  0.00000000e+00  1.19999974e+00  6.57464298e-11  5.72228846e-14 
 7.64476107e-08  7.64476107e-08  0.00000000e+00  1.19999974e+00  6.57464298e-11  5.72228853e-14 
 7.64576107e-08  7.64576107e-08  0.00000000e+00  1.19999974e+00  6.57464298e-11  5.72228859e-14 
 7.64676107e-08  7.64676107e-08  0.00000000e+00  1.19999974e+00  6.57464298e-11  5.72228866e-14 
 7.64776107e-08  7.64776107e-08  0.00000000e+00  1.19999974e+00  6.57464298e-11  5.72228873e-14 
 7.64876107e-08  7.64876107e-08  0.00000000e+00  1.19999974e+00  6.57464298e-11  5.72228879e-14 
 7.64976107e-08  7.64976107e-08  0.00000000e+00  1.19999974e+00  6.57464298e-11  5.72228886e-14 
 7.65076107e-08  7.65076107e-08  0.00000000e+00  1.19999974e+00  6.57464298e-11  5.72228892e-14 
 7.65176107e-08  7.65176107e-08  0.00000000e+00  1.19999974e+00  6.57464298e-11  5.72228899e-14 
 7.65276107e-08  7.65276107e-08  0.00000000e+00  1.19999974e+00  6.57464298e-11  5.72228905e-14 
 7.65376107e-08  7.65376107e-08  0.00000000e+00  1.19999974e+00  6.57464298e-11  5.72228912e-14 
 7.65476107e-08  7.65476107e-08  0.00000000e+00  1.19999974e+00  6.57464298e-11  5.72228919e-14 
 7.65576107e-08  7.65576107e-08  0.00000000e+00  1.19999974e+00  6.57464298e-11  5.72228925e-14 
 7.65676107e-08  7.65676107e-08  0.00000000e+00  1.19999974e+00  6.57464298e-11  5.72228932e-14 
 7.65776107e-08  7.65776107e-08  0.00000000e+00  1.19999974e+00  6.57464298e-11  5.72228938e-14 
 7.65876107e-08  7.65876107e-08  0.00000000e+00  1.19999974e+00  6.57464298e-11  5.72228945e-14 
 7.65976107e-08  7.65976107e-08  0.00000000e+00  1.19999974e+00  6.57464298e-11  5.72228951e-14 
 7.66076107e-08  7.66076107e-08  0.00000000e+00  1.19999974e+00  6.57464298e-11  5.72228958e-14 
 7.66176107e-08  7.66176107e-08  0.00000000e+00  1.19999974e+00  6.57464298e-11  5.72228965e-14 
 7.66276107e-08  7.66276107e-08  0.00000000e+00  1.19999974e+00  6.57464298e-11  5.72228971e-14 
 7.66376107e-08  7.66376107e-08  0.00000000e+00  1.19999974e+00  6.57464298e-11  5.72228978e-14 
 7.66476107e-08  7.66476107e-08  0.00000000e+00  1.19999974e+00  6.57464298e-11  5.72228984e-14 
 7.66576107e-08  7.66576107e-08  0.00000000e+00  1.19999974e+00  6.57464298e-11  5.72228991e-14 
 7.66676107e-08  7.66676107e-08  0.00000000e+00  1.19999974e+00  6.57464298e-11  5.72228997e-14 
 7.66776107e-08  7.66776107e-08  0.00000000e+00  1.19999974e+00  6.57464298e-11  5.72229004e-14 
 7.66876107e-08  7.66876107e-08  0.00000000e+00  1.19999974e+00  6.57464298e-11  5.72229011e-14 
 7.66976107e-08  7.66976107e-08  0.00000000e+00  1.19999974e+00  6.57464298e-11  5.72229017e-14 
 7.67076107e-08  7.67076107e-08  0.00000000e+00  1.19999974e+00  6.57464298e-11  5.72229024e-14 
 7.67176107e-08  7.67176107e-08  0.00000000e+00  1.19999974e+00  6.57464298e-11  5.72229030e-14 
 7.67276107e-08  7.67276107e-08  0.00000000e+00  1.19999974e+00  6.57464298e-11  5.72229037e-14 
 7.67376107e-08  7.67376107e-08  0.00000000e+00  1.19999974e+00  6.57464298e-11  5.72229044e-14 
 7.67476107e-08  7.67476107e-08  0.00000000e+00  1.19999974e+00  6.57464298e-11  5.72229050e-14 
 7.67576107e-08  7.67576107e-08  0.00000000e+00  1.19999974e+00  6.57464298e-11  5.72229057e-14 
 7.67676107e-08  7.67676107e-08  0.00000000e+00  1.19999974e+00  6.57464298e-11  5.72229063e-14 
 7.67776107e-08  7.67776107e-08  0.00000000e+00  1.19999974e+00  6.57464298e-11  5.72229070e-14 
 7.67876107e-08  7.67876107e-08  0.00000000e+00  1.19999974e+00  6.57464298e-11  5.72229076e-14 
 7.67976107e-08  7.67976107e-08  0.00000000e+00  1.19999974e+00  6.57464298e-11  5.72229083e-14 
 7.68076107e-08  7.68076107e-08  0.00000000e+00  1.19999974e+00  6.57464298e-11  5.72229090e-14 
 7.68176107e-08  7.68176107e-08  0.00000000e+00  1.19999974e+00  6.57464298e-11  5.72229096e-14 
 7.68276107e-08  7.68276107e-08  0.00000000e+00  1.19999974e+00  6.57464298e-11  5.72229103e-14 
 7.68376107e-08  7.68376107e-08  0.00000000e+00  1.19999974e+00  6.57464298e-11  5.72229109e-14 
 7.68476107e-08  7.68476107e-08  0.00000000e+00  1.19999974e+00  6.57464298e-11  5.72229116e-14 
 7.68576107e-08  7.68576107e-08  0.00000000e+00  1.19999974e+00  6.57464298e-11  5.72229122e-14 
 7.68676107e-08  7.68676107e-08  0.00000000e+00  1.19999974e+00  6.57464298e-11  5.72229129e-14 
 7.68776107e-08  7.68776107e-08  0.00000000e+00  1.19999974e+00  6.57464298e-11  5.72229136e-14 
 7.68876107e-08  7.68876107e-08  0.00000000e+00  1.19999974e+00  6.57464298e-11  5.72229142e-14 
 7.68976107e-08  7.68976107e-08  0.00000000e+00  1.19999974e+00  6.57464298e-11  5.72229149e-14 
 7.69076107e-08  7.69076107e-08  0.00000000e+00  1.19999974e+00  6.57464298e-11  5.72229155e-14 
 7.69176107e-08  7.69176107e-08  0.00000000e+00  1.19999974e+00  6.57464298e-11  5.72229162e-14 
 7.69276107e-08  7.69276107e-08  0.00000000e+00  1.19999974e+00  6.57464298e-11  5.72229168e-14 
 7.69376107e-08  7.69376107e-08  0.00000000e+00  1.19999974e+00  6.57464298e-11  5.72229175e-14 
 7.69476107e-08  7.69476107e-08  0.00000000e+00  1.19999974e+00  6.57464298e-11  5.72229182e-14 
 7.69576107e-08  7.69576107e-08  0.00000000e+00  1.19999974e+00  6.57464298e-11  5.72229188e-14 
 7.69676107e-08  7.69676107e-08  0.00000000e+00  1.19999974e+00  6.57464298e-11  5.72229195e-14 
 7.69776107e-08  7.69776107e-08  0.00000000e+00  1.19999974e+00  6.57464298e-11  5.72229201e-14 
 7.69876107e-08  7.69876107e-08  0.00000000e+00  1.19999974e+00  6.57464298e-11  5.72229208e-14 
 7.69976107e-08  7.69976107e-08  0.00000000e+00  1.19999974e+00  6.57464298e-11  5.72229214e-14 
 7.70076107e-08  7.70076107e-08  0.00000000e+00  1.19999974e+00  6.57464298e-11  5.72229221e-14 
 7.70176107e-08  7.70176107e-08  0.00000000e+00  1.19999974e+00  6.57464298e-11  5.72229228e-14 
 7.70276107e-08  7.70276107e-08  0.00000000e+00  1.19999974e+00  6.57464298e-11  5.72229234e-14 
 7.70376107e-08  7.70376107e-08  0.00000000e+00  1.19999974e+00  6.57464298e-11  5.72229241e-14 
 7.70476107e-08  7.70476107e-08  0.00000000e+00  1.19999974e+00  6.57464298e-11  5.72229247e-14 
 7.70576107e-08  7.70576107e-08  0.00000000e+00  1.19999974e+00  6.57464298e-11  5.72229254e-14 
 7.70676107e-08  7.70676107e-08  0.00000000e+00  1.19999974e+00  6.57464298e-11  5.72229260e-14 
 7.70776107e-08  7.70776107e-08  0.00000000e+00  1.19999974e+00  6.57464298e-11  5.72229267e-14 
 7.70876107e-08  7.70876107e-08  0.00000000e+00  1.19999974e+00  6.57464298e-11  5.72229274e-14 
 7.70976107e-08  7.70976107e-08  0.00000000e+00  1.19999974e+00  6.57464298e-11  5.72229280e-14 
 7.71076107e-08  7.71076107e-08  0.00000000e+00  1.19999974e+00  6.57464298e-11  5.72229287e-14 
 7.71176107e-08  7.71176107e-08  0.00000000e+00  1.19999974e+00  6.57464298e-11  5.72229293e-14 
 7.71276107e-08  7.71276107e-08  0.00000000e+00  1.19999974e+00  6.57464298e-11  5.72229300e-14 
 7.71376107e-08  7.71376107e-08  0.00000000e+00  1.19999974e+00  6.57464298e-11  5.72229306e-14 
 7.71476107e-08  7.71476107e-08  0.00000000e+00  1.19999974e+00  6.57464298e-11  5.72229313e-14 
 7.71576107e-08  7.71576107e-08  0.00000000e+00  1.19999974e+00  6.57464298e-11  5.72229320e-14 
 7.71676107e-08  7.71676107e-08  0.00000000e+00  1.19999974e+00  6.57464298e-11  5.72229326e-14 
 7.71776107e-08  7.71776107e-08  0.00000000e+00  1.19999974e+00  6.57464298e-11  5.72229333e-14 
 7.71876107e-08  7.71876107e-08  0.00000000e+00  1.19999974e+00  6.57464298e-11  5.72229339e-14 
 7.71976107e-08  7.71976107e-08  0.00000000e+00  1.19999974e+00  6.57464298e-11  5.72229346e-14 
 7.72076107e-08  7.72076107e-08  0.00000000e+00  1.19999974e+00  6.57464298e-11  5.72229353e-14 
 7.72176107e-08  7.72176107e-08  0.00000000e+00  1.19999974e+00  6.57464298e-11  5.72229359e-14 
 7.72276107e-08  7.72276107e-08  0.00000000e+00  1.19999974e+00  6.57464298e-11  5.72229366e-14 
 7.72376107e-08  7.72376107e-08  0.00000000e+00  1.19999974e+00  6.57464298e-11  5.72229372e-14 
 7.72476107e-08  7.72476107e-08  0.00000000e+00  1.19999974e+00  6.57464298e-11  5.72229379e-14 
 7.72576107e-08  7.72576107e-08  0.00000000e+00  1.19999974e+00  6.57464298e-11  5.72229385e-14 
 7.72676107e-08  7.72676107e-08  0.00000000e+00  1.19999974e+00  6.57464298e-11  5.72229392e-14 
 7.72776107e-08  7.72776107e-08  0.00000000e+00  1.19999974e+00  6.57464298e-11  5.72229399e-14 
 7.72876107e-08  7.72876107e-08  0.00000000e+00  1.19999974e+00  6.57464298e-11  5.72229405e-14 
 7.72976107e-08  7.72976107e-08  0.00000000e+00  1.19999974e+00  6.57464298e-11  5.72229412e-14 
 7.73076107e-08  7.73076107e-08  0.00000000e+00  1.19999974e+00  6.57464298e-11  5.72229418e-14 
 7.73176107e-08  7.73176107e-08  0.00000000e+00  1.19999974e+00  6.57464298e-11  5.72229425e-14 
 7.73276107e-08  7.73276107e-08  0.00000000e+00  1.19999974e+00  6.57464298e-11  5.72229431e-14 
 7.73376107e-08  7.73376107e-08  0.00000000e+00  1.19999974e+00  6.57464298e-11  5.72229438e-14 
 7.73476107e-08  7.73476107e-08  0.00000000e+00  1.19999974e+00  6.57464298e-11  5.72229445e-14 
 7.73576107e-08  7.73576107e-08  0.00000000e+00  1.19999974e+00  6.57464298e-11  5.72229451e-14 
 7.73676107e-08  7.73676107e-08  0.00000000e+00  1.19999974e+00  6.57464298e-11  5.72229458e-14 
 7.73776107e-08  7.73776107e-08  0.00000000e+00  1.19999974e+00  6.57464298e-11  5.72229464e-14 
 7.73876107e-08  7.73876107e-08  0.00000000e+00  1.19999974e+00  6.57464298e-11  5.72229471e-14 
 7.73976107e-08  7.73976107e-08  0.00000000e+00  1.19999974e+00  6.57464298e-11  5.72229477e-14 
 7.74076107e-08  7.74076107e-08  0.00000000e+00  1.19999974e+00  6.57464298e-11  5.72229484e-14 
 7.74176107e-08  7.74176107e-08  0.00000000e+00  1.19999974e+00  6.57464298e-11  5.72229491e-14 
 7.74276107e-08  7.74276107e-08  0.00000000e+00  1.19999974e+00  6.57464298e-11  5.72229497e-14 
 7.74376107e-08  7.74376107e-08  0.00000000e+00  1.19999974e+00  6.57464298e-11  5.72229504e-14 
 7.74476107e-08  7.74476107e-08  0.00000000e+00  1.19999974e+00  6.57464298e-11  5.72229510e-14 
 7.74576107e-08  7.74576107e-08  0.00000000e+00  1.19999974e+00  6.57464298e-11  5.72229517e-14 
 7.74676107e-08  7.74676107e-08  0.00000000e+00  1.19999974e+00  6.57464298e-11  5.72229523e-14 
 7.74776107e-08  7.74776107e-08  0.00000000e+00  1.19999974e+00  6.57464298e-11  5.72229530e-14 
 7.74876107e-08  7.74876107e-08  0.00000000e+00  1.19999974e+00  6.57464298e-11  5.72229537e-14 
 7.74976107e-08  7.74976107e-08  0.00000000e+00  1.19999974e+00  6.57464298e-11  5.72229543e-14 
 7.75076107e-08  7.75076107e-08  0.00000000e+00  1.19999974e+00  6.57464298e-11  5.72229550e-14 
 7.75176107e-08  7.75176107e-08  0.00000000e+00  1.19999974e+00  6.57464298e-11  5.72229556e-14 
 7.75276107e-08  7.75276107e-08  0.00000000e+00  1.19999974e+00  6.57464298e-11  5.72229563e-14 
 7.75376107e-08  7.75376107e-08  0.00000000e+00  1.19999974e+00  6.57464298e-11  5.72229569e-14 
 7.75476107e-08  7.75476107e-08  0.00000000e+00  1.19999974e+00  6.57464298e-11  5.72229576e-14 
 7.75576107e-08  7.75576107e-08  0.00000000e+00  1.19999974e+00  6.57464298e-11  5.72229583e-14 
 7.75676107e-08  7.75676107e-08  0.00000000e+00  1.19999974e+00  6.57464298e-11  5.72229589e-14 
 7.75776107e-08  7.75776107e-08  0.00000000e+00  1.19999974e+00  6.57464298e-11  5.72229596e-14 
 7.75876107e-08  7.75876107e-08  0.00000000e+00  1.19999974e+00  6.57464298e-11  5.72229602e-14 
 7.75976107e-08  7.75976107e-08  0.00000000e+00  1.19999974e+00  6.57464298e-11  5.72229609e-14 
 7.76076107e-08  7.76076107e-08  0.00000000e+00  1.19999974e+00  6.57464298e-11  5.72229615e-14 
 7.76176107e-08  7.76176107e-08  0.00000000e+00  1.19999974e+00  6.57464298e-11  5.72229622e-14 
 7.76276107e-08  7.76276107e-08  0.00000000e+00  1.19999974e+00  6.57464298e-11  5.72229629e-14 
 7.76376107e-08  7.76376107e-08  0.00000000e+00  1.19999974e+00  6.57464298e-11  5.72229635e-14 
 7.76476107e-08  7.76476107e-08  0.00000000e+00  1.19999974e+00  6.57464298e-11  5.72229642e-14 
 7.76576107e-08  7.76576107e-08  0.00000000e+00  1.19999974e+00  6.57464298e-11  5.72229648e-14 
 7.76676107e-08  7.76676107e-08  0.00000000e+00  1.19999974e+00  6.57464298e-11  5.72229655e-14 
 7.76776107e-08  7.76776107e-08  0.00000000e+00  1.19999974e+00  6.57464298e-11  5.72229662e-14 
 7.76876107e-08  7.76876107e-08  0.00000000e+00  1.19999974e+00  6.57464298e-11  5.72229668e-14 
 7.76976107e-08  7.76976107e-08  0.00000000e+00  1.19999974e+00  6.57464298e-11  5.72229675e-14 
 7.77076107e-08  7.77076107e-08  0.00000000e+00  1.19999974e+00  6.57464298e-11  5.72229681e-14 
 7.77176107e-08  7.77176107e-08  0.00000000e+00  1.19999974e+00  6.57464298e-11  5.72229688e-14 
 7.77276107e-08  7.77276107e-08  0.00000000e+00  1.19999974e+00  6.57464298e-11  5.72229694e-14 
 7.77376107e-08  7.77376107e-08  0.00000000e+00  1.19999974e+00  6.57464298e-11  5.72229701e-14 
 7.77476107e-08  7.77476107e-08  0.00000000e+00  1.19999974e+00  6.57464298e-11  5.72229708e-14 
 7.77576107e-08  7.77576107e-08  0.00000000e+00  1.19999974e+00  6.57464298e-11  5.72229714e-14 
 7.77676107e-08  7.77676107e-08  0.00000000e+00  1.19999974e+00  6.57464298e-11  5.72229721e-14 
 7.77776107e-08  7.77776107e-08  0.00000000e+00  1.19999974e+00  6.57464298e-11  5.72229727e-14 
 7.77876107e-08  7.77876107e-08  0.00000000e+00  1.19999974e+00  6.57464298e-11  5.72229734e-14 
 7.77976107e-08  7.77976107e-08  0.00000000e+00  1.19999974e+00  6.57464298e-11  5.72229740e-14 
 7.78076107e-08  7.78076107e-08  0.00000000e+00  1.19999974e+00  6.57464298e-11  5.72229747e-14 
 7.78176107e-08  7.78176107e-08  0.00000000e+00  1.19999974e+00  6.57464298e-11  5.72229754e-14 
 7.78276107e-08  7.78276107e-08  0.00000000e+00  1.19999974e+00  6.57464298e-11  5.72229760e-14 
 7.78376107e-08  7.78376107e-08  0.00000000e+00  1.19999974e+00  6.57464298e-11  5.72229767e-14 
 7.78476107e-08  7.78476107e-08  0.00000000e+00  1.19999974e+00  6.57464298e-11  5.72229773e-14 
 7.78576107e-08  7.78576107e-08  0.00000000e+00  1.19999974e+00  6.57464298e-11  5.72229780e-14 
 7.78676107e-08  7.78676107e-08  0.00000000e+00  1.19999974e+00  6.57464298e-11  5.72229786e-14 
 7.78776107e-08  7.78776107e-08  0.00000000e+00  1.19999974e+00  6.57464298e-11  5.72229793e-14 
 7.78876107e-08  7.78876107e-08  0.00000000e+00  1.19999974e+00  6.57464298e-11  5.72229800e-14 
 7.78976107e-08  7.78976107e-08  0.00000000e+00  1.19999974e+00  6.57464298e-11  5.72229806e-14 
 7.79076107e-08  7.79076107e-08  0.00000000e+00  1.19999974e+00  6.57464298e-11  5.72229813e-14 
 7.79176107e-08  7.79176107e-08  0.00000000e+00  1.19999974e+00  6.57464298e-11  5.72229819e-14 
 7.79276107e-08  7.79276107e-08  0.00000000e+00  1.19999974e+00  6.57464298e-11  5.72229826e-14 
 7.79376107e-08  7.79376107e-08  0.00000000e+00  1.19999974e+00  6.57464298e-11  5.72229832e-14 
 7.79476107e-08  7.79476107e-08  0.00000000e+00  1.19999974e+00  6.57464298e-11  5.72229839e-14 
 7.79576107e-08  7.79576107e-08  0.00000000e+00  1.19999974e+00  6.57464298e-11  5.72229846e-14 
 7.79676107e-08  7.79676107e-08  0.00000000e+00  1.19999974e+00  6.57464298e-11  5.72229852e-14 
 7.79776107e-08  7.79776107e-08  0.00000000e+00  1.19999974e+00  6.57464298e-11  5.72229859e-14 
 7.79876107e-08  7.79876107e-08  0.00000000e+00  1.19999974e+00  6.57464298e-11  5.72229865e-14 
 7.79976107e-08  7.79976107e-08  0.00000000e+00  1.19999974e+00  6.57464298e-11  5.72229872e-14 
 7.80076107e-08  7.80076107e-08  0.00000000e+00  1.19999974e+00  6.57464298e-11  5.72229878e-14 
 7.80176107e-08  7.80176107e-08  0.00000000e+00  1.19999974e+00  6.57464298e-11  5.72229885e-14 
 7.80276107e-08  7.80276107e-08  0.00000000e+00  1.19999974e+00  6.57464298e-11  5.72229892e-14 
 7.80376107e-08  7.80376107e-08  0.00000000e+00  1.19999974e+00  6.57464298e-11  5.72229898e-14 
 7.80476107e-08  7.80476107e-08  0.00000000e+00  1.19999974e+00  6.57464298e-11  5.72229905e-14 
 7.80576107e-08  7.80576107e-08  0.00000000e+00  1.19999974e+00  6.57464298e-11  5.72229911e-14 
 7.80676107e-08  7.80676107e-08  0.00000000e+00  1.19999974e+00  6.57464298e-11  5.72229918e-14 
 7.80776107e-08  7.80776107e-08  0.00000000e+00  1.19999974e+00  6.57464298e-11  5.72229925e-14 
 7.80876107e-08  7.80876107e-08  0.00000000e+00  1.19999974e+00  6.57464298e-11  5.72229931e-14 
 7.80976107e-08  7.80976107e-08  0.00000000e+00  1.19999974e+00  6.57464298e-11  5.72229938e-14 
 7.81076107e-08  7.81076107e-08  0.00000000e+00  1.19999974e+00  6.57464298e-11  5.72229944e-14 
 7.81176107e-08  7.81176107e-08  0.00000000e+00  1.19999974e+00  6.57464298e-11  5.72229951e-14 
 7.81276107e-08  7.81276107e-08  0.00000000e+00  1.19999974e+00  6.57464298e-11  5.72229957e-14 
 7.81376107e-08  7.81376107e-08  0.00000000e+00  1.19999974e+00  6.57464298e-11  5.72229964e-14 
 7.81476107e-08  7.81476107e-08  0.00000000e+00  1.19999974e+00  6.57464298e-11  5.72229971e-14 
 7.81576107e-08  7.81576107e-08  0.00000000e+00  1.19999974e+00  6.57464298e-11  5.72229977e-14 
 7.81676107e-08  7.81676107e-08  0.00000000e+00  1.19999974e+00  6.57464298e-11  5.72229984e-14 
 7.81776107e-08  7.81776107e-08  0.00000000e+00  1.19999974e+00  6.57464298e-11  5.72229990e-14 
 7.81876107e-08  7.81876107e-08  0.00000000e+00  1.19999974e+00  6.57464298e-11  5.72229997e-14 
 7.81976107e-08  7.81976107e-08  0.00000000e+00  1.19999974e+00  6.57464298e-11  5.72230003e-14 
 7.82076107e-08  7.82076107e-08  0.00000000e+00  1.19999974e+00  6.57464298e-11  5.72230010e-14 
 7.82176107e-08  7.82176107e-08  0.00000000e+00  1.19999974e+00  6.57464298e-11  5.72230017e-14 
 7.82276107e-08  7.82276107e-08  0.00000000e+00  1.19999974e+00  6.57464298e-11  5.72230023e-14 
 7.82376107e-08  7.82376107e-08  0.00000000e+00  1.19999974e+00  6.57464298e-11  5.72230030e-14 
 7.82476107e-08  7.82476107e-08  0.00000000e+00  1.19999974e+00  6.57464298e-11  5.72230036e-14 
 7.82576107e-08  7.82576107e-08  0.00000000e+00  1.19999974e+00  6.57464298e-11  5.72230043e-14 
 7.82676107e-08  7.82676107e-08  0.00000000e+00  1.19999974e+00  6.57464298e-11  5.72230049e-14 
 7.82776107e-08  7.82776107e-08  0.00000000e+00  1.19999974e+00  6.57464298e-11  5.72230056e-14 
 7.82876107e-08  7.82876107e-08  0.00000000e+00  1.19999974e+00  6.57464298e-11  5.72230063e-14 
 7.82976107e-08  7.82976107e-08  0.00000000e+00  1.19999974e+00  6.57464298e-11  5.72230069e-14 
 7.83076107e-08  7.83076107e-08  0.00000000e+00  1.19999974e+00  6.57464298e-11  5.72230076e-14 
 7.83176107e-08  7.83176107e-08  0.00000000e+00  1.19999974e+00  6.57464298e-11  5.72230082e-14 
 7.83276107e-08  7.83276107e-08  0.00000000e+00  1.19999974e+00  6.57464298e-11  5.72230089e-14 
 7.83376107e-08  7.83376107e-08  0.00000000e+00  1.19999974e+00  6.57464298e-11  5.72230095e-14 
 7.83476107e-08  7.83476107e-08  0.00000000e+00  1.19999974e+00  6.57464298e-11  5.72230102e-14 
 7.83576107e-08  7.83576107e-08  0.00000000e+00  1.19999974e+00  6.57464298e-11  5.72230109e-14 
 7.83676107e-08  7.83676107e-08  0.00000000e+00  1.19999974e+00  6.57464298e-11  5.72230115e-14 
 7.83776107e-08  7.83776107e-08  0.00000000e+00  1.19999974e+00  6.57464298e-11  5.72230122e-14 
 7.83876107e-08  7.83876107e-08  0.00000000e+00  1.19999974e+00  6.57464298e-11  5.72230128e-14 
 7.83976107e-08  7.83976107e-08  0.00000000e+00  1.19999974e+00  6.57464298e-11  5.72230135e-14 
 7.84076107e-08  7.84076107e-08  0.00000000e+00  1.19999974e+00  6.57464298e-11  5.72230141e-14 
 7.84176107e-08  7.84176107e-08  0.00000000e+00  1.19999974e+00  6.57464298e-11  5.72230148e-14 
 7.84276107e-08  7.84276107e-08  0.00000000e+00  1.19999974e+00  6.57464298e-11  5.72230155e-14 
 7.84376107e-08  7.84376107e-08  0.00000000e+00  1.19999974e+00  6.57464298e-11  5.72230161e-14 
 7.84476107e-08  7.84476107e-08  0.00000000e+00  1.19999974e+00  6.57464298e-11  5.72230168e-14 
 7.84576107e-08  7.84576107e-08  0.00000000e+00  1.19999974e+00  6.57464298e-11  5.72230174e-14 
 7.84676107e-08  7.84676107e-08  0.00000000e+00  1.19999974e+00  6.57464298e-11  5.72230181e-14 
 7.84776107e-08  7.84776107e-08  0.00000000e+00  1.19999974e+00  6.57464298e-11  5.72230187e-14 
 7.84876107e-08  7.84876107e-08  0.00000000e+00  1.19999974e+00  6.57464298e-11  5.72230194e-14 
 7.84976107e-08  7.84976107e-08  0.00000000e+00  1.19999974e+00  6.57464298e-11  5.72230201e-14 
 7.85076107e-08  7.85076107e-08  0.00000000e+00  1.19999974e+00  6.57464298e-11  5.72230207e-14 
 7.85176107e-08  7.85176107e-08  0.00000000e+00  1.19999974e+00  6.57464298e-11  5.72230214e-14 
 7.85276107e-08  7.85276107e-08  0.00000000e+00  1.19999974e+00  6.57464298e-11  5.72230220e-14 
 7.85376107e-08  7.85376107e-08  0.00000000e+00  1.19999974e+00  6.57464298e-11  5.72230227e-14 
 7.85476107e-08  7.85476107e-08  0.00000000e+00  1.19999974e+00  6.57464298e-11  5.72230234e-14 
 7.85576107e-08  7.85576107e-08  0.00000000e+00  1.19999974e+00  6.57464298e-11  5.72230240e-14 
 7.85676107e-08  7.85676107e-08  0.00000000e+00  1.19999974e+00  6.57464298e-11  5.72230247e-14 
 7.85776107e-08  7.85776107e-08  0.00000000e+00  1.19999974e+00  6.57464298e-11  5.72230253e-14 
 7.85876107e-08  7.85876107e-08  0.00000000e+00  1.19999974e+00  6.57464298e-11  5.72230260e-14 
 7.85976107e-08  7.85976107e-08  0.00000000e+00  1.19999974e+00  6.57464298e-11  5.72230266e-14 
 7.86076107e-08  7.86076107e-08  0.00000000e+00  1.19999974e+00  6.57464298e-11  5.72230273e-14 
 7.86176107e-08  7.86176107e-08  0.00000000e+00  1.19999974e+00  6.57464298e-11  5.72230280e-14 
 7.86276107e-08  7.86276107e-08  0.00000000e+00  1.19999974e+00  6.57464298e-11  5.72230286e-14 
 7.86376107e-08  7.86376107e-08  0.00000000e+00  1.19999974e+00  6.57464298e-11  5.72230293e-14 
 7.86476107e-08  7.86476107e-08  0.00000000e+00  1.19999974e+00  6.57464298e-11  5.72230299e-14 
 7.86576107e-08  7.86576107e-08  0.00000000e+00  1.19999974e+00  6.57464298e-11  5.72230306e-14 
 7.86676107e-08  7.86676107e-08  0.00000000e+00  1.19999974e+00  6.57464298e-11  5.72230312e-14 
 7.86776107e-08  7.86776107e-08  0.00000000e+00  1.19999974e+00  6.57464298e-11  5.72230319e-14 
 7.86876107e-08  7.86876107e-08  0.00000000e+00  1.19999974e+00  6.57464298e-11  5.72230326e-14 
 7.86976107e-08  7.86976107e-08  0.00000000e+00  1.19999974e+00  6.57464298e-11  5.72230332e-14 
 7.87076107e-08  7.87076107e-08  0.00000000e+00  1.19999974e+00  6.57464298e-11  5.72230339e-14 
 7.87176107e-08  7.87176107e-08  0.00000000e+00  1.19999974e+00  6.57464298e-11  5.72230345e-14 
 7.87276107e-08  7.87276107e-08  0.00000000e+00  1.19999974e+00  6.57464298e-11  5.72230352e-14 
 7.87376107e-08  7.87376107e-08  0.00000000e+00  1.19999974e+00  6.57464298e-11  5.72230358e-14 
 7.87476107e-08  7.87476107e-08  0.00000000e+00  1.19999974e+00  6.57464298e-11  5.72230365e-14 
 7.87576107e-08  7.87576107e-08  0.00000000e+00  1.19999974e+00  6.57464298e-11  5.72230372e-14 
 7.87676107e-08  7.87676107e-08  0.00000000e+00  1.19999974e+00  6.57464298e-11  5.72230378e-14 
 7.87776107e-08  7.87776107e-08  0.00000000e+00  1.19999974e+00  6.57464298e-11  5.72230385e-14 
 7.87876107e-08  7.87876107e-08  0.00000000e+00  1.19999974e+00  6.57464298e-11  5.72230391e-14 
 7.87976107e-08  7.87976107e-08  0.00000000e+00  1.19999974e+00  6.57464298e-11  5.72230398e-14 
 7.88076107e-08  7.88076107e-08  0.00000000e+00  1.19999974e+00  6.57464298e-11  5.72230404e-14 
 7.88176107e-08  7.88176107e-08  0.00000000e+00  1.19999974e+00  6.57464298e-11  5.72230411e-14 
 7.88276107e-08  7.88276107e-08  0.00000000e+00  1.19999974e+00  6.57464298e-11  5.72230418e-14 
 7.88376107e-08  7.88376107e-08  0.00000000e+00  1.19999974e+00  6.57464298e-11  5.72230424e-14 
 7.88476107e-08  7.88476107e-08  0.00000000e+00  1.19999974e+00  6.57464298e-11  5.72230431e-14 
 7.88576107e-08  7.88576107e-08  0.00000000e+00  1.19999974e+00  6.57464298e-11  5.72230437e-14 
 7.88676107e-08  7.88676107e-08  0.00000000e+00  1.19999974e+00  6.57464298e-11  5.72230444e-14 
 7.88776107e-08  7.88776107e-08  0.00000000e+00  1.19999974e+00  6.57464298e-11  5.72230450e-14 
 7.88876107e-08  7.88876107e-08  0.00000000e+00  1.19999974e+00  6.57464298e-11  5.72230457e-14 
 7.88976107e-08  7.88976107e-08  0.00000000e+00  1.19999974e+00  6.57464298e-11  5.72230464e-14 
 7.89076107e-08  7.89076107e-08  0.00000000e+00  1.19999974e+00  6.57464298e-11  5.72230470e-14 
 7.89176107e-08  7.89176107e-08  0.00000000e+00  1.19999974e+00  6.57464298e-11  5.72230477e-14 
 7.89276107e-08  7.89276107e-08  0.00000000e+00  1.19999974e+00  6.57464298e-11  5.72230483e-14 
 7.89376107e-08  7.89376107e-08  0.00000000e+00  1.19999974e+00  6.57464298e-11  5.72230490e-14 
 7.89476107e-08  7.89476107e-08  0.00000000e+00  1.19999974e+00  6.57464298e-11  5.72230497e-14 
 7.89576107e-08  7.89576107e-08  0.00000000e+00  1.19999974e+00  6.57464298e-11  5.72230503e-14 
 7.89676107e-08  7.89676107e-08  0.00000000e+00  1.19999974e+00  6.57464298e-11  5.72230510e-14 
 7.89776107e-08  7.89776107e-08  0.00000000e+00  1.19999974e+00  6.57464298e-11  5.72230516e-14 
 7.89876107e-08  7.89876107e-08  0.00000000e+00  1.19999974e+00  6.57464298e-11  5.72230523e-14 
 7.89976107e-08  7.89976107e-08  0.00000000e+00  1.19999974e+00  6.57464298e-11  5.72230529e-14 
 7.90076107e-08  7.90076107e-08  0.00000000e+00  1.19999974e+00  6.57464298e-11  5.72230536e-14 
 7.90176107e-08  7.90176107e-08  0.00000000e+00  1.19999974e+00  6.57464298e-11  5.72230543e-14 
 7.90276107e-08  7.90276107e-08  0.00000000e+00  1.19999974e+00  6.57464298e-11  5.72230549e-14 
 7.90376107e-08  7.90376107e-08  0.00000000e+00  1.19999974e+00  6.57464298e-11  5.72230556e-14 
 7.90476107e-08  7.90476107e-08  0.00000000e+00  1.19999974e+00  6.57464298e-11  5.72230562e-14 
 7.90576107e-08  7.90576107e-08  0.00000000e+00  1.19999974e+00  6.57464298e-11  5.72230569e-14 
 7.90676107e-08  7.90676107e-08  0.00000000e+00  1.19999974e+00  6.57464298e-11  5.72230575e-14 
 7.90776107e-08  7.90776107e-08  0.00000000e+00  1.19999974e+00  6.57464298e-11  5.72230582e-14 
 7.90876107e-08  7.90876107e-08  0.00000000e+00  1.19999974e+00  6.57464298e-11  5.72230589e-14 
 7.90976107e-08  7.90976107e-08  0.00000000e+00  1.19999974e+00  6.57464298e-11  5.72230595e-14 
 7.91076107e-08  7.91076107e-08  0.00000000e+00  1.19999974e+00  6.57464298e-11  5.72230602e-14 
 7.91176107e-08  7.91176107e-08  0.00000000e+00  1.19999974e+00  6.57464298e-11  5.72230608e-14 
 7.91276107e-08  7.91276107e-08  0.00000000e+00  1.19999974e+00  6.57464298e-11  5.72230615e-14 
 7.91376107e-08  7.91376107e-08  0.00000000e+00  1.19999974e+00  6.57464298e-11  5.72230621e-14 
 7.91476107e-08  7.91476107e-08  0.00000000e+00  1.19999974e+00  6.57464298e-11  5.72230628e-14 
 7.91576107e-08  7.91576107e-08  0.00000000e+00  1.19999974e+00  6.57464298e-11  5.72230635e-14 
 7.91676107e-08  7.91676107e-08  0.00000000e+00  1.19999974e+00  6.57464298e-11  5.72230641e-14 
 7.91776107e-08  7.91776107e-08  0.00000000e+00  1.19999974e+00  6.57464298e-11  5.72230648e-14 
 7.91876107e-08  7.91876107e-08  0.00000000e+00  1.19999974e+00  6.57464298e-11  5.72230654e-14 
 7.91976107e-08  7.91976107e-08  0.00000000e+00  1.19999974e+00  6.57464298e-11  5.72230661e-14 
 7.92076107e-08  7.92076107e-08  0.00000000e+00  1.19999974e+00  6.57464298e-11  5.72230667e-14 
 7.92176107e-08  7.92176107e-08  0.00000000e+00  1.19999974e+00  6.57464298e-11  5.72230674e-14 
 7.92276107e-08  7.92276107e-08  0.00000000e+00  1.19999974e+00  6.57464298e-11  5.72230681e-14 
 7.92376107e-08  7.92376107e-08  0.00000000e+00  1.19999974e+00  6.57464298e-11  5.72230687e-14 
 7.92476107e-08  7.92476107e-08  0.00000000e+00  1.19999974e+00  6.57464298e-11  5.72230694e-14 
 7.92576107e-08  7.92576107e-08  0.00000000e+00  1.19999974e+00  6.57464298e-11  5.72230700e-14 
 7.92676107e-08  7.92676107e-08  0.00000000e+00  1.19999974e+00  6.57464298e-11  5.72230707e-14 
 7.92776107e-08  7.92776107e-08  0.00000000e+00  1.19999974e+00  6.57464298e-11  5.72230713e-14 
 7.92876107e-08  7.92876107e-08  0.00000000e+00  1.19999974e+00  6.57464298e-11  5.72230720e-14 
 7.92976107e-08  7.92976107e-08  0.00000000e+00  1.19999974e+00  6.57464298e-11  5.72230727e-14 
 7.93076107e-08  7.93076107e-08  0.00000000e+00  1.19999974e+00  6.57464298e-11  5.72230733e-14 
 7.93176107e-08  7.93176107e-08  0.00000000e+00  1.19999974e+00  6.57464298e-11  5.72230740e-14 
 7.93276107e-08  7.93276107e-08  0.00000000e+00  1.19999974e+00  6.57464298e-11  5.72230746e-14 
 7.93376107e-08  7.93376107e-08  0.00000000e+00  1.19999974e+00  6.57464298e-11  5.72230753e-14 
 7.93476107e-08  7.93476107e-08  0.00000000e+00  1.19999974e+00  6.57464298e-11  5.72230759e-14 
 7.93576107e-08  7.93576107e-08  0.00000000e+00  1.19999974e+00  6.57464298e-11  5.72230766e-14 
 7.93676107e-08  7.93676107e-08  0.00000000e+00  1.19999974e+00  6.57464298e-11  5.72230773e-14 
 7.93776107e-08  7.93776107e-08  0.00000000e+00  1.19999974e+00  6.57464298e-11  5.72230779e-14 
 7.93876107e-08  7.93876107e-08  0.00000000e+00  1.19999974e+00  6.57464298e-11  5.72230786e-14 
 7.93976107e-08  7.93976107e-08  0.00000000e+00  1.19999974e+00  6.57464298e-11  5.72230792e-14 
 7.94076107e-08  7.94076107e-08  0.00000000e+00  1.19999974e+00  6.57464298e-11  5.72230799e-14 
 7.94176107e-08  7.94176107e-08  0.00000000e+00  1.19999974e+00  6.57464298e-11  5.72230806e-14 
 7.94276107e-08  7.94276107e-08  0.00000000e+00  1.19999974e+00  6.57464298e-11  5.72230812e-14 
 7.94376107e-08  7.94376107e-08  0.00000000e+00  1.19999974e+00  6.57464298e-11  5.72230819e-14 
 7.94476107e-08  7.94476107e-08  0.00000000e+00  1.19999974e+00  6.57464298e-11  5.72230825e-14 
 7.94576107e-08  7.94576107e-08  0.00000000e+00  1.19999974e+00  6.57464298e-11  5.72230832e-14 
 7.94676107e-08  7.94676107e-08  0.00000000e+00  1.19999974e+00  6.57464298e-11  5.72230838e-14 
 7.94776107e-08  7.94776107e-08  0.00000000e+00  1.19999974e+00  6.57464298e-11  5.72230845e-14 
 7.94876107e-08  7.94876107e-08  0.00000000e+00  1.19999974e+00  6.57464298e-11  5.72230852e-14 
 7.94976107e-08  7.94976107e-08  0.00000000e+00  1.19999974e+00  6.57464298e-11  5.72230858e-14 
 7.95076107e-08  7.95076107e-08  0.00000000e+00  1.19999974e+00  6.57464298e-11  5.72230865e-14 
 7.95176107e-08  7.95176107e-08  0.00000000e+00  1.19999974e+00  6.57464298e-11  5.72230871e-14 
 7.95276107e-08  7.95276107e-08  0.00000000e+00  1.19999974e+00  6.57464298e-11  5.72230878e-14 
 7.95376107e-08  7.95376107e-08  0.00000000e+00  1.19999974e+00  6.57464298e-11  5.72230884e-14 
 7.95476107e-08  7.95476107e-08  0.00000000e+00  1.19999974e+00  6.57464298e-11  5.72230891e-14 
 7.95576107e-08  7.95576107e-08  0.00000000e+00  1.19999974e+00  6.57464298e-11  5.72230898e-14 
 7.95676107e-08  7.95676107e-08  0.00000000e+00  1.19999974e+00  6.57464298e-11  5.72230904e-14 
 7.95776107e-08  7.95776107e-08  0.00000000e+00  1.19999974e+00  6.57464298e-11  5.72230911e-14 
 7.95876107e-08  7.95876107e-08  0.00000000e+00  1.19999974e+00  6.57464298e-11  5.72230917e-14 
 7.95976107e-08  7.95976107e-08  0.00000000e+00  1.19999974e+00  6.57464298e-11  5.72230924e-14 
 7.96076107e-08  7.96076107e-08  0.00000000e+00  1.19999974e+00  6.57464298e-11  5.72230930e-14 
 7.96176107e-08  7.96176107e-08  0.00000000e+00  1.19999974e+00  6.57464298e-11  5.72230937e-14 
 7.96276107e-08  7.96276107e-08  0.00000000e+00  1.19999974e+00  6.57464298e-11  5.72230944e-14 
 7.96376107e-08  7.96376107e-08  0.00000000e+00  1.19999974e+00  6.57464298e-11  5.72230950e-14 
 7.96476107e-08  7.96476107e-08  0.00000000e+00  1.19999974e+00  6.57464298e-11  5.72230957e-14 
 7.96576107e-08  7.96576107e-08  0.00000000e+00  1.19999974e+00  6.57464298e-11  5.72230963e-14 
 7.96676107e-08  7.96676107e-08  0.00000000e+00  1.19999974e+00  6.57464298e-11  5.72230970e-14 
 7.96776107e-08  7.96776107e-08  0.00000000e+00  1.19999974e+00  6.57464298e-11  5.72230976e-14 
 7.96876107e-08  7.96876107e-08  0.00000000e+00  1.19999974e+00  6.57464298e-11  5.72230983e-14 
 7.96976107e-08  7.96976107e-08  0.00000000e+00  1.19999974e+00  6.57464298e-11  5.72230990e-14 
 7.97076107e-08  7.97076107e-08  0.00000000e+00  1.19999974e+00  6.57464298e-11  5.72230996e-14 
 7.97176107e-08  7.97176107e-08  0.00000000e+00  1.19999974e+00  6.57464298e-11  5.72231003e-14 
 7.97276107e-08  7.97276107e-08  0.00000000e+00  1.19999974e+00  6.57464298e-11  5.72231009e-14 
 7.97376107e-08  7.97376107e-08  0.00000000e+00  1.19999974e+00  6.57464298e-11  5.72231016e-14 
 7.97476107e-08  7.97476107e-08  0.00000000e+00  1.19999974e+00  6.57464298e-11  5.72231022e-14 
 7.97576107e-08  7.97576107e-08  0.00000000e+00  1.19999974e+00  6.57464298e-11  5.72231029e-14 
 7.97676107e-08  7.97676107e-08  0.00000000e+00  1.19999974e+00  6.57464298e-11  5.72231036e-14 
 7.97776107e-08  7.97776107e-08  0.00000000e+00  1.19999974e+00  6.57464298e-11  5.72231042e-14 
 7.97876107e-08  7.97876107e-08  0.00000000e+00  1.19999974e+00  6.57464298e-11  5.72231049e-14 
 7.97976107e-08  7.97976107e-08  0.00000000e+00  1.19999974e+00  6.57464298e-11  5.72231055e-14 
 7.98076107e-08  7.98076107e-08  0.00000000e+00  1.19999974e+00  6.57464298e-11  5.72231062e-14 
 7.98176107e-08  7.98176107e-08  0.00000000e+00  1.19999974e+00  6.57464298e-11  5.72231068e-14 
 7.98276107e-08  7.98276107e-08  0.00000000e+00  1.19999974e+00  6.57464298e-11  5.72231075e-14 
 7.98376107e-08  7.98376107e-08  0.00000000e+00  1.19999974e+00  6.57464298e-11  5.72231082e-14 
 7.98476107e-08  7.98476107e-08  0.00000000e+00  1.19999974e+00  6.57464298e-11  5.72231088e-14 
 7.98576107e-08  7.98576107e-08  0.00000000e+00  1.19999974e+00  6.57464298e-11  5.72231095e-14 
 7.98676107e-08  7.98676107e-08  0.00000000e+00  1.19999974e+00  6.57464298e-11  5.72231101e-14 
 7.98776107e-08  7.98776107e-08  0.00000000e+00  1.19999974e+00  6.57464298e-11  5.72231108e-14 
 7.98876107e-08  7.98876107e-08  0.00000000e+00  1.19999974e+00  6.57464298e-11  5.72231115e-14 
 7.98976107e-08  7.98976107e-08  0.00000000e+00  1.19999974e+00  6.57464298e-11  5.72231121e-14 
 7.99076107e-08  7.99076107e-08  0.00000000e+00  1.19999974e+00  6.57464298e-11  5.72231128e-14 
 7.99176107e-08  7.99176107e-08  0.00000000e+00  1.19999974e+00  6.57464298e-11  5.72231134e-14 
 7.99276107e-08  7.99276107e-08  0.00000000e+00  1.19999974e+00  6.57464298e-11  5.72231141e-14 
 7.99376107e-08  7.99376107e-08  0.00000000e+00  1.19999974e+00  6.57464298e-11  5.72231147e-14 
 7.99476107e-08  7.99476107e-08  0.00000000e+00  1.19999974e+00  6.57464298e-11  5.72231154e-14 
 7.99576107e-08  7.99576107e-08  0.00000000e+00  1.19999974e+00  6.57464298e-11  5.72231161e-14 
 7.99676107e-08  7.99676107e-08  0.00000000e+00  1.19999974e+00  6.57464298e-11  5.72231167e-14 
 7.99776107e-08  7.99776107e-08  0.00000000e+00  1.19999974e+00  6.57464298e-11  5.72231174e-14 
 7.99876107e-08  7.99876107e-08  0.00000000e+00  1.19999974e+00  6.57464298e-11  5.72231180e-14 
 7.99938053e-08  7.99938053e-08  0.00000000e+00  1.19999974e+00  6.57464299e-11  5.72231184e-14 
 8.00000000e-08  8.00000000e-08  0.00000000e+00  1.19999974e+00  6.57464301e-11  5.72231188e-14 
 8.00010000e-08  8.00010000e-08  2.40000000e-03  1.20192940e+00 -4.95080083e-07  5.72228713e-14 
 8.00030000e-08  8.00030000e-08  7.20000000e-03  1.20534748e+00 -1.36504888e-06  5.72210112e-14 
 8.00070000e-08  8.00070000e-08  1.68000000e-02  1.21133850e+00 -2.86223602e-06  5.72125566e-14 
 8.00130996e-08  8.00130996e-08  3.14390338e-02  1.21914608e+00 -4.74478530e-06  5.71893568e-14 
 8.00230996e-08  8.00230996e-08  5.54390338e-02  1.22955829e+00 -7.08669974e-06  5.71301993e-14 
 8.00330996e-08  8.00330996e-08  7.94390338e-02  1.23804518e+00 -8.79662926e-06  5.70507827e-14 
 8.00430996e-08  8.00430996e-08  1.03439034e-01  1.24551580e+00 -1.01267144e-05  5.69561660e-14 
 8.00530996e-08  8.00530996e-08  1.27439034e-01  1.25264785e+00 -1.12493260e-05  5.68492858e-14 
 8.00630996e-08  8.00630996e-08  1.51439034e-01  1.25992499e+00 -1.22774296e-05  5.67316520e-14 
 8.00730996e-08  8.00730996e-08  1.75439034e-01  1.26769453e+00 -1.32812692e-05  5.66038585e-14 
 8.00830996e-08  8.00830996e-08  1.99439034e-01  1.27621351e+00 -1.43030839e-05  5.64659367e-14 
 8.00930996e-08  8.00930996e-08  2.23439034e-01  1.28567893e+00 -1.53669463e-05  5.63175866e-14 
 8.01030996e-08  8.01030996e-08  2.47439034e-01  1.29624545e+00 -1.64848878e-05  5.61583274e-14 
 8.01130996e-08  8.01130996e-08  2.71439034e-01  1.30803424e+00 -1.76605969e-05  5.59876000e-14 
 8.01230996e-08  8.01230996e-08  2.95439034e-01  1.32113638e+00 -1.88916552e-05  5.58048387e-14 
 8.01330996e-08  8.01330996e-08  3.19439034e-01  1.33561287e+00 -2.01709345e-05  5.56095258e-14 
 8.01430996e-08  8.01430996e-08  3.43439034e-01  1.35149276e+00 -2.14875358e-05  5.54012334e-14 
 8.01530996e-08  8.01530996e-08  3.67439034e-01  1.36876993e+00 -2.28275109e-05  5.51796582e-14 
 8.01630996e-08  8.01630996e-08  3.91439034e-01  1.38739829e+00 -2.41745799e-05  5.49446477e-14 
 8.01730996e-08  8.01730996e-08  4.15439034e-01  1.40728410e+00 -2.55111695e-05  5.46962190e-14 
 8.01830996e-08  8.01830996e-08  4.39439034e-01  1.42827214e+00 -2.68204307e-05  5.44345610e-14 
 8.01930996e-08  8.01930996e-08  4.63439034e-01  1.45012015e+00 -2.80904900e-05  5.41600064e-14 
 8.02030996e-08  8.02030996e-08  4.87439034e-01  1.47245260e+00 -2.93225782e-05  5.38729410e-14 
 8.02130996e-08  8.02130996e-08  5.11439034e-01  1.49468631e+00 -3.05419336e-05  5.35736185e-14 
 8.02230996e-08  8.02230996e-08  5.35439034e-01  1.51594203e+00 -3.17952814e-05  5.32619324e-14 
 8.02330996e-08  8.02330996e-08  5.59439034e-01  1.53501767e+00 -3.30914892e-05  5.29374985e-14 
 8.02430996e-08  8.02430996e-08  5.83439034e-01  1.55060102e+00 -3.42181021e-05  5.26009506e-14 
 8.02530996e-08  8.02530996e-08  6.07439034e-01  1.56170446e+00 -3.46383116e-05  5.22566685e-14 
 8.02630996e-08  8.02630996e-08  6.31439034e-01  1.56791569e+00 -3.37474201e-05  5.19147399e-14 
 8.02730996e-08  8.02730996e-08  6.55439034e-01  1.56938807e+00 -3.10744228e-05  5.15906307e-14 
 8.02830996e-08  8.02830996e-08  6.79439034e-01  1.56633495e+00 -2.66584212e-05  5.13019664e-14 
 8.02930996e-08  8.02930996e-08  7.03439034e-01  1.55849369e+00 -2.09338543e-05  5.10640051e-14 
 8.03030996e-08  8.03030996e-08  7.27439034e-01  1.54475215e+00 -1.45704771e-05  5.08864834e-14 
 8.03130996e-08  8.03130996e-08  7.51439034e-01  1.52287833e+00 -8.41866350e-06  5.07715377e-14 
 8.03230996e-08  8.03230996e-08  7.75439034e-01  1.48939085e+00 -3.40854148e-06  5.07124017e-14 
 8.03330996e-08  8.03330996e-08  7.99439034e-01  1.43960449e+00 -4.40191141e-07  5.06931580e-14 
 8.03430996e-08  8.03430996e-08  8.23439034e-01  1.36816346e+00 -1.97549300e-08  5.06908583e-14 
 8.03530996e-08  8.03530996e-08  8.47439034e-01  1.27225204e+00 -8.99697970e-10  5.06907550e-14 
 8.03630996e-08  8.03630996e-08  8.71439034e-01  1.15073555e+00  8.33780847e-11  5.06907509e-14 
 8.03730996e-08  8.03730996e-08  8.95439034e-01  1.00362403e+00  1.06361787e-10  5.06907519e-14 
 8.03830996e-08  8.03830996e-08  9.19439034e-01  8.32581961e-01  1.06361992e-10  5.06907529e-14 
 8.03930996e-08  8.03930996e-08  9.43439034e-01  6.43767666e-01  1.06362218e-10  5.06907540e-14 
 8.04009124e-08  8.04009124e-08  9.62189792e-01  4.99541170e-01  1.06362391e-10  5.06907548e-14 
 8.04049638e-08  8.04049638e-08  9.71913038e-01  4.37593366e-01  1.06362466e-10  5.06907553e-14 
 8.04097560e-08  8.04097560e-08  9.83414519e-01  3.82671192e-01  1.06362532e-10  5.06907558e-14 
 8.04149935e-08  8.04149935e-08  9.95984390e-01  3.40808190e-01  1.06362582e-10  5.06907563e-14 
 8.04197335e-08  8.04197335e-08  1.00736034e+00  3.12742435e-01  1.06362616e-10  5.06907568e-14 
 8.04257767e-08  8.04257767e-08  1.02186408e+00  2.84642028e-01  1.06362649e-10  5.06907575e-14 
 8.04324757e-08  8.04324757e-08  1.03794177e+00  2.59484104e-01  1.06362680e-10  5.06907582e-14 
 8.04415272e-08  8.04415272e-08  1.05966525e+00  2.31578230e-01  1.06362713e-10  5.06907591e-14 
 8.04515272e-08  8.04515272e-08  1.08366525e+00  2.06044387e-01  1.06362744e-10  5.06907602e-14 
 8.04615272e-08  8.04615272e-08  1.10766525e+00  1.84441979e-01  1.06362770e-10  5.06907613e-14 
 8.04715272e-08  8.04715272e-08  1.13166525e+00  1.65933261e-01  1.06362792e-10  5.06907623e-14 
 8.04815272e-08  8.04815272e-08  1.15566525e+00  1.50006694e-01  1.06362811e-10  5.06907634e-14 
 8.04907636e-08  8.04907636e-08  1.17783263e+00  1.37277030e-01  1.06362826e-10  5.06907644e-14 
 8.05000000e-08  8.05000000e-08  1.20000000e+00  1.26214532e-01  1.06362839e-10  5.06907654e-14 
 8.05010000e-08  8.05010000e-08  1.20000000e+00  1.22702071e-01  1.06362844e-10  5.06907655e-14 
 8.05030000e-08  8.05030000e-08  1.20000000e+00  1.16221268e-01  1.06362851e-10  5.06907657e-14 
 8.05070000e-08  8.05070000e-08  1.20000000e+00  1.04412638e-01  1.06362866e-10  5.06907661e-14 
 8.05122717e-08  8.05122717e-08  1.20000000e+00  9.06201423e-02  1.06362882e-10  5.06907667e-14 
 8.05222717e-08  8.05222717e-08  1.20000000e+00  6.90748078e-02  1.06362908e-10  5.06907677e-14 
 8.05322717e-08  8.05322717e-08  1.20000000e+00  5.24877629e-02  1.06362928e-10  5.06907688e-14 
 8.05422717e-08  8.05422717e-08  1.20000000e+00  3.97975314e-02  1.06362943e-10  5.06907699e-14 
 8.05522717e-08  8.05522717e-08  1.20000000e+00  3.01234023e-02  1.06362955e-10  5.06907709e-14 
 8.05622717e-08  8.05622717e-08  1.20000000e+00  2.27726549e-02  1.06362964e-10  5.06907720e-14 
 8.05722717e-08  8.05722717e-08  1.20000000e+00  1.72012400e-02  1.06362970e-10  5.06907731e-14 
 8.05822717e-08  8.05822717e-08  1.20000000e+00  1.29842492e-02  1.06362975e-10  5.06907741e-14 
 8.05922717e-08  8.05922717e-08  1.20000000e+00  9.79597091e-03  1.06362979e-10  5.06907752e-14 
 8.06022717e-08  8.06022717e-08  1.20000000e+00  7.38758361e-03  1.06362982e-10  5.06907762e-14 
 8.06122717e-08  8.06122717e-08  1.20000000e+00  5.56957416e-03  1.06362984e-10  5.06907773e-14 
 8.06222717e-08  8.06222717e-08  1.20000000e+00  4.19795698e-03  1.06362986e-10  5.06907784e-14 
 8.06322717e-08  8.06322717e-08  1.20000000e+00  3.16355310e-03  1.06362987e-10  5.06907794e-14 
 8.06422717e-08  8.06422717e-08  1.20000000e+00  2.38370546e-03  1.06362988e-10  5.06907805e-14 
 8.06522717e-08  8.06522717e-08  1.20000000e+00  1.79591255e-03  1.06362989e-10  5.06907816e-14 
 8.06622717e-08  8.06622717e-08  1.20000000e+00  1.35295819e-03  1.06362989e-10  5.06907826e-14 
 8.06722717e-08  8.06722717e-08  1.20000000e+00  1.01919921e-03  1.06362990e-10  5.06907837e-14 
 8.06822717e-08  8.06822717e-08  1.20000000e+00  7.67743824e-04  1.06362990e-10  5.06907848e-14 
 8.06922717e-08  8.06922717e-08  1.20000000e+00  5.78311470e-04  1.06362990e-10  5.06907858e-14 
 8.07022717e-08  8.07022717e-08  1.20000000e+00  4.35612425e-04  1.06362990e-10  5.06907869e-14 
 8.07122717e-08  8.07122717e-08  1.20000000e+00  3.28122411e-04  1.06362991e-10  5.06907879e-14 
 8.07222717e-08  8.07222717e-08  1.20000000e+00  2.47156594e-04  1.06362991e-10  5.06907890e-14 
 8.07322717e-08  8.07322717e-08  1.20000000e+00  1.86171691e-04  1.06362991e-10  5.06907901e-14 
 8.07422717e-08  8.07422717e-08  1.20000000e+00  1.40237733e-04  1.06362991e-10  5.06907911e-14 
 8.07522717e-08  8.07522717e-08  1.20000000e+00  1.05640702e-04  1.06362991e-10  5.06907922e-14 
 8.07622717e-08  8.07622717e-08  1.20000000e+00  7.95828256e-05  1.06362991e-10  5.06907933e-14 
 8.07722717e-08  8.07722717e-08  1.20000000e+00  5.99566508e-05  1.06362991e-10  5.06907943e-14 
 8.07822717e-08  8.07822717e-08  1.20000000e+00  4.51747703e-05  1.06362991e-10  5.06907954e-14 
 8.07922717e-08  8.07922717e-08  1.20000000e+00  3.40415255e-05  1.06362991e-10  5.06907965e-14 
 8.08022717e-08  8.08022717e-08  1.20000000e+00  2.56563461e-05  1.06362991e-10  5.06907975e-14 
 8.08122717e-08  8.08122717e-08  1.20000000e+00  1.93409315e-05  1.06362991e-10  5.06907986e-14 
 8.08222717e-08  8.08222717e-08  1.20000000e+00  1.45843981e-05  1.06362991e-10  5.06907996e-14 
 8.08322717e-08  8.08322717e-08  1.20000000e+00  1.10019607e-05  1.06362991e-10  5.06908007e-14 
 8.08422717e-08  8.08422717e-08  1.20000000e+00  8.30381001e-06  1.06362991e-10  5.06908018e-14 
 8.08522717e-08  8.08522717e-08  1.20000000e+00  6.27167085e-06  1.06362991e-10  5.06908028e-14 
 8.08622717e-08  8.08622717e-08  1.20000000e+00  4.74114587e-06  1.06362991e-10  5.06908039e-14 
 8.08722717e-08  8.08722717e-08  1.20000000e+00  3.58841692e-06  1.06362991e-10  5.06908050e-14 
 8.08822717e-08  8.08822717e-08  1.20000000e+00  2.72022884e-06  1.06362991e-10  5.06908060e-14 
 8.08922717e-08  8.08922717e-08  1.20000000e+00  2.06634541e-06  1.06362991e-10  5.06908071e-14 
 8.09022717e-08  8.09022717e-08  1.20000000e+00  1.57386748e-06  1.06362991e-10  5.06908082e-14 
 8.09122717e-08  8.09122717e-08  1.20000000e+00  1.20295355e-06  1.06362991e-10  5.06908092e-14 
 8.09222717e-08  8.09222717e-08  1.20000000e+00  9.23596602e-07  1.06362991e-10  5.06908103e-14 
 8.09322717e-08  8.09322717e-08  1.20000000e+00  7.13196587e-07  1.06362991e-10  5.06908113e-14 
 8.09422717e-08  8.09422717e-08  1.20000000e+00  5.54732071e-07  1.06362991e-10  5.06908124e-14 
 8.09522717e-08  8.09522717e-08  1.20000000e+00  4.35383213e-07  1.06362991e-10  5.06908135e-14 
 8.09622717e-08  8.09622717e-08  1.20000000e+00  3.45494639e-07  1.06362991e-10  5.06908145e-14 
 8.09722717e-08  8.09722717e-08  1.20000000e+00  2.77794323e-07  1.06362991e-10  5.06908156e-14 
 8.09782572e-08  8.09782572e-08  1.20000000e+00  2.45908672e-07  1.06362991e-10  5.06908162e-14 
 8.09866702e-08  8.09866702e-08  1.20000000e+00  2.09289451e-07  1.06362991e-10  5.06908171e-14 
 8.09914502e-08  8.09914502e-08  1.20000000e+00  1.92131377e-07  1.06362991e-10  5.06908176e-14 
 8.09957251e-08  8.09957251e-08  1.20000000e+00  1.78660811e-07  1.06362991e-10  5.06908181e-14 
 8.10000000e-08  8.10000000e-08  1.20000000e+00  1.66713406e-07  1.06362991e-10  5.06908185e-14 
 8.10008550e-08  8.10008550e-08  1.20000000e+00  1.64527457e-07  1.06362991e-10  5.06908186e-14 
 8.10025650e-08  8.10025650e-08  1.20000000e+00  1.60275115e-07  1.06362991e-10  5.06908188e-14 
 8.10059849e-08  8.10059849e-08  1.20000000e+00  1.52313750e-07  1.06362991e-10  5.06908192e-14 
 8.10128248e-08  8.10128248e-08  1.20000000e+00  1.38391408e-07  1.06362991e-10  5.06908199e-14 
 8.10228248e-08  8.10228248e-08  1.20000000e+00  1.22066812e-07  1.06362991e-10  5.06908210e-14 
 8.10328248e-08  8.10328248e-08  1.20000000e+00  1.09612873e-07  1.06362991e-10  5.06908220e-14 
 8.10428248e-08  8.10428248e-08  1.20000000e+00  1.00173611e-07  1.06362991e-10  5.06908231e-14 
 8.10528248e-08  8.10528248e-08  1.20000000e+00  9.30420962e-08  1.06362991e-10  5.06908242e-14 
 8.10628248e-08  8.10628248e-08  1.20000000e+00  8.76626096e-08  1.06362991e-10  5.06908252e-14 
 8.10728248e-08  8.10728248e-08  1.20000000e+00  8.36078892e-08  1.06362991e-10  5.06908263e-14 
 8.10828248e-08  8.10828248e-08  1.20000000e+00  8.05528764e-08  1.06362991e-10  5.06908274e-14 
 8.10928248e-08  8.10928248e-08  1.20000000e+00  7.82515322e-08  1.06362991e-10  5.06908284e-14 
 8.11028248e-08  8.11028248e-08  1.20000000e+00  7.65180920e-08  1.06362991e-10  5.06908295e-14 
 8.11128248e-08  8.11128248e-08  1.20000000e+00  7.52124778e-08  1.06362991e-10  5.06908305e-14 
 8.11228248e-08  8.11228248e-08  1.20000000e+00  7.42291204e-08  1.06362991e-10  5.06908316e-14 
 8.11328248e-08  8.11328248e-08  1.20000000e+00  7.34884879e-08  1.06362991e-10  5.06908327e-14 
 8.11428248e-08  8.11428248e-08  1.20000000e+00  7.29306710e-08  1.06362991e-10  5.06908337e-14 
 8.11528248e-08  8.11528248e-08  1.20000000e+00  7.25105454e-08  1.06362991e-10  5.06908348e-14 
 8.11628248e-08  8.11628248e-08  1.20000000e+00  7.21941241e-08  1.06362991e-10  5.06908359e-14 
 8.11728248e-08  8.11728248e-08  1.20000000e+00  7.19558092e-08  1.06362991e-10  5.06908369e-14 
 8.11828248e-08  8.11828248e-08  1.20000000e+00  7.17763202e-08  1.06362991e-10  5.06908380e-14 
 8.11928248e-08  8.11928248e-08  1.20000000e+00  7.16411364e-08  1.06362991e-10  5.06908391e-14 
 8.12028248e-08  8.12028248e-08  1.20000000e+00  7.15393201e-08  1.06362991e-10  5.06908401e-14 
 8.12128248e-08  8.12128248e-08  1.20000000e+00  7.14626373e-08  1.06362991e-10  5.06908412e-14 
 8.12228248e-08  8.12228248e-08  1.20000000e+00  7.14048839e-08  1.06362991e-10  5.06908422e-14 
 8.12328248e-08  8.12328248e-08  1.20000000e+00  7.13613853e-08  1.06362991e-10  5.06908433e-14 
 8.12428248e-08  8.12428248e-08  1.20000000e+00  7.13286236e-08  1.06362991e-10  5.06908444e-14 
 8.12528248e-08  8.12528248e-08  1.20000000e+00  7.13039494e-08  1.06362991e-10  5.06908454e-14 
 8.12628248e-08  8.12628248e-08  1.20000000e+00  7.12853663e-08  1.06362991e-10  5.06908465e-14 
 8.12728248e-08  8.12728248e-08  1.20000000e+00  7.12713694e-08  1.06362991e-10  5.06908476e-14 
 8.12828248e-08  8.12828248e-08  1.20000000e+00  7.12608286e-08  1.06362991e-10  5.06908486e-14 
 8.12928248e-08  8.12928248e-08  1.20000000e+00  7.12528888e-08  1.06362991e-10  5.06908497e-14 
 8.13028248e-08  8.13028248e-08  1.20000000e+00  7.12469082e-08  1.06362991e-10  5.06908508e-14 
 8.13128248e-08  8.13128248e-08  1.20000000e+00  7.12424041e-08  1.06362991e-10  5.06908518e-14 
 8.13228248e-08  8.13228248e-08  1.20000000e+00  7.12390130e-08  1.06362991e-10  5.06908529e-14 
 8.13328248e-08  8.13328248e-08  1.20000000e+00  7.12364589e-08  1.06362991e-10  5.06908539e-14 
 8.13428248e-08  8.13428248e-08  1.20000000e+00  7.12345343e-08  1.06362991e-10  5.06908550e-14 
 8.13528248e-08  8.13528248e-08  1.20000000e+00  7.12330851e-08  1.06362991e-10  5.06908561e-14 
 8.13628248e-08  8.13628248e-08  1.20000000e+00  7.12319951e-08  1.06362991e-10  5.06908571e-14 
 8.13728248e-08  8.13728248e-08  1.20000000e+00  7.12311746e-08  1.06362991e-10  5.06908582e-14 
 8.13828248e-08  8.13828248e-08  1.20000000e+00  7.12305562e-08  1.06362991e-10  5.06908593e-14 
 8.13928248e-08  8.13928248e-08  1.20000000e+00  7.12300892e-08  1.06362991e-10  5.06908603e-14 
 8.14028248e-08  8.14028248e-08  1.20000000e+00  7.12297374e-08  1.06362991e-10  5.06908614e-14 
 8.14128248e-08  8.14128248e-08  1.20000000e+00  7.12294733e-08  1.06362991e-10  5.06908625e-14 
 8.14228248e-08  8.14228248e-08  1.20000000e+00  7.12292743e-08  1.06362991e-10  5.06908635e-14 
 8.14328248e-08  8.14328248e-08  1.20000000e+00  7.12291257e-08  1.06362991e-10  5.06908646e-14 
 8.14428248e-08  8.14428248e-08  1.20000000e+00  7.12290121e-08  1.06362991e-10  5.06908656e-14 
 8.14528248e-08  8.14528248e-08  1.20000000e+00  7.12289264e-08  1.06362991e-10  5.06908667e-14 
 8.14628248e-08  8.14628248e-08  1.20000000e+00  7.12288620e-08  1.06362991e-10  5.06908678e-14 
 8.14728248e-08  8.14728248e-08  1.20000000e+00  7.12288130e-08  1.06362991e-10  5.06908688e-14 
 8.14828248e-08  8.14828248e-08  1.20000000e+00  7.12287767e-08  1.06362991e-10  5.06908699e-14 
 8.14928248e-08  8.14928248e-08  1.20000000e+00  7.12287492e-08  1.06362991e-10  5.06908710e-14 
 8.15028248e-08  8.15028248e-08  1.20000000e+00  7.12287284e-08  1.06362991e-10  5.06908720e-14 
 8.15128248e-08  8.15128248e-08  1.20000000e+00  7.12287125e-08  1.06362991e-10  5.06908731e-14 
 8.15228248e-08  8.15228248e-08  1.20000000e+00  7.12287014e-08  1.06362991e-10  5.06908742e-14 
 8.15328248e-08  8.15328248e-08  1.20000000e+00  7.12286932e-08  1.06362991e-10  5.06908752e-14 
 8.15428248e-08  8.15428248e-08  1.20000000e+00  7.12286869e-08  1.06362991e-10  5.06908763e-14 
 8.15528248e-08  8.15528248e-08  1.20000000e+00  7.12286821e-08  1.06362991e-10  5.06908773e-14 
 8.15628248e-08  8.15628248e-08  1.20000000e+00  7.12286782e-08  1.06362991e-10  5.06908784e-14 
 8.15728248e-08  8.15728248e-08  1.20000000e+00  7.12286755e-08  1.06362991e-10  5.06908795e-14 
 8.15828248e-08  8.15828248e-08  1.20000000e+00  7.12286737e-08  1.06362991e-10  5.06908805e-14 
 8.15928248e-08  8.15928248e-08  1.20000000e+00  7.12286721e-08  1.06362991e-10  5.06908816e-14 
 8.16028248e-08  8.16028248e-08  1.20000000e+00  7.12286708e-08  1.06362991e-10  5.06908827e-14 
 8.16128248e-08  8.16128248e-08  1.20000000e+00  7.12286696e-08  1.06362991e-10  5.06908837e-14 
 8.16228248e-08  8.16228248e-08  1.20000000e+00  7.12286691e-08  1.06362991e-10  5.06908848e-14 
 8.16327614e-08  8.16327614e-08  1.20000000e+00  7.12286684e-08  1.06362991e-10  5.06908858e-14 
 8.16427614e-08  8.16427614e-08  1.20000000e+00  7.12286680e-08  1.06362991e-10  5.06908869e-14 
 8.16527614e-08  8.16527614e-08  1.20000000e+00  7.12286676e-08  1.06362991e-10  5.06908880e-14 
 8.16627614e-08  8.16627614e-08  1.20000000e+00  7.12286672e-08  1.06362991e-10  5.06908890e-14 
 8.16727614e-08  8.16727614e-08  1.20000000e+00  7.12286669e-08  1.06362991e-10  5.06908901e-14 
 8.16827614e-08  8.16827614e-08  1.20000000e+00  7.12286670e-08  1.06362991e-10  5.06908912e-14 
 8.16927614e-08  8.16927614e-08  1.20000000e+00  7.12286671e-08  1.06362991e-10  5.06908922e-14 
 8.17027614e-08  8.17027614e-08  1.20000000e+00  7.12286670e-08  1.06362991e-10  5.06908933e-14 
 8.17127614e-08  8.17127614e-08  1.20000000e+00  7.12286670e-08  1.06362991e-10  5.06908944e-14 
 8.17227614e-08  8.17227614e-08  1.20000000e+00  7.12286669e-08  1.06362991e-10  5.06908954e-14 
 8.17327614e-08  8.17327614e-08  1.20000000e+00  7.12286670e-08  1.06362991e-10  5.06908965e-14 
 8.17427614e-08  8.17427614e-08  1.20000000e+00  7.12286670e-08  1.06362991e-10  5.06908975e-14 
 8.17527614e-08  8.17527614e-08  1.20000000e+00  7.12286670e-08  1.06362991e-10  5.06908986e-14 
 8.17627614e-08  8.17627614e-08  1.20000000e+00  7.12286670e-08  1.06362991e-10  5.06908997e-14 
 8.17727614e-08  8.17727614e-08  1.20000000e+00  7.12286669e-08  1.06362991e-10  5.06909007e-14 
 8.17827614e-08  8.17827614e-08  1.20000000e+00  7.12286670e-08  1.06362991e-10  5.06909018e-14 
 8.17927614e-08  8.17927614e-08  1.20000000e+00  7.12286669e-08  1.06362991e-10  5.06909029e-14 
 8.18027614e-08  8.18027614e-08  1.20000000e+00  7.12286670e-08  1.06362991e-10  5.06909039e-14 
 8.18127614e-08  8.18127614e-08  1.20000000e+00  7.12286669e-08  1.06362991e-10  5.06909050e-14 
 8.18227614e-08  8.18227614e-08  1.20000000e+00  7.12286670e-08  1.06362991e-10  5.06909061e-14 
 8.18327614e-08  8.18327614e-08  1.20000000e+00  7.12286669e-08  1.06362991e-10  5.06909071e-14 
 8.18427614e-08  8.18427614e-08  1.20000000e+00  7.12286670e-08  1.06362991e-10  5.06909082e-14 
 8.18527614e-08  8.18527614e-08  1.20000000e+00  7.12286669e-08  1.06362991e-10  5.06909092e-14 
 8.18627614e-08  8.18627614e-08  1.20000000e+00  7.12286670e-08  1.06362991e-10  5.06909103e-14 
 8.18727614e-08  8.18727614e-08  1.20000000e+00  7.12286669e-08  1.06362991e-10  5.06909114e-14 
 8.18827614e-08  8.18827614e-08  1.20000000e+00  7.12286670e-08  1.06362991e-10  5.06909124e-14 
 8.18927614e-08  8.18927614e-08  1.20000000e+00  7.12286669e-08  1.06362991e-10  5.06909135e-14 
 8.19027614e-08  8.19027614e-08  1.20000000e+00  7.12286670e-08  1.06362991e-10  5.06909146e-14 
 8.19127614e-08  8.19127614e-08  1.20000000e+00  7.12286669e-08  1.06362991e-10  5.06909156e-14 
 8.19227614e-08  8.19227614e-08  1.20000000e+00  7.12286670e-08  1.06362991e-10  5.06909167e-14 
 8.19327614e-08  8.19327614e-08  1.20000000e+00  7.12286669e-08  1.06362991e-10  5.06909178e-14 
 8.19427614e-08  8.19427614e-08  1.20000000e+00  7.12286670e-08  1.06362991e-10  5.06909188e-14 
 8.19527614e-08  8.19527614e-08  1.20000000e+00  7.12286669e-08  1.06362991e-10  5.06909199e-14 
 8.19627614e-08  8.19627614e-08  1.20000000e+00  7.12286670e-08  1.06362991e-10  5.06909209e-14 
 8.19727614e-08  8.19727614e-08  1.20000000e+00  7.12286669e-08  1.06362991e-10  5.06909220e-14 
 8.19827614e-08  8.19827614e-08  1.20000000e+00  7.12286670e-08  1.06362991e-10  5.06909231e-14 
 8.19927614e-08  8.19927614e-08  1.20000000e+00  7.12286669e-08  1.06362991e-10  5.06909241e-14 
 8.20027614e-08  8.20027614e-08  1.20000000e+00  7.12286670e-08  1.06362991e-10  5.06909252e-14 
 8.20127614e-08  8.20127614e-08  1.20000000e+00  7.12286669e-08  1.06362991e-10  5.06909263e-14 
 8.20227614e-08  8.20227614e-08  1.20000000e+00  7.12286670e-08  1.06362991e-10  5.06909273e-14 
 8.20327614e-08  8.20327614e-08  1.20000000e+00  7.12286669e-08  1.06362991e-10  5.06909284e-14 
 8.20427614e-08  8.20427614e-08  1.20000000e+00  7.12286670e-08  1.06362991e-10  5.06909295e-14 
 8.20527614e-08  8.20527614e-08  1.20000000e+00  7.12286669e-08  1.06362991e-10  5.06909305e-14 
 8.20627614e-08  8.20627614e-08  1.20000000e+00  7.12286670e-08  1.06362991e-10  5.06909316e-14 
 8.20727614e-08  8.20727614e-08  1.20000000e+00  7.12286669e-08  1.06362991e-10  5.06909326e-14 
 8.20827614e-08  8.20827614e-08  1.20000000e+00  7.12286670e-08  1.06362991e-10  5.06909337e-14 
 8.20927614e-08  8.20927614e-08  1.20000000e+00  7.12286669e-08  1.06362991e-10  5.06909348e-14 
 8.21027614e-08  8.21027614e-08  1.20000000e+00  7.12286670e-08  1.06362991e-10  5.06909358e-14 
 8.21127614e-08  8.21127614e-08  1.20000000e+00  7.12286669e-08  1.06362991e-10  5.06909369e-14 
 8.21227614e-08  8.21227614e-08  1.20000000e+00  7.12286670e-08  1.06362991e-10  5.06909380e-14 
 8.21327614e-08  8.21327614e-08  1.20000000e+00  7.12286669e-08  1.06362991e-10  5.06909390e-14 
 8.21427614e-08  8.21427614e-08  1.20000000e+00  7.12286670e-08  1.06362991e-10  5.06909401e-14 
 8.21527614e-08  8.21527614e-08  1.20000000e+00  7.12286669e-08  1.06362991e-10  5.06909412e-14 
 8.21627614e-08  8.21627614e-08  1.20000000e+00  7.12286670e-08  1.06362991e-10  5.06909422e-14 
 8.21727614e-08  8.21727614e-08  1.20000000e+00  7.12286669e-08  1.06362991e-10  5.06909433e-14 
 8.21827614e-08  8.21827614e-08  1.20000000e+00  7.12286670e-08  1.06362991e-10  5.06909443e-14 
 8.21927614e-08  8.21927614e-08  1.20000000e+00  7.12286669e-08  1.06362991e-10  5.06909454e-14 
 8.22027614e-08  8.22027614e-08  1.20000000e+00  7.12286670e-08  1.06362991e-10  5.06909465e-14 
 8.22127614e-08  8.22127614e-08  1.20000000e+00  7.12286669e-08  1.06362991e-10  5.06909475e-14 
 8.22227614e-08  8.22227614e-08  1.20000000e+00  7.12286670e-08  1.06362991e-10  5.06909486e-14 
 8.22327614e-08  8.22327614e-08  1.20000000e+00  7.12286669e-08  1.06362991e-10  5.06909497e-14 
 8.22427614e-08  8.22427614e-08  1.20000000e+00  7.12286670e-08  1.06362991e-10  5.06909507e-14 
 8.22527614e-08  8.22527614e-08  1.20000000e+00  7.12286669e-08  1.06362991e-10  5.06909518e-14 
 8.22627614e-08  8.22627614e-08  1.20000000e+00  7.12286670e-08  1.06362991e-10  5.06909529e-14 
 8.22727614e-08  8.22727614e-08  1.20000000e+00  7.12286669e-08  1.06362991e-10  5.06909539e-14 
 8.22827614e-08  8.22827614e-08  1.20000000e+00  7.12286670e-08  1.06362991e-10  5.06909550e-14 
 8.22927614e-08  8.22927614e-08  1.20000000e+00  7.12286669e-08  1.06362991e-10  5.06909560e-14 
 8.23027614e-08  8.23027614e-08  1.20000000e+00  7.12286670e-08  1.06362991e-10  5.06909571e-14 
 8.23127614e-08  8.23127614e-08  1.20000000e+00  7.12286669e-08  1.06362991e-10  5.06909582e-14 
 8.23227614e-08  8.23227614e-08  1.20000000e+00  7.12286670e-08  1.06362991e-10  5.06909592e-14 
 8.23327614e-08  8.23327614e-08  1.20000000e+00  7.12286669e-08  1.06362991e-10  5.06909603e-14 
 8.23427614e-08  8.23427614e-08  1.20000000e+00  7.12286670e-08  1.06362991e-10  5.06909614e-14 
 8.23527614e-08  8.23527614e-08  1.20000000e+00  7.12286669e-08  1.06362991e-10  5.06909624e-14 
 8.23627614e-08  8.23627614e-08  1.20000000e+00  7.12286670e-08  1.06362991e-10  5.06909635e-14 
 8.23727614e-08  8.23727614e-08  1.20000000e+00  7.12286669e-08  1.06362991e-10  5.06909646e-14 
 8.23827614e-08  8.23827614e-08  1.20000000e+00  7.12286670e-08  1.06362991e-10  5.06909656e-14 
 8.23927614e-08  8.23927614e-08  1.20000000e+00  7.12286669e-08  1.06362991e-10  5.06909667e-14 
 8.24027614e-08  8.24027614e-08  1.20000000e+00  7.12286670e-08  1.06362991e-10  5.06909677e-14 
 8.24127614e-08  8.24127614e-08  1.20000000e+00  7.12286669e-08  1.06362991e-10  5.06909688e-14 
 8.24227614e-08  8.24227614e-08  1.20000000e+00  7.12286670e-08  1.06362991e-10  5.06909699e-14 
 8.24327614e-08  8.24327614e-08  1.20000000e+00  7.12286669e-08  1.06362991e-10  5.06909709e-14 
 8.24427614e-08  8.24427614e-08  1.20000000e+00  7.12286670e-08  1.06362991e-10  5.06909720e-14 
 8.24527614e-08  8.24527614e-08  1.20000000e+00  7.12286669e-08  1.06362991e-10  5.06909731e-14 
 8.24627614e-08  8.24627614e-08  1.20000000e+00  7.12286670e-08  1.06362991e-10  5.06909741e-14 
 8.24727614e-08  8.24727614e-08  1.20000000e+00  7.12286669e-08  1.06362991e-10  5.06909752e-14 
 8.24827614e-08  8.24827614e-08  1.20000000e+00  7.12286670e-08  1.06362991e-10  5.06909763e-14 
 8.24927614e-08  8.24927614e-08  1.20000000e+00  7.12286669e-08  1.06362991e-10  5.06909773e-14 
 8.25027614e-08  8.25027614e-08  1.20000000e+00  7.12286670e-08  1.06362991e-10  5.06909784e-14 
 8.25127614e-08  8.25127614e-08  1.20000000e+00  7.12286669e-08  1.06362991e-10  5.06909794e-14 
 8.25227614e-08  8.25227614e-08  1.20000000e+00  7.12286670e-08  1.06362991e-10  5.06909805e-14 
 8.25327614e-08  8.25327614e-08  1.20000000e+00  7.12286669e-08  1.06362991e-10  5.06909816e-14 
 8.25427614e-08  8.25427614e-08  1.20000000e+00  7.12286670e-08  1.06362991e-10  5.06909826e-14 
 8.25527614e-08  8.25527614e-08  1.20000000e+00  7.12286669e-08  1.06362991e-10  5.06909837e-14 
 8.25627614e-08  8.25627614e-08  1.20000000e+00  7.12286670e-08  1.06362991e-10  5.06909848e-14 
 8.25727614e-08  8.25727614e-08  1.20000000e+00  7.12286669e-08  1.06362991e-10  5.06909858e-14 
 8.25827614e-08  8.25827614e-08  1.20000000e+00  7.12286670e-08  1.06362991e-10  5.06909869e-14 
 8.25927614e-08  8.25927614e-08  1.20000000e+00  7.12286669e-08  1.06362991e-10  5.06909880e-14 
 8.26027614e-08  8.26027614e-08  1.20000000e+00  7.12286670e-08  1.06362991e-10  5.06909890e-14 
 8.26127614e-08  8.26127614e-08  1.20000000e+00  7.12286669e-08  1.06362991e-10  5.06909901e-14 
 8.26227614e-08  8.26227614e-08  1.20000000e+00  7.12286670e-08  1.06362991e-10  5.06909911e-14 
 8.26327614e-08  8.26327614e-08  1.20000000e+00  7.12286669e-08  1.06362991e-10  5.06909922e-14 
 8.26427614e-08  8.26427614e-08  1.20000000e+00  7.12286670e-08  1.06362991e-10  5.06909933e-14 
 8.26527614e-08  8.26527614e-08  1.20000000e+00  7.12286669e-08  1.06362991e-10  5.06909943e-14 
 8.26627614e-08  8.26627614e-08  1.20000000e+00  7.12286670e-08  1.06362991e-10  5.06909954e-14 
 8.26727614e-08  8.26727614e-08  1.20000000e+00  7.12286669e-08  1.06362991e-10  5.06909965e-14 
 8.26827614e-08  8.26827614e-08  1.20000000e+00  7.12286670e-08  1.06362991e-10  5.06909975e-14 
 8.26927614e-08  8.26927614e-08  1.20000000e+00  7.12286669e-08  1.06362991e-10  5.06909986e-14 
 8.27027614e-08  8.27027614e-08  1.20000000e+00  7.12286670e-08  1.06362991e-10  5.06909997e-14 
 8.27127614e-08  8.27127614e-08  1.20000000e+00  7.12286669e-08  1.06362991e-10  5.06910007e-14 
 8.27227614e-08  8.27227614e-08  1.20000000e+00  7.12286670e-08  1.06362991e-10  5.06910018e-14 
 8.27327614e-08  8.27327614e-08  1.20000000e+00  7.12286669e-08  1.06362991e-10  5.06910028e-14 
 8.27427614e-08  8.27427614e-08  1.20000000e+00  7.12286670e-08  1.06362991e-10  5.06910039e-14 
 8.27527614e-08  8.27527614e-08  1.20000000e+00  7.12286669e-08  1.06362991e-10  5.06910050e-14 
 8.27627614e-08  8.27627614e-08  1.20000000e+00  7.12286670e-08  1.06362991e-10  5.06910060e-14 
 8.27727614e-08  8.27727614e-08  1.20000000e+00  7.12286669e-08  1.06362991e-10  5.06910071e-14 
 8.27827614e-08  8.27827614e-08  1.20000000e+00  7.12286670e-08  1.06362991e-10  5.06910082e-14 
 8.27927614e-08  8.27927614e-08  1.20000000e+00  7.12286669e-08  1.06362991e-10  5.06910092e-14 
 8.28027614e-08  8.28027614e-08  1.20000000e+00  7.12286670e-08  1.06362991e-10  5.06910103e-14 
 8.28127614e-08  8.28127614e-08  1.20000000e+00  7.12286669e-08  1.06362991e-10  5.06910114e-14 
 8.28227614e-08  8.28227614e-08  1.20000000e+00  7.12286670e-08  1.06362991e-10  5.06910124e-14 
 8.28327614e-08  8.28327614e-08  1.20000000e+00  7.12286669e-08  1.06362991e-10  5.06910135e-14 
 8.28427614e-08  8.28427614e-08  1.20000000e+00  7.12286670e-08  1.06362991e-10  5.06910145e-14 
 8.28527614e-08  8.28527614e-08  1.20000000e+00  7.12286669e-08  1.06362991e-10  5.06910156e-14 
 8.28627614e-08  8.28627614e-08  1.20000000e+00  7.12286670e-08  1.06362991e-10  5.06910167e-14 
 8.28727614e-08  8.28727614e-08  1.20000000e+00  7.12286669e-08  1.06362991e-10  5.06910177e-14 
 8.28827614e-08  8.28827614e-08  1.20000000e+00  7.12286670e-08  1.06362991e-10  5.06910188e-14 
 8.28927614e-08  8.28927614e-08  1.20000000e+00  7.12286669e-08  1.06362991e-10  5.06910199e-14 
 8.29027614e-08  8.29027614e-08  1.20000000e+00  7.12286670e-08  1.06362991e-10  5.06910209e-14 
 8.29127614e-08  8.29127614e-08  1.20000000e+00  7.12286669e-08  1.06362991e-10  5.06910220e-14 
 8.29227614e-08  8.29227614e-08  1.20000000e+00  7.12286670e-08  1.06362991e-10  5.06910231e-14 
 8.29327614e-08  8.29327614e-08  1.20000000e+00  7.12286669e-08  1.06362991e-10  5.06910241e-14 
 8.29427614e-08  8.29427614e-08  1.20000000e+00  7.12286670e-08  1.06362991e-10  5.06910252e-14 
 8.29527614e-08  8.29527614e-08  1.20000000e+00  7.12286669e-08  1.06362991e-10  5.06910262e-14 
 8.29627614e-08  8.29627614e-08  1.20000000e+00  7.12286670e-08  1.06362991e-10  5.06910273e-14 
 8.29727614e-08  8.29727614e-08  1.20000000e+00  7.12286669e-08  1.06362991e-10  5.06910284e-14 
 8.29827614e-08  8.29827614e-08  1.20000000e+00  7.12286670e-08  1.06362991e-10  5.06910294e-14 
 8.29927614e-08  8.29927614e-08  1.20000000e+00  7.12286669e-08  1.06362991e-10  5.06910305e-14 
 8.30027614e-08  8.30027614e-08  1.20000000e+00  7.12286670e-08  1.06362991e-10  5.06910316e-14 
 8.30127614e-08  8.30127614e-08  1.20000000e+00  7.12286669e-08  1.06362991e-10  5.06910326e-14 
 8.30227614e-08  8.30227614e-08  1.20000000e+00  7.12286670e-08  1.06362991e-10  5.06910337e-14 
 8.30327614e-08  8.30327614e-08  1.20000000e+00  7.12286669e-08  1.06362991e-10  5.06910348e-14 
 8.30427614e-08  8.30427614e-08  1.20000000e+00  7.12286670e-08  1.06362991e-10  5.06910358e-14 
 8.30527614e-08  8.30527614e-08  1.20000000e+00  7.12286669e-08  1.06362991e-10  5.06910369e-14 
 8.30627614e-08  8.30627614e-08  1.20000000e+00  7.12286670e-08  1.06362991e-10  5.06910379e-14 
 8.30727614e-08  8.30727614e-08  1.20000000e+00  7.12286669e-08  1.06362991e-10  5.06910390e-14 
 8.30827614e-08  8.30827614e-08  1.20000000e+00  7.12286670e-08  1.06362991e-10  5.06910401e-14 
 8.30927614e-08  8.30927614e-08  1.20000000e+00  7.12286669e-08  1.06362991e-10  5.06910411e-14 
 8.31027614e-08  8.31027614e-08  1.20000000e+00  7.12286670e-08  1.06362991e-10  5.06910422e-14 
 8.31127614e-08  8.31127614e-08  1.20000000e+00  7.12286669e-08  1.06362991e-10  5.06910433e-14 
 8.31227614e-08  8.31227614e-08  1.20000000e+00  7.12286670e-08  1.06362991e-10  5.06910443e-14 
 8.31327614e-08  8.31327614e-08  1.20000000e+00  7.12286669e-08  1.06362991e-10  5.06910454e-14 
 8.31427614e-08  8.31427614e-08  1.20000000e+00  7.12286670e-08  1.06362991e-10  5.06910465e-14 
 8.31527614e-08  8.31527614e-08  1.20000000e+00  7.12286669e-08  1.06362991e-10  5.06910475e-14 
 8.31627614e-08  8.31627614e-08  1.20000000e+00  7.12286670e-08  1.06362991e-10  5.06910486e-14 
 8.31727614e-08  8.31727614e-08  1.20000000e+00  7.12286669e-08  1.06362991e-10  5.06910496e-14 
 8.31827614e-08  8.31827614e-08  1.20000000e+00  7.12286670e-08  1.06362991e-10  5.06910507e-14 
 8.31927614e-08  8.31927614e-08  1.20000000e+00  7.12286669e-08  1.06362991e-10  5.06910518e-14 
 8.32027614e-08  8.32027614e-08  1.20000000e+00  7.12286670e-08  1.06362991e-10  5.06910528e-14 
 8.32127614e-08  8.32127614e-08  1.20000000e+00  7.12286669e-08  1.06362991e-10  5.06910539e-14 
 8.32227614e-08  8.32227614e-08  1.20000000e+00  7.12286670e-08  1.06362991e-10  5.06910550e-14 
 8.32327614e-08  8.32327614e-08  1.20000000e+00  7.12286669e-08  1.06362991e-10  5.06910560e-14 
 8.32427614e-08  8.32427614e-08  1.20000000e+00  7.12286670e-08  1.06362991e-10  5.06910571e-14 
 8.32527614e-08  8.32527614e-08  1.20000000e+00  7.12286669e-08  1.06362991e-10  5.06910582e-14 
 8.32627614e-08  8.32627614e-08  1.20000000e+00  7.12286670e-08  1.06362991e-10  5.06910592e-14 
 8.32727614e-08  8.32727614e-08  1.20000000e+00  7.12286669e-08  1.06362991e-10  5.06910603e-14 
 8.32827614e-08  8.32827614e-08  1.20000000e+00  7.12286670e-08  1.06362991e-10  5.06910613e-14 
 8.32927614e-08  8.32927614e-08  1.20000000e+00  7.12286669e-08  1.06362991e-10  5.06910624e-14 
 8.33027614e-08  8.33027614e-08  1.20000000e+00  7.12286670e-08  1.06362991e-10  5.06910635e-14 
 8.33127614e-08  8.33127614e-08  1.20000000e+00  7.12286669e-08  1.06362991e-10  5.06910645e-14 
 8.33227614e-08  8.33227614e-08  1.20000000e+00  7.12286670e-08  1.06362991e-10  5.06910656e-14 
 8.33327614e-08  8.33327614e-08  1.20000000e+00  7.12286669e-08  1.06362991e-10  5.06910667e-14 
 8.33427614e-08  8.33427614e-08  1.20000000e+00  7.12286670e-08  1.06362991e-10  5.06910677e-14 
 8.33527614e-08  8.33527614e-08  1.20000000e+00  7.12286669e-08  1.06362991e-10  5.06910688e-14 
 8.33627614e-08  8.33627614e-08  1.20000000e+00  7.12286670e-08  1.06362991e-10  5.06910699e-14 
 8.33727614e-08  8.33727614e-08  1.20000000e+00  7.12286669e-08  1.06362991e-10  5.06910709e-14 
 8.33827614e-08  8.33827614e-08  1.20000000e+00  7.12286670e-08  1.06362991e-10  5.06910720e-14 
 8.33927614e-08  8.33927614e-08  1.20000000e+00  7.12286669e-08  1.06362991e-10  5.06910730e-14 
 8.34027614e-08  8.34027614e-08  1.20000000e+00  7.12286670e-08  1.06362991e-10  5.06910741e-14 
 8.34127614e-08  8.34127614e-08  1.20000000e+00  7.12286669e-08  1.06362991e-10  5.06910752e-14 
 8.34227614e-08  8.34227614e-08  1.20000000e+00  7.12286670e-08  1.06362991e-10  5.06910762e-14 
 8.34327614e-08  8.34327614e-08  1.20000000e+00  7.12286669e-08  1.06362991e-10  5.06910773e-14 
 8.34427614e-08  8.34427614e-08  1.20000000e+00  7.12286670e-08  1.06362991e-10  5.06910784e-14 
 8.34527614e-08  8.34527614e-08  1.20000000e+00  7.12286669e-08  1.06362991e-10  5.06910794e-14 
 8.34627614e-08  8.34627614e-08  1.20000000e+00  7.12286670e-08  1.06362991e-10  5.06910805e-14 
 8.34727614e-08  8.34727614e-08  1.20000000e+00  7.12286669e-08  1.06362991e-10  5.06910816e-14 
 8.34827614e-08  8.34827614e-08  1.20000000e+00  7.12286670e-08  1.06362991e-10  5.06910826e-14 
 8.34927614e-08  8.34927614e-08  1.20000000e+00  7.12286669e-08  1.06362991e-10  5.06910837e-14 
 8.35027614e-08  8.35027614e-08  1.20000000e+00  7.12286670e-08  1.06362991e-10  5.06910847e-14 
 8.35127614e-08  8.35127614e-08  1.20000000e+00  7.12286669e-08  1.06362991e-10  5.06910858e-14 
 8.35227614e-08  8.35227614e-08  1.20000000e+00  7.12286670e-08  1.06362991e-10  5.06910869e-14 
 8.35327614e-08  8.35327614e-08  1.20000000e+00  7.12286669e-08  1.06362991e-10  5.06910879e-14 
 8.35427614e-08  8.35427614e-08  1.20000000e+00  7.12286670e-08  1.06362991e-10  5.06910890e-14 
 8.35527614e-08  8.35527614e-08  1.20000000e+00  7.12286669e-08  1.06362991e-10  5.06910901e-14 
 8.35627614e-08  8.35627614e-08  1.20000000e+00  7.12286670e-08  1.06362991e-10  5.06910911e-14 
 8.35727614e-08  8.35727614e-08  1.20000000e+00  7.12286669e-08  1.06362991e-10  5.06910922e-14 
 8.35827614e-08  8.35827614e-08  1.20000000e+00  7.12286670e-08  1.06362991e-10  5.06910933e-14 
 8.35927614e-08  8.35927614e-08  1.20000000e+00  7.12286669e-08  1.06362991e-10  5.06910943e-14 
 8.36027614e-08  8.36027614e-08  1.20000000e+00  7.12286670e-08  1.06362991e-10  5.06910954e-14 
 8.36127614e-08  8.36127614e-08  1.20000000e+00  7.12286669e-08  1.06362991e-10  5.06910964e-14 
 8.36227614e-08  8.36227614e-08  1.20000000e+00  7.12286670e-08  1.06362991e-10  5.06910975e-14 
 8.36327614e-08  8.36327614e-08  1.20000000e+00  7.12286669e-08  1.06362991e-10  5.06910986e-14 
 8.36427614e-08  8.36427614e-08  1.20000000e+00  7.12286670e-08  1.06362991e-10  5.06910996e-14 
 8.36527614e-08  8.36527614e-08  1.20000000e+00  7.12286669e-08  1.06362991e-10  5.06911007e-14 
 8.36627614e-08  8.36627614e-08  1.20000000e+00  7.12286670e-08  1.06362991e-10  5.06911018e-14 
 8.36727614e-08  8.36727614e-08  1.20000000e+00  7.12286669e-08  1.06362991e-10  5.06911028e-14 
 8.36827614e-08  8.36827614e-08  1.20000000e+00  7.12286670e-08  1.06362991e-10  5.06911039e-14 
 8.36927614e-08  8.36927614e-08  1.20000000e+00  7.12286669e-08  1.06362991e-10  5.06911050e-14 
 8.37027614e-08  8.37027614e-08  1.20000000e+00  7.12286670e-08  1.06362991e-10  5.06911060e-14 
 8.37127614e-08  8.37127614e-08  1.20000000e+00  7.12286669e-08  1.06362991e-10  5.06911071e-14 
 8.37227614e-08  8.37227614e-08  1.20000000e+00  7.12286670e-08  1.06362991e-10  5.06911081e-14 
 8.37327614e-08  8.37327614e-08  1.20000000e+00  7.12286669e-08  1.06362991e-10  5.06911092e-14 
 8.37427614e-08  8.37427614e-08  1.20000000e+00  7.12286670e-08  1.06362991e-10  5.06911103e-14 
 8.37527614e-08  8.37527614e-08  1.20000000e+00  7.12286669e-08  1.06362991e-10  5.06911113e-14 
 8.37627614e-08  8.37627614e-08  1.20000000e+00  7.12286670e-08  1.06362991e-10  5.06911124e-14 
 8.37727614e-08  8.37727614e-08  1.20000000e+00  7.12286669e-08  1.06362991e-10  5.06911135e-14 
 8.37827614e-08  8.37827614e-08  1.20000000e+00  7.12286670e-08  1.06362991e-10  5.06911145e-14 
 8.37927614e-08  8.37927614e-08  1.20000000e+00  7.12286669e-08  1.06362991e-10  5.06911156e-14 
 8.38027614e-08  8.38027614e-08  1.20000000e+00  7.12286670e-08  1.06362991e-10  5.06911167e-14 
 8.38127614e-08  8.38127614e-08  1.20000000e+00  7.12286669e-08  1.06362991e-10  5.06911177e-14 
 8.38227614e-08  8.38227614e-08  1.20000000e+00  7.12286670e-08  1.06362991e-10  5.06911188e-14 
 8.38327614e-08  8.38327614e-08  1.20000000e+00  7.12286669e-08  1.06362991e-10  5.06911198e-14 
 8.38427614e-08  8.38427614e-08  1.20000000e+00  7.12286670e-08  1.06362991e-10  5.06911209e-14 
 8.38527614e-08  8.38527614e-08  1.20000000e+00  7.12286669e-08  1.06362991e-10  5.06911220e-14 
 8.38627614e-08  8.38627614e-08  1.20000000e+00  7.12286670e-08  1.06362991e-10  5.06911230e-14 
 8.38727614e-08  8.38727614e-08  1.20000000e+00  7.12286669e-08  1.06362991e-10  5.06911241e-14 
 8.38827614e-08  8.38827614e-08  1.20000000e+00  7.12286670e-08  1.06362991e-10  5.06911252e-14 
 8.38927614e-08  8.38927614e-08  1.20000000e+00  7.12286669e-08  1.06362991e-10  5.06911262e-14 
 8.39027614e-08  8.39027614e-08  1.20000000e+00  7.12286670e-08  1.06362991e-10  5.06911273e-14 
 8.39127614e-08  8.39127614e-08  1.20000000e+00  7.12286669e-08  1.06362991e-10  5.06911284e-14 
 8.39227614e-08  8.39227614e-08  1.20000000e+00  7.12286670e-08  1.06362991e-10  5.06911294e-14 
 8.39327614e-08  8.39327614e-08  1.20000000e+00  7.12286669e-08  1.06362991e-10  5.06911305e-14 
 8.39427614e-08  8.39427614e-08  1.20000000e+00  7.12286670e-08  1.06362991e-10  5.06911315e-14 
 8.39527614e-08  8.39527614e-08  1.20000000e+00  7.12286669e-08  1.06362991e-10  5.06911326e-14 
 8.39627614e-08  8.39627614e-08  1.20000000e+00  7.12286670e-08  1.06362991e-10  5.06911337e-14 
 8.39727614e-08  8.39727614e-08  1.20000000e+00  7.12286669e-08  1.06362991e-10  5.06911347e-14 
 8.39827614e-08  8.39827614e-08  1.20000000e+00  7.12286670e-08  1.06362991e-10  5.06911358e-14 
 8.39927614e-08  8.39927614e-08  1.20000000e+00  7.12286669e-08  1.06362991e-10  5.06911369e-14 
 8.40027614e-08  8.40027614e-08  1.20000000e+00  7.12286670e-08  1.06362991e-10  5.06911379e-14 
 8.40127614e-08  8.40127614e-08  1.20000000e+00  7.12286669e-08  1.06362991e-10  5.06911390e-14 
 8.40227614e-08  8.40227614e-08  1.20000000e+00  7.12286670e-08  1.06362991e-10  5.06911401e-14 
 8.40327614e-08  8.40327614e-08  1.20000000e+00  7.12286669e-08  1.06362991e-10  5.06911411e-14 
 8.40427614e-08  8.40427614e-08  1.20000000e+00  7.12286670e-08  1.06362991e-10  5.06911422e-14 
 8.40527614e-08  8.40527614e-08  1.20000000e+00  7.12286669e-08  1.06362991e-10  5.06911432e-14 
 8.40627614e-08  8.40627614e-08  1.20000000e+00  7.12286670e-08  1.06362991e-10  5.06911443e-14 
 8.40727614e-08  8.40727614e-08  1.20000000e+00  7.12286669e-08  1.06362991e-10  5.06911454e-14 
 8.40827614e-08  8.40827614e-08  1.20000000e+00  7.12286670e-08  1.06362991e-10  5.06911464e-14 
 8.40927614e-08  8.40927614e-08  1.20000000e+00  7.12286669e-08  1.06362991e-10  5.06911475e-14 
 8.41027614e-08  8.41027614e-08  1.20000000e+00  7.12286670e-08  1.06362991e-10  5.06911486e-14 
 8.41127614e-08  8.41127614e-08  1.20000000e+00  7.12286669e-08  1.06362991e-10  5.06911496e-14 
 8.41227614e-08  8.41227614e-08  1.20000000e+00  7.12286670e-08  1.06362991e-10  5.06911507e-14 
 8.41327614e-08  8.41327614e-08  1.20000000e+00  7.12286669e-08  1.06362991e-10  5.06911518e-14 
 8.41427614e-08  8.41427614e-08  1.20000000e+00  7.12286670e-08  1.06362991e-10  5.06911528e-14 
 8.41527614e-08  8.41527614e-08  1.20000000e+00  7.12286669e-08  1.06362991e-10  5.06911539e-14 
 8.41627614e-08  8.41627614e-08  1.20000000e+00  7.12286670e-08  1.06362991e-10  5.06911549e-14 
 8.41727614e-08  8.41727614e-08  1.20000000e+00  7.12286669e-08  1.06362991e-10  5.06911560e-14 
 8.41827614e-08  8.41827614e-08  1.20000000e+00  7.12286670e-08  1.06362991e-10  5.06911571e-14 
 8.41927614e-08  8.41927614e-08  1.20000000e+00  7.12286669e-08  1.06362991e-10  5.06911581e-14 
 8.42027614e-08  8.42027614e-08  1.20000000e+00  7.12286670e-08  1.06362991e-10  5.06911592e-14 
 8.42127614e-08  8.42127614e-08  1.20000000e+00  7.12286669e-08  1.06362991e-10  5.06911603e-14 
 8.42227614e-08  8.42227614e-08  1.20000000e+00  7.12286670e-08  1.06362991e-10  5.06911613e-14 
 8.42327614e-08  8.42327614e-08  1.20000000e+00  7.12286669e-08  1.06362991e-10  5.06911624e-14 
 8.42427614e-08  8.42427614e-08  1.20000000e+00  7.12286670e-08  1.06362991e-10  5.06911635e-14 
 8.42527614e-08  8.42527614e-08  1.20000000e+00  7.12286669e-08  1.06362991e-10  5.06911645e-14 
 8.42627614e-08  8.42627614e-08  1.20000000e+00  7.12286670e-08  1.06362991e-10  5.06911656e-14 
 8.42727614e-08  8.42727614e-08  1.20000000e+00  7.12286669e-08  1.06362991e-10  5.06911666e-14 
 8.42827614e-08  8.42827614e-08  1.20000000e+00  7.12286670e-08  1.06362991e-10  5.06911677e-14 
 8.42927614e-08  8.42927614e-08  1.20000000e+00  7.12286669e-08  1.06362991e-10  5.06911688e-14 
 8.43027614e-08  8.43027614e-08  1.20000000e+00  7.12286670e-08  1.06362991e-10  5.06911698e-14 
 8.43127614e-08  8.43127614e-08  1.20000000e+00  7.12286669e-08  1.06362991e-10  5.06911709e-14 
 8.43227614e-08  8.43227614e-08  1.20000000e+00  7.12286670e-08  1.06362991e-10  5.06911720e-14 
 8.43327614e-08  8.43327614e-08  1.20000000e+00  7.12286669e-08  1.06362991e-10  5.06911730e-14 
 8.43427614e-08  8.43427614e-08  1.20000000e+00  7.12286670e-08  1.06362991e-10  5.06911741e-14 
 8.43527614e-08  8.43527614e-08  1.20000000e+00  7.12286669e-08  1.06362991e-10  5.06911752e-14 
 8.43627614e-08  8.43627614e-08  1.20000000e+00  7.12286670e-08  1.06362991e-10  5.06911762e-14 
 8.43727614e-08  8.43727614e-08  1.20000000e+00  7.12286669e-08  1.06362991e-10  5.06911773e-14 
 8.43827614e-08  8.43827614e-08  1.20000000e+00  7.12286670e-08  1.06362991e-10  5.06911783e-14 
 8.43927614e-08  8.43927614e-08  1.20000000e+00  7.12286669e-08  1.06362991e-10  5.06911794e-14 
 8.44027614e-08  8.44027614e-08  1.20000000e+00  7.12286670e-08  1.06362991e-10  5.06911805e-14 
 8.44127614e-08  8.44127614e-08  1.20000000e+00  7.12286669e-08  1.06362991e-10  5.06911815e-14 
 8.44227614e-08  8.44227614e-08  1.20000000e+00  7.12286670e-08  1.06362991e-10  5.06911826e-14 
 8.44327614e-08  8.44327614e-08  1.20000000e+00  7.12286669e-08  1.06362991e-10  5.06911837e-14 
 8.44427614e-08  8.44427614e-08  1.20000000e+00  7.12286670e-08  1.06362991e-10  5.06911847e-14 
 8.44527614e-08  8.44527614e-08  1.20000000e+00  7.12286669e-08  1.06362991e-10  5.06911858e-14 
 8.44627614e-08  8.44627614e-08  1.20000000e+00  7.12286670e-08  1.06362991e-10  5.06911869e-14 
 8.44727614e-08  8.44727614e-08  1.20000000e+00  7.12286669e-08  1.06362991e-10  5.06911879e-14 
 8.44827614e-08  8.44827614e-08  1.20000000e+00  7.12286670e-08  1.06362991e-10  5.06911890e-14 
 8.44927614e-08  8.44927614e-08  1.20000000e+00  7.12286669e-08  1.06362991e-10  5.06911900e-14 
 8.45027614e-08  8.45027614e-08  1.20000000e+00  7.12286670e-08  1.06362991e-10  5.06911911e-14 
 8.45127614e-08  8.45127614e-08  1.20000000e+00  7.12286669e-08  1.06362991e-10  5.06911922e-14 
 8.45227614e-08  8.45227614e-08  1.20000000e+00  7.12286670e-08  1.06362991e-10  5.06911932e-14 
 8.45327614e-08  8.45327614e-08  1.20000000e+00  7.12286669e-08  1.06362991e-10  5.06911943e-14 
 8.45427614e-08  8.45427614e-08  1.20000000e+00  7.12286670e-08  1.06362991e-10  5.06911954e-14 
 8.45527614e-08  8.45527614e-08  1.20000000e+00  7.12286669e-08  1.06362991e-10  5.06911964e-14 
 8.45627614e-08  8.45627614e-08  1.20000000e+00  7.12286670e-08  1.06362991e-10  5.06911975e-14 
 8.45727614e-08  8.45727614e-08  1.20000000e+00  7.12286669e-08  1.06362991e-10  5.06911986e-14 
 8.45827614e-08  8.45827614e-08  1.20000000e+00  7.12286670e-08  1.06362991e-10  5.06911996e-14 
 8.45927614e-08  8.45927614e-08  1.20000000e+00  7.12286669e-08  1.06362991e-10  5.06912007e-14 
 8.46027614e-08  8.46027614e-08  1.20000000e+00  7.12286670e-08  1.06362991e-10  5.06912017e-14 
 8.46127614e-08  8.46127614e-08  1.20000000e+00  7.12286669e-08  1.06362991e-10  5.06912028e-14 
 8.46227614e-08  8.46227614e-08  1.20000000e+00  7.12286670e-08  1.06362991e-10  5.06912039e-14 
 8.46327614e-08  8.46327614e-08  1.20000000e+00  7.12286669e-08  1.06362991e-10  5.06912049e-14 
 8.46427614e-08  8.46427614e-08  1.20000000e+00  7.12286670e-08  1.06362991e-10  5.06912060e-14 
 8.46527614e-08  8.46527614e-08  1.20000000e+00  7.12286669e-08  1.06362991e-10  5.06912071e-14 
 8.46627614e-08  8.46627614e-08  1.20000000e+00  7.12286670e-08  1.06362991e-10  5.06912081e-14 
 8.46727614e-08  8.46727614e-08  1.20000000e+00  7.12286669e-08  1.06362991e-10  5.06912092e-14 
 8.46827614e-08  8.46827614e-08  1.20000000e+00  7.12286670e-08  1.06362991e-10  5.06912103e-14 
 8.46927614e-08  8.46927614e-08  1.20000000e+00  7.12286669e-08  1.06362991e-10  5.06912113e-14 
 8.47027614e-08  8.47027614e-08  1.20000000e+00  7.12286670e-08  1.06362991e-10  5.06912124e-14 
 8.47127614e-08  8.47127614e-08  1.20000000e+00  7.12286669e-08  1.06362991e-10  5.06912134e-14 
 8.47227614e-08  8.47227614e-08  1.20000000e+00  7.12286670e-08  1.06362991e-10  5.06912145e-14 
 8.47327614e-08  8.47327614e-08  1.20000000e+00  7.12286669e-08  1.06362991e-10  5.06912156e-14 
 8.47427614e-08  8.47427614e-08  1.20000000e+00  7.12286670e-08  1.06362991e-10  5.06912166e-14 
 8.47527614e-08  8.47527614e-08  1.20000000e+00  7.12286669e-08  1.06362991e-10  5.06912177e-14 
 8.47627614e-08  8.47627614e-08  1.20000000e+00  7.12286670e-08  1.06362991e-10  5.06912188e-14 
 8.47727614e-08  8.47727614e-08  1.20000000e+00  7.12286669e-08  1.06362991e-10  5.06912198e-14 
 8.47827614e-08  8.47827614e-08  1.20000000e+00  7.12286670e-08  1.06362991e-10  5.06912209e-14 
 8.47927614e-08  8.47927614e-08  1.20000000e+00  7.12286669e-08  1.06362991e-10  5.06912220e-14 
 8.48027614e-08  8.48027614e-08  1.20000000e+00  7.12286670e-08  1.06362991e-10  5.06912230e-14 
 8.48127614e-08  8.48127614e-08  1.20000000e+00  7.12286669e-08  1.06362991e-10  5.06912241e-14 
 8.48227614e-08  8.48227614e-08  1.20000000e+00  7.12286670e-08  1.06362991e-10  5.06912251e-14 
 8.48327614e-08  8.48327614e-08  1.20000000e+00  7.12286669e-08  1.06362991e-10  5.06912262e-14 
 8.48427614e-08  8.48427614e-08  1.20000000e+00  7.12286670e-08  1.06362991e-10  5.06912273e-14 
 8.48527614e-08  8.48527614e-08  1.20000000e+00  7.12286669e-08  1.06362991e-10  5.06912283e-14 
 8.48627614e-08  8.48627614e-08  1.20000000e+00  7.12286670e-08  1.06362991e-10  5.06912294e-14 
 8.48727614e-08  8.48727614e-08  1.20000000e+00  7.12286669e-08  1.06362991e-10  5.06912305e-14 
 8.48827614e-08  8.48827614e-08  1.20000000e+00  7.12286670e-08  1.06362991e-10  5.06912315e-14 
 8.48927614e-08  8.48927614e-08  1.20000000e+00  7.12286669e-08  1.06362991e-10  5.06912326e-14 
 8.49027614e-08  8.49027614e-08  1.20000000e+00  7.12286670e-08  1.06362991e-10  5.06912337e-14 
 8.49127614e-08  8.49127614e-08  1.20000000e+00  7.12286669e-08  1.06362991e-10  5.06912347e-14 
 8.49227614e-08  8.49227614e-08  1.20000000e+00  7.12286670e-08  1.06362991e-10  5.06912358e-14 
 8.49327614e-08  8.49327614e-08  1.20000000e+00  7.12286669e-08  1.06362991e-10  5.06912368e-14 
 8.49427614e-08  8.49427614e-08  1.20000000e+00  7.12286670e-08  1.06362991e-10  5.06912379e-14 
 8.49527614e-08  8.49527614e-08  1.20000000e+00  7.12286669e-08  1.06362991e-10  5.06912390e-14 
 8.49627614e-08  8.49627614e-08  1.20000000e+00  7.12286670e-08  1.06362991e-10  5.06912400e-14 
 8.49727614e-08  8.49727614e-08  1.20000000e+00  7.12286669e-08  1.06362991e-10  5.06912411e-14 
 8.49827614e-08  8.49827614e-08  1.20000000e+00  7.12286670e-08  1.06362991e-10  5.06912422e-14 
 8.49927614e-08  8.49927614e-08  1.20000000e+00  7.12286669e-08  1.06362991e-10  5.06912432e-14 
 8.50027614e-08  8.50027614e-08  1.20000000e+00  7.12286670e-08  1.06362991e-10  5.06912443e-14 
 8.50127614e-08  8.50127614e-08  1.20000000e+00  7.12286669e-08  1.06362991e-10  5.06912454e-14 
 8.50227614e-08  8.50227614e-08  1.20000000e+00  7.12286670e-08  1.06362991e-10  5.06912464e-14 
 8.50327614e-08  8.50327614e-08  1.20000000e+00  7.12286669e-08  1.06362991e-10  5.06912475e-14 
 8.50427614e-08  8.50427614e-08  1.20000000e+00  7.12286670e-08  1.06362991e-10  5.06912485e-14 
 8.50527614e-08  8.50527614e-08  1.20000000e+00  7.12286669e-08  1.06362991e-10  5.06912496e-14 
 8.50627614e-08  8.50627614e-08  1.20000000e+00  7.12286670e-08  1.06362991e-10  5.06912507e-14 
 8.50727614e-08  8.50727614e-08  1.20000000e+00  7.12286669e-08  1.06362991e-10  5.06912517e-14 
 8.50827614e-08  8.50827614e-08  1.20000000e+00  7.12286670e-08  1.06362991e-10  5.06912528e-14 
 8.50927614e-08  8.50927614e-08  1.20000000e+00  7.12286669e-08  1.06362991e-10  5.06912539e-14 
 8.51027614e-08  8.51027614e-08  1.20000000e+00  7.12286670e-08  1.06362991e-10  5.06912549e-14 
 8.51127614e-08  8.51127614e-08  1.20000000e+00  7.12286669e-08  1.06362991e-10  5.06912560e-14 
 8.51227614e-08  8.51227614e-08  1.20000000e+00  7.12286670e-08  1.06362991e-10  5.06912571e-14 
 8.51327614e-08  8.51327614e-08  1.20000000e+00  7.12286669e-08  1.06362991e-10  5.06912581e-14 
 8.51427614e-08  8.51427614e-08  1.20000000e+00  7.12286670e-08  1.06362991e-10  5.06912592e-14 
 8.51527614e-08  8.51527614e-08  1.20000000e+00  7.12286669e-08  1.06362991e-10  5.06912602e-14 
 8.51627614e-08  8.51627614e-08  1.20000000e+00  7.12286670e-08  1.06362991e-10  5.06912613e-14 
 8.51727614e-08  8.51727614e-08  1.20000000e+00  7.12286669e-08  1.06362991e-10  5.06912624e-14 
 8.51827614e-08  8.51827614e-08  1.20000000e+00  7.12286670e-08  1.06362991e-10  5.06912634e-14 
 8.51927614e-08  8.51927614e-08  1.20000000e+00  7.12286669e-08  1.06362991e-10  5.06912645e-14 
 8.52027614e-08  8.52027614e-08  1.20000000e+00  7.12286670e-08  1.06362991e-10  5.06912656e-14 
 8.52127614e-08  8.52127614e-08  1.20000000e+00  7.12286669e-08  1.06362991e-10  5.06912666e-14 
 8.52227614e-08  8.52227614e-08  1.20000000e+00  7.12286670e-08  1.06362991e-10  5.06912677e-14 
 8.52327614e-08  8.52327614e-08  1.20000000e+00  7.12286669e-08  1.06362991e-10  5.06912688e-14 
 8.52427614e-08  8.52427614e-08  1.20000000e+00  7.12286670e-08  1.06362991e-10  5.06912698e-14 
 8.52527614e-08  8.52527614e-08  1.20000000e+00  7.12286669e-08  1.06362991e-10  5.06912709e-14 
 8.52627614e-08  8.52627614e-08  1.20000000e+00  7.12286670e-08  1.06362991e-10  5.06912719e-14 
 8.52727614e-08  8.52727614e-08  1.20000000e+00  7.12286669e-08  1.06362991e-10  5.06912730e-14 
 8.52827614e-08  8.52827614e-08  1.20000000e+00  7.12286670e-08  1.06362991e-10  5.06912741e-14 
 8.52927614e-08  8.52927614e-08  1.20000000e+00  7.12286669e-08  1.06362991e-10  5.06912751e-14 
 8.53027614e-08  8.53027614e-08  1.20000000e+00  7.12286670e-08  1.06362991e-10  5.06912762e-14 
 8.53127614e-08  8.53127614e-08  1.20000000e+00  7.12286669e-08  1.06362991e-10  5.06912773e-14 
 8.53227614e-08  8.53227614e-08  1.20000000e+00  7.12286670e-08  1.06362991e-10  5.06912783e-14 
 8.53327614e-08  8.53327614e-08  1.20000000e+00  7.12286669e-08  1.06362991e-10  5.06912794e-14 
 8.53427614e-08  8.53427614e-08  1.20000000e+00  7.12286670e-08  1.06362991e-10  5.06912805e-14 
 8.53527614e-08  8.53527614e-08  1.20000000e+00  7.12286669e-08  1.06362991e-10  5.06912815e-14 
 8.53627614e-08  8.53627614e-08  1.20000000e+00  7.12286670e-08  1.06362991e-10  5.06912826e-14 
 8.53727614e-08  8.53727614e-08  1.20000000e+00  7.12286669e-08  1.06362991e-10  5.06912836e-14 
 8.53827614e-08  8.53827614e-08  1.20000000e+00  7.12286670e-08  1.06362991e-10  5.06912847e-14 
 8.53927614e-08  8.53927614e-08  1.20000000e+00  7.12286669e-08  1.06362991e-10  5.06912858e-14 
 8.54027614e-08  8.54027614e-08  1.20000000e+00  7.12286670e-08  1.06362991e-10  5.06912868e-14 
 8.54127614e-08  8.54127614e-08  1.20000000e+00  7.12286669e-08  1.06362991e-10  5.06912879e-14 
 8.54227614e-08  8.54227614e-08  1.20000000e+00  7.12286670e-08  1.06362991e-10  5.06912890e-14 
 8.54327614e-08  8.54327614e-08  1.20000000e+00  7.12286669e-08  1.06362991e-10  5.06912900e-14 
 8.54427614e-08  8.54427614e-08  1.20000000e+00  7.12286670e-08  1.06362991e-10  5.06912911e-14 
 8.54527614e-08  8.54527614e-08  1.20000000e+00  7.12286669e-08  1.06362991e-10  5.06912922e-14 
 8.54627614e-08  8.54627614e-08  1.20000000e+00  7.12286670e-08  1.06362991e-10  5.06912932e-14 
 8.54727614e-08  8.54727614e-08  1.20000000e+00  7.12286669e-08  1.06362991e-10  5.06912943e-14 
 8.54827614e-08  8.54827614e-08  1.20000000e+00  7.12286670e-08  1.06362991e-10  5.06912953e-14 
 8.54927614e-08  8.54927614e-08  1.20000000e+00  7.12286669e-08  1.06362991e-10  5.06912964e-14 
 8.55027614e-08  8.55027614e-08  1.20000000e+00  7.12286670e-08  1.06362991e-10  5.06912975e-14 
 8.55127614e-08  8.55127614e-08  1.20000000e+00  7.12286669e-08  1.06362991e-10  5.06912985e-14 
 8.55227614e-08  8.55227614e-08  1.20000000e+00  7.12286670e-08  1.06362991e-10  5.06912996e-14 
 8.55327614e-08  8.55327614e-08  1.20000000e+00  7.12286669e-08  1.06362991e-10  5.06913007e-14 
 8.55427614e-08  8.55427614e-08  1.20000000e+00  7.12286670e-08  1.06362991e-10  5.06913017e-14 
 8.55527614e-08  8.55527614e-08  1.20000000e+00  7.12286669e-08  1.06362991e-10  5.06913028e-14 
 8.55627614e-08  8.55627614e-08  1.20000000e+00  7.12286670e-08  1.06362991e-10  5.06913039e-14 
 8.55727614e-08  8.55727614e-08  1.20000000e+00  7.12286669e-08  1.06362991e-10  5.06913049e-14 
 8.55827614e-08  8.55827614e-08  1.20000000e+00  7.12286670e-08  1.06362991e-10  5.06913060e-14 
 8.55927614e-08  8.55927614e-08  1.20000000e+00  7.12286669e-08  1.06362991e-10  5.06913070e-14 
 8.56027614e-08  8.56027614e-08  1.20000000e+00  7.12286670e-08  1.06362991e-10  5.06913081e-14 
 8.56127614e-08  8.56127614e-08  1.20000000e+00  7.12286669e-08  1.06362991e-10  5.06913092e-14 
 8.56227614e-08  8.56227614e-08  1.20000000e+00  7.12286670e-08  1.06362991e-10  5.06913102e-14 
 8.56327614e-08  8.56327614e-08  1.20000000e+00  7.12286669e-08  1.06362991e-10  5.06913113e-14 
 8.56427614e-08  8.56427614e-08  1.20000000e+00  7.12286670e-08  1.06362991e-10  5.06913124e-14 
 8.56527614e-08  8.56527614e-08  1.20000000e+00  7.12286669e-08  1.06362991e-10  5.06913134e-14 
 8.56627614e-08  8.56627614e-08  1.20000000e+00  7.12286670e-08  1.06362991e-10  5.06913145e-14 
 8.56727614e-08  8.56727614e-08  1.20000000e+00  7.12286669e-08  1.06362991e-10  5.06913156e-14 
 8.56827614e-08  8.56827614e-08  1.20000000e+00  7.12286670e-08  1.06362991e-10  5.06913166e-14 
 8.56927614e-08  8.56927614e-08  1.20000000e+00  7.12286669e-08  1.06362991e-10  5.06913177e-14 
 8.57027614e-08  8.57027614e-08  1.20000000e+00  7.12286670e-08  1.06362991e-10  5.06913187e-14 
 8.57127614e-08  8.57127614e-08  1.20000000e+00  7.12286669e-08  1.06362991e-10  5.06913198e-14 
 8.57227614e-08  8.57227614e-08  1.20000000e+00  7.12286670e-08  1.06362991e-10  5.06913209e-14 
 8.57327614e-08  8.57327614e-08  1.20000000e+00  7.12286669e-08  1.06362991e-10  5.06913219e-14 
 8.57427614e-08  8.57427614e-08  1.20000000e+00  7.12286670e-08  1.06362991e-10  5.06913230e-14 
 8.57527614e-08  8.57527614e-08  1.20000000e+00  7.12286669e-08  1.06362991e-10  5.06913241e-14 
 8.57627614e-08  8.57627614e-08  1.20000000e+00  7.12286670e-08  1.06362991e-10  5.06913251e-14 
 8.57727614e-08  8.57727614e-08  1.20000000e+00  7.12286669e-08  1.06362991e-10  5.06913262e-14 
 8.57827614e-08  8.57827614e-08  1.20000000e+00  7.12286670e-08  1.06362991e-10  5.06913273e-14 
 8.57927614e-08  8.57927614e-08  1.20000000e+00  7.12286669e-08  1.06362991e-10  5.06913283e-14 
 8.58027614e-08  8.58027614e-08  1.20000000e+00  7.12286670e-08  1.06362991e-10  5.06913294e-14 
 8.58127614e-08  8.58127614e-08  1.20000000e+00  7.12286669e-08  1.06362991e-10  5.06913304e-14 
 8.58227614e-08  8.58227614e-08  1.20000000e+00  7.12286670e-08  1.06362991e-10  5.06913315e-14 
 8.58327614e-08  8.58327614e-08  1.20000000e+00  7.12286669e-08  1.06362991e-10  5.06913326e-14 
 8.58427614e-08  8.58427614e-08  1.20000000e+00  7.12286670e-08  1.06362991e-10  5.06913336e-14 
 8.58527614e-08  8.58527614e-08  1.20000000e+00  7.12286669e-08  1.06362991e-10  5.06913347e-14 
 8.58627614e-08  8.58627614e-08  1.20000000e+00  7.12286670e-08  1.06362991e-10  5.06913358e-14 
 8.58727614e-08  8.58727614e-08  1.20000000e+00  7.12286669e-08  1.06362991e-10  5.06913368e-14 
 8.58827614e-08  8.58827614e-08  1.20000000e+00  7.12286670e-08  1.06362991e-10  5.06913379e-14 
 8.58927614e-08  8.58927614e-08  1.20000000e+00  7.12286669e-08  1.06362991e-10  5.06913390e-14 
 8.59027614e-08  8.59027614e-08  1.20000000e+00  7.12286670e-08  1.06362991e-10  5.06913400e-14 
 8.59127614e-08  8.59127614e-08  1.20000000e+00  7.12286669e-08  1.06362991e-10  5.06913411e-14 
 8.59227614e-08  8.59227614e-08  1.20000000e+00  7.12286670e-08  1.06362991e-10  5.06913421e-14 
 8.59327614e-08  8.59327614e-08  1.20000000e+00  7.12286669e-08  1.06362991e-10  5.06913432e-14 
 8.59427614e-08  8.59427614e-08  1.20000000e+00  7.12286670e-08  1.06362991e-10  5.06913443e-14 
 8.59527614e-08  8.59527614e-08  1.20000000e+00  7.12286669e-08  1.06362991e-10  5.06913453e-14 
 8.59627614e-08  8.59627614e-08  1.20000000e+00  7.12286670e-08  1.06362991e-10  5.06913464e-14 
 8.59727614e-08  8.59727614e-08  1.20000000e+00  7.12286669e-08  1.06362991e-10  5.06913475e-14 
 8.59827614e-08  8.59827614e-08  1.20000000e+00  7.12286670e-08  1.06362991e-10  5.06913485e-14 
 8.59927614e-08  8.59927614e-08  1.20000000e+00  7.12286669e-08  1.06362991e-10  5.06913496e-14 
 8.60027614e-08  8.60027614e-08  1.20000000e+00  7.12286670e-08  1.06362991e-10  5.06913507e-14 
 8.60127614e-08  8.60127614e-08  1.20000000e+00  7.12286669e-08  1.06362991e-10  5.06913517e-14 
 8.60227614e-08  8.60227614e-08  1.20000000e+00  7.12286670e-08  1.06362991e-10  5.06913528e-14 
 8.60327614e-08  8.60327614e-08  1.20000000e+00  7.12286669e-08  1.06362991e-10  5.06913538e-14 
 8.60427614e-08  8.60427614e-08  1.20000000e+00  7.12286670e-08  1.06362991e-10  5.06913549e-14 
 8.60527614e-08  8.60527614e-08  1.20000000e+00  7.12286669e-08  1.06362991e-10  5.06913560e-14 
 8.60627614e-08  8.60627614e-08  1.20000000e+00  7.12286670e-08  1.06362991e-10  5.06913570e-14 
 8.60727614e-08  8.60727614e-08  1.20000000e+00  7.12286669e-08  1.06362991e-10  5.06913581e-14 
 8.60827614e-08  8.60827614e-08  1.20000000e+00  7.12286670e-08  1.06362991e-10  5.06913592e-14 
 8.60927614e-08  8.60927614e-08  1.20000000e+00  7.12286669e-08  1.06362991e-10  5.06913602e-14 
 8.61027614e-08  8.61027614e-08  1.20000000e+00  7.12286670e-08  1.06362991e-10  5.06913613e-14 
 8.61127614e-08  8.61127614e-08  1.20000000e+00  7.12286669e-08  1.06362991e-10  5.06913624e-14 
 8.61227614e-08  8.61227614e-08  1.20000000e+00  7.12286670e-08  1.06362991e-10  5.06913634e-14 
 8.61327614e-08  8.61327614e-08  1.20000000e+00  7.12286669e-08  1.06362991e-10  5.06913645e-14 
 8.61427614e-08  8.61427614e-08  1.20000000e+00  7.12286670e-08  1.06362991e-10  5.06913655e-14 
 8.61527614e-08  8.61527614e-08  1.20000000e+00  7.12286669e-08  1.06362991e-10  5.06913666e-14 
 8.61627614e-08  8.61627614e-08  1.20000000e+00  7.12286670e-08  1.06362991e-10  5.06913677e-14 
 8.61727614e-08  8.61727614e-08  1.20000000e+00  7.12286669e-08  1.06362991e-10  5.06913687e-14 
 8.61827614e-08  8.61827614e-08  1.20000000e+00  7.12286670e-08  1.06362991e-10  5.06913698e-14 
 8.61927614e-08  8.61927614e-08  1.20000000e+00  7.12286669e-08  1.06362991e-10  5.06913709e-14 
 8.62027614e-08  8.62027614e-08  1.20000000e+00  7.12286670e-08  1.06362991e-10  5.06913719e-14 
 8.62127614e-08  8.62127614e-08  1.20000000e+00  7.12286669e-08  1.06362991e-10  5.06913730e-14 
 8.62227614e-08  8.62227614e-08  1.20000000e+00  7.12286670e-08  1.06362991e-10  5.06913741e-14 
 8.62327614e-08  8.62327614e-08  1.20000000e+00  7.12286669e-08  1.06362991e-10  5.06913751e-14 
 8.62427614e-08  8.62427614e-08  1.20000000e+00  7.12286670e-08  1.06362991e-10  5.06913762e-14 
 8.62527614e-08  8.62527614e-08  1.20000000e+00  7.12286669e-08  1.06362991e-10  5.06913772e-14 
 8.62627614e-08  8.62627614e-08  1.20000000e+00  7.12286670e-08  1.06362991e-10  5.06913783e-14 
 8.62727614e-08  8.62727614e-08  1.20000000e+00  7.12286669e-08  1.06362991e-10  5.06913794e-14 
 8.62827614e-08  8.62827614e-08  1.20000000e+00  7.12286670e-08  1.06362991e-10  5.06913804e-14 
 8.62927614e-08  8.62927614e-08  1.20000000e+00  7.12286669e-08  1.06362991e-10  5.06913815e-14 
 8.63027614e-08  8.63027614e-08  1.20000000e+00  7.12286670e-08  1.06362991e-10  5.06913826e-14 
 8.63127614e-08  8.63127614e-08  1.20000000e+00  7.12286669e-08  1.06362991e-10  5.06913836e-14 
 8.63227614e-08  8.63227614e-08  1.20000000e+00  7.12286670e-08  1.06362991e-10  5.06913847e-14 
 8.63327614e-08  8.63327614e-08  1.20000000e+00  7.12286669e-08  1.06362991e-10  5.06913858e-14 
 8.63427614e-08  8.63427614e-08  1.20000000e+00  7.12286670e-08  1.06362991e-10  5.06913868e-14 
 8.63527614e-08  8.63527614e-08  1.20000000e+00  7.12286669e-08  1.06362991e-10  5.06913879e-14 
 8.63627614e-08  8.63627614e-08  1.20000000e+00  7.12286670e-08  1.06362991e-10  5.06913889e-14 
 8.63727614e-08  8.63727614e-08  1.20000000e+00  7.12286669e-08  1.06362991e-10  5.06913900e-14 
 8.63827614e-08  8.63827614e-08  1.20000000e+00  7.12286670e-08  1.06362991e-10  5.06913911e-14 
 8.63927614e-08  8.63927614e-08  1.20000000e+00  7.12286669e-08  1.06362991e-10  5.06913921e-14 
 8.64027614e-08  8.64027614e-08  1.20000000e+00  7.12286670e-08  1.06362991e-10  5.06913932e-14 
 8.64127614e-08  8.64127614e-08  1.20000000e+00  7.12286669e-08  1.06362991e-10  5.06913943e-14 
 8.64227614e-08  8.64227614e-08  1.20000000e+00  7.12286670e-08  1.06362991e-10  5.06913953e-14 
 8.64327614e-08  8.64327614e-08  1.20000000e+00  7.12286669e-08  1.06362991e-10  5.06913964e-14 
 8.64427614e-08  8.64427614e-08  1.20000000e+00  7.12286670e-08  1.06362991e-10  5.06913975e-14 
 8.64527614e-08  8.64527614e-08  1.20000000e+00  7.12286669e-08  1.06362991e-10  5.06913985e-14 
 8.64627614e-08  8.64627614e-08  1.20000000e+00  7.12286670e-08  1.06362991e-10  5.06913996e-14 
 8.64727614e-08  8.64727614e-08  1.20000000e+00  7.12286669e-08  1.06362991e-10  5.06914006e-14 
 8.64827614e-08  8.64827614e-08  1.20000000e+00  7.12286670e-08  1.06362991e-10  5.06914017e-14 
 8.64927614e-08  8.64927614e-08  1.20000000e+00  7.12286669e-08  1.06362991e-10  5.06914028e-14 
 8.65027614e-08  8.65027614e-08  1.20000000e+00  7.12286670e-08  1.06362991e-10  5.06914038e-14 
 8.65127614e-08  8.65127614e-08  1.20000000e+00  7.12286669e-08  1.06362991e-10  5.06914049e-14 
 8.65227614e-08  8.65227614e-08  1.20000000e+00  7.12286670e-08  1.06362991e-10  5.06914060e-14 
 8.65327614e-08  8.65327614e-08  1.20000000e+00  7.12286669e-08  1.06362991e-10  5.06914070e-14 
 8.65427614e-08  8.65427614e-08  1.20000000e+00  7.12286670e-08  1.06362991e-10  5.06914081e-14 
 8.65527614e-08  8.65527614e-08  1.20000000e+00  7.12286669e-08  1.06362991e-10  5.06914092e-14 
 8.65627614e-08  8.65627614e-08  1.20000000e+00  7.12286670e-08  1.06362991e-10  5.06914102e-14 
 8.65727614e-08  8.65727614e-08  1.20000000e+00  7.12286669e-08  1.06362991e-10  5.06914113e-14 
 8.65827614e-08  8.65827614e-08  1.20000000e+00  7.12286670e-08  1.06362991e-10  5.06914123e-14 
 8.65927614e-08  8.65927614e-08  1.20000000e+00  7.12286669e-08  1.06362991e-10  5.06914134e-14 
 8.66027614e-08  8.66027614e-08  1.20000000e+00  7.12286670e-08  1.06362991e-10  5.06914145e-14 
 8.66127614e-08  8.66127614e-08  1.20000000e+00  7.12286669e-08  1.06362991e-10  5.06914155e-14 
 8.66227614e-08  8.66227614e-08  1.20000000e+00  7.12286670e-08  1.06362991e-10  5.06914166e-14 
 8.66327614e-08  8.66327614e-08  1.20000000e+00  7.12286669e-08  1.06362991e-10  5.06914177e-14 
 8.66427614e-08  8.66427614e-08  1.20000000e+00  7.12286670e-08  1.06362991e-10  5.06914187e-14 
 8.66527614e-08  8.66527614e-08  1.20000000e+00  7.12286669e-08  1.06362991e-10  5.06914198e-14 
 8.66627614e-08  8.66627614e-08  1.20000000e+00  7.12286670e-08  1.06362991e-10  5.06914209e-14 
 8.66727614e-08  8.66727614e-08  1.20000000e+00  7.12286669e-08  1.06362991e-10  5.06914219e-14 
 8.66827614e-08  8.66827614e-08  1.20000000e+00  7.12286670e-08  1.06362991e-10  5.06914230e-14 
 8.66927614e-08  8.66927614e-08  1.20000000e+00  7.12286669e-08  1.06362991e-10  5.06914240e-14 
 8.67027614e-08  8.67027614e-08  1.20000000e+00  7.12286670e-08  1.06362991e-10  5.06914251e-14 
 8.67127614e-08  8.67127614e-08  1.20000000e+00  7.12286669e-08  1.06362991e-10  5.06914262e-14 
 8.67227614e-08  8.67227614e-08  1.20000000e+00  7.12286670e-08  1.06362991e-10  5.06914272e-14 
 8.67327614e-08  8.67327614e-08  1.20000000e+00  7.12286669e-08  1.06362991e-10  5.06914283e-14 
 8.67427614e-08  8.67427614e-08  1.20000000e+00  7.12286670e-08  1.06362991e-10  5.06914294e-14 
 8.67527614e-08  8.67527614e-08  1.20000000e+00  7.12286669e-08  1.06362991e-10  5.06914304e-14 
 8.67627614e-08  8.67627614e-08  1.20000000e+00  7.12286670e-08  1.06362991e-10  5.06914315e-14 
 8.67727614e-08  8.67727614e-08  1.20000000e+00  7.12286669e-08  1.06362991e-10  5.06914326e-14 
 8.67827614e-08  8.67827614e-08  1.20000000e+00  7.12286670e-08  1.06362991e-10  5.06914336e-14 
 8.67927614e-08  8.67927614e-08  1.20000000e+00  7.12286669e-08  1.06362991e-10  5.06914347e-14 
 8.68027614e-08  8.68027614e-08  1.20000000e+00  7.12286670e-08  1.06362991e-10  5.06914357e-14 
 8.68127614e-08  8.68127614e-08  1.20000000e+00  7.12286669e-08  1.06362991e-10  5.06914368e-14 
 8.68227614e-08  8.68227614e-08  1.20000000e+00  7.12286670e-08  1.06362991e-10  5.06914379e-14 
 8.68327614e-08  8.68327614e-08  1.20000000e+00  7.12286669e-08  1.06362991e-10  5.06914389e-14 
 8.68427614e-08  8.68427614e-08  1.20000000e+00  7.12286670e-08  1.06362991e-10  5.06914400e-14 
 8.68527614e-08  8.68527614e-08  1.20000000e+00  7.12286669e-08  1.06362991e-10  5.06914411e-14 
 8.68627614e-08  8.68627614e-08  1.20000000e+00  7.12286670e-08  1.06362991e-10  5.06914421e-14 
 8.68727614e-08  8.68727614e-08  1.20000000e+00  7.12286669e-08  1.06362991e-10  5.06914432e-14 
 8.68827614e-08  8.68827614e-08  1.20000000e+00  7.12286670e-08  1.06362991e-10  5.06914443e-14 
 8.68927614e-08  8.68927614e-08  1.20000000e+00  7.12286669e-08  1.06362991e-10  5.06914453e-14 
 8.69027614e-08  8.69027614e-08  1.20000000e+00  7.12286670e-08  1.06362991e-10  5.06914464e-14 
 8.69127614e-08  8.69127614e-08  1.20000000e+00  7.12286669e-08  1.06362991e-10  5.06914474e-14 
 8.69227614e-08  8.69227614e-08  1.20000000e+00  7.12286670e-08  1.06362991e-10  5.06914485e-14 
 8.69327614e-08  8.69327614e-08  1.20000000e+00  7.12286669e-08  1.06362991e-10  5.06914496e-14 
 8.69427614e-08  8.69427614e-08  1.20000000e+00  7.12286670e-08  1.06362991e-10  5.06914506e-14 
 8.69527614e-08  8.69527614e-08  1.20000000e+00  7.12286669e-08  1.06362991e-10  5.06914517e-14 
 8.69627614e-08  8.69627614e-08  1.20000000e+00  7.12286670e-08  1.06362991e-10  5.06914528e-14 
 8.69727614e-08  8.69727614e-08  1.20000000e+00  7.12286669e-08  1.06362991e-10  5.06914538e-14 
 8.69827614e-08  8.69827614e-08  1.20000000e+00  7.12286670e-08  1.06362991e-10  5.06914549e-14 
 8.69927614e-08  8.69927614e-08  1.20000000e+00  7.12286669e-08  1.06362991e-10  5.06914560e-14 
 8.70027614e-08  8.70027614e-08  1.20000000e+00  7.12286670e-08  1.06362991e-10  5.06914570e-14 
 8.70127614e-08  8.70127614e-08  1.20000000e+00  7.12286669e-08  1.06362991e-10  5.06914581e-14 
 8.70227614e-08  8.70227614e-08  1.20000000e+00  7.12286670e-08  1.06362991e-10  5.06914591e-14 
 8.70327614e-08  8.70327614e-08  1.20000000e+00  7.12286669e-08  1.06362991e-10  5.06914602e-14 
 8.70427614e-08  8.70427614e-08  1.20000000e+00  7.12286670e-08  1.06362991e-10  5.06914613e-14 
 8.70527614e-08  8.70527614e-08  1.20000000e+00  7.12286669e-08  1.06362991e-10  5.06914623e-14 
 8.70627614e-08  8.70627614e-08  1.20000000e+00  7.12286670e-08  1.06362991e-10  5.06914634e-14 
 8.70727614e-08  8.70727614e-08  1.20000000e+00  7.12286669e-08  1.06362991e-10  5.06914645e-14 
 8.70827614e-08  8.70827614e-08  1.20000000e+00  7.12286670e-08  1.06362991e-10  5.06914655e-14 
 8.70927614e-08  8.70927614e-08  1.20000000e+00  7.12286669e-08  1.06362991e-10  5.06914666e-14 
 8.71027614e-08  8.71027614e-08  1.20000000e+00  7.12286670e-08  1.06362991e-10  5.06914677e-14 
 8.71127614e-08  8.71127614e-08  1.20000000e+00  7.12286669e-08  1.06362991e-10  5.06914687e-14 
 8.71227614e-08  8.71227614e-08  1.20000000e+00  7.12286670e-08  1.06362991e-10  5.06914698e-14 
 8.71327614e-08  8.71327614e-08  1.20000000e+00  7.12286669e-08  1.06362991e-10  5.06914708e-14 
 8.71427614e-08  8.71427614e-08  1.20000000e+00  7.12286670e-08  1.06362991e-10  5.06914719e-14 
 8.71527614e-08  8.71527614e-08  1.20000000e+00  7.12286669e-08  1.06362991e-10  5.06914730e-14 
 8.71627614e-08  8.71627614e-08  1.20000000e+00  7.12286670e-08  1.06362991e-10  5.06914740e-14 
 8.71727614e-08  8.71727614e-08  1.20000000e+00  7.12286669e-08  1.06362991e-10  5.06914751e-14 
 8.71827614e-08  8.71827614e-08  1.20000000e+00  7.12286670e-08  1.06362991e-10  5.06914762e-14 
 8.71927614e-08  8.71927614e-08  1.20000000e+00  7.12286669e-08  1.06362991e-10  5.06914772e-14 
 8.72027614e-08  8.72027614e-08  1.20000000e+00  7.12286670e-08  1.06362991e-10  5.06914783e-14 
 8.72127614e-08  8.72127614e-08  1.20000000e+00  7.12286669e-08  1.06362991e-10  5.06914794e-14 
 8.72227614e-08  8.72227614e-08  1.20000000e+00  7.12286670e-08  1.06362991e-10  5.06914804e-14 
 8.72327614e-08  8.72327614e-08  1.20000000e+00  7.12286669e-08  1.06362991e-10  5.06914815e-14 
 8.72427614e-08  8.72427614e-08  1.20000000e+00  7.12286670e-08  1.06362991e-10  5.06914825e-14 
 8.72527614e-08  8.72527614e-08  1.20000000e+00  7.12286669e-08  1.06362991e-10  5.06914836e-14 
 8.72627614e-08  8.72627614e-08  1.20000000e+00  7.12286670e-08  1.06362991e-10  5.06914847e-14 
 8.72727614e-08  8.72727614e-08  1.20000000e+00  7.12286669e-08  1.06362991e-10  5.06914857e-14 
 8.72827614e-08  8.72827614e-08  1.20000000e+00  7.12286670e-08  1.06362991e-10  5.06914868e-14 
 8.72927614e-08  8.72927614e-08  1.20000000e+00  7.12286669e-08  1.06362991e-10  5.06914879e-14 
 8.73027614e-08  8.73027614e-08  1.20000000e+00  7.12286670e-08  1.06362991e-10  5.06914889e-14 
 8.73127614e-08  8.73127614e-08  1.20000000e+00  7.12286669e-08  1.06362991e-10  5.06914900e-14 
 8.73227614e-08  8.73227614e-08  1.20000000e+00  7.12286670e-08  1.06362991e-10  5.06914911e-14 
 8.73327614e-08  8.73327614e-08  1.20000000e+00  7.12286669e-08  1.06362991e-10  5.06914921e-14 
 8.73427614e-08  8.73427614e-08  1.20000000e+00  7.12286670e-08  1.06362991e-10  5.06914932e-14 
 8.73527614e-08  8.73527614e-08  1.20000000e+00  7.12286669e-08  1.06362991e-10  5.06914942e-14 
 8.73627614e-08  8.73627614e-08  1.20000000e+00  7.12286670e-08  1.06362991e-10  5.06914953e-14 
 8.73727614e-08  8.73727614e-08  1.20000000e+00  7.12286669e-08  1.06362991e-10  5.06914964e-14 
 8.73827614e-08  8.73827614e-08  1.20000000e+00  7.12286670e-08  1.06362991e-10  5.06914974e-14 
 8.73927614e-08  8.73927614e-08  1.20000000e+00  7.12286669e-08  1.06362991e-10  5.06914985e-14 
 8.74027614e-08  8.74027614e-08  1.20000000e+00  7.12286670e-08  1.06362991e-10  5.06914996e-14 
 8.74127614e-08  8.74127614e-08  1.20000000e+00  7.12286669e-08  1.06362991e-10  5.06915006e-14 
 8.74227614e-08  8.74227614e-08  1.20000000e+00  7.12286670e-08  1.06362991e-10  5.06915017e-14 
 8.74327614e-08  8.74327614e-08  1.20000000e+00  7.12286669e-08  1.06362991e-10  5.06915028e-14 
 8.74427614e-08  8.74427614e-08  1.20000000e+00  7.12286670e-08  1.06362991e-10  5.06915038e-14 
 8.74527614e-08  8.74527614e-08  1.20000000e+00  7.12286669e-08  1.06362991e-10  5.06915049e-14 
 8.74627614e-08  8.74627614e-08  1.20000000e+00  7.12286670e-08  1.06362991e-10  5.06915059e-14 
 8.74727614e-08  8.74727614e-08  1.20000000e+00  7.12286669e-08  1.06362991e-10  5.06915070e-14 
 8.74827614e-08  8.74827614e-08  1.20000000e+00  7.12286670e-08  1.06362991e-10  5.06915081e-14 
 8.74927614e-08  8.74927614e-08  1.20000000e+00  7.12286669e-08  1.06362991e-10  5.06915091e-14 
 8.75027614e-08  8.75027614e-08  1.20000000e+00  7.12286670e-08  1.06362991e-10  5.06915102e-14 
 8.75127614e-08  8.75127614e-08  1.20000000e+00  7.12286669e-08  1.06362991e-10  5.06915113e-14 
 8.75227614e-08  8.75227614e-08  1.20000000e+00  7.12286670e-08  1.06362991e-10  5.06915123e-14 
 8.75327614e-08  8.75327614e-08  1.20000000e+00  7.12286669e-08  1.06362991e-10  5.06915134e-14 
 8.75427614e-08  8.75427614e-08  1.20000000e+00  7.12286670e-08  1.06362991e-10  5.06915145e-14 
 8.75527614e-08  8.75527614e-08  1.20000000e+00  7.12286669e-08  1.06362991e-10  5.06915155e-14 
 8.75627614e-08  8.75627614e-08  1.20000000e+00  7.12286670e-08  1.06362991e-10  5.06915166e-14 
 8.75727614e-08  8.75727614e-08  1.20000000e+00  7.12286669e-08  1.06362991e-10  5.06915176e-14 
 8.75827614e-08  8.75827614e-08  1.20000000e+00  7.12286670e-08  1.06362991e-10  5.06915187e-14 
 8.75927614e-08  8.75927614e-08  1.20000000e+00  7.12286669e-08  1.06362991e-10  5.06915198e-14 
 8.76027614e-08  8.76027614e-08  1.20000000e+00  7.12286670e-08  1.06362991e-10  5.06915208e-14 
 8.76127614e-08  8.76127614e-08  1.20000000e+00  7.12286669e-08  1.06362991e-10  5.06915219e-14 
 8.76227614e-08  8.76227614e-08  1.20000000e+00  7.12286670e-08  1.06362991e-10  5.06915230e-14 
 8.76327614e-08  8.76327614e-08  1.20000000e+00  7.12286669e-08  1.06362991e-10  5.06915240e-14 
 8.76427614e-08  8.76427614e-08  1.20000000e+00  7.12286670e-08  1.06362991e-10  5.06915251e-14 
 8.76527614e-08  8.76527614e-08  1.20000000e+00  7.12286669e-08  1.06362991e-10  5.06915262e-14 
 8.76627614e-08  8.76627614e-08  1.20000000e+00  7.12286670e-08  1.06362991e-10  5.06915272e-14 
 8.76727614e-08  8.76727614e-08  1.20000000e+00  7.12286669e-08  1.06362991e-10  5.06915283e-14 
 8.76827614e-08  8.76827614e-08  1.20000000e+00  7.12286670e-08  1.06362991e-10  5.06915293e-14 
 8.76927614e-08  8.76927614e-08  1.20000000e+00  7.12286669e-08  1.06362991e-10  5.06915304e-14 
 8.77027614e-08  8.77027614e-08  1.20000000e+00  7.12286670e-08  1.06362991e-10  5.06915315e-14 
 8.77127614e-08  8.77127614e-08  1.20000000e+00  7.12286669e-08  1.06362991e-10  5.06915325e-14 
 8.77227614e-08  8.77227614e-08  1.20000000e+00  7.12286670e-08  1.06362991e-10  5.06915336e-14 
 8.77327614e-08  8.77327614e-08  1.20000000e+00  7.12286669e-08  1.06362991e-10  5.06915347e-14 
 8.77427614e-08  8.77427614e-08  1.20000000e+00  7.12286670e-08  1.06362991e-10  5.06915357e-14 
 8.77527614e-08  8.77527614e-08  1.20000000e+00  7.12286669e-08  1.06362991e-10  5.06915368e-14 
 8.77627614e-08  8.77627614e-08  1.20000000e+00  7.12286670e-08  1.06362991e-10  5.06915379e-14 
 8.77727614e-08  8.77727614e-08  1.20000000e+00  7.12286669e-08  1.06362991e-10  5.06915389e-14 
 8.77827614e-08  8.77827614e-08  1.20000000e+00  7.12286670e-08  1.06362991e-10  5.06915400e-14 
 8.77927614e-08  8.77927614e-08  1.20000000e+00  7.12286669e-08  1.06362991e-10  5.06915410e-14 
 8.78027614e-08  8.78027614e-08  1.20000000e+00  7.12286670e-08  1.06362991e-10  5.06915421e-14 
 8.78127614e-08  8.78127614e-08  1.20000000e+00  7.12286669e-08  1.06362991e-10  5.06915432e-14 
 8.78227614e-08  8.78227614e-08  1.20000000e+00  7.12286670e-08  1.06362991e-10  5.06915442e-14 
 8.78327614e-08  8.78327614e-08  1.20000000e+00  7.12286669e-08  1.06362991e-10  5.06915453e-14 
 8.78427614e-08  8.78427614e-08  1.20000000e+00  7.12286670e-08  1.06362991e-10  5.06915464e-14 
 8.78527614e-08  8.78527614e-08  1.20000000e+00  7.12286669e-08  1.06362991e-10  5.06915474e-14 
 8.78627614e-08  8.78627614e-08  1.20000000e+00  7.12286670e-08  1.06362991e-10  5.06915485e-14 
 8.78727614e-08  8.78727614e-08  1.20000000e+00  7.12286669e-08  1.06362991e-10  5.06915496e-14 
 8.78827614e-08  8.78827614e-08  1.20000000e+00  7.12286670e-08  1.06362991e-10  5.06915506e-14 
 8.78927614e-08  8.78927614e-08  1.20000000e+00  7.12286669e-08  1.06362991e-10  5.06915517e-14 
 8.79027614e-08  8.79027614e-08  1.20000000e+00  7.12286670e-08  1.06362991e-10  5.06915527e-14 
 8.79127614e-08  8.79127614e-08  1.20000000e+00  7.12286669e-08  1.06362991e-10  5.06915538e-14 
 8.79227614e-08  8.79227614e-08  1.20000000e+00  7.12286670e-08  1.06362991e-10  5.06915549e-14 
 8.79327614e-08  8.79327614e-08  1.20000000e+00  7.12286669e-08  1.06362991e-10  5.06915559e-14 
 8.79427614e-08  8.79427614e-08  1.20000000e+00  7.12286670e-08  1.06362991e-10  5.06915570e-14 
 8.79527614e-08  8.79527614e-08  1.20000000e+00  7.12286669e-08  1.06362991e-10  5.06915581e-14 
 8.79627614e-08  8.79627614e-08  1.20000000e+00  7.12286670e-08  1.06362991e-10  5.06915591e-14 
 8.79727614e-08  8.79727614e-08  1.20000000e+00  7.12286669e-08  1.06362991e-10  5.06915602e-14 
 8.79827614e-08  8.79827614e-08  1.20000000e+00  7.12286670e-08  1.06362991e-10  5.06915613e-14 
 8.79927614e-08  8.79927614e-08  1.20000000e+00  7.12286669e-08  1.06362991e-10  5.06915623e-14 
 8.80027614e-08  8.80027614e-08  1.20000000e+00  7.12286670e-08  1.06362991e-10  5.06915634e-14 
 8.80127614e-08  8.80127614e-08  1.20000000e+00  7.12286669e-08  1.06362991e-10  5.06915644e-14 
 8.80227614e-08  8.80227614e-08  1.20000000e+00  7.12286670e-08  1.06362991e-10  5.06915655e-14 
 8.80327614e-08  8.80327614e-08  1.20000000e+00  7.12286669e-08  1.06362991e-10  5.06915666e-14 
 8.80427614e-08  8.80427614e-08  1.20000000e+00  7.12286670e-08  1.06362991e-10  5.06915676e-14 
 8.80527614e-08  8.80527614e-08  1.20000000e+00  7.12286669e-08  1.06362991e-10  5.06915687e-14 
 8.80627614e-08  8.80627614e-08  1.20000000e+00  7.12286670e-08  1.06362991e-10  5.06915698e-14 
 8.80727614e-08  8.80727614e-08  1.20000000e+00  7.12286669e-08  1.06362991e-10  5.06915708e-14 
 8.80827614e-08  8.80827614e-08  1.20000000e+00  7.12286670e-08  1.06362991e-10  5.06915719e-14 
 8.80927614e-08  8.80927614e-08  1.20000000e+00  7.12286669e-08  1.06362991e-10  5.06915730e-14 
 8.81027614e-08  8.81027614e-08  1.20000000e+00  7.12286670e-08  1.06362991e-10  5.06915740e-14 
 8.81127614e-08  8.81127614e-08  1.20000000e+00  7.12286669e-08  1.06362991e-10  5.06915751e-14 
 8.81227614e-08  8.81227614e-08  1.20000000e+00  7.12286670e-08  1.06362991e-10  5.06915761e-14 
 8.81327614e-08  8.81327614e-08  1.20000000e+00  7.12286669e-08  1.06362991e-10  5.06915772e-14 
 8.81427614e-08  8.81427614e-08  1.20000000e+00  7.12286670e-08  1.06362991e-10  5.06915783e-14 
 8.81527614e-08  8.81527614e-08  1.20000000e+00  7.12286669e-08  1.06362991e-10  5.06915793e-14 
 8.81627614e-08  8.81627614e-08  1.20000000e+00  7.12286670e-08  1.06362991e-10  5.06915804e-14 
 8.81727614e-08  8.81727614e-08  1.20000000e+00  7.12286669e-08  1.06362991e-10  5.06915815e-14 
 8.81827614e-08  8.81827614e-08  1.20000000e+00  7.12286670e-08  1.06362991e-10  5.06915825e-14 
 8.81927614e-08  8.81927614e-08  1.20000000e+00  7.12286669e-08  1.06362991e-10  5.06915836e-14 
 8.82027614e-08  8.82027614e-08  1.20000000e+00  7.12286670e-08  1.06362991e-10  5.06915847e-14 
 8.82127614e-08  8.82127614e-08  1.20000000e+00  7.12286669e-08  1.06362991e-10  5.06915857e-14 
 8.82227614e-08  8.82227614e-08  1.20000000e+00  7.12286670e-08  1.06362991e-10  5.06915868e-14 
 8.82327614e-08  8.82327614e-08  1.20000000e+00  7.12286669e-08  1.06362991e-10  5.06915878e-14 
 8.82427614e-08  8.82427614e-08  1.20000000e+00  7.12286670e-08  1.06362991e-10  5.06915889e-14 
 8.82527614e-08  8.82527614e-08  1.20000000e+00  7.12286669e-08  1.06362991e-10  5.06915900e-14 
 8.82627614e-08  8.82627614e-08  1.20000000e+00  7.12286670e-08  1.06362991e-10  5.06915910e-14 
 8.82727614e-08  8.82727614e-08  1.20000000e+00  7.12286669e-08  1.06362991e-10  5.06915921e-14 
 8.82827614e-08  8.82827614e-08  1.20000000e+00  7.12286670e-08  1.06362991e-10  5.06915932e-14 
 8.82927614e-08  8.82927614e-08  1.20000000e+00  7.12286669e-08  1.06362991e-10  5.06915942e-14 
 8.83027614e-08  8.83027614e-08  1.20000000e+00  7.12286670e-08  1.06362991e-10  5.06915953e-14 
 8.83127614e-08  8.83127614e-08  1.20000000e+00  7.12286669e-08  1.06362991e-10  5.06915964e-14 
 8.83227614e-08  8.83227614e-08  1.20000000e+00  7.12286670e-08  1.06362991e-10  5.06915974e-14 
 8.83327614e-08  8.83327614e-08  1.20000000e+00  7.12286669e-08  1.06362991e-10  5.06915985e-14 
 8.83427614e-08  8.83427614e-08  1.20000000e+00  7.12286670e-08  1.06362991e-10  5.06915995e-14 
 8.83527614e-08  8.83527614e-08  1.20000000e+00  7.12286669e-08  1.06362991e-10  5.06916006e-14 
 8.83627614e-08  8.83627614e-08  1.20000000e+00  7.12286670e-08  1.06362991e-10  5.06916017e-14 
 8.83727614e-08  8.83727614e-08  1.20000000e+00  7.12286669e-08  1.06362991e-10  5.06916027e-14 
 8.83827614e-08  8.83827614e-08  1.20000000e+00  7.12286670e-08  1.06362991e-10  5.06916038e-14 
 8.83927614e-08  8.83927614e-08  1.20000000e+00  7.12286669e-08  1.06362991e-10  5.06916049e-14 
 8.84027614e-08  8.84027614e-08  1.20000000e+00  7.12286670e-08  1.06362991e-10  5.06916059e-14 
 8.84127614e-08  8.84127614e-08  1.20000000e+00  7.12286669e-08  1.06362991e-10  5.06916070e-14 
 8.84227614e-08  8.84227614e-08  1.20000000e+00  7.12286670e-08  1.06362991e-10  5.06916081e-14 
 8.84327614e-08  8.84327614e-08  1.20000000e+00  7.12286669e-08  1.06362991e-10  5.06916091e-14 
 8.84427614e-08  8.84427614e-08  1.20000000e+00  7.12286670e-08  1.06362991e-10  5.06916102e-14 
 8.84527614e-08  8.84527614e-08  1.20000000e+00  7.12286669e-08  1.06362991e-10  5.06916112e-14 
 8.84627614e-08  8.84627614e-08  1.20000000e+00  7.12286670e-08  1.06362991e-10  5.06916123e-14 
 8.84727614e-08  8.84727614e-08  1.20000000e+00  7.12286669e-08  1.06362991e-10  5.06916134e-14 
 8.84827614e-08  8.84827614e-08  1.20000000e+00  7.12286670e-08  1.06362991e-10  5.06916144e-14 
 8.84927614e-08  8.84927614e-08  1.20000000e+00  7.12286669e-08  1.06362991e-10  5.06916155e-14 
 8.85027614e-08  8.85027614e-08  1.20000000e+00  7.12286670e-08  1.06362991e-10  5.06916166e-14 
 8.85127614e-08  8.85127614e-08  1.20000000e+00  7.12286669e-08  1.06362991e-10  5.06916176e-14 
 8.85227614e-08  8.85227614e-08  1.20000000e+00  7.12286670e-08  1.06362991e-10  5.06916187e-14 
 8.85327614e-08  8.85327614e-08  1.20000000e+00  7.12286669e-08  1.06362991e-10  5.06916198e-14 
 8.85427614e-08  8.85427614e-08  1.20000000e+00  7.12286670e-08  1.06362991e-10  5.06916208e-14 
 8.85527614e-08  8.85527614e-08  1.20000000e+00  7.12286669e-08  1.06362991e-10  5.06916219e-14 
 8.85627614e-08  8.85627614e-08  1.20000000e+00  7.12286670e-08  1.06362991e-10  5.06916229e-14 
 8.85727614e-08  8.85727614e-08  1.20000000e+00  7.12286669e-08  1.06362991e-10  5.06916240e-14 
 8.85827614e-08  8.85827614e-08  1.20000000e+00  7.12286670e-08  1.06362991e-10  5.06916251e-14 
 8.85927614e-08  8.85927614e-08  1.20000000e+00  7.12286669e-08  1.06362991e-10  5.06916261e-14 
 8.86027614e-08  8.86027614e-08  1.20000000e+00  7.12286670e-08  1.06362991e-10  5.06916272e-14 
 8.86127614e-08  8.86127614e-08  1.20000000e+00  7.12286669e-08  1.06362991e-10  5.06916283e-14 
 8.86227614e-08  8.86227614e-08  1.20000000e+00  7.12286670e-08  1.06362991e-10  5.06916293e-14 
 8.86327614e-08  8.86327614e-08  1.20000000e+00  7.12286669e-08  1.06362991e-10  5.06916304e-14 
 8.86427614e-08  8.86427614e-08  1.20000000e+00  7.12286670e-08  1.06362991e-10  5.06916315e-14 
 8.86527614e-08  8.86527614e-08  1.20000000e+00  7.12286669e-08  1.06362991e-10  5.06916325e-14 
 8.86627614e-08  8.86627614e-08  1.20000000e+00  7.12286670e-08  1.06362991e-10  5.06916336e-14 
 8.86727614e-08  8.86727614e-08  1.20000000e+00  7.12286669e-08  1.06362991e-10  5.06916346e-14 
 8.86827614e-08  8.86827614e-08  1.20000000e+00  7.12286670e-08  1.06362991e-10  5.06916357e-14 
 8.86927614e-08  8.86927614e-08  1.20000000e+00  7.12286669e-08  1.06362991e-10  5.06916368e-14 
 8.87027614e-08  8.87027614e-08  1.20000000e+00  7.12286670e-08  1.06362991e-10  5.06916378e-14 
 8.87127614e-08  8.87127614e-08  1.20000000e+00  7.12286669e-08  1.06362991e-10  5.06916389e-14 
 8.87227614e-08  8.87227614e-08  1.20000000e+00  7.12286670e-08  1.06362991e-10  5.06916400e-14 
 8.87327614e-08  8.87327614e-08  1.20000000e+00  7.12286669e-08  1.06362991e-10  5.06916410e-14 
 8.87427614e-08  8.87427614e-08  1.20000000e+00  7.12286670e-08  1.06362991e-10  5.06916421e-14 
 8.87527614e-08  8.87527614e-08  1.20000000e+00  7.12286669e-08  1.06362991e-10  5.06916432e-14 
 8.87627614e-08  8.87627614e-08  1.20000000e+00  7.12286670e-08  1.06362991e-10  5.06916442e-14 
 8.87727614e-08  8.87727614e-08  1.20000000e+00  7.12286669e-08  1.06362991e-10  5.06916453e-14 
 8.87827614e-08  8.87827614e-08  1.20000000e+00  7.12286670e-08  1.06362991e-10  5.06916463e-14 
 8.87927614e-08  8.87927614e-08  1.20000000e+00  7.12286669e-08  1.06362991e-10  5.06916474e-14 
 8.88027614e-08  8.88027614e-08  1.20000000e+00  7.12286670e-08  1.06362991e-10  5.06916485e-14 
 8.88127614e-08  8.88127614e-08  1.20000000e+00  7.12286669e-08  1.06362991e-10  5.06916495e-14 
 8.88227614e-08  8.88227614e-08  1.20000000e+00  7.12286670e-08  1.06362991e-10  5.06916506e-14 
 8.88327614e-08  8.88327614e-08  1.20000000e+00  7.12286669e-08  1.06362991e-10  5.06916517e-14 
 8.88427614e-08  8.88427614e-08  1.20000000e+00  7.12286670e-08  1.06362991e-10  5.06916527e-14 
 8.88527614e-08  8.88527614e-08  1.20000000e+00  7.12286669e-08  1.06362991e-10  5.06916538e-14 
 8.88627614e-08  8.88627614e-08  1.20000000e+00  7.12286670e-08  1.06362991e-10  5.06916549e-14 
 8.88727614e-08  8.88727614e-08  1.20000000e+00  7.12286669e-08  1.06362991e-10  5.06916559e-14 
 8.88827614e-08  8.88827614e-08  1.20000000e+00  7.12286670e-08  1.06362991e-10  5.06916570e-14 
 8.88927614e-08  8.88927614e-08  1.20000000e+00  7.12286669e-08  1.06362991e-10  5.06916580e-14 
 8.89027614e-08  8.89027614e-08  1.20000000e+00  7.12286670e-08  1.06362991e-10  5.06916591e-14 
 8.89127614e-08  8.89127614e-08  1.20000000e+00  7.12286669e-08  1.06362991e-10  5.06916602e-14 
 8.89227614e-08  8.89227614e-08  1.20000000e+00  7.12286670e-08  1.06362991e-10  5.06916612e-14 
 8.89327614e-08  8.89327614e-08  1.20000000e+00  7.12286669e-08  1.06362991e-10  5.06916623e-14 
 8.89427614e-08  8.89427614e-08  1.20000000e+00  7.12286670e-08  1.06362991e-10  5.06916634e-14 
 8.89527614e-08  8.89527614e-08  1.20000000e+00  7.12286669e-08  1.06362991e-10  5.06916644e-14 
 8.89627614e-08  8.89627614e-08  1.20000000e+00  7.12286670e-08  1.06362991e-10  5.06916655e-14 
 8.89727614e-08  8.89727614e-08  1.20000000e+00  7.12286669e-08  1.06362991e-10  5.06916666e-14 
 8.89827614e-08  8.89827614e-08  1.20000000e+00  7.12286670e-08  1.06362991e-10  5.06916676e-14 
 8.89927614e-08  8.89927614e-08  1.20000000e+00  7.12286669e-08  1.06362991e-10  5.06916687e-14 
 8.90027614e-08  8.90027614e-08  1.20000000e+00  7.12286670e-08  1.06362991e-10  5.06916697e-14 
 8.90127614e-08  8.90127614e-08  1.20000000e+00  7.12286669e-08  1.06362991e-10  5.06916708e-14 
 8.90227614e-08  8.90227614e-08  1.20000000e+00  7.12286670e-08  1.06362991e-10  5.06916719e-14 
 8.90327614e-08  8.90327614e-08  1.20000000e+00  7.12286669e-08  1.06362991e-10  5.06916729e-14 
 8.90427614e-08  8.90427614e-08  1.20000000e+00  7.12286670e-08  1.06362991e-10  5.06916740e-14 
 8.90527614e-08  8.90527614e-08  1.20000000e+00  7.12286669e-08  1.06362991e-10  5.06916751e-14 
 8.90627614e-08  8.90627614e-08  1.20000000e+00  7.12286670e-08  1.06362991e-10  5.06916761e-14 
 8.90727614e-08  8.90727614e-08  1.20000000e+00  7.12286669e-08  1.06362991e-10  5.06916772e-14 
 8.90827614e-08  8.90827614e-08  1.20000000e+00  7.12286670e-08  1.06362991e-10  5.06916783e-14 
 8.90927614e-08  8.90927614e-08  1.20000000e+00  7.12286669e-08  1.06362991e-10  5.06916793e-14 
 8.91027614e-08  8.91027614e-08  1.20000000e+00  7.12286670e-08  1.06362991e-10  5.06916804e-14 
 8.91127614e-08  8.91127614e-08  1.20000000e+00  7.12286669e-08  1.06362991e-10  5.06916814e-14 
 8.91227614e-08  8.91227614e-08  1.20000000e+00  7.12286670e-08  1.06362991e-10  5.06916825e-14 
 8.91327614e-08  8.91327614e-08  1.20000000e+00  7.12286669e-08  1.06362991e-10  5.06916836e-14 
 8.91427614e-08  8.91427614e-08  1.20000000e+00  7.12286670e-08  1.06362991e-10  5.06916846e-14 
 8.91527614e-08  8.91527614e-08  1.20000000e+00  7.12286669e-08  1.06362991e-10  5.06916857e-14 
 8.91627614e-08  8.91627614e-08  1.20000000e+00  7.12286670e-08  1.06362991e-10  5.06916868e-14 
 8.91727614e-08  8.91727614e-08  1.20000000e+00  7.12286669e-08  1.06362991e-10  5.06916878e-14 
 8.91827614e-08  8.91827614e-08  1.20000000e+00  7.12286670e-08  1.06362991e-10  5.06916889e-14 
 8.91927614e-08  8.91927614e-08  1.20000000e+00  7.12286669e-08  1.06362991e-10  5.06916900e-14 
 8.92027614e-08  8.92027614e-08  1.20000000e+00  7.12286670e-08  1.06362991e-10  5.06916910e-14 
 8.92127614e-08  8.92127614e-08  1.20000000e+00  7.12286669e-08  1.06362991e-10  5.06916921e-14 
 8.92227614e-08  8.92227614e-08  1.20000000e+00  7.12286670e-08  1.06362991e-10  5.06916931e-14 
 8.92327614e-08  8.92327614e-08  1.20000000e+00  7.12286669e-08  1.06362991e-10  5.06916942e-14 
 8.92427614e-08  8.92427614e-08  1.20000000e+00  7.12286670e-08  1.06362991e-10  5.06916953e-14 
 8.92527614e-08  8.92527614e-08  1.20000000e+00  7.12286669e-08  1.06362991e-10  5.06916963e-14 
 8.92627614e-08  8.92627614e-08  1.20000000e+00  7.12286670e-08  1.06362991e-10  5.06916974e-14 
 8.92727614e-08  8.92727614e-08  1.20000000e+00  7.12286669e-08  1.06362991e-10  5.06916985e-14 
 8.92827614e-08  8.92827614e-08  1.20000000e+00  7.12286670e-08  1.06362991e-10  5.06916995e-14 
 8.92927614e-08  8.92927614e-08  1.20000000e+00  7.12286669e-08  1.06362991e-10  5.06917006e-14 
 8.93027614e-08  8.93027614e-08  1.20000000e+00  7.12286670e-08  1.06362991e-10  5.06917017e-14 
 8.93127614e-08  8.93127614e-08  1.20000000e+00  7.12286669e-08  1.06362991e-10  5.06917027e-14 
 8.93227614e-08  8.93227614e-08  1.20000000e+00  7.12286670e-08  1.06362991e-10  5.06917038e-14 
 8.93327614e-08  8.93327614e-08  1.20000000e+00  7.12286669e-08  1.06362991e-10  5.06917048e-14 
 8.93427614e-08  8.93427614e-08  1.20000000e+00  7.12286670e-08  1.06362991e-10  5.06917059e-14 
 8.93527614e-08  8.93527614e-08  1.20000000e+00  7.12286669e-08  1.06362991e-10  5.06917070e-14 
 8.93627614e-08  8.93627614e-08  1.20000000e+00  7.12286670e-08  1.06362991e-10  5.06917080e-14 
 8.93727614e-08  8.93727614e-08  1.20000000e+00  7.12286669e-08  1.06362991e-10  5.06917091e-14 
 8.93827614e-08  8.93827614e-08  1.20000000e+00  7.12286670e-08  1.06362991e-10  5.06917102e-14 
 8.93927614e-08  8.93927614e-08  1.20000000e+00  7.12286669e-08  1.06362991e-10  5.06917112e-14 
 8.94027614e-08  8.94027614e-08  1.20000000e+00  7.12286670e-08  1.06362991e-10  5.06917123e-14 
 8.94127614e-08  8.94127614e-08  1.20000000e+00  7.12286669e-08  1.06362991e-10  5.06917134e-14 
 8.94227614e-08  8.94227614e-08  1.20000000e+00  7.12286670e-08  1.06362991e-10  5.06917144e-14 
 8.94327614e-08  8.94327614e-08  1.20000000e+00  7.12286669e-08  1.06362991e-10  5.06917155e-14 
 8.94427614e-08  8.94427614e-08  1.20000000e+00  7.12286670e-08  1.06362991e-10  5.06917165e-14 
 8.94527614e-08  8.94527614e-08  1.20000000e+00  7.12286669e-08  1.06362991e-10  5.06917176e-14 
 8.94627614e-08  8.94627614e-08  1.20000000e+00  7.12286670e-08  1.06362991e-10  5.06917187e-14 
 8.94727614e-08  8.94727614e-08  1.20000000e+00  7.12286669e-08  1.06362991e-10  5.06917197e-14 
 8.94827614e-08  8.94827614e-08  1.20000000e+00  7.12286670e-08  1.06362991e-10  5.06917208e-14 
 8.94927614e-08  8.94927614e-08  1.20000000e+00  7.12286669e-08  1.06362991e-10  5.06917219e-14 
 8.95027614e-08  8.95027614e-08  1.20000000e+00  7.12286670e-08  1.06362991e-10  5.06917229e-14 
 8.95127614e-08  8.95127614e-08  1.20000000e+00  7.12286669e-08  1.06362991e-10  5.06917240e-14 
 8.95227614e-08  8.95227614e-08  1.20000000e+00  7.12286670e-08  1.06362991e-10  5.06917251e-14 
 8.95327614e-08  8.95327614e-08  1.20000000e+00  7.12286669e-08  1.06362991e-10  5.06917261e-14 
 8.95427614e-08  8.95427614e-08  1.20000000e+00  7.12286670e-08  1.06362991e-10  5.06917272e-14 
 8.95527614e-08  8.95527614e-08  1.20000000e+00  7.12286669e-08  1.06362991e-10  5.06917282e-14 
 8.95627614e-08  8.95627614e-08  1.20000000e+00  7.12286670e-08  1.06362991e-10  5.06917293e-14 
 8.95727614e-08  8.95727614e-08  1.20000000e+00  7.12286669e-08  1.06362991e-10  5.06917304e-14 
 8.95827614e-08  8.95827614e-08  1.20000000e+00  7.12286670e-08  1.06362991e-10  5.06917314e-14 
 8.95927614e-08  8.95927614e-08  1.20000000e+00  7.12286669e-08  1.06362991e-10  5.06917325e-14 
 8.96027614e-08  8.96027614e-08  1.20000000e+00  7.12286670e-08  1.06362991e-10  5.06917336e-14 
 8.96127614e-08  8.96127614e-08  1.20000000e+00  7.12286669e-08  1.06362991e-10  5.06917346e-14 
 8.96227614e-08  8.96227614e-08  1.20000000e+00  7.12286670e-08  1.06362991e-10  5.06917357e-14 
 8.96327614e-08  8.96327614e-08  1.20000000e+00  7.12286669e-08  1.06362991e-10  5.06917368e-14 
 8.96427614e-08  8.96427614e-08  1.20000000e+00  7.12286670e-08  1.06362991e-10  5.06917378e-14 
 8.96527614e-08  8.96527614e-08  1.20000000e+00  7.12286669e-08  1.06362991e-10  5.06917389e-14 
 8.96627614e-08  8.96627614e-08  1.20000000e+00  7.12286670e-08  1.06362991e-10  5.06917399e-14 
 8.96727614e-08  8.96727614e-08  1.20000000e+00  7.12286669e-08  1.06362991e-10  5.06917410e-14 
 8.96827614e-08  8.96827614e-08  1.20000000e+00  7.12286670e-08  1.06362991e-10  5.06917421e-14 
 8.96927614e-08  8.96927614e-08  1.20000000e+00  7.12286669e-08  1.06362991e-10  5.06917431e-14 
 8.97027614e-08  8.97027614e-08  1.20000000e+00  7.12286670e-08  1.06362991e-10  5.06917442e-14 
 8.97127614e-08  8.97127614e-08  1.20000000e+00  7.12286669e-08  1.06362991e-10  5.06917453e-14 
 8.97227614e-08  8.97227614e-08  1.20000000e+00  7.12286670e-08  1.06362991e-10  5.06917463e-14 
 8.97327614e-08  8.97327614e-08  1.20000000e+00  7.12286669e-08  1.06362991e-10  5.06917474e-14 
 8.97427614e-08  8.97427614e-08  1.20000000e+00  7.12286670e-08  1.06362991e-10  5.06917485e-14 
 8.97527614e-08  8.97527614e-08  1.20000000e+00  7.12286669e-08  1.06362991e-10  5.06917495e-14 
 8.97627614e-08  8.97627614e-08  1.20000000e+00  7.12286670e-08  1.06362991e-10  5.06917506e-14 
 8.97727614e-08  8.97727614e-08  1.20000000e+00  7.12286669e-08  1.06362991e-10  5.06917516e-14 
 8.97827614e-08  8.97827614e-08  1.20000000e+00  7.12286670e-08  1.06362991e-10  5.06917527e-14 
 8.97927614e-08  8.97927614e-08  1.20000000e+00  7.12286669e-08  1.06362991e-10  5.06917538e-14 
 8.98027614e-08  8.98027614e-08  1.20000000e+00  7.12286670e-08  1.06362991e-10  5.06917548e-14 
 8.98127614e-08  8.98127614e-08  1.20000000e+00  7.12286669e-08  1.06362991e-10  5.06917559e-14 
 8.98227614e-08  8.98227614e-08  1.20000000e+00  7.12286670e-08  1.06362991e-10  5.06917570e-14 
 8.98327614e-08  8.98327614e-08  1.20000000e+00  7.12286669e-08  1.06362991e-10  5.06917580e-14 
 8.98427614e-08  8.98427614e-08  1.20000000e+00  7.12286670e-08  1.06362991e-10  5.06917591e-14 
 8.98527614e-08  8.98527614e-08  1.20000000e+00  7.12286669e-08  1.06362991e-10  5.06917602e-14 
 8.98627614e-08  8.98627614e-08  1.20000000e+00  7.12286670e-08  1.06362991e-10  5.06917612e-14 
 8.98727614e-08  8.98727614e-08  1.20000000e+00  7.12286669e-08  1.06362991e-10  5.06917623e-14 
 8.98827614e-08  8.98827614e-08  1.20000000e+00  7.12286670e-08  1.06362991e-10  5.06917633e-14 
 8.98927614e-08  8.98927614e-08  1.20000000e+00  7.12286669e-08  1.06362991e-10  5.06917644e-14 
 8.99027614e-08  8.99027614e-08  1.20000000e+00  7.12286670e-08  1.06362991e-10  5.06917655e-14 
 8.99127614e-08  8.99127614e-08  1.20000000e+00  7.12286669e-08  1.06362991e-10  5.06917665e-14 
 8.99227614e-08  8.99227614e-08  1.20000000e+00  7.12286670e-08  1.06362991e-10  5.06917676e-14 
 8.99327614e-08  8.99327614e-08  1.20000000e+00  7.12286669e-08  1.06362991e-10  5.06917687e-14 
 8.99427614e-08  8.99427614e-08  1.20000000e+00  7.12286670e-08  1.06362991e-10  5.06917697e-14 
 8.99527614e-08  8.99527614e-08  1.20000000e+00  7.12286669e-08  1.06362991e-10  5.06917708e-14 
 8.99627614e-08  8.99627614e-08  1.20000000e+00  7.12286670e-08  1.06362991e-10  5.06917719e-14 
 8.99727614e-08  8.99727614e-08  1.20000000e+00  7.12286669e-08  1.06362991e-10  5.06917729e-14 
 8.99827614e-08  8.99827614e-08  1.20000000e+00  7.12286670e-08  1.06362991e-10  5.06917740e-14 
 8.99927614e-08  8.99927614e-08  1.20000000e+00  7.12286669e-08  1.06362991e-10  5.06917750e-14 
 9.00027614e-08  9.00027614e-08  1.20000000e+00  7.12286670e-08  1.06362991e-10  5.06917761e-14 
 9.00127614e-08  9.00127614e-08  1.20000000e+00  7.12286669e-08  1.06362991e-10  5.06917772e-14 
 9.00227614e-08  9.00227614e-08  1.20000000e+00  7.12286670e-08  1.06362991e-10  5.06917782e-14 
 9.00327614e-08  9.00327614e-08  1.20000000e+00  7.12286669e-08  1.06362991e-10  5.06917793e-14 
 9.00427614e-08  9.00427614e-08  1.20000000e+00  7.12286670e-08  1.06362991e-10  5.06917804e-14 
 9.00527614e-08  9.00527614e-08  1.20000000e+00  7.12286669e-08  1.06362991e-10  5.06917814e-14 
 9.00627614e-08  9.00627614e-08  1.20000000e+00  7.12286670e-08  1.06362991e-10  5.06917825e-14 
 9.00727614e-08  9.00727614e-08  1.20000000e+00  7.12286669e-08  1.06362991e-10  5.06917836e-14 
 9.00827614e-08  9.00827614e-08  1.20000000e+00  7.12286670e-08  1.06362991e-10  5.06917846e-14 
 9.00927614e-08  9.00927614e-08  1.20000000e+00  7.12286669e-08  1.06362991e-10  5.06917857e-14 
 9.01027614e-08  9.01027614e-08  1.20000000e+00  7.12286670e-08  1.06362991e-10  5.06917867e-14 
 9.01127614e-08  9.01127614e-08  1.20000000e+00  7.12286669e-08  1.06362991e-10  5.06917878e-14 
 9.01227614e-08  9.01227614e-08  1.20000000e+00  7.12286670e-08  1.06362991e-10  5.06917889e-14 
 9.01327614e-08  9.01327614e-08  1.20000000e+00  7.12286669e-08  1.06362991e-10  5.06917899e-14 
 9.01427614e-08  9.01427614e-08  1.20000000e+00  7.12286670e-08  1.06362991e-10  5.06917910e-14 
 9.01527614e-08  9.01527614e-08  1.20000000e+00  7.12286669e-08  1.06362991e-10  5.06917921e-14 
 9.01627614e-08  9.01627614e-08  1.20000000e+00  7.12286670e-08  1.06362991e-10  5.06917931e-14 
 9.01727614e-08  9.01727614e-08  1.20000000e+00  7.12286669e-08  1.06362991e-10  5.06917942e-14 
 9.01827614e-08  9.01827614e-08  1.20000000e+00  7.12286670e-08  1.06362991e-10  5.06917953e-14 
 9.01927614e-08  9.01927614e-08  1.20000000e+00  7.12286669e-08  1.06362991e-10  5.06917963e-14 
 9.02027614e-08  9.02027614e-08  1.20000000e+00  7.12286670e-08  1.06362991e-10  5.06917974e-14 
 9.02127614e-08  9.02127614e-08  1.20000000e+00  7.12286669e-08  1.06362991e-10  5.06917984e-14 
 9.02227614e-08  9.02227614e-08  1.20000000e+00  7.12286670e-08  1.06362991e-10  5.06917995e-14 
 9.02327614e-08  9.02327614e-08  1.20000000e+00  7.12286669e-08  1.06362991e-10  5.06918006e-14 
 9.02427614e-08  9.02427614e-08  1.20000000e+00  7.12286670e-08  1.06362991e-10  5.06918016e-14 
 9.02527614e-08  9.02527614e-08  1.20000000e+00  7.12286669e-08  1.06362991e-10  5.06918027e-14 
 9.02627614e-08  9.02627614e-08  1.20000000e+00  7.12286670e-08  1.06362991e-10  5.06918038e-14 
 9.02727614e-08  9.02727614e-08  1.20000000e+00  7.12286669e-08  1.06362991e-10  5.06918048e-14 
 9.02827614e-08  9.02827614e-08  1.20000000e+00  7.12286670e-08  1.06362991e-10  5.06918059e-14 
 9.02927614e-08  9.02927614e-08  1.20000000e+00  7.12286669e-08  1.06362991e-10  5.06918070e-14 
 9.03027614e-08  9.03027614e-08  1.20000000e+00  7.12286670e-08  1.06362991e-10  5.06918080e-14 
 9.03127614e-08  9.03127614e-08  1.20000000e+00  7.12286669e-08  1.06362991e-10  5.06918091e-14 
 9.03227614e-08  9.03227614e-08  1.20000000e+00  7.12286670e-08  1.06362991e-10  5.06918101e-14 
 9.03327614e-08  9.03327614e-08  1.20000000e+00  7.12286669e-08  1.06362991e-10  5.06918112e-14 
 9.03427614e-08  9.03427614e-08  1.20000000e+00  7.12286670e-08  1.06362991e-10  5.06918123e-14 
 9.03527614e-08  9.03527614e-08  1.20000000e+00  7.12286669e-08  1.06362991e-10  5.06918133e-14 
 9.03627614e-08  9.03627614e-08  1.20000000e+00  7.12286670e-08  1.06362991e-10  5.06918144e-14 
 9.03727614e-08  9.03727614e-08  1.20000000e+00  7.12286669e-08  1.06362991e-10  5.06918155e-14 
 9.03827614e-08  9.03827614e-08  1.20000000e+00  7.12286670e-08  1.06362991e-10  5.06918165e-14 
 9.03927614e-08  9.03927614e-08  1.20000000e+00  7.12286669e-08  1.06362991e-10  5.06918176e-14 
 9.04027614e-08  9.04027614e-08  1.20000000e+00  7.12286670e-08  1.06362991e-10  5.06918187e-14 
 9.04127614e-08  9.04127614e-08  1.20000000e+00  7.12286669e-08  1.06362991e-10  5.06918197e-14 
 9.04227614e-08  9.04227614e-08  1.20000000e+00  7.12286670e-08  1.06362991e-10  5.06918208e-14 
 9.04327614e-08  9.04327614e-08  1.20000000e+00  7.12286669e-08  1.06362991e-10  5.06918218e-14 
 9.04427614e-08  9.04427614e-08  1.20000000e+00  7.12286670e-08  1.06362991e-10  5.06918229e-14 
 9.04527614e-08  9.04527614e-08  1.20000000e+00  7.12286669e-08  1.06362991e-10  5.06918240e-14 
 9.04627614e-08  9.04627614e-08  1.20000000e+00  7.12286670e-08  1.06362991e-10  5.06918250e-14 
 9.04727614e-08  9.04727614e-08  1.20000000e+00  7.12286669e-08  1.06362991e-10  5.06918261e-14 
 9.04827614e-08  9.04827614e-08  1.20000000e+00  7.12286670e-08  1.06362991e-10  5.06918272e-14 
 9.04913807e-08  9.04913807e-08  1.20000000e+00  7.12286670e-08  1.06362991e-10  5.06918281e-14 
 9.05000000e-08  9.05000000e-08  1.20000000e+00  7.12286669e-08  1.06362991e-10  5.06918290e-14 
 9.05010000e-08  9.05010000e-08  1.19760000e+00 -2.73807853e-03  1.06362994e-10  5.06918291e-14 
 9.05030000e-08  9.05030000e-08  1.19280000e+00 -7.91908235e-03  1.06363000e-10  5.06918293e-14 
 9.05070000e-08  9.05070000e-08  1.18320000e+00 -1.72134090e-02  1.06363012e-10  5.06918297e-14 
 9.05129930e-08  9.05129930e-08  1.16881678e+00 -2.88911139e-02  1.06363026e-10  5.06918304e-14 
 9.05229930e-08  9.05229930e-08  1.14481678e+00 -4.38256007e-02  1.06363043e-10  5.06918314e-14 
 9.05329930e-08  9.05329930e-08  1.12081678e+00 -5.46253125e-02  1.06363056e-10  5.06918325e-14 
 9.05429930e-08  9.05429930e-08  1.09681678e+00 -6.26071734e-02  1.06363066e-10  5.06918336e-14 
 9.05529930e-08  9.05529930e-08  1.07281678e+00 -6.87233628e-02  1.06363073e-10  5.06918346e-14 
 9.05629930e-08  9.05629930e-08  1.04881678e+00 -7.36353179e-02  1.06363079e-10  5.06918357e-14 
 9.05729930e-08  9.05729930e-08  1.02481678e+00 -7.77906201e-02  1.06363084e-10  5.06918368e-14 
 9.05829930e-08  9.05829930e-08  1.00081678e+00 -8.14897403e-02  1.06363089e-10  5.06918378e-14 
 9.05929930e-08  9.05929930e-08  9.76816784e-01 -8.49352108e-02  1.06363093e-10  5.06918389e-14 
 9.06029930e-08  9.06029930e-08  9.52816784e-01 -8.82654083e-02  1.06363097e-10  5.06918399e-14 
 9.06129930e-08  9.06129930e-08  9.28816784e-01 -9.15770100e-02  1.06363101e-10  5.06918410e-14 
 9.06229930e-08  9.06229930e-08  9.04816784e-01 -9.49396967e-02  1.06363105e-10  5.06918421e-14 
 9.06329930e-08  9.06329930e-08  8.80816784e-01 -9.84057293e-02  1.06363109e-10  5.06918431e-14 
 9.06429930e-08  9.06429930e-08  8.56816784e-01 -1.02016182e-01  1.06363113e-10  5.06918442e-14 
 9.06529930e-08  9.06529930e-08  8.32816784e-01 -1.05805005e-01  1.06363118e-10  5.06918453e-14 
 9.06629930e-08  9.06629930e-08  8.08816784e-01 -1.09801659e-01  1.06363123e-10  5.06918463e-14 
 9.06729930e-08  9.06729930e-08  7.84816784e-01 -1.14032806e-01  1.06363128e-10  5.06918474e-14 
 9.06829930e-08  9.06829930e-08  7.60816784e-01 -1.18523352e-01  1.06363133e-10  5.06918485e-14 
 9.06929930e-08  9.06929930e-08  7.36816784e-01 -1.23297036e-01  1.06363139e-10  5.06918495e-14 
 9.07029930e-08  9.07029930e-08  7.12816784e-01 -1.28376686e-01  1.06363145e-10  5.06918506e-14 
 9.07129930e-08  9.07129930e-08  6.88816784e-01 -1.33784248e-01  1.06363151e-10  5.06918516e-14 
 9.07229930e-08  9.07229930e-08  6.64816784e-01 -1.39540660e-01  1.06363158e-10  5.06918527e-14 
 9.07329930e-08  9.07329930e-08  6.40816784e-01 -1.45665673e-01  1.06363166e-10  5.06918538e-14 
 9.07429930e-08  9.07429930e-08  6.16816784e-01 -1.52177709e-01  1.06363174e-10  5.06918548e-14 
 9.07529930e-08  9.07529930e-08  5.92816784e-01 -1.59093799e-01  5.43974551e-10  5.06918581e-14 
 9.07629930e-08  9.07629930e-08  5.68816784e-01 -1.66411036e-01  1.43583953e-07  5.06925787e-14 
 9.07729930e-08  9.07729930e-08  5.44816784e-01 -1.74106821e-01  5.42838034e-07  5.06960108e-14 
 9.07829930e-08  9.07829930e-08  5.20816784e-01 -1.82154495e-01  1.19842954e-06  5.07047172e-14 
 9.07929930e-08  9.07929930e-08  4.96816784e-01 -1.90525841e-01  2.11049117e-06  5.07212618e-14 
 9.08029930e-08  9.08029930e-08  4.72816784e-01 -1.99188023e-01  3.27916329e-06  5.07482101e-14 
 9.08129930e-08  9.08129930e-08  4.48816784e-01 -2.08103266e-01  4.70459185e-06  5.07881288e-14 
 9.08229930e-08  9.08229930e-08  4.24816784e-01 -2.17224791e-01  6.38692544e-06  5.08435864e-14 
 9.08329930e-08  9.08329930e-08  4.00816784e-01 -2.26496613e-01  8.32631170e-06  5.09171526e-14 
 9.08429930e-08  9.08429930e-08  3.76816784e-01 -2.35853694e-01  1.05228930e-05  5.10113986e-14 
 9.08529930e-08  9.08529930e-08  3.52816784e-01 -2.45222162e-01  1.29768016e-05  5.11288971e-14 
 9.08629930e-08  9.08629930e-08  3.28816784e-01 -2.54519732e-01  1.56881542e-05  5.12722219e-14 
 9.08729930e-08  9.08729930e-08  3.04816784e-01 -2.63656302e-01  1.86570460e-05  5.14439479e-14 
 9.08829930e-08  9.08829930e-08  2.80816784e-01 -2.72534415e-01  2.18835444e-05  5.16466508e-14 
 9.08929930e-08  9.08929930e-08  2.56816784e-01 -2.81049332e-01  2.53676821e-05  5.18829070e-14 
 9.09029930e-08  9.09029930e-08  2.32816784e-01 -2.89088521e-01  2.91094491e-05  5.21552926e-14 
 9.09129930e-08  9.09129930e-08  2.08816784e-01 -2.96530499e-01  3.31087841e-05  5.24663838e-14 
 9.09229930e-08  9.09229930e-08  1.84816784e-01 -3.03242955e-01  3.73655632e-05  5.28187555e-14 
 9.09329930e-08  9.09329930e-08  1.60816784e-01 -3.09080035e-01  4.18795877e-05  5.32149813e-14 
 9.09429930e-08  9.09429930e-08  1.36816784e-01 -3.13878444e-01  4.66505671e-05  5.36576321e-14 
 9.09529930e-08  9.09529930e-08  1.12816784e-01 -3.17451736e-01  5.16780978e-05  5.41492754e-14 
 9.09629930e-08  9.09629930e-08  8.88167841e-02 -3.19581590e-01  5.69616334e-05  5.46924740e-14 
 9.09729930e-08  9.09729930e-08  6.48167841e-02 -3.20003981e-01  6.25004415e-05  5.52897844e-14 
 9.09829930e-08  9.09829930e-08  4.08167841e-02 -3.18380565e-01  6.82935293e-05  5.59437543e-14 
 9.09914965e-08  9.09914965e-08  2.04083920e-02 -3.15071420e-01  7.34187397e-05  5.65462792e-14 
 9.10000000e-08  9.10000000e-08  0.00000000e+00 -3.09606772e-01  7.87257291e-05  5.71931592e-14 
 9.10010000e-08  9.10010000e-08  0.00000000e+00 -3.07065774e-01  7.87218455e-05  5.72718829e-14 
 9.10030000e-08  9.10030000e-08  0.00000000e+00 -3.02274235e-01  7.87145222e-05  5.74293193e-14 
 9.10070000e-08  9.10070000e-08  0.00000000e+00 -2.92779428e-01  7.87000107e-05  5.77441484e-14 
 9.10124223e-08  9.10124223e-08  0.00000000e+00 -2.79452661e-01  7.86796425e-05  5.81708299e-14 
 9.10224223e-08  9.10224223e-08  0.00000000e+00 -2.53085680e-01  7.86393440e-05  5.89574248e-14 
 9.10324223e-08  9.10324223e-08  0.00000000e+00 -2.23834230e-01  7.85946371e-05  5.97435947e-14 
 9.10424223e-08  9.10424223e-08  0.00000000e+00 -1.90708856e-01  7.85440093e-05  6.05292879e-14 
 9.10524223e-08  9.10524223e-08  0.00000000e+00 -1.52233957e-01  7.84852055e-05  6.13144340e-14 
 9.10624223e-08  9.10624223e-08  0.00000000e+00 -1.06210198e-01  7.84148643e-05  6.20989344e-14 
 9.10724223e-08  9.10724223e-08  0.00000000e+00 -4.92116577e-02  7.83277496e-05  6.28826474e-14 
 9.10824223e-08  9.10824223e-08  0.00000000e+00  2.05587901e-02  7.82211147e-05  6.36653918e-14 
 9.10904128e-08  9.10904128e-08  0.00000000e+00  9.56359111e-02  7.81063692e-05  6.42899590e-14 
 9.10988182e-08  9.10988182e-08  0.00000000e+00  1.85916067e-01  7.79683879e-05  6.49458929e-14 
 9.11064496e-08  9.11064496e-08  0.00000000e+00  2.70408965e-01  7.78392517e-05  6.55404056e-14 
 9.11142126e-08  9.11142126e-08  0.00000000e+00  3.58067293e-01  7.77052775e-05  6.61441558e-14 
 9.11242126e-08  9.11242126e-08  0.00000000e+00  4.73127978e-01  7.75294225e-05  6.69203293e-14 
 9.11342126e-08  9.11342126e-08  0.00000000e+00  5.90321225e-01  7.73503081e-05  6.76947279e-14 
 9.11442126e-08  9.11442126e-08  0.00000000e+00  7.07084571e-01  7.49288956e-05  6.84561240e-14 
 9.11542126e-08  9.11542126e-08  0.00000000e+00  8.16834607e-01  6.72898913e-05  6.91672179e-14 
 9.11632441e-08  9.11632441e-08  0.00000000e+00  9.04840824e-01  5.73990522e-05  6.97302783e-14 
 9.11685330e-08  9.11685330e-08  0.00000000e+00  9.50297487e-01  5.09841182e-05  7.00168923e-14 
 9.11749618e-08  9.11749618e-08  0.00000000e+00  9.98742621e-01  4.31716277e-05  7.03195484e-14 
 9.11849618e-08  9.11849618e-08  0.00000000e+00  1.05949196e+00  3.19564034e-05  7.06951886e-14 
 9.11949618e-08  9.11949618e-08  0.00000000e+00  1.10437139e+00  2.26604383e-05  7.09682728e-14 
 9.12049618e-08  9.12049618e-08  0.00000000e+00  1.13626072e+00  1.55347198e-05  7.11592486e-14 
 9.12149618e-08  9.12149618e-08  0.00000000e+00  1.15821828e+00  1.03774284e-05  7.12888093e-14 
 9.12249618e-08  9.12249618e-08  0.00000000e+00  1.17296628e+00  6.79879638e-06  7.13746905e-14 
 9.12349618e-08  9.12349618e-08  0.00000000e+00  1.18268274e+00  4.39076086e-06  7.14306382e-14 
 9.12449618e-08  9.12449618e-08  0.00000000e+00  1.18899056e+00  2.80610847e-06  7.14666226e-14 
 9.12549618e-08  9.12549618e-08  0.00000000e+00  1.19304018e+00  1.77989135e-06  7.14895526e-14 
 9.12649618e-08  9.12649618e-08  0.00000000e+00  1.19561851e+00  1.12290125e-06  7.15040666e-14 
 9.12749618e-08  9.12749618e-08  0.00000000e+00  1.19725004e+00  7.05715946e-07  7.15132096e-14 
 9.12849618e-08  9.12849618e-08  0.00000000e+00  1.19827781e+00  4.42334959e-07  7.15189499e-14 
 9.12949618e-08  9.12949618e-08  0.00000000e+00  1.19892316e+00  2.76758294e-07  7.15225454e-14 
 9.13049618e-08  9.13049618e-08  0.00000000e+00  1.19932741e+00  1.72912548e-07  7.15247937e-14 
 9.13149618e-08  9.13149618e-08  0.00000000e+00  1.19958020e+00  1.07942744e-07  7.15261980e-14 
 9.13249618e-08  9.13249618e-08  0.00000000e+00  1.19973810e+00  6.73513379e-08  7.15270745e-14 
 9.13349618e-08  9.13349618e-08  0.00000000e+00  1.19983663e+00  4.20151684e-08  7.15276213e-14 
 9.13449618e-08  9.13449618e-08  0.00000000e+00  1.19989809e+00  2.62114013e-08  7.15279624e-14 
 9.13549618e-08  9.13549618e-08  0.00000000e+00  1.19993640e+00  1.63580875e-08  7.15281753e-14 
 9.13649618e-08  9.13649618e-08  0.00000000e+00  1.19996028e+00  1.02166812e-08  7.15283081e-14 
 9.13749618e-08  9.13749618e-08  0.00000000e+00  1.19997516e+00  6.38966903e-09  7.15283912e-14 
 9.13849618e-08  9.13849618e-08  0.00000000e+00  1.19998443e+00  4.00522126e-09  7.15284432e-14 
 9.13949618e-08  9.13949618e-08  0.00000000e+00  1.19999020e+00  2.51972360e-09  7.15284758e-14 
 9.14049618e-08  9.14049618e-08  0.00000000e+00  1.19999380e+00  1.59433060e-09  7.15284963e-14 
 9.14149618e-08  9.14149618e-08  0.00000000e+00  1.19999604e+00  1.01788272e-09  7.15285094e-14 
 9.14249618e-08  9.14249618e-08  0.00000000e+00  1.19999744e+00  6.58811991e-10  7.15285178e-14 
 9.14349618e-08  9.14349618e-08  0.00000000e+00  1.19999831e+00  4.35150865e-10  7.15285233e-14 
 9.14449618e-08  9.14449618e-08  0.00000000e+00  1.19999885e+00  2.95836918e-10  7.15285269e-14 
 9.14549618e-08  9.14549618e-08  0.00000000e+00  1.19999919e+00  2.09061975e-10  7.15285294e-14 
 9.14649618e-08  9.14649618e-08  0.00000000e+00  1.19999940e+00  1.55012545e-10  7.15285313e-14 
 9.14749618e-08  9.14749618e-08  0.00000000e+00  1.19999953e+00  1.21346980e-10  7.15285326e-14 
 9.14849618e-08  9.14849618e-08  0.00000000e+00  1.19999961e+00  1.00377901e-10  7.15285338e-14 
 9.14949618e-08  9.14949618e-08  0.00000000e+00  1.19999966e+00  8.73170385e-11  7.15285347e-14 
 9.15049618e-08  9.15049618e-08  0.00000000e+00  1.19999969e+00  7.91819222e-11  7.15285355e-14 
 9.15149618e-08  9.15149618e-08  0.00000000e+00  1.19999971e+00  7.41148715e-11  7.15285363e-14 
 9.15249618e-08  9.15249618e-08  0.00000000e+00  1.19999972e+00  7.09588027e-11  7.15285370e-14 
 9.15349618e-08  9.15349618e-08  0.00000000e+00  1.19999973e+00  6.89930113e-11  7.15285377e-14 
 9.15449618e-08  9.15449618e-08  0.00000000e+00  1.19999974e+00  6.77685969e-11  7.15285384e-14 
 9.15549618e-08  9.15549618e-08  0.00000000e+00  1.19999974e+00  6.70059576e-11  7.15285391e-14 
 9.15649618e-08  9.15649618e-08  0.00000000e+00  1.19999974e+00  6.65309399e-11  7.15285397e-14 
 9.15749618e-08  9.15749618e-08  0.00000000e+00  1.19999974e+00  6.62350700e-11  7.15285404e-14 
 9.15849618e-08  9.15849618e-08  0.00000000e+00  1.19999974e+00  6.60507845e-11  7.15285411e-14 
 9.15949618e-08  9.15949618e-08  0.00000000e+00  1.19999974e+00  6.59360003e-11  7.15285417e-14 
 9.16049618e-08  9.16049618e-08  0.00000000e+00  1.19999974e+00  6.58645058e-11  7.15285424e-14 
 9.16149618e-08  9.16149618e-08  0.00000000e+00  1.19999974e+00  6.58199751e-11  7.15285430e-14 
 9.16249618e-08  9.16249618e-08  0.00000000e+00  1.19999974e+00  6.57922383e-11  7.15285437e-14 
 9.16349618e-08  9.16349618e-08  0.00000000e+00  1.19999974e+00  6.57749621e-11  7.15285444e-14 
 9.16449618e-08  9.16449618e-08  0.00000000e+00  1.19999974e+00  6.57642014e-11  7.15285450e-14 
 9.16549618e-08  9.16549618e-08  0.00000000e+00  1.19999974e+00  6.57574993e-11  7.15285457e-14 
 9.16649618e-08  9.16649618e-08  0.00000000e+00  1.19999974e+00  6.57533249e-11  7.15285463e-14 
 9.16749618e-08  9.16749618e-08  0.00000000e+00  1.19999974e+00  6.57507246e-11  7.15285470e-14 
 9.16849618e-08  9.16849618e-08  0.00000000e+00  1.19999974e+00  6.57491048e-11  7.15285476e-14 
 9.16949618e-08  9.16949618e-08  0.00000000e+00  1.19999974e+00  6.57480960e-11  7.15285483e-14 
 9.17049618e-08  9.17049618e-08  0.00000000e+00  1.19999974e+00  6.57474680e-11  7.15285490e-14 
 9.17149618e-08  9.17149618e-08  0.00000000e+00  1.19999974e+00  6.57470764e-11  7.15285496e-14 
 9.17249618e-08  9.17249618e-08  0.00000000e+00  1.19999974e+00  6.57468326e-11  7.15285503e-14 
 9.17349618e-08  9.17349618e-08  0.00000000e+00  1.19999974e+00  6.57466808e-11  7.15285509e-14 
 9.17449618e-08  9.17449618e-08  0.00000000e+00  1.19999974e+00  6.57465863e-11  7.15285516e-14 
 9.17549618e-08  9.17549618e-08  0.00000000e+00  1.19999974e+00  6.57465274e-11  7.15285523e-14 
 9.17649618e-08  9.17649618e-08  0.00000000e+00  1.19999974e+00  6.57464908e-11  7.15285529e-14 
 9.17749618e-08  9.17749618e-08  0.00000000e+00  1.19999974e+00  6.57464680e-11  7.15285536e-14 
 9.17849618e-08  9.17849618e-08  0.00000000e+00  1.19999974e+00  6.57464537e-11  7.15285542e-14 
 9.17949618e-08  9.17949618e-08  0.00000000e+00  1.19999974e+00  6.57464448e-11  7.15285549e-14 
 9.18049618e-08  9.18049618e-08  0.00000000e+00  1.19999974e+00  6.57464393e-11  7.15285555e-14 
 9.18149618e-08  9.18149618e-08  0.00000000e+00  1.19999974e+00  6.57464360e-11  7.15285562e-14 
 9.18249618e-08  9.18249618e-08  0.00000000e+00  1.19999974e+00  6.57464338e-11  7.15285569e-14 
 9.18349618e-08  9.18349618e-08  0.00000000e+00  1.19999974e+00  6.57464325e-11  7.15285575e-14 
 9.18449618e-08  9.18449618e-08  0.00000000e+00  1.19999974e+00  6.57464315e-11  7.15285582e-14 
 9.18549618e-08  9.18549618e-08  0.00000000e+00  1.19999974e+00  6.57464310e-11  7.15285588e-14 
 9.18649618e-08  9.18649618e-08  0.00000000e+00  1.19999974e+00  6.57464307e-11  7.15285595e-14 
 9.18749618e-08  9.18749618e-08  0.00000000e+00  1.19999974e+00  6.57464304e-11  7.15285601e-14 
 9.18849618e-08  9.18849618e-08  0.00000000e+00  1.19999974e+00  6.57464303e-11  7.15285608e-14 
 9.18949618e-08  9.18949618e-08  0.00000000e+00  1.19999974e+00  6.57464300e-11  7.15285615e-14 
 9.19049618e-08  9.19049618e-08  0.00000000e+00  1.19999974e+00  6.57464299e-11  7.15285621e-14 
 9.19149618e-08  9.19149618e-08  0.00000000e+00  1.19999974e+00  6.57464299e-11  7.15285628e-14 
 9.19249618e-08  9.19249618e-08  0.00000000e+00  1.19999974e+00  6.57464298e-11  7.15285634e-14 
 9.19349618e-08  9.19349618e-08  0.00000000e+00  1.19999974e+00  6.57464298e-11  7.15285641e-14 
 9.19449618e-08  9.19449618e-08  0.00000000e+00  1.19999974e+00  6.57464298e-11  7.15285647e-14 
 9.19549618e-08  9.19549618e-08  0.00000000e+00  1.19999974e+00  6.57464298e-11  7.15285654e-14 
 9.19649618e-08  9.19649618e-08  0.00000000e+00  1.19999974e+00  6.57464298e-11  7.15285661e-14 
 9.19749618e-08  9.19749618e-08  0.00000000e+00  1.19999974e+00  6.57464298e-11  7.15285667e-14 
 9.19849618e-08  9.19849618e-08  0.00000000e+00  1.19999974e+00  6.57464298e-11  7.15285674e-14 
 9.19924809e-08  9.19924809e-08  0.00000000e+00  1.19999974e+00  6.57464299e-11  7.15285679e-14 
 9.20000000e-08  9.20000000e-08  0.00000000e+00  1.19999974e+00  6.57464300e-11  7.15285684e-14 
 9.20010000e-08  9.20010000e-08  0.00000000e+00  1.19999974e+00  6.57464300e-11  7.15285684e-14 
 9.20030000e-08  9.20030000e-08  0.00000000e+00  1.19999974e+00  6.57464300e-11  7.15285686e-14 
 9.20070000e-08  9.20070000e-08  0.00000000e+00  1.19999974e+00  6.57464300e-11  7.15285688e-14 
 9.20150000e-08  9.20150000e-08  0.00000000e+00  1.19999974e+00  6.57464301e-11  7.15285693e-14 
 9.20250000e-08  9.20250000e-08  0.00000000e+00  1.19999974e+00  6.57464302e-11  7.15285700e-14 
 9.20350000e-08  9.20350000e-08  0.00000000e+00  1.19999974e+00  6.57464302e-11  7.15285707e-14 
 9.20450000e-08  9.20450000e-08  0.00000000e+00  1.19999974e+00  6.57464302e-11  7.15285713e-14 
 9.20550000e-08  9.20550000e-08  0.00000000e+00  1.19999974e+00  6.57464301e-11  7.15285720e-14 
 9.20650000e-08  9.20650000e-08  0.00000000e+00  1.19999974e+00  6.57464300e-11  7.15285726e-14 
 9.20750000e-08  9.20750000e-08  0.00000000e+00  1.19999974e+00  6.57464298e-11  7.15285733e-14 
 9.20850000e-08  9.20850000e-08  0.00000000e+00  1.19999974e+00  6.57464298e-11  7.15285739e-14 
 9.20950000e-08  9.20950000e-08  0.00000000e+00  1.19999974e+00  6.57464298e-11  7.15285746e-14 
 9.21050000e-08  9.21050000e-08  0.00000000e+00  1.19999974e+00  6.57464298e-11  7.15285753e-14 
 9.21150000e-08  9.21150000e-08  0.00000000e+00  1.19999974e+00  6.57464298e-11  7.15285759e-14 
 9.21250000e-08  9.21250000e-08  0.00000000e+00  1.19999974e+00  6.57464298e-11  7.15285766e-14 
 9.21350000e-08  9.21350000e-08  0.00000000e+00  1.19999974e+00  6.57464298e-11  7.15285772e-14 
 9.21450000e-08  9.21450000e-08  0.00000000e+00  1.19999974e+00  6.57464298e-11  7.15285779e-14 
 9.21550000e-08  9.21550000e-08  0.00000000e+00  1.19999974e+00  6.57464298e-11  7.15285786e-14 
 9.21650000e-08  9.21650000e-08  0.00000000e+00  1.19999974e+00  6.57464298e-11  7.15285792e-14 
 9.21750000e-08  9.21750000e-08  0.00000000e+00  1.19999974e+00  6.57464298e-11  7.15285799e-14 
 9.21850000e-08  9.21850000e-08  0.00000000e+00  1.19999974e+00  6.57464298e-11  7.15285805e-14 
 9.21950000e-08  9.21950000e-08  0.00000000e+00  1.19999974e+00  6.57464298e-11  7.15285812e-14 
 9.22050000e-08  9.22050000e-08  0.00000000e+00  1.19999974e+00  6.57464298e-11  7.15285818e-14 
 9.22150000e-08  9.22150000e-08  0.00000000e+00  1.19999974e+00  6.57464298e-11  7.15285825e-14 
 9.22250000e-08  9.22250000e-08  0.00000000e+00  1.19999974e+00  6.57464298e-11  7.15285832e-14 
 9.22350000e-08  9.22350000e-08  0.00000000e+00  1.19999974e+00  6.57464298e-11  7.15285838e-14 
 9.22450000e-08  9.22450000e-08  0.00000000e+00  1.19999974e+00  6.57464298e-11  7.15285845e-14 
 9.22550000e-08  9.22550000e-08  0.00000000e+00  1.19999974e+00  6.57464298e-11  7.15285851e-14 
 9.22650000e-08  9.22650000e-08  0.00000000e+00  1.19999974e+00  6.57464298e-11  7.15285858e-14 
 9.22750000e-08  9.22750000e-08  0.00000000e+00  1.19999974e+00  6.57464298e-11  7.15285864e-14 
 9.22850000e-08  9.22850000e-08  0.00000000e+00  1.19999974e+00  6.57464298e-11  7.15285871e-14 
 9.22950000e-08  9.22950000e-08  0.00000000e+00  1.19999974e+00  6.57464298e-11  7.15285878e-14 
 9.23050000e-08  9.23050000e-08  0.00000000e+00  1.19999974e+00  6.57464298e-11  7.15285884e-14 
 9.23150000e-08  9.23150000e-08  0.00000000e+00  1.19999974e+00  6.57464298e-11  7.15285891e-14 
 9.23250000e-08  9.23250000e-08  0.00000000e+00  1.19999974e+00  6.57464298e-11  7.15285897e-14 
 9.23350000e-08  9.23350000e-08  0.00000000e+00  1.19999974e+00  6.57464298e-11  7.15285904e-14 
 9.23450000e-08  9.23450000e-08  0.00000000e+00  1.19999974e+00  6.57464298e-11  7.15285910e-14 
 9.23550000e-08  9.23550000e-08  0.00000000e+00  1.19999974e+00  6.57464298e-11  7.15285917e-14 
 9.23650000e-08  9.23650000e-08  0.00000000e+00  1.19999974e+00  6.57464298e-11  7.15285924e-14 
 9.23750000e-08  9.23750000e-08  0.00000000e+00  1.19999974e+00  6.57464298e-11  7.15285930e-14 
 9.23850000e-08  9.23850000e-08  0.00000000e+00  1.19999974e+00  6.57464298e-11  7.15285937e-14 
 9.23950000e-08  9.23950000e-08  0.00000000e+00  1.19999974e+00  6.57464298e-11  7.15285943e-14 
 9.24050000e-08  9.24050000e-08  0.00000000e+00  1.19999974e+00  6.57464298e-11  7.15285950e-14 
 9.24150000e-08  9.24150000e-08  0.00000000e+00  1.19999974e+00  6.57464298e-11  7.15285956e-14 
 9.24250000e-08  9.24250000e-08  0.00000000e+00  1.19999974e+00  6.57464298e-11  7.15285963e-14 
 9.24335953e-08  9.24335953e-08  0.00000000e+00  1.19999974e+00  6.57464299e-11  7.15285969e-14 
 9.24390066e-08  9.24390066e-08  0.00000000e+00  1.19999974e+00  6.57464299e-11  7.15285972e-14 
 9.24454904e-08  9.24454904e-08  0.00000000e+00  1.19999974e+00  6.57464298e-11  7.15285977e-14 
 9.24508394e-08  9.24508394e-08  0.00000000e+00  1.19999974e+00  6.57464299e-11  7.15285980e-14 
 9.24576107e-08  9.24576107e-08  0.00000000e+00  1.19999974e+00  6.57464299e-11  7.15285984e-14 
 9.24676107e-08  9.24676107e-08  0.00000000e+00  1.19999974e+00  6.57464298e-11  7.15285991e-14 
 9.24776107e-08  9.24776107e-08  0.00000000e+00  1.19999974e+00  6.57464298e-11  7.15285998e-14 
 9.24876107e-08  9.24876107e-08  0.00000000e+00  1.19999974e+00  6.57464298e-11  7.15286004e-14 
 9.24976107e-08  9.24976107e-08  0.00000000e+00  1.19999974e+00  6.57464300e-11  7.15286011e-14 
 9.25076107e-08  9.25076107e-08  0.00000000e+00  1.19999974e+00  6.57464298e-11  7.15286017e-14 
 9.25176107e-08  9.25176107e-08  0.00000000e+00  1.19999974e+00  6.57464298e-11  7.15286024e-14 
 9.25276107e-08  9.25276107e-08  0.00000000e+00  1.19999974e+00  6.57464298e-11  7.15286030e-14 
 9.25376107e-08  9.25376107e-08  0.00000000e+00  1.19999974e+00  6.57464298e-11  7.15286037e-14 
 9.25476107e-08  9.25476107e-08  0.00000000e+00  1.19999974e+00  6.57464298e-11  7.15286044e-14 
 9.25576107e-08  9.25576107e-08  0.00000000e+00  1.19999974e+00  6.57464298e-11  7.15286050e-14 
 9.25676107e-08  9.25676107e-08  0.00000000e+00  1.19999974e+00  6.57464298e-11  7.15286057e-14 
 9.25776107e-08  9.25776107e-08  0.00000000e+00  1.19999974e+00  6.57464298e-11  7.15286063e-14 
 9.25876107e-08  9.25876107e-08  0.00000000e+00  1.19999974e+00  6.57464298e-11  7.15286070e-14 
 9.25976107e-08  9.25976107e-08  0.00000000e+00  1.19999974e+00  6.57464298e-11  7.15286077e-14 
 9.26076107e-08  9.26076107e-08  0.00000000e+00  1.19999974e+00  6.57464298e-11  7.15286083e-14 
 9.26176107e-08  9.26176107e-08  0.00000000e+00  1.19999974e+00  6.57464298e-11  7.15286090e-14 
 9.26276107e-08  9.26276107e-08  0.00000000e+00  1.19999974e+00  6.57464298e-11  7.15286096e-14 
 9.26376107e-08  9.26376107e-08  0.00000000e+00  1.19999974e+00  6.57464298e-11  7.15286103e-14 
 9.26476107e-08  9.26476107e-08  0.00000000e+00  1.19999974e+00  6.57464298e-11  7.15286109e-14 
 9.26576107e-08  9.26576107e-08  0.00000000e+00  1.19999974e+00  6.57464298e-11  7.15286116e-14 
 9.26676107e-08  9.26676107e-08  0.00000000e+00  1.19999974e+00  6.57464298e-11  7.15286123e-14 
 9.26776107e-08  9.26776107e-08  0.00000000e+00  1.19999974e+00  6.57464298e-11  7.15286129e-14 
 9.26876107e-08  9.26876107e-08  0.00000000e+00  1.19999974e+00  6.57464298e-11  7.15286136e-14 
 9.26976107e-08  9.26976107e-08  0.00000000e+00  1.19999974e+00  6.57464298e-11  7.15286142e-14 
 9.27076107e-08  9.27076107e-08  0.00000000e+00  1.19999974e+00  6.57464298e-11  7.15286149e-14 
 9.27176107e-08  9.27176107e-08  0.00000000e+00  1.19999974e+00  6.57464298e-11  7.15286155e-14 
 9.27276107e-08  9.27276107e-08  0.00000000e+00  1.19999974e+00  6.57464298e-11  7.15286162e-14 
 9.27376107e-08  9.27376107e-08  0.00000000e+00  1.19999974e+00  6.57464298e-11  7.15286169e-14 
 9.27476107e-08  9.27476107e-08  0.00000000e+00  1.19999974e+00  6.57464298e-11  7.15286175e-14 
 9.27576107e-08  9.27576107e-08  0.00000000e+00  1.19999974e+00  6.57464298e-11  7.15286182e-14 
 9.27676107e-08  9.27676107e-08  0.00000000e+00  1.19999974e+00  6.57464298e-11  7.15286188e-14 
 9.27776107e-08  9.27776107e-08  0.00000000e+00  1.19999974e+00  6.57464298e-11  7.15286195e-14 
 9.27876107e-08  9.27876107e-08  0.00000000e+00  1.19999974e+00  6.57464298e-11  7.15286201e-14 
 9.27976107e-08  9.27976107e-08  0.00000000e+00  1.19999974e+00  6.57464298e-11  7.15286208e-14 
 9.28076107e-08  9.28076107e-08  0.00000000e+00  1.19999974e+00  6.57464298e-11  7.15286215e-14 
 9.28176107e-08  9.28176107e-08  0.00000000e+00  1.19999974e+00  6.57464298e-11  7.15286221e-14 
 9.28276107e-08  9.28276107e-08  0.00000000e+00  1.19999974e+00  6.57464298e-11  7.15286228e-14 
 9.28376107e-08  9.28376107e-08  0.00000000e+00  1.19999974e+00  6.57464298e-11  7.15286234e-14 
 9.28476107e-08  9.28476107e-08  0.00000000e+00  1.19999974e+00  6.57464298e-11  7.15286241e-14 
 9.28576107e-08  9.28576107e-08  0.00000000e+00  1.19999974e+00  6.57464298e-11  7.15286247e-14 
 9.28676107e-08  9.28676107e-08  0.00000000e+00  1.19999974e+00  6.57464298e-11  7.15286254e-14 
 9.28776107e-08  9.28776107e-08  0.00000000e+00  1.19999974e+00  6.57464298e-11  7.15286261e-14 
 9.28876107e-08  9.28876107e-08  0.00000000e+00  1.19999974e+00  6.57464298e-11  7.15286267e-14 
 9.28976107e-08  9.28976107e-08  0.00000000e+00  1.19999974e+00  6.57464298e-11  7.15286274e-14 
 9.29076107e-08  9.29076107e-08  0.00000000e+00  1.19999974e+00  6.57464298e-11  7.15286280e-14 
 9.29176107e-08  9.29176107e-08  0.00000000e+00  1.19999974e+00  6.57464298e-11  7.15286287e-14 
 9.29276107e-08  9.29276107e-08  0.00000000e+00  1.19999974e+00  6.57464298e-11  7.15286293e-14 
 9.29376107e-08  9.29376107e-08  0.00000000e+00  1.19999974e+00  6.57464298e-11  7.15286300e-14 
 9.29476107e-08  9.29476107e-08  0.00000000e+00  1.19999974e+00  6.57464298e-11  7.15286307e-14 
 9.29576107e-08  9.29576107e-08  0.00000000e+00  1.19999974e+00  6.57464298e-11  7.15286313e-14 
 9.29676107e-08  9.29676107e-08  0.00000000e+00  1.19999974e+00  6.57464298e-11  7.15286320e-14 
 9.29776107e-08  9.29776107e-08  0.00000000e+00  1.19999974e+00  6.57464298e-11  7.15286326e-14 
 9.29876107e-08  9.29876107e-08  0.00000000e+00  1.19999974e+00  6.57464298e-11  7.15286333e-14 
 9.29976107e-08  9.29976107e-08  0.00000000e+00  1.19999974e+00  6.57464298e-11  7.15286340e-14 
 9.30076107e-08  9.30076107e-08  0.00000000e+00  1.19999974e+00  6.57464298e-11  7.15286346e-14 
 9.30176107e-08  9.30176107e-08  0.00000000e+00  1.19999974e+00  6.57464298e-11  7.15286353e-14 
 9.30276107e-08  9.30276107e-08  0.00000000e+00  1.19999974e+00  6.57464298e-11  7.15286359e-14 
 9.30376107e-08  9.30376107e-08  0.00000000e+00  1.19999974e+00  6.57464298e-11  7.15286366e-14 
 9.30476107e-08  9.30476107e-08  0.00000000e+00  1.19999974e+00  6.57464298e-11  7.15286372e-14 
 9.30576107e-08  9.30576107e-08  0.00000000e+00  1.19999974e+00  6.57464298e-11  7.15286379e-14 
 9.30676107e-08  9.30676107e-08  0.00000000e+00  1.19999974e+00  6.57464298e-11  7.15286386e-14 
 9.30776107e-08  9.30776107e-08  0.00000000e+00  1.19999974e+00  6.57464298e-11  7.15286392e-14 
 9.30876107e-08  9.30876107e-08  0.00000000e+00  1.19999974e+00  6.57464298e-11  7.15286399e-14 
 9.30976107e-08  9.30976107e-08  0.00000000e+00  1.19999974e+00  6.57464298e-11  7.15286405e-14 
 9.31076107e-08  9.31076107e-08  0.00000000e+00  1.19999974e+00  6.57464298e-11  7.15286412e-14 
 9.31176107e-08  9.31176107e-08  0.00000000e+00  1.19999974e+00  6.57464298e-11  7.15286418e-14 
 9.31276107e-08  9.31276107e-08  0.00000000e+00  1.19999974e+00  6.57464298e-11  7.15286425e-14 
 9.31376107e-08  9.31376107e-08  0.00000000e+00  1.19999974e+00  6.57464298e-11  7.15286432e-14 
 9.31476107e-08  9.31476107e-08  0.00000000e+00  1.19999974e+00  6.57464298e-11  7.15286438e-14 
 9.31576107e-08  9.31576107e-08  0.00000000e+00  1.19999974e+00  6.57464298e-11  7.15286445e-14 
 9.31676107e-08  9.31676107e-08  0.00000000e+00  1.19999974e+00  6.57464298e-11  7.15286451e-14 
 9.31776107e-08  9.31776107e-08  0.00000000e+00  1.19999974e+00  6.57464298e-11  7.15286458e-14 
 9.31876107e-08  9.31876107e-08  0.00000000e+00  1.19999974e+00  6.57464298e-11  7.15286464e-14 
 9.31976107e-08  9.31976107e-08  0.00000000e+00  1.19999974e+00  6.57464298e-11  7.15286471e-14 
 9.32076107e-08  9.32076107e-08  0.00000000e+00  1.19999974e+00  6.57464298e-11  7.15286478e-14 
 9.32176107e-08  9.32176107e-08  0.00000000e+00  1.19999974e+00  6.57464298e-11  7.15286484e-14 
 9.32276107e-08  9.32276107e-08  0.00000000e+00  1.19999974e+00  6.57464298e-11  7.15286491e-14 
 9.32376107e-08  9.32376107e-08  0.00000000e+00  1.19999974e+00  6.57464298e-11  7.15286497e-14 
 9.32476107e-08  9.32476107e-08  0.00000000e+00  1.19999974e+00  6.57464298e-11  7.15286504e-14 
 9.32576107e-08  9.32576107e-08  0.00000000e+00  1.19999974e+00  6.57464298e-11  7.15286510e-14 
 9.32676107e-08  9.32676107e-08  0.00000000e+00  1.19999974e+00  6.57464298e-11  7.15286517e-14 
 9.32776107e-08  9.32776107e-08  0.00000000e+00  1.19999974e+00  6.57464298e-11  7.15286524e-14 
 9.32876107e-08  9.32876107e-08  0.00000000e+00  1.19999974e+00  6.57464298e-11  7.15286530e-14 
 9.32976107e-08  9.32976107e-08  0.00000000e+00  1.19999974e+00  6.57464298e-11  7.15286537e-14 
 9.33076107e-08  9.33076107e-08  0.00000000e+00  1.19999974e+00  6.57464298e-11  7.15286543e-14 
 9.33176107e-08  9.33176107e-08  0.00000000e+00  1.19999974e+00  6.57464298e-11  7.15286550e-14 
 9.33276107e-08  9.33276107e-08  0.00000000e+00  1.19999974e+00  6.57464298e-11  7.15286556e-14 
 9.33376107e-08  9.33376107e-08  0.00000000e+00  1.19999974e+00  6.57464298e-11  7.15286563e-14 
 9.33476107e-08  9.33476107e-08  0.00000000e+00  1.19999974e+00  6.57464298e-11  7.15286570e-14 
 9.33576107e-08  9.33576107e-08  0.00000000e+00  1.19999974e+00  6.57464298e-11  7.15286576e-14 
 9.33676107e-08  9.33676107e-08  0.00000000e+00  1.19999974e+00  6.57464298e-11  7.15286583e-14 
 9.33776107e-08  9.33776107e-08  0.00000000e+00  1.19999974e+00  6.57464298e-11  7.15286589e-14 
 9.33876107e-08  9.33876107e-08  0.00000000e+00  1.19999974e+00  6.57464298e-11  7.15286596e-14 
 9.33976107e-08  9.33976107e-08  0.00000000e+00  1.19999974e+00  6.57464298e-11  7.15286602e-14 
 9.34076107e-08  9.34076107e-08  0.00000000e+00  1.19999974e+00  6.57464298e-11  7.15286609e-14 
 9.34176107e-08  9.34176107e-08  0.00000000e+00  1.19999974e+00  6.57464298e-11  7.15286616e-14 
 9.34276107e-08  9.34276107e-08  0.00000000e+00  1.19999974e+00  6.57464298e-11  7.15286622e-14 
 9.34376107e-08  9.34376107e-08  0.00000000e+00  1.19999974e+00  6.57464298e-11  7.15286629e-14 
 9.34476107e-08  9.34476107e-08  0.00000000e+00  1.19999974e+00  6.57464298e-11  7.15286635e-14 
 9.34576107e-08  9.34576107e-08  0.00000000e+00  1.19999974e+00  6.57464298e-11  7.15286642e-14 
 9.34676107e-08  9.34676107e-08  0.00000000e+00  1.19999974e+00  6.57464298e-11  7.15286649e-14 
 9.34776107e-08  9.34776107e-08  0.00000000e+00  1.19999974e+00  6.57464298e-11  7.15286655e-14 
 9.34876107e-08  9.34876107e-08  0.00000000e+00  1.19999974e+00  6.57464298e-11  7.15286662e-14 
 9.34976107e-08  9.34976107e-08  0.00000000e+00  1.19999974e+00  6.57464298e-11  7.15286668e-14 
 9.35076107e-08  9.35076107e-08  0.00000000e+00  1.19999974e+00  6.57464298e-11  7.15286675e-14 
 9.35176107e-08  9.35176107e-08  0.00000000e+00  1.19999974e+00  6.57464298e-11  7.15286681e-14 
 9.35276107e-08  9.35276107e-08  0.00000000e+00  1.19999974e+00  6.57464298e-11  7.15286688e-14 
 9.35376107e-08  9.35376107e-08  0.00000000e+00  1.19999974e+00  6.57464298e-11  7.15286695e-14 
 9.35476107e-08  9.35476107e-08  0.00000000e+00  1.19999974e+00  6.57464298e-11  7.15286701e-14 
 9.35576107e-08  9.35576107e-08  0.00000000e+00  1.19999974e+00  6.57464298e-11  7.15286708e-14 
 9.35676107e-08  9.35676107e-08  0.00000000e+00  1.19999974e+00  6.57464298e-11  7.15286714e-14 
 9.35776107e-08  9.35776107e-08  0.00000000e+00  1.19999974e+00  6.57464298e-11  7.15286721e-14 
 9.35876107e-08  9.35876107e-08  0.00000000e+00  1.19999974e+00  6.57464298e-11  7.15286727e-14 
 9.35976107e-08  9.35976107e-08  0.00000000e+00  1.19999974e+00  6.57464298e-11  7.15286734e-14 
 9.36076107e-08  9.36076107e-08  0.00000000e+00  1.19999974e+00  6.57464298e-11  7.15286741e-14 
 9.36176107e-08  9.36176107e-08  0.00000000e+00  1.19999974e+00  6.57464298e-11  7.15286747e-14 
 9.36276107e-08  9.36276107e-08  0.00000000e+00  1.19999974e+00  6.57464298e-11  7.15286754e-14 
 9.36376107e-08  9.36376107e-08  0.00000000e+00  1.19999974e+00  6.57464298e-11  7.15286760e-14 
 9.36476107e-08  9.36476107e-08  0.00000000e+00  1.19999974e+00  6.57464298e-11  7.15286767e-14 
 9.36576107e-08  9.36576107e-08  0.00000000e+00  1.19999974e+00  6.57464298e-11  7.15286773e-14 
 9.36676107e-08  9.36676107e-08  0.00000000e+00  1.19999974e+00  6.57464298e-11  7.15286780e-14 
 9.36776107e-08  9.36776107e-08  0.00000000e+00  1.19999974e+00  6.57464298e-11  7.15286787e-14 
 9.36876107e-08  9.36876107e-08  0.00000000e+00  1.19999974e+00  6.57464298e-11  7.15286793e-14 
 9.36976107e-08  9.36976107e-08  0.00000000e+00  1.19999974e+00  6.57464298e-11  7.15286800e-14 
 9.37076107e-08  9.37076107e-08  0.00000000e+00  1.19999974e+00  6.57464298e-11  7.15286806e-14 
 9.37176107e-08  9.37176107e-08  0.00000000e+00  1.19999974e+00  6.57464298e-11  7.15286813e-14 
 9.37276107e-08  9.37276107e-08  0.00000000e+00  1.19999974e+00  6.57464298e-11  7.15286819e-14 
 9.37376107e-08  9.37376107e-08  0.00000000e+00  1.19999974e+00  6.57464298e-11  7.15286826e-14 
 9.37476107e-08  9.37476107e-08  0.00000000e+00  1.19999974e+00  6.57464298e-11  7.15286833e-14 
 9.37576107e-08  9.37576107e-08  0.00000000e+00  1.19999974e+00  6.57464298e-11  7.15286839e-14 
 9.37676107e-08  9.37676107e-08  0.00000000e+00  1.19999974e+00  6.57464298e-11  7.15286846e-14 
 9.37776107e-08  9.37776107e-08  0.00000000e+00  1.19999974e+00  6.57464298e-11  7.15286852e-14 
 9.37876107e-08  9.37876107e-08  0.00000000e+00  1.19999974e+00  6.57464298e-11  7.15286859e-14 
 9.37976107e-08  9.37976107e-08  0.00000000e+00  1.19999974e+00  6.57464298e-11  7.15286865e-14 
 9.38076107e-08  9.38076107e-08  0.00000000e+00  1.19999974e+00  6.57464298e-11  7.15286872e-14 
 9.38176107e-08  9.38176107e-08  0.00000000e+00  1.19999974e+00  6.57464298e-11  7.15286879e-14 
 9.38276107e-08  9.38276107e-08  0.00000000e+00  1.19999974e+00  6.57464298e-11  7.15286885e-14 
 9.38376107e-08  9.38376107e-08  0.00000000e+00  1.19999974e+00  6.57464298e-11  7.15286892e-14 
 9.38476107e-08  9.38476107e-08  0.00000000e+00  1.19999974e+00  6.57464298e-11  7.15286898e-14 
 9.38576107e-08  9.38576107e-08  0.00000000e+00  1.19999974e+00  6.57464298e-11  7.15286905e-14 
 9.38676107e-08  9.38676107e-08  0.00000000e+00  1.19999974e+00  6.57464298e-11  7.15286912e-14 
 9.38776107e-08  9.38776107e-08  0.00000000e+00  1.19999974e+00  6.57464298e-11  7.15286918e-14 
 9.38876107e-08  9.38876107e-08  0.00000000e+00  1.19999974e+00  6.57464298e-11  7.15286925e-14 
 9.38976107e-08  9.38976107e-08  0.00000000e+00  1.19999974e+00  6.57464298e-11  7.15286931e-14 
 9.39076107e-08  9.39076107e-08  0.00000000e+00  1.19999974e+00  6.57464298e-11  7.15286938e-14 
 9.39176107e-08  9.39176107e-08  0.00000000e+00  1.19999974e+00  6.57464298e-11  7.15286944e-14 
 9.39276107e-08  9.39276107e-08  0.00000000e+00  1.19999974e+00  6.57464298e-11  7.15286951e-14 
 9.39376107e-08  9.39376107e-08  0.00000000e+00  1.19999974e+00  6.57464298e-11  7.15286958e-14 
 9.39476107e-08  9.39476107e-08  0.00000000e+00  1.19999974e+00  6.57464298e-11  7.15286964e-14 
 9.39576107e-08  9.39576107e-08  0.00000000e+00  1.19999974e+00  6.57464298e-11  7.15286971e-14 
 9.39676107e-08  9.39676107e-08  0.00000000e+00  1.19999974e+00  6.57464298e-11  7.15286977e-14 
 9.39776107e-08  9.39776107e-08  0.00000000e+00  1.19999974e+00  6.57464298e-11  7.15286984e-14 
 9.39876107e-08  9.39876107e-08  0.00000000e+00  1.19999974e+00  6.57464298e-11  7.15286990e-14 
 9.39976107e-08  9.39976107e-08  0.00000000e+00  1.19999974e+00  6.57464298e-11  7.15286997e-14 
 9.40076107e-08  9.40076107e-08  0.00000000e+00  1.19999974e+00  6.57464298e-11  7.15287004e-14 
 9.40176107e-08  9.40176107e-08  0.00000000e+00  1.19999974e+00  6.57464298e-11  7.15287010e-14 
 9.40276107e-08  9.40276107e-08  0.00000000e+00  1.19999974e+00  6.57464298e-11  7.15287017e-14 
 9.40376107e-08  9.40376107e-08  0.00000000e+00  1.19999974e+00  6.57464298e-11  7.15287023e-14 
 9.40476107e-08  9.40476107e-08  0.00000000e+00  1.19999974e+00  6.57464298e-11  7.15287030e-14 
 9.40576107e-08  9.40576107e-08  0.00000000e+00  1.19999974e+00  6.57464298e-11  7.15287036e-14 
 9.40676107e-08  9.40676107e-08  0.00000000e+00  1.19999974e+00  6.57464298e-11  7.15287043e-14 
 9.40776107e-08  9.40776107e-08  0.00000000e+00  1.19999974e+00  6.57464298e-11  7.15287050e-14 
 9.40876107e-08  9.40876107e-08  0.00000000e+00  1.19999974e+00  6.57464298e-11  7.15287056e-14 
 9.40976107e-08  9.40976107e-08  0.00000000e+00  1.19999974e+00  6.57464298e-11  7.15287063e-14 
 9.41076107e-08  9.41076107e-08  0.00000000e+00  1.19999974e+00  6.57464298e-11  7.15287069e-14 
 9.41176107e-08  9.41176107e-08  0.00000000e+00  1.19999974e+00  6.57464298e-11  7.15287076e-14 
 9.41276107e-08  9.41276107e-08  0.00000000e+00  1.19999974e+00  6.57464298e-11  7.15287082e-14 
 9.41376107e-08  9.41376107e-08  0.00000000e+00  1.19999974e+00  6.57464298e-11  7.15287089e-14 
 9.41476107e-08  9.41476107e-08  0.00000000e+00  1.19999974e+00  6.57464298e-11  7.15287096e-14 
 9.41576107e-08  9.41576107e-08  0.00000000e+00  1.19999974e+00  6.57464298e-11  7.15287102e-14 
 9.41676107e-08  9.41676107e-08  0.00000000e+00  1.19999974e+00  6.57464298e-11  7.15287109e-14 
 9.41776107e-08  9.41776107e-08  0.00000000e+00  1.19999974e+00  6.57464298e-11  7.15287115e-14 
 9.41876107e-08  9.41876107e-08  0.00000000e+00  1.19999974e+00  6.57464298e-11  7.15287122e-14 
 9.41976107e-08  9.41976107e-08  0.00000000e+00  1.19999974e+00  6.57464298e-11  7.15287128e-14 
 9.42076107e-08  9.42076107e-08  0.00000000e+00  1.19999974e+00  6.57464298e-11  7.15287135e-14 
 9.42176107e-08  9.42176107e-08  0.00000000e+00  1.19999974e+00  6.57464298e-11  7.15287142e-14 
 9.42276107e-08  9.42276107e-08  0.00000000e+00  1.19999974e+00  6.57464298e-11  7.15287148e-14 
 9.42376107e-08  9.42376107e-08  0.00000000e+00  1.19999974e+00  6.57464298e-11  7.15287155e-14 
 9.42476107e-08  9.42476107e-08  0.00000000e+00  1.19999974e+00  6.57464298e-11  7.15287161e-14 
 9.42576107e-08  9.42576107e-08  0.00000000e+00  1.19999974e+00  6.57464298e-11  7.15287168e-14 
 9.42676107e-08  9.42676107e-08  0.00000000e+00  1.19999974e+00  6.57464298e-11  7.15287174e-14 
 9.42776107e-08  9.42776107e-08  0.00000000e+00  1.19999974e+00  6.57464298e-11  7.15287181e-14 
 9.42876107e-08  9.42876107e-08  0.00000000e+00  1.19999974e+00  6.57464298e-11  7.15287188e-14 
 9.42976107e-08  9.42976107e-08  0.00000000e+00  1.19999974e+00  6.57464298e-11  7.15287194e-14 
 9.43076107e-08  9.43076107e-08  0.00000000e+00  1.19999974e+00  6.57464298e-11  7.15287201e-14 
 9.43176107e-08  9.43176107e-08  0.00000000e+00  1.19999974e+00  6.57464298e-11  7.15287207e-14 
 9.43276107e-08  9.43276107e-08  0.00000000e+00  1.19999974e+00  6.57464298e-11  7.15287214e-14 
 9.43376107e-08  9.43376107e-08  0.00000000e+00  1.19999974e+00  6.57464298e-11  7.15287221e-14 
 9.43476107e-08  9.43476107e-08  0.00000000e+00  1.19999974e+00  6.57464298e-11  7.15287227e-14 
 9.43576107e-08  9.43576107e-08  0.00000000e+00  1.19999974e+00  6.57464298e-11  7.15287234e-14 
 9.43676107e-08  9.43676107e-08  0.00000000e+00  1.19999974e+00  6.57464298e-11  7.15287240e-14 
 9.43776107e-08  9.43776107e-08  0.00000000e+00  1.19999974e+00  6.57464298e-11  7.15287247e-14 
 9.43876107e-08  9.43876107e-08  0.00000000e+00  1.19999974e+00  6.57464298e-11  7.15287253e-14 
 9.43976107e-08  9.43976107e-08  0.00000000e+00  1.19999974e+00  6.57464298e-11  7.15287260e-14 
 9.44076107e-08  9.44076107e-08  0.00000000e+00  1.19999974e+00  6.57464298e-11  7.15287267e-14 
 9.44176107e-08  9.44176107e-08  0.00000000e+00  1.19999974e+00  6.57464298e-11  7.15287273e-14 
 9.44276107e-08  9.44276107e-08  0.00000000e+00  1.19999974e+00  6.57464298e-11  7.15287280e-14 
 9.44376107e-08  9.44376107e-08  0.00000000e+00  1.19999974e+00  6.57464298e-11  7.15287286e-14 
 9.44476107e-08  9.44476107e-08  0.00000000e+00  1.19999974e+00  6.57464298e-11  7.15287293e-14 
 9.44576107e-08  9.44576107e-08  0.00000000e+00  1.19999974e+00  6.57464298e-11  7.15287299e-14 
 9.44676107e-08  9.44676107e-08  0.00000000e+00  1.19999974e+00  6.57464298e-11  7.15287306e-14 
 9.44776107e-08  9.44776107e-08  0.00000000e+00  1.19999974e+00  6.57464298e-11  7.15287313e-14 
 9.44876107e-08  9.44876107e-08  0.00000000e+00  1.19999974e+00  6.57464298e-11  7.15287319e-14 
 9.44976107e-08  9.44976107e-08  0.00000000e+00  1.19999974e+00  6.57464298e-11  7.15287326e-14 
 9.45076107e-08  9.45076107e-08  0.00000000e+00  1.19999974e+00  6.57464298e-11  7.15287332e-14 
 9.45176107e-08  9.45176107e-08  0.00000000e+00  1.19999974e+00  6.57464298e-11  7.15287339e-14 
 9.45276107e-08  9.45276107e-08  0.00000000e+00  1.19999974e+00  6.57464298e-11  7.15287345e-14 
 9.45376107e-08  9.45376107e-08  0.00000000e+00  1.19999974e+00  6.57464298e-11  7.15287352e-14 
 9.45476107e-08  9.45476107e-08  0.00000000e+00  1.19999974e+00  6.57464298e-11  7.15287359e-14 
 9.45576107e-08  9.45576107e-08  0.00000000e+00  1.19999974e+00  6.57464298e-11  7.15287365e-14 
 9.45676107e-08  9.45676107e-08  0.00000000e+00  1.19999974e+00  6.57464298e-11  7.15287372e-14 
 9.45776107e-08  9.45776107e-08  0.00000000e+00  1.19999974e+00  6.57464298e-11  7.15287378e-14 
 9.45876107e-08  9.45876107e-08  0.00000000e+00  1.19999974e+00  6.57464298e-11  7.15287385e-14 
 9.45976107e-08  9.45976107e-08  0.00000000e+00  1.19999974e+00  6.57464298e-11  7.15287391e-14 
 9.46076107e-08  9.46076107e-08  0.00000000e+00  1.19999974e+00  6.57464298e-11  7.15287398e-14 
 9.46176107e-08  9.46176107e-08  0.00000000e+00  1.19999974e+00  6.57464298e-11  7.15287405e-14 
 9.46276107e-08  9.46276107e-08  0.00000000e+00  1.19999974e+00  6.57464298e-11  7.15287411e-14 
 9.46376107e-08  9.46376107e-08  0.00000000e+00  1.19999974e+00  6.57464298e-11  7.15287418e-14 
 9.46476107e-08  9.46476107e-08  0.00000000e+00  1.19999974e+00  6.57464298e-11  7.15287424e-14 
 9.46576107e-08  9.46576107e-08  0.00000000e+00  1.19999974e+00  6.57464298e-11  7.15287431e-14 
 9.46676107e-08  9.46676107e-08  0.00000000e+00  1.19999974e+00  6.57464298e-11  7.15287437e-14 
 9.46776107e-08  9.46776107e-08  0.00000000e+00  1.19999974e+00  6.57464298e-11  7.15287444e-14 
 9.46876107e-08  9.46876107e-08  0.00000000e+00  1.19999974e+00  6.57464298e-11  7.15287451e-14 
 9.46976107e-08  9.46976107e-08  0.00000000e+00  1.19999974e+00  6.57464298e-11  7.15287457e-14 
 9.47076107e-08  9.47076107e-08  0.00000000e+00  1.19999974e+00  6.57464298e-11  7.15287464e-14 
 9.47176107e-08  9.47176107e-08  0.00000000e+00  1.19999974e+00  6.57464298e-11  7.15287470e-14 
 9.47276107e-08  9.47276107e-08  0.00000000e+00  1.19999974e+00  6.57464298e-11  7.15287477e-14 
 9.47376107e-08  9.47376107e-08  0.00000000e+00  1.19999974e+00  6.57464298e-11  7.15287483e-14 
 9.47476107e-08  9.47476107e-08  0.00000000e+00  1.19999974e+00  6.57464298e-11  7.15287490e-14 
 9.47576107e-08  9.47576107e-08  0.00000000e+00  1.19999974e+00  6.57464298e-11  7.15287497e-14 
 9.47676107e-08  9.47676107e-08  0.00000000e+00  1.19999974e+00  6.57464298e-11  7.15287503e-14 
 9.47776107e-08  9.47776107e-08  0.00000000e+00  1.19999974e+00  6.57464298e-11  7.15287510e-14 
 9.47876107e-08  9.47876107e-08  0.00000000e+00  1.19999974e+00  6.57464298e-11  7.15287516e-14 
 9.47976107e-08  9.47976107e-08  0.00000000e+00  1.19999974e+00  6.57464298e-11  7.15287523e-14 
 9.48076107e-08  9.48076107e-08  0.00000000e+00  1.19999974e+00  6.57464298e-11  7.15287530e-14 
 9.48176107e-08  9.48176107e-08  0.00000000e+00  1.19999974e+00  6.57464298e-11  7.15287536e-14 
 9.48276107e-08  9.48276107e-08  0.00000000e+00  1.19999974e+00  6.57464298e-11  7.15287543e-14 
 9.48376107e-08  9.48376107e-08  0.00000000e+00  1.19999974e+00  6.57464298e-11  7.15287549e-14 
 9.48476107e-08  9.48476107e-08  0.00000000e+00  1.19999974e+00  6.57464298e-11  7.15287556e-14 
 9.48576107e-08  9.48576107e-08  0.00000000e+00  1.19999974e+00  6.57464298e-11  7.15287562e-14 
 9.48676107e-08  9.48676107e-08  0.00000000e+00  1.19999974e+00  6.57464298e-11  7.15287569e-14 
 9.48776107e-08  9.48776107e-08  0.00000000e+00  1.19999974e+00  6.57464298e-11  7.15287576e-14 
 9.48876107e-08  9.48876107e-08  0.00000000e+00  1.19999974e+00  6.57464298e-11  7.15287582e-14 
 9.48976107e-08  9.48976107e-08  0.00000000e+00  1.19999974e+00  6.57464298e-11  7.15287589e-14 
 9.49076107e-08  9.49076107e-08  0.00000000e+00  1.19999974e+00  6.57464298e-11  7.15287595e-14 
 9.49176107e-08  9.49176107e-08  0.00000000e+00  1.19999974e+00  6.57464298e-11  7.15287602e-14 
 9.49276107e-08  9.49276107e-08  0.00000000e+00  1.19999974e+00  6.57464298e-11  7.15287608e-14 
 9.49376107e-08  9.49376107e-08  0.00000000e+00  1.19999974e+00  6.57464298e-11  7.15287615e-14 
 9.49476107e-08  9.49476107e-08  0.00000000e+00  1.19999974e+00  6.57464298e-11  7.15287622e-14 
 9.49576107e-08  9.49576107e-08  0.00000000e+00  1.19999974e+00  6.57464298e-11  7.15287628e-14 
 9.49676107e-08  9.49676107e-08  0.00000000e+00  1.19999974e+00  6.57464298e-11  7.15287635e-14 
 9.49776107e-08  9.49776107e-08  0.00000000e+00  1.19999974e+00  6.57464298e-11  7.15287641e-14 
 9.49876107e-08  9.49876107e-08  0.00000000e+00  1.19999974e+00  6.57464298e-11  7.15287648e-14 
 9.49976107e-08  9.49976107e-08  0.00000000e+00  1.19999974e+00  6.57464298e-11  7.15287654e-14 
 9.50076107e-08  9.50076107e-08  0.00000000e+00  1.19999974e+00  6.57464298e-11  7.15287661e-14 
 9.50176107e-08  9.50176107e-08  0.00000000e+00  1.19999974e+00  6.57464298e-11  7.15287668e-14 
 9.50276107e-08  9.50276107e-08  0.00000000e+00  1.19999974e+00  6.57464298e-11  7.15287674e-14 
 9.50376107e-08  9.50376107e-08  0.00000000e+00  1.19999974e+00  6.57464298e-11  7.15287681e-14 
 9.50476107e-08  9.50476107e-08  0.00000000e+00  1.19999974e+00  6.57464298e-11  7.15287687e-14 
 9.50576107e-08  9.50576107e-08  0.00000000e+00  1.19999974e+00  6.57464298e-11  7.15287694e-14 
 9.50676107e-08  9.50676107e-08  0.00000000e+00  1.19999974e+00  6.57464298e-11  7.15287700e-14 
 9.50776107e-08  9.50776107e-08  0.00000000e+00  1.19999974e+00  6.57464298e-11  7.15287707e-14 
 9.50876107e-08  9.50876107e-08  0.00000000e+00  1.19999974e+00  6.57464298e-11  7.15287714e-14 
 9.50976107e-08  9.50976107e-08  0.00000000e+00  1.19999974e+00  6.57464298e-11  7.15287720e-14 
 9.51076107e-08  9.51076107e-08  0.00000000e+00  1.19999974e+00  6.57464298e-11  7.15287727e-14 
 9.51176107e-08  9.51176107e-08  0.00000000e+00  1.19999974e+00  6.57464298e-11  7.15287733e-14 
 9.51276107e-08  9.51276107e-08  0.00000000e+00  1.19999974e+00  6.57464298e-11  7.15287740e-14 
 9.51376107e-08  9.51376107e-08  0.00000000e+00  1.19999974e+00  6.57464298e-11  7.15287746e-14 
 9.51476107e-08  9.51476107e-08  0.00000000e+00  1.19999974e+00  6.57464298e-11  7.15287753e-14 
 9.51576107e-08  9.51576107e-08  0.00000000e+00  1.19999974e+00  6.57464298e-11  7.15287760e-14 
 9.51676107e-08  9.51676107e-08  0.00000000e+00  1.19999974e+00  6.57464298e-11  7.15287766e-14 
 9.51776107e-08  9.51776107e-08  0.00000000e+00  1.19999974e+00  6.57464298e-11  7.15287773e-14 
 9.51876107e-08  9.51876107e-08  0.00000000e+00  1.19999974e+00  6.57464298e-11  7.15287779e-14 
 9.51976107e-08  9.51976107e-08  0.00000000e+00  1.19999974e+00  6.57464298e-11  7.15287786e-14 
 9.52076107e-08  9.52076107e-08  0.00000000e+00  1.19999974e+00  6.57464298e-11  7.15287793e-14 
 9.52176107e-08  9.52176107e-08  0.00000000e+00  1.19999974e+00  6.57464298e-11  7.15287799e-14 
 9.52276107e-08  9.52276107e-08  0.00000000e+00  1.19999974e+00  6.57464298e-11  7.15287806e-14 
 9.52376107e-08  9.52376107e-08  0.00000000e+00  1.19999974e+00  6.57464298e-11  7.15287812e-14 
 9.52476107e-08  9.52476107e-08  0.00000000e+00  1.19999974e+00  6.57464298e-11  7.15287819e-14 
 9.52576107e-08  9.52576107e-08  0.00000000e+00  1.19999974e+00  6.57464298e-11  7.15287825e-14 
 9.52676107e-08  9.52676107e-08  0.00000000e+00  1.19999974e+00  6.57464298e-11  7.15287832e-14 
 9.52776107e-08  9.52776107e-08  0.00000000e+00  1.19999974e+00  6.57464298e-11  7.15287839e-14 
 9.52876107e-08  9.52876107e-08  0.00000000e+00  1.19999974e+00  6.57464298e-11  7.15287845e-14 
 9.52976107e-08  9.52976107e-08  0.00000000e+00  1.19999974e+00  6.57464298e-11  7.15287852e-14 
 9.53076107e-08  9.53076107e-08  0.00000000e+00  1.19999974e+00  6.57464298e-11  7.15287858e-14 
 9.53176107e-08  9.53176107e-08  0.00000000e+00  1.19999974e+00  6.57464298e-11  7.15287865e-14 
 9.53276107e-08  9.53276107e-08  0.00000000e+00  1.19999974e+00  6.57464298e-11  7.15287871e-14 
 9.53376107e-08  9.53376107e-08  0.00000000e+00  1.19999974e+00  6.57464298e-11  7.15287878e-14 
 9.53476107e-08  9.53476107e-08  0.00000000e+00  1.19999974e+00  6.57464298e-11  7.15287885e-14 
 9.53576107e-08  9.53576107e-08  0.00000000e+00  1.19999974e+00  6.57464298e-11  7.15287891e-14 
 9.53676107e-08  9.53676107e-08  0.00000000e+00  1.19999974e+00  6.57464298e-11  7.15287898e-14 
 9.53776107e-08  9.53776107e-08  0.00000000e+00  1.19999974e+00  6.57464298e-11  7.15287904e-14 
 9.53876107e-08  9.53876107e-08  0.00000000e+00  1.19999974e+00  6.57464298e-11  7.15287911e-14 
 9.53976107e-08  9.53976107e-08  0.00000000e+00  1.19999974e+00  6.57464298e-11  7.15287917e-14 
 9.54076107e-08  9.54076107e-08  0.00000000e+00  1.19999974e+00  6.57464298e-11  7.15287924e-14 
 9.54176107e-08  9.54176107e-08  0.00000000e+00  1.19999974e+00  6.57464298e-11  7.15287931e-14 
 9.54276107e-08  9.54276107e-08  0.00000000e+00  1.19999974e+00  6.57464298e-11  7.15287937e-14 
 9.54376107e-08  9.54376107e-08  0.00000000e+00  1.19999974e+00  6.57464298e-11  7.15287944e-14 
 9.54476107e-08  9.54476107e-08  0.00000000e+00  1.19999974e+00  6.57464298e-11  7.15287950e-14 
 9.54576107e-08  9.54576107e-08  0.00000000e+00  1.19999974e+00  6.57464298e-11  7.15287957e-14 
 9.54676107e-08  9.54676107e-08  0.00000000e+00  1.19999974e+00  6.57464298e-11  7.15287963e-14 
 9.54776107e-08  9.54776107e-08  0.00000000e+00  1.19999974e+00  6.57464298e-11  7.15287970e-14 
 9.54876107e-08  9.54876107e-08  0.00000000e+00  1.19999974e+00  6.57464298e-11  7.15287977e-14 
 9.54976107e-08  9.54976107e-08  0.00000000e+00  1.19999974e+00  6.57464298e-11  7.15287983e-14 
 9.55076107e-08  9.55076107e-08  0.00000000e+00  1.19999974e+00  6.57464298e-11  7.15287990e-14 
 9.55176107e-08  9.55176107e-08  0.00000000e+00  1.19999974e+00  6.57464298e-11  7.15287996e-14 
 9.55276107e-08  9.55276107e-08  0.00000000e+00  1.19999974e+00  6.57464298e-11  7.15288003e-14 
 9.55376107e-08  9.55376107e-08  0.00000000e+00  1.19999974e+00  6.57464298e-11  7.15288009e-14 
 9.55476107e-08  9.55476107e-08  0.00000000e+00  1.19999974e+00  6.57464298e-11  7.15288016e-14 
 9.55576107e-08  9.55576107e-08  0.00000000e+00  1.19999974e+00  6.57464298e-11  7.15288023e-14 
 9.55676107e-08  9.55676107e-08  0.00000000e+00  1.19999974e+00  6.57464298e-11  7.15288029e-14 
 9.55776107e-08  9.55776107e-08  0.00000000e+00  1.19999974e+00  6.57464298e-11  7.15288036e-14 
 9.55876107e-08  9.55876107e-08  0.00000000e+00  1.19999974e+00  6.57464298e-11  7.15288042e-14 
 9.55976107e-08  9.55976107e-08  0.00000000e+00  1.19999974e+00  6.57464298e-11  7.15288049e-14 
 9.56076107e-08  9.56076107e-08  0.00000000e+00  1.19999974e+00  6.57464298e-11  7.15288055e-14 
 9.56176107e-08  9.56176107e-08  0.00000000e+00  1.19999974e+00  6.57464298e-11  7.15288062e-14 
 9.56276107e-08  9.56276107e-08  0.00000000e+00  1.19999974e+00  6.57464298e-11  7.15288069e-14 
 9.56376107e-08  9.56376107e-08  0.00000000e+00  1.19999974e+00  6.57464298e-11  7.15288075e-14 
 9.56476107e-08  9.56476107e-08  0.00000000e+00  1.19999974e+00  6.57464298e-11  7.15288082e-14 
 9.56576107e-08  9.56576107e-08  0.00000000e+00  1.19999974e+00  6.57464298e-11  7.15288088e-14 
 9.56676107e-08  9.56676107e-08  0.00000000e+00  1.19999974e+00  6.57464298e-11  7.15288095e-14 
 9.56776107e-08  9.56776107e-08  0.00000000e+00  1.19999974e+00  6.57464298e-11  7.15288102e-14 
 9.56876107e-08  9.56876107e-08  0.00000000e+00  1.19999974e+00  6.57464298e-11  7.15288108e-14 
 9.56976107e-08  9.56976107e-08  0.00000000e+00  1.19999974e+00  6.57464298e-11  7.15288115e-14 
 9.57076107e-08  9.57076107e-08  0.00000000e+00  1.19999974e+00  6.57464298e-11  7.15288121e-14 
 9.57176107e-08  9.57176107e-08  0.00000000e+00  1.19999974e+00  6.57464298e-11  7.15288128e-14 
 9.57276107e-08  9.57276107e-08  0.00000000e+00  1.19999974e+00  6.57464298e-11  7.15288134e-14 
 9.57376107e-08  9.57376107e-08  0.00000000e+00  1.19999974e+00  6.57464298e-11  7.15288141e-14 
 9.57476107e-08  9.57476107e-08  0.00000000e+00  1.19999974e+00  6.57464298e-11  7.15288148e-14 
 9.57576107e-08  9.57576107e-08  0.00000000e+00  1.19999974e+00  6.57464298e-11  7.15288154e-14 
 9.57676107e-08  9.57676107e-08  0.00000000e+00  1.19999974e+00  6.57464298e-11  7.15288161e-14 
 9.57776107e-08  9.57776107e-08  0.00000000e+00  1.19999974e+00  6.57464298e-11  7.15288167e-14 
 9.57876107e-08  9.57876107e-08  0.00000000e+00  1.19999974e+00  6.57464298e-11  7.15288174e-14 
 9.57976107e-08  9.57976107e-08  0.00000000e+00  1.19999974e+00  6.57464298e-11  7.15288180e-14 
 9.58076107e-08  9.58076107e-08  0.00000000e+00  1.19999974e+00  6.57464298e-11  7.15288187e-14 
 9.58176107e-08  9.58176107e-08  0.00000000e+00  1.19999974e+00  6.57464298e-11  7.15288194e-14 
 9.58276107e-08  9.58276107e-08  0.00000000e+00  1.19999974e+00  6.57464298e-11  7.15288200e-14 
 9.58376107e-08  9.58376107e-08  0.00000000e+00  1.19999974e+00  6.57464298e-11  7.15288207e-14 
 9.58476107e-08  9.58476107e-08  0.00000000e+00  1.19999974e+00  6.57464298e-11  7.15288213e-14 
 9.58576107e-08  9.58576107e-08  0.00000000e+00  1.19999974e+00  6.57464298e-11  7.15288220e-14 
 9.58676107e-08  9.58676107e-08  0.00000000e+00  1.19999974e+00  6.57464298e-11  7.15288226e-14 
 9.58776107e-08  9.58776107e-08  0.00000000e+00  1.19999974e+00  6.57464298e-11  7.15288233e-14 
 9.58876107e-08  9.58876107e-08  0.00000000e+00  1.19999974e+00  6.57464298e-11  7.15288240e-14 
 9.58976107e-08  9.58976107e-08  0.00000000e+00  1.19999974e+00  6.57464298e-11  7.15288246e-14 
 9.59076107e-08  9.59076107e-08  0.00000000e+00  1.19999974e+00  6.57464298e-11  7.15288253e-14 
 9.59176107e-08  9.59176107e-08  0.00000000e+00  1.19999974e+00  6.57464298e-11  7.15288259e-14 
 9.59276107e-08  9.59276107e-08  0.00000000e+00  1.19999974e+00  6.57464298e-11  7.15288266e-14 
 9.59376107e-08  9.59376107e-08  0.00000000e+00  1.19999974e+00  6.57464298e-11  7.15288272e-14 
 9.59476107e-08  9.59476107e-08  0.00000000e+00  1.19999974e+00  6.57464298e-11  7.15288279e-14 
 9.59576107e-08  9.59576107e-08  0.00000000e+00  1.19999974e+00  6.57464298e-11  7.15288286e-14 
 9.59676107e-08  9.59676107e-08  0.00000000e+00  1.19999974e+00  6.57464298e-11  7.15288292e-14 
 9.59776107e-08  9.59776107e-08  0.00000000e+00  1.19999974e+00  6.57464298e-11  7.15288299e-14 
 9.59876107e-08  9.59876107e-08  0.00000000e+00  1.19999974e+00  6.57464298e-11  7.15288305e-14 
 9.59976107e-08  9.59976107e-08  0.00000000e+00  1.19999974e+00  6.57464298e-11  7.15288312e-14 
 9.60076107e-08  9.60076107e-08  0.00000000e+00  1.19999974e+00  6.57464298e-11  7.15288318e-14 
 9.60176107e-08  9.60176107e-08  0.00000000e+00  1.19999974e+00  6.57464298e-11  7.15288325e-14 
 9.60276107e-08  9.60276107e-08  0.00000000e+00  1.19999974e+00  6.57464298e-11  7.15288332e-14 
 9.60376107e-08  9.60376107e-08  0.00000000e+00  1.19999974e+00  6.57464298e-11  7.15288338e-14 
 9.60476107e-08  9.60476107e-08  0.00000000e+00  1.19999974e+00  6.57464298e-11  7.15288345e-14 
 9.60576107e-08  9.60576107e-08  0.00000000e+00  1.19999974e+00  6.57464298e-11  7.15288351e-14 
 9.60676107e-08  9.60676107e-08  0.00000000e+00  1.19999974e+00  6.57464298e-11  7.15288358e-14 
 9.60776107e-08  9.60776107e-08  0.00000000e+00  1.19999974e+00  6.57464298e-11  7.15288364e-14 
 9.60876107e-08  9.60876107e-08  0.00000000e+00  1.19999974e+00  6.57464298e-11  7.15288371e-14 
 9.60976107e-08  9.60976107e-08  0.00000000e+00  1.19999974e+00  6.57464298e-11  7.15288378e-14 
 9.61076107e-08  9.61076107e-08  0.00000000e+00  1.19999974e+00  6.57464298e-11  7.15288384e-14 
 9.61176107e-08  9.61176107e-08  0.00000000e+00  1.19999974e+00  6.57464298e-11  7.15288391e-14 
 9.61276107e-08  9.61276107e-08  0.00000000e+00  1.19999974e+00  6.57464298e-11  7.15288397e-14 
 9.61376107e-08  9.61376107e-08  0.00000000e+00  1.19999974e+00  6.57464298e-11  7.15288404e-14 
 9.61476107e-08  9.61476107e-08  0.00000000e+00  1.19999974e+00  6.57464298e-11  7.15288411e-14 
 9.61576107e-08  9.61576107e-08  0.00000000e+00  1.19999974e+00  6.57464298e-11  7.15288417e-14 
 9.61676107e-08  9.61676107e-08  0.00000000e+00  1.19999974e+00  6.57464298e-11  7.15288424e-14 
 9.61776107e-08  9.61776107e-08  0.00000000e+00  1.19999974e+00  6.57464298e-11  7.15288430e-14 
 9.61876107e-08  9.61876107e-08  0.00000000e+00  1.19999974e+00  6.57464298e-11  7.15288437e-14 
 9.61976107e-08  9.61976107e-08  0.00000000e+00  1.19999974e+00  6.57464298e-11  7.15288443e-14 
 9.62076107e-08  9.62076107e-08  0.00000000e+00  1.19999974e+00  6.57464298e-11  7.15288450e-14 
 9.62176107e-08  9.62176107e-08  0.00000000e+00  1.19999974e+00  6.57464298e-11  7.15288457e-14 
 9.62276107e-08  9.62276107e-08  0.00000000e+00  1.19999974e+00  6.57464298e-11  7.15288463e-14 
 9.62376107e-08  9.62376107e-08  0.00000000e+00  1.19999974e+00  6.57464298e-11  7.15288470e-14 
 9.62476107e-08  9.62476107e-08  0.00000000e+00  1.19999974e+00  6.57464298e-11  7.15288476e-14 
 9.62576107e-08  9.62576107e-08  0.00000000e+00  1.19999974e+00  6.57464298e-11  7.15288483e-14 
 9.62676107e-08  9.62676107e-08  0.00000000e+00  1.19999974e+00  6.57464298e-11  7.15288489e-14 
 9.62776107e-08  9.62776107e-08  0.00000000e+00  1.19999974e+00  6.57464298e-11  7.15288496e-14 
 9.62876107e-08  9.62876107e-08  0.00000000e+00  1.19999974e+00  6.57464298e-11  7.15288503e-14 
 9.62976107e-08  9.62976107e-08  0.00000000e+00  1.19999974e+00  6.57464298e-11  7.15288509e-14 
 9.63076107e-08  9.63076107e-08  0.00000000e+00  1.19999974e+00  6.57464298e-11  7.15288516e-14 
 9.63176107e-08  9.63176107e-08  0.00000000e+00  1.19999974e+00  6.57464298e-11  7.15288522e-14 
 9.63276107e-08  9.63276107e-08  0.00000000e+00  1.19999974e+00  6.57464298e-11  7.15288529e-14 
 9.63376107e-08  9.63376107e-08  0.00000000e+00  1.19999974e+00  6.57464298e-11  7.15288535e-14 
 9.63476107e-08  9.63476107e-08  0.00000000e+00  1.19999974e+00  6.57464298e-11  7.15288542e-14 
 9.63576107e-08  9.63576107e-08  0.00000000e+00  1.19999974e+00  6.57464298e-11  7.15288549e-14 
 9.63676107e-08  9.63676107e-08  0.00000000e+00  1.19999974e+00  6.57464298e-11  7.15288555e-14 
 9.63776107e-08  9.63776107e-08  0.00000000e+00  1.19999974e+00  6.57464298e-11  7.15288562e-14 
 9.63876107e-08  9.63876107e-08  0.00000000e+00  1.19999974e+00  6.57464298e-11  7.15288568e-14 
 9.63976107e-08  9.63976107e-08  0.00000000e+00  1.19999974e+00  6.57464298e-11  7.15288575e-14 
 9.64076107e-08  9.64076107e-08  0.00000000e+00  1.19999974e+00  6.57464298e-11  7.15288581e-14 
 9.64176107e-08  9.64176107e-08  0.00000000e+00  1.19999974e+00  6.57464298e-11  7.15288588e-14 
 9.64276107e-08  9.64276107e-08  0.00000000e+00  1.19999974e+00  6.57464298e-11  7.15288595e-14 
 9.64376107e-08  9.64376107e-08  0.00000000e+00  1.19999974e+00  6.57464298e-11  7.15288601e-14 
 9.64476107e-08  9.64476107e-08  0.00000000e+00  1.19999974e+00  6.57464298e-11  7.15288608e-14 
 9.64576107e-08  9.64576107e-08  0.00000000e+00  1.19999974e+00  6.57464298e-11  7.15288614e-14 
 9.64676107e-08  9.64676107e-08  0.00000000e+00  1.19999974e+00  6.57464298e-11  7.15288621e-14 
 9.64776107e-08  9.64776107e-08  0.00000000e+00  1.19999974e+00  6.57464298e-11  7.15288627e-14 
 9.64876107e-08  9.64876107e-08  0.00000000e+00  1.19999974e+00  6.57464298e-11  7.15288634e-14 
 9.64976107e-08  9.64976107e-08  0.00000000e+00  1.19999974e+00  6.57464298e-11  7.15288641e-14 
 9.65076107e-08  9.65076107e-08  0.00000000e+00  1.19999974e+00  6.57464298e-11  7.15288647e-14 
 9.65176107e-08  9.65176107e-08  0.00000000e+00  1.19999974e+00  6.57464298e-11  7.15288654e-14 
 9.65276107e-08  9.65276107e-08  0.00000000e+00  1.19999974e+00  6.57464298e-11  7.15288660e-14 
 9.65376107e-08  9.65376107e-08  0.00000000e+00  1.19999974e+00  6.57464298e-11  7.15288667e-14 
 9.65476107e-08  9.65476107e-08  0.00000000e+00  1.19999974e+00  6.57464298e-11  7.15288674e-14 
 9.65576107e-08  9.65576107e-08  0.00000000e+00  1.19999974e+00  6.57464298e-11  7.15288680e-14 
 9.65676107e-08  9.65676107e-08  0.00000000e+00  1.19999974e+00  6.57464298e-11  7.15288687e-14 
 9.65776107e-08  9.65776107e-08  0.00000000e+00  1.19999974e+00  6.57464298e-11  7.15288693e-14 
 9.65876107e-08  9.65876107e-08  0.00000000e+00  1.19999974e+00  6.57464298e-11  7.15288700e-14 
 9.65976107e-08  9.65976107e-08  0.00000000e+00  1.19999974e+00  6.57464298e-11  7.15288706e-14 
 9.66076107e-08  9.66076107e-08  0.00000000e+00  1.19999974e+00  6.57464298e-11  7.15288713e-14 
 9.66176107e-08  9.66176107e-08  0.00000000e+00  1.19999974e+00  6.57464298e-11  7.15288720e-14 
 9.66276107e-08  9.66276107e-08  0.00000000e+00  1.19999974e+00  6.57464298e-11  7.15288726e-14 
 9.66376107e-08  9.66376107e-08  0.00000000e+00  1.19999974e+00  6.57464298e-11  7.15288733e-14 
 9.66476107e-08  9.66476107e-08  0.00000000e+00  1.19999974e+00  6.57464298e-11  7.15288739e-14 
 9.66576107e-08  9.66576107e-08  0.00000000e+00  1.19999974e+00  6.57464298e-11  7.15288746e-14 
 9.66676107e-08  9.66676107e-08  0.00000000e+00  1.19999974e+00  6.57464298e-11  7.15288752e-14 
 9.66776107e-08  9.66776107e-08  0.00000000e+00  1.19999974e+00  6.57464298e-11  7.15288759e-14 
 9.66876107e-08  9.66876107e-08  0.00000000e+00  1.19999974e+00  6.57464298e-11  7.15288766e-14 
 9.66976107e-08  9.66976107e-08  0.00000000e+00  1.19999974e+00  6.57464298e-11  7.15288772e-14 
 9.67076107e-08  9.67076107e-08  0.00000000e+00  1.19999974e+00  6.57464298e-11  7.15288779e-14 
 9.67176107e-08  9.67176107e-08  0.00000000e+00  1.19999974e+00  6.57464298e-11  7.15288785e-14 
 9.67276107e-08  9.67276107e-08  0.00000000e+00  1.19999974e+00  6.57464298e-11  7.15288792e-14 
 9.67376107e-08  9.67376107e-08  0.00000000e+00  1.19999974e+00  6.57464298e-11  7.15288798e-14 
 9.67476107e-08  9.67476107e-08  0.00000000e+00  1.19999974e+00  6.57464298e-11  7.15288805e-14 
 9.67576107e-08  9.67576107e-08  0.00000000e+00  1.19999974e+00  6.57464298e-11  7.15288812e-14 
 9.67676107e-08  9.67676107e-08  0.00000000e+00  1.19999974e+00  6.57464298e-11  7.15288818e-14 
 9.67776107e-08  9.67776107e-08  0.00000000e+00  1.19999974e+00  6.57464298e-11  7.15288825e-14 
 9.67876107e-08  9.67876107e-08  0.00000000e+00  1.19999974e+00  6.57464298e-11  7.15288831e-14 
 9.67976107e-08  9.67976107e-08  0.00000000e+00  1.19999974e+00  6.57464298e-11  7.15288838e-14 
 9.68076107e-08  9.68076107e-08  0.00000000e+00  1.19999974e+00  6.57464298e-11  7.15288844e-14 
 9.68176107e-08  9.68176107e-08  0.00000000e+00  1.19999974e+00  6.57464298e-11  7.15288851e-14 
 9.68276107e-08  9.68276107e-08  0.00000000e+00  1.19999974e+00  6.57464298e-11  7.15288858e-14 
 9.68376107e-08  9.68376107e-08  0.00000000e+00  1.19999974e+00  6.57464298e-11  7.15288864e-14 
 9.68476107e-08  9.68476107e-08  0.00000000e+00  1.19999974e+00  6.57464298e-11  7.15288871e-14 
 9.68576107e-08  9.68576107e-08  0.00000000e+00  1.19999974e+00  6.57464298e-11  7.15288877e-14 
 9.68676107e-08  9.68676107e-08  0.00000000e+00  1.19999974e+00  6.57464298e-11  7.15288884e-14 
 9.68776107e-08  9.68776107e-08  0.00000000e+00  1.19999974e+00  6.57464298e-11  7.15288890e-14 
 9.68876107e-08  9.68876107e-08  0.00000000e+00  1.19999974e+00  6.57464298e-11  7.15288897e-14 
 9.68976107e-08  9.68976107e-08  0.00000000e+00  1.19999974e+00  6.57464298e-11  7.15288904e-14 
 9.69076107e-08  9.69076107e-08  0.00000000e+00  1.19999974e+00  6.57464298e-11  7.15288910e-14 
 9.69176107e-08  9.69176107e-08  0.00000000e+00  1.19999974e+00  6.57464298e-11  7.15288917e-14 
 9.69276107e-08  9.69276107e-08  0.00000000e+00  1.19999974e+00  6.57464298e-11  7.15288923e-14 
 9.69376107e-08  9.69376107e-08  0.00000000e+00  1.19999974e+00  6.57464298e-11  7.15288930e-14 
 9.69476107e-08  9.69476107e-08  0.00000000e+00  1.19999974e+00  6.57464298e-11  7.15288936e-14 
 9.69576107e-08  9.69576107e-08  0.00000000e+00  1.19999974e+00  6.57464298e-11  7.15288943e-14 
 9.69676107e-08  9.69676107e-08  0.00000000e+00  1.19999974e+00  6.57464298e-11  7.15288950e-14 
 9.69776107e-08  9.69776107e-08  0.00000000e+00  1.19999974e+00  6.57464298e-11  7.15288956e-14 
 9.69876107e-08  9.69876107e-08  0.00000000e+00  1.19999974e+00  6.57464298e-11  7.15288963e-14 
 9.69976107e-08  9.69976107e-08  0.00000000e+00  1.19999974e+00  6.57464298e-11  7.15288969e-14 
 9.70076107e-08  9.70076107e-08  0.00000000e+00  1.19999974e+00  6.57464298e-11  7.15288976e-14 
 9.70176107e-08  9.70176107e-08  0.00000000e+00  1.19999974e+00  6.57464298e-11  7.15288983e-14 
 9.70276107e-08  9.70276107e-08  0.00000000e+00  1.19999974e+00  6.57464298e-11  7.15288989e-14 
 9.70376107e-08  9.70376107e-08  0.00000000e+00  1.19999974e+00  6.57464298e-11  7.15288996e-14 
 9.70476107e-08  9.70476107e-08  0.00000000e+00  1.19999974e+00  6.57464298e-11  7.15289002e-14 
 9.70576107e-08  9.70576107e-08  0.00000000e+00  1.19999974e+00  6.57464298e-11  7.15289009e-14 
 9.70676107e-08  9.70676107e-08  0.00000000e+00  1.19999974e+00  6.57464298e-11  7.15289015e-14 
 9.70776107e-08  9.70776107e-08  0.00000000e+00  1.19999974e+00  6.57464298e-11  7.15289022e-14 
 9.70876107e-08  9.70876107e-08  0.00000000e+00  1.19999974e+00  6.57464298e-11  7.15289029e-14 
 9.70976107e-08  9.70976107e-08  0.00000000e+00  1.19999974e+00  6.57464298e-11  7.15289035e-14 
 9.71076107e-08  9.71076107e-08  0.00000000e+00  1.19999974e+00  6.57464298e-11  7.15289042e-14 
 9.71176107e-08  9.71176107e-08  0.00000000e+00  1.19999974e+00  6.57464298e-11  7.15289048e-14 
 9.71276107e-08  9.71276107e-08  0.00000000e+00  1.19999974e+00  6.57464298e-11  7.15289055e-14 
 9.71376107e-08  9.71376107e-08  0.00000000e+00  1.19999974e+00  6.57464298e-11  7.15289061e-14 
 9.71476107e-08  9.71476107e-08  0.00000000e+00  1.19999974e+00  6.57464298e-11  7.15289068e-14 
 9.71576107e-08  9.71576107e-08  0.00000000e+00  1.19999974e+00  6.57464298e-11  7.15289075e-14 
 9.71676107e-08  9.71676107e-08  0.00000000e+00  1.19999974e+00  6.57464298e-11  7.15289081e-14 
 9.71776107e-08  9.71776107e-08  0.00000000e+00  1.19999974e+00  6.57464298e-11  7.15289088e-14 
 9.71876107e-08  9.71876107e-08  0.00000000e+00  1.19999974e+00  6.57464298e-11  7.15289094e-14 
 9.71976107e-08  9.71976107e-08  0.00000000e+00  1.19999974e+00  6.57464298e-11  7.15289101e-14 
 9.72076107e-08  9.72076107e-08  0.00000000e+00  1.19999974e+00  6.57464298e-11  7.15289107e-14 
 9.72176107e-08  9.72176107e-08  0.00000000e+00  1.19999974e+00  6.57464298e-11  7.15289114e-14 
 9.72276107e-08  9.72276107e-08  0.00000000e+00  1.19999974e+00  6.57464298e-11  7.15289121e-14 
 9.72376107e-08  9.72376107e-08  0.00000000e+00  1.19999974e+00  6.57464298e-11  7.15289127e-14 
 9.72476107e-08  9.72476107e-08  0.00000000e+00  1.19999974e+00  6.57464298e-11  7.15289134e-14 
 9.72576107e-08  9.72576107e-08  0.00000000e+00  1.19999974e+00  6.57464298e-11  7.15289140e-14 
 9.72676107e-08  9.72676107e-08  0.00000000e+00  1.19999974e+00  6.57464298e-11  7.15289147e-14 
 9.72776107e-08  9.72776107e-08  0.00000000e+00  1.19999974e+00  6.57464298e-11  7.15289153e-14 
 9.72876107e-08  9.72876107e-08  0.00000000e+00  1.19999974e+00  6.57464298e-11  7.15289160e-14 
 9.72976107e-08  9.72976107e-08  0.00000000e+00  1.19999974e+00  6.57464298e-11  7.15289167e-14 
 9.73076107e-08  9.73076107e-08  0.00000000e+00  1.19999974e+00  6.57464298e-11  7.15289173e-14 
 9.73176107e-08  9.73176107e-08  0.00000000e+00  1.19999974e+00  6.57464298e-11  7.15289180e-14 
 9.73276107e-08  9.73276107e-08  0.00000000e+00  1.19999974e+00  6.57464298e-11  7.15289186e-14 
 9.73376107e-08  9.73376107e-08  0.00000000e+00  1.19999974e+00  6.57464298e-11  7.15289193e-14 
 9.73476107e-08  9.73476107e-08  0.00000000e+00  1.19999974e+00  6.57464298e-11  7.15289199e-14 
 9.73576107e-08  9.73576107e-08  0.00000000e+00  1.19999974e+00  6.57464298e-11  7.15289206e-14 
 9.73676107e-08  9.73676107e-08  0.00000000e+00  1.19999974e+00  6.57464298e-11  7.15289213e-14 
 9.73776107e-08  9.73776107e-08  0.00000000e+00  1.19999974e+00  6.57464298e-11  7.15289219e-14 
 9.73876107e-08  9.73876107e-08  0.00000000e+00  1.19999974e+00  6.57464298e-11  7.15289226e-14 
 9.73976107e-08  9.73976107e-08  0.00000000e+00  1.19999974e+00  6.57464298e-11  7.15289232e-14 
 9.74076107e-08  9.74076107e-08  0.00000000e+00  1.19999974e+00  6.57464298e-11  7.15289239e-14 
 9.74176107e-08  9.74176107e-08  0.00000000e+00  1.19999974e+00  6.57464298e-11  7.15289246e-14 
 9.74276107e-08  9.74276107e-08  0.00000000e+00  1.19999974e+00  6.57464298e-11  7.15289252e-14 
 9.74376107e-08  9.74376107e-08  0.00000000e+00  1.19999974e+00  6.57464298e-11  7.15289259e-14 
 9.74476107e-08  9.74476107e-08  0.00000000e+00  1.19999974e+00  6.57464298e-11  7.15289265e-14 
 9.74576107e-08  9.74576107e-08  0.00000000e+00  1.19999974e+00  6.57464298e-11  7.15289272e-14 
 9.74676107e-08  9.74676107e-08  0.00000000e+00  1.19999974e+00  6.57464298e-11  7.15289278e-14 
 9.74776107e-08  9.74776107e-08  0.00000000e+00  1.19999974e+00  6.57464298e-11  7.15289285e-14 
 9.74876107e-08  9.74876107e-08  0.00000000e+00  1.19999974e+00  6.57464298e-11  7.15289292e-14 
 9.74976107e-08  9.74976107e-08  0.00000000e+00  1.19999974e+00  6.57464298e-11  7.15289298e-14 
 9.75076107e-08  9.75076107e-08  0.00000000e+00  1.19999974e+00  6.57464298e-11  7.15289305e-14 
 9.75176107e-08  9.75176107e-08  0.00000000e+00  1.19999974e+00  6.57464298e-11  7.15289311e-14 
 9.75276107e-08  9.75276107e-08  0.00000000e+00  1.19999974e+00  6.57464298e-11  7.15289318e-14 
 9.75376107e-08  9.75376107e-08  0.00000000e+00  1.19999974e+00  6.57464298e-11  7.15289324e-14 
 9.75476107e-08  9.75476107e-08  0.00000000e+00  1.19999974e+00  6.57464298e-11  7.15289331e-14 
 9.75576107e-08  9.75576107e-08  0.00000000e+00  1.19999974e+00  6.57464298e-11  7.15289338e-14 
 9.75676107e-08  9.75676107e-08  0.00000000e+00  1.19999974e+00  6.57464298e-11  7.15289344e-14 
 9.75776107e-08  9.75776107e-08  0.00000000e+00  1.19999974e+00  6.57464298e-11  7.15289351e-14 
 9.75876107e-08  9.75876107e-08  0.00000000e+00  1.19999974e+00  6.57464298e-11  7.15289357e-14 
 9.75976107e-08  9.75976107e-08  0.00000000e+00  1.19999974e+00  6.57464298e-11  7.15289364e-14 
 9.76076107e-08  9.76076107e-08  0.00000000e+00  1.19999974e+00  6.57464298e-11  7.15289370e-14 
 9.76176107e-08  9.76176107e-08  0.00000000e+00  1.19999974e+00  6.57464298e-11  7.15289377e-14 
 9.76276107e-08  9.76276107e-08  0.00000000e+00  1.19999974e+00  6.57464298e-11  7.15289384e-14 
 9.76376107e-08  9.76376107e-08  0.00000000e+00  1.19999974e+00  6.57464298e-11  7.15289390e-14 
 9.76476107e-08  9.76476107e-08  0.00000000e+00  1.19999974e+00  6.57464298e-11  7.15289397e-14 
 9.76576107e-08  9.76576107e-08  0.00000000e+00  1.19999974e+00  6.57464298e-11  7.15289403e-14 
 9.76676107e-08  9.76676107e-08  0.00000000e+00  1.19999974e+00  6.57464298e-11  7.15289410e-14 
 9.76776107e-08  9.76776107e-08  0.00000000e+00  1.19999974e+00  6.57464298e-11  7.15289416e-14 
 9.76876107e-08  9.76876107e-08  0.00000000e+00  1.19999974e+00  6.57464298e-11  7.15289423e-14 
 9.76976107e-08  9.76976107e-08  0.00000000e+00  1.19999974e+00  6.57464298e-11  7.15289430e-14 
 9.77076107e-08  9.77076107e-08  0.00000000e+00  1.19999974e+00  6.57464298e-11  7.15289436e-14 
 9.77176107e-08  9.77176107e-08  0.00000000e+00  1.19999974e+00  6.57464298e-11  7.15289443e-14 
 9.77276107e-08  9.77276107e-08  0.00000000e+00  1.19999974e+00  6.57464298e-11  7.15289449e-14 
 9.77376107e-08  9.77376107e-08  0.00000000e+00  1.19999974e+00  6.57464298e-11  7.15289456e-14 
 9.77476107e-08  9.77476107e-08  0.00000000e+00  1.19999974e+00  6.57464298e-11  7.15289462e-14 
 9.77576107e-08  9.77576107e-08  0.00000000e+00  1.19999974e+00  6.57464298e-11  7.15289469e-14 
 9.77676107e-08  9.77676107e-08  0.00000000e+00  1.19999974e+00  6.57464298e-11  7.15289476e-14 
 9.77776107e-08  9.77776107e-08  0.00000000e+00  1.19999974e+00  6.57464298e-11  7.15289482e-14 
 9.77876107e-08  9.77876107e-08  0.00000000e+00  1.19999974e+00  6.57464298e-11  7.15289489e-14 
 9.77976107e-08  9.77976107e-08  0.00000000e+00  1.19999974e+00  6.57464298e-11  7.15289495e-14 
 9.78076107e-08  9.78076107e-08  0.00000000e+00  1.19999974e+00  6.57464298e-11  7.15289502e-14 
 9.78176107e-08  9.78176107e-08  0.00000000e+00  1.19999974e+00  6.57464298e-11  7.15289508e-14 
 9.78276107e-08  9.78276107e-08  0.00000000e+00  1.19999974e+00  6.57464298e-11  7.15289515e-14 
 9.78376107e-08  9.78376107e-08  0.00000000e+00  1.19999974e+00  6.57464298e-11  7.15289522e-14 
 9.78476107e-08  9.78476107e-08  0.00000000e+00  1.19999974e+00  6.57464298e-11  7.15289528e-14 
 9.78576107e-08  9.78576107e-08  0.00000000e+00  1.19999974e+00  6.57464298e-11  7.15289535e-14 
 9.78676107e-08  9.78676107e-08  0.00000000e+00  1.19999974e+00  6.57464298e-11  7.15289541e-14 
 9.78776107e-08  9.78776107e-08  0.00000000e+00  1.19999974e+00  6.57464298e-11  7.15289548e-14 
 9.78876107e-08  9.78876107e-08  0.00000000e+00  1.19999974e+00  6.57464298e-11  7.15289555e-14 
 9.78976107e-08  9.78976107e-08  0.00000000e+00  1.19999974e+00  6.57464298e-11  7.15289561e-14 
 9.79076107e-08  9.79076107e-08  0.00000000e+00  1.19999974e+00  6.57464298e-11  7.15289568e-14 
 9.79176107e-08  9.79176107e-08  0.00000000e+00  1.19999974e+00  6.57464298e-11  7.15289574e-14 
 9.79276107e-08  9.79276107e-08  0.00000000e+00  1.19999974e+00  6.57464298e-11  7.15289581e-14 
 9.79376107e-08  9.79376107e-08  0.00000000e+00  1.19999974e+00  6.57464298e-11  7.15289587e-14 
 9.79476107e-08  9.79476107e-08  0.00000000e+00  1.19999974e+00  6.57464298e-11  7.15289594e-14 
 9.79576107e-08  9.79576107e-08  0.00000000e+00  1.19999974e+00  6.57464298e-11  7.15289601e-14 
 9.79676107e-08  9.79676107e-08  0.00000000e+00  1.19999974e+00  6.57464298e-11  7.15289607e-14 
 9.79776107e-08  9.79776107e-08  0.00000000e+00  1.19999974e+00  6.57464298e-11  7.15289614e-14 
 9.79876107e-08  9.79876107e-08  0.00000000e+00  1.19999974e+00  6.57464298e-11  7.15289620e-14 
 9.79976107e-08  9.79976107e-08  0.00000000e+00  1.19999974e+00  6.57464298e-11  7.15289627e-14 
 9.80076107e-08  9.80076107e-08  0.00000000e+00  1.19999974e+00  6.57464298e-11  7.15289633e-14 
 9.80176107e-08  9.80176107e-08  0.00000000e+00  1.19999974e+00  6.57464298e-11  7.15289640e-14 
 9.80276107e-08  9.80276107e-08  0.00000000e+00  1.19999974e+00  6.57464298e-11  7.15289647e-14 
 9.80376107e-08  9.80376107e-08  0.00000000e+00  1.19999974e+00  6.57464298e-11  7.15289653e-14 
 9.80476107e-08  9.80476107e-08  0.00000000e+00  1.19999974e+00  6.57464298e-11  7.15289660e-14 
 9.80576107e-08  9.80576107e-08  0.00000000e+00  1.19999974e+00  6.57464298e-11  7.15289666e-14 
 9.80676107e-08  9.80676107e-08  0.00000000e+00  1.19999974e+00  6.57464298e-11  7.15289673e-14 
 9.80776107e-08  9.80776107e-08  0.00000000e+00  1.19999974e+00  6.57464298e-11  7.15289679e-14 
 9.80876107e-08  9.80876107e-08  0.00000000e+00  1.19999974e+00  6.57464298e-11  7.15289686e-14 
 9.80976107e-08  9.80976107e-08  0.00000000e+00  1.19999974e+00  6.57464298e-11  7.15289693e-14 
 9.81076107e-08  9.81076107e-08  0.00000000e+00  1.19999974e+00  6.57464298e-11  7.15289699e-14 
 9.81176107e-08  9.81176107e-08  0.00000000e+00  1.19999974e+00  6.57464298e-11  7.15289706e-14 
 9.81276107e-08  9.81276107e-08  0.00000000e+00  1.19999974e+00  6.57464298e-11  7.15289712e-14 
 9.81376107e-08  9.81376107e-08  0.00000000e+00  1.19999974e+00  6.57464298e-11  7.15289719e-14 
 9.81476107e-08  9.81476107e-08  0.00000000e+00  1.19999974e+00  6.57464298e-11  7.15289725e-14 
 9.81576107e-08  9.81576107e-08  0.00000000e+00  1.19999974e+00  6.57464298e-11  7.15289732e-14 
 9.81676107e-08  9.81676107e-08  0.00000000e+00  1.19999974e+00  6.57464298e-11  7.15289739e-14 
 9.81776107e-08  9.81776107e-08  0.00000000e+00  1.19999974e+00  6.57464298e-11  7.15289745e-14 
 9.81876107e-08  9.81876107e-08  0.00000000e+00  1.19999974e+00  6.57464298e-11  7.15289752e-14 
 9.81976107e-08  9.81976107e-08  0.00000000e+00  1.19999974e+00  6.57464298e-11  7.15289758e-14 
 9.82076107e-08  9.82076107e-08  0.00000000e+00  1.19999974e+00  6.57464298e-11  7.15289765e-14 
 9.82176107e-08  9.82176107e-08  0.00000000e+00  1.19999974e+00  6.57464298e-11  7.15289771e-14 
 9.82276107e-08  9.82276107e-08  0.00000000e+00  1.19999974e+00  6.57464298e-11  7.15289778e-14 
 9.82376107e-08  9.82376107e-08  0.00000000e+00  1.19999974e+00  6.57464298e-11  7.15289785e-14 
 9.82476107e-08  9.82476107e-08  0.00000000e+00  1.19999974e+00  6.57464298e-11  7.15289791e-14 
 9.82576107e-08  9.82576107e-08  0.00000000e+00  1.19999974e+00  6.57464298e-11  7.15289798e-14 
 9.82676107e-08  9.82676107e-08  0.00000000e+00  1.19999974e+00  6.57464298e-11  7.15289804e-14 
 9.82776107e-08  9.82776107e-08  0.00000000e+00  1.19999974e+00  6.57464298e-11  7.15289811e-14 
 9.82876107e-08  9.82876107e-08  0.00000000e+00  1.19999974e+00  6.57464298e-11  7.15289817e-14 
 9.82976107e-08  9.82976107e-08  0.00000000e+00  1.19999974e+00  6.57464298e-11  7.15289824e-14 
 9.83076107e-08  9.83076107e-08  0.00000000e+00  1.19999974e+00  6.57464298e-11  7.15289831e-14 
 9.83176107e-08  9.83176107e-08  0.00000000e+00  1.19999974e+00  6.57464298e-11  7.15289837e-14 
 9.83276107e-08  9.83276107e-08  0.00000000e+00  1.19999974e+00  6.57464298e-11  7.15289844e-14 
 9.83376107e-08  9.83376107e-08  0.00000000e+00  1.19999974e+00  6.57464298e-11  7.15289850e-14 
 9.83476107e-08  9.83476107e-08  0.00000000e+00  1.19999974e+00  6.57464298e-11  7.15289857e-14 
 9.83576107e-08  9.83576107e-08  0.00000000e+00  1.19999974e+00  6.57464298e-11  7.15289864e-14 
 9.83676107e-08  9.83676107e-08  0.00000000e+00  1.19999974e+00  6.57464298e-11  7.15289870e-14 
 9.83776107e-08  9.83776107e-08  0.00000000e+00  1.19999974e+00  6.57464298e-11  7.15289877e-14 
 9.83876107e-08  9.83876107e-08  0.00000000e+00  1.19999974e+00  6.57464298e-11  7.15289883e-14 
 9.83976107e-08  9.83976107e-08  0.00000000e+00  1.19999974e+00  6.57464298e-11  7.15289890e-14 
 9.84076107e-08  9.84076107e-08  0.00000000e+00  1.19999974e+00  6.57464298e-11  7.15289896e-14 
 9.84176107e-08  9.84176107e-08  0.00000000e+00  1.19999974e+00  6.57464298e-11  7.15289903e-14 
 9.84276107e-08  9.84276107e-08  0.00000000e+00  1.19999974e+00  6.57464298e-11  7.15289910e-14 
 9.84376107e-08  9.84376107e-08  0.00000000e+00  1.19999974e+00  6.57464298e-11  7.15289916e-14 
 9.84476107e-08  9.84476107e-08  0.00000000e+00  1.19999974e+00  6.57464298e-11  7.15289923e-14 
 9.84576107e-08  9.84576107e-08  0.00000000e+00  1.19999974e+00  6.57464298e-11  7.15289929e-14 
 9.84676107e-08  9.84676107e-08  0.00000000e+00  1.19999974e+00  6.57464298e-11  7.15289936e-14 
 9.84776107e-08  9.84776107e-08  0.00000000e+00  1.19999974e+00  6.57464298e-11  7.15289942e-14 
 9.84876107e-08  9.84876107e-08  0.00000000e+00  1.19999974e+00  6.57464298e-11  7.15289949e-14 
 9.84976107e-08  9.84976107e-08  0.00000000e+00  1.19999974e+00  6.57464298e-11  7.15289956e-14 
 9.85076107e-08  9.85076107e-08  0.00000000e+00  1.19999974e+00  6.57464298e-11  7.15289962e-14 
 9.85176107e-08  9.85176107e-08  0.00000000e+00  1.19999974e+00  6.57464298e-11  7.15289969e-14 
 9.85276107e-08  9.85276107e-08  0.00000000e+00  1.19999974e+00  6.57464298e-11  7.15289975e-14 
 9.85376107e-08  9.85376107e-08  0.00000000e+00  1.19999974e+00  6.57464298e-11  7.15289982e-14 
 9.85476107e-08  9.85476107e-08  0.00000000e+00  1.19999974e+00  6.57464298e-11  7.15289988e-14 
 9.85576107e-08  9.85576107e-08  0.00000000e+00  1.19999974e+00  6.57464298e-11  7.15289995e-14 
 9.85676107e-08  9.85676107e-08  0.00000000e+00  1.19999974e+00  6.57464298e-11  7.15290002e-14 
 9.85776107e-08  9.85776107e-08  0.00000000e+00  1.19999974e+00  6.57464298e-11  7.15290008e-14 
 9.85876107e-08  9.85876107e-08  0.00000000e+00  1.19999974e+00  6.57464298e-11  7.15290015e-14 
 9.85976107e-08  9.85976107e-08  0.00000000e+00  1.19999974e+00  6.57464298e-11  7.15290021e-14 
 9.86076107e-08  9.86076107e-08  0.00000000e+00  1.19999974e+00  6.57464298e-11  7.15290028e-14 
 9.86176107e-08  9.86176107e-08  0.00000000e+00  1.19999974e+00  6.57464298e-11  7.15290034e-14 
 9.86276107e-08  9.86276107e-08  0.00000000e+00  1.19999974e+00  6.57464298e-11  7.15290041e-14 
 9.86376107e-08  9.86376107e-08  0.00000000e+00  1.19999974e+00  6.57464298e-11  7.15290048e-14 
 9.86476107e-08  9.86476107e-08  0.00000000e+00  1.19999974e+00  6.57464298e-11  7.15290054e-14 
 9.86576107e-08  9.86576107e-08  0.00000000e+00  1.19999974e+00  6.57464298e-11  7.15290061e-14 
 9.86676107e-08  9.86676107e-08  0.00000000e+00  1.19999974e+00  6.57464298e-11  7.15290067e-14 
 9.86776107e-08  9.86776107e-08  0.00000000e+00  1.19999974e+00  6.57464298e-11  7.15290074e-14 
 9.86876107e-08  9.86876107e-08  0.00000000e+00  1.19999974e+00  6.57464298e-11  7.15290080e-14 
 9.86976107e-08  9.86976107e-08  0.00000000e+00  1.19999974e+00  6.57464298e-11  7.15290087e-14 
 9.87076107e-08  9.87076107e-08  0.00000000e+00  1.19999974e+00  6.57464298e-11  7.15290094e-14 
 9.87176107e-08  9.87176107e-08  0.00000000e+00  1.19999974e+00  6.57464298e-11  7.15290100e-14 
 9.87276107e-08  9.87276107e-08  0.00000000e+00  1.19999974e+00  6.57464298e-11  7.15290107e-14 
 9.87376107e-08  9.87376107e-08  0.00000000e+00  1.19999974e+00  6.57464298e-11  7.15290113e-14 
 9.87476107e-08  9.87476107e-08  0.00000000e+00  1.19999974e+00  6.57464298e-11  7.15290120e-14 
 9.87576107e-08  9.87576107e-08  0.00000000e+00  1.19999974e+00  6.57464298e-11  7.15290127e-14 
 9.87676107e-08  9.87676107e-08  0.00000000e+00  1.19999974e+00  6.57464298e-11  7.15290133e-14 
 9.87776107e-08  9.87776107e-08  0.00000000e+00  1.19999974e+00  6.57464298e-11  7.15290140e-14 
 9.87876107e-08  9.87876107e-08  0.00000000e+00  1.19999974e+00  6.57464298e-11  7.15290146e-14 
 9.87976107e-08  9.87976107e-08  0.00000000e+00  1.19999974e+00  6.57464298e-11  7.15290153e-14 
 9.88076107e-08  9.88076107e-08  0.00000000e+00  1.19999974e+00  6.57464298e-11  7.15290159e-14 
 9.88176107e-08  9.88176107e-08  0.00000000e+00  1.19999974e+00  6.57464298e-11  7.15290166e-14 
 9.88276107e-08  9.88276107e-08  0.00000000e+00  1.19999974e+00  6.57464298e-11  7.15290173e-14 
 9.88376107e-08  9.88376107e-08  0.00000000e+00  1.19999974e+00  6.57464298e-11  7.15290179e-14 
 9.88476107e-08  9.88476107e-08  0.00000000e+00  1.19999974e+00  6.57464298e-11  7.15290186e-14 
 9.88576107e-08  9.88576107e-08  0.00000000e+00  1.19999974e+00  6.57464298e-11  7.15290192e-14 
 9.88676107e-08  9.88676107e-08  0.00000000e+00  1.19999974e+00  6.57464298e-11  7.15290199e-14 
 9.88776107e-08  9.88776107e-08  0.00000000e+00  1.19999974e+00  6.57464298e-11  7.15290205e-14 
 9.88876107e-08  9.88876107e-08  0.00000000e+00  1.19999974e+00  6.57464298e-11  7.15290212e-14 
 9.88976107e-08  9.88976107e-08  0.00000000e+00  1.19999974e+00  6.57464298e-11  7.15290219e-14 
 9.89076107e-08  9.89076107e-08  0.00000000e+00  1.19999974e+00  6.57464298e-11  7.15290225e-14 
 9.89176107e-08  9.89176107e-08  0.00000000e+00  1.19999974e+00  6.57464298e-11  7.15290232e-14 
 9.89276107e-08  9.89276107e-08  0.00000000e+00  1.19999974e+00  6.57464298e-11  7.15290238e-14 
 9.89376107e-08  9.89376107e-08  0.00000000e+00  1.19999974e+00  6.57464298e-11  7.15290245e-14 
 9.89476107e-08  9.89476107e-08  0.00000000e+00  1.19999974e+00  6.57464298e-11  7.15290251e-14 
 9.89576107e-08  9.89576107e-08  0.00000000e+00  1.19999974e+00  6.57464298e-11  7.15290258e-14 
 9.89676107e-08  9.89676107e-08  0.00000000e+00  1.19999974e+00  6.57464298e-11  7.15290265e-14 
 9.89776107e-08  9.89776107e-08  0.00000000e+00  1.19999974e+00  6.57464298e-11  7.15290271e-14 
 9.89876107e-08  9.89876107e-08  0.00000000e+00  1.19999974e+00  6.57464298e-11  7.15290278e-14 
 9.89976107e-08  9.89976107e-08  0.00000000e+00  1.19999974e+00  6.57464298e-11  7.15290284e-14 
 9.90076107e-08  9.90076107e-08  0.00000000e+00  1.19999974e+00  6.57464298e-11  7.15290291e-14 
 9.90176107e-08  9.90176107e-08  0.00000000e+00  1.19999974e+00  6.57464298e-11  7.15290297e-14 
 9.90276107e-08  9.90276107e-08  0.00000000e+00  1.19999974e+00  6.57464298e-11  7.15290304e-14 
 9.90376107e-08  9.90376107e-08  0.00000000e+00  1.19999974e+00  6.57464298e-11  7.15290311e-14 
 9.90476107e-08  9.90476107e-08  0.00000000e+00  1.19999974e+00  6.57464298e-11  7.15290317e-14 
 9.90576107e-08  9.90576107e-08  0.00000000e+00  1.19999974e+00  6.57464298e-11  7.15290324e-14 
 9.90676107e-08  9.90676107e-08  0.00000000e+00  1.19999974e+00  6.57464298e-11  7.15290330e-14 
 9.90776107e-08  9.90776107e-08  0.00000000e+00  1.19999974e+00  6.57464298e-11  7.15290337e-14 
 9.90876107e-08  9.90876107e-08  0.00000000e+00  1.19999974e+00  6.57464298e-11  7.15290343e-14 
 9.90976107e-08  9.90976107e-08  0.00000000e+00  1.19999974e+00  6.57464298e-11  7.15290350e-14 
 9.91076107e-08  9.91076107e-08  0.00000000e+00  1.19999974e+00  6.57464298e-11  7.15290357e-14 
 9.91176107e-08  9.91176107e-08  0.00000000e+00  1.19999974e+00  6.57464298e-11  7.15290363e-14 
 9.91276107e-08  9.91276107e-08  0.00000000e+00  1.19999974e+00  6.57464298e-11  7.15290370e-14 
 9.91376107e-08  9.91376107e-08  0.00000000e+00  1.19999974e+00  6.57464298e-11  7.15290376e-14 
 9.91476107e-08  9.91476107e-08  0.00000000e+00  1.19999974e+00  6.57464298e-11  7.15290383e-14 
 9.91576107e-08  9.91576107e-08  0.00000000e+00  1.19999974e+00  6.57464298e-11  7.15290389e-14 
 9.91676107e-08  9.91676107e-08  0.00000000e+00  1.19999974e+00  6.57464298e-11  7.15290396e-14 
 9.91776107e-08  9.91776107e-08  0.00000000e+00  1.19999974e+00  6.57464298e-11  7.15290403e-14 
 9.91876107e-08  9.91876107e-08  0.00000000e+00  1.19999974e+00  6.57464298e-11  7.15290409e-14 
 9.91976107e-08  9.91976107e-08  0.00000000e+00  1.19999974e+00  6.57464298e-11  7.15290416e-14 
 9.92076107e-08  9.92076107e-08  0.00000000e+00  1.19999974e+00  6.57464298e-11  7.15290422e-14 
 9.92176107e-08  9.92176107e-08  0.00000000e+00  1.19999974e+00  6.57464298e-11  7.15290429e-14 
 9.92276107e-08  9.92276107e-08  0.00000000e+00  1.19999974e+00  6.57464298e-11  7.15290436e-14 
 9.92376107e-08  9.92376107e-08  0.00000000e+00  1.19999974e+00  6.57464298e-11  7.15290442e-14 
 9.92476107e-08  9.92476107e-08  0.00000000e+00  1.19999974e+00  6.57464298e-11  7.15290449e-14 
 9.92576107e-08  9.92576107e-08  0.00000000e+00  1.19999974e+00  6.57464298e-11  7.15290455e-14 
 9.92676107e-08  9.92676107e-08  0.00000000e+00  1.19999974e+00  6.57464298e-11  7.15290462e-14 
 9.92776107e-08  9.92776107e-08  0.00000000e+00  1.19999974e+00  6.57464298e-11  7.15290468e-14 
 9.92876107e-08  9.92876107e-08  0.00000000e+00  1.19999974e+00  6.57464298e-11  7.15290475e-14 
 9.92976107e-08  9.92976107e-08  0.00000000e+00  1.19999974e+00  6.57464298e-11  7.15290482e-14 
 9.93076107e-08  9.93076107e-08  0.00000000e+00  1.19999974e+00  6.57464298e-11  7.15290488e-14 
 9.93176107e-08  9.93176107e-08  0.00000000e+00  1.19999974e+00  6.57464298e-11  7.15290495e-14 
 9.93276107e-08  9.93276107e-08  0.00000000e+00  1.19999974e+00  6.57464298e-11  7.15290501e-14 
 9.93376107e-08  9.93376107e-08  0.00000000e+00  1.19999974e+00  6.57464298e-11  7.15290508e-14 
 9.93476107e-08  9.93476107e-08  0.00000000e+00  1.19999974e+00  6.57464298e-11  7.15290514e-14 
 9.93576107e-08  9.93576107e-08  0.00000000e+00  1.19999974e+00  6.57464298e-11  7.15290521e-14 
 9.93676107e-08  9.93676107e-08  0.00000000e+00  1.19999974e+00  6.57464298e-11  7.15290528e-14 
 9.93776107e-08  9.93776107e-08  0.00000000e+00  1.19999974e+00  6.57464298e-11  7.15290534e-14 
 9.93876107e-08  9.93876107e-08  0.00000000e+00  1.19999974e+00  6.57464298e-11  7.15290541e-14 
 9.93976107e-08  9.93976107e-08  0.00000000e+00  1.19999974e+00  6.57464298e-11  7.15290547e-14 
 9.94076107e-08  9.94076107e-08  0.00000000e+00  1.19999974e+00  6.57464298e-11  7.15290554e-14 
 9.94176107e-08  9.94176107e-08  0.00000000e+00  1.19999974e+00  6.57464298e-11  7.15290560e-14 
 9.94276107e-08  9.94276107e-08  0.00000000e+00  1.19999974e+00  6.57464298e-11  7.15290567e-14 
 9.94376107e-08  9.94376107e-08  0.00000000e+00  1.19999974e+00  6.57464298e-11  7.15290574e-14 
 9.94476107e-08  9.94476107e-08  0.00000000e+00  1.19999974e+00  6.57464298e-11  7.15290580e-14 
 9.94576107e-08  9.94576107e-08  0.00000000e+00  1.19999974e+00  6.57464298e-11  7.15290587e-14 
 9.94676107e-08  9.94676107e-08  0.00000000e+00  1.19999974e+00  6.57464298e-11  7.15290593e-14 
 9.94776107e-08  9.94776107e-08  0.00000000e+00  1.19999974e+00  6.57464298e-11  7.15290600e-14 
 9.94876107e-08  9.94876107e-08  0.00000000e+00  1.19999974e+00  6.57464298e-11  7.15290606e-14 
 9.94976107e-08  9.94976107e-08  0.00000000e+00  1.19999974e+00  6.57464298e-11  7.15290613e-14 
 9.95076107e-08  9.95076107e-08  0.00000000e+00  1.19999974e+00  6.57464298e-11  7.15290620e-14 
 9.95176107e-08  9.95176107e-08  0.00000000e+00  1.19999974e+00  6.57464298e-11  7.15290626e-14 
 9.95276107e-08  9.95276107e-08  0.00000000e+00  1.19999974e+00  6.57464298e-11  7.15290633e-14 
 9.95376107e-08  9.95376107e-08  0.00000000e+00  1.19999974e+00  6.57464298e-11  7.15290639e-14 
 9.95476107e-08  9.95476107e-08  0.00000000e+00  1.19999974e+00  6.57464298e-11  7.15290646e-14 
 9.95576107e-08  9.95576107e-08  0.00000000e+00  1.19999974e+00  6.57464298e-11  7.15290652e-14 
 9.95676107e-08  9.95676107e-08  0.00000000e+00  1.19999974e+00  6.57464298e-11  7.15290659e-14 
 9.95776107e-08  9.95776107e-08  0.00000000e+00  1.19999974e+00  6.57464298e-11  7.15290666e-14 
 9.95876107e-08  9.95876107e-08  0.00000000e+00  1.19999974e+00  6.57464298e-11  7.15290672e-14 
 9.95976107e-08  9.95976107e-08  0.00000000e+00  1.19999974e+00  6.57464298e-11  7.15290679e-14 
 9.96076107e-08  9.96076107e-08  0.00000000e+00  1.19999974e+00  6.57464298e-11  7.15290685e-14 
 9.96176107e-08  9.96176107e-08  0.00000000e+00  1.19999974e+00  6.57464298e-11  7.15290692e-14 
 9.96276107e-08  9.96276107e-08  0.00000000e+00  1.19999974e+00  6.57464298e-11  7.15290698e-14 
 9.96376107e-08  9.96376107e-08  0.00000000e+00  1.19999974e+00  6.57464298e-11  7.15290705e-14 
 9.96476107e-08  9.96476107e-08  0.00000000e+00  1.19999974e+00  6.57464298e-11  7.15290712e-14 
 9.96576107e-08  9.96576107e-08  0.00000000e+00  1.19999974e+00  6.57464298e-11  7.15290718e-14 
 9.96676107e-08  9.96676107e-08  0.00000000e+00  1.19999974e+00  6.57464298e-11  7.15290725e-14 
 9.96776107e-08  9.96776107e-08  0.00000000e+00  1.19999974e+00  6.57464298e-11  7.15290731e-14 
 9.96876107e-08  9.96876107e-08  0.00000000e+00  1.19999974e+00  6.57464298e-11  7.15290738e-14 
 9.96976107e-08  9.96976107e-08  0.00000000e+00  1.19999974e+00  6.57464298e-11  7.15290745e-14 
 9.97076107e-08  9.97076107e-08  0.00000000e+00  1.19999974e+00  6.57464298e-11  7.15290751e-14 
 9.97176107e-08  9.97176107e-08  0.00000000e+00  1.19999974e+00  6.57464298e-11  7.15290758e-14 
 9.97276107e-08  9.97276107e-08  0.00000000e+00  1.19999974e+00  6.57464298e-11  7.15290764e-14 
 9.97376107e-08  9.97376107e-08  0.00000000e+00  1.19999974e+00  6.57464298e-11  7.15290771e-14 
 9.97476107e-08  9.97476107e-08  0.00000000e+00  1.19999974e+00  6.57464298e-11  7.15290777e-14 
 9.97576107e-08  9.97576107e-08  0.00000000e+00  1.19999974e+00  6.57464298e-11  7.15290784e-14 
 9.97676107e-08  9.97676107e-08  0.00000000e+00  1.19999974e+00  6.57464298e-11  7.15290791e-14 
 9.97776107e-08  9.97776107e-08  0.00000000e+00  1.19999974e+00  6.57464298e-11  7.15290797e-14 
 9.97876107e-08  9.97876107e-08  0.00000000e+00  1.19999974e+00  6.57464298e-11  7.15290804e-14 
 9.97976107e-08  9.97976107e-08  0.00000000e+00  1.19999974e+00  6.57464298e-11  7.15290810e-14 
 9.98076107e-08  9.98076107e-08  0.00000000e+00  1.19999974e+00  6.57464298e-11  7.15290817e-14 
 9.98176107e-08  9.98176107e-08  0.00000000e+00  1.19999974e+00  6.57464298e-11  7.15290823e-14 
 9.98276107e-08  9.98276107e-08  0.00000000e+00  1.19999974e+00  6.57464298e-11  7.15290830e-14 
 9.98376107e-08  9.98376107e-08  0.00000000e+00  1.19999974e+00  6.57464298e-11  7.15290837e-14 
 9.98476107e-08  9.98476107e-08  0.00000000e+00  1.19999974e+00  6.57464298e-11  7.15290843e-14 
 9.98576107e-08  9.98576107e-08  0.00000000e+00  1.19999974e+00  6.57464298e-11  7.15290850e-14 
 9.98676107e-08  9.98676107e-08  0.00000000e+00  1.19999974e+00  6.57464298e-11  7.15290856e-14 
 9.98776107e-08  9.98776107e-08  0.00000000e+00  1.19999974e+00  6.57464298e-11  7.15290863e-14 
 9.98876107e-08  9.98876107e-08  0.00000000e+00  1.19999974e+00  6.57464298e-11  7.15290869e-14 
 9.98976107e-08  9.98976107e-08  0.00000000e+00  1.19999974e+00  6.57464298e-11  7.15290876e-14 
 9.99076107e-08  9.99076107e-08  0.00000000e+00  1.19999974e+00  6.57464298e-11  7.15290883e-14 
 9.99176107e-08  9.99176107e-08  0.00000000e+00  1.19999974e+00  6.57464298e-11  7.15290889e-14 
 9.99276107e-08  9.99276107e-08  0.00000000e+00  1.19999974e+00  6.57464298e-11  7.15290896e-14 
 9.99376107e-08  9.99376107e-08  0.00000000e+00  1.19999974e+00  6.57464298e-11  7.15290902e-14 
 9.99476107e-08  9.99476107e-08  0.00000000e+00  1.19999974e+00  6.57464298e-11  7.15290909e-14 
 9.99576107e-08  9.99576107e-08  0.00000000e+00  1.19999974e+00  6.57464298e-11  7.15290915e-14 
 9.99676107e-08  9.99676107e-08  0.00000000e+00  1.19999974e+00  6.57464298e-11  7.15290922e-14 
 9.99776107e-08  9.99776107e-08  0.00000000e+00  1.19999974e+00  6.57464298e-11  7.15290929e-14 
 9.99876107e-08  9.99876107e-08  0.00000000e+00  1.19999974e+00  6.57464298e-11  7.15290935e-14 
 9.99938053e-08  9.99938053e-08  0.00000000e+00  1.19999974e+00  6.57464299e-11  7.15290939e-14 
 1.00000000e-07  1.00000000e-07  0.00000000e+00  1.19999974e+00  6.57464300e-11  7.15290943e-14 
