v-sweep v(drain_iv) v(gate_iv) id is ib ig kcl
 0.0000000000e+00  0.0000000000e+00  0.0000000000e+00  0.0000000000e+00  0.0000000000e+00  0.0000000000e+00  0.0000000000e+00  0.0000000000e+00
 1.0000000000e+00  1.0000000000e-02  0.0000000000e+00  -2.0007264248e-14  1.0007264249e-14  9.9999999996e-15  0.0000000000e+00  0.0000000000e+00
 2.0000000000e+00  2.0000000000e-02  0.0000000000e+00  -4.0013447061e-14  2.0013447062e-14  1.9999999999e-14  0.0000000000e+00  3.1554436209e-30
 3.0000000000e+00  3.0000000000e-02  0.0000000000e+00  -6.0018585045e-14  3.0018585046e-14  2.9999999999e-14  0.0000000000e+00  6.3108872418e-30
 4.0000000000e+00  4.0000000000e-02  0.0000000000e+00  -8.0022732257e-14  4.0022732259e-14  3.9999999999e-14  0.0000000000e+00  1.2621774484e-29
 5.0000000000e+00  5.0000000000e-02  0.0000000000e+00  -1.0002596717e-13  5.0025967174e-14  4.9999999998e-14  0.0000000000e+00  3.7865323451e-29
 6.0000000000e+00  6.0000000000e-02  0.0000000000e+00  -1.2002839786e-13  6.0028397861e-14  5.9999999998e-14  0.0000000000e+00  0.0000000000e+00
 7.0000000000e+00  7.0000000000e-02  0.0000000000e+00  -1.4003015966e-13  7.0030159665e-14  6.9999999997e-14  0.0000000000e+00  3.7865323451e-29
 8.0000000000e+00  8.0000000000e-02  0.0000000000e+00  -1.6003140129e-13  8.0031401298e-14  7.9999999997e-14  0.0000000000e+00  2.5243548967e-29
 9.0000000000e+00  9.0000000000e-02  0.0000000000e+00  -1.8003226375e-13  9.0032263750e-14  8.9999999997e-14  0.0000000000e+00  2.5243548967e-29
 1.0000000000e+01  1.0000000000e-01  0.0000000000e+00  -2.0003286331e-13  1.0003286331e-13  9.9999999996e-14  0.0000000000e+00  1.2621774484e-29
 1.1000000000e+01  1.1000000000e-01  0.0000000000e+00  -2.2003328583e-13  1.1003328583e-13  1.1000000000e-13  0.0000000000e+00  1.1359597035e-28
 1.2000000000e+01  1.2000000000e-01  0.0000000000e+00  -2.4003359016e-13  1.2003359017e-13  1.2000000000e-13  0.0000000000e+00  2.5243548967e-29
 1.3000000000e+01  1.3000000000e-01  0.0000000000e+00  -2.6003381507e-13  1.3003381508e-13  1.3000000000e-13  0.0000000000e+00  2.5243548967e-29
 1.4000000000e+01  1.4000000000e-01  0.0000000000e+00  -2.8003398576e-13  1.4003398577e-13  1.3999999999e-13  0.0000000000e+00  0.0000000000e+00
 1.5000000000e+01  1.5000000000e-01  0.0000000000e+00  -3.0003411866e-13  1.5003411866e-13  1.4999999999e-13  0.0000000000e+00  1.0097419587e-28
 1.6000000000e+01  1.6000000000e-01  0.0000000000e+00  -3.2003422461e-13  1.6003422461e-13  1.5999999999e-13  0.0000000000e+00  2.5243548967e-29
 1.7000000000e+01  1.7000000000e-01  0.0000000000e+00  -3.4003431092e-13  1.7003431092e-13  1.6999999999e-13  0.0000000000e+00  0.0000000000e+00
 1.8000000000e+01  1.8000000000e-01  0.0000000000e+00  -3.6003438260e-13  1.8003438261e-13  1.7999999999e-13  0.0000000000e+00  2.5243548967e-29
 1.9000000000e+01  1.9000000000e-01  0.0000000000e+00  -3.8003444317e-13  1.9003444317e-13  1.8999999999e-13  0.0000000000e+00  2.5243548967e-29
 2.0000000000e+01  2.0000000000e-01  0.0000000000e+00  -4.0003449513e-13  2.0003449514e-13  1.9999999999e-13  0.0000000000e+00  1.2621774484e-28
 2.1000000000e+01  2.1000000000e-01  0.0000000000e+00  -4.2003454034e-13  2.1003454034e-13  2.0999999999e-13  0.0000000000e+00  7.5730646901e-29
 2.2000000000e+01  2.2000000000e-01  0.0000000000e+00  -4.4003458013e-13  2.2003458014e-13  2.1999999999e-13  0.0000000000e+00  2.5243548967e-29
 2.3000000000e+01  2.3000000000e-01  0.0000000000e+00  -4.6003461555e-13  2.3003461556e-13  2.2999999999e-13  0.0000000000e+00  0.0000000000e+00
 2.4000000000e+01  2.4000000000e-01  0.0000000000e+00  -4.8003464738e-13  2.4003464739e-13  2.3999999999e-13  0.0000000000e+00  5.0487097934e-29
 2.5000000000e+01  2.5000000000e-01  0.0000000000e+00  -5.0003467623e-13  2.5003467623e-13  2.4999999999e-13  0.0000000000e+00  5.0487097934e-29
 2.6000000000e+01  2.6000000000e-01  0.0000000000e+00  -5.2003470257e-13  2.6003470258e-13  2.5999999999e-13  0.0000000000e+00  1.0097419587e-28
 2.7000000000e+01  2.7000000000e-01  0.0000000000e+00  -5.4003472681e-13  2.7003472682e-13  2.6999999999e-13  0.0000000000e+00  5.0487097934e-29
 2.8000000000e+01  2.8000000000e-01  0.0000000000e+00  -5.6003474924e-13  2.8003474925e-13  2.7999999999e-13  0.0000000000e+00  5.0487097934e-29
 2.9000000000e+01  2.9000000000e-01  0.0000000000e+00  -5.8003477012e-13  2.9003477013e-13  2.8999999999e-13  0.0000000000e+00  0.0000000000e+00
 3.0000000000e+01  3.0000000000e-01  0.0000000000e+00  -6.0003478965e-13  3.0003478966e-13  2.9999999999e-13  0.0000000000e+00  1.0097419587e-28
 3.1000000000e+01  3.1000000000e-01  0.0000000000e+00  -6.2003480800e-13  3.1003480801e-13  3.0999999999e-13  0.0000000000e+00  1.5146129380e-28
 3.2000000000e+01  3.2000000000e-01  0.0000000000e+00  -6.4003482532e-13  3.2003482533e-13  3.1999999999e-13  0.0000000000e+00  1.0097419587e-28
 3.3000000000e+01  3.3000000000e-01  0.0000000000e+00  -6.6003484173e-13  3.3003484174e-13  3.2999999999e-13  0.0000000000e+00  1.0097419587e-28
 3.4000000000e+01  3.4000000000e-01  0.0000000000e+00  -6.8003485733e-13  3.4003485734e-13  3.3999999999e-13  0.0000000000e+00  5.0487097934e-29
 3.5000000000e+01  3.5000000000e-01  0.0000000000e+00  -7.0003487220e-13  3.5003487222e-13  3.4999999999e-13  0.0000000000e+00  1.5146129380e-28
 3.6000000000e+01  3.6000000000e-01  0.0000000000e+00  -7.2003488643e-13  3.6003488644e-13  3.5999999999e-13  0.0000000000e+00  1.5146129380e-28
 3.7000000000e+01  3.7000000000e-01  0.0000000000e+00  -7.4003490007e-13  3.7003490009e-13  3.6999999999e-13  0.0000000000e+00  5.0487097934e-29
 3.8000000000e+01  3.8000000000e-01  0.0000000000e+00  -7.6003491319e-13  3.8003491320e-13  3.7999999999e-13  0.0000000000e+00  1.0097419587e-28
 3.9000000000e+01  3.9000000000e-01  0.0000000000e+00  -7.8003492582e-13  3.9003492583e-13  3.8999999999e-13  0.0000000000e+00  0.0000000000e+00
 4.0000000000e+01  4.0000000000e-01  0.0000000000e+00  -8.0003493802e-13  4.0003493803e-13  3.9999999999e-13  0.0000000000e+00  1.0097419587e-28
 4.1000000000e+01  4.1000000000e-01  0.0000000000e+00  -8.2003494982e-13  4.1003494983e-13  4.0999999998e-13  0.0000000000e+00  1.5146129380e-28
 4.2000000000e+01  4.2000000000e-01  0.0000000000e+00  -8.4003496125e-13  4.2003496126e-13  4.1999999998e-13  0.0000000000e+00  5.0487097934e-29
 4.3000000000e+01  4.3000000000e-01  0.0000000000e+00  -8.6003497234e-13  4.3003497236e-13  4.2999999998e-13  0.0000000000e+00  0.0000000000e+00
 4.4000000000e+01  4.4000000000e-01  0.0000000000e+00  -8.8003498313e-13  4.4003498315e-13  4.3999999998e-13  0.0000000000e+00  5.0487097934e-29
 4.5000000000e+01  4.5000000000e-01  0.0000000000e+00  -9.0003499363e-13  4.5003499365e-13  4.4999999998e-13  0.0000000000e+00  1.5146129380e-28
 4.6000000000e+01  4.6000000000e-01  0.0000000000e+00  -9.2003500386e-13  4.6003500388e-13  4.5999999998e-13  0.0000000000e+00  2.0194839174e-28
 4.7000000000e+01  4.7000000000e-01  0.0000000000e+00  -9.4003501385e-13  4.7003501387e-13  4.6999999998e-13  0.0000000000e+00  0.0000000000e+00
 4.8000000000e+01  4.8000000000e-01  0.0000000000e+00  -9.6003502361e-13  4.8003502362e-13  4.7999999998e-13  0.0000000000e+00  0.0000000000e+00
 4.9000000000e+01  4.9000000000e-01  0.0000000000e+00  -9.8003503315e-13  4.9003503317e-13  4.8999999998e-13  0.0000000000e+00  1.0097419587e-28
 5.0000000000e+01  5.0000000000e-01  0.0000000000e+00  -1.0000350425e-12  5.0003504251e-13  4.9999999998e-13  0.0000000000e+00  3.0292258760e-28
 5.1000000000e+01  5.1000000000e-01  0.0000000000e+00  -1.0200350516e-12  5.1003505166e-13  5.0999999998e-13  0.0000000000e+00  4.0389678347e-28
 5.2000000000e+01  5.2000000000e-01  0.0000000000e+00  -1.0400350606e-12  5.2003506064e-13  5.1999999998e-13  0.0000000000e+00  3.0292258760e-28
 5.3000000000e+01  5.3000000000e-01  0.0000000000e+00  -1.0600350694e-12  5.3003506945e-13  5.2999999998e-13  0.0000000000e+00  3.0292258760e-28
 5.4000000000e+01  5.4000000000e-01  0.0000000000e+00  -1.0800350781e-12  5.4003507811e-13  5.3999999998e-13  0.0000000000e+00  3.0292258760e-28
 5.5000000000e+01  5.5000000000e-01  0.0000000000e+00  -1.1000350866e-12  5.5003508662e-13  5.4999999998e-13  0.0000000000e+00  1.0097419587e-28
 5.6000000000e+01  5.6000000000e-01  0.0000000000e+00  -1.1200350950e-12  5.6003509499e-13  5.5999999998e-13  0.0000000000e+00  3.0292258760e-28
 5.7000000000e+01  5.7000000000e-01  0.0000000000e+00  -1.1400351032e-12  5.7003510323e-13  5.6999999998e-13  0.0000000000e+00  1.0097419587e-28
 5.8000000000e+01  5.8000000000e-01  0.0000000000e+00  -1.1600351113e-12  5.8003511135e-13  5.7999999998e-13  0.0000000000e+00  2.0194839174e-28
 5.9000000000e+01  5.9000000000e-01  0.0000000000e+00  -1.1800351193e-12  5.9003511935e-13  5.8999999998e-13  0.0000000000e+00  4.0389678347e-28
 6.0000000000e+01  6.0000000000e-01  0.0000000000e+00  -1.2000351272e-12  6.0003512724e-13  5.9999999998e-13  0.0000000000e+00  2.0194839174e-28
 6.1000000000e+01  6.1000000000e-01  0.0000000000e+00  -1.2200351350e-12  6.1003513502e-13  6.0999999998e-13  0.0000000000e+00  1.0097419587e-28
 6.2000000000e+01  6.2000000000e-01  0.0000000000e+00  -1.2400351427e-12  6.2003514270e-13  6.1999999998e-13  0.0000000000e+00  3.0292258760e-28
 6.3000000000e+01  6.3000000000e-01  0.0000000000e+00  -1.2600351503e-12  6.3003515028e-13  6.2999999998e-13  0.0000000000e+00  4.0389678347e-28
 6.4000000000e+01  6.4000000000e-01  0.0000000000e+00  -1.2800351578e-12  6.4003515777e-13  6.3999999998e-13  0.0000000000e+00  0.0000000000e+00
 6.5000000000e+01  6.5000000000e-01  0.0000000000e+00  -1.3000351652e-12  6.5003516518e-13  6.4999999998e-13  0.0000000000e+00  4.0389678347e-28
 6.6000000000e+01  6.6000000000e-01  0.0000000000e+00  -1.3200351725e-12  6.6003517250e-13  6.5999999998e-13  0.0000000000e+00  2.0194839174e-28
 6.7000000000e+01  6.7000000000e-01  0.0000000000e+00  -1.3400351797e-12  6.7003517974e-13  6.6999999997e-13  0.0000000000e+00  6.0584517521e-28
 6.8000000000e+01  6.8000000000e-01  0.0000000000e+00  -1.3600351869e-12  6.8003518691e-13  6.7999999997e-13  0.0000000000e+00  2.0194839174e-28
 6.9000000000e+01  6.9000000000e-01  0.0000000000e+00  -1.3800351940e-12  6.9003519400e-13  6.8999999997e-13  0.0000000000e+00  5.0487097934e-28
 7.0000000000e+01  7.0000000000e-01  0.0000000000e+00  -1.4000352010e-12  7.0003520102e-13  6.9999999997e-13  0.0000000000e+00  4.0389678347e-28
 7.1000000000e+01  7.1000000000e-01  0.0000000000e+00  -1.4200352080e-12  7.1003520798e-13  7.0999999997e-13  0.0000000000e+00  3.0292258760e-28
 7.2000000000e+01  7.2000000000e-01  0.0000000000e+00  -1.4400352148e-12  7.2003521487e-13  7.1999999997e-13  0.0000000000e+00  0.0000000000e+00
 7.3000000000e+01  7.3000000000e-01  0.0000000000e+00  -1.4600352217e-12  7.3003522169e-13  7.2999999997e-13  0.0000000000e+00  1.0097419587e-28
 7.4000000000e+01  7.4000000000e-01  0.0000000000e+00  -1.4800352284e-12  7.4003522846e-13  7.3999999997e-13  0.0000000000e+00  2.0194839174e-28
 7.5000000000e+01  7.5000000000e-01  0.0000000000e+00  -1.5000352351e-12  7.5003523517e-13  7.4999999997e-13  0.0000000000e+00  1.0097419587e-28
 7.6000000000e+01  7.6000000000e-01  0.0000000000e+00  -1.5200352418e-12  7.6003524183e-13  7.5999999997e-13  0.0000000000e+00  3.0292258760e-28
 7.7000000000e+01  7.7000000000e-01  0.0000000000e+00  -1.5400352484e-12  7.7003524843e-13  7.6999999997e-13  0.0000000000e+00  5.0487097934e-28
 7.8000000000e+01  7.8000000000e-01  0.0000000000e+00  -1.5600352550e-12  7.8003525498e-13  7.7999999997e-13  0.0000000000e+00  2.0194839174e-28
 7.9000000000e+01  7.9000000000e-01  0.0000000000e+00  -1.5800352615e-12  7.9003526148e-13  7.8999999997e-13  0.0000000000e+00  6.0584517521e-28
 8.0000000000e+01  8.0000000000e-01  0.0000000000e+00  -1.6000352679e-12  8.0003526793e-13  7.9999999997e-13  0.0000000000e+00  3.0292258760e-28
 8.1000000000e+01  8.1000000000e-01  0.0000000000e+00  -1.6200352743e-12  8.1003527434e-13  8.0999999997e-13  0.0000000000e+00  2.0194839174e-28
 8.2000000000e+01  8.2000000000e-01  0.0000000000e+00  -1.6400352807e-12  8.2003528070e-13  8.1999999997e-13  0.0000000000e+00  5.0487097934e-28
 8.3000000000e+01  8.3000000000e-01  0.0000000000e+00  -1.6600352870e-12  8.3003528702e-13  8.2999999997e-13  0.0000000000e+00  2.0194839174e-28
 8.4000000000e+01  8.4000000000e-01  0.0000000000e+00  -1.6800352933e-12  8.4003529330e-13  8.3999999997e-13  0.0000000000e+00  3.0292258760e-28
 8.5000000000e+01  8.5000000000e-01  0.0000000000e+00  -1.7000352995e-12  8.5003529954e-13  8.4999999997e-13  0.0000000000e+00  2.0194839174e-28
 8.6000000000e+01  8.6000000000e-01  0.0000000000e+00  -1.7200353057e-12  8.6003530574e-13  8.5999999997e-13  0.0000000000e+00  4.0389678347e-28
 8.7000000000e+01  8.7000000000e-01  0.0000000000e+00  -1.7400353119e-12  8.7003531190e-13  8.6999999997e-13  0.0000000000e+00  4.0389678347e-28
 8.8000000000e+01  8.8000000000e-01  0.0000000000e+00  -1.7600353180e-12  8.8003531802e-13  8.7999999997e-13  0.0000000000e+00  6.0584517521e-28
 8.9000000000e+01  8.9000000000e-01  0.0000000000e+00  -1.7800353241e-12  8.9003532411e-13  8.8999999997e-13  0.0000000000e+00  4.0389678347e-28
 9.0000000000e+01  9.0000000000e-01  0.0000000000e+00  -1.8000353301e-12  9.0003533016e-13  8.9999999997e-13  0.0000000000e+00  1.0097419587e-28
 9.1000000000e+01  9.1000000000e-01  0.0000000000e+00  -1.8200353361e-12  9.1003533618e-13  9.0999999997e-13  0.0000000000e+00  2.0194839174e-28
 9.2000000000e+01  9.2000000000e-01  0.0000000000e+00  -1.8400353421e-12  9.2003534216e-13  9.1999999997e-13  0.0000000000e+00  2.0194839174e-28
 9.3000000000e+01  9.3000000000e-01  0.0000000000e+00  -1.8600353481e-12  9.3003534812e-13  9.2999999997e-13  0.0000000000e+00  0.0000000000e+00
 9.4000000000e+01  9.4000000000e-01  0.0000000000e+00  -1.8800353540e-12  9.4003535404e-13  9.3999999996e-13  0.0000000000e+00  2.0194839174e-28
 9.5000000000e+01  9.5000000000e-01  0.0000000000e+00  -1.9000353599e-12  9.5003535994e-13  9.4999999996e-13  0.0000000000e+00  2.0194839174e-28
 9.6000000000e+01  9.6000000000e-01  0.0000000000e+00  -1.9200353658e-12  9.6003536580e-13  9.5999999996e-13  0.0000000000e+00  4.0389678347e-28
 9.7000000000e+01  9.7000000000e-01  0.0000000000e+00  -1.9400353716e-12  9.7003537164e-13  9.6999999996e-13  0.0000000000e+00  2.0194839174e-28
 9.8000000000e+01  9.8000000000e-01  0.0000000000e+00  -1.9600353774e-12  9.8003537745e-13  9.7999999996e-13  0.0000000000e+00  0.0000000000e+00
 9.9000000000e+01  9.9000000000e-01  0.0000000000e+00  -1.9800353832e-12  9.9003538323e-13  9.8999999996e-13  0.0000000000e+00  2.0194839174e-28
 1.0000000000e+02  1.0000000000e+00  0.0000000000e+00  -2.0000353890e-12  1.0000353890e-12  9.9999999996e-13  0.0000000000e+00  4.0389678347e-28
 1.0100000000e+02  1.0100000000e+00  0.0000000000e+00  -2.0200353947e-12  1.0100353947e-12  1.0100000000e-12  0.0000000000e+00  1.0097419587e-27
 1.0200000000e+02  1.0200000000e+00  0.0000000000e+00  -2.0400354004e-12  1.0200354004e-12  1.0200000000e-12  0.0000000000e+00  0.0000000000e+00
 1.0300000000e+02  1.0300000000e+00  0.0000000000e+00  -2.0600354061e-12  1.0300354061e-12  1.0300000000e-12  0.0000000000e+00  1.0097419587e-27
 1.0400000000e+02  1.0400000000e+00  0.0000000000e+00  -2.0800354117e-12  1.0400354118e-12  1.0400000000e-12  0.0000000000e+00  2.0194839174e-28
 1.0500000000e+02  1.0500000000e+00  0.0000000000e+00  -2.1000354174e-12  1.0500354174e-12  1.0500000000e-12  0.0000000000e+00  0.0000000000e+00
 1.0600000000e+02  1.0600000000e+00  0.0000000000e+00  -2.1200354230e-12  1.0600354230e-12  1.0600000000e-12  0.0000000000e+00  0.0000000000e+00
 1.0700000000e+02  1.0700000000e+00  0.0000000000e+00  -2.1400354286e-12  1.0700354286e-12  1.0700000000e-12  0.0000000000e+00  0.0000000000e+00
 1.0800000000e+02  1.0800000000e+00  0.0000000000e+00  -2.1600354341e-12  1.0800354342e-12  1.0800000000e-12  0.0000000000e+00  0.0000000000e+00
 1.0900000000e+02  1.0900000000e+00  0.0000000000e+00  -2.1800354397e-12  1.0900354397e-12  1.0900000000e-12  0.0000000000e+00  1.0097419587e-27
 1.1000000000e+02  1.1000000000e+00  0.0000000000e+00  -2.2000354452e-12  1.1000354453e-12  1.1000000000e-12  0.0000000000e+00  8.0779356695e-28
 1.1100000000e+02  1.1100000000e+00  0.0000000000e+00  -2.2200354507e-12  1.1100354508e-12  1.1100000000e-12  0.0000000000e+00  2.0194839174e-28
 1.1200000000e+02  1.1200000000e+00  0.0000000000e+00  -2.2400354562e-12  1.1200354563e-12  1.1200000000e-12  0.0000000000e+00  1.0097419587e-27
 1.1300000000e+02  1.1300000000e+00  0.0000000000e+00  -2.2600354617e-12  1.1300354617e-12  1.1300000000e-12  0.0000000000e+00  0.0000000000e+00
 1.1400000000e+02  1.1400000000e+00  0.0000000000e+00  -2.2800354671e-12  1.1400354672e-12  1.1400000000e-12  0.0000000000e+00  1.0097419587e-27
 1.1500000000e+02  1.1500000000e+00  0.0000000000e+00  -2.3000354726e-12  1.1500354726e-12  1.1500000000e-12  0.0000000000e+00  1.2116903504e-27
 1.1600000000e+02  1.1600000000e+00  0.0000000000e+00  -2.3200354780e-12  1.1600354780e-12  1.1600000000e-12  0.0000000000e+00  2.0194839174e-28
 1.1700000000e+02  1.1700000000e+00  0.0000000000e+00  -2.3400354834e-12  1.1700354834e-12  1.1700000000e-12  0.0000000000e+00  0.0000000000e+00
 1.1800000000e+02  1.1800000000e+00  0.0000000000e+00  -2.3600354888e-12  1.1800354888e-12  1.1800000000e-12  0.0000000000e+00  2.0194839174e-28
 1.1900000000e+02  1.1900000000e+00  0.0000000000e+00  -2.3800354941e-12  1.1900354942e-12  1.1900000000e-12  0.0000000000e+00  2.0194839174e-28
 1.2000000000e+02  1.2000000000e+00  0.0000000000e+00  -2.4000354995e-12  1.2000354995e-12  1.2000000000e-12  0.0000000000e+00  2.0194839174e-28
 1.2100000000e+02  0.0000000000e+00  2.0000000000e-01  0.0000000000e+00  0.0000000000e+00  0.0000000000e+00  0.0000000000e+00  0.0000000000e+00
 1.2200000000e+02  1.0000000000e-02  2.0000000000e-01  -2.1750840532e-14  1.1750840532e-14  9.9999999996e-15  0.0000000000e+00  0.0000000000e+00
 1.2300000000e+02  2.0000000000e-02  2.0000000000e-01  -4.3241031957e-14  2.3241031958e-14  1.9999999999e-14  0.0000000000e+00  3.1554436209e-30
 1.2400000000e+02  3.0000000000e-02  2.0000000000e-01  -6.4479396739e-14  3.4479396740e-14  2.9999999999e-14  0.0000000000e+00  1.2621774484e-29
 1.2500000000e+02  4.0000000000e-02  2.0000000000e-01  -8.5478964547e-14  4.5478964549e-14  3.9999999999e-14  0.0000000000e+00  6.3108872418e-30
 1.2600000000e+02  5.0000000000e-02  2.0000000000e-01  -1.0625864877e-13  5.6258648772e-14  4.9999999998e-14  0.0000000000e+00  1.2621774484e-29
 1.2700000000e+02  6.0000000000e-02  2.0000000000e-01  -1.2684449673e-13  6.6844496737e-14  5.9999999998e-14  0.0000000000e+00  5.0487097934e-29
 1.2800000000e+02  7.0000000000e-02  2.0000000000e-01  -1.4726912944e-13  7.7269129442e-14  6.9999999997e-14  0.0000000000e+00  6.3108872418e-29
 1.2900000000e+02  8.0000000000e-02  2.0000000000e-01  -1.6756838969e-13  8.7568389698e-14  7.9999999997e-14  0.0000000000e+00  2.5243548967e-29
 1.3000000000e+02  9.0000000000e-02  2.0000000000e-01  -1.8777625932e-13  9.7776259323e-14  8.9999999997e-14  0.0000000000e+00  2.5243548967e-29
 1.3100000000e+02  1.0000000000e-01  2.0000000000e-01  -2.0792076692e-13  1.0792076692e-13  9.9999999996e-14  0.0000000000e+00  1.2621774484e-29
 1.3200000000e+02  1.1000000000e-01  2.0000000000e-01  -2.2802260361e-13  1.1802260361e-13  1.1000000000e-13  0.0000000000e+00  1.1359597035e-28
 1.3300000000e+02  1.2000000000e-01  2.0000000000e-01  -2.4809595379e-13  1.2809595379e-13  1.2000000000e-13  0.0000000000e+00  0.0000000000e+00
 1.3400000000e+02  1.3000000000e-01  2.0000000000e-01  -2.6815016251e-13  1.3815016251e-13  1.3000000000e-13  0.0000000000e+00  1.2621774484e-28
 1.3500000000e+02  1.4000000000e-01  2.0000000000e-01  -2.8819130251e-13  1.4819130251e-13  1.3999999999e-13  0.0000000000e+00  7.5730646901e-29
 1.3600000000e+02  1.5000000000e-01  2.0000000000e-01  -3.0822333302e-13  1.5822333303e-13  1.4999999999e-13  0.0000000000e+00  2.5243548967e-29
 1.3700000000e+02  1.6000000000e-01  2.0000000000e-01  -3.2824886963e-13  1.6824886963e-13  1.5999999999e-13  0.0000000000e+00  2.5243548967e-29
 1.3800000000e+02  1.7000000000e-01  2.0000000000e-01  -3.4826967211e-13  1.7826967211e-13  1.6999999999e-13  0.0000000000e+00  0.0000000000e+00
 1.3900000000e+02  1.8000000000e-01  2.0000000000e-01  -3.6828694883e-13  1.8828694883e-13  1.7999999999e-13  0.0000000000e+00  1.2621774484e-28
 1.4000000000e+02  1.9000000000e-01  2.0000000000e-01  -3.8830154692e-13  1.9830154693e-13  1.8999999999e-13  0.0000000000e+00  2.5243548967e-29
 1.4100000000e+02  2.0000000000e-01  2.0000000000e-01  -4.0831407238e-13  2.0831407239e-13  1.9999999999e-13  0.0000000000e+00  0.0000000000e+00
 1.4200000000e+02  2.1000000000e-01  2.0000000000e-01  -4.2832496705e-13  2.1832496706e-13  2.0999999999e-13  0.0000000000e+00  1.0097419587e-28
 1.4300000000e+02  2.2000000000e-01  2.0000000000e-01  -4.4833455893e-13  2.2833455893e-13  2.1999999999e-13  0.0000000000e+00  7.5730646901e-29
 1.4400000000e+02  2.3000000000e-01  2.0000000000e-01  -4.6834309554e-13  2.3834309555e-13  2.2999999999e-13  0.0000000000e+00  5.0487097934e-29
 1.4500000000e+02  2.4000000000e-01  2.0000000000e-01  -4.8835076659e-13  2.4835076660e-13  2.3999999999e-13  0.0000000000e+00  5.0487097934e-29
 1.4600000000e+02  2.5000000000e-01  2.0000000000e-01  -5.0835771950e-13  2.5835771951e-13  2.4999999999e-13  0.0000000000e+00  0.0000000000e+00
 1.4700000000e+02  2.6000000000e-01  2.0000000000e-01  -5.2836407034e-13  2.6836407035e-13  2.5999999999e-13  0.0000000000e+00  1.0097419587e-28
 1.4800000000e+02  2.7000000000e-01  2.0000000000e-01  -5.4836991160e-13  2.7836991161e-13  2.6999999999e-13  0.0000000000e+00  5.0487097934e-29
 1.4900000000e+02  2.8000000000e-01  2.0000000000e-01  -5.6837531778e-13  2.8837531779e-13  2.7999999999e-13  0.0000000000e+00  1.5146129380e-28
 1.5000000000e+02  2.9000000000e-01  2.0000000000e-01  -5.8838034951e-13  2.9838034952e-13  2.8999999999e-13  0.0000000000e+00  1.0097419587e-28
 1.5100000000e+02  3.0000000000e-01  2.0000000000e-01  -6.0838505659e-13  3.0838505660e-13  2.9999999999e-13  0.0000000000e+00  0.0000000000e+00
 1.5200000000e+02  3.1000000000e-01  2.0000000000e-01  -6.2838948030e-13  3.1838948031e-13  3.0999999999e-13  0.0000000000e+00  5.0487097934e-29
 1.5300000000e+02  3.2000000000e-01  2.0000000000e-01  -6.4839365510e-13  3.2839365511e-13  3.1999999999e-13  0.0000000000e+00  5.0487097934e-29
 1.5400000000e+02  3.3000000000e-01  2.0000000000e-01  -6.6839761001e-13  3.3839761002e-13  3.2999999999e-13  0.0000000000e+00  5.0487097934e-29
 1.5500000000e+02  3.4000000000e-01  2.0000000000e-01  -6.8840136962e-13  3.4840136963e-13  3.3999999999e-13  0.0000000000e+00  0.0000000000e+00
 1.5600000000e+02  3.5000000000e-01  2.0000000000e-01  -7.0840495489e-13  3.5840495490e-13  3.4999999999e-13  0.0000000000e+00  1.0097419587e-28
 1.5700000000e+02  3.6000000000e-01  2.0000000000e-01  -7.2840838383e-13  3.6840838384e-13  3.5999999999e-13  0.0000000000e+00  0.0000000000e+00
 1.5800000000e+02  3.7000000000e-01  2.0000000000e-01  -7.4841167196e-13  3.7841167198e-13  3.6999999999e-13  0.0000000000e+00  0.0000000000e+00
 1.5900000000e+02  3.8000000000e-01  2.0000000000e-01  -7.6841483278e-13  3.8841483279e-13  3.7999999999e-13  0.0000000000e+00  1.0097419587e-28
 1.6000000000e+02  3.9000000000e-01  2.0000000000e-01  -7.8841787802e-13  3.9841787803e-13  3.8999999999e-13  0.0000000000e+00  5.0487097934e-29
 1.6100000000e+02  4.0000000000e-01  2.0000000000e-01  -8.0842081798e-13  4.0842081800e-13  3.9999999999e-13  0.0000000000e+00  5.0487097934e-29
 1.6200000000e+02  4.1000000000e-01  2.0000000000e-01  -8.2842366174e-13  4.1842366175e-13  4.0999999998e-13  0.0000000000e+00  1.0097419587e-28
 1.6300000000e+02  4.2000000000e-01  2.0000000000e-01  -8.4842641728e-13  4.2842641729e-13  4.1999999998e-13  0.0000000000e+00  0.0000000000e+00
 1.6400000000e+02  4.3000000000e-01  2.0000000000e-01  -8.6842909172e-13  4.3842909173e-13  4.2999999998e-13  0.0000000000e+00  5.0487097934e-29
 1.6500000000e+02  4.4000000000e-01  2.0000000000e-01  -8.8843169138e-13  4.4843169139e-13  4.3999999998e-13  0.0000000000e+00  0.0000000000e+00
 1.6600000000e+02  4.5000000000e-01  2.0000000000e-01  -9.0843422191e-13  4.5843422192e-13  4.4999999998e-13  0.0000000000e+00  1.0097419587e-28
 1.6700000000e+02  4.6000000000e-01  2.0000000000e-01  -9.2843668838e-13  4.6843668839e-13  4.5999999998e-13  0.0000000000e+00  1.0097419587e-28
 1.6800000000e+02  4.7000000000e-01  2.0000000000e-01  -9.4843909534e-13  4.7843909536e-13  4.6999999998e-13  0.0000000000e+00  3.0292258760e-28
 1.6900000000e+02  4.8000000000e-01  2.0000000000e-01  -9.6844144691e-13  4.8844144693e-13  4.7999999998e-13  0.0000000000e+00  1.0097419587e-28
 1.7000000000e+02  4.9000000000e-01  2.0000000000e-01  -9.8844374681e-13  4.9844374683e-13  4.8999999998e-13  0.0000000000e+00  1.0097419587e-28
 1.7100000000e+02  5.0000000000e-01  2.0000000000e-01  -1.0084459984e-12  5.0844599843e-13  4.9999999998e-13  0.0000000000e+00  2.0194839174e-28
 1.7200000000e+02  5.1000000000e-01  2.0000000000e-01  -1.0284482048e-12  5.1844820479e-13  5.0999999998e-13  0.0000000000e+00  4.0389678347e-28
 1.7300000000e+02  5.2000000000e-01  2.0000000000e-01  -1.0484503687e-12  5.2845036872e-13  5.1999999998e-13  0.0000000000e+00  1.0097419587e-28
 1.7400000000e+02  5.3000000000e-01  2.0000000000e-01  -1.0684524928e-12  5.3845249278e-13  5.2999999998e-13  0.0000000000e+00  2.0194839174e-28
 1.7500000000e+02  5.4000000000e-01  2.0000000000e-01  -1.0884545793e-12  5.4845457930e-13  5.3999999998e-13  0.0000000000e+00  3.0292258760e-28
 1.7600000000e+02  5.5000000000e-01  2.0000000000e-01  -1.1084566304e-12  5.5845663043e-13  5.4999999998e-13  0.0000000000e+00  5.0487097934e-28
 1.7700000000e+02  5.6000000000e-01  2.0000000000e-01  -1.1284586481e-12  5.6845864815e-13  5.5999999998e-13  0.0000000000e+00  0.0000000000e+00
 1.7800000000e+02  5.7000000000e-01  2.0000000000e-01  -1.1484606343e-12  5.7846063429e-13  5.6999999998e-13  0.0000000000e+00  4.0389678347e-28
 1.7900000000e+02  5.8000000000e-01  2.0000000000e-01  -1.1684625905e-12  5.8846259052e-13  5.7999999998e-13  0.0000000000e+00  3.0292258760e-28
 1.8000000000e+02  5.9000000000e-01  2.0000000000e-01  -1.1884645184e-12  5.9846451840e-13  5.8999999998e-13  0.0000000000e+00  1.0097419587e-28
 1.8100000000e+02  6.0000000000e-01  2.0000000000e-01  -1.2084664194e-12  6.0846641938e-13  5.9999999998e-13  0.0000000000e+00  4.0389678347e-28
 1.8200000000e+02  6.1000000000e-01  2.0000000000e-01  -1.2284682948e-12  6.1846829478e-13  6.0999999998e-13  0.0000000000e+00  1.0097419587e-28
 1.8300000000e+02  6.2000000000e-01  2.0000000000e-01  -1.2484701458e-12  6.2847014587e-13  6.1999999998e-13  0.0000000000e+00  1.0097419587e-28
 1.8400000000e+02  6.3000000000e-01  2.0000000000e-01  -1.2684719738e-12  6.3847197379e-13  6.2999999998e-13  0.0000000000e+00  1.0097419587e-28
 1.8500000000e+02  6.4000000000e-01  2.0000000000e-01  -1.2884737796e-12  6.4847377962e-13  6.3999999998e-13  0.0000000000e+00  1.0097419587e-28
 1.8600000000e+02  6.5000000000e-01  2.0000000000e-01  -1.3084755643e-12  6.5847556437e-13  6.4999999998e-13  0.0000000000e+00  4.0389678347e-28
 1.8700000000e+02  6.6000000000e-01  2.0000000000e-01  -1.3284773290e-12  6.6847732899e-13  6.5999999998e-13  0.0000000000e+00  1.0097419587e-28
 1.8800000000e+02  6.7000000000e-01  2.0000000000e-01  -1.3484790743e-12  6.7847907437e-13  6.6999999997e-13  0.0000000000e+00  2.0194839174e-28
 1.8900000000e+02  6.8000000000e-01  2.0000000000e-01  -1.3684808013e-12  6.8848080132e-13  6.7999999997e-13  0.0000000000e+00  1.0097419587e-28
 1.9000000000e+02  6.9000000000e-01  2.0000000000e-01  -1.3884825106e-12  6.9848251062e-13  6.8999999997e-13  0.0000000000e+00  2.0194839174e-28
 1.9100000000e+02  7.0000000000e-01  2.0000000000e-01  -1.4084842030e-12  7.0848420301e-13  6.9999999997e-13  0.0000000000e+00  0.0000000000e+00
 1.9200000000e+02  7.1000000000e-01  2.0000000000e-01  -1.4284858791e-12  7.1848587917e-13  7.0999999997e-13  0.0000000000e+00  1.0097419587e-28
 1.9300000000e+02  7.2000000000e-01  2.0000000000e-01  -1.4484875397e-12  7.2848753975e-13  7.1999999997e-13  0.0000000000e+00  2.0194839174e-28
 1.9400000000e+02  7.3000000000e-01  2.0000000000e-01  -1.4684891853e-12  7.3848918536e-13  7.2999999997e-13  0.0000000000e+00  0.0000000000e+00
 1.9500000000e+02  7.4000000000e-01  2.0000000000e-01  -1.4884908165e-12  7.4849081657e-13  7.3999999997e-13  0.0000000000e+00  4.0389678347e-28
 1.9600000000e+02  7.5000000000e-01  2.0000000000e-01  -1.5084924339e-12  7.5849243393e-13  7.4999999997e-13  0.0000000000e+00  2.0194839174e-28
 1.9700000000e+02  7.6000000000e-01  2.0000000000e-01  -1.5284940379e-12  7.6849403796e-13  7.5999999997e-13  0.0000000000e+00  2.0194839174e-28
 1.9800000000e+02  7.7000000000e-01  2.0000000000e-01  -1.5484956291e-12  7.7849562914e-13  7.6999999997e-13  0.0000000000e+00  2.0194839174e-28
 1.9900000000e+02  7.8000000000e-01  2.0000000000e-01  -1.5684972079e-12  7.8849720793e-13  7.7999999997e-13  0.0000000000e+00  2.0194839174e-28
 2.0000000000e+02  7.9000000000e-01  2.0000000000e-01  -1.5884987747e-12  7.9849877478e-13  7.8999999997e-13  0.0000000000e+00  1.0097419587e-28
 2.0100000000e+02  8.0000000000e-01  2.0000000000e-01  -1.6085003301e-12  8.0850033008e-13  7.9999999997e-13  0.0000000000e+00  1.0097419587e-28
 2.0200000000e+02  8.1000000000e-01  2.0000000000e-01  -1.6285018742e-12  8.1850187425e-13  8.0999999997e-13  0.0000000000e+00  2.0194839174e-28
 2.0300000000e+02  8.2000000000e-01  2.0000000000e-01  -1.6485034076e-12  8.2850340766e-13  8.1999999997e-13  0.0000000000e+00  1.0097419587e-28
 2.0400000000e+02  8.3000000000e-01  2.0000000000e-01  -1.6685049306e-12  8.3850493066e-13  8.2999999997e-13  0.0000000000e+00  0.0000000000e+00
 2.0500000000e+02  8.4000000000e-01  2.0000000000e-01  -1.6885064436e-12  8.4850644359e-13  8.3999999997e-13  0.0000000000e+00  1.0097419587e-28
 2.0600000000e+02  8.5000000000e-01  2.0000000000e-01  -1.7085079467e-12  8.5850794678e-13  8.4999999997e-13  0.0000000000e+00  5.0487097934e-28
 2.0700000000e+02  8.6000000000e-01  2.0000000000e-01  -1.7285094405e-12  8.6850944054e-13  8.5999999997e-13  0.0000000000e+00  4.0389678347e-28
 2.0800000000e+02  8.7000000000e-01  2.0000000000e-01  -1.7485109251e-12  8.7851092515e-13  8.6999999997e-13  0.0000000000e+00  3.0292258760e-28
 2.0900000000e+02  8.8000000000e-01  2.0000000000e-01  -1.7685124009e-12  8.8851240091e-13  8.7999999997e-13  0.0000000000e+00  1.0097419587e-28
 2.1000000000e+02  8.9000000000e-01  2.0000000000e-01  -1.7885138680e-12  8.9851386808e-13  8.8999999997e-13  0.0000000000e+00  4.0389678347e-28
 2.1100000000e+02  9.0000000000e-01  2.0000000000e-01  -1.8085153269e-12  9.0851532692e-13  8.9999999997e-13  0.0000000000e+00  2.0194839174e-28
 2.1200000000e+02  9.1000000000e-01  2.0000000000e-01  -1.8285167776e-12  9.1851677767e-13  9.0999999997e-13  0.0000000000e+00  6.0584517521e-28
 2.1300000000e+02  9.2000000000e-01  2.0000000000e-01  -1.8485182205e-12  9.2851822057e-13  9.1999999997e-13  0.0000000000e+00  8.0779356695e-28
 2.1400000000e+02  9.3000000000e-01  2.0000000000e-01  -1.8685196558e-12  9.3851965585e-13  9.2999999997e-13  0.0000000000e+00  2.0194839174e-28
 2.1500000000e+02  9.4000000000e-01  2.0000000000e-01  -1.8885210837e-12  9.4852108371e-13  9.3999999996e-13  0.0000000000e+00  4.0389678347e-28
 2.1600000000e+02  9.5000000000e-01  2.0000000000e-01  -1.9085225043e-12  9.5852250438e-13  9.4999999996e-13  0.0000000000e+00  0.0000000000e+00
 2.1700000000e+02  9.6000000000e-01  2.0000000000e-01  -1.9285239180e-12  9.6852391804e-13  9.5999999996e-13  0.0000000000e+00  2.0194839174e-28
 2.1800000000e+02  9.7000000000e-01  2.0000000000e-01  -1.9485253249e-12  9.7852532490e-13  9.6999999996e-13  0.0000000000e+00  2.0194839174e-28
 2.1900000000e+02  9.8000000000e-01  2.0000000000e-01  -1.9685267251e-12  9.8852672512e-13  9.7999999996e-13  0.0000000000e+00  0.0000000000e+00
 2.2000000000e+02  9.9000000000e-01  2.0000000000e-01  -1.9885281189e-12  9.9852811889e-13  9.8999999996e-13  0.0000000000e+00  6.0584517521e-28
 2.2100000000e+02  1.0000000000e+00  2.0000000000e-01  -2.0085295063e-12  1.0085295064e-12  9.9999999996e-13  0.0000000000e+00  4.0389678347e-28
 2.2200000000e+02  1.0100000000e+00  2.0000000000e-01  -2.0285308877e-12  1.0185308878e-12  1.0100000000e-12  0.0000000000e+00  2.0194839174e-28
 2.2300000000e+02  1.0200000000e+00  2.0000000000e-01  -2.0485322631e-12  1.0285322632e-12  1.0200000000e-12  0.0000000000e+00  2.0194839174e-28
 2.2400000000e+02  1.0300000000e+00  2.0000000000e-01  -2.0685336327e-12  1.0385336328e-12  1.0300000000e-12  0.0000000000e+00  1.2116903504e-27
 2.2500000000e+02  1.0400000000e+00  2.0000000000e-01  -2.0885349966e-12  1.0485349967e-12  1.0400000000e-12  0.0000000000e+00  2.0194839174e-28
 2.2600000000e+02  1.0500000000e+00  2.0000000000e-01  -2.1085363551e-12  1.0585363551e-12  1.0500000000e-12  0.0000000000e+00  2.0194839174e-28
 2.2700000000e+02  1.0600000000e+00  2.0000000000e-01  -2.1285377081e-12  1.0685377081e-12  1.0600000000e-12  0.0000000000e+00  8.0779356695e-28
 2.2800000000e+02  1.0700000000e+00  2.0000000000e-01  -2.1485390558e-12  1.0785390559e-12  1.0700000000e-12  0.0000000000e+00  0.0000000000e+00
 2.2900000000e+02  1.0800000000e+00  2.0000000000e-01  -2.1685403984e-12  1.0885403985e-12  1.0800000000e-12  0.0000000000e+00  0.0000000000e+00
 2.3000000000e+02  1.0900000000e+00  2.0000000000e-01  -2.1885417361e-12  1.0985417361e-12  1.0900000000e-12  0.0000000000e+00  1.0097419587e-27
 2.3100000000e+02  1.1000000000e+00  2.0000000000e-01  -2.2085430688e-12  1.1085430688e-12  1.1000000000e-12  0.0000000000e+00  2.0194839174e-28
 2.3200000000e+02  1.1100000000e+00  2.0000000000e-01  -2.2285443967e-12  1.1185443967e-12  1.1100000000e-12  0.0000000000e+00  2.0194839174e-28
 2.3300000000e+02  1.1200000000e+00  2.0000000000e-01  -2.2485457200e-12  1.1285457200e-12  1.1200000000e-12  0.0000000000e+00  8.0779356695e-28
 2.3400000000e+02  1.1300000000e+00  2.0000000000e-01  -2.2685470386e-12  1.1385470387e-12  1.1300000000e-12  0.0000000000e+00  0.0000000000e+00
 2.3500000000e+02  1.1400000000e+00  2.0000000000e-01  -2.2885483529e-12  1.1485483529e-12  1.1400000000e-12  0.0000000000e+00  1.0097419587e-27
 2.3600000000e+02  1.1500000000e+00  2.0000000000e-01  -2.3085496627e-12  1.1585496628e-12  1.1500000000e-12  0.0000000000e+00  2.0194839174e-28
 2.3700000000e+02  1.1600000000e+00  2.0000000000e-01  -2.3285509683e-12  1.1685509684e-12  1.1600000000e-12  0.0000000000e+00  0.0000000000e+00
 2.3800000000e+02  1.1700000000e+00  2.0000000000e-01  -2.3485522697e-12  1.1785522698e-12  1.1700000000e-12  0.0000000000e+00  1.0097419587e-27
 2.3900000000e+02  1.1800000000e+00  2.0000000000e-01  -2.3685535671e-12  1.1885535671e-12  1.1800000000e-12  0.0000000000e+00  2.0194839174e-28
 2.4000000000e+02  1.1900000000e+00  2.0000000000e-01  -2.3885548604e-12  1.1985548605e-12  1.1900000000e-12  0.0000000000e+00  0.0000000000e+00
 2.4100000000e+02  1.2000000000e+00  2.0000000000e-01  -2.4085561498e-12  1.2085561499e-12  1.2000000000e-12  0.0000000000e+00  8.0779356695e-28
 2.4200000000e+02  0.0000000000e+00  4.0000000000e-01  0.0000000000e+00  0.0000000000e+00  0.0000000000e+00  0.0000000000e+00  0.0000000000e+00
 2.4300000000e+02  1.0000000000e-02  4.0000000000e-01  -4.4141172646e-13  4.3141172646e-13  9.9999999996e-15  0.0000000000e+00  1.1044052673e-29
 2.4400000000e+02  2.0000000000e-02  4.0000000000e-01  -8.2008755534e-13  8.0008755534e-13  1.9999999999e-14  0.0000000000e+00  2.2088105346e-29
 2.4500000000e+02  3.0000000000e-02  4.0000000000e-01  -1.1381509761e-12  1.1081509761e-12  2.9999999999e-14  0.0000000000e+00  3.1554436209e-29
 2.4600000000e+02  4.0000000000e-02  4.0000000000e-01  -1.3987381115e-12  1.3587381115e-12  3.9999999999e-14  0.0000000000e+00  4.4176210692e-29
 2.4700000000e+02  5.0000000000e-02  4.0000000000e-01  -1.6064012381e-12  1.5564012381e-12  4.9999999998e-14  0.0000000000e+00  1.0097419587e-28
 2.4800000000e+02  6.0000000000e-02  4.0000000000e-01  -1.7674097033e-12  1.7074097033e-12  5.9999999998e-14  0.0000000000e+00  3.7865323451e-29
 2.4900000000e+02  7.0000000000e-02  4.0000000000e-01  -1.8896150775e-12  1.8196150775e-12  6.9999999997e-14  0.0000000000e+00  1.2621774484e-29
 2.5000000000e+02  8.0000000000e-02  4.0000000000e-01  -1.9816443960e-12  1.9016443960e-12  7.9999999997e-14  0.0000000000e+00  8.8352421385e-29
 2.5100000000e+02  9.0000000000e-02  4.0000000000e-01  -2.0516767766e-12  1.9616767766e-12  8.9999999997e-14  0.0000000000e+00  2.6505726415e-28
 2.5200000000e+02  1.0000000000e-01  4.0000000000e-01  -2.1064584570e-12  2.0064584570e-12  9.9999999996e-14  0.0000000000e+00  2.0194839174e-28
 2.5300000000e+02  1.1000000000e-01  4.0000000000e-01  -2.1509696114e-12  2.0409696114e-12  1.1000000000e-13  0.0000000000e+00  1.0728508311e-27
 2.5400000000e+02  1.2000000000e-01  4.0000000000e-01  -2.1886243026e-12  2.0686243026e-12  1.2000000000e-13  0.0000000000e+00  7.5730646901e-29
 2.5500000000e+02  1.3000000000e-01  4.0000000000e-01  -2.2216718057e-12  2.0916718057e-12  1.3000000000e-13  0.0000000000e+00  2.5243548967e-29
 2.5600000000e+02  1.4000000000e-01  4.0000000000e-01  -2.2515737768e-12  2.1115737768e-12  1.3999999999e-13  0.0000000000e+00  5.0487097934e-29
 2.5700000000e+02  1.5000000000e-01  4.0000000000e-01  -2.2792831716e-12  2.1292831717e-12  1.4999999999e-13  0.0000000000e+00  1.0097419587e-28
 2.5800000000e+02  1.6000000000e-01  4.0000000000e-01  -2.3054295374e-12  2.1454295374e-12  1.5999999999e-13  0.0000000000e+00  1.7670484277e-28
 2.5900000000e+02  1.7000000000e-01  4.0000000000e-01  -2.3304364391e-12  2.1604364391e-12  1.6999999999e-13  0.0000000000e+00  1.7670484277e-28
 2.6000000000e+02  1.8000000000e-01  4.0000000000e-01  -2.3545947211e-12  2.1745947211e-12  1.7999999999e-13  0.0000000000e+00  1.2621774484e-28
 2.6100000000e+02  1.9000000000e-01  4.0000000000e-01  -2.3781082804e-12  2.1881082804e-12  1.8999999999e-13  0.0000000000e+00  5.0487097934e-29
 2.6200000000e+02  2.0000000000e-01  4.0000000000e-01  -2.4011229727e-12  2.2011229727e-12  1.9999999999e-13  0.0000000000e+00  4.0389678347e-28
 2.6300000000e+02  2.1000000000e-01  4.0000000000e-01  -2.4237451488e-12  2.2137451488e-12  2.0999999999e-13  0.0000000000e+00  3.2816613657e-28
 2.6400000000e+02  2.2000000000e-01  4.0000000000e-01  -2.4460537534e-12  2.2260537534e-12  2.1999999999e-13  0.0000000000e+00  1.2621774484e-28
 2.6500000000e+02  2.3000000000e-01  4.0000000000e-01  -2.4681083659e-12  2.2381083659e-12  2.2999999999e-13  0.0000000000e+00  1.0097419587e-28
 2.6600000000e+02  2.4000000000e-01  4.0000000000e-01  -2.4899546437e-12  2.2499546438e-12  2.3999999999e-13  0.0000000000e+00  1.0602290566e-27
 2.6700000000e+02  2.5000000000e-01  4.0000000000e-01  -2.5116280714e-12  2.2616280714e-12  2.4999999999e-13  0.0000000000e+00  1.0097419587e-28
 2.6800000000e+02  2.6000000000e-01  4.0000000000e-01  -2.5331565867e-12  2.2731565867e-12  2.5999999999e-13  0.0000000000e+00  5.0487097934e-29
 2.6900000000e+02  2.7000000000e-01  4.0000000000e-01  -2.5545624496e-12  2.2845624496e-12  2.6999999999e-13  0.0000000000e+00  1.0097419587e-28
 2.7000000000e+02  2.8000000000e-01  4.0000000000e-01  -2.5758635924e-12  2.2958635924e-12  2.7999999999e-13  0.0000000000e+00  2.0194839174e-28
 2.7100000000e+02  2.9000000000e-01  4.0000000000e-01  -2.5970746082e-12  2.3070746082e-12  2.8999999999e-13  0.0000000000e+00  2.5243548967e-28
 2.7200000000e+02  3.0000000000e-01  4.0000000000e-01  -2.6182074846e-12  2.3182074846e-12  2.9999999999e-13  0.0000000000e+00  1.0097419587e-28
 2.7300000000e+02  3.1000000000e-01  4.0000000000e-01  -2.6392721547e-12  2.3292721547e-12  3.0999999999e-13  0.0000000000e+00  5.0487097934e-29
 2.7400000000e+02  3.2000000000e-01  4.0000000000e-01  -2.6602769159e-12  2.3402769159e-12  3.1999999999e-13  0.0000000000e+00  5.0487097934e-29
 2.7500000000e+02  3.3000000000e-01  4.0000000000e-01  -2.6812287510e-12  2.3512287510e-12  3.2999999999e-13  0.0000000000e+00  1.0097419587e-28
 2.7600000000e+02  3.4000000000e-01  4.0000000000e-01  -2.7021335779e-12  2.3621335779e-12  3.3999999999e-13  0.0000000000e+00  1.5146129380e-28
 2.7700000000e+02  3.5000000000e-01  4.0000000000e-01  -2.7229964444e-12  2.3729964444e-12  3.4999999999e-13  0.0000000000e+00  2.0194839174e-28
 2.7800000000e+02  3.6000000000e-01  4.0000000000e-01  -2.7438216824e-12  2.3838216824e-12  3.5999999999e-13  0.0000000000e+00  2.5243548967e-28
 2.7900000000e+02  3.7000000000e-01  4.0000000000e-01  -2.7646130306e-12  2.3946130306e-12  3.6999999999e-13  0.0000000000e+00  4.5438388141e-28
 2.8000000000e+02  3.8000000000e-01  4.0000000000e-01  -2.7853737330e-12  2.4053737330e-12  3.7999999999e-13  0.0000000000e+00  0.0000000000e+00
 2.8100000000e+02  3.9000000000e-01  4.0000000000e-01  -2.8061066183e-12  2.4161066183e-12  3.8999999999e-13  0.0000000000e+00  1.5146129380e-28
 2.8200000000e+02  4.0000000000e-01  4.0000000000e-01  -2.8268141648e-12  2.4268141648e-12  3.9999999999e-13  0.0000000000e+00  7.0681937108e-28
 2.8300000000e+02  4.1000000000e-01  4.0000000000e-01  -2.8474985533e-12  2.4374985533e-12  4.0999999998e-13  0.0000000000e+00  2.5243548967e-28
 2.8400000000e+02  4.2000000000e-01  4.0000000000e-01  -2.8681617109e-12  2.4481617109e-12  4.1999999998e-13  0.0000000000e+00  5.0487097934e-29
 2.8500000000e+02  4.3000000000e-01  4.0000000000e-01  -2.8888053472e-12  2.4588053472e-12  4.2999999998e-13  0.0000000000e+00  1.0097419587e-28
 2.8600000000e+02  4.4000000000e-01  4.0000000000e-01  -2.9094309846e-12  2.4694309846e-12  4.3999999998e-13  0.0000000000e+00  5.0487097934e-29
 2.8700000000e+02  4.5000000000e-01  4.0000000000e-01  -2.9300399833e-12  2.4800399833e-12  4.4999999998e-13  0.0000000000e+00  1.0097419587e-28
 2.8800000000e+02  4.6000000000e-01  4.0000000000e-01  -2.9506335629e-12  2.4906335629e-12  4.5999999998e-13  0.0000000000e+00  1.0097419587e-28
 2.8900000000e+02  4.7000000000e-01  4.0000000000e-01  -2.9712128204e-12  2.5012128204e-12  4.6999999998e-13  0.0000000000e+00  4.0389678347e-28
 2.9000000000e+02  4.8000000000e-01  4.0000000000e-01  -2.9917787452e-12  2.5117787452e-12  4.7999999998e-13  0.0000000000e+00  3.0292258760e-28
 2.9100000000e+02  4.9000000000e-01  4.0000000000e-01  -3.0123322325e-12  2.5223322325e-12  4.8999999998e-13  0.0000000000e+00  5.0487097934e-28
 2.9200000000e+02  5.0000000000e-01  4.0000000000e-01  -3.0328740943e-12  2.5328740943e-12  4.9999999998e-13  0.0000000000e+00  4.0389678347e-28
 2.9300000000e+02  5.1000000000e-01  4.0000000000e-01  -3.0534050693e-12  2.5434050693e-12  5.0999999998e-13  0.0000000000e+00  7.0681937108e-28
 2.9400000000e+02  5.2000000000e-01  4.0000000000e-01  -3.0739258307e-12  2.5539258307e-12  5.1999999998e-13  0.0000000000e+00  1.0097419587e-28
 2.9500000000e+02  5.3000000000e-01  4.0000000000e-01  -3.0944369939e-12  2.5644369939e-12  5.2999999998e-13  0.0000000000e+00  1.0097419587e-28
 2.9600000000e+02  5.4000000000e-01  4.0000000000e-01  -3.1149391226e-12  2.5749391226e-12  5.3999999998e-13  0.0000000000e+00  3.0292258760e-28
 2.9700000000e+02  5.5000000000e-01  4.0000000000e-01  -3.1354327340e-12  2.5854327340e-12  5.4999999998e-13  0.0000000000e+00  3.0292258760e-28
 2.9800000000e+02  5.6000000000e-01  4.0000000000e-01  -3.1559183041e-12  2.5959183042e-12  5.5999999998e-13  0.0000000000e+00  8.0779356695e-28
 2.9900000000e+02  5.7000000000e-01  4.0000000000e-01  -3.1763962715e-12  2.6063962715e-12  5.6999999998e-13  0.0000000000e+00  8.0779356695e-28
 3.0000000000e+02  5.8000000000e-01  4.0000000000e-01  -3.1968670409e-12  2.6168670410e-12  5.7999999998e-13  0.0000000000e+00  5.0487097934e-28
 3.0100000000e+02  5.9000000000e-01  4.0000000000e-01  -3.2173309871e-12  2.6273309871e-12  5.8999999998e-13  0.0000000000e+00  2.0194839174e-28
 3.0200000000e+02  6.0000000000e-01  4.0000000000e-01  -3.2377884570e-12  2.6377884570e-12  5.9999999998e-13  0.0000000000e+00  3.0292258760e-28
 3.0300000000e+02  6.1000000000e-01  4.0000000000e-01  -3.2582397728e-12  2.6482397729e-12  6.0999999998e-13  0.0000000000e+00  4.0389678347e-28
 3.0400000000e+02  6.2000000000e-01  4.0000000000e-01  -3.2786852341e-12  2.6586852341e-12  6.1999999998e-13  0.0000000000e+00  7.0681937108e-28
 3.0500000000e+02  6.3000000000e-01  4.0000000000e-01  -3.2991251195e-12  2.6691251195e-12  6.2999999998e-13  0.0000000000e+00  7.0681937108e-28
 3.0600000000e+02  6.4000000000e-01  4.0000000000e-01  -3.3195596891e-12  2.6795596891e-12  6.3999999998e-13  0.0000000000e+00  1.0097419587e-28
 3.0700000000e+02  6.5000000000e-01  4.0000000000e-01  -3.3399891857e-12  2.6899891858e-12  6.4999999998e-13  0.0000000000e+00  2.0194839174e-28
 3.0800000000e+02  6.6000000000e-01  4.0000000000e-01  -3.3604138364e-12  2.7004138364e-12  6.5999999998e-13  0.0000000000e+00  4.0389678347e-28
 3.0900000000e+02  6.7000000000e-01  4.0000000000e-01  -3.3808338535e-12  2.7108338536e-12  6.6999999997e-13  0.0000000000e+00  3.0292258760e-28
 3.1000000000e+02  6.8000000000e-01  4.0000000000e-01  -3.4012494366e-12  2.7212494366e-12  6.7999999997e-13  0.0000000000e+00  4.0389678347e-28
 3.1100000000e+02  6.9000000000e-01  4.0000000000e-01  -3.4216607725e-12  2.7316607725e-12  6.8999999997e-13  0.0000000000e+00  8.0779356695e-28
 3.1200000000e+02  7.0000000000e-01  4.0000000000e-01  -3.4420680370e-12  2.7420680370e-12  6.9999999997e-13  0.0000000000e+00  6.0584517521e-28
 3.1300000000e+02  7.1000000000e-01  4.0000000000e-01  -3.4624713956e-12  2.7524713956e-12  7.0999999997e-13  0.0000000000e+00  9.0876776281e-28
 3.1400000000e+02  7.2000000000e-01  4.0000000000e-01  -3.4828710039e-12  2.7628710040e-12  7.1999999997e-13  0.0000000000e+00  7.0681937108e-28
 3.1500000000e+02  7.3000000000e-01  4.0000000000e-01  -3.5032670090e-12  2.7732670090e-12  7.2999999997e-13  0.0000000000e+00  4.0389678347e-28
 3.1600000000e+02  7.4000000000e-01  4.0000000000e-01  -3.5236595493e-12  2.7836595494e-12  7.3999999997e-13  0.0000000000e+00  4.0389678347e-28
 3.1700000000e+02  7.5000000000e-01  4.0000000000e-01  -3.5440487560e-12  2.7940487560e-12  7.4999999997e-13  0.0000000000e+00  8.0779356695e-28
 3.1800000000e+02  7.6000000000e-01  4.0000000000e-01  -3.5644347527e-12  2.8044347528e-12  7.5999999997e-13  0.0000000000e+00  5.0487097934e-28
 3.1900000000e+02  7.7000000000e-01  4.0000000000e-01  -3.5848176570e-12  2.8148176570e-12  7.6999999997e-13  0.0000000000e+00  1.0097419587e-27
 3.2000000000e+02  7.8000000000e-01  4.0000000000e-01  -3.6051975797e-12  2.8251975797e-12  7.7999999997e-13  0.0000000000e+00  5.0487097934e-28
 3.2100000000e+02  7.9000000000e-01  4.0000000000e-01  -3.6255746263e-12  2.8355746263e-12  7.8999999997e-13  0.0000000000e+00  4.0389678347e-28
 3.2200000000e+02  8.0000000000e-01  4.0000000000e-01  -3.6459488968e-12  2.8459488969e-12  7.9999999997e-13  0.0000000000e+00  7.0681937108e-28
 3.2300000000e+02  8.1000000000e-01  4.0000000000e-01  -3.6663204863e-12  2.8563204863e-12  8.0999999997e-13  0.0000000000e+00  6.0584517521e-28
 3.2400000000e+02  8.2000000000e-01  4.0000000000e-01  -3.6866894849e-12  2.8666894850e-12  8.1999999997e-13  0.0000000000e+00  2.0194839174e-28
 3.2500000000e+02  8.3000000000e-01  4.0000000000e-01  -3.7070559787e-12  2.8770559787e-12  8.2999999997e-13  0.0000000000e+00  3.0292258760e-28
 3.2600000000e+02  8.4000000000e-01  4.0000000000e-01  -3.7274200495e-12  2.8874200495e-12  8.3999999997e-13  0.0000000000e+00  5.0487097934e-28
 3.2700000000e+02  8.5000000000e-01  4.0000000000e-01  -3.7477817752e-12  2.8977817752e-12  8.4999999997e-13  0.0000000000e+00  3.0292258760e-28
 3.2800000000e+02  8.6000000000e-01  4.0000000000e-01  -3.7681412301e-12  2.9081412302e-12  8.5999999997e-13  0.0000000000e+00  1.0097419587e-28
 3.2900000000e+02  8.7000000000e-01  4.0000000000e-01  -3.7884984853e-12  2.9184984854e-12  8.6999999997e-13  0.0000000000e+00  6.0584517521e-28
 3.3000000000e+02  8.8000000000e-01  4.0000000000e-01  -3.8088536085e-12  2.9288536085e-12  8.7999999997e-13  0.0000000000e+00  7.0681937108e-28
 3.3100000000e+02  8.9000000000e-01  4.0000000000e-01  -3.8292066643e-12  2.9392066643e-12  8.8999999997e-13  0.0000000000e+00  1.0097419587e-28
 3.3200000000e+02  9.0000000000e-01  4.0000000000e-01  -3.8495577147e-12  2.9495577147e-12  8.9999999997e-13  0.0000000000e+00  1.0097419587e-28
 3.3300000000e+02  9.1000000000e-01  4.0000000000e-01  -3.8699068189e-12  2.9599068189e-12  9.0999999997e-13  0.0000000000e+00  1.0097419587e-27
 3.3400000000e+02  9.2000000000e-01  4.0000000000e-01  -3.8902540335e-12  2.9702540335e-12  9.1999999997e-13  0.0000000000e+00  6.0584517521e-28
 3.3500000000e+02  9.3000000000e-01  4.0000000000e-01  -3.9105994128e-12  2.9805994129e-12  9.2999999997e-13  0.0000000000e+00  4.0389678347e-28
 3.3600000000e+02  9.4000000000e-01  4.0000000000e-01  -3.9309430090e-12  2.9909430090e-12  9.3999999996e-13  0.0000000000e+00  0.0000000000e+00
 3.3700000000e+02  9.5000000000e-01  4.0000000000e-01  -3.9512848718e-12  3.0012848718e-12  9.4999999996e-13  0.0000000000e+00  8.0779356695e-28
 3.3800000000e+02  9.6000000000e-01  4.0000000000e-01  -3.9716250491e-12  3.0116250492e-12  9.5999999996e-13  0.0000000000e+00  2.0194839174e-28
 3.3900000000e+02  9.7000000000e-01  4.0000000000e-01  -3.9919635870e-12  3.0219635870e-12  9.6999999996e-13  0.0000000000e+00  8.0779356695e-28
 3.4000000000e+02  9.8000000000e-01  4.0000000000e-01  -4.0123005295e-12  3.0323005295e-12  9.7999999996e-13  0.0000000000e+00  4.0389678347e-28
 3.4100000000e+02  9.9000000000e-01  4.0000000000e-01  -4.0326359191e-12  3.0426359191e-12  9.8999999996e-13  0.0000000000e+00  2.0194839174e-28
 3.4200000000e+02  1.0000000000e+00  4.0000000000e-01  -4.0529697966e-12  3.0529697966e-12  9.9999999996e-13  0.0000000000e+00  2.0194839174e-28
 3.4300000000e+02  1.0100000000e+00  4.0000000000e-01  -4.0733022011e-12  3.0633022012e-12  1.0100000000e-12  0.0000000000e+00  6.0584517521e-28
 3.4400000000e+02  1.0200000000e+00  4.0000000000e-01  -4.0936331706e-12  3.0736331706e-12  1.0200000000e-12  0.0000000000e+00  8.0779356695e-28
 3.4500000000e+02  1.0300000000e+00  4.0000000000e-01  -4.1139627413e-12  3.0839627413e-12  1.0300000000e-12  0.0000000000e+00  6.0584517521e-28
 3.4600000000e+02  1.0400000000e+00  4.0000000000e-01  -4.1342909482e-12  3.0942909483e-12  1.0400000000e-12  0.0000000000e+00  1.2116903504e-27
 3.4700000000e+02  1.0500000000e+00  4.0000000000e-01  -4.1546178252e-12  3.1046178253e-12  1.0500000000e-12  0.0000000000e+00  2.0194839174e-28
 3.4800000000e+02  1.0600000000e+00  4.0000000000e-01  -4.1749434047e-12  3.1149434048e-12  1.0600000000e-12  0.0000000000e+00  8.0779356695e-28
 3.4900000000e+02  1.0700000000e+00  4.0000000000e-01  -4.1952677182e-12  3.1252677183e-12  1.0700000000e-12  0.0000000000e+00  6.0584517521e-28
 3.5000000000e+02  1.0800000000e+00  4.0000000000e-01  -4.2155907959e-12  3.1355907960e-12  1.0800000000e-12  0.0000000000e+00  2.0194839174e-28
 3.5100000000e+02  1.0900000000e+00  4.0000000000e-01  -4.2359126671e-12  3.1459126672e-12  1.0900000000e-12  0.0000000000e+00  1.0097419587e-27
 3.5200000000e+02  1.1000000000e+00  4.0000000000e-01  -4.2562333600e-12  3.1562333601e-12  1.1000000000e-12  0.0000000000e+00  8.0779356695e-28
 3.5300000000e+02  1.1100000000e+00  4.0000000000e-01  -4.2765529019e-12  3.1665529020e-12  1.1100000000e-12  0.0000000000e+00  4.0389678347e-28
 3.5400000000e+02  1.1200000000e+00  4.0000000000e-01  -4.2968713192e-12  3.1768713193e-12  1.1200000000e-12  0.0000000000e+00  0.0000000000e+00
 3.5500000000e+02  1.1300000000e+00  4.0000000000e-01  -4.3171886373e-12  3.1871886374e-12  1.1300000000e-12  0.0000000000e+00  2.0194839174e-28
 3.5600000000e+02  1.1400000000e+00  4.0000000000e-01  -4.3375048809e-12  3.1975048810e-12  1.1400000000e-12  0.0000000000e+00  1.0097419587e-27
 3.5700000000e+02  1.1500000000e+00  4.0000000000e-01  -4.3578200739e-12  3.2078200740e-12  1.1500000000e-12  0.0000000000e+00  0.0000000000e+00
 3.5800000000e+02  1.1600000000e+00  4.0000000000e-01  -4.3781342393e-12  3.2181342394e-12  1.1600000000e-12  0.0000000000e+00  4.0389678347e-28
 3.5900000000e+02  1.1700000000e+00  4.0000000000e-01  -4.3984473995e-12  3.2284473996e-12  1.1700000000e-12  0.0000000000e+00  0.0000000000e+00
 3.6000000000e+02  1.1800000000e+00  4.0000000000e-01  -4.4187595762e-12  3.2387595762e-12  1.1800000000e-12  0.0000000000e+00  0.0000000000e+00
 3.6100000000e+02  1.1900000000e+00  4.0000000000e-01  -4.4390707902e-12  3.2490707902e-12  1.1900000000e-12  0.0000000000e+00  2.0194839174e-28
 3.6200000000e+02  1.2000000000e+00  4.0000000000e-01  -4.4593810620e-12  3.2593810620e-12  1.2000000000e-12  0.0000000000e+00  0.0000000000e+00
 3.6300000000e+02  0.0000000000e+00  6.0000000000e-01  0.0000000000e+00  0.0000000000e+00  0.0000000000e+00  0.0000000000e+00  0.0000000000e+00
 3.6400000000e+02  1.0000000000e-02  6.0000000000e-01  -9.9341299143e-11  9.9331299143e-11  9.9999999996e-15  0.0000000000e+00  4.5043957688e-27
 3.6500000000e+02  2.0000000000e-02  6.0000000000e-01  -1.8389929073e-10  1.8387929073e-10  1.9999999999e-14  0.0000000000e+00  6.0707579822e-26
 3.6600000000e+02  3.0000000000e-02  6.0000000000e-01  -2.5417414917e-10  2.5414414917e-10  2.9999999999e-14  0.0000000000e+00  3.8199800474e-26
 3.6700000000e+02  4.0000000000e-02  6.0000000000e-01  -3.1090452725e-10  3.1086452725e-10  3.9999999999e-14  0.0000000000e+00  1.8017583075e-26
 3.6800000000e+02  5.0000000000e-02  6.0000000000e-01  -3.5516261310e-10  3.5511261310e-10  4.9999999998e-14  0.0000000000e+00  2.2517245679e-26
 3.6900000000e+02  6.0000000000e-02  6.0000000000e-01  -3.8842508668e-10  3.8836508668e-10  5.9999999998e-14  0.0000000000e+00  7.8722007454e-26
 3.7000000000e+02  7.0000000000e-02  6.0000000000e-01  -4.1254152356e-10  4.1247152356e-10  6.9999999997e-14  0.0000000000e+00  2.0182217399e-26
 3.7100000000e+02  8.0000000000e-02  6.0000000000e-01  -4.2954453451e-10  4.2946453451e-10  7.9999999997e-14  0.0000000000e+00  1.1906119870e-25
 3.7200000000e+02  9.0000000000e-02  6.0000000000e-01  -4.4136159895e-10  4.4127159895e-10  8.9999999997e-14  0.0000000000e+00  4.0528517867e-26
 3.7300000000e+02  1.0000000000e-01  6.0000000000e-01  -4.4958285072e-10  4.4948285072e-10  9.9999999996e-14  0.0000000000e+00  4.5034491357e-26
 3.7400000000e+02  1.1000000000e-01  6.0000000000e-01  -4.5538235228e-10  4.5527235228e-10  1.1000000000e-13  0.0000000000e+00  5.3857111721e-26
 3.7500000000e+02  1.2000000000e-01  6.0000000000e-01  -4.5956506144e-10  4.5944506144e-10  1.2000000000e-13  0.0000000000e+00  4.9351138231e-26
 3.7600000000e+02  1.3000000000e-01  6.0000000000e-01  -4.6266134976e-10  4.6253134976e-10  1.3000000000e-13  0.0000000000e+00  9.6556574799e-26
 3.7700000000e+02  1.4000000000e-01  6.0000000000e-01  -4.6501588773e-10  4.6487588773e-10  1.3999999999e-13  0.0000000000e+00  4.0339191249e-26
 3.7800000000e+02  1.5000000000e-01  6.0000000000e-01  -4.6685339551e-10  4.6670339551e-10  1.4999999999e-13  0.0000000000e+00  1.5852948751e-26
 3.7900000000e+02  1.6000000000e-01  6.0000000000e-01  -4.6832233033e-10  4.6816233033e-10  1.5999999999e-13  0.0000000000e+00  3.1327244268e-26
 3.8000000000e+02  1.7000000000e-01  6.0000000000e-01  -4.6952257539e-10  4.6935257539e-10  1.6999999999e-13  0.0000000000e+00  2.4864895733e-26
 3.8100000000e+02  1.8000000000e-01  6.0000000000e-01  -4.7052271577e-10  4.7034271577e-10  1.7999999999e-13  0.0000000000e+00  2.2340540836e-26
 3.8200000000e+02  1.9000000000e-01  6.0000000000e-01  -4.7137083269e-10  4.7118083269e-10  1.8999999999e-13  0.0000000000e+00  3.3876842714e-26
 3.8300000000e+02  2.0000000000e-01  6.0000000000e-01  -4.7210132011e-10  4.7190132011e-10  1.9999999999e-13  0.0000000000e+00  1.3328593855e-26
 3.8400000000e+02  2.1000000000e-01  6.0000000000e-01  -4.7273925614e-10  4.7252925614e-10  2.0999999999e-13  0.0000000000e+00  6.0508786874e-26
 3.8500000000e+02  2.2000000000e-01  6.0000000000e-01  -4.7330325608e-10  4.7308325608e-10  2.1999999999e-13  0.0000000000e+00  4.3166468734e-27
 3.8600000000e+02  2.3000000000e-01  6.0000000000e-01  -4.7380736873e-10  4.7357736873e-10  2.2999999999e-13  0.0000000000e+00  5.2001710872e-26
 3.8700000000e+02  2.4000000000e-01  6.0000000000e-01  -4.7426235991e-10  4.7402235991e-10  2.3999999999e-13  0.0000000000e+00  4.6953001079e-27
 3.8800000000e+02  2.5000000000e-01  6.0000000000e-01  -4.7467659663e-10  4.7442659663e-10  2.4999999999e-13  0.0000000000e+00  4.2510136461e-26
 3.8900000000e+02  2.6000000000e-01  6.0000000000e-01  -4.7505666638e-10  4.7479666638e-10  2.5999999999e-13  0.0000000000e+00  1.3682003540e-26
 3.9000000000e+02  2.7000000000e-01  6.0000000000e-01  -4.7540781779e-10  4.7513781779e-10  2.6999999999e-13  0.0000000000e+00  3.3422458832e-26
 3.9100000000e+02  2.8000000000e-01  6.0000000000e-01  -4.7573427906e-10  4.7545427906e-10  2.7999999999e-13  0.0000000000e+00  2.2820168266e-26
 3.9200000000e+02  2.9000000000e-01  6.0000000000e-01  -4.7603949099e-10  4.7574949099e-10  2.8999999999e-13  0.0000000000e+00  2.4385268302e-26
 3.9300000000e+02  3.0000000000e-01  6.0000000000e-01  -4.7632628004e-10  4.7602628004e-10  2.9999999999e-13  0.0000000000e+00  7.1590704871e-26
 3.9400000000e+02  3.1000000000e-01  6.0000000000e-01  -4.7659698824e-10  4.7628698824e-10  3.0999999999e-13  0.0000000000e+00  1.5398564870e-26
 3.9500000000e+02  3.2000000000e-01  6.0000000000e-01  -4.7685357191e-10  4.7653357191e-10  3.1999999999e-13  0.0000000000e+00  4.0844062229e-26
 3.9600000000e+02  3.3000000000e-01  6.0000000000e-01  -4.7709767748e-10  4.7676767748e-10  3.2999999999e-13  0.0000000000e+00  6.3613743397e-27
 3.9700000000e+02  3.4000000000e-01  6.0000000000e-01  -4.7733070019e-10  4.7699070019e-10  3.3999999999e-13  0.0000000000e+00  5.3566810908e-26
 3.9800000000e+02  3.5000000000e-01  6.0000000000e-01  -4.7755383020e-10  4.7720383020e-10  3.4999999999e-13  0.0000000000e+00  2.6253290926e-27
 3.9900000000e+02  3.6000000000e-01  6.0000000000e-01  -4.7776808884e-10  4.7740808884e-10  3.5999999999e-13  0.0000000000e+00  5.8817469093e-26
 4.0000000000e+02  3.7000000000e-01  6.0000000000e-01  -4.7797435760e-10  4.7760435760e-10  3.6999999999e-13  0.0000000000e+00  1.1763493819e-26
 4.0100000000e+02  3.8000000000e-01  6.0000000000e-01  -4.7817340129e-10  4.7779340129e-10  3.7999999999e-13  0.0000000000e+00  3.5542916946e-26
 4.0200000000e+02  3.9000000000e-01  6.0000000000e-01  -4.7836588684e-10  4.7797588684e-10  3.8999999999e-13  0.0000000000e+00  2.0750197251e-26
 4.0300000000e+02  4.0000000000e-01  6.0000000000e-01  -4.7855239854e-10  4.7815239854e-10  3.9999999999e-13  0.0000000000e+00  2.6556213513e-26
 4.0400000000e+02  4.1000000000e-01  6.0000000000e-01  -4.7873345056e-10  4.7832345056e-10  4.0999999998e-13  0.0000000000e+00  2.9736900683e-26
 4.0500000000e+02  4.2000000000e-01  6.0000000000e-01  -4.7890949724e-10  4.7848949724e-10  4.1999999998e-13  0.0000000000e+00  8.5979527782e-26
 4.0600000000e+02  4.3000000000e-01  6.0000000000e-01  -4.7908094165e-10  4.7865094165e-10  4.2999999998e-13  0.0000000000e+00  6.4522511160e-26
 4.0700000000e+02  4.4000000000e-01  6.0000000000e-01  -4.7924814270e-10  4.7880814270e-10  4.3999999998e-13  0.0000000000e+00  8.4313453550e-27
 4.0800000000e+02  4.5000000000e-01  6.0000000000e-01  -4.7941142108e-10  4.7896142108e-10  4.4999999998e-13  0.0000000000e+00  4.7760794646e-26
 4.0900000000e+02  4.6000000000e-01  6.0000000000e-01  -4.7957106432e-10  4.7911106432e-10  4.5999999998e-13  0.0000000000e+00  5.0487097934e-28
 4.1000000000e+02  4.7000000000e-01  6.0000000000e-01  -4.7972733104e-10  4.7925733104e-10  4.6999999998e-13  0.0000000000e+00  4.6448130099e-26
 4.1100000000e+02  4.8000000000e-01  6.0000000000e-01  -4.7988045451e-10  4.7940045451e-10  4.7999999998e-13  0.0000000000e+00  9.5925486075e-27
 4.1200000000e+02  4.9000000000e-01  6.0000000000e-01  -4.8003064578e-10  4.7954064578e-10  4.8999999998e-13  0.0000000000e+00  3.7461426667e-26
 4.1300000000e+02  5.0000000000e-01  6.0000000000e-01  -4.8017809631e-10  4.7967809631e-10  4.9999999998e-13  0.0000000000e+00  1.8579252040e-26
 4.1400000000e+02  5.1000000000e-01  6.0000000000e-01  -4.8032298019e-10  4.7981298019e-10  5.0999999998e-13  0.0000000000e+00  7.4821879138e-26
 4.1500000000e+02  5.2000000000e-01  6.0000000000e-01  -4.8046545619e-10  4.7994545619e-10  5.1999999998e-13  0.0000000000e+00  7.5831621097e-26
 4.1600000000e+02  5.3000000000e-01  6.0000000000e-01  -4.8060566938e-10  4.8007566938e-10  5.2999999998e-13  0.0000000000e+00  1.9689968194e-26
 4.1700000000e+02  5.4000000000e-01  6.0000000000e-01  -4.8074375264e-10  4.8020375264e-10  5.3999999998e-13  0.0000000000e+00  3.6653633100e-26
 4.1800000000e+02  5.5000000000e-01  6.0000000000e-01  -4.8087982793e-10  4.8032982793e-10  5.4999999998e-13  0.0000000000e+00  1.0602290566e-26
 4.1900000000e+02  5.6000000000e-01  6.0000000000e-01  -4.8101400744e-10  4.8045400744e-10  5.5999999998e-13  0.0000000000e+00  5.7757240037e-26
 4.2000000000e+02  5.7000000000e-01  6.0000000000e-01  -4.8114639455e-10  4.8057639455e-10  5.6999999998e-13  0.0000000000e+00  1.6155871339e-27
 4.2100000000e+02  5.8000000000e-01  6.0000000000e-01  -4.8127708474e-10  4.8069708474e-10  5.7999999998e-13  0.0000000000e+00  5.4627039965e-26
 4.2200000000e+02  5.9000000000e-01  6.0000000000e-01  -4.8140616631e-10  4.8081616631e-10  5.8999999998e-13  0.0000000000e+00  7.4720904943e-27
 4.2300000000e+02  6.0000000000e-01  6.0000000000e-01  -4.8153372107e-10  4.8093372107e-10  5.9999999998e-13  0.0000000000e+00  3.9682858976e-26
 4.2400000000e+02  6.1000000000e-01  6.0000000000e-01  -4.8165982498e-10  4.8104982498e-10  6.0999999998e-13  0.0000000000e+00  1.6559768122e-26
 4.2500000000e+02  6.2000000000e-01  6.0000000000e-01  -4.8178454863e-10  4.8116454863e-10  6.1999999998e-13  0.0000000000e+00  3.0595181348e-26
 4.2600000000e+02  6.3000000000e-01  6.0000000000e-01  -4.8190795776e-10  4.8127795776e-10  6.2999999998e-13  0.0000000000e+00  2.5546471555e-26
 4.2700000000e+02  6.4000000000e-01  6.0000000000e-01  -4.8203011366e-10  4.8139011366e-10  6.3999999998e-13  0.0000000000e+00  8.1688124457e-26
 4.2800000000e+02  6.5000000000e-01  6.0000000000e-01  -4.8215107357e-10  4.8150107357e-10  6.4999999998e-13  0.0000000000e+00  6.8864401582e-26
 4.2900000000e+02  6.6000000000e-01  6.0000000000e-01  -4.8227089101e-10  4.8161089101e-10  6.5999999998e-13  0.0000000000e+00  1.2520800288e-26
 4.3000000000e+02  6.7000000000e-01  6.0000000000e-01  -4.8238961608e-10  4.8171961608e-10  6.6999999997e-13  0.0000000000e+00  4.3519878419e-26
 4.3100000000e+02  6.8000000000e-01  6.0000000000e-01  -4.8250729577e-10  4.8182729577e-10  6.7999999997e-13  0.0000000000e+00  3.6350710513e-27
 4.3200000000e+02  6.9000000000e-01  6.0000000000e-01  -4.8262397416e-10  4.8193397416e-10  6.8999999997e-13  0.0000000000e+00  5.0890994718e-26
 4.3300000000e+02  7.0000000000e-01  6.0000000000e-01  -4.8273969270e-10  4.8203969270e-10  6.9999999997e-13  0.0000000000e+00  5.4526065769e-27
 4.3400000000e+02  7.1000000000e-01  6.0000000000e-01  -4.8285449038e-10  4.8214449038e-10  7.0999999997e-13  0.0000000000e+00  4.1702342894e-26
 4.3500000000e+02  7.2000000000e-01  6.0000000000e-01  -4.8296840392e-10  4.8224840392e-10  7.1999999997e-13  0.0000000000e+00  1.4439310009e-26
 4.3600000000e+02  7.3000000000e-01  6.0000000000e-01  -4.8308146794e-10  4.8235146794e-10  7.2999999997e-13  0.0000000000e+00  7.0681937108e-26
 4.3700000000e+02  7.4000000000e-01  6.0000000000e-01  -4.8319371512e-10  4.8245371512e-10  7.3999999997e-13  0.0000000000e+00  7.9971563128e-26
 4.3800000000e+02  7.5000000000e-01  6.0000000000e-01  -4.8330517634e-10  4.8255517634e-10  7.4999999997e-13  0.0000000000e+00  2.3829910225e-26
 4.3900000000e+02  7.6000000000e-01  6.0000000000e-01  -4.8341588081e-10  4.8265588081e-10  7.5999999997e-13  0.0000000000e+00  3.2412716874e-26
 4.4000000000e+02  7.7000000000e-01  6.0000000000e-01  -4.8352585617e-10  4.8275585617e-10  7.6999999997e-13  0.0000000000e+00  1.4742232597e-26
 4.4100000000e+02  7.8000000000e-01  6.0000000000e-01  -4.8363512861e-10  4.8285512861e-10  7.7999999997e-13  0.0000000000e+00  6.1695233676e-26
 4.4200000000e+02  7.9000000000e-01  6.0000000000e-01  -4.8374372297e-10  4.8295372297e-10  7.8999999997e-13  0.0000000000e+00  5.6545549686e-27
 4.4300000000e+02  8.0000000000e-01  6.0000000000e-01  -4.8385166282e-10  4.8305166282e-10  7.9999999997e-13  0.0000000000e+00  5.0588072130e-26
 4.4400000000e+02  8.1000000000e-01  6.0000000000e-01  -4.8395897057e-10  4.8314897057e-10  8.0999999997e-13  0.0000000000e+00  3.4331226595e-27
 4.4500000000e+02  8.2000000000e-01  6.0000000000e-01  -4.8406566751e-10  4.8324566751e-10  8.1999999997e-13  0.0000000000e+00  5.9574775562e-26
 4.4600000000e+02  8.3000000000e-01  6.0000000000e-01  -4.8417177388e-10  4.8334177388e-10  8.2999999997e-13  0.0000000000e+00  1.2419826092e-26
 4.4700000000e+02  8.4000000000e-01  6.0000000000e-01  -4.8427730899e-10  4.8343730899e-10  8.3999999997e-13  0.0000000000e+00  3.4836097575e-26
 4.4800000000e+02  8.5000000000e-01  6.0000000000e-01  -4.8438229120e-10  4.8353229120e-10  8.4999999997e-13  0.0000000000e+00  2.1305555328e-26
 4.4900000000e+02  8.6000000000e-01  6.0000000000e-01  -4.8448673805e-10  4.8362673805e-10  8.5999999997e-13  0.0000000000e+00  7.7649156623e-26
 4.5000000000e+02  8.7000000000e-01  6.0000000000e-01  -4.8459066626e-10  4.8372066626e-10  8.6999999997e-13  0.0000000000e+00  7.2903369417e-26
 4.5100000000e+02  8.8000000000e-01  6.0000000000e-01  -4.8469409180e-10  4.8381409180e-10  8.7999999997e-13  0.0000000000e+00  1.6862690710e-26
 4.5200000000e+02  8.9000000000e-01  6.0000000000e-01  -4.8479702993e-10  4.8390702993e-10  8.8999999997e-13  0.0000000000e+00  3.9278962193e-26
 4.5300000000e+02  9.0000000000e-01  6.0000000000e-01  -4.8489949523e-10  4.8399949523e-10  8.9999999997e-13  0.0000000000e+00  7.7750130819e-27
 4.5400000000e+02  9.1000000000e-01  6.0000000000e-01  -4.8500150166e-10  4.8409150166e-10  9.0999999997e-13  0.0000000000e+00  4.8265665625e-26
 4.5500000000e+02  9.2000000000e-01  6.0000000000e-01  -4.8510306259e-10  4.8418306259e-10  9.1999999997e-13  0.0000000000e+00  1.0097419587e-27
 4.5600000000e+02  9.3000000000e-01  6.0000000000e-01  -4.8520419082e-10  4.8427419082e-10  9.2999999997e-13  0.0000000000e+00  4.6044233316e-26
 4.5700000000e+02  9.4000000000e-01  6.0000000000e-01  -4.8530489860e-10  4.8436489860e-10  9.3999999996e-13  0.0000000000e+00  1.0097419587e-26
 4.5800000000e+02  9.5000000000e-01  6.0000000000e-01  -4.8540519770e-10  4.8445519770e-10  9.4999999996e-13  0.0000000000e+00  6.6642969273e-26
 4.5900000000e+02  9.6000000000e-01  6.0000000000e-01  -4.8550509941e-10  4.8454509941e-10  9.5999999996e-13  0.0000000000e+00  8.4212479354e-26
 4.6000000000e+02  9.7000000000e-01  6.0000000000e-01  -4.8560461457e-10  4.8463461457e-10  9.6999999996e-13  0.0000000000e+00  2.7868878060e-26
 4.6100000000e+02  9.8000000000e-01  6.0000000000e-01  -4.8570375358e-10  4.8472375358e-10  9.7999999996e-13  0.0000000000e+00  2.8272774843e-26
 4.6200000000e+02  9.9000000000e-01  6.0000000000e-01  -4.8580252644e-10  4.8481252644e-10  9.8999999996e-13  0.0000000000e+00  1.8781200432e-26
 4.6300000000e+02  1.0000000000e+00  6.0000000000e-01  -4.8590094276e-10  4.8490094276e-10  9.9999999996e-13  0.0000000000e+00  6.6037124098e-26
 4.6400000000e+02  1.0100000000e+00  6.0000000000e-01  -4.8599901181e-10  4.8498901181e-10  1.0100000000e-12  0.0000000000e+00  9.4915744116e-27
 4.6500000000e+02  1.0200000000e+00  6.0000000000e-01  -4.8609674247e-10  4.8507674247e-10  1.0200000000e-12  0.0000000000e+00  4.6852026883e-26
 4.6600000000e+02  1.0300000000e+00  6.0000000000e-01  -4.8619414333e-10  4.8516414333e-10  1.0300000000e-12  0.0000000000e+00  1.4136387422e-27
 4.6700000000e+02  1.0400000000e+00  6.0000000000e-01  -4.8629122263e-10  4.8525122263e-10  1.0400000000e-12  0.0000000000e+00  5.5737756119e-26
 4.6800000000e+02  1.0500000000e+00  6.0000000000e-01  -4.8638798834e-10  4.8533798834e-10  1.0500000000e-12  0.0000000000e+00  8.6837808447e-27
 4.6900000000e+02  1.0600000000e+00  6.0000000000e-01  -4.8648444813e-10  4.8542444813e-10  1.0600000000e-12  0.0000000000e+00  3.9581884780e-26
 4.7000000000e+02  1.0700000000e+00  6.0000000000e-01  -4.8658060940e-10  4.8551060940e-10  1.0700000000e-12  0.0000000000e+00  1.7569510081e-26
 4.7100000000e+02  1.0800000000e+00  6.0000000000e-01  -4.8667647929e-10  4.8559647929e-10  1.0800000000e-12  0.0000000000e+00  7.3711162984e-26
 4.7200000000e+02  1.0900000000e+00  6.0000000000e-01  -4.8677206469e-10  4.8568206469e-10  1.0900000000e-12  0.0000000000e+00  7.7750130819e-26
 4.7300000000e+02  1.1000000000e+00  6.0000000000e-01  -4.8686737225e-10  4.8576737225e-10  1.1000000000e-12  0.0000000000e+00  2.0598735957e-26
 4.7400000000e+02  1.1100000000e+00  6.0000000000e-01  -4.8696240841e-10  4.8585240841e-10  1.1100000000e-12  0.0000000000e+00  3.5542916946e-26
 4.7500000000e+02  1.1200000000e+00  6.0000000000e-01  -4.8705717939e-10  4.8593717939e-10  1.1200000000e-12  0.0000000000e+00  1.2520800288e-26
 4.7600000000e+02  1.1300000000e+00  6.0000000000e-01  -4.8715169119e-10  4.8602169119e-10  1.1300000000e-12  0.0000000000e+00  4.4630594574e-26
 4.7700000000e+02  1.1400000000e+00  6.0000000000e-01  -4.8724594962e-10  4.8610594962e-10  1.1400000000e-12  0.0000000000e+00  2.6253290926e-27
 4.7800000000e+02  1.1500000000e+00  6.0000000000e-01  -4.8733996031e-10  4.8618996031e-10  1.1500000000e-12  0.0000000000e+00  4.9679304367e-26
 4.7900000000e+02  1.1600000000e+00  6.0000000000e-01  -4.8743372870e-10  4.8627372870e-10  1.1600000000e-12  0.0000000000e+00  6.4623485356e-27
 4.8000000000e+02  1.1700000000e+00  6.0000000000e-01  -4.8752726006e-10  4.8635726006e-10  1.1700000000e-12  0.0000000000e+00  6.2604001438e-26
 4.8100000000e+02  1.1800000000e+00  6.0000000000e-01  -4.8762055948e-10  4.8644055948e-10  1.1800000000e-12  0.0000000000e+00  8.8049498797e-26
 4.8200000000e+02  1.1900000000e+00  6.0000000000e-01  -4.8771363192e-10  4.8652363192e-10  1.1900000000e-12  0.0000000000e+00  3.1705897503e-26
 4.8300000000e+02  1.2000000000e+00  6.0000000000e-01  -4.8780648217e-10  4.8660648217e-10  1.2000000000e-12  0.0000000000e+00  2.3426013441e-26
 4.8400000000e+02  0.0000000000e+00  8.0000000000e-01  0.0000000000e+00  0.0000000000e+00  0.0000000000e+00  0.0000000000e+00  0.0000000000e+00
 4.8500000000e+02  1.0000000000e-02  8.0000000000e-01  -1.7641226726e-08  1.7641216726e-08  9.9999999996e-15  0.0000000000e+00  2.5398954565e-25
 4.8600000000e+02  2.0000000000e-02  8.0000000000e-01  -3.2742580760e-08  3.2742560760e-08  1.9999999999e-14  0.0000000000e+00  5.0797909131e-25
 4.8700000000e+02  3.0000000000e-02  8.0000000000e-01  -4.5383365791e-08  4.5383335791e-08  2.9999999999e-14  0.0000000000e+00  4.0707052867e-24
 4.8800000000e+02  4.0000000000e-02  8.0000000000e-01  -5.5679866099e-08  5.5679826099e-08  3.9999999999e-14  0.0000000000e+00  1.2218931618e-23
 4.8900000000e+02  5.0000000000e-02  8.0000000000e-01  -6.3800748053e-08  6.3800698053e-08  4.9999999998e-14  0.0000000000e+00  2.0387699888e-24
 4.9000000000e+02  6.0000000000e-02  8.0000000000e-01  -6.9980379370e-08  6.9980319370e-08  5.9999999998e-14  0.0000000000e+00  5.0935044711e-24
 4.9100000000e+02  7.0000000000e-02  8.0000000000e-01  -7.4518308541e-08  7.4518238541e-08  6.9999999997e-14  0.0000000000e+00  8.1482263316e-24
 4.9200000000e+02  8.0000000000e-02  8.0000000000e-01  -7.7753892021e-08  7.7753812021e-08  7.9999999997e-14  0.0000000000e+00  2.0319163652e-24
 4.9300000000e+02  9.0000000000e-02  8.0000000000e-01  -8.0020810342e-08  8.0020720342e-08  8.9999999997e-14  0.0000000000e+00  1.0228054953e-24
 4.9400000000e+02  1.0000000000e-01  8.0000000000e-01  -8.1604460196e-08  8.1604360196e-08  9.9999999996e-14  0.0000000000e+00  4.0775399776e-24
 4.9500000000e+02  1.1000000000e-01  8.0000000000e-01  -8.2722166819e-08  8.2722056819e-08  1.1000000000e-13  0.0000000000e+00  7.1322744598e-24
 4.9600000000e+02  1.2000000000e-01  8.0000000000e-01  -8.3526422001e-08  8.3526302001e-08  1.2000000000e-13  0.0000000000e+00  3.0478808587e-24
 4.9700000000e+02  1.3000000000e-01  8.0000000000e-01  -8.4119268022e-08  8.4119138022e-08  1.3000000000e-13  0.0000000000e+00  6.8410017701e-27
 4.9800000000e+02  1.4000000000e-01  8.0000000000e-01  -8.4567636504e-08  8.4567496504e-08  1.3999999999e-13  0.0000000000e+00  3.0615881058e-24
 4.9900000000e+02  1.5000000000e-01  8.0000000000e-01  -8.4915376468e-08  8.4915226468e-08  1.4999999999e-13  0.0000000000e+00  6.1163099663e-24
 5.0000000000e+02  1.6000000000e-01  8.0000000000e-01  -8.5191509715e-08  8.5191349715e-08  1.5999999999e-13  0.0000000000e+00  4.0638327305e-24
 5.0100000000e+02  1.7000000000e-01  8.0000000000e-01  -8.5415562209e-08  8.5415392209e-08  1.6999999999e-13  0.0000000000e+00  1.0091108700e-24
 5.0200000000e+02  1.8000000000e-01  8.0000000000e-01  -8.5600926426e-08  8.5600746426e-08  1.7999999999e-13  0.0000000000e+00  2.0456109905e-24
 5.0300000000e+02  1.9000000000e-01  8.0000000000e-01  -8.5756974557e-08  8.5756784557e-08  1.8999999999e-13  0.0000000000e+00  5.1003580946e-24
 5.0400000000e+02  2.0000000000e-01  8.0000000000e-01  -8.5890396771e-08  8.5890196771e-08  1.9999999999e-13  0.0000000000e+00  5.0798098457e-24
 5.0500000000e+02  2.1000000000e-01  8.0000000000e-01  -8.6006060236e-08  8.6005850236e-08  2.0999999999e-13  0.0000000000e+00  1.1209827059e-23
 5.0600000000e+02  2.2000000000e-01  8.0000000000e-01  -8.6107569607e-08  8.6107349607e-08  2.1999999999e-13  0.0000000000e+00  1.0296591188e-24
 5.0700000000e+02  2.3000000000e-01  8.0000000000e-01  -8.6197639206e-08  8.6197409206e-08  2.2999999999e-13  0.0000000000e+00  4.0845071971e-24
 5.0800000000e+02  2.4000000000e-01  8.0000000000e-01  -8.6278344576e-08  8.6278104576e-08  2.3999999999e-13  0.0000000000e+00  6.0957617175e-24
 5.0900000000e+02  2.5000000000e-01  8.0000000000e-01  -8.6351295458e-08  8.6351045458e-08  2.4999999999e-13  0.0000000000e+00  1.0193849944e-23
 5.1000000000e+02  2.6000000000e-01  8.0000000000e-01  -8.6417756750e-08  8.6417496750e-08  2.5999999999e-13  0.0000000000e+00  1.3682003540e-26
 5.1100000000e+02  2.7000000000e-01  8.0000000000e-01  -8.6478734409e-08  8.6478464409e-08  2.6999999999e-13  0.0000000000e+00  3.0685048382e-24
 5.1200000000e+02  2.8000000000e-01  8.0000000000e-01  -8.6535037395e-08  8.6534757395e-08  2.7999999999e-13  0.0000000000e+00  7.1116126150e-24
 5.1300000000e+02  2.9000000000e-01  8.0000000000e-01  -8.6587322941e-08  8.6587032941e-08  2.8999999999e-13  0.0000000000e+00  9.1779990464e-24
 5.1400000000e+02  3.0000000000e-01  8.0000000000e-01  -8.6636130101e-08  8.6635830101e-08  2.9999999999e-13  0.0000000000e+00  1.0021688940e-24
 5.1500000000e+02  3.1000000000e-01  8.0000000000e-01  -8.6681904890e-08  8.6681594890e-08  3.0999999999e-13  0.0000000000e+00  2.0525529665e-24
 5.1600000000e+02  3.2000000000e-01  8.0000000000e-01  -8.6725019358e-08  8.6724699358e-08  3.1999999999e-13  0.0000000000e+00  8.1275644867e-24
 5.1700000000e+02  3.3000000000e-01  8.0000000000e-01  -8.6765786211e-08  8.6765456211e-08  3.2999999999e-13  0.0000000000e+00  8.1620471746e-24
 5.1800000000e+02  3.4000000000e-01  8.0000000000e-01  -8.6804470132e-08  8.6804130132e-08  3.3999999999e-13  0.0000000000e+00  2.0181207657e-24
 5.1900000000e+02  3.5000000000e-01  8.0000000000e-01  -8.6841296632e-08  8.6840946632e-08  3.4999999999e-13  0.0000000000e+00  1.0366010948e-24
 5.2000000000e+02  3.6000000000e-01  8.0000000000e-01  -8.6876459027e-08  8.6876099027e-08  3.5999999999e-13  0.0000000000e+00  9.1435668456e-24
 5.2100000000e+02  3.7000000000e-01  8.0000000000e-01  -8.6910123986e-08  8.6909753986e-08  3.6999999999e-13  0.0000000000e+00  7.1461962771e-24
 5.2200000000e+02  3.8000000000e-01  8.0000000000e-01  -8.6942435980e-08  8.6942055980e-08  3.7999999999e-13  0.0000000000e+00  3.0340726375e-24
 5.2300000000e+02  3.9000000000e-01  8.0000000000e-01  -8.6973520870e-08  8.6973130870e-08  3.8999999999e-13  0.0000000000e+00  2.0750197251e-26
 5.2400000000e+02  4.0000000000e-01  8.0000000000e-01  -8.7003488826e-08  8.7003088826e-08  3.9999999999e-13  0.0000000000e+00  3.0753710836e-24
 5.2500000000e+02  4.1000000000e-01  8.0000000000e-01  -8.7032436713e-08  8.7032026713e-08  4.0999999998e-13  0.0000000000e+00  6.1301939183e-24
 5.2600000000e+02  4.2000000000e-01  8.0000000000e-01  -8.7060450058e-08  8.7060030058e-08  4.1999999998e-13  0.0000000000e+00  4.0499235350e-24
 5.2700000000e+02  4.3000000000e-01  8.0000000000e-01  -8.7087604674e-08  8.7087174674e-08  4.2999999998e-13  0.0000000000e+00  9.9510070028e-25
 5.2800000000e+02  4.4000000000e-01  8.0000000000e-01  -8.7113968020e-08  8.7113528020e-08  4.3999999998e-13  0.0000000000e+00  2.0595201860e-24
 5.2900000000e+02  4.5000000000e-01  8.0000000000e-01  -8.7139600334e-08  8.7139150334e-08  4.4999999998e-13  0.0000000000e+00  5.1142420465e-24
 5.3000000000e+02  4.6000000000e-01  8.0000000000e-01  -8.7164555584e-08  8.7164095584e-08  4.5999999998e-13  0.0000000000e+00  5.0659763809e-24
 5.3100000000e+02  4.7000000000e-01  8.0000000000e-01  -8.7188882278e-08  8.7188412278e-08  4.6999999998e-13  0.0000000000e+00  2.0110020849e-24
 5.3200000000e+02  4.8000000000e-01  8.0000000000e-01  -8.7212624147e-08  8.7212144147e-08  4.7999999998e-13  0.0000000000e+00  1.0435683143e-24
 5.3300000000e+02  4.9000000000e-01  8.0000000000e-01  -8.7235820732e-08  8.7235330732e-08  4.8999999998e-13  0.0000000000e+00  4.0984416361e-24
 5.3400000000e+02  5.0000000000e-01  8.0000000000e-01  -8.7258507877e-08  8.7258007877e-08  4.9999999998e-13  0.0000000000e+00  6.0818777655e-24
 5.3500000000e+02  5.1000000000e-01  8.0000000000e-01  -8.7280718168e-08  8.7280208168e-08  5.0999999998e-13  0.0000000000e+00  3.0271054179e-24
 5.3600000000e+02  5.2000000000e-01  8.0000000000e-01  -8.7302481295e-08  8.7301961295e-08  5.1999999998e-13  0.0000000000e+00  2.7565955472e-26
 5.3700000000e+02  5.3000000000e-01  8.0000000000e-01  -8.7323824378e-08  8.7323294378e-08  5.2999999998e-13  0.0000000000e+00  3.0822373289e-24
 5.3800000000e+02  5.4000000000e-01  8.0000000000e-01  -8.7344772245e-08  8.7344232245e-08  5.3999999998e-13  0.0000000000e+00  7.0977791502e-24
 5.3900000000e+02  5.5000000000e-01  8.0000000000e-01  -8.7365347675e-08  8.7364797675e-08  5.4999999998e-13  0.0000000000e+00  9.1917820241e-24
 5.4000000000e+02  5.6000000000e-01  8.0000000000e-01  -8.7385571609e-08  8.7385011609e-08  5.5999999998e-13  0.0000000000e+00  9.8833542916e-25
 5.4100000000e+02  5.7000000000e-01  8.0000000000e-01  -8.7405463337e-08  8.7404893337e-08  5.6999999998e-13  0.0000000000e+00  2.0663359442e-24
 5.4200000000e+02  5.8000000000e-01  8.0000000000e-01  -8.7425040663e-08  8.7424460663e-08  5.7999999998e-13  0.0000000000e+00  8.1137815090e-24
 5.4300000000e+02  5.9000000000e-01  8.0000000000e-01  -8.7444320050e-08  8.7443730050e-08  5.8999999998e-13  0.0000000000e+00  8.1758806395e-24
 5.4400000000e+02  6.0000000000e-01  8.0000000000e-01  -8.7463316744e-08  8.7462716744e-08  5.9999999998e-13  0.0000000000e+00  2.0042368138e-24
 5.4500000000e+02  6.1000000000e-01  8.0000000000e-01  -8.7482044892e-08  8.7481434892e-08  6.0999999998e-13  0.0000000000e+00  1.0505355338e-24
 5.4600000000e+02  6.2000000000e-01  8.0000000000e-01  -8.7500517640e-08  8.7499897640e-08  6.1999999998e-13  0.0000000000e+00  9.1295819194e-24
 5.4700000000e+02  6.3000000000e-01  8.0000000000e-01  -8.7518747222e-08  8.7518117222e-08  6.2999999998e-13  0.0000000000e+00  7.1599792548e-24
 5.4800000000e+02  6.4000000000e-01  8.0000000000e-01  -8.7536745043e-08  8.7536105043e-08  6.3999999998e-13  0.0000000000e+00  3.0202391726e-24
 5.4900000000e+02  6.5000000000e-01  8.0000000000e-01  -8.7554521749e-08  8.7553871749e-08  6.4999999998e-13  0.0000000000e+00  3.4533174987e-26
 5.5000000000e+02  6.6000000000e-01  8.0000000000e-01  -8.7572087289e-08  8.7571427289e-08  6.5999999998e-13  0.0000000000e+00  1.0145483304e-23
 5.5100000000e+02  6.7000000000e-01  8.0000000000e-01  -8.7589450979e-08  8.7588780979e-08  6.6999999997e-13  0.0000000000e+00  6.1439768960e-24
 5.5200000000e+02  6.8000000000e-01  8.0000000000e-01  -8.7606621545e-08  8.7605941545e-08  6.7999999997e-13  0.0000000000e+00  4.0361405572e-24
 5.5300000000e+02  6.9000000000e-01  8.0000000000e-01  -8.7623607179e-08  8.7622917179e-08  6.8999999997e-13  0.0000000000e+00  9.8146918384e-25
 5.5400000000e+02  7.0000000000e-01  8.0000000000e-01  -8.7640415575e-08  8.7639715575e-08  6.9999999997e-13  0.0000000000e+00  1.1161485663e-23
 5.5500000000e+02  7.1000000000e-01  8.0000000000e-01  -8.7657053970e-08  8.7656343970e-08  7.0999999997e-13  0.0000000000e+00  5.1281764856e-24
 5.5600000000e+02  7.2000000000e-01  8.0000000000e-01  -8.7673529179e-08  8.7672809179e-08  7.1999999997e-13  0.0000000000e+00  5.0520419419e-24
 5.5700000000e+02  7.3000000000e-01  8.0000000000e-01  -8.7689847625e-08  8.7689117625e-08  7.2999999997e-13  0.0000000000e+00  1.9972695943e-24
 5.5800000000e+02  7.4000000000e-01  8.0000000000e-01  -8.7706015370e-08  8.7705275370e-08  7.3999999997e-13  0.0000000000e+00  1.0574017791e-24
 5.5900000000e+02  7.5000000000e-01  8.0000000000e-01  -8.7722038139e-08  8.7721288139e-08  7.4999999997e-13  0.0000000000e+00  4.1120731525e-24
 5.6000000000e+02  7.6000000000e-01  8.0000000000e-01  -8.7737921345e-08  8.7737161345e-08  7.5999999997e-13  0.0000000000e+00  6.0680443007e-24
 5.6100000000e+02  7.7000000000e-01  8.0000000000e-01  -8.7753670110e-08  8.7752900110e-08  7.6999999997e-13  0.0000000000e+00  3.0132719531e-24
 5.6200000000e+02  7.8000000000e-01  8.0000000000e-01  -8.7769289288e-08  8.7768509288e-08  7.7999999997e-13  0.0000000000e+00  4.1702342894e-26
 5.6300000000e+02  7.9000000000e-01  8.0000000000e-01  -8.7784783479e-08  8.7783993479e-08  7.8999999997e-13  0.0000000000e+00  3.0962727421e-24
 5.6400000000e+02  8.0000000000e-01  8.0000000000e-01  -8.7800157049e-08  8.7799357049e-08  7.9999999997e-13  0.0000000000e+00  7.0838447111e-24
 5.6500000000e+02  8.1000000000e-01  8.0000000000e-01  -8.7815414143e-08  8.7814604143e-08  8.0999999997e-13  0.0000000000e+00  4.0290723635e-24
 5.6600000000e+02  8.2000000000e-01  8.0000000000e-01  -8.7830558702e-08  8.7829738702e-08  8.1999999997e-13  0.0000000000e+00  9.7440099013e-25
 5.6700000000e+02  8.3000000000e-01  8.0000000000e-01  -8.7845594475e-08  8.7844764475e-08  8.2999999997e-13  0.0000000000e+00  2.0803713575e-24
 5.6800000000e+02  8.4000000000e-01  8.0000000000e-01  -8.7860525030e-08  8.7859685030e-08  8.3999999997e-13  0.0000000000e+00  8.0998470700e-24
 5.6900000000e+02  8.5000000000e-01  8.0000000000e-01  -8.7875353766e-08  8.7874503766e-08  8.4999999997e-13  0.0000000000e+00  5.0451756966e-24
 5.7000000000e+02  8.6000000000e-01  8.0000000000e-01  -8.7890083924e-08  8.7889223924e-08  8.5999999997e-13  0.0000000000e+00  1.9903023748e-24
 5.7100000000e+02  8.7000000000e-01  8.0000000000e-01  -8.7904718596e-08  8.7903848596e-08  8.6999999997e-13  0.0000000000e+00  1.0644699728e-24
 5.7200000000e+02  8.8000000000e-01  8.0000000000e-01  -8.7919260733e-08  8.7918380733e-08  8.7999999997e-13  0.0000000000e+00  9.1158494288e-24
 5.7300000000e+02  8.9000000000e-01  8.0000000000e-01  -8.7933713156e-08  8.7932823156e-08  8.8999999997e-13  0.0000000000e+00  6.0611780554e-24
 5.7400000000e+02  9.0000000000e-01  8.0000000000e-01  -8.7948078558e-08  8.7947178558e-08  8.9999999997e-13  0.0000000000e+00  3.0063047336e-24
 5.7500000000e+02  9.1000000000e-01  8.0000000000e-01  -8.7962359520e-08  8.7961449520e-08  9.0999999997e-13  0.0000000000e+00  4.8265665625e-26
 5.7600000000e+02  9.2000000000e-01  8.0000000000e-01  -8.7976558507e-08  8.7975638507e-08  9.1999999997e-13  0.0000000000e+00  1.0131952762e-23
 5.7700000000e+02  9.3000000000e-01  8.0000000000e-01  -8.7990677884e-08  8.7989747884e-08  9.2999999997e-13  0.0000000000e+00  6.1578103608e-24
 5.7800000000e+02  9.4000000000e-01  8.0000000000e-01  -8.8004719915e-08  8.8003779915e-08  9.3999999996e-13  0.0000000000e+00  9.2124817342e-24
 5.7900000000e+02  9.5000000000e-01  8.0000000000e-01  -8.8018686770e-08  8.8017736770e-08  9.4999999996e-13  0.0000000000e+00  9.6733279642e-25
 5.8000000000e+02  9.6000000000e-01  8.0000000000e-01  -8.8032580534e-08  8.8031620534e-08  9.5999999996e-13  0.0000000000e+00  2.0871366286e-24
 5.8100000000e+02  9.7000000000e-01  8.0000000000e-01  -8.8046403204e-08  8.8045433204e-08  9.6999999996e-13  0.0000000000e+00  5.1420099504e-24
 5.8200000000e+02  9.8000000000e-01  8.0000000000e-01  -8.8060156702e-08  8.8059176702e-08  9.7999999996e-13  0.0000000000e+00  8.1966813238e-24
 5.8300000000e+02  9.9000000000e-01  8.0000000000e-01  -8.8073842870e-08  8.8072852870e-08  9.8999999996e-13  0.0000000000e+00  1.9833351552e-24
 5.8400000000e+02  1.0000000000e+00  8.0000000000e-01  -8.8087463484e-08  8.8086463484e-08  9.9999999996e-13  0.0000000000e+00  1.0713362182e-24
 5.8500000000e+02  1.0100000000e+00  8.0000000000e-01  -8.8101020248e-08  8.8100010248e-08  1.0100000000e-12  0.0000000000e+00  4.1264114884e-24
 5.8600000000e+02  1.0200000000e+00  8.0000000000e-01  -8.8114514804e-08  8.8113494804e-08  1.0200000000e-12  0.0000000000e+00  7.1812848102e-24
 5.8700000000e+02  1.0300000000e+00  8.0000000000e-01  -8.8127948731e-08  8.8126918731e-08  1.0300000000e-12  0.0000000000e+00  2.9999433592e-24
 5.8800000000e+02  1.0400000000e+00  8.0000000000e-01  -8.8141323551e-08  8.8140283551e-08  1.0400000000e-12  0.0000000000e+00  5.5737756119e-26
 5.8900000000e+02  1.0500000000e+00  8.0000000000e-01  -8.8154640730e-08  8.8153590730e-08  1.0500000000e-12  0.0000000000e+00  3.1106110779e-24
 5.9000000000e+02  1.0600000000e+00  8.0000000000e-01  -8.8167901683e-08  8.8166841683e-08  1.0600000000e-12  0.0000000000e+00  6.1642727094e-24
 5.9100000000e+02  1.0700000000e+00  8.0000000000e-01  -8.8181107771e-08  8.8180037771e-08  1.0700000000e-12  0.0000000000e+00  4.0149359761e-24
 5.9200000000e+02  1.0800000000e+00  8.0000000000e-01  -8.8194260310e-08  8.8193180310e-08  1.0800000000e-12  0.0000000000e+00  9.6026460271e-25
 5.9300000000e+02  1.0900000000e+00  8.0000000000e-01  -8.8207360570e-08  8.8206270570e-08  1.0900000000e-12  0.0000000000e+00  2.0935989771e-24
 5.9400000000e+02  1.1000000000e+00  8.0000000000e-01  -8.8220409775e-08  8.8219309775e-08  1.1000000000e-12  0.0000000000e+00  5.1492800925e-24
 5.9500000000e+02  1.1100000000e+00  8.0000000000e-01  -8.8233409110e-08  8.8232299110e-08  1.1100000000e-12  0.0000000000e+00  5.0309383349e-24
 5.9600000000e+02  1.1200000000e+00  8.0000000000e-01  -8.8246359719e-08  8.8245239719e-08  1.1200000000e-12  0.0000000000e+00  1.1257815046e-23
 5.9700000000e+02  1.1300000000e+00  8.0000000000e-01  -8.8259262708e-08  8.8258132708e-08  1.1300000000e-12  0.0000000000e+00  1.0786063603e-24
 5.9800000000e+02  1.1400000000e+00  8.0000000000e-01  -8.8272119146e-08  8.8270979146e-08  1.1400000000e-12  0.0000000000e+00  4.1332777337e-24
 5.9900000000e+02  1.1500000000e+00  8.0000000000e-01  -8.8284930068e-08  8.8283780068e-08  1.1500000000e-12  0.0000000000e+00  6.0467387454e-24
 6.0000000000e+02  1.1600000000e+00  8.0000000000e-01  -8.8297696474e-08  8.8296536474e-08  1.1600000000e-12  0.0000000000e+00  1.0242822429e-23
 6.0100000000e+02  1.1700000000e+00  8.0000000000e-01  -8.8310419335e-08  8.8309249335e-08  1.1700000000e-12  0.0000000000e+00  6.2604001438e-26
 6.0200000000e+02  1.1800000000e+00  8.0000000000e-01  -8.8323099588e-08  8.8321919588e-08  1.1800000000e-12  0.0000000000e+00  3.1172753748e-24
 6.0300000000e+02  1.1900000000e+00  8.0000000000e-01  -8.8335738143e-08  8.8334548143e-08  1.1900000000e-12  0.0000000000e+00  7.0627411042e-24
 6.0400000000e+02  1.2000000000e+00  8.0000000000e-01  -8.8348335880e-08  8.8347135880e-08  1.2000000000e-12  0.0000000000e+00  9.2258103281e-24
 6.0500000000e+02  0.0000000000e+00  1.0000000000e+00  0.0000000000e+00  0.0000000000e+00  0.0000000000e+00  0.0000000000e+00  0.0000000000e+00
 6.0600000000e+02  1.0000000000e-02  1.0000000000e+00  -5.7483810523e-07  5.7483809523e-07  9.9999999996e-15  0.0000000000e+00  6.9229181909e-23
 6.0700000000e+02  2.0000000000e-02  1.0000000000e+00  -1.1077266613e-06  1.1077266413e-06  1.9999999999e-14  0.0000000000e+00  1.3845836382e-22
 6.0800000000e+02  3.0000000000e-02  1.0000000000e+00  -1.5990047867e-06  1.5990047567e-06  2.9999999999e-14  0.0000000000e+00  1.0180841312e-22
 6.0900000000e+02  4.0000000000e-02  1.0000000000e+00  -2.0490644716e-06  2.0490644316e-06  3.9999999999e-14  0.0000000000e+00  1.4659974599e-22
 6.1000000000e+02  5.0000000000e-02  1.0000000000e+00  -2.4583663711e-06  2.4583663211e-06  4.9999999998e-14  0.0000000000e+00  3.9500792404e-22
 6.1100000000e+02  6.0000000000e-02  1.0000000000e+00  -2.8274659079e-06  2.8274658479e-06  5.9999999998e-14  0.0000000000e+00  2.1989962214e-22
 6.1200000000e+02  7.0000000000e-02  1.0000000000e+00  -3.1570531341e-06  3.1570530641e-06  6.9999999997e-14  0.0000000000e+00  4.4791332872e-23
 6.1300000000e+02  8.0000000000e-02  1.0000000000e+00  -3.4480105127e-06  3.4480104327e-06  7.9999999997e-14  0.0000000000e+00  1.3031698164e-22
 6.1400000000e+02  9.0000000000e-02  1.0000000000e+00  -3.7014919548e-06  3.7014918648e-06  8.9999999997e-14  0.0000000000e+00  1.1809120271e-22
 6.1500000000e+02  1.0000000000e-01  1.0000000000e+00  -3.9190220019e-06  3.9190219019e-06  9.9999999996e-14  0.0000000000e+00  7.9001584807e-22
 6.1600000000e+02  1.1000000000e-01  1.0000000000e+00  -4.1026032776e-06  4.1026031676e-06  1.1000000000e-13  0.0000000000e+00  6.1490754618e-22
 6.1700000000e+02  1.2000000000e-01  1.0000000000e+00  -4.2548025301e-06  4.2548024101e-06  1.2000000000e-13  0.0000000000e+00  1.2868321915e-21
 6.1800000000e+02  1.3000000000e-01  1.0000000000e+00  -4.3787677175e-06  4.3787675875e-06  1.3000000000e-13  0.0000000000e+00  5.8234199224e-22
 6.1900000000e+02  1.4000000000e-01  1.0000000000e+00  -4.4781289135e-06  4.4781287735e-06  1.3999999999e-13  0.0000000000e+00  1.7836485350e-21
 6.2000000000e+02  1.5000000000e-01  1.0000000000e+00  -4.5567723506e-06  4.5567722006e-06  1.4999999999e-13  0.0000000000e+00  8.5525648771e-23
 6.2100000000e+02  1.6000000000e-01  1.0000000000e+00  -4.6185394455e-06  4.6185392855e-06  1.5999999999e-13  0.0000000000e+00  5.8639898397e-22
 6.2200000000e+02  1.7000000000e-01  1.0000000000e+00  -4.6669451309e-06  4.6669449609e-06  1.6999999999e-13  0.0000000000e+00  4.3574225256e-22
 6.2300000000e+02  1.8000000000e-01  1.0000000000e+00  -4.7049948032e-06  4.7049946232e-06  1.7999999999e-13  0.0000000000e+00  6.1085054183e-22
 6.2400000000e+02  1.9000000000e-01  1.0000000000e+00  -4.7351227701e-06  4.7351225801e-06  1.8999999999e-13  0.0000000000e+00  1.7551399854e-21
 6.2500000000e+02  2.0000000000e-01  1.0000000000e+00  -4.7592248773e-06  4.7592246773e-06  1.9999999999e-13  0.0000000000e+00  1.1403419836e-22
 6.2600000000e+02  2.1000000000e-01  1.0000000000e+00  -4.7787404852e-06  4.7787402752e-06  2.0999999999e-13  0.0000000000e+00  5.5789043438e-22
 6.2700000000e+02  2.2000000000e-01  1.0000000000e+00  -4.7947471181e-06  4.7947468981e-06  2.1999999999e-13  0.0000000000e+00  4.6425080215e-22
 6.2800000000e+02  2.3000000000e-01  1.0000000000e+00  -4.8080470964e-06  4.8080468664e-06  2.2999999999e-13  0.0000000000e+00  2.0767372962e-22
 6.2900000000e+02  2.4000000000e-01  1.0000000000e+00  -4.8192383119e-06  4.8192380719e-06  2.3999999999e-13  0.0000000000e+00  3.2565541319e-23
 6.3000000000e+02  2.5000000000e-01  1.0000000000e+00  -4.8287685454e-06  4.8287682954e-06  2.4999999999e-13  0.0000000000e+00  1.4254274795e-22
 6.3100000000e+02  2.6000000000e-01  1.0000000000e+00  -4.8369757289e-06  4.8369754689e-06  2.5999999999e-13  0.0000000000e+00  1.3764148573e-21
 6.3200000000e+02  2.7000000000e-01  1.0000000000e+00  -4.8441172532e-06  4.8441169832e-06  2.6999999999e-13  0.0000000000e+00  1.3397923747e-21
 6.3300000000e+02  2.8000000000e-01  1.0000000000e+00  -4.8503911381e-06  4.8503908581e-06  2.7999999999e-13  0.0000000000e+00  1.7916518003e-22
 6.3400000000e+02  2.9000000000e-01  1.0000000000e+00  -4.8559513081e-06  4.8559510181e-06  2.8999999999e-13  0.0000000000e+00  4.0568907545e-24
 6.3500000000e+02  3.0000000000e-01  1.0000000000e+00  -4.8609186491e-06  4.8609183491e-06  2.9999999999e-13  0.0000000000e+00  1.7105139852e-22
 6.3600000000e+02  3.1000000000e-01  1.0000000000e+00  -4.8653890598e-06  4.8653887498e-06  3.0999999999e-13  0.0000000000e+00  5.0087325947e-22
 6.3700000000e+02  3.2000000000e-01  1.0000000000e+00  -4.8694393577e-06  4.8694390377e-06  3.1999999999e-13  0.0000000000e+00  5.2126802755e-22
 6.3800000000e+02  3.3000000000e-01  1.0000000000e+00  -4.8731316478e-06  4.8731313178e-06  3.2999999999e-13  0.0000000000e+00  1.5065663044e-22
 6.3900000000e+02  3.4000000000e-01  1.0000000000e+00  -4.8765165840e-06  4.8765162440e-06  3.3999999999e-13  0.0000000000e+00  2.4451658836e-23
 6.4000000000e+02  3.5000000000e-01  1.0000000000e+00  -4.8796358252e-06  4.8796354752e-06  3.4999999999e-13  0.0000000000e+00  1.9955994811e-22
 6.4100000000e+02  3.6000000000e-01  1.0000000000e+00  -4.8825239028e-06  4.8825235428e-06  3.5999999999e-13  0.0000000000e+00  3.7466823738e-22
 6.4200000000e+02  3.7000000000e-01  1.0000000000e+00  -4.8852096520e-06  4.8852092820e-06  3.6999999999e-13  0.0000000000e+00  1.3968096254e-21
 6.4300000000e+02  3.8000000000e-01  1.0000000000e+00  -4.8877173194e-06  4.8877169394e-06  3.7999999999e-13  0.0000000000e+00  1.2214808085e-22
 6.4400000000e+02  3.9000000000e-01  1.0000000000e+00  -4.8900674271e-06  4.8900670371e-06  3.8999999999e-13  0.0000000000e+00  5.2960309401e-23
 6.4500000000e+02  4.0000000000e-01  1.0000000000e+00  -4.8922774523e-06  4.8922770523e-06  3.9999999999e-13  0.0000000000e+00  6.1896444956e-22
 6.4600000000e+02  4.1000000000e-01  1.0000000000e+00  -4.8943623648e-06  4.8943619548e-06  4.0999999998e-13  0.0000000000e+00  4.4385605931e-22
 6.4700000000e+02  4.2000000000e-01  1.0000000000e+00  -4.8963350575e-06  4.8963346375e-06  4.1999999998e-13  0.0000000000e+00  5.7828522770e-22
 6.4800000000e+02  4.3000000000e-01  1.0000000000e+00  -4.8982066915e-06  4.8982062615e-06  4.2999999998e-13  0.0000000000e+00  9.3639329306e-23
 6.4900000000e+02  4.4000000000e-01  1.0000000000e+00  -4.8999869757e-06  4.8999865357e-06  4.3999999998e-13  0.0000000000e+00  8.1468858991e-23
 6.5000000000e+02  4.5000000000e-01  1.0000000000e+00  -4.9016843944e-06  4.9016839444e-06  4.4999999998e-13  0.0000000000e+00  1.4374887462e-21
 6.5100000000e+02  4.6000000000e-01  1.0000000000e+00  -4.9033063939e-06  4.9033059339e-06  4.5999999998e-13  0.0000000000e+00  4.3168538705e-22
 6.5200000000e+02  4.7000000000e-01  1.0000000000e+00  -4.9048595365e-06  4.9048590665e-06  4.6999999998e-13  0.0000000000e+00  6.0679392875e-22
 6.5300000000e+02  4.8000000000e-01  1.0000000000e+00  -4.9063496275e-06  4.9063491475e-06  4.7999999998e-13  0.0000000000e+00  6.5130880690e-23
 6.5400000000e+02  4.9000000000e-01  1.0000000000e+00  -4.9077818215e-06  4.9077813315e-06  4.8999999998e-13  0.0000000000e+00  1.0997756004e-22
 6.5500000000e+02  5.0000000000e-01  1.0000000000e+00  -4.9091607116e-06  4.9091602116e-06  4.9999999998e-13  0.0000000000e+00  5.6194724940e-22
 6.5600000000e+02  5.1000000000e-01  1.0000000000e+00  -4.9104904037e-06  4.9104898937e-06  5.0999999998e-13  0.0000000000e+00  4.6019403761e-22
 6.5700000000e+02  5.2000000000e-01  1.0000000000e+00  -4.9117745798e-06  4.9117740598e-06  5.1999999998e-13  0.0000000000e+00  2.1173067086e-22
 6.5800000000e+02  5.3000000000e-01  1.0000000000e+00  -4.9130165518e-06  4.9130160218e-06  5.2999999998e-13  0.0000000000e+00  3.6622432074e-23
 6.5900000000e+02  5.4000000000e-01  1.0000000000e+00  -4.9142193071e-06  4.9142187671e-06  5.3999999998e-13  0.0000000000e+00  1.3848600866e-22
 6.6000000000e+02  5.5000000000e-01  1.0000000000e+00  -4.9153855475e-06  4.9153849975e-06  5.4999999998e-13  0.0000000000e+00  5.3343869981e-22
 6.6100000000e+02  5.6000000000e-01  1.0000000000e+00  -4.9165177233e-06  4.9165171633e-06  5.5999999998e-13  0.0000000000e+00  4.8870258720e-22
 6.6200000000e+02  5.7000000000e-01  1.0000000000e+00  -4.9176180616e-06  4.9176174916e-06  5.6999999998e-13  0.0000000000e+00  1.8322212127e-22
 6.6300000000e+02  5.8000000000e-01  1.0000000000e+00  -4.9186885919e-06  4.9186880119e-06  5.7999999998e-13  0.0000000000e+00  8.1137815090e-24
 6.6400000000e+02  5.9000000000e-01  1.0000000000e+00  -4.9197311675e-06  4.9197305775e-06  5.8999999998e-13  0.0000000000e+00  1.6699455825e-22
 6.6500000000e+02  6.0000000000e-01  1.0000000000e+00  -4.9207474847e-06  4.9207468847e-06  5.9999999998e-13  0.0000000000e+00  5.0493004925e-22
 6.6600000000e+02  6.1000000000e-01  1.0000000000e+00  -4.9217390990e-06  4.9217384890e-06  6.0999999998e-13  0.0000000000e+00  1.3642441850e-21
 6.6700000000e+02  6.2000000000e-01  1.0000000000e+00  -4.9227074399e-06  4.9227068199e-06  6.1999999998e-13  0.0000000000e+00  6.9231957753e-22
 6.6800000000e+02  6.3000000000e-01  1.0000000000e+00  -4.9236538234e-06  4.9236531934e-06  6.2999999998e-13  0.0000000000e+00  2.0394869056e-23
 6.6900000000e+02  6.4000000000e-01  1.0000000000e+00  -4.9245794634e-06  4.9245788234e-06  6.3999999998e-13  0.0000000000e+00  6.5152983941e-22
 6.7000000000e+02  6.5000000000e-01  1.0000000000e+00  -4.9254854813e-06  4.9254848313e-06  6.4999999998e-13  0.0000000000e+00  4.7642149966e-22
 6.7100000000e+02  6.6000000000e-01  1.0000000000e+00  -4.9263729152e-06  4.9263722552e-06  6.5999999998e-13  0.0000000000e+00  3.0131305892e-22
 6.7200000000e+02  6.7000000000e-01  1.0000000000e+00  -4.9272427274e-06  4.9272420574e-06  6.6999999997e-13  0.0000000000e+00  1.2620492111e-22
 6.7300000000e+02  6.8000000000e-01  1.0000000000e+00  -4.9280958110e-06  4.9280951310e-06  6.7999999997e-13  0.0000000000e+00  4.8903418646e-23
 6.7400000000e+02  6.9000000000e-01  1.0000000000e+00  -4.9289329970e-06  4.9289323070e-06  6.8999999997e-13  0.0000000000e+00  1.4700542371e-21
 6.7500000000e+02  7.0000000000e-01  1.0000000000e+00  -4.9297550587e-06  4.9297543587e-06  6.9999999997e-13  0.0000000000e+00  1.2461530454e-21
 6.7600000000e+02  7.1000000000e-01  1.0000000000e+00  -4.9305627176e-06  4.9305620076e-06  7.0999999997e-13  0.0000000000e+00  5.7422843792e-22
 6.7700000000e+02  7.2000000000e-01  1.0000000000e+00  -4.9313566470e-06  4.9313559270e-06  7.1999999997e-13  0.0000000000e+00  9.7696270548e-23
 6.7800000000e+02  7.3000000000e-01  1.0000000000e+00  -4.9321374767e-06  4.9321367467e-06  7.2999999997e-13  0.0000000000e+00  7.7412069211e-23
 6.7900000000e+02  7.4000000000e-01  1.0000000000e+00  -4.9329057962e-06  4.9329050562e-06  7.3999999997e-13  0.0000000000e+00  5.9451263926e-22
 6.8000000000e+02  7.5000000000e-01  1.0000000000e+00  -4.9336621579e-06  4.9336614079e-06  7.4999999997e-13  0.0000000000e+00  4.1940440047e-22
 6.8100000000e+02  7.6000000000e-01  1.0000000000e+00  -4.9344070801e-06  4.9344063201e-06  7.5999999997e-13  0.0000000000e+00  6.0273688654e-22
 6.8200000000e+02  7.7000000000e-01  1.0000000000e+00  -4.9351410501e-06  4.9351402801e-06  7.6999999997e-13  0.0000000000e+00  6.9187720957e-23
 6.8300000000e+02  7.8000000000e-01  1.0000000000e+00  -4.9358645255e-06  4.9358637455e-06  7.7999999997e-13  0.0000000000e+00  1.0592082075e-22
 6.8400000000e+02  7.9000000000e-01  1.0000000000e+00  -4.9365779378e-06  4.9365771478e-06  7.8999999997e-13  0.0000000000e+00  5.6600398869e-22
 6.8500000000e+02  8.0000000000e-01  1.0000000000e+00  -4.9372816931e-06  4.9372808931e-06  7.9999999997e-13  0.0000000000e+00  4.5613729832e-22
 6.8600000000e+02  8.1000000000e-01  1.0000000000e+00  -4.9379761747e-06  4.9379753647e-06  8.0999999997e-13  0.0000000000e+00  2.1578730918e-22
 6.8700000000e+02  8.2000000000e-01  1.0000000000e+00  -4.9386617446e-06  4.9386609246e-06  8.1999999997e-13  0.0000000000e+00  4.0679070393e-23
 6.8800000000e+02  8.3000000000e-01  1.0000000000e+00  -4.9393387448e-06  4.9393379148e-06  8.2999999997e-13  0.0000000000e+00  1.3442926937e-22
 6.8900000000e+02  8.4000000000e-01  1.0000000000e+00  -4.9400074989e-06  4.9400066589e-06  8.3999999997e-13  0.0000000000e+00  1.3845283864e-21
 6.9000000000e+02  8.5000000000e-01  1.0000000000e+00  -4.9406683132e-06  4.9406674632e-06  8.4999999997e-13  0.0000000000e+00  3.6238720032e-22
 6.9100000000e+02  8.6000000000e-01  1.0000000000e+00  -4.9413214780e-06  4.9413206180e-06  8.5999999997e-13  0.0000000000e+00  1.8727875959e-22
 6.9200000000e+02  8.7000000000e-01  1.0000000000e+00  -4.9419672687e-06  4.9419663987e-06  8.6999999997e-13  0.0000000000e+00  1.2170419828e-23
 6.9300000000e+02  8.8000000000e-01  1.0000000000e+00  -4.9426059465e-06  4.9426050665e-06  8.7999999997e-13  0.0000000000e+00  6.8409522927e-22
 6.9400000000e+02  8.9000000000e-01  1.0000000000e+00  -4.9432377598e-06  4.9432368698e-06  8.8999999997e-13  0.0000000000e+00  1.3560199377e-21
 6.9500000000e+02  9.0000000000e-01  1.0000000000e+00  -4.9438629445e-06  4.9438620445e-06  8.9999999997e-13  0.0000000000e+00  5.1315439750e-22
 6.9600000000e+02  9.1000000000e-01  1.0000000000e+00  -4.9444817250e-06  4.9444808150e-06  9.0999999997e-13  0.0000000000e+00  1.0058033592e-21
 6.9700000000e+02  9.2000000000e-01  1.0000000000e+00  -4.9450943151e-06  4.9450933951e-06  9.1999999997e-13  0.0000000000e+00  1.6337826840e-23
 6.9800000000e+02  9.3000000000e-01  1.0000000000e+00  -4.9457009185e-06  4.9456999885e-06  9.2999999997e-13  0.0000000000e+00  6.5558667968e-22
 6.9900000000e+02  9.4000000000e-01  1.0000000000e+00  -4.9463017291e-06  4.9463007891e-06  9.3999999996e-13  0.0000000000e+00  4.8047844090e-22
 7.0000000000e+02  9.5000000000e-01  1.0000000000e+00  -4.9468969322e-06  4.9468959822e-06  9.4999999996e-13  0.0000000000e+00  5.4166314904e-22
 7.0100000000e+02  9.6000000000e-01  1.0000000000e+00  -4.9474867046e-06  4.9474857446e-06  9.5999999996e-13  0.0000000000e+00  1.3026176138e-22
 7.0200000000e+02  9.7000000000e-01  1.0000000000e+00  -4.9480712149e-06  4.9480702449e-06  9.6999999996e-13  0.0000000000e+00  4.4846679353e-23
 7.0300000000e+02  9.8000000000e-01  1.0000000000e+00  -4.9486506247e-06  4.9486496447e-06  9.7999999996e-13  0.0000000000e+00  6.2707802912e-22
 7.0400000000e+02  9.9000000000e-01  1.0000000000e+00  -4.9492250883e-06  4.9492240983e-06  9.8999999996e-13  0.0000000000e+00  4.5196958838e-22
 7.0500000000e+02  1.0000000000e+00  1.0000000000e+00  -4.9497947532e-06  4.9497937532e-06  9.9999999996e-13  0.0000000000e+00  5.7017159765e-22
 7.0600000000e+02  1.0100000000e+00  1.0000000000e+00  -4.9503597610e-06  4.9503587510e-06  1.0100000000e-12  0.0000000000e+00  1.0175270692e-22
 7.0700000000e+02  1.0200000000e+00  1.0000000000e+00  -4.9509202470e-06  4.9509192270e-06  1.0200000000e-12  0.0000000000e+00  9.2038868107e-22
 7.0800000000e+02  1.0300000000e+00  1.0000000000e+00  -4.9514763410e-06  4.9514753110e-06  1.0300000000e-12  0.0000000000e+00  5.9856998440e-22
 7.0900000000e+02  1.0400000000e+00  1.0000000000e+00  -4.9520281676e-06  4.9520271276e-06  1.0400000000e-12  0.0000000000e+00  1.2706051586e-21
 7.1000000000e+02  1.0500000000e+00  1.0000000000e+00  -4.9525758462e-06  4.9525747962e-06  1.0500000000e-12  0.0000000000e+00  5.9868065212e-22
 7.1100000000e+02  1.0600000000e+00  1.0000000000e+00  -4.9531194915e-06  4.9531184315e-06  1.0600000000e-12  0.0000000000e+00  7.3245066096e-23
 7.1200000000e+02  1.0700000000e+00  1.0000000000e+00  -4.9536592136e-06  4.9536581436e-06  1.0700000000e-12  0.0000000000e+00  1.0186418243e-22
 7.1300000000e+02  1.0800000000e+00  1.0000000000e+00  -4.9541951184e-06  4.9541940384e-06  1.0800000000e-12  0.0000000000e+00  2.7697242122e-22
 7.1400000000e+02  1.0900000000e+00  1.0000000000e+00  -4.9547273076e-06  4.9547262176e-06  1.0900000000e-12  0.0000000000e+00  4.5207985221e-22
 7.1500000000e+02  1.1000000000e+00  1.0000000000e+00  -4.9552558791e-06  4.9552547791e-06  1.1000000000e-12  0.0000000000e+00  2.1984384652e-22
 7.1600000000e+02  1.1100000000e+00  1.0000000000e+00  -4.9557809271e-06  4.9557798171e-06  1.1100000000e-12  0.0000000000e+00  4.4735607737e-23
 7.1700000000e+02  1.1200000000e+00  1.0000000000e+00  -4.9563025422e-06  4.9563014222e-06  1.1200000000e-12  0.0000000000e+00  1.3037182325e-22
 7.1800000000e+02  1.1300000000e+00  1.0000000000e+00  -4.9568208118e-06  4.9568196818e-06  1.1300000000e-12  0.0000000000e+00  5.4155187547e-22
 7.1900000000e+02  1.1400000000e+00  1.0000000000e+00  -4.9573358200e-06  4.9573346800e-06  1.1400000000e-12  0.0000000000e+00  4.8058931056e-22
 7.2000000000e+02  1.1500000000e+00  1.0000000000e+00  -4.9578476478e-06  4.9578464978e-06  1.1500000000e-12  0.0000000000e+00  1.9133519596e-22
 7.2100000000e+02  1.1600000000e+00  1.0000000000e+00  -4.9583563734e-06  4.9583552134e-06  1.1600000000e-12  0.0000000000e+00  1.6226957173e-23
 7.2200000000e+02  1.1700000000e+00  1.0000000000e+00  -4.9588620724e-06  4.9588609024e-06  1.1700000000e-12  0.0000000000e+00  1.5888128161e-22
 7.2300000000e+02  1.1800000000e+00  1.0000000000e+00  -4.9593648175e-06  4.9593636375e-06  1.1800000000e-12  0.0000000000e+00  5.1304342686e-22
 7.2400000000e+02  1.1900000000e+00  1.0000000000e+00  -4.9598646789e-06  4.9598634889e-06  1.1900000000e-12  0.0000000000e+00  3.3793498613e-22
 7.2500000000e+02  1.2000000000e+00  1.0000000000e+00  -4.9603617246e-06  4.9603605246e-06  1.2000000000e-12  0.0000000000e+00  1.6282775708e-22
 7.2600000000e+02  0.0000000000e+00  1.2000000000e+00  0.0000000000e+00  0.0000000000e+00  0.0000000000e+00  0.0000000000e+00  0.0000000000e+00
 7.2700000000e+02  1.0000000000e-02  1.2000000000e+00  -2.0736734336e-06  2.0736734236e-06  9.9999999996e-15  0.0000000000e+00  2.4840817331e-22
 7.2800000000e+02  2.0000000000e-02  1.2000000000e+00  -4.0789124346e-06  4.0789124146e-06  1.9999999999e-14  0.0000000000e+00  3.5021660063e-22
 7.2900000000e+02  3.0000000000e-02  1.2000000000e+00  -6.0160959923e-06  6.0160959623e-06  2.9999999999e-14  0.0000000000e+00  5.2532488675e-22
 7.3000000000e+02  4.0000000000e-02  1.2000000000e+00  -7.8856037872e-06  7.8856037472e-06  3.9999999999e-14  0.0000000000e+00  9.9363269325e-22
 7.3100000000e+02  5.0000000000e-02  1.2000000000e+00  -9.6878150882e-06  9.6878150382e-06  4.9999999998e-14  0.0000000000e+00  8.7554149684e-22
 7.3200000000e+02  6.0000000000e-02  1.2000000000e+00  -1.1423107871e-05  1.1423107811e-05  5.9999999998e-14  0.0000000000e+00  6.4341609577e-22
 7.3300000000e+02  7.0000000000e-02  1.2000000000e+00  -1.3091858130e-05  1.3091858060e-05  6.9999999997e-14  0.0000000000e+00  4.6830780650e-22
 7.3400000000e+02  8.0000000000e-02  1.2000000000e+00  -1.4694439385e-05  1.4694439305e-05  7.9999999997e-14  0.0000000000e+00  2.9319949198e-22
 7.3500000000e+02  9.0000000000e-02  1.2000000000e+00  -1.6231222393e-05  1.6231222303e-05  8.9999999997e-14  0.0000000000e+00  1.5759746918e-21
 7.3600000000e+02  1.0000000000e-01  1.2000000000e+00  -1.7702575105e-05  1.7702575005e-05  9.9999999996e-14  0.0000000000e+00  1.7510829937e-21
 7.3700000000e+02  1.1000000000e-01  1.2000000000e+00  -1.9108862941e-05  1.9108862831e-05  1.1000000000e-13  0.0000000000e+00  1.9261912956e-21
 7.3800000000e+02  1.2000000000e-01  1.2000000000e+00  -2.0450449493e-05  2.0450449373e-05  1.2000000000e-13  0.0000000000e+00  8.8775631755e-21
 7.3900000000e+02  1.3000000000e-01  1.2000000000e+00  -2.1727697820e-05  2.1727697690e-05  1.3000000000e-13  0.0000000000e+00  2.2764078867e-21
 7.4000000000e+02  1.4000000000e-01  1.2000000000e+00  -2.2940972574e-05  2.2940972434e-05  1.3999999999e-13  0.0000000000e+00  2.4515162013e-21
 7.4100000000e+02  1.5000000000e-01  1.2000000000e+00  -2.4090643297e-05  2.4090643147e-05  1.4999999999e-13  0.0000000000e+00  2.6266244905e-21
 7.4200000000e+02  1.6000000000e-01  1.2000000000e+00  -2.5177089384e-05  2.5177089224e-05  1.5999999999e-13  0.0000000000e+00  5.8639898397e-22
 7.4300000000e+02  1.7000000000e-01  1.2000000000e+00  -2.6200707345e-05  2.6200707175e-05  1.6999999999e-13  0.0000000000e+00  4.1129069470e-22
 7.4400000000e+02  1.8000000000e-01  1.2000000000e+00  -2.7161921297e-05  2.7161921117e-05  1.7999999999e-13  0.0000000000e+00  2.3618240542e-22
 7.4500000000e+02  1.9000000000e-01  1.2000000000e+00  -2.8061197828e-05  2.8061197638e-05  1.8999999999e-13  0.0000000000e+00  6.1074090910e-23
 7.4600000000e+02  2.0000000000e-01  1.2000000000e+00  -2.8899066708e-05  2.8899066508e-05  1.9999999999e-13  0.0000000000e+00  1.1403419836e-22
 7.4700000000e+02  2.1000000000e-01  1.2000000000e+00  -2.9676149139e-05  2.9676148929e-05  2.0999999999e-13  0.0000000000e+00  2.8914251288e-22
 7.4800000000e+02  2.2000000000e-01  1.2000000000e+00  -3.0393195301e-05  3.0393195081e-05  2.1999999999e-13  0.0000000000e+00  4.6425080215e-22
 7.4900000000e+02  2.3000000000e-01  1.2000000000e+00  -3.1051132502e-05  3.1051132272e-05  2.2999999999e-13  0.0000000000e+00  6.3935921764e-22
 7.5000000000e+02  2.4000000000e-01  1.2000000000e+00  -3.1651124109e-05  3.1651123869e-05  2.3999999999e-13  0.0000000000e+00  2.5736643831e-21
 7.5100000000e+02  2.5000000000e-01  1.2000000000e+00  -3.2194637020e-05  3.2194636770e-05  2.4999999999e-13  0.0000000000e+00  1.4542102851e-20
 7.5200000000e+02  2.6000000000e-01  1.2000000000e+00  -3.2683511711e-05  3.2683511451e-05  2.5999999999e-13  0.0000000000e+00  1.1329079352e-20
 7.5300000000e+02  2.7000000000e-01  1.2000000000e+00  -3.3120024190e-05  3.3120023920e-05  2.6999999999e-13  0.0000000000e+00  1.3397923747e-21
 7.5400000000e+02  2.8000000000e-01  1.2000000000e+00  -3.3506924870e-05  3.3506924590e-05  2.7999999999e-13  0.0000000000e+00  1.1679296082e-20
 7.5500000000e+02  2.9000000000e-01  1.2000000000e+00  -3.3847438034e-05  3.3847437744e-05  2.8999999999e-13  0.0000000000e+00  5.0862545743e-21
 7.5600000000e+02  3.0000000000e-01  1.2000000000e+00  -3.4145209670e-05  3.4145209370e-05  2.9999999999e-13  0.0000000000e+00  1.5230144960e-21
 7.5700000000e+02  3.1000000000e-01  1.2000000000e+00  -3.4404201830e-05  3.4404201520e-05  3.0999999999e-13  0.0000000000e+00  2.0402255823e-21
 7.5800000000e+02  3.2000000000e-01  1.2000000000e+00  -3.4628545422e-05  3.4628545102e-05  3.1999999999e-13  0.0000000000e+00  1.1727978670e-21
 7.5900000000e+02  3.3000000000e-01  1.2000000000e+00  -3.4822374861e-05  3.4822374531e-05  3.2999999999e-13  0.0000000000e+00  2.3904422113e-21
 7.6000000000e+02  3.4000000000e-01  1.2000000000e+00  -3.4989671919e-05  3.4989671579e-05  3.3999999999e-13  0.0000000000e+00  5.9536822896e-21
 7.6100000000e+02  3.5000000000e-01  1.2000000000e+00  -3.5134141031e-05  3.5134140681e-05  3.4999999999e-13  0.0000000000e+00  1.0811868366e-20
 7.6200000000e+02  3.6000000000e-01  1.2000000000e+00  -3.5259127589e-05  3.5259127229e-05  3.5999999999e-13  0.0000000000e+00  4.7236470988e-22
 7.6300000000e+02  3.7000000000e-01  1.2000000000e+00  -3.5367579536e-05  3.5367579166e-05  3.6999999999e-13  0.0000000000e+00  1.0461651636e-20
 7.6400000000e+02  3.8000000000e-01  1.2000000000e+00  -3.5462044731e-05  3.5462044351e-05  3.7999999999e-13  0.0000000000e+00  1.2214808085e-22
 7.6500000000e+02  3.9000000000e-01  1.2000000000e+00  -3.5544693303e-05  3.5544692913e-05  3.8999999999e-13  0.0000000000e+00  1.0217355676e-20
 7.6600000000e+02  4.0000000000e-01  1.2000000000e+00  -3.5617354476e-05  3.5617354076e-05  3.9999999999e-13  0.0000000000e+00  2.2806849770e-22
 7.6700000000e+02  4.1000000000e-01  1.2000000000e+00  -3.5681559507e-05  3.5681559097e-05  4.0999999998e-13  0.0000000000e+00  1.0567572255e-20
 7.6800000000e+02  4.2000000000e-01  1.2000000000e+00  -3.5738585084e-05  3.5738584664e-05  4.1999999998e-13  0.0000000000e+00  5.7828522770e-22
 7.6900000000e+02  4.3000000000e-01  1.2000000000e+00  -3.5789493795e-05  3.5789493365e-05  4.2999999998e-13  0.0000000000e+00  4.1415254070e-21
 7.7000000000e+02  4.4000000000e-01  1.2000000000e+00  -3.5835170067e-05  3.5835169627e-05  4.3999999998e-13  0.0000000000e+00  9.2850180625e-22
 7.7100000000e+02  4.5000000000e-01  1.2000000000e+00  -3.5876351053e-05  3.5876350603e-05  4.4999999998e-13  0.0000000000e+00  2.2845216935e-21
 7.7200000000e+02  4.6000000000e-01  1.2000000000e+00  -3.5913652615e-05  3.5913652155e-05  4.5999999998e-13  0.0000000000e+00  1.4831245490e-20
 7.7300000000e+02  4.7000000000e-01  1.2000000000e+00  -3.5947590879e-05  3.5947590409e-05  4.6999999998e-13  0.0000000000e+00  4.8419586650e-21
 7.7400000000e+02  4.8000000000e-01  1.2000000000e+00  -3.5978599934e-05  3.5978599454e-05  4.7999999998e-13  0.0000000000e+00  5.1473285642e-21
 7.7500000000e+02  4.9000000000e-01  1.2000000000e+00  -3.6007046314e-05  3.6007045824e-05  4.8999999998e-13  0.0000000000e+00  1.5840883345e-21
 7.7600000000e+02  5.0000000000e-01  1.2000000000e+00  -3.6033240786e-05  3.6033240286e-05  4.9999999998e-13  0.0000000000e+00  4.7971119857e-21
 7.7700000000e+02  5.1000000000e-01  1.2000000000e+00  -3.6057447953e-05  3.6057447443e-05  5.0999999998e-13  0.0000000000e+00  1.2338718569e-21
 7.7800000000e+02  5.2000000000e-01  1.2000000000e+00  -3.6079894072e-05  3.6079893552e-05  5.1999999998e-13  0.0000000000e+00  1.1223158985e-20
 7.7900000000e+02  5.3000000000e-01  1.2000000000e+00  -3.6100773436e-05  3.6100772906e-05  5.2999999998e-13  0.0000000000e+00  5.8926081987e-21
 7.8000000000e+02  5.4000000000e-01  1.2000000000e+00  -3.6120253589e-05  3.6120253049e-05  5.3999999998e-13  0.0000000000e+00  2.6795848504e-21
 7.8100000000e+02  5.5000000000e-01  1.2000000000e+00  -3.6138479598e-05  3.6138479048e-05  5.4999999998e-13  0.0000000000e+00  5.3343869981e-22
 7.8200000000e+02  5.6000000000e-01  1.2000000000e+00  -3.6155577576e-05  3.6155577016e-05  5.5999999998e-13  0.0000000000e+00  3.7464621491e-21
 7.8300000000e+02  5.7000000000e-01  1.2000000000e+00  -3.6171657578e-05  3.6171657008e-05  5.6999999998e-13  0.0000000000e+00  1.8322212127e-22
 7.8400000000e+02  5.8000000000e-01  1.2000000000e+00  -3.6186816009e-05  3.6186815429e-05  5.7999999998e-13  0.0000000000e+00  3.3800180075e-21
 7.8500000000e+02  5.9000000000e-01  1.2000000000e+00  -3.6201137625e-05  3.6201137035e-05  5.8999999998e-13  0.0000000000e+00  1.6699455825e-22
 7.8600000000e+02  6.0000000000e-01  1.2000000000e+00  -3.6214697194e-05  3.6214696594e-05  5.9999999998e-13  0.0000000000e+00  3.7302346870e-21
 7.8700000000e+02  6.1000000000e-01  1.2000000000e+00  -3.6227560900e-05  3.6227560290e-05  6.0999999998e-13  0.0000000000e+00  5.1721123777e-22
 7.8800000000e+02  6.2000000000e-01  1.2000000000e+00  -3.6239787513e-05  3.6239786893e-05  6.1999999998e-13  0.0000000000e+00  2.6958122115e-21
 7.8900000000e+02  6.3000000000e-01  1.2000000000e+00  -3.6251429387e-05  3.6251428757e-05  6.2999999998e-13  0.0000000000e+00  8.6742781631e-22
 7.9000000000e+02  6.4000000000e-01  1.2000000000e+00  -3.6262533293e-05  3.6262532653e-05  6.3999999998e-13  0.0000000000e+00  1.1206931422e-20
 7.9100000000e+02  6.5000000000e-01  1.2000000000e+00  -3.6273141136e-05  3.6273140486e-05  6.4999999998e-13  0.0000000000e+00  5.5586191832e-21
 7.9200000000e+02  6.6000000000e-01  1.2000000000e+00  -3.6283290566e-05  3.6283289906e-05  6.5999999998e-13  0.0000000000e+00  1.9953789534e-21
 7.9300000000e+02  6.7000000000e-01  1.2000000000e+00  -3.6293015496e-05  3.6293014826e-05  6.6999999997e-13  0.0000000000e+00  5.2084026046e-21
 7.9400000000e+02  6.8000000000e-01  1.2000000000e+00  -3.6302346551e-05  3.6302345871e-05  6.7999999997e-13  0.0000000000e+00  5.1311011022e-21
 7.9500000000e+02  6.9000000000e-01  1.2000000000e+00  -3.6311311456e-05  3.6311310766e-05  6.8999999997e-13  0.0000000000e+00  1.9180775519e-21
 7.9600000000e+02  7.0000000000e-01  1.2000000000e+00  -3.6319935366e-05  3.6319934666e-05  6.9999999997e-13  0.0000000000e+00  1.4847472952e-20
 7.9700000000e+02  7.1000000000e-01  1.2000000000e+00  -3.6328241158e-05  3.6328240448e-05  7.0999999997e-13  0.0000000000e+00  2.2682943324e-21
 7.9800000000e+02  7.2000000000e-01  1.2000000000e+00  -3.6336249678e-05  3.6336248958e-05  7.1999999997e-13  0.0000000000e+00  5.8315343602e-21
 7.9900000000e+02  7.3000000000e-01  1.2000000000e+00  -3.6343979965e-05  3.6343979235e-05  7.2999999997e-13  0.0000000000e+00  1.0934016245e-20
 8.0000000000e+02  7.4000000000e-01  1.2000000000e+00  -3.6351449441e-05  3.6351448701e-05  7.3999999997e-13  0.0000000000e+00  5.9451263926e-22
 8.0100000000e+02  7.5000000000e-01  1.2000000000e+00  -3.6358674076e-05  3.6358673326e-05  7.4999999997e-13  0.0000000000e+00  2.9687273885e-21
 8.0200000000e+02  7.6000000000e-01  1.2000000000e+00  -3.6365668541e-05  3.6365667781e-05  7.5999999997e-13  0.0000000000e+00  2.4429606072e-22
 8.0300000000e+02  7.7000000000e-01  1.2000000000e+00  -3.6372446333e-05  3.6372445563e-05  7.6999999997e-13  0.0000000000e+00  3.3189440681e-21
 8.0400000000e+02  7.8000000000e-01  1.2000000000e+00  -3.6379019892e-05  3.6379019112e-05  7.7999999997e-13  0.0000000000e+00  1.0592082075e-22
 8.0500000000e+02  7.9000000000e-01  1.2000000000e+00  -3.6385400702e-05  3.6385399912e-05  7.8999999997e-13  0.0000000000e+00  3.1071028305e-21
 8.0600000000e+02  8.0000000000e-01  1.2000000000e+00  -3.6391599385e-05  3.6391598585e-05  7.9999999997e-13  0.0000000000e+00  4.5613729832e-22
 8.0700000000e+02  8.1000000000e-01  1.2000000000e+00  -3.6397625773e-05  3.6397624963e-05  8.0999999997e-13  0.0000000000e+00  4.0193774271e-21
 8.0800000000e+02  8.2000000000e-01  1.2000000000e+00  -3.6403488989e-05  3.6403488169e-05  8.1999999997e-13  0.0000000000e+00  8.0635387686e-22
 8.0900000000e+02  8.3000000000e-01  1.2000000000e+00  -3.6409197504e-05  3.6409196674e-05  8.2999999997e-13  0.0000000000e+00  1.1145857584e-20
 8.1000000000e+02  8.4000000000e-01  1.2000000000e+00  -3.6414759198e-05  3.6414758358e-05  8.3999999997e-13  0.0000000000e+00  1.1565704554e-21
 8.1100000000e+02  8.5000000000e-01  1.2000000000e+00  -3.6420181407e-05  3.6420180557e-05  8.4999999997e-13  0.0000000000e+00  4.7198104832e-21
 8.1200000000e+02  8.6000000000e-01  1.2000000000e+00  -3.6425470974e-05  3.6425470114e-05  8.5999999997e-13  0.0000000000e+00  1.5059314291e-20
 8.1300000000e+02  8.7000000000e-01  1.2000000000e+00  -3.6430634289e-05  3.6430633419e-05  8.6999999997e-13  0.0000000000e+00  5.0700272637e-21
 8.1400000000e+02  8.8000000000e-01  1.2000000000e+00  -3.6435677322e-05  3.6435676442e-05  8.7999999997e-13  0.0000000000e+00  4.9192599655e-21
 8.1500000000e+02  8.9000000000e-01  1.2000000000e+00  -3.6440605663e-05  3.6440604773e-05  8.8999999997e-13  0.0000000000e+00  1.4908547094e-20
 8.1600000000e+02  9.0000000000e-01  1.2000000000e+00  -3.6445424550e-05  3.6445423650e-05  8.9999999997e-13  0.0000000000e+00  1.1345306864e-20
 8.1700000000e+02  9.1000000000e-01  1.2000000000e+00  -3.6450138892e-05  3.6450137982e-05  9.0999999997e-13  0.0000000000e+00  1.0058033592e-21
 8.1800000000e+02  9.2000000000e-01  1.2000000000e+00  -3.6454753304e-05  3.6454752384e-05  9.1999999997e-13  0.0000000000e+00  4.2188269094e-21
 8.1900000000e+02  9.3000000000e-01  1.2000000000e+00  -3.6459272119e-05  3.6459271189e-05  9.2999999997e-13  0.0000000000e+00  6.5558667968e-22
 8.2000000000e+02  9.4000000000e-01  1.2000000000e+00  -3.6463699417e-05  3.6463698477e-05  9.3999999996e-13  0.0000000000e+00  1.0644873808e-20
 8.2100000000e+02  9.5000000000e-01  1.2000000000e+00  -3.6468039039e-05  3.6468038089e-05  9.4999999996e-13  0.0000000000e+00  3.0536979822e-22
 8.2200000000e+02  9.6000000000e-01  1.2000000000e+00  -3.6472294607e-05  3.6472293647e-05  9.5999999996e-13  0.0000000000e+00  3.2578700276e-21
 8.2300000000e+02  9.7000000000e-01  1.2000000000e+00  -3.6476469537e-05  3.6476468567e-05  9.6999999996e-13  0.0000000000e+00  4.4846679353e-23
 8.2400000000e+02  9.8000000000e-01  1.2000000000e+00  -3.6480567056e-05  3.6480566076e-05  9.7999999996e-13  0.0000000000e+00  3.6080867072e-21
 8.2500000000e+02  9.9000000000e-01  1.2000000000e+00  -3.6484590214e-05  3.6484589224e-05  9.8999999996e-13  0.0000000000e+00  3.9506335887e-22
 8.2600000000e+02  1.0000000000e+00  1.2000000000e+00  -3.6488541897e-05  3.6488540897e-05  9.9999999996e-13  0.0000000000e+00  3.9583033867e-21
 8.2700000000e+02  1.0100000000e+00  1.2000000000e+00  -3.6492424836e-05  3.6492423826e-05  1.0100000000e-12  0.0000000000e+00  7.4528024034e-22
 8.2800000000e+02  1.0200000000e+00  1.2000000000e+00  -3.6496241620e-05  3.6496240600e-05  1.0200000000e-12  0.0000000000e+00  2.4677431079e-21
 8.2900000000e+02  1.0300000000e+00  1.2000000000e+00  -3.6499994703e-05  3.6499993673e-05  1.0300000000e-12  0.0000000000e+00  5.6807676679e-21
 8.3000000000e+02  1.0400000000e+00  1.2000000000e+00  -3.6503686415e-05  3.6503685375e-05  1.0400000000e-12  0.0000000000e+00  2.1175266304e-21
 8.3100000000e+02  1.0500000000e+00  1.2000000000e+00  -3.6507318967e-05  3.6507317917e-05  1.0500000000e-12  0.0000000000e+00  1.4998240755e-20
 8.3200000000e+02  1.0600000000e+00  1.2000000000e+00  -3.6510894462e-05  3.6510893402e-05  1.0600000000e-12  0.0000000000e+00  1.7673109606e-21
 8.3300000000e+02  1.0700000000e+00  1.2000000000e+00  -3.6514414898e-05  3.6514413828e-05  1.0700000000e-12  0.0000000000e+00  4.9803335011e-21
 8.3400000000e+02  1.0800000000e+00  1.2000000000e+00  -3.6517882180e-05  3.6517881100e-05  1.0800000000e-12  0.0000000000e+00  5.3591701047e-21
 8.3500000000e+02  1.0900000000e+00  1.2000000000e+00  -3.6521298118e-05  3.6521297028e-05  1.0900000000e-12  0.0000000000e+00  2.1461457467e-21
 8.3600000000e+02  1.1000000000e+00  1.2000000000e+00  -3.6524664439e-05  3.6524663339e-05  1.1000000000e-12  0.0000000000e+00  1.0668767938e-21
 8.3700000000e+02  1.1100000000e+00  1.2000000000e+00  -3.6527982789e-05  3.6527981679e-05  1.1100000000e-12  0.0000000000e+00  2.4963632340e-21
 8.3800000000e+02  1.1200000000e+00  1.2000000000e+00  -3.6531254739e-05  3.6531253619e-05  1.1200000000e-12  0.0000000000e+00  6.0596024540e-21
 8.3900000000e+02  1.1300000000e+00  1.2000000000e+00  -3.6534481789e-05  3.6534480659e-05  1.1300000000e-12  0.0000000000e+00  1.0705947243e-20
 8.4000000000e+02  1.1400000000e+00  1.2000000000e+00  -3.6537665370e-05  3.6537664230e-05  1.1400000000e-12  0.0000000000e+00  3.6644363669e-22
 8.4100000000e+02  1.1500000000e+00  1.2000000000e+00  -3.6540806852e-05  3.6540805702e-05  1.1500000000e-12  0.0000000000e+00  3.5794669850e-21
 8.4200000000e+02  1.1600000000e+00  1.2000000000e+00  -3.6543907543e-05  3.6543906383e-05  1.1600000000e-12  0.0000000000e+00  1.3536300199e-20
 8.4300000000e+02  1.1700000000e+00  1.2000000000e+00  -3.6546968698e-05  3.6546967528e-05  1.1700000000e-12  0.0000000000e+00  3.5470130706e-21
 8.4400000000e+02  1.1800000000e+00  1.2000000000e+00  -3.6549991514e-05  3.6549990334e-05  1.1800000000e-12  0.0000000000e+00  3.3398952040e-22
 8.4500000000e+02  1.1900000000e+00  1.2000000000e+00  -3.6552977140e-05  3.6552975950e-05  1.1900000000e-12  0.0000000000e+00  2.8790338279e-21
 8.4600000000e+02  1.2000000000e+00  1.2000000000e+00  -3.6555926678e-05  3.6555925478e-05  1.2000000000e-12  0.0000000000e+00  6.0920583879e-21
