time power_switching
0.000000e+00 -1.440000e+00
1.000000e-11 -1.604760e+00
2.000000e-11 -1.761960e+00
3.000000e-11 -1.901880e+00
4.000000e-11 -2.031360e+00
5.000000e-11 -2.158680e+00
6.000000e-11 -2.236680e+00
7.000000e-11 -2.278200e+00
8.000000e-11 -2.315760e+00
9.000000e-11 -2.313000e+00
1.000000e-10 -2.309880e+00
1.100000e-10 -2.227560e+00
1.200000e-10 -2.184120e+00
1.300000e-10 -2.151840e+00
1.400000e-10 -2.121240e+00
1.500000e-10 -2.092200e+00
1.600000e-10 -2.062680e+00
1.700000e-10 -2.022120e+00
1.800000e-10 -1.981560e+00
1.900000e-10 -1.940880e+00
2.000000e-10 -1.869000e+00
2.100000e-10 -1.666800e+00
2.200000e-10 -1.402800e+00
2.300000e-10 -1.083162e+00
2.400000e-10 -7.833092e-01
2.500000e-10 -5.708408e-01
2.600000e-10 -4.474792e-01
2.700000e-10 -3.823123e-01
2.800000e-10 -3.346102e-01
2.900000e-10 -2.971463e-01
3.000000e-10 -2.626025e-01
3.100000e-10 -2.366210e-01
3.200000e-10 -2.127416e-01
3.300000e-10 -1.944515e-01
3.400000e-10 -1.761612e-01
3.500000e-10 -1.578710e-01
3.600000e-10 -1.443833e-01
3.700000e-10 -1.333570e-01
3.800000e-10 -1.223308e-01
3.900000e-10 -1.113044e-01
4.000000e-10 -1.002782e-01
4.100000e-10 -8.925192e-02
4.200000e-10 -8.146140e-02
4.300000e-10 -7.592112e-02
4.400000e-10 -7.038084e-02
4.500000e-10 -6.484068e-02
4.600000e-10 -5.930040e-02
4.700000e-10 -5.376012e-02
4.800000e-10 -4.821984e-02
4.900000e-10 -4.267956e-02
5.000000e-10 -3.798324e-02
5.100000e-10 -3.568752e-02
5.200000e-10 -3.339180e-02
5.300000e-10 -3.109608e-02
5.400000e-10 -2.880036e-02
5.500000e-10 -2.650464e-02
5.600000e-10 -2.420892e-02
5.700000e-10 -2.191320e-02
5.800000e-10 -1.961748e-02
5.900000e-10 -1.732176e-02
6.000000e-10 -1.502604e-02
6.100000e-10 -1.373004e-02
6.200000e-10 -1.298208e-02
6.300000e-10 -1.223412e-02
6.400000e-10 -1.148616e-02
6.500000e-10 -1.073820e-02
6.600000e-10 -9.990240e-03
6.700000e-10 -9.242280e-03
6.800000e-10 -8.494320e-03
6.900000e-10 -7.746360e-03
7.000000e-10 -6.998400e-03
7.100000e-10 -6.250440e-03
7.200000e-10 -5.502360e-03
7.300000e-10 -4.754400e-03
7.400000e-10 -4.138080e-03
7.500000e-10 -3.961800e-03
7.600000e-10 -3.785520e-03
7.700000e-10 -3.609360e-03
7.800000e-10 -3.433080e-03
7.900000e-10 -3.256800e-03
8.000000e-10 -3.080520e-03
8.100000e-10 -2.904360e-03
8.200000e-10 -2.728080e-03
8.300000e-10 -2.551800e-03
8.400000e-10 -2.375640e-03
8.500000e-10 -2.199360e-03
8.600000e-10 -2.023080e-03
8.700000e-10 -1.846920e-03
8.800000e-10 -1.670640e-03
8.900000e-10 -1.494360e-03
9.000000e-10 -1.318200e-03
9.100000e-10 -1.153122e-03
9.200000e-10 -1.128815e-03
9.300000e-10 -1.104509e-03
9.400000e-10 -1.080202e-03
9.500000e-10 -1.055896e-03
9.600000e-10 -1.031589e-03
9.700000e-10 -1.007282e-03
9.800000e-10 -9.829759e-04
9.900000e-10 -9.586693e-04
1.000000e-09 -9.343628e-04
1.010000e-09 -9.100562e-04
1.020000e-09 -8.857496e-04
1.030000e-09 -8.614432e-04
1.040000e-09 -8.371366e-04
1.050000e-09 -8.128301e-04
1.060000e-09 -7.885235e-04
1.070000e-09 -7.642169e-04
1.080000e-09 -7.399104e-04
1.090000e-09 -7.156038e-04
1.100000e-09 -6.912972e-04
1.110000e-09 -6.669907e-04
1.120000e-09 -6.426841e-04
1.130000e-09 -6.183776e-04
1.140000e-09 -5.958866e-04
1.150000e-09 -5.962745e-04
1.160000e-09 -5.966623e-04
1.170000e-09 -5.970502e-04
1.180000e-09 -5.974380e-04
1.190000e-09 -5.978260e-04
1.200000e-09 -5.982138e-04
1.210000e-09 -5.986016e-04
1.220000e-09 -5.989895e-04
1.230000e-09 -5.993773e-04
1.240000e-09 -5.997652e-04
1.250000e-09 -6.001531e-04
1.260000e-09 -6.005410e-04
1.270000e-09 -6.009288e-04
1.280000e-09 -6.013166e-04
1.290000e-09 -6.017045e-04
1.300000e-09 -6.020923e-04
1.310000e-09 -6.024803e-04
1.320000e-09 -6.028681e-04
1.330000e-09 -6.032560e-04
1.340000e-09 -6.036438e-04
1.350000e-09 -6.040316e-04
1.360000e-09 -6.044195e-04
1.370000e-09 -6.048074e-04
1.380000e-09 -6.051953e-04
1.390000e-09 -6.055831e-04
1.400000e-09 -6.059710e-04
1.410000e-09 -6.063588e-04
1.420000e-09 -6.067466e-04
1.430000e-09 -6.071346e-04
1.440000e-09 -6.075224e-04
1.450000e-09 -6.079103e-04
1.460000e-09 -6.082981e-04
1.470000e-09 -6.086860e-04
1.480000e-09 -6.085648e-04
1.490000e-09 -6.081540e-04
1.500000e-09 -6.077432e-04
1.510000e-09 -6.073325e-04
1.520000e-09 -6.069218e-04
1.530000e-09 -6.065111e-04
1.540000e-09 -6.061003e-04
1.550000e-09 -6.056896e-04
1.560000e-09 -6.052788e-04
1.570000e-09 -6.048682e-04
1.580000e-09 -6.044574e-04
1.590000e-09 -6.040466e-04
1.600000e-09 -6.036359e-04
1.610000e-09 -6.032251e-04
1.620000e-09 -6.028145e-04
1.630000e-09 -6.024037e-04
1.640000e-09 -6.019930e-04
1.650000e-09 -6.015822e-04
1.660000e-09 -6.011714e-04
1.670000e-09 -6.007607e-04
1.680000e-09 -6.003500e-04
1.690000e-09 -5.999393e-04
1.700000e-09 -5.995285e-04
1.710000e-09 -5.991178e-04
1.720000e-09 -5.987070e-04
1.730000e-09 -5.982964e-04
1.740000e-09 -5.978856e-04
1.750000e-09 -5.974748e-04
1.760000e-09 -5.970641e-04
1.770000e-09 -5.966533e-04
1.780000e-09 -5.962427e-04
1.790000e-09 -5.958319e-04
1.800000e-09 -5.954212e-04
1.810000e-09 -5.950104e-04
1.820000e-09 -5.945996e-04
1.830000e-09 -5.941890e-04
1.840000e-09 -5.937782e-04
1.850000e-09 -5.933675e-04
1.860000e-09 -5.929567e-04
1.870000e-09 -5.925460e-04
1.880000e-09 -5.921353e-04
1.890000e-09 -5.917246e-04
1.900000e-09 -5.913138e-04
1.910000e-09 -5.909030e-04
1.920000e-09 -5.904923e-04
1.930000e-09 -5.900815e-04
1.940000e-09 -5.896709e-04
1.950000e-09 -5.892601e-04
1.960000e-09 -5.888494e-04
1.970000e-09 -5.884386e-04
1.980000e-09 -5.880278e-04
1.990000e-09 -5.876172e-04
2.000000e-09 -5.872064e-04
2.010000e-09 -5.867957e-04
2.020000e-09 -5.864004e-04
2.030000e-09 -5.861995e-04
2.040000e-09 -5.859986e-04
2.050000e-09 -5.857976e-04
2.060000e-09 -5.855968e-04
2.070000e-09 -5.853959e-04
2.080000e-09 -5.851950e-04
2.090000e-09 -5.849941e-04
2.100000e-09 -5.847931e-04
2.110000e-09 -5.845922e-04
2.120000e-09 -5.843914e-04
2.130000e-09 -5.841905e-04
2.140000e-09 -5.839896e-04
2.150000e-09 -5.837886e-04
2.160000e-09 -5.835877e-04
2.170000e-09 -5.833868e-04
2.180000e-09 -5.831860e-04
2.190000e-09 -5.829851e-04
2.200000e-09 -5.827841e-04
2.210000e-09 -5.825832e-04
2.220000e-09 -5.823823e-04
2.230000e-09 -5.821814e-04
2.240000e-09 -5.819806e-04
2.250000e-09 -5.817796e-04
2.260000e-09 -5.815787e-04
2.270000e-09 -5.813778e-04
2.280000e-09 -5.811769e-04
2.290000e-09 -5.809760e-04
2.300000e-09 -5.807750e-04
2.310000e-09 -5.805742e-04
2.320000e-09 -5.803733e-04
2.330000e-09 -5.801724e-04
2.340000e-09 -5.799715e-04
2.350000e-09 -5.797705e-04
2.360000e-09 -5.795696e-04
2.370000e-09 -5.793688e-04
2.380000e-09 -5.791679e-04
2.390000e-09 -5.789670e-04
2.400000e-09 -5.787660e-04
2.410000e-09 -5.785651e-04
2.420000e-09 -5.783642e-04
2.430000e-09 -5.781634e-04
2.440000e-09 -5.779625e-04
2.450000e-09 -5.777615e-04
2.460000e-09 -5.775606e-04
2.470000e-09 -5.773597e-04
2.480000e-09 -5.771588e-04
2.490000e-09 -5.769580e-04
2.500000e-09 -5.767570e-04
2.510000e-09 -5.765561e-04
2.520000e-09 -5.763552e-04
2.530000e-09 -5.761543e-04
2.540000e-09 -5.759534e-04
2.550000e-09 -5.757524e-04
2.560000e-09 -5.755516e-04
2.570000e-09 -5.753507e-04
2.580000e-09 -5.751498e-04
2.590000e-09 -5.749489e-04
2.600000e-09 -5.747479e-04
2.610000e-09 -5.745470e-04
2.620000e-09 -5.743462e-04
2.630000e-09 -5.741453e-04
2.640000e-09 -5.739444e-04
2.650000e-09 -5.737434e-04
2.660000e-09 -5.735425e-04
2.670000e-09 -5.733416e-04
2.680000e-09 -5.731408e-04
2.690000e-09 -5.729399e-04
2.700000e-09 -5.727389e-04
2.710000e-09 -5.725380e-04
2.720000e-09 -5.723371e-04
2.730000e-09 -5.721362e-04
2.740000e-09 -5.719354e-04
2.750000e-09 -5.717344e-04
2.760000e-09 -5.715335e-04
2.770000e-09 -5.713326e-04
2.780000e-09 -5.711317e-04
2.790000e-09 -5.709308e-04
2.800000e-09 -5.707298e-04
2.810000e-09 -5.705290e-04
2.820000e-09 -5.703281e-04
2.830000e-09 -5.701272e-04
2.840000e-09 -5.699263e-04
2.850000e-09 -5.697253e-04
2.860000e-09 -5.695244e-04
2.870000e-09 -5.693236e-04
2.880000e-09 -5.691227e-04
2.890000e-09 -5.689218e-04
2.900000e-09 -5.687208e-04
2.910000e-09 -5.685199e-04
2.920000e-09 -5.683190e-04
2.930000e-09 -5.681182e-04
2.940000e-09 -5.679173e-04
2.950000e-09 -5.677163e-04
2.960000e-09 -5.675154e-04
2.970000e-09 -5.673145e-04
2.980000e-09 -5.671136e-04
2.990000e-09 -5.669128e-04
3.000000e-09 -5.667118e-04
3.010000e-09 -5.665109e-04
3.020000e-09 -5.663100e-04
3.030000e-09 -5.661091e-04
3.040000e-09 -5.659082e-04
3.050000e-09 -5.657072e-04
3.060000e-09 -5.655064e-04
3.070000e-09 -5.653342e-04
3.080000e-09 -5.653645e-04
3.090000e-09 -5.653949e-04
3.100000e-09 -5.654252e-04
3.110000e-09 -5.654556e-04
3.120000e-09 -5.654860e-04
3.130000e-09 -5.655163e-04
3.140000e-09 -5.655467e-04
3.150000e-09 -5.655770e-04
3.160000e-09 -5.656075e-04
3.170000e-09 -5.656379e-04
3.180000e-09 -5.656682e-04
3.190000e-09 -5.656986e-04
3.200000e-09 -5.657290e-04
3.210000e-09 -5.657593e-04
3.220000e-09 -5.657897e-04
3.230000e-09 -5.658200e-04
3.240000e-09 -5.658504e-04
3.250000e-09 -5.658808e-04
3.260000e-09 -5.659111e-04
3.270000e-09 -5.659415e-04
3.280000e-09 -5.659718e-04
3.290000e-09 -5.660022e-04
3.300000e-09 -5.660326e-04
3.310000e-09 -5.660629e-04
3.320000e-09 -5.660933e-04
3.330000e-09 -5.661236e-04
3.340000e-09 -5.661540e-04
3.350000e-09 -5.661844e-04
3.360000e-09 -5.662147e-04
3.370000e-09 -5.662451e-04
3.380000e-09 -5.662754e-04
3.390000e-09 -5.663058e-04
3.400000e-09 -5.663362e-04
3.410000e-09 -5.663665e-04
3.420000e-09 -5.663969e-04
3.430000e-09 -5.664272e-04
3.440000e-09 -5.664576e-04
3.450000e-09 -5.664880e-04
3.460000e-09 -5.665183e-04
3.470000e-09 -5.665487e-04
3.480000e-09 -5.665790e-04
3.490000e-09 -5.666094e-04
3.500000e-09 -5.666398e-04
3.510000e-09 -5.666701e-04
3.520000e-09 -5.667005e-04
3.530000e-09 -5.667308e-04
3.540000e-09 -5.667612e-04
3.550000e-09 -5.667916e-04
3.560000e-09 -5.668219e-04
3.570000e-09 -5.668523e-04
3.580000e-09 -5.668826e-04
3.590000e-09 -5.669130e-04
3.600000e-09 -5.669434e-04
3.610000e-09 -5.669737e-04
3.620000e-09 -5.670041e-04
3.630000e-09 -5.670344e-04
3.640000e-09 -5.670648e-04
3.650000e-09 -5.670952e-04
3.660000e-09 -5.671255e-04
3.670000e-09 -5.671559e-04
3.680000e-09 -5.671862e-04
3.690000e-09 -5.672166e-04
3.700000e-09 -5.672470e-04
3.710000e-09 -5.672773e-04
3.720000e-09 -5.673077e-04
3.730000e-09 -5.673380e-04
3.740000e-09 -5.673684e-04
3.750000e-09 -5.673988e-04
3.760000e-09 -5.674291e-04
3.770000e-09 -5.674595e-04
3.780000e-09 -5.674898e-04
3.790000e-09 -5.675203e-04
3.800000e-09 -5.675507e-04
3.810000e-09 -5.675810e-04
3.820000e-09 -5.676114e-04
3.830000e-09 -5.676418e-04
3.840000e-09 -5.676721e-04
3.850000e-09 -5.677025e-04
3.860000e-09 -5.677328e-04
3.870000e-09 -5.677632e-04
3.880000e-09 -5.677936e-04
3.890000e-09 -5.678239e-04
3.900000e-09 -5.678543e-04
3.910000e-09 -5.678846e-04
3.920000e-09 -5.679150e-04
3.930000e-09 -5.679454e-04
3.940000e-09 -5.679757e-04
3.950000e-09 -5.680061e-04
3.960000e-09 -5.680364e-04
3.970000e-09 -5.680668e-04
3.980000e-09 -5.680972e-04
3.990000e-09 -5.681275e-04
4.000000e-09 -5.681579e-04
4.010000e-09 -5.681882e-04
4.020000e-09 -5.682186e-04
4.030000e-09 -5.682490e-04
4.040000e-09 -5.682793e-04
4.050000e-09 -5.683097e-04
4.060000e-09 -5.683400e-04
4.070000e-09 -5.683704e-04
4.080000e-09 -5.684008e-04
4.090000e-09 -5.684311e-04
4.100000e-09 -5.684615e-04
4.110000e-09 -5.684918e-04
4.120000e-09 -5.685222e-04
4.130000e-09 -5.685526e-04
4.140000e-09 -5.685829e-04
4.150000e-09 -5.686133e-04
4.160000e-09 -5.686436e-04
4.170000e-09 -5.686740e-04
4.180000e-09 -5.687044e-04
4.190000e-09 -5.687347e-04
4.200000e-09 -5.687651e-04
4.210000e-09 -5.687954e-04
4.220000e-09 -5.688258e-04
4.230000e-09 -5.688562e-04
4.240000e-09 -5.688865e-04
4.250000e-09 -5.689169e-04
4.260000e-09 -5.689472e-04
4.270000e-09 -5.689776e-04
4.280000e-09 -5.690080e-04
4.290000e-09 -5.690383e-04
4.300000e-09 -5.690687e-04
4.310000e-09 -5.690990e-04
4.320000e-09 -5.691294e-04
4.330000e-09 -5.691598e-04
4.340000e-09 -5.691901e-04
4.350000e-09 -5.692205e-04
4.360000e-09 -5.692508e-04
4.370000e-09 -5.692812e-04
4.380000e-09 -5.693116e-04
4.390000e-09 -5.693419e-04
4.400000e-09 -5.693723e-04
4.410000e-09 -5.694026e-04
4.420000e-09 -5.694331e-04
4.430000e-09 -5.694635e-04
4.440000e-09 -5.694938e-04
4.450000e-09 -5.695242e-04
4.460000e-09 -5.695546e-04
4.470000e-09 -5.695849e-04
4.480000e-09 -5.696153e-04
4.490000e-09 -5.696456e-04
4.500000e-09 -5.696760e-04
4.510000e-09 -5.697064e-04
4.520000e-09 -5.697367e-04
4.530000e-09 -5.697671e-04
4.540000e-09 -5.697974e-04
4.550000e-09 -5.698278e-04
4.560000e-09 -5.698582e-04
4.570000e-09 -5.698885e-04
4.580000e-09 -5.699189e-04
4.590000e-09 -5.699492e-04
4.600000e-09 -5.699796e-04
4.610000e-09 -5.700100e-04
4.620000e-09 -5.700403e-04
4.630000e-09 -5.700707e-04
4.640000e-09 -5.701010e-04
4.650000e-09 -5.701314e-04
4.660000e-09 -5.701618e-04
4.670000e-09 -5.701921e-04
4.680000e-09 -5.702225e-04
4.690000e-09 -5.702528e-04
4.700000e-09 -5.702832e-04
4.710000e-09 -5.703136e-04
4.720000e-09 -5.703439e-04
4.730000e-09 -5.703743e-04
4.740000e-09 -5.704046e-04
4.750000e-09 -5.704350e-04
4.760000e-09 -5.704654e-04
4.770000e-09 -5.704957e-04
4.780000e-09 -5.705261e-04
4.790000e-09 -5.705564e-04
4.800000e-09 -5.705868e-04
4.810000e-09 -5.706172e-04
4.820000e-09 -5.706475e-04
4.830000e-09 -5.706779e-04
4.840000e-09 -5.707082e-04
4.850000e-09 -5.707386e-04
4.860000e-09 -5.707690e-04
4.870000e-09 -5.707993e-04
4.880000e-09 -5.708297e-04
4.890000e-09 -5.708600e-04
4.900000e-09 -5.708904e-04
4.910000e-09 -5.709208e-04
4.920000e-09 -5.709511e-04
4.930000e-09 -5.709815e-04
4.940000e-09 -5.710118e-04
4.950000e-09 -5.710422e-04
4.960000e-09 -5.710726e-04
4.970000e-09 -5.711029e-04
4.980000e-09 -5.711333e-04
4.990000e-09 -5.711636e-04
5.000000e-09 -5.711940e-04
5.010000e-09 -5.712244e-04
5.020000e-09 -5.712547e-04
5.030000e-09 -5.712851e-04
5.040000e-09 -5.713154e-04
5.050000e-09 -5.713458e-04
5.060000e-09 -5.713763e-04
5.070000e-09 -5.714066e-04
5.080000e-09 -5.714370e-04
5.090000e-09 -5.714674e-04
5.100000e-09 -5.714977e-04
5.110000e-09 -5.715281e-04
5.120000e-09 -5.715584e-04
5.130000e-09 -5.715888e-04
5.140000e-09 -5.716192e-04
5.150000e-09 -5.716495e-04
5.160000e-09 -5.716799e-04
5.170000e-09 -5.717102e-04
5.180000e-09 -5.717406e-04
5.190000e-09 -5.717710e-04
5.200000e-09 -5.718013e-04
5.210000e-09 -5.718317e-04
5.220000e-09 -5.718620e-04
5.230000e-09 -5.718924e-04
5.240000e-09 -5.719228e-04
5.250000e-09 -5.719531e-04
5.260000e-09 -5.719835e-04
5.270000e-09 -5.720138e-04
5.280000e-09 -5.720442e-04
5.290000e-09 -5.720746e-04
5.300000e-09 -5.721049e-04
5.310000e-09 -5.721353e-04
5.320000e-09 -5.721656e-04
5.330000e-09 -5.721960e-04
5.340000e-09 -5.722264e-04
5.350000e-09 -5.722567e-04
5.360000e-09 -5.722871e-04
5.370000e-09 -5.723174e-04
5.380000e-09 -5.723478e-04
5.390000e-09 -5.723782e-04
5.400000e-09 -5.724085e-04
5.410000e-09 -5.724389e-04
5.420000e-09 -5.724692e-04
5.430000e-09 -5.724996e-04
5.440000e-09 -5.725300e-04
5.450000e-09 -5.725603e-04
5.460000e-09 -5.725907e-04
5.470000e-09 -5.726210e-04
5.480000e-09 -5.726514e-04
5.490000e-09 -5.726818e-04
5.500000e-09 -5.727121e-04
5.510000e-09 -5.727425e-04
5.520000e-09 -5.727728e-04
5.530000e-09 -5.728032e-04
5.540000e-09 -5.728336e-04
5.550000e-09 -5.728639e-04
5.560000e-09 -5.728943e-04
5.570000e-09 -5.729246e-04
5.580000e-09 -5.729550e-04
5.590000e-09 -5.729854e-04
5.600000e-09 -5.730157e-04
5.610000e-09 -5.730461e-04
5.620000e-09 -5.730764e-04
5.630000e-09 -5.731068e-04
5.640000e-09 -5.731372e-04
5.650000e-09 -5.731675e-04
5.660000e-09 -5.731979e-04
5.670000e-09 -5.732282e-04
5.680000e-09 -5.732586e-04
5.690000e-09 -5.732891e-04
5.700000e-09 -5.733194e-04
5.710000e-09 -5.733498e-04
5.720000e-09 -5.733802e-04
5.730000e-09 -5.734105e-04
5.740000e-09 -5.734409e-04
5.750000e-09 -5.734712e-04
5.760000e-09 -5.735016e-04
5.770000e-09 -5.735320e-04
5.780000e-09 -5.735623e-04
5.790000e-09 -5.735927e-04
5.800000e-09 -5.736230e-04
5.810000e-09 -5.736534e-04
5.820000e-09 -5.736838e-04
5.830000e-09 -5.737141e-04
5.840000e-09 -5.737445e-04
5.850000e-09 -5.737748e-04
5.860000e-09 -5.738052e-04
5.870000e-09 -5.738356e-04
5.880000e-09 -5.738659e-04
5.890000e-09 -5.738963e-04
5.900000e-09 -5.739266e-04
5.910000e-09 -5.739570e-04
5.920000e-09 -5.739874e-04
5.930000e-09 -5.740177e-04
5.940000e-09 -5.740481e-04
5.950000e-09 -5.740784e-04
5.960000e-09 -5.741088e-04
5.970000e-09 -5.741392e-04
5.980000e-09 -5.741695e-04
5.990000e-09 -5.741999e-04
6.000000e-09 -5.742302e-04
6.010000e-09 -5.742606e-04
6.020000e-09 -5.742910e-04
6.030000e-09 -5.743213e-04
6.040000e-09 -5.743517e-04
6.050000e-09 -5.743820e-04
6.060000e-09 -5.744124e-04
6.070000e-09 -5.744428e-04
6.080000e-09 -5.744731e-04
6.090000e-09 -5.745035e-04
6.100000e-09 -5.745338e-04
6.110000e-09 -5.745642e-04
6.120000e-09 -5.745946e-04
6.130000e-09 -5.746249e-04
6.140000e-09 -5.746553e-04
6.150000e-09 -5.746856e-04
6.160000e-09 -5.747160e-04
6.170000e-09 -5.747464e-04
6.180000e-09 -5.747767e-04
6.190000e-09 -5.748071e-04
6.200000e-09 -5.748374e-04
6.210000e-09 -5.748678e-04
6.220000e-09 -5.748982e-04
6.230000e-09 -5.749285e-04
6.240000e-09 -5.749589e-04
6.250000e-09 -5.749892e-04
6.260000e-09 -5.750196e-04
6.270000e-09 -5.750500e-04
6.280000e-09 -5.750803e-04
6.290000e-09 -5.751107e-04
6.300000e-09 -5.751410e-04
6.310000e-09 -5.751714e-04
6.320000e-09 -5.752019e-04
6.330000e-09 -5.752322e-04
6.340000e-09 -5.752626e-04
6.350000e-09 -5.752930e-04
6.360000e-09 -5.753233e-04
6.370000e-09 -5.753537e-04
6.380000e-09 -5.753840e-04
6.390000e-09 -5.754144e-04
6.400000e-09 -5.754448e-04
6.410000e-09 -5.754751e-04
6.420000e-09 -5.755055e-04
6.430000e-09 -5.755224e-04
6.440000e-09 -5.755061e-04
6.450000e-09 -5.754896e-04
6.460000e-09 -5.754732e-04
6.470000e-09 -5.754569e-04
6.480000e-09 -5.754404e-04
6.490000e-09 -5.754241e-04
6.500000e-09 -5.754077e-04
6.510000e-09 -5.753912e-04
6.520000e-09 -5.753749e-04
6.530000e-09 -5.753585e-04
6.540000e-09 -5.753420e-04
6.550000e-09 -5.753257e-04
6.560000e-09 -5.753093e-04
6.570000e-09 -5.752930e-04
6.580000e-09 -5.752765e-04
6.590000e-09 -5.752601e-04
6.600000e-09 -5.752438e-04
6.610000e-09 -5.752273e-04
6.620000e-09 -5.752109e-04
6.630000e-09 -5.751946e-04
6.640000e-09 -5.751781e-04
6.650000e-09 -5.751618e-04
6.660000e-09 -5.751454e-04
6.670000e-09 -5.751289e-04
6.680000e-09 -5.751126e-04
6.690000e-09 -5.750962e-04
6.700000e-09 -5.750798e-04
6.710000e-09 -5.750634e-04
6.720000e-09 -5.750470e-04
6.730000e-09 -5.750306e-04
6.740000e-09 -5.750142e-04
6.750000e-09 -5.749978e-04
6.760000e-09 -5.749814e-04
6.770000e-09 -5.749650e-04
6.780000e-09 -5.749487e-04
6.790000e-09 -5.749322e-04
6.800000e-09 -5.749158e-04
6.810000e-09 -5.748995e-04
6.820000e-09 -5.748830e-04
6.830000e-09 -5.748666e-04
6.840000e-09 -5.748503e-04
6.850000e-09 -5.748338e-04
6.860000e-09 -5.748175e-04
6.870000e-09 -5.748011e-04
6.880000e-09 -5.747846e-04
6.890000e-09 -5.747683e-04
6.900000e-09 -5.747519e-04
6.910000e-09 -5.747356e-04
6.920000e-09 -5.747191e-04
6.930000e-09 -5.747027e-04
6.940000e-09 -5.746864e-04
6.950000e-09 -5.746699e-04
6.960000e-09 -5.746535e-04
6.970000e-09 -5.746372e-04
6.980000e-09 -5.746207e-04
6.990000e-09 -5.746044e-04
7.000000e-09 -5.745880e-04
7.010000e-09 -5.745715e-04
7.020000e-09 -5.745552e-04
7.030000e-09 -5.745388e-04
7.040000e-09 -5.745223e-04
7.050000e-09 -5.745060e-04
7.060000e-09 -5.744896e-04
7.070000e-09 -5.744732e-04
7.080000e-09 -5.744568e-04
7.090000e-09 -5.744404e-04
7.100000e-09 -5.744240e-04
7.110000e-09 -5.744076e-04
7.120000e-09 -5.743913e-04
7.130000e-09 -5.743748e-04
7.140000e-09 -5.743584e-04
7.150000e-09 -5.743421e-04
7.160000e-09 -5.743256e-04
7.170000e-09 -5.743092e-04
7.180000e-09 -5.742929e-04
7.190000e-09 -5.742764e-04
7.200000e-09 -5.742601e-04
7.210000e-09 -5.742437e-04
7.220000e-09 -5.742272e-04
7.230000e-09 -5.742109e-04
7.240000e-09 -5.741945e-04
7.250000e-09 -5.741780e-04
7.260000e-09 -5.741617e-04
7.270000e-09 -5.741453e-04
7.280000e-09 -5.741290e-04
7.290000e-09 -5.741125e-04
7.300000e-09 -5.740961e-04
7.310000e-09 -5.740798e-04
7.320000e-09 -5.740633e-04
7.330000e-09 -5.740470e-04
7.340000e-09 -5.740306e-04
7.350000e-09 -5.740141e-04
7.360000e-09 -5.739978e-04
7.370000e-09 -5.739814e-04
7.380000e-09 -5.739649e-04
7.390000e-09 -5.739486e-04
7.400000e-09 -5.739322e-04
7.410000e-09 -5.739158e-04
7.420000e-09 -5.738994e-04
7.430000e-09 -5.738830e-04
7.440000e-09 -5.738666e-04
7.450000e-09 -5.738502e-04
7.460000e-09 -5.738338e-04
7.470000e-09 -5.738174e-04
7.480000e-09 -5.738010e-04
7.490000e-09 -5.737847e-04
7.500000e-09 -5.737682e-04
7.510000e-09 -5.737518e-04
7.520000e-09 -5.737355e-04
7.530000e-09 -5.737190e-04
7.540000e-09 -5.737027e-04
7.550000e-09 -5.736863e-04
7.560000e-09 -5.736698e-04
7.570000e-09 -5.736535e-04
7.580000e-09 -5.736371e-04
7.590000e-09 -5.736206e-04
7.600000e-09 -5.736043e-04
7.610000e-09 -5.735879e-04
7.620000e-09 -5.735716e-04
7.630000e-09 -5.735551e-04
7.640000e-09 -5.735387e-04
7.650000e-09 -5.735224e-04
7.660000e-09 -5.735059e-04
7.670000e-09 -5.734895e-04
7.680000e-09 -5.734732e-04
7.690000e-09 -5.734567e-04
7.700000e-09 -5.734404e-04
7.710000e-09 -5.734240e-04
7.720000e-09 -5.734075e-04
7.730000e-09 -5.733912e-04
7.740000e-09 -5.733748e-04
7.750000e-09 -5.733584e-04
7.760000e-09 -5.733420e-04
7.770000e-09 -5.733256e-04
7.780000e-09 -5.733092e-04
7.790000e-09 -5.732928e-04
7.800000e-09 -5.732764e-04
7.810000e-09 -5.732600e-04
7.820000e-09 -5.732436e-04
7.830000e-09 -5.732273e-04
7.840000e-09 -5.732108e-04
7.850000e-09 -5.731944e-04
7.860000e-09 -5.731781e-04
7.870000e-09 -5.731616e-04
7.880000e-09 -5.731452e-04
7.890000e-09 -5.731289e-04
7.900000e-09 -5.731124e-04
7.910000e-09 -5.730961e-04
7.920000e-09 -5.730797e-04
7.930000e-09 -5.730632e-04
7.940000e-09 -5.730469e-04
7.950000e-09 -5.730305e-04
7.960000e-09 -5.730142e-04
7.970000e-09 -5.729977e-04
7.980000e-09 -5.729813e-04
7.990000e-09 -5.729650e-04
8.000000e-09 -5.729485e-04
8.010000e-09 -5.729321e-04
8.020000e-09 -5.729158e-04
8.030000e-09 -5.728993e-04
8.040000e-09 -5.728830e-04
8.050000e-09 -5.728666e-04
8.060000e-09 -5.728501e-04
8.070000e-09 -5.728338e-04
8.080000e-09 -5.728174e-04
8.090000e-09 -5.728009e-04
8.100000e-09 -5.727846e-04
8.110000e-09 -5.727682e-04
8.120000e-09 -5.727518e-04
8.130000e-09 -5.727354e-04
8.140000e-09 -5.727190e-04
8.150000e-09 -5.727026e-04
8.160000e-09 -5.726862e-04
8.170000e-09 -5.726699e-04
8.180000e-09 -5.726534e-04
8.190000e-09 -5.726370e-04
8.200000e-09 -5.726207e-04
8.210000e-09 -5.726042e-04
8.220000e-09 -5.725878e-04
8.230000e-09 -5.725715e-04
8.240000e-09 -5.725550e-04
8.250000e-09 -5.725387e-04
8.260000e-09 -5.725223e-04
8.270000e-09 -5.725058e-04
8.280000e-09 -5.724895e-04
8.290000e-09 -5.724731e-04
8.300000e-09 -5.724566e-04
8.310000e-09 -5.724403e-04
8.320000e-09 -5.724239e-04
8.330000e-09 -5.724076e-04
8.340000e-09 -5.723911e-04
8.350000e-09 -5.723747e-04
8.360000e-09 -5.723584e-04
8.370000e-09 -5.723419e-04
8.380000e-09 -5.723256e-04
8.390000e-09 -5.723092e-04
8.400000e-09 -5.722927e-04
8.410000e-09 -5.722764e-04
8.420000e-09 -5.722600e-04
8.430000e-09 -5.722435e-04
8.440000e-09 -5.722272e-04
8.450000e-09 -5.722108e-04
8.460000e-09 -5.721944e-04
8.470000e-09 -5.721780e-04
8.480000e-09 -5.721616e-04
8.490000e-09 -5.721452e-04
8.500000e-09 -5.721288e-04
8.510000e-09 -5.721124e-04
8.520000e-09 -5.720960e-04
8.530000e-09 -5.720796e-04
8.540000e-09 -5.720633e-04
8.550000e-09 -5.720468e-04
8.560000e-09 -5.720304e-04
8.570000e-09 -5.720141e-04
8.580000e-09 -5.719976e-04
8.590000e-09 -5.719813e-04
8.600000e-09 -5.719649e-04
8.610000e-09 -5.719484e-04
8.620000e-09 -5.719321e-04
8.630000e-09 -5.719157e-04
8.640000e-09 -5.718992e-04
8.650000e-09 -5.718829e-04
8.660000e-09 -5.718665e-04
8.670000e-09 -5.718502e-04
8.680000e-09 -5.718337e-04
8.690000e-09 -5.718173e-04
8.700000e-09 -5.718010e-04
8.710000e-09 -5.717845e-04
8.720000e-09 -5.717681e-04
8.730000e-09 -5.717518e-04
8.740000e-09 -5.717353e-04
8.750000e-09 -5.717190e-04
8.760000e-09 -5.717026e-04
8.770000e-09 -5.716861e-04
8.780000e-09 -5.716698e-04
8.790000e-09 -5.716534e-04
8.800000e-09 -5.716370e-04
8.810000e-09 -5.716206e-04
8.820000e-09 -5.716042e-04
8.830000e-09 -5.715878e-04
8.840000e-09 -5.715714e-04
8.850000e-09 -5.715550e-04
8.860000e-09 -5.715386e-04
8.870000e-09 -5.715222e-04
8.880000e-09 -5.715059e-04
8.890000e-09 -5.714894e-04
8.900000e-09 -5.714730e-04
8.910000e-09 -5.714567e-04
8.920000e-09 -5.714402e-04
8.930000e-09 -5.714238e-04
8.940000e-09 -5.714075e-04
8.950000e-09 -5.713910e-04
8.960000e-09 -5.713747e-04
8.970000e-09 -5.713583e-04
8.980000e-09 -5.713418e-04
8.990000e-09 -5.713255e-04
9.000000e-09 -5.713091e-04
9.010000e-09 -5.712928e-04
9.020000e-09 -5.712763e-04
9.030000e-09 -5.712599e-04
9.040000e-09 -5.712436e-04
9.050000e-09 -5.712271e-04
9.060000e-09 -5.712107e-04
9.070000e-09 -5.711944e-04
9.080000e-09 -5.711779e-04
9.090000e-09 -5.711616e-04
9.100000e-09 -5.711452e-04
9.110000e-09 -5.711287e-04
9.120000e-09 -5.711124e-04
9.130000e-09 -5.710960e-04
9.140000e-09 -5.710795e-04
9.150000e-09 -5.710632e-04
9.160000e-09 -5.710468e-04
9.170000e-09 -5.710304e-04
9.180000e-09 -5.710140e-04
9.190000e-09 -5.709976e-04
9.200000e-09 -5.709812e-04
9.210000e-09 -5.709648e-04
9.220000e-09 -5.709485e-04
9.230000e-09 -5.709320e-04
9.240000e-09 -5.709156e-04
9.250000e-09 -5.708993e-04
9.260000e-09 -5.708828e-04
9.270000e-09 -5.708664e-04
9.280000e-09 -5.708501e-04
9.290000e-09 -5.708336e-04
9.300000e-09 -5.708173e-04
9.310000e-09 -5.708009e-04
9.320000e-09 -5.707844e-04
9.330000e-09 -5.707681e-04
9.340000e-09 -5.707517e-04
9.350000e-09 -5.707352e-04
9.360000e-09 -5.707189e-04
9.370000e-09 -5.707025e-04
9.380000e-09 -5.706862e-04
9.390000e-09 -5.706697e-04
9.400000e-09 -5.706533e-04
9.410000e-09 -5.706370e-04
9.420000e-09 -5.706205e-04
9.430000e-09 -5.706041e-04
9.440000e-09 -5.705878e-04
9.450000e-09 -5.705713e-04
9.460000e-09 -5.705550e-04
9.470000e-09 -5.705386e-04
9.480000e-09 -5.705221e-04
9.490000e-09 -5.705058e-04
9.500000e-09 -5.704894e-04
9.510000e-09 -5.704730e-04
9.520000e-09 -5.704566e-04
9.530000e-09 -5.704402e-04
9.540000e-09 -5.704238e-04
9.550000e-09 -5.704074e-04
9.560000e-09 -5.703910e-04
9.570000e-09 -5.703746e-04
9.580000e-09 -5.703582e-04
9.590000e-09 -5.703419e-04
9.600000e-09 -5.703254e-04
9.610000e-09 -5.703090e-04
9.620000e-09 -5.702927e-04
9.630000e-09 -5.702762e-04
9.640000e-09 -5.702598e-04
9.650000e-09 -5.702435e-04
9.660000e-09 -5.702270e-04
9.670000e-09 -5.702107e-04
9.680000e-09 -5.701943e-04
9.690000e-09 -5.701778e-04
9.700000e-09 -5.701615e-04
9.710000e-09 -5.701451e-04
9.720000e-09 -5.701288e-04
9.730000e-09 -5.701123e-04
9.740000e-09 -5.700959e-04
9.750000e-09 -5.700796e-04
9.760000e-09 -5.700631e-04
9.770000e-09 -5.700467e-04
9.780000e-09 -5.700304e-04
9.790000e-09 -5.700139e-04
9.800000e-09 -5.699976e-04
9.810000e-09 -5.699812e-04
9.820000e-09 -5.699647e-04
9.830000e-09 -5.699484e-04
9.840000e-09 -5.699320e-04
9.850000e-09 -5.699155e-04
9.860000e-09 -5.698992e-04
9.870000e-09 -5.698828e-04
9.880000e-09 -5.698664e-04
9.890000e-09 -5.698500e-04
9.900000e-09 -5.698336e-04
9.910000e-09 -5.698172e-04
9.920000e-09 -5.698008e-04
9.930000e-09 -5.697845e-04
9.940000e-09 -5.697680e-04
9.950000e-09 -5.697516e-04
9.960000e-09 -5.697353e-04
9.970000e-09 -5.697188e-04
9.980000e-09 -5.697024e-04
9.990000e-09 -5.696861e-04
1.000000e-08 -5.696696e-04
1.001000e-08 -5.696533e-04
1.002000e-08 -5.696369e-04
1.003000e-08 -5.696204e-04
1.004000e-08 -5.696041e-04
1.005000e-08 -5.695877e-04
1.006000e-08 -5.695712e-04
1.007000e-08 -5.695549e-04
1.008000e-08 -5.695385e-04
1.009000e-08 -5.695222e-04
1.010000e-08 -5.695057e-04
1.011000e-08 1.462098e-01
1.012000e-08 2.735149e-01
1.013000e-08 3.943285e-01
1.014000e-08 5.151422e-01
1.015000e-08 6.412201e-01
1.016000e-08 7.786990e-01
1.017000e-08 8.330328e-01
1.018000e-08 8.581925e-01
1.019000e-08 8.589811e-01
1.020000e-08 8.605531e-01
1.021000e-08 7.605522e-01
1.022000e-08 7.125532e-01
1.023000e-08 6.771949e-01
1.024000e-08 6.437519e-01
1.025000e-08 6.109586e-01
1.026000e-08 5.670240e-01
1.027000e-08 4.924982e-01
1.028000e-08 4.025012e-01
1.029000e-08 2.891813e-01
1.030000e-08 1.517722e-01
1.031000e-08 -6.944640e-03
1.032000e-08 -1.656616e-01
1.033000e-08 -3.165900e-01
1.034000e-08 -4.632022e-01
1.035000e-08 -5.832140e-01
1.036000e-08 -6.880568e-01
1.037000e-08 -7.928996e-01
1.038000e-08 -8.643286e-01
1.039000e-08 -9.225002e-01
1.040000e-08 -9.478890e-01
1.041000e-08 -9.705962e-01
1.042000e-08 -9.935170e-01
1.043000e-08 -1.012554e+00
1.044000e-08 -1.029424e+00
1.045000e-08 -1.046295e+00
1.046000e-08 -1.062594e+00
1.047000e-08 -1.074526e+00
1.048000e-08 -1.086458e+00
1.049000e-08 -1.098389e+00
1.050000e-08 -1.110321e+00
1.051000e-08 -1.122253e+00
1.052000e-08 -1.130799e+00
1.053000e-08 -1.139266e+00
1.054000e-08 -1.147733e+00
1.055000e-08 -1.156200e+00
1.056000e-08 -1.164668e+00
1.057000e-08 -1.173135e+00
1.058000e-08 -1.181602e+00
1.059000e-08 -1.190069e+00
1.060000e-08 -1.196597e+00
1.061000e-08 -1.202520e+00
1.062000e-08 -1.208400e+00
1.063000e-08 -1.214400e+00
1.064000e-08 -1.220280e+00
1.065000e-08 -1.226160e+00
1.066000e-08 -1.232160e+00
1.067000e-08 -1.238040e+00
1.068000e-08 -1.243920e+00
1.069000e-08 -1.249920e+00
1.070000e-08 -1.255800e+00
1.071000e-08 -1.260360e+00
1.072000e-08 -1.264320e+00
1.073000e-08 -1.268280e+00
1.074000e-08 -1.272240e+00
1.075000e-08 -1.276200e+00
1.076000e-08 -1.280160e+00
1.077000e-08 -1.284120e+00
1.078000e-08 -1.288080e+00
1.079000e-08 -1.292040e+00
1.080000e-08 -1.296000e+00
1.081000e-08 -1.299960e+00
1.082000e-08 -1.303920e+00
1.083000e-08 -1.307880e+00
1.084000e-08 -1.311840e+00
1.085000e-08 -1.315800e+00
1.086000e-08 -1.319520e+00
1.087000e-08 -1.321920e+00
1.088000e-08 -1.324320e+00
1.089000e-08 -1.326720e+00
1.090000e-08 -1.329240e+00
1.091000e-08 -1.331640e+00
1.092000e-08 -1.334040e+00
1.093000e-08 -1.336440e+00
1.094000e-08 -1.338960e+00
1.095000e-08 -1.341360e+00
1.096000e-08 -1.343760e+00
1.097000e-08 -1.346160e+00
1.098000e-08 -1.348680e+00
1.099000e-08 -1.351080e+00
1.100000e-08 -1.353480e+00
1.101000e-08 -1.355880e+00
1.102000e-08 -1.358280e+00
1.103000e-08 -1.360800e+00
1.104000e-08 -1.363200e+00
1.105000e-08 -1.365600e+00
1.106000e-08 -1.368000e+00
1.107000e-08 -1.369800e+00
1.108000e-08 -1.371120e+00
1.109000e-08 -1.372560e+00
1.110000e-08 -1.373880e+00
1.111000e-08 -1.375200e+00
1.112000e-08 -1.376520e+00
1.113000e-08 -1.377840e+00
1.114000e-08 -1.379160e+00
1.115000e-08 -1.380480e+00
1.116000e-08 -1.381800e+00
1.117000e-08 -1.383120e+00
1.118000e-08 -1.384440e+00
1.119000e-08 -1.385880e+00
1.120000e-08 -1.387200e+00
1.121000e-08 -1.388520e+00
1.122000e-08 -1.389840e+00
1.123000e-08 -1.391160e+00
1.124000e-08 -1.392480e+00
1.125000e-08 -1.393800e+00
1.126000e-08 -1.395120e+00
1.127000e-08 -1.396440e+00
1.128000e-08 -1.397760e+00
1.129000e-08 -1.399200e+00
1.130000e-08 -1.400520e+00
1.131000e-08 -1.401840e+00
1.132000e-08 -1.403160e+00
1.133000e-08 -1.404000e+00
1.134000e-08 -1.404720e+00
1.135000e-08 -1.405320e+00
1.136000e-08 -1.405920e+00
1.137000e-08 -1.406640e+00
1.138000e-08 -1.407240e+00
1.139000e-08 -1.407840e+00
1.140000e-08 -1.408560e+00
1.141000e-08 -1.409160e+00
1.142000e-08 -1.409760e+00
1.143000e-08 -1.410480e+00
1.144000e-08 -1.411080e+00
1.145000e-08 -1.411800e+00
1.146000e-08 -1.412400e+00
1.147000e-08 -1.413000e+00
1.148000e-08 -1.413720e+00
1.149000e-08 -1.414320e+00
1.150000e-08 -1.414920e+00
1.151000e-08 -1.415640e+00
1.152000e-08 -1.416240e+00
1.153000e-08 -1.416840e+00
1.154000e-08 -1.417560e+00
1.155000e-08 -1.418160e+00
1.156000e-08 -1.418880e+00
1.157000e-08 -1.419480e+00
1.158000e-08 -1.420080e+00
1.159000e-08 -1.420800e+00
1.160000e-08 -1.421400e+00
1.161000e-08 -1.422000e+00
1.162000e-08 -1.422720e+00
1.163000e-08 -1.423320e+00
1.164000e-08 -1.423800e+00
1.165000e-08 -1.424160e+00
1.166000e-08 -1.424400e+00
1.167000e-08 -1.424640e+00
1.168000e-08 -1.424880e+00
1.169000e-08 -1.425240e+00
1.170000e-08 -1.425480e+00
1.171000e-08 -1.425720e+00
1.172000e-08 -1.425960e+00
1.173000e-08 -1.426320e+00
1.174000e-08 -1.426560e+00
1.175000e-08 -1.426800e+00
1.176000e-08 -1.427040e+00
1.177000e-08 -1.427400e+00
1.178000e-08 -1.427640e+00
1.179000e-08 -1.427880e+00
1.180000e-08 -1.428120e+00
1.181000e-08 -1.428480e+00
1.182000e-08 -1.428720e+00
1.183000e-08 -1.428960e+00
1.184000e-08 -1.429200e+00
1.185000e-08 -1.429560e+00
1.186000e-08 -1.429800e+00
1.187000e-08 -1.430040e+00
1.188000e-08 -1.430280e+00
1.189000e-08 -1.430520e+00
1.190000e-08 -1.430880e+00
1.191000e-08 -1.431120e+00
1.192000e-08 -1.431360e+00
1.193000e-08 -1.431600e+00
1.194000e-08 -1.431960e+00
1.195000e-08 -1.432200e+00
1.196000e-08 -1.432440e+00
1.197000e-08 -1.432680e+00
1.198000e-08 -1.433040e+00
1.199000e-08 -1.433280e+00
1.200000e-08 -1.433520e+00
1.201000e-08 -1.433760e+00
1.202000e-08 -1.434000e+00
1.203000e-08 -1.434000e+00
1.204000e-08 -1.434120e+00
1.205000e-08 -1.434240e+00
1.206000e-08 -1.434360e+00
1.207000e-08 -1.434360e+00
1.208000e-08 -1.434480e+00
1.209000e-08 -1.434600e+00
1.210000e-08 -1.434720e+00
1.211000e-08 -1.434840e+00
1.212000e-08 -1.434840e+00
1.213000e-08 -1.434960e+00
1.214000e-08 -1.435080e+00
1.215000e-08 -1.435200e+00
1.216000e-08 -1.435200e+00
1.217000e-08 -1.435320e+00
1.218000e-08 -1.435440e+00
1.219000e-08 -1.435560e+00
1.220000e-08 -1.435680e+00
1.221000e-08 -1.435680e+00
1.222000e-08 -1.435800e+00
1.223000e-08 -1.435920e+00
1.224000e-08 -1.436040e+00
1.225000e-08 -1.436040e+00
1.226000e-08 -1.436160e+00
1.227000e-08 -1.436280e+00
1.228000e-08 -1.436400e+00
1.229000e-08 -1.436520e+00
1.230000e-08 -1.436520e+00
1.231000e-08 -1.436640e+00
1.232000e-08 -1.436760e+00
1.233000e-08 -1.436880e+00
1.234000e-08 -1.436880e+00
1.235000e-08 -1.437000e+00
1.236000e-08 -1.437120e+00
1.237000e-08 -1.437240e+00
1.238000e-08 -1.437360e+00
1.239000e-08 -1.437360e+00
1.240000e-08 -1.437480e+00
1.241000e-08 -1.437600e+00
1.242000e-08 -1.437720e+00
1.243000e-08 -1.437840e+00
1.244000e-08 -1.437840e+00
1.245000e-08 -1.437960e+00
1.246000e-08 -1.438080e+00
1.247000e-08 -1.438200e+00
1.248000e-08 -1.438200e+00
1.249000e-08 -1.438200e+00
1.250000e-08 -1.438200e+00
1.251000e-08 -1.438200e+00
1.252000e-08 -1.438320e+00
1.253000e-08 -1.438320e+00
1.254000e-08 -1.438320e+00
1.255000e-08 -1.438320e+00
1.256000e-08 -1.438320e+00
1.257000e-08 -1.438440e+00
1.258000e-08 -1.438440e+00
1.259000e-08 -1.438440e+00
1.260000e-08 -1.438440e+00
1.261000e-08 -1.438560e+00
1.262000e-08 -1.438560e+00
1.263000e-08 -1.438560e+00
1.264000e-08 -1.438560e+00
1.265000e-08 -1.438560e+00
1.266000e-08 -1.438680e+00
1.267000e-08 -1.438680e+00
1.268000e-08 -1.438680e+00
1.269000e-08 -1.438680e+00
1.270000e-08 -1.438680e+00
1.271000e-08 -1.438800e+00
1.272000e-08 -1.438800e+00
1.273000e-08 -1.438800e+00
1.274000e-08 -1.438800e+00
1.275000e-08 -1.438800e+00
1.276000e-08 -1.438920e+00
1.277000e-08 -1.438920e+00
1.278000e-08 -1.438920e+00
1.279000e-08 -1.438920e+00
1.280000e-08 -1.439040e+00
1.281000e-08 -1.439040e+00
1.282000e-08 -1.439040e+00
1.283000e-08 -1.439040e+00
1.284000e-08 -1.439040e+00
1.285000e-08 -1.439160e+00
1.286000e-08 -1.439160e+00
1.287000e-08 -1.439160e+00
1.288000e-08 -1.439160e+00
1.289000e-08 -1.439160e+00
1.290000e-08 -1.439280e+00
1.291000e-08 -1.439280e+00
1.292000e-08 -1.439280e+00
1.293000e-08 -1.439280e+00
1.294000e-08 -1.439280e+00
1.295000e-08 -1.439400e+00
1.296000e-08 -1.439400e+00
1.297000e-08 -1.439400e+00
1.298000e-08 -1.439400e+00
1.299000e-08 -1.439520e+00
1.300000e-08 -1.439520e+00
1.301000e-08 -1.439520e+00
1.302000e-08 -1.439520e+00
1.303000e-08 -1.439520e+00
1.304000e-08 -1.439640e+00
1.305000e-08 -1.439640e+00
1.306000e-08 -1.439640e+00
1.307000e-08 -1.439640e+00
1.308000e-08 -1.439640e+00
1.309000e-08 -1.439640e+00
1.310000e-08 -1.439640e+00
1.311000e-08 -1.439640e+00
1.312000e-08 -1.439640e+00
1.313000e-08 -1.439640e+00
1.314000e-08 -1.439640e+00
1.315000e-08 -1.439640e+00
1.316000e-08 -1.439640e+00
1.317000e-08 -1.439640e+00
1.318000e-08 -1.439640e+00
1.319000e-08 -1.439640e+00
1.320000e-08 -1.439640e+00
1.321000e-08 -1.439640e+00
1.322000e-08 -1.439640e+00
1.323000e-08 -1.439640e+00
1.324000e-08 -1.439640e+00
1.325000e-08 -1.439640e+00
1.326000e-08 -1.439640e+00
1.327000e-08 -1.439640e+00
1.328000e-08 -1.439640e+00
1.329000e-08 -1.439640e+00
1.330000e-08 -1.439640e+00
1.331000e-08 -1.439760e+00
1.332000e-08 -1.439760e+00
1.333000e-08 -1.439760e+00
1.334000e-08 -1.439760e+00
1.335000e-08 -1.439760e+00
1.336000e-08 -1.439760e+00
1.337000e-08 -1.439760e+00
1.338000e-08 -1.439760e+00
1.339000e-08 -1.439760e+00
1.340000e-08 -1.439760e+00
1.341000e-08 -1.439760e+00
1.342000e-08 -1.439760e+00
1.343000e-08 -1.439760e+00
1.344000e-08 -1.439760e+00
1.345000e-08 -1.439760e+00
1.346000e-08 -1.439760e+00
1.347000e-08 -1.439760e+00
1.348000e-08 -1.439760e+00
1.349000e-08 -1.439760e+00
1.350000e-08 -1.439760e+00
1.351000e-08 -1.439760e+00
1.352000e-08 -1.439760e+00
1.353000e-08 -1.439760e+00
1.354000e-08 -1.439760e+00
1.355000e-08 -1.439760e+00
1.356000e-08 -1.439760e+00
1.357000e-08 -1.439760e+00
1.358000e-08 -1.439760e+00
1.359000e-08 -1.439760e+00
1.360000e-08 -1.439760e+00
1.361000e-08 -1.439880e+00
1.362000e-08 -1.439880e+00
1.363000e-08 -1.439880e+00
1.364000e-08 -1.439880e+00
1.365000e-08 -1.439880e+00
1.366000e-08 -1.439880e+00
1.367000e-08 -1.439880e+00
1.368000e-08 -1.439880e+00
1.369000e-08 -1.439880e+00
1.370000e-08 -1.439880e+00
1.371000e-08 -1.439880e+00
1.372000e-08 -1.439880e+00
1.373000e-08 -1.439880e+00
1.374000e-08 -1.439880e+00
1.375000e-08 -1.439880e+00
1.376000e-08 -1.439880e+00
1.377000e-08 -1.439880e+00
1.378000e-08 -1.439880e+00
1.379000e-08 -1.439880e+00
1.380000e-08 -1.439880e+00
1.381000e-08 -1.439880e+00
1.382000e-08 -1.439880e+00
1.383000e-08 -1.439880e+00
1.384000e-08 -1.439880e+00
1.385000e-08 -1.439880e+00
1.386000e-08 -1.439880e+00
1.387000e-08 -1.439880e+00
1.388000e-08 -1.439880e+00
1.389000e-08 -1.439880e+00
1.390000e-08 -1.439880e+00
1.391000e-08 -1.439880e+00
1.392000e-08 -1.439880e+00
1.393000e-08 -1.439880e+00
1.394000e-08 -1.439880e+00
1.395000e-08 -1.439880e+00
1.396000e-08 -1.439880e+00
1.397000e-08 -1.439880e+00
1.398000e-08 -1.439880e+00
1.399000e-08 -1.439880e+00
1.400000e-08 -1.439880e+00
1.401000e-08 -1.439880e+00
1.402000e-08 -1.439880e+00
1.403000e-08 -1.439880e+00
1.404000e-08 -1.439880e+00
1.405000e-08 -1.439880e+00
1.406000e-08 -1.439880e+00
1.407000e-08 -1.439880e+00
1.408000e-08 -1.439880e+00
1.409000e-08 -1.439880e+00
1.410000e-08 -1.439880e+00
1.411000e-08 -1.439880e+00
1.412000e-08 -1.439880e+00
1.413000e-08 -1.439880e+00
1.414000e-08 -1.439880e+00
1.415000e-08 -1.439880e+00
1.416000e-08 -1.439880e+00
1.417000e-08 -1.439880e+00
1.418000e-08 -1.439880e+00
1.419000e-08 -1.439880e+00
1.420000e-08 -1.439880e+00
1.421000e-08 -1.439880e+00
1.422000e-08 -1.439880e+00
1.423000e-08 -1.439880e+00
1.424000e-08 -1.439880e+00
1.425000e-08 -1.439880e+00
1.426000e-08 -1.439880e+00
1.427000e-08 -1.439880e+00
1.428000e-08 -1.439880e+00
1.429000e-08 -1.439880e+00
1.430000e-08 -1.439880e+00
1.431000e-08 -1.439880e+00
1.432000e-08 -1.439880e+00
1.433000e-08 -1.439880e+00
1.434000e-08 -1.439880e+00
1.435000e-08 -1.439880e+00
1.436000e-08 -1.439880e+00
1.437000e-08 -1.439880e+00
1.438000e-08 -1.439880e+00
1.439000e-08 -1.439880e+00
1.440000e-08 -1.439880e+00
1.441000e-08 -1.439880e+00
1.442000e-08 -1.439880e+00
1.443000e-08 -1.439880e+00
1.444000e-08 -1.439880e+00
1.445000e-08 -1.439880e+00
1.446000e-08 -1.439880e+00
1.447000e-08 -1.439880e+00
1.448000e-08 -1.439880e+00
1.449000e-08 -1.439880e+00
1.450000e-08 -1.439880e+00
1.451000e-08 -1.439880e+00
1.452000e-08 -1.439880e+00
1.453000e-08 -1.439880e+00
1.454000e-08 -1.440000e+00
1.455000e-08 -1.440000e+00
1.456000e-08 -1.440000e+00
1.457000e-08 -1.440000e+00
1.458000e-08 -1.440000e+00
1.459000e-08 -1.440000e+00
1.460000e-08 -1.440000e+00
1.461000e-08 -1.440000e+00
1.462000e-08 -1.440000e+00
1.463000e-08 -1.440000e+00
1.464000e-08 -1.440000e+00
1.465000e-08 -1.440000e+00
1.466000e-08 -1.440000e+00
1.467000e-08 -1.440000e+00
1.468000e-08 -1.440000e+00
1.469000e-08 -1.440000e+00
1.470000e-08 -1.440000e+00
1.471000e-08 -1.440000e+00
1.472000e-08 -1.440000e+00
1.473000e-08 -1.440000e+00
1.474000e-08 -1.440000e+00
1.475000e-08 -1.440000e+00
1.476000e-08 -1.440000e+00
1.477000e-08 -1.440000e+00
1.478000e-08 -1.440000e+00
1.479000e-08 -1.440000e+00
1.480000e-08 -1.440000e+00
1.481000e-08 -1.440000e+00
1.482000e-08 -1.440000e+00
1.483000e-08 -1.440000e+00
1.484000e-08 -1.440000e+00
1.485000e-08 -1.440000e+00
1.486000e-08 -1.440000e+00
1.487000e-08 -1.440000e+00
1.488000e-08 -1.440000e+00
1.489000e-08 -1.440000e+00
1.490000e-08 -1.440000e+00
1.491000e-08 -1.440000e+00
1.492000e-08 -1.440000e+00
1.493000e-08 -1.440000e+00
1.494000e-08 -1.440000e+00
1.495000e-08 -1.440000e+00
1.496000e-08 -1.440000e+00
1.497000e-08 -1.440000e+00
1.498000e-08 -1.440000e+00
1.499000e-08 -1.440000e+00
1.500000e-08 -1.440000e+00
1.501000e-08 -1.440000e+00
1.502000e-08 -1.440000e+00
1.503000e-08 -1.440000e+00
1.504000e-08 -1.440000e+00
1.505000e-08 -1.440000e+00
1.506000e-08 -1.440000e+00
1.507000e-08 -1.440000e+00
1.508000e-08 -1.440000e+00
1.509000e-08 -1.440000e+00
1.510000e-08 -1.440000e+00
1.511000e-08 -1.440000e+00
1.512000e-08 -1.440000e+00
1.513000e-08 -1.440000e+00
1.514000e-08 -1.440000e+00
1.515000e-08 -1.440000e+00
1.516000e-08 -1.440000e+00
1.517000e-08 -1.440000e+00
1.518000e-08 -1.440000e+00
1.519000e-08 -1.440000e+00
1.520000e-08 -1.440000e+00
1.521000e-08 -1.440000e+00
1.522000e-08 -1.440000e+00
1.523000e-08 -1.440000e+00
1.524000e-08 -1.440000e+00
1.525000e-08 -1.440000e+00
1.526000e-08 -1.440000e+00
1.527000e-08 -1.440000e+00
1.528000e-08 -1.440000e+00
1.529000e-08 -1.440000e+00
1.530000e-08 -1.440000e+00
1.531000e-08 -1.440000e+00
1.532000e-08 -1.440000e+00
1.533000e-08 -1.440000e+00
1.534000e-08 -1.440000e+00
1.535000e-08 -1.440000e+00
1.536000e-08 -1.440000e+00
1.537000e-08 -1.440000e+00
1.538000e-08 -1.440000e+00
1.539000e-08 -1.440000e+00
1.540000e-08 -1.440000e+00
1.541000e-08 -1.440000e+00
1.542000e-08 -1.440000e+00
1.543000e-08 -1.440000e+00
1.544000e-08 -1.440000e+00
1.545000e-08 -1.440000e+00
1.546000e-08 -1.440000e+00
1.547000e-08 -1.440000e+00
1.548000e-08 -1.440000e+00
1.549000e-08 -1.440000e+00
1.550000e-08 -1.440000e+00
1.551000e-08 -1.440000e+00
1.552000e-08 -1.440000e+00
1.553000e-08 -1.440000e+00
1.554000e-08 -1.440000e+00
1.555000e-08 -1.440000e+00
1.556000e-08 -1.440000e+00
1.557000e-08 -1.440000e+00
1.558000e-08 -1.440000e+00
1.559000e-08 -1.440000e+00
1.560000e-08 -1.440000e+00
1.561000e-08 -1.440000e+00
1.562000e-08 -1.440000e+00
1.563000e-08 -1.440000e+00
1.564000e-08 -1.440000e+00
1.565000e-08 -1.440000e+00
1.566000e-08 -1.440000e+00
1.567000e-08 -1.440000e+00
1.568000e-08 -1.440000e+00
1.569000e-08 -1.440000e+00
1.570000e-08 -1.440000e+00
1.571000e-08 -1.440000e+00
1.572000e-08 -1.440000e+00
1.573000e-08 -1.440000e+00
1.574000e-08 -1.440000e+00
1.575000e-08 -1.440000e+00
1.576000e-08 -1.440000e+00
1.577000e-08 -1.440000e+00
1.578000e-08 -1.440000e+00
1.579000e-08 -1.440000e+00
1.580000e-08 -1.440000e+00
1.581000e-08 -1.440000e+00
1.582000e-08 -1.440000e+00
1.583000e-08 -1.440000e+00
1.584000e-08 -1.440000e+00
1.585000e-08 -1.440000e+00
1.586000e-08 -1.440000e+00
1.587000e-08 -1.440000e+00
1.588000e-08 -1.440000e+00
1.589000e-08 -1.440000e+00
1.590000e-08 -1.440000e+00
1.591000e-08 -1.440000e+00
1.592000e-08 -1.440000e+00
1.593000e-08 -1.440000e+00
1.594000e-08 -1.440000e+00
1.595000e-08 -1.440000e+00
1.596000e-08 -1.440000e+00
1.597000e-08 -1.440000e+00
1.598000e-08 -1.440000e+00
1.599000e-08 -1.440000e+00
1.600000e-08 -1.440000e+00
1.601000e-08 -1.440000e+00
1.602000e-08 -1.440000e+00
1.603000e-08 -1.440000e+00
1.604000e-08 -1.440000e+00
1.605000e-08 -1.440000e+00
1.606000e-08 -1.440000e+00
1.607000e-08 -1.440000e+00
1.608000e-08 -1.440000e+00
1.609000e-08 -1.440000e+00
1.610000e-08 -1.440000e+00
1.611000e-08 -1.440000e+00
1.612000e-08 -1.440000e+00
1.613000e-08 -1.440000e+00
1.614000e-08 -1.440000e+00
1.615000e-08 -1.440000e+00
1.616000e-08 -1.440000e+00
1.617000e-08 -1.440000e+00
1.618000e-08 -1.440000e+00
1.619000e-08 -1.440000e+00
1.620000e-08 -1.440000e+00
1.621000e-08 -1.440000e+00
1.622000e-08 -1.440000e+00
1.623000e-08 -1.440000e+00
1.624000e-08 -1.440000e+00
1.625000e-08 -1.440000e+00
1.626000e-08 -1.440000e+00
1.627000e-08 -1.440000e+00
1.628000e-08 -1.440000e+00
1.629000e-08 -1.440000e+00
1.630000e-08 -1.440000e+00
1.631000e-08 -1.440000e+00
1.632000e-08 -1.440000e+00
1.633000e-08 -1.440000e+00
1.634000e-08 -1.440000e+00
1.635000e-08 -1.440000e+00
1.636000e-08 -1.440000e+00
1.637000e-08 -1.440000e+00
1.638000e-08 -1.440000e+00
1.639000e-08 -1.440000e+00
1.640000e-08 -1.440000e+00
1.641000e-08 -1.440000e+00
1.642000e-08 -1.440000e+00
1.643000e-08 -1.440000e+00
1.644000e-08 -1.440000e+00
1.645000e-08 -1.440000e+00
1.646000e-08 -1.440000e+00
1.647000e-08 -1.440000e+00
1.648000e-08 -1.440000e+00
1.649000e-08 -1.440000e+00
1.650000e-08 -1.440000e+00
1.651000e-08 -1.440000e+00
1.652000e-08 -1.440000e+00
1.653000e-08 -1.440000e+00
1.654000e-08 -1.440000e+00
1.655000e-08 -1.440000e+00
1.656000e-08 -1.440000e+00
1.657000e-08 -1.440000e+00
1.658000e-08 -1.440000e+00
1.659000e-08 -1.440000e+00
1.660000e-08 -1.440000e+00
1.661000e-08 -1.440000e+00
1.662000e-08 -1.440000e+00
1.663000e-08 -1.440000e+00
1.664000e-08 -1.440000e+00
1.665000e-08 -1.440000e+00
1.666000e-08 -1.440000e+00
1.667000e-08 -1.440000e+00
1.668000e-08 -1.440000e+00
1.669000e-08 -1.440000e+00
1.670000e-08 -1.440000e+00
1.671000e-08 -1.440000e+00
1.672000e-08 -1.440000e+00
1.673000e-08 -1.440000e+00
1.674000e-08 -1.440000e+00
1.675000e-08 -1.440000e+00
1.676000e-08 -1.440000e+00
1.677000e-08 -1.440000e+00
1.678000e-08 -1.440000e+00
1.679000e-08 -1.440000e+00
1.680000e-08 -1.440000e+00
1.681000e-08 -1.440000e+00
1.682000e-08 -1.440000e+00
1.683000e-08 -1.440000e+00
1.684000e-08 -1.440000e+00
1.685000e-08 -1.440000e+00
1.686000e-08 -1.440000e+00
1.687000e-08 -1.440000e+00
1.688000e-08 -1.440000e+00
1.689000e-08 -1.440000e+00
1.690000e-08 -1.440000e+00
1.691000e-08 -1.440000e+00
1.692000e-08 -1.440000e+00
1.693000e-08 -1.440000e+00
1.694000e-08 -1.440000e+00
1.695000e-08 -1.440000e+00
1.696000e-08 -1.440000e+00
1.697000e-08 -1.440000e+00
1.698000e-08 -1.440000e+00
1.699000e-08 -1.440000e+00
1.700000e-08 -1.440000e+00
1.701000e-08 -1.440000e+00
1.702000e-08 -1.440000e+00
1.703000e-08 -1.440000e+00
1.704000e-08 -1.440000e+00
1.705000e-08 -1.440000e+00
1.706000e-08 -1.440000e+00
1.707000e-08 -1.440000e+00
1.708000e-08 -1.440000e+00
1.709000e-08 -1.440000e+00
1.710000e-08 -1.440000e+00
1.711000e-08 -1.440000e+00
1.712000e-08 -1.440000e+00
1.713000e-08 -1.440000e+00
1.714000e-08 -1.440000e+00
1.715000e-08 -1.440000e+00
1.716000e-08 -1.440000e+00
1.717000e-08 -1.440000e+00
1.718000e-08 -1.440000e+00
1.719000e-08 -1.440000e+00
1.720000e-08 -1.440000e+00
1.721000e-08 -1.440000e+00
1.722000e-08 -1.440000e+00
1.723000e-08 -1.440000e+00
1.724000e-08 -1.440000e+00
1.725000e-08 -1.440000e+00
1.726000e-08 -1.440000e+00
1.727000e-08 -1.440000e+00
1.728000e-08 -1.440000e+00
1.729000e-08 -1.440000e+00
1.730000e-08 -1.440000e+00
1.731000e-08 -1.440000e+00
1.732000e-08 -1.440000e+00
1.733000e-08 -1.440000e+00
1.734000e-08 -1.440000e+00
1.735000e-08 -1.440000e+00
1.736000e-08 -1.440000e+00
1.737000e-08 -1.440000e+00
1.738000e-08 -1.440000e+00
1.739000e-08 -1.440000e+00
1.740000e-08 -1.440000e+00
1.741000e-08 -1.440000e+00
1.742000e-08 -1.440000e+00
1.743000e-08 -1.440000e+00
1.744000e-08 -1.440000e+00
1.745000e-08 -1.440000e+00
1.746000e-08 -1.440000e+00
1.747000e-08 -1.440000e+00
1.748000e-08 -1.440000e+00
1.749000e-08 -1.440000e+00
1.750000e-08 -1.440000e+00
1.751000e-08 -1.440000e+00
1.752000e-08 -1.440000e+00
1.753000e-08 -1.440000e+00
1.754000e-08 -1.440000e+00
1.755000e-08 -1.440000e+00
1.756000e-08 -1.440000e+00
1.757000e-08 -1.440000e+00
1.758000e-08 -1.440000e+00
1.759000e-08 -1.440000e+00
1.760000e-08 -1.440000e+00
1.761000e-08 -1.440000e+00
1.762000e-08 -1.440000e+00
1.763000e-08 -1.440000e+00
1.764000e-08 -1.440000e+00
1.765000e-08 -1.440000e+00
1.766000e-08 -1.440000e+00
1.767000e-08 -1.440000e+00
1.768000e-08 -1.440000e+00
1.769000e-08 -1.440000e+00
1.770000e-08 -1.440000e+00
1.771000e-08 -1.440000e+00
1.772000e-08 -1.440000e+00
1.773000e-08 -1.440000e+00
1.774000e-08 -1.440000e+00
1.775000e-08 -1.440000e+00
1.776000e-08 -1.440000e+00
1.777000e-08 -1.440000e+00
1.778000e-08 -1.440000e+00
1.779000e-08 -1.440000e+00
1.780000e-08 -1.440000e+00
1.781000e-08 -1.440000e+00
1.782000e-08 -1.440000e+00
1.783000e-08 -1.440000e+00
1.784000e-08 -1.440000e+00
1.785000e-08 -1.440000e+00
1.786000e-08 -1.440000e+00
1.787000e-08 -1.440000e+00
1.788000e-08 -1.440000e+00
1.789000e-08 -1.440000e+00
1.790000e-08 -1.440000e+00
1.791000e-08 -1.440000e+00
1.792000e-08 -1.440000e+00
1.793000e-08 -1.440000e+00
1.794000e-08 -1.440000e+00
1.795000e-08 -1.440000e+00
1.796000e-08 -1.440000e+00
1.797000e-08 -1.440000e+00
1.798000e-08 -1.440000e+00
1.799000e-08 -1.440000e+00
1.800000e-08 -1.440000e+00
1.801000e-08 -1.440000e+00
1.802000e-08 -1.440000e+00
1.803000e-08 -1.440000e+00
1.804000e-08 -1.440000e+00
1.805000e-08 -1.440000e+00
1.806000e-08 -1.440000e+00
1.807000e-08 -1.440000e+00
1.808000e-08 -1.440000e+00
1.809000e-08 -1.440000e+00
1.810000e-08 -1.440000e+00
1.811000e-08 -1.440000e+00
1.812000e-08 -1.440000e+00
1.813000e-08 -1.440000e+00
1.814000e-08 -1.440000e+00
1.815000e-08 -1.440000e+00
1.816000e-08 -1.440000e+00
1.817000e-08 -1.440000e+00
1.818000e-08 -1.440000e+00
1.819000e-08 -1.440000e+00
1.820000e-08 -1.440000e+00
1.821000e-08 -1.440000e+00
1.822000e-08 -1.440000e+00
1.823000e-08 -1.440000e+00
1.824000e-08 -1.440000e+00
1.825000e-08 -1.440000e+00
1.826000e-08 -1.440000e+00
1.827000e-08 -1.440000e+00
1.828000e-08 -1.440000e+00
1.829000e-08 -1.440000e+00
1.830000e-08 -1.440000e+00
1.831000e-08 -1.440000e+00
1.832000e-08 -1.440000e+00
1.833000e-08 -1.440000e+00
1.834000e-08 -1.440000e+00
1.835000e-08 -1.440000e+00
1.836000e-08 -1.440000e+00
1.837000e-08 -1.440000e+00
1.838000e-08 -1.440000e+00
1.839000e-08 -1.440000e+00
1.840000e-08 -1.440000e+00
1.841000e-08 -1.440000e+00
1.842000e-08 -1.440000e+00
1.843000e-08 -1.440000e+00
1.844000e-08 -1.440000e+00
1.845000e-08 -1.440000e+00
1.846000e-08 -1.440000e+00
1.847000e-08 -1.440000e+00
1.848000e-08 -1.440000e+00
1.849000e-08 -1.440000e+00
1.850000e-08 -1.440000e+00
1.851000e-08 -1.440000e+00
1.852000e-08 -1.440000e+00
1.853000e-08 -1.440000e+00
1.854000e-08 -1.440000e+00
1.855000e-08 -1.440000e+00
1.856000e-08 -1.440000e+00
1.857000e-08 -1.440000e+00
1.858000e-08 -1.440000e+00
1.859000e-08 -1.440000e+00
1.860000e-08 -1.440000e+00
1.861000e-08 -1.440000e+00
1.862000e-08 -1.440000e+00
1.863000e-08 -1.440000e+00
1.864000e-08 -1.440000e+00
1.865000e-08 -1.440000e+00
1.866000e-08 -1.440000e+00
1.867000e-08 -1.440000e+00
1.868000e-08 -1.440000e+00
1.869000e-08 -1.440000e+00
1.870000e-08 -1.440000e+00
1.871000e-08 -1.440000e+00
1.872000e-08 -1.440000e+00
1.873000e-08 -1.440000e+00
1.874000e-08 -1.440000e+00
1.875000e-08 -1.440000e+00
1.876000e-08 -1.440000e+00
1.877000e-08 -1.440000e+00
1.878000e-08 -1.440000e+00
1.879000e-08 -1.440000e+00
1.880000e-08 -1.440000e+00
1.881000e-08 -1.440000e+00
1.882000e-08 -1.440000e+00
1.883000e-08 -1.440000e+00
1.884000e-08 -1.440000e+00
1.885000e-08 -1.440000e+00
1.886000e-08 -1.440000e+00
1.887000e-08 -1.440000e+00
1.888000e-08 -1.440000e+00
1.889000e-08 -1.440000e+00
1.890000e-08 -1.440000e+00
1.891000e-08 -1.440000e+00
1.892000e-08 -1.440000e+00
1.893000e-08 -1.440000e+00
1.894000e-08 -1.440000e+00
1.895000e-08 -1.440000e+00
1.896000e-08 -1.440000e+00
1.897000e-08 -1.440000e+00
1.898000e-08 -1.440000e+00
1.899000e-08 -1.440000e+00
1.900000e-08 -1.440000e+00
1.901000e-08 -1.440000e+00
1.902000e-08 -1.440000e+00
1.903000e-08 -1.440000e+00
1.904000e-08 -1.440000e+00
1.905000e-08 -1.440000e+00
1.906000e-08 -1.440000e+00
1.907000e-08 -1.440000e+00
1.908000e-08 -1.440000e+00
1.909000e-08 -1.440000e+00
1.910000e-08 -1.440000e+00
1.911000e-08 -1.440000e+00
1.912000e-08 -1.440000e+00
1.913000e-08 -1.440000e+00
1.914000e-08 -1.440000e+00
1.915000e-08 -1.440000e+00
1.916000e-08 -1.440000e+00
1.917000e-08 -1.440000e+00
1.918000e-08 -1.440000e+00
1.919000e-08 -1.440000e+00
1.920000e-08 -1.440000e+00
1.921000e-08 -1.440000e+00
1.922000e-08 -1.440000e+00
1.923000e-08 -1.440000e+00
1.924000e-08 -1.440000e+00
1.925000e-08 -1.440000e+00
1.926000e-08 -1.440000e+00
1.927000e-08 -1.440000e+00
1.928000e-08 -1.440000e+00
1.929000e-08 -1.440000e+00
1.930000e-08 -1.440000e+00
1.931000e-08 -1.440000e+00
1.932000e-08 -1.440000e+00
1.933000e-08 -1.440000e+00
1.934000e-08 -1.440000e+00
1.935000e-08 -1.440000e+00
1.936000e-08 -1.440000e+00
1.937000e-08 -1.440000e+00
1.938000e-08 -1.440000e+00
1.939000e-08 -1.440000e+00
1.940000e-08 -1.440000e+00
1.941000e-08 -1.440000e+00
1.942000e-08 -1.440000e+00
1.943000e-08 -1.440000e+00
1.944000e-08 -1.440000e+00
1.945000e-08 -1.440000e+00
1.946000e-08 -1.440000e+00
1.947000e-08 -1.440000e+00
1.948000e-08 -1.440000e+00
1.949000e-08 -1.440000e+00
1.950000e-08 -1.440000e+00
1.951000e-08 -1.440000e+00
1.952000e-08 -1.440000e+00
1.953000e-08 -1.440000e+00
1.954000e-08 -1.440000e+00
1.955000e-08 -1.440000e+00
1.956000e-08 -1.440000e+00
1.957000e-08 -1.440000e+00
1.958000e-08 -1.440000e+00
1.959000e-08 -1.440000e+00
1.960000e-08 -1.440000e+00
1.961000e-08 -1.440000e+00
1.962000e-08 -1.440000e+00
1.963000e-08 -1.440000e+00
1.964000e-08 -1.440000e+00
1.965000e-08 -1.440000e+00
1.966000e-08 -1.440000e+00
1.967000e-08 -1.440000e+00
1.968000e-08 -1.440000e+00
1.969000e-08 -1.440000e+00
1.970000e-08 -1.440000e+00
1.971000e-08 -1.440000e+00
1.972000e-08 -1.440000e+00
1.973000e-08 -1.440000e+00
1.974000e-08 -1.440000e+00
1.975000e-08 -1.440000e+00
1.976000e-08 -1.440000e+00
1.977000e-08 -1.440000e+00
1.978000e-08 -1.440000e+00
1.979000e-08 -1.440000e+00
1.980000e-08 -1.440000e+00
1.981000e-08 -1.440000e+00
1.982000e-08 -1.440000e+00
1.983000e-08 -1.440000e+00
1.984000e-08 -1.440000e+00
1.985000e-08 -1.440000e+00
1.986000e-08 -1.440000e+00
1.987000e-08 -1.440000e+00
1.988000e-08 -1.440000e+00
1.989000e-08 -1.440000e+00
1.990000e-08 -1.440000e+00
1.991000e-08 -1.440000e+00
1.992000e-08 -1.440000e+00
1.993000e-08 -1.440000e+00
1.994000e-08 -1.440000e+00
1.995000e-08 -1.440000e+00
1.996000e-08 -1.440000e+00
1.997000e-08 -1.440000e+00
1.998000e-08 -1.440000e+00
1.999000e-08 -1.440000e+00
2.000000e-08 -1.440000e+00
2.001000e-08 -1.603080e+00
2.002000e-08 -1.760760e+00
2.003000e-08 -1.898280e+00
2.004000e-08 -2.028240e+00
2.005000e-08 -2.156880e+00
2.006000e-08 -2.233440e+00
2.007000e-08 -2.280960e+00
2.008000e-08 -2.312400e+00
2.009000e-08 -2.312040e+00
2.010000e-08 -2.309880e+00
2.011000e-08 -2.226960e+00
2.012000e-08 -2.184360e+00
2.013000e-08 -2.152080e+00
2.014000e-08 -2.121360e+00
2.015000e-08 -2.092200e+00
2.016000e-08 -2.063040e+00
2.017000e-08 -2.019720e+00
2.018000e-08 -1.974720e+00
2.019000e-08 -1.929840e+00
2.020000e-08 -1.884960e+00
2.021000e-08 -1.659840e+00
2.022000e-08 -1.376280e+00
2.023000e-08 -1.081889e+00
2.024000e-08 -8.433680e-01
2.025000e-08 -6.146972e-01
2.026000e-08 -4.445940e-01
2.027000e-08 -3.767105e-01
2.028000e-08 -3.370193e-01
2.029000e-08 -2.977038e-01
2.030000e-08 -2.650342e-01
2.031000e-08 -2.376412e-01
2.032000e-08 -2.148215e-01
2.033000e-08 -1.954133e-01
2.034000e-08 -1.760051e-01
2.035000e-08 -1.587362e-01
2.036000e-08 -1.467413e-01
2.037000e-08 -1.347464e-01
2.038000e-08 -1.227515e-01
2.039000e-08 -1.107565e-01
2.040000e-08 -9.876168e-02
2.041000e-08 -8.986824e-02
2.042000e-08 -8.368692e-02
2.043000e-08 -7.750572e-02
2.044000e-08 -7.132452e-02
2.045000e-08 -6.514332e-02
2.046000e-08 -5.896212e-02
2.047000e-08 -5.278080e-02
2.048000e-08 -4.659960e-02
2.049000e-08 -4.234764e-02
2.050000e-08 -3.970404e-02
2.051000e-08 -3.706044e-02
2.052000e-08 -3.441684e-02
2.053000e-08 -3.177336e-02
2.054000e-08 -2.912976e-02
2.055000e-08 -2.648616e-02
2.056000e-08 -2.384256e-02
2.057000e-08 -2.119908e-02
2.058000e-08 -1.855548e-02
2.059000e-08 -1.638312e-02
2.060000e-08 -1.548984e-02
2.061000e-08 -1.459656e-02
2.062000e-08 -1.370340e-02
2.063000e-08 -1.281012e-02
2.064000e-08 -1.191684e-02
2.065000e-08 -1.102356e-02
2.066000e-08 -1.013028e-02
2.067000e-08 -9.237120e-03
2.068000e-08 -8.343840e-03
2.069000e-08 -7.450560e-03
2.070000e-08 -6.557280e-03
2.071000e-08 -5.664000e-03
2.072000e-08 -4.979280e-03
2.073000e-08 -4.756440e-03
2.074000e-08 -4.533600e-03
2.075000e-08 -4.310760e-03
2.076000e-08 -4.087920e-03
2.077000e-08 -3.865080e-03
2.078000e-08 -3.642240e-03
2.079000e-08 -3.419280e-03
2.080000e-08 -3.196440e-03
2.081000e-08 -2.973600e-03
2.082000e-08 -2.750760e-03
2.083000e-08 -2.527920e-03
2.084000e-08 -2.305080e-03
2.085000e-08 -2.082240e-03
2.086000e-08 -1.859400e-03
2.087000e-08 -1.636560e-03
2.088000e-08 -1.413720e-03
2.089000e-08 -1.335600e-03
2.090000e-08 -1.301880e-03
2.091000e-08 -1.268040e-03
2.092000e-08 -1.234320e-03
2.093000e-08 -1.200480e-03
2.094000e-08 -1.166716e-03
2.095000e-08 -1.132939e-03
2.096000e-08 -1.099162e-03
2.097000e-08 -1.065385e-03
2.098000e-08 -1.031608e-03
2.099000e-08 -9.978311e-04
2.100000e-08 -9.640541e-04
2.101000e-08 -9.302771e-04
2.102000e-08 -8.965001e-04
2.103000e-08 -8.627231e-04
2.104000e-08 -8.289461e-04
2.105000e-08 -7.951690e-04
2.106000e-08 -7.613920e-04
2.107000e-08 -7.276150e-04
2.108000e-08 -6.938380e-04
2.109000e-08 -6.600610e-04
2.110000e-08 -6.262840e-04
2.111000e-08 -6.206594e-04
2.112000e-08 -6.203227e-04
2.113000e-08 -6.199861e-04
2.114000e-08 -6.196494e-04
2.115000e-08 -6.193127e-04
2.116000e-08 -6.189760e-04
2.117000e-08 -6.186392e-04
2.118000e-08 -6.183025e-04
2.119000e-08 -6.179659e-04
2.120000e-08 -6.176292e-04
2.121000e-08 -6.172925e-04
2.122000e-08 -6.169558e-04
2.123000e-08 -6.166190e-04
2.124000e-08 -6.162824e-04
2.125000e-08 -6.159457e-04
2.126000e-08 -6.156090e-04
2.127000e-08 -6.152723e-04
2.128000e-08 -6.149356e-04
2.129000e-08 -6.145990e-04
2.130000e-08 -6.142622e-04
2.131000e-08 -6.139255e-04
2.132000e-08 -6.135888e-04
2.133000e-08 -6.132521e-04
2.134000e-08 -6.129155e-04
2.135000e-08 -6.125788e-04
2.136000e-08 -6.122420e-04
2.137000e-08 -6.119053e-04
2.138000e-08 -6.115686e-04
2.139000e-08 -6.112319e-04
2.140000e-08 -6.108953e-04
2.141000e-08 -6.105586e-04
2.142000e-08 -6.101998e-04
2.143000e-08 -6.097894e-04
2.144000e-08 -6.093790e-04
2.145000e-08 -6.089684e-04
2.146000e-08 -6.085580e-04
2.147000e-08 -6.081476e-04
2.148000e-08 -6.077371e-04
2.149000e-08 -6.073267e-04
2.150000e-08 -6.069163e-04
2.151000e-08 -6.065059e-04
2.152000e-08 -6.060954e-04
2.153000e-08 -6.056850e-04
2.154000e-08 -6.052746e-04
2.155000e-08 -6.048641e-04
2.156000e-08 -6.044537e-04
2.157000e-08 -6.040433e-04
2.158000e-08 -6.036329e-04
2.159000e-08 -6.032224e-04
2.160000e-08 -6.028120e-04
2.161000e-08 -6.024016e-04
2.162000e-08 -6.019910e-04
2.163000e-08 -6.015806e-04
2.164000e-08 -6.011702e-04
2.165000e-08 -6.007597e-04
2.166000e-08 -6.003493e-04
2.167000e-08 -5.999389e-04
2.168000e-08 -5.995285e-04
2.169000e-08 -5.991180e-04
2.170000e-08 -5.987076e-04
2.171000e-08 -5.982972e-04
2.172000e-08 -5.978867e-04
2.173000e-08 -5.974763e-04
2.174000e-08 -5.970659e-04
2.175000e-08 -5.966555e-04
2.176000e-08 -5.962450e-04
2.177000e-08 -5.958346e-04
2.178000e-08 -5.954242e-04
2.179000e-08 -5.950136e-04
2.180000e-08 -5.946032e-04
2.181000e-08 -5.941928e-04
2.182000e-08 -5.937824e-04
2.183000e-08 -5.933719e-04
2.184000e-08 -5.929615e-04
2.185000e-08 -5.925511e-04
2.186000e-08 -5.921406e-04
2.187000e-08 -5.917302e-04
2.188000e-08 -5.913198e-04
2.189000e-08 -5.909093e-04
2.190000e-08 -5.904989e-04
2.191000e-08 -5.900885e-04
2.192000e-08 -5.896781e-04
2.193000e-08 -5.894071e-04
2.194000e-08 -5.891362e-04
2.195000e-08 -5.888653e-04
2.196000e-08 -5.885944e-04
2.197000e-08 -5.883234e-04
2.198000e-08 -5.880526e-04
2.199000e-08 -5.877816e-04
2.200000e-08 -5.875108e-04
2.201000e-08 -5.872398e-04
2.202000e-08 -5.869690e-04
2.203000e-08 -5.866980e-04
2.204000e-08 -5.864270e-04
2.205000e-08 -5.861562e-04
2.206000e-08 -5.858852e-04
2.207000e-08 -5.856144e-04
2.208000e-08 -5.853434e-04
2.209000e-08 -5.850726e-04
2.210000e-08 -5.848016e-04
2.211000e-08 -5.845307e-04
2.212000e-08 -5.842598e-04
2.213000e-08 -5.839889e-04
2.214000e-08 -5.837180e-04
2.215000e-08 -5.834471e-04
2.216000e-08 -5.831762e-04
2.217000e-08 -5.829053e-04
2.218000e-08 -5.826343e-04
2.219000e-08 -5.823635e-04
2.220000e-08 -5.820925e-04
2.221000e-08 -5.818217e-04
2.222000e-08 -5.815507e-04
2.223000e-08 -5.812799e-04
2.224000e-08 -5.810089e-04
2.225000e-08 -5.807380e-04
2.226000e-08 -5.804671e-04
2.227000e-08 -5.801962e-04
2.228000e-08 -5.799253e-04
2.229000e-08 -5.796544e-04
2.230000e-08 -5.793834e-04
2.231000e-08 -5.791126e-04
2.232000e-08 -5.788416e-04
2.233000e-08 -5.785708e-04
2.234000e-08 -5.782998e-04
2.235000e-08 -5.780290e-04
2.236000e-08 -5.777580e-04
2.237000e-08 -5.774870e-04
2.238000e-08 -5.772162e-04
2.239000e-08 -5.769452e-04
2.240000e-08 -5.766744e-04
2.241000e-08 -5.764034e-04
2.242000e-08 -5.761326e-04
2.243000e-08 -5.758616e-04
2.244000e-08 -5.755907e-04
2.245000e-08 -5.753198e-04
2.246000e-08 -5.750489e-04
2.247000e-08 -5.747780e-04
2.248000e-08 -5.745071e-04
2.249000e-08 -5.742362e-04
2.250000e-08 -5.739653e-04
2.251000e-08 -5.736943e-04
2.252000e-08 -5.734235e-04
2.253000e-08 -5.731525e-04
2.254000e-08 -5.728817e-04
2.255000e-08 -5.726107e-04
2.256000e-08 -5.723399e-04
2.257000e-08 -5.720689e-04
2.258000e-08 -5.717980e-04
2.259000e-08 -5.715271e-04
2.260000e-08 -5.712562e-04
2.261000e-08 -5.709853e-04
2.262000e-08 -5.707144e-04
2.263000e-08 -5.704435e-04
2.264000e-08 -5.701726e-04
2.265000e-08 -5.699016e-04
2.266000e-08 -5.696308e-04
2.267000e-08 -5.693598e-04
2.268000e-08 -5.690890e-04
2.269000e-08 -5.688180e-04
2.270000e-08 -5.685472e-04
2.271000e-08 -5.682762e-04
2.272000e-08 -5.680052e-04
2.273000e-08 -5.677344e-04
2.274000e-08 -5.674634e-04
2.275000e-08 -5.671926e-04
2.276000e-08 -5.669216e-04
2.277000e-08 -5.666508e-04
2.278000e-08 -5.663798e-04
2.279000e-08 -5.661089e-04
2.280000e-08 -5.658380e-04
2.281000e-08 -5.655671e-04
2.282000e-08 -5.652962e-04
2.283000e-08 -5.650253e-04
2.284000e-08 -5.647543e-04
2.285000e-08 -5.644835e-04
2.286000e-08 -5.642125e-04
2.287000e-08 -5.642262e-04
2.288000e-08 -5.642659e-04
2.289000e-08 -5.643056e-04
2.290000e-08 -5.643455e-04
2.291000e-08 -5.643852e-04
2.292000e-08 -5.644249e-04
2.293000e-08 -5.644646e-04
2.294000e-08 -5.645045e-04
2.295000e-08 -5.645442e-04
2.296000e-08 -5.645839e-04
2.297000e-08 -5.646238e-04
2.298000e-08 -5.646635e-04
2.299000e-08 -5.647032e-04
2.300000e-08 -5.647430e-04
2.301000e-08 -5.647828e-04
2.302000e-08 -5.648225e-04
2.303000e-08 -5.648622e-04
2.304000e-08 -5.649020e-04
2.305000e-08 -5.649418e-04
2.306000e-08 -5.649815e-04
2.307000e-08 -5.650213e-04
2.308000e-08 -5.650610e-04
2.309000e-08 -5.651008e-04
2.310000e-08 -5.651406e-04
2.311000e-08 -5.651803e-04
2.312000e-08 -5.652200e-04
2.313000e-08 -5.652598e-04
2.314000e-08 -5.652996e-04
2.315000e-08 -5.653393e-04
2.316000e-08 -5.653790e-04
2.317000e-08 -5.654189e-04
2.318000e-08 -5.654586e-04
2.319000e-08 -5.654983e-04
2.320000e-08 -5.655380e-04
2.321000e-08 -5.655779e-04
2.322000e-08 -5.656176e-04
2.323000e-08 -5.656573e-04
2.324000e-08 -5.656972e-04
2.325000e-08 -5.657369e-04
2.326000e-08 -5.657766e-04
2.327000e-08 -5.658164e-04
2.328000e-08 -5.658562e-04
2.329000e-08 -5.658959e-04
2.330000e-08 -5.659356e-04
2.331000e-08 -5.659754e-04
2.332000e-08 -5.660152e-04
2.333000e-08 -5.660549e-04
2.334000e-08 -5.660947e-04
2.335000e-08 -5.661344e-04
2.336000e-08 -5.661742e-04
2.337000e-08 -5.662140e-04
2.338000e-08 -5.662537e-04
2.339000e-08 -5.662934e-04
2.340000e-08 -5.663332e-04
2.341000e-08 -5.663730e-04
2.342000e-08 -5.664127e-04
2.343000e-08 -5.664524e-04
2.344000e-08 -5.664923e-04
2.345000e-08 -5.665320e-04
2.346000e-08 -5.665717e-04
2.347000e-08 -5.666114e-04
2.348000e-08 -5.666513e-04
2.349000e-08 -5.666910e-04
2.350000e-08 -5.667307e-04
2.351000e-08 -5.667706e-04
2.352000e-08 -5.668103e-04
2.353000e-08 -5.668500e-04
2.354000e-08 -5.668898e-04
2.355000e-08 -5.669296e-04
2.356000e-08 -5.669693e-04
2.357000e-08 -5.670090e-04
2.358000e-08 -5.670488e-04
2.359000e-08 -5.670886e-04
2.360000e-08 -5.671283e-04
2.361000e-08 -5.671681e-04
2.362000e-08 -5.672078e-04
2.363000e-08 -5.672476e-04
2.364000e-08 -5.672874e-04
2.365000e-08 -5.673271e-04
2.366000e-08 -5.673668e-04
2.367000e-08 -5.674066e-04
2.368000e-08 -5.674464e-04
2.369000e-08 -5.674861e-04
2.370000e-08 -5.675258e-04
2.371000e-08 -5.675657e-04
2.372000e-08 -5.676054e-04
2.373000e-08 -5.676451e-04
2.374000e-08 -5.676848e-04
2.375000e-08 -5.677247e-04
2.376000e-08 -5.677644e-04
2.377000e-08 -5.678041e-04
2.378000e-08 -5.678440e-04
2.379000e-08 -5.678837e-04
2.380000e-08 -5.679234e-04
2.381000e-08 -5.679632e-04
2.382000e-08 -5.680030e-04
2.383000e-08 -5.680427e-04
2.384000e-08 -5.680824e-04
2.385000e-08 -5.681222e-04
2.386000e-08 -5.681620e-04
2.387000e-08 -5.682017e-04
2.388000e-08 -5.682415e-04
2.389000e-08 -5.682812e-04
2.390000e-08 -5.683210e-04
2.391000e-08 -5.683608e-04
2.392000e-08 -5.684005e-04
2.393000e-08 -5.684402e-04
2.394000e-08 -5.684800e-04
2.395000e-08 -5.685198e-04
2.396000e-08 -5.685595e-04
2.397000e-08 -5.685992e-04
2.398000e-08 -5.686391e-04
2.399000e-08 -5.686788e-04
2.400000e-08 -5.687185e-04
2.401000e-08 -5.687582e-04
2.402000e-08 -5.687981e-04
2.403000e-08 -5.688378e-04
2.404000e-08 -5.688775e-04
2.405000e-08 -5.689174e-04
2.406000e-08 -5.689571e-04
2.407000e-08 -5.689968e-04
2.408000e-08 -5.690366e-04
2.409000e-08 -5.690764e-04
2.410000e-08 -5.691161e-04
2.411000e-08 -5.691558e-04
2.412000e-08 -5.691956e-04
2.413000e-08 -5.692354e-04
2.414000e-08 -5.692751e-04
2.415000e-08 -5.693149e-04
2.416000e-08 -5.693546e-04
2.417000e-08 -5.693944e-04
2.418000e-08 -5.694342e-04
2.419000e-08 -5.694739e-04
2.420000e-08 -5.695136e-04
2.421000e-08 -5.695534e-04
2.422000e-08 -5.695932e-04
2.423000e-08 -5.696329e-04
2.424000e-08 -5.696726e-04
2.425000e-08 -5.697125e-04
2.426000e-08 -5.697522e-04
2.427000e-08 -5.697919e-04
2.428000e-08 -5.698316e-04
2.429000e-08 -5.698715e-04
2.430000e-08 -5.699112e-04
2.431000e-08 -5.699509e-04
2.432000e-08 -5.699908e-04
2.433000e-08 -5.700305e-04
2.434000e-08 -5.700702e-04
2.435000e-08 -5.701100e-04
2.436000e-08 -5.701498e-04
2.437000e-08 -5.701895e-04
2.438000e-08 -5.702292e-04
2.439000e-08 -5.702690e-04
2.440000e-08 -5.703088e-04
2.441000e-08 -5.703485e-04
2.442000e-08 -5.703883e-04
2.443000e-08 -5.704280e-04
2.444000e-08 -5.704678e-04
2.445000e-08 -5.705076e-04
2.446000e-08 -5.705473e-04
2.447000e-08 -5.705870e-04
2.448000e-08 -5.706268e-04
2.449000e-08 -5.706666e-04
2.450000e-08 -5.707063e-04
2.451000e-08 -5.707460e-04
2.452000e-08 -5.707859e-04
2.453000e-08 -5.708256e-04
2.454000e-08 -5.708653e-04
2.455000e-08 -5.709050e-04
2.456000e-08 -5.709449e-04
2.457000e-08 -5.709846e-04
2.458000e-08 -5.710243e-04
2.459000e-08 -5.710642e-04
2.460000e-08 -5.711039e-04
2.461000e-08 -5.711436e-04
2.462000e-08 -5.711834e-04
2.463000e-08 -5.712232e-04
2.464000e-08 -5.712629e-04
2.465000e-08 -5.713026e-04
2.466000e-08 -5.713424e-04
2.467000e-08 -5.713822e-04
2.468000e-08 -5.714219e-04
2.469000e-08 -5.714617e-04
2.470000e-08 -5.715014e-04
2.471000e-08 -5.715412e-04
2.472000e-08 -5.715810e-04
2.473000e-08 -5.716207e-04
2.474000e-08 -5.716604e-04
2.475000e-08 -5.717002e-04
2.476000e-08 -5.717400e-04
2.477000e-08 -5.717797e-04
2.478000e-08 -5.718194e-04
2.479000e-08 -5.718593e-04
2.480000e-08 -5.718990e-04
2.481000e-08 -5.719387e-04
2.482000e-08 -5.719784e-04
2.483000e-08 -5.720183e-04
2.484000e-08 -5.720580e-04
2.485000e-08 -5.720977e-04
2.486000e-08 -5.721376e-04
2.487000e-08 -5.721773e-04
2.488000e-08 -5.722170e-04
2.489000e-08 -5.722568e-04
2.490000e-08 -5.722966e-04
2.491000e-08 -5.723363e-04
2.492000e-08 -5.723760e-04
2.493000e-08 -5.724158e-04
2.494000e-08 -5.724556e-04
2.495000e-08 -5.724953e-04
2.496000e-08 -5.725351e-04
2.497000e-08 -5.725748e-04
2.498000e-08 -5.726146e-04
2.499000e-08 -5.726544e-04
2.500000e-08 -5.726941e-04
2.501000e-08 -5.727338e-04
2.502000e-08 -5.727736e-04
2.503000e-08 -5.728134e-04
2.504000e-08 -5.728531e-04
2.505000e-08 -5.728928e-04
2.506000e-08 -5.729327e-04
2.507000e-08 -5.729724e-04
2.508000e-08 -5.730121e-04
2.509000e-08 -5.730518e-04
2.510000e-08 -5.730917e-04
2.511000e-08 -5.731314e-04
2.512000e-08 -5.731711e-04
2.513000e-08 -5.732110e-04
2.514000e-08 -5.732507e-04
2.515000e-08 -5.732904e-04
2.516000e-08 -5.733302e-04
2.517000e-08 -5.733700e-04
2.518000e-08 -5.734097e-04
2.519000e-08 -5.734494e-04
2.520000e-08 -5.734892e-04
2.521000e-08 -5.735290e-04
2.522000e-08 -5.735687e-04
2.523000e-08 -5.736085e-04
2.524000e-08 -5.736482e-04
2.525000e-08 -5.736880e-04
2.526000e-08 -5.737278e-04
2.527000e-08 -5.737675e-04
2.528000e-08 -5.738072e-04
2.529000e-08 -5.738470e-04
2.530000e-08 -5.738868e-04
2.531000e-08 -5.739265e-04
2.532000e-08 -5.739662e-04
2.533000e-08 -5.740061e-04
2.534000e-08 -5.740458e-04
2.535000e-08 -5.740855e-04
2.536000e-08 -5.741252e-04
2.537000e-08 -5.741651e-04
2.538000e-08 -5.742048e-04
2.539000e-08 -5.742445e-04
2.540000e-08 -5.742844e-04
2.541000e-08 -5.743241e-04
2.542000e-08 -5.743638e-04
2.543000e-08 -5.744036e-04
2.544000e-08 -5.744434e-04
2.545000e-08 -5.744831e-04
2.546000e-08 -5.745228e-04
2.547000e-08 -5.745626e-04
2.548000e-08 -5.746024e-04
2.549000e-08 -5.746421e-04
2.550000e-08 -5.746819e-04
2.551000e-08 -5.747216e-04
2.552000e-08 -5.747614e-04
2.553000e-08 -5.748012e-04
2.554000e-08 -5.748409e-04
2.555000e-08 -5.748806e-04
2.556000e-08 -5.749204e-04
2.557000e-08 -5.749602e-04
2.558000e-08 -5.749999e-04
2.559000e-08 -5.750396e-04
2.560000e-08 -5.750795e-04
2.561000e-08 -5.751192e-04
2.562000e-08 -5.751589e-04
2.563000e-08 -5.751986e-04
2.564000e-08 -5.752385e-04
2.565000e-08 -5.752782e-04
2.566000e-08 -5.753179e-04
2.567000e-08 -5.753578e-04
2.568000e-08 -5.753975e-04
2.569000e-08 -5.754372e-04
2.570000e-08 -5.754770e-04
2.571000e-08 -5.755168e-04
2.572000e-08 -5.755565e-04
2.573000e-08 -5.755962e-04
2.574000e-08 -5.756360e-04
2.575000e-08 -5.756758e-04
2.576000e-08 -5.757155e-04
2.577000e-08 -5.757553e-04
2.578000e-08 -5.757950e-04
2.579000e-08 -5.758348e-04
2.580000e-08 -5.758746e-04
2.581000e-08 -5.759143e-04
2.582000e-08 -5.759540e-04
2.583000e-08 -5.759938e-04
2.584000e-08 -5.760336e-04
2.585000e-08 -5.760733e-04
2.586000e-08 -5.761130e-04
2.587000e-08 -5.761529e-04
2.588000e-08 -5.761447e-04
2.589000e-08 -5.761279e-04
2.590000e-08 -5.761112e-04
2.591000e-08 -5.760944e-04
2.592000e-08 -5.760778e-04
2.593000e-08 -5.760610e-04
2.594000e-08 -5.760442e-04
2.595000e-08 -5.760275e-04
2.596000e-08 -5.760107e-04
2.597000e-08 -5.759940e-04
2.598000e-08 -5.759772e-04
2.599000e-08 -5.759604e-04
2.600000e-08 -5.759437e-04
2.601000e-08 -5.759269e-04
2.602000e-08 -5.759102e-04
2.603000e-08 -5.758934e-04
2.604000e-08 -5.758766e-04
2.605000e-08 -5.758600e-04
2.606000e-08 -5.758432e-04
2.607000e-08 -5.758265e-04
2.608000e-08 -5.758097e-04
2.609000e-08 -5.757930e-04
2.610000e-08 -5.757762e-04
2.611000e-08 -5.757594e-04
2.612000e-08 -5.757427e-04
2.613000e-08 -5.757259e-04
2.614000e-08 -5.757092e-04
2.615000e-08 -5.756924e-04
2.616000e-08 -5.756756e-04
2.617000e-08 -5.756590e-04
2.618000e-08 -5.756422e-04
2.619000e-08 -5.756255e-04
2.620000e-08 -5.756087e-04
2.621000e-08 -5.755919e-04
2.622000e-08 -5.755752e-04
2.623000e-08 -5.755584e-04
2.624000e-08 -5.755417e-04
2.625000e-08 -5.755249e-04
2.626000e-08 -5.755081e-04
2.627000e-08 -5.754914e-04
2.628000e-08 -5.754746e-04
2.629000e-08 -5.754580e-04
2.630000e-08 -5.754412e-04
2.631000e-08 -5.754244e-04
2.632000e-08 -5.754077e-04
2.633000e-08 -5.753909e-04
2.634000e-08 -5.753742e-04
2.635000e-08 -5.753574e-04
2.636000e-08 -5.753407e-04
2.637000e-08 -5.753239e-04
2.638000e-08 -5.753071e-04
2.639000e-08 -5.752904e-04
2.640000e-08 -5.752736e-04
2.641000e-08 -5.752570e-04
2.642000e-08 -5.752402e-04
2.643000e-08 -5.752234e-04
2.644000e-08 -5.752067e-04
2.645000e-08 -5.751899e-04
2.646000e-08 -5.751732e-04
2.647000e-08 -5.751564e-04
2.648000e-08 -5.751396e-04
2.649000e-08 -5.751229e-04
2.650000e-08 -5.751061e-04
2.651000e-08 -5.750894e-04
2.652000e-08 -5.750726e-04
2.653000e-08 -5.750558e-04
2.654000e-08 -5.750392e-04
2.655000e-08 -5.750224e-04
2.656000e-08 -5.750057e-04
2.657000e-08 -5.749889e-04
2.658000e-08 -5.749722e-04
2.659000e-08 -5.749554e-04
2.660000e-08 -5.749386e-04
2.661000e-08 -5.749219e-04
2.662000e-08 -5.749051e-04
2.663000e-08 -5.748884e-04
2.664000e-08 -5.748716e-04
2.665000e-08 -5.748548e-04
2.666000e-08 -5.748382e-04
2.667000e-08 -5.748214e-04
2.668000e-08 -5.748047e-04
2.669000e-08 -5.747879e-04
2.670000e-08 -5.747711e-04
2.671000e-08 -5.747544e-04
2.672000e-08 -5.747376e-04
2.673000e-08 -5.747209e-04
2.674000e-08 -5.747041e-04
2.675000e-08 -5.746873e-04
2.676000e-08 -5.746706e-04
2.677000e-08 -5.746538e-04
2.678000e-08 -5.746372e-04
2.679000e-08 -5.746204e-04
2.680000e-08 -5.746036e-04
2.681000e-08 -5.745869e-04
2.682000e-08 -5.745701e-04
2.683000e-08 -5.745534e-04
2.684000e-08 -5.745366e-04
2.685000e-08 -5.745199e-04
2.686000e-08 -5.745031e-04
2.687000e-08 -5.744863e-04
2.688000e-08 -5.744696e-04
2.689000e-08 -5.744528e-04
2.690000e-08 -5.744362e-04
2.691000e-08 -5.744194e-04
2.692000e-08 -5.744026e-04
2.693000e-08 -5.743859e-04
2.694000e-08 -5.743691e-04
2.695000e-08 -5.743524e-04
2.696000e-08 -5.743356e-04
2.697000e-08 -5.743188e-04
2.698000e-08 -5.743021e-04
2.699000e-08 -5.742853e-04
2.700000e-08 -5.742686e-04
2.701000e-08 -5.742518e-04
2.702000e-08 -5.742350e-04
2.703000e-08 -5.742184e-04
2.704000e-08 -5.742016e-04
2.705000e-08 -5.741849e-04
2.706000e-08 -5.741681e-04
2.707000e-08 -5.741514e-04
2.708000e-08 -5.741346e-04
2.709000e-08 -5.741178e-04
2.710000e-08 -5.741011e-04
2.711000e-08 -5.740843e-04
2.712000e-08 -5.740676e-04
2.713000e-08 -5.740508e-04
2.714000e-08 -5.740340e-04
2.715000e-08 -5.740174e-04
2.716000e-08 -5.740006e-04
2.717000e-08 -5.739839e-04
2.718000e-08 -5.739671e-04
2.719000e-08 -5.739503e-04
2.720000e-08 -5.739336e-04
2.721000e-08 -5.739168e-04
2.722000e-08 -5.739001e-04
2.723000e-08 -5.738833e-04
2.724000e-08 -5.738665e-04
2.725000e-08 -5.738498e-04
2.726000e-08 -5.738330e-04
2.727000e-08 -5.738164e-04
2.728000e-08 -5.737996e-04
2.729000e-08 -5.737828e-04
2.730000e-08 -5.737661e-04
2.731000e-08 -5.737493e-04
2.732000e-08 -5.737326e-04
2.733000e-08 -5.737158e-04
2.734000e-08 -5.736991e-04
2.735000e-08 -5.736823e-04
2.736000e-08 -5.736655e-04
2.737000e-08 -5.736488e-04
2.738000e-08 -5.736320e-04
2.739000e-08 -5.736154e-04
2.740000e-08 -5.735986e-04
2.741000e-08 -5.735818e-04
2.742000e-08 -5.735651e-04
2.743000e-08 -5.735483e-04
2.744000e-08 -5.735316e-04
2.745000e-08 -5.735148e-04
2.746000e-08 -5.734980e-04
2.747000e-08 -5.734813e-04
2.748000e-08 -5.734645e-04
2.749000e-08 -5.734478e-04
2.750000e-08 -5.734310e-04
2.751000e-08 -5.734142e-04
2.752000e-08 -5.733976e-04
2.753000e-08 -5.733808e-04
2.754000e-08 -5.733641e-04
2.755000e-08 -5.733473e-04
2.756000e-08 -5.733305e-04
2.757000e-08 -5.733138e-04
2.758000e-08 -5.732970e-04
2.759000e-08 -5.732803e-04
2.760000e-08 -5.732635e-04
2.761000e-08 -5.732468e-04
2.762000e-08 -5.732300e-04
2.763000e-08 -5.732132e-04
2.764000e-08 -5.731966e-04
2.765000e-08 -5.731798e-04
2.766000e-08 -5.731631e-04
2.767000e-08 -5.731463e-04
2.768000e-08 -5.731295e-04
2.769000e-08 -5.731128e-04
2.770000e-08 -5.730960e-04
2.771000e-08 -5.730793e-04
2.772000e-08 -5.730625e-04
2.773000e-08 -5.730457e-04
2.774000e-08 -5.730290e-04
2.775000e-08 -5.730122e-04
2.776000e-08 -5.729956e-04
2.777000e-08 -5.729788e-04
2.778000e-08 -5.729620e-04
2.779000e-08 -5.729453e-04
2.780000e-08 -5.729285e-04
2.781000e-08 -5.729118e-04
2.782000e-08 -5.728950e-04
2.783000e-08 -5.728783e-04
2.784000e-08 -5.728615e-04
2.785000e-08 -5.728447e-04
2.786000e-08 -5.728280e-04
2.787000e-08 -5.728112e-04
2.788000e-08 -5.727946e-04
2.789000e-08 -5.727778e-04
2.790000e-08 -5.727610e-04
2.791000e-08 -5.727443e-04
2.792000e-08 -5.727275e-04
2.793000e-08 -5.727108e-04
2.794000e-08 -5.726940e-04
2.795000e-08 -5.726772e-04
2.796000e-08 -5.726605e-04
2.797000e-08 -5.726437e-04
2.798000e-08 -5.726270e-04
2.799000e-08 -5.726102e-04
2.800000e-08 -5.725934e-04
2.801000e-08 -5.725768e-04
2.802000e-08 -5.725600e-04
2.803000e-08 -5.725433e-04
2.804000e-08 -5.725265e-04
2.805000e-08 -5.725097e-04
2.806000e-08 -5.724930e-04
2.807000e-08 -5.724762e-04
2.808000e-08 -5.724595e-04
2.809000e-08 -5.724427e-04
2.810000e-08 -5.724260e-04
2.811000e-08 -5.724092e-04
2.812000e-08 -5.723924e-04
2.813000e-08 -5.723758e-04
2.814000e-08 -5.723590e-04
2.815000e-08 -5.723423e-04
2.816000e-08 -5.723255e-04
2.817000e-08 -5.723087e-04
2.818000e-08 -5.722920e-04
2.819000e-08 -5.722752e-04
2.820000e-08 -5.722585e-04
2.821000e-08 -5.722417e-04
2.822000e-08 -5.722249e-04
2.823000e-08 -5.722082e-04
2.824000e-08 -5.721914e-04
2.825000e-08 -5.721748e-04
2.826000e-08 -5.721580e-04
2.827000e-08 -5.721412e-04
2.828000e-08 -5.721245e-04
2.829000e-08 -5.721077e-04
2.830000e-08 -5.720910e-04
2.831000e-08 -5.720742e-04
2.832000e-08 -5.720575e-04
2.833000e-08 -5.720407e-04
2.834000e-08 -5.720239e-04
2.835000e-08 -5.720072e-04
2.836000e-08 -5.719904e-04
2.837000e-08 -5.719738e-04
2.838000e-08 -5.719570e-04
2.839000e-08 -5.719402e-04
2.840000e-08 -5.719235e-04
2.841000e-08 -5.719067e-04
2.842000e-08 -5.718900e-04
2.843000e-08 -5.718732e-04
2.844000e-08 -5.718564e-04
2.845000e-08 -5.718397e-04
2.846000e-08 -5.718229e-04
2.847000e-08 -5.718062e-04
2.848000e-08 -5.717894e-04
2.849000e-08 -5.717726e-04
2.850000e-08 -5.717560e-04
2.851000e-08 -5.717392e-04
2.852000e-08 -5.717225e-04
2.853000e-08 -5.717057e-04
2.854000e-08 -5.716889e-04
2.855000e-08 -5.716722e-04
2.856000e-08 -5.716554e-04
2.857000e-08 -5.716387e-04
2.858000e-08 -5.716219e-04
2.859000e-08 -5.716052e-04
2.860000e-08 -5.715884e-04
2.861000e-08 -5.715716e-04
2.862000e-08 -5.715550e-04
2.863000e-08 -5.715382e-04
2.864000e-08 -5.715215e-04
2.865000e-08 -5.715047e-04
2.866000e-08 -5.714879e-04
2.867000e-08 -5.714712e-04
2.868000e-08 -5.714544e-04
2.869000e-08 -5.714377e-04
2.870000e-08 -5.714209e-04
2.871000e-08 -5.714041e-04
2.872000e-08 -5.713874e-04
2.873000e-08 -5.713706e-04
2.874000e-08 -5.713540e-04
2.875000e-08 -5.713372e-04
2.876000e-08 -5.713204e-04
2.877000e-08 -5.713037e-04
2.878000e-08 -5.712869e-04
2.879000e-08 -5.712702e-04
2.880000e-08 -5.712534e-04
2.881000e-08 -5.712366e-04
2.882000e-08 -5.712199e-04
2.883000e-08 -5.712031e-04
2.884000e-08 -5.711864e-04
2.885000e-08 -5.711696e-04
2.886000e-08 -5.711530e-04
2.887000e-08 -5.711362e-04
2.888000e-08 -5.711194e-04
2.889000e-08 -5.711027e-04
2.890000e-08 -5.710859e-04
2.891000e-08 -5.710692e-04
2.892000e-08 -5.710524e-04
2.893000e-08 -5.710356e-04
2.894000e-08 -5.710189e-04
2.895000e-08 -5.710021e-04
2.896000e-08 -5.709854e-04
2.897000e-08 -5.709686e-04
2.898000e-08 -5.709518e-04
2.899000e-08 -5.709352e-04
2.900000e-08 -5.709184e-04
2.901000e-08 -5.709017e-04
2.902000e-08 -5.708849e-04
2.903000e-08 -5.708681e-04
2.904000e-08 -5.708514e-04
2.905000e-08 -5.708346e-04
2.906000e-08 -5.708179e-04
2.907000e-08 -5.708011e-04
2.908000e-08 -5.707844e-04
2.909000e-08 -5.707676e-04
2.910000e-08 -5.707508e-04
2.911000e-08 -5.707342e-04
2.912000e-08 -5.707174e-04
2.913000e-08 -5.707007e-04
2.914000e-08 -5.706839e-04
2.915000e-08 -5.706671e-04
2.916000e-08 -5.706504e-04
2.917000e-08 -5.706336e-04
2.918000e-08 -5.706169e-04
2.919000e-08 -5.706001e-04
2.920000e-08 -5.705833e-04
2.921000e-08 -5.705666e-04
2.922000e-08 -5.705498e-04
2.923000e-08 -5.705332e-04
2.924000e-08 -5.705164e-04
2.925000e-08 -5.704996e-04
2.926000e-08 -5.704829e-04
2.927000e-08 -5.704661e-04
2.928000e-08 -5.704494e-04
2.929000e-08 -5.704326e-04
2.930000e-08 -5.704158e-04
2.931000e-08 -5.703991e-04
2.932000e-08 -5.703823e-04
2.933000e-08 -5.703656e-04
2.934000e-08 -5.703488e-04
2.935000e-08 -5.703322e-04
2.936000e-08 -5.703154e-04
2.937000e-08 -5.702986e-04
2.938000e-08 -5.702819e-04
2.939000e-08 -5.702651e-04
2.940000e-08 -5.702484e-04
2.941000e-08 -5.702316e-04
2.942000e-08 -5.702148e-04
2.943000e-08 -5.701981e-04
2.944000e-08 -5.701813e-04
2.945000e-08 -5.701646e-04
2.946000e-08 -5.701478e-04
2.947000e-08 -5.701310e-04
2.948000e-08 -5.701144e-04
2.949000e-08 -5.700976e-04
2.950000e-08 -5.700809e-04
2.951000e-08 -5.700641e-04
2.952000e-08 -5.700473e-04
2.953000e-08 -5.700306e-04
2.954000e-08 -5.700138e-04
2.955000e-08 -5.699971e-04
2.956000e-08 -5.699803e-04
2.957000e-08 -5.699636e-04
2.958000e-08 -5.699468e-04
2.959000e-08 -5.699300e-04
2.960000e-08 -5.699134e-04
2.961000e-08 -5.698966e-04
2.962000e-08 -5.698799e-04
2.963000e-08 -5.698631e-04
2.964000e-08 -5.698463e-04
2.965000e-08 -5.698296e-04
2.966000e-08 -5.698128e-04
2.967000e-08 -5.697961e-04
2.968000e-08 -5.697793e-04
2.969000e-08 -5.697625e-04
2.970000e-08 -5.697458e-04
2.971000e-08 -5.697290e-04
2.972000e-08 -5.697124e-04
2.973000e-08 -5.696956e-04
2.974000e-08 -5.696788e-04
2.975000e-08 -5.696621e-04
2.976000e-08 -5.696453e-04
2.977000e-08 -5.696286e-04
2.978000e-08 -5.696118e-04
2.979000e-08 -5.695950e-04
2.980000e-08 -5.695783e-04
2.981000e-08 -5.695615e-04
2.982000e-08 -5.695448e-04
2.983000e-08 -5.695280e-04
2.984000e-08 -5.695114e-04
2.985000e-08 -5.694946e-04
2.986000e-08 -5.694778e-04
2.987000e-08 -5.694611e-04
2.988000e-08 -5.694443e-04
2.989000e-08 -5.694276e-04
2.990000e-08 -5.694108e-04
2.991000e-08 -5.693940e-04
2.992000e-08 -5.693773e-04
2.993000e-08 -5.693605e-04
2.994000e-08 -5.693438e-04
2.995000e-08 -5.693270e-04
2.996000e-08 -5.693102e-04
2.997000e-08 -5.692936e-04
2.998000e-08 -5.692768e-04
2.999000e-08 -5.692601e-04
3.000000e-08 -5.692433e-04
3.001000e-08 -5.692265e-04
3.002000e-08 -5.692098e-04
3.003000e-08 -5.691930e-04
3.004000e-08 -5.691763e-04
3.005000e-08 -5.691595e-04
3.006000e-08 -5.691427e-04
3.007000e-08 -5.691260e-04
3.008000e-08 -5.691092e-04
3.009000e-08 -5.690926e-04
3.010000e-08 -5.690758e-04
3.011000e-08 1.186252e-01
3.012000e-08 2.378194e-01
3.013000e-08 3.570136e-01
3.014000e-08 4.762078e-01
3.015000e-08 5.954020e-01
3.016000e-08 7.561894e-01
3.017000e-08 8.406539e-01
3.018000e-08 8.535888e-01
3.019000e-08 8.612206e-01
3.020000e-08 8.599813e-01
3.021000e-08 7.630895e-01
3.022000e-08 7.135811e-01
3.023000e-08 6.773194e-01
3.024000e-08 6.440837e-01
3.025000e-08 6.113344e-01
3.026000e-08 5.664708e-01
3.027000e-08 4.985268e-01
3.028000e-08 4.102830e-01
3.029000e-08 3.097236e-01
3.030000e-08 1.709747e-01
3.031000e-08 1.262880e-02
3.032000e-08 -1.653109e-01
3.033000e-08 -3.166240e-01
3.034000e-08 -4.533752e-01
3.035000e-08 -5.855032e-01
3.036000e-08 -7.126738e-01
3.037000e-08 -7.919598e-01
3.038000e-08 -8.712457e-01
3.039000e-08 -9.119162e-01
3.040000e-08 -9.420872e-01
3.041000e-08 -9.678076e-01
3.042000e-08 -9.886800e-01
3.043000e-08 -1.009552e+00
3.044000e-08 -1.030425e+00
3.045000e-08 -1.046112e+00
3.046000e-08 -1.060163e+00
3.047000e-08 -1.074214e+00
3.048000e-08 -1.088265e+00
3.049000e-08 -1.099210e+00
3.050000e-08 -1.109669e+00
3.051000e-08 -1.120127e+00
3.052000e-08 -1.130586e+00
3.053000e-08 -1.141044e+00
3.054000e-08 -1.149402e+00
3.055000e-08 -1.156918e+00
3.056000e-08 -1.164433e+00
3.057000e-08 -1.171949e+00
3.058000e-08 -1.179464e+00
3.059000e-08 -1.186980e+00
3.060000e-08 -1.194495e+00
3.061000e-08 -1.202040e+00
3.062000e-08 -1.209480e+00
3.063000e-08 -1.216800e+00
3.064000e-08 -1.221960e+00
3.065000e-08 -1.227120e+00
3.066000e-08 -1.232160e+00
3.067000e-08 -1.237320e+00
3.068000e-08 -1.242480e+00
3.069000e-08 -1.247640e+00
3.070000e-08 -1.252800e+00
3.071000e-08 -1.257840e+00
3.072000e-08 -1.263000e+00
3.073000e-08 -1.268160e+00
3.074000e-08 -1.273320e+00
3.075000e-08 -1.278480e+00
3.076000e-08 -1.282920e+00
3.077000e-08 -1.286280e+00
3.078000e-08 -1.289520e+00
3.079000e-08 -1.292880e+00
3.080000e-08 -1.296240e+00
3.081000e-08 -1.299600e+00
3.082000e-08 -1.302960e+00
3.083000e-08 -1.306320e+00
3.084000e-08 -1.309560e+00
3.085000e-08 -1.312920e+00
3.086000e-08 -1.316280e+00
3.087000e-08 -1.319640e+00
3.088000e-08 -1.323000e+00
3.089000e-08 -1.326240e+00
3.090000e-08 -1.329600e+00
3.091000e-08 -1.332960e+00
3.092000e-08 -1.336320e+00
3.093000e-08 -1.339560e+00
3.094000e-08 -1.341480e+00
3.095000e-08 -1.343400e+00
3.096000e-08 -1.345440e+00
3.097000e-08 -1.347360e+00
3.098000e-08 -1.349400e+00
3.099000e-08 -1.351320e+00
3.100000e-08 -1.353360e+00
3.101000e-08 -1.355280e+00
3.102000e-08 -1.357200e+00
3.103000e-08 -1.359240e+00
3.104000e-08 -1.361160e+00
3.105000e-08 -1.363200e+00
3.106000e-08 -1.365120e+00
3.107000e-08 -1.367040e+00
3.108000e-08 -1.369080e+00
3.109000e-08 -1.371000e+00
3.110000e-08 -1.373040e+00
3.111000e-08 -1.374960e+00
3.112000e-08 -1.377000e+00
3.113000e-08 -1.378920e+00
3.114000e-08 -1.380840e+00
3.115000e-08 -1.382880e+00
3.116000e-08 -1.384320e+00
3.117000e-08 -1.385280e+00
3.118000e-08 -1.386360e+00
3.119000e-08 -1.387440e+00
3.120000e-08 -1.388400e+00
3.121000e-08 -1.389480e+00
3.122000e-08 -1.390440e+00
3.123000e-08 -1.391520e+00
3.124000e-08 -1.392600e+00
3.125000e-08 -1.393560e+00
3.126000e-08 -1.394640e+00
3.127000e-08 -1.395600e+00
3.128000e-08 -1.396680e+00
3.129000e-08 -1.397760e+00
3.130000e-08 -1.398720e+00
3.131000e-08 -1.399800e+00
3.132000e-08 -1.400880e+00
3.133000e-08 -1.401840e+00
3.134000e-08 -1.402920e+00
3.135000e-08 -1.403880e+00
3.136000e-08 -1.404960e+00
3.137000e-08 -1.406040e+00
3.138000e-08 -1.407000e+00
3.139000e-08 -1.408080e+00
3.140000e-08 -1.409040e+00
3.141000e-08 -1.410120e+00
3.142000e-08 -1.411200e+00
3.143000e-08 -1.412160e+00
3.144000e-08 -1.412880e+00
3.145000e-08 -1.413360e+00
3.146000e-08 -1.413840e+00
3.147000e-08 -1.414320e+00
3.148000e-08 -1.414800e+00
3.149000e-08 -1.415280e+00
3.150000e-08 -1.415760e+00
3.151000e-08 -1.416240e+00
3.152000e-08 -1.416720e+00
3.153000e-08 -1.417080e+00
3.154000e-08 -1.417560e+00
3.155000e-08 -1.418040e+00
3.156000e-08 -1.418520e+00
3.157000e-08 -1.419000e+00
3.158000e-08 -1.419480e+00
3.159000e-08 -1.419960e+00
3.160000e-08 -1.420440e+00
3.161000e-08 -1.420920e+00
3.162000e-08 -1.421400e+00
3.163000e-08 -1.421880e+00
3.164000e-08 -1.422360e+00
3.165000e-08 -1.422840e+00
3.166000e-08 -1.423320e+00
3.167000e-08 -1.423800e+00
3.168000e-08 -1.424280e+00
3.169000e-08 -1.424760e+00
3.170000e-08 -1.425240e+00
3.171000e-08 -1.425720e+00
3.172000e-08 -1.426200e+00
3.173000e-08 -1.426560e+00
3.174000e-08 -1.427040e+00
3.175000e-08 -1.427520e+00
3.176000e-08 -1.428000e+00
3.177000e-08 -1.428480e+00
3.178000e-08 -1.428600e+00
3.179000e-08 -1.428840e+00
3.180000e-08 -1.429080e+00
3.181000e-08 -1.429200e+00
3.182000e-08 -1.429440e+00
3.183000e-08 -1.429560e+00
3.184000e-08 -1.429800e+00
3.185000e-08 -1.429920e+00
3.186000e-08 -1.430160e+00
3.187000e-08 -1.430280e+00
3.188000e-08 -1.430520e+00
3.189000e-08 -1.430760e+00
3.190000e-08 -1.430880e+00
3.191000e-08 -1.431120e+00
3.192000e-08 -1.431240e+00
3.193000e-08 -1.431480e+00
3.194000e-08 -1.431600e+00
3.195000e-08 -1.431840e+00
3.196000e-08 -1.431960e+00
3.197000e-08 -1.432200e+00
3.198000e-08 -1.432440e+00
3.199000e-08 -1.432560e+00
3.200000e-08 -1.432800e+00
3.201000e-08 -1.432920e+00
3.202000e-08 -1.433160e+00
3.203000e-08 -1.433280e+00
3.204000e-08 -1.433520e+00
3.205000e-08 -1.433640e+00
3.206000e-08 -1.433880e+00
3.207000e-08 -1.434000e+00
3.208000e-08 -1.434240e+00
3.209000e-08 -1.434480e+00
3.210000e-08 -1.434600e+00
3.211000e-08 -1.434840e+00
3.212000e-08 -1.434960e+00
3.213000e-08 -1.435200e+00
3.214000e-08 -1.435320e+00
3.215000e-08 -1.435560e+00
3.216000e-08 -1.435680e+00
3.217000e-08 -1.435920e+00
3.218000e-08 -1.436040e+00
3.219000e-08 -1.436040e+00
3.220000e-08 -1.436160e+00
3.221000e-08 -1.436160e+00
3.222000e-08 -1.436280e+00
3.223000e-08 -1.436280e+00
3.224000e-08 -1.436400e+00
3.225000e-08 -1.436400e+00
3.226000e-08 -1.436520e+00
3.227000e-08 -1.436520e+00
3.228000e-08 -1.436640e+00
3.229000e-08 -1.436640e+00
3.230000e-08 -1.436760e+00
3.231000e-08 -1.436760e+00
3.232000e-08 -1.436880e+00
3.233000e-08 -1.436880e+00
3.234000e-08 -1.437000e+00
3.235000e-08 -1.437000e+00
3.236000e-08 -1.437120e+00
3.237000e-08 -1.437120e+00
3.238000e-08 -1.437240e+00
3.239000e-08 -1.437240e+00
3.240000e-08 -1.437360e+00
3.241000e-08 -1.437360e+00
3.242000e-08 -1.437480e+00
3.243000e-08 -1.437480e+00
3.244000e-08 -1.437600e+00
3.245000e-08 -1.437600e+00
3.246000e-08 -1.437720e+00
3.247000e-08 -1.437720e+00
3.248000e-08 -1.437840e+00
3.249000e-08 -1.437840e+00
3.250000e-08 -1.437960e+00
3.251000e-08 -1.437960e+00
3.252000e-08 -1.438080e+00
3.253000e-08 -1.438080e+00
3.254000e-08 -1.438200e+00
3.255000e-08 -1.438200e+00
3.256000e-08 -1.438320e+00
3.257000e-08 -1.438320e+00
3.258000e-08 -1.438440e+00
3.259000e-08 -1.438440e+00
3.260000e-08 -1.438560e+00
3.261000e-08 -1.438560e+00
3.262000e-08 -1.438680e+00
3.263000e-08 -1.438680e+00
3.264000e-08 -1.438800e+00
3.265000e-08 -1.438800e+00
3.266000e-08 -1.438920e+00
3.267000e-08 -1.438920e+00
3.268000e-08 -1.438920e+00
3.269000e-08 -1.438920e+00
3.270000e-08 -1.438920e+00
3.271000e-08 -1.438920e+00
3.272000e-08 -1.438920e+00
3.273000e-08 -1.439040e+00
3.274000e-08 -1.439040e+00
3.275000e-08 -1.439040e+00
3.276000e-08 -1.439040e+00
3.277000e-08 -1.439040e+00
3.278000e-08 -1.439040e+00
3.279000e-08 -1.439040e+00
3.280000e-08 -1.439040e+00
3.281000e-08 -1.439160e+00
3.282000e-08 -1.439160e+00
3.283000e-08 -1.439160e+00
3.284000e-08 -1.439160e+00
3.285000e-08 -1.439160e+00
3.286000e-08 -1.439160e+00
3.287000e-08 -1.439160e+00
3.288000e-08 -1.439160e+00
3.289000e-08 -1.439160e+00
3.290000e-08 -1.439280e+00
3.291000e-08 -1.439280e+00
3.292000e-08 -1.439280e+00
3.293000e-08 -1.439280e+00
3.294000e-08 -1.439280e+00
3.295000e-08 -1.439280e+00
3.296000e-08 -1.439280e+00
3.297000e-08 -1.439280e+00
3.298000e-08 -1.439400e+00
3.299000e-08 -1.439400e+00
3.300000e-08 -1.439400e+00
3.301000e-08 -1.439400e+00
3.302000e-08 -1.439400e+00
3.303000e-08 -1.439400e+00
3.304000e-08 -1.439400e+00
3.305000e-08 -1.439400e+00
3.306000e-08 -1.439400e+00
3.307000e-08 -1.439520e+00
3.308000e-08 -1.439520e+00
3.309000e-08 -1.439520e+00
3.310000e-08 -1.439520e+00
3.311000e-08 -1.439520e+00
3.312000e-08 -1.439520e+00
3.313000e-08 -1.439520e+00
3.314000e-08 -1.439520e+00
3.315000e-08 -1.439640e+00
3.316000e-08 -1.439640e+00
3.317000e-08 -1.439640e+00
3.318000e-08 -1.439640e+00
3.319000e-08 -1.439640e+00
3.320000e-08 -1.439640e+00
3.321000e-08 -1.439640e+00
3.322000e-08 -1.439640e+00
3.323000e-08 -1.439640e+00
3.324000e-08 -1.439760e+00
3.325000e-08 -1.439760e+00
3.326000e-08 -1.439760e+00
3.327000e-08 -1.439760e+00
3.328000e-08 -1.439760e+00
3.329000e-08 -1.439760e+00
3.330000e-08 -1.439760e+00
3.331000e-08 -1.439760e+00
3.332000e-08 -1.439760e+00
3.333000e-08 -1.439760e+00
3.334000e-08 -1.439760e+00
3.335000e-08 -1.439760e+00
3.336000e-08 -1.439760e+00
3.337000e-08 -1.439760e+00
3.338000e-08 -1.439760e+00
3.339000e-08 -1.439760e+00
3.340000e-08 -1.439760e+00
3.341000e-08 -1.439760e+00
3.342000e-08 -1.439760e+00
3.343000e-08 -1.439760e+00
3.344000e-08 -1.439760e+00
3.345000e-08 -1.439760e+00
3.346000e-08 -1.439760e+00
3.347000e-08 -1.439880e+00
3.348000e-08 -1.439880e+00
3.349000e-08 -1.439880e+00
3.350000e-08 -1.439880e+00
3.351000e-08 -1.439880e+00
3.352000e-08 -1.439880e+00
3.353000e-08 -1.439880e+00
3.354000e-08 -1.439880e+00
3.355000e-08 -1.439880e+00
3.356000e-08 -1.439880e+00
3.357000e-08 -1.439880e+00
3.358000e-08 -1.439880e+00
3.359000e-08 -1.439880e+00
3.360000e-08 -1.439880e+00
3.361000e-08 -1.439880e+00
3.362000e-08 -1.439880e+00
3.363000e-08 -1.439880e+00
3.364000e-08 -1.439880e+00
3.365000e-08 -1.439880e+00
3.366000e-08 -1.439880e+00
3.367000e-08 -1.439880e+00
3.368000e-08 -1.439880e+00
3.369000e-08 -1.439880e+00
3.370000e-08 -1.439880e+00
3.371000e-08 -1.439880e+00
3.372000e-08 -1.439880e+00
3.373000e-08 -1.439880e+00
3.374000e-08 -1.439880e+00
3.375000e-08 -1.439880e+00
3.376000e-08 -1.439880e+00
3.377000e-08 -1.439880e+00
3.378000e-08 -1.439880e+00
3.379000e-08 -1.439880e+00
3.380000e-08 -1.439880e+00
3.381000e-08 -1.439880e+00
3.382000e-08 -1.439880e+00
3.383000e-08 -1.439880e+00
3.384000e-08 -1.439880e+00
3.385000e-08 -1.439880e+00
3.386000e-08 -1.439880e+00
3.387000e-08 -1.439880e+00
3.388000e-08 -1.439880e+00
3.389000e-08 -1.439880e+00
3.390000e-08 -1.439880e+00
3.391000e-08 -1.439880e+00
3.392000e-08 -1.439880e+00
3.393000e-08 -1.439880e+00
3.394000e-08 -1.439880e+00
3.395000e-08 -1.439880e+00
3.396000e-08 -1.439880e+00
3.397000e-08 -1.439880e+00
3.398000e-08 -1.439880e+00
3.399000e-08 -1.439880e+00
3.400000e-08 -1.439880e+00
3.401000e-08 -1.439880e+00
3.402000e-08 -1.439880e+00
3.403000e-08 -1.439880e+00
3.404000e-08 -1.439880e+00
3.405000e-08 -1.439880e+00
3.406000e-08 -1.439880e+00
3.407000e-08 -1.439880e+00
3.408000e-08 -1.439880e+00
3.409000e-08 -1.439880e+00
3.410000e-08 -1.439880e+00
3.411000e-08 -1.439880e+00
3.412000e-08 -1.439880e+00
3.413000e-08 -1.439880e+00
3.414000e-08 -1.439880e+00
3.415000e-08 -1.440000e+00
3.416000e-08 -1.440000e+00
3.417000e-08 -1.440000e+00
3.418000e-08 -1.440000e+00
3.419000e-08 -1.440000e+00
3.420000e-08 -1.440000e+00
3.421000e-08 -1.440000e+00
3.422000e-08 -1.440000e+00
3.423000e-08 -1.440000e+00
3.424000e-08 -1.440000e+00
3.425000e-08 -1.440000e+00
3.426000e-08 -1.440000e+00
3.427000e-08 -1.440000e+00
3.428000e-08 -1.440000e+00
3.429000e-08 -1.440000e+00
3.430000e-08 -1.440000e+00
3.431000e-08 -1.440000e+00
3.432000e-08 -1.440000e+00
3.433000e-08 -1.440000e+00
3.434000e-08 -1.440000e+00
3.435000e-08 -1.440000e+00
3.436000e-08 -1.440000e+00
3.437000e-08 -1.440000e+00
3.438000e-08 -1.440000e+00
3.439000e-08 -1.440000e+00
3.440000e-08 -1.440000e+00
3.441000e-08 -1.440000e+00
3.442000e-08 -1.440000e+00
3.443000e-08 -1.440000e+00
3.444000e-08 -1.440000e+00
3.445000e-08 -1.440000e+00
3.446000e-08 -1.440000e+00
3.447000e-08 -1.440000e+00
3.448000e-08 -1.440000e+00
3.449000e-08 -1.440000e+00
3.450000e-08 -1.440000e+00
3.451000e-08 -1.440000e+00
3.452000e-08 -1.440000e+00
3.453000e-08 -1.440000e+00
3.454000e-08 -1.440000e+00
3.455000e-08 -1.440000e+00
3.456000e-08 -1.440000e+00
3.457000e-08 -1.440000e+00
3.458000e-08 -1.440000e+00
3.459000e-08 -1.440000e+00
3.460000e-08 -1.440000e+00
3.461000e-08 -1.440000e+00
3.462000e-08 -1.440000e+00
3.463000e-08 -1.440000e+00
3.464000e-08 -1.440000e+00
3.465000e-08 -1.440000e+00
3.466000e-08 -1.440000e+00
3.467000e-08 -1.440000e+00
3.468000e-08 -1.440000e+00
3.469000e-08 -1.440000e+00
3.470000e-08 -1.440000e+00
3.471000e-08 -1.440000e+00
3.472000e-08 -1.440000e+00
3.473000e-08 -1.440000e+00
3.474000e-08 -1.440000e+00
3.475000e-08 -1.440000e+00
3.476000e-08 -1.440000e+00
3.477000e-08 -1.440000e+00
3.478000e-08 -1.440000e+00
3.479000e-08 -1.440000e+00
3.480000e-08 -1.440000e+00
3.481000e-08 -1.440000e+00
3.482000e-08 -1.440000e+00
3.483000e-08 -1.440000e+00
3.484000e-08 -1.440000e+00
3.485000e-08 -1.440000e+00
3.486000e-08 -1.440000e+00
3.487000e-08 -1.440000e+00
3.488000e-08 -1.440000e+00
3.489000e-08 -1.440000e+00
3.490000e-08 -1.440000e+00
3.491000e-08 -1.440000e+00
3.492000e-08 -1.440000e+00
3.493000e-08 -1.440000e+00
3.494000e-08 -1.440000e+00
3.495000e-08 -1.440000e+00
3.496000e-08 -1.440000e+00
3.497000e-08 -1.440000e+00
3.498000e-08 -1.440000e+00
3.499000e-08 -1.440000e+00
3.500000e-08 -1.440000e+00
3.501000e-08 -1.440000e+00
3.502000e-08 -1.440000e+00
3.503000e-08 -1.440000e+00
3.504000e-08 -1.440000e+00
3.505000e-08 -1.440000e+00
3.506000e-08 -1.440000e+00
3.507000e-08 -1.440000e+00
3.508000e-08 -1.440000e+00
3.509000e-08 -1.440000e+00
3.510000e-08 -1.440000e+00
3.511000e-08 -1.440000e+00
3.512000e-08 -1.440000e+00
3.513000e-08 -1.440000e+00
3.514000e-08 -1.440000e+00
3.515000e-08 -1.440000e+00
3.516000e-08 -1.440000e+00
3.517000e-08 -1.440000e+00
3.518000e-08 -1.440000e+00
3.519000e-08 -1.440000e+00
3.520000e-08 -1.440000e+00
3.521000e-08 -1.440000e+00
3.522000e-08 -1.440000e+00
3.523000e-08 -1.440000e+00
3.524000e-08 -1.440000e+00
3.525000e-08 -1.440000e+00
3.526000e-08 -1.440000e+00
3.527000e-08 -1.440000e+00
3.528000e-08 -1.440000e+00
3.529000e-08 -1.440000e+00
3.530000e-08 -1.440000e+00
3.531000e-08 -1.440000e+00
3.532000e-08 -1.440000e+00
3.533000e-08 -1.440000e+00
3.534000e-08 -1.440000e+00
3.535000e-08 -1.440000e+00
3.536000e-08 -1.440000e+00
3.537000e-08 -1.440000e+00
3.538000e-08 -1.440000e+00
3.539000e-08 -1.440000e+00
3.540000e-08 -1.440000e+00
3.541000e-08 -1.440000e+00
3.542000e-08 -1.440000e+00
3.543000e-08 -1.440000e+00
3.544000e-08 -1.440000e+00
3.545000e-08 -1.440000e+00
3.546000e-08 -1.440000e+00
3.547000e-08 -1.440000e+00
3.548000e-08 -1.440000e+00
3.549000e-08 -1.440000e+00
3.550000e-08 -1.440000e+00
3.551000e-08 -1.440000e+00
3.552000e-08 -1.440000e+00
3.553000e-08 -1.440000e+00
3.554000e-08 -1.440000e+00
3.555000e-08 -1.440000e+00
3.556000e-08 -1.440000e+00
3.557000e-08 -1.440000e+00
3.558000e-08 -1.440000e+00
3.559000e-08 -1.440000e+00
3.560000e-08 -1.440000e+00
3.561000e-08 -1.440000e+00
3.562000e-08 -1.440000e+00
3.563000e-08 -1.440000e+00
3.564000e-08 -1.440000e+00
3.565000e-08 -1.440000e+00
3.566000e-08 -1.440000e+00
3.567000e-08 -1.440000e+00
3.568000e-08 -1.440000e+00
3.569000e-08 -1.440000e+00
3.570000e-08 -1.440000e+00
3.571000e-08 -1.440000e+00
3.572000e-08 -1.440000e+00
3.573000e-08 -1.440000e+00
3.574000e-08 -1.440000e+00
3.575000e-08 -1.440000e+00
3.576000e-08 -1.440000e+00
3.577000e-08 -1.440000e+00
3.578000e-08 -1.440000e+00
3.579000e-08 -1.440000e+00
3.580000e-08 -1.440000e+00
3.581000e-08 -1.440000e+00
3.582000e-08 -1.440000e+00
3.583000e-08 -1.440000e+00
3.584000e-08 -1.440000e+00
3.585000e-08 -1.440000e+00
3.586000e-08 -1.440000e+00
3.587000e-08 -1.440000e+00
3.588000e-08 -1.440000e+00
3.589000e-08 -1.440000e+00
3.590000e-08 -1.440000e+00
3.591000e-08 -1.440000e+00
3.592000e-08 -1.440000e+00
3.593000e-08 -1.440000e+00
3.594000e-08 -1.440000e+00
3.595000e-08 -1.440000e+00
3.596000e-08 -1.440000e+00
3.597000e-08 -1.440000e+00
3.598000e-08 -1.440000e+00
3.599000e-08 -1.440000e+00
3.600000e-08 -1.440000e+00
3.601000e-08 -1.440000e+00
3.602000e-08 -1.440000e+00
3.603000e-08 -1.440000e+00
3.604000e-08 -1.440000e+00
3.605000e-08 -1.440000e+00
3.606000e-08 -1.440000e+00
3.607000e-08 -1.440000e+00
3.608000e-08 -1.440000e+00
3.609000e-08 -1.440000e+00
3.610000e-08 -1.440000e+00
3.611000e-08 -1.440000e+00
3.612000e-08 -1.440000e+00
3.613000e-08 -1.440000e+00
3.614000e-08 -1.440000e+00
3.615000e-08 -1.440000e+00
3.616000e-08 -1.440000e+00
3.617000e-08 -1.440000e+00
3.618000e-08 -1.440000e+00
3.619000e-08 -1.440000e+00
3.620000e-08 -1.440000e+00
3.621000e-08 -1.440000e+00
3.622000e-08 -1.440000e+00
3.623000e-08 -1.440000e+00
3.624000e-08 -1.440000e+00
3.625000e-08 -1.440000e+00
3.626000e-08 -1.440000e+00
3.627000e-08 -1.440000e+00
3.628000e-08 -1.440000e+00
3.629000e-08 -1.440000e+00
3.630000e-08 -1.440000e+00
3.631000e-08 -1.440000e+00
3.632000e-08 -1.440000e+00
3.633000e-08 -1.440000e+00
3.634000e-08 -1.440000e+00
3.635000e-08 -1.440000e+00
3.636000e-08 -1.440000e+00
3.637000e-08 -1.440000e+00
3.638000e-08 -1.440000e+00
3.639000e-08 -1.440000e+00
3.640000e-08 -1.440000e+00
3.641000e-08 -1.440000e+00
3.642000e-08 -1.440000e+00
3.643000e-08 -1.440000e+00
3.644000e-08 -1.440000e+00
3.645000e-08 -1.440000e+00
3.646000e-08 -1.440000e+00
3.647000e-08 -1.440000e+00
3.648000e-08 -1.440000e+00
3.649000e-08 -1.440000e+00
3.650000e-08 -1.440000e+00
3.651000e-08 -1.440000e+00
3.652000e-08 -1.440000e+00
3.653000e-08 -1.440000e+00
3.654000e-08 -1.440000e+00
3.655000e-08 -1.440000e+00
3.656000e-08 -1.440000e+00
3.657000e-08 -1.440000e+00
3.658000e-08 -1.440000e+00
3.659000e-08 -1.440000e+00
3.660000e-08 -1.440000e+00
3.661000e-08 -1.440000e+00
3.662000e-08 -1.440000e+00
3.663000e-08 -1.440000e+00
3.664000e-08 -1.440000e+00
3.665000e-08 -1.440000e+00
3.666000e-08 -1.440000e+00
3.667000e-08 -1.440000e+00
3.668000e-08 -1.440000e+00
3.669000e-08 -1.440000e+00
3.670000e-08 -1.440000e+00
3.671000e-08 -1.440000e+00
3.672000e-08 -1.440000e+00
3.673000e-08 -1.440000e+00
3.674000e-08 -1.440000e+00
3.675000e-08 -1.440000e+00
3.676000e-08 -1.440000e+00
3.677000e-08 -1.440000e+00
3.678000e-08 -1.440000e+00
3.679000e-08 -1.440000e+00
3.680000e-08 -1.440000e+00
3.681000e-08 -1.440000e+00
3.682000e-08 -1.440000e+00
3.683000e-08 -1.440000e+00
3.684000e-08 -1.440000e+00
3.685000e-08 -1.440000e+00
3.686000e-08 -1.440000e+00
3.687000e-08 -1.440000e+00
3.688000e-08 -1.440000e+00
3.689000e-08 -1.440000e+00
3.690000e-08 -1.440000e+00
3.691000e-08 -1.440000e+00
3.692000e-08 -1.440000e+00
3.693000e-08 -1.440000e+00
3.694000e-08 -1.440000e+00
3.695000e-08 -1.440000e+00
3.696000e-08 -1.440000e+00
3.697000e-08 -1.440000e+00
3.698000e-08 -1.440000e+00
3.699000e-08 -1.440000e+00
3.700000e-08 -1.440000e+00
3.701000e-08 -1.440000e+00
3.702000e-08 -1.440000e+00
3.703000e-08 -1.440000e+00
3.704000e-08 -1.440000e+00
3.705000e-08 -1.440000e+00
3.706000e-08 -1.440000e+00
3.707000e-08 -1.440000e+00
3.708000e-08 -1.440000e+00
3.709000e-08 -1.440000e+00
3.710000e-08 -1.440000e+00
3.711000e-08 -1.440000e+00
3.712000e-08 -1.440000e+00
3.713000e-08 -1.440000e+00
3.714000e-08 -1.440000e+00
3.715000e-08 -1.440000e+00
3.716000e-08 -1.440000e+00
3.717000e-08 -1.440000e+00
3.718000e-08 -1.440000e+00
3.719000e-08 -1.440000e+00
3.720000e-08 -1.440000e+00
3.721000e-08 -1.440000e+00
3.722000e-08 -1.440000e+00
3.723000e-08 -1.440000e+00
3.724000e-08 -1.440000e+00
3.725000e-08 -1.440000e+00
3.726000e-08 -1.440000e+00
3.727000e-08 -1.440000e+00
3.728000e-08 -1.440000e+00
3.729000e-08 -1.440000e+00
3.730000e-08 -1.440000e+00
3.731000e-08 -1.440000e+00
3.732000e-08 -1.440000e+00
3.733000e-08 -1.440000e+00
3.734000e-08 -1.440000e+00
3.735000e-08 -1.440000e+00
3.736000e-08 -1.440000e+00
3.737000e-08 -1.440000e+00
3.738000e-08 -1.440000e+00
3.739000e-08 -1.440000e+00
3.740000e-08 -1.440000e+00
3.741000e-08 -1.440000e+00
3.742000e-08 -1.440000e+00
3.743000e-08 -1.440000e+00
3.744000e-08 -1.440000e+00
3.745000e-08 -1.440000e+00
3.746000e-08 -1.440000e+00
3.747000e-08 -1.440000e+00
3.748000e-08 -1.440000e+00
3.749000e-08 -1.440000e+00
3.750000e-08 -1.440000e+00
3.751000e-08 -1.440000e+00
3.752000e-08 -1.440000e+00
3.753000e-08 -1.440000e+00
3.754000e-08 -1.440000e+00
3.755000e-08 -1.440000e+00
3.756000e-08 -1.440000e+00
3.757000e-08 -1.440000e+00
3.758000e-08 -1.440000e+00
3.759000e-08 -1.440000e+00
3.760000e-08 -1.440000e+00
3.761000e-08 -1.440000e+00
3.762000e-08 -1.440000e+00
3.763000e-08 -1.440000e+00
3.764000e-08 -1.440000e+00
3.765000e-08 -1.440000e+00
3.766000e-08 -1.440000e+00
3.767000e-08 -1.440000e+00
3.768000e-08 -1.440000e+00
3.769000e-08 -1.440000e+00
3.770000e-08 -1.440000e+00
3.771000e-08 -1.440000e+00
3.772000e-08 -1.440000e+00
3.773000e-08 -1.440000e+00
3.774000e-08 -1.440000e+00
3.775000e-08 -1.440000e+00
3.776000e-08 -1.440000e+00
3.777000e-08 -1.440000e+00
3.778000e-08 -1.440000e+00
3.779000e-08 -1.440000e+00
3.780000e-08 -1.440000e+00
3.781000e-08 -1.440000e+00
3.782000e-08 -1.440000e+00
3.783000e-08 -1.440000e+00
3.784000e-08 -1.440000e+00
3.785000e-08 -1.440000e+00
3.786000e-08 -1.440000e+00
3.787000e-08 -1.440000e+00
3.788000e-08 -1.440000e+00
3.789000e-08 -1.440000e+00
3.790000e-08 -1.440000e+00
3.791000e-08 -1.440000e+00
3.792000e-08 -1.440000e+00
3.793000e-08 -1.440000e+00
3.794000e-08 -1.440000e+00
3.795000e-08 -1.440000e+00
3.796000e-08 -1.440000e+00
3.797000e-08 -1.440000e+00
3.798000e-08 -1.440000e+00
3.799000e-08 -1.440000e+00
3.800000e-08 -1.440000e+00
3.801000e-08 -1.440000e+00
3.802000e-08 -1.440000e+00
3.803000e-08 -1.440000e+00
3.804000e-08 -1.440000e+00
3.805000e-08 -1.440000e+00
3.806000e-08 -1.440000e+00
3.807000e-08 -1.440000e+00
3.808000e-08 -1.440000e+00
3.809000e-08 -1.440000e+00
3.810000e-08 -1.440000e+00
3.811000e-08 -1.440000e+00
3.812000e-08 -1.440000e+00
3.813000e-08 -1.440000e+00
3.814000e-08 -1.440000e+00
3.815000e-08 -1.440000e+00
3.816000e-08 -1.440000e+00
3.817000e-08 -1.440000e+00
3.818000e-08 -1.440000e+00
3.819000e-08 -1.440000e+00
3.820000e-08 -1.440000e+00
3.821000e-08 -1.440000e+00
3.822000e-08 -1.440000e+00
3.823000e-08 -1.440000e+00
3.824000e-08 -1.440000e+00
3.825000e-08 -1.440000e+00
3.826000e-08 -1.440000e+00
3.827000e-08 -1.440000e+00
3.828000e-08 -1.440000e+00
3.829000e-08 -1.440000e+00
3.830000e-08 -1.440000e+00
3.831000e-08 -1.440000e+00
3.832000e-08 -1.440000e+00
3.833000e-08 -1.440000e+00
3.834000e-08 -1.440000e+00
3.835000e-08 -1.440000e+00
3.836000e-08 -1.440000e+00
3.837000e-08 -1.440000e+00
3.838000e-08 -1.440000e+00
3.839000e-08 -1.440000e+00
3.840000e-08 -1.440000e+00
3.841000e-08 -1.440000e+00
3.842000e-08 -1.440000e+00
3.843000e-08 -1.440000e+00
3.844000e-08 -1.440000e+00
3.845000e-08 -1.440000e+00
3.846000e-08 -1.440000e+00
3.847000e-08 -1.440000e+00
3.848000e-08 -1.440000e+00
3.849000e-08 -1.440000e+00
3.850000e-08 -1.440000e+00
3.851000e-08 -1.440000e+00
3.852000e-08 -1.440000e+00
3.853000e-08 -1.440000e+00
3.854000e-08 -1.440000e+00
3.855000e-08 -1.440000e+00
3.856000e-08 -1.440000e+00
3.857000e-08 -1.440000e+00
3.858000e-08 -1.440000e+00
3.859000e-08 -1.440000e+00
3.860000e-08 -1.440000e+00
3.861000e-08 -1.440000e+00
3.862000e-08 -1.440000e+00
3.863000e-08 -1.440000e+00
3.864000e-08 -1.440000e+00
3.865000e-08 -1.440000e+00
3.866000e-08 -1.440000e+00
3.867000e-08 -1.440000e+00
3.868000e-08 -1.440000e+00
3.869000e-08 -1.440000e+00
3.870000e-08 -1.440000e+00
3.871000e-08 -1.440000e+00
3.872000e-08 -1.440000e+00
3.873000e-08 -1.440000e+00
3.874000e-08 -1.440000e+00
3.875000e-08 -1.440000e+00
3.876000e-08 -1.440000e+00
3.877000e-08 -1.440000e+00
3.878000e-08 -1.440000e+00
3.879000e-08 -1.440000e+00
3.880000e-08 -1.440000e+00
3.881000e-08 -1.440000e+00
3.882000e-08 -1.440000e+00
3.883000e-08 -1.440000e+00
3.884000e-08 -1.440000e+00
3.885000e-08 -1.440000e+00
3.886000e-08 -1.440000e+00
3.887000e-08 -1.440000e+00
3.888000e-08 -1.440000e+00
3.889000e-08 -1.440000e+00
3.890000e-08 -1.440000e+00
3.891000e-08 -1.440000e+00
3.892000e-08 -1.440000e+00
3.893000e-08 -1.440000e+00
3.894000e-08 -1.440000e+00
3.895000e-08 -1.440000e+00
3.896000e-08 -1.440000e+00
3.897000e-08 -1.440000e+00
3.898000e-08 -1.440000e+00
3.899000e-08 -1.440000e+00
3.900000e-08 -1.440000e+00
3.901000e-08 -1.440000e+00
3.902000e-08 -1.440000e+00
3.903000e-08 -1.440000e+00
3.904000e-08 -1.440000e+00
3.905000e-08 -1.440000e+00
3.906000e-08 -1.440000e+00
3.907000e-08 -1.440000e+00
3.908000e-08 -1.440000e+00
3.909000e-08 -1.440000e+00
3.910000e-08 -1.440000e+00
3.911000e-08 -1.440000e+00
3.912000e-08 -1.440000e+00
3.913000e-08 -1.440000e+00
3.914000e-08 -1.440000e+00
3.915000e-08 -1.440000e+00
3.916000e-08 -1.440000e+00
3.917000e-08 -1.440000e+00
3.918000e-08 -1.440000e+00
3.919000e-08 -1.440000e+00
3.920000e-08 -1.440000e+00
3.921000e-08 -1.440000e+00
3.922000e-08 -1.440000e+00
3.923000e-08 -1.440000e+00
3.924000e-08 -1.440000e+00
3.925000e-08 -1.440000e+00
3.926000e-08 -1.440000e+00
3.927000e-08 -1.440000e+00
3.928000e-08 -1.440000e+00
3.929000e-08 -1.440000e+00
3.930000e-08 -1.440000e+00
3.931000e-08 -1.440000e+00
3.932000e-08 -1.440000e+00
3.933000e-08 -1.440000e+00
3.934000e-08 -1.440000e+00
3.935000e-08 -1.440000e+00
3.936000e-08 -1.440000e+00
3.937000e-08 -1.440000e+00
3.938000e-08 -1.440000e+00
3.939000e-08 -1.440000e+00
3.940000e-08 -1.440000e+00
3.941000e-08 -1.440000e+00
3.942000e-08 -1.440000e+00
3.943000e-08 -1.440000e+00
3.944000e-08 -1.440000e+00
3.945000e-08 -1.440000e+00
3.946000e-08 -1.440000e+00
3.947000e-08 -1.440000e+00
3.948000e-08 -1.440000e+00
3.949000e-08 -1.440000e+00
3.950000e-08 -1.440000e+00
3.951000e-08 -1.440000e+00
3.952000e-08 -1.440000e+00
3.953000e-08 -1.440000e+00
3.954000e-08 -1.440000e+00
3.955000e-08 -1.440000e+00
3.956000e-08 -1.440000e+00
3.957000e-08 -1.440000e+00
3.958000e-08 -1.440000e+00
3.959000e-08 -1.440000e+00
3.960000e-08 -1.440000e+00
3.961000e-08 -1.440000e+00
3.962000e-08 -1.440000e+00
3.963000e-08 -1.440000e+00
3.964000e-08 -1.440000e+00
3.965000e-08 -1.440000e+00
3.966000e-08 -1.440000e+00
3.967000e-08 -1.440000e+00
3.968000e-08 -1.440000e+00
3.969000e-08 -1.440000e+00
3.970000e-08 -1.440000e+00
3.971000e-08 -1.440000e+00
3.972000e-08 -1.440000e+00
3.973000e-08 -1.440000e+00
3.974000e-08 -1.440000e+00
3.975000e-08 -1.440000e+00
3.976000e-08 -1.440000e+00
3.977000e-08 -1.440000e+00
3.978000e-08 -1.440000e+00
3.979000e-08 -1.440000e+00
3.980000e-08 -1.440000e+00
3.981000e-08 -1.440000e+00
3.982000e-08 -1.440000e+00
3.983000e-08 -1.440000e+00
3.984000e-08 -1.440000e+00
3.985000e-08 -1.440000e+00
3.986000e-08 -1.440000e+00
3.987000e-08 -1.440000e+00
3.988000e-08 -1.440000e+00
3.989000e-08 -1.440000e+00
3.990000e-08 -1.440000e+00
3.991000e-08 -1.440000e+00
3.992000e-08 -1.440000e+00
3.993000e-08 -1.440000e+00
3.994000e-08 -1.440000e+00
3.995000e-08 -1.440000e+00
3.996000e-08 -1.440000e+00
3.997000e-08 -1.440000e+00
3.998000e-08 -1.440000e+00
3.999000e-08 -1.440000e+00
4.000000e-08 -1.440000e+00
4.001000e-08 -1.603080e+00
4.002000e-08 -1.749360e+00
4.003000e-08 -1.889880e+00
4.004000e-08 -2.029320e+00
4.005000e-08 -2.155320e+00
4.006000e-08 -2.254560e+00
4.007000e-08 -2.295240e+00
4.008000e-08 -2.313120e+00
4.009000e-08 -2.311680e+00
4.010000e-08 -2.310240e+00
4.011000e-08 -2.230920e+00
4.012000e-08 -2.186040e+00
4.013000e-08 -2.151600e+00
4.014000e-08 -2.121720e+00
4.015000e-08 -2.092080e+00
4.016000e-08 -2.062440e+00
4.017000e-08 -2.032920e+00
4.018000e-08 -1.999320e+00
4.019000e-08 -1.959000e+00
4.020000e-08 -1.882800e+00
4.021000e-08 -1.661400e+00
4.022000e-08 -1.382520e+00
4.023000e-08 -1.085568e+00
4.024000e-08 -7.933789e-01
4.025000e-08 -5.669282e-01
4.026000e-08 -4.541610e-01
4.027000e-08 -3.837397e-01
4.028000e-08 -3.322872e-01
4.029000e-08 -2.942948e-01
4.030000e-08 -2.621588e-01
4.031000e-08 -2.370720e-01
4.032000e-08 -2.119850e-01
4.033000e-08 -1.939025e-01
4.034000e-08 -1.770719e-01
4.035000e-08 -1.602412e-01
4.036000e-08 -1.434104e-01
4.037000e-08 -1.308840e-01
4.038000e-08 -1.211676e-01
4.039000e-08 -1.114513e-01
4.040000e-08 -1.017349e-01
4.041000e-08 -9.201864e-02
4.042000e-08 -8.230236e-02
4.043000e-08 -7.301736e-02
4.044000e-08 -6.829116e-02
4.045000e-08 -6.356484e-02
4.046000e-08 -5.883864e-02
4.047000e-08 -5.411244e-02
4.048000e-08 -4.938624e-02
4.049000e-08 -4.466004e-02
4.050000e-08 -3.993372e-02
4.051000e-08 -3.520752e-02
4.052000e-08 -3.159144e-02
4.053000e-08 -2.971020e-02
4.054000e-08 -2.782896e-02
4.055000e-08 -2.594772e-02
4.056000e-08 -2.406648e-02
4.057000e-08 -2.218524e-02
4.058000e-08 -2.030400e-02
4.059000e-08 -1.842276e-02
4.060000e-08 -1.654152e-02
4.061000e-08 -1.466028e-02
4.062000e-08 -1.277904e-02
4.063000e-08 -1.121532e-02
4.064000e-08 -1.063596e-02
4.065000e-08 -1.005660e-02
4.066000e-08 -9.477360e-03
4.067000e-08 -8.898000e-03
4.068000e-08 -8.318760e-03
4.069000e-08 -7.739400e-03
4.070000e-08 -7.160040e-03
4.071000e-08 -6.580800e-03
4.072000e-08 -6.001440e-03
4.073000e-08 -5.422200e-03
4.074000e-08 -4.842840e-03
4.075000e-08 -4.263480e-03
4.076000e-08 -3.684240e-03
4.077000e-08 -3.189840e-03
4.078000e-08 -3.064200e-03
4.079000e-08 -2.938680e-03
4.080000e-08 -2.813040e-03
4.081000e-08 -2.687520e-03
4.082000e-08 -2.562000e-03
4.083000e-08 -2.436360e-03
4.084000e-08 -2.310840e-03
4.085000e-08 -2.185200e-03
4.086000e-08 -2.059680e-03
4.087000e-08 -1.934160e-03
4.088000e-08 -1.808520e-03
4.089000e-08 -1.683000e-03
4.090000e-08 -1.557360e-03
4.091000e-08 -1.431840e-03
4.092000e-08 -1.306320e-03
4.093000e-08 -1.180703e-03
4.094000e-08 -1.055134e-03
4.095000e-08 -9.397457e-04
4.096000e-08 -9.249163e-04
4.097000e-08 -9.100870e-04
4.098000e-08 -8.952576e-04
4.099000e-08 -8.804281e-04
4.100000e-08 -8.655988e-04
4.101000e-08 -8.507694e-04
4.102000e-08 -8.359399e-04
4.103000e-08 -8.211106e-04
4.104000e-08 -8.062812e-04
4.105000e-08 -7.914517e-04
4.106000e-08 -7.766224e-04
4.107000e-08 -7.617930e-04
4.108000e-08 -7.469636e-04
4.109000e-08 -7.321342e-04
4.110000e-08 -7.173048e-04
4.111000e-08 -7.024754e-04
4.112000e-08 -6.876460e-04
4.113000e-08 -6.728166e-04
4.114000e-08 -6.579872e-04
4.115000e-08 -6.431578e-04
4.116000e-08 -6.283284e-04
4.117000e-08 -6.134990e-04
4.118000e-08 -5.986697e-04
4.119000e-08 -5.838402e-04
4.120000e-08 -5.769299e-04
4.121000e-08 -5.777684e-04
4.122000e-08 -5.786070e-04
4.123000e-08 -5.794456e-04
4.124000e-08 -5.802841e-04
4.125000e-08 -5.811227e-04
4.126000e-08 -5.819612e-04
4.127000e-08 -5.827998e-04
4.128000e-08 -5.836385e-04
4.129000e-08 -5.844770e-04
4.130000e-08 -5.853156e-04
4.131000e-08 -5.861542e-04
4.132000e-08 -5.869927e-04
4.133000e-08 -5.878313e-04
4.134000e-08 -5.886698e-04
4.135000e-08 -5.895084e-04
4.136000e-08 -5.903470e-04
4.137000e-08 -5.911855e-04
4.138000e-08 -5.920241e-04
4.139000e-08 -5.928626e-04
4.140000e-08 -5.937012e-04
4.141000e-08 -5.945398e-04
4.142000e-08 -5.953784e-04
4.143000e-08 -5.962170e-04
4.144000e-08 -5.970556e-04
4.145000e-08 -5.978941e-04
4.146000e-08 -5.987327e-04
4.147000e-08 -5.995712e-04
4.148000e-08 -6.004098e-04
4.149000e-08 -6.012484e-04
4.150000e-08 -6.020869e-04
4.151000e-08 -6.029255e-04
4.152000e-08 -6.037640e-04
4.153000e-08 -6.046026e-04
4.154000e-08 -6.054412e-04
4.155000e-08 -6.062797e-04
4.156000e-08 -6.069674e-04
4.157000e-08 -6.062140e-04
4.158000e-08 -6.054604e-04
4.159000e-08 -6.047069e-04
4.160000e-08 -6.039533e-04
4.161000e-08 -6.031998e-04
4.162000e-08 -6.024463e-04
4.163000e-08 -6.016927e-04
4.164000e-08 -6.009392e-04
4.165000e-08 -6.001856e-04
4.166000e-08 -5.994322e-04
4.167000e-08 -5.986787e-04
4.168000e-08 -5.979251e-04
4.169000e-08 -5.971716e-04
4.170000e-08 -5.964180e-04
4.171000e-08 -5.956645e-04
4.172000e-08 -5.949110e-04
4.173000e-08 -5.941574e-04
4.174000e-08 -5.934040e-04
4.175000e-08 -5.926504e-04
4.176000e-08 -5.918969e-04
4.177000e-08 -5.911434e-04
4.178000e-08 -5.903898e-04
4.179000e-08 -5.896363e-04
4.180000e-08 -5.888827e-04
4.181000e-08 -5.881292e-04
4.182000e-08 -5.873756e-04
4.183000e-08 -5.866222e-04
4.184000e-08 -5.858687e-04
4.185000e-08 -5.851151e-04
4.186000e-08 -5.843616e-04
4.187000e-08 -5.836080e-04
4.188000e-08 -5.828545e-04
4.189000e-08 -5.821010e-04
4.190000e-08 -5.813474e-04
4.191000e-08 -5.805940e-04
4.192000e-08 -5.798404e-04
4.193000e-08 -5.790869e-04
4.194000e-08 -5.783334e-04
4.195000e-08 -5.775798e-04
4.196000e-08 -5.768263e-04
4.197000e-08 -5.760727e-04
4.198000e-08 -5.753192e-04
4.199000e-08 -5.745658e-04
4.200000e-08 -5.738122e-04
4.201000e-08 -5.730587e-04
4.202000e-08 -5.723051e-04
4.203000e-08 -5.715516e-04
4.204000e-08 -5.707981e-04
4.205000e-08 -5.700445e-04
4.206000e-08 -5.692910e-04
4.207000e-08 -5.685374e-04
4.208000e-08 -5.677840e-04
4.209000e-08 -5.670304e-04
4.210000e-08 -5.662769e-04
4.211000e-08 -5.655234e-04
4.212000e-08 -5.647698e-04
4.213000e-08 -5.640163e-04
4.214000e-08 -5.632627e-04
4.215000e-08 -5.625092e-04
4.216000e-08 -5.617558e-04
4.217000e-08 -5.610022e-04
4.218000e-08 -5.609164e-04
4.219000e-08 -5.610467e-04
4.220000e-08 -5.611770e-04
4.221000e-08 -5.613072e-04
4.222000e-08 -5.614375e-04
4.223000e-08 -5.615678e-04
4.224000e-08 -5.616980e-04
4.225000e-08 -5.618284e-04
4.226000e-08 -5.619587e-04
4.227000e-08 -5.620889e-04
4.228000e-08 -5.622192e-04
4.229000e-08 -5.623494e-04
4.230000e-08 -5.624797e-04
4.231000e-08 -5.626100e-04
4.232000e-08 -5.627402e-04
4.233000e-08 -5.628706e-04
4.234000e-08 -5.630009e-04
4.235000e-08 -5.631311e-04
4.236000e-08 -5.632614e-04
4.237000e-08 -5.633917e-04
4.238000e-08 -5.635219e-04
4.239000e-08 -5.636522e-04
4.240000e-08 -5.637824e-04
4.241000e-08 -5.639128e-04
4.242000e-08 -5.640431e-04
4.243000e-08 -5.641733e-04
4.244000e-08 -5.643036e-04
4.245000e-08 -5.644339e-04
4.246000e-08 -5.645641e-04
4.247000e-08 -5.646944e-04
4.248000e-08 -5.648248e-04
4.249000e-08 -5.649550e-04
4.250000e-08 -5.650853e-04
4.251000e-08 -5.652156e-04
4.252000e-08 -5.653458e-04
4.253000e-08 -5.654761e-04
4.254000e-08 -5.656063e-04
4.255000e-08 -5.657366e-04
4.256000e-08 -5.658670e-04
4.257000e-08 -5.659972e-04
4.258000e-08 -5.661275e-04
4.259000e-08 -5.662578e-04
4.260000e-08 -5.663880e-04
4.261000e-08 -5.665183e-04
4.262000e-08 -5.666486e-04
4.263000e-08 -5.667788e-04
4.264000e-08 -5.669092e-04
4.265000e-08 -5.670394e-04
4.266000e-08 -5.671697e-04
4.267000e-08 -5.673000e-04
4.268000e-08 -5.674302e-04
4.269000e-08 -5.675605e-04
4.270000e-08 -5.676908e-04
4.271000e-08 -5.678210e-04
4.272000e-08 -5.679514e-04
4.273000e-08 -5.680817e-04
4.274000e-08 -5.682119e-04
4.275000e-08 -5.683422e-04
4.276000e-08 -5.684725e-04
4.277000e-08 -5.686027e-04
4.278000e-08 -5.687330e-04
4.279000e-08 -5.688632e-04
4.280000e-08 -5.689936e-04
4.281000e-08 -5.691239e-04
4.282000e-08 -5.692541e-04
4.283000e-08 -5.693844e-04
4.284000e-08 -5.695147e-04
4.285000e-08 -5.696449e-04
4.286000e-08 -5.697752e-04
4.287000e-08 -5.699056e-04
4.288000e-08 -5.700358e-04
4.289000e-08 -5.701661e-04
4.290000e-08 -5.702963e-04
4.291000e-08 -5.704266e-04
4.292000e-08 -5.705569e-04
4.293000e-08 -5.706871e-04
4.294000e-08 -5.708174e-04
4.295000e-08 -5.709478e-04
4.296000e-08 -5.710780e-04
4.297000e-08 -5.712083e-04
4.298000e-08 -5.713386e-04
4.299000e-08 -5.714688e-04
4.300000e-08 -5.715991e-04
4.301000e-08 -5.717293e-04
4.302000e-08 -5.718596e-04
4.303000e-08 -5.719900e-04
4.304000e-08 -5.721202e-04
4.305000e-08 -5.722505e-04
4.306000e-08 -5.723808e-04
4.307000e-08 -5.725110e-04
4.308000e-08 -5.726413e-04
4.309000e-08 -5.727716e-04
4.310000e-08 -5.729018e-04
4.311000e-08 -5.730322e-04
4.312000e-08 -5.731625e-04
4.313000e-08 -5.732927e-04
4.314000e-08 -5.734230e-04
4.315000e-08 -5.735532e-04
4.316000e-08 -5.736835e-04
4.317000e-08 -5.738138e-04
4.318000e-08 -5.739440e-04
4.319000e-08 -5.740744e-04
4.320000e-08 -5.742047e-04
4.321000e-08 -5.743349e-04
4.322000e-08 -5.744652e-04
4.323000e-08 -5.745955e-04
4.324000e-08 -5.747257e-04
4.325000e-08 -5.748560e-04
4.326000e-08 -5.749862e-04
4.327000e-08 -5.751166e-04
4.328000e-08 -5.752469e-04
4.329000e-08 -5.753771e-04
4.330000e-08 -5.755074e-04
4.331000e-08 -5.756377e-04
4.332000e-08 -5.757679e-04
4.333000e-08 -5.758982e-04
4.334000e-08 -5.760286e-04
4.335000e-08 -5.761588e-04
4.336000e-08 -5.762891e-04
4.337000e-08 -5.764194e-04
4.338000e-08 -5.765496e-04
4.339000e-08 -5.766799e-04
4.340000e-08 -5.768101e-04
4.341000e-08 -5.768279e-04
4.342000e-08 -5.768035e-04
4.343000e-08 -5.767793e-04
4.344000e-08 -5.767550e-04
4.345000e-08 -5.767308e-04
4.346000e-08 -5.767066e-04
4.347000e-08 -5.766823e-04
4.348000e-08 -5.766580e-04
4.349000e-08 -5.766337e-04
4.350000e-08 -5.766095e-04
4.351000e-08 -5.765852e-04
4.352000e-08 -5.765610e-04
4.353000e-08 -5.765366e-04
4.354000e-08 -5.765124e-04
4.355000e-08 -5.764882e-04
4.356000e-08 -5.764639e-04
4.357000e-08 -5.764397e-04
4.358000e-08 -5.764154e-04
4.359000e-08 -5.763911e-04
4.360000e-08 -5.763668e-04
4.361000e-08 -5.763426e-04
4.362000e-08 -5.763184e-04
4.363000e-08 -5.762941e-04
4.364000e-08 -5.762699e-04
4.365000e-08 -5.762455e-04
4.366000e-08 -5.762213e-04
4.367000e-08 -5.761970e-04
4.368000e-08 -5.761728e-04
4.369000e-08 -5.761486e-04
4.370000e-08 -5.761242e-04
4.371000e-08 -5.761000e-04
4.372000e-08 -5.760757e-04
4.373000e-08 -5.760515e-04
4.374000e-08 -5.760272e-04
4.375000e-08 -5.760030e-04
4.376000e-08 -5.759786e-04
4.377000e-08 -5.759544e-04
4.378000e-08 -5.759302e-04
4.379000e-08 -5.759059e-04
4.380000e-08 -5.758817e-04
4.381000e-08 -5.758573e-04
4.382000e-08 -5.758331e-04
4.383000e-08 -5.758088e-04
4.384000e-08 -5.757846e-04
4.385000e-08 -5.757604e-04
4.386000e-08 -5.757361e-04
4.387000e-08 -5.757118e-04
4.388000e-08 -5.756875e-04
4.389000e-08 -5.756633e-04
4.390000e-08 -5.756390e-04
4.391000e-08 -5.756148e-04
4.392000e-08 -5.755904e-04
4.393000e-08 -5.755662e-04
4.394000e-08 -5.755420e-04
4.395000e-08 -5.755177e-04
4.396000e-08 -5.754935e-04
4.397000e-08 -5.754692e-04
4.398000e-08 -5.754449e-04
4.399000e-08 -5.754206e-04
4.400000e-08 -5.753964e-04
4.401000e-08 -5.753722e-04
4.402000e-08 -5.753479e-04
4.403000e-08 -5.753236e-04
4.404000e-08 -5.752993e-04
4.405000e-08 -5.752751e-04
4.406000e-08 -5.752508e-04
4.407000e-08 -5.752266e-04
4.408000e-08 -5.752024e-04
4.409000e-08 -5.751780e-04
4.410000e-08 -5.751538e-04
4.411000e-08 -5.751295e-04
4.412000e-08 -5.751053e-04
4.413000e-08 -5.750810e-04
4.414000e-08 -5.750568e-04
4.415000e-08 -5.750324e-04
4.416000e-08 -5.750082e-04
4.417000e-08 -5.749840e-04
4.418000e-08 -5.749597e-04
4.419000e-08 -5.749355e-04
4.420000e-08 -5.749111e-04
4.421000e-08 -5.748869e-04
4.422000e-08 -5.748626e-04
4.423000e-08 -5.748384e-04
4.424000e-08 -5.748142e-04
4.425000e-08 -5.747899e-04
4.426000e-08 -5.747656e-04
4.427000e-08 -5.747413e-04
4.428000e-08 -5.747171e-04
4.429000e-08 -5.746928e-04
4.430000e-08 -5.746686e-04
4.431000e-08 -5.746442e-04
4.432000e-08 -5.746200e-04
4.433000e-08 -5.745958e-04
4.434000e-08 -5.745715e-04
4.435000e-08 -5.745473e-04
4.436000e-08 -5.745230e-04
4.437000e-08 -5.744987e-04
4.438000e-08 -5.744744e-04
4.439000e-08 -5.744502e-04
4.440000e-08 -5.744260e-04
4.441000e-08 -5.744017e-04
4.442000e-08 -5.743774e-04
4.443000e-08 -5.743531e-04
4.444000e-08 -5.743289e-04
4.445000e-08 -5.743046e-04
4.446000e-08 -5.742804e-04
4.447000e-08 -5.742562e-04
4.448000e-08 -5.742318e-04
4.449000e-08 -5.742076e-04
4.450000e-08 -5.741833e-04
4.451000e-08 -5.741591e-04
4.452000e-08 -5.741348e-04
4.453000e-08 -5.741105e-04
4.454000e-08 -5.740862e-04
4.455000e-08 -5.740620e-04
4.456000e-08 -5.740378e-04
4.457000e-08 -5.740135e-04
4.458000e-08 -5.739893e-04
4.459000e-08 -5.739649e-04
4.460000e-08 -5.739407e-04
4.461000e-08 -5.739164e-04
4.462000e-08 -5.738922e-04
4.463000e-08 -5.738680e-04
4.464000e-08 -5.738437e-04
4.465000e-08 -5.738194e-04
4.466000e-08 -5.737951e-04
4.467000e-08 -5.737709e-04
4.468000e-08 -5.737466e-04
4.469000e-08 -5.737224e-04
4.470000e-08 -5.736980e-04
4.471000e-08 -5.736738e-04
4.472000e-08 -5.736496e-04
4.473000e-08 -5.736253e-04
4.474000e-08 -5.736011e-04
4.475000e-08 -5.735768e-04
4.476000e-08 -5.735525e-04
4.477000e-08 -5.735282e-04
4.478000e-08 -5.735040e-04
4.479000e-08 -5.734798e-04
4.480000e-08 -5.734555e-04
4.481000e-08 -5.734312e-04
4.482000e-08 -5.734069e-04
4.483000e-08 -5.733827e-04
4.484000e-08 -5.733584e-04
4.485000e-08 -5.733342e-04
4.486000e-08 -5.733100e-04
4.487000e-08 -5.732856e-04
4.488000e-08 -5.732614e-04
4.489000e-08 -5.732371e-04
4.490000e-08 -5.732129e-04
4.491000e-08 -5.731886e-04
4.492000e-08 -5.731643e-04
4.493000e-08 -5.731400e-04
4.494000e-08 -5.731158e-04
4.495000e-08 -5.730916e-04
4.496000e-08 -5.730673e-04
4.497000e-08 -5.730431e-04
4.498000e-08 -5.730187e-04
4.499000e-08 -5.729945e-04
4.500000e-08 -5.729702e-04
4.501000e-08 -5.729460e-04
4.502000e-08 -5.729218e-04
4.503000e-08 -5.728974e-04
4.504000e-08 -5.728732e-04
4.505000e-08 -5.728489e-04
4.506000e-08 -5.728247e-04
4.507000e-08 -5.728004e-04
4.508000e-08 -5.727762e-04
4.509000e-08 -5.727518e-04
4.510000e-08 -5.727276e-04
4.511000e-08 -5.727034e-04
4.512000e-08 -5.726791e-04
4.513000e-08 -5.726549e-04
4.514000e-08 -5.726305e-04
4.515000e-08 -5.726063e-04
4.516000e-08 -5.725820e-04
4.517000e-08 -5.725578e-04
4.518000e-08 -5.725336e-04
4.519000e-08 -5.725093e-04
4.520000e-08 -5.724850e-04
4.521000e-08 -5.724607e-04
4.522000e-08 -5.724365e-04
4.523000e-08 -5.724122e-04
4.524000e-08 -5.723880e-04
4.525000e-08 -5.723638e-04
4.526000e-08 -5.723394e-04
4.527000e-08 -5.723152e-04
4.528000e-08 -5.722909e-04
4.529000e-08 -5.722667e-04
4.530000e-08 -5.722424e-04
4.531000e-08 -5.722181e-04
4.532000e-08 -5.721938e-04
4.533000e-08 -5.721696e-04
4.534000e-08 -5.721454e-04
4.535000e-08 -5.721211e-04
4.536000e-08 -5.720969e-04
4.537000e-08 -5.720725e-04
4.538000e-08 -5.720483e-04
4.539000e-08 -5.720240e-04
4.540000e-08 -5.719998e-04
4.541000e-08 -5.719756e-04
4.542000e-08 -5.719512e-04
4.543000e-08 -5.719270e-04
4.544000e-08 -5.719027e-04
4.545000e-08 -5.718785e-04
4.546000e-08 -5.718542e-04
4.547000e-08 -5.718300e-04
4.548000e-08 -5.718056e-04
4.549000e-08 -5.717814e-04
4.550000e-08 -5.717572e-04
4.551000e-08 -5.717329e-04
4.552000e-08 -5.717087e-04
4.553000e-08 -5.716843e-04
4.554000e-08 -5.716601e-04
4.555000e-08 -5.716358e-04
4.556000e-08 -5.716116e-04
4.557000e-08 -5.715874e-04
4.558000e-08 -5.715631e-04
4.559000e-08 -5.715388e-04
4.560000e-08 -5.715145e-04
4.561000e-08 -5.714903e-04
4.562000e-08 -5.714660e-04
4.563000e-08 -5.714418e-04
4.564000e-08 -5.714174e-04
4.565000e-08 -5.713932e-04
4.566000e-08 -5.713690e-04
4.567000e-08 -5.713447e-04
4.568000e-08 -5.713205e-04
4.569000e-08 -5.712962e-04
4.570000e-08 -5.712719e-04
4.571000e-08 -5.712476e-04
4.572000e-08 -5.712234e-04
4.573000e-08 -5.711992e-04
4.574000e-08 -5.711749e-04
4.575000e-08 -5.711507e-04
4.576000e-08 -5.711263e-04
4.577000e-08 -5.711021e-04
4.578000e-08 -5.710778e-04
4.579000e-08 -5.710536e-04
4.580000e-08 -5.710294e-04
4.581000e-08 -5.710050e-04
4.582000e-08 -5.709808e-04
4.583000e-08 -5.709565e-04
4.584000e-08 -5.709323e-04
4.585000e-08 -5.709080e-04
4.586000e-08 -5.708838e-04
4.587000e-08 -5.708594e-04
4.588000e-08 -5.708352e-04
4.589000e-08 -5.708110e-04
4.590000e-08 -5.707867e-04
4.591000e-08 -5.707625e-04
4.592000e-08 -5.707381e-04
4.593000e-08 -5.707139e-04
4.594000e-08 -5.706896e-04
4.595000e-08 -5.706654e-04
4.596000e-08 -5.706412e-04
4.597000e-08 -5.706169e-04
4.598000e-08 -5.705926e-04
4.599000e-08 -5.705683e-04
4.600000e-08 -5.705441e-04
4.601000e-08 -5.705198e-04
4.602000e-08 -5.704956e-04
4.603000e-08 -5.704712e-04
4.604000e-08 -5.704470e-04
4.605000e-08 -5.704228e-04
4.606000e-08 -5.703985e-04
4.607000e-08 -5.703743e-04
4.608000e-08 -5.703500e-04
4.609000e-08 -5.703257e-04
4.610000e-08 -5.703014e-04
4.611000e-08 -5.702772e-04
4.612000e-08 -5.702530e-04
4.613000e-08 -5.702287e-04
4.614000e-08 -5.702044e-04
4.615000e-08 -5.701801e-04
4.616000e-08 -5.701559e-04
4.617000e-08 -5.701316e-04
4.618000e-08 -5.701074e-04
4.619000e-08 -5.700832e-04
4.620000e-08 -5.700588e-04
4.621000e-08 -5.700346e-04
4.622000e-08 -5.700103e-04
4.623000e-08 -5.699861e-04
4.624000e-08 -5.699618e-04
4.625000e-08 -5.699375e-04
4.626000e-08 -5.699132e-04
4.627000e-08 -5.698890e-04
4.628000e-08 -5.698648e-04
4.629000e-08 -5.698405e-04
4.630000e-08 -5.698163e-04
4.631000e-08 -5.697919e-04
4.632000e-08 -5.697677e-04
4.633000e-08 -5.697434e-04
4.634000e-08 -5.697192e-04
4.635000e-08 -5.696950e-04
4.636000e-08 -5.696707e-04
4.637000e-08 -5.696464e-04
4.638000e-08 -5.696221e-04
4.639000e-08 -5.695979e-04
4.640000e-08 -5.695736e-04
4.641000e-08 -5.695494e-04
4.642000e-08 -5.695250e-04
4.643000e-08 -5.695008e-04
4.644000e-08 -5.694766e-04
4.645000e-08 -5.694523e-04
4.646000e-08 -5.694281e-04
4.647000e-08 -5.694038e-04
4.648000e-08 -5.693795e-04
4.649000e-08 -5.693552e-04
4.650000e-08 -5.693310e-04
4.651000e-08 -5.693068e-04
4.652000e-08 -5.692825e-04
4.653000e-08 -5.692582e-04
4.654000e-08 -5.692339e-04
4.655000e-08 -5.692097e-04
4.656000e-08 -5.691854e-04
4.657000e-08 -5.691612e-04
4.658000e-08 -5.691370e-04
4.659000e-08 -5.691126e-04
4.660000e-08 -5.690884e-04
4.661000e-08 -5.690641e-04
4.662000e-08 -5.690399e-04
4.663000e-08 -5.690156e-04
4.664000e-08 -5.689913e-04
4.665000e-08 -5.689670e-04
4.666000e-08 -5.689428e-04
4.667000e-08 -5.689186e-04
4.668000e-08 -5.688943e-04
4.669000e-08 -5.688701e-04
4.670000e-08 -5.688457e-04
4.671000e-08 -5.688215e-04
4.672000e-08 -5.687972e-04
4.673000e-08 -5.687730e-04
4.674000e-08 -5.687610e-04
4.675000e-08 -5.687752e-04
4.676000e-08 -5.687893e-04
4.677000e-08 -5.688035e-04
4.678000e-08 -5.688176e-04
4.679000e-08 -5.688317e-04
4.680000e-08 -5.688458e-04
4.681000e-08 -5.688600e-04
4.682000e-08 -5.688742e-04
4.683000e-08 -5.688883e-04
4.684000e-08 -5.689025e-04
4.685000e-08 -5.689166e-04
4.686000e-08 -5.689308e-04
4.687000e-08 -5.689448e-04
4.688000e-08 -5.689590e-04
4.689000e-08 -5.689732e-04
4.690000e-08 -5.689873e-04
4.691000e-08 -5.690015e-04
4.692000e-08 -5.690156e-04
4.693000e-08 -5.690298e-04
4.694000e-08 -5.690440e-04
4.695000e-08 -5.690580e-04
4.696000e-08 -5.690722e-04
4.697000e-08 -5.690863e-04
4.698000e-08 -5.691005e-04
4.699000e-08 -5.691146e-04
4.700000e-08 -5.691288e-04
4.701000e-08 -5.691430e-04
4.702000e-08 -5.691571e-04
4.703000e-08 -5.691713e-04
4.704000e-08 -5.691853e-04
4.705000e-08 -5.691995e-04
4.706000e-08 -5.692136e-04
4.707000e-08 -5.692278e-04
4.708000e-08 -5.692420e-04
4.709000e-08 -5.692561e-04
4.710000e-08 -5.692703e-04
4.711000e-08 -5.692844e-04
4.712000e-08 -5.692985e-04
4.713000e-08 -5.693126e-04
4.714000e-08 -5.693268e-04
4.715000e-08 -5.693410e-04
4.716000e-08 -5.693551e-04
4.717000e-08 -5.693693e-04
4.718000e-08 -5.693834e-04
4.719000e-08 -5.693976e-04
4.720000e-08 -5.694116e-04
4.721000e-08 -5.694258e-04
4.722000e-08 -5.694400e-04
4.723000e-08 -5.694541e-04
4.724000e-08 -5.694683e-04
4.725000e-08 -5.694824e-04
4.726000e-08 -5.694966e-04
4.727000e-08 -5.695108e-04
4.728000e-08 -5.695249e-04
4.729000e-08 -5.695390e-04
4.730000e-08 -5.695531e-04
4.731000e-08 -5.695673e-04
4.732000e-08 -5.695814e-04
4.733000e-08 -5.695956e-04
4.734000e-08 -5.696098e-04
4.735000e-08 -5.696239e-04
4.736000e-08 -5.696381e-04
4.737000e-08 -5.696521e-04
4.738000e-08 -5.696663e-04
4.739000e-08 -5.696804e-04
4.740000e-08 -5.696946e-04
4.741000e-08 -5.697088e-04
4.742000e-08 -5.697229e-04
4.743000e-08 -5.697371e-04
4.744000e-08 -5.697512e-04
4.745000e-08 -5.697653e-04
4.746000e-08 -5.697794e-04
4.747000e-08 -5.697936e-04
4.748000e-08 -5.698078e-04
4.749000e-08 -5.698219e-04
4.750000e-08 -5.698361e-04
4.751000e-08 -5.698502e-04
4.752000e-08 -5.698644e-04
4.753000e-08 -5.698784e-04
4.754000e-08 -5.698926e-04
4.755000e-08 -5.699068e-04
4.756000e-08 -5.699209e-04
4.757000e-08 -5.699351e-04
4.758000e-08 -5.699492e-04
4.759000e-08 -5.699634e-04
4.760000e-08 -5.699776e-04
4.761000e-08 -5.699917e-04
4.762000e-08 -5.700058e-04
4.763000e-08 -5.700199e-04
4.764000e-08 -5.700341e-04
4.765000e-08 -5.700482e-04
4.766000e-08 -5.700624e-04
4.767000e-08 -5.700766e-04
4.768000e-08 -5.700907e-04
4.769000e-08 -5.701049e-04
4.770000e-08 -5.701189e-04
4.771000e-08 -5.701331e-04
4.772000e-08 -5.701472e-04
4.773000e-08 -5.701614e-04
4.774000e-08 -5.701756e-04
4.775000e-08 -5.701897e-04
4.776000e-08 -5.702039e-04
4.777000e-08 -5.702180e-04
4.778000e-08 -5.702321e-04
4.779000e-08 -5.702462e-04
4.780000e-08 -5.702604e-04
4.781000e-08 -5.702746e-04
4.782000e-08 -5.702887e-04
4.783000e-08 -5.703029e-04
4.784000e-08 -5.703170e-04
4.785000e-08 -5.703312e-04
4.786000e-08 -5.703452e-04
4.787000e-08 -5.703594e-04
4.788000e-08 -5.703736e-04
4.789000e-08 -5.703877e-04
4.790000e-08 -5.704019e-04
4.791000e-08 -5.704160e-04
4.792000e-08 -5.704302e-04
4.793000e-08 -5.704444e-04
4.794000e-08 -5.704585e-04
4.795000e-08 -5.704726e-04
4.796000e-08 -5.704867e-04
4.797000e-08 -5.705009e-04
4.798000e-08 -5.705150e-04
4.799000e-08 -5.705292e-04
4.800000e-08 -5.705434e-04
4.801000e-08 -5.705575e-04
4.802000e-08 -5.705717e-04
4.803000e-08 -5.705857e-04
4.804000e-08 -5.705999e-04
4.805000e-08 -5.706140e-04
4.806000e-08 -5.706282e-04
4.807000e-08 -5.706424e-04
4.808000e-08 -5.706565e-04
4.809000e-08 -5.706707e-04
4.810000e-08 -5.706848e-04
4.811000e-08 -5.706989e-04
4.812000e-08 -5.707130e-04
4.813000e-08 -5.707272e-04
4.814000e-08 -5.707414e-04
4.815000e-08 -5.707555e-04
4.816000e-08 -5.707697e-04
4.817000e-08 -5.707838e-04
4.818000e-08 -5.707980e-04
4.819000e-08 -5.708120e-04
4.820000e-08 -5.708262e-04
4.821000e-08 -5.708404e-04
4.822000e-08 -5.708545e-04
4.823000e-08 -5.708687e-04
4.824000e-08 -5.708828e-04
4.825000e-08 -5.708970e-04
4.826000e-08 -5.709112e-04
4.827000e-08 -5.709253e-04
4.828000e-08 -5.709394e-04
4.829000e-08 -5.709535e-04
4.830000e-08 -5.709677e-04
4.831000e-08 -5.709818e-04
4.832000e-08 -5.709960e-04
4.833000e-08 -5.710102e-04
4.834000e-08 -5.710243e-04
4.835000e-08 -5.710385e-04
4.836000e-08 -5.710525e-04
4.837000e-08 -5.710667e-04
4.838000e-08 -5.710808e-04
4.839000e-08 -5.710950e-04
4.840000e-08 -5.711092e-04
4.841000e-08 -5.711233e-04
4.842000e-08 -5.711375e-04
4.843000e-08 -5.711516e-04
4.844000e-08 -5.711657e-04
4.845000e-08 -5.711798e-04
4.846000e-08 -5.711940e-04
4.847000e-08 -5.712082e-04
4.848000e-08 -5.712223e-04
4.849000e-08 -5.712365e-04
4.850000e-08 -5.712506e-04
4.851000e-08 -5.712648e-04
4.852000e-08 -5.712790e-04
4.853000e-08 -5.712930e-04
4.854000e-08 -5.713072e-04
4.855000e-08 -5.713213e-04
4.856000e-08 -5.713355e-04
4.857000e-08 -5.713496e-04
4.858000e-08 -5.713638e-04
4.859000e-08 -5.713780e-04
4.860000e-08 -5.713921e-04
4.861000e-08 -5.714062e-04
4.862000e-08 -5.714203e-04
4.863000e-08 -5.714345e-04
4.864000e-08 -5.714486e-04
4.865000e-08 -5.714628e-04
4.866000e-08 -5.714770e-04
4.867000e-08 -5.714911e-04
4.868000e-08 -5.715053e-04
4.869000e-08 -5.715193e-04
4.870000e-08 -5.715335e-04
4.871000e-08 -5.715476e-04
4.872000e-08 -5.715618e-04
4.873000e-08 -5.715760e-04
4.874000e-08 -5.715901e-04
4.875000e-08 -5.716043e-04
4.876000e-08 -5.716184e-04
4.877000e-08 -5.716325e-04
4.878000e-08 -5.716466e-04
4.879000e-08 -5.716608e-04
4.880000e-08 -5.716750e-04
4.881000e-08 -5.716891e-04
4.882000e-08 -5.717033e-04
4.883000e-08 -5.717174e-04
4.884000e-08 -5.717316e-04
4.885000e-08 -5.717458e-04
4.886000e-08 -5.717598e-04
4.887000e-08 -5.717740e-04
4.888000e-08 -5.717881e-04
4.889000e-08 -5.718023e-04
4.890000e-08 -5.718164e-04
4.891000e-08 -5.718306e-04
4.892000e-08 -5.718448e-04
4.893000e-08 -5.718589e-04
4.894000e-08 -5.718730e-04
4.895000e-08 -5.718871e-04
4.896000e-08 -5.719013e-04
4.897000e-08 -5.719154e-04
4.898000e-08 -5.719296e-04
4.899000e-08 -5.719438e-04
4.900000e-08 -5.719579e-04
4.901000e-08 -5.719721e-04
4.902000e-08 -5.719861e-04
4.903000e-08 -5.720003e-04
4.904000e-08 -5.720144e-04
4.905000e-08 -5.720286e-04
4.906000e-08 -5.720428e-04
4.907000e-08 -5.720569e-04
4.908000e-08 -5.720711e-04
4.909000e-08 -5.720852e-04
4.910000e-08 -5.720993e-04
4.911000e-08 -5.721134e-04
4.912000e-08 -5.721276e-04
4.913000e-08 -5.721418e-04
4.914000e-08 -5.721559e-04
4.915000e-08 -5.721701e-04
4.916000e-08 -5.721842e-04
4.917000e-08 -5.721984e-04
4.918000e-08 -5.722126e-04
4.919000e-08 -5.722266e-04
4.920000e-08 -5.722408e-04
4.921000e-08 -5.722549e-04
4.922000e-08 -5.722691e-04
4.923000e-08 -5.722832e-04
4.924000e-08 -5.722974e-04
4.925000e-08 -5.723116e-04
4.926000e-08 -5.723257e-04
4.927000e-08 -5.723398e-04
4.928000e-08 -5.723539e-04
4.929000e-08 -5.723681e-04
4.930000e-08 -5.723822e-04
4.931000e-08 -5.723964e-04
4.932000e-08 -5.724106e-04
4.933000e-08 -5.724247e-04
4.934000e-08 -5.724389e-04
4.935000e-08 -5.724529e-04
4.936000e-08 -5.724671e-04
4.937000e-08 -5.724812e-04
4.938000e-08 -5.724954e-04
4.939000e-08 -5.725096e-04
4.940000e-08 -5.725237e-04
4.941000e-08 -5.725379e-04
4.942000e-08 -5.725520e-04
4.943000e-08 -5.725661e-04
4.944000e-08 -5.725802e-04
4.945000e-08 -5.725944e-04
4.946000e-08 -5.726086e-04
4.947000e-08 -5.726227e-04
4.948000e-08 -5.726369e-04
4.949000e-08 -5.726510e-04
4.950000e-08 -5.726652e-04
4.951000e-08 -5.726794e-04
4.952000e-08 -5.726934e-04
4.953000e-08 -5.727076e-04
4.954000e-08 -5.727217e-04
4.955000e-08 -5.727359e-04
4.956000e-08 -5.727500e-04
4.957000e-08 -5.727642e-04
4.958000e-08 -5.727784e-04
4.959000e-08 -5.727925e-04
4.960000e-08 -5.728066e-04
4.961000e-08 -5.728207e-04
4.962000e-08 -5.728349e-04
4.963000e-08 -5.728490e-04
4.964000e-08 -5.728632e-04
4.965000e-08 -5.728774e-04
4.966000e-08 -5.728915e-04
4.967000e-08 -5.729057e-04
4.968000e-08 -5.729197e-04
4.969000e-08 -5.729339e-04
4.970000e-08 -5.729480e-04
4.971000e-08 -5.729622e-04
4.972000e-08 -5.729764e-04
4.973000e-08 -5.729905e-04
4.974000e-08 -5.730047e-04
4.975000e-08 -5.730188e-04
4.976000e-08 -5.730330e-04
4.977000e-08 -5.730470e-04
4.978000e-08 -5.730612e-04
4.979000e-08 -5.730754e-04
4.980000e-08 -5.730895e-04
4.981000e-08 -5.731037e-04
4.982000e-08 -5.731178e-04
4.983000e-08 -5.731320e-04
4.984000e-08 -5.731462e-04
4.985000e-08 -5.731602e-04
4.986000e-08 -5.731744e-04
4.987000e-08 -5.731885e-04
4.988000e-08 -5.732027e-04
4.989000e-08 -5.732168e-04
4.990000e-08 -5.732310e-04
4.991000e-08 -5.732452e-04
4.992000e-08 -5.732593e-04
4.993000e-08 -5.732734e-04
4.994000e-08 -5.732875e-04
4.995000e-08 -5.733017e-04
4.996000e-08 -5.733158e-04
4.997000e-08 -5.733300e-04
4.998000e-08 -5.733442e-04
4.999000e-08 -5.733583e-04
5.000000e-08 -5.733725e-04
5.001000e-08 -5.733865e-04
5.002000e-08 -5.734007e-04
5.003000e-08 -5.734148e-04
5.004000e-08 -5.734290e-04
5.005000e-08 -5.734432e-04
5.006000e-08 -5.734573e-04
5.007000e-08 -5.734715e-04
5.008000e-08 -5.734856e-04
5.009000e-08 -5.734998e-04
5.010000e-08 -5.735138e-04
5.011000e-08 1.462057e-01
5.012000e-08 2.722354e-01
5.013000e-08 3.913484e-01
5.014000e-08 5.104615e-01
5.015000e-08 6.499912e-01
5.016000e-08 7.970473e-01
5.017000e-08 8.455928e-01
5.018000e-08 8.570717e-01
5.019000e-08 8.589110e-01
5.020000e-08 8.607463e-01
5.021000e-08 7.586683e-01
5.022000e-08 7.121016e-01
5.023000e-08 6.763352e-01
5.024000e-08 6.435240e-01
5.025000e-08 6.085512e-01
5.026000e-08 5.734134e-01
5.027000e-08 5.296986e-01
5.028000e-08 4.375352e-01
5.029000e-08 2.873550e-01
5.030000e-08 1.371746e-01
5.031000e-08 -1.360884e-02
5.032000e-08 -1.668757e-01
5.033000e-08 -3.201426e-01
5.034000e-08 -4.606448e-01
5.035000e-08 -5.966495e-01
5.036000e-08 -7.078313e-01
5.037000e-08 -7.964982e-01
5.038000e-08 -8.622143e-01
5.039000e-08 -9.057760e-01
5.040000e-08 -9.400752e-01
5.041000e-08 -9.648595e-01
5.042000e-08 -9.896440e-01
5.043000e-08 -1.014040e+00
5.044000e-08 -1.029668e+00
5.045000e-08 -1.045296e+00
5.046000e-08 -1.060923e+00
5.047000e-08 -1.076066e+00
5.048000e-08 -1.087477e+00
5.049000e-08 -1.098888e+00
5.050000e-08 -1.110299e+00
5.051000e-08 -1.121710e+00
5.052000e-08 -1.131371e+00
5.053000e-08 -1.139676e+00
5.054000e-08 -1.147982e+00
5.055000e-08 -1.156287e+00
5.056000e-08 -1.164593e+00
5.057000e-08 -1.172898e+00
5.058000e-08 -1.181204e+00
5.059000e-08 -1.189510e+00
5.060000e-08 -1.197094e+00
5.061000e-08 -1.202880e+00
5.062000e-08 -1.208640e+00
5.063000e-08 -1.214400e+00
5.064000e-08 -1.220160e+00
5.065000e-08 -1.225920e+00
5.066000e-08 -1.231680e+00
5.067000e-08 -1.237440e+00
5.068000e-08 -1.243200e+00
5.069000e-08 -1.248960e+00
5.070000e-08 -1.254720e+00
5.071000e-08 -1.260480e+00
5.072000e-08 -1.265160e+00
5.073000e-08 -1.269000e+00
5.074000e-08 -1.272840e+00
5.075000e-08 -1.276680e+00
5.076000e-08 -1.280520e+00
5.077000e-08 -1.284240e+00
5.078000e-08 -1.288080e+00
5.079000e-08 -1.291920e+00
5.080000e-08 -1.295760e+00
5.081000e-08 -1.299600e+00
5.082000e-08 -1.303320e+00
5.083000e-08 -1.307160e+00
5.084000e-08 -1.311000e+00
5.085000e-08 -1.314840e+00
5.086000e-08 -1.318680e+00
5.087000e-08 -1.322520e+00
5.088000e-08 -1.325280e+00
5.089000e-08 -1.327560e+00
5.090000e-08 -1.329840e+00
5.091000e-08 -1.332240e+00
5.092000e-08 -1.334520e+00
5.093000e-08 -1.336920e+00
5.094000e-08 -1.339200e+00
5.095000e-08 -1.341480e+00
5.096000e-08 -1.343880e+00
5.097000e-08 -1.346160e+00
5.098000e-08 -1.348440e+00
5.099000e-08 -1.350840e+00
5.100000e-08 -1.353120e+00
5.101000e-08 -1.355520e+00
5.102000e-08 -1.357800e+00
5.103000e-08 -1.360080e+00
5.104000e-08 -1.362480e+00
5.105000e-08 -1.364760e+00
5.106000e-08 -1.367040e+00
5.107000e-08 -1.369440e+00
5.108000e-08 -1.371720e+00
5.109000e-08 -1.373280e+00
5.110000e-08 -1.374600e+00
5.111000e-08 -1.375800e+00
5.112000e-08 -1.377120e+00
5.113000e-08 -1.378320e+00
5.114000e-08 -1.379640e+00
5.115000e-08 -1.380840e+00
5.116000e-08 -1.382160e+00
5.117000e-08 -1.383360e+00
5.118000e-08 -1.384680e+00
5.119000e-08 -1.385880e+00
5.120000e-08 -1.387200e+00
5.121000e-08 -1.388400e+00
5.122000e-08 -1.389720e+00
5.123000e-08 -1.390920e+00
5.124000e-08 -1.392240e+00
5.125000e-08 -1.393560e+00
5.126000e-08 -1.394760e+00
5.127000e-08 -1.396080e+00
5.128000e-08 -1.397280e+00
5.129000e-08 -1.398600e+00
5.130000e-08 -1.399800e+00
5.131000e-08 -1.401120e+00
5.132000e-08 -1.402320e+00
5.133000e-08 -1.403640e+00
5.134000e-08 -1.404840e+00
5.135000e-08 -1.405920e+00
5.136000e-08 -1.406520e+00
5.137000e-08 -1.407120e+00
5.138000e-08 -1.407720e+00
5.139000e-08 -1.408320e+00
5.140000e-08 -1.408920e+00
5.141000e-08 -1.409520e+00
5.142000e-08 -1.410120e+00
5.143000e-08 -1.410720e+00
5.144000e-08 -1.411320e+00
5.145000e-08 -1.411920e+00
5.146000e-08 -1.412520e+00
5.147000e-08 -1.413120e+00
5.148000e-08 -1.413720e+00
5.149000e-08 -1.414320e+00
5.150000e-08 -1.414920e+00
5.151000e-08 -1.415520e+00
5.152000e-08 -1.416120e+00
5.153000e-08 -1.416720e+00
5.154000e-08 -1.417320e+00
5.155000e-08 -1.418040e+00
5.156000e-08 -1.418640e+00
5.157000e-08 -1.419240e+00
5.158000e-08 -1.419840e+00
5.159000e-08 -1.420440e+00
5.160000e-08 -1.421040e+00
5.161000e-08 -1.421640e+00
5.162000e-08 -1.422240e+00
5.163000e-08 -1.422840e+00
5.164000e-08 -1.423440e+00
5.165000e-08 -1.424040e+00
5.166000e-08 -1.424640e+00
5.167000e-08 -1.425000e+00
5.168000e-08 -1.425240e+00
5.169000e-08 -1.425480e+00
5.170000e-08 -1.425720e+00
5.171000e-08 -1.425960e+00
5.172000e-08 -1.426200e+00
5.173000e-08 -1.426560e+00
5.174000e-08 -1.426800e+00
5.175000e-08 -1.427040e+00
5.176000e-08 -1.427280e+00
5.177000e-08 -1.427520e+00
5.178000e-08 -1.427760e+00
5.179000e-08 -1.428000e+00
5.180000e-08 -1.428240e+00
5.181000e-08 -1.428480e+00
5.182000e-08 -1.428720e+00
5.183000e-08 -1.428960e+00
5.184000e-08 -1.429200e+00
5.185000e-08 -1.429560e+00
5.186000e-08 -1.429800e+00
5.187000e-08 -1.430040e+00
5.188000e-08 -1.430280e+00
5.189000e-08 -1.430520e+00
5.190000e-08 -1.430760e+00
5.191000e-08 -1.431000e+00
5.192000e-08 -1.431240e+00
5.193000e-08 -1.431480e+00
5.194000e-08 -1.431720e+00
5.195000e-08 -1.431960e+00
5.196000e-08 -1.432200e+00
5.197000e-08 -1.432560e+00
5.198000e-08 -1.432800e+00
5.199000e-08 -1.433040e+00
5.200000e-08 -1.433280e+00
5.201000e-08 -1.433520e+00
5.202000e-08 -1.433760e+00
5.203000e-08 -1.434000e+00
5.204000e-08 -1.434240e+00
5.205000e-08 -1.434360e+00
5.206000e-08 -1.434480e+00
5.207000e-08 -1.434600e+00
5.208000e-08 -1.434720e+00
5.209000e-08 -1.434720e+00
5.210000e-08 -1.434840e+00
5.211000e-08 -1.434960e+00
5.212000e-08 -1.434960e+00
5.213000e-08 -1.435080e+00
5.214000e-08 -1.435200e+00
5.215000e-08 -1.435320e+00
5.216000e-08 -1.435320e+00
5.217000e-08 -1.435440e+00
5.218000e-08 -1.435560e+00
5.219000e-08 -1.435560e+00
5.220000e-08 -1.435680e+00
5.221000e-08 -1.435800e+00
5.222000e-08 -1.435920e+00
5.223000e-08 -1.435920e+00
5.224000e-08 -1.436040e+00
5.225000e-08 -1.436160e+00
5.226000e-08 -1.436160e+00
5.227000e-08 -1.436280e+00
5.228000e-08 -1.436400e+00
5.229000e-08 -1.436520e+00
5.230000e-08 -1.436520e+00
5.231000e-08 -1.436640e+00
5.232000e-08 -1.436760e+00
5.233000e-08 -1.436760e+00
5.234000e-08 -1.436880e+00
5.235000e-08 -1.437000e+00
5.236000e-08 -1.437000e+00
5.237000e-08 -1.437120e+00
5.238000e-08 -1.437240e+00
5.239000e-08 -1.437360e+00
5.240000e-08 -1.437360e+00
5.241000e-08 -1.437480e+00
5.242000e-08 -1.437600e+00
5.243000e-08 -1.437600e+00
5.244000e-08 -1.437720e+00
5.245000e-08 -1.437840e+00
5.246000e-08 -1.437960e+00
5.247000e-08 -1.437960e+00
5.248000e-08 -1.438080e+00
5.249000e-08 -1.438200e+00
5.250000e-08 -1.438200e+00
5.251000e-08 -1.438320e+00
5.252000e-08 -1.438320e+00
5.253000e-08 -1.438440e+00
5.254000e-08 -1.438440e+00
5.255000e-08 -1.438440e+00
5.256000e-08 -1.438440e+00
5.257000e-08 -1.438440e+00
5.258000e-08 -1.438440e+00
5.259000e-08 -1.438560e+00
5.260000e-08 -1.438560e+00
5.261000e-08 -1.438560e+00
5.262000e-08 -1.438560e+00
5.263000e-08 -1.438560e+00
5.264000e-08 -1.438680e+00
5.265000e-08 -1.438680e+00
5.266000e-08 -1.438680e+00
5.267000e-08 -1.438680e+00
5.268000e-08 -1.438680e+00
5.269000e-08 -1.438680e+00
5.270000e-08 -1.438800e+00
5.271000e-08 -1.438800e+00
5.272000e-08 -1.438800e+00
5.273000e-08 -1.438800e+00
5.274000e-08 -1.438800e+00
5.275000e-08 -1.438920e+00
5.276000e-08 -1.438920e+00
5.277000e-08 -1.438920e+00
5.278000e-08 -1.438920e+00
5.279000e-08 -1.438920e+00
5.280000e-08 -1.439040e+00
5.281000e-08 -1.439040e+00
5.282000e-08 -1.439040e+00
5.283000e-08 -1.439040e+00
5.284000e-08 -1.439040e+00
5.285000e-08 -1.439040e+00
5.286000e-08 -1.439160e+00
5.287000e-08 -1.439160e+00
5.288000e-08 -1.439160e+00
5.289000e-08 -1.439160e+00
5.290000e-08 -1.439160e+00
5.291000e-08 -1.439280e+00
5.292000e-08 -1.439280e+00
5.293000e-08 -1.439280e+00
5.294000e-08 -1.439280e+00
5.295000e-08 -1.439280e+00
5.296000e-08 -1.439400e+00
5.297000e-08 -1.439400e+00
5.298000e-08 -1.439400e+00
5.299000e-08 -1.439400e+00
5.300000e-08 -1.439400e+00
5.301000e-08 -1.439400e+00
5.302000e-08 -1.439520e+00
5.303000e-08 -1.439520e+00
5.304000e-08 -1.439520e+00
5.305000e-08 -1.439520e+00
5.306000e-08 -1.439520e+00
5.307000e-08 -1.439640e+00
5.308000e-08 -1.439640e+00
5.309000e-08 -1.439640e+00
5.310000e-08 -1.439640e+00
5.311000e-08 -1.439640e+00
5.312000e-08 -1.439640e+00
5.313000e-08 -1.439640e+00
5.314000e-08 -1.439640e+00
5.315000e-08 -1.439640e+00
5.316000e-08 -1.439640e+00
5.317000e-08 -1.439640e+00
5.318000e-08 -1.439640e+00
5.319000e-08 -1.439640e+00
5.320000e-08 -1.439640e+00
5.321000e-08 -1.439640e+00
5.322000e-08 -1.439640e+00
5.323000e-08 -1.439640e+00
5.324000e-08 -1.439640e+00
5.325000e-08 -1.439640e+00
5.326000e-08 -1.439760e+00
5.327000e-08 -1.439760e+00
5.328000e-08 -1.439760e+00
5.329000e-08 -1.439760e+00
5.330000e-08 -1.439760e+00
5.331000e-08 -1.439760e+00
5.332000e-08 -1.439760e+00
5.333000e-08 -1.439760e+00
5.334000e-08 -1.439760e+00
5.335000e-08 -1.439760e+00
5.336000e-08 -1.439760e+00
5.337000e-08 -1.439760e+00
5.338000e-08 -1.439760e+00
5.339000e-08 -1.439760e+00
5.340000e-08 -1.439760e+00
5.341000e-08 -1.439760e+00
5.342000e-08 -1.439760e+00
5.343000e-08 -1.439760e+00
5.344000e-08 -1.439760e+00
5.345000e-08 -1.439760e+00
5.346000e-08 -1.439760e+00
5.347000e-08 -1.439760e+00
5.348000e-08 -1.439760e+00
5.349000e-08 -1.439760e+00
5.350000e-08 -1.439760e+00
5.351000e-08 -1.439760e+00
5.352000e-08 -1.439760e+00
5.353000e-08 -1.439760e+00
5.354000e-08 -1.439760e+00
5.355000e-08 -1.439760e+00
5.356000e-08 -1.439760e+00
5.357000e-08 -1.439760e+00
5.358000e-08 -1.439760e+00
5.359000e-08 -1.439760e+00
5.360000e-08 -1.439760e+00
5.361000e-08 -1.439880e+00
5.362000e-08 -1.439880e+00
5.363000e-08 -1.439880e+00
5.364000e-08 -1.439880e+00
5.365000e-08 -1.439880e+00
5.366000e-08 -1.439880e+00
5.367000e-08 -1.439880e+00
5.368000e-08 -1.439880e+00
5.369000e-08 -1.439880e+00
5.370000e-08 -1.439880e+00
5.371000e-08 -1.439880e+00
5.372000e-08 -1.439880e+00
5.373000e-08 -1.439880e+00
5.374000e-08 -1.439880e+00
5.375000e-08 -1.439880e+00
5.376000e-08 -1.439880e+00
5.377000e-08 -1.439880e+00
5.378000e-08 -1.439880e+00
5.379000e-08 -1.439880e+00
5.380000e-08 -1.439880e+00
5.381000e-08 -1.439880e+00
5.382000e-08 -1.439880e+00
5.383000e-08 -1.439880e+00
5.384000e-08 -1.439880e+00
5.385000e-08 -1.439880e+00
5.386000e-08 -1.439880e+00
5.387000e-08 -1.439880e+00
5.388000e-08 -1.439880e+00
5.389000e-08 -1.439880e+00
5.390000e-08 -1.439880e+00
5.391000e-08 -1.439880e+00
5.392000e-08 -1.439880e+00
5.393000e-08 -1.439880e+00
5.394000e-08 -1.439880e+00
5.395000e-08 -1.439880e+00
5.396000e-08 -1.439880e+00
5.397000e-08 -1.439880e+00
5.398000e-08 -1.439880e+00
5.399000e-08 -1.439880e+00
5.400000e-08 -1.439880e+00
5.401000e-08 -1.439880e+00
5.402000e-08 -1.439880e+00
5.403000e-08 -1.439880e+00
5.404000e-08 -1.439880e+00
5.405000e-08 -1.439880e+00
5.406000e-08 -1.439880e+00
5.407000e-08 -1.439880e+00
5.408000e-08 -1.439880e+00
5.409000e-08 -1.439880e+00
5.410000e-08 -1.439880e+00
5.411000e-08 -1.439880e+00
5.412000e-08 -1.439880e+00
5.413000e-08 -1.439880e+00
5.414000e-08 -1.439880e+00
5.415000e-08 -1.439880e+00
5.416000e-08 -1.439880e+00
5.417000e-08 -1.439880e+00
5.418000e-08 -1.439880e+00
5.419000e-08 -1.439880e+00
5.420000e-08 -1.439880e+00
5.421000e-08 -1.439880e+00
5.422000e-08 -1.439880e+00
5.423000e-08 -1.439880e+00
5.424000e-08 -1.439880e+00
5.425000e-08 -1.439880e+00
5.426000e-08 -1.439880e+00
5.427000e-08 -1.439880e+00
5.428000e-08 -1.439880e+00
5.429000e-08 -1.439880e+00
5.430000e-08 -1.439880e+00
5.431000e-08 -1.439880e+00
5.432000e-08 -1.439880e+00
5.433000e-08 -1.439880e+00
5.434000e-08 -1.439880e+00
5.435000e-08 -1.439880e+00
5.436000e-08 -1.439880e+00
5.437000e-08 -1.439880e+00
5.438000e-08 -1.439880e+00
5.439000e-08 -1.439880e+00
5.440000e-08 -1.439880e+00
5.441000e-08 -1.439880e+00
5.442000e-08 -1.439880e+00
5.443000e-08 -1.439880e+00
5.444000e-08 -1.439880e+00
5.445000e-08 -1.439880e+00
5.446000e-08 -1.439880e+00
5.447000e-08 -1.439880e+00
5.448000e-08 -1.439880e+00
5.449000e-08 -1.439880e+00
5.450000e-08 -1.439880e+00
5.451000e-08 -1.439880e+00
5.452000e-08 -1.439880e+00
5.453000e-08 -1.439880e+00
5.454000e-08 -1.440000e+00
5.455000e-08 -1.440000e+00
5.456000e-08 -1.440000e+00
5.457000e-08 -1.440000e+00
5.458000e-08 -1.440000e+00
5.459000e-08 -1.440000e+00
5.460000e-08 -1.440000e+00
5.461000e-08 -1.440000e+00
5.462000e-08 -1.440000e+00
5.463000e-08 -1.440000e+00
5.464000e-08 -1.440000e+00
5.465000e-08 -1.440000e+00
5.466000e-08 -1.440000e+00
5.467000e-08 -1.440000e+00
5.468000e-08 -1.440000e+00
5.469000e-08 -1.440000e+00
5.470000e-08 -1.440000e+00
5.471000e-08 -1.440000e+00
5.472000e-08 -1.440000e+00
5.473000e-08 -1.440000e+00
5.474000e-08 -1.440000e+00
5.475000e-08 -1.440000e+00
5.476000e-08 -1.440000e+00
5.477000e-08 -1.440000e+00
5.478000e-08 -1.440000e+00
5.479000e-08 -1.440000e+00
5.480000e-08 -1.440000e+00
5.481000e-08 -1.440000e+00
5.482000e-08 -1.440000e+00
5.483000e-08 -1.440000e+00
5.484000e-08 -1.440000e+00
5.485000e-08 -1.440000e+00
5.486000e-08 -1.440000e+00
5.487000e-08 -1.440000e+00
5.488000e-08 -1.440000e+00
5.489000e-08 -1.440000e+00
5.490000e-08 -1.440000e+00
5.491000e-08 -1.440000e+00
5.492000e-08 -1.440000e+00
5.493000e-08 -1.440000e+00
5.494000e-08 -1.440000e+00
5.495000e-08 -1.440000e+00
5.496000e-08 -1.440000e+00
5.497000e-08 -1.440000e+00
5.498000e-08 -1.440000e+00
5.499000e-08 -1.440000e+00
5.500000e-08 -1.440000e+00
5.501000e-08 -1.440000e+00
5.502000e-08 -1.440000e+00
5.503000e-08 -1.440000e+00
5.504000e-08 -1.440000e+00
5.505000e-08 -1.440000e+00
5.506000e-08 -1.440000e+00
5.507000e-08 -1.440000e+00
5.508000e-08 -1.440000e+00
5.509000e-08 -1.440000e+00
5.510000e-08 -1.440000e+00
5.511000e-08 -1.440000e+00
5.512000e-08 -1.440000e+00
5.513000e-08 -1.440000e+00
5.514000e-08 -1.440000e+00
5.515000e-08 -1.440000e+00
5.516000e-08 -1.440000e+00
5.517000e-08 -1.440000e+00
5.518000e-08 -1.440000e+00
5.519000e-08 -1.440000e+00
5.520000e-08 -1.440000e+00
5.521000e-08 -1.440000e+00
5.522000e-08 -1.440000e+00
5.523000e-08 -1.440000e+00
5.524000e-08 -1.440000e+00
5.525000e-08 -1.440000e+00
5.526000e-08 -1.440000e+00
5.527000e-08 -1.440000e+00
5.528000e-08 -1.440000e+00
5.529000e-08 -1.440000e+00
5.530000e-08 -1.440000e+00
5.531000e-08 -1.440000e+00
5.532000e-08 -1.440000e+00
5.533000e-08 -1.440000e+00
5.534000e-08 -1.440000e+00
5.535000e-08 -1.440000e+00
5.536000e-08 -1.440000e+00
5.537000e-08 -1.440000e+00
5.538000e-08 -1.440000e+00
5.539000e-08 -1.440000e+00
5.540000e-08 -1.440000e+00
5.541000e-08 -1.440000e+00
5.542000e-08 -1.440000e+00
5.543000e-08 -1.440000e+00
5.544000e-08 -1.440000e+00
5.545000e-08 -1.440000e+00
5.546000e-08 -1.440000e+00
5.547000e-08 -1.440000e+00
5.548000e-08 -1.440000e+00
5.549000e-08 -1.440000e+00
5.550000e-08 -1.440000e+00
5.551000e-08 -1.440000e+00
5.552000e-08 -1.440000e+00
5.553000e-08 -1.440000e+00
5.554000e-08 -1.440000e+00
5.555000e-08 -1.440000e+00
5.556000e-08 -1.440000e+00
5.557000e-08 -1.440000e+00
5.558000e-08 -1.440000e+00
5.559000e-08 -1.440000e+00
5.560000e-08 -1.440000e+00
5.561000e-08 -1.440000e+00
5.562000e-08 -1.440000e+00
5.563000e-08 -1.440000e+00
5.564000e-08 -1.440000e+00
5.565000e-08 -1.440000e+00
5.566000e-08 -1.440000e+00
5.567000e-08 -1.440000e+00
5.568000e-08 -1.440000e+00
5.569000e-08 -1.440000e+00
5.570000e-08 -1.440000e+00
5.571000e-08 -1.440000e+00
5.572000e-08 -1.440000e+00
5.573000e-08 -1.440000e+00
5.574000e-08 -1.440000e+00
5.575000e-08 -1.440000e+00
5.576000e-08 -1.440000e+00
5.577000e-08 -1.440000e+00
5.578000e-08 -1.440000e+00
5.579000e-08 -1.440000e+00
5.580000e-08 -1.440000e+00
5.581000e-08 -1.440000e+00
5.582000e-08 -1.440000e+00
5.583000e-08 -1.440000e+00
5.584000e-08 -1.440000e+00
5.585000e-08 -1.440000e+00
5.586000e-08 -1.440000e+00
5.587000e-08 -1.440000e+00
5.588000e-08 -1.440000e+00
5.589000e-08 -1.440000e+00
5.590000e-08 -1.440000e+00
5.591000e-08 -1.440000e+00
5.592000e-08 -1.440000e+00
5.593000e-08 -1.440000e+00
5.594000e-08 -1.440000e+00
5.595000e-08 -1.440000e+00
5.596000e-08 -1.440000e+00
5.597000e-08 -1.440000e+00
5.598000e-08 -1.440000e+00
5.599000e-08 -1.440000e+00
5.600000e-08 -1.440000e+00
5.601000e-08 -1.440000e+00
5.602000e-08 -1.440000e+00
5.603000e-08 -1.440000e+00
5.604000e-08 -1.440000e+00
5.605000e-08 -1.440000e+00
5.606000e-08 -1.440000e+00
5.607000e-08 -1.440000e+00
5.608000e-08 -1.440000e+00
5.609000e-08 -1.440000e+00
5.610000e-08 -1.440000e+00
5.611000e-08 -1.440000e+00
5.612000e-08 -1.440000e+00
5.613000e-08 -1.440000e+00
5.614000e-08 -1.440000e+00
5.615000e-08 -1.440000e+00
5.616000e-08 -1.440000e+00
5.617000e-08 -1.440000e+00
5.618000e-08 -1.440000e+00
5.619000e-08 -1.440000e+00
5.620000e-08 -1.440000e+00
5.621000e-08 -1.440000e+00
5.622000e-08 -1.440000e+00
5.623000e-08 -1.440000e+00
5.624000e-08 -1.440000e+00
5.625000e-08 -1.440000e+00
5.626000e-08 -1.440000e+00
5.627000e-08 -1.440000e+00
5.628000e-08 -1.440000e+00
5.629000e-08 -1.440000e+00
5.630000e-08 -1.440000e+00
5.631000e-08 -1.440000e+00
5.632000e-08 -1.440000e+00
5.633000e-08 -1.440000e+00
5.634000e-08 -1.440000e+00
5.635000e-08 -1.440000e+00
5.636000e-08 -1.440000e+00
5.637000e-08 -1.440000e+00
5.638000e-08 -1.440000e+00
5.639000e-08 -1.440000e+00
5.640000e-08 -1.440000e+00
5.641000e-08 -1.440000e+00
5.642000e-08 -1.440000e+00
5.643000e-08 -1.440000e+00
5.644000e-08 -1.440000e+00
5.645000e-08 -1.440000e+00
5.646000e-08 -1.440000e+00
5.647000e-08 -1.440000e+00
5.648000e-08 -1.440000e+00
5.649000e-08 -1.440000e+00
5.650000e-08 -1.440000e+00
5.651000e-08 -1.440000e+00
5.652000e-08 -1.440000e+00
5.653000e-08 -1.440000e+00
5.654000e-08 -1.440000e+00
5.655000e-08 -1.440000e+00
5.656000e-08 -1.440000e+00
5.657000e-08 -1.440000e+00
5.658000e-08 -1.440000e+00
5.659000e-08 -1.440000e+00
5.660000e-08 -1.440000e+00
5.661000e-08 -1.440000e+00
5.662000e-08 -1.440000e+00
5.663000e-08 -1.440000e+00
5.664000e-08 -1.440000e+00
5.665000e-08 -1.440000e+00
5.666000e-08 -1.440000e+00
5.667000e-08 -1.440000e+00
5.668000e-08 -1.440000e+00
5.669000e-08 -1.440000e+00
5.670000e-08 -1.440000e+00
5.671000e-08 -1.440000e+00
5.672000e-08 -1.440000e+00
5.673000e-08 -1.440000e+00
5.674000e-08 -1.440000e+00
5.675000e-08 -1.440000e+00
5.676000e-08 -1.440000e+00
5.677000e-08 -1.440000e+00
5.678000e-08 -1.440000e+00
5.679000e-08 -1.440000e+00
5.680000e-08 -1.440000e+00
5.681000e-08 -1.440000e+00
5.682000e-08 -1.440000e+00
5.683000e-08 -1.440000e+00
5.684000e-08 -1.440000e+00
5.685000e-08 -1.440000e+00
5.686000e-08 -1.440000e+00
5.687000e-08 -1.440000e+00
5.688000e-08 -1.440000e+00
5.689000e-08 -1.440000e+00
5.690000e-08 -1.440000e+00
5.691000e-08 -1.440000e+00
5.692000e-08 -1.440000e+00
5.693000e-08 -1.440000e+00
5.694000e-08 -1.440000e+00
5.695000e-08 -1.440000e+00
5.696000e-08 -1.440000e+00
5.697000e-08 -1.440000e+00
5.698000e-08 -1.440000e+00
5.699000e-08 -1.440000e+00
5.700000e-08 -1.440000e+00
5.701000e-08 -1.440000e+00
5.702000e-08 -1.440000e+00
5.703000e-08 -1.440000e+00
5.704000e-08 -1.440000e+00
5.705000e-08 -1.440000e+00
5.706000e-08 -1.440000e+00
5.707000e-08 -1.440000e+00
5.708000e-08 -1.440000e+00
5.709000e-08 -1.440000e+00
5.710000e-08 -1.440000e+00
5.711000e-08 -1.440000e+00
5.712000e-08 -1.440000e+00
5.713000e-08 -1.440000e+00
5.714000e-08 -1.440000e+00
5.715000e-08 -1.440000e+00
5.716000e-08 -1.440000e+00
5.717000e-08 -1.440000e+00
5.718000e-08 -1.440000e+00
5.719000e-08 -1.440000e+00
5.720000e-08 -1.440000e+00
5.721000e-08 -1.440000e+00
5.722000e-08 -1.440000e+00
5.723000e-08 -1.440000e+00
5.724000e-08 -1.440000e+00
5.725000e-08 -1.440000e+00
5.726000e-08 -1.440000e+00
5.727000e-08 -1.440000e+00
5.728000e-08 -1.440000e+00
5.729000e-08 -1.440000e+00
5.730000e-08 -1.440000e+00
5.731000e-08 -1.440000e+00
5.732000e-08 -1.440000e+00
5.733000e-08 -1.440000e+00
5.734000e-08 -1.440000e+00
5.735000e-08 -1.440000e+00
5.736000e-08 -1.440000e+00
5.737000e-08 -1.440000e+00
5.738000e-08 -1.440000e+00
5.739000e-08 -1.440000e+00
5.740000e-08 -1.440000e+00
5.741000e-08 -1.440000e+00
5.742000e-08 -1.440000e+00
5.743000e-08 -1.440000e+00
5.744000e-08 -1.440000e+00
5.745000e-08 -1.440000e+00
5.746000e-08 -1.440000e+00
5.747000e-08 -1.440000e+00
5.748000e-08 -1.440000e+00
5.749000e-08 -1.440000e+00
5.750000e-08 -1.440000e+00
5.751000e-08 -1.440000e+00
5.752000e-08 -1.440000e+00
5.753000e-08 -1.440000e+00
5.754000e-08 -1.440000e+00
5.755000e-08 -1.440000e+00
5.756000e-08 -1.440000e+00
5.757000e-08 -1.440000e+00
5.758000e-08 -1.440000e+00
5.759000e-08 -1.440000e+00
5.760000e-08 -1.440000e+00
5.761000e-08 -1.440000e+00
5.762000e-08 -1.440000e+00
5.763000e-08 -1.440000e+00
5.764000e-08 -1.440000e+00
5.765000e-08 -1.440000e+00
5.766000e-08 -1.440000e+00
5.767000e-08 -1.440000e+00
5.768000e-08 -1.440000e+00
5.769000e-08 -1.440000e+00
5.770000e-08 -1.440000e+00
5.771000e-08 -1.440000e+00
5.772000e-08 -1.440000e+00
5.773000e-08 -1.440000e+00
5.774000e-08 -1.440000e+00
5.775000e-08 -1.440000e+00
5.776000e-08 -1.440000e+00
5.777000e-08 -1.440000e+00
5.778000e-08 -1.440000e+00
5.779000e-08 -1.440000e+00
5.780000e-08 -1.440000e+00
5.781000e-08 -1.440000e+00
5.782000e-08 -1.440000e+00
5.783000e-08 -1.440000e+00
5.784000e-08 -1.440000e+00
5.785000e-08 -1.440000e+00
5.786000e-08 -1.440000e+00
5.787000e-08 -1.440000e+00
5.788000e-08 -1.440000e+00
5.789000e-08 -1.440000e+00
5.790000e-08 -1.440000e+00
5.791000e-08 -1.440000e+00
5.792000e-08 -1.440000e+00
5.793000e-08 -1.440000e+00
5.794000e-08 -1.440000e+00
5.795000e-08 -1.440000e+00
5.796000e-08 -1.440000e+00
5.797000e-08 -1.440000e+00
5.798000e-08 -1.440000e+00
5.799000e-08 -1.440000e+00
5.800000e-08 -1.440000e+00
5.801000e-08 -1.440000e+00
5.802000e-08 -1.440000e+00
5.803000e-08 -1.440000e+00
5.804000e-08 -1.440000e+00
5.805000e-08 -1.440000e+00
5.806000e-08 -1.440000e+00
5.807000e-08 -1.440000e+00
5.808000e-08 -1.440000e+00
5.809000e-08 -1.440000e+00
5.810000e-08 -1.440000e+00
5.811000e-08 -1.440000e+00
5.812000e-08 -1.440000e+00
5.813000e-08 -1.440000e+00
5.814000e-08 -1.440000e+00
5.815000e-08 -1.440000e+00
5.816000e-08 -1.440000e+00
5.817000e-08 -1.440000e+00
5.818000e-08 -1.440000e+00
5.819000e-08 -1.440000e+00
5.820000e-08 -1.440000e+00
5.821000e-08 -1.440000e+00
5.822000e-08 -1.440000e+00
5.823000e-08 -1.440000e+00
5.824000e-08 -1.440000e+00
5.825000e-08 -1.440000e+00
5.826000e-08 -1.440000e+00
5.827000e-08 -1.440000e+00
5.828000e-08 -1.440000e+00
5.829000e-08 -1.440000e+00
5.830000e-08 -1.440000e+00
5.831000e-08 -1.440000e+00
5.832000e-08 -1.440000e+00
5.833000e-08 -1.440000e+00
5.834000e-08 -1.440000e+00
5.835000e-08 -1.440000e+00
5.836000e-08 -1.440000e+00
5.837000e-08 -1.440000e+00
5.838000e-08 -1.440000e+00
5.839000e-08 -1.440000e+00
5.840000e-08 -1.440000e+00
5.841000e-08 -1.440000e+00
5.842000e-08 -1.440000e+00
5.843000e-08 -1.440000e+00
5.844000e-08 -1.440000e+00
5.845000e-08 -1.440000e+00
5.846000e-08 -1.440000e+00
5.847000e-08 -1.440000e+00
5.848000e-08 -1.440000e+00
5.849000e-08 -1.440000e+00
5.850000e-08 -1.440000e+00
5.851000e-08 -1.440000e+00
5.852000e-08 -1.440000e+00
5.853000e-08 -1.440000e+00
5.854000e-08 -1.440000e+00
5.855000e-08 -1.440000e+00
5.856000e-08 -1.440000e+00
5.857000e-08 -1.440000e+00
5.858000e-08 -1.440000e+00
5.859000e-08 -1.440000e+00
5.860000e-08 -1.440000e+00
5.861000e-08 -1.440000e+00
5.862000e-08 -1.440000e+00
5.863000e-08 -1.440000e+00
5.864000e-08 -1.440000e+00
5.865000e-08 -1.440000e+00
5.866000e-08 -1.440000e+00
5.867000e-08 -1.440000e+00
5.868000e-08 -1.440000e+00
5.869000e-08 -1.440000e+00
5.870000e-08 -1.440000e+00
5.871000e-08 -1.440000e+00
5.872000e-08 -1.440000e+00
5.873000e-08 -1.440000e+00
5.874000e-08 -1.440000e+00
5.875000e-08 -1.440000e+00
5.876000e-08 -1.440000e+00
5.877000e-08 -1.440000e+00
5.878000e-08 -1.440000e+00
5.879000e-08 -1.440000e+00
5.880000e-08 -1.440000e+00
5.881000e-08 -1.440000e+00
5.882000e-08 -1.440000e+00
5.883000e-08 -1.440000e+00
5.884000e-08 -1.440000e+00
5.885000e-08 -1.440000e+00
5.886000e-08 -1.440000e+00
5.887000e-08 -1.440000e+00
5.888000e-08 -1.440000e+00
5.889000e-08 -1.440000e+00
5.890000e-08 -1.440000e+00
5.891000e-08 -1.440000e+00
5.892000e-08 -1.440000e+00
5.893000e-08 -1.440000e+00
5.894000e-08 -1.440000e+00
5.895000e-08 -1.440000e+00
5.896000e-08 -1.440000e+00
5.897000e-08 -1.440000e+00
5.898000e-08 -1.440000e+00
5.899000e-08 -1.440000e+00
5.900000e-08 -1.440000e+00
5.901000e-08 -1.440000e+00
5.902000e-08 -1.440000e+00
5.903000e-08 -1.440000e+00
5.904000e-08 -1.440000e+00
5.905000e-08 -1.440000e+00
5.906000e-08 -1.440000e+00
5.907000e-08 -1.440000e+00
5.908000e-08 -1.440000e+00
5.909000e-08 -1.440000e+00
5.910000e-08 -1.440000e+00
5.911000e-08 -1.440000e+00
5.912000e-08 -1.440000e+00
5.913000e-08 -1.440000e+00
5.914000e-08 -1.440000e+00
5.915000e-08 -1.440000e+00
5.916000e-08 -1.440000e+00
5.917000e-08 -1.440000e+00
5.918000e-08 -1.440000e+00
5.919000e-08 -1.440000e+00
5.920000e-08 -1.440000e+00
5.921000e-08 -1.440000e+00
5.922000e-08 -1.440000e+00
5.923000e-08 -1.440000e+00
5.924000e-08 -1.440000e+00
5.925000e-08 -1.440000e+00
5.926000e-08 -1.440000e+00
5.927000e-08 -1.440000e+00
5.928000e-08 -1.440000e+00
5.929000e-08 -1.440000e+00
5.930000e-08 -1.440000e+00
5.931000e-08 -1.440000e+00
5.932000e-08 -1.440000e+00
5.933000e-08 -1.440000e+00
5.934000e-08 -1.440000e+00
5.935000e-08 -1.440000e+00
5.936000e-08 -1.440000e+00
5.937000e-08 -1.440000e+00
5.938000e-08 -1.440000e+00
5.939000e-08 -1.440000e+00
5.940000e-08 -1.440000e+00
5.941000e-08 -1.440000e+00
5.942000e-08 -1.440000e+00
5.943000e-08 -1.440000e+00
5.944000e-08 -1.440000e+00
5.945000e-08 -1.440000e+00
5.946000e-08 -1.440000e+00
5.947000e-08 -1.440000e+00
5.948000e-08 -1.440000e+00
5.949000e-08 -1.440000e+00
5.950000e-08 -1.440000e+00
5.951000e-08 -1.440000e+00
5.952000e-08 -1.440000e+00
5.953000e-08 -1.440000e+00
5.954000e-08 -1.440000e+00
5.955000e-08 -1.440000e+00
5.956000e-08 -1.440000e+00
5.957000e-08 -1.440000e+00
5.958000e-08 -1.440000e+00
5.959000e-08 -1.440000e+00
5.960000e-08 -1.440000e+00
5.961000e-08 -1.440000e+00
5.962000e-08 -1.440000e+00
5.963000e-08 -1.440000e+00
5.964000e-08 -1.440000e+00
5.965000e-08 -1.440000e+00
5.966000e-08 -1.440000e+00
5.967000e-08 -1.440000e+00
5.968000e-08 -1.440000e+00
5.969000e-08 -1.440000e+00
5.970000e-08 -1.440000e+00
5.971000e-08 -1.440000e+00
5.972000e-08 -1.440000e+00
5.973000e-08 -1.440000e+00
5.974000e-08 -1.440000e+00
5.975000e-08 -1.440000e+00
5.976000e-08 -1.440000e+00
5.977000e-08 -1.440000e+00
5.978000e-08 -1.440000e+00
5.979000e-08 -1.440000e+00
5.980000e-08 -1.440000e+00
5.981000e-08 -1.440000e+00
5.982000e-08 -1.440000e+00
5.983000e-08 -1.440000e+00
5.984000e-08 -1.440000e+00
5.985000e-08 -1.440000e+00
5.986000e-08 -1.440000e+00
5.987000e-08 -1.440000e+00
5.988000e-08 -1.440000e+00
5.989000e-08 -1.440000e+00
5.990000e-08 -1.440000e+00
5.991000e-08 -1.440000e+00
5.992000e-08 -1.440000e+00
5.993000e-08 -1.440000e+00
5.994000e-08 -1.440000e+00
5.995000e-08 -1.440000e+00
5.996000e-08 -1.440000e+00
5.997000e-08 -1.440000e+00
5.998000e-08 -1.440000e+00
5.999000e-08 -1.440000e+00
6.000000e-08 -1.440000e+00
6.001000e-08 -1.603080e+00
6.002000e-08 -1.747680e+00
6.003000e-08 -1.885920e+00
6.004000e-08 -2.024280e+00
6.005000e-08 -2.149680e+00
6.006000e-08 -2.253480e+00
6.007000e-08 -2.298600e+00
6.008000e-08 -2.307000e+00
6.009000e-08 -2.314560e+00
6.010000e-08 -2.310000e+00
6.011000e-08 -2.226600e+00
6.012000e-08 -2.184840e+00
6.013000e-08 -2.151240e+00
6.014000e-08 -2.121480e+00
6.015000e-08 -2.091600e+00
6.016000e-08 -2.061480e+00
6.017000e-08 -2.031360e+00
6.018000e-08 -1.997880e+00
6.019000e-08 -1.955760e+00
6.020000e-08 -1.875240e+00
6.021000e-08 -1.660200e+00
6.022000e-08 -1.379640e+00
6.023000e-08 -1.079505e+00
6.024000e-08 -7.991334e-01
6.025000e-08 -5.592768e-01
6.026000e-08 -4.278913e-01
6.027000e-08 -3.785072e-01
6.028000e-08 -3.341486e-01
6.029000e-08 -2.935992e-01
6.030000e-08 -2.626999e-01
6.031000e-08 -2.363454e-01
6.032000e-08 -2.139998e-01
6.033000e-08 -1.916543e-01
6.034000e-08 -1.755404e-01
6.035000e-08 -1.610995e-01
6.036000e-08 -1.466586e-01
6.037000e-08 -1.322177e-01
6.038000e-08 -1.177768e-01
6.039000e-08 -1.086097e-01
6.040000e-08 -1.007243e-01
6.041000e-08 -9.283884e-02
6.042000e-08 -8.495340e-02
6.043000e-08 -7.706796e-02
6.044000e-08 -6.918252e-02
6.045000e-08 -6.129708e-02
6.046000e-08 -5.578140e-02
6.047000e-08 -5.217300e-02
6.048000e-08 -4.856460e-02
6.049000e-08 -4.495620e-02
6.050000e-08 -4.134792e-02
6.051000e-08 -3.773952e-02
6.052000e-08 -3.413112e-02
6.053000e-08 -3.052272e-02
6.054000e-08 -2.691432e-02
6.055000e-08 -2.360268e-02
6.056000e-08 -2.226840e-02
6.057000e-08 -2.093412e-02
6.058000e-08 -1.959984e-02
6.059000e-08 -1.826556e-02
6.060000e-08 -1.693128e-02
6.061000e-08 -1.559700e-02
6.062000e-08 -1.426272e-02
6.063000e-08 -1.292844e-02
6.064000e-08 -1.159416e-02
6.065000e-08 -1.025988e-02
6.066000e-08 -8.925600e-03
6.067000e-08 -7.721160e-03
6.068000e-08 -7.347600e-03
6.069000e-08 -6.974040e-03
6.070000e-08 -6.600600e-03
6.071000e-08 -6.227040e-03
6.072000e-08 -5.853480e-03
6.073000e-08 -5.480040e-03
6.074000e-08 -5.106480e-03
6.075000e-08 -4.732920e-03
6.076000e-08 -4.359480e-03
6.077000e-08 -3.985920e-03
6.078000e-08 -3.612360e-03
6.079000e-08 -3.238920e-03
6.080000e-08 -2.865360e-03
6.081000e-08 -2.491800e-03
6.082000e-08 -2.118360e-03
6.083000e-08 -2.037840e-03
6.084000e-08 -1.968480e-03
6.085000e-08 -1.899000e-03
6.086000e-08 -1.829520e-03
6.087000e-08 -1.760160e-03
6.088000e-08 -1.690680e-03
6.089000e-08 -1.621200e-03
6.090000e-08 -1.551720e-03
6.091000e-08 -1.482360e-03
6.092000e-08 -1.412880e-03
6.093000e-08 -1.343400e-03
6.094000e-08 -1.274040e-03
6.095000e-08 -1.204560e-03
6.096000e-08 -1.135102e-03
6.097000e-08 -1.065657e-03
6.098000e-08 -9.962125e-04
6.099000e-08 -9.267677e-04
6.100000e-08 -8.573228e-04
6.101000e-08 -7.878780e-04
6.102000e-08 -7.288762e-04
6.103000e-08 -7.229298e-04
6.104000e-08 -7.169833e-04
6.105000e-08 -7.110370e-04
6.106000e-08 -7.050905e-04
6.107000e-08 -6.991441e-04
6.108000e-08 -6.931978e-04
6.109000e-08 -6.872513e-04
6.110000e-08 -6.813049e-04
6.111000e-08 -6.753584e-04
6.112000e-08 -6.694121e-04
6.113000e-08 -6.634657e-04
6.114000e-08 -6.575192e-04
6.115000e-08 -6.515729e-04
6.116000e-08 -6.456264e-04
6.117000e-08 -6.396800e-04
6.118000e-08 -6.337336e-04
6.119000e-08 -6.277872e-04
6.120000e-08 -6.218408e-04
6.121000e-08 -6.158944e-04
6.122000e-08 -6.099480e-04
6.123000e-08 -6.040015e-04
6.124000e-08 -5.980552e-04
6.125000e-08 -5.921088e-04
6.126000e-08 -5.861623e-04
6.127000e-08 -5.802160e-04
6.128000e-08 -5.742695e-04
6.129000e-08 -5.683231e-04
6.130000e-08 -5.664301e-04
6.131000e-08 -5.673245e-04
6.132000e-08 -5.682188e-04
6.133000e-08 -5.691132e-04
6.134000e-08 -5.700076e-04
6.135000e-08 -5.709019e-04
6.136000e-08 -5.717963e-04
6.137000e-08 -5.726906e-04
6.138000e-08 -5.735850e-04
6.139000e-08 -5.744794e-04
6.140000e-08 -5.753737e-04
6.141000e-08 -5.762681e-04
6.142000e-08 -5.771624e-04
6.143000e-08 -5.780568e-04
6.144000e-08 -5.789512e-04
6.145000e-08 -5.798455e-04
6.146000e-08 -5.807399e-04
6.147000e-08 -5.816342e-04
6.148000e-08 -5.825286e-04
6.149000e-08 -5.834230e-04
6.150000e-08 -5.843173e-04
6.151000e-08 -5.852117e-04
6.152000e-08 -5.861060e-04
6.153000e-08 -5.870004e-04
6.154000e-08 -5.878948e-04
6.155000e-08 -5.887891e-04
6.156000e-08 -5.896835e-04
6.157000e-08 -5.905778e-04
6.158000e-08 -5.914722e-04
6.159000e-08 -5.923666e-04
6.160000e-08 -5.932609e-04
6.161000e-08 -5.941553e-04
6.162000e-08 -5.950496e-04
6.163000e-08 -5.959440e-04
6.164000e-08 -5.968384e-04
6.165000e-08 -5.977327e-04
6.166000e-08 -5.986272e-04
6.167000e-08 -5.995216e-04
6.168000e-08 -6.004159e-04
6.169000e-08 -6.013103e-04
6.170000e-08 -6.022046e-04
6.171000e-08 -6.030990e-04
6.172000e-08 -6.033888e-04
6.173000e-08 -6.028109e-04
6.174000e-08 -6.022330e-04
6.175000e-08 -6.016550e-04
6.176000e-08 -6.010771e-04
6.177000e-08 -6.004992e-04
6.178000e-08 -5.999213e-04
6.179000e-08 -5.993435e-04
6.180000e-08 -5.987656e-04
6.181000e-08 -5.981876e-04
6.182000e-08 -5.976097e-04
6.183000e-08 -5.970318e-04
6.184000e-08 -5.964539e-04
6.185000e-08 -5.958760e-04
6.186000e-08 -5.952980e-04
6.187000e-08 -5.947201e-04
6.188000e-08 -5.941422e-04
6.189000e-08 -5.935643e-04
6.190000e-08 -5.929864e-04
6.191000e-08 -5.924084e-04
6.192000e-08 -5.918306e-04
6.193000e-08 -5.912527e-04
6.194000e-08 -5.906748e-04
6.195000e-08 -5.900969e-04
6.196000e-08 -5.895190e-04
6.197000e-08 -5.889410e-04
6.198000e-08 -5.883631e-04
6.199000e-08 -5.877852e-04
6.200000e-08 -5.872073e-04
6.201000e-08 -5.866294e-04
6.202000e-08 -5.860514e-04
6.203000e-08 -5.854735e-04
6.204000e-08 -5.848956e-04
6.205000e-08 -5.843178e-04
6.206000e-08 -5.837399e-04
6.207000e-08 -5.831620e-04
6.208000e-08 -5.825840e-04
6.209000e-08 -5.820061e-04
6.210000e-08 -5.814282e-04
6.211000e-08 -5.808503e-04
6.212000e-08 -5.802724e-04
6.213000e-08 -5.796944e-04
6.214000e-08 -5.791165e-04
6.215000e-08 -5.785386e-04
6.216000e-08 -5.779607e-04
6.217000e-08 -5.773828e-04
6.218000e-08 -5.768050e-04
6.219000e-08 -5.762270e-04
6.220000e-08 -5.756491e-04
6.221000e-08 -5.750712e-04
6.222000e-08 -5.744933e-04
6.223000e-08 -5.739154e-04
6.224000e-08 -5.733374e-04
6.225000e-08 -5.727595e-04
6.226000e-08 -5.721816e-04
6.227000e-08 -5.716037e-04
6.228000e-08 -5.710258e-04
6.229000e-08 -5.704478e-04
6.230000e-08 -5.698700e-04
6.231000e-08 -5.692921e-04
6.232000e-08 -5.687142e-04
6.233000e-08 -5.681363e-04
6.234000e-08 -5.675584e-04
6.235000e-08 -5.669804e-04
6.236000e-08 -5.664025e-04
6.237000e-08 -5.658246e-04
6.238000e-08 -5.652467e-04
6.239000e-08 -5.646688e-04
6.240000e-08 -5.640908e-04
6.241000e-08 -5.635129e-04
6.242000e-08 -5.629350e-04
6.243000e-08 -5.623572e-04
6.244000e-08 -5.617793e-04
6.245000e-08 -5.612014e-04
6.246000e-08 -5.606234e-04
6.247000e-08 -5.600718e-04
6.248000e-08 -5.601780e-04
6.249000e-08 -5.602842e-04
6.250000e-08 -5.603904e-04
6.251000e-08 -5.604966e-04
6.252000e-08 -5.606029e-04
6.253000e-08 -5.607091e-04
6.254000e-08 -5.608153e-04
6.255000e-08 -5.609215e-04
6.256000e-08 -5.610277e-04
6.257000e-08 -5.611339e-04
6.258000e-08 -5.612402e-04
6.259000e-08 -5.613464e-04
6.260000e-08 -5.614526e-04
6.261000e-08 -5.615588e-04
6.262000e-08 -5.616650e-04
6.263000e-08 -5.617712e-04
6.264000e-08 -5.618776e-04
6.265000e-08 -5.619838e-04
6.266000e-08 -5.620900e-04
6.267000e-08 -5.621962e-04
6.268000e-08 -5.623024e-04
6.269000e-08 -5.624086e-04
6.270000e-08 -5.625149e-04
6.271000e-08 -5.626211e-04
6.272000e-08 -5.627273e-04
6.273000e-08 -5.628335e-04
6.274000e-08 -5.629397e-04
6.275000e-08 -5.630459e-04
6.276000e-08 -5.631522e-04
6.277000e-08 -5.632584e-04
6.278000e-08 -5.633646e-04
6.279000e-08 -5.634708e-04
6.280000e-08 -5.635770e-04
6.281000e-08 -5.636832e-04
6.282000e-08 -5.637895e-04
6.283000e-08 -5.638957e-04
6.284000e-08 -5.640019e-04
6.285000e-08 -5.641081e-04
6.286000e-08 -5.642143e-04
6.287000e-08 -5.643205e-04
6.288000e-08 -5.644267e-04
6.289000e-08 -5.645330e-04
6.290000e-08 -5.646392e-04
6.291000e-08 -5.647454e-04
6.292000e-08 -5.648516e-04
6.293000e-08 -5.649578e-04
6.294000e-08 -5.650640e-04
6.295000e-08 -5.651704e-04
6.296000e-08 -5.652766e-04
6.297000e-08 -5.653828e-04
6.298000e-08 -5.654890e-04
6.299000e-08 -5.655952e-04
6.300000e-08 -5.657014e-04
6.301000e-08 -5.658077e-04
6.302000e-08 -5.659139e-04
6.303000e-08 -5.660201e-04
6.304000e-08 -5.661263e-04
6.305000e-08 -5.662325e-04
6.306000e-08 -5.663387e-04
6.307000e-08 -5.664450e-04
6.308000e-08 -5.665512e-04
6.309000e-08 -5.666574e-04
6.310000e-08 -5.667636e-04
6.311000e-08 -5.668698e-04
6.312000e-08 -5.669760e-04
6.313000e-08 -5.670823e-04
6.314000e-08 -5.671885e-04
6.315000e-08 -5.672947e-04
6.316000e-08 -5.674009e-04
6.317000e-08 -5.675071e-04
6.318000e-08 -5.676133e-04
6.319000e-08 -5.677196e-04
6.320000e-08 -5.678258e-04
6.321000e-08 -5.679320e-04
6.322000e-08 -5.680382e-04
6.323000e-08 -5.681444e-04
6.324000e-08 -5.682506e-04
6.325000e-08 -5.683570e-04
6.326000e-08 -5.684632e-04
6.327000e-08 -5.685694e-04
6.328000e-08 -5.686756e-04
6.329000e-08 -5.687818e-04
6.330000e-08 -5.688880e-04
6.331000e-08 -5.689943e-04
6.332000e-08 -5.691005e-04
6.333000e-08 -5.692067e-04
6.334000e-08 -5.693129e-04
6.335000e-08 -5.694191e-04
6.336000e-08 -5.695253e-04
6.337000e-08 -5.696316e-04
6.338000e-08 -5.697378e-04
6.339000e-08 -5.698440e-04
6.340000e-08 -5.699502e-04
6.341000e-08 -5.700564e-04
6.342000e-08 -5.701626e-04
6.343000e-08 -5.702689e-04
6.344000e-08 -5.703751e-04
6.345000e-08 -5.704813e-04
6.346000e-08 -5.705875e-04
6.347000e-08 -5.706937e-04
6.348000e-08 -5.707999e-04
6.349000e-08 -5.709062e-04
6.350000e-08 -5.710124e-04
6.351000e-08 -5.711186e-04
6.352000e-08 -5.712248e-04
6.353000e-08 -5.713310e-04
6.354000e-08 -5.714372e-04
6.355000e-08 -5.715436e-04
6.356000e-08 -5.716498e-04
6.357000e-08 -5.717560e-04
6.358000e-08 -5.718622e-04
6.359000e-08 -5.719684e-04
6.360000e-08 -5.720746e-04
6.361000e-08 -5.721809e-04
6.362000e-08 -5.722871e-04
6.363000e-08 -5.723933e-04
6.364000e-08 -5.724995e-04
6.365000e-08 -5.726057e-04
6.366000e-08 -5.727119e-04
6.367000e-08 -5.728182e-04
6.368000e-08 -5.729244e-04
6.369000e-08 -5.730306e-04
6.370000e-08 -5.731368e-04
6.371000e-08 -5.732430e-04
6.372000e-08 -5.733492e-04
6.373000e-08 -5.734555e-04
6.374000e-08 -5.735617e-04
6.375000e-08 -5.736679e-04
6.376000e-08 -5.737741e-04
6.377000e-08 -5.738803e-04
6.378000e-08 -5.739865e-04
6.379000e-08 -5.740928e-04
6.380000e-08 -5.741990e-04
6.381000e-08 -5.743052e-04
6.382000e-08 -5.744114e-04
6.383000e-08 -5.745176e-04
6.384000e-08 -5.746238e-04
6.385000e-08 -5.747302e-04
6.386000e-08 -5.748364e-04
6.387000e-08 -5.749426e-04
6.388000e-08 -5.750488e-04
6.389000e-08 -5.751550e-04
6.390000e-08 -5.752612e-04
6.391000e-08 -5.753675e-04
6.392000e-08 -5.754737e-04
6.393000e-08 -5.755799e-04
6.394000e-08 -5.756861e-04
6.395000e-08 -5.757923e-04
6.396000e-08 -5.758985e-04
6.397000e-08 -5.760048e-04
6.398000e-08 -5.761110e-04
6.399000e-08 -5.762172e-04
6.400000e-08 -5.763234e-04
6.401000e-08 -5.764296e-04
6.402000e-08 -5.765358e-04
6.403000e-08 -5.766421e-04
6.404000e-08 -5.767483e-04
6.405000e-08 -5.768545e-04
6.406000e-08 -5.769607e-04
6.407000e-08 -5.770669e-04
6.408000e-08 -5.771731e-04
6.409000e-08 -5.772794e-04
6.410000e-08 -5.773856e-04
6.411000e-08 -5.774918e-04
6.412000e-08 -5.775980e-04
6.413000e-08 -5.777042e-04
6.414000e-08 -5.777844e-04
6.415000e-08 -5.777604e-04
6.416000e-08 -5.777364e-04
6.417000e-08 -5.777124e-04
6.418000e-08 -5.776884e-04
6.419000e-08 -5.776644e-04
6.420000e-08 -5.776404e-04
6.421000e-08 -5.776164e-04
6.422000e-08 -5.775924e-04
6.423000e-08 -5.775684e-04
6.424000e-08 -5.775444e-04
6.425000e-08 -5.775204e-04
6.426000e-08 -5.774964e-04
6.427000e-08 -5.774724e-04
6.428000e-08 -5.774484e-04
6.429000e-08 -5.774244e-04
6.430000e-08 -5.774004e-04
6.431000e-08 -5.773764e-04
6.432000e-08 -5.773524e-04
6.433000e-08 -5.773284e-04
6.434000e-08 -5.773044e-04
6.435000e-08 -5.772804e-04
6.436000e-08 -5.772564e-04
6.437000e-08 -5.772324e-04
6.438000e-08 -5.772084e-04
6.439000e-08 -5.771844e-04
6.440000e-08 -5.771604e-04
6.441000e-08 -5.771364e-04
6.442000e-08 -5.771124e-04
6.443000e-08 -5.770884e-04
6.444000e-08 -5.770644e-04
6.445000e-08 -5.770404e-04
6.446000e-08 -5.770164e-04
6.447000e-08 -5.769924e-04
6.448000e-08 -5.769684e-04
6.449000e-08 -5.769444e-04
6.450000e-08 -5.769204e-04
6.451000e-08 -5.768964e-04
6.452000e-08 -5.768724e-04
6.453000e-08 -5.768484e-04
6.454000e-08 -5.768244e-04
6.455000e-08 -5.768004e-04
6.456000e-08 -5.767764e-04
6.457000e-08 -5.767525e-04
6.458000e-08 -5.767285e-04
6.459000e-08 -5.767045e-04
6.460000e-08 -5.766805e-04
6.461000e-08 -5.766565e-04
6.462000e-08 -5.766325e-04
6.463000e-08 -5.766085e-04
6.464000e-08 -5.765845e-04
6.465000e-08 -5.765605e-04
6.466000e-08 -5.765365e-04
6.467000e-08 -5.765125e-04
6.468000e-08 -5.764885e-04
6.469000e-08 -5.764645e-04
6.470000e-08 -5.764405e-04
6.471000e-08 -5.764165e-04
6.472000e-08 -5.763925e-04
6.473000e-08 -5.763685e-04
6.474000e-08 -5.763445e-04
6.475000e-08 -5.763205e-04
6.476000e-08 -5.762965e-04
6.477000e-08 -5.762725e-04
6.478000e-08 -5.762485e-04
6.479000e-08 -5.762245e-04
6.480000e-08 -5.762005e-04
6.481000e-08 -5.761765e-04
6.482000e-08 -5.761525e-04
6.483000e-08 -5.761285e-04
6.484000e-08 -5.761045e-04
6.485000e-08 -5.760805e-04
6.486000e-08 -5.760565e-04
6.487000e-08 -5.760325e-04
6.488000e-08 -5.760085e-04
6.489000e-08 -5.759845e-04
6.490000e-08 -5.759605e-04
6.491000e-08 -5.759365e-04
6.492000e-08 -5.759125e-04
6.493000e-08 -5.758885e-04
6.494000e-08 -5.758645e-04
6.495000e-08 -5.758405e-04
6.496000e-08 -5.758165e-04
6.497000e-08 -5.757925e-04
6.498000e-08 -5.757685e-04
6.499000e-08 -5.757445e-04
6.500000e-08 -5.757205e-04
6.501000e-08 -5.756965e-04
6.502000e-08 -5.756725e-04
6.503000e-08 -5.756485e-04
6.504000e-08 -5.756245e-04
6.505000e-08 -5.756005e-04
6.506000e-08 -5.755765e-04
6.507000e-08 -5.755525e-04
6.508000e-08 -5.755285e-04
6.509000e-08 -5.755045e-04
6.510000e-08 -5.754805e-04
6.511000e-08 -5.754565e-04
6.512000e-08 -5.754325e-04
6.513000e-08 -5.754085e-04
6.514000e-08 -5.753845e-04
6.515000e-08 -5.753605e-04
6.516000e-08 -5.753365e-04
6.517000e-08 -5.753125e-04
6.518000e-08 -5.752885e-04
6.519000e-08 -5.752645e-04
6.520000e-08 -5.752405e-04
6.521000e-08 -5.752165e-04
6.522000e-08 -5.751925e-04
6.523000e-08 -5.751685e-04
6.524000e-08 -5.751445e-04
6.525000e-08 -5.751205e-04
6.526000e-08 -5.750965e-04
6.527000e-08 -5.750725e-04
6.528000e-08 -5.750485e-04
6.529000e-08 -5.750245e-04
6.530000e-08 -5.750005e-04
6.531000e-08 -5.749765e-04
6.532000e-08 -5.749525e-04
6.533000e-08 -5.749285e-04
6.534000e-08 -5.749045e-04
6.535000e-08 -5.748805e-04
6.536000e-08 -5.748565e-04
6.537000e-08 -5.748325e-04
6.538000e-08 -5.748085e-04
6.539000e-08 -5.747845e-04
6.540000e-08 -5.747605e-04
6.541000e-08 -5.747365e-04
6.542000e-08 -5.747125e-04
6.543000e-08 -5.746885e-04
6.544000e-08 -5.746645e-04
6.545000e-08 -5.746405e-04
6.546000e-08 -5.746165e-04
6.547000e-08 -5.745925e-04
6.548000e-08 -5.745685e-04
6.549000e-08 -5.745445e-04
6.550000e-08 -5.745205e-04
6.551000e-08 -5.744965e-04
6.552000e-08 -5.744725e-04
6.553000e-08 -5.744485e-04
6.554000e-08 -5.744245e-04
6.555000e-08 -5.744005e-04
6.556000e-08 -5.743765e-04
6.557000e-08 -5.743525e-04
6.558000e-08 -5.743285e-04
6.559000e-08 -5.743045e-04
6.560000e-08 -5.742805e-04
6.561000e-08 -5.742565e-04
6.562000e-08 -5.742325e-04
6.563000e-08 -5.742085e-04
6.564000e-08 -5.741845e-04
6.565000e-08 -5.741606e-04
6.566000e-08 -5.741366e-04
6.567000e-08 -5.741126e-04
6.568000e-08 -5.740886e-04
6.569000e-08 -5.740646e-04
6.570000e-08 -5.740406e-04
6.571000e-08 -5.740166e-04
6.572000e-08 -5.739926e-04
6.573000e-08 -5.739686e-04
6.574000e-08 -5.739446e-04
6.575000e-08 -5.739206e-04
6.576000e-08 -5.738966e-04
6.577000e-08 -5.738726e-04
6.578000e-08 -5.738486e-04
6.579000e-08 -5.738246e-04
6.580000e-08 -5.738006e-04
6.581000e-08 -5.737766e-04
6.582000e-08 -5.737526e-04
6.583000e-08 -5.737286e-04
6.584000e-08 -5.737046e-04
6.585000e-08 -5.736806e-04
6.586000e-08 -5.736566e-04
6.587000e-08 -5.736326e-04
6.588000e-08 -5.736086e-04
6.589000e-08 -5.735846e-04
6.590000e-08 -5.735606e-04
6.591000e-08 -5.735366e-04
6.592000e-08 -5.735126e-04
6.593000e-08 -5.734886e-04
6.594000e-08 -5.734646e-04
6.595000e-08 -5.734406e-04
6.596000e-08 -5.734166e-04
6.597000e-08 -5.733926e-04
6.598000e-08 -5.733686e-04
6.599000e-08 -5.733446e-04
6.600000e-08 -5.733206e-04
6.601000e-08 -5.732966e-04
6.602000e-08 -5.732726e-04
6.603000e-08 -5.732486e-04
6.604000e-08 -5.732246e-04
6.605000e-08 -5.732006e-04
6.606000e-08 -5.731766e-04
6.607000e-08 -5.731526e-04
6.608000e-08 -5.731286e-04
6.609000e-08 -5.731046e-04
6.610000e-08 -5.730806e-04
6.611000e-08 -5.730566e-04
6.612000e-08 -5.730326e-04
6.613000e-08 -5.730086e-04
6.614000e-08 -5.729846e-04
6.615000e-08 -5.729606e-04
6.616000e-08 -5.729366e-04
6.617000e-08 -5.729126e-04
6.618000e-08 -5.728886e-04
6.619000e-08 -5.728646e-04
6.620000e-08 -5.728406e-04
6.621000e-08 -5.728166e-04
6.622000e-08 -5.727926e-04
6.623000e-08 -5.727686e-04
6.624000e-08 -5.727446e-04
6.625000e-08 -5.727206e-04
6.626000e-08 -5.726966e-04
6.627000e-08 -5.726726e-04
6.628000e-08 -5.726486e-04
6.629000e-08 -5.726246e-04
6.630000e-08 -5.726006e-04
6.631000e-08 -5.725766e-04
6.632000e-08 -5.725526e-04
6.633000e-08 -5.725286e-04
6.634000e-08 -5.725046e-04
6.635000e-08 -5.724806e-04
6.636000e-08 -5.724566e-04
6.637000e-08 -5.724326e-04
6.638000e-08 -5.724086e-04
6.639000e-08 -5.723846e-04
6.640000e-08 -5.723606e-04
6.641000e-08 -5.723366e-04
6.642000e-08 -5.723126e-04
6.643000e-08 -5.722886e-04
6.644000e-08 -5.722646e-04
6.645000e-08 -5.722406e-04
6.646000e-08 -5.722166e-04
6.647000e-08 -5.721926e-04
6.648000e-08 -5.721686e-04
6.649000e-08 -5.721446e-04
6.650000e-08 -5.721206e-04
6.651000e-08 -5.720966e-04
6.652000e-08 -5.720726e-04
6.653000e-08 -5.720486e-04
6.654000e-08 -5.720246e-04
6.655000e-08 -5.720006e-04
6.656000e-08 -5.719766e-04
6.657000e-08 -5.719526e-04
6.658000e-08 -5.719286e-04
6.659000e-08 -5.719046e-04
6.660000e-08 -5.718806e-04
6.661000e-08 -5.718566e-04
6.662000e-08 -5.718326e-04
6.663000e-08 -5.718086e-04
6.664000e-08 -5.717846e-04
6.665000e-08 -5.717606e-04
6.666000e-08 -5.717366e-04
6.667000e-08 -5.717126e-04
6.668000e-08 -5.716886e-04
6.669000e-08 -5.716646e-04
6.670000e-08 -5.716406e-04
6.671000e-08 -5.716166e-04
6.672000e-08 -5.715926e-04
6.673000e-08 -5.715686e-04
6.674000e-08 -5.715448e-04
6.675000e-08 -5.715208e-04
6.676000e-08 -5.714968e-04
6.677000e-08 -5.714728e-04
6.678000e-08 -5.714488e-04
6.679000e-08 -5.714248e-04
6.680000e-08 -5.714008e-04
6.681000e-08 -5.713768e-04
6.682000e-08 -5.713528e-04
6.683000e-08 -5.713288e-04
6.684000e-08 -5.713048e-04
6.685000e-08 -5.712808e-04
6.686000e-08 -5.712568e-04
6.687000e-08 -5.712328e-04
6.688000e-08 -5.712088e-04
6.689000e-08 -5.711848e-04
6.690000e-08 -5.711608e-04
6.691000e-08 -5.711368e-04
6.692000e-08 -5.711128e-04
6.693000e-08 -5.710888e-04
6.694000e-08 -5.710648e-04
6.695000e-08 -5.710408e-04
6.696000e-08 -5.710168e-04
6.697000e-08 -5.709928e-04
6.698000e-08 -5.709688e-04
6.699000e-08 -5.709448e-04
6.700000e-08 -5.709208e-04
6.701000e-08 -5.708968e-04
6.702000e-08 -5.708728e-04
6.703000e-08 -5.708488e-04
6.704000e-08 -5.708248e-04
6.705000e-08 -5.708008e-04
6.706000e-08 -5.707768e-04
6.707000e-08 -5.707528e-04
6.708000e-08 -5.707288e-04
6.709000e-08 -5.707048e-04
6.710000e-08 -5.706808e-04
6.711000e-08 -5.706568e-04
6.712000e-08 -5.706328e-04
6.713000e-08 -5.706088e-04
6.714000e-08 -5.705848e-04
6.715000e-08 -5.705608e-04
6.716000e-08 -5.705368e-04
6.717000e-08 -5.705128e-04
6.718000e-08 -5.704888e-04
6.719000e-08 -5.704648e-04
6.720000e-08 -5.704408e-04
6.721000e-08 -5.704168e-04
6.722000e-08 -5.703928e-04
6.723000e-08 -5.703688e-04
6.724000e-08 -5.703448e-04
6.725000e-08 -5.703208e-04
6.726000e-08 -5.702968e-04
6.727000e-08 -5.702728e-04
6.728000e-08 -5.702488e-04
6.729000e-08 -5.702248e-04
6.730000e-08 -5.702008e-04
6.731000e-08 -5.701768e-04
6.732000e-08 -5.701528e-04
6.733000e-08 -5.701288e-04
6.734000e-08 -5.701048e-04
6.735000e-08 -5.700808e-04
6.736000e-08 -5.700568e-04
6.737000e-08 -5.700328e-04
6.738000e-08 -5.700088e-04
6.739000e-08 -5.699848e-04
6.740000e-08 -5.699608e-04
6.741000e-08 -5.699368e-04
6.742000e-08 -5.699128e-04
6.743000e-08 -5.698888e-04
6.744000e-08 -5.698648e-04
6.745000e-08 -5.698408e-04
6.746000e-08 -5.698168e-04
6.747000e-08 -5.697928e-04
6.748000e-08 -5.697688e-04
6.749000e-08 -5.697448e-04
6.750000e-08 -5.697208e-04
6.751000e-08 -5.696968e-04
6.752000e-08 -5.696728e-04
6.753000e-08 -5.696488e-04
6.754000e-08 -5.696248e-04
6.755000e-08 -5.696008e-04
6.756000e-08 -5.695768e-04
6.757000e-08 -5.695528e-04
6.758000e-08 -5.695288e-04
6.759000e-08 -5.695048e-04
6.760000e-08 -5.694808e-04
6.761000e-08 -5.694568e-04
6.762000e-08 -5.694328e-04
6.763000e-08 -5.694088e-04
6.764000e-08 -5.693848e-04
6.765000e-08 -5.693608e-04
6.766000e-08 -5.693368e-04
6.767000e-08 -5.693128e-04
6.768000e-08 -5.692888e-04
6.769000e-08 -5.692648e-04
6.770000e-08 -5.692408e-04
6.771000e-08 -5.692168e-04
6.772000e-08 -5.691928e-04
6.773000e-08 -5.691688e-04
6.774000e-08 -5.691448e-04
6.775000e-08 -5.691208e-04
6.776000e-08 -5.690968e-04
6.777000e-08 -5.690728e-04
6.778000e-08 -5.690488e-04
6.779000e-08 -5.690248e-04
6.780000e-08 -5.690008e-04
6.781000e-08 -5.689768e-04
6.782000e-08 -5.689528e-04
6.783000e-08 -5.689289e-04
6.784000e-08 -5.689049e-04
6.785000e-08 -5.688809e-04
6.786000e-08 -5.688569e-04
6.787000e-08 -5.688329e-04
6.788000e-08 -5.688089e-04
6.789000e-08 -5.687849e-04
6.790000e-08 -5.687609e-04
6.791000e-08 -5.687369e-04
6.792000e-08 -5.687129e-04
6.793000e-08 -5.686889e-04
6.794000e-08 -5.686649e-04
6.795000e-08 -5.686409e-04
6.796000e-08 -5.686169e-04
6.797000e-08 -5.685929e-04
6.798000e-08 -5.685689e-04
6.799000e-08 -5.685449e-04
6.800000e-08 -5.685209e-04
6.801000e-08 -5.684969e-04
6.802000e-08 -5.684729e-04
6.803000e-08 -5.684489e-04
6.804000e-08 -5.684249e-04
6.805000e-08 -5.684009e-04
6.806000e-08 -5.683769e-04
6.807000e-08 -5.683529e-04
6.808000e-08 -5.683289e-04
6.809000e-08 -5.683049e-04
6.810000e-08 -5.682809e-04
6.811000e-08 -5.682569e-04
6.812000e-08 -5.682329e-04
6.813000e-08 -5.682089e-04
6.814000e-08 -5.681849e-04
6.815000e-08 -5.681609e-04
6.816000e-08 -5.681369e-04
6.817000e-08 -5.681129e-04
6.818000e-08 -5.681393e-04
6.819000e-08 -5.681683e-04
6.820000e-08 -5.681974e-04
6.821000e-08 -5.682264e-04
6.822000e-08 -5.682554e-04
6.823000e-08 -5.682844e-04
6.824000e-08 -5.683134e-04
6.825000e-08 -5.683424e-04
6.826000e-08 -5.683715e-04
6.827000e-08 -5.684005e-04
6.828000e-08 -5.684296e-04
6.829000e-08 -5.684585e-04
6.830000e-08 -5.684875e-04
6.831000e-08 -5.685166e-04
6.832000e-08 -5.685456e-04
6.833000e-08 -5.685746e-04
6.834000e-08 -5.686037e-04
6.835000e-08 -5.686326e-04
6.836000e-08 -5.686616e-04
6.837000e-08 -5.686907e-04
6.838000e-08 -5.687197e-04
6.839000e-08 -5.687488e-04
6.840000e-08 -5.687778e-04
6.841000e-08 -5.688067e-04
6.842000e-08 -5.688358e-04
6.843000e-08 -5.688648e-04
6.844000e-08 -5.688938e-04
6.845000e-08 -5.689229e-04
6.846000e-08 -5.689519e-04
6.847000e-08 -5.689808e-04
6.848000e-08 -5.690099e-04
6.849000e-08 -5.690389e-04
6.850000e-08 -5.690680e-04
6.851000e-08 -5.690970e-04
6.852000e-08 -5.691260e-04
6.853000e-08 -5.691550e-04
6.854000e-08 -5.691840e-04
6.855000e-08 -5.692130e-04
6.856000e-08 -5.692421e-04
6.857000e-08 -5.692711e-04
6.858000e-08 -5.693002e-04
6.859000e-08 -5.693291e-04
6.860000e-08 -5.693581e-04
6.861000e-08 -5.693872e-04
6.862000e-08 -5.694162e-04
6.863000e-08 -5.694452e-04
6.864000e-08 -5.694743e-04
6.865000e-08 -5.695032e-04
6.866000e-08 -5.695322e-04
6.867000e-08 -5.695613e-04
6.868000e-08 -5.695903e-04
6.869000e-08 -5.696194e-04
6.870000e-08 -5.696484e-04
6.871000e-08 -5.696773e-04
6.872000e-08 -5.697064e-04
6.873000e-08 -5.697354e-04
6.874000e-08 -5.697644e-04
6.875000e-08 -5.697935e-04
6.876000e-08 -5.698225e-04
6.877000e-08 -5.698514e-04
6.878000e-08 -5.698805e-04
6.879000e-08 -5.699095e-04
6.880000e-08 -5.699386e-04
6.881000e-08 -5.699676e-04
6.882000e-08 -5.699966e-04
6.883000e-08 -5.700256e-04
6.884000e-08 -5.700546e-04
6.885000e-08 -5.700836e-04
6.886000e-08 -5.701127e-04
6.887000e-08 -5.701417e-04
6.888000e-08 -5.701708e-04
6.889000e-08 -5.701997e-04
6.890000e-08 -5.702287e-04
6.891000e-08 -5.702578e-04
6.892000e-08 -5.702868e-04
6.893000e-08 -5.703158e-04
6.894000e-08 -5.703449e-04
6.895000e-08 -5.703738e-04
6.896000e-08 -5.704028e-04
6.897000e-08 -5.704319e-04
6.898000e-08 -5.704609e-04
6.899000e-08 -5.704900e-04
6.900000e-08 -5.705190e-04
6.901000e-08 -5.705479e-04
6.902000e-08 -5.705770e-04
6.903000e-08 -5.706060e-04
6.904000e-08 -5.706350e-04
6.905000e-08 -5.706641e-04
6.906000e-08 -5.706931e-04
6.907000e-08 -5.707220e-04
6.908000e-08 -5.707511e-04
6.909000e-08 -5.707801e-04
6.910000e-08 -5.708092e-04
6.911000e-08 -5.708382e-04
6.912000e-08 -5.708672e-04
6.913000e-08 -5.708962e-04
6.914000e-08 -5.709252e-04
6.915000e-08 -5.709542e-04
6.916000e-08 -5.709833e-04
6.917000e-08 -5.710123e-04
6.918000e-08 -5.710414e-04
6.919000e-08 -5.710703e-04
6.920000e-08 -5.710993e-04
6.921000e-08 -5.711284e-04
6.922000e-08 -5.711574e-04
6.923000e-08 -5.711864e-04
6.924000e-08 -5.712155e-04
6.925000e-08 -5.712444e-04
6.926000e-08 -5.712734e-04
6.927000e-08 -5.713025e-04
6.928000e-08 -5.713315e-04
6.929000e-08 -5.713606e-04
6.930000e-08 -5.713896e-04
6.931000e-08 -5.714185e-04
6.932000e-08 -5.714476e-04
6.933000e-08 -5.714766e-04
6.934000e-08 -5.715056e-04
6.935000e-08 -5.715347e-04
6.936000e-08 -5.715637e-04
6.937000e-08 -5.715926e-04
6.938000e-08 -5.716217e-04
6.939000e-08 -5.716507e-04
6.940000e-08 -5.716798e-04
6.941000e-08 -5.717088e-04
6.942000e-08 -5.717378e-04
6.943000e-08 -5.717668e-04
6.944000e-08 -5.717958e-04
6.945000e-08 -5.718248e-04
6.946000e-08 -5.718539e-04
6.947000e-08 -5.718829e-04
6.948000e-08 -5.719120e-04
6.949000e-08 -5.719409e-04
6.950000e-08 -5.719699e-04
6.951000e-08 -5.719990e-04
6.952000e-08 -5.720280e-04
6.953000e-08 -5.720570e-04
6.954000e-08 -5.720861e-04
6.955000e-08 -5.721150e-04
6.956000e-08 -5.721440e-04
6.957000e-08 -5.721731e-04
6.958000e-08 -5.722021e-04
6.959000e-08 -5.722312e-04
6.960000e-08 -5.722602e-04
6.961000e-08 -5.722891e-04
6.962000e-08 -5.723182e-04
6.963000e-08 -5.723472e-04
6.964000e-08 -5.723762e-04
6.965000e-08 -5.724053e-04
6.966000e-08 -5.724343e-04
6.967000e-08 -5.724632e-04
6.968000e-08 -5.724923e-04
6.969000e-08 -5.725213e-04
6.970000e-08 -5.725504e-04
6.971000e-08 -5.725794e-04
6.972000e-08 -5.726084e-04
6.973000e-08 -5.726374e-04
6.974000e-08 -5.726664e-04
6.975000e-08 -5.726954e-04
6.976000e-08 -5.727245e-04
6.977000e-08 -5.727535e-04
6.978000e-08 -5.727826e-04
6.979000e-08 -5.728115e-04
6.980000e-08 -5.728405e-04
6.981000e-08 -5.728696e-04
6.982000e-08 -5.728986e-04
6.983000e-08 -5.729276e-04
6.984000e-08 -5.729567e-04
6.985000e-08 -5.729856e-04
6.986000e-08 -5.730146e-04
6.987000e-08 -5.730437e-04
6.988000e-08 -5.730727e-04
6.989000e-08 -5.731018e-04
6.990000e-08 -5.731308e-04
6.991000e-08 -5.731597e-04
6.992000e-08 -5.731888e-04
6.993000e-08 -5.732178e-04
6.994000e-08 -5.732468e-04
6.995000e-08 -5.732759e-04
6.996000e-08 -5.733049e-04
6.997000e-08 -5.733338e-04
6.998000e-08 -5.733629e-04
6.999000e-08 -5.733919e-04
7.000000e-08 -5.734210e-04
7.001000e-08 -5.734500e-04
7.002000e-08 -5.734790e-04
7.003000e-08 -5.735080e-04
7.004000e-08 -5.735370e-04
7.005000e-08 -5.735660e-04
7.006000e-08 -5.735951e-04
7.007000e-08 -5.736241e-04
7.008000e-08 -5.736532e-04
7.009000e-08 -5.736821e-04
7.010000e-08 -5.737111e-04
7.011000e-08 1.462056e-01
7.012000e-08 2.690790e-01
7.013000e-08 3.839838e-01
7.014000e-08 4.999650e-01
7.015000e-08 6.475513e-01
7.016000e-08 7.685644e-01
7.017000e-08 8.386181e-01
7.018000e-08 8.580774e-01
7.019000e-08 8.590873e-01
7.020000e-08 8.604912e-01
7.021000e-08 7.612577e-01
7.022000e-08 7.120692e-01
7.023000e-08 6.772807e-01
7.024000e-08 6.441420e-01
7.025000e-08 6.118169e-01
7.026000e-08 5.532934e-01
7.027000e-08 4.857574e-01
7.028000e-08 4.182214e-01
7.029000e-08 3.258724e-01
7.030000e-08 1.871441e-01
7.031000e-08 1.389816e-02
7.032000e-08 -1.631666e-01
7.033000e-08 -3.067009e-01
7.034000e-08 -4.502352e-01
7.035000e-08 -5.937695e-01
7.036000e-08 -6.926938e-01
7.037000e-08 -7.787500e-01
7.038000e-08 -8.637385e-01
7.039000e-08 -9.123516e-01
7.040000e-08 -9.552613e-01
7.041000e-08 -9.738534e-01
7.042000e-08 -9.930542e-01
7.043000e-08 -1.013378e+00
7.044000e-08 -1.030218e+00
7.045000e-08 -1.045512e+00
7.046000e-08 -1.060805e+00
7.047000e-08 -1.076099e+00
7.048000e-08 -1.087027e+00
7.049000e-08 -1.097949e+00
7.050000e-08 -1.108871e+00
7.051000e-08 -1.119793e+00
7.052000e-08 -1.130715e+00
7.053000e-08 -1.141349e+00
7.054000e-08 -1.149058e+00
7.055000e-08 -1.156767e+00
7.056000e-08 -1.164476e+00
7.057000e-08 -1.172185e+00
7.058000e-08 -1.179894e+00
7.059000e-08 -1.187604e+00
7.060000e-08 -1.195313e+00
7.061000e-08 -1.203000e+00
7.062000e-08 -1.210560e+00
7.063000e-08 -1.215960e+00
7.064000e-08 -1.221240e+00
7.065000e-08 -1.226640e+00
7.066000e-08 -1.231920e+00
7.067000e-08 -1.237320e+00
7.068000e-08 -1.242600e+00
7.069000e-08 -1.248000e+00
7.070000e-08 -1.253280e+00
7.071000e-08 -1.258680e+00
7.072000e-08 -1.263960e+00
7.073000e-08 -1.269360e+00
7.074000e-08 -1.274640e+00
7.075000e-08 -1.278240e+00
7.076000e-08 -1.281720e+00
7.077000e-08 -1.285320e+00
7.078000e-08 -1.288800e+00
7.079000e-08 -1.292280e+00
7.080000e-08 -1.295760e+00
7.081000e-08 -1.299360e+00
7.082000e-08 -1.302840e+00
7.083000e-08 -1.306320e+00
7.084000e-08 -1.309800e+00
7.085000e-08 -1.313280e+00
7.086000e-08 -1.316880e+00
7.087000e-08 -1.320360e+00
7.088000e-08 -1.323840e+00
7.089000e-08 -1.327320e+00
7.090000e-08 -1.330800e+00
7.091000e-08 -1.334160e+00
7.092000e-08 -1.336320e+00
7.093000e-08 -1.338360e+00
7.094000e-08 -1.340400e+00
7.095000e-08 -1.342560e+00
7.096000e-08 -1.344600e+00
7.097000e-08 -1.346760e+00
7.098000e-08 -1.348800e+00
7.099000e-08 -1.350840e+00
7.100000e-08 -1.353000e+00
7.101000e-08 -1.355040e+00
7.102000e-08 -1.357200e+00
7.103000e-08 -1.359240e+00
7.104000e-08 -1.361280e+00
7.105000e-08 -1.363440e+00
7.106000e-08 -1.365480e+00
7.107000e-08 -1.367640e+00
7.108000e-08 -1.369680e+00
7.109000e-08 -1.371720e+00
7.110000e-08 -1.373880e+00
7.111000e-08 -1.375920e+00
7.112000e-08 -1.378080e+00
7.113000e-08 -1.380120e+00
7.114000e-08 -1.381200e+00
7.115000e-08 -1.382280e+00
7.116000e-08 -1.383360e+00
7.117000e-08 -1.384560e+00
7.118000e-08 -1.385640e+00
7.119000e-08 -1.386720e+00
7.120000e-08 -1.387800e+00
7.121000e-08 -1.388880e+00
7.122000e-08 -1.390080e+00
7.123000e-08 -1.391160e+00
7.124000e-08 -1.392240e+00
7.125000e-08 -1.393320e+00
7.126000e-08 -1.394520e+00
7.127000e-08 -1.395600e+00
7.128000e-08 -1.396680e+00
7.129000e-08 -1.397760e+00
7.130000e-08 -1.398960e+00
7.131000e-08 -1.400040e+00
7.132000e-08 -1.401120e+00
7.133000e-08 -1.402200e+00
7.134000e-08 -1.403400e+00
7.135000e-08 -1.404480e+00
7.136000e-08 -1.405560e+00
7.137000e-08 -1.406640e+00
7.138000e-08 -1.407840e+00
7.139000e-08 -1.408920e+00
7.140000e-08 -1.410000e+00
7.141000e-08 -1.410720e+00
7.142000e-08 -1.411200e+00
7.143000e-08 -1.411680e+00
7.144000e-08 -1.412280e+00
7.145000e-08 -1.412760e+00
7.146000e-08 -1.413240e+00
7.147000e-08 -1.413720e+00
7.148000e-08 -1.414320e+00
7.149000e-08 -1.414800e+00
7.150000e-08 -1.415280e+00
7.151000e-08 -1.415880e+00
7.152000e-08 -1.416360e+00
7.153000e-08 -1.416840e+00
7.154000e-08 -1.417440e+00
7.155000e-08 -1.417920e+00
7.156000e-08 -1.418400e+00
7.157000e-08 -1.419000e+00
7.158000e-08 -1.419480e+00
7.159000e-08 -1.419960e+00
7.160000e-08 -1.420440e+00
7.161000e-08 -1.421040e+00
7.162000e-08 -1.421520e+00
7.163000e-08 -1.422000e+00
7.164000e-08 -1.422600e+00
7.165000e-08 -1.423080e+00
7.166000e-08 -1.423560e+00
7.167000e-08 -1.424160e+00
7.168000e-08 -1.424640e+00
7.169000e-08 -1.425120e+00
7.170000e-08 -1.425600e+00
7.171000e-08 -1.426200e+00
7.172000e-08 -1.426680e+00
7.173000e-08 -1.427160e+00
7.174000e-08 -1.427520e+00
7.175000e-08 -1.427640e+00
7.176000e-08 -1.427880e+00
7.177000e-08 -1.428120e+00
7.178000e-08 -1.428240e+00
7.179000e-08 -1.428480e+00
7.180000e-08 -1.428720e+00
7.181000e-08 -1.428960e+00
7.182000e-08 -1.429080e+00
7.183000e-08 -1.429320e+00
7.184000e-08 -1.429560e+00
7.185000e-08 -1.429680e+00
7.186000e-08 -1.429920e+00
7.187000e-08 -1.430160e+00
7.188000e-08 -1.430400e+00
7.189000e-08 -1.430520e+00
7.190000e-08 -1.430760e+00
7.191000e-08 -1.431000e+00
7.192000e-08 -1.431120e+00
7.193000e-08 -1.431360e+00
7.194000e-08 -1.431600e+00
7.195000e-08 -1.431840e+00
7.196000e-08 -1.431960e+00
7.197000e-08 -1.432200e+00
7.198000e-08 -1.432440e+00
7.199000e-08 -1.432680e+00
7.200000e-08 -1.432800e+00
7.201000e-08 -1.433040e+00
7.202000e-08 -1.433280e+00
7.203000e-08 -1.433400e+00
7.204000e-08 -1.433640e+00
7.205000e-08 -1.433880e+00
7.206000e-08 -1.434120e+00
7.207000e-08 -1.434240e+00
7.208000e-08 -1.434480e+00
7.209000e-08 -1.434720e+00
7.210000e-08 -1.434840e+00
7.211000e-08 -1.435080e+00
7.212000e-08 -1.435320e+00
7.213000e-08 -1.435440e+00
7.214000e-08 -1.435560e+00
7.215000e-08 -1.435560e+00
7.216000e-08 -1.435680e+00
7.217000e-08 -1.435800e+00
7.218000e-08 -1.435800e+00
7.219000e-08 -1.435920e+00
7.220000e-08 -1.435920e+00
7.221000e-08 -1.436040e+00
7.222000e-08 -1.436040e+00
7.223000e-08 -1.436160e+00
7.224000e-08 -1.436160e+00
7.225000e-08 -1.436280e+00
7.226000e-08 -1.436400e+00
7.227000e-08 -1.436400e+00
7.228000e-08 -1.436520e+00
7.229000e-08 -1.436520e+00
7.230000e-08 -1.436640e+00
7.231000e-08 -1.436640e+00
7.232000e-08 -1.436760e+00
7.233000e-08 -1.436880e+00
7.234000e-08 -1.436880e+00
7.235000e-08 -1.437000e+00
7.236000e-08 -1.437000e+00
7.237000e-08 -1.437120e+00
7.238000e-08 -1.437120e+00
7.239000e-08 -1.437240e+00
7.240000e-08 -1.437240e+00
7.241000e-08 -1.437360e+00
7.242000e-08 -1.437480e+00
7.243000e-08 -1.437480e+00
7.244000e-08 -1.437600e+00
7.245000e-08 -1.437600e+00
7.246000e-08 -1.437720e+00
7.247000e-08 -1.437720e+00
7.248000e-08 -1.437840e+00
7.249000e-08 -1.437960e+00
7.250000e-08 -1.437960e+00
7.251000e-08 -1.438080e+00
7.252000e-08 -1.438080e+00
7.253000e-08 -1.438200e+00
7.254000e-08 -1.438200e+00
7.255000e-08 -1.438320e+00
7.256000e-08 -1.438440e+00
7.257000e-08 -1.438440e+00
7.258000e-08 -1.438560e+00
7.259000e-08 -1.438560e+00
7.260000e-08 -1.438680e+00
7.261000e-08 -1.438680e+00
7.262000e-08 -1.438800e+00
7.263000e-08 -1.438800e+00
7.264000e-08 -1.438800e+00
7.265000e-08 -1.438800e+00
7.266000e-08 -1.438800e+00
7.267000e-08 -1.438800e+00
7.268000e-08 -1.438800e+00
7.269000e-08 -1.438800e+00
7.270000e-08 -1.438920e+00
7.271000e-08 -1.438920e+00
7.272000e-08 -1.438920e+00
7.273000e-08 -1.438920e+00
7.274000e-08 -1.438920e+00
7.275000e-08 -1.438920e+00
7.276000e-08 -1.438920e+00
7.277000e-08 -1.439040e+00
7.278000e-08 -1.439040e+00
7.279000e-08 -1.439040e+00
7.280000e-08 -1.439040e+00
7.281000e-08 -1.439040e+00
7.282000e-08 -1.439040e+00
7.283000e-08 -1.439040e+00
7.284000e-08 -1.439160e+00
7.285000e-08 -1.439160e+00
7.286000e-08 -1.439160e+00
7.287000e-08 -1.439160e+00
7.288000e-08 -1.439160e+00
7.289000e-08 -1.439160e+00
7.290000e-08 -1.439160e+00
7.291000e-08 -1.439280e+00
7.292000e-08 -1.439280e+00
7.293000e-08 -1.439280e+00
7.294000e-08 -1.439280e+00
7.295000e-08 -1.439280e+00
7.296000e-08 -1.439280e+00
7.297000e-08 -1.439280e+00
7.298000e-08 -1.439280e+00
7.299000e-08 -1.439400e+00
7.300000e-08 -1.439400e+00
7.301000e-08 -1.439400e+00
7.302000e-08 -1.439400e+00
7.303000e-08 -1.439400e+00
7.304000e-08 -1.439400e+00
7.305000e-08 -1.439400e+00
7.306000e-08 -1.439520e+00
7.307000e-08 -1.439520e+00
7.308000e-08 -1.439520e+00
7.309000e-08 -1.439520e+00
7.310000e-08 -1.439520e+00
7.311000e-08 -1.439520e+00
7.312000e-08 -1.439520e+00
7.313000e-08 -1.439640e+00
7.314000e-08 -1.439640e+00
7.315000e-08 -1.439640e+00
7.316000e-08 -1.439640e+00
7.317000e-08 -1.439640e+00
7.318000e-08 -1.439640e+00
7.319000e-08 -1.439640e+00
7.320000e-08 -1.439760e+00
7.321000e-08 -1.439760e+00
7.322000e-08 -1.439760e+00
7.323000e-08 -1.439760e+00
7.324000e-08 -1.439760e+00
7.325000e-08 -1.439760e+00
7.326000e-08 -1.439760e+00
7.327000e-08 -1.439760e+00
7.328000e-08 -1.439760e+00
7.329000e-08 -1.439760e+00
7.330000e-08 -1.439760e+00
7.331000e-08 -1.439760e+00
7.332000e-08 -1.439760e+00
7.333000e-08 -1.439760e+00
7.334000e-08 -1.439760e+00
7.335000e-08 -1.439760e+00
7.336000e-08 -1.439760e+00
7.337000e-08 -1.439760e+00
7.338000e-08 -1.439760e+00
7.339000e-08 -1.439760e+00
7.340000e-08 -1.439760e+00
7.341000e-08 -1.439760e+00
7.342000e-08 -1.439760e+00
7.343000e-08 -1.439760e+00
7.344000e-08 -1.439760e+00
7.345000e-08 -1.439760e+00
7.346000e-08 -1.439760e+00
7.347000e-08 -1.439760e+00
7.348000e-08 -1.439760e+00
7.349000e-08 -1.439760e+00
7.350000e-08 -1.439760e+00
7.351000e-08 -1.439760e+00
7.352000e-08 -1.439760e+00
7.353000e-08 -1.439760e+00
7.354000e-08 -1.439760e+00
7.355000e-08 -1.439760e+00
7.356000e-08 -1.439880e+00
7.357000e-08 -1.439880e+00
7.358000e-08 -1.439880e+00
7.359000e-08 -1.439880e+00
7.360000e-08 -1.439880e+00
7.361000e-08 -1.439880e+00
7.362000e-08 -1.439880e+00
7.363000e-08 -1.439880e+00
7.364000e-08 -1.439880e+00
7.365000e-08 -1.439880e+00
7.366000e-08 -1.439880e+00
7.367000e-08 -1.439880e+00
7.368000e-08 -1.439880e+00
7.369000e-08 -1.439880e+00
7.370000e-08 -1.439880e+00
7.371000e-08 -1.439880e+00
7.372000e-08 -1.439880e+00
7.373000e-08 -1.439880e+00
7.374000e-08 -1.439880e+00
7.375000e-08 -1.439880e+00
7.376000e-08 -1.439880e+00
7.377000e-08 -1.439880e+00
7.378000e-08 -1.439880e+00
7.379000e-08 -1.439880e+00
7.380000e-08 -1.439880e+00
7.381000e-08 -1.439880e+00
7.382000e-08 -1.439880e+00
7.383000e-08 -1.439880e+00
7.384000e-08 -1.439880e+00
7.385000e-08 -1.439880e+00
7.386000e-08 -1.439880e+00
7.387000e-08 -1.439880e+00
7.388000e-08 -1.439880e+00
7.389000e-08 -1.439880e+00
7.390000e-08 -1.439880e+00
7.391000e-08 -1.439880e+00
7.392000e-08 -1.439880e+00
7.393000e-08 -1.439880e+00
7.394000e-08 -1.439880e+00
7.395000e-08 -1.439880e+00
7.396000e-08 -1.439880e+00
7.397000e-08 -1.439880e+00
7.398000e-08 -1.439880e+00
7.399000e-08 -1.439880e+00
7.400000e-08 -1.439880e+00
7.401000e-08 -1.439880e+00
7.402000e-08 -1.439880e+00
7.403000e-08 -1.439880e+00
7.404000e-08 -1.439880e+00
7.405000e-08 -1.439880e+00
7.406000e-08 -1.439880e+00
7.407000e-08 -1.439880e+00
7.408000e-08 -1.439880e+00
7.409000e-08 -1.439880e+00
7.410000e-08 -1.439880e+00
7.411000e-08 -1.439880e+00
7.412000e-08 -1.439880e+00
7.413000e-08 -1.439880e+00
7.414000e-08 -1.439880e+00
7.415000e-08 -1.439880e+00
7.416000e-08 -1.439880e+00
7.417000e-08 -1.439880e+00
7.418000e-08 -1.439880e+00
7.419000e-08 -1.439880e+00
7.420000e-08 -1.439880e+00
7.421000e-08 -1.439880e+00
7.422000e-08 -1.439880e+00
7.423000e-08 -1.439880e+00
7.424000e-08 -1.439880e+00
7.425000e-08 -1.439880e+00
7.426000e-08 -1.439880e+00
7.427000e-08 -1.439880e+00
7.428000e-08 -1.439880e+00
7.429000e-08 -1.439880e+00
7.430000e-08 -1.439880e+00
7.431000e-08 -1.439880e+00
7.432000e-08 -1.439880e+00
7.433000e-08 -1.439880e+00
7.434000e-08 -1.439880e+00
7.435000e-08 -1.439880e+00
7.436000e-08 -1.439880e+00
7.437000e-08 -1.440000e+00
7.438000e-08 -1.440000e+00
7.439000e-08 -1.440000e+00
7.440000e-08 -1.440000e+00
7.441000e-08 -1.440000e+00
7.442000e-08 -1.440000e+00
7.443000e-08 -1.440000e+00
7.444000e-08 -1.440000e+00
7.445000e-08 -1.440000e+00
7.446000e-08 -1.440000e+00
7.447000e-08 -1.440000e+00
7.448000e-08 -1.440000e+00
7.449000e-08 -1.440000e+00
7.450000e-08 -1.440000e+00
7.451000e-08 -1.440000e+00
7.452000e-08 -1.440000e+00
7.453000e-08 -1.440000e+00
7.454000e-08 -1.440000e+00
7.455000e-08 -1.440000e+00
7.456000e-08 -1.440000e+00
7.457000e-08 -1.440000e+00
7.458000e-08 -1.440000e+00
7.459000e-08 -1.440000e+00
7.460000e-08 -1.440000e+00
7.461000e-08 -1.440000e+00
7.462000e-08 -1.440000e+00
7.463000e-08 -1.440000e+00
7.464000e-08 -1.440000e+00
7.465000e-08 -1.440000e+00
7.466000e-08 -1.440000e+00
7.467000e-08 -1.440000e+00
7.468000e-08 -1.440000e+00
7.469000e-08 -1.440000e+00
7.470000e-08 -1.440000e+00
7.471000e-08 -1.440000e+00
7.472000e-08 -1.440000e+00
7.473000e-08 -1.440000e+00
7.474000e-08 -1.440000e+00
7.475000e-08 -1.440000e+00
7.476000e-08 -1.440000e+00
7.477000e-08 -1.440000e+00
7.478000e-08 -1.440000e+00
7.479000e-08 -1.440000e+00
7.480000e-08 -1.440000e+00
7.481000e-08 -1.440000e+00
7.482000e-08 -1.440000e+00
7.483000e-08 -1.440000e+00
7.484000e-08 -1.440000e+00
7.485000e-08 -1.440000e+00
7.486000e-08 -1.440000e+00
7.487000e-08 -1.440000e+00
7.488000e-08 -1.440000e+00
7.489000e-08 -1.440000e+00
7.490000e-08 -1.440000e+00
7.491000e-08 -1.440000e+00
7.492000e-08 -1.440000e+00
7.493000e-08 -1.440000e+00
7.494000e-08 -1.440000e+00
7.495000e-08 -1.440000e+00
7.496000e-08 -1.440000e+00
7.497000e-08 -1.440000e+00
7.498000e-08 -1.440000e+00
7.499000e-08 -1.440000e+00
7.500000e-08 -1.440000e+00
7.501000e-08 -1.440000e+00
7.502000e-08 -1.440000e+00
7.503000e-08 -1.440000e+00
7.504000e-08 -1.440000e+00
7.505000e-08 -1.440000e+00
7.506000e-08 -1.440000e+00
7.507000e-08 -1.440000e+00
7.508000e-08 -1.440000e+00
7.509000e-08 -1.440000e+00
7.510000e-08 -1.440000e+00
7.511000e-08 -1.440000e+00
7.512000e-08 -1.440000e+00
7.513000e-08 -1.440000e+00
7.514000e-08 -1.440000e+00
7.515000e-08 -1.440000e+00
7.516000e-08 -1.440000e+00
7.517000e-08 -1.440000e+00
7.518000e-08 -1.440000e+00
7.519000e-08 -1.440000e+00
7.520000e-08 -1.440000e+00
7.521000e-08 -1.440000e+00
7.522000e-08 -1.440000e+00
7.523000e-08 -1.440000e+00
7.524000e-08 -1.440000e+00
7.525000e-08 -1.440000e+00
7.526000e-08 -1.440000e+00
7.527000e-08 -1.440000e+00
7.528000e-08 -1.440000e+00
7.529000e-08 -1.440000e+00
7.530000e-08 -1.440000e+00
7.531000e-08 -1.440000e+00
7.532000e-08 -1.440000e+00
7.533000e-08 -1.440000e+00
7.534000e-08 -1.440000e+00
7.535000e-08 -1.440000e+00
7.536000e-08 -1.440000e+00
7.537000e-08 -1.440000e+00
7.538000e-08 -1.440000e+00
7.539000e-08 -1.440000e+00
7.540000e-08 -1.440000e+00
7.541000e-08 -1.440000e+00
7.542000e-08 -1.440000e+00
7.543000e-08 -1.440000e+00
7.544000e-08 -1.440000e+00
7.545000e-08 -1.440000e+00
7.546000e-08 -1.440000e+00
7.547000e-08 -1.440000e+00
7.548000e-08 -1.440000e+00
7.549000e-08 -1.440000e+00
7.550000e-08 -1.440000e+00
7.551000e-08 -1.440000e+00
7.552000e-08 -1.440000e+00
7.553000e-08 -1.440000e+00
7.554000e-08 -1.440000e+00
7.555000e-08 -1.440000e+00
7.556000e-08 -1.440000e+00
7.557000e-08 -1.440000e+00
7.558000e-08 -1.440000e+00
7.559000e-08 -1.440000e+00
7.560000e-08 -1.440000e+00
7.561000e-08 -1.440000e+00
7.562000e-08 -1.440000e+00
7.563000e-08 -1.440000e+00
7.564000e-08 -1.440000e+00
7.565000e-08 -1.440000e+00
7.566000e-08 -1.440000e+00
7.567000e-08 -1.440000e+00
7.568000e-08 -1.440000e+00
7.569000e-08 -1.440000e+00
7.570000e-08 -1.440000e+00
7.571000e-08 -1.440000e+00
7.572000e-08 -1.440000e+00
7.573000e-08 -1.440000e+00
7.574000e-08 -1.440000e+00
7.575000e-08 -1.440000e+00
7.576000e-08 -1.440000e+00
7.577000e-08 -1.440000e+00
7.578000e-08 -1.440000e+00
7.579000e-08 -1.440000e+00
7.580000e-08 -1.440000e+00
7.581000e-08 -1.440000e+00
7.582000e-08 -1.440000e+00
7.583000e-08 -1.440000e+00
7.584000e-08 -1.440000e+00
7.585000e-08 -1.440000e+00
7.586000e-08 -1.440000e+00
7.587000e-08 -1.440000e+00
7.588000e-08 -1.440000e+00
7.589000e-08 -1.440000e+00
7.590000e-08 -1.440000e+00
7.591000e-08 -1.440000e+00
7.592000e-08 -1.440000e+00
7.593000e-08 -1.440000e+00
7.594000e-08 -1.440000e+00
7.595000e-08 -1.440000e+00
7.596000e-08 -1.440000e+00
7.597000e-08 -1.440000e+00
7.598000e-08 -1.440000e+00
7.599000e-08 -1.440000e+00
7.600000e-08 -1.440000e+00
7.601000e-08 -1.440000e+00
7.602000e-08 -1.440000e+00
7.603000e-08 -1.440000e+00
7.604000e-08 -1.440000e+00
7.605000e-08 -1.440000e+00
7.606000e-08 -1.440000e+00
7.607000e-08 -1.440000e+00
7.608000e-08 -1.440000e+00
7.609000e-08 -1.440000e+00
7.610000e-08 -1.440000e+00
7.611000e-08 -1.440000e+00
7.612000e-08 -1.440000e+00
7.613000e-08 -1.440000e+00
7.614000e-08 -1.440000e+00
7.615000e-08 -1.440000e+00
7.616000e-08 -1.440000e+00
7.617000e-08 -1.440000e+00
7.618000e-08 -1.440000e+00
7.619000e-08 -1.440000e+00
7.620000e-08 -1.440000e+00
7.621000e-08 -1.440000e+00
7.622000e-08 -1.440000e+00
7.623000e-08 -1.440000e+00
7.624000e-08 -1.440000e+00
7.625000e-08 -1.440000e+00
7.626000e-08 -1.440000e+00
7.627000e-08 -1.440000e+00
7.628000e-08 -1.440000e+00
7.629000e-08 -1.440000e+00
7.630000e-08 -1.440000e+00
7.631000e-08 -1.440000e+00
7.632000e-08 -1.440000e+00
7.633000e-08 -1.440000e+00
7.634000e-08 -1.440000e+00
7.635000e-08 -1.440000e+00
7.636000e-08 -1.440000e+00
7.637000e-08 -1.440000e+00
7.638000e-08 -1.440000e+00
7.639000e-08 -1.440000e+00
7.640000e-08 -1.440000e+00
7.641000e-08 -1.440000e+00
7.642000e-08 -1.440000e+00
7.643000e-08 -1.440000e+00
7.644000e-08 -1.440000e+00
7.645000e-08 -1.440000e+00
7.646000e-08 -1.440000e+00
7.647000e-08 -1.440000e+00
7.648000e-08 -1.440000e+00
7.649000e-08 -1.440000e+00
7.650000e-08 -1.440000e+00
7.651000e-08 -1.440000e+00
7.652000e-08 -1.440000e+00
7.653000e-08 -1.440000e+00
7.654000e-08 -1.440000e+00
7.655000e-08 -1.440000e+00
7.656000e-08 -1.440000e+00
7.657000e-08 -1.440000e+00
7.658000e-08 -1.440000e+00
7.659000e-08 -1.440000e+00
7.660000e-08 -1.440000e+00
7.661000e-08 -1.440000e+00
7.662000e-08 -1.440000e+00
7.663000e-08 -1.440000e+00
7.664000e-08 -1.440000e+00
7.665000e-08 -1.440000e+00
7.666000e-08 -1.440000e+00
7.667000e-08 -1.440000e+00
7.668000e-08 -1.440000e+00
7.669000e-08 -1.440000e+00
7.670000e-08 -1.440000e+00
7.671000e-08 -1.440000e+00
7.672000e-08 -1.440000e+00
7.673000e-08 -1.440000e+00
7.674000e-08 -1.440000e+00
7.675000e-08 -1.440000e+00
7.676000e-08 -1.440000e+00
7.677000e-08 -1.440000e+00
7.678000e-08 -1.440000e+00
7.679000e-08 -1.440000e+00
7.680000e-08 -1.440000e+00
7.681000e-08 -1.440000e+00
7.682000e-08 -1.440000e+00
7.683000e-08 -1.440000e+00
7.684000e-08 -1.440000e+00
7.685000e-08 -1.440000e+00
7.686000e-08 -1.440000e+00
7.687000e-08 -1.440000e+00
7.688000e-08 -1.440000e+00
7.689000e-08 -1.440000e+00
7.690000e-08 -1.440000e+00
7.691000e-08 -1.440000e+00
7.692000e-08 -1.440000e+00
7.693000e-08 -1.440000e+00
7.694000e-08 -1.440000e+00
7.695000e-08 -1.440000e+00
7.696000e-08 -1.440000e+00
7.697000e-08 -1.440000e+00
7.698000e-08 -1.440000e+00
7.699000e-08 -1.440000e+00
7.700000e-08 -1.440000e+00
7.701000e-08 -1.440000e+00
7.702000e-08 -1.440000e+00
7.703000e-08 -1.440000e+00
7.704000e-08 -1.440000e+00
7.705000e-08 -1.440000e+00
7.706000e-08 -1.440000e+00
7.707000e-08 -1.440000e+00
7.708000e-08 -1.440000e+00
7.709000e-08 -1.440000e+00
7.710000e-08 -1.440000e+00
7.711000e-08 -1.440000e+00
7.712000e-08 -1.440000e+00
7.713000e-08 -1.440000e+00
7.714000e-08 -1.440000e+00
7.715000e-08 -1.440000e+00
7.716000e-08 -1.440000e+00
7.717000e-08 -1.440000e+00
7.718000e-08 -1.440000e+00
7.719000e-08 -1.440000e+00
7.720000e-08 -1.440000e+00
7.721000e-08 -1.440000e+00
7.722000e-08 -1.440000e+00
7.723000e-08 -1.440000e+00
7.724000e-08 -1.440000e+00
7.725000e-08 -1.440000e+00
7.726000e-08 -1.440000e+00
7.727000e-08 -1.440000e+00
7.728000e-08 -1.440000e+00
7.729000e-08 -1.440000e+00
7.730000e-08 -1.440000e+00
7.731000e-08 -1.440000e+00
7.732000e-08 -1.440000e+00
7.733000e-08 -1.440000e+00
7.734000e-08 -1.440000e+00
7.735000e-08 -1.440000e+00
7.736000e-08 -1.440000e+00
7.737000e-08 -1.440000e+00
7.738000e-08 -1.440000e+00
7.739000e-08 -1.440000e+00
7.740000e-08 -1.440000e+00
7.741000e-08 -1.440000e+00
7.742000e-08 -1.440000e+00
7.743000e-08 -1.440000e+00
7.744000e-08 -1.440000e+00
7.745000e-08 -1.440000e+00
7.746000e-08 -1.440000e+00
7.747000e-08 -1.440000e+00
7.748000e-08 -1.440000e+00
7.749000e-08 -1.440000e+00
7.750000e-08 -1.440000e+00
7.751000e-08 -1.440000e+00
7.752000e-08 -1.440000e+00
7.753000e-08 -1.440000e+00
7.754000e-08 -1.440000e+00
7.755000e-08 -1.440000e+00
7.756000e-08 -1.440000e+00
7.757000e-08 -1.440000e+00
7.758000e-08 -1.440000e+00
7.759000e-08 -1.440000e+00
7.760000e-08 -1.440000e+00
7.761000e-08 -1.440000e+00
7.762000e-08 -1.440000e+00
7.763000e-08 -1.440000e+00
7.764000e-08 -1.440000e+00
7.765000e-08 -1.440000e+00
7.766000e-08 -1.440000e+00
7.767000e-08 -1.440000e+00
7.768000e-08 -1.440000e+00
7.769000e-08 -1.440000e+00
7.770000e-08 -1.440000e+00
7.771000e-08 -1.440000e+00
7.772000e-08 -1.440000e+00
7.773000e-08 -1.440000e+00
7.774000e-08 -1.440000e+00
7.775000e-08 -1.440000e+00
7.776000e-08 -1.440000e+00
7.777000e-08 -1.440000e+00
7.778000e-08 -1.440000e+00
7.779000e-08 -1.440000e+00
7.780000e-08 -1.440000e+00
7.781000e-08 -1.440000e+00
7.782000e-08 -1.440000e+00
7.783000e-08 -1.440000e+00
7.784000e-08 -1.440000e+00
7.785000e-08 -1.440000e+00
7.786000e-08 -1.440000e+00
7.787000e-08 -1.440000e+00
7.788000e-08 -1.440000e+00
7.789000e-08 -1.440000e+00
7.790000e-08 -1.440000e+00
7.791000e-08 -1.440000e+00
7.792000e-08 -1.440000e+00
7.793000e-08 -1.440000e+00
7.794000e-08 -1.440000e+00
7.795000e-08 -1.440000e+00
7.796000e-08 -1.440000e+00
7.797000e-08 -1.440000e+00
7.798000e-08 -1.440000e+00
7.799000e-08 -1.440000e+00
7.800000e-08 -1.440000e+00
7.801000e-08 -1.440000e+00
7.802000e-08 -1.440000e+00
7.803000e-08 -1.440000e+00
7.804000e-08 -1.440000e+00
7.805000e-08 -1.440000e+00
7.806000e-08 -1.440000e+00
7.807000e-08 -1.440000e+00
7.808000e-08 -1.440000e+00
7.809000e-08 -1.440000e+00
7.810000e-08 -1.440000e+00
7.811000e-08 -1.440000e+00
7.812000e-08 -1.440000e+00
7.813000e-08 -1.440000e+00
7.814000e-08 -1.440000e+00
7.815000e-08 -1.440000e+00
7.816000e-08 -1.440000e+00
7.817000e-08 -1.440000e+00
7.818000e-08 -1.440000e+00
7.819000e-08 -1.440000e+00
7.820000e-08 -1.440000e+00
7.821000e-08 -1.440000e+00
7.822000e-08 -1.440000e+00
7.823000e-08 -1.440000e+00
7.824000e-08 -1.440000e+00
7.825000e-08 -1.440000e+00
7.826000e-08 -1.440000e+00
7.827000e-08 -1.440000e+00
7.828000e-08 -1.440000e+00
7.829000e-08 -1.440000e+00
7.830000e-08 -1.440000e+00
7.831000e-08 -1.440000e+00
7.832000e-08 -1.440000e+00
7.833000e-08 -1.440000e+00
7.834000e-08 -1.440000e+00
7.835000e-08 -1.440000e+00
7.836000e-08 -1.440000e+00
7.837000e-08 -1.440000e+00
7.838000e-08 -1.440000e+00
7.839000e-08 -1.440000e+00
7.840000e-08 -1.440000e+00
7.841000e-08 -1.440000e+00
7.842000e-08 -1.440000e+00
7.843000e-08 -1.440000e+00
7.844000e-08 -1.440000e+00
7.845000e-08 -1.440000e+00
7.846000e-08 -1.440000e+00
7.847000e-08 -1.440000e+00
7.848000e-08 -1.440000e+00
7.849000e-08 -1.440000e+00
7.850000e-08 -1.440000e+00
7.851000e-08 -1.440000e+00
7.852000e-08 -1.440000e+00
7.853000e-08 -1.440000e+00
7.854000e-08 -1.440000e+00
7.855000e-08 -1.440000e+00
7.856000e-08 -1.440000e+00
7.857000e-08 -1.440000e+00
7.858000e-08 -1.440000e+00
7.859000e-08 -1.440000e+00
7.860000e-08 -1.440000e+00
7.861000e-08 -1.440000e+00
7.862000e-08 -1.440000e+00
7.863000e-08 -1.440000e+00
7.864000e-08 -1.440000e+00
7.865000e-08 -1.440000e+00
7.866000e-08 -1.440000e+00
7.867000e-08 -1.440000e+00
7.868000e-08 -1.440000e+00
7.869000e-08 -1.440000e+00
7.870000e-08 -1.440000e+00
7.871000e-08 -1.440000e+00
7.872000e-08 -1.440000e+00
7.873000e-08 -1.440000e+00
7.874000e-08 -1.440000e+00
7.875000e-08 -1.440000e+00
7.876000e-08 -1.440000e+00
7.877000e-08 -1.440000e+00
7.878000e-08 -1.440000e+00
7.879000e-08 -1.440000e+00
7.880000e-08 -1.440000e+00
7.881000e-08 -1.440000e+00
7.882000e-08 -1.440000e+00
7.883000e-08 -1.440000e+00
7.884000e-08 -1.440000e+00
7.885000e-08 -1.440000e+00
7.886000e-08 -1.440000e+00
7.887000e-08 -1.440000e+00
7.888000e-08 -1.440000e+00
7.889000e-08 -1.440000e+00
7.890000e-08 -1.440000e+00
7.891000e-08 -1.440000e+00
7.892000e-08 -1.440000e+00
7.893000e-08 -1.440000e+00
7.894000e-08 -1.440000e+00
7.895000e-08 -1.440000e+00
7.896000e-08 -1.440000e+00
7.897000e-08 -1.440000e+00
7.898000e-08 -1.440000e+00
7.899000e-08 -1.440000e+00
7.900000e-08 -1.440000e+00
7.901000e-08 -1.440000e+00
7.902000e-08 -1.440000e+00
7.903000e-08 -1.440000e+00
7.904000e-08 -1.440000e+00
7.905000e-08 -1.440000e+00
7.906000e-08 -1.440000e+00
7.907000e-08 -1.440000e+00
7.908000e-08 -1.440000e+00
7.909000e-08 -1.440000e+00
7.910000e-08 -1.440000e+00
7.911000e-08 -1.440000e+00
7.912000e-08 -1.440000e+00
7.913000e-08 -1.440000e+00
7.914000e-08 -1.440000e+00
7.915000e-08 -1.440000e+00
7.916000e-08 -1.440000e+00
7.917000e-08 -1.440000e+00
7.918000e-08 -1.440000e+00
7.919000e-08 -1.440000e+00
7.920000e-08 -1.440000e+00
7.921000e-08 -1.440000e+00
7.922000e-08 -1.440000e+00
7.923000e-08 -1.440000e+00
7.924000e-08 -1.440000e+00
7.925000e-08 -1.440000e+00
7.926000e-08 -1.440000e+00
7.927000e-08 -1.440000e+00
7.928000e-08 -1.440000e+00
7.929000e-08 -1.440000e+00
7.930000e-08 -1.440000e+00
7.931000e-08 -1.440000e+00
7.932000e-08 -1.440000e+00
7.933000e-08 -1.440000e+00
7.934000e-08 -1.440000e+00
7.935000e-08 -1.440000e+00
7.936000e-08 -1.440000e+00
7.937000e-08 -1.440000e+00
7.938000e-08 -1.440000e+00
7.939000e-08 -1.440000e+00
7.940000e-08 -1.440000e+00
7.941000e-08 -1.440000e+00
7.942000e-08 -1.440000e+00
7.943000e-08 -1.440000e+00
7.944000e-08 -1.440000e+00
7.945000e-08 -1.440000e+00
7.946000e-08 -1.440000e+00
7.947000e-08 -1.440000e+00
7.948000e-08 -1.440000e+00
7.949000e-08 -1.440000e+00
7.950000e-08 -1.440000e+00
7.951000e-08 -1.440000e+00
7.952000e-08 -1.440000e+00
7.953000e-08 -1.440000e+00
7.954000e-08 -1.440000e+00
7.955000e-08 -1.440000e+00
7.956000e-08 -1.440000e+00
7.957000e-08 -1.440000e+00
7.958000e-08 -1.440000e+00
7.959000e-08 -1.440000e+00
7.960000e-08 -1.440000e+00
7.961000e-08 -1.440000e+00
7.962000e-08 -1.440000e+00
7.963000e-08 -1.440000e+00
7.964000e-08 -1.440000e+00
7.965000e-08 -1.440000e+00
7.966000e-08 -1.440000e+00
7.967000e-08 -1.440000e+00
7.968000e-08 -1.440000e+00
7.969000e-08 -1.440000e+00
7.970000e-08 -1.440000e+00
7.971000e-08 -1.440000e+00
7.972000e-08 -1.440000e+00
7.973000e-08 -1.440000e+00
7.974000e-08 -1.440000e+00
7.975000e-08 -1.440000e+00
7.976000e-08 -1.440000e+00
7.977000e-08 -1.440000e+00
7.978000e-08 -1.440000e+00
7.979000e-08 -1.440000e+00
7.980000e-08 -1.440000e+00
7.981000e-08 -1.440000e+00
7.982000e-08 -1.440000e+00
7.983000e-08 -1.440000e+00
7.984000e-08 -1.440000e+00
7.985000e-08 -1.440000e+00
7.986000e-08 -1.440000e+00
7.987000e-08 -1.440000e+00
7.988000e-08 -1.440000e+00
7.989000e-08 -1.440000e+00
7.990000e-08 -1.440000e+00
7.991000e-08 -1.440000e+00
7.992000e-08 -1.440000e+00
7.993000e-08 -1.440000e+00
7.994000e-08 -1.440000e+00
7.995000e-08 -1.440000e+00
7.996000e-08 -1.440000e+00
7.997000e-08 -1.440000e+00
7.998000e-08 -1.440000e+00
7.999000e-08 -1.440000e+00
8.000000e-08 -1.440000e+00
8.001000e-08 -1.603080e+00
8.002000e-08 -1.748520e+00
8.003000e-08 -1.887960e+00
8.004000e-08 -2.027400e+00
8.005000e-08 -2.146800e+00
8.006000e-08 -2.242560e+00
8.007000e-08 -2.295960e+00
8.008000e-08 -2.304600e+00
8.009000e-08 -2.313360e+00
8.010000e-08 -2.311080e+00
8.011000e-08 -2.227440e+00
8.012000e-08 -2.185200e+00
8.013000e-08 -2.151840e+00
8.014000e-08 -2.121480e+00
8.015000e-08 -2.091840e+00
8.016000e-08 -2.062320e+00
8.017000e-08 -2.032320e+00
8.018000e-08 -1.999080e+00
8.019000e-08 -1.957560e+00
8.020000e-08 -1.886280e+00
8.021000e-08 -1.648920e+00
8.022000e-08 -1.380240e+00
8.023000e-08 -1.083956e+00
8.024000e-08 -7.875008e-01
8.025000e-08 -5.753479e-01
8.026000e-08 -4.511962e-01
8.027000e-08 -3.832751e-01
8.028000e-08 -3.317474e-01
8.029000e-08 -2.966580e-01
8.030000e-08 -2.619517e-01
8.031000e-08 -2.370412e-01
8.032000e-08 -2.121307e-01
8.033000e-08 -1.941451e-01
8.034000e-08 -1.770138e-01
8.035000e-08 -1.598825e-01
8.036000e-08 -1.427510e-01
8.037000e-08 -1.317551e-01
8.038000e-08 -1.217438e-01
8.039000e-08 -1.117326e-01
8.040000e-08 -1.017212e-01
8.041000e-08 -9.171000e-02
8.042000e-08 -8.169876e-02
8.043000e-08 -7.380660e-02
8.044000e-08 -6.891396e-02
8.045000e-08 -6.402132e-02
8.046000e-08 -5.912880e-02
8.047000e-08 -5.423616e-02
8.048000e-08 -4.934352e-02
8.049000e-08 -4.445088e-02
8.050000e-08 -3.955836e-02
8.051000e-08 -3.466572e-02
8.052000e-08 -3.203172e-02
8.053000e-08 -3.006924e-02
8.054000e-08 -2.810676e-02
8.055000e-08 -2.614440e-02
8.056000e-08 -2.418192e-02
8.057000e-08 -2.221944e-02
8.058000e-08 -2.025696e-02
8.059000e-08 -1.829460e-02
8.060000e-08 -1.633212e-02
8.061000e-08 -1.436964e-02
8.062000e-08 -1.240716e-02
8.063000e-08 -1.146072e-02
8.064000e-08 -1.084836e-02
8.065000e-08 -1.023600e-02
8.066000e-08 -9.623640e-03
8.067000e-08 -9.011280e-03
8.068000e-08 -8.398920e-03
8.069000e-08 -7.786560e-03
8.070000e-08 -7.174200e-03
8.071000e-08 -6.561720e-03
8.072000e-08 -5.949360e-03
8.073000e-08 -5.337000e-03
8.074000e-08 -4.724640e-03
8.075000e-08 -4.112280e-03
8.076000e-08 -3.499920e-03
8.077000e-08 -3.285960e-03
8.078000e-08 -3.150720e-03
8.079000e-08 -3.015480e-03
8.080000e-08 -2.880360e-03
8.081000e-08 -2.745120e-03
8.082000e-08 -2.609880e-03
8.083000e-08 -2.474640e-03
8.084000e-08 -2.339520e-03
8.085000e-08 -2.204280e-03
8.086000e-08 -2.069040e-03
8.087000e-08 -1.933800e-03
8.088000e-08 -1.798680e-03
8.089000e-08 -1.663440e-03
8.090000e-08 -1.528200e-03
8.091000e-08 -1.392960e-03
8.092000e-08 -1.257840e-03
8.093000e-08 -1.122601e-03
8.094000e-08 -9.873914e-04
8.095000e-08 -9.648874e-04
8.096000e-08 -9.483403e-04
8.097000e-08 -9.317933e-04
8.098000e-08 -9.152462e-04
8.099000e-08 -8.986991e-04
8.100000e-08 -8.821520e-04
8.101000e-08 -8.656050e-04
8.102000e-08 -8.490580e-04
8.103000e-08 -8.325109e-04
8.104000e-08 -8.159639e-04
8.105000e-08 -7.994167e-04
8.106000e-08 -7.828697e-04
8.107000e-08 -7.663226e-04
8.108000e-08 -7.497756e-04
8.109000e-08 -7.332286e-04
8.110000e-08 -7.166815e-04
8.111000e-08 -7.001344e-04
8.112000e-08 -6.835873e-04
8.113000e-08 -6.670403e-04
8.114000e-08 -6.504932e-04
8.115000e-08 -6.339462e-04
8.116000e-08 -6.173992e-04
8.117000e-08 -6.008520e-04
8.118000e-08 -5.843050e-04
8.119000e-08 -5.800321e-04
8.120000e-08 -5.808137e-04
8.121000e-08 -5.815951e-04
8.122000e-08 -5.823766e-04
8.123000e-08 -5.831580e-04
8.124000e-08 -5.839394e-04
8.125000e-08 -5.847209e-04
8.126000e-08 -5.855024e-04
8.127000e-08 -5.862839e-04
8.128000e-08 -5.870653e-04
8.129000e-08 -5.878468e-04
8.130000e-08 -5.886282e-04
8.131000e-08 -5.894096e-04
8.132000e-08 -5.901912e-04
8.133000e-08 -5.909726e-04
8.134000e-08 -5.917541e-04
8.135000e-08 -5.925355e-04
8.136000e-08 -5.933170e-04
8.137000e-08 -5.940984e-04
8.138000e-08 -5.948798e-04
8.139000e-08 -5.956614e-04
8.140000e-08 -5.964428e-04
8.141000e-08 -5.972243e-04
8.142000e-08 -5.980057e-04
8.143000e-08 -5.987872e-04
8.144000e-08 -5.995686e-04
8.145000e-08 -6.003502e-04
8.146000e-08 -6.011316e-04
8.147000e-08 -6.019130e-04
8.148000e-08 -6.026945e-04
8.149000e-08 -6.034759e-04
8.150000e-08 -6.042574e-04
8.151000e-08 -6.050389e-04
8.152000e-08 -6.058204e-04
8.153000e-08 -6.066018e-04
8.154000e-08 -6.073832e-04
8.155000e-08 -6.070129e-04
8.156000e-08 -6.066077e-04
8.157000e-08 -6.062024e-04
8.158000e-08 -6.057972e-04
8.159000e-08 -6.053920e-04
8.160000e-08 -6.049867e-04
8.161000e-08 -6.045815e-04
8.162000e-08 -6.041764e-04
8.163000e-08 -6.037711e-04
8.164000e-08 -6.033659e-04
8.165000e-08 -6.029606e-04
8.166000e-08 -6.025554e-04
8.167000e-08 -6.021502e-04
8.168000e-08 -6.017449e-04
8.169000e-08 -6.013397e-04
8.170000e-08 -6.009344e-04
8.171000e-08 -6.005292e-04
8.172000e-08 -6.001240e-04
8.173000e-08 -5.997187e-04
8.174000e-08 -5.993135e-04
8.175000e-08 -5.989082e-04
8.176000e-08 -5.985030e-04
8.177000e-08 -5.980978e-04
8.178000e-08 -5.976925e-04
8.179000e-08 -5.972873e-04
8.180000e-08 -5.968820e-04
8.181000e-08 -5.964769e-04
8.182000e-08 -5.960717e-04
8.183000e-08 -5.956664e-04
8.184000e-08 -5.952612e-04
8.185000e-08 -5.948560e-04
8.186000e-08 -5.944507e-04
8.187000e-08 -5.940455e-04
8.188000e-08 -5.936402e-04
8.189000e-08 -5.932350e-04
8.190000e-08 -5.928298e-04
8.191000e-08 -5.924245e-04
8.192000e-08 -5.920193e-04
8.193000e-08 -5.916140e-04
8.194000e-08 -5.912088e-04
8.195000e-08 -5.908036e-04
8.196000e-08 -5.903983e-04
8.197000e-08 -5.899931e-04
8.198000e-08 -5.895878e-04
8.199000e-08 -5.891826e-04
8.200000e-08 -5.887775e-04
8.201000e-08 -5.883722e-04
8.202000e-08 -5.879670e-04
8.203000e-08 -5.875618e-04
8.204000e-08 -5.871565e-04
8.205000e-08 -5.867513e-04
8.206000e-08 -5.863460e-04
8.207000e-08 -5.859408e-04
8.208000e-08 -5.855356e-04
8.209000e-08 -5.851303e-04
8.210000e-08 -5.847251e-04
8.211000e-08 -5.843198e-04
8.212000e-08 -5.839146e-04
8.213000e-08 -5.835094e-04
8.214000e-08 -5.831504e-04
8.215000e-08 -5.830106e-04
8.216000e-08 -5.828710e-04
8.217000e-08 -5.827312e-04
8.218000e-08 -5.825915e-04
8.219000e-08 -5.824517e-04
8.220000e-08 -5.823119e-04
8.221000e-08 -5.821722e-04
8.222000e-08 -5.820324e-04
8.223000e-08 -5.818927e-04
8.224000e-08 -5.817529e-04
8.225000e-08 -5.816132e-04
8.226000e-08 -5.814734e-04
8.227000e-08 -5.813336e-04
8.228000e-08 -5.811940e-04
8.229000e-08 -5.810542e-04
8.230000e-08 -5.809145e-04
8.231000e-08 -5.807747e-04
8.232000e-08 -5.806350e-04
8.233000e-08 -5.804952e-04
8.234000e-08 -5.803555e-04
8.235000e-08 -5.802157e-04
8.236000e-08 -5.800759e-04
8.237000e-08 -5.799362e-04
8.238000e-08 -5.797964e-04
8.239000e-08 -5.796568e-04
8.240000e-08 -5.795170e-04
8.241000e-08 -5.793773e-04
8.242000e-08 -5.792375e-04
8.243000e-08 -5.790977e-04
8.244000e-08 -5.789580e-04
8.245000e-08 -5.788182e-04
8.246000e-08 -5.786785e-04
8.247000e-08 -5.785387e-04
8.248000e-08 -5.783990e-04
8.249000e-08 -5.782592e-04
8.250000e-08 -5.781196e-04
8.251000e-08 -5.779798e-04
8.252000e-08 -5.778400e-04
8.253000e-08 -5.777003e-04
8.254000e-08 -5.775605e-04
8.255000e-08 -5.774208e-04
8.256000e-08 -5.772810e-04
8.257000e-08 -5.771413e-04
8.258000e-08 -5.770015e-04
8.259000e-08 -5.768617e-04
8.260000e-08 -5.767220e-04
8.261000e-08 -5.765822e-04
8.262000e-08 -5.764426e-04
8.263000e-08 -5.763028e-04
8.264000e-08 -5.761631e-04
8.265000e-08 -5.760233e-04
8.266000e-08 -5.758836e-04
8.267000e-08 -5.757438e-04
8.268000e-08 -5.756040e-04
8.269000e-08 -5.754643e-04
8.270000e-08 -5.753245e-04
8.271000e-08 -5.751848e-04
8.272000e-08 -5.750450e-04
8.273000e-08 -5.749054e-04
8.274000e-08 -5.747656e-04
8.275000e-08 -5.746258e-04
8.276000e-08 -5.744861e-04
8.277000e-08 -5.743463e-04
8.278000e-08 -5.742066e-04
8.279000e-08 -5.740668e-04
8.280000e-08 -5.739271e-04
8.281000e-08 -5.737873e-04
8.282000e-08 -5.736476e-04
8.283000e-08 -5.735078e-04
8.284000e-08 -5.733680e-04
8.285000e-08 -5.732284e-04
8.286000e-08 -5.730886e-04
8.287000e-08 -5.729489e-04
8.288000e-08 -5.728091e-04
8.289000e-08 -5.726694e-04
8.290000e-08 -5.725296e-04
8.291000e-08 -5.723898e-04
8.292000e-08 -5.722501e-04
8.293000e-08 -5.721103e-04
8.294000e-08 -5.719706e-04
8.295000e-08 -5.718308e-04
8.296000e-08 -5.716912e-04
8.297000e-08 -5.715514e-04
8.298000e-08 -5.714116e-04
8.299000e-08 -5.712719e-04
8.300000e-08 -5.711321e-04
8.301000e-08 -5.709924e-04
8.302000e-08 -5.708526e-04
8.303000e-08 -5.707129e-04
8.304000e-08 -5.705731e-04
8.305000e-08 -5.704334e-04
8.306000e-08 -5.702936e-04
8.307000e-08 -5.701538e-04
8.308000e-08 -5.700142e-04
8.309000e-08 -5.698744e-04
8.310000e-08 -5.697347e-04
8.311000e-08 -5.695949e-04
8.312000e-08 -5.694552e-04
8.313000e-08 -5.693154e-04
8.314000e-08 -5.691756e-04
8.315000e-08 -5.690359e-04
8.316000e-08 -5.688961e-04
8.317000e-08 -5.687564e-04
8.318000e-08 -5.686166e-04
8.319000e-08 -5.684770e-04
8.320000e-08 -5.683372e-04
8.321000e-08 -5.681975e-04
8.322000e-08 -5.680577e-04
8.323000e-08 -5.679179e-04
8.324000e-08 -5.677782e-04
8.325000e-08 -5.676384e-04
8.326000e-08 -5.674987e-04
8.327000e-08 -5.673589e-04
8.328000e-08 -5.672192e-04
8.329000e-08 -5.670794e-04
8.330000e-08 -5.669396e-04
8.331000e-08 -5.668000e-04
8.332000e-08 -5.666602e-04
8.333000e-08 -5.665205e-04
8.334000e-08 -5.665387e-04
8.335000e-08 -5.665608e-04
8.336000e-08 -5.665828e-04
8.337000e-08 -5.666047e-04
8.338000e-08 -5.666267e-04
8.339000e-08 -5.666488e-04
8.340000e-08 -5.666707e-04
8.341000e-08 -5.666927e-04
8.342000e-08 -5.667148e-04
8.343000e-08 -5.667367e-04
8.344000e-08 -5.667587e-04
8.345000e-08 -5.667808e-04
8.346000e-08 -5.668027e-04
8.347000e-08 -5.668247e-04
8.348000e-08 -5.668468e-04
8.349000e-08 -5.668687e-04
8.350000e-08 -5.668907e-04
8.351000e-08 -5.669128e-04
8.352000e-08 -5.669347e-04
8.353000e-08 -5.669567e-04
8.354000e-08 -5.669788e-04
8.355000e-08 -5.670007e-04
8.356000e-08 -5.670227e-04
8.357000e-08 -5.670448e-04
8.358000e-08 -5.670667e-04
8.359000e-08 -5.670887e-04
8.360000e-08 -5.671106e-04
8.361000e-08 -5.671327e-04
8.362000e-08 -5.671547e-04
8.363000e-08 -5.671766e-04
8.364000e-08 -5.671987e-04
8.365000e-08 -5.672207e-04
8.366000e-08 -5.672426e-04
8.367000e-08 -5.672647e-04
8.368000e-08 -5.672867e-04
8.369000e-08 -5.673086e-04
8.370000e-08 -5.673307e-04
8.371000e-08 -5.673527e-04
8.372000e-08 -5.673746e-04
8.373000e-08 -5.673967e-04
8.374000e-08 -5.674187e-04
8.375000e-08 -5.674406e-04
8.376000e-08 -5.674627e-04
8.377000e-08 -5.674847e-04
8.378000e-08 -5.675066e-04
8.379000e-08 -5.675287e-04
8.380000e-08 -5.675507e-04
8.381000e-08 -5.675726e-04
8.382000e-08 -5.675946e-04
8.383000e-08 -5.676167e-04
8.384000e-08 -5.676386e-04
8.385000e-08 -5.676606e-04
8.386000e-08 -5.676827e-04
8.387000e-08 -5.677046e-04
8.388000e-08 -5.677266e-04
8.389000e-08 -5.677487e-04
8.390000e-08 -5.677706e-04
8.391000e-08 -5.677926e-04
8.392000e-08 -5.678147e-04
8.393000e-08 -5.678366e-04
8.394000e-08 -5.678586e-04
8.395000e-08 -5.678807e-04
8.396000e-08 -5.679026e-04
8.397000e-08 -5.679246e-04
8.398000e-08 -5.679467e-04
8.399000e-08 -5.679686e-04
8.400000e-08 -5.679906e-04
8.401000e-08 -5.680127e-04
8.402000e-08 -5.680346e-04
8.403000e-08 -5.680566e-04
8.404000e-08 -5.680786e-04
8.405000e-08 -5.681006e-04
8.406000e-08 -5.681226e-04
8.407000e-08 -5.681446e-04
8.408000e-08 -5.681666e-04
8.409000e-08 -5.681886e-04
8.410000e-08 -5.682106e-04
8.411000e-08 -5.682326e-04
8.412000e-08 -5.682546e-04
8.413000e-08 -5.682766e-04
8.414000e-08 -5.682986e-04
8.415000e-08 -5.683206e-04
8.416000e-08 -5.683426e-04
8.417000e-08 -5.683646e-04
8.418000e-08 -5.683866e-04
8.419000e-08 -5.684086e-04
8.420000e-08 -5.684306e-04
8.421000e-08 -5.684526e-04
8.422000e-08 -5.684746e-04
8.423000e-08 -5.684966e-04
8.424000e-08 -5.685186e-04
8.425000e-08 -5.685406e-04
8.426000e-08 -5.685625e-04
8.427000e-08 -5.685846e-04
8.428000e-08 -5.686066e-04
8.429000e-08 -5.686285e-04
8.430000e-08 -5.686506e-04
8.431000e-08 -5.686726e-04
8.432000e-08 -5.686945e-04
8.433000e-08 -5.687166e-04
8.434000e-08 -5.687386e-04
8.435000e-08 -5.687605e-04
8.436000e-08 -5.687826e-04
8.437000e-08 -5.688046e-04
8.438000e-08 -5.688265e-04
8.439000e-08 -5.688486e-04
8.440000e-08 -5.688706e-04
8.441000e-08 -5.688925e-04
8.442000e-08 -5.689146e-04
8.443000e-08 -5.689366e-04
8.444000e-08 -5.689585e-04
8.445000e-08 -5.689806e-04
8.446000e-08 -5.690026e-04
8.447000e-08 -5.690245e-04
8.448000e-08 -5.690465e-04
8.449000e-08 -5.690686e-04
8.450000e-08 -5.690905e-04
8.451000e-08 -5.691125e-04
8.452000e-08 -5.691346e-04
8.453000e-08 -5.691565e-04
8.454000e-08 -5.691785e-04
8.455000e-08 -5.692006e-04
8.456000e-08 -5.692225e-04
8.457000e-08 -5.692445e-04
8.458000e-08 -5.692666e-04
8.459000e-08 -5.692885e-04
8.460000e-08 -5.693105e-04
8.461000e-08 -5.693326e-04
8.462000e-08 -5.693545e-04
8.463000e-08 -5.693765e-04
8.464000e-08 -5.693986e-04
8.465000e-08 -5.694205e-04
8.466000e-08 -5.694425e-04
8.467000e-08 -5.694646e-04
8.468000e-08 -5.694865e-04
8.469000e-08 -5.695085e-04
8.470000e-08 -5.695304e-04
8.471000e-08 -5.695525e-04
8.472000e-08 -5.695745e-04
8.473000e-08 -5.695964e-04
8.474000e-08 -5.696185e-04
8.475000e-08 -5.696405e-04
8.476000e-08 -5.696624e-04
8.477000e-08 -5.696845e-04
8.478000e-08 -5.697065e-04
8.479000e-08 -5.697284e-04
8.480000e-08 -5.697505e-04
8.481000e-08 -5.697725e-04
8.482000e-08 -5.697944e-04
8.483000e-08 -5.698165e-04
8.484000e-08 -5.698385e-04
8.485000e-08 -5.698604e-04
8.486000e-08 -5.698825e-04
8.487000e-08 -5.699045e-04
8.488000e-08 -5.699264e-04
8.489000e-08 -5.699485e-04
8.490000e-08 -5.699705e-04
8.491000e-08 -5.699924e-04
8.492000e-08 -5.700144e-04
8.493000e-08 -5.700365e-04
8.494000e-08 -5.700584e-04
8.495000e-08 -5.700804e-04
8.496000e-08 -5.701025e-04
8.497000e-08 -5.701244e-04
8.498000e-08 -5.701464e-04
8.499000e-08 -5.701685e-04
8.500000e-08 -5.701904e-04
8.501000e-08 -5.702124e-04
8.502000e-08 -5.702345e-04
8.503000e-08 -5.702564e-04
8.504000e-08 -5.702784e-04
8.505000e-08 -5.703005e-04
8.506000e-08 -5.703224e-04
8.507000e-08 -5.703444e-04
8.508000e-08 -5.703665e-04
8.509000e-08 -5.703884e-04
8.510000e-08 -5.704104e-04
8.511000e-08 -5.704325e-04
8.512000e-08 -5.704544e-04
8.513000e-08 -5.704764e-04
8.514000e-08 -5.704984e-04
8.515000e-08 -5.705204e-04
8.516000e-08 -5.705424e-04
8.517000e-08 -5.705644e-04
8.518000e-08 -5.705864e-04
8.519000e-08 -5.706084e-04
8.520000e-08 -5.706304e-04
8.521000e-08 -5.706524e-04
8.522000e-08 -5.706744e-04
8.523000e-08 -5.706964e-04
8.524000e-08 -5.707184e-04
8.525000e-08 -5.707404e-04
8.526000e-08 -5.707624e-04
8.527000e-08 -5.707844e-04
8.528000e-08 -5.708064e-04
8.529000e-08 -5.708284e-04
8.530000e-08 -5.708504e-04
8.531000e-08 -5.708724e-04
8.532000e-08 -5.708944e-04
8.533000e-08 -5.709164e-04
8.534000e-08 -5.709384e-04
8.535000e-08 -5.709604e-04
8.536000e-08 -5.709823e-04
8.537000e-08 -5.710044e-04
8.538000e-08 -5.710264e-04
8.539000e-08 -5.710483e-04
8.540000e-08 -5.710704e-04
8.541000e-08 -5.710924e-04
8.542000e-08 -5.711143e-04
8.543000e-08 -5.711364e-04
8.544000e-08 -5.711584e-04
8.545000e-08 -5.711803e-04
8.546000e-08 -5.712024e-04
8.547000e-08 -5.712244e-04
8.548000e-08 -5.712463e-04
8.549000e-08 -5.712684e-04
8.550000e-08 -5.712904e-04
8.551000e-08 -5.713123e-04
8.552000e-08 -5.713344e-04
8.553000e-08 -5.713564e-04
8.554000e-08 -5.713783e-04
8.555000e-08 -5.714004e-04
8.556000e-08 -5.714224e-04
8.557000e-08 -5.714443e-04
8.558000e-08 -5.714663e-04
8.559000e-08 -5.714884e-04
8.560000e-08 -5.715103e-04
8.561000e-08 -5.715323e-04
8.562000e-08 -5.715544e-04
8.563000e-08 -5.715763e-04
8.564000e-08 -5.715983e-04
8.565000e-08 -5.716204e-04
8.566000e-08 -5.716423e-04
8.567000e-08 -5.716643e-04
8.568000e-08 -5.716864e-04
8.569000e-08 -5.717083e-04
8.570000e-08 -5.717303e-04
8.571000e-08 -5.717524e-04
8.572000e-08 -5.717743e-04
8.573000e-08 -5.717963e-04
8.574000e-08 -5.718184e-04
8.575000e-08 -5.718403e-04
8.576000e-08 -5.718623e-04
8.577000e-08 -5.718844e-04
8.578000e-08 -5.719063e-04
8.579000e-08 -5.719283e-04
8.580000e-08 -5.719504e-04
8.581000e-08 -5.719723e-04
8.582000e-08 -5.719943e-04
8.583000e-08 -5.720162e-04
8.584000e-08 -5.720383e-04
8.585000e-08 -5.720603e-04
8.586000e-08 -5.720822e-04
8.587000e-08 -5.721043e-04
8.588000e-08 -5.721263e-04
8.589000e-08 -5.721482e-04
8.590000e-08 -5.721703e-04
8.591000e-08 -5.721923e-04
8.592000e-08 -5.722142e-04
8.593000e-08 -5.722363e-04
8.594000e-08 -5.722583e-04
8.595000e-08 -5.722802e-04
8.596000e-08 -5.723023e-04
8.597000e-08 -5.723243e-04
8.598000e-08 -5.723462e-04
8.599000e-08 -5.723683e-04
8.600000e-08 -5.723903e-04
8.601000e-08 -5.724122e-04
8.602000e-08 -5.724343e-04
8.603000e-08 -5.724563e-04
8.604000e-08 -5.724782e-04
8.605000e-08 -5.725002e-04
8.606000e-08 -5.725223e-04
8.607000e-08 -5.725442e-04
8.608000e-08 -5.725662e-04
8.609000e-08 -5.725883e-04
8.610000e-08 -5.726102e-04
8.611000e-08 -5.726322e-04
8.612000e-08 -5.726543e-04
8.613000e-08 -5.726762e-04
8.614000e-08 -5.726982e-04
8.615000e-08 -5.727203e-04
8.616000e-08 -5.727422e-04
8.617000e-08 -5.727642e-04
8.618000e-08 -5.727863e-04
8.619000e-08 -5.728082e-04
8.620000e-08 -5.728302e-04
8.621000e-08 -5.728523e-04
8.622000e-08 -5.728742e-04
8.623000e-08 -5.728962e-04
8.624000e-08 -5.729183e-04
8.625000e-08 -5.729402e-04
8.626000e-08 -5.729622e-04
8.627000e-08 -5.729842e-04
8.628000e-08 -5.730062e-04
8.629000e-08 -5.730282e-04
8.630000e-08 -5.730502e-04
8.631000e-08 -5.730722e-04
8.632000e-08 -5.730942e-04
8.633000e-08 -5.731162e-04
8.634000e-08 -5.731382e-04
8.635000e-08 -5.731602e-04
8.636000e-08 -5.731822e-04
8.637000e-08 -5.732042e-04
8.638000e-08 -5.732262e-04
8.639000e-08 -5.732482e-04
8.640000e-08 -5.732702e-04
8.641000e-08 -5.732922e-04
8.642000e-08 -5.733142e-04
8.643000e-08 -5.733362e-04
8.644000e-08 -5.733582e-04
8.645000e-08 -5.733802e-04
8.646000e-08 -5.734022e-04
8.647000e-08 -5.734242e-04
8.648000e-08 -5.734462e-04
8.649000e-08 -5.734681e-04
8.650000e-08 -5.734902e-04
8.651000e-08 -5.735122e-04
8.652000e-08 -5.735341e-04
8.653000e-08 -5.735562e-04
8.654000e-08 -5.735782e-04
8.655000e-08 -5.736001e-04
8.656000e-08 -5.736222e-04
8.657000e-08 -5.736442e-04
8.658000e-08 -5.736661e-04
8.659000e-08 -5.736882e-04
8.660000e-08 -5.737102e-04
8.661000e-08 -5.737321e-04
8.662000e-08 -5.737542e-04
8.663000e-08 -5.737762e-04
8.664000e-08 -5.737981e-04
8.665000e-08 -5.738202e-04
8.666000e-08 -5.738422e-04
8.667000e-08 -5.738641e-04
8.668000e-08 -5.738862e-04
8.669000e-08 -5.739082e-04
8.670000e-08 -5.739301e-04
8.671000e-08 -5.739521e-04
8.672000e-08 -5.739742e-04
8.673000e-08 -5.739961e-04
8.674000e-08 -5.740181e-04
8.675000e-08 -5.740402e-04
8.676000e-08 -5.740621e-04
8.677000e-08 -5.740841e-04
8.678000e-08 -5.741062e-04
8.679000e-08 -5.741281e-04
8.680000e-08 -5.741501e-04
8.681000e-08 -5.741722e-04
8.682000e-08 -5.741941e-04
8.683000e-08 -5.742161e-04
8.684000e-08 -5.742382e-04
8.685000e-08 -5.742601e-04
8.686000e-08 -5.742821e-04
8.687000e-08 -5.743042e-04
8.688000e-08 -5.743261e-04
8.689000e-08 -5.743481e-04
8.690000e-08 -5.743702e-04
8.691000e-08 -5.743921e-04
8.692000e-08 -5.744141e-04
8.693000e-08 -5.744360e-04
8.694000e-08 -5.744581e-04
8.695000e-08 -5.744801e-04
8.696000e-08 -5.745020e-04
8.697000e-08 -5.745241e-04
8.698000e-08 -5.745461e-04
8.699000e-08 -5.745680e-04
8.700000e-08 -5.745901e-04
8.701000e-08 -5.746121e-04
8.702000e-08 -5.746340e-04
8.703000e-08 -5.746561e-04
8.704000e-08 -5.746781e-04
8.705000e-08 -5.747000e-04
8.706000e-08 -5.747221e-04
8.707000e-08 -5.747441e-04
8.708000e-08 -5.747660e-04
8.709000e-08 -5.747881e-04
8.710000e-08 -5.748101e-04
8.711000e-08 -5.748320e-04
8.712000e-08 -5.748541e-04
8.713000e-08 -5.748574e-04
8.714000e-08 -5.748408e-04
8.715000e-08 -5.748244e-04
8.716000e-08 -5.748078e-04
8.717000e-08 -5.747914e-04
8.718000e-08 -5.747748e-04
8.719000e-08 -5.747584e-04
8.720000e-08 -5.747418e-04
8.721000e-08 -5.747254e-04
8.722000e-08 -5.747089e-04
8.723000e-08 -5.746924e-04
8.724000e-08 -5.746759e-04
8.725000e-08 -5.746594e-04
8.726000e-08 -5.746429e-04
8.727000e-08 -5.746264e-04
8.728000e-08 -5.746099e-04
8.729000e-08 -5.745934e-04
8.730000e-08 -5.745769e-04
8.731000e-08 -5.745605e-04
8.732000e-08 -5.745439e-04
8.733000e-08 -5.745275e-04
8.734000e-08 -5.745109e-04
8.735000e-08 -5.744945e-04
8.736000e-08 -5.744779e-04
8.737000e-08 -5.744615e-04
8.738000e-08 -5.744449e-04
8.739000e-08 -5.744285e-04
8.740000e-08 -5.744119e-04
8.741000e-08 -5.743955e-04
8.742000e-08 -5.743790e-04
8.743000e-08 -5.743625e-04
8.744000e-08 -5.743460e-04
8.745000e-08 -5.743295e-04
8.746000e-08 -5.743130e-04
8.747000e-08 -5.742965e-04
8.748000e-08 -5.742800e-04
8.749000e-08 -5.742635e-04
8.750000e-08 -5.742470e-04
8.751000e-08 -5.742305e-04
8.752000e-08 -5.742140e-04
8.753000e-08 -5.741976e-04
8.754000e-08 -5.741810e-04
8.755000e-08 -5.741646e-04
8.756000e-08 -5.741480e-04
8.757000e-08 -5.741316e-04
8.758000e-08 -5.741150e-04
8.759000e-08 -5.740986e-04
8.760000e-08 -5.740820e-04
8.761000e-08 -5.740656e-04
8.762000e-08 -5.740492e-04
8.763000e-08 -5.740326e-04
8.764000e-08 -5.740162e-04
8.765000e-08 -5.739996e-04
8.766000e-08 -5.739832e-04
8.767000e-08 -5.739666e-04
8.768000e-08 -5.739502e-04
8.769000e-08 -5.739336e-04
8.770000e-08 -5.739172e-04
8.771000e-08 -5.739006e-04
8.772000e-08 -5.738842e-04
8.773000e-08 -5.738677e-04
8.774000e-08 -5.738512e-04
8.775000e-08 -5.738347e-04
8.776000e-08 -5.738182e-04
8.777000e-08 -5.738017e-04
8.778000e-08 -5.737852e-04
8.779000e-08 -5.737687e-04
8.780000e-08 -5.737522e-04
8.781000e-08 -5.737357e-04
8.782000e-08 -5.737192e-04
8.783000e-08 -5.737027e-04
8.784000e-08 -5.736863e-04
8.785000e-08 -5.736697e-04
8.786000e-08 -5.736533e-04
8.787000e-08 -5.736367e-04
8.788000e-08 -5.736203e-04
8.789000e-08 -5.736037e-04
8.790000e-08 -5.735873e-04
8.791000e-08 -5.735707e-04
8.792000e-08 -5.735543e-04
8.793000e-08 -5.735378e-04
8.794000e-08 -5.735213e-04
8.795000e-08 -5.735048e-04
8.796000e-08 -5.734883e-04
8.797000e-08 -5.734718e-04
8.798000e-08 -5.734553e-04
8.799000e-08 -5.734388e-04
8.800000e-08 -5.734223e-04
8.801000e-08 -5.734058e-04
8.802000e-08 -5.733893e-04
8.803000e-08 -5.733728e-04
8.804000e-08 -5.733564e-04
8.805000e-08 -5.733398e-04
8.806000e-08 -5.733234e-04
8.807000e-08 -5.733068e-04
8.808000e-08 -5.732904e-04
8.809000e-08 -5.732738e-04
8.810000e-08 -5.732574e-04
8.811000e-08 -5.732408e-04
8.812000e-08 -5.732244e-04
8.813000e-08 -5.732080e-04
8.814000e-08 -5.731914e-04
8.815000e-08 -5.731750e-04
8.816000e-08 -5.731584e-04
8.817000e-08 -5.731420e-04
8.818000e-08 -5.731254e-04
8.819000e-08 -5.731090e-04
8.820000e-08 -5.730924e-04
8.821000e-08 -5.730760e-04
8.822000e-08 -5.730594e-04
8.823000e-08 -5.730430e-04
8.824000e-08 -5.730265e-04
8.825000e-08 -5.730100e-04
8.826000e-08 -5.729935e-04
8.827000e-08 -5.729770e-04
8.828000e-08 -5.729605e-04
8.829000e-08 -5.729440e-04
8.830000e-08 -5.729275e-04
8.831000e-08 -5.729110e-04
8.832000e-08 -5.728945e-04
8.833000e-08 -5.728780e-04
8.834000e-08 -5.728615e-04
8.835000e-08 -5.728451e-04
8.836000e-08 -5.728285e-04
8.837000e-08 -5.728121e-04
8.838000e-08 -5.727955e-04
8.839000e-08 -5.727791e-04
8.840000e-08 -5.727625e-04
8.841000e-08 -5.727461e-04
8.842000e-08 -5.727295e-04
8.843000e-08 -5.727131e-04
8.844000e-08 -5.726966e-04
8.845000e-08 -5.726801e-04
8.846000e-08 -5.726636e-04
8.847000e-08 -5.726471e-04
8.848000e-08 -5.726306e-04
8.849000e-08 -5.726141e-04
8.850000e-08 -5.725976e-04
8.851000e-08 -5.725811e-04
8.852000e-08 -5.725646e-04
8.853000e-08 -5.725481e-04
8.854000e-08 -5.725316e-04
8.855000e-08 -5.725152e-04
8.856000e-08 -5.724986e-04
8.857000e-08 -5.724822e-04
8.858000e-08 -5.724656e-04
8.859000e-08 -5.724492e-04
8.860000e-08 -5.724326e-04
8.861000e-08 -5.724162e-04
8.862000e-08 -5.723996e-04
8.863000e-08 -5.723832e-04
8.864000e-08 -5.723666e-04
8.865000e-08 -5.723502e-04
8.866000e-08 -5.723338e-04
8.867000e-08 -5.723172e-04
8.868000e-08 -5.723008e-04
8.869000e-08 -5.722842e-04
8.870000e-08 -5.722678e-04
8.871000e-08 -5.722512e-04
8.872000e-08 -5.722348e-04
8.873000e-08 -5.722182e-04
8.874000e-08 -5.722018e-04
8.875000e-08 -5.721853e-04
8.876000e-08 -5.721688e-04
8.877000e-08 -5.721523e-04
8.878000e-08 -5.721358e-04
8.879000e-08 -5.721193e-04
8.880000e-08 -5.721028e-04
8.881000e-08 -5.720863e-04
8.882000e-08 -5.720698e-04
8.883000e-08 -5.720533e-04
8.884000e-08 -5.720368e-04
8.885000e-08 -5.720203e-04
8.886000e-08 -5.720039e-04
8.887000e-08 -5.719873e-04
8.888000e-08 -5.719709e-04
8.889000e-08 -5.719543e-04
8.890000e-08 -5.719379e-04
8.891000e-08 -5.719213e-04
8.892000e-08 -5.719049e-04
8.893000e-08 -5.718883e-04
8.894000e-08 -5.718719e-04
8.895000e-08 -5.718553e-04
8.896000e-08 -5.718389e-04
8.897000e-08 -5.718224e-04
8.898000e-08 -5.718059e-04
8.899000e-08 -5.717894e-04
8.900000e-08 -5.717729e-04
8.901000e-08 -5.717564e-04
8.902000e-08 -5.717399e-04
8.903000e-08 -5.717234e-04
8.904000e-08 -5.717069e-04
8.905000e-08 -5.716904e-04
8.906000e-08 -5.716740e-04
8.907000e-08 -5.716574e-04
8.908000e-08 -5.716410e-04
8.909000e-08 -5.716244e-04
8.910000e-08 -5.716080e-04
8.911000e-08 -5.715914e-04
8.912000e-08 -5.715750e-04
8.913000e-08 -5.715584e-04
8.914000e-08 -5.715420e-04
8.915000e-08 -5.715254e-04
8.916000e-08 -5.715090e-04
8.917000e-08 -5.714926e-04
8.918000e-08 -5.714760e-04
8.919000e-08 -5.714596e-04
8.920000e-08 -5.714430e-04
8.921000e-08 -5.714266e-04
8.922000e-08 -5.714100e-04
8.923000e-08 -5.713936e-04
8.924000e-08 -5.713770e-04
8.925000e-08 -5.713606e-04
8.926000e-08 -5.713440e-04
8.927000e-08 -5.713276e-04
8.928000e-08 -5.713111e-04
8.929000e-08 -5.712946e-04
8.930000e-08 -5.712781e-04
8.931000e-08 -5.712616e-04
8.932000e-08 -5.712451e-04
8.933000e-08 -5.712286e-04
8.934000e-08 -5.712121e-04
8.935000e-08 -5.711956e-04
8.936000e-08 -5.711791e-04
8.937000e-08 -5.711627e-04
8.938000e-08 -5.711461e-04
8.939000e-08 -5.711297e-04
8.940000e-08 -5.711131e-04
8.941000e-08 -5.710967e-04
8.942000e-08 -5.710801e-04
8.943000e-08 -5.710637e-04
8.944000e-08 -5.710471e-04
8.945000e-08 -5.710307e-04
8.946000e-08 -5.710141e-04
8.947000e-08 -5.709977e-04
8.948000e-08 -5.709812e-04
8.949000e-08 -5.709647e-04
8.950000e-08 -5.709482e-04
8.951000e-08 -5.709317e-04
8.952000e-08 -5.709152e-04
8.953000e-08 -5.708987e-04
8.954000e-08 -5.708822e-04
8.955000e-08 -5.708657e-04
8.956000e-08 -5.708492e-04
8.957000e-08 -5.708328e-04
8.958000e-08 -5.708162e-04
8.959000e-08 -5.707998e-04
8.960000e-08 -5.707832e-04
8.961000e-08 -5.707668e-04
8.962000e-08 -5.707502e-04
8.963000e-08 -5.707338e-04
8.964000e-08 -5.707172e-04
8.965000e-08 -5.707008e-04
8.966000e-08 -5.706842e-04
8.967000e-08 -5.706678e-04
8.968000e-08 -5.706514e-04
8.969000e-08 -5.706348e-04
8.970000e-08 -5.706184e-04
8.971000e-08 -5.706018e-04
8.972000e-08 -5.705854e-04
8.973000e-08 -5.705688e-04
8.974000e-08 -5.705524e-04
8.975000e-08 -5.705358e-04
8.976000e-08 -5.705194e-04
8.977000e-08 -5.705028e-04
8.978000e-08 -5.704864e-04
8.979000e-08 -5.704699e-04
8.980000e-08 -5.704534e-04
8.981000e-08 -5.704369e-04
8.982000e-08 -5.704204e-04
8.983000e-08 -5.704039e-04
8.984000e-08 -5.703874e-04
8.985000e-08 -5.703709e-04
8.986000e-08 -5.703544e-04
8.987000e-08 -5.703379e-04
8.988000e-08 -5.703215e-04
8.989000e-08 -5.703049e-04
8.990000e-08 -5.702885e-04
8.991000e-08 -5.702719e-04
8.992000e-08 -5.702555e-04
8.993000e-08 -5.702389e-04
8.994000e-08 -5.702225e-04
8.995000e-08 -5.702059e-04
8.996000e-08 -5.701895e-04
8.997000e-08 -5.701729e-04
8.998000e-08 -5.701565e-04
8.999000e-08 -5.701400e-04
9.000000e-08 -5.701235e-04
9.001000e-08 -5.701070e-04
9.002000e-08 -5.700905e-04
9.003000e-08 -5.700740e-04
9.004000e-08 -5.700575e-04
9.005000e-08 -5.700410e-04
9.006000e-08 -5.700245e-04
9.007000e-08 -5.700080e-04
9.008000e-08 -5.699915e-04
9.009000e-08 -5.699750e-04
9.010000e-08 -5.699586e-04
9.011000e-08 1.462094e-01
9.012000e-08 2.707331e-01
9.013000e-08 3.878381e-01
9.014000e-08 5.049431e-01
9.015000e-08 6.512528e-01
9.016000e-08 7.990508e-01
9.017000e-08 8.461885e-01
9.018000e-08 8.569907e-01
9.019000e-08 8.588849e-01
9.020000e-08 8.607740e-01
9.021000e-08 7.645424e-01
9.022000e-08 7.153024e-01
9.023000e-08 6.781574e-01
9.024000e-08 6.449344e-01
9.025000e-08 6.119430e-01
9.026000e-08 5.725793e-01
9.027000e-08 5.001000e-01
9.028000e-08 4.119168e-01
9.029000e-08 3.034406e-01
9.030000e-08 1.584443e-01
9.031000e-08 -1.386600e-03
9.032000e-08 -1.612174e-01
9.033000e-08 -3.110456e-01
9.034000e-08 -4.591652e-01
9.035000e-08 -5.772430e-01
9.036000e-08 -6.894115e-01
9.037000e-08 -7.999271e-01
9.038000e-08 -8.633899e-01
9.039000e-08 -9.210829e-01
9.040000e-08 -9.453448e-01
9.041000e-08 -9.683059e-01
9.042000e-08 -9.875735e-01
9.043000e-08 -1.006841e+00
9.044000e-08 -1.026108e+00
9.045000e-08 -1.045376e+00
9.046000e-08 -1.061080e+00
9.047000e-08 -1.073993e+00
9.048000e-08 -1.086906e+00
9.049000e-08 -1.099820e+00
9.050000e-08 -1.110193e+00
9.051000e-08 -1.119921e+00
9.052000e-08 -1.129649e+00
9.053000e-08 -1.139376e+00
9.054000e-08 -1.149104e+00
9.055000e-08 -1.158832e+00
9.056000e-08 -1.165954e+00
9.057000e-08 -1.172902e+00
9.058000e-08 -1.179849e+00
9.059000e-08 -1.186797e+00
9.060000e-08 -1.193745e+00
9.061000e-08 -1.200720e+00
9.062000e-08 -1.207680e+00
9.063000e-08 -1.214640e+00
9.064000e-08 -1.221480e+00
9.065000e-08 -1.228440e+00
9.066000e-08 -1.233960e+00
9.067000e-08 -1.238640e+00
9.068000e-08 -1.243320e+00
9.069000e-08 -1.248000e+00
9.070000e-08 -1.252680e+00
9.071000e-08 -1.257480e+00
9.072000e-08 -1.262160e+00
9.073000e-08 -1.266840e+00
9.074000e-08 -1.271520e+00
9.075000e-08 -1.276200e+00
9.076000e-08 -1.280880e+00
9.077000e-08 -1.285680e+00
9.078000e-08 -1.290360e+00
9.079000e-08 -1.295040e+00
9.080000e-08 -1.298160e+00
9.081000e-08 -1.301160e+00
9.082000e-08 -1.304160e+00
9.083000e-08 -1.307160e+00
9.084000e-08 -1.310160e+00
9.085000e-08 -1.313160e+00
9.086000e-08 -1.316160e+00
9.087000e-08 -1.319160e+00
9.088000e-08 -1.322160e+00
9.089000e-08 -1.325160e+00
9.090000e-08 -1.328160e+00
9.091000e-08 -1.331160e+00
9.092000e-08 -1.334160e+00
9.093000e-08 -1.337160e+00
9.094000e-08 -1.340160e+00
9.095000e-08 -1.343160e+00
9.096000e-08 -1.346160e+00
9.097000e-08 -1.349160e+00
9.098000e-08 -1.351440e+00
9.099000e-08 -1.353120e+00
9.100000e-08 -1.354920e+00
9.101000e-08 -1.356600e+00
9.102000e-08 -1.358280e+00
9.103000e-08 -1.360080e+00
9.104000e-08 -1.361760e+00
9.105000e-08 -1.363440e+00
9.106000e-08 -1.365240e+00
9.107000e-08 -1.366920e+00
9.108000e-08 -1.368720e+00
9.109000e-08 -1.370400e+00
9.110000e-08 -1.372080e+00
9.111000e-08 -1.373880e+00
9.112000e-08 -1.375560e+00
9.113000e-08 -1.377360e+00
9.114000e-08 -1.379040e+00
9.115000e-08 -1.380720e+00
9.116000e-08 -1.382520e+00
9.117000e-08 -1.384200e+00
9.118000e-08 -1.385880e+00
9.119000e-08 -1.387680e+00
9.120000e-08 -1.389360e+00
9.121000e-08 -1.391160e+00
9.122000e-08 -1.392120e+00
9.123000e-08 -1.392960e+00
9.124000e-08 -1.393920e+00
9.125000e-08 -1.394760e+00
9.126000e-08 -1.395600e+00
9.127000e-08 -1.396560e+00
9.128000e-08 -1.397400e+00
9.129000e-08 -1.398360e+00
9.130000e-08 -1.399200e+00
9.131000e-08 -1.400040e+00
9.132000e-08 -1.401000e+00
9.133000e-08 -1.401840e+00
9.134000e-08 -1.402680e+00
9.135000e-08 -1.403640e+00
9.136000e-08 -1.404480e+00
9.137000e-08 -1.405320e+00
9.138000e-08 -1.406280e+00
9.139000e-08 -1.407120e+00
9.140000e-08 -1.407960e+00
9.141000e-08 -1.408920e+00
9.142000e-08 -1.409760e+00
9.143000e-08 -1.410600e+00
9.144000e-08 -1.411560e+00
9.145000e-08 -1.412400e+00
9.146000e-08 -1.413240e+00
9.147000e-08 -1.414200e+00
9.148000e-08 -1.415040e+00
9.149000e-08 -1.415880e+00
9.150000e-08 -1.416840e+00
9.151000e-08 -1.417320e+00
9.152000e-08 -1.417680e+00
9.153000e-08 -1.418040e+00
9.154000e-08 -1.418520e+00
9.155000e-08 -1.418880e+00
9.156000e-08 -1.419240e+00
9.157000e-08 -1.419720e+00
9.158000e-08 -1.420080e+00
9.159000e-08 -1.420440e+00
9.160000e-08 -1.420800e+00
9.161000e-08 -1.421280e+00
9.162000e-08 -1.421640e+00
9.163000e-08 -1.422000e+00
9.164000e-08 -1.422360e+00
9.165000e-08 -1.422840e+00
9.166000e-08 -1.423200e+00
9.167000e-08 -1.423560e+00
9.168000e-08 -1.423920e+00
9.169000e-08 -1.424400e+00
9.170000e-08 -1.424760e+00
9.171000e-08 -1.425120e+00
9.172000e-08 -1.425480e+00
9.173000e-08 -1.425960e+00
9.174000e-08 -1.426320e+00
9.175000e-08 -1.426680e+00
9.176000e-08 -1.427160e+00
9.177000e-08 -1.427520e+00
9.178000e-08 -1.427880e+00
9.179000e-08 -1.428240e+00
9.180000e-08 -1.428720e+00
9.181000e-08 -1.429080e+00
9.182000e-08 -1.429440e+00
9.183000e-08 -1.429800e+00
9.184000e-08 -1.430280e+00
9.185000e-08 -1.430640e+00
9.186000e-08 -1.430760e+00
9.187000e-08 -1.431000e+00
9.188000e-08 -1.431120e+00
9.189000e-08 -1.431240e+00
9.190000e-08 -1.431360e+00
9.191000e-08 -1.431480e+00
9.192000e-08 -1.431720e+00
9.193000e-08 -1.431840e+00
9.194000e-08 -1.431960e+00
9.195000e-08 -1.432080e+00
9.196000e-08 -1.432320e+00
9.197000e-08 -1.432440e+00
9.198000e-08 -1.432560e+00
9.199000e-08 -1.432680e+00
9.200000e-08 -1.432920e+00
9.201000e-08 -1.433040e+00
9.202000e-08 -1.433160e+00
9.203000e-08 -1.433280e+00
9.204000e-08 -1.433520e+00
9.205000e-08 -1.433640e+00
9.206000e-08 -1.433760e+00
9.207000e-08 -1.433880e+00
9.208000e-08 -1.434000e+00
9.209000e-08 -1.434240e+00
9.210000e-08 -1.434360e+00
9.211000e-08 -1.434480e+00
9.212000e-08 -1.434600e+00
9.213000e-08 -1.434840e+00
9.214000e-08 -1.434960e+00
9.215000e-08 -1.435080e+00
9.216000e-08 -1.435200e+00
9.217000e-08 -1.435440e+00
9.218000e-08 -1.435560e+00
9.219000e-08 -1.435680e+00
9.220000e-08 -1.435800e+00
9.221000e-08 -1.435920e+00
9.222000e-08 -1.436160e+00
9.223000e-08 -1.436280e+00
9.224000e-08 -1.436400e+00
9.225000e-08 -1.436520e+00
9.226000e-08 -1.436760e+00
9.227000e-08 -1.436880e+00
9.228000e-08 -1.436880e+00
9.229000e-08 -1.437000e+00
9.230000e-08 -1.437000e+00
9.231000e-08 -1.437000e+00
9.232000e-08 -1.437120e+00
9.233000e-08 -1.437120e+00
9.234000e-08 -1.437240e+00
9.235000e-08 -1.437240e+00
9.236000e-08 -1.437240e+00
9.237000e-08 -1.437360e+00
9.238000e-08 -1.437360e+00
9.239000e-08 -1.437360e+00
9.240000e-08 -1.437480e+00
9.241000e-08 -1.437480e+00
9.242000e-08 -1.437600e+00
9.243000e-08 -1.437600e+00
9.244000e-08 -1.437600e+00
9.245000e-08 -1.437720e+00
9.246000e-08 -1.437720e+00
9.247000e-08 -1.437720e+00
9.248000e-08 -1.437840e+00
9.249000e-08 -1.437840e+00
9.250000e-08 -1.437960e+00
9.251000e-08 -1.437960e+00
9.252000e-08 -1.437960e+00
9.253000e-08 -1.438080e+00
9.254000e-08 -1.438080e+00
9.255000e-08 -1.438080e+00
9.256000e-08 -1.438200e+00
9.257000e-08 -1.438200e+00
9.258000e-08 -1.438320e+00
9.259000e-08 -1.438320e+00
9.260000e-08 -1.438320e+00
9.261000e-08 -1.438440e+00
9.262000e-08 -1.438440e+00
9.263000e-08 -1.438440e+00
9.264000e-08 -1.438560e+00
9.265000e-08 -1.438560e+00
9.266000e-08 -1.438680e+00
9.267000e-08 -1.438680e+00
9.268000e-08 -1.438680e+00
9.269000e-08 -1.438800e+00
9.270000e-08 -1.438800e+00
9.271000e-08 -1.438800e+00
9.272000e-08 -1.438920e+00
9.273000e-08 -1.438920e+00
9.274000e-08 -1.438920e+00
9.275000e-08 -1.439040e+00
9.276000e-08 -1.439040e+00
9.277000e-08 -1.439160e+00
9.278000e-08 -1.439160e+00
9.279000e-08 -1.439160e+00
9.280000e-08 -1.439160e+00
9.281000e-08 -1.439280e+00
9.282000e-08 -1.439280e+00
9.283000e-08 -1.439280e+00
9.284000e-08 -1.439280e+00
9.285000e-08 -1.439280e+00
9.286000e-08 -1.439280e+00
9.287000e-08 -1.439280e+00
9.288000e-08 -1.439280e+00
9.289000e-08 -1.439280e+00
9.290000e-08 -1.439280e+00
9.291000e-08 -1.439280e+00
9.292000e-08 -1.439280e+00
9.293000e-08 -1.439400e+00
9.294000e-08 -1.439400e+00
9.295000e-08 -1.439400e+00
9.296000e-08 -1.439400e+00
9.297000e-08 -1.439400e+00
9.298000e-08 -1.439400e+00
9.299000e-08 -1.439400e+00
9.300000e-08 -1.439400e+00
9.301000e-08 -1.439400e+00
9.302000e-08 -1.439400e+00
9.303000e-08 -1.439400e+00
9.304000e-08 -1.439400e+00
9.305000e-08 -1.439520e+00
9.306000e-08 -1.439520e+00
9.307000e-08 -1.439520e+00
9.308000e-08 -1.439520e+00
9.309000e-08 -1.439520e+00
9.310000e-08 -1.439520e+00
9.311000e-08 -1.439520e+00
9.312000e-08 -1.439520e+00
9.313000e-08 -1.439520e+00
9.314000e-08 -1.439520e+00
9.315000e-08 -1.439520e+00
9.316000e-08 -1.439520e+00
9.317000e-08 -1.439520e+00
9.318000e-08 -1.439640e+00
9.319000e-08 -1.439640e+00
9.320000e-08 -1.439640e+00
9.321000e-08 -1.439640e+00
9.322000e-08 -1.439640e+00
9.323000e-08 -1.439640e+00
9.324000e-08 -1.439640e+00
9.325000e-08 -1.439640e+00
9.326000e-08 -1.439640e+00
9.327000e-08 -1.439640e+00
9.328000e-08 -1.439640e+00
9.329000e-08 -1.439640e+00
9.330000e-08 -1.439760e+00
9.331000e-08 -1.439760e+00
9.332000e-08 -1.439760e+00
9.333000e-08 -1.439760e+00
9.334000e-08 -1.439760e+00
9.335000e-08 -1.439760e+00
9.336000e-08 -1.439760e+00
9.337000e-08 -1.439760e+00
9.338000e-08 -1.439760e+00
9.339000e-08 -1.439760e+00
9.340000e-08 -1.439760e+00
9.341000e-08 -1.439760e+00
9.342000e-08 -1.439760e+00
9.343000e-08 -1.439880e+00
9.344000e-08 -1.439880e+00
9.345000e-08 -1.439880e+00
9.346000e-08 -1.439880e+00
9.347000e-08 -1.439880e+00
9.348000e-08 -1.439880e+00
9.349000e-08 -1.439880e+00
9.350000e-08 -1.439880e+00
9.351000e-08 -1.439880e+00
9.352000e-08 -1.439880e+00
9.353000e-08 -1.439880e+00
9.354000e-08 -1.439880e+00
9.355000e-08 -1.439880e+00
9.356000e-08 -1.439880e+00
9.357000e-08 -1.439880e+00
9.358000e-08 -1.439880e+00
9.359000e-08 -1.439880e+00
9.360000e-08 -1.439880e+00
9.361000e-08 -1.439880e+00
9.362000e-08 -1.439880e+00
9.363000e-08 -1.439880e+00
9.364000e-08 -1.439880e+00
9.365000e-08 -1.439880e+00
9.366000e-08 -1.439880e+00
9.367000e-08 -1.439880e+00
9.368000e-08 -1.439880e+00
9.369000e-08 -1.439880e+00
9.370000e-08 -1.439880e+00
9.371000e-08 -1.439880e+00
9.372000e-08 -1.439880e+00
9.373000e-08 -1.439880e+00
9.374000e-08 -1.439880e+00
9.375000e-08 -1.439880e+00
9.376000e-08 -1.439880e+00
9.377000e-08 -1.439880e+00
9.378000e-08 -1.439880e+00
9.379000e-08 -1.439880e+00
9.380000e-08 -1.439880e+00
9.381000e-08 -1.439880e+00
9.382000e-08 -1.439880e+00
9.383000e-08 -1.439880e+00
9.384000e-08 -1.439880e+00
9.385000e-08 -1.439880e+00
9.386000e-08 -1.439880e+00
9.387000e-08 -1.439880e+00
9.388000e-08 -1.439880e+00
9.389000e-08 -1.439880e+00
9.390000e-08 -1.439880e+00
9.391000e-08 -1.439880e+00
9.392000e-08 -1.439880e+00
9.393000e-08 -1.439880e+00
9.394000e-08 -1.439880e+00
9.395000e-08 -1.439880e+00
9.396000e-08 -1.439880e+00
9.397000e-08 -1.439880e+00
9.398000e-08 -1.439880e+00
9.399000e-08 -1.439880e+00
9.400000e-08 -1.439880e+00
9.401000e-08 -1.439880e+00
9.402000e-08 -1.439880e+00
9.403000e-08 -1.439880e+00
9.404000e-08 -1.439880e+00
9.405000e-08 -1.439880e+00
9.406000e-08 -1.439880e+00
9.407000e-08 -1.439880e+00
9.408000e-08 -1.439880e+00
9.409000e-08 -1.439880e+00
9.410000e-08 -1.439880e+00
9.411000e-08 -1.439880e+00
9.412000e-08 -1.439880e+00
9.413000e-08 -1.439880e+00
9.414000e-08 -1.439880e+00
9.415000e-08 -1.439880e+00
9.416000e-08 -1.439880e+00
9.417000e-08 -1.439880e+00
9.418000e-08 -1.439880e+00
9.419000e-08 -1.439880e+00
9.420000e-08 -1.439880e+00
9.421000e-08 -1.439880e+00
9.422000e-08 -1.439880e+00
9.423000e-08 -1.439880e+00
9.424000e-08 -1.439880e+00
9.425000e-08 -1.439880e+00
9.426000e-08 -1.440000e+00
9.427000e-08 -1.440000e+00
9.428000e-08 -1.440000e+00
9.429000e-08 -1.440000e+00
9.430000e-08 -1.440000e+00
9.431000e-08 -1.440000e+00
9.432000e-08 -1.440000e+00
9.433000e-08 -1.440000e+00
9.434000e-08 -1.440000e+00
9.435000e-08 -1.440000e+00
9.436000e-08 -1.440000e+00
9.437000e-08 -1.440000e+00
9.438000e-08 -1.440000e+00
9.439000e-08 -1.440000e+00
9.440000e-08 -1.440000e+00
9.441000e-08 -1.440000e+00
9.442000e-08 -1.440000e+00
9.443000e-08 -1.440000e+00
9.444000e-08 -1.440000e+00
9.445000e-08 -1.440000e+00
9.446000e-08 -1.440000e+00
9.447000e-08 -1.440000e+00
9.448000e-08 -1.440000e+00
9.449000e-08 -1.440000e+00
9.450000e-08 -1.440000e+00
9.451000e-08 -1.440000e+00
9.452000e-08 -1.440000e+00
9.453000e-08 -1.440000e+00
9.454000e-08 -1.440000e+00
9.455000e-08 -1.440000e+00
9.456000e-08 -1.440000e+00
9.457000e-08 -1.440000e+00
9.458000e-08 -1.440000e+00
9.459000e-08 -1.440000e+00
9.460000e-08 -1.440000e+00
9.461000e-08 -1.440000e+00
9.462000e-08 -1.440000e+00
9.463000e-08 -1.440000e+00
9.464000e-08 -1.440000e+00
9.465000e-08 -1.440000e+00
9.466000e-08 -1.440000e+00
9.467000e-08 -1.440000e+00
9.468000e-08 -1.440000e+00
9.469000e-08 -1.440000e+00
9.470000e-08 -1.440000e+00
9.471000e-08 -1.440000e+00
9.472000e-08 -1.440000e+00
9.473000e-08 -1.440000e+00
9.474000e-08 -1.440000e+00
9.475000e-08 -1.440000e+00
9.476000e-08 -1.440000e+00
9.477000e-08 -1.440000e+00
9.478000e-08 -1.440000e+00
9.479000e-08 -1.440000e+00
9.480000e-08 -1.440000e+00
9.481000e-08 -1.440000e+00
9.482000e-08 -1.440000e+00
9.483000e-08 -1.440000e+00
9.484000e-08 -1.440000e+00
9.485000e-08 -1.440000e+00
9.486000e-08 -1.440000e+00
9.487000e-08 -1.440000e+00
9.488000e-08 -1.440000e+00
9.489000e-08 -1.440000e+00
9.490000e-08 -1.440000e+00
9.491000e-08 -1.440000e+00
9.492000e-08 -1.440000e+00
9.493000e-08 -1.440000e+00
9.494000e-08 -1.440000e+00
9.495000e-08 -1.440000e+00
9.496000e-08 -1.440000e+00
9.497000e-08 -1.440000e+00
9.498000e-08 -1.440000e+00
9.499000e-08 -1.440000e+00
9.500000e-08 -1.440000e+00
9.501000e-08 -1.440000e+00
9.502000e-08 -1.440000e+00
9.503000e-08 -1.440000e+00
9.504000e-08 -1.440000e+00
9.505000e-08 -1.440000e+00
9.506000e-08 -1.440000e+00
9.507000e-08 -1.440000e+00
9.508000e-08 -1.440000e+00
9.509000e-08 -1.440000e+00
9.510000e-08 -1.440000e+00
9.511000e-08 -1.440000e+00
9.512000e-08 -1.440000e+00
9.513000e-08 -1.440000e+00
9.514000e-08 -1.440000e+00
9.515000e-08 -1.440000e+00
9.516000e-08 -1.440000e+00
9.517000e-08 -1.440000e+00
9.518000e-08 -1.440000e+00
9.519000e-08 -1.440000e+00
9.520000e-08 -1.440000e+00
9.521000e-08 -1.440000e+00
9.522000e-08 -1.440000e+00
9.523000e-08 -1.440000e+00
9.524000e-08 -1.440000e+00
9.525000e-08 -1.440000e+00
9.526000e-08 -1.440000e+00
9.527000e-08 -1.440000e+00
9.528000e-08 -1.440000e+00
9.529000e-08 -1.440000e+00
9.530000e-08 -1.440000e+00
9.531000e-08 -1.440000e+00
9.532000e-08 -1.440000e+00
9.533000e-08 -1.440000e+00
9.534000e-08 -1.440000e+00
9.535000e-08 -1.440000e+00
9.536000e-08 -1.440000e+00
9.537000e-08 -1.440000e+00
9.538000e-08 -1.440000e+00
9.539000e-08 -1.440000e+00
9.540000e-08 -1.440000e+00
9.541000e-08 -1.440000e+00
9.542000e-08 -1.440000e+00
9.543000e-08 -1.440000e+00
9.544000e-08 -1.440000e+00
9.545000e-08 -1.440000e+00
9.546000e-08 -1.440000e+00
9.547000e-08 -1.440000e+00
9.548000e-08 -1.440000e+00
9.549000e-08 -1.440000e+00
9.550000e-08 -1.440000e+00
9.551000e-08 -1.440000e+00
9.552000e-08 -1.440000e+00
9.553000e-08 -1.440000e+00
9.554000e-08 -1.440000e+00
9.555000e-08 -1.440000e+00
9.556000e-08 -1.440000e+00
9.557000e-08 -1.440000e+00
9.558000e-08 -1.440000e+00
9.559000e-08 -1.440000e+00
9.560000e-08 -1.440000e+00
9.561000e-08 -1.440000e+00
9.562000e-08 -1.440000e+00
9.563000e-08 -1.440000e+00
9.564000e-08 -1.440000e+00
9.565000e-08 -1.440000e+00
9.566000e-08 -1.440000e+00
9.567000e-08 -1.440000e+00
9.568000e-08 -1.440000e+00
9.569000e-08 -1.440000e+00
9.570000e-08 -1.440000e+00
9.571000e-08 -1.440000e+00
9.572000e-08 -1.440000e+00
9.573000e-08 -1.440000e+00
9.574000e-08 -1.440000e+00
9.575000e-08 -1.440000e+00
9.576000e-08 -1.440000e+00
9.577000e-08 -1.440000e+00
9.578000e-08 -1.440000e+00
9.579000e-08 -1.440000e+00
9.580000e-08 -1.440000e+00
9.581000e-08 -1.440000e+00
9.582000e-08 -1.440000e+00
9.583000e-08 -1.440000e+00
9.584000e-08 -1.440000e+00
9.585000e-08 -1.440000e+00
9.586000e-08 -1.440000e+00
9.587000e-08 -1.440000e+00
9.588000e-08 -1.440000e+00
9.589000e-08 -1.440000e+00
9.590000e-08 -1.440000e+00
9.591000e-08 -1.440000e+00
9.592000e-08 -1.440000e+00
9.593000e-08 -1.440000e+00
9.594000e-08 -1.440000e+00
9.595000e-08 -1.440000e+00
9.596000e-08 -1.440000e+00
9.597000e-08 -1.440000e+00
9.598000e-08 -1.440000e+00
9.599000e-08 -1.440000e+00
9.600000e-08 -1.440000e+00
9.601000e-08 -1.440000e+00
9.602000e-08 -1.440000e+00
9.603000e-08 -1.440000e+00
9.604000e-08 -1.440000e+00
9.605000e-08 -1.440000e+00
9.606000e-08 -1.440000e+00
9.607000e-08 -1.440000e+00
9.608000e-08 -1.440000e+00
9.609000e-08 -1.440000e+00
9.610000e-08 -1.440000e+00
9.611000e-08 -1.440000e+00
9.612000e-08 -1.440000e+00
9.613000e-08 -1.440000e+00
9.614000e-08 -1.440000e+00
9.615000e-08 -1.440000e+00
9.616000e-08 -1.440000e+00
9.617000e-08 -1.440000e+00
9.618000e-08 -1.440000e+00
9.619000e-08 -1.440000e+00
9.620000e-08 -1.440000e+00
9.621000e-08 -1.440000e+00
9.622000e-08 -1.440000e+00
9.623000e-08 -1.440000e+00
9.624000e-08 -1.440000e+00
9.625000e-08 -1.440000e+00
9.626000e-08 -1.440000e+00
9.627000e-08 -1.440000e+00
9.628000e-08 -1.440000e+00
9.629000e-08 -1.440000e+00
9.630000e-08 -1.440000e+00
9.631000e-08 -1.440000e+00
9.632000e-08 -1.440000e+00
9.633000e-08 -1.440000e+00
9.634000e-08 -1.440000e+00
9.635000e-08 -1.440000e+00
9.636000e-08 -1.440000e+00
9.637000e-08 -1.440000e+00
9.638000e-08 -1.440000e+00
9.639000e-08 -1.440000e+00
9.640000e-08 -1.440000e+00
9.641000e-08 -1.440000e+00
9.642000e-08 -1.440000e+00
9.643000e-08 -1.440000e+00
9.644000e-08 -1.440000e+00
9.645000e-08 -1.440000e+00
9.646000e-08 -1.440000e+00
9.647000e-08 -1.440000e+00
9.648000e-08 -1.440000e+00
9.649000e-08 -1.440000e+00
9.650000e-08 -1.440000e+00
9.651000e-08 -1.440000e+00
9.652000e-08 -1.440000e+00
9.653000e-08 -1.440000e+00
9.654000e-08 -1.440000e+00
9.655000e-08 -1.440000e+00
9.656000e-08 -1.440000e+00
9.657000e-08 -1.440000e+00
9.658000e-08 -1.440000e+00
9.659000e-08 -1.440000e+00
9.660000e-08 -1.440000e+00
9.661000e-08 -1.440000e+00
9.662000e-08 -1.440000e+00
9.663000e-08 -1.440000e+00
9.664000e-08 -1.440000e+00
9.665000e-08 -1.440000e+00
9.666000e-08 -1.440000e+00
9.667000e-08 -1.440000e+00
9.668000e-08 -1.440000e+00
9.669000e-08 -1.440000e+00
9.670000e-08 -1.440000e+00
9.671000e-08 -1.440000e+00
9.672000e-08 -1.440000e+00
9.673000e-08 -1.440000e+00
9.674000e-08 -1.440000e+00
9.675000e-08 -1.440000e+00
9.676000e-08 -1.440000e+00
9.677000e-08 -1.440000e+00
9.678000e-08 -1.440000e+00
9.679000e-08 -1.440000e+00
9.680000e-08 -1.440000e+00
9.681000e-08 -1.440000e+00
9.682000e-08 -1.440000e+00
9.683000e-08 -1.440000e+00
9.684000e-08 -1.440000e+00
9.685000e-08 -1.440000e+00
9.686000e-08 -1.440000e+00
9.687000e-08 -1.440000e+00
9.688000e-08 -1.440000e+00
9.689000e-08 -1.440000e+00
9.690000e-08 -1.440000e+00
9.691000e-08 -1.440000e+00
9.692000e-08 -1.440000e+00
9.693000e-08 -1.440000e+00
9.694000e-08 -1.440000e+00
9.695000e-08 -1.440000e+00
9.696000e-08 -1.440000e+00
9.697000e-08 -1.440000e+00
9.698000e-08 -1.440000e+00
9.699000e-08 -1.440000e+00
9.700000e-08 -1.440000e+00
9.701000e-08 -1.440000e+00
9.702000e-08 -1.440000e+00
9.703000e-08 -1.440000e+00
9.704000e-08 -1.440000e+00
9.705000e-08 -1.440000e+00
9.706000e-08 -1.440000e+00
9.707000e-08 -1.440000e+00
9.708000e-08 -1.440000e+00
9.709000e-08 -1.440000e+00
9.710000e-08 -1.440000e+00
9.711000e-08 -1.440000e+00
9.712000e-08 -1.440000e+00
9.713000e-08 -1.440000e+00
9.714000e-08 -1.440000e+00
9.715000e-08 -1.440000e+00
9.716000e-08 -1.440000e+00
9.717000e-08 -1.440000e+00
9.718000e-08 -1.440000e+00
9.719000e-08 -1.440000e+00
9.720000e-08 -1.440000e+00
9.721000e-08 -1.440000e+00
9.722000e-08 -1.440000e+00
9.723000e-08 -1.440000e+00
9.724000e-08 -1.440000e+00
9.725000e-08 -1.440000e+00
9.726000e-08 -1.440000e+00
9.727000e-08 -1.440000e+00
9.728000e-08 -1.440000e+00
9.729000e-08 -1.440000e+00
9.730000e-08 -1.440000e+00
9.731000e-08 -1.440000e+00
9.732000e-08 -1.440000e+00
9.733000e-08 -1.440000e+00
9.734000e-08 -1.440000e+00
9.735000e-08 -1.440000e+00
9.736000e-08 -1.440000e+00
9.737000e-08 -1.440000e+00
9.738000e-08 -1.440000e+00
9.739000e-08 -1.440000e+00
9.740000e-08 -1.440000e+00
9.741000e-08 -1.440000e+00
9.742000e-08 -1.440000e+00
9.743000e-08 -1.440000e+00
9.744000e-08 -1.440000e+00
9.745000e-08 -1.440000e+00
9.746000e-08 -1.440000e+00
9.747000e-08 -1.440000e+00
9.748000e-08 -1.440000e+00
9.749000e-08 -1.440000e+00
9.750000e-08 -1.440000e+00
9.751000e-08 -1.440000e+00
9.752000e-08 -1.440000e+00
9.753000e-08 -1.440000e+00
9.754000e-08 -1.440000e+00
9.755000e-08 -1.440000e+00
9.756000e-08 -1.440000e+00
9.757000e-08 -1.440000e+00
9.758000e-08 -1.440000e+00
9.759000e-08 -1.440000e+00
9.760000e-08 -1.440000e+00
9.761000e-08 -1.440000e+00
9.762000e-08 -1.440000e+00
9.763000e-08 -1.440000e+00
9.764000e-08 -1.440000e+00
9.765000e-08 -1.440000e+00
9.766000e-08 -1.440000e+00
9.767000e-08 -1.440000e+00
9.768000e-08 -1.440000e+00
9.769000e-08 -1.440000e+00
9.770000e-08 -1.440000e+00
9.771000e-08 -1.440000e+00
9.772000e-08 -1.440000e+00
9.773000e-08 -1.440000e+00
9.774000e-08 -1.440000e+00
9.775000e-08 -1.440000e+00
9.776000e-08 -1.440000e+00
9.777000e-08 -1.440000e+00
9.778000e-08 -1.440000e+00
9.779000e-08 -1.440000e+00
9.780000e-08 -1.440000e+00
9.781000e-08 -1.440000e+00
9.782000e-08 -1.440000e+00
9.783000e-08 -1.440000e+00
9.784000e-08 -1.440000e+00
9.785000e-08 -1.440000e+00
9.786000e-08 -1.440000e+00
9.787000e-08 -1.440000e+00
9.788000e-08 -1.440000e+00
9.789000e-08 -1.440000e+00
9.790000e-08 -1.440000e+00
9.791000e-08 -1.440000e+00
9.792000e-08 -1.440000e+00
9.793000e-08 -1.440000e+00
9.794000e-08 -1.440000e+00
9.795000e-08 -1.440000e+00
9.796000e-08 -1.440000e+00
9.797000e-08 -1.440000e+00
9.798000e-08 -1.440000e+00
9.799000e-08 -1.440000e+00
9.800000e-08 -1.440000e+00
9.801000e-08 -1.440000e+00
9.802000e-08 -1.440000e+00
9.803000e-08 -1.440000e+00
9.804000e-08 -1.440000e+00
9.805000e-08 -1.440000e+00
9.806000e-08 -1.440000e+00
9.807000e-08 -1.440000e+00
9.808000e-08 -1.440000e+00
9.809000e-08 -1.440000e+00
9.810000e-08 -1.440000e+00
9.811000e-08 -1.440000e+00
9.812000e-08 -1.440000e+00
9.813000e-08 -1.440000e+00
9.814000e-08 -1.440000e+00
9.815000e-08 -1.440000e+00
9.816000e-08 -1.440000e+00
9.817000e-08 -1.440000e+00
9.818000e-08 -1.440000e+00
9.819000e-08 -1.440000e+00
9.820000e-08 -1.440000e+00
9.821000e-08 -1.440000e+00
9.822000e-08 -1.440000e+00
9.823000e-08 -1.440000e+00
9.824000e-08 -1.440000e+00
9.825000e-08 -1.440000e+00
9.826000e-08 -1.440000e+00
9.827000e-08 -1.440000e+00
9.828000e-08 -1.440000e+00
9.829000e-08 -1.440000e+00
9.830000e-08 -1.440000e+00
9.831000e-08 -1.440000e+00
9.832000e-08 -1.440000e+00
9.833000e-08 -1.440000e+00
9.834000e-08 -1.440000e+00
9.835000e-08 -1.440000e+00
9.836000e-08 -1.440000e+00
9.837000e-08 -1.440000e+00
9.838000e-08 -1.440000e+00
9.839000e-08 -1.440000e+00
9.840000e-08 -1.440000e+00
9.841000e-08 -1.440000e+00
9.842000e-08 -1.440000e+00
9.843000e-08 -1.440000e+00
9.844000e-08 -1.440000e+00
9.845000e-08 -1.440000e+00
9.846000e-08 -1.440000e+00
9.847000e-08 -1.440000e+00
9.848000e-08 -1.440000e+00
9.849000e-08 -1.440000e+00
9.850000e-08 -1.440000e+00
9.851000e-08 -1.440000e+00
9.852000e-08 -1.440000e+00
9.853000e-08 -1.440000e+00
9.854000e-08 -1.440000e+00
9.855000e-08 -1.440000e+00
9.856000e-08 -1.440000e+00
9.857000e-08 -1.440000e+00
9.858000e-08 -1.440000e+00
9.859000e-08 -1.440000e+00
9.860000e-08 -1.440000e+00
9.861000e-08 -1.440000e+00
9.862000e-08 -1.440000e+00
9.863000e-08 -1.440000e+00
9.864000e-08 -1.440000e+00
9.865000e-08 -1.440000e+00
9.866000e-08 -1.440000e+00
9.867000e-08 -1.440000e+00
9.868000e-08 -1.440000e+00
9.869000e-08 -1.440000e+00
9.870000e-08 -1.440000e+00
9.871000e-08 -1.440000e+00
9.872000e-08 -1.440000e+00
9.873000e-08 -1.440000e+00
9.874000e-08 -1.440000e+00
9.875000e-08 -1.440000e+00
9.876000e-08 -1.440000e+00
9.877000e-08 -1.440000e+00
9.878000e-08 -1.440000e+00
9.879000e-08 -1.440000e+00
9.880000e-08 -1.440000e+00
9.881000e-08 -1.440000e+00
9.882000e-08 -1.440000e+00
9.883000e-08 -1.440000e+00
9.884000e-08 -1.440000e+00
9.885000e-08 -1.440000e+00
9.886000e-08 -1.440000e+00
9.887000e-08 -1.440000e+00
9.888000e-08 -1.440000e+00
9.889000e-08 -1.440000e+00
9.890000e-08 -1.440000e+00
9.891000e-08 -1.440000e+00
9.892000e-08 -1.440000e+00
9.893000e-08 -1.440000e+00
9.894000e-08 -1.440000e+00
9.895000e-08 -1.440000e+00
9.896000e-08 -1.440000e+00
9.897000e-08 -1.440000e+00
9.898000e-08 -1.440000e+00
9.899000e-08 -1.440000e+00
9.900000e-08 -1.440000e+00
9.901000e-08 -1.440000e+00
9.902000e-08 -1.440000e+00
9.903000e-08 -1.440000e+00
9.904000e-08 -1.440000e+00
9.905000e-08 -1.440000e+00
9.906000e-08 -1.440000e+00
9.907000e-08 -1.440000e+00
9.908000e-08 -1.440000e+00
9.909000e-08 -1.440000e+00
9.910000e-08 -1.440000e+00
9.911000e-08 -1.440000e+00
9.912000e-08 -1.440000e+00
9.913000e-08 -1.440000e+00
9.914000e-08 -1.440000e+00
9.915000e-08 -1.440000e+00
9.916000e-08 -1.440000e+00
9.917000e-08 -1.440000e+00
9.918000e-08 -1.440000e+00
9.919000e-08 -1.440000e+00
9.920000e-08 -1.440000e+00
9.921000e-08 -1.440000e+00
9.922000e-08 -1.440000e+00
9.923000e-08 -1.440000e+00
9.924000e-08 -1.440000e+00
9.925000e-08 -1.440000e+00
9.926000e-08 -1.440000e+00
9.927000e-08 -1.440000e+00
9.928000e-08 -1.440000e+00
9.929000e-08 -1.440000e+00
9.930000e-08 -1.440000e+00
9.931000e-08 -1.440000e+00
9.932000e-08 -1.440000e+00
9.933000e-08 -1.440000e+00
9.934000e-08 -1.440000e+00
9.935000e-08 -1.440000e+00
9.936000e-08 -1.440000e+00
9.937000e-08 -1.440000e+00
9.938000e-08 -1.440000e+00
9.939000e-08 -1.440000e+00
9.940000e-08 -1.440000e+00
9.941000e-08 -1.440000e+00
9.942000e-08 -1.440000e+00
9.943000e-08 -1.440000e+00
9.944000e-08 -1.440000e+00
9.945000e-08 -1.440000e+00
9.946000e-08 -1.440000e+00
9.947000e-08 -1.440000e+00
9.948000e-08 -1.440000e+00
9.949000e-08 -1.440000e+00
9.950000e-08 -1.440000e+00
9.951000e-08 -1.440000e+00
9.952000e-08 -1.440000e+00
9.953000e-08 -1.440000e+00
9.954000e-08 -1.440000e+00
9.955000e-08 -1.440000e+00
9.956000e-08 -1.440000e+00
9.957000e-08 -1.440000e+00
9.958000e-08 -1.440000e+00
9.959000e-08 -1.440000e+00
9.960000e-08 -1.440000e+00
9.961000e-08 -1.440000e+00
9.962000e-08 -1.440000e+00
9.963000e-08 -1.440000e+00
9.964000e-08 -1.440000e+00
9.965000e-08 -1.440000e+00
9.966000e-08 -1.440000e+00
9.967000e-08 -1.440000e+00
9.968000e-08 -1.440000e+00
9.969000e-08 -1.440000e+00
9.970000e-08 -1.440000e+00
9.971000e-08 -1.440000e+00
9.972000e-08 -1.440000e+00
9.973000e-08 -1.440000e+00
9.974000e-08 -1.440000e+00
9.975000e-08 -1.440000e+00
9.976000e-08 -1.440000e+00
9.977000e-08 -1.440000e+00
9.978000e-08 -1.440000e+00
9.979000e-08 -1.440000e+00
9.980000e-08 -1.440000e+00
9.981000e-08 -1.440000e+00
9.982000e-08 -1.440000e+00
9.983000e-08 -1.440000e+00
9.984000e-08 -1.440000e+00
9.985000e-08 -1.440000e+00
9.986000e-08 -1.440000e+00
9.987000e-08 -1.440000e+00
9.988000e-08 -1.440000e+00
9.989000e-08 -1.440000e+00
9.990000e-08 -1.440000e+00
9.991000e-08 -1.440000e+00
9.992000e-08 -1.440000e+00
9.993000e-08 -1.440000e+00
9.994000e-08 -1.440000e+00
9.995000e-08 -1.440000e+00
9.996000e-08 -1.440000e+00
9.997000e-08 -1.440000e+00
9.998000e-08 -1.440000e+00
9.999000e-08 -1.440000e+00
1.000000e-07 -1.440000e+00