OpenSTA 3.1.0 543361765b Copyright (c) 2026, Parallax Software, Inc.
License GPLv3: GNU GPL version 3 <http://gnu.org/licenses/gpl.html>

This is free software, and you are free to change and redistribute it
under certain conditions; type `show_copying' for details. 
This program comes with ABSOLUTELY NO WARRANTY; for details type `show_warranty'.
Startpoint: cin (input port clocked by vclk)
Endpoint: sum[31] (output port clocked by vclk)
Path Group: vclk
Path Type: max

        Cap        Slew       Delay        Time   Description
---------------------------------------------------------------------------------------
               0.000000    0.000000    0.000000   clock vclk (rise edge)
                           0.000000    0.000000   clock network delay (ideal)
                           0.000000    0.000000 v input external delay
   0.006018    0.050000    0.000000    0.000000 v cin (in)
               0.050000    0.000000    0.000000 v _252_/B (OR2X1)
   0.004623    0.017130    0.057750    0.057750 v _252_/Y (OR2X1)
               0.017130    0.000000    0.057750 v _254_/B (AOI21X1)
   0.007954    0.054966    0.050438    0.108187 ^ _254_/Y (AOI21X1)
               0.054966    0.000000    0.108187 ^ _256_/B (XNOR2X1)
   0.008390    0.067890    0.073375    0.181562 ^ _256_/Y (XNOR2X1)
               0.067890    0.000000    0.181562 ^ _257_/B (AOI21X1)
   0.007301    0.028698    0.046910    0.228472 v _257_/Y (AOI21X1)
               0.028698    0.000000    0.228472 v _259_/B (XNOR2X1)
   0.008390    0.067902    0.070683    0.299155 ^ _259_/Y (XNOR2X1)
               0.067902    0.000000    0.299155 ^ _260_/B (AOI21X1)
   0.007301    0.028698    0.046913    0.346068 v _260_/Y (AOI21X1)
               0.028698    0.000000    0.346068 v _262_/B (XNOR2X1)
   0.008390    0.067902    0.070683    0.416751 ^ _262_/Y (XNOR2X1)
               0.067902    0.000000    0.416751 ^ _263_/B (AOI21X1)
   0.007301    0.028698    0.046913    0.463664 v _263_/Y (AOI21X1)
               0.028698    0.000000    0.463664 v _265_/B (XNOR2X1)
   0.008390    0.067902    0.070683    0.534347 ^ _265_/Y (XNOR2X1)
               0.067902    0.000000    0.534347 ^ _266_/B (AOI21X1)
   0.007301    0.028698    0.046913    0.581260 v _266_/Y (AOI21X1)
               0.028698    0.000000    0.581260 v _268_/B (XNOR2X1)
   0.008390    0.067902    0.070683    0.651943 ^ _268_/Y (XNOR2X1)
               0.067902    0.000000    0.651943 ^ _269_/B (AOI21X1)
   0.007301    0.028698    0.046913    0.698856 v _269_/Y (AOI21X1)
               0.028698    0.000000    0.698856 v _271_/B (XNOR2X1)
   0.008390    0.067902    0.070683    0.769539 ^ _271_/Y (XNOR2X1)
               0.067902    0.000000    0.769539 ^ _272_/B (AOI21X1)
   0.007301    0.028698    0.046913    0.816452 v _272_/Y (AOI21X1)
               0.028698    0.000000    0.816452 v _274_/B (XNOR2X1)
   0.008390    0.067902    0.070683    0.887135 ^ _274_/Y (XNOR2X1)
               0.067902    0.000000    0.887135 ^ _275_/B (AOI21X1)
   0.007301    0.028698    0.046913    0.934048 v _275_/Y (AOI21X1)
               0.028698    0.000000    0.934048 v _277_/B (XNOR2X1)
   0.008390    0.067902    0.070683    1.004730 ^ _277_/Y (XNOR2X1)
               0.067902    0.000000    1.004730 ^ _278_/B (AOI21X1)
   0.007301    0.028698    0.046913    1.051643 v _278_/Y (AOI21X1)
               0.028698    0.000000    1.051643 v _280_/B (XNOR2X1)
   0.008390    0.067902    0.070683    1.122326 ^ _280_/Y (XNOR2X1)
               0.067902    0.000000    1.122326 ^ _281_/B (AOI21X1)
   0.007301    0.028698    0.046913    1.169239 v _281_/Y (AOI21X1)
               0.028698    0.000000    1.169239 v _283_/B (XNOR2X1)
   0.008390    0.067902    0.070683    1.239922 ^ _283_/Y (XNOR2X1)
               0.067902    0.000000    1.239922 ^ _284_/B (AOI21X1)
   0.007301    0.028698    0.046913    1.286835 v _284_/Y (AOI21X1)
               0.028698    0.000000    1.286835 v _286_/B (XNOR2X1)
   0.008390    0.067902    0.070683    1.357518 ^ _286_/Y (XNOR2X1)
               0.067902    0.000000    1.357518 ^ _287_/B (AOI21X1)
   0.007301    0.028698    0.046913    1.404431 v _287_/Y (AOI21X1)
               0.028698    0.000000    1.404431 v _289_/B (XNOR2X1)
   0.008390    0.067902    0.070683    1.475114 ^ _289_/Y (XNOR2X1)
               0.067902    0.000000    1.475114 ^ _290_/B (AOI21X1)
   0.007301    0.028698    0.046913    1.522027 v _290_/Y (AOI21X1)
               0.028698    0.000000    1.522027 v _292_/B (XNOR2X1)
   0.008390    0.067902    0.070683    1.592710 ^ _292_/Y (XNOR2X1)
               0.067902    0.000000    1.592710 ^ _293_/B (AOI21X1)
   0.007301    0.028698    0.046913    1.639622 v _293_/Y (AOI21X1)
               0.028698    0.000000    1.639622 v _131_/B (XNOR2X1)
   0.008390    0.067902    0.070683    1.710305 ^ _131_/Y (XNOR2X1)
               0.067902    0.000000    1.710305 ^ _132_/B (AOI21X1)
   0.007301    0.028698    0.046913    1.757218 v _132_/Y (AOI21X1)
               0.028698    0.000000    1.757218 v _134_/B (XNOR2X1)
   0.008390    0.067902    0.070683    1.827901 ^ _134_/Y (XNOR2X1)
               0.067902    0.000000    1.827901 ^ _135_/B (AOI21X1)
   0.007301    0.028698    0.046913    1.874814 v _135_/Y (AOI21X1)
               0.028698    0.000000    1.874814 v _137_/B (XNOR2X1)
   0.008390    0.067902    0.070683    1.945497 ^ _137_/Y (XNOR2X1)
               0.067902    0.000000    1.945497 ^ _138_/B (AOI21X1)
   0.007301    0.028698    0.046913    1.992410 v _138_/Y (AOI21X1)
               0.028698    0.000000    1.992410 v _140_/B (XNOR2X1)
   0.008390    0.067902    0.070683    2.063093 ^ _140_/Y (XNOR2X1)
               0.067902    0.000000    2.063093 ^ _141_/B (AOI21X1)
   0.007301    0.028698    0.046913    2.110006 v _141_/Y (AOI21X1)
               0.028698    0.000000    2.110006 v _143_/B (XNOR2X1)
   0.008390    0.067902    0.070683    2.180689 ^ _143_/Y (XNOR2X1)
               0.067902    0.000000    2.180689 ^ _144_/B (AOI21X1)
   0.007301    0.028698    0.046913    2.227602 v _144_/Y (AOI21X1)
               0.028698    0.000000    2.227602 v _146_/B (XNOR2X1)
   0.008390    0.067902    0.070683    2.298285 ^ _146_/Y (XNOR2X1)
               0.067902    0.000000    2.298285 ^ _147_/B (AOI21X1)
   0.007301    0.028698    0.046913    2.345198 v _147_/Y (AOI21X1)
               0.028698    0.000000    2.345198 v _149_/B (XNOR2X1)
   0.008390    0.067902    0.070683    2.415881 ^ _149_/Y (XNOR2X1)
               0.067902    0.000000    2.415881 ^ _150_/B (AOI21X1)
   0.007301    0.028698    0.046913    2.462794 v _150_/Y (AOI21X1)
               0.028698    0.000000    2.462794 v _152_/B (XNOR2X1)
   0.008390    0.067902    0.070683    2.533477 ^ _152_/Y (XNOR2X1)
               0.067902    0.000000    2.533477 ^ _153_/B (AOI21X1)
   0.007301    0.028698    0.046913    2.580390 v _153_/Y (AOI21X1)
               0.028698    0.000000    2.580390 v _155_/B (XNOR2X1)
   0.008390    0.067902    0.070683    2.651073 ^ _155_/Y (XNOR2X1)
               0.067902    0.000000    2.651073 ^ _156_/B (AOI21X1)
   0.007301    0.028698    0.046913    2.697986 v _156_/Y (AOI21X1)
               0.028698    0.000000    2.697986 v _158_/B (XNOR2X1)
   0.008390    0.067902    0.070683    2.768669 ^ _158_/Y (XNOR2X1)
               0.067902    0.000000    2.768669 ^ _159_/B (AOI21X1)
   0.007301    0.028698    0.046913    2.815582 v _159_/Y (AOI21X1)
               0.028698    0.000000    2.815582 v _161_/B (XNOR2X1)
   0.008390    0.067902    0.070683    2.886265 ^ _161_/Y (XNOR2X1)
               0.067902    0.000000    2.886265 ^ _162_/B (AOI21X1)
   0.007301    0.028698    0.046913    2.933177 v _162_/Y (AOI21X1)
               0.028698    0.000000    2.933177 v _164_/B (XNOR2X1)
   0.008390    0.067902    0.070683    3.003860 ^ _164_/Y (XNOR2X1)
               0.067902    0.000000    3.003860 ^ _165_/B (AOI21X1)
   0.007301    0.028698    0.046913    3.050773 v _165_/Y (AOI21X1)
               0.028698    0.000000    3.050773 v _167_/B (XNOR2X1)
   0.008390    0.067902    0.070683    3.121457 ^ _167_/Y (XNOR2X1)
               0.067902    0.000000    3.121457 ^ _168_/B (AOI21X1)
   0.007301    0.028698    0.046913    3.168370 v _168_/Y (AOI21X1)
               0.028698    0.000000    3.168370 v _170_/B (XNOR2X1)
   0.008390    0.067902    0.070683    3.239053 ^ _170_/Y (XNOR2X1)
               0.067902    0.000000    3.239053 ^ _171_/B (AOI21X1)
   0.006489    0.026692    0.045518    3.284571 v _171_/Y (AOI21X1)
               0.026692    0.000000    3.284571 v _174_/B (NAND2X1)
   0.004752    0.045844    0.025834    3.310405 ^ _174_/Y (NAND2X1)
               0.045844    0.000000    3.310405 ^ _176_/B (AOI21X1)
   0.007301    0.028999    0.041607    3.352011 v _176_/Y (AOI21X1)
               0.028999    0.000000    3.352011 v _178_/B (XNOR2X1)
   0.008390    0.067895    0.070714    3.422725 ^ _178_/Y (XNOR2X1)
               0.067895    0.000000    3.422725 ^ _180_/B (AOI21X1)
   0.007301    0.028698    0.046911    3.469636 v _180_/Y (AOI21X1)
               0.028698    0.000000    3.469636 v _182_/B (XNOR2X1)
   0.008390    0.067902    0.070683    3.540319 ^ _182_/Y (XNOR2X1)
               0.067902    0.000000    3.540319 ^ _186_/B (AOI21X1)
   0.007251    0.028575    0.046827    3.587147 v _186_/Y (AOI21X1)
               0.028575    0.000000    3.587147 v _188_/B (XNOR2X1)
   0.008422    0.068056    0.070772    3.657919 ^ _188_/Y (XNOR2X1)
               0.068056    0.000000    3.657919 ^ _189_/B (XNOR2X1)
   0.010000    0.075600    0.079955    3.737874 ^ _189_/Y (XNOR2X1)
               0.075600    0.000000    3.737874 ^ sum[31] (out)
                                       3.737874   data arrival time

               0.000000  100.000000  100.000000   clock vclk (rise edge)
                           0.000000  100.000000   clock network delay (ideal)
                           0.000000  100.000000   clock reconvergence pessimism
                           0.000000  100.000000   output external delay
                                     100.000000   data required time
---------------------------------------------------------------------------------------
                                     100.000000   data required time
                                      -3.737874   data arrival time
---------------------------------------------------------------------------------------
                                      96.262123   slack (MET)


Startpoint: cin (input port clocked by vclk)
Endpoint: cout (output port clocked by vclk)
Path Group: vclk
Path Type: max

        Cap        Slew       Delay        Time   Description
---------------------------------------------------------------------------------------
               0.000000    0.000000    0.000000   clock vclk (rise edge)
                           0.000000    0.000000   clock network delay (ideal)
                           0.000000    0.000000 v input external delay
   0.006018    0.050000    0.000000    0.000000 v cin (in)
               0.050000    0.000000    0.000000 v _252_/B (OR2X1)
   0.004623    0.017130    0.057750    0.057750 v _252_/Y (OR2X1)
               0.017130    0.000000    0.057750 v _254_/B (AOI21X1)
   0.007954    0.054966    0.050438    0.108187 ^ _254_/Y (AOI21X1)
               0.054966    0.000000    0.108187 ^ _256_/B (XNOR2X1)
   0.008390    0.067890    0.073375    0.181562 ^ _256_/Y (XNOR2X1)
               0.067890    0.000000    0.181562 ^ _257_/B (AOI21X1)
   0.007301    0.028698    0.046910    0.228472 v _257_/Y (AOI21X1)
               0.028698    0.000000    0.228472 v _259_/B (XNOR2X1)
   0.008390    0.067902    0.070683    0.299155 ^ _259_/Y (XNOR2X1)
               0.067902    0.000000    0.299155 ^ _260_/B (AOI21X1)
   0.007301    0.028698    0.046913    0.346068 v _260_/Y (AOI21X1)
               0.028698    0.000000    0.346068 v _262_/B (XNOR2X1)
   0.008390    0.067902    0.070683    0.416751 ^ _262_/Y (XNOR2X1)
               0.067902    0.000000    0.416751 ^ _263_/B (AOI21X1)
   0.007301    0.028698    0.046913    0.463664 v _263_/Y (AOI21X1)
               0.028698    0.000000    0.463664 v _265_/B (XNOR2X1)
   0.008390    0.067902    0.070683    0.534347 ^ _265_/Y (XNOR2X1)
               0.067902    0.000000    0.534347 ^ _266_/B (AOI21X1)
   0.007301    0.028698    0.046913    0.581260 v _266_/Y (AOI21X1)
               0.028698    0.000000    0.581260 v _268_/B (XNOR2X1)
   0.008390    0.067902    0.070683    0.651943 ^ _268_/Y (XNOR2X1)
               0.067902    0.000000    0.651943 ^ _269_/B (AOI21X1)
   0.007301    0.028698    0.046913    0.698856 v _269_/Y (AOI21X1)
               0.028698    0.000000    0.698856 v _271_/B (XNOR2X1)
   0.008390    0.067902    0.070683    0.769539 ^ _271_/Y (XNOR2X1)
               0.067902    0.000000    0.769539 ^ _272_/B (AOI21X1)
   0.007301    0.028698    0.046913    0.816452 v _272_/Y (AOI21X1)
               0.028698    0.000000    0.816452 v _274_/B (XNOR2X1)
   0.008390    0.067902    0.070683    0.887135 ^ _274_/Y (XNOR2X1)
               0.067902    0.000000    0.887135 ^ _275_/B (AOI21X1)
   0.007301    0.028698    0.046913    0.934048 v _275_/Y (AOI21X1)
               0.028698    0.000000    0.934048 v _277_/B (XNOR2X1)
   0.008390    0.067902    0.070683    1.004730 ^ _277_/Y (XNOR2X1)
               0.067902    0.000000    1.004730 ^ _278_/B (AOI21X1)
   0.007301    0.028698    0.046913    1.051643 v _278_/Y (AOI21X1)
               0.028698    0.000000    1.051643 v _280_/B (XNOR2X1)
   0.008390    0.067902    0.070683    1.122326 ^ _280_/Y (XNOR2X1)
               0.067902    0.000000    1.122326 ^ _281_/B (AOI21X1)
   0.007301    0.028698    0.046913    1.169239 v _281_/Y (AOI21X1)
               0.028698    0.000000    1.169239 v _283_/B (XNOR2X1)
   0.008390    0.067902    0.070683    1.239922 ^ _283_/Y (XNOR2X1)
               0.067902    0.000000    1.239922 ^ _284_/B (AOI21X1)
   0.007301    0.028698    0.046913    1.286835 v _284_/Y (AOI21X1)
               0.028698    0.000000    1.286835 v _286_/B (XNOR2X1)
   0.008390    0.067902    0.070683    1.357518 ^ _286_/Y (XNOR2X1)
               0.067902    0.000000    1.357518 ^ _287_/B (AOI21X1)
   0.007301    0.028698    0.046913    1.404431 v _287_/Y (AOI21X1)
               0.028698    0.000000    1.404431 v _289_/B (XNOR2X1)
   0.008390    0.067902    0.070683    1.475114 ^ _289_/Y (XNOR2X1)
               0.067902    0.000000    1.475114 ^ _290_/B (AOI21X1)
   0.007301    0.028698    0.046913    1.522027 v _290_/Y (AOI21X1)
               0.028698    0.000000    1.522027 v _292_/B (XNOR2X1)
   0.008390    0.067902    0.070683    1.592710 ^ _292_/Y (XNOR2X1)
               0.067902    0.000000    1.592710 ^ _293_/B (AOI21X1)
   0.007301    0.028698    0.046913    1.639622 v _293_/Y (AOI21X1)
               0.028698    0.000000    1.639622 v _131_/B (XNOR2X1)
   0.008390    0.067902    0.070683    1.710305 ^ _131_/Y (XNOR2X1)
               0.067902    0.000000    1.710305 ^ _132_/B (AOI21X1)
   0.007301    0.028698    0.046913    1.757218 v _132_/Y (AOI21X1)
               0.028698    0.000000    1.757218 v _134_/B (XNOR2X1)
   0.008390    0.067902    0.070683    1.827901 ^ _134_/Y (XNOR2X1)
               0.067902    0.000000    1.827901 ^ _135_/B (AOI21X1)
   0.007301    0.028698    0.046913    1.874814 v _135_/Y (AOI21X1)
               0.028698    0.000000    1.874814 v _137_/B (XNOR2X1)
   0.008390    0.067902    0.070683    1.945497 ^ _137_/Y (XNOR2X1)
               0.067902    0.000000    1.945497 ^ _138_/B (AOI21X1)
   0.007301    0.028698    0.046913    1.992410 v _138_/Y (AOI21X1)
               0.028698    0.000000    1.992410 v _140_/B (XNOR2X1)
   0.008390    0.067902    0.070683    2.063093 ^ _140_/Y (XNOR2X1)
               0.067902    0.000000    2.063093 ^ _141_/B (AOI21X1)
   0.007301    0.028698    0.046913    2.110006 v _141_/Y (AOI21X1)
               0.028698    0.000000    2.110006 v _143_/B (XNOR2X1)
   0.008390    0.067902    0.070683    2.180689 ^ _143_/Y (XNOR2X1)
               0.067902    0.000000    2.180689 ^ _144_/B (AOI21X1)
   0.007301    0.028698    0.046913    2.227602 v _144_/Y (AOI21X1)
               0.028698    0.000000    2.227602 v _146_/B (XNOR2X1)
   0.008390    0.067902    0.070683    2.298285 ^ _146_/Y (XNOR2X1)
               0.067902    0.000000    2.298285 ^ _147_/B (AOI21X1)
   0.007301    0.028698    0.046913    2.345198 v _147_/Y (AOI21X1)
               0.028698    0.000000    2.345198 v _149_/B (XNOR2X1)
   0.008390    0.067902    0.070683    2.415881 ^ _149_/Y (XNOR2X1)
               0.067902    0.000000    2.415881 ^ _150_/B (AOI21X1)
   0.007301    0.028698    0.046913    2.462794 v _150_/Y (AOI21X1)
               0.028698    0.000000    2.462794 v _152_/B (XNOR2X1)
   0.008390    0.067902    0.070683    2.533477 ^ _152_/Y (XNOR2X1)
               0.067902    0.000000    2.533477 ^ _153_/B (AOI21X1)
   0.007301    0.028698    0.046913    2.580390 v _153_/Y (AOI21X1)
               0.028698    0.000000    2.580390 v _155_/B (XNOR2X1)
   0.008390    0.067902    0.070683    2.651073 ^ _155_/Y (XNOR2X1)
               0.067902    0.000000    2.651073 ^ _156_/B (AOI21X1)
   0.007301    0.028698    0.046913    2.697986 v _156_/Y (AOI21X1)
               0.028698    0.000000    2.697986 v _158_/B (XNOR2X1)
   0.008390    0.067902    0.070683    2.768669 ^ _158_/Y (XNOR2X1)
               0.067902    0.000000    2.768669 ^ _159_/B (AOI21X1)
   0.007301    0.028698    0.046913    2.815582 v _159_/Y (AOI21X1)
               0.028698    0.000000    2.815582 v _161_/B (XNOR2X1)
   0.008390    0.067902    0.070683    2.886265 ^ _161_/Y (XNOR2X1)
               0.067902    0.000000    2.886265 ^ _162_/B (AOI21X1)
   0.007301    0.028698    0.046913    2.933177 v _162_/Y (AOI21X1)
               0.028698    0.000000    2.933177 v _164_/B (XNOR2X1)
   0.008390    0.067902    0.070683    3.003860 ^ _164_/Y (XNOR2X1)
               0.067902    0.000000    3.003860 ^ _165_/B (AOI21X1)
   0.007301    0.028698    0.046913    3.050773 v _165_/Y (AOI21X1)
               0.028698    0.000000    3.050773 v _167_/B (XNOR2X1)
   0.008390    0.067902    0.070683    3.121457 ^ _167_/Y (XNOR2X1)
               0.067902    0.000000    3.121457 ^ _168_/B (AOI21X1)
   0.007301    0.028698    0.046913    3.168370 v _168_/Y (AOI21X1)
               0.028698    0.000000    3.168370 v _170_/B (XNOR2X1)
   0.008390    0.067902    0.070683    3.239053 ^ _170_/Y (XNOR2X1)
               0.067902    0.000000    3.239053 ^ _171_/B (AOI21X1)
   0.006489    0.026692    0.045518    3.284571 v _171_/Y (AOI21X1)
               0.026692    0.000000    3.284571 v _174_/B (NAND2X1)
   0.004752    0.045844    0.025834    3.310405 ^ _174_/Y (NAND2X1)
               0.045844    0.000000    3.310405 ^ _176_/B (AOI21X1)
   0.007301    0.028999    0.041607    3.352011 v _176_/Y (AOI21X1)
               0.028999    0.000000    3.352011 v _178_/B (XNOR2X1)
   0.008390    0.067895    0.070714    3.422725 ^ _178_/Y (XNOR2X1)
               0.067895    0.000000    3.422725 ^ _180_/B (AOI21X1)
   0.007301    0.028698    0.046911    3.469636 v _180_/Y (AOI21X1)
               0.028698    0.000000    3.469636 v _182_/B (XNOR2X1)
   0.008390    0.067902    0.070683    3.540319 ^ _182_/Y (XNOR2X1)
               0.067902    0.000000    3.540319 ^ _186_/B (AOI21X1)
   0.007251    0.028575    0.046827    3.587147 v _186_/Y (AOI21X1)
               0.028575    0.000000    3.587147 v _188_/B (XNOR2X1)
   0.008422    0.068056    0.070772    3.657919 ^ _188_/Y (XNOR2X1)
               0.068056    0.000000    3.657919 ^ _194_/B (OAI21X1)
   0.010000    0.023331    0.041775    3.699693 v _194_/Y (OAI21X1)
               0.023331    0.000000    3.699693 v cout (out)
                                       3.699693   data arrival time

               0.000000  100.000000  100.000000   clock vclk (rise edge)
                           0.000000  100.000000   clock network delay (ideal)
                           0.000000  100.000000   clock reconvergence pessimism
                           0.000000  100.000000   output external delay
                                     100.000000   data required time
---------------------------------------------------------------------------------------
                                     100.000000   data required time
                                      -3.699693   data arrival time
---------------------------------------------------------------------------------------
                                      96.300301   slack (MET)


Startpoint: cin (input port clocked by vclk)
Endpoint: sum[30] (output port clocked by vclk)
Path Group: vclk
Path Type: max

        Cap        Slew       Delay        Time   Description
---------------------------------------------------------------------------------------
               0.000000    0.000000    0.000000   clock vclk (rise edge)
                           0.000000    0.000000   clock network delay (ideal)
                           0.000000    0.000000 v input external delay
   0.006018    0.050000    0.000000    0.000000 v cin (in)
               0.050000    0.000000    0.000000 v _252_/B (OR2X1)
   0.004623    0.017130    0.057750    0.057750 v _252_/Y (OR2X1)
               0.017130    0.000000    0.057750 v _254_/B (AOI21X1)
   0.007954    0.054966    0.050438    0.108187 ^ _254_/Y (AOI21X1)
               0.054966    0.000000    0.108187 ^ _256_/B (XNOR2X1)
   0.008390    0.067890    0.073375    0.181562 ^ _256_/Y (XNOR2X1)
               0.067890    0.000000    0.181562 ^ _257_/B (AOI21X1)
   0.007301    0.028698    0.046910    0.228472 v _257_/Y (AOI21X1)
               0.028698    0.000000    0.228472 v _259_/B (XNOR2X1)
   0.008390    0.067902    0.070683    0.299155 ^ _259_/Y (XNOR2X1)
               0.067902    0.000000    0.299155 ^ _260_/B (AOI21X1)
   0.007301    0.028698    0.046913    0.346068 v _260_/Y (AOI21X1)
               0.028698    0.000000    0.346068 v _262_/B (XNOR2X1)
   0.008390    0.067902    0.070683    0.416751 ^ _262_/Y (XNOR2X1)
               0.067902    0.000000    0.416751 ^ _263_/B (AOI21X1)
   0.007301    0.028698    0.046913    0.463664 v _263_/Y (AOI21X1)
               0.028698    0.000000    0.463664 v _265_/B (XNOR2X1)
   0.008390    0.067902    0.070683    0.534347 ^ _265_/Y (XNOR2X1)
               0.067902    0.000000    0.534347 ^ _266_/B (AOI21X1)
   0.007301    0.028698    0.046913    0.581260 v _266_/Y (AOI21X1)
               0.028698    0.000000    0.581260 v _268_/B (XNOR2X1)
   0.008390    0.067902    0.070683    0.651943 ^ _268_/Y (XNOR2X1)
               0.067902    0.000000    0.651943 ^ _269_/B (AOI21X1)
   0.007301    0.028698    0.046913    0.698856 v _269_/Y (AOI21X1)
               0.028698    0.000000    0.698856 v _271_/B (XNOR2X1)
   0.008390    0.067902    0.070683    0.769539 ^ _271_/Y (XNOR2X1)
               0.067902    0.000000    0.769539 ^ _272_/B (AOI21X1)
   0.007301    0.028698    0.046913    0.816452 v _272_/Y (AOI21X1)
               0.028698    0.000000    0.816452 v _274_/B (XNOR2X1)
   0.008390    0.067902    0.070683    0.887135 ^ _274_/Y (XNOR2X1)
               0.067902    0.000000    0.887135 ^ _275_/B (AOI21X1)
   0.007301    0.028698    0.046913    0.934048 v _275_/Y (AOI21X1)
               0.028698    0.000000    0.934048 v _277_/B (XNOR2X1)
   0.008390    0.067902    0.070683    1.004730 ^ _277_/Y (XNOR2X1)
               0.067902    0.000000    1.004730 ^ _278_/B (AOI21X1)
   0.007301    0.028698    0.046913    1.051643 v _278_/Y (AOI21X1)
               0.028698    0.000000    1.051643 v _280_/B (XNOR2X1)
   0.008390    0.067902    0.070683    1.122326 ^ _280_/Y (XNOR2X1)
               0.067902    0.000000    1.122326 ^ _281_/B (AOI21X1)
   0.007301    0.028698    0.046913    1.169239 v _281_/Y (AOI21X1)
               0.028698    0.000000    1.169239 v _283_/B (XNOR2X1)
   0.008390    0.067902    0.070683    1.239922 ^ _283_/Y (XNOR2X1)
               0.067902    0.000000    1.239922 ^ _284_/B (AOI21X1)
   0.007301    0.028698    0.046913    1.286835 v _284_/Y (AOI21X1)
               0.028698    0.000000    1.286835 v _286_/B (XNOR2X1)
   0.008390    0.067902    0.070683    1.357518 ^ _286_/Y (XNOR2X1)
               0.067902    0.000000    1.357518 ^ _287_/B (AOI21X1)
   0.007301    0.028698    0.046913    1.404431 v _287_/Y (AOI21X1)
               0.028698    0.000000    1.404431 v _289_/B (XNOR2X1)
   0.008390    0.067902    0.070683    1.475114 ^ _289_/Y (XNOR2X1)
               0.067902    0.000000    1.475114 ^ _290_/B (AOI21X1)
   0.007301    0.028698    0.046913    1.522027 v _290_/Y (AOI21X1)
               0.028698    0.000000    1.522027 v _292_/B (XNOR2X1)
   0.008390    0.067902    0.070683    1.592710 ^ _292_/Y (XNOR2X1)
               0.067902    0.000000    1.592710 ^ _293_/B (AOI21X1)
   0.007301    0.028698    0.046913    1.639622 v _293_/Y (AOI21X1)
               0.028698    0.000000    1.639622 v _131_/B (XNOR2X1)
   0.008390    0.067902    0.070683    1.710305 ^ _131_/Y (XNOR2X1)
               0.067902    0.000000    1.710305 ^ _132_/B (AOI21X1)
   0.007301    0.028698    0.046913    1.757218 v _132_/Y (AOI21X1)
               0.028698    0.000000    1.757218 v _134_/B (XNOR2X1)
   0.008390    0.067902    0.070683    1.827901 ^ _134_/Y (XNOR2X1)
               0.067902    0.000000    1.827901 ^ _135_/B (AOI21X1)
   0.007301    0.028698    0.046913    1.874814 v _135_/Y (AOI21X1)
               0.028698    0.000000    1.874814 v _137_/B (XNOR2X1)
   0.008390    0.067902    0.070683    1.945497 ^ _137_/Y (XNOR2X1)
               0.067902    0.000000    1.945497 ^ _138_/B (AOI21X1)
   0.007301    0.028698    0.046913    1.992410 v _138_/Y (AOI21X1)
               0.028698    0.000000    1.992410 v _140_/B (XNOR2X1)
   0.008390    0.067902    0.070683    2.063093 ^ _140_/Y (XNOR2X1)
               0.067902    0.000000    2.063093 ^ _141_/B (AOI21X1)
   0.007301    0.028698    0.046913    2.110006 v _141_/Y (AOI21X1)
               0.028698    0.000000    2.110006 v _143_/B (XNOR2X1)
   0.008390    0.067902    0.070683    2.180689 ^ _143_/Y (XNOR2X1)
               0.067902    0.000000    2.180689 ^ _144_/B (AOI21X1)
   0.007301    0.028698    0.046913    2.227602 v _144_/Y (AOI21X1)
               0.028698    0.000000    2.227602 v _146_/B (XNOR2X1)
   0.008390    0.067902    0.070683    2.298285 ^ _146_/Y (XNOR2X1)
               0.067902    0.000000    2.298285 ^ _147_/B (AOI21X1)
   0.007301    0.028698    0.046913    2.345198 v _147_/Y (AOI21X1)
               0.028698    0.000000    2.345198 v _149_/B (XNOR2X1)
   0.008390    0.067902    0.070683    2.415881 ^ _149_/Y (XNOR2X1)
               0.067902    0.000000    2.415881 ^ _150_/B (AOI21X1)
   0.007301    0.028698    0.046913    2.462794 v _150_/Y (AOI21X1)
               0.028698    0.000000    2.462794 v _152_/B (XNOR2X1)
   0.008390    0.067902    0.070683    2.533477 ^ _152_/Y (XNOR2X1)
               0.067902    0.000000    2.533477 ^ _153_/B (AOI21X1)
   0.007301    0.028698    0.046913    2.580390 v _153_/Y (AOI21X1)
               0.028698    0.000000    2.580390 v _155_/B (XNOR2X1)
   0.008390    0.067902    0.070683    2.651073 ^ _155_/Y (XNOR2X1)
               0.067902    0.000000    2.651073 ^ _156_/B (AOI21X1)
   0.007301    0.028698    0.046913    2.697986 v _156_/Y (AOI21X1)
               0.028698    0.000000    2.697986 v _158_/B (XNOR2X1)
   0.008390    0.067902    0.070683    2.768669 ^ _158_/Y (XNOR2X1)
               0.067902    0.000000    2.768669 ^ _159_/B (AOI21X1)
   0.007301    0.028698    0.046913    2.815582 v _159_/Y (AOI21X1)
               0.028698    0.000000    2.815582 v _161_/B (XNOR2X1)
   0.008390    0.067902    0.070683    2.886265 ^ _161_/Y (XNOR2X1)
               0.067902    0.000000    2.886265 ^ _162_/B (AOI21X1)
   0.007301    0.028698    0.046913    2.933177 v _162_/Y (AOI21X1)
               0.028698    0.000000    2.933177 v _164_/B (XNOR2X1)
   0.008390    0.067902    0.070683    3.003860 ^ _164_/Y (XNOR2X1)
               0.067902    0.000000    3.003860 ^ _165_/B (AOI21X1)
   0.007301    0.028698    0.046913    3.050773 v _165_/Y (AOI21X1)
               0.028698    0.000000    3.050773 v _167_/B (XNOR2X1)
   0.008390    0.067902    0.070683    3.121457 ^ _167_/Y (XNOR2X1)
               0.067902    0.000000    3.121457 ^ _168_/B (AOI21X1)
   0.007301    0.028698    0.046913    3.168370 v _168_/Y (AOI21X1)
               0.028698    0.000000    3.168370 v _170_/B (XNOR2X1)
   0.008390    0.067902    0.070683    3.239053 ^ _170_/Y (XNOR2X1)
               0.067902    0.000000    3.239053 ^ _171_/B (AOI21X1)
   0.006489    0.026692    0.045518    3.284571 v _171_/Y (AOI21X1)
               0.026692    0.000000    3.284571 v _174_/B (NAND2X1)
   0.004752    0.045844    0.025834    3.310405 ^ _174_/Y (NAND2X1)
               0.045844    0.000000    3.310405 ^ _176_/B (AOI21X1)
   0.007301    0.028999    0.041607    3.352011 v _176_/Y (AOI21X1)
               0.028999    0.000000    3.352011 v _178_/B (XNOR2X1)
   0.008390    0.067895    0.070714    3.422725 ^ _178_/Y (XNOR2X1)
               0.067895    0.000000    3.422725 ^ _180_/B (AOI21X1)
   0.007301    0.028698    0.046911    3.469636 v _180_/Y (AOI21X1)
               0.028698    0.000000    3.469636 v _182_/B (XNOR2X1)
   0.008390    0.067902    0.070683    3.540319 ^ _182_/Y (XNOR2X1)
               0.067902    0.000000    3.540319 ^ _183_/B (XOR2X1)
   0.010000    0.079128    0.079825    3.620145 ^ _183_/Y (XOR2X1)
               0.079128    0.000000    3.620145 ^ sum[30] (out)
                                       3.620145   data arrival time

               0.000000  100.000000  100.000000   clock vclk (rise edge)
                           0.000000  100.000000   clock network delay (ideal)
                           0.000000  100.000000   clock reconvergence pessimism
                           0.000000  100.000000   output external delay
                                     100.000000   data required time
---------------------------------------------------------------------------------------
                                     100.000000   data required time
                                      -3.620145   data arrival time
---------------------------------------------------------------------------------------
                                      96.379852   slack (MET)


Startpoint: cin (input port clocked by vclk)
Endpoint: sum[29] (output port clocked by vclk)
Path Group: vclk
Path Type: max

        Cap        Slew       Delay        Time   Description
---------------------------------------------------------------------------------------
               0.000000    0.000000    0.000000   clock vclk (rise edge)
                           0.000000    0.000000   clock network delay (ideal)
                           0.000000    0.000000 v input external delay
   0.006018    0.050000    0.000000    0.000000 v cin (in)
               0.050000    0.000000    0.000000 v _252_/B (OR2X1)
   0.004623    0.017130    0.057750    0.057750 v _252_/Y (OR2X1)
               0.017130    0.000000    0.057750 v _254_/B (AOI21X1)
   0.007954    0.054966    0.050438    0.108187 ^ _254_/Y (AOI21X1)
               0.054966    0.000000    0.108187 ^ _256_/B (XNOR2X1)
   0.008390    0.067890    0.073375    0.181562 ^ _256_/Y (XNOR2X1)
               0.067890    0.000000    0.181562 ^ _257_/B (AOI21X1)
   0.007301    0.028698    0.046910    0.228472 v _257_/Y (AOI21X1)
               0.028698    0.000000    0.228472 v _259_/B (XNOR2X1)
   0.008390    0.067902    0.070683    0.299155 ^ _259_/Y (XNOR2X1)
               0.067902    0.000000    0.299155 ^ _260_/B (AOI21X1)
   0.007301    0.028698    0.046913    0.346068 v _260_/Y (AOI21X1)
               0.028698    0.000000    0.346068 v _262_/B (XNOR2X1)
   0.008390    0.067902    0.070683    0.416751 ^ _262_/Y (XNOR2X1)
               0.067902    0.000000    0.416751 ^ _263_/B (AOI21X1)
   0.007301    0.028698    0.046913    0.463664 v _263_/Y (AOI21X1)
               0.028698    0.000000    0.463664 v _265_/B (XNOR2X1)
   0.008390    0.067902    0.070683    0.534347 ^ _265_/Y (XNOR2X1)
               0.067902    0.000000    0.534347 ^ _266_/B (AOI21X1)
   0.007301    0.028698    0.046913    0.581260 v _266_/Y (AOI21X1)
               0.028698    0.000000    0.581260 v _268_/B (XNOR2X1)
   0.008390    0.067902    0.070683    0.651943 ^ _268_/Y (XNOR2X1)
               0.067902    0.000000    0.651943 ^ _269_/B (AOI21X1)
   0.007301    0.028698    0.046913    0.698856 v _269_/Y (AOI21X1)
               0.028698    0.000000    0.698856 v _271_/B (XNOR2X1)
   0.008390    0.067902    0.070683    0.769539 ^ _271_/Y (XNOR2X1)
               0.067902    0.000000    0.769539 ^ _272_/B (AOI21X1)
   0.007301    0.028698    0.046913    0.816452 v _272_/Y (AOI21X1)
               0.028698    0.000000    0.816452 v _274_/B (XNOR2X1)
   0.008390    0.067902    0.070683    0.887135 ^ _274_/Y (XNOR2X1)
               0.067902    0.000000    0.887135 ^ _275_/B (AOI21X1)
   0.007301    0.028698    0.046913    0.934048 v _275_/Y (AOI21X1)
               0.028698    0.000000    0.934048 v _277_/B (XNOR2X1)
   0.008390    0.067902    0.070683    1.004730 ^ _277_/Y (XNOR2X1)
               0.067902    0.000000    1.004730 ^ _278_/B (AOI21X1)
   0.007301    0.028698    0.046913    1.051643 v _278_/Y (AOI21X1)
               0.028698    0.000000    1.051643 v _280_/B (XNOR2X1)
   0.008390    0.067902    0.070683    1.122326 ^ _280_/Y (XNOR2X1)
               0.067902    0.000000    1.122326 ^ _281_/B (AOI21X1)
   0.007301    0.028698    0.046913    1.169239 v _281_/Y (AOI21X1)
               0.028698    0.000000    1.169239 v _283_/B (XNOR2X1)
   0.008390    0.067902    0.070683    1.239922 ^ _283_/Y (XNOR2X1)
               0.067902    0.000000    1.239922 ^ _284_/B (AOI21X1)
   0.007301    0.028698    0.046913    1.286835 v _284_/Y (AOI21X1)
               0.028698    0.000000    1.286835 v _286_/B (XNOR2X1)
   0.008390    0.067902    0.070683    1.357518 ^ _286_/Y (XNOR2X1)
               0.067902    0.000000    1.357518 ^ _287_/B (AOI21X1)
   0.007301    0.028698    0.046913    1.404431 v _287_/Y (AOI21X1)
               0.028698    0.000000    1.404431 v _289_/B (XNOR2X1)
   0.008390    0.067902    0.070683    1.475114 ^ _289_/Y (XNOR2X1)
               0.067902    0.000000    1.475114 ^ _290_/B (AOI21X1)
   0.007301    0.028698    0.046913    1.522027 v _290_/Y (AOI21X1)
               0.028698    0.000000    1.522027 v _292_/B (XNOR2X1)
   0.008390    0.067902    0.070683    1.592710 ^ _292_/Y (XNOR2X1)
               0.067902    0.000000    1.592710 ^ _293_/B (AOI21X1)
   0.007301    0.028698    0.046913    1.639622 v _293_/Y (AOI21X1)
               0.028698    0.000000    1.639622 v _131_/B (XNOR2X1)
   0.008390    0.067902    0.070683    1.710305 ^ _131_/Y (XNOR2X1)
               0.067902    0.000000    1.710305 ^ _132_/B (AOI21X1)
   0.007301    0.028698    0.046913    1.757218 v _132_/Y (AOI21X1)
               0.028698    0.000000    1.757218 v _134_/B (XNOR2X1)
   0.008390    0.067902    0.070683    1.827901 ^ _134_/Y (XNOR2X1)
               0.067902    0.000000    1.827901 ^ _135_/B (AOI21X1)
   0.007301    0.028698    0.046913    1.874814 v _135_/Y (AOI21X1)
               0.028698    0.000000    1.874814 v _137_/B (XNOR2X1)
   0.008390    0.067902    0.070683    1.945497 ^ _137_/Y (XNOR2X1)
               0.067902    0.000000    1.945497 ^ _138_/B (AOI21X1)
   0.007301    0.028698    0.046913    1.992410 v _138_/Y (AOI21X1)
               0.028698    0.000000    1.992410 v _140_/B (XNOR2X1)
   0.008390    0.067902    0.070683    2.063093 ^ _140_/Y (XNOR2X1)
               0.067902    0.000000    2.063093 ^ _141_/B (AOI21X1)
   0.007301    0.028698    0.046913    2.110006 v _141_/Y (AOI21X1)
               0.028698    0.000000    2.110006 v _143_/B (XNOR2X1)
   0.008390    0.067902    0.070683    2.180689 ^ _143_/Y (XNOR2X1)
               0.067902    0.000000    2.180689 ^ _144_/B (AOI21X1)
   0.007301    0.028698    0.046913    2.227602 v _144_/Y (AOI21X1)
               0.028698    0.000000    2.227602 v _146_/B (XNOR2X1)
   0.008390    0.067902    0.070683    2.298285 ^ _146_/Y (XNOR2X1)
               0.067902    0.000000    2.298285 ^ _147_/B (AOI21X1)
   0.007301    0.028698    0.046913    2.345198 v _147_/Y (AOI21X1)
               0.028698    0.000000    2.345198 v _149_/B (XNOR2X1)
   0.008390    0.067902    0.070683    2.415881 ^ _149_/Y (XNOR2X1)
               0.067902    0.000000    2.415881 ^ _150_/B (AOI21X1)
   0.007301    0.028698    0.046913    2.462794 v _150_/Y (AOI21X1)
               0.028698    0.000000    2.462794 v _152_/B (XNOR2X1)
   0.008390    0.067902    0.070683    2.533477 ^ _152_/Y (XNOR2X1)
               0.067902    0.000000    2.533477 ^ _153_/B (AOI21X1)
   0.007301    0.028698    0.046913    2.580390 v _153_/Y (AOI21X1)
               0.028698    0.000000    2.580390 v _155_/B (XNOR2X1)
   0.008390    0.067902    0.070683    2.651073 ^ _155_/Y (XNOR2X1)
               0.067902    0.000000    2.651073 ^ _156_/B (AOI21X1)
   0.007301    0.028698    0.046913    2.697986 v _156_/Y (AOI21X1)
               0.028698    0.000000    2.697986 v _158_/B (XNOR2X1)
   0.008390    0.067902    0.070683    2.768669 ^ _158_/Y (XNOR2X1)
               0.067902    0.000000    2.768669 ^ _159_/B (AOI21X1)
   0.007301    0.028698    0.046913    2.815582 v _159_/Y (AOI21X1)
               0.028698    0.000000    2.815582 v _161_/B (XNOR2X1)
   0.008390    0.067902    0.070683    2.886265 ^ _161_/Y (XNOR2X1)
               0.067902    0.000000    2.886265 ^ _162_/B (AOI21X1)
   0.007301    0.028698    0.046913    2.933177 v _162_/Y (AOI21X1)
               0.028698    0.000000    2.933177 v _164_/B (XNOR2X1)
   0.008390    0.067902    0.070683    3.003860 ^ _164_/Y (XNOR2X1)
               0.067902    0.000000    3.003860 ^ _165_/B (AOI21X1)
   0.007301    0.028698    0.046913    3.050773 v _165_/Y (AOI21X1)
               0.028698    0.000000    3.050773 v _167_/B (XNOR2X1)
   0.008390    0.067902    0.070683    3.121457 ^ _167_/Y (XNOR2X1)
               0.067902    0.000000    3.121457 ^ _168_/B (AOI21X1)
   0.007301    0.028698    0.046913    3.168370 v _168_/Y (AOI21X1)
               0.028698    0.000000    3.168370 v _170_/B (XNOR2X1)
   0.008390    0.067902    0.070683    3.239053 ^ _170_/Y (XNOR2X1)
               0.067902    0.000000    3.239053 ^ _171_/B (AOI21X1)
   0.006489    0.026692    0.045518    3.284571 v _171_/Y (AOI21X1)
               0.026692    0.000000    3.284571 v _174_/B (NAND2X1)
   0.004752    0.045844    0.025834    3.310405 ^ _174_/Y (NAND2X1)
               0.045844    0.000000    3.310405 ^ _176_/B (AOI21X1)
   0.007301    0.028999    0.041607    3.352011 v _176_/Y (AOI21X1)
               0.028999    0.000000    3.352011 v _178_/B (XNOR2X1)
   0.008390    0.067895    0.070714    3.422725 ^ _178_/Y (XNOR2X1)
               0.067895    0.000000    3.422725 ^ _179_/B (XOR2X1)
   0.010000    0.079128    0.079825    3.502550 ^ _179_/Y (XOR2X1)
               0.079128    0.000000    3.502550 ^ sum[29] (out)
                                       3.502550   data arrival time

               0.000000  100.000000  100.000000   clock vclk (rise edge)
                           0.000000  100.000000   clock network delay (ideal)
                           0.000000  100.000000   clock reconvergence pessimism
                           0.000000  100.000000   output external delay
                                     100.000000   data required time
---------------------------------------------------------------------------------------
                                     100.000000   data required time
                                      -3.502550   data arrival time
---------------------------------------------------------------------------------------
                                      96.497444   slack (MET)


Startpoint: cin (input port clocked by vclk)
Endpoint: sum[28] (output port clocked by vclk)
Path Group: vclk
Path Type: max

        Cap        Slew       Delay        Time   Description
---------------------------------------------------------------------------------------
               0.000000    0.000000    0.000000   clock vclk (rise edge)
                           0.000000    0.000000   clock network delay (ideal)
                           0.000000    0.000000 v input external delay
   0.006018    0.050000    0.000000    0.000000 v cin (in)
               0.050000    0.000000    0.000000 v _252_/B (OR2X1)
   0.004623    0.017130    0.057750    0.057750 v _252_/Y (OR2X1)
               0.017130    0.000000    0.057750 v _254_/B (AOI21X1)
   0.007954    0.054966    0.050438    0.108187 ^ _254_/Y (AOI21X1)
               0.054966    0.000000    0.108187 ^ _256_/B (XNOR2X1)
   0.008390    0.067890    0.073375    0.181562 ^ _256_/Y (XNOR2X1)
               0.067890    0.000000    0.181562 ^ _257_/B (AOI21X1)
   0.007301    0.028698    0.046910    0.228472 v _257_/Y (AOI21X1)
               0.028698    0.000000    0.228472 v _259_/B (XNOR2X1)
   0.008390    0.067902    0.070683    0.299155 ^ _259_/Y (XNOR2X1)
               0.067902    0.000000    0.299155 ^ _260_/B (AOI21X1)
   0.007301    0.028698    0.046913    0.346068 v _260_/Y (AOI21X1)
               0.028698    0.000000    0.346068 v _262_/B (XNOR2X1)
   0.008390    0.067902    0.070683    0.416751 ^ _262_/Y (XNOR2X1)
               0.067902    0.000000    0.416751 ^ _263_/B (AOI21X1)
   0.007301    0.028698    0.046913    0.463664 v _263_/Y (AOI21X1)
               0.028698    0.000000    0.463664 v _265_/B (XNOR2X1)
   0.008390    0.067902    0.070683    0.534347 ^ _265_/Y (XNOR2X1)
               0.067902    0.000000    0.534347 ^ _266_/B (AOI21X1)
   0.007301    0.028698    0.046913    0.581260 v _266_/Y (AOI21X1)
               0.028698    0.000000    0.581260 v _268_/B (XNOR2X1)
   0.008390    0.067902    0.070683    0.651943 ^ _268_/Y (XNOR2X1)
               0.067902    0.000000    0.651943 ^ _269_/B (AOI21X1)
   0.007301    0.028698    0.046913    0.698856 v _269_/Y (AOI21X1)
               0.028698    0.000000    0.698856 v _271_/B (XNOR2X1)
   0.008390    0.067902    0.070683    0.769539 ^ _271_/Y (XNOR2X1)
               0.067902    0.000000    0.769539 ^ _272_/B (AOI21X1)
   0.007301    0.028698    0.046913    0.816452 v _272_/Y (AOI21X1)
               0.028698    0.000000    0.816452 v _274_/B (XNOR2X1)
   0.008390    0.067902    0.070683    0.887135 ^ _274_/Y (XNOR2X1)
               0.067902    0.000000    0.887135 ^ _275_/B (AOI21X1)
   0.007301    0.028698    0.046913    0.934048 v _275_/Y (AOI21X1)
               0.028698    0.000000    0.934048 v _277_/B (XNOR2X1)
   0.008390    0.067902    0.070683    1.004730 ^ _277_/Y (XNOR2X1)
               0.067902    0.000000    1.004730 ^ _278_/B (AOI21X1)
   0.007301    0.028698    0.046913    1.051643 v _278_/Y (AOI21X1)
               0.028698    0.000000    1.051643 v _280_/B (XNOR2X1)
   0.008390    0.067902    0.070683    1.122326 ^ _280_/Y (XNOR2X1)
               0.067902    0.000000    1.122326 ^ _281_/B (AOI21X1)
   0.007301    0.028698    0.046913    1.169239 v _281_/Y (AOI21X1)
               0.028698    0.000000    1.169239 v _283_/B (XNOR2X1)
   0.008390    0.067902    0.070683    1.239922 ^ _283_/Y (XNOR2X1)
               0.067902    0.000000    1.239922 ^ _284_/B (AOI21X1)
   0.007301    0.028698    0.046913    1.286835 v _284_/Y (AOI21X1)
               0.028698    0.000000    1.286835 v _286_/B (XNOR2X1)
   0.008390    0.067902    0.070683    1.357518 ^ _286_/Y (XNOR2X1)
               0.067902    0.000000    1.357518 ^ _287_/B (AOI21X1)
   0.007301    0.028698    0.046913    1.404431 v _287_/Y (AOI21X1)
               0.028698    0.000000    1.404431 v _289_/B (XNOR2X1)
   0.008390    0.067902    0.070683    1.475114 ^ _289_/Y (XNOR2X1)
               0.067902    0.000000    1.475114 ^ _290_/B (AOI21X1)
   0.007301    0.028698    0.046913    1.522027 v _290_/Y (AOI21X1)
               0.028698    0.000000    1.522027 v _292_/B (XNOR2X1)
   0.008390    0.067902    0.070683    1.592710 ^ _292_/Y (XNOR2X1)
               0.067902    0.000000    1.592710 ^ _293_/B (AOI21X1)
   0.007301    0.028698    0.046913    1.639622 v _293_/Y (AOI21X1)
               0.028698    0.000000    1.639622 v _131_/B (XNOR2X1)
   0.008390    0.067902    0.070683    1.710305 ^ _131_/Y (XNOR2X1)
               0.067902    0.000000    1.710305 ^ _132_/B (AOI21X1)
   0.007301    0.028698    0.046913    1.757218 v _132_/Y (AOI21X1)
               0.028698    0.000000    1.757218 v _134_/B (XNOR2X1)
   0.008390    0.067902    0.070683    1.827901 ^ _134_/Y (XNOR2X1)
               0.067902    0.000000    1.827901 ^ _135_/B (AOI21X1)
   0.007301    0.028698    0.046913    1.874814 v _135_/Y (AOI21X1)
               0.028698    0.000000    1.874814 v _137_/B (XNOR2X1)
   0.008390    0.067902    0.070683    1.945497 ^ _137_/Y (XNOR2X1)
               0.067902    0.000000    1.945497 ^ _138_/B (AOI21X1)
   0.007301    0.028698    0.046913    1.992410 v _138_/Y (AOI21X1)
               0.028698    0.000000    1.992410 v _140_/B (XNOR2X1)
   0.008390    0.067902    0.070683    2.063093 ^ _140_/Y (XNOR2X1)
               0.067902    0.000000    2.063093 ^ _141_/B (AOI21X1)
   0.007301    0.028698    0.046913    2.110006 v _141_/Y (AOI21X1)
               0.028698    0.000000    2.110006 v _143_/B (XNOR2X1)
   0.008390    0.067902    0.070683    2.180689 ^ _143_/Y (XNOR2X1)
               0.067902    0.000000    2.180689 ^ _144_/B (AOI21X1)
   0.007301    0.028698    0.046913    2.227602 v _144_/Y (AOI21X1)
               0.028698    0.000000    2.227602 v _146_/B (XNOR2X1)
   0.008390    0.067902    0.070683    2.298285 ^ _146_/Y (XNOR2X1)
               0.067902    0.000000    2.298285 ^ _147_/B (AOI21X1)
   0.007301    0.028698    0.046913    2.345198 v _147_/Y (AOI21X1)
               0.028698    0.000000    2.345198 v _149_/B (XNOR2X1)
   0.008390    0.067902    0.070683    2.415881 ^ _149_/Y (XNOR2X1)
               0.067902    0.000000    2.415881 ^ _150_/B (AOI21X1)
   0.007301    0.028698    0.046913    2.462794 v _150_/Y (AOI21X1)
               0.028698    0.000000    2.462794 v _152_/B (XNOR2X1)
   0.008390    0.067902    0.070683    2.533477 ^ _152_/Y (XNOR2X1)
               0.067902    0.000000    2.533477 ^ _153_/B (AOI21X1)
   0.007301    0.028698    0.046913    2.580390 v _153_/Y (AOI21X1)
               0.028698    0.000000    2.580390 v _155_/B (XNOR2X1)
   0.008390    0.067902    0.070683    2.651073 ^ _155_/Y (XNOR2X1)
               0.067902    0.000000    2.651073 ^ _156_/B (AOI21X1)
   0.007301    0.028698    0.046913    2.697986 v _156_/Y (AOI21X1)
               0.028698    0.000000    2.697986 v _158_/B (XNOR2X1)
   0.008390    0.067902    0.070683    2.768669 ^ _158_/Y (XNOR2X1)
               0.067902    0.000000    2.768669 ^ _159_/B (AOI21X1)
   0.007301    0.028698    0.046913    2.815582 v _159_/Y (AOI21X1)
               0.028698    0.000000    2.815582 v _161_/B (XNOR2X1)
   0.008390    0.067902    0.070683    2.886265 ^ _161_/Y (XNOR2X1)
               0.067902    0.000000    2.886265 ^ _162_/B (AOI21X1)
   0.007301    0.028698    0.046913    2.933177 v _162_/Y (AOI21X1)
               0.028698    0.000000    2.933177 v _164_/B (XNOR2X1)
   0.008390    0.067902    0.070683    3.003860 ^ _164_/Y (XNOR2X1)
               0.067902    0.000000    3.003860 ^ _165_/B (AOI21X1)
   0.007301    0.028698    0.046913    3.050773 v _165_/Y (AOI21X1)
               0.028698    0.000000    3.050773 v _167_/B (XNOR2X1)
   0.008390    0.067902    0.070683    3.121457 ^ _167_/Y (XNOR2X1)
               0.067902    0.000000    3.121457 ^ _168_/B (AOI21X1)
   0.007301    0.028698    0.046913    3.168370 v _168_/Y (AOI21X1)
               0.028698    0.000000    3.168370 v _170_/B (XNOR2X1)
   0.008390    0.067902    0.070683    3.239053 ^ _170_/Y (XNOR2X1)
               0.067902    0.000000    3.239053 ^ _171_/B (AOI21X1)
   0.006489    0.026692    0.045518    3.284571 v _171_/Y (AOI21X1)
               0.026692    0.000000    3.284571 v _173_/B (OR2X1)
   0.001884    0.010951    0.049587    3.334158 v _173_/Y (OR2X1)
               0.010951    0.000000    3.334158 v _175_/A (NAND2X1)
   0.005589    0.049956    0.036937    3.371096 ^ _175_/Y (NAND2X1)
               0.049956    0.000000    3.371096 ^ _192_/B (XNOR2X1)
   0.010000    0.075712    0.078097    3.449193 ^ _192_/Y (XNOR2X1)
               0.075712    0.000000    3.449193 ^ sum[28] (out)
                                       3.449193   data arrival time

               0.000000  100.000000  100.000000   clock vclk (rise edge)
                           0.000000  100.000000   clock network delay (ideal)
                           0.000000  100.000000   clock reconvergence pessimism
                           0.000000  100.000000   output external delay
                                     100.000000   data required time
---------------------------------------------------------------------------------------
                                     100.000000   data required time
                                      -3.449193   data arrival time
---------------------------------------------------------------------------------------
                                      96.550804   slack (MET)


Startpoint: cin (input port clocked by vclk)
Endpoint: sum[27] (output port clocked by vclk)
Path Group: vclk
Path Type: max

        Cap        Slew       Delay        Time   Description
---------------------------------------------------------------------------------------
               0.000000    0.000000    0.000000   clock vclk (rise edge)
                           0.000000    0.000000   clock network delay (ideal)
                           0.000000    0.000000 v input external delay
   0.006018    0.050000    0.000000    0.000000 v cin (in)
               0.050000    0.000000    0.000000 v _252_/B (OR2X1)
   0.004623    0.017130    0.057750    0.057750 v _252_/Y (OR2X1)
               0.017130    0.000000    0.057750 v _254_/B (AOI21X1)
   0.007954    0.054966    0.050438    0.108187 ^ _254_/Y (AOI21X1)
               0.054966    0.000000    0.108187 ^ _256_/B (XNOR2X1)
   0.008390    0.067890    0.073375    0.181562 ^ _256_/Y (XNOR2X1)
               0.067890    0.000000    0.181562 ^ _257_/B (AOI21X1)
   0.007301    0.028698    0.046910    0.228472 v _257_/Y (AOI21X1)
               0.028698    0.000000    0.228472 v _259_/B (XNOR2X1)
   0.008390    0.067902    0.070683    0.299155 ^ _259_/Y (XNOR2X1)
               0.067902    0.000000    0.299155 ^ _260_/B (AOI21X1)
   0.007301    0.028698    0.046913    0.346068 v _260_/Y (AOI21X1)
               0.028698    0.000000    0.346068 v _262_/B (XNOR2X1)
   0.008390    0.067902    0.070683    0.416751 ^ _262_/Y (XNOR2X1)
               0.067902    0.000000    0.416751 ^ _263_/B (AOI21X1)
   0.007301    0.028698    0.046913    0.463664 v _263_/Y (AOI21X1)
               0.028698    0.000000    0.463664 v _265_/B (XNOR2X1)
   0.008390    0.067902    0.070683    0.534347 ^ _265_/Y (XNOR2X1)
               0.067902    0.000000    0.534347 ^ _266_/B (AOI21X1)
   0.007301    0.028698    0.046913    0.581260 v _266_/Y (AOI21X1)
               0.028698    0.000000    0.581260 v _268_/B (XNOR2X1)
   0.008390    0.067902    0.070683    0.651943 ^ _268_/Y (XNOR2X1)
               0.067902    0.000000    0.651943 ^ _269_/B (AOI21X1)
   0.007301    0.028698    0.046913    0.698856 v _269_/Y (AOI21X1)
               0.028698    0.000000    0.698856 v _271_/B (XNOR2X1)
   0.008390    0.067902    0.070683    0.769539 ^ _271_/Y (XNOR2X1)
               0.067902    0.000000    0.769539 ^ _272_/B (AOI21X1)
   0.007301    0.028698    0.046913    0.816452 v _272_/Y (AOI21X1)
               0.028698    0.000000    0.816452 v _274_/B (XNOR2X1)
   0.008390    0.067902    0.070683    0.887135 ^ _274_/Y (XNOR2X1)
               0.067902    0.000000    0.887135 ^ _275_/B (AOI21X1)
   0.007301    0.028698    0.046913    0.934048 v _275_/Y (AOI21X1)
               0.028698    0.000000    0.934048 v _277_/B (XNOR2X1)
   0.008390    0.067902    0.070683    1.004730 ^ _277_/Y (XNOR2X1)
               0.067902    0.000000    1.004730 ^ _278_/B (AOI21X1)
   0.007301    0.028698    0.046913    1.051643 v _278_/Y (AOI21X1)
               0.028698    0.000000    1.051643 v _280_/B (XNOR2X1)
   0.008390    0.067902    0.070683    1.122326 ^ _280_/Y (XNOR2X1)
               0.067902    0.000000    1.122326 ^ _281_/B (AOI21X1)
   0.007301    0.028698    0.046913    1.169239 v _281_/Y (AOI21X1)
               0.028698    0.000000    1.169239 v _283_/B (XNOR2X1)
   0.008390    0.067902    0.070683    1.239922 ^ _283_/Y (XNOR2X1)
               0.067902    0.000000    1.239922 ^ _284_/B (AOI21X1)
   0.007301    0.028698    0.046913    1.286835 v _284_/Y (AOI21X1)
               0.028698    0.000000    1.286835 v _286_/B (XNOR2X1)
   0.008390    0.067902    0.070683    1.357518 ^ _286_/Y (XNOR2X1)
               0.067902    0.000000    1.357518 ^ _287_/B (AOI21X1)
   0.007301    0.028698    0.046913    1.404431 v _287_/Y (AOI21X1)
               0.028698    0.000000    1.404431 v _289_/B (XNOR2X1)
   0.008390    0.067902    0.070683    1.475114 ^ _289_/Y (XNOR2X1)
               0.067902    0.000000    1.475114 ^ _290_/B (AOI21X1)
   0.007301    0.028698    0.046913    1.522027 v _290_/Y (AOI21X1)
               0.028698    0.000000    1.522027 v _292_/B (XNOR2X1)
   0.008390    0.067902    0.070683    1.592710 ^ _292_/Y (XNOR2X1)
               0.067902    0.000000    1.592710 ^ _293_/B (AOI21X1)
   0.007301    0.028698    0.046913    1.639622 v _293_/Y (AOI21X1)
               0.028698    0.000000    1.639622 v _131_/B (XNOR2X1)
   0.008390    0.067902    0.070683    1.710305 ^ _131_/Y (XNOR2X1)
               0.067902    0.000000    1.710305 ^ _132_/B (AOI21X1)
   0.007301    0.028698    0.046913    1.757218 v _132_/Y (AOI21X1)
               0.028698    0.000000    1.757218 v _134_/B (XNOR2X1)
   0.008390    0.067902    0.070683    1.827901 ^ _134_/Y (XNOR2X1)
               0.067902    0.000000    1.827901 ^ _135_/B (AOI21X1)
   0.007301    0.028698    0.046913    1.874814 v _135_/Y (AOI21X1)
               0.028698    0.000000    1.874814 v _137_/B (XNOR2X1)
   0.008390    0.067902    0.070683    1.945497 ^ _137_/Y (XNOR2X1)
               0.067902    0.000000    1.945497 ^ _138_/B (AOI21X1)
   0.007301    0.028698    0.046913    1.992410 v _138_/Y (AOI21X1)
               0.028698    0.000000    1.992410 v _140_/B (XNOR2X1)
   0.008390    0.067902    0.070683    2.063093 ^ _140_/Y (XNOR2X1)
               0.067902    0.000000    2.063093 ^ _141_/B (AOI21X1)
   0.007301    0.028698    0.046913    2.110006 v _141_/Y (AOI21X1)
               0.028698    0.000000    2.110006 v _143_/B (XNOR2X1)
   0.008390    0.067902    0.070683    2.180689 ^ _143_/Y (XNOR2X1)
               0.067902    0.000000    2.180689 ^ _144_/B (AOI21X1)
   0.007301    0.028698    0.046913    2.227602 v _144_/Y (AOI21X1)
               0.028698    0.000000    2.227602 v _146_/B (XNOR2X1)
   0.008390    0.067902    0.070683    2.298285 ^ _146_/Y (XNOR2X1)
               0.067902    0.000000    2.298285 ^ _147_/B (AOI21X1)
   0.007301    0.028698    0.046913    2.345198 v _147_/Y (AOI21X1)
               0.028698    0.000000    2.345198 v _149_/B (XNOR2X1)
   0.008390    0.067902    0.070683    2.415881 ^ _149_/Y (XNOR2X1)
               0.067902    0.000000    2.415881 ^ _150_/B (AOI21X1)
   0.007301    0.028698    0.046913    2.462794 v _150_/Y (AOI21X1)
               0.028698    0.000000    2.462794 v _152_/B (XNOR2X1)
   0.008390    0.067902    0.070683    2.533477 ^ _152_/Y (XNOR2X1)
               0.067902    0.000000    2.533477 ^ _153_/B (AOI21X1)
   0.007301    0.028698    0.046913    2.580390 v _153_/Y (AOI21X1)
               0.028698    0.000000    2.580390 v _155_/B (XNOR2X1)
   0.008390    0.067902    0.070683    2.651073 ^ _155_/Y (XNOR2X1)
               0.067902    0.000000    2.651073 ^ _156_/B (AOI21X1)
   0.007301    0.028698    0.046913    2.697986 v _156_/Y (AOI21X1)
               0.028698    0.000000    2.697986 v _158_/B (XNOR2X1)
   0.008390    0.067902    0.070683    2.768669 ^ _158_/Y (XNOR2X1)
               0.067902    0.000000    2.768669 ^ _159_/B (AOI21X1)
   0.007301    0.028698    0.046913    2.815582 v _159_/Y (AOI21X1)
               0.028698    0.000000    2.815582 v _161_/B (XNOR2X1)
   0.008390    0.067902    0.070683    2.886265 ^ _161_/Y (XNOR2X1)
               0.067902    0.000000    2.886265 ^ _162_/B (AOI21X1)
   0.007301    0.028698    0.046913    2.933177 v _162_/Y (AOI21X1)
               0.028698    0.000000    2.933177 v _164_/B (XNOR2X1)
   0.008390    0.067902    0.070683    3.003860 ^ _164_/Y (XNOR2X1)
               0.067902    0.000000    3.003860 ^ _165_/B (AOI21X1)
   0.007301    0.028698    0.046913    3.050773 v _165_/Y (AOI21X1)
               0.028698    0.000000    3.050773 v _167_/B (XNOR2X1)
   0.008390    0.067902    0.070683    3.121457 ^ _167_/Y (XNOR2X1)
               0.067902    0.000000    3.121457 ^ _168_/B (AOI21X1)
   0.007301    0.028698    0.046913    3.168370 v _168_/Y (AOI21X1)
               0.028698    0.000000    3.168370 v _170_/B (XNOR2X1)
   0.008390    0.067902    0.070683    3.239053 ^ _170_/Y (XNOR2X1)
               0.067902    0.000000    3.239053 ^ _184_/B (XOR2X1)
   0.010000    0.079128    0.079825    3.318878 ^ _184_/Y (XOR2X1)
               0.079128    0.000000    3.318878 ^ sum[27] (out)
                                       3.318878   data arrival time

               0.000000  100.000000  100.000000   clock vclk (rise edge)
                           0.000000  100.000000   clock network delay (ideal)
                           0.000000  100.000000   clock reconvergence pessimism
                           0.000000  100.000000   output external delay
                                     100.000000   data required time
---------------------------------------------------------------------------------------
                                     100.000000   data required time
                                      -3.318878   data arrival time
---------------------------------------------------------------------------------------
                                      96.681114   slack (MET)


Startpoint: cin (input port clocked by vclk)
Endpoint: sum[26] (output port clocked by vclk)
Path Group: vclk
Path Type: max

        Cap        Slew       Delay        Time   Description
---------------------------------------------------------------------------------------
               0.000000    0.000000    0.000000   clock vclk (rise edge)
                           0.000000    0.000000   clock network delay (ideal)
                           0.000000    0.000000 v input external delay
   0.006018    0.050000    0.000000    0.000000 v cin (in)
               0.050000    0.000000    0.000000 v _252_/B (OR2X1)
   0.004623    0.017130    0.057750    0.057750 v _252_/Y (OR2X1)
               0.017130    0.000000    0.057750 v _254_/B (AOI21X1)
   0.007954    0.054966    0.050438    0.108187 ^ _254_/Y (AOI21X1)
               0.054966    0.000000    0.108187 ^ _256_/B (XNOR2X1)
   0.008390    0.067890    0.073375    0.181562 ^ _256_/Y (XNOR2X1)
               0.067890    0.000000    0.181562 ^ _257_/B (AOI21X1)
   0.007301    0.028698    0.046910    0.228472 v _257_/Y (AOI21X1)
               0.028698    0.000000    0.228472 v _259_/B (XNOR2X1)
   0.008390    0.067902    0.070683    0.299155 ^ _259_/Y (XNOR2X1)
               0.067902    0.000000    0.299155 ^ _260_/B (AOI21X1)
   0.007301    0.028698    0.046913    0.346068 v _260_/Y (AOI21X1)
               0.028698    0.000000    0.346068 v _262_/B (XNOR2X1)
   0.008390    0.067902    0.070683    0.416751 ^ _262_/Y (XNOR2X1)
               0.067902    0.000000    0.416751 ^ _263_/B (AOI21X1)
   0.007301    0.028698    0.046913    0.463664 v _263_/Y (AOI21X1)
               0.028698    0.000000    0.463664 v _265_/B (XNOR2X1)
   0.008390    0.067902    0.070683    0.534347 ^ _265_/Y (XNOR2X1)
               0.067902    0.000000    0.534347 ^ _266_/B (AOI21X1)
   0.007301    0.028698    0.046913    0.581260 v _266_/Y (AOI21X1)
               0.028698    0.000000    0.581260 v _268_/B (XNOR2X1)
   0.008390    0.067902    0.070683    0.651943 ^ _268_/Y (XNOR2X1)
               0.067902    0.000000    0.651943 ^ _269_/B (AOI21X1)
   0.007301    0.028698    0.046913    0.698856 v _269_/Y (AOI21X1)
               0.028698    0.000000    0.698856 v _271_/B (XNOR2X1)
   0.008390    0.067902    0.070683    0.769539 ^ _271_/Y (XNOR2X1)
               0.067902    0.000000    0.769539 ^ _272_/B (AOI21X1)
   0.007301    0.028698    0.046913    0.816452 v _272_/Y (AOI21X1)
               0.028698    0.000000    0.816452 v _274_/B (XNOR2X1)
   0.008390    0.067902    0.070683    0.887135 ^ _274_/Y (XNOR2X1)
               0.067902    0.000000    0.887135 ^ _275_/B (AOI21X1)
   0.007301    0.028698    0.046913    0.934048 v _275_/Y (AOI21X1)
               0.028698    0.000000    0.934048 v _277_/B (XNOR2X1)
   0.008390    0.067902    0.070683    1.004730 ^ _277_/Y (XNOR2X1)
               0.067902    0.000000    1.004730 ^ _278_/B (AOI21X1)
   0.007301    0.028698    0.046913    1.051643 v _278_/Y (AOI21X1)
               0.028698    0.000000    1.051643 v _280_/B (XNOR2X1)
   0.008390    0.067902    0.070683    1.122326 ^ _280_/Y (XNOR2X1)
               0.067902    0.000000    1.122326 ^ _281_/B (AOI21X1)
   0.007301    0.028698    0.046913    1.169239 v _281_/Y (AOI21X1)
               0.028698    0.000000    1.169239 v _283_/B (XNOR2X1)
   0.008390    0.067902    0.070683    1.239922 ^ _283_/Y (XNOR2X1)
               0.067902    0.000000    1.239922 ^ _284_/B (AOI21X1)
   0.007301    0.028698    0.046913    1.286835 v _284_/Y (AOI21X1)
               0.028698    0.000000    1.286835 v _286_/B (XNOR2X1)
   0.008390    0.067902    0.070683    1.357518 ^ _286_/Y (XNOR2X1)
               0.067902    0.000000    1.357518 ^ _287_/B (AOI21X1)
   0.007301    0.028698    0.046913    1.404431 v _287_/Y (AOI21X1)
               0.028698    0.000000    1.404431 v _289_/B (XNOR2X1)
   0.008390    0.067902    0.070683    1.475114 ^ _289_/Y (XNOR2X1)
               0.067902    0.000000    1.475114 ^ _290_/B (AOI21X1)
   0.007301    0.028698    0.046913    1.522027 v _290_/Y (AOI21X1)
               0.028698    0.000000    1.522027 v _292_/B (XNOR2X1)
   0.008390    0.067902    0.070683    1.592710 ^ _292_/Y (XNOR2X1)
               0.067902    0.000000    1.592710 ^ _293_/B (AOI21X1)
   0.007301    0.028698    0.046913    1.639622 v _293_/Y (AOI21X1)
               0.028698    0.000000    1.639622 v _131_/B (XNOR2X1)
   0.008390    0.067902    0.070683    1.710305 ^ _131_/Y (XNOR2X1)
               0.067902    0.000000    1.710305 ^ _132_/B (AOI21X1)
   0.007301    0.028698    0.046913    1.757218 v _132_/Y (AOI21X1)
               0.028698    0.000000    1.757218 v _134_/B (XNOR2X1)
   0.008390    0.067902    0.070683    1.827901 ^ _134_/Y (XNOR2X1)
               0.067902    0.000000    1.827901 ^ _135_/B (AOI21X1)
   0.007301    0.028698    0.046913    1.874814 v _135_/Y (AOI21X1)
               0.028698    0.000000    1.874814 v _137_/B (XNOR2X1)
   0.008390    0.067902    0.070683    1.945497 ^ _137_/Y (XNOR2X1)
               0.067902    0.000000    1.945497 ^ _138_/B (AOI21X1)
   0.007301    0.028698    0.046913    1.992410 v _138_/Y (AOI21X1)
               0.028698    0.000000    1.992410 v _140_/B (XNOR2X1)
   0.008390    0.067902    0.070683    2.063093 ^ _140_/Y (XNOR2X1)
               0.067902    0.000000    2.063093 ^ _141_/B (AOI21X1)
   0.007301    0.028698    0.046913    2.110006 v _141_/Y (AOI21X1)
               0.028698    0.000000    2.110006 v _143_/B (XNOR2X1)
   0.008390    0.067902    0.070683    2.180689 ^ _143_/Y (XNOR2X1)
               0.067902    0.000000    2.180689 ^ _144_/B (AOI21X1)
   0.007301    0.028698    0.046913    2.227602 v _144_/Y (AOI21X1)
               0.028698    0.000000    2.227602 v _146_/B (XNOR2X1)
   0.008390    0.067902    0.070683    2.298285 ^ _146_/Y (XNOR2X1)
               0.067902    0.000000    2.298285 ^ _147_/B (AOI21X1)
   0.007301    0.028698    0.046913    2.345198 v _147_/Y (AOI21X1)
               0.028698    0.000000    2.345198 v _149_/B (XNOR2X1)
   0.008390    0.067902    0.070683    2.415881 ^ _149_/Y (XNOR2X1)
               0.067902    0.000000    2.415881 ^ _150_/B (AOI21X1)
   0.007301    0.028698    0.046913    2.462794 v _150_/Y (AOI21X1)
               0.028698    0.000000    2.462794 v _152_/B (XNOR2X1)
   0.008390    0.067902    0.070683    2.533477 ^ _152_/Y (XNOR2X1)
               0.067902    0.000000    2.533477 ^ _153_/B (AOI21X1)
   0.007301    0.028698    0.046913    2.580390 v _153_/Y (AOI21X1)
               0.028698    0.000000    2.580390 v _155_/B (XNOR2X1)
   0.008390    0.067902    0.070683    2.651073 ^ _155_/Y (XNOR2X1)
               0.067902    0.000000    2.651073 ^ _156_/B (AOI21X1)
   0.007301    0.028698    0.046913    2.697986 v _156_/Y (AOI21X1)
               0.028698    0.000000    2.697986 v _158_/B (XNOR2X1)
   0.008390    0.067902    0.070683    2.768669 ^ _158_/Y (XNOR2X1)
               0.067902    0.000000    2.768669 ^ _159_/B (AOI21X1)
   0.007301    0.028698    0.046913    2.815582 v _159_/Y (AOI21X1)
               0.028698    0.000000    2.815582 v _161_/B (XNOR2X1)
   0.008390    0.067902    0.070683    2.886265 ^ _161_/Y (XNOR2X1)
               0.067902    0.000000    2.886265 ^ _162_/B (AOI21X1)
   0.007301    0.028698    0.046913    2.933177 v _162_/Y (AOI21X1)
               0.028698    0.000000    2.933177 v _164_/B (XNOR2X1)
   0.008390    0.067902    0.070683    3.003860 ^ _164_/Y (XNOR2X1)
               0.067902    0.000000    3.003860 ^ _165_/B (AOI21X1)
   0.007301    0.028698    0.046913    3.050773 v _165_/Y (AOI21X1)
               0.028698    0.000000    3.050773 v _167_/B (XNOR2X1)
   0.008390    0.067902    0.070683    3.121457 ^ _167_/Y (XNOR2X1)
               0.067902    0.000000    3.121457 ^ _203_/B (XOR2X1)
   0.010000    0.079128    0.079825    3.201282 ^ _203_/Y (XOR2X1)
               0.079128    0.000000    3.201282 ^ sum[26] (out)
                                       3.201282   data arrival time

               0.000000  100.000000  100.000000   clock vclk (rise edge)
                           0.000000  100.000000   clock network delay (ideal)
                           0.000000  100.000000   clock reconvergence pessimism
                           0.000000  100.000000   output external delay
                                     100.000000   data required time
---------------------------------------------------------------------------------------
                                     100.000000   data required time
                                      -3.201282   data arrival time
---------------------------------------------------------------------------------------
                                      96.798721   slack (MET)


Startpoint: cin (input port clocked by vclk)
Endpoint: sum[25] (output port clocked by vclk)
Path Group: vclk
Path Type: max

        Cap        Slew       Delay        Time   Description
---------------------------------------------------------------------------------------
               0.000000    0.000000    0.000000   clock vclk (rise edge)
                           0.000000    0.000000   clock network delay (ideal)
                           0.000000    0.000000 v input external delay
   0.006018    0.050000    0.000000    0.000000 v cin (in)
               0.050000    0.000000    0.000000 v _252_/B (OR2X1)
   0.004623    0.017130    0.057750    0.057750 v _252_/Y (OR2X1)
               0.017130    0.000000    0.057750 v _254_/B (AOI21X1)
   0.007954    0.054966    0.050438    0.108187 ^ _254_/Y (AOI21X1)
               0.054966    0.000000    0.108187 ^ _256_/B (XNOR2X1)
   0.008390    0.067890    0.073375    0.181562 ^ _256_/Y (XNOR2X1)
               0.067890    0.000000    0.181562 ^ _257_/B (AOI21X1)
   0.007301    0.028698    0.046910    0.228472 v _257_/Y (AOI21X1)
               0.028698    0.000000    0.228472 v _259_/B (XNOR2X1)
   0.008390    0.067902    0.070683    0.299155 ^ _259_/Y (XNOR2X1)
               0.067902    0.000000    0.299155 ^ _260_/B (AOI21X1)
   0.007301    0.028698    0.046913    0.346068 v _260_/Y (AOI21X1)
               0.028698    0.000000    0.346068 v _262_/B (XNOR2X1)
   0.008390    0.067902    0.070683    0.416751 ^ _262_/Y (XNOR2X1)
               0.067902    0.000000    0.416751 ^ _263_/B (AOI21X1)
   0.007301    0.028698    0.046913    0.463664 v _263_/Y (AOI21X1)
               0.028698    0.000000    0.463664 v _265_/B (XNOR2X1)
   0.008390    0.067902    0.070683    0.534347 ^ _265_/Y (XNOR2X1)
               0.067902    0.000000    0.534347 ^ _266_/B (AOI21X1)
   0.007301    0.028698    0.046913    0.581260 v _266_/Y (AOI21X1)
               0.028698    0.000000    0.581260 v _268_/B (XNOR2X1)
   0.008390    0.067902    0.070683    0.651943 ^ _268_/Y (XNOR2X1)
               0.067902    0.000000    0.651943 ^ _269_/B (AOI21X1)
   0.007301    0.028698    0.046913    0.698856 v _269_/Y (AOI21X1)
               0.028698    0.000000    0.698856 v _271_/B (XNOR2X1)
   0.008390    0.067902    0.070683    0.769539 ^ _271_/Y (XNOR2X1)
               0.067902    0.000000    0.769539 ^ _272_/B (AOI21X1)
   0.007301    0.028698    0.046913    0.816452 v _272_/Y (AOI21X1)
               0.028698    0.000000    0.816452 v _274_/B (XNOR2X1)
   0.008390    0.067902    0.070683    0.887135 ^ _274_/Y (XNOR2X1)
               0.067902    0.000000    0.887135 ^ _275_/B (AOI21X1)
   0.007301    0.028698    0.046913    0.934048 v _275_/Y (AOI21X1)
               0.028698    0.000000    0.934048 v _277_/B (XNOR2X1)
   0.008390    0.067902    0.070683    1.004730 ^ _277_/Y (XNOR2X1)
               0.067902    0.000000    1.004730 ^ _278_/B (AOI21X1)
   0.007301    0.028698    0.046913    1.051643 v _278_/Y (AOI21X1)
               0.028698    0.000000    1.051643 v _280_/B (XNOR2X1)
   0.008390    0.067902    0.070683    1.122326 ^ _280_/Y (XNOR2X1)
               0.067902    0.000000    1.122326 ^ _281_/B (AOI21X1)
   0.007301    0.028698    0.046913    1.169239 v _281_/Y (AOI21X1)
               0.028698    0.000000    1.169239 v _283_/B (XNOR2X1)
   0.008390    0.067902    0.070683    1.239922 ^ _283_/Y (XNOR2X1)
               0.067902    0.000000    1.239922 ^ _284_/B (AOI21X1)
   0.007301    0.028698    0.046913    1.286835 v _284_/Y (AOI21X1)
               0.028698    0.000000    1.286835 v _286_/B (XNOR2X1)
   0.008390    0.067902    0.070683    1.357518 ^ _286_/Y (XNOR2X1)
               0.067902    0.000000    1.357518 ^ _287_/B (AOI21X1)
   0.007301    0.028698    0.046913    1.404431 v _287_/Y (AOI21X1)
               0.028698    0.000000    1.404431 v _289_/B (XNOR2X1)
   0.008390    0.067902    0.070683    1.475114 ^ _289_/Y (XNOR2X1)
               0.067902    0.000000    1.475114 ^ _290_/B (AOI21X1)
   0.007301    0.028698    0.046913    1.522027 v _290_/Y (AOI21X1)
               0.028698    0.000000    1.522027 v _292_/B (XNOR2X1)
   0.008390    0.067902    0.070683    1.592710 ^ _292_/Y (XNOR2X1)
               0.067902    0.000000    1.592710 ^ _293_/B (AOI21X1)
   0.007301    0.028698    0.046913    1.639622 v _293_/Y (AOI21X1)
               0.028698    0.000000    1.639622 v _131_/B (XNOR2X1)
   0.008390    0.067902    0.070683    1.710305 ^ _131_/Y (XNOR2X1)
               0.067902    0.000000    1.710305 ^ _132_/B (AOI21X1)
   0.007301    0.028698    0.046913    1.757218 v _132_/Y (AOI21X1)
               0.028698    0.000000    1.757218 v _134_/B (XNOR2X1)
   0.008390    0.067902    0.070683    1.827901 ^ _134_/Y (XNOR2X1)
               0.067902    0.000000    1.827901 ^ _135_/B (AOI21X1)
   0.007301    0.028698    0.046913    1.874814 v _135_/Y (AOI21X1)
               0.028698    0.000000    1.874814 v _137_/B (XNOR2X1)
   0.008390    0.067902    0.070683    1.945497 ^ _137_/Y (XNOR2X1)
               0.067902    0.000000    1.945497 ^ _138_/B (AOI21X1)
   0.007301    0.028698    0.046913    1.992410 v _138_/Y (AOI21X1)
               0.028698    0.000000    1.992410 v _140_/B (XNOR2X1)
   0.008390    0.067902    0.070683    2.063093 ^ _140_/Y (XNOR2X1)
               0.067902    0.000000    2.063093 ^ _141_/B (AOI21X1)
   0.007301    0.028698    0.046913    2.110006 v _141_/Y (AOI21X1)
               0.028698    0.000000    2.110006 v _143_/B (XNOR2X1)
   0.008390    0.067902    0.070683    2.180689 ^ _143_/Y (XNOR2X1)
               0.067902    0.000000    2.180689 ^ _144_/B (AOI21X1)
   0.007301    0.028698    0.046913    2.227602 v _144_/Y (AOI21X1)
               0.028698    0.000000    2.227602 v _146_/B (XNOR2X1)
   0.008390    0.067902    0.070683    2.298285 ^ _146_/Y (XNOR2X1)
               0.067902    0.000000    2.298285 ^ _147_/B (AOI21X1)
   0.007301    0.028698    0.046913    2.345198 v _147_/Y (AOI21X1)
               0.028698    0.000000    2.345198 v _149_/B (XNOR2X1)
   0.008390    0.067902    0.070683    2.415881 ^ _149_/Y (XNOR2X1)
               0.067902    0.000000    2.415881 ^ _150_/B (AOI21X1)
   0.007301    0.028698    0.046913    2.462794 v _150_/Y (AOI21X1)
               0.028698    0.000000    2.462794 v _152_/B (XNOR2X1)
   0.008390    0.067902    0.070683    2.533477 ^ _152_/Y (XNOR2X1)
               0.067902    0.000000    2.533477 ^ _153_/B (AOI21X1)
   0.007301    0.028698    0.046913    2.580390 v _153_/Y (AOI21X1)
               0.028698    0.000000    2.580390 v _155_/B (XNOR2X1)
   0.008390    0.067902    0.070683    2.651073 ^ _155_/Y (XNOR2X1)
               0.067902    0.000000    2.651073 ^ _156_/B (AOI21X1)
   0.007301    0.028698    0.046913    2.697986 v _156_/Y (AOI21X1)
               0.028698    0.000000    2.697986 v _158_/B (XNOR2X1)
   0.008390    0.067902    0.070683    2.768669 ^ _158_/Y (XNOR2X1)
               0.067902    0.000000    2.768669 ^ _159_/B (AOI21X1)
   0.007301    0.028698    0.046913    2.815582 v _159_/Y (AOI21X1)
               0.028698    0.000000    2.815582 v _161_/B (XNOR2X1)
   0.008390    0.067902    0.070683    2.886265 ^ _161_/Y (XNOR2X1)
               0.067902    0.000000    2.886265 ^ _162_/B (AOI21X1)
   0.007301    0.028698    0.046913    2.933177 v _162_/Y (AOI21X1)
               0.028698    0.000000    2.933177 v _164_/B (XNOR2X1)
   0.008390    0.067902    0.070683    3.003860 ^ _164_/Y (XNOR2X1)
               0.067902    0.000000    3.003860 ^ _195_/B (XOR2X1)
   0.010000    0.079128    0.079825    3.083686 ^ _195_/Y (XOR2X1)
               0.079128    0.000000    3.083686 ^ sum[25] (out)
                                       3.083686   data arrival time

               0.000000  100.000000  100.000000   clock vclk (rise edge)
                           0.000000  100.000000   clock network delay (ideal)
                           0.000000  100.000000   clock reconvergence pessimism
                           0.000000  100.000000   output external delay
                                     100.000000   data required time
---------------------------------------------------------------------------------------
                                     100.000000   data required time
                                      -3.083686   data arrival time
---------------------------------------------------------------------------------------
                                      96.916313   slack (MET)


Startpoint: cin (input port clocked by vclk)
Endpoint: sum[24] (output port clocked by vclk)
Path Group: vclk
Path Type: max

        Cap        Slew       Delay        Time   Description
---------------------------------------------------------------------------------------
               0.000000    0.000000    0.000000   clock vclk (rise edge)
                           0.000000    0.000000   clock network delay (ideal)
                           0.000000    0.000000 v input external delay
   0.006018    0.050000    0.000000    0.000000 v cin (in)
               0.050000    0.000000    0.000000 v _252_/B (OR2X1)
   0.004623    0.017130    0.057750    0.057750 v _252_/Y (OR2X1)
               0.017130    0.000000    0.057750 v _254_/B (AOI21X1)
   0.007954    0.054966    0.050438    0.108187 ^ _254_/Y (AOI21X1)
               0.054966    0.000000    0.108187 ^ _256_/B (XNOR2X1)
   0.008390    0.067890    0.073375    0.181562 ^ _256_/Y (XNOR2X1)
               0.067890    0.000000    0.181562 ^ _257_/B (AOI21X1)
   0.007301    0.028698    0.046910    0.228472 v _257_/Y (AOI21X1)
               0.028698    0.000000    0.228472 v _259_/B (XNOR2X1)
   0.008390    0.067902    0.070683    0.299155 ^ _259_/Y (XNOR2X1)
               0.067902    0.000000    0.299155 ^ _260_/B (AOI21X1)
   0.007301    0.028698    0.046913    0.346068 v _260_/Y (AOI21X1)
               0.028698    0.000000    0.346068 v _262_/B (XNOR2X1)
   0.008390    0.067902    0.070683    0.416751 ^ _262_/Y (XNOR2X1)
               0.067902    0.000000    0.416751 ^ _263_/B (AOI21X1)
   0.007301    0.028698    0.046913    0.463664 v _263_/Y (AOI21X1)
               0.028698    0.000000    0.463664 v _265_/B (XNOR2X1)
   0.008390    0.067902    0.070683    0.534347 ^ _265_/Y (XNOR2X1)
               0.067902    0.000000    0.534347 ^ _266_/B (AOI21X1)
   0.007301    0.028698    0.046913    0.581260 v _266_/Y (AOI21X1)
               0.028698    0.000000    0.581260 v _268_/B (XNOR2X1)
   0.008390    0.067902    0.070683    0.651943 ^ _268_/Y (XNOR2X1)
               0.067902    0.000000    0.651943 ^ _269_/B (AOI21X1)
   0.007301    0.028698    0.046913    0.698856 v _269_/Y (AOI21X1)
               0.028698    0.000000    0.698856 v _271_/B (XNOR2X1)
   0.008390    0.067902    0.070683    0.769539 ^ _271_/Y (XNOR2X1)
               0.067902    0.000000    0.769539 ^ _272_/B (AOI21X1)
   0.007301    0.028698    0.046913    0.816452 v _272_/Y (AOI21X1)
               0.028698    0.000000    0.816452 v _274_/B (XNOR2X1)
   0.008390    0.067902    0.070683    0.887135 ^ _274_/Y (XNOR2X1)
               0.067902    0.000000    0.887135 ^ _275_/B (AOI21X1)
   0.007301    0.028698    0.046913    0.934048 v _275_/Y (AOI21X1)
               0.028698    0.000000    0.934048 v _277_/B (XNOR2X1)
   0.008390    0.067902    0.070683    1.004730 ^ _277_/Y (XNOR2X1)
               0.067902    0.000000    1.004730 ^ _278_/B (AOI21X1)
   0.007301    0.028698    0.046913    1.051643 v _278_/Y (AOI21X1)
               0.028698    0.000000    1.051643 v _280_/B (XNOR2X1)
   0.008390    0.067902    0.070683    1.122326 ^ _280_/Y (XNOR2X1)
               0.067902    0.000000    1.122326 ^ _281_/B (AOI21X1)
   0.007301    0.028698    0.046913    1.169239 v _281_/Y (AOI21X1)
               0.028698    0.000000    1.169239 v _283_/B (XNOR2X1)
   0.008390    0.067902    0.070683    1.239922 ^ _283_/Y (XNOR2X1)
               0.067902    0.000000    1.239922 ^ _284_/B (AOI21X1)
   0.007301    0.028698    0.046913    1.286835 v _284_/Y (AOI21X1)
               0.028698    0.000000    1.286835 v _286_/B (XNOR2X1)
   0.008390    0.067902    0.070683    1.357518 ^ _286_/Y (XNOR2X1)
               0.067902    0.000000    1.357518 ^ _287_/B (AOI21X1)
   0.007301    0.028698    0.046913    1.404431 v _287_/Y (AOI21X1)
               0.028698    0.000000    1.404431 v _289_/B (XNOR2X1)
   0.008390    0.067902    0.070683    1.475114 ^ _289_/Y (XNOR2X1)
               0.067902    0.000000    1.475114 ^ _290_/B (AOI21X1)
   0.007301    0.028698    0.046913    1.522027 v _290_/Y (AOI21X1)
               0.028698    0.000000    1.522027 v _292_/B (XNOR2X1)
   0.008390    0.067902    0.070683    1.592710 ^ _292_/Y (XNOR2X1)
               0.067902    0.000000    1.592710 ^ _293_/B (AOI21X1)
   0.007301    0.028698    0.046913    1.639622 v _293_/Y (AOI21X1)
               0.028698    0.000000    1.639622 v _131_/B (XNOR2X1)
   0.008390    0.067902    0.070683    1.710305 ^ _131_/Y (XNOR2X1)
               0.067902    0.000000    1.710305 ^ _132_/B (AOI21X1)
   0.007301    0.028698    0.046913    1.757218 v _132_/Y (AOI21X1)
               0.028698    0.000000    1.757218 v _134_/B (XNOR2X1)
   0.008390    0.067902    0.070683    1.827901 ^ _134_/Y (XNOR2X1)
               0.067902    0.000000    1.827901 ^ _135_/B (AOI21X1)
   0.007301    0.028698    0.046913    1.874814 v _135_/Y (AOI21X1)
               0.028698    0.000000    1.874814 v _137_/B (XNOR2X1)
   0.008390    0.067902    0.070683    1.945497 ^ _137_/Y (XNOR2X1)
               0.067902    0.000000    1.945497 ^ _138_/B (AOI21X1)
   0.007301    0.028698    0.046913    1.992410 v _138_/Y (AOI21X1)
               0.028698    0.000000    1.992410 v _140_/B (XNOR2X1)
   0.008390    0.067902    0.070683    2.063093 ^ _140_/Y (XNOR2X1)
               0.067902    0.000000    2.063093 ^ _141_/B (AOI21X1)
   0.007301    0.028698    0.046913    2.110006 v _141_/Y (AOI21X1)
               0.028698    0.000000    2.110006 v _143_/B (XNOR2X1)
   0.008390    0.067902    0.070683    2.180689 ^ _143_/Y (XNOR2X1)
               0.067902    0.000000    2.180689 ^ _144_/B (AOI21X1)
   0.007301    0.028698    0.046913    2.227602 v _144_/Y (AOI21X1)
               0.028698    0.000000    2.227602 v _146_/B (XNOR2X1)
   0.008390    0.067902    0.070683    2.298285 ^ _146_/Y (XNOR2X1)
               0.067902    0.000000    2.298285 ^ _147_/B (AOI21X1)
   0.007301    0.028698    0.046913    2.345198 v _147_/Y (AOI21X1)
               0.028698    0.000000    2.345198 v _149_/B (XNOR2X1)
   0.008390    0.067902    0.070683    2.415881 ^ _149_/Y (XNOR2X1)
               0.067902    0.000000    2.415881 ^ _150_/B (AOI21X1)
   0.007301    0.028698    0.046913    2.462794 v _150_/Y (AOI21X1)
               0.028698    0.000000    2.462794 v _152_/B (XNOR2X1)
   0.008390    0.067902    0.070683    2.533477 ^ _152_/Y (XNOR2X1)
               0.067902    0.000000    2.533477 ^ _153_/B (AOI21X1)
   0.007301    0.028698    0.046913    2.580390 v _153_/Y (AOI21X1)
               0.028698    0.000000    2.580390 v _155_/B (XNOR2X1)
   0.008390    0.067902    0.070683    2.651073 ^ _155_/Y (XNOR2X1)
               0.067902    0.000000    2.651073 ^ _156_/B (AOI21X1)
   0.007301    0.028698    0.046913    2.697986 v _156_/Y (AOI21X1)
               0.028698    0.000000    2.697986 v _158_/B (XNOR2X1)
   0.008390    0.067902    0.070683    2.768669 ^ _158_/Y (XNOR2X1)
               0.067902    0.000000    2.768669 ^ _159_/B (AOI21X1)
   0.007301    0.028698    0.046913    2.815582 v _159_/Y (AOI21X1)
               0.028698    0.000000    2.815582 v _161_/B (XNOR2X1)
   0.008390    0.067902    0.070683    2.886265 ^ _161_/Y (XNOR2X1)
               0.067902    0.000000    2.886265 ^ _205_/B (XOR2X1)
   0.010000    0.079128    0.079825    2.966090 ^ _205_/Y (XOR2X1)
               0.079128    0.000000    2.966090 ^ sum[24] (out)
                                       2.966090   data arrival time

               0.000000  100.000000  100.000000   clock vclk (rise edge)
                           0.000000  100.000000   clock network delay (ideal)
                           0.000000  100.000000   clock reconvergence pessimism
                           0.000000  100.000000   output external delay
                                     100.000000   data required time
---------------------------------------------------------------------------------------
                                     100.000000   data required time
                                      -2.966090   data arrival time
---------------------------------------------------------------------------------------
                                      97.033905   slack (MET)


Startpoint: cin (input port clocked by vclk)
Endpoint: sum[23] (output port clocked by vclk)
Path Group: vclk
Path Type: max

        Cap        Slew       Delay        Time   Description
---------------------------------------------------------------------------------------
               0.000000    0.000000    0.000000   clock vclk (rise edge)
                           0.000000    0.000000   clock network delay (ideal)
                           0.000000    0.000000 v input external delay
   0.006018    0.050000    0.000000    0.000000 v cin (in)
               0.050000    0.000000    0.000000 v _252_/B (OR2X1)
   0.004623    0.017130    0.057750    0.057750 v _252_/Y (OR2X1)
               0.017130    0.000000    0.057750 v _254_/B (AOI21X1)
   0.007954    0.054966    0.050438    0.108187 ^ _254_/Y (AOI21X1)
               0.054966    0.000000    0.108187 ^ _256_/B (XNOR2X1)
   0.008390    0.067890    0.073375    0.181562 ^ _256_/Y (XNOR2X1)
               0.067890    0.000000    0.181562 ^ _257_/B (AOI21X1)
   0.007301    0.028698    0.046910    0.228472 v _257_/Y (AOI21X1)
               0.028698    0.000000    0.228472 v _259_/B (XNOR2X1)
   0.008390    0.067902    0.070683    0.299155 ^ _259_/Y (XNOR2X1)
               0.067902    0.000000    0.299155 ^ _260_/B (AOI21X1)
   0.007301    0.028698    0.046913    0.346068 v _260_/Y (AOI21X1)
               0.028698    0.000000    0.346068 v _262_/B (XNOR2X1)
   0.008390    0.067902    0.070683    0.416751 ^ _262_/Y (XNOR2X1)
               0.067902    0.000000    0.416751 ^ _263_/B (AOI21X1)
   0.007301    0.028698    0.046913    0.463664 v _263_/Y (AOI21X1)
               0.028698    0.000000    0.463664 v _265_/B (XNOR2X1)
   0.008390    0.067902    0.070683    0.534347 ^ _265_/Y (XNOR2X1)
               0.067902    0.000000    0.534347 ^ _266_/B (AOI21X1)
   0.007301    0.028698    0.046913    0.581260 v _266_/Y (AOI21X1)
               0.028698    0.000000    0.581260 v _268_/B (XNOR2X1)
   0.008390    0.067902    0.070683    0.651943 ^ _268_/Y (XNOR2X1)
               0.067902    0.000000    0.651943 ^ _269_/B (AOI21X1)
   0.007301    0.028698    0.046913    0.698856 v _269_/Y (AOI21X1)
               0.028698    0.000000    0.698856 v _271_/B (XNOR2X1)
   0.008390    0.067902    0.070683    0.769539 ^ _271_/Y (XNOR2X1)
               0.067902    0.000000    0.769539 ^ _272_/B (AOI21X1)
   0.007301    0.028698    0.046913    0.816452 v _272_/Y (AOI21X1)
               0.028698    0.000000    0.816452 v _274_/B (XNOR2X1)
   0.008390    0.067902    0.070683    0.887135 ^ _274_/Y (XNOR2X1)
               0.067902    0.000000    0.887135 ^ _275_/B (AOI21X1)
   0.007301    0.028698    0.046913    0.934048 v _275_/Y (AOI21X1)
               0.028698    0.000000    0.934048 v _277_/B (XNOR2X1)
   0.008390    0.067902    0.070683    1.004730 ^ _277_/Y (XNOR2X1)
               0.067902    0.000000    1.004730 ^ _278_/B (AOI21X1)
   0.007301    0.028698    0.046913    1.051643 v _278_/Y (AOI21X1)
               0.028698    0.000000    1.051643 v _280_/B (XNOR2X1)
   0.008390    0.067902    0.070683    1.122326 ^ _280_/Y (XNOR2X1)
               0.067902    0.000000    1.122326 ^ _281_/B (AOI21X1)
   0.007301    0.028698    0.046913    1.169239 v _281_/Y (AOI21X1)
               0.028698    0.000000    1.169239 v _283_/B (XNOR2X1)
   0.008390    0.067902    0.070683    1.239922 ^ _283_/Y (XNOR2X1)
               0.067902    0.000000    1.239922 ^ _284_/B (AOI21X1)
   0.007301    0.028698    0.046913    1.286835 v _284_/Y (AOI21X1)
               0.028698    0.000000    1.286835 v _286_/B (XNOR2X1)
   0.008390    0.067902    0.070683    1.357518 ^ _286_/Y (XNOR2X1)
               0.067902    0.000000    1.357518 ^ _287_/B (AOI21X1)
   0.007301    0.028698    0.046913    1.404431 v _287_/Y (AOI21X1)
               0.028698    0.000000    1.404431 v _289_/B (XNOR2X1)
   0.008390    0.067902    0.070683    1.475114 ^ _289_/Y (XNOR2X1)
               0.067902    0.000000    1.475114 ^ _290_/B (AOI21X1)
   0.007301    0.028698    0.046913    1.522027 v _290_/Y (AOI21X1)
               0.028698    0.000000    1.522027 v _292_/B (XNOR2X1)
   0.008390    0.067902    0.070683    1.592710 ^ _292_/Y (XNOR2X1)
               0.067902    0.000000    1.592710 ^ _293_/B (AOI21X1)
   0.007301    0.028698    0.046913    1.639622 v _293_/Y (AOI21X1)
               0.028698    0.000000    1.639622 v _131_/B (XNOR2X1)
   0.008390    0.067902    0.070683    1.710305 ^ _131_/Y (XNOR2X1)
               0.067902    0.000000    1.710305 ^ _132_/B (AOI21X1)
   0.007301    0.028698    0.046913    1.757218 v _132_/Y (AOI21X1)
               0.028698    0.000000    1.757218 v _134_/B (XNOR2X1)
   0.008390    0.067902    0.070683    1.827901 ^ _134_/Y (XNOR2X1)
               0.067902    0.000000    1.827901 ^ _135_/B (AOI21X1)
   0.007301    0.028698    0.046913    1.874814 v _135_/Y (AOI21X1)
               0.028698    0.000000    1.874814 v _137_/B (XNOR2X1)
   0.008390    0.067902    0.070683    1.945497 ^ _137_/Y (XNOR2X1)
               0.067902    0.000000    1.945497 ^ _138_/B (AOI21X1)
   0.007301    0.028698    0.046913    1.992410 v _138_/Y (AOI21X1)
               0.028698    0.000000    1.992410 v _140_/B (XNOR2X1)
   0.008390    0.067902    0.070683    2.063093 ^ _140_/Y (XNOR2X1)
               0.067902    0.000000    2.063093 ^ _141_/B (AOI21X1)
   0.007301    0.028698    0.046913    2.110006 v _141_/Y (AOI21X1)
               0.028698    0.000000    2.110006 v _143_/B (XNOR2X1)
   0.008390    0.067902    0.070683    2.180689 ^ _143_/Y (XNOR2X1)
               0.067902    0.000000    2.180689 ^ _144_/B (AOI21X1)
   0.007301    0.028698    0.046913    2.227602 v _144_/Y (AOI21X1)
               0.028698    0.000000    2.227602 v _146_/B (XNOR2X1)
   0.008390    0.067902    0.070683    2.298285 ^ _146_/Y (XNOR2X1)
               0.067902    0.000000    2.298285 ^ _147_/B (AOI21X1)
   0.007301    0.028698    0.046913    2.345198 v _147_/Y (AOI21X1)
               0.028698    0.000000    2.345198 v _149_/B (XNOR2X1)
   0.008390    0.067902    0.070683    2.415881 ^ _149_/Y (XNOR2X1)
               0.067902    0.000000    2.415881 ^ _150_/B (AOI21X1)
   0.007301    0.028698    0.046913    2.462794 v _150_/Y (AOI21X1)
               0.028698    0.000000    2.462794 v _152_/B (XNOR2X1)
   0.008390    0.067902    0.070683    2.533477 ^ _152_/Y (XNOR2X1)
               0.067902    0.000000    2.533477 ^ _153_/B (AOI21X1)
   0.007301    0.028698    0.046913    2.580390 v _153_/Y (AOI21X1)
               0.028698    0.000000    2.580390 v _155_/B (XNOR2X1)
   0.008390    0.067902    0.070683    2.651073 ^ _155_/Y (XNOR2X1)
               0.067902    0.000000    2.651073 ^ _156_/B (AOI21X1)
   0.007301    0.028698    0.046913    2.697986 v _156_/Y (AOI21X1)
               0.028698    0.000000    2.697986 v _158_/B (XNOR2X1)
   0.008390    0.067902    0.070683    2.768669 ^ _158_/Y (XNOR2X1)
               0.067902    0.000000    2.768669 ^ _217_/B (XOR2X1)
   0.010000    0.079128    0.079825    2.848494 ^ _217_/Y (XOR2X1)
               0.079128    0.000000    2.848494 ^ sum[23] (out)
                                       2.848494   data arrival time

               0.000000  100.000000  100.000000   clock vclk (rise edge)
                           0.000000  100.000000   clock network delay (ideal)
                           0.000000  100.000000   clock reconvergence pessimism
                           0.000000  100.000000   output external delay
                                     100.000000   data required time
---------------------------------------------------------------------------------------
                                     100.000000   data required time
                                      -2.848494   data arrival time
---------------------------------------------------------------------------------------
                                      97.151505   slack (MET)


Startpoint: cin (input port clocked by vclk)
Endpoint: sum[22] (output port clocked by vclk)
Path Group: vclk
Path Type: max

        Cap        Slew       Delay        Time   Description
---------------------------------------------------------------------------------------
               0.000000    0.000000    0.000000   clock vclk (rise edge)
                           0.000000    0.000000   clock network delay (ideal)
                           0.000000    0.000000 v input external delay
   0.006018    0.050000    0.000000    0.000000 v cin (in)
               0.050000    0.000000    0.000000 v _252_/B (OR2X1)
   0.004623    0.017130    0.057750    0.057750 v _252_/Y (OR2X1)
               0.017130    0.000000    0.057750 v _254_/B (AOI21X1)
   0.007954    0.054966    0.050438    0.108187 ^ _254_/Y (AOI21X1)
               0.054966    0.000000    0.108187 ^ _256_/B (XNOR2X1)
   0.008390    0.067890    0.073375    0.181562 ^ _256_/Y (XNOR2X1)
               0.067890    0.000000    0.181562 ^ _257_/B (AOI21X1)
   0.007301    0.028698    0.046910    0.228472 v _257_/Y (AOI21X1)
               0.028698    0.000000    0.228472 v _259_/B (XNOR2X1)
   0.008390    0.067902    0.070683    0.299155 ^ _259_/Y (XNOR2X1)
               0.067902    0.000000    0.299155 ^ _260_/B (AOI21X1)
   0.007301    0.028698    0.046913    0.346068 v _260_/Y (AOI21X1)
               0.028698    0.000000    0.346068 v _262_/B (XNOR2X1)
   0.008390    0.067902    0.070683    0.416751 ^ _262_/Y (XNOR2X1)
               0.067902    0.000000    0.416751 ^ _263_/B (AOI21X1)
   0.007301    0.028698    0.046913    0.463664 v _263_/Y (AOI21X1)
               0.028698    0.000000    0.463664 v _265_/B (XNOR2X1)
   0.008390    0.067902    0.070683    0.534347 ^ _265_/Y (XNOR2X1)
               0.067902    0.000000    0.534347 ^ _266_/B (AOI21X1)
   0.007301    0.028698    0.046913    0.581260 v _266_/Y (AOI21X1)
               0.028698    0.000000    0.581260 v _268_/B (XNOR2X1)
   0.008390    0.067902    0.070683    0.651943 ^ _268_/Y (XNOR2X1)
               0.067902    0.000000    0.651943 ^ _269_/B (AOI21X1)
   0.007301    0.028698    0.046913    0.698856 v _269_/Y (AOI21X1)
               0.028698    0.000000    0.698856 v _271_/B (XNOR2X1)
   0.008390    0.067902    0.070683    0.769539 ^ _271_/Y (XNOR2X1)
               0.067902    0.000000    0.769539 ^ _272_/B (AOI21X1)
   0.007301    0.028698    0.046913    0.816452 v _272_/Y (AOI21X1)
               0.028698    0.000000    0.816452 v _274_/B (XNOR2X1)
   0.008390    0.067902    0.070683    0.887135 ^ _274_/Y (XNOR2X1)
               0.067902    0.000000    0.887135 ^ _275_/B (AOI21X1)
   0.007301    0.028698    0.046913    0.934048 v _275_/Y (AOI21X1)
               0.028698    0.000000    0.934048 v _277_/B (XNOR2X1)
   0.008390    0.067902    0.070683    1.004730 ^ _277_/Y (XNOR2X1)
               0.067902    0.000000    1.004730 ^ _278_/B (AOI21X1)
   0.007301    0.028698    0.046913    1.051643 v _278_/Y (AOI21X1)
               0.028698    0.000000    1.051643 v _280_/B (XNOR2X1)
   0.008390    0.067902    0.070683    1.122326 ^ _280_/Y (XNOR2X1)
               0.067902    0.000000    1.122326 ^ _281_/B (AOI21X1)
   0.007301    0.028698    0.046913    1.169239 v _281_/Y (AOI21X1)
               0.028698    0.000000    1.169239 v _283_/B (XNOR2X1)
   0.008390    0.067902    0.070683    1.239922 ^ _283_/Y (XNOR2X1)
               0.067902    0.000000    1.239922 ^ _284_/B (AOI21X1)
   0.007301    0.028698    0.046913    1.286835 v _284_/Y (AOI21X1)
               0.028698    0.000000    1.286835 v _286_/B (XNOR2X1)
   0.008390    0.067902    0.070683    1.357518 ^ _286_/Y (XNOR2X1)
               0.067902    0.000000    1.357518 ^ _287_/B (AOI21X1)
   0.007301    0.028698    0.046913    1.404431 v _287_/Y (AOI21X1)
               0.028698    0.000000    1.404431 v _289_/B (XNOR2X1)
   0.008390    0.067902    0.070683    1.475114 ^ _289_/Y (XNOR2X1)
               0.067902    0.000000    1.475114 ^ _290_/B (AOI21X1)
   0.007301    0.028698    0.046913    1.522027 v _290_/Y (AOI21X1)
               0.028698    0.000000    1.522027 v _292_/B (XNOR2X1)
   0.008390    0.067902    0.070683    1.592710 ^ _292_/Y (XNOR2X1)
               0.067902    0.000000    1.592710 ^ _293_/B (AOI21X1)
   0.007301    0.028698    0.046913    1.639622 v _293_/Y (AOI21X1)
               0.028698    0.000000    1.639622 v _131_/B (XNOR2X1)
   0.008390    0.067902    0.070683    1.710305 ^ _131_/Y (XNOR2X1)
               0.067902    0.000000    1.710305 ^ _132_/B (AOI21X1)
   0.007301    0.028698    0.046913    1.757218 v _132_/Y (AOI21X1)
               0.028698    0.000000    1.757218 v _134_/B (XNOR2X1)
   0.008390    0.067902    0.070683    1.827901 ^ _134_/Y (XNOR2X1)
               0.067902    0.000000    1.827901 ^ _135_/B (AOI21X1)
   0.007301    0.028698    0.046913    1.874814 v _135_/Y (AOI21X1)
               0.028698    0.000000    1.874814 v _137_/B (XNOR2X1)
   0.008390    0.067902    0.070683    1.945497 ^ _137_/Y (XNOR2X1)
               0.067902    0.000000    1.945497 ^ _138_/B (AOI21X1)
   0.007301    0.028698    0.046913    1.992410 v _138_/Y (AOI21X1)
               0.028698    0.000000    1.992410 v _140_/B (XNOR2X1)
   0.008390    0.067902    0.070683    2.063093 ^ _140_/Y (XNOR2X1)
               0.067902    0.000000    2.063093 ^ _141_/B (AOI21X1)
   0.007301    0.028698    0.046913    2.110006 v _141_/Y (AOI21X1)
               0.028698    0.000000    2.110006 v _143_/B (XNOR2X1)
   0.008390    0.067902    0.070683    2.180689 ^ _143_/Y (XNOR2X1)
               0.067902    0.000000    2.180689 ^ _144_/B (AOI21X1)
   0.007301    0.028698    0.046913    2.227602 v _144_/Y (AOI21X1)
               0.028698    0.000000    2.227602 v _146_/B (XNOR2X1)
   0.008390    0.067902    0.070683    2.298285 ^ _146_/Y (XNOR2X1)
               0.067902    0.000000    2.298285 ^ _147_/B (AOI21X1)
   0.007301    0.028698    0.046913    2.345198 v _147_/Y (AOI21X1)
               0.028698    0.000000    2.345198 v _149_/B (XNOR2X1)
   0.008390    0.067902    0.070683    2.415881 ^ _149_/Y (XNOR2X1)
               0.067902    0.000000    2.415881 ^ _150_/B (AOI21X1)
   0.007301    0.028698    0.046913    2.462794 v _150_/Y (AOI21X1)
               0.028698    0.000000    2.462794 v _152_/B (XNOR2X1)
   0.008390    0.067902    0.070683    2.533477 ^ _152_/Y (XNOR2X1)
               0.067902    0.000000    2.533477 ^ _153_/B (AOI21X1)
   0.007301    0.028698    0.046913    2.580390 v _153_/Y (AOI21X1)
               0.028698    0.000000    2.580390 v _155_/B (XNOR2X1)
   0.008390    0.067902    0.070683    2.651073 ^ _155_/Y (XNOR2X1)
               0.067902    0.000000    2.651073 ^ _206_/B (XOR2X1)
   0.010000    0.079128    0.079825    2.730898 ^ _206_/Y (XOR2X1)
               0.079128    0.000000    2.730898 ^ sum[22] (out)
                                       2.730898   data arrival time

               0.000000  100.000000  100.000000   clock vclk (rise edge)
                           0.000000  100.000000   clock network delay (ideal)
                           0.000000  100.000000   clock reconvergence pessimism
                           0.000000  100.000000   output external delay
                                     100.000000   data required time
---------------------------------------------------------------------------------------
                                     100.000000   data required time
                                      -2.730898   data arrival time
---------------------------------------------------------------------------------------
                                      97.269096   slack (MET)


Startpoint: cin (input port clocked by vclk)
Endpoint: sum[21] (output port clocked by vclk)
Path Group: vclk
Path Type: max

        Cap        Slew       Delay        Time   Description
---------------------------------------------------------------------------------------
               0.000000    0.000000    0.000000   clock vclk (rise edge)
                           0.000000    0.000000   clock network delay (ideal)
                           0.000000    0.000000 v input external delay
   0.006018    0.050000    0.000000    0.000000 v cin (in)
               0.050000    0.000000    0.000000 v _252_/B (OR2X1)
   0.004623    0.017130    0.057750    0.057750 v _252_/Y (OR2X1)
               0.017130    0.000000    0.057750 v _254_/B (AOI21X1)
   0.007954    0.054966    0.050438    0.108187 ^ _254_/Y (AOI21X1)
               0.054966    0.000000    0.108187 ^ _256_/B (XNOR2X1)
   0.008390    0.067890    0.073375    0.181562 ^ _256_/Y (XNOR2X1)
               0.067890    0.000000    0.181562 ^ _257_/B (AOI21X1)
   0.007301    0.028698    0.046910    0.228472 v _257_/Y (AOI21X1)
               0.028698    0.000000    0.228472 v _259_/B (XNOR2X1)
   0.008390    0.067902    0.070683    0.299155 ^ _259_/Y (XNOR2X1)
               0.067902    0.000000    0.299155 ^ _260_/B (AOI21X1)
   0.007301    0.028698    0.046913    0.346068 v _260_/Y (AOI21X1)
               0.028698    0.000000    0.346068 v _262_/B (XNOR2X1)
   0.008390    0.067902    0.070683    0.416751 ^ _262_/Y (XNOR2X1)
               0.067902    0.000000    0.416751 ^ _263_/B (AOI21X1)
   0.007301    0.028698    0.046913    0.463664 v _263_/Y (AOI21X1)
               0.028698    0.000000    0.463664 v _265_/B (XNOR2X1)
   0.008390    0.067902    0.070683    0.534347 ^ _265_/Y (XNOR2X1)
               0.067902    0.000000    0.534347 ^ _266_/B (AOI21X1)
   0.007301    0.028698    0.046913    0.581260 v _266_/Y (AOI21X1)
               0.028698    0.000000    0.581260 v _268_/B (XNOR2X1)
   0.008390    0.067902    0.070683    0.651943 ^ _268_/Y (XNOR2X1)
               0.067902    0.000000    0.651943 ^ _269_/B (AOI21X1)
   0.007301    0.028698    0.046913    0.698856 v _269_/Y (AOI21X1)
               0.028698    0.000000    0.698856 v _271_/B (XNOR2X1)
   0.008390    0.067902    0.070683    0.769539 ^ _271_/Y (XNOR2X1)
               0.067902    0.000000    0.769539 ^ _272_/B (AOI21X1)
   0.007301    0.028698    0.046913    0.816452 v _272_/Y (AOI21X1)
               0.028698    0.000000    0.816452 v _274_/B (XNOR2X1)
   0.008390    0.067902    0.070683    0.887135 ^ _274_/Y (XNOR2X1)
               0.067902    0.000000    0.887135 ^ _275_/B (AOI21X1)
   0.007301    0.028698    0.046913    0.934048 v _275_/Y (AOI21X1)
               0.028698    0.000000    0.934048 v _277_/B (XNOR2X1)
   0.008390    0.067902    0.070683    1.004730 ^ _277_/Y (XNOR2X1)
               0.067902    0.000000    1.004730 ^ _278_/B (AOI21X1)
   0.007301    0.028698    0.046913    1.051643 v _278_/Y (AOI21X1)
               0.028698    0.000000    1.051643 v _280_/B (XNOR2X1)
   0.008390    0.067902    0.070683    1.122326 ^ _280_/Y (XNOR2X1)
               0.067902    0.000000    1.122326 ^ _281_/B (AOI21X1)
   0.007301    0.028698    0.046913    1.169239 v _281_/Y (AOI21X1)
               0.028698    0.000000    1.169239 v _283_/B (XNOR2X1)
   0.008390    0.067902    0.070683    1.239922 ^ _283_/Y (XNOR2X1)
               0.067902    0.000000    1.239922 ^ _284_/B (AOI21X1)
   0.007301    0.028698    0.046913    1.286835 v _284_/Y (AOI21X1)
               0.028698    0.000000    1.286835 v _286_/B (XNOR2X1)
   0.008390    0.067902    0.070683    1.357518 ^ _286_/Y (XNOR2X1)
               0.067902    0.000000    1.357518 ^ _287_/B (AOI21X1)
   0.007301    0.028698    0.046913    1.404431 v _287_/Y (AOI21X1)
               0.028698    0.000000    1.404431 v _289_/B (XNOR2X1)
   0.008390    0.067902    0.070683    1.475114 ^ _289_/Y (XNOR2X1)
               0.067902    0.000000    1.475114 ^ _290_/B (AOI21X1)
   0.007301    0.028698    0.046913    1.522027 v _290_/Y (AOI21X1)
               0.028698    0.000000    1.522027 v _292_/B (XNOR2X1)
   0.008390    0.067902    0.070683    1.592710 ^ _292_/Y (XNOR2X1)
               0.067902    0.000000    1.592710 ^ _293_/B (AOI21X1)
   0.007301    0.028698    0.046913    1.639622 v _293_/Y (AOI21X1)
               0.028698    0.000000    1.639622 v _131_/B (XNOR2X1)
   0.008390    0.067902    0.070683    1.710305 ^ _131_/Y (XNOR2X1)
               0.067902    0.000000    1.710305 ^ _132_/B (AOI21X1)
   0.007301    0.028698    0.046913    1.757218 v _132_/Y (AOI21X1)
               0.028698    0.000000    1.757218 v _134_/B (XNOR2X1)
   0.008390    0.067902    0.070683    1.827901 ^ _134_/Y (XNOR2X1)
               0.067902    0.000000    1.827901 ^ _135_/B (AOI21X1)
   0.007301    0.028698    0.046913    1.874814 v _135_/Y (AOI21X1)
               0.028698    0.000000    1.874814 v _137_/B (XNOR2X1)
   0.008390    0.067902    0.070683    1.945497 ^ _137_/Y (XNOR2X1)
               0.067902    0.000000    1.945497 ^ _138_/B (AOI21X1)
   0.007301    0.028698    0.046913    1.992410 v _138_/Y (AOI21X1)
               0.028698    0.000000    1.992410 v _140_/B (XNOR2X1)
   0.008390    0.067902    0.070683    2.063093 ^ _140_/Y (XNOR2X1)
               0.067902    0.000000    2.063093 ^ _141_/B (AOI21X1)
   0.007301    0.028698    0.046913    2.110006 v _141_/Y (AOI21X1)
               0.028698    0.000000    2.110006 v _143_/B (XNOR2X1)
   0.008390    0.067902    0.070683    2.180689 ^ _143_/Y (XNOR2X1)
               0.067902    0.000000    2.180689 ^ _144_/B (AOI21X1)
   0.007301    0.028698    0.046913    2.227602 v _144_/Y (AOI21X1)
               0.028698    0.000000    2.227602 v _146_/B (XNOR2X1)
   0.008390    0.067902    0.070683    2.298285 ^ _146_/Y (XNOR2X1)
               0.067902    0.000000    2.298285 ^ _147_/B (AOI21X1)
   0.007301    0.028698    0.046913    2.345198 v _147_/Y (AOI21X1)
               0.028698    0.000000    2.345198 v _149_/B (XNOR2X1)
   0.008390    0.067902    0.070683    2.415881 ^ _149_/Y (XNOR2X1)
               0.067902    0.000000    2.415881 ^ _150_/B (AOI21X1)
   0.007301    0.028698    0.046913    2.462794 v _150_/Y (AOI21X1)
               0.028698    0.000000    2.462794 v _152_/B (XNOR2X1)
   0.008390    0.067902    0.070683    2.533477 ^ _152_/Y (XNOR2X1)
               0.067902    0.000000    2.533477 ^ _199_/B (XOR2X1)
   0.010000    0.079128    0.079825    2.613302 ^ _199_/Y (XOR2X1)
               0.079128    0.000000    2.613302 ^ sum[21] (out)
                                       2.613302   data arrival time

               0.000000  100.000000  100.000000   clock vclk (rise edge)
                           0.000000  100.000000   clock network delay (ideal)
                           0.000000  100.000000   clock reconvergence pessimism
                           0.000000  100.000000   output external delay
                                     100.000000   data required time
---------------------------------------------------------------------------------------
                                     100.000000   data required time
                                      -2.613302   data arrival time
---------------------------------------------------------------------------------------
                                      97.386688   slack (MET)


Startpoint: cin (input port clocked by vclk)
Endpoint: sum[20] (output port clocked by vclk)
Path Group: vclk
Path Type: max

        Cap        Slew       Delay        Time   Description
---------------------------------------------------------------------------------------
               0.000000    0.000000    0.000000   clock vclk (rise edge)
                           0.000000    0.000000   clock network delay (ideal)
                           0.000000    0.000000 v input external delay
   0.006018    0.050000    0.000000    0.000000 v cin (in)
               0.050000    0.000000    0.000000 v _252_/B (OR2X1)
   0.004623    0.017130    0.057750    0.057750 v _252_/Y (OR2X1)
               0.017130    0.000000    0.057750 v _254_/B (AOI21X1)
   0.007954    0.054966    0.050438    0.108187 ^ _254_/Y (AOI21X1)
               0.054966    0.000000    0.108187 ^ _256_/B (XNOR2X1)
   0.008390    0.067890    0.073375    0.181562 ^ _256_/Y (XNOR2X1)
               0.067890    0.000000    0.181562 ^ _257_/B (AOI21X1)
   0.007301    0.028698    0.046910    0.228472 v _257_/Y (AOI21X1)
               0.028698    0.000000    0.228472 v _259_/B (XNOR2X1)
   0.008390    0.067902    0.070683    0.299155 ^ _259_/Y (XNOR2X1)
               0.067902    0.000000    0.299155 ^ _260_/B (AOI21X1)
   0.007301    0.028698    0.046913    0.346068 v _260_/Y (AOI21X1)
               0.028698    0.000000    0.346068 v _262_/B (XNOR2X1)
   0.008390    0.067902    0.070683    0.416751 ^ _262_/Y (XNOR2X1)
               0.067902    0.000000    0.416751 ^ _263_/B (AOI21X1)
   0.007301    0.028698    0.046913    0.463664 v _263_/Y (AOI21X1)
               0.028698    0.000000    0.463664 v _265_/B (XNOR2X1)
   0.008390    0.067902    0.070683    0.534347 ^ _265_/Y (XNOR2X1)
               0.067902    0.000000    0.534347 ^ _266_/B (AOI21X1)
   0.007301    0.028698    0.046913    0.581260 v _266_/Y (AOI21X1)
               0.028698    0.000000    0.581260 v _268_/B (XNOR2X1)
   0.008390    0.067902    0.070683    0.651943 ^ _268_/Y (XNOR2X1)
               0.067902    0.000000    0.651943 ^ _269_/B (AOI21X1)
   0.007301    0.028698    0.046913    0.698856 v _269_/Y (AOI21X1)
               0.028698    0.000000    0.698856 v _271_/B (XNOR2X1)
   0.008390    0.067902    0.070683    0.769539 ^ _271_/Y (XNOR2X1)
               0.067902    0.000000    0.769539 ^ _272_/B (AOI21X1)
   0.007301    0.028698    0.046913    0.816452 v _272_/Y (AOI21X1)
               0.028698    0.000000    0.816452 v _274_/B (XNOR2X1)
   0.008390    0.067902    0.070683    0.887135 ^ _274_/Y (XNOR2X1)
               0.067902    0.000000    0.887135 ^ _275_/B (AOI21X1)
   0.007301    0.028698    0.046913    0.934048 v _275_/Y (AOI21X1)
               0.028698    0.000000    0.934048 v _277_/B (XNOR2X1)
   0.008390    0.067902    0.070683    1.004730 ^ _277_/Y (XNOR2X1)
               0.067902    0.000000    1.004730 ^ _278_/B (AOI21X1)
   0.007301    0.028698    0.046913    1.051643 v _278_/Y (AOI21X1)
               0.028698    0.000000    1.051643 v _280_/B (XNOR2X1)
   0.008390    0.067902    0.070683    1.122326 ^ _280_/Y (XNOR2X1)
               0.067902    0.000000    1.122326 ^ _281_/B (AOI21X1)
   0.007301    0.028698    0.046913    1.169239 v _281_/Y (AOI21X1)
               0.028698    0.000000    1.169239 v _283_/B (XNOR2X1)
   0.008390    0.067902    0.070683    1.239922 ^ _283_/Y (XNOR2X1)
               0.067902    0.000000    1.239922 ^ _284_/B (AOI21X1)
   0.007301    0.028698    0.046913    1.286835 v _284_/Y (AOI21X1)
               0.028698    0.000000    1.286835 v _286_/B (XNOR2X1)
   0.008390    0.067902    0.070683    1.357518 ^ _286_/Y (XNOR2X1)
               0.067902    0.000000    1.357518 ^ _287_/B (AOI21X1)
   0.007301    0.028698    0.046913    1.404431 v _287_/Y (AOI21X1)
               0.028698    0.000000    1.404431 v _289_/B (XNOR2X1)
   0.008390    0.067902    0.070683    1.475114 ^ _289_/Y (XNOR2X1)
               0.067902    0.000000    1.475114 ^ _290_/B (AOI21X1)
   0.007301    0.028698    0.046913    1.522027 v _290_/Y (AOI21X1)
               0.028698    0.000000    1.522027 v _292_/B (XNOR2X1)
   0.008390    0.067902    0.070683    1.592710 ^ _292_/Y (XNOR2X1)
               0.067902    0.000000    1.592710 ^ _293_/B (AOI21X1)
   0.007301    0.028698    0.046913    1.639622 v _293_/Y (AOI21X1)
               0.028698    0.000000    1.639622 v _131_/B (XNOR2X1)
   0.008390    0.067902    0.070683    1.710305 ^ _131_/Y (XNOR2X1)
               0.067902    0.000000    1.710305 ^ _132_/B (AOI21X1)
   0.007301    0.028698    0.046913    1.757218 v _132_/Y (AOI21X1)
               0.028698    0.000000    1.757218 v _134_/B (XNOR2X1)
   0.008390    0.067902    0.070683    1.827901 ^ _134_/Y (XNOR2X1)
               0.067902    0.000000    1.827901 ^ _135_/B (AOI21X1)
   0.007301    0.028698    0.046913    1.874814 v _135_/Y (AOI21X1)
               0.028698    0.000000    1.874814 v _137_/B (XNOR2X1)
   0.008390    0.067902    0.070683    1.945497 ^ _137_/Y (XNOR2X1)
               0.067902    0.000000    1.945497 ^ _138_/B (AOI21X1)
   0.007301    0.028698    0.046913    1.992410 v _138_/Y (AOI21X1)
               0.028698    0.000000    1.992410 v _140_/B (XNOR2X1)
   0.008390    0.067902    0.070683    2.063093 ^ _140_/Y (XNOR2X1)
               0.067902    0.000000    2.063093 ^ _141_/B (AOI21X1)
   0.007301    0.028698    0.046913    2.110006 v _141_/Y (AOI21X1)
               0.028698    0.000000    2.110006 v _143_/B (XNOR2X1)
   0.008390    0.067902    0.070683    2.180689 ^ _143_/Y (XNOR2X1)
               0.067902    0.000000    2.180689 ^ _144_/B (AOI21X1)
   0.007301    0.028698    0.046913    2.227602 v _144_/Y (AOI21X1)
               0.028698    0.000000    2.227602 v _146_/B (XNOR2X1)
   0.008390    0.067902    0.070683    2.298285 ^ _146_/Y (XNOR2X1)
               0.067902    0.000000    2.298285 ^ _147_/B (AOI21X1)
   0.007301    0.028698    0.046913    2.345198 v _147_/Y (AOI21X1)
               0.028698    0.000000    2.345198 v _149_/B (XNOR2X1)
   0.008390    0.067902    0.070683    2.415881 ^ _149_/Y (XNOR2X1)
               0.067902    0.000000    2.415881 ^ _193_/B (XOR2X1)
   0.010000    0.079128    0.079825    2.495706 ^ _193_/Y (XOR2X1)
               0.079128    0.000000    2.495706 ^ sum[20] (out)
                                       2.495706   data arrival time

               0.000000  100.000000  100.000000   clock vclk (rise edge)
                           0.000000  100.000000   clock network delay (ideal)
                           0.000000  100.000000   clock reconvergence pessimism
                           0.000000  100.000000   output external delay
                                     100.000000   data required time
---------------------------------------------------------------------------------------
                                     100.000000   data required time
                                      -2.495706   data arrival time
---------------------------------------------------------------------------------------
                                      97.504295   slack (MET)


Startpoint: cin (input port clocked by vclk)
Endpoint: sum[19] (output port clocked by vclk)
Path Group: vclk
Path Type: max

        Cap        Slew       Delay        Time   Description
---------------------------------------------------------------------------------------
               0.000000    0.000000    0.000000   clock vclk (rise edge)
                           0.000000    0.000000   clock network delay (ideal)
                           0.000000    0.000000 v input external delay
   0.006018    0.050000    0.000000    0.000000 v cin (in)
               0.050000    0.000000    0.000000 v _252_/B (OR2X1)
   0.004623    0.017130    0.057750    0.057750 v _252_/Y (OR2X1)
               0.017130    0.000000    0.057750 v _254_/B (AOI21X1)
   0.007954    0.054966    0.050438    0.108187 ^ _254_/Y (AOI21X1)
               0.054966    0.000000    0.108187 ^ _256_/B (XNOR2X1)
   0.008390    0.067890    0.073375    0.181562 ^ _256_/Y (XNOR2X1)
               0.067890    0.000000    0.181562 ^ _257_/B (AOI21X1)
   0.007301    0.028698    0.046910    0.228472 v _257_/Y (AOI21X1)
               0.028698    0.000000    0.228472 v _259_/B (XNOR2X1)
   0.008390    0.067902    0.070683    0.299155 ^ _259_/Y (XNOR2X1)
               0.067902    0.000000    0.299155 ^ _260_/B (AOI21X1)
   0.007301    0.028698    0.046913    0.346068 v _260_/Y (AOI21X1)
               0.028698    0.000000    0.346068 v _262_/B (XNOR2X1)
   0.008390    0.067902    0.070683    0.416751 ^ _262_/Y (XNOR2X1)
               0.067902    0.000000    0.416751 ^ _263_/B (AOI21X1)
   0.007301    0.028698    0.046913    0.463664 v _263_/Y (AOI21X1)
               0.028698    0.000000    0.463664 v _265_/B (XNOR2X1)
   0.008390    0.067902    0.070683    0.534347 ^ _265_/Y (XNOR2X1)
               0.067902    0.000000    0.534347 ^ _266_/B (AOI21X1)
   0.007301    0.028698    0.046913    0.581260 v _266_/Y (AOI21X1)
               0.028698    0.000000    0.581260 v _268_/B (XNOR2X1)
   0.008390    0.067902    0.070683    0.651943 ^ _268_/Y (XNOR2X1)
               0.067902    0.000000    0.651943 ^ _269_/B (AOI21X1)
   0.007301    0.028698    0.046913    0.698856 v _269_/Y (AOI21X1)
               0.028698    0.000000    0.698856 v _271_/B (XNOR2X1)
   0.008390    0.067902    0.070683    0.769539 ^ _271_/Y (XNOR2X1)
               0.067902    0.000000    0.769539 ^ _272_/B (AOI21X1)
   0.007301    0.028698    0.046913    0.816452 v _272_/Y (AOI21X1)
               0.028698    0.000000    0.816452 v _274_/B (XNOR2X1)
   0.008390    0.067902    0.070683    0.887135 ^ _274_/Y (XNOR2X1)
               0.067902    0.000000    0.887135 ^ _275_/B (AOI21X1)
   0.007301    0.028698    0.046913    0.934048 v _275_/Y (AOI21X1)
               0.028698    0.000000    0.934048 v _277_/B (XNOR2X1)
   0.008390    0.067902    0.070683    1.004730 ^ _277_/Y (XNOR2X1)
               0.067902    0.000000    1.004730 ^ _278_/B (AOI21X1)
   0.007301    0.028698    0.046913    1.051643 v _278_/Y (AOI21X1)
               0.028698    0.000000    1.051643 v _280_/B (XNOR2X1)
   0.008390    0.067902    0.070683    1.122326 ^ _280_/Y (XNOR2X1)
               0.067902    0.000000    1.122326 ^ _281_/B (AOI21X1)
   0.007301    0.028698    0.046913    1.169239 v _281_/Y (AOI21X1)
               0.028698    0.000000    1.169239 v _283_/B (XNOR2X1)
   0.008390    0.067902    0.070683    1.239922 ^ _283_/Y (XNOR2X1)
               0.067902    0.000000    1.239922 ^ _284_/B (AOI21X1)
   0.007301    0.028698    0.046913    1.286835 v _284_/Y (AOI21X1)
               0.028698    0.000000    1.286835 v _286_/B (XNOR2X1)
   0.008390    0.067902    0.070683    1.357518 ^ _286_/Y (XNOR2X1)
               0.067902    0.000000    1.357518 ^ _287_/B (AOI21X1)
   0.007301    0.028698    0.046913    1.404431 v _287_/Y (AOI21X1)
               0.028698    0.000000    1.404431 v _289_/B (XNOR2X1)
   0.008390    0.067902    0.070683    1.475114 ^ _289_/Y (XNOR2X1)
               0.067902    0.000000    1.475114 ^ _290_/B (AOI21X1)
   0.007301    0.028698    0.046913    1.522027 v _290_/Y (AOI21X1)
               0.028698    0.000000    1.522027 v _292_/B (XNOR2X1)
   0.008390    0.067902    0.070683    1.592710 ^ _292_/Y (XNOR2X1)
               0.067902    0.000000    1.592710 ^ _293_/B (AOI21X1)
   0.007301    0.028698    0.046913    1.639622 v _293_/Y (AOI21X1)
               0.028698    0.000000    1.639622 v _131_/B (XNOR2X1)
   0.008390    0.067902    0.070683    1.710305 ^ _131_/Y (XNOR2X1)
               0.067902    0.000000    1.710305 ^ _132_/B (AOI21X1)
   0.007301    0.028698    0.046913    1.757218 v _132_/Y (AOI21X1)
               0.028698    0.000000    1.757218 v _134_/B (XNOR2X1)
   0.008390    0.067902    0.070683    1.827901 ^ _134_/Y (XNOR2X1)
               0.067902    0.000000    1.827901 ^ _135_/B (AOI21X1)
   0.007301    0.028698    0.046913    1.874814 v _135_/Y (AOI21X1)
               0.028698    0.000000    1.874814 v _137_/B (XNOR2X1)
   0.008390    0.067902    0.070683    1.945497 ^ _137_/Y (XNOR2X1)
               0.067902    0.000000    1.945497 ^ _138_/B (AOI21X1)
   0.007301    0.028698    0.046913    1.992410 v _138_/Y (AOI21X1)
               0.028698    0.000000    1.992410 v _140_/B (XNOR2X1)
   0.008390    0.067902    0.070683    2.063093 ^ _140_/Y (XNOR2X1)
               0.067902    0.000000    2.063093 ^ _141_/B (AOI21X1)
   0.007301    0.028698    0.046913    2.110006 v _141_/Y (AOI21X1)
               0.028698    0.000000    2.110006 v _143_/B (XNOR2X1)
   0.008390    0.067902    0.070683    2.180689 ^ _143_/Y (XNOR2X1)
               0.067902    0.000000    2.180689 ^ _144_/B (AOI21X1)
   0.007301    0.028698    0.046913    2.227602 v _144_/Y (AOI21X1)
               0.028698    0.000000    2.227602 v _146_/B (XNOR2X1)
   0.008390    0.067902    0.070683    2.298285 ^ _146_/Y (XNOR2X1)
               0.067902    0.000000    2.298285 ^ _214_/B (XOR2X1)
   0.010000    0.079128    0.079825    2.378110 ^ _214_/Y (XOR2X1)
               0.079128    0.000000    2.378110 ^ sum[19] (out)
                                       2.378110   data arrival time

               0.000000  100.000000  100.000000   clock vclk (rise edge)
                           0.000000  100.000000   clock network delay (ideal)
                           0.000000  100.000000   clock reconvergence pessimism
                           0.000000  100.000000   output external delay
                                     100.000000   data required time
---------------------------------------------------------------------------------------
                                     100.000000   data required time
                                      -2.378110   data arrival time
---------------------------------------------------------------------------------------
                                      97.621887   slack (MET)


Startpoint: cin (input port clocked by vclk)
Endpoint: sum[18] (output port clocked by vclk)
Path Group: vclk
Path Type: max

        Cap        Slew       Delay        Time   Description
---------------------------------------------------------------------------------------
               0.000000    0.000000    0.000000   clock vclk (rise edge)
                           0.000000    0.000000   clock network delay (ideal)
                           0.000000    0.000000 v input external delay
   0.006018    0.050000    0.000000    0.000000 v cin (in)
               0.050000    0.000000    0.000000 v _252_/B (OR2X1)
   0.004623    0.017130    0.057750    0.057750 v _252_/Y (OR2X1)
               0.017130    0.000000    0.057750 v _254_/B (AOI21X1)
   0.007954    0.054966    0.050438    0.108187 ^ _254_/Y (AOI21X1)
               0.054966    0.000000    0.108187 ^ _256_/B (XNOR2X1)
   0.008390    0.067890    0.073375    0.181562 ^ _256_/Y (XNOR2X1)
               0.067890    0.000000    0.181562 ^ _257_/B (AOI21X1)
   0.007301    0.028698    0.046910    0.228472 v _257_/Y (AOI21X1)
               0.028698    0.000000    0.228472 v _259_/B (XNOR2X1)
   0.008390    0.067902    0.070683    0.299155 ^ _259_/Y (XNOR2X1)
               0.067902    0.000000    0.299155 ^ _260_/B (AOI21X1)
   0.007301    0.028698    0.046913    0.346068 v _260_/Y (AOI21X1)
               0.028698    0.000000    0.346068 v _262_/B (XNOR2X1)
   0.008390    0.067902    0.070683    0.416751 ^ _262_/Y (XNOR2X1)
               0.067902    0.000000    0.416751 ^ _263_/B (AOI21X1)
   0.007301    0.028698    0.046913    0.463664 v _263_/Y (AOI21X1)
               0.028698    0.000000    0.463664 v _265_/B (XNOR2X1)
   0.008390    0.067902    0.070683    0.534347 ^ _265_/Y (XNOR2X1)
               0.067902    0.000000    0.534347 ^ _266_/B (AOI21X1)
   0.007301    0.028698    0.046913    0.581260 v _266_/Y (AOI21X1)
               0.028698    0.000000    0.581260 v _268_/B (XNOR2X1)
   0.008390    0.067902    0.070683    0.651943 ^ _268_/Y (XNOR2X1)
               0.067902    0.000000    0.651943 ^ _269_/B (AOI21X1)
   0.007301    0.028698    0.046913    0.698856 v _269_/Y (AOI21X1)
               0.028698    0.000000    0.698856 v _271_/B (XNOR2X1)
   0.008390    0.067902    0.070683    0.769539 ^ _271_/Y (XNOR2X1)
               0.067902    0.000000    0.769539 ^ _272_/B (AOI21X1)
   0.007301    0.028698    0.046913    0.816452 v _272_/Y (AOI21X1)
               0.028698    0.000000    0.816452 v _274_/B (XNOR2X1)
   0.008390    0.067902    0.070683    0.887135 ^ _274_/Y (XNOR2X1)
               0.067902    0.000000    0.887135 ^ _275_/B (AOI21X1)
   0.007301    0.028698    0.046913    0.934048 v _275_/Y (AOI21X1)
               0.028698    0.000000    0.934048 v _277_/B (XNOR2X1)
   0.008390    0.067902    0.070683    1.004730 ^ _277_/Y (XNOR2X1)
               0.067902    0.000000    1.004730 ^ _278_/B (AOI21X1)
   0.007301    0.028698    0.046913    1.051643 v _278_/Y (AOI21X1)
               0.028698    0.000000    1.051643 v _280_/B (XNOR2X1)
   0.008390    0.067902    0.070683    1.122326 ^ _280_/Y (XNOR2X1)
               0.067902    0.000000    1.122326 ^ _281_/B (AOI21X1)
   0.007301    0.028698    0.046913    1.169239 v _281_/Y (AOI21X1)
               0.028698    0.000000    1.169239 v _283_/B (XNOR2X1)
   0.008390    0.067902    0.070683    1.239922 ^ _283_/Y (XNOR2X1)
               0.067902    0.000000    1.239922 ^ _284_/B (AOI21X1)
   0.007301    0.028698    0.046913    1.286835 v _284_/Y (AOI21X1)
               0.028698    0.000000    1.286835 v _286_/B (XNOR2X1)
   0.008390    0.067902    0.070683    1.357518 ^ _286_/Y (XNOR2X1)
               0.067902    0.000000    1.357518 ^ _287_/B (AOI21X1)
   0.007301    0.028698    0.046913    1.404431 v _287_/Y (AOI21X1)
               0.028698    0.000000    1.404431 v _289_/B (XNOR2X1)
   0.008390    0.067902    0.070683    1.475114 ^ _289_/Y (XNOR2X1)
               0.067902    0.000000    1.475114 ^ _290_/B (AOI21X1)
   0.007301    0.028698    0.046913    1.522027 v _290_/Y (AOI21X1)
               0.028698    0.000000    1.522027 v _292_/B (XNOR2X1)
   0.008390    0.067902    0.070683    1.592710 ^ _292_/Y (XNOR2X1)
               0.067902    0.000000    1.592710 ^ _293_/B (AOI21X1)
   0.007301    0.028698    0.046913    1.639622 v _293_/Y (AOI21X1)
               0.028698    0.000000    1.639622 v _131_/B (XNOR2X1)
   0.008390    0.067902    0.070683    1.710305 ^ _131_/Y (XNOR2X1)
               0.067902    0.000000    1.710305 ^ _132_/B (AOI21X1)
   0.007301    0.028698    0.046913    1.757218 v _132_/Y (AOI21X1)
               0.028698    0.000000    1.757218 v _134_/B (XNOR2X1)
   0.008390    0.067902    0.070683    1.827901 ^ _134_/Y (XNOR2X1)
               0.067902    0.000000    1.827901 ^ _135_/B (AOI21X1)
   0.007301    0.028698    0.046913    1.874814 v _135_/Y (AOI21X1)
               0.028698    0.000000    1.874814 v _137_/B (XNOR2X1)
   0.008390    0.067902    0.070683    1.945497 ^ _137_/Y (XNOR2X1)
               0.067902    0.000000    1.945497 ^ _138_/B (AOI21X1)
   0.007301    0.028698    0.046913    1.992410 v _138_/Y (AOI21X1)
               0.028698    0.000000    1.992410 v _140_/B (XNOR2X1)
   0.008390    0.067902    0.070683    2.063093 ^ _140_/Y (XNOR2X1)
               0.067902    0.000000    2.063093 ^ _141_/B (AOI21X1)
   0.007301    0.028698    0.046913    2.110006 v _141_/Y (AOI21X1)
               0.028698    0.000000    2.110006 v _143_/B (XNOR2X1)
   0.008390    0.067902    0.070683    2.180689 ^ _143_/Y (XNOR2X1)
               0.067902    0.000000    2.180689 ^ _201_/B (XOR2X1)
   0.010000    0.079128    0.079825    2.260514 ^ _201_/Y (XOR2X1)
               0.079128    0.000000    2.260514 ^ sum[18] (out)
                                       2.260514   data arrival time

               0.000000  100.000000  100.000000   clock vclk (rise edge)
                           0.000000  100.000000   clock network delay (ideal)
                           0.000000  100.000000   clock reconvergence pessimism
                           0.000000  100.000000   output external delay
                                     100.000000   data required time
---------------------------------------------------------------------------------------
                                     100.000000   data required time
                                      -2.260514   data arrival time
---------------------------------------------------------------------------------------
                                      97.739487   slack (MET)


Startpoint: cin (input port clocked by vclk)
Endpoint: sum[17] (output port clocked by vclk)
Path Group: vclk
Path Type: max

        Cap        Slew       Delay        Time   Description
---------------------------------------------------------------------------------------
               0.000000    0.000000    0.000000   clock vclk (rise edge)
                           0.000000    0.000000   clock network delay (ideal)
                           0.000000    0.000000 v input external delay
   0.006018    0.050000    0.000000    0.000000 v cin (in)
               0.050000    0.000000    0.000000 v _252_/B (OR2X1)
   0.004623    0.017130    0.057750    0.057750 v _252_/Y (OR2X1)
               0.017130    0.000000    0.057750 v _254_/B (AOI21X1)
   0.007954    0.054966    0.050438    0.108187 ^ _254_/Y (AOI21X1)
               0.054966    0.000000    0.108187 ^ _256_/B (XNOR2X1)
   0.008390    0.067890    0.073375    0.181562 ^ _256_/Y (XNOR2X1)
               0.067890    0.000000    0.181562 ^ _257_/B (AOI21X1)
   0.007301    0.028698    0.046910    0.228472 v _257_/Y (AOI21X1)
               0.028698    0.000000    0.228472 v _259_/B (XNOR2X1)
   0.008390    0.067902    0.070683    0.299155 ^ _259_/Y (XNOR2X1)
               0.067902    0.000000    0.299155 ^ _260_/B (AOI21X1)
   0.007301    0.028698    0.046913    0.346068 v _260_/Y (AOI21X1)
               0.028698    0.000000    0.346068 v _262_/B (XNOR2X1)
   0.008390    0.067902    0.070683    0.416751 ^ _262_/Y (XNOR2X1)
               0.067902    0.000000    0.416751 ^ _263_/B (AOI21X1)
   0.007301    0.028698    0.046913    0.463664 v _263_/Y (AOI21X1)
               0.028698    0.000000    0.463664 v _265_/B (XNOR2X1)
   0.008390    0.067902    0.070683    0.534347 ^ _265_/Y (XNOR2X1)
               0.067902    0.000000    0.534347 ^ _266_/B (AOI21X1)
   0.007301    0.028698    0.046913    0.581260 v _266_/Y (AOI21X1)
               0.028698    0.000000    0.581260 v _268_/B (XNOR2X1)
   0.008390    0.067902    0.070683    0.651943 ^ _268_/Y (XNOR2X1)
               0.067902    0.000000    0.651943 ^ _269_/B (AOI21X1)
   0.007301    0.028698    0.046913    0.698856 v _269_/Y (AOI21X1)
               0.028698    0.000000    0.698856 v _271_/B (XNOR2X1)
   0.008390    0.067902    0.070683    0.769539 ^ _271_/Y (XNOR2X1)
               0.067902    0.000000    0.769539 ^ _272_/B (AOI21X1)
   0.007301    0.028698    0.046913    0.816452 v _272_/Y (AOI21X1)
               0.028698    0.000000    0.816452 v _274_/B (XNOR2X1)
   0.008390    0.067902    0.070683    0.887135 ^ _274_/Y (XNOR2X1)
               0.067902    0.000000    0.887135 ^ _275_/B (AOI21X1)
   0.007301    0.028698    0.046913    0.934048 v _275_/Y (AOI21X1)
               0.028698    0.000000    0.934048 v _277_/B (XNOR2X1)
   0.008390    0.067902    0.070683    1.004730 ^ _277_/Y (XNOR2X1)
               0.067902    0.000000    1.004730 ^ _278_/B (AOI21X1)
   0.007301    0.028698    0.046913    1.051643 v _278_/Y (AOI21X1)
               0.028698    0.000000    1.051643 v _280_/B (XNOR2X1)
   0.008390    0.067902    0.070683    1.122326 ^ _280_/Y (XNOR2X1)
               0.067902    0.000000    1.122326 ^ _281_/B (AOI21X1)
   0.007301    0.028698    0.046913    1.169239 v _281_/Y (AOI21X1)
               0.028698    0.000000    1.169239 v _283_/B (XNOR2X1)
   0.008390    0.067902    0.070683    1.239922 ^ _283_/Y (XNOR2X1)
               0.067902    0.000000    1.239922 ^ _284_/B (AOI21X1)
   0.007301    0.028698    0.046913    1.286835 v _284_/Y (AOI21X1)
               0.028698    0.000000    1.286835 v _286_/B (XNOR2X1)
   0.008390    0.067902    0.070683    1.357518 ^ _286_/Y (XNOR2X1)
               0.067902    0.000000    1.357518 ^ _287_/B (AOI21X1)
   0.007301    0.028698    0.046913    1.404431 v _287_/Y (AOI21X1)
               0.028698    0.000000    1.404431 v _289_/B (XNOR2X1)
   0.008390    0.067902    0.070683    1.475114 ^ _289_/Y (XNOR2X1)
               0.067902    0.000000    1.475114 ^ _290_/B (AOI21X1)
   0.007301    0.028698    0.046913    1.522027 v _290_/Y (AOI21X1)
               0.028698    0.000000    1.522027 v _292_/B (XNOR2X1)
   0.008390    0.067902    0.070683    1.592710 ^ _292_/Y (XNOR2X1)
               0.067902    0.000000    1.592710 ^ _293_/B (AOI21X1)
   0.007301    0.028698    0.046913    1.639622 v _293_/Y (AOI21X1)
               0.028698    0.000000    1.639622 v _131_/B (XNOR2X1)
   0.008390    0.067902    0.070683    1.710305 ^ _131_/Y (XNOR2X1)
               0.067902    0.000000    1.710305 ^ _132_/B (AOI21X1)
   0.007301    0.028698    0.046913    1.757218 v _132_/Y (AOI21X1)
               0.028698    0.000000    1.757218 v _134_/B (XNOR2X1)
   0.008390    0.067902    0.070683    1.827901 ^ _134_/Y (XNOR2X1)
               0.067902    0.000000    1.827901 ^ _135_/B (AOI21X1)
   0.007301    0.028698    0.046913    1.874814 v _135_/Y (AOI21X1)
               0.028698    0.000000    1.874814 v _137_/B (XNOR2X1)
   0.008390    0.067902    0.070683    1.945497 ^ _137_/Y (XNOR2X1)
               0.067902    0.000000    1.945497 ^ _138_/B (AOI21X1)
   0.007301    0.028698    0.046913    1.992410 v _138_/Y (AOI21X1)
               0.028698    0.000000    1.992410 v _140_/B (XNOR2X1)
   0.008390    0.067902    0.070683    2.063093 ^ _140_/Y (XNOR2X1)
               0.067902    0.000000    2.063093 ^ _198_/B (XOR2X1)
   0.010000    0.079128    0.079825    2.142919 ^ _198_/Y (XOR2X1)
               0.079128    0.000000    2.142919 ^ sum[17] (out)
                                       2.142919   data arrival time

               0.000000  100.000000  100.000000   clock vclk (rise edge)
                           0.000000  100.000000   clock network delay (ideal)
                           0.000000  100.000000   clock reconvergence pessimism
                           0.000000  100.000000   output external delay
                                     100.000000   data required time
---------------------------------------------------------------------------------------
                                     100.000000   data required time
                                      -2.142919   data arrival time
---------------------------------------------------------------------------------------
                                      97.857079   slack (MET)


Startpoint: cin (input port clocked by vclk)
Endpoint: sum[16] (output port clocked by vclk)
Path Group: vclk
Path Type: max

        Cap        Slew       Delay        Time   Description
---------------------------------------------------------------------------------------
               0.000000    0.000000    0.000000   clock vclk (rise edge)
                           0.000000    0.000000   clock network delay (ideal)
                           0.000000    0.000000 v input external delay
   0.006018    0.050000    0.000000    0.000000 v cin (in)
               0.050000    0.000000    0.000000 v _252_/B (OR2X1)
   0.004623    0.017130    0.057750    0.057750 v _252_/Y (OR2X1)
               0.017130    0.000000    0.057750 v _254_/B (AOI21X1)
   0.007954    0.054966    0.050438    0.108187 ^ _254_/Y (AOI21X1)
               0.054966    0.000000    0.108187 ^ _256_/B (XNOR2X1)
   0.008390    0.067890    0.073375    0.181562 ^ _256_/Y (XNOR2X1)
               0.067890    0.000000    0.181562 ^ _257_/B (AOI21X1)
   0.007301    0.028698    0.046910    0.228472 v _257_/Y (AOI21X1)
               0.028698    0.000000    0.228472 v _259_/B (XNOR2X1)
   0.008390    0.067902    0.070683    0.299155 ^ _259_/Y (XNOR2X1)
               0.067902    0.000000    0.299155 ^ _260_/B (AOI21X1)
   0.007301    0.028698    0.046913    0.346068 v _260_/Y (AOI21X1)
               0.028698    0.000000    0.346068 v _262_/B (XNOR2X1)
   0.008390    0.067902    0.070683    0.416751 ^ _262_/Y (XNOR2X1)
               0.067902    0.000000    0.416751 ^ _263_/B (AOI21X1)
   0.007301    0.028698    0.046913    0.463664 v _263_/Y (AOI21X1)
               0.028698    0.000000    0.463664 v _265_/B (XNOR2X1)
   0.008390    0.067902    0.070683    0.534347 ^ _265_/Y (XNOR2X1)
               0.067902    0.000000    0.534347 ^ _266_/B (AOI21X1)
   0.007301    0.028698    0.046913    0.581260 v _266_/Y (AOI21X1)
               0.028698    0.000000    0.581260 v _268_/B (XNOR2X1)
   0.008390    0.067902    0.070683    0.651943 ^ _268_/Y (XNOR2X1)
               0.067902    0.000000    0.651943 ^ _269_/B (AOI21X1)
   0.007301    0.028698    0.046913    0.698856 v _269_/Y (AOI21X1)
               0.028698    0.000000    0.698856 v _271_/B (XNOR2X1)
   0.008390    0.067902    0.070683    0.769539 ^ _271_/Y (XNOR2X1)
               0.067902    0.000000    0.769539 ^ _272_/B (AOI21X1)
   0.007301    0.028698    0.046913    0.816452 v _272_/Y (AOI21X1)
               0.028698    0.000000    0.816452 v _274_/B (XNOR2X1)
   0.008390    0.067902    0.070683    0.887135 ^ _274_/Y (XNOR2X1)
               0.067902    0.000000    0.887135 ^ _275_/B (AOI21X1)
   0.007301    0.028698    0.046913    0.934048 v _275_/Y (AOI21X1)
               0.028698    0.000000    0.934048 v _277_/B (XNOR2X1)
   0.008390    0.067902    0.070683    1.004730 ^ _277_/Y (XNOR2X1)
               0.067902    0.000000    1.004730 ^ _278_/B (AOI21X1)
   0.007301    0.028698    0.046913    1.051643 v _278_/Y (AOI21X1)
               0.028698    0.000000    1.051643 v _280_/B (XNOR2X1)
   0.008390    0.067902    0.070683    1.122326 ^ _280_/Y (XNOR2X1)
               0.067902    0.000000    1.122326 ^ _281_/B (AOI21X1)
   0.007301    0.028698    0.046913    1.169239 v _281_/Y (AOI21X1)
               0.028698    0.000000    1.169239 v _283_/B (XNOR2X1)
   0.008390    0.067902    0.070683    1.239922 ^ _283_/Y (XNOR2X1)
               0.067902    0.000000    1.239922 ^ _284_/B (AOI21X1)
   0.007301    0.028698    0.046913    1.286835 v _284_/Y (AOI21X1)
               0.028698    0.000000    1.286835 v _286_/B (XNOR2X1)
   0.008390    0.067902    0.070683    1.357518 ^ _286_/Y (XNOR2X1)
               0.067902    0.000000    1.357518 ^ _287_/B (AOI21X1)
   0.007301    0.028698    0.046913    1.404431 v _287_/Y (AOI21X1)
               0.028698    0.000000    1.404431 v _289_/B (XNOR2X1)
   0.008390    0.067902    0.070683    1.475114 ^ _289_/Y (XNOR2X1)
               0.067902    0.000000    1.475114 ^ _290_/B (AOI21X1)
   0.007301    0.028698    0.046913    1.522027 v _290_/Y (AOI21X1)
               0.028698    0.000000    1.522027 v _292_/B (XNOR2X1)
   0.008390    0.067902    0.070683    1.592710 ^ _292_/Y (XNOR2X1)
               0.067902    0.000000    1.592710 ^ _293_/B (AOI21X1)
   0.007301    0.028698    0.046913    1.639622 v _293_/Y (AOI21X1)
               0.028698    0.000000    1.639622 v _131_/B (XNOR2X1)
   0.008390    0.067902    0.070683    1.710305 ^ _131_/Y (XNOR2X1)
               0.067902    0.000000    1.710305 ^ _132_/B (AOI21X1)
   0.007301    0.028698    0.046913    1.757218 v _132_/Y (AOI21X1)
               0.028698    0.000000    1.757218 v _134_/B (XNOR2X1)
   0.008390    0.067902    0.070683    1.827901 ^ _134_/Y (XNOR2X1)
               0.067902    0.000000    1.827901 ^ _135_/B (AOI21X1)
   0.007301    0.028698    0.046913    1.874814 v _135_/Y (AOI21X1)
               0.028698    0.000000    1.874814 v _137_/B (XNOR2X1)
   0.008390    0.067902    0.070683    1.945497 ^ _137_/Y (XNOR2X1)
               0.067902    0.000000    1.945497 ^ _211_/B (XOR2X1)
   0.010000    0.079128    0.079825    2.025323 ^ _211_/Y (XOR2X1)
               0.079128    0.000000    2.025323 ^ sum[16] (out)
                                       2.025323   data arrival time

               0.000000  100.000000  100.000000   clock vclk (rise edge)
                           0.000000  100.000000   clock network delay (ideal)
                           0.000000  100.000000   clock reconvergence pessimism
                           0.000000  100.000000   output external delay
                                     100.000000   data required time
---------------------------------------------------------------------------------------
                                     100.000000   data required time
                                      -2.025323   data arrival time
---------------------------------------------------------------------------------------
                                      97.974670   slack (MET)


Startpoint: cin (input port clocked by vclk)
Endpoint: sum[15] (output port clocked by vclk)
Path Group: vclk
Path Type: max

        Cap        Slew       Delay        Time   Description
---------------------------------------------------------------------------------------
               0.000000    0.000000    0.000000   clock vclk (rise edge)
                           0.000000    0.000000   clock network delay (ideal)
                           0.000000    0.000000 v input external delay
   0.006018    0.050000    0.000000    0.000000 v cin (in)
               0.050000    0.000000    0.000000 v _252_/B (OR2X1)
   0.004623    0.017130    0.057750    0.057750 v _252_/Y (OR2X1)
               0.017130    0.000000    0.057750 v _254_/B (AOI21X1)
   0.007954    0.054966    0.050438    0.108187 ^ _254_/Y (AOI21X1)
               0.054966    0.000000    0.108187 ^ _256_/B (XNOR2X1)
   0.008390    0.067890    0.073375    0.181562 ^ _256_/Y (XNOR2X1)
               0.067890    0.000000    0.181562 ^ _257_/B (AOI21X1)
   0.007301    0.028698    0.046910    0.228472 v _257_/Y (AOI21X1)
               0.028698    0.000000    0.228472 v _259_/B (XNOR2X1)
   0.008390    0.067902    0.070683    0.299155 ^ _259_/Y (XNOR2X1)
               0.067902    0.000000    0.299155 ^ _260_/B (AOI21X1)
   0.007301    0.028698    0.046913    0.346068 v _260_/Y (AOI21X1)
               0.028698    0.000000    0.346068 v _262_/B (XNOR2X1)
   0.008390    0.067902    0.070683    0.416751 ^ _262_/Y (XNOR2X1)
               0.067902    0.000000    0.416751 ^ _263_/B (AOI21X1)
   0.007301    0.028698    0.046913    0.463664 v _263_/Y (AOI21X1)
               0.028698    0.000000    0.463664 v _265_/B (XNOR2X1)
   0.008390    0.067902    0.070683    0.534347 ^ _265_/Y (XNOR2X1)
               0.067902    0.000000    0.534347 ^ _266_/B (AOI21X1)
   0.007301    0.028698    0.046913    0.581260 v _266_/Y (AOI21X1)
               0.028698    0.000000    0.581260 v _268_/B (XNOR2X1)
   0.008390    0.067902    0.070683    0.651943 ^ _268_/Y (XNOR2X1)
               0.067902    0.000000    0.651943 ^ _269_/B (AOI21X1)
   0.007301    0.028698    0.046913    0.698856 v _269_/Y (AOI21X1)
               0.028698    0.000000    0.698856 v _271_/B (XNOR2X1)
   0.008390    0.067902    0.070683    0.769539 ^ _271_/Y (XNOR2X1)
               0.067902    0.000000    0.769539 ^ _272_/B (AOI21X1)
   0.007301    0.028698    0.046913    0.816452 v _272_/Y (AOI21X1)
               0.028698    0.000000    0.816452 v _274_/B (XNOR2X1)
   0.008390    0.067902    0.070683    0.887135 ^ _274_/Y (XNOR2X1)
               0.067902    0.000000    0.887135 ^ _275_/B (AOI21X1)
   0.007301    0.028698    0.046913    0.934048 v _275_/Y (AOI21X1)
               0.028698    0.000000    0.934048 v _277_/B (XNOR2X1)
   0.008390    0.067902    0.070683    1.004730 ^ _277_/Y (XNOR2X1)
               0.067902    0.000000    1.004730 ^ _278_/B (AOI21X1)
   0.007301    0.028698    0.046913    1.051643 v _278_/Y (AOI21X1)
               0.028698    0.000000    1.051643 v _280_/B (XNOR2X1)
   0.008390    0.067902    0.070683    1.122326 ^ _280_/Y (XNOR2X1)
               0.067902    0.000000    1.122326 ^ _281_/B (AOI21X1)
   0.007301    0.028698    0.046913    1.169239 v _281_/Y (AOI21X1)
               0.028698    0.000000    1.169239 v _283_/B (XNOR2X1)
   0.008390    0.067902    0.070683    1.239922 ^ _283_/Y (XNOR2X1)
               0.067902    0.000000    1.239922 ^ _284_/B (AOI21X1)
   0.007301    0.028698    0.046913    1.286835 v _284_/Y (AOI21X1)
               0.028698    0.000000    1.286835 v _286_/B (XNOR2X1)
   0.008390    0.067902    0.070683    1.357518 ^ _286_/Y (XNOR2X1)
               0.067902    0.000000    1.357518 ^ _287_/B (AOI21X1)
   0.007301    0.028698    0.046913    1.404431 v _287_/Y (AOI21X1)
               0.028698    0.000000    1.404431 v _289_/B (XNOR2X1)
   0.008390    0.067902    0.070683    1.475114 ^ _289_/Y (XNOR2X1)
               0.067902    0.000000    1.475114 ^ _290_/B (AOI21X1)
   0.007301    0.028698    0.046913    1.522027 v _290_/Y (AOI21X1)
               0.028698    0.000000    1.522027 v _292_/B (XNOR2X1)
   0.008390    0.067902    0.070683    1.592710 ^ _292_/Y (XNOR2X1)
               0.067902    0.000000    1.592710 ^ _293_/B (AOI21X1)
   0.007301    0.028698    0.046913    1.639622 v _293_/Y (AOI21X1)
               0.028698    0.000000    1.639622 v _131_/B (XNOR2X1)
   0.008390    0.067902    0.070683    1.710305 ^ _131_/Y (XNOR2X1)
               0.067902    0.000000    1.710305 ^ _132_/B (AOI21X1)
   0.007301    0.028698    0.046913    1.757218 v _132_/Y (AOI21X1)
               0.028698    0.000000    1.757218 v _134_/B (XNOR2X1)
   0.008390    0.067902    0.070683    1.827901 ^ _134_/Y (XNOR2X1)
               0.067902    0.000000    1.827901 ^ _210_/B (XOR2X1)
   0.010000    0.079128    0.079825    1.907727 ^ _210_/Y (XOR2X1)
               0.079128    0.000000    1.907727 ^ sum[15] (out)
                                       1.907727   data arrival time

               0.000000  100.000000  100.000000   clock vclk (rise edge)
                           0.000000  100.000000   clock network delay (ideal)
                           0.000000  100.000000   clock reconvergence pessimism
                           0.000000  100.000000   output external delay
                                     100.000000   data required time
---------------------------------------------------------------------------------------
                                     100.000000   data required time
                                      -1.907727   data arrival time
---------------------------------------------------------------------------------------
                                      98.092270   slack (MET)


Startpoint: cin (input port clocked by vclk)
Endpoint: sum[14] (output port clocked by vclk)
Path Group: vclk
Path Type: max

        Cap        Slew       Delay        Time   Description
---------------------------------------------------------------------------------------
               0.000000    0.000000    0.000000   clock vclk (rise edge)
                           0.000000    0.000000   clock network delay (ideal)
                           0.000000    0.000000 v input external delay
   0.006018    0.050000    0.000000    0.000000 v cin (in)
               0.050000    0.000000    0.000000 v _252_/B (OR2X1)
   0.004623    0.017130    0.057750    0.057750 v _252_/Y (OR2X1)
               0.017130    0.000000    0.057750 v _254_/B (AOI21X1)
   0.007954    0.054966    0.050438    0.108187 ^ _254_/Y (AOI21X1)
               0.054966    0.000000    0.108187 ^ _256_/B (XNOR2X1)
   0.008390    0.067890    0.073375    0.181562 ^ _256_/Y (XNOR2X1)
               0.067890    0.000000    0.181562 ^ _257_/B (AOI21X1)
   0.007301    0.028698    0.046910    0.228472 v _257_/Y (AOI21X1)
               0.028698    0.000000    0.228472 v _259_/B (XNOR2X1)
   0.008390    0.067902    0.070683    0.299155 ^ _259_/Y (XNOR2X1)
               0.067902    0.000000    0.299155 ^ _260_/B (AOI21X1)
   0.007301    0.028698    0.046913    0.346068 v _260_/Y (AOI21X1)
               0.028698    0.000000    0.346068 v _262_/B (XNOR2X1)
   0.008390    0.067902    0.070683    0.416751 ^ _262_/Y (XNOR2X1)
               0.067902    0.000000    0.416751 ^ _263_/B (AOI21X1)
   0.007301    0.028698    0.046913    0.463664 v _263_/Y (AOI21X1)
               0.028698    0.000000    0.463664 v _265_/B (XNOR2X1)
   0.008390    0.067902    0.070683    0.534347 ^ _265_/Y (XNOR2X1)
               0.067902    0.000000    0.534347 ^ _266_/B (AOI21X1)
   0.007301    0.028698    0.046913    0.581260 v _266_/Y (AOI21X1)
               0.028698    0.000000    0.581260 v _268_/B (XNOR2X1)
   0.008390    0.067902    0.070683    0.651943 ^ _268_/Y (XNOR2X1)
               0.067902    0.000000    0.651943 ^ _269_/B (AOI21X1)
   0.007301    0.028698    0.046913    0.698856 v _269_/Y (AOI21X1)
               0.028698    0.000000    0.698856 v _271_/B (XNOR2X1)
   0.008390    0.067902    0.070683    0.769539 ^ _271_/Y (XNOR2X1)
               0.067902    0.000000    0.769539 ^ _272_/B (AOI21X1)
   0.007301    0.028698    0.046913    0.816452 v _272_/Y (AOI21X1)
               0.028698    0.000000    0.816452 v _274_/B (XNOR2X1)
   0.008390    0.067902    0.070683    0.887135 ^ _274_/Y (XNOR2X1)
               0.067902    0.000000    0.887135 ^ _275_/B (AOI21X1)
   0.007301    0.028698    0.046913    0.934048 v _275_/Y (AOI21X1)
               0.028698    0.000000    0.934048 v _277_/B (XNOR2X1)
   0.008390    0.067902    0.070683    1.004730 ^ _277_/Y (XNOR2X1)
               0.067902    0.000000    1.004730 ^ _278_/B (AOI21X1)
   0.007301    0.028698    0.046913    1.051643 v _278_/Y (AOI21X1)
               0.028698    0.000000    1.051643 v _280_/B (XNOR2X1)
   0.008390    0.067902    0.070683    1.122326 ^ _280_/Y (XNOR2X1)
               0.067902    0.000000    1.122326 ^ _281_/B (AOI21X1)
   0.007301    0.028698    0.046913    1.169239 v _281_/Y (AOI21X1)
               0.028698    0.000000    1.169239 v _283_/B (XNOR2X1)
   0.008390    0.067902    0.070683    1.239922 ^ _283_/Y (XNOR2X1)
               0.067902    0.000000    1.239922 ^ _284_/B (AOI21X1)
   0.007301    0.028698    0.046913    1.286835 v _284_/Y (AOI21X1)
               0.028698    0.000000    1.286835 v _286_/B (XNOR2X1)
   0.008390    0.067902    0.070683    1.357518 ^ _286_/Y (XNOR2X1)
               0.067902    0.000000    1.357518 ^ _287_/B (AOI21X1)
   0.007301    0.028698    0.046913    1.404431 v _287_/Y (AOI21X1)
               0.028698    0.000000    1.404431 v _289_/B (XNOR2X1)
   0.008390    0.067902    0.070683    1.475114 ^ _289_/Y (XNOR2X1)
               0.067902    0.000000    1.475114 ^ _290_/B (AOI21X1)
   0.007301    0.028698    0.046913    1.522027 v _290_/Y (AOI21X1)
               0.028698    0.000000    1.522027 v _292_/B (XNOR2X1)
   0.008390    0.067902    0.070683    1.592710 ^ _292_/Y (XNOR2X1)
               0.067902    0.000000    1.592710 ^ _293_/B (AOI21X1)
   0.007301    0.028698    0.046913    1.639622 v _293_/Y (AOI21X1)
               0.028698    0.000000    1.639622 v _131_/B (XNOR2X1)
   0.008390    0.067902    0.070683    1.710305 ^ _131_/Y (XNOR2X1)
               0.067902    0.000000    1.710305 ^ _216_/B (XOR2X1)
   0.010000    0.079128    0.079825    1.790131 ^ _216_/Y (XOR2X1)
               0.079128    0.000000    1.790131 ^ sum[14] (out)
                                       1.790131   data arrival time

               0.000000  100.000000  100.000000   clock vclk (rise edge)
                           0.000000  100.000000   clock network delay (ideal)
                           0.000000  100.000000   clock reconvergence pessimism
                           0.000000  100.000000   output external delay
                                     100.000000   data required time
---------------------------------------------------------------------------------------
                                     100.000000   data required time
                                      -1.790131   data arrival time
---------------------------------------------------------------------------------------
                                      98.209862   slack (MET)


Startpoint: cin (input port clocked by vclk)
Endpoint: sum[13] (output port clocked by vclk)
Path Group: vclk
Path Type: max

        Cap        Slew       Delay        Time   Description
---------------------------------------------------------------------------------------
               0.000000    0.000000    0.000000   clock vclk (rise edge)
                           0.000000    0.000000   clock network delay (ideal)
                           0.000000    0.000000 v input external delay
   0.006018    0.050000    0.000000    0.000000 v cin (in)
               0.050000    0.000000    0.000000 v _252_/B (OR2X1)
   0.004623    0.017130    0.057750    0.057750 v _252_/Y (OR2X1)
               0.017130    0.000000    0.057750 v _254_/B (AOI21X1)
   0.007954    0.054966    0.050438    0.108187 ^ _254_/Y (AOI21X1)
               0.054966    0.000000    0.108187 ^ _256_/B (XNOR2X1)
   0.008390    0.067890    0.073375    0.181562 ^ _256_/Y (XNOR2X1)
               0.067890    0.000000    0.181562 ^ _257_/B (AOI21X1)
   0.007301    0.028698    0.046910    0.228472 v _257_/Y (AOI21X1)
               0.028698    0.000000    0.228472 v _259_/B (XNOR2X1)
   0.008390    0.067902    0.070683    0.299155 ^ _259_/Y (XNOR2X1)
               0.067902    0.000000    0.299155 ^ _260_/B (AOI21X1)
   0.007301    0.028698    0.046913    0.346068 v _260_/Y (AOI21X1)
               0.028698    0.000000    0.346068 v _262_/B (XNOR2X1)
   0.008390    0.067902    0.070683    0.416751 ^ _262_/Y (XNOR2X1)
               0.067902    0.000000    0.416751 ^ _263_/B (AOI21X1)
   0.007301    0.028698    0.046913    0.463664 v _263_/Y (AOI21X1)
               0.028698    0.000000    0.463664 v _265_/B (XNOR2X1)
   0.008390    0.067902    0.070683    0.534347 ^ _265_/Y (XNOR2X1)
               0.067902    0.000000    0.534347 ^ _266_/B (AOI21X1)
   0.007301    0.028698    0.046913    0.581260 v _266_/Y (AOI21X1)
               0.028698    0.000000    0.581260 v _268_/B (XNOR2X1)
   0.008390    0.067902    0.070683    0.651943 ^ _268_/Y (XNOR2X1)
               0.067902    0.000000    0.651943 ^ _269_/B (AOI21X1)
   0.007301    0.028698    0.046913    0.698856 v _269_/Y (AOI21X1)
               0.028698    0.000000    0.698856 v _271_/B (XNOR2X1)
   0.008390    0.067902    0.070683    0.769539 ^ _271_/Y (XNOR2X1)
               0.067902    0.000000    0.769539 ^ _272_/B (AOI21X1)
   0.007301    0.028698    0.046913    0.816452 v _272_/Y (AOI21X1)
               0.028698    0.000000    0.816452 v _274_/B (XNOR2X1)
   0.008390    0.067902    0.070683    0.887135 ^ _274_/Y (XNOR2X1)
               0.067902    0.000000    0.887135 ^ _275_/B (AOI21X1)
   0.007301    0.028698    0.046913    0.934048 v _275_/Y (AOI21X1)
               0.028698    0.000000    0.934048 v _277_/B (XNOR2X1)
   0.008390    0.067902    0.070683    1.004730 ^ _277_/Y (XNOR2X1)
               0.067902    0.000000    1.004730 ^ _278_/B (AOI21X1)
   0.007301    0.028698    0.046913    1.051643 v _278_/Y (AOI21X1)
               0.028698    0.000000    1.051643 v _280_/B (XNOR2X1)
   0.008390    0.067902    0.070683    1.122326 ^ _280_/Y (XNOR2X1)
               0.067902    0.000000    1.122326 ^ _281_/B (AOI21X1)
   0.007301    0.028698    0.046913    1.169239 v _281_/Y (AOI21X1)
               0.028698    0.000000    1.169239 v _283_/B (XNOR2X1)
   0.008390    0.067902    0.070683    1.239922 ^ _283_/Y (XNOR2X1)
               0.067902    0.000000    1.239922 ^ _284_/B (AOI21X1)
   0.007301    0.028698    0.046913    1.286835 v _284_/Y (AOI21X1)
               0.028698    0.000000    1.286835 v _286_/B (XNOR2X1)
   0.008390    0.067902    0.070683    1.357518 ^ _286_/Y (XNOR2X1)
               0.067902    0.000000    1.357518 ^ _287_/B (AOI21X1)
   0.007301    0.028698    0.046913    1.404431 v _287_/Y (AOI21X1)
               0.028698    0.000000    1.404431 v _289_/B (XNOR2X1)
   0.008390    0.067902    0.070683    1.475114 ^ _289_/Y (XNOR2X1)
               0.067902    0.000000    1.475114 ^ _290_/B (AOI21X1)
   0.007301    0.028698    0.046913    1.522027 v _290_/Y (AOI21X1)
               0.028698    0.000000    1.522027 v _292_/B (XNOR2X1)
   0.008390    0.067902    0.070683    1.592710 ^ _292_/Y (XNOR2X1)
               0.067902    0.000000    1.592710 ^ _213_/B (XOR2X1)
   0.010000    0.079128    0.079825    1.672535 ^ _213_/Y (XOR2X1)
               0.079128    0.000000    1.672535 ^ sum[13] (out)
                                       1.672535   data arrival time

               0.000000  100.000000  100.000000   clock vclk (rise edge)
                           0.000000  100.000000   clock network delay (ideal)
                           0.000000  100.000000   clock reconvergence pessimism
                           0.000000  100.000000   output external delay
                                     100.000000   data required time
---------------------------------------------------------------------------------------
                                     100.000000   data required time
                                      -1.672535   data arrival time
---------------------------------------------------------------------------------------
                                      98.327461   slack (MET)


