v-sweep v(drain_iv) v(gate_iv) id is ib ig kcl
 0.0000000000e+00  0.0000000000e+00  0.0000000000e+00  0.0000000000e+00  0.0000000000e+00  0.0000000000e+00  0.0000000000e+00  0.0000000000e+00
 1.0000000000e+00  1.0000000000e-02  0.0000000000e+00  -3.0341810199e-12  3.0241810199e-12  1.0000000000e-14  0.0000000000e+00  1.5934990285e-28
 2.0000000000e+00  2.0000000000e-02  0.0000000000e+00  -5.3549490133e-12  5.3349490133e-12  2.0000000000e-14  0.0000000000e+00  4.8909376124e-28
 3.0000000000e+00  3.0000000000e-02  0.0000000000e+00  -7.0377565619e-12  7.0077565619e-12  3.0000000000e-14  0.0000000000e+00  3.2816613657e-28
 4.0000000000e+00  4.0000000000e-02  0.0000000000e+00  -8.1911270875e-12  8.1511270875e-12  4.0000000000e-14  0.0000000000e+00  9.7818752247e-28
 5.0000000000e+00  5.0000000000e-02  0.0000000000e+00  -8.9467481315e-12  8.8967481315e-12  5.0000000000e-14  0.0000000000e+00  8.2041534143e-28
 6.0000000000e+00  6.0000000000e-02  0.0000000000e+00  -9.4332927580e-12  9.3732927580e-12  6.0000000000e-14  0.0000000000e+00  9.4663308627e-28
 7.0000000000e+00  7.0000000000e-02  0.0000000000e+00  -9.7521509043e-12  9.6821509043e-12  7.0000000000e-14  0.0000000000e+00  1.1107161546e-27
 8.0000000000e+00  8.0000000000e-02  0.0000000000e+00  -9.9708233021e-12  9.8908233021e-12  8.0000000000e-14  0.0000000000e+00  3.4078791106e-28
 9.0000000000e+00  9.0000000000e-02  0.0000000000e+00  -1.0129888711e-11  1.0039888711e-11  9.0000000000e-14  0.0000000000e+00  1.7670484277e-28
 1.0000000000e+01  1.0000000000e-01  0.0000000000e+00  -1.0252722932e-11  1.0152722932e-11  1.0000000000e-13  0.0000000000e+00  1.2621774484e-29
 1.1000000000e+01  1.1000000000e-01  0.0000000000e+00  -1.0352758550e-11  1.0242758550e-11  1.1000000000e-13  0.0000000000e+00  1.3883951932e-28
 1.2000000000e+01  1.2000000000e-01  0.0000000000e+00  -1.0437868746e-11  1.0317868746e-11  1.2000000000e-13  0.0000000000e+00  3.0292258760e-28
 1.3000000000e+01  1.3000000000e-01  0.0000000000e+00  -1.0512809261e-11  1.0382809261e-11  1.3000000000e-13  0.0000000000e+00  1.1612032525e-27
 1.4000000000e+01  1.4000000000e-01  0.0000000000e+00  -1.0580551212e-11  1.0440551212e-11  1.4000000000e-13  0.0000000000e+00  6.0584517521e-28
 1.5000000000e+01  1.5000000000e-01  0.0000000000e+00  -1.0643014700e-11  1.0493014700e-11  1.5000000000e-13  0.0000000000e+00  8.3303711591e-28
 1.6000000000e+01  1.6000000000e-01  0.0000000000e+00  -1.0701481504e-11  1.0541481504e-11  1.6000000000e-13  0.0000000000e+00  6.8157582211e-28
 1.7000000000e+01  1.7000000000e-01  0.0000000000e+00  -1.0756833664e-11  1.0586833664e-11  1.7000000000e-13  0.0000000000e+00  5.3011452831e-28
 1.8000000000e+01  1.8000000000e-01  0.0000000000e+00  -1.0809695451e-11  1.0629695451e-11  1.8000000000e-13  0.0000000000e+00  3.5340968554e-28
 1.9000000000e+01  1.9000000000e-01  0.0000000000e+00  -1.0860520283e-11  1.0670520283e-11  1.9000000000e-13  0.0000000000e+00  1.4136387422e-27
 2.0000000000e+01  2.0000000000e-01  0.0000000000e+00  -1.0909645411e-11  1.0709645411e-11  2.0000000000e-13  0.0000000000e+00  5.0487097934e-29
 2.1000000000e+01  2.1000000000e-01  0.0000000000e+00  -1.0957327213e-11  1.0747327213e-11  2.1000000000e-13  0.0000000000e+00  1.2621774484e-28
 2.2000000000e+01  2.2000000000e-01  0.0000000000e+00  -1.1003764521e-11  1.0783764521e-11  2.2000000000e-13  0.0000000000e+00  1.3379080953e-27
 2.3000000000e+01  2.3000000000e-01  0.0000000000e+00  -1.1049114389e-11  1.0819114389e-11  2.3000000000e-13  0.0000000000e+00  3.5340968554e-28
 2.4000000000e+01  2.4000000000e-01  0.0000000000e+00  -1.1093502964e-11  1.0853502964e-11  2.4000000000e-13  0.0000000000e+00  5.0487097934e-28
 2.5000000000e+01  2.5000000000e-01  0.0000000000e+00  -1.1137033132e-11  1.0887033132e-11  2.5000000000e-13  0.0000000000e+00  1.0551803468e-26
 2.6000000000e+01  2.6000000000e-01  0.0000000000e+00  -1.1179789986e-11  1.0919789986e-11  2.6000000000e-13  0.0000000000e+00  8.0779356695e-28
 2.7000000000e+01  2.7000000000e-01  0.0000000000e+00  -1.1221844808e-11  1.0951844808e-11  2.7000000000e-13  0.0000000000e+00  6.5633227314e-28
 2.8000000000e+01  2.8000000000e-01  0.0000000000e+00  -1.1263258005e-11  1.0983258005e-11  2.8000000000e-13  0.0000000000e+00  9.1886518240e-27
 2.9000000000e+01  2.9000000000e-01  0.0000000000e+00  -1.1304081313e-11  1.1014081313e-11  2.9000000000e-13  0.0000000000e+00  3.0292258760e-28
 3.0000000000e+01  3.0000000000e-01  0.0000000000e+00  -1.1344359465e-11  1.1044359465e-11  3.0000000000e-13  0.0000000000e+00  1.5146129380e-28
 3.1000000000e+01  3.1000000000e-01  0.0000000000e+00  -1.1384131485e-11  1.1074131485e-11  3.1000000000e-13  0.0000000000e+00  0.0000000000e+00
 3.2000000000e+01  3.2000000000e-01  0.0000000000e+00  -1.1423431680e-11  1.1103431680e-11  3.2000000000e-13  0.0000000000e+00  1.5146129380e-28
 3.3000000000e+01  3.3000000000e-01  0.0000000000e+00  -1.1462290433e-11  1.1132290433e-11  3.3000000000e-13  0.0000000000e+00  3.0292258760e-28
 3.4000000000e+01  3.4000000000e-01  0.0000000000e+00  -1.1500734827e-11  1.1160734827e-11  3.4000000000e-13  0.0000000000e+00  4.5438388141e-28
 3.5000000000e+01  3.5000000000e-01  0.0000000000e+00  -1.1538789149e-11  1.1188789149e-11  3.5000000000e-13  0.0000000000e+00  1.0097419587e-27
 3.6000000000e+01  3.6000000000e-01  0.0000000000e+00  -1.1576475294e-11  1.1216475294e-11  3.6000000000e-13  0.0000000000e+00  8.0779356695e-28
 3.7000000000e+01  3.7000000000e-01  0.0000000000e+00  -1.1613813105e-11  1.1243813105e-11  3.7000000000e-13  0.0000000000e+00  6.5633227314e-28
 3.8000000000e+01  3.8000000000e-01  0.0000000000e+00  -1.1650820637e-11  1.1270820637e-11  3.8000000000e-13  0.0000000000e+00  1.1107161546e-27
 3.9000000000e+01  3.9000000000e-01  0.0000000000e+00  -1.1687514398e-11  1.1297514398e-11  3.9000000000e-13  0.0000000000e+00  4.5438388141e-28
 4.0000000000e+01  4.0000000000e-01  0.0000000000e+00  -1.1723909527e-11  1.1323909527e-11  4.0000000000e-13  0.0000000000e+00  3.0292258760e-28
 4.1000000000e+01  4.1000000000e-01  0.0000000000e+00  -1.1760019964e-11  1.1350019964e-11  4.1000000000e-13  0.0000000000e+00  1.5146129380e-28
 4.2000000000e+01  4.2000000000e-01  0.0000000000e+00  -1.1795858585e-11  1.1375858585e-11  4.2000000000e-13  0.0000000000e+00  5.0487097934e-29
 4.3000000000e+01  4.3000000000e-01  0.0000000000e+00  -1.1831437314e-11  1.1401437314e-11  4.3000000000e-13  0.0000000000e+00  2.0194839174e-28
 4.4000000000e+01  4.4000000000e-01  0.0000000000e+00  -1.1866767228e-11  1.1426767228e-11  4.4000000000e-13  0.0000000000e+00  1.2621774484e-27
 4.5000000000e+01  4.5000000000e-01  0.0000000000e+00  -1.1901858640e-11  1.1451858640e-11  4.5000000000e-13  0.0000000000e+00  5.0487097934e-28
 4.6000000000e+01  4.6000000000e-01  0.0000000000e+00  -1.1936721177e-11  1.1476721177e-11  4.6000000000e-13  0.0000000000e+00  6.0584517521e-28
 4.7000000000e+01  4.7000000000e-01  0.0000000000e+00  -1.1971363841e-11  1.1501363841e-11  4.7000000000e-13  0.0000000000e+00  8.0779356695e-28
 4.8000000000e+01  4.8000000000e-01  0.0000000000e+00  -1.2005795072e-11  1.1525795072e-11  4.8000000000e-13  0.0000000000e+00  7.0681937108e-28
 4.9000000000e+01  4.9000000000e-01  0.0000000000e+00  -1.2040022794e-11  1.1550022794e-11  4.9000000000e-13  0.0000000000e+00  1.1107161546e-27
 5.0000000000e+01  5.0000000000e-01  0.0000000000e+00  -1.2074054459e-11  1.1574054459e-11  5.0000000000e-13  0.0000000000e+00  3.0292258760e-28
 5.1000000000e+01  5.1000000000e-01  0.0000000000e+00  -1.2107897091e-11  1.1597897091e-11  5.1000000000e-13  0.0000000000e+00  2.0194839174e-28
 5.2000000000e+01  5.2000000000e-01  0.0000000000e+00  -1.2141557316e-11  1.1621557316e-11  5.2000000000e-13  0.0000000000e+00  0.0000000000e+00
 5.3000000000e+01  5.3000000000e-01  0.0000000000e+00  -1.2175041397e-11  1.1645041397e-11  5.3000000000e-13  0.0000000000e+00  1.5146129380e-27
 5.4000000000e+01  5.4000000000e-01  0.0000000000e+00  -1.2208355260e-11  1.1668355260e-11  5.4000000000e-13  0.0000000000e+00  1.3126645463e-27
 5.5000000000e+01  5.5000000000e-01  0.0000000000e+00  -1.2241504521e-11  1.1691504521e-11  5.5000000000e-13  0.0000000000e+00  4.0389678347e-28
 5.6000000000e+01  5.6000000000e-01  0.0000000000e+00  -1.2274494508e-11  1.1714494508e-11  5.6000000000e-13  0.0000000000e+00  1.0097419587e-27
 5.7000000000e+01  5.7000000000e-01  0.0000000000e+00  -1.2307330280e-11  1.1737330280e-11  5.7000000000e-13  0.0000000000e+00  9.0876776281e-28
 5.8000000000e+01  5.8000000000e-01  0.0000000000e+00  -1.2340016650e-11  1.1760016650e-11  5.8000000000e-13  0.0000000000e+00  7.0681937108e-28
 5.9000000000e+01  5.9000000000e-01  0.0000000000e+00  -1.2372558196e-11  1.1782558196e-11  5.9000000000e-13  0.0000000000e+00  6.0584517521e-28
 6.0000000000e+01  6.0000000000e-01  0.0000000000e+00  -1.2404959283e-11  1.1804959283e-11  6.0000000000e-13  0.0000000000e+00  4.0389678347e-28
 6.1000000000e+01  6.1000000000e-01  0.0000000000e+00  -1.2437224071e-11  1.1827224071e-11  6.1000000000e-13  0.0000000000e+00  3.0292258760e-28
 6.2000000000e+01  6.2000000000e-01  0.0000000000e+00  -1.2469356532e-11  1.1849356532e-11  6.2000000000e-13  0.0000000000e+00  1.0097419587e-28
 6.3000000000e+01  6.3000000000e-01  0.0000000000e+00  -1.2501360462e-11  1.1871360462e-11  6.3000000000e-13  0.0000000000e+00  0.0000000000e+00
 6.4000000000e+01  6.4000000000e-01  0.0000000000e+00  -1.2533239488e-11  1.1893239488e-11  6.4000000000e-13  0.0000000000e+00  9.8954711951e-27
 6.5000000000e+01  6.5000000000e-01  0.0000000000e+00  -1.2564997083e-11  1.1914997083e-11  6.5000000000e-13  0.0000000000e+00  1.3126645463e-27
 6.6000000000e+01  6.6000000000e-01  0.0000000000e+00  -1.2596636571e-11  1.1936636571e-11  6.6000000000e-13  0.0000000000e+00  1.1107161546e-27
 6.7000000000e+01  6.7000000000e-01  0.0000000000e+00  -1.2628161139e-11  1.1958161139e-11  6.7000000000e-13  0.0000000000e+00  6.0584517521e-28
 6.8000000000e+01  6.8000000000e-01  0.0000000000e+00  -1.2659573842e-11  1.1979573842e-11  6.8000000000e-13  0.0000000000e+00  8.0779356695e-28
 6.9000000000e+01  6.9000000000e-01  0.0000000000e+00  -1.2690877613e-11  1.2000877613e-11  6.9000000000e-13  0.0000000000e+00  7.0681937108e-28
 7.0000000000e+01  7.0000000000e-01  0.0000000000e+00  -1.2722075267e-11  1.2022075267e-11  7.0000000000e-13  0.0000000000e+00  5.0487097934e-28
 7.1000000000e+01  7.1000000000e-01  0.0000000000e+00  -1.2753169510e-11  1.2043169510e-11  7.1000000000e-13  0.0000000000e+00  4.0389678347e-28
 7.2000000000e+01  7.2000000000e-01  0.0000000000e+00  -1.2784162942e-11  1.2064162942e-11  7.2000000000e-13  0.0000000000e+00  2.0194839174e-28
 7.3000000000e+01  7.3000000000e-01  0.0000000000e+00  -1.2815058066e-11  1.2085058066e-11  7.3000000000e-13  0.0000000000e+00  1.0097419587e-28
 7.4000000000e+01  7.4000000000e-01  0.0000000000e+00  -1.2845857291e-11  1.2105857291e-11  7.4000000000e-13  0.0000000000e+00  1.5146129380e-27
 7.5000000000e+01  7.5000000000e-01  0.0000000000e+00  -1.2876562935e-11  1.2126562935e-11  7.5000000000e-13  0.0000000000e+00  2.0194839174e-28
 7.6000000000e+01  7.6000000000e-01  0.0000000000e+00  -1.2907177234e-11  1.2147177234e-11  7.6000000000e-13  0.0000000000e+00  4.0389678347e-28
 7.7000000000e+01  7.7000000000e-01  0.0000000000e+00  -1.2937702342e-11  1.2167702342e-11  7.7000000000e-13  0.0000000000e+00  1.1107161546e-27
 7.8000000000e+01  7.8000000000e-01  0.0000000000e+00  -1.2968140337e-11  1.2188140337e-11  7.8000000000e-13  0.0000000000e+00  9.0876776281e-28
 7.9000000000e+01  7.9000000000e-01  0.0000000000e+00  -1.2998493224e-11  1.2208493224e-11  7.9000000000e-13  0.0000000000e+00  8.0779356695e-28
 8.0000000000e+01  8.0000000000e-01  0.0000000000e+00  -1.3028762938e-11  1.2228762938e-11  8.0000000000e-13  0.0000000000e+00  9.0876776281e-27
 8.1000000000e+01  8.1000000000e-01  0.0000000000e+00  -1.3058951351e-11  1.2248951351e-11  8.1000000000e-13  0.0000000000e+00  5.0487097934e-28
 8.2000000000e+01  8.2000000000e-01  0.0000000000e+00  -1.3089060267e-11  1.2269060267e-11  8.2000000000e-13  0.0000000000e+00  3.0292258760e-28
 8.3000000000e+01  8.3000000000e-01  0.0000000000e+00  -1.3119091434e-11  1.2289091434e-11  8.3000000000e-13  0.0000000000e+00  2.0194839174e-28
 8.4000000000e+01  8.4000000000e-01  0.0000000000e+00  -1.3149046541e-11  1.2309046541e-11  8.4000000000e-13  0.0000000000e+00  1.6155871339e-27
 8.5000000000e+01  8.5000000000e-01  0.0000000000e+00  -1.3178927221e-11  1.2328927221e-11  8.5000000000e-13  0.0000000000e+00  1.0097419587e-28
 8.6000000000e+01  8.6000000000e-01  0.0000000000e+00  -1.3208735056e-11  1.2348735056e-11  8.6000000000e-13  0.0000000000e+00  1.3126645463e-27
 8.7000000000e+01  8.7000000000e-01  0.0000000000e+00  -1.3238471576e-11  1.2368471576e-11  8.7000000000e-13  0.0000000000e+00  1.2116903504e-27
 8.8000000000e+01  8.8000000000e-01  0.0000000000e+00  -1.3268138266e-11  1.2388138266e-11  8.8000000000e-13  0.0000000000e+00  1.1107161546e-27
 8.9000000000e+01  8.9000000000e-01  0.0000000000e+00  -1.3297736561e-11  1.2407736561e-11  8.9000000000e-13  0.0000000000e+00  9.0876776281e-28
 9.0000000000e+01  9.0000000000e-01  0.0000000000e+00  -1.3327267855e-11  1.2427267855e-11  9.0000000000e-13  0.0000000000e+00  8.0779356695e-28
 9.1000000000e+01  9.1000000000e-01  0.0000000000e+00  -1.3356733498e-11  1.2446733498e-11  9.1000000000e-13  0.0000000000e+00  6.0584517521e-28
 9.2000000000e+01  9.2000000000e-01  0.0000000000e+00  -1.3386134799e-11  1.2466134799e-11  9.2000000000e-13  0.0000000000e+00  4.0389678347e-28
 9.3000000000e+01  9.3000000000e-01  0.0000000000e+00  -1.3415473029e-11  1.2485473029e-11  9.3000000000e-13  0.0000000000e+00  4.0389678347e-28
 9.4000000000e+01  9.4000000000e-01  0.0000000000e+00  -1.3444749422e-11  1.2504749422e-11  9.4000000000e-13  0.0000000000e+00  2.0194839174e-28
 9.5000000000e+01  9.5000000000e-01  0.0000000000e+00  -1.3473965174e-11  1.2523965174e-11  9.5000000000e-13  0.0000000000e+00  1.6155871339e-27
 9.6000000000e+01  9.6000000000e-01  0.0000000000e+00  -1.3503121449e-11  1.2543121449e-11  9.6000000000e-13  0.0000000000e+00  2.0194839174e-28
 9.7000000000e+01  9.7000000000e-01  0.0000000000e+00  -1.3532219376e-11  1.2562219376e-11  9.7000000000e-13  0.0000000000e+00  2.0194839174e-28
 9.8000000000e+01  9.8000000000e-01  0.0000000000e+00  -1.3561260052e-11  1.2581260052e-11  9.8000000000e-13  0.0000000000e+00  1.2116903504e-27
 9.9000000000e+01  9.9000000000e-01  0.0000000000e+00  -1.3590244545e-11  1.2600244545e-11  9.9000000000e-13  0.0000000000e+00  1.0097419587e-27
 1.0000000000e+02  1.0000000000e+00  0.0000000000e+00  -1.3619173891e-11  1.2619173891e-11  1.0000000000e-12  0.0000000000e+00  1.2116903504e-27
 1.0100000000e+02  1.0100000000e+00  0.0000000000e+00  -1.3648049099e-11  1.2638049099e-11  1.0100000000e-12  0.0000000000e+00  1.0097419587e-27
 1.0200000000e+02  1.0200000000e+00  0.0000000000e+00  -1.3676871151e-11  1.2656871151e-11  1.0200000000e-12  0.0000000000e+00  8.0779356695e-28
 1.0300000000e+02  1.0300000000e+00  0.0000000000e+00  -1.3705641001e-11  1.2675641001e-11  1.0300000000e-12  0.0000000000e+00  8.0779356695e-28
 1.0400000000e+02  1.0400000000e+00  0.0000000000e+00  -1.3734359579e-11  1.2694359579e-11  1.0400000000e-12  0.0000000000e+00  6.0584517521e-28
 1.0500000000e+02  1.0500000000e+00  0.0000000000e+00  -1.3763027789e-11  1.2713027789e-11  1.0500000000e-12  0.0000000000e+00  4.0389678347e-28
 1.0600000000e+02  1.0600000000e+00  0.0000000000e+00  -1.3791646512e-11  1.2731646512e-11  1.0600000000e-12  0.0000000000e+00  1.8175355256e-27
 1.0700000000e+02  1.0700000000e+00  0.0000000000e+00  -1.3820216607e-11  1.2750216607e-11  1.0700000000e-12  0.0000000000e+00  2.0194839174e-28
 1.0800000000e+02  1.0800000000e+00  0.0000000000e+00  -1.3848738908e-11  1.2768738908e-11  1.0800000000e-12  0.0000000000e+00  1.6155871339e-27
 1.0900000000e+02  1.0900000000e+00  0.0000000000e+00  -1.3877214232e-11  1.2787214232e-11  1.0900000000e-12  0.0000000000e+00  2.0194839174e-28
 1.1000000000e+02  1.1000000000e+00  0.0000000000e+00  -1.3905643371e-11  1.2805643371e-11  1.1000000000e-12  0.0000000000e+00  1.2116903504e-27
 1.1100000000e+02  1.1100000000e+00  0.0000000000e+00  -1.3934027100e-11  1.2824027100e-11  1.1100000000e-12  0.0000000000e+00  1.0097419587e-27
 1.1200000000e+02  1.1200000000e+00  0.0000000000e+00  -1.3962366174e-11  1.2842366174e-11  1.1200000000e-12  0.0000000000e+00  2.6253290926e-27
 1.1300000000e+02  1.1300000000e+00  0.0000000000e+00  -1.3990661329e-11  1.2860661329e-11  1.1300000000e-12  0.0000000000e+00  8.0779356695e-28
 1.1400000000e+02  1.1400000000e+00  0.0000000000e+00  -1.4018913283e-11  1.2878913283e-11  1.1400000000e-12  0.0000000000e+00  9.0876776281e-27
 1.1500000000e+02  1.1500000000e+00  0.0000000000e+00  -1.4047122737e-11  1.2897122737e-11  1.1500000000e-12  0.0000000000e+00  2.0194839174e-27
 1.1600000000e+02  1.1600000000e+00  0.0000000000e+00  -1.4075290375e-11  1.2915290375e-11  1.1600000000e-12  0.0000000000e+00  2.0194839174e-28
 1.1700000000e+02  1.1700000000e+00  0.0000000000e+00  -1.4103416864e-11  1.2933416864e-11  1.1700000000e-12  0.0000000000e+00  1.8175355256e-27
 1.1800000000e+02  1.1800000000e+00  0.0000000000e+00  -1.4131502856e-11  1.2951502856e-11  1.1800000000e-12  0.0000000000e+00  9.6935228034e-27
 1.1900000000e+02  1.1900000000e+00  0.0000000000e+00  -1.4159548987e-11  1.2969548987e-11  1.1900000000e-12  0.0000000000e+00  1.4136387422e-27
 1.2000000000e+02  1.2000000000e+00  0.0000000000e+00  -1.4187555880e-11  1.2987555880e-11  1.2000000000e-12  0.0000000000e+00  1.4136387422e-27
 1.2100000000e+02  0.0000000000e+00  2.0000000000e-01  0.0000000000e+00  0.0000000000e+00  0.0000000000e+00  0.0000000000e+00  0.0000000000e+00
 1.2200000000e+02  1.0000000000e-02  2.0000000000e-01  -1.6053748212e-10  1.6052748212e-10  1.0000000000e-14  0.0000000000e+00  8.2372855723e-27
 1.2300000000e+02  2.0000000000e-02  2.0000000000e-01  -2.8309490776e-10  2.8307490776e-10  2.0000000000e-14  0.0000000000e+00  1.6474571145e-26
 1.2400000000e+02  3.0000000000e-02  2.0000000000e-01  -3.7168614804e-10  3.7165614804e-10  3.0000000000e-14  0.0000000000e+00  1.1359597035e-27
 1.2500000000e+02  4.0000000000e-02  2.0000000000e-01  -4.3208503115e-10  4.3204503115e-10  4.0000000000e-14  0.0000000000e+00  8.4647930574e-26
 1.2600000000e+02  5.0000000000e-02  2.0000000000e-01  -4.7129958801e-10  4.7124958801e-10  5.0000000000e-14  0.0000000000e+00  1.5335455997e-26
 1.2700000000e+02  6.0000000000e-02  2.0000000000e-01  -4.9617984991e-10  4.9611984991e-10  6.0000000000e-14  0.0000000000e+00  2.2845411815e-27
 1.2800000000e+02  7.0000000000e-02  2.0000000000e-01  -5.1212540944e-10  5.1205540944e-10  7.0000000000e-14  0.0000000000e+00  1.9891916586e-26
 1.2900000000e+02  8.0000000000e-02  2.0000000000e-01  -5.2273218694e-10  5.2265218694e-10  8.0000000000e-14  0.0000000000e+00  6.5898284579e-26
 1.3000000000e+02  9.0000000000e-02  2.0000000000e-01  -5.3016237560e-10  5.3007237560e-10  9.0000000000e-14  0.0000000000e+00  5.5106667395e-26
 1.3100000000e+02  1.0000000000e-01  2.0000000000e-01  -5.3566168722e-10  5.3556168722e-10  1.0000000000e-13  0.0000000000e+00  7.2714042800e-26
 1.3200000000e+02  1.1000000000e-01  2.0000000000e-01  -5.3994599813e-10  5.3983599813e-10  1.1000000000e-13  0.0000000000e+00  1.3063536590e-26
 1.3300000000e+02  1.2000000000e-01  2.0000000000e-01  -5.4343491065e-10  5.4331491065e-10  1.2000000000e-13  0.0000000000e+00  4.5438388141e-27
 1.3400000000e+02  1.3000000000e-01  2.0000000000e-01  -5.4638188226e-10  5.4625188226e-10  1.3000000000e-13  0.0000000000e+00  2.2163835993e-26
 1.3500000000e+02  1.4000000000e-01  2.0000000000e-01  -5.4894525628e-10  5.4880525628e-10  1.4000000000e-13  0.0000000000e+00  6.3613743397e-26
 1.3600000000e+02  1.5000000000e-01  2.0000000000e-01  -5.5122736075e-10  5.5107736075e-10  1.5000000000e-13  0.0000000000e+00  5.7378586802e-26
 1.3700000000e+02  1.6000000000e-01  2.0000000000e-01  -5.5329650383e-10  5.5313650383e-10  1.6000000000e-13  0.0000000000e+00  7.4998583981e-26
 1.3800000000e+02  1.7000000000e-01  2.0000000000e-01  -5.5519968973e-10  5.5502968973e-10  1.7000000000e-13  0.0000000000e+00  1.0778995409e-26
 1.3900000000e+02  1.8000000000e-01  2.0000000000e-01  -5.5697018511e-10  5.5679018511e-10  1.8000000000e-13  0.0000000000e+00  6.8157582211e-27
 1.4000000000e+02  1.9000000000e-01  2.0000000000e-01  -5.5863215152e-10  5.5844215152e-10  1.9000000000e-13  0.0000000000e+00  2.4435755400e-26
 1.4100000000e+02  2.0000000000e-01  2.0000000000e-01  -5.6020355979e-10  5.6000355979e-10  2.0000000000e-13  0.0000000000e+00  6.1341823990e-26
 1.4200000000e+02  2.1000000000e-01  2.0000000000e-01  -5.6169807100e-10  5.6148807100e-10  2.1000000000e-13  0.0000000000e+00  5.9650506209e-26
 1.4300000000e+02  2.2000000000e-01  2.0000000000e-01  -5.6312627971e-10  5.6290627971e-10  2.2000000000e-13  0.0000000000e+00  7.7270503388e-26
 1.4400000000e+02  2.3000000000e-01  2.0000000000e-01  -5.6449655415e-10  5.6426655415e-10  2.3000000000e-13  0.0000000000e+00  8.4313453550e-27
 1.4500000000e+02  2.4000000000e-01  2.0000000000e-01  -5.6581561566e-10  5.6557561566e-10  2.4000000000e-13  0.0000000000e+00  9.1886518240e-27
 1.4600000000e+02  2.5000000000e-01  2.0000000000e-01  -5.6708894607e-10  5.6683894607e-10  2.5000000000e-13  0.0000000000e+00  7.6689901762e-26
 1.4700000000e+02  2.6000000000e-01  2.0000000000e-01  -5.6832107917e-10  5.6806107917e-10  2.6000000000e-13  0.0000000000e+00  5.8968930387e-26
 1.4800000000e+02  2.7000000000e-01  2.0000000000e-01  -5.6951581278e-10  5.6924581278e-10  2.7000000000e-13  0.0000000000e+00  6.2048643361e-26
 1.4900000000e+02  2.8000000000e-01  2.0000000000e-01  -5.7067636526e-10  5.7039636526e-10  2.8000000000e-13  0.0000000000e+00  2.3728936029e-26
 1.5000000000e+02  2.9000000000e-01  2.0000000000e-01  -5.7180549295e-10  5.7151549295e-10  2.9000000000e-13  0.0000000000e+00  6.1594259480e-27
 1.5100000000e+02  3.0000000000e-01  2.0000000000e-01  -5.7290557921e-10  5.7260557921e-10  3.0000000000e-13  0.0000000000e+00  1.1460571231e-26
 1.5200000000e+02  3.1000000000e-01  2.0000000000e-01  -5.7397870296e-10  5.7366870296e-10  3.1000000000e-13  0.0000000000e+00  7.4317008159e-26
 1.5300000000e+02  3.2000000000e-01  2.0000000000e-01  -5.7502669201e-10  5.7470669201e-10  3.2000000000e-13  0.0000000000e+00  5.6697010980e-26
 1.5400000000e+02  3.3000000000e-01  2.0000000000e-01  -5.7605116503e-10  5.7572116503e-10  3.3000000000e-13  0.0000000000e+00  6.4320562768e-26
 1.5500000000e+02  3.4000000000e-01  2.0000000000e-01  -5.7705356486e-10  5.7671356486e-10  3.4000000000e-13  0.0000000000e+00  2.1457016622e-26
 1.5600000000e+02  3.5000000000e-01  2.0000000000e-01  -5.7803518533e-10  5.7768518533e-10  3.5000000000e-13  0.0000000000e+00  3.8370194430e-27
 1.5700000000e+02  3.6000000000e-01  2.0000000000e-01  -5.7899719297e-10  5.7863719297e-10  3.6000000000e-13  0.0000000000e+00  1.3732490638e-26
 1.5800000000e+02  3.7000000000e-01  2.0000000000e-01  -5.7994064474e-10  5.7957064474e-10  3.7000000000e-13  0.0000000000e+00  7.2045088752e-26
 1.5900000000e+02  3.8000000000e-01  2.0000000000e-01  -5.8086650267e-10  5.8048650267e-10  3.8000000000e-13  0.0000000000e+00  5.4425091573e-26
 1.6000000000e+02  3.9000000000e-01  2.0000000000e-01  -5.8177564601e-10  5.8138564601e-10  3.9000000000e-13  0.0000000000e+00  6.6693456371e-26
 1.6100000000e+02  4.0000000000e-01  2.0000000000e-01  -5.8266888140e-10  5.8226888140e-10  4.0000000000e-13  0.0000000000e+00  1.9084123019e-26
 1.6200000000e+02  4.1000000000e-01  2.0000000000e-01  -5.8354695144e-10  5.8313695144e-10  4.1000000000e-13  0.0000000000e+00  1.4641258401e-27
 1.6300000000e+02  4.2000000000e-01  2.0000000000e-01  -5.8441054198e-10  5.8399054198e-10  4.2000000000e-13  0.0000000000e+00  1.6105384241e-26
 1.6400000000e+02  4.3000000000e-01  2.0000000000e-01  -5.8526028831e-10  5.8483028831e-10  4.3000000000e-13  0.0000000000e+00  6.9672195149e-26
 1.6500000000e+02  4.4000000000e-01  2.0000000000e-01  -5.8609678048e-10  5.8565678048e-10  4.4000000000e-13  0.0000000000e+00  5.2052197970e-26
 1.6600000000e+02  4.5000000000e-01  2.0000000000e-01  -5.8692056792e-10  5.8647056792e-10  4.5000000000e-13  0.0000000000e+00  6.8965375778e-26
 1.6700000000e+02  4.6000000000e-01  2.0000000000e-01  -5.8773216342e-10  5.8727216342e-10  4.6000000000e-13  0.0000000000e+00  1.6761716514e-26
 1.6800000000e+02  4.7000000000e-01  2.0000000000e-01  -5.8853204662e-10  5.8806204662e-10  4.7000000000e-13  0.0000000000e+00  8.0779356695e-28
 1.6900000000e+02  4.8000000000e-01  2.0000000000e-01  -5.8932066704e-10  5.8884066704e-10  4.8000000000e-13  0.0000000000e+00  1.8478277844e-26
 1.7000000000e+02  4.9000000000e-01  2.0000000000e-01  -5.9009844680e-10  5.8960844680e-10  4.9000000000e-13  0.0000000000e+00  6.7349788644e-26
 1.7100000000e+02  5.0000000000e-01  2.0000000000e-01  -5.9086578293e-10  5.9036578293e-10  5.0000000000e-13  0.0000000000e+00  5.3617298006e-26
 1.7200000000e+02  5.1000000000e-01  2.0000000000e-01  -5.9162304953e-10  5.9111304953e-10  5.1000000000e-13  0.0000000000e+00  7.1287782283e-26
 1.7300000000e+02  5.2000000000e-01  2.0000000000e-01  -5.9237059964e-10  5.9185059964e-10  5.2000000000e-13  0.0000000000e+00  1.4540284205e-26
 1.7400000000e+02  5.3000000000e-01  2.0000000000e-01  -5.9310876685e-10  5.9257876685e-10  5.3000000000e-13  0.0000000000e+00  3.1302000719e-27
 1.7500000000e+02  5.4000000000e-01  2.0000000000e-01  -5.9383786688e-10  5.9329786688e-10  5.4000000000e-13  0.0000000000e+00  2.0699710153e-26
 1.7600000000e+02  5.5000000000e-01  2.0000000000e-01  -5.9455819887e-10  5.9400819887e-10  5.5000000000e-13  0.0000000000e+00  6.5027382139e-26
 1.7700000000e+02  5.6000000000e-01  2.0000000000e-01  -5.9527004662e-10  5.9471004662e-10  5.6000000000e-13  0.0000000000e+00  5.5939704511e-26
 1.7800000000e+02  5.7000000000e-01  2.0000000000e-01  -5.9597367968e-10  5.9540367968e-10  5.7000000000e-13  0.0000000000e+00  7.3610188788e-26
 1.7900000000e+02  5.8000000000e-01  2.0000000000e-01  -5.9666935435e-10  5.9608935435e-10  5.8000000000e-13  0.0000000000e+00  1.2217877700e-26
 1.8000000000e+02  5.9000000000e-01  2.0000000000e-01  -5.9735731458e-10  5.9676731458e-10  5.9000000000e-13  0.0000000000e+00  5.4526065769e-27
 1.8100000000e+02  6.0000000000e-01  2.0000000000e-01  -5.9803779282e-10  5.9743779282e-10  6.0000000000e-13  0.0000000000e+00  2.3022116658e-26
 1.8200000000e+02  6.1000000000e-01  2.0000000000e-01  -5.9871101072e-10  5.9810101072e-10  6.1000000000e-13  0.0000000000e+00  6.2704975634e-26
 1.8300000000e+02  6.2000000000e-01  2.0000000000e-01  -5.9937717989e-10  5.9875717989e-10  6.2000000000e-13  0.0000000000e+00  5.8262111016e-26
 1.8400000000e+02  6.3000000000e-01  2.0000000000e-01  -6.0003650246e-10  5.9940650246e-10  6.3000000000e-13  0.0000000000e+00  7.5932595293e-26
 1.8500000000e+02  6.4000000000e-01  2.0000000000e-01  -6.0068917173e-10  6.0004917173e-10  6.4000000000e-13  0.0000000000e+00  9.8954711951e-27
 1.8600000000e+02  6.5000000000e-01  2.0000000000e-01  -6.0133537262e-10  6.0068537262e-10  6.5000000000e-13  0.0000000000e+00  7.7750130819e-27
 1.8700000000e+02  6.6000000000e-01  2.0000000000e-01  -6.0197528226e-10  6.0131528226e-10  6.6000000000e-13  0.0000000000e+00  2.5344523163e-26
 1.8800000000e+02  6.7000000000e-01  2.0000000000e-01  -6.0260907038e-10  6.0193907038e-10  6.7000000000e-13  0.0000000000e+00  6.0382569129e-26
 1.8900000000e+02  6.8000000000e-01  2.0000000000e-01  -6.0323689975e-10  6.0255689975e-10  6.8000000000e-13  0.0000000000e+00  6.0584517521e-26
 1.9000000000e+02  6.9000000000e-01  2.0000000000e-01  -6.0385892656e-10  6.0316892656e-10  6.9000000000e-13  0.0000000000e+00  2.5142574771e-26
 1.9100000000e+02  7.0000000000e-01  2.0000000000e-01  -6.0447530079e-10  6.0377530079e-10  7.0000000000e-13  0.0000000000e+00  7.5730646901e-27
 1.9200000000e+02  7.1000000000e-01  2.0000000000e-01  -6.0508616657e-10  6.0437616657e-10  7.1000000000e-13  0.0000000000e+00  1.0097419587e-26
 1.9300000000e+02  7.2000000000e-01  2.0000000000e-01  -6.0569166245e-10  6.0497166245e-10  7.2000000000e-13  0.0000000000e+00  7.5730646901e-26
 1.9400000000e+02  7.3000000000e-01  2.0000000000e-01  -6.0629192172e-10  6.0556192172e-10  7.3000000000e-13  0.0000000000e+00  5.8060162624e-26
 1.9500000000e+02  7.4000000000e-01  2.0000000000e-01  -6.0688707267e-10  6.0614707267e-10  7.4000000000e-13  0.0000000000e+00  6.2906924026e-26
 1.9600000000e+02  7.5000000000e-01  2.0000000000e-01  -6.0747723884e-10  6.0672723884e-10  7.5000000000e-13  0.0000000000e+00  2.2820168266e-26
 1.9700000000e+02  7.6000000000e-01  2.0000000000e-01  -6.0806253929e-10  6.0730253929e-10  7.6000000000e-13  0.0000000000e+00  5.2506581852e-27
 1.9800000000e+02  7.7000000000e-01  2.0000000000e-01  -6.0864308878e-10  6.0787308878e-10  7.7000000000e-13  0.0000000000e+00  1.2419826092e-26
 1.9900000000e+02  7.8000000000e-01  2.0000000000e-01  -6.0921899799e-10  6.0843899799e-10  7.8000000000e-13  0.0000000000e+00  7.3408240396e-26
 2.0000000000e+02  7.9000000000e-01  2.0000000000e-01  -6.0979037375e-10  6.0900037375e-10  7.9000000000e-13  0.0000000000e+00  5.5737756119e-26
 2.0100000000e+02  8.0000000000e-01  2.0000000000e-01  -6.1035731916e-10  6.0955731916e-10  8.0000000000e-13  0.0000000000e+00  6.5229330531e-26
 2.0200000000e+02  8.1000000000e-01  2.0000000000e-01  -6.1091993382e-10  6.1010993382e-10  8.1000000000e-13  0.0000000000e+00  2.0497761761e-26
 2.0300000000e+02  8.2000000000e-01  2.0000000000e-01  -6.1147831397e-10  6.1065831397e-10  8.2000000000e-13  0.0000000000e+00  2.9282516802e-27
 2.0400000000e+02  8.3000000000e-01  2.0000000000e-01  -6.1203255263e-10  6.1120255263e-10  8.3000000000e-13  0.0000000000e+00  1.4742232597e-26
 2.0500000000e+02  8.4000000000e-01  2.0000000000e-01  -6.1258273977e-10  6.1174273977e-10  8.4000000000e-13  0.0000000000e+00  7.1085833891e-26
 2.0600000000e+02  8.5000000000e-01  2.0000000000e-01  -6.1312896242e-10  6.1227896242e-10  8.5000000000e-13  0.0000000000e+00  5.3415349614e-26
 2.0700000000e+02  8.6000000000e-01  2.0000000000e-01  -6.1367130483e-10  6.1281130483e-10  8.6000000000e-13  0.0000000000e+00  6.7551737036e-26
 2.0800000000e+02  8.7000000000e-01  2.0000000000e-01  -6.1420984854e-10  6.1333984854e-10  8.7000000000e-13  0.0000000000e+00  1.8175355256e-26
 2.0900000000e+02  8.8000000000e-01  2.0000000000e-01  -6.1474467257e-10  6.1386467257e-10  8.8000000000e-13  0.0000000000e+00  5.0487097934e-28
 2.1000000000e+02  8.9000000000e-01  2.0000000000e-01  -6.1527585343e-10  6.1438585343e-10  8.9000000000e-13  0.0000000000e+00  1.7064639102e-26
 2.1100000000e+02  9.0000000000e-01  2.0000000000e-01  -6.1580346532e-10  6.1490346532e-10  9.0000000000e-13  0.0000000000e+00  6.8662453190e-26
 2.1200000000e+02  9.1000000000e-01  2.0000000000e-01  -6.1632758017e-10  6.1541758017e-10  9.1000000000e-13  0.0000000000e+00  5.2304633460e-26
 2.1300000000e+02  9.2000000000e-01  2.0000000000e-01  -6.1684826774e-10  6.1592826774e-10  9.2000000000e-13  0.0000000000e+00  6.9874143541e-26
 2.1400000000e+02  9.3000000000e-01  2.0000000000e-01  -6.1736559573e-10  6.1643559573e-10  9.3000000000e-13  0.0000000000e+00  1.5751974555e-26
 2.1500000000e+02  9.4000000000e-01  2.0000000000e-01  -6.1787962981e-10  6.1693962981e-10  9.4000000000e-13  0.0000000000e+00  1.8175355256e-27
 2.1600000000e+02  9.5000000000e-01  2.0000000000e-01  -6.1839043377e-10  6.1744043377e-10  9.5000000000e-13  0.0000000000e+00  1.9387045607e-26
 2.1700000000e+02  9.6000000000e-01  2.0000000000e-01  -6.1889806954e-10  6.1793806954e-10  9.6000000000e-13  0.0000000000e+00  6.6441020881e-26
 2.1800000000e+02  9.7000000000e-01  2.0000000000e-01  -6.1940259730e-10  6.1843259730e-10  9.7000000000e-13  0.0000000000e+00  5.4728014161e-26
 2.1900000000e+02  9.8000000000e-01  2.0000000000e-01  -6.1990407550e-10  6.1892407550e-10  9.8000000000e-13  0.0000000000e+00  7.2297524242e-26
 2.2000000000e+02  9.9000000000e-01  2.0000000000e-01  -6.2040256097e-10  6.1941256097e-10  9.9000000000e-13  0.0000000000e+00  1.3530542246e-26
 2.2100000000e+02  1.0000000000e+00  2.0000000000e-01  -6.2089810896e-10  6.1989810896e-10  1.0000000000e-12  0.0000000000e+00  4.4428646182e-27
 2.2200000000e+02  1.0100000000e+00  2.0000000000e-01  -6.2139077320e-10  6.2038077320e-10  1.0100000000e-12  0.0000000000e+00  2.2012374699e-26
 2.2300000000e+02  1.0200000000e+00  2.0000000000e-01  -6.2188060596e-10  6.2086060596e-10  1.0200000000e-12  0.0000000000e+00  6.3815691789e-26
 2.2400000000e+02  1.0300000000e+00  2.0000000000e-01  -6.2236765810e-10  6.2133765810e-10  1.0300000000e-12  0.0000000000e+00  5.7353343253e-26
 2.2500000000e+02  1.0400000000e+00  2.0000000000e-01  -6.2285197913e-10  6.2181197913e-10  1.0400000000e-12  0.0000000000e+00  7.4922853334e-26
 2.2600000000e+02  1.0500000000e+00  2.0000000000e-01  -6.2333361722e-10  6.2228361722e-10  1.0500000000e-12  0.0000000000e+00  1.0905213154e-26
 2.2700000000e+02  1.0600000000e+00  2.0000000000e-01  -6.2381261930e-10  6.2275261930e-10  1.0600000000e-12  0.0000000000e+00  6.6642969273e-27
 2.2800000000e+02  1.0700000000e+00  2.0000000000e-01  -6.2428903110e-10  6.2321903110e-10  1.0700000000e-12  0.0000000000e+00  2.4435755400e-26
 2.2900000000e+02  1.0800000000e+00  2.0000000000e-01  -6.2476289712e-10  6.2368289712e-10  1.0800000000e-12  0.0000000000e+00  6.1392311088e-26
 2.3000000000e+02  1.0900000000e+00  2.0000000000e-01  -6.2523426077e-10  6.2414426077e-10  1.0900000000e-12  0.0000000000e+00  5.9574775562e-26
 2.3100000000e+02  1.1000000000e+00  2.0000000000e-01  -6.2570316434e-10  6.2460316434e-10  1.1000000000e-12  0.0000000000e+00  7.7144285643e-26
 2.3200000000e+02  1.1100000000e+00  2.0000000000e-01  -6.2616964906e-10  6.2505964906e-10  1.1100000000e-12  0.0000000000e+00  8.6837808447e-27
 2.3300000000e+02  1.1200000000e+00  2.0000000000e-01  -6.2663375514e-10  6.2551375514e-10  1.1200000000e-12  0.0000000000e+00  9.0876776281e-27
 2.3400000000e+02  1.1300000000e+00  2.0000000000e-01  -6.2709552179e-10  6.2596552179e-10  1.1300000000e-12  0.0000000000e+00  7.6740388860e-26
 2.3500000000e+02  1.1400000000e+00  2.0000000000e-01  -6.2755498727e-10  6.2641498727e-10  1.1400000000e-12  0.0000000000e+00  5.9170878779e-26
 2.3600000000e+02  1.1500000000e+00  2.0000000000e-01  -6.2801218890e-10  6.2686218890e-10  1.1500000000e-12  0.0000000000e+00  6.1796207871e-26
 2.3700000000e+02  1.1600000000e+00  2.0000000000e-01  -6.2846716312e-10  6.2730716312e-10  1.1600000000e-12  0.0000000000e+00  2.4031858617e-26
 2.3800000000e+02  1.1700000000e+00  2.0000000000e-01  -6.2891994548e-10  6.2774994548e-10  1.1700000000e-12  0.0000000000e+00  6.2604001438e-27
 2.3900000000e+02  1.1800000000e+00  2.0000000000e-01  -6.2937057071e-10  6.2819057071e-10  1.1800000000e-12  0.0000000000e+00  1.1309109937e-26
 2.4000000000e+02  1.1900000000e+00  2.0000000000e-01  -6.2981907270e-10  6.2862907270e-10  1.1900000000e-12  0.0000000000e+00  7.4518956551e-26
 2.4100000000e+02  1.2000000000e+00  2.0000000000e-01  -6.3026548457e-10  6.2906548457e-10  1.2000000000e-12  0.0000000000e+00  5.7959188428e-26
 2.4200000000e+02  0.0000000000e+00  4.0000000000e-01  0.0000000000e+00  0.0000000000e+00  0.0000000000e+00  0.0000000000e+00  0.0000000000e+00
 2.4300000000e+02  1.0000000000e-02  4.0000000000e-01  -6.7383561294e-09  6.7383461294e-09  1.0000000000e-14  0.0000000000e+00  1.2100968514e-25
 2.4400000000e+02  2.0000000000e-02  4.0000000000e-01  -1.1903268797e-08  1.1903248797e-08  2.0000000000e-14  0.0000000000e+00  2.4201937028e-25
 2.4500000000e+02  3.0000000000e-02  4.0000000000e-01  -1.5655937087e-08  1.5655907087e-08  3.0000000000e-14  0.0000000000e+00  3.6302747770e-25
 2.4600000000e+02  4.0000000000e-02  4.0000000000e-01  -1.8229340930e-08  1.8229300930e-08  4.0000000000e-14  0.0000000000e+00  4.8403874056e-25
 2.4700000000e+02  5.0000000000e-02  4.0000000000e-01  -1.9909223131e-08  1.9909173131e-08  5.0000000000e-14  0.0000000000e+00  6.0505000342e-25
 2.4800000000e+02  6.0000000000e-02  4.0000000000e-01  -2.0978975583e-08  2.0978915583e-08  6.0000000000e-14  0.0000000000e+00  7.2606757717e-25
 2.4900000000e+02  7.0000000000e-02  4.0000000000e-01  -2.1665446263e-08  2.1665376263e-08  7.0000000000e-14  0.0000000000e+00  8.4707252914e-25
 2.5000000000e+02  8.0000000000e-02  4.0000000000e-01  -2.2121686527e-08  2.2121606527e-08  8.0000000000e-14  0.0000000000e+00  2.3406449691e-24
 2.5100000000e+02  9.0000000000e-02  4.0000000000e-01  -2.2440567289e-08  2.2440477289e-08  9.0000000000e-14  0.0000000000e+00  8.8370849175e-24
 2.5200000000e+02  1.0000000000e-01  4.0000000000e-01  -2.2675884561e-08  2.2675784561e-08  1.0000000000e-13  0.0000000000e+00  1.2100873851e-24
 2.5300000000e+02  1.1000000000e-01  4.0000000000e-01  -2.2858636508e-08  2.2858526508e-08  1.1000000000e-13  0.0000000000e+00  1.9776174914e-24
 2.5400000000e+02  1.2000000000e-01  4.0000000000e-01  -2.3007009680e-08  2.3006889680e-08  1.2000000000e-13  0.0000000000e+00  1.4521099108e-24
 2.5500000000e+02  1.3000000000e-01  4.0000000000e-01  -2.3131988891e-08  2.3131858891e-08  1.3000000000e-13  0.0000000000e+00  8.3530398661e-24
 2.5600000000e+02  1.4000000000e-01  4.0000000000e-01  -2.3240432491e-08  2.3240292491e-08  1.4000000000e-13  0.0000000000e+00  1.6941450583e-24
 2.5700000000e+02  1.5000000000e-01  4.0000000000e-01  -2.3336768608e-08  2.3336618608e-08  1.5000000000e-13  0.0000000000e+00  1.4935850617e-24
 2.5800000000e+02  1.6000000000e-01  4.0000000000e-01  -2.3423950113e-08  2.3423790113e-08  1.6000000000e-13  0.0000000000e+00  8.5535998626e-24
 2.5900000000e+02  1.7000000000e-01  4.0000000000e-01  -2.3504006716e-08  2.3503836716e-08  1.7000000000e-13  0.0000000000e+00  2.0571725360e-24
 2.6000000000e+02  1.8000000000e-01  4.0000000000e-01  -2.3578373349e-08  2.3578193349e-08  1.8000000000e-13  0.0000000000e+00  8.7956097666e-24
 2.6100000000e+02  1.9000000000e-01  4.0000000000e-01  -2.3648091095e-08  2.3647901095e-08  1.9000000000e-13  0.0000000000e+00  1.0095400103e-24
 2.6200000000e+02  2.0000000000e-01  4.0000000000e-01  -2.3713933499e-08  2.3713733499e-08  2.0000000000e-13  0.0000000000e+00  2.4202000137e-24
 2.6300000000e+02  2.1000000000e-01  4.0000000000e-01  -2.3776488025e-08  2.3776278025e-08  2.1000000000e-13  0.0000000000e+00  7.6753010634e-25
 2.6400000000e+02  2.2000000000e-01  4.0000000000e-01  -2.3836209856e-08  2.3835989856e-08  2.2000000000e-13  0.0000000000e+00  6.4651253260e-25
 2.6500000000e+02  2.3000000000e-01  4.0000000000e-01  -2.3893458211e-08  2.3893228211e-08  2.3000000000e-13  0.0000000000e+00  5.2541922820e-25
 2.6600000000e+02  2.4000000000e-01  4.0000000000e-01  -2.3948521389e-08  2.3948281389e-08  2.4000000000e-13  0.0000000000e+00  4.0440165445e-25
 2.6700000000e+02  2.5000000000e-01  4.0000000000e-01  -2.4001634345e-08  2.4001384345e-08  2.5000000000e-13  0.0000000000e+00  2.8348505490e-25
 2.6800000000e+02  2.6000000000e-01  4.0000000000e-01  -2.4052991269e-08  2.4052731269e-08  2.6000000000e-13  0.0000000000e+00  1.6236650696e-25
 2.6900000000e+02  2.7000000000e-01  4.0000000000e-01  -2.4102754721e-08  2.4102484721e-08  2.7000000000e-13  0.0000000000e+00  4.1348933208e-26
 2.7000000000e+02  2.8000000000e-01  4.0000000000e-01  -2.4151062380e-08  2.4150782380e-08  2.8000000000e-13  0.0000000000e+00  7.9668640540e-26
 2.7100000000e+02  2.9000000000e-01  4.0000000000e-01  -2.4198032095e-08  2.4197742095e-08  2.9000000000e-13  0.0000000000e+00  2.0063572719e-25
 2.7200000000e+02  3.0000000000e-01  4.0000000000e-01  -2.4243765717e-08  2.4243465717e-08  3.0000000000e-13  0.0000000000e+00  3.2165330094e-25
 2.7300000000e+02  3.1000000000e-01  4.0000000000e-01  -2.4288352047e-08  2.4288042047e-08  3.1000000000e-13  0.0000000000e+00  4.4267087469e-25
 2.7400000000e+02  3.2000000000e-01  4.0000000000e-01  -2.4331869125e-08  2.4331549125e-08  3.2000000000e-13  0.0000000000e+00  5.6368844843e-25
 2.7500000000e+02  3.3000000000e-01  4.0000000000e-01  -2.4374386034e-08  2.4374056034e-08  3.3000000000e-13  0.0000000000e+00  6.8470602218e-25
 2.7600000000e+02  3.4000000000e-01  4.0000000000e-01  -2.4415964333e-08  2.4415624333e-08  3.4000000000e-13  0.0000000000e+00  7.4231684964e-24
 2.7700000000e+02  3.5000000000e-01  4.0000000000e-01  -2.4456659204e-08  2.4456309204e-08  3.5000000000e-13  0.0000000000e+00  9.2674116968e-25
 2.7800000000e+02  3.6000000000e-01  4.0000000000e-01  -2.4496520382e-08  2.4496160382e-08  3.6000000000e-13  0.0000000000e+00  1.0477082563e-24
 2.7900000000e+02  3.7000000000e-01  4.0000000000e-01  -2.4535592922e-08  2.4535222922e-08  3.7000000000e-13  0.0000000000e+00  8.7574415206e-24
 2.8000000000e+02  3.8000000000e-01  4.0000000000e-01  -2.4573917817e-08  2.4573537817e-08  3.8000000000e-13  0.0000000000e+00  2.0189790464e-24
 2.8100000000e+02  3.9000000000e-01  4.0000000000e-01  -2.4611532526e-08  2.4611142526e-08  3.9000000000e-13  0.0000000000e+00  8.5153053989e-24
 2.8200000000e+02  4.0000000000e-01  4.0000000000e-01  -2.4648471406e-08  2.4648071406e-08  4.0000000000e-13  0.0000000000e+00  1.7768429247e-24
 2.8300000000e+02  4.1000000000e-01  4.0000000000e-01  -2.4684766081e-08  2.4684356081e-08  4.1000000000e-13  0.0000000000e+00  1.6528970993e-24
 2.8400000000e+02  4.2000000000e-01  4.0000000000e-01  -2.4720445751e-08  2.4720025751e-08  4.2000000000e-13  0.0000000000e+00  1.5348582643e-24
 2.8500000000e+02  4.3000000000e-01  4.0000000000e-01  -2.4755537458e-08  2.4755107458e-08  4.3000000000e-13  0.0000000000e+00  1.8948817597e-24
 2.8600000000e+02  4.4000000000e-01  4.0000000000e-01  -2.4790066315e-08  2.4789626315e-08  4.4000000000e-13  0.0000000000e+00  1.2928231168e-24
 2.8700000000e+02  4.5000000000e-01  4.0000000000e-01  -2.4824055703e-08  2.4823605703e-08  4.5000000000e-13  0.0000000000e+00  1.1718055431e-24
 2.8800000000e+02  4.6000000000e-01  4.0000000000e-01  -2.4857527438e-08  2.4857067438e-08  4.6000000000e-13  0.0000000000e+00  1.0507374822e-24
 2.8900000000e+02  4.7000000000e-01  4.0000000000e-01  -2.4890501925e-08  2.4890031925e-08  4.7000000000e-13  0.0000000000e+00  9.2977039556e-25
 2.9000000000e+02  4.8000000000e-01  4.0000000000e-01  -2.4922998284e-08  2.4922518284e-08  4.8000000000e-13  0.0000000000e+00  8.0870233471e-25
 2.9100000000e+02  4.9000000000e-01  4.0000000000e-01  -2.4955034468e-08  2.4954544468e-08  4.9000000000e-13  0.0000000000e+00  6.8773524806e-25
 2.9200000000e+02  5.0000000000e-01  4.0000000000e-01  -2.4986627359e-08  2.4986127359e-08  5.0000000000e-13  0.0000000000e+00  5.6676816141e-25
 2.9300000000e+02  5.1000000000e-01  4.0000000000e-01  -2.5017792866e-08  2.5017282866e-08  5.1000000000e-13  0.0000000000e+00  4.4570010056e-25
 2.9400000000e+02  5.2000000000e-01  4.0000000000e-01  -2.5048545996e-08  2.5048025996e-08  5.2000000000e-13  0.0000000000e+00  3.2473301391e-25
 2.9500000000e+02  5.3000000000e-01  4.0000000000e-01  -2.5078900931e-08  2.5078370931e-08  5.3000000000e-13  0.0000000000e+00  2.0366495307e-25
 2.9600000000e+02  5.4000000000e-01  4.0000000000e-01  -2.5108871090e-08  2.5108331090e-08  5.4000000000e-13  0.0000000000e+00  8.2697866416e-26
 2.9700000000e+02  5.5000000000e-01  4.0000000000e-01  -2.5138469188e-08  2.5137919188e-08  5.5000000000e-13  0.0000000000e+00  3.8370194430e-26
 2.9800000000e+02  5.6000000000e-01  4.0000000000e-01  -2.5167707286e-08  2.5167147286e-08  5.6000000000e-13  0.0000000000e+00  1.5933728108e-25
 2.9900000000e+02  5.7000000000e-01  4.0000000000e-01  -2.5196596838e-08  2.5196026838e-08  5.7000000000e-13  0.0000000000e+00  2.8040534193e-25
 3.0000000000e+02  5.8000000000e-01  4.0000000000e-01  -2.5225148735e-08  2.5224568735e-08  5.8000000000e-13  0.0000000000e+00  4.0137242858e-25
 3.0100000000e+02  5.9000000000e-01  4.0000000000e-01  -2.5253373342e-08  2.5252783342e-08  5.9000000000e-13  0.0000000000e+00  2.7862819608e-24
 3.0200000000e+02  6.0000000000e-01  4.0000000000e-01  -2.5281280532e-08  2.5280680532e-08  6.0000000000e-13  0.0000000000e+00  6.4340757607e-25
 3.0300000000e+02  6.1000000000e-01  4.0000000000e-01  -2.5308879725e-08  2.5308269725e-08  6.1000000000e-13  0.0000000000e+00  7.6447563692e-25
 3.0400000000e+02  6.2000000000e-01  4.0000000000e-01  -2.5336179906e-08  2.5335559906e-08  6.2000000000e-13  0.0000000000e+00  9.0407246271e-24
 3.0500000000e+02  6.3000000000e-01  4.0000000000e-01  -2.5363189664e-08  2.5362559664e-08  6.3000000000e-13  0.0000000000e+00  8.9196565662e-24
 3.0600000000e+02  6.4000000000e-01  4.0000000000e-01  -2.5389917205e-08  2.5389277205e-08  6.4000000000e-13  0.0000000000e+00  2.1812445791e-24
 3.0700000000e+02  6.5000000000e-01  4.0000000000e-01  -2.5416370387e-08  2.5415720387e-08  6.5000000000e-13  0.0000000000e+00  2.0601765183e-24
 3.0800000000e+02  6.6000000000e-01  4.0000000000e-01  -2.5442556729e-08  2.5441896729e-08  6.6000000000e-13  0.0000000000e+00  1.9392094317e-24
 3.0900000000e+02  6.7000000000e-01  4.0000000000e-01  -2.5468483439e-08  2.5467813439e-08  6.7000000000e-13  0.0000000000e+00  1.4905810794e-24
 3.1000000000e+02  6.8000000000e-01  4.0000000000e-01  -2.5494157430e-08  2.5493477430e-08  6.8000000000e-13  0.0000000000e+00  1.6115481661e-24
 3.1100000000e+02  6.9000000000e-01  4.0000000000e-01  -2.5519585333e-08  2.5518895333e-08  6.9000000000e-13  0.0000000000e+00  8.3500611273e-24
 3.1200000000e+02  7.0000000000e-01  4.0000000000e-01  -2.5544773516e-08  2.5544073516e-08  7.0000000000e-13  0.0000000000e+00  1.4551391367e-24
 3.1300000000e+02  7.1000000000e-01  4.0000000000e-01  -2.5569728099e-08  2.5569018099e-08  7.1000000000e-13  0.0000000000e+00  1.9746513744e-24
 3.1400000000e+02  7.2000000000e-01  4.0000000000e-01  -2.5594454962e-08  2.5593734962e-08  7.2000000000e-13  0.0000000000e+00  2.0956184611e-24
 3.1500000000e+02  7.3000000000e-01  4.0000000000e-01  -2.5618959765e-08  2.5618229765e-08  7.3000000000e-13  0.0000000000e+00  1.0920359283e-24
 3.1600000000e+02  7.4000000000e-01  4.0000000000e-01  -2.5643247953e-08  2.5642507953e-08  7.4000000000e-13  0.0000000000e+00  9.7106884167e-25
 3.1700000000e+02  7.5000000000e-01  4.0000000000e-01  -2.5667324771e-08  2.5666574771e-08  7.5000000000e-13  0.0000000000e+00  8.5000078082e-25
 3.1800000000e+02  7.6000000000e-01  4.0000000000e-01  -2.5691195272e-08  2.5690435272e-08  7.6000000000e-13  0.0000000000e+00  7.2903369417e-25
 3.1900000000e+02  7.7000000000e-01  4.0000000000e-01  -2.5714864327e-08  2.5714094327e-08  7.7000000000e-13  0.0000000000e+00  6.0796563332e-25
 3.2000000000e+02  7.8000000000e-01  4.0000000000e-01  -2.5738336633e-08  2.5737556633e-08  7.8000000000e-13  0.0000000000e+00  4.8699854667e-25
 3.2100000000e+02  7.9000000000e-01  4.0000000000e-01  -2.5761616725e-08  2.5760826725e-08  7.9000000000e-13  0.0000000000e+00  3.6593048583e-25
 3.2200000000e+02  8.0000000000e-01  4.0000000000e-01  -2.5784708977e-08  2.5783908977e-08  8.0000000000e-13  0.0000000000e+00  1.0171130750e-23
 3.2300000000e+02  8.1000000000e-01  4.0000000000e-01  -2.5807617618e-08  2.5806807618e-08  8.1000000000e-13  0.0000000000e+00  1.2389533833e-25
 3.2400000000e+02  8.2000000000e-01  4.0000000000e-01  -2.5830346730e-08  2.5829526730e-08  8.2000000000e-13  0.0000000000e+00  2.9282516802e-27
 3.2500000000e+02  8.3000000000e-01  4.0000000000e-01  -2.5852900261e-08  2.5852070261e-08  8.3000000000e-13  0.0000000000e+00  1.1813980917e-25
 3.2600000000e+02  8.4000000000e-01  4.0000000000e-01  -2.5875282029e-08  2.5874442029e-08  8.4000000000e-13  0.0000000000e+00  2.3910689582e-25
 3.2700000000e+02  8.5000000000e-01  4.0000000000e-01  -2.5897495726e-08  2.5896645726e-08  8.5000000000e-13  0.0000000000e+00  3.6017495666e-25
 3.2800000000e+02  8.6000000000e-01  4.0000000000e-01  -2.5919544928e-08  2.5918684928e-08  8.6000000000e-13  0.0000000000e+00  4.8114204331e-25
 3.2900000000e+02  8.7000000000e-01  4.0000000000e-01  -2.5941433093e-08  2.5940563093e-08  8.7000000000e-13  0.0000000000e+00  6.0221010416e-25
 3.3000000000e+02  8.8000000000e-01  4.0000000000e-01  -2.5963163575e-08  2.5962283575e-08  8.8000000000e-13  0.0000000000e+00  7.2327816500e-25
 3.3100000000e+02  8.9000000000e-01  4.0000000000e-01  -2.5984739619e-08  2.5983849619e-08  8.9000000000e-13  0.0000000000e+00  9.0819220990e-24
 3.3200000000e+02  9.0000000000e-01  4.0000000000e-01  -2.6006164374e-08  2.6005264374e-08  9.0000000000e-13  0.0000000000e+00  9.6531331250e-25
 3.3300000000e+02  9.1000000000e-01  4.0000000000e-01  -2.6027440891e-08  2.6026530891e-08  9.1000000000e-13  0.0000000000e+00  2.2224420511e-24
 3.3400000000e+02  9.2000000000e-01  4.0000000000e-01  -2.6048572129e-08  2.6047652129e-08  9.2000000000e-13  0.0000000000e+00  8.7189198648e-24
 3.3500000000e+02  9.3000000000e-01  4.0000000000e-01  -2.6069560960e-08  2.6068630960e-08  9.3000000000e-13  0.0000000000e+00  8.5977508298e-24
 3.3600000000e+02  9.4000000000e-01  4.0000000000e-01  -2.6090410170e-08  2.6089470170e-08  9.4000000000e-13  0.0000000000e+00  1.4493836075e-24
 3.3700000000e+02  9.5000000000e-01  4.0000000000e-01  -2.6111122465e-08  2.6110172465e-08  9.5000000000e-13  0.0000000000e+00  1.5703506941e-24
 3.3800000000e+02  9.6000000000e-01  4.0000000000e-01  -2.6131700472e-08  2.6130740472e-08  9.6000000000e-13  0.0000000000e+00  1.6913177808e-24
 3.3900000000e+02  9.7000000000e-01  4.0000000000e-01  -2.6152146743e-08  2.6151176743e-08  9.7000000000e-13  0.0000000000e+00  1.8124868158e-24
 3.4000000000e+02  9.8000000000e-01  4.0000000000e-01  -2.6172463758e-08  2.6171483758e-08  9.8000000000e-13  0.0000000000e+00  8.5508988029e-24
 3.4100000000e+02  9.9000000000e-01  4.0000000000e-01  -2.6192653926e-08  2.6191663926e-08  9.9000000000e-13  0.0000000000e+00  1.2543014611e-24
 3.4200000000e+02  1.0000000000e+00  4.0000000000e-01  -2.6212719592e-08  2.6211719592e-08  1.0000000000e-12  0.0000000000e+00  8.7932368730e-24
 3.4300000000e+02  1.0100000000e+00  4.0000000000e-01  -2.6232663034e-08  2.6231653034e-08  1.0100000000e-12  0.0000000000e+00  1.0119633910e-24
 3.4400000000e+02  1.0200000000e+00  4.0000000000e-01  -2.6252486470e-08  2.6251466470e-08  1.0200000000e-12  0.0000000000e+00  8.9099630434e-25
 3.4500000000e+02  1.0300000000e+00  4.0000000000e-01  -2.6272192055e-08  2.6271162055e-08  1.0300000000e-12  0.0000000000e+00  7.6982726930e-25
 3.4600000000e+02  1.0400000000e+00  4.0000000000e-01  -2.6291781889e-08  2.6290741889e-08  1.0400000000e-12  0.0000000000e+00  6.4886018265e-25
 3.4700000000e+02  1.0500000000e+00  4.0000000000e-01  -2.6311258017e-08  2.6310208017e-08  1.0500000000e-12  0.0000000000e+00  7.1453379964e-24
 3.4800000000e+02  1.0600000000e+00  4.0000000000e-01  -2.6330622427e-08  2.6329562427e-08  1.0600000000e-12  0.0000000000e+00  4.0692600935e-25
 3.4900000000e+02  1.0700000000e+00  4.0000000000e-01  -2.6349877059e-08  2.6348807059e-08  1.0700000000e-12  0.0000000000e+00  2.8575697431e-25
 3.5000000000e+02  1.0800000000e+00  4.0000000000e-01  -2.6369023800e-08  2.6367943800e-08  1.0800000000e-12  0.0000000000e+00  1.6478988766e-25
 3.5100000000e+02  1.0900000000e+00  4.0000000000e-01  -2.6388064491e-08  2.6386974491e-08  1.0900000000e-12  0.0000000000e+00  4.3822801007e-26
 3.5200000000e+02  1.1000000000e+00  4.0000000000e-01  -2.6407000925e-08  2.6405900925e-08  1.1000000000e-12  0.0000000000e+00  7.7144285643e-26
 3.5300000000e+02  1.1100000000e+00  4.0000000000e-01  -2.6425834850e-08  2.6424724850e-08  1.1100000000e-12  0.0000000000e+00  1.9811137229e-25
 3.5400000000e+02  1.1200000000e+00  4.0000000000e-01  -2.6444567972e-08  2.6443447972e-08  1.1200000000e-12  0.0000000000e+00  3.1928040734e-25
 3.5500000000e+02  1.1300000000e+00  4.0000000000e-01  -2.6463201953e-08  2.6462071953e-08  1.1300000000e-12  0.0000000000e+00  4.4024749399e-25
 3.5600000000e+02  1.1400000000e+00  4.0000000000e-01  -2.6481738415e-08  2.6480598415e-08  1.1400000000e-12  0.0000000000e+00  5.6121458064e-25
 3.5700000000e+02  1.1500000000e+00  4.0000000000e-01  -2.6500178941e-08  2.6499028941e-08  1.1500000000e-12  0.0000000000e+00  6.8218166729e-25
 3.5800000000e+02  1.1600000000e+00  4.0000000000e-01  -2.6518525076e-08  2.6517365076e-08  1.1600000000e-12  0.0000000000e+00  2.5055736963e-24
 3.5900000000e+02  1.1700000000e+00  4.0000000000e-01  -2.6536778326e-08  2.6535608326e-08  1.1700000000e-12  0.0000000000e+00  2.3844046612e-24
 3.6000000000e+02  1.1800000000e+00  4.0000000000e-01  -2.6554940165e-08  2.6553760165e-08  1.1800000000e-12  0.0000000000e+00  2.2634375746e-24
 3.6100000000e+02  1.1900000000e+00  4.0000000000e-01  -2.6573012029e-08  2.6571822029e-08  1.1900000000e-12  0.0000000000e+00  1.1662519623e-24
 3.6200000000e+02  1.2000000000e+00  4.0000000000e-01  -2.6590995323e-08  2.6589795323e-08  1.2000000000e-12  0.0000000000e+00  1.2862093070e-24
 3.6300000000e+02  0.0000000000e+00  6.0000000000e-01  0.0000000000e+00  0.0000000000e+00  0.0000000000e+00  0.0000000000e+00  0.0000000000e+00
 3.6400000000e+02  1.0000000000e-02  6.0000000000e-01  -1.2840156883e-07  1.2840155883e-07  1.0000000000e-14  0.0000000000e+00  1.6664621936e-23
 3.6500000000e+02  2.0000000000e-02  6.0000000000e-01  -2.3252997034e-07  2.3252995034e-07  2.0000000000e-14  0.0000000000e+00  6.8594642707e-24
 3.6600000000e+02  3.0000000000e-02  6.0000000000e-01  -3.1388297090e-07  3.1388294090e-07  3.0000000000e-14  0.0000000000e+00  2.9456949725e-24
 3.6700000000e+02  4.0000000000e-02  6.0000000000e-01  -3.7471181573e-07  3.7471177573e-07  4.0000000000e-14  0.0000000000e+00  3.9220630662e-23
 3.6800000000e+02  5.0000000000e-02  6.0000000000e-01  -4.1813718818e-07  4.1813713818e-07  5.0000000000e-14  0.0000000000e+00  3.0383552055e-23
 3.6900000000e+02  6.0000000000e-02  6.0000000000e-01  -4.4793417767e-07  4.4793411767e-07  6.0000000000e-14  0.0000000000e+00  5.8913773233e-24
 3.7000000000e+02  7.0000000000e-02  6.0000000000e-01  -4.6793814055e-07  4.6793807055e-07  7.0000000000e-14  0.0000000000e+00  1.0773239880e-23
 3.7100000000e+02  8.0000000000e-02  6.0000000000e-01  -4.8140194274e-07  4.8140186274e-07  8.0000000000e-14  0.0000000000e+00  7.8441261324e-23
 3.7200000000e+02  9.0000000000e-02  6.0000000000e-01  -4.9069345547e-07  4.9069336547e-07  9.0000000000e-14  0.0000000000e+00  8.8370849175e-24
 3.7300000000e+02  1.0000000000e-01  6.0000000000e-01  -4.9736414361e-07  4.9736404361e-07  1.0000000000e-13  0.0000000000e+00  6.0767091489e-23
 3.7400000000e+02  1.1000000000e-01  6.0000000000e-01  -5.0237459874e-07  5.0237448874e-07  1.1000000000e-13  0.0000000000e+00  2.4492162110e-23
 3.7500000000e+02  1.2000000000e-01  6.0000000000e-01  -5.0630844473e-07  5.0630832473e-07  1.2000000000e-13  0.0000000000e+00  1.1782779890e-23
 3.7600000000e+02  1.3000000000e-01  6.0000000000e-01  -5.0952219335e-07  5.0952206335e-07  1.3000000000e-13  0.0000000000e+00  5.7821409138e-23
 3.7700000000e+02  1.4000000000e-01  6.0000000000e-01  -5.1223779334e-07  5.1223765334e-07  1.4000000000e-13  0.0000000000e+00  2.1546479760e-23
 3.7800000000e+02  1.5000000000e-01  6.0000000000e-01  -5.1459699299e-07  5.1459684299e-07  1.5000000000e-13  0.0000000000e+00  1.4728474863e-23
 3.7900000000e+02  1.6000000000e-01  6.0000000000e-01  -5.1669289039e-07  5.1669273039e-07  1.6000000000e-13  0.0000000000e+00  5.4875714166e-23
 3.8000000000e+02  1.7000000000e-01  6.0000000000e-01  -5.1858838214e-07  5.1858821214e-07  1.7000000000e-13  0.0000000000e+00  1.8600784787e-23
 3.8100000000e+02  1.8000000000e-01  6.0000000000e-01  -5.2032713871e-07  5.2032695871e-07  1.8000000000e-13  0.0000000000e+00  1.7674169835e-23
 3.8200000000e+02  1.9000000000e-01  6.0000000000e-01  -5.2194027748e-07  5.2194008748e-07  1.9000000000e-13  0.0000000000e+00  5.3949099214e-23
 3.8300000000e+02  2.0000000000e-01  6.0000000000e-01  -5.2345051568e-07  5.2345031568e-07  2.0000000000e-13  0.0000000000e+00  1.5655089815e-23
 3.8400000000e+02  2.1000000000e-01  6.0000000000e-01  -5.2487481646e-07  5.2487460646e-07  2.1000000000e-13  0.0000000000e+00  2.0619864808e-23
 3.8500000000e+02  2.2000000000e-01  6.0000000000e-01  -5.2622611371e-07  5.2622589371e-07  2.2000000000e-13  0.0000000000e+00  5.6894794186e-23
 3.8600000000e+02  2.3000000000e-01  6.0000000000e-01  -5.2751446104e-07  5.2751423104e-07  2.3000000000e-13  0.0000000000e+00  1.2709470573e-23
 3.8700000000e+02  2.4000000000e-01  6.0000000000e-01  -5.2874781315e-07  5.2874757315e-07  2.4000000000e-13  0.0000000000e+00  2.3565458806e-23
 3.8800000000e+02  2.5000000000e-01  6.0000000000e-01  -5.2993256743e-07  5.2993231743e-07  2.5000000000e-13  0.0000000000e+00  5.9840489159e-23
 3.8900000000e+02  2.6000000000e-01  6.0000000000e-01  -5.3107394634e-07  5.3107368634e-07  2.6000000000e-13  0.0000000000e+00  9.7638008437e-24
 3.9000000000e+02  2.7000000000e-01  6.0000000000e-01  -5.3217627195e-07  5.3217600195e-07  2.7000000000e-13  0.0000000000e+00  7.9367989872e-23
 3.9100000000e+02  2.8000000000e-01  6.0000000000e-01  -5.3324316613e-07  5.3324288613e-07  2.8000000000e-13  0.0000000000e+00  6.2786057913e-23
 3.9200000000e+02  2.9000000000e-01  6.0000000000e-01  -5.3427769885e-07  5.3427740885e-07  2.9000000000e-13  0.0000000000e+00  6.8180806276e-24
 3.9300000000e+02  3.0000000000e-01  6.0000000000e-01  -5.3528249945e-07  5.3528219945e-07  3.0000000000e-13  0.0000000000e+00  7.6422269656e-23
 3.9400000000e+02  3.1000000000e-01  6.0000000000e-01  -5.3625984133e-07  5.3625953133e-07  3.1000000000e-13  0.0000000000e+00  6.5731778130e-23
 3.9500000000e+02  3.2000000000e-01  6.0000000000e-01  -5.3721170713e-07  5.3721138713e-07  3.2000000000e-13  0.0000000000e+00  3.8724108986e-24
 3.9600000000e+02  3.3000000000e-01  6.0000000000e-01  -5.3813983956e-07  5.3813950956e-07  3.3000000000e-13  0.0000000000e+00  7.3476599927e-23
 3.9700000000e+02  3.4000000000e-01  6.0000000000e-01  -5.3904578138e-07  5.3904544138e-07  3.4000000000e-13  0.0000000000e+00  6.8677447859e-23
 3.9800000000e+02  3.5000000000e-01  6.0000000000e-01  -5.3993090727e-07  5.3993055727e-07  3.5000000000e-13  0.0000000000e+00  9.2674116968e-25
 3.9900000000e+02  3.6000000000e-01  6.0000000000e-01  -5.4079644938e-07  5.4079608938e-07  3.6000000000e-13  0.0000000000e+00  7.0530879711e-23
 4.0000000000e+02  3.7000000000e-01  6.0000000000e-01  -5.4164351811e-07  5.4164314811e-07  3.7000000000e-13  0.0000000000e+00  7.1623168075e-23
 4.0100000000e+02  3.8000000000e-01  6.0000000000e-01  -5.4247311907e-07  5.4247273907e-07  3.8000000000e-13  0.0000000000e+00  2.0189790464e-24
 4.0200000000e+02  3.9000000000e-01  6.0000000000e-01  -5.4328616707e-07  5.4328577707e-07  3.9000000000e-13  0.0000000000e+00  6.7585310956e-23
 4.0300000000e+02  4.0000000000e-01  6.0000000000e-01  -5.4408349777e-07  5.4408309777e-07  4.0000000000e-13  0.0000000000e+00  7.4568736829e-23
 4.0400000000e+02  4.1000000000e-01  6.0000000000e-01  -5.4486587741e-07  5.4486546741e-07  4.1000000000e-13  0.0000000000e+00  4.9645478012e-24
 4.0500000000e+02  4.2000000000e-01  6.0000000000e-01  -5.4563401104e-07  5.4563359104e-07  4.2000000000e-13  0.0000000000e+00  6.4639590740e-23
 4.0600000000e+02  4.3000000000e-01  6.0000000000e-01  -5.4638854942e-07  5.4638811942e-07  4.3000000000e-13  0.0000000000e+00  7.7514457045e-23
 4.0700000000e+02  4.4000000000e-01  6.0000000000e-01  -5.4713009505e-07  5.4712965505e-07  4.4000000000e-13  0.0000000000e+00  7.9102680172e-24
 4.0800000000e+02  4.5000000000e-01  6.0000000000e-01  -5.4785920723e-07  5.4785875723e-07  4.5000000000e-13  0.0000000000e+00  6.1693921011e-23
 4.0900000000e+02  4.6000000000e-01  6.0000000000e-01  -5.4857640646e-07  5.4857594646e-07  4.6000000000e-13  0.0000000000e+00  2.5419042119e-23
 4.1000000000e+02  4.7000000000e-01  6.0000000000e-01  -5.4928217828e-07  5.4928170828e-07  4.7000000000e-13  0.0000000000e+00  1.0855937746e-23
 4.1100000000e+02  4.8000000000e-01  6.0000000000e-01  -5.4997697660e-07  5.4997649660e-07  4.8000000000e-13  0.0000000000e+00  5.8748301769e-23
 4.1200000000e+02  4.9000000000e-01  6.0000000000e-01  -5.5066122662e-07  5.5066073662e-07  4.9000000000e-13  0.0000000000e+00  2.2473321903e-23
 4.1300000000e+02  5.0000000000e-01  6.0000000000e-01  -5.5133532739e-07  5.5133482739e-07  5.0000000000e-13  0.0000000000e+00  1.3801657962e-23
 4.1400000000e+02  5.1000000000e-01  6.0000000000e-01  -5.5199965412e-07  5.5199914412e-07  5.1000000000e-13  0.0000000000e+00  5.5802581553e-23
 4.1500000000e+02  5.2000000000e-01  6.0000000000e-01  -5.5265456013e-07  5.5265404013e-07  5.2000000000e-13  0.0000000000e+00  1.9527601687e-23
 4.1600000000e+02  5.3000000000e-01  6.0000000000e-01  -5.5330037868e-07  5.5329984868e-07  5.3000000000e-13  0.0000000000e+00  1.6747277204e-23
 4.1700000000e+02  5.4000000000e-01  6.0000000000e-01  -5.5393742457e-07  5.5393688457e-07  5.4000000000e-13  0.0000000000e+00  5.3022257070e-23
 4.1800000000e+02  5.5000000000e-01  6.0000000000e-01  -5.5456599557e-07  5.5456544557e-07  5.5000000000e-13  0.0000000000e+00  1.6581982445e-23
 4.1900000000e+02  5.6000000000e-01  6.0000000000e-01  -5.5518637370e-07  5.5518581370e-07  5.6000000000e-13  0.0000000000e+00  1.9692997420e-23
 4.2000000000e+02  5.7000000000e-01  6.0000000000e-01  -5.5579882640e-07  5.5579825640e-07  5.7000000000e-13  0.0000000000e+00  5.5967876312e-23
 4.2100000000e+02  5.8000000000e-01  6.0000000000e-01  -5.5640360757e-07  5.5640302757e-07  5.8000000000e-13  0.0000000000e+00  1.3636262229e-23
 4.2200000000e+02  5.9000000000e-01  6.0000000000e-01  -5.5700095854e-07  5.5700036854e-07  5.9000000000e-13  0.0000000000e+00  2.2638616662e-23
 4.2300000000e+02  6.0000000000e-01  6.0000000000e-01  -5.5759110892e-07  5.5759050892e-07  6.0000000000e-13  0.0000000000e+00  5.8913596528e-23
 4.2400000000e+02  6.1000000000e-01  6.0000000000e-01  -5.5817427738e-07  5.5817366738e-07  6.1000000000e-13  0.0000000000e+00  1.0690642988e-23
 4.2500000000e+02  6.2000000000e-01  6.0000000000e-01  -5.5875067241e-07  5.5875005241e-07  6.2000000000e-13  0.0000000000e+00  2.5584336878e-23
 4.2600000000e+02  6.3000000000e-01  6.0000000000e-01  -5.5932049291e-07  5.5931986291e-07  6.3000000000e-13  0.0000000000e+00  6.1859215770e-23
 4.2700000000e+02  6.4000000000e-01  6.0000000000e-01  -5.5988392887e-07  5.5988328887e-07  6.4000000000e-13  0.0000000000e+00  7.7449227715e-24
 4.2800000000e+02  6.5000000000e-01  6.0000000000e-01  -5.6044116185e-07  5.6044051185e-07  6.5000000000e-13  0.0000000000e+00  7.7349162287e-23
 4.2900000000e+02  6.6000000000e-01  6.0000000000e-01  -5.6099236554e-07  5.6099170554e-07  6.6000000000e-13  0.0000000000e+00  6.4804935986e-23
 4.3000000000e+02  6.7000000000e-01  6.0000000000e-01  -5.6153770622e-07  5.6153703622e-07  6.7000000000e-13  0.0000000000e+00  4.7993035296e-24
 4.3100000000e+02  6.8000000000e-01  6.0000000000e-01  -5.6207734317e-07  5.6207666317e-07  6.8000000000e-13  0.0000000000e+00  7.4403442071e-23
 4.3200000000e+02  6.9000000000e-01  6.0000000000e-01  -5.6261142910e-07  5.6261073910e-07  6.9000000000e-13  0.0000000000e+00  6.7750555228e-23
 4.3300000000e+02  7.0000000000e-01  6.0000000000e-01  -5.6314011052e-07  5.6313941052e-07  7.0000000000e-13  0.0000000000e+00  1.8535833136e-24
 4.3400000000e+02  7.1000000000e-01  6.0000000000e-01  -5.6366352804e-07  5.6366281804e-07  7.1000000000e-13  0.0000000000e+00  7.1457822829e-23
 4.3500000000e+02  7.2000000000e-01  6.0000000000e-01  -5.6418181676e-07  5.6418109676e-07  7.2000000000e-13  0.0000000000e+00  7.0696275444e-23
 4.3600000000e+02  7.3000000000e-01  6.0000000000e-01  -5.6469510650e-07  5.6469437650e-07  7.3000000000e-13  0.0000000000e+00  1.0920359283e-24
 4.3700000000e+02  7.4000000000e-01  6.0000000000e-01  -5.6520352214e-07  5.6520278214e-07  7.4000000000e-13  0.0000000000e+00  6.8512102613e-23
 4.3800000000e+02  7.5000000000e-01  6.0000000000e-01  -5.6570718381e-07  5.6570643381e-07  7.5000000000e-13  0.0000000000e+00  7.3641894685e-23
 4.3900000000e+02  7.6000000000e-01  6.0000000000e-01  -5.6620620720e-07  5.6620544720e-07  7.6000000000e-13  0.0000000000e+00  4.0377561444e-24
 4.4000000000e+02  7.7000000000e-01  6.0000000000e-01  -5.6670070374e-07  5.6669993374e-07  7.7000000000e-13  0.0000000000e+00  6.5566483371e-23
 4.4100000000e+02  7.8000000000e-01  6.0000000000e-01  -5.6719078082e-07  5.6719000082e-07  7.8000000000e-13  0.0000000000e+00  7.6587614902e-23
 4.4200000000e+02  7.9000000000e-01  6.0000000000e-01  -5.6767654200e-07  5.6767575200e-07  7.9000000000e-13  0.0000000000e+00  6.9833753863e-24
 4.4300000000e+02  8.0000000000e-01  6.0000000000e-01  -5.6815808719e-07  5.6815728719e-07  8.0000000000e-13  0.0000000000e+00  6.2620763155e-23
 4.4400000000e+02  8.1000000000e-01  6.0000000000e-01  -5.6863551280e-07  5.6863470280e-07  8.1000000000e-13  0.0000000000e+00  2.6345884263e-23
 4.4500000000e+02  8.2000000000e-01  6.0000000000e-01  -5.6910891195e-07  5.6910809195e-07  8.2000000000e-13  0.0000000000e+00  9.9290956023e-24
 4.4600000000e+02  8.3000000000e-01  6.0000000000e-01  -5.6957837459e-07  5.6957754459e-07  8.3000000000e-13  0.0000000000e+00  5.9675143913e-23
 4.4700000000e+02  8.4000000000e-01  6.0000000000e-01  -5.7004398765e-07  5.7004314765e-07  8.4000000000e-13  0.0000000000e+00  2.3400164047e-23
 4.4800000000e+02  8.5000000000e-01  6.0000000000e-01  -5.7050583517e-07  5.7050498517e-07  8.5000000000e-13  0.0000000000e+00  1.2874714844e-23
 4.4900000000e+02  8.6000000000e-01  6.0000000000e-01  -5.7096399845e-07  5.7096313845e-07  8.6000000000e-13  0.0000000000e+00  5.6729423697e-23
 4.5000000000e+02  8.7000000000e-01  6.0000000000e-01  -5.7141855617e-07  5.7141768617e-07  8.7000000000e-13  0.0000000000e+00  2.0454544805e-23
 4.5100000000e+02  8.8000000000e-01  6.0000000000e-01  -5.7186958446e-07  5.7186870446e-07  8.8000000000e-13  0.0000000000e+00  1.5820334086e-23
 4.5200000000e+02  8.9000000000e-01  6.0000000000e-01  -5.7231715708e-07  5.7231626708e-07  8.9000000000e-13  0.0000000000e+00  5.3783804455e-23
 4.5300000000e+02  9.0000000000e-01  6.0000000000e-01  -5.7276134545e-07  5.7276044545e-07  9.0000000000e-13  0.0000000000e+00  1.7508925564e-23
 4.5400000000e+02  9.1000000000e-01  6.0000000000e-01  -5.7320221879e-07  5.7320130879e-07  9.1000000000e-13  0.0000000000e+00  1.8766054302e-23
 4.5500000000e+02  9.2000000000e-01  6.0000000000e-01  -5.7363984422e-07  5.7363892422e-07  9.2000000000e-13  0.0000000000e+00  5.5041034168e-23
 4.5600000000e+02  9.3000000000e-01  6.0000000000e-01  -5.7407428680e-07  5.7407335680e-07  9.3000000000e-13  0.0000000000e+00  1.4563306322e-23
 4.5700000000e+02  9.4000000000e-01  6.0000000000e-01  -5.7450560967e-07  5.7450466967e-07  9.4000000000e-13  0.0000000000e+00  2.1711673544e-23
 4.5800000000e+02  9.5000000000e-01  6.0000000000e-01  -5.7493387407e-07  5.7493292407e-07  9.5000000000e-13  0.0000000000e+00  5.7986653410e-23
 4.5900000000e+02  9.6000000000e-01  6.0000000000e-01  -5.7535913948e-07  5.7535817948e-07  9.6000000000e-13  0.0000000000e+00  1.1617485131e-23
 4.6000000000e+02  9.7000000000e-01  6.0000000000e-01  -5.7578146361e-07  5.7578049361e-07  9.7000000000e-13  0.0000000000e+00  2.4657292786e-23
 4.6100000000e+02  9.8000000000e-01  6.0000000000e-01  -5.7620090254e-07  5.7619992254e-07  9.8000000000e-13  0.0000000000e+00  6.0932272652e-23
 4.6200000000e+02  9.9000000000e-01  6.0000000000e-01  -5.7661751076e-07  5.7661652076e-07  9.9000000000e-13  0.0000000000e+00  8.6718658896e-24
 4.6300000000e+02  1.0000000000e+00  6.0000000000e-01  -5.7703134120e-07  5.7703034120e-07  1.0000000000e-12  0.0000000000e+00  7.8276408327e-23
 4.6400000000e+02  1.0100000000e+00  6.0000000000e-01  -5.7744244534e-07  5.7744143534e-07  1.0100000000e-12  0.0000000000e+00  6.3877689945e-23
 4.6500000000e+02  1.0200000000e+00  6.0000000000e-01  -5.7785087321e-07  5.7784985321e-07  1.0200000000e-12  0.0000000000e+00  5.7264485961e-24
 4.6600000000e+02  1.0300000000e+00  6.0000000000e-01  -5.7825667350e-07  5.7825564350e-07  1.0300000000e-12  0.0000000000e+00  7.5330789086e-23
 4.6700000000e+02  1.0400000000e+00  6.0000000000e-01  -5.7865989355e-07  5.7865885355e-07  1.0400000000e-12  0.0000000000e+00  6.6823309187e-23
 4.6800000000e+02  1.0500000000e+00  6.0000000000e-01  -5.7906057946e-07  5.7905952946e-07  1.0500000000e-12  0.0000000000e+00  2.7808293542e-24
 4.6900000000e+02  1.0600000000e+00  6.0000000000e-01  -5.7945877608e-07  5.7945771608e-07  1.0600000000e-12  0.0000000000e+00  7.2384967895e-23
 4.7000000000e+02  1.0700000000e+00  6.0000000000e-01  -5.7985452710e-07  5.7985345710e-07  1.0700000000e-12  0.0000000000e+00  6.9768928429e-23
 4.7100000000e+02  1.0800000000e+00  6.0000000000e-01  -5.8024787503e-07  5.8024679503e-07  1.0800000000e-12  0.0000000000e+00  1.6478988766e-25
 4.7200000000e+02  1.0900000000e+00  6.0000000000e-01  -5.8063886133e-07  5.8063777133e-07  1.0900000000e-12  0.0000000000e+00  6.9439348653e-23
 4.7300000000e+02  1.1000000000e+00  6.0000000000e-01  -5.8102752635e-07  5.8102642635e-07  1.1000000000e-12  0.0000000000e+00  7.2714749619e-23
 4.7400000000e+02  1.1100000000e+00  6.0000000000e-01  -5.8141390945e-07  5.8141279945e-07  1.1100000000e-12  0.0000000000e+00  3.1106110779e-24
 4.7500000000e+02  1.1200000000e+00  6.0000000000e-01  -5.8179804897e-07  5.8179692897e-07  1.1200000000e-12  0.0000000000e+00  6.6493729412e-23
 4.7600000000e+02  1.1300000000e+00  6.0000000000e-01  -5.8217998231e-07  5.8217885231e-07  1.1300000000e-12  0.0000000000e+00  7.5660368861e-23
 4.7700000000e+02  1.1400000000e+00  6.0000000000e-01  -5.8255974594e-07  5.8255860594e-07  1.1400000000e-12  0.0000000000e+00  6.0562303198e-24
 4.7800000000e+02  1.1500000000e+00  6.0000000000e-01  -5.8293737542e-07  5.8293622542e-07  1.1500000000e-12  0.0000000000e+00  6.3547908221e-23
 4.7900000000e+02  1.1600000000e+00  6.0000000000e-01  -5.8331290545e-07  5.8331174545e-07  1.1600000000e-12  0.0000000000e+00  7.8606190051e-23
 4.8000000000e+02  1.1700000000e+00  6.0000000000e-01  -5.8368636991e-07  5.8368519991e-07  1.1700000000e-12  0.0000000000e+00  9.0018495617e-24
 4.8100000000e+02  1.1800000000e+00  6.0000000000e-01  -5.8405780185e-07  5.8405662185e-07  1.1800000000e-12  0.0000000000e+00  6.0602288979e-23
 4.8200000000e+02  1.1900000000e+00  6.0000000000e-01  -5.8442723353e-07  5.8442604353e-07  1.1900000000e-12  0.0000000000e+00  2.4327309114e-23
 4.8300000000e+02  1.2000000000e+00  6.0000000000e-01  -5.8479469645e-07  5.8479349645e-07  1.2000000000e-12  0.0000000000e+00  1.1948680494e-23
 4.8400000000e+02  0.0000000000e+00  8.0000000000e-01  0.0000000000e+00  0.0000000000e+00  0.0000000000e+00  0.0000000000e+00  0.0000000000e+00
 4.8500000000e+02  1.0000000000e-02  8.0000000000e-01  -8.5022077443e-07  8.5022076443e-07  1.0000000000e-14  0.0000000000e+00  6.9604181140e-23
 4.8600000000e+02  2.0000000000e-02  8.0000000000e-01  -1.6220056511e-06  1.6220056311e-06  2.0000000000e-14  0.0000000000e+00  7.2549874534e-23
 4.8700000000e+02  3.0000000000e-02  8.0000000000e-01  -2.3163037139e-06  2.3163036839e-06  3.0000000000e-14  0.0000000000e+00  1.0293342343e-22
 4.8800000000e+02  4.0000000000e-02  8.0000000000e-01  -2.9343146944e-06  2.9343146544e-06  4.0000000000e-14  0.0000000000e+00  1.1254496718e-21
 4.8900000000e+02  5.0000000000e-02  8.0000000000e-01  -3.4776039290e-06  3.4776038790e-06  5.0000000000e-14  0.0000000000e+00  3.0383552055e-23
 4.9000000000e+02  6.0000000000e-02  8.0000000000e-01  -3.9482642566e-06  3.9482641966e-06  6.0000000000e-14  0.0000000000e+00  1.0528998067e-21
 4.9100000000e+02  7.0000000000e-02  8.0000000000e-01  -4.3491306242e-06  4.3491305542e-06  7.0000000000e-14  0.0000000000e+00  4.6568279295e-22
 4.9200000000e+02  8.0000000000e-02  8.0000000000e-01  -4.6840339584e-06  4.6840338784e-06  8.0000000000e-14  0.0000000000e+00  5.5683344912e-22
 4.9300000000e+02  9.0000000000e-02  8.0000000000e-01  -4.9580393975e-06  4.9580393075e-06  9.0000000000e-14  0.0000000000e+00  1.1471620332e-22
 4.9400000000e+02  1.0000000000e-01  8.0000000000e-01  -5.1775556529e-06  5.1775555529e-06  1.0000000000e-13  0.0000000000e+00  6.0767091489e-23
 4.9500000000e+02  1.1000000000e-01  8.0000000000e-01  -5.3501699487e-06  5.3501698387e-06  1.1000000000e-13  0.0000000000e+00  2.3625039892e-22
 4.9600000000e+02  1.2000000000e-01  8.0000000000e-01  -5.4841309555e-06  5.4841308355e-06  1.2000000000e-13  0.0000000000e+00  4.3529925352e-22
 4.9700000000e+02  1.3000000000e-01  8.0000000000e-01  -5.5875865957e-06  5.5875864657e-06  1.3000000000e-13  0.0000000000e+00  5.8721700117e-22
 4.9800000000e+02  1.4000000000e-01  8.0000000000e-01  -5.6678509572e-06  5.6678508172e-06  1.4000000000e-13  0.0000000000e+00  7.6270030861e-22
 4.9900000000e+02  1.5000000000e-01  8.0000000000e-01  -5.7309545399e-06  5.7309543899e-06  1.5000000000e-13  0.0000000000e+00  7.5588230371e-22
 5.0000000000e+02  1.6000000000e-01  8.0000000000e-01  -5.7815459764e-06  5.7815458164e-06  1.6000000000e-13  0.0000000000e+00  5.8039899628e-22
 5.0100000000e+02  1.7000000000e-01  8.0000000000e-01  -5.8230438308e-06  5.8230436608e-06  1.7000000000e-13  0.0000000000e+00  4.4211725841e-22
 5.0200000000e+02  1.8000000000e-01  8.0000000000e-01  -5.8578919710e-06  5.8578917910e-06  1.8000000000e-13  0.0000000000e+00  1.4646334879e-21
 5.0300000000e+02  1.9000000000e-01  8.0000000000e-01  -5.8878149879e-06  5.8878147979e-06  1.9000000000e-13  0.0000000000e+00  5.3949099214e-23
 5.0400000000e+02  2.0000000000e-01  8.0000000000e-01  -5.9140279442e-06  5.9140277442e-06  2.0000000000e-13  0.0000000000e+00  1.2153420822e-22
 5.0500000000e+02  2.1000000000e-01  8.0000000000e-01  -5.9373922363e-06  5.9373920263e-06  2.1000000000e-13  0.0000000000e+00  5.5001545684e-22
 5.0600000000e+02  2.2000000000e-01  8.0000000000e-01  -5.9585254250e-06  5.9585252050e-06  2.2000000000e-13  0.0000000000e+00  4.7250079785e-22
 5.0700000000e+02  2.3000000000e-01  8.0000000000e-01  -5.9778765996e-06  5.9778763696e-06  2.3000000000e-13  0.0000000000e+00  1.9904876624e-22
 5.0800000000e+02  2.4000000000e-01  8.0000000000e-01  -5.9957775472e-06  5.9957773072e-06  2.4000000000e-13  0.0000000000e+00  2.3565458806e-23
 5.0900000000e+02  2.5000000000e-01  8.0000000000e-01  -6.0124774676e-06  6.0124772176e-06  2.5000000000e-13  0.0000000000e+00  1.5191774765e-22
 5.1000000000e+02  2.6000000000e-01  8.0000000000e-01  -6.0281666519e-06  6.0281663919e-06  2.6000000000e-13  0.0000000000e+00  5.1963179119e-22
 5.1100000000e+02  2.7000000000e-01  8.0000000000e-01  -6.0429927781e-06  6.0429925081e-06  2.7000000000e-13  0.0000000000e+00  5.0288446350e-22
 5.1200000000e+02  2.8000000000e-01  8.0000000000e-01  -6.0570722508e-06  6.0570719708e-06  2.8000000000e-13  0.0000000000e+00  1.0156981236e-21
 5.1300000000e+02  2.9000000000e-01  8.0000000000e-01  -6.0704981926e-06  6.0704979026e-06  2.9000000000e-13  0.0000000000e+00  6.8180806276e-24
 5.1400000000e+02  3.0000000000e-01  8.0000000000e-01  -6.0833461455e-06  6.0833458455e-06  3.0000000000e-13  0.0000000000e+00  1.8230138806e-22
 5.1500000000e+02  3.1000000000e-01  8.0000000000e-01  -6.0956781950e-06  6.0956778850e-06  3.1000000000e-13  0.0000000000e+00  3.5778469550e-22
 5.1600000000e+02  3.2000000000e-01  8.0000000000e-01  -6.1075459895e-06  6.1075456695e-06  3.2000000000e-13  0.0000000000e+00  5.3326800293e-22
 5.1700000000e+02  3.3000000000e-01  8.0000000000e-01  -6.1189929806e-06  6.1189926506e-06  3.3000000000e-13  0.0000000000e+00  1.3828163689e-22
 5.1800000000e+02  3.4000000000e-01  8.0000000000e-01  -6.1300561055e-06  6.1300557655e-06  3.4000000000e-13  0.0000000000e+00  3.7201670548e-23
 5.1900000000e+02  3.5000000000e-01  8.0000000000e-01  -6.1407670643e-06  6.1407667143e-06  3.5000000000e-13  0.0000000000e+00  1.4813809165e-21
 5.2000000000e+02  3.6000000000e-01  8.0000000000e-01  -6.1511533027e-06  6.1511529427e-06  3.6000000000e-13  0.0000000000e+00  4.5886471232e-22
 5.2100000000e+02  3.7000000000e-01  8.0000000000e-01  -6.1612387748e-06  6.1612384048e-06  3.7000000000e-13  0.0000000000e+00  5.6365154237e-22
 5.2200000000e+02  3.8000000000e-01  8.0000000000e-01  -6.1710445422e-06  6.1710441622e-06  3.8000000000e-13  0.0000000000e+00  1.0789809745e-22
 5.2300000000e+02  3.9000000000e-01  8.0000000000e-01  -6.1805892483e-06  6.1805888583e-06  3.9000000000e-13  0.0000000000e+00  6.7585310956e-23
 5.2400000000e+02  4.0000000000e-01  8.0000000000e-01  -6.1898894985e-06  6.1898890985e-06  4.0000000000e-13  0.0000000000e+00  6.0396432886e-22
 5.2500000000e+02  4.1000000000e-01  8.0000000000e-01  -6.1989601673e-06  6.1989597573e-06  4.1000000000e-13  0.0000000000e+00  4.1855192583e-22
 5.2600000000e+02  4.2000000000e-01  8.0000000000e-01  -6.2078146476e-06  6.2078142276e-06  4.2000000000e-13  0.0000000000e+00  5.9403518277e-22
 5.2700000000e+02  4.3000000000e-01  8.0000000000e-01  -6.2164650558e-06  6.2164646258e-06  4.3000000000e-13  0.0000000000e+00  7.7514457045e-23
 5.2800000000e+02  4.4000000000e-01  8.0000000000e-01  -6.2249224019e-06  6.2249219619e-06  4.4000000000e-13  0.0000000000e+00  7.4906409686e-22
 5.2900000000e+02  4.5000000000e-01  8.0000000000e-01  -6.2331967303e-06  6.2331962803e-06  4.5000000000e-13  0.0000000000e+00  2.7345215782e-22
 5.3000000000e+02  4.6000000000e-01  8.0000000000e-01  -6.2412972389e-06  6.2412967789e-06  4.6000000000e-13  0.0000000000e+00  4.4893551575e-22
 5.3100000000e+02  4.7000000000e-01  8.0000000000e-01  -6.2492323788e-06  6.2492319088e-06  4.7000000000e-13  0.0000000000e+00  6.2441877269e-22
 5.3200000000e+02  4.8000000000e-01  8.0000000000e-01  -6.2570099398e-06  6.2570094598e-06  4.8000000000e-13  0.0000000000e+00  4.7130816638e-23
 5.3300000000e+02  4.9000000000e-01  8.0000000000e-01  -6.2646371230e-06  6.2646366330e-06  4.9000000000e-13  0.0000000000e+00  1.2835244031e-22
 5.3400000000e+02  5.0000000000e-01  8.0000000000e-01  -6.2721206029e-06  6.2721201029e-06  5.0000000000e-13  0.0000000000e+00  5.4319725000e-22
 5.3500000000e+02  5.1000000000e-01  8.0000000000e-01  -6.2794665823e-06  6.2794660723e-06  5.1000000000e-13  0.0000000000e+00  1.3263520024e-21
 5.3600000000e+02  5.2000000000e-01  8.0000000000e-01  -6.2866808382e-06  6.2866803182e-06  5.2000000000e-13  0.0000000000e+00  1.9223063513e-22
 5.3700000000e+02  5.3000000000e-01  8.0000000000e-01  -6.2937687636e-06  6.2937682336e-06  5.3000000000e-13  0.0000000000e+00  1.6747277204e-23
 5.3800000000e+02  5.4000000000e-01  8.0000000000e-01  -6.3007354025e-06  6.3007348625e-06  5.4000000000e-13  0.0000000000e+00  1.5873597974e-22
 5.3900000000e+02  5.5000000000e-01  8.0000000000e-01  -6.3075854821e-06  6.3075849321e-06  5.5000000000e-13  0.0000000000e+00  5.1281360959e-22
 5.4000000000e+02  5.6000000000e-01  8.0000000000e-01  -6.3143234402e-06  6.3143228802e-06  5.6000000000e-13  0.0000000000e+00  5.0970259461e-22
 5.4100000000e+02  5.7000000000e-01  8.0000000000e-01  -6.3209534502e-06  6.3209528802e-06  5.7000000000e-13  0.0000000000e+00  1.6184699472e-22
 5.4200000000e+02  5.8000000000e-01  8.0000000000e-01  -6.3274794428e-06  6.3274788628e-06  5.8000000000e-13  0.0000000000e+00  1.3636262229e-23
 5.4300000000e+02  5.9000000000e-01  8.0000000000e-01  -6.3339051259e-06  6.3339045359e-06  5.9000000000e-13  0.0000000000e+00  6.5791332710e-22
 5.4400000000e+02  6.0000000000e-01  8.0000000000e-01  -6.3402340017e-06  6.3402334017e-06  6.0000000000e-13  0.0000000000e+00  1.3294630174e-21
 5.4500000000e+02  6.1000000000e-01  8.0000000000e-01  -6.3464693831e-06  6.3464687731e-06  6.1000000000e-13  0.0000000000e+00  5.4008623502e-22
 5.4600000000e+02  6.2000000000e-01  8.0000000000e-01  -6.3526144074e-06  6.3526137874e-06  6.2000000000e-13  0.0000000000e+00  9.7849640254e-22
 5.4700000000e+02  6.3000000000e-01  8.0000000000e-01  -6.3586720493e-06  6.3586714193e-06  6.3000000000e-13  0.0000000000e+00  4.4019902637e-23
 5.4800000000e+02  6.4000000000e-01  8.0000000000e-01  -6.3646451326e-06  6.3646444926e-06  6.4000000000e-13  0.0000000000e+00  6.2752978767e-22
 5.4900000000e+02  6.5000000000e-01  8.0000000000e-01  -6.3705363406e-06  6.3705356906e-06  6.5000000000e-13  0.0000000000e+00  4.5204642975e-22
 5.5000000000e+02  6.6000000000e-01  8.0000000000e-01  -6.3763482260e-06  6.3763475660e-06  6.6000000000e-13  0.0000000000e+00  1.4175027217e-21
 5.5100000000e+02  6.7000000000e-01  8.0000000000e-01  -6.3820832193e-06  6.3820825493e-06  6.7000000000e-13  0.0000000000e+00  1.0107981488e-22
 5.5200000000e+02  6.8000000000e-01  8.0000000000e-01  -6.3877436369e-06  6.3877429569e-06  6.8000000000e-13  0.0000000000e+00  7.4403442071e-23
 5.5300000000e+02  6.9000000000e-01  8.0000000000e-01  -6.3933316886e-06  6.3933309986e-06  6.9000000000e-13  0.0000000000e+00  5.9714614726e-22
 5.5400000000e+02  7.0000000000e-01  8.0000000000e-01  -6.3988494842e-06  6.3988487842e-06  7.0000000000e-13  0.0000000000e+00  4.2537005694e-22
 5.5500000000e+02  7.1000000000e-01  8.0000000000e-01  -6.4042990397e-06  6.4042983297e-06  7.1000000000e-13  0.0000000000e+00  6.0085341486e-22
 5.5600000000e+02  7.2000000000e-01  8.0000000000e-01  -6.4096822829e-06  6.4096815629e-06  7.2000000000e-13  0.0000000000e+00  7.0696275444e-23
 5.5700000000e+02  7.3000000000e-01  8.0000000000e-01  -6.4150010588e-06  6.4150003288e-06  7.3000000000e-13  0.0000000000e+00  1.0478708248e-22
 5.5800000000e+02  7.4000000000e-01  8.0000000000e-01  -6.4202571343e-06  6.4202563943e-06  7.4000000000e-13  0.0000000000e+00  5.6676260783e-22
 5.5900000000e+02  7.5000000000e-01  8.0000000000e-01  -6.4254522029e-06  6.4254514529e-06  7.5000000000e-13  0.0000000000e+00  1.3027866446e-21
 5.6000000000e+02  7.6000000000e-01  8.0000000000e-01  -6.4305878886e-06  6.4305871286e-06  7.6000000000e-13  0.0000000000e+00  6.3123695430e-22
 5.6100000000e+02  7.7000000000e-01  8.0000000000e-01  -6.4356657500e-06  6.4356649800e-06  7.7000000000e-13  0.0000000000e+00  4.0312635036e-23
 5.6200000000e+02  7.8000000000e-01  8.0000000000e-01  -6.4406872836e-06  6.4406865036e-06  7.8000000000e-13  0.0000000000e+00  1.3517062191e-22
 5.6300000000e+02  7.9000000000e-01  8.0000000000e-01  -6.4456539274e-06  6.4456531374e-06  7.9000000000e-13  0.0000000000e+00  5.3637896742e-22
 5.6400000000e+02  8.0000000000e-01  8.0000000000e-01  -6.4505670639e-06  6.4505662639e-06  8.0000000000e-13  0.0000000000e+00  4.8613723678e-22
 5.6500000000e+02  8.1000000000e-01  8.0000000000e-01  -6.4554280231e-06  6.4554272131e-06  8.1000000000e-13  0.0000000000e+00  1.0324452998e-21
 5.6600000000e+02  8.2000000000e-01  8.0000000000e-01  -6.4602380848e-06  6.4602372648e-06  8.2000000000e-13  0.0000000000e+00  9.9290956023e-24
 5.6700000000e+02  8.3000000000e-01  8.0000000000e-01  -6.4649984816e-06  6.4649976516e-06  8.3000000000e-13  0.0000000000e+00  1.0125872096e-21
 5.6800000000e+02  8.4000000000e-01  8.0000000000e-01  -6.4697104013e-06  6.4697095613e-06  8.4000000000e-13  0.0000000000e+00  5.0599542799e-22
 5.6900000000e+02  8.5000000000e-01  8.0000000000e-01  -6.4743749885e-06  6.4743741385e-06  8.5000000000e-13  0.0000000000e+00  3.3051207006e-22
 5.7000000000e+02  8.6000000000e-01  8.0000000000e-01  -6.4789933475e-06  6.4789924875e-06  8.6000000000e-13  0.0000000000e+00  1.5502881312e-22
 5.7100000000e+02  8.7000000000e-01  8.0000000000e-01  -6.4835665435e-06  6.4835656735e-06  8.7000000000e-13  0.0000000000e+00  2.0454544805e-23
 5.7200000000e+02  8.8000000000e-01  8.0000000000e-01  -6.4880956049e-06  6.4880947249e-06  8.8000000000e-13  0.0000000000e+00  1.9593790273e-22
 5.7300000000e+02  8.9000000000e-01  8.0000000000e-01  -6.4925815250e-06  6.4925806350e-06  8.9000000000e-13  0.0000000000e+00  1.3226447348e-21
 5.7400000000e+02  9.0000000000e-01  8.0000000000e-01  -6.4970252632e-06  6.4970243632e-06  9.0000000000e-13  0.0000000000e+00  3.0012842966e-22
 5.7500000000e+02  9.1000000000e-01  8.0000000000e-01  -6.5014277472e-06  6.5014268372e-06  9.1000000000e-13  0.0000000000e+00  1.2464517271e-22
 5.7600000000e+02  9.2000000000e-01  8.0000000000e-01  -6.5057898739e-06  6.5057889539e-06  9.2000000000e-13  0.0000000000e+00  5.0838084239e-23
 5.7700000000e+02  9.3000000000e-01  8.0000000000e-01  -6.5101125108e-06  6.5101115808e-06  9.3000000000e-13  0.0000000000e+00  6.2071140412e-22
 5.7800000000e+02  9.4000000000e-01  8.0000000000e-01  -6.5143964976e-06  6.5143955576e-06  9.4000000000e-13  0.0000000000e+00  4.4522814717e-22
 5.7900000000e+02  9.5000000000e-01  8.0000000000e-01  -6.5186426472e-06  6.5186416972e-06  9.5000000000e-13  0.0000000000e+00  5.7728805703e-22
 5.8000000000e+02  9.6000000000e-01  8.0000000000e-01  -6.5228517468e-06  6.5228507868e-06  9.6000000000e-13  0.0000000000e+00  9.4261633275e-23
 5.8100000000e+02  9.7000000000e-01  8.0000000000e-01  -6.5270245591e-06  6.5270235891e-06  9.7000000000e-13  0.0000000000e+00  8.1221825621e-23
 5.8200000000e+02  9.8000000000e-01  8.0000000000e-01  -6.5311618232e-06  6.5311608432e-06  9.8000000000e-13  0.0000000000e+00  5.9032786469e-22
 5.8300000000e+02  9.9000000000e-01  8.0000000000e-01  -6.5352642557e-06  6.5352632657e-06  9.9000000000e-13  0.0000000000e+00  1.2792212868e-21
 5.8400000000e+02  1.0000000000e+00  8.0000000000e-01  -6.5393325516e-06  6.5393315516e-06  1.0000000000e-12  0.0000000000e+00  6.0767200036e-22
 5.8500000000e+02  1.0100000000e+00  8.0000000000e-01  -6.5433673851e-06  6.5433663751e-06  1.0100000000e-12  0.0000000000e+00  6.3877689945e-23
 5.8600000000e+02  1.0200000000e+00  8.0000000000e-01  -6.5473694104e-06  6.5473683904e-06  1.0200000000e-12  0.0000000000e+00  1.1160556700e-22
 5.8700000000e+02  1.0300000000e+00  8.0000000000e-01  -6.5513392627e-06  6.5513382327e-06  1.0300000000e-12  0.0000000000e+00  2.8708902590e-22
 5.8800000000e+02  1.0400000000e+00  8.0000000000e-01  -6.5552775586e-06  6.5552765186e-06  1.0400000000e-12  0.0000000000e+00  4.6257228285e-22
 5.8900000000e+02  1.0500000000e+00  8.0000000000e-01  -6.5591848973e-06  6.5591838473e-06  1.0500000000e-12  0.0000000000e+00  2.0897740746e-22
 5.9000000000e+02  1.0600000000e+00  8.0000000000e-01  -6.5630618608e-06  6.5630608008e-06  1.0600000000e-12  0.0000000000e+00  3.3494150511e-23
 5.9100000000e+02  1.0700000000e+00  8.0000000000e-01  -6.5669090147e-06  6.5669079447e-06  1.0700000000e-12  0.0000000000e+00  9.8902225564e-22
 5.9200000000e+02  1.0800000000e+00  8.0000000000e-01  -6.5707269090e-06  6.5707258290e-06  1.0800000000e-12  0.0000000000e+00  5.2956038192e-22
 5.9300000000e+02  1.0900000000e+00  8.0000000000e-01  -6.5745160785e-06  6.5745149885e-06  1.0900000000e-12  0.0000000000e+00  3.5407712497e-22
 5.9400000000e+02  1.1000000000e+00  8.0000000000e-01  -6.5782770432e-06  6.5782759432e-06  1.1000000000e-12  0.0000000000e+00  1.7859386803e-22
 5.9500000000e+02  1.1100000000e+00  8.0000000000e-01  -6.5820103094e-06  6.5820091994e-06  1.1100000000e-12  0.0000000000e+00  3.1106110779e-24
 5.9600000000e+02  1.1200000000e+00  8.0000000000e-01  -6.5857163695e-06  6.5857152495e-06  1.1200000000e-12  0.0000000000e+00  1.7237284782e-22
 5.9700000000e+02  1.1300000000e+00  8.0000000000e-01  -6.5893957029e-06  6.5893945729e-06  1.1300000000e-12  0.0000000000e+00  4.9917684249e-22
 5.9800000000e+02  1.1400000000e+00  8.0000000000e-01  -6.5930487766e-06  6.5930476366e-06  1.1400000000e-12  0.0000000000e+00  5.2333936171e-22
 5.9900000000e+02  1.1500000000e+00  8.0000000000e-01  -6.5966760451e-06  6.5966748951e-06  1.1500000000e-12  0.0000000000e+00  6.9882261866e-22
 6.0000000000e+02  1.1600000000e+00  8.0000000000e-01  -6.6002779513e-06  6.6002767913e-06  1.1600000000e-12  0.0000000000e+00  2.7272928356e-23
 6.0100000000e+02  1.1700000000e+00  8.0000000000e-01  -6.6038549269e-06  6.6038537569e-06  1.1700000000e-12  0.0000000000e+00  2.0275638725e-22
 6.0200000000e+02  1.1800000000e+00  8.0000000000e-01  -6.6074073924e-06  6.6074062124e-06  1.1800000000e-12  0.0000000000e+00  4.6879330305e-22
 6.0300000000e+02  1.1900000000e+00  8.0000000000e-01  -6.6109357578e-06  6.6109345678e-06  1.1900000000e-12  0.0000000000e+00  5.5372290115e-22
 6.0400000000e+02  1.2000000000e+00  8.0000000000e-01  -6.6144404228e-06  6.6144392228e-06  1.2000000000e-12  0.0000000000e+00  1.1782779890e-22
 6.0500000000e+02  0.0000000000e+00  1.0000000000e+00  0.0000000000e+00  0.0000000000e+00  0.0000000000e+00  0.0000000000e+00  0.0000000000e+00
 6.0600000000e+02  1.0000000000e-02  1.0000000000e+00  -2.3116966759e-06  2.3116966659e-06  1.0000000000e-14  0.0000000000e+00  2.4803317408e-22
 6.0700000000e+02  2.0000000000e-02  1.0000000000e+00  -4.5160450503e-06  4.5160450303e-06  2.0000000000e-14  0.0000000000e+00  3.5096659909e-22
 6.0800000000e+02  3.0000000000e-02  1.0000000000e+00  -6.6135977590e-06  6.6135977290e-06  3.0000000000e-14  0.0000000000e+00  5.2644989706e-22
 6.0900000000e+02  4.0000000000e-02  1.0000000000e+00  -8.6049291231e-06  8.6049290831e-06  4.0000000000e-14  0.0000000000e+00  9.9213269632e-22
 6.1000000000e+02  5.0000000000e-02  1.0000000000e+00  -1.0490641709e-05  1.0490641659e-05  5.0000000000e-14  0.0000000000e+00  8.7741649931e-22
 6.1100000000e+02  6.0000000000e-02  1.0000000000e+00  -1.2271374915e-05  1.2271374855e-05  6.0000000000e-14  0.0000000000e+00  1.0528998067e-21
 6.1200000000e+02  7.0000000000e-02  1.0000000000e+00  -1.3947816271e-05  1.3947816201e-05  7.0000000000e-14  0.0000000000e+00  1.2283831016e-21
 6.1300000000e+02  8.0000000000e-02  1.0000000000e+00  -1.5520716368e-05  1.5520716288e-05  8.0000000000e-14  0.0000000000e+00  1.4038663964e-21
 6.1400000000e+02  9.0000000000e-02  1.0000000000e+00  -1.6990908656e-05  1.6990908566e-05  9.0000000000e-14  0.0000000000e+00  1.8087820978e-21
 6.1500000000e+02  1.0000000000e-01  1.0000000000e+00  -1.8359335710e-05  1.8359335610e-05  1.0000000000e-13  0.0000000000e+00  1.7548329860e-21
 6.1600000000e+02  1.1000000000e-01  1.0000000000e+00  -1.9627084058e-05  1.9627083948e-05  1.1000000000e-13  0.0000000000e+00  1.9303162934e-21
 6.1700000000e+02  1.2000000000e-01  1.0000000000e+00  -2.0795430089e-05  2.0795429969e-05  1.2000000000e-13  0.0000000000e+00  1.2823322008e-21
 6.1800000000e+02  1.3000000000e-01  1.0000000000e+00  -2.1865899968e-05  2.1865899838e-05  1.3000000000e-13  0.0000000000e+00  2.2812828957e-21
 6.1900000000e+02  1.4000000000e-01  1.0000000000e+00  -2.2840346387e-05  2.2840346247e-05  1.4000000000e-13  0.0000000000e+00  9.3136558590e-22
 6.2000000000e+02  1.5000000000e-01  1.0000000000e+00  -2.3721044027e-05  2.3721043877e-05  1.5000000000e-13  0.0000000000e+00  7.5321458817e-21
 6.2100000000e+02  1.6000000000e-01  1.0000000000e+00  -2.4510802841e-05  2.4510802681e-05  1.6000000000e-13  0.0000000000e+00  5.8039899628e-22
 6.2200000000e+02  1.7000000000e-01  1.0000000000e+00  -2.5213092715e-05  2.5213092545e-05  1.7000000000e-13  0.0000000000e+00  7.1811792669e-21
 6.2300000000e+02  1.8000000000e-01  1.0000000000e+00  -2.5832163989e-05  2.5832163809e-05  1.8000000000e-13  0.0000000000e+00  2.2943240665e-22
 6.2400000000e+02  1.9000000000e-01  1.0000000000e+00  -2.6373136593e-05  2.6373136403e-05  1.9000000000e-13  0.0000000000e+00  5.3949099214e-23
 6.2500000000e+02  2.0000000000e-01  1.0000000000e+00  -2.6842020262e-05  2.6842020062e-05  2.0000000000e-13  0.0000000000e+00  1.2153420822e-22
 6.2600000000e+02  2.1000000000e-01  1.0000000000e+00  -2.7245627446e-05  2.7245627236e-05  2.1000000000e-13  0.0000000000e+00  2.9701749041e-22
 6.2700000000e+02  2.2000000000e-01  1.0000000000e+00  -2.7591357871e-05  2.7591357651e-05  2.2000000000e-13  0.0000000000e+00  4.7250079785e-22
 6.2800000000e+02  2.3000000000e-01  1.0000000000e+00  -2.7886870061e-05  2.7886869831e-05  2.3000000000e-13  0.0000000000e+00  6.4798418101e-22
 6.2900000000e+02  2.4000000000e-01  1.0000000000e+00  -2.8139696849e-05  2.8139696609e-05  2.4000000000e-13  0.0000000000e+00  8.2346748845e-22
 6.3000000000e+02  2.5000000000e-01  1.0000000000e+00  -2.8356885188e-05  2.8356884938e-05  2.5000000000e-13  0.0000000000e+00  2.3891810941e-21
 6.3100000000e+02  2.6000000000e-01  1.0000000000e+00  -2.8544730185e-05  2.8544729925e-05  2.6000000000e-13  0.0000000000e+00  2.2136976857e-21
 6.3200000000e+02  2.7000000000e-01  1.0000000000e+00  -2.8708636237e-05  2.8708635967e-05  2.7000000000e-13  0.0000000000e+00  1.3499174108e-21
 6.3300000000e+02  2.8000000000e-01  1.0000000000e+00  -2.8853097214e-05  2.8853096934e-05  2.8000000000e-13  0.0000000000e+00  1.5254007182e-21
 6.3400000000e+02  2.9000000000e-01  1.0000000000e+00  -2.8981761991e-05  2.8981761701e-05  2.9000000000e-13  0.0000000000e+00  1.6872478139e-21
 6.3500000000e+02  3.0000000000e-01  1.0000000000e+00  -2.9097545965e-05  2.9097545665e-05  3.0000000000e-13  0.0000000000e+00  1.8763672826e-21
 6.3600000000e+02  3.1000000000e-01  1.0000000000e+00  -2.9202756683e-05  2.9202756373e-05  3.1000000000e-13  0.0000000000e+00  8.8281141680e-21
 6.3700000000e+02  3.2000000000e-01  1.0000000000e+00  -2.9299213503e-05  2.9299213183e-05  3.2000000000e-13  0.0000000000e+00  1.1607978916e-21
 6.3800000000e+02  3.3000000000e-01  1.0000000000e+00  -2.9388351525e-05  2.9388351195e-05  3.3000000000e-13  0.0000000000e+00  9.1790807829e-21
 6.3900000000e+02  3.4000000000e-01  1.0000000000e+00  -2.9471306945e-05  2.9471306605e-05  3.4000000000e-13  0.0000000000e+00  8.0983127671e-22
 6.4000000000e+02  3.5000000000e-01  1.0000000000e+00  -2.9548984759e-05  2.9548984409e-05  3.5000000000e-13  0.0000000000e+00  6.3434796927e-22
 6.4100000000e+02  3.6000000000e-01  1.0000000000e+00  -2.9622111321e-05  2.9622110961e-05  3.6000000000e-13  0.0000000000e+00  4.5886471232e-22
 6.4200000000e+02  3.7000000000e-01  1.0000000000e+00  -2.9691274651e-05  2.9691274281e-05  3.7000000000e-13  0.0000000000e+00  2.8338140489e-22
 6.4300000000e+02  3.8000000000e-01  1.0000000000e+00  -2.9756955170e-05  2.9756954790e-05  3.8000000000e-13  0.0000000000e+00  1.0789809745e-22
 6.4400000000e+02  3.9000000000e-01  1.0000000000e+00  -2.9819549088e-05  2.9819548698e-05  3.9000000000e-13  0.0000000000e+00  6.7585310956e-23
 6.4500000000e+02  4.0000000000e-01  1.0000000000e+00  -2.9879386234e-05  2.9879385834e-05  4.0000000000e-13  0.0000000000e+00  2.4306861839e-22
 6.4600000000e+02  4.1000000000e-01  1.0000000000e+00  -2.9936743700e-05  2.9936743290e-05  4.1000000000e-13  0.0000000000e+00  4.1855192583e-22
 6.4700000000e+02  4.2000000000e-01  1.0000000000e+00  -2.9991856337e-05  2.9991855917e-05  4.2000000000e-13  0.0000000000e+00  5.9403518277e-22
 6.4800000000e+02  4.3000000000e-01  1.0000000000e+00  -3.0044924871e-05  3.0044924441e-05  4.3000000000e-13  0.0000000000e+00  7.6951849021e-22
 6.4900000000e+02  4.4000000000e-01  1.0000000000e+00  -3.0096122235e-05  3.0096121795e-05  4.4000000000e-13  0.0000000000e+00  2.4431299914e-21
 6.5000000000e+02  4.5000000000e-01  1.0000000000e+00  -3.0145598536e-05  3.0145598086e-05  4.5000000000e-13  0.0000000000e+00  1.1204851051e-21
 6.5100000000e+02  4.6000000000e-01  1.0000000000e+00  -3.0193484981e-05  3.0193484521e-05  4.6000000000e-13  0.0000000000e+00  2.0921633260e-21
 6.5200000000e+02  4.7000000000e-01  1.0000000000e+00  -3.0239897009e-05  3.0239896539e-05  4.7000000000e-13  0.0000000000e+00  1.4714517199e-21
 6.5300000000e+02  4.8000000000e-01  1.0000000000e+00  -3.0284936803e-05  3.0284936323e-05  4.8000000000e-13  0.0000000000e+00  1.7411967111e-21
 6.5400000000e+02  4.9000000000e-01  1.0000000000e+00  -3.0328695326e-05  3.0328694836e-05  4.9000000000e-13  0.0000000000e+00  1.5657134542e-21
 6.5500000000e+02  5.0000000000e-01  1.0000000000e+00  -3.0371253972e-05  3.0371253472e-05  5.0000000000e-13  0.0000000000e+00  8.7741651698e-21
 6.5600000000e+02  5.1000000000e-01  1.0000000000e+00  -3.0412685932e-05  3.0412685422e-05  5.1000000000e-13  0.0000000000e+00  2.1733849497e-21
 6.5700000000e+02  5.2000000000e-01  1.0000000000e+00  -3.0453057311e-05  3.0453056791e-05  5.2000000000e-13  0.0000000000e+00  2.3488682066e-21
 6.5800000000e+02  5.3000000000e-01  1.0000000000e+00  -3.0492428066e-05  3.0492427536e-05  5.3000000000e-13  0.0000000000e+00  8.6378022446e-22
 6.5900000000e+02  5.4000000000e-01  1.0000000000e+00  -3.0530852786e-05  3.0530852246e-05  5.4000000000e-13  0.0000000000e+00  2.6998348215e-21
 6.6000000000e+02  5.5000000000e-01  1.0000000000e+00  -3.0568381349e-05  3.0568380799e-05  5.5000000000e-13  0.0000000000e+00  1.4065340766e-20
 6.6100000000e+02  5.6000000000e-01  1.0000000000e+00  -3.0605059485e-05  3.0605058925e-05  5.6000000000e-13  0.0000000000e+00  1.0501725720e-20
 6.6200000000e+02  5.7000000000e-01  1.0000000000e+00  -3.0640929244e-05  3.0640928674e-05  5.7000000000e-13  0.0000000000e+00  1.6184699472e-22
 6.6300000000e+02  5.8000000000e-01  1.0000000000e+00  -3.0676029408e-05  3.0676028828e-05  5.8000000000e-13  0.0000000000e+00  1.0178031629e-20
 6.6400000000e+02  5.9000000000e-01  1.0000000000e+00  -3.0710395840e-05  3.0710395250e-05  5.9000000000e-13  0.0000000000e+00  6.5871439579e-21
 6.6500000000e+02  6.0000000000e-01  1.0000000000e+00  -3.0744061784e-05  3.0744061184e-05  6.0000000000e-13  0.0000000000e+00  3.0235289119e-21
 6.6600000000e+02  6.1000000000e-01  1.0000000000e+00  -3.0777058132e-05  3.0777057522e-05  6.1000000000e-13  0.0000000000e+00  5.4008623502e-22
 6.6700000000e+02  6.2000000000e-01  1.0000000000e+00  -3.0809413650e-05  3.0809413030e-05  6.2000000000e-13  0.0000000000e+00  2.6725622970e-21
 6.6800000000e+02  6.3000000000e-01  1.0000000000e+00  -3.0841155183e-05  3.0841154553e-05  6.3000000000e-13  0.0000000000e+00  8.9105284989e-22
 6.6900000000e+02  6.4000000000e-01  1.0000000000e+00  -3.0872307827e-05  3.0872307187e-05  6.4000000000e-13  0.0000000000e+00  4.4546678959e-21
 6.7000000000e+02  6.5000000000e-01  1.0000000000e+00  -3.0902895089e-05  3.0902894439e-05  6.5000000000e-13  0.0000000000e+00  1.4794546621e-20
 6.7100000000e+02  6.6000000000e-01  1.0000000000e+00  -3.0932939026e-05  3.0932938366e-05  6.6000000000e-13  0.0000000000e+00  1.9706290673e-21
 6.7200000000e+02  6.7000000000e-01  1.0000000000e+00  -3.0962460363e-05  3.0962459693e-05  6.7000000000e-13  0.0000000000e+00  5.1832774984e-21
 6.7300000000e+02  6.8000000000e-01  1.0000000000e+00  -3.0991478610e-05  3.0991477930e-05  6.8000000000e-13  0.0000000000e+00  1.6196624524e-21
 6.7400000000e+02  6.9000000000e-01  1.0000000000e+00  -3.1020012152e-05  3.1020011462e-05  6.9000000000e-13  0.0000000000e+00  1.9439526945e-21
 6.7500000000e+02  7.0000000000e-01  1.0000000000e+00  -3.1048078346e-05  3.1048077646e-05  7.0000000000e-13  0.0000000000e+00  5.5075677405e-21
 6.7600000000e+02  7.1000000000e-01  1.0000000000e+00  -3.1075693592e-05  3.1075692882e-05  7.1000000000e-13  0.0000000000e+00  2.2949193094e-21
 6.7700000000e+02  7.2000000000e-01  1.0000000000e+00  -3.1102873410e-05  3.1102872690e-05  7.2000000000e-13  0.0000000000e+00  9.1772922270e-22
 6.7800000000e+02  7.3000000000e-01  1.0000000000e+00  -3.1129632502e-05  3.1129631772e-05  7.3000000000e-13  0.0000000000e+00  2.6458859242e-21
 6.7900000000e+02  7.4000000000e-01  1.0000000000e+00  -3.1155984813e-05  3.1155984073e-05  7.4000000000e-13  0.0000000000e+00  1.4119289764e-20
 6.8000000000e+02  7.5000000000e-01  1.0000000000e+00  -3.1181943582e-05  3.1181942832e-05  7.5000000000e-13  0.0000000000e+00  2.9968525391e-21
 6.8100000000e+02  7.6000000000e-01  1.0000000000e+00  -3.1207521391e-05  3.1207520631e-05  7.6000000000e-13  0.0000000000e+00  2.1579599296e-22
 6.8200000000e+02  7.7000000000e-01  1.0000000000e+00  -3.1232730209e-05  3.1232729439e-05  7.7000000000e-13  0.0000000000e+00  3.4284444241e-21
 6.8300000000e+02  7.8000000000e-01  1.0000000000e+00  -3.1257581435e-05  3.1257580655e-05  7.8000000000e-13  0.0000000000e+00  1.3517062191e-22
 6.8400000000e+02  7.9000000000e-01  1.0000000000e+00  -3.1282085932e-05  3.1282085142e-05  7.9000000000e-13  0.0000000000e+00  1.0475049347e-20
 6.8500000000e+02  8.0000000000e-01  1.0000000000e+00  -3.1306254062e-05  3.1306253262e-05  8.0000000000e-13  0.0000000000e+00  4.8613723678e-22
 6.8600000000e+02  8.1000000000e-01  1.0000000000e+00  -3.1330095718e-05  3.1330094908e-05  8.1000000000e-13  0.0000000000e+00  4.0497523837e-21
 6.8700000000e+02  8.2000000000e-01  1.0000000000e+00  -3.1353620351e-05  3.1353619531e-05  8.2000000000e-13  0.0000000000e+00  1.4389631008e-20
 6.8800000000e+02  8.3000000000e-01  1.0000000000e+00  -3.1376836999e-05  3.1376836169e-05  8.3000000000e-13  0.0000000000e+00  4.4007189986e-21
 6.8900000000e+02  8.4000000000e-01  1.0000000000e+00  -3.1399754310e-05  3.1399753470e-05  8.4000000000e-13  0.0000000000e+00  1.1880704665e-21
 6.9000000000e+02  8.5000000000e-01  1.0000000000e+00  -3.1422380564e-05  3.1422379714e-05  8.5000000000e-13  0.0000000000e+00  1.1527949191e-20
 6.9100000000e+02  8.6000000000e-01  1.0000000000e+00  -3.1444723697e-05  3.1444722837e-05  8.6000000000e-13  0.0000000000e+00  1.5390370814e-21
 6.9200000000e+02  8.7000000000e-01  1.0000000000e+00  -3.1466791317e-05  3.1466790447e-05  8.7000000000e-13  0.0000000000e+00  5.1026522283e-21
 6.9300000000e+02  8.8000000000e-01  1.0000000000e+00  -3.1488590724e-05  3.1488589844e-05  8.8000000000e-13  0.0000000000e+00  1.8900037972e-21
 6.9400000000e+02  8.9000000000e-01  1.0000000000e+00  -3.1510128924e-05  3.1510128034e-05  8.9000000000e-13  0.0000000000e+00  1.3226447348e-21
 6.9500000000e+02  9.0000000000e-01  1.0000000000e+00  -3.1531412652e-05  3.1531411752e-05  9.0000000000e-13  0.0000000000e+00  4.5352931659e-21
 6.9600000000e+02  9.1000000000e-01  1.0000000000e+00  -3.1552448378e-05  3.1552447468e-05  9.1000000000e-13  0.0000000000e+00  9.7167811996e-22
 6.9700000000e+02  9.2000000000e-01  1.0000000000e+00  -3.1573242324e-05  3.1573241404e-05  9.2000000000e-13  0.0000000000e+00  2.5919369260e-21
 6.9800000000e+02  9.3000000000e-01  1.0000000000e+00  -3.1593800479e-05  3.1593799549e-05  9.3000000000e-13  0.0000000000e+00  6.2071140412e-22
 6.9900000000e+02  9.4000000000e-01  1.0000000000e+00  -3.1614128609e-05  3.1614127669e-05  9.4000000000e-13  0.0000000000e+00  3.8333599362e-21
 7.0000000000e+02  9.5000000000e-01  1.0000000000e+00  -3.1634232266e-05  3.1634231316e-05  9.5000000000e-13  0.0000000000e+00  2.6974489022e-22
 7.0100000000e+02  9.6000000000e-01  1.0000000000e+00  -3.1654116803e-05  3.1654115843e-05  9.6000000000e-13  0.0000000000e+00  3.4823934223e-21
 7.0200000000e+02  9.7000000000e-01  1.0000000000e+00  -3.1673787379e-05  3.1673786409e-05  9.7000000000e-13  0.0000000000e+00  8.1221825621e-23
 7.0300000000e+02  9.8000000000e-01  1.0000000000e+00  -3.1693248972e-05  3.1693247992e-05  9.8000000000e-13  0.0000000000e+00  1.0421100450e-20
 7.0400000000e+02  9.9000000000e-01  1.0000000000e+00  -3.1712506386e-05  3.1712505396e-05  9.9000000000e-13  0.0000000000e+00  4.3218833952e-22
 7.0500000000e+02  1.0000000000e+00  1.0000000000e+00  -3.1731564258e-05  3.1731563258e-05  1.0000000000e-12  0.0000000000e+00  2.7804597887e-21
 7.0600000000e+02  1.0100000000e+00  1.0000000000e+00  -3.1750427070e-05  3.1750426060e-05  1.0100000000e-12  0.0000000000e+00  7.8315525731e-22
 7.0700000000e+02  1.0200000000e+00  1.0000000000e+00  -3.1769099149e-05  3.1769098129e-05  1.0200000000e-12  0.0000000000e+00  4.3467703033e-21
 7.0800000000e+02  1.0300000000e+00  1.0000000000e+00  -3.1787584682e-05  3.1787583652e-05  1.0300000000e-12  0.0000000000e+00  1.1341219732e-21
 7.0900000000e+02  1.0400000000e+00  1.0000000000e+00  -3.1805887715e-05  3.1805886675e-05  1.0400000000e-12  0.0000000000e+00  4.6977370191e-21
 7.1000000000e+02  1.0500000000e+00  1.0000000000e+00  -3.1824012165e-05  3.1824011115e-05  1.0500000000e-12  0.0000000000e+00  5.2911750910e-21
 7.1100000000e+02  1.0600000000e+00  1.0000000000e+00  -3.1841961821e-05  3.1841960761e-05  1.0600000000e-12  0.0000000000e+00  5.0487035330e-21
 7.1200000000e+02  1.0700000000e+00  1.0000000000e+00  -3.1859740353e-05  3.1859739283e-05  1.0700000000e-12  0.0000000000e+00  1.1716471953e-20
 7.1300000000e+02  1.0800000000e+00  1.0000000000e+00  -3.1877351315e-05  3.1877350235e-05  1.0800000000e-12  0.0000000000e+00  1.3765933292e-21
 7.1400000000e+02  1.0900000000e+00  1.0000000000e+00  -3.1894798151e-05  3.1894797061e-05  1.0900000000e-12  0.0000000000e+00  1.1365505439e-20
 7.1500000000e+02  1.1000000000e+00  1.0000000000e+00  -3.1912084199e-05  3.1912083099e-05  1.1000000000e-12  0.0000000000e+00  1.4578153971e-20
 7.1600000000e+02  1.1100000000e+00  1.0000000000e+00  -3.1929212694e-05  3.1929211584e-05  1.1100000000e-12  0.0000000000e+00  2.5379882307e-21
 7.1700000000e+02  1.1200000000e+00  1.0000000000e+00  -3.1946186775e-05  3.1946185655e-05  1.1200000000e-12  0.0000000000e+00  6.7466009944e-22
 7.1800000000e+02  1.1300000000e+00  1.0000000000e+00  -3.1963009487e-05  3.1963008357e-05  1.1300000000e-12  0.0000000000e+00  1.0663572210e-20
 7.1900000000e+02  1.1400000000e+00  1.0000000000e+00  -3.1979683786e-05  3.1979682646e-05  1.1400000000e-12  0.0000000000e+00  6.4525699925e-21
 7.2000000000e+02  1.1500000000e+00  1.0000000000e+00  -3.1996212541e-05  3.1996211391e-05  1.1500000000e-12  0.0000000000e+00  3.5363421176e-21
 7.2100000000e+02  1.1600000000e+00  1.0000000000e+00  -3.2012598537e-05  3.2012597377e-05  1.1600000000e-12  0.0000000000e+00  2.7272928356e-23
 7.2200000000e+02  1.1700000000e+00  1.0000000000e+00  -3.2028844481e-05  3.2028843311e-05  1.1700000000e-12  0.0000000000e+00  1.0367151754e-20
 7.2300000000e+02  1.1800000000e+00  1.0000000000e+00  -3.2044953003e-05  3.2044951823e-05  1.1800000000e-12  0.0000000000e+00  3.7823964420e-22
 7.2400000000e+02  1.1900000000e+00  1.0000000000e+00  -3.2060926657e-05  3.2060925467e-05  1.1900000000e-12  0.0000000000e+00  1.0718118268e-20
 7.2500000000e+02  1.2000000000e+00  1.0000000000e+00  -3.2076767930e-05  3.2076766730e-05  1.2000000000e-12  0.0000000000e+00  7.2920514835e-22
 7.2600000000e+02  0.0000000000e+00  1.2000000000e+00  0.0000000000e+00  0.0000000000e+00  0.0000000000e+00  0.0000000000e+00  0.0000000000e+00
 7.2700000000e+02  1.0000000000e-02  1.2000000000e+00  -3.9742824005e-06  3.9742823905e-06  1.0000000000e-14  0.0000000000e+00  1.7548329955e-22
 7.2800000000e+02  2.0000000000e-02  1.2000000000e+00  -7.8292422979e-06  7.8292422779e-06  2.0000000000e-14  0.0000000000e+00  3.5096659909e-22
 7.2900000000e+02  3.0000000000e-02  1.2000000000e+00  -1.1565401117e-05  1.1565401087e-05  3.0000000000e-14  0.0000000000e+00  5.2644989706e-22
 7.3000000000e+02  4.0000000000e-02  1.2000000000e+00  -1.5183281943e-05  1.5183281903e-05  4.0000000000e-14  0.0000000000e+00  7.0193319819e-22
 7.3100000000e+02  5.0000000000e-02  1.2000000000e+00  -1.8683410313e-05  1.8683410263e-05  5.0000000000e-14  0.0000000000e+00  8.7741649931e-22
 7.3200000000e+02  6.0000000000e-02  1.2000000000e+00  -2.2066315168e-05  2.2066315108e-05  6.0000000000e-14  0.0000000000e+00  1.0528998067e-21
 7.3300000000e+02  7.0000000000e-02  1.2000000000e+00  -2.5332530003e-05  2.5332529933e-05  7.0000000000e-14  0.0000000000e+00  8.9360122655e-21
 7.3400000000e+02  8.0000000000e-02  1.2000000000e+00  -2.8482594265e-05  2.8482594185e-05  8.0000000000e-14  0.0000000000e+00  8.7605289707e-21
 7.3500000000e+02  9.0000000000e-02  1.2000000000e+00  -3.1517055057e-05  3.1517054967e-05  9.0000000000e-14  0.0000000000e+00  1.8087820978e-21
 7.3600000000e+02  1.0000000000e-01  1.2000000000e+00  -3.4436469223e-05  3.4436469123e-05  1.0000000000e-13  0.0000000000e+00  1.1797694170e-20
 7.3700000000e+02  1.1000000000e-01  1.2000000000e+00  -3.7241405914e-05  3.7241405804e-05  1.1000000000e-13  0.0000000000e+00  5.3184480824e-21
 7.3800000000e+02  1.2000000000e-01  1.2000000000e+00  -3.9932449764e-05  3.9932449644e-05  1.2000000000e-13  0.0000000000e+00  2.1057995882e-21
 7.3900000000e+02  1.3000000000e-01  1.2000000000e+00  -4.2510204827e-05  4.2510204697e-05  1.3000000000e-13  0.0000000000e+00  1.1068488933e-21
 7.4000000000e+02  1.4000000000e-01  1.2000000000e+00  -4.4975299475e-05  4.4975299335e-05  1.4000000000e-13  0.0000000000e+00  4.3194973749e-21
 7.4100000000e+02  1.5000000000e-01  1.2000000000e+00  -4.7328392537e-05  4.7328392387e-05  1.5000000000e-13  0.0000000000e+00  7.5588230371e-22
 7.4200000000e+02  1.6000000000e-01  1.2000000000e+00  -4.9570180977e-05  4.9570180817e-05  1.6000000000e-13  0.0000000000e+00  3.9685307853e-21
 7.4300000000e+02  1.7000000000e-01  1.2000000000e+00  -5.1701409554e-05  5.1701409384e-05  1.7000000000e-13  0.0000000000e+00  4.0491568884e-22
 7.4400000000e+02  1.8000000000e-01  1.2000000000e+00  -5.3722882978e-05  5.3722882798e-05  1.8000000000e-13  0.0000000000e+00  3.1586993824e-21
 7.4500000000e+02  1.9000000000e-01  1.2000000000e+00  -5.5635481203e-05  5.5635481013e-05  1.9000000000e-13  0.0000000000e+00  5.3949099214e-23
 7.4600000000e+02  2.0000000000e-01  1.2000000000e+00  -5.7440178660e-05  5.7440178460e-05  2.0000000000e-13  0.0000000000e+00  1.0285929575e-20
 7.4700000000e+02  2.1000000000e-01  1.2000000000e+00  -5.9138068337e-05  5.9138068127e-05  2.1000000000e-13  0.0000000000e+00  2.9701749041e-22
 7.4800000000e+02  2.2000000000e-01  1.2000000000e+00  -6.0730391755e-05  6.0730391535e-05  2.2000000000e-13  0.0000000000e+00  1.0636896165e-20
 7.4900000000e+02  2.3000000000e-01  1.2000000000e+00  -6.2218575890e-05  6.2218575660e-05  2.3000000000e-13  0.0000000000e+00  7.4242477590e-21
 7.5000000000e+02  2.4000000000e-01  1.2000000000e+00  -6.3604277969e-05  6.3604277729e-05  2.4000000000e-13  0.0000000000e+00  9.3409278786e-21
 7.5100000000e+02  2.5000000000e-01  1.2000000000e+00  -6.4889438588e-05  6.4889438338e-05  2.5000000000e-13  0.0000000000e+00  9.9895069491e-22
 7.5200000000e+02  2.6000000000e-01  1.2000000000e+00  -6.6076342687e-05  6.6076342427e-05  2.6000000000e-13  0.0000000000e+00  2.2136976857e-21
 7.5300000000e+02  2.7000000000e-01  1.2000000000e+00  -6.7167686218e-05  6.7167685948e-05  2.7000000000e-13  0.0000000000e+00  8.1261809888e-21
 7.5400000000e+02  2.8000000000e-01  1.2000000000e+00  -6.8166643888e-05  6.8166643608e-05  2.8000000000e-13  0.0000000000e+00  8.6389946489e-21
 7.5500000000e+02  2.9000000000e-01  1.2000000000e+00  -6.9076930038e-05  6.9076929748e-05  2.9000000000e-13  0.0000000000e+00  1.7008839751e-21
 7.5600000000e+02  3.0000000000e-01  1.2000000000e+00  -6.9902841225e-05  6.9902840925e-05  3.0000000000e-13  0.0000000000e+00  1.5117645064e-21
 7.5700000000e+02  3.1000000000e-01  1.2000000000e+00  -7.0649266503e-05  7.0649266193e-05  3.1000000000e-13  0.0000000000e+00  8.8281141680e-21
 7.5800000000e+02  3.2000000000e-01  1.2000000000e+00  -7.1321651575e-05  7.1321651255e-05  3.2000000000e-13  0.0000000000e+00  7.9370614696e-21
 7.5900000000e+02  3.3000000000e-01  1.2000000000e+00  -7.1925907689e-05  7.1925907359e-05  3.3000000000e-13  0.0000000000e+00  2.4028172049e-21
 7.6000000000e+02  3.4000000000e-01  1.2000000000e+00  -7.2468265673e-05  7.2468265333e-05  3.4000000000e-13  0.0000000000e+00  8.0983127671e-22
 7.6100000000e+02  3.5000000000e-01  1.2000000000e+00  -7.2955088092e-05  7.2955087742e-05  3.5000000000e-13  0.0000000000e+00  9.5300473978e-21
 7.6200000000e+02  3.6000000000e-01  1.2000000000e+00  -7.3392663509e-05  7.3392663149e-05  3.6000000000e-13  0.0000000000e+00  7.2351282904e-21
 7.6300000000e+02  3.7000000000e-01  1.2000000000e+00  -7.3787011803e-05  7.3787011433e-05  3.7000000000e-13  0.0000000000e+00  3.1047503841e-21
 7.6400000000e+02  3.8000000000e-01  1.2000000000e+00  -7.4143725996e-05  7.4143725616e-05  3.8000000000e-13  0.0000000000e+00  1.0789809745e-22
 7.6500000000e+02  3.9000000000e-01  1.2000000000e+00  -7.4467865866e-05  7.4467865476e-05  3.9000000000e-13  0.0000000000e+00  3.3205464781e-21
 7.6600000000e+02  4.0000000000e-01  1.2000000000e+00  -7.4763906295e-05  7.4763905895e-05  4.0000000000e-13  0.0000000000e+00  7.0193321964e-21
 7.6700000000e+02  4.1000000000e-01  1.2000000000e+00  -7.5035733175e-05  7.5035732765e-05  4.1000000000e-13  0.0000000000e+00  9.7458434412e-21
 7.6800000000e+02  4.2000000000e-01  1.2000000000e+00  -7.5286674292e-05  7.5286673872e-05  4.2000000000e-13  0.0000000000e+00  5.9403518277e-22
 7.6900000000e+02  4.3000000000e-01  1.2000000000e+00  -7.5519551597e-05  7.5519551167e-05  4.3000000000e-13  0.0000000000e+00  2.6186132988e-21
 7.7000000000e+02  4.4000000000e-01  1.2000000000e+00  -7.5736743308e-05  7.5736742868e-05  4.4000000000e-13  0.0000000000e+00  7.7212653757e-21
 7.7100000000e+02  4.5000000000e-01  1.2000000000e+00  -7.5940247460e-05  7.5940247010e-05  4.5000000000e-13  0.0000000000e+00  9.0439102620e-21
 7.7200000000e+02  4.6000000000e-01  1.2000000000e+00  -7.6131741701e-05  7.6131741241e-05  4.6000000000e-13  0.0000000000e+00  1.2959684630e-21
 7.7300000000e+02  4.7000000000e-01  1.2000000000e+00  -7.6312636660e-05  7.6312636190e-05  4.7000000000e-13  0.0000000000e+00  1.9166800691e-21
 7.7400000000e+02  4.8000000000e-01  1.2000000000e+00  -7.6484121918e-05  7.6484121438e-05  4.8000000000e-13  0.0000000000e+00  8.4231986559e-21
 7.7500000000e+02  4.9000000000e-01  1.2000000000e+00  -7.6647204706e-05  7.6647204216e-05  4.9000000000e-13  0.0000000000e+00  8.3419770322e-21
 7.7600000000e+02  5.0000000000e-01  1.2000000000e+00  -7.6802741958e-05  7.6802741458e-05  5.0000000000e-13  0.0000000000e+00  1.9979015918e-21
 7.7700000000e+02  5.1000000000e-01  1.2000000000e+00  -7.6951466602e-05  7.6951466092e-05  5.1000000000e-13  0.0000000000e+00  1.2147468393e-21
 7.7800000000e+02  5.2000000000e-01  1.2000000000e+00  -7.7094009006e-05  7.7094008486e-05  5.2000000000e-13  0.0000000000e+00  9.1251317847e-21
 7.7900000000e+02  5.3000000000e-01  1.2000000000e+00  -7.7230914410e-05  7.7230913880e-05  5.3000000000e-13  0.0000000000e+00  7.6400438025e-21
 7.8000000000e+02  5.4000000000e-01  1.2000000000e+00  -7.7362657103e-05  7.7362656563e-05  5.4000000000e-13  0.0000000000e+00  2.6998348215e-21
 7.8100000000e+02  5.5000000000e-01  1.2000000000e+00  -7.7489651946e-05  7.7489651396e-05  5.5000000000e-13  0.0000000000e+00  5.1281360959e-22
 7.8200000000e+02  5.6000000000e-01  1.2000000000e+00  -7.7612263782e-05  7.7612263222e-05  5.6000000000e-13  0.0000000000e+00  9.8270650144e-21
 7.8300000000e+02  5.7000000000e-01  1.2000000000e+00  -7.7730815129e-05  7.7730814559e-05  5.7000000000e-13  0.0000000000e+00  6.9381105728e-21
 7.8400000000e+02  5.8000000000e-01  1.2000000000e+00  -7.7845592498e-05  7.7845591918e-05  5.8000000000e-13  0.0000000000e+00  1.0150759105e-20
 7.8500000000e+02  5.9000000000e-01  1.2000000000e+00  -7.7956851613e-05  7.7956851023e-05  5.9000000000e-13  0.0000000000e+00  1.8911962015e-22
 7.8600000000e+02  6.0000000000e-01  1.2000000000e+00  -7.8064821726e-05  7.8064821126e-05  6.0000000000e-13  0.0000000000e+00  3.0235289119e-21
 7.8700000000e+02  6.1000000000e-01  1.2000000000e+00  -7.8169709223e-05  7.8169708613e-05  6.1000000000e-13  0.0000000000e+00  7.3163498131e-21
 7.8800000000e+02  6.2000000000e-01  1.2000000000e+00  -7.8271700633e-05  7.8271700013e-05  6.2000000000e-13  0.0000000000e+00  9.4488258751e-21
 7.8900000000e+02  6.3000000000e-01  1.2000000000e+00  -7.8370965164e-05  7.8370964534e-05  6.3000000000e-13  0.0000000000e+00  8.9105284989e-22
 7.9000000000e+02  6.4000000000e-01  1.2000000000e+00  -7.8467656843e-05  7.8467656203e-05  6.4000000000e-13  0.0000000000e+00  2.3215956822e-21
 7.9100000000e+02  6.5000000000e-01  1.2000000000e+00  -7.8561916335e-05  7.8561915685e-05  6.5000000000e-13  0.0000000000e+00  8.0182830428e-21
 7.9200000000e+02  6.6000000000e-01  1.2000000000e+00  -7.8653872498e-05  7.8653871838e-05  6.6000000000e-13  0.0000000000e+00  8.7468926453e-21
 7.9300000000e+02  6.7000000000e-01  1.2000000000e+00  -7.8743643709e-05  7.8743643039e-05  6.7000000000e-13  0.0000000000e+00  1.5929860796e-21
 7.9400000000e+02  6.8000000000e-01  1.2000000000e+00  -7.8831339011e-05  7.8831338331e-05  6.8000000000e-13  0.0000000000e+00  1.6196624524e-21
 7.9500000000e+02  6.9000000000e-01  1.2000000000e+00  -7.8917059107e-05  7.8917058417e-05  6.9000000000e-13  0.0000000000e+00  8.7202162725e-21
 7.9600000000e+02  7.0000000000e-01  1.2000000000e+00  -7.9000897213e-05  7.9000896513e-05  7.0000000000e-13  0.0000000000e+00  8.0449594156e-21
 7.9700000000e+02  7.1000000000e-01  1.2000000000e+00  -7.9082939816e-05  7.9082939106e-05  7.1000000000e-13  0.0000000000e+00  2.2949193094e-21
 7.9800000000e+02  7.2000000000e-01  1.2000000000e+00  -7.9163267324e-05  7.9163266604e-05  7.2000000000e-13  0.0000000000e+00  9.1772922270e-22
 7.9900000000e+02  7.3000000000e-01  1.2000000000e+00  -7.9241954644e-05  7.9241953914e-05  7.3000000000e-13  0.0000000000e+00  9.4221495023e-21
 8.0000000000e+02  7.4000000000e-01  1.2000000000e+00  -7.9319071690e-05  7.9319070950e-05  7.4000000000e-13  0.0000000000e+00  7.3430261859e-21
 8.0100000000e+02  7.5000000000e-01  1.2000000000e+00  -7.9394683835e-05  7.9394683085e-05  7.5000000000e-13  0.0000000000e+00  2.9968525391e-21
 8.0200000000e+02  7.6000000000e-01  1.2000000000e+00  -7.9468852305e-05  7.9468851545e-05  7.6000000000e-13  0.0000000000e+00  2.1579599296e-22
 8.0300000000e+02  7.7000000000e-01  1.2000000000e+00  -7.9541634536e-05  7.9541633766e-05  7.7000000000e-13  0.0000000000e+00  1.0124082732e-20
 8.0400000000e+02  7.8000000000e-01  1.2000000000e+00  -7.9613084492e-05  7.9613083712e-05  7.8000000000e-13  0.0000000000e+00  6.9114341999e-21
 8.0500000000e+02  7.9000000000e-01  1.2000000000e+00  -7.9683252944e-05  7.9683252154e-05  7.9000000000e-13  0.0000000000e+00  9.8537413872e-21
 8.0600000000e+02  8.0000000000e-01  1.2000000000e+00  -7.9752187729e-05  7.9752186929e-05  8.0000000000e-13  0.0000000000e+00  4.8613723678e-22
 8.0700000000e+02  8.1000000000e-01  1.2000000000e+00  -7.9819933978e-05  7.9819933168e-05  8.1000000000e-13  0.0000000000e+00  2.7265111943e-21
 8.0800000000e+02  8.2000000000e-01  1.2000000000e+00  -7.9886534318e-05  7.9886533498e-05  8.2000000000e-13  0.0000000000e+00  7.6133674297e-21
 8.0900000000e+02  8.3000000000e-01  1.2000000000e+00  -7.9952029064e-05  7.9952028234e-05  8.3000000000e-13  0.0000000000e+00  9.1518081575e-21
 8.1000000000e+02  8.4000000000e-01  1.2000000000e+00  -8.0016456385e-05  8.0016455545e-05  8.4000000000e-13  0.0000000000e+00  1.1880704665e-21
 8.1100000000e+02  8.5000000000e-01  1.2000000000e+00  -8.0079852460e-05  8.0079851610e-05  8.5000000000e-13  0.0000000000e+00  2.0245779646e-21
 8.1200000000e+02  8.6000000000e-01  1.2000000000e+00  -8.0142251615e-05  8.0142250755e-05  8.6000000000e-13  0.0000000000e+00  8.3153006594e-21
 8.1300000000e+02  8.7000000000e-01  1.2000000000e+00  -8.0203686452e-05  8.0203685582e-05  8.7000000000e-13  0.0000000000e+00  8.4498749277e-21
 8.1400000000e+02  8.8000000000e-01  1.2000000000e+00  -8.0264187964e-05  8.0264187084e-05  8.8000000000e-13  0.0000000000e+00  1.8900037972e-21
 8.1500000000e+02  8.9000000000e-01  1.2000000000e+00  -8.0323785643e-05  8.0323784753e-05  8.9000000000e-13  0.0000000000e+00  1.3226447348e-21
 8.1600000000e+02  9.0000000000e-01  1.2000000000e+00  -8.0382507579e-05  8.0382506679e-05  9.0000000000e-13  0.0000000000e+00  9.0172339901e-21
 8.1700000000e+02  9.1000000000e-01  1.2000000000e+00  -8.0440380544e-05  8.0440379634e-05  9.1000000000e-13  0.0000000000e+00  7.7479416980e-21
 8.1800000000e+02  9.2000000000e-01  1.2000000000e+00  -8.0497430081e-05  8.0497429161e-05  9.2000000000e-13  0.0000000000e+00  2.5919369260e-21
 8.1900000000e+02  9.3000000000e-01  1.2000000000e+00  -8.0553680576e-05  8.0553679646e-05  9.3000000000e-13  0.0000000000e+00  6.2071140412e-22
 8.2000000000e+02  9.4000000000e-01  1.2000000000e+00  -8.0609155331e-05  8.0609154391e-05  9.4000000000e-13  0.0000000000e+00  9.7191672199e-21
 8.2100000000e+02  9.5000000000e-01  1.2000000000e+00  -8.0663876623e-05  8.0663875673e-05  9.5000000000e-13  0.0000000000e+00  7.0460084683e-21
 8.2200000000e+02  9.6000000000e-01  1.2000000000e+00  -8.0717865771e-05  8.0717864811e-05  9.6000000000e-13  0.0000000000e+00  3.2938701557e-21
 8.2300000000e+02  9.7000000000e-01  1.2000000000e+00  -8.0771143189e-05  8.0771142219e-05  9.7000000000e-13  0.0000000000e+00  8.1221825621e-23
 8.2400000000e+02  9.8000000000e-01  1.2000000000e+00  -8.0823728433e-05  8.0823727453e-05  9.8000000000e-13  0.0000000000e+00  3.1314267064e-21
 8.2500000000e+02  9.9000000000e-01  1.2000000000e+00  -8.0875640257e-05  8.0875639267e-05  9.9000000000e-13  0.0000000000e+00  7.2084519176e-21
 8.2600000000e+02  1.0000000000e+00  1.2000000000e+00  -8.0926896649e-05  8.0926895649e-05  1.0000000000e-12  0.0000000000e+00  9.5567233667e-21
 8.2700000000e+02  1.0100000000e+00  1.2000000000e+00  -8.0977514879e-05  8.0977513869e-05  1.0100000000e-12  0.0000000000e+00  7.8315525731e-22
 8.2800000000e+02  1.0200000000e+00  1.2000000000e+00  -8.1027511535e-05  8.1027510515e-05  1.0200000000e-12  0.0000000000e+00  2.4294932748e-21
 8.2900000000e+02  1.0300000000e+00  1.2000000000e+00  -8.1076902557e-05  8.1076901527e-05  1.0300000000e-12  0.0000000000e+00  7.9103855512e-21
 8.3000000000e+02  1.0400000000e+00  1.2000000000e+00  -8.1125703273e-05  8.1125702233e-05  1.0400000000e-12  0.0000000000e+00  8.8547901370e-21
 8.3100000000e+02  1.0500000000e+00  1.2000000000e+00  -8.1173928432e-05  8.1173927382e-05  1.0500000000e-12  0.0000000000e+00  1.4850884870e-21
 8.3200000000e+02  1.0600000000e+00  1.2000000000e+00  -8.1221592229e-05  8.1221591169e-05  1.0600000000e-12  0.0000000000e+00  1.7275600450e-21
 8.3300000000e+02  1.0700000000e+00  1.2000000000e+00  -8.1268708335e-05  8.1268707265e-05  1.0700000000e-12  0.0000000000e+00  8.6123187809e-21
 8.3400000000e+02  1.0800000000e+00  1.2000000000e+00  -8.1315289925e-05  8.1315288845e-05  1.0800000000e-12  0.0000000000e+00  8.1528569072e-21
 8.3500000000e+02  1.0900000000e+00  1.2000000000e+00  -8.1361349696e-05  8.1361348606e-05  1.0900000000e-12  0.0000000000e+00  2.1870217168e-21
 8.3600000000e+02  1.1000000000e+00  1.2000000000e+00  -8.1406899896e-05  8.1406898796e-05  1.1000000000e-12  0.0000000000e+00  1.0256268153e-21
 8.3700000000e+02  1.1100000000e+00  1.2000000000e+00  -8.1451952344e-05  8.1451951234e-05  1.1100000000e-12  0.0000000000e+00  9.3142518087e-21
 8.3800000000e+02  1.1200000000e+00  1.2000000000e+00  -8.1496518446e-05  8.1496517326e-05  1.1200000000e-12  0.0000000000e+00  7.4509236775e-21
 8.3900000000e+02  1.1300000000e+00  1.2000000000e+00  -8.1540609220e-05  8.1540608090e-05  1.1300000000e-12  0.0000000000e+00  2.8889549465e-21
 8.4000000000e+02  1.1400000000e+00  1.2000000000e+00  -8.1584235309e-05  8.1584234169e-05  1.1400000000e-12  0.0000000000e+00  3.2369358554e-22
 8.4100000000e+02  1.1500000000e+00  1.2000000000e+00  -8.1627407001e-05  8.1627405851e-05  1.1500000000e-12  0.0000000000e+00  1.0016185038e-20
 8.4200000000e+02  1.1600000000e+00  1.2000000000e+00  -8.1670134242e-05  8.1670133082e-05  1.1600000000e-12  0.0000000000e+00  6.8035365064e-21
 8.4300000000e+02  1.1700000000e+00  1.2000000000e+00  -8.1712426654e-05  8.1712425484e-05  1.1700000000e-12  0.0000000000e+00  9.9616389798e-21
 8.4400000000e+02  1.1800000000e+00  1.2000000000e+00  -8.1754293546e-05  8.1754292366e-05  1.1800000000e-12  0.0000000000e+00  3.7823964420e-22
 8.4500000000e+02  1.1900000000e+00  1.2000000000e+00  -8.1795743933e-05  8.1795742743e-05  1.1900000000e-12  0.0000000000e+00  2.8344088879e-21
 8.4600000000e+02  1.2000000000e+00  1.2000000000e+00  -8.1836786540e-05  8.1836785340e-05  1.2000000000e-12  0.0000000000e+00  7.5054687264e-21
