 v-sweep         v(drain_iv)     v(gate_iv)      id              is              ib              ig              kcl            
 0.00000000e+00  0.00000000e+00  0.00000000e+00 -1.97156162e-41 -7.58293500e-42  2.72985512e-41  0.00000000e+00  0.00000000e+00 
-1.00000000e-02 -1.00000000e-02  0.00000000e+00  2.55021368e-11 -2.54986980e-11 -3.43880886e-15  0.00000000e+00  2.05024949e-27 
-2.00000000e-02 -2.00000000e-02  0.00000000e+00  4.52515742e-11 -4.52454907e-11 -6.08352784e-15  0.00000000e+00  3.01265980e-27 
-3.00000000e-02 -3.00000000e-02  0.00000000e+00  6.03531072e-11 -6.03449892e-11 -8.11806301e-15  0.00000000e+00  4.98875636e-27 
-4.00000000e-02 -4.00000000e-02  0.00000000e+00  7.18312186e-11 -7.18215349e-11 -9.68372898e-15  0.00000000e+00  7.00035167e-27 
-5.00000000e-02 -5.00000000e-02  0.00000000e+00  8.05647354e-11 -8.05538463e-11 -1.08891128e-14  0.00000000e+00  4.52490615e-27 
-6.00000000e-02 -6.00000000e-02  0.00000000e+00  8.72605879e-11 -8.72487703e-11 -1.18176535e-14  0.00000000e+00  8.27041773e-27 
-7.00000000e-02 -7.00000000e-02  0.00000000e+00  9.24604713e-11 -9.24479378e-11 -1.25334661e-14  0.00000000e+00  1.36157392e-26 
-8.00000000e-02 -8.00000000e-02  0.00000000e+00  9.65659304e-11 -9.65528446e-11 -1.30858171e-14  0.00000000e+00  5.44945113e-27 
-9.00000000e-02 -9.00000000e-02  0.00000000e+00  9.98687788e-11 -9.98552663e-11 -1.35125632e-14  0.00000000e+00  1.09793661e-26 
-1.00000000e-01 -1.00000000e-01  0.00000000e+00  1.02579116e-10 -1.02565274e-10 -1.38427935e-14  0.00000000e+00  6.04267453e-27 
-1.10000000e-01 -1.10000000e-01  0.00000000e+00  1.04847963e-10 -1.04833864e-10 -1.40988606e-14  0.00000000e+00  3.42996722e-27 
-1.20000000e-01 -1.20000000e-01  0.00000000e+00  1.06784268e-10 -1.06769970e-10 -1.42979401e-14  0.00000000e+00  5.84072614e-27 
-1.30000000e-01 -1.30000000e-01  0.00000000e+00  1.08467192e-10 -1.08452739e-10 -1.44532301e-14  0.00000000e+00  1.39344390e-26 
-1.40000000e-01 -1.40000000e-01  0.00000000e+00  1.09954781e-10 -1.09940207e-10 -1.45748718e-14  0.00000000e+00  3.28166137e-27 
-1.50000000e-01 -1.50000000e-01  0.00000000e+00  1.11290044e-10 -1.11275374e-10 -1.46706581e-14  0.00000000e+00  3.33845935e-27 
-1.60000000e-01 -1.60000000e-01  0.00000000e+00  1.12505194e-10 -1.12490447e-10 -1.47465768e-14  0.00000000e+00  2.82727748e-27 
-1.70000000e-01 -1.70000000e-01  0.00000000e+00  1.13624624e-10 -1.13609817e-10 -1.48072291e-14  0.00000000e+00  3.08286842e-27 
-1.80000000e-01 -1.80000000e-01  0.00000000e+00  1.14667010e-10 -1.14652153e-10 -1.48561507e-14  0.00000000e+00  8.79106593e-27 
-1.90000000e-01 -1.90000000e-01  0.00000000e+00  1.15646795e-10 -1.15631899e-10 -1.48960583e-14  0.00000000e+00  5.23803641e-27 
-2.00000000e-01 -2.00000000e-01  0.00000000e+00  1.16575267e-10 -1.16560338e-10 -1.49290395e-14  0.00000000e+00  1.47548544e-26 
-2.10000000e-01 -2.10000000e-01  0.00000000e+00  1.17461330e-10 -1.17446373e-10 -1.49566984e-14  0.00000000e+00  1.62316020e-26 
-2.20000000e-01 -2.20000000e-01  0.00000000e+00  1.18312070e-10 -1.18297090e-10 -1.49802677e-14  0.00000000e+00  8.07793567e-27 
-2.30000000e-01 -2.30000000e-01  0.00000000e+00  1.19133179e-10 -1.19118178e-10 -1.50006943e-14  0.00000000e+00  1.60044100e-26 
-2.40000000e-01 -2.40000000e-01  0.00000000e+00  1.19929261e-10 -1.19914242e-10 -1.50187063e-14  0.00000000e+00  2.20660172e-26 
-2.50000000e-01 -2.50000000e-01  0.00000000e+00  1.20704072e-10 -1.20689037e-10 -1.50348627e-14  0.00000000e+00  1.33317493e-26 
-2.60000000e-01 -2.60000000e-01  0.00000000e+00  1.21460699e-10 -1.21445649e-10 -1.50495933e-14  0.00000000e+00  1.32875731e-26 
-2.70000000e-01 -2.70000000e-01  0.00000000e+00  1.22201692e-10 -1.22186628e-10 -1.50632284e-14  0.00000000e+00  3.00556005e-26 
-2.80000000e-01 -2.80000000e-01  0.00000000e+00  1.22929175e-10 -1.22914099e-10 -1.50760215e-14  0.00000000e+00  3.04184765e-27 
-2.90000000e-01 -2.90000000e-01  0.00000000e+00  1.23644925e-10 -1.23629837e-10 -1.50881679e-14  0.00000000e+00  1.34642779e-26 
-3.00000000e-01 -3.00000000e-01  0.00000000e+00  1.24350441e-10 -1.24335342e-10 -1.50998171e-14  0.00000000e+00  1.23535618e-26 
-3.10000000e-01 -3.10000000e-01  0.00000000e+00  1.25046990e-10 -1.25031879e-10 -1.51110844e-14  0.00000000e+00  1.77809248e-26 
-3.20000000e-01 -3.20000000e-01  0.00000000e+00  1.25735649e-10 -1.25720527e-10 -1.51220582e-14  0.00000000e+00  1.77777694e-26 
-3.30000000e-01 -3.30000000e-01  0.00000000e+00  1.26417341e-10 -1.26402209e-10 -1.51328064e-14  0.00000000e+00  5.07395334e-27 
-3.40000000e-01 -3.40000000e-01  0.00000000e+00  1.27092858e-10 -1.27077715e-10 -1.51433814e-14  0.00000000e+00  2.42969159e-28 
-3.50000000e-01 -3.50000000e-01  0.00000000e+00  1.27762882e-10 -1.27747728e-10 -1.51538232e-14  0.00000000e+00  1.58718814e-27 
-3.60000000e-01 -3.60000000e-01  0.00000000e+00  1.28428005e-10 -1.28412841e-10 -1.51641627e-14  0.00000000e+00  3.45521076e-27 
-3.70000000e-01 -3.70000000e-01  0.00000000e+00  1.29088741e-10 -1.29073566e-10 -1.51744236e-14  0.00000000e+00  2.28233237e-26 
-3.80000000e-01 -3.80000000e-01  0.00000000e+00  1.29745538e-10 -1.29730353e-10 -1.51846240e-14  0.00000000e+00  1.50325334e-26 
-3.90000000e-01 -3.90000000e-01  0.00000000e+00  1.30398789e-10 -1.30383595e-10 -1.51947781e-14  0.00000000e+00  2.82696194e-26 
-4.00000000e-01 -4.00000000e-01  0.00000000e+00  1.31048840e-10 -1.31033635e-10 -1.52048964e-14  0.00000000e+00  2.89259517e-26 
-4.10000000e-01 -4.10000000e-01  0.00000000e+00  1.31695995e-10 -1.31680780e-10 -1.52149874e-14  0.00000000e+00  2.17536283e-26 
-4.20000000e-01 -4.20000000e-01  0.00000000e+00  1.32340522e-10 -1.32325297e-10 -1.52250572e-14  0.00000000e+00  3.62150264e-26 
-4.30000000e-01 -4.30000000e-01  0.00000000e+00  1.32982660e-10 -1.32967425e-10 -1.52351109e-14  0.00000000e+00  1.98067196e-26 
-4.40000000e-01 -4.40000000e-01  0.00000000e+00  1.33622622e-10 -1.33607377e-10 -1.52451522e-14  0.00000000e+00  1.28079457e-26 
-4.50000000e-01 -4.50000000e-01  0.00000000e+00  1.34260595e-10 -1.34245340e-10 -1.52551839e-14  0.00000000e+00  1.00658652e-27 
-4.60000000e-01 -4.60000000e-01  0.00000000e+00  1.34896749e-10 -1.34881484e-10 -1.52652083e-14  0.00000000e+00  1.44456209e-26 
-4.70000000e-01 -4.70000000e-01  0.00000000e+00  1.35531236e-10 -1.35515960e-10 -1.52752270e-14  0.00000000e+00  2.67139857e-26 
-4.80000000e-01 -4.80000000e-01  0.00000000e+00  1.36164190e-10 -1.36148905e-10 -1.52852414e-14  0.00000000e+00  2.01317303e-26 
-4.90000000e-01 -4.90000000e-01  0.00000000e+00  1.36795735e-10 -1.36780440e-10 -1.52952525e-14  0.00000000e+00  1.49820463e-26 
-5.00000000e-01 -5.00000000e-01  0.00000000e+00  1.37425981e-10 -1.37410676e-10 -1.53052610e-14  0.00000000e+00  1.27700803e-26 
-5.10000000e-01 -5.10000000e-01  0.00000000e+00  1.38055027e-10 -1.38039712e-10 -1.53152675e-14  0.00000000e+00  1.62631564e-26 
-5.20000000e-01 -5.20000000e-01  0.00000000e+00  1.38682964e-10 -1.38667639e-10 -1.53252725e-14  0.00000000e+00  9.66827925e-27 
-5.30000000e-01 -5.30000000e-01  0.00000000e+00  1.39309874e-10 -1.39294539e-10 -1.53352764e-14  0.00000000e+00  3.51137766e-26 
-5.40000000e-01 -5.40000000e-01  0.00000000e+00  1.39935831e-10 -1.39920486e-10 -1.53452794e-14  0.00000000e+00  3.28166137e-26 
-5.50000000e-01 -5.50000000e-01  0.00000000e+00  1.40560903e-10 -1.40545548e-10 -1.53552817e-14  0.00000000e+00  1.43320249e-26 
-5.60000000e-01 -5.60000000e-01  0.00000000e+00  1.41185152e-10 -1.41169787e-10 -1.53652835e-14  0.00000000e+00  8.12526732e-27 
-5.70000000e-01 -5.70000000e-01  0.00000000e+00  1.41808635e-10 -1.41793259e-10 -1.53752850e-14  0.00000000e+00  3.71805922e-26 
-5.80000000e-01 -5.80000000e-01  0.00000000e+00  1.42431403e-10 -1.42416017e-10 -1.53852861e-14  0.00000000e+00  1.31897543e-27 
-5.90000000e-01 -5.90000000e-01  0.00000000e+00  1.43053503e-10 -1.43038108e-10 -1.53952870e-14  0.00000000e+00  3.29617641e-26 
-6.00000000e-01 -6.00000000e-01  0.00000000e+00  1.43674980e-10 -1.43659575e-10 -1.54052877e-14  0.00000000e+00  1.66670532e-26 
-6.10000000e-01 -6.10000000e-01  0.00000000e+00  1.44295873e-10 -1.44280458e-10 -1.54152883e-14  0.00000000e+00  1.05959797e-26 
-6.20000000e-01 -6.20000000e-01  0.00000000e+00  1.44916220e-10 -1.44900795e-10 -1.54252889e-14  0.00000000e+00  1.46822792e-26 
-6.30000000e-01 -6.30000000e-01  0.00000000e+00  1.45536054e-10 -1.45520619e-10 -1.54352893e-14  0.00000000e+00  4.49019627e-27 
-6.40000000e-01 -6.40000000e-01  0.00000000e+00  1.46155406e-10 -1.46139961e-10 -1.54452898e-14  0.00000000e+00  9.36851211e-27 
-6.50000000e-01 -6.50000000e-01  0.00000000e+00  1.46774306e-10 -1.46758851e-10 -1.54552903e-14  0.00000000e+00  7.37111630e-27 
-6.60000000e-01 -6.60000000e-01  0.00000000e+00  1.47392781e-10 -1.47377316e-10 -1.54652907e-14  0.00000000e+00  4.10838759e-27 
-6.70000000e-01 -6.70000000e-01  0.00000000e+00  1.48010855e-10 -1.47995380e-10 -1.54752912e-14  0.00000000e+00  4.46179728e-27 
-6.80000000e-01 -6.80000000e-01  0.00000000e+00  1.48628552e-10 -1.48613066e-10 -1.54852918e-14  0.00000000e+00  3.51611083e-26 
-6.90000000e-01 -6.90000000e-01  0.00000000e+00  1.49245892e-10 -1.49230397e-10 -1.54952924e-14  0.00000000e+00  9.46633086e-30 
-7.00000000e-01 -7.00000000e-01  0.00000000e+00  1.49862896e-10 -1.49847391e-10 -1.55052930e-14  0.00000000e+00  1.45150407e-28 
-7.10000000e-01 -7.10000000e-01  0.00000000e+00  1.50479583e-10 -1.50464068e-10 -1.55152938e-14  0.00000000e+00  1.56415340e-26 
-7.20000000e-01 -7.20000000e-01  0.00000000e+00  1.51095969e-10 -1.51080444e-10 -1.55252946e-14  0.00000000e+00  1.11324051e-26 
-7.30000000e-01 -7.30000000e-01  0.00000000e+00  1.51712071e-10 -1.51696536e-10 -1.55352955e-14  0.00000000e+00  1.53291451e-26 
-7.40000000e-01 -7.40000000e-01  0.00000000e+00  1.52327904e-10 -1.52312359e-10 -1.55452966e-14  0.00000000e+00  2.34765005e-27 
-7.50000000e-01 -7.50000000e-01  0.00000000e+00  1.52943482e-10 -1.52927927e-10 -1.55552978e-14  0.00000000e+00  7.06819371e-28 
-7.60000000e-01 -7.60000000e-01  0.00000000e+00  1.53558818e-10 -1.53543253e-10 -1.55652991e-14  0.00000000e+00  1.61590268e-26 
-7.70000000e-01 -7.70000000e-01  0.00000000e+00  1.54173925e-10 -1.54158349e-10 -1.55753005e-14  0.00000000e+00  3.65116381e-26 
-7.80000000e-01 -7.80000000e-01  0.00000000e+00  1.54788813e-10 -1.54773227e-10 -1.55853022e-14  0.00000000e+00  9.51997340e-27 
-7.90000000e-01 -7.90000000e-01  0.00000000e+00  1.55403494e-10 -1.55387898e-10 -1.55953040e-14  0.00000000e+00  2.76416861e-27 
-8.00000000e-01 -8.00000000e-01  0.00000000e+00  1.56017977e-10 -1.56002372e-10 -1.56053060e-14  0.00000000e+00  2.95191751e-26 
-8.10000000e-01 -8.10000000e-01  0.00000000e+00  1.56632274e-10 -1.56616658e-10 -1.56153082e-14  0.00000000e+00  4.55519841e-26 
-8.20000000e-01 -8.20000000e-01  0.00000000e+00  1.57246391e-10 -1.57230766e-10 -1.56253106e-14  0.00000000e+00  4.83729507e-27 
-8.30000000e-01 -8.30000000e-01  0.00000000e+00  1.57860339e-10 -1.57844703e-10 -1.56353133e-14  0.00000000e+00  1.27827021e-26 
-8.40000000e-01 -8.40000000e-01  0.00000000e+00  1.58474124e-10 -1.58458479e-10 -1.56453162e-14  0.00000000e+00  3.70985507e-26 
-8.50000000e-01 -8.50000000e-01  0.00000000e+00  1.59087754e-10 -1.59072099e-10 -1.56553195e-14  0.00000000e+00  9.81658510e-27 
-8.60000000e-01 -8.60000000e-01  0.00000000e+00  1.59701237e-10 -1.59685572e-10 -1.56653230e-14  0.00000000e+00  9.54837240e-27 
-8.70000000e-01 -8.70000000e-01  0.00000000e+00  1.60314579e-10 -1.60298904e-10 -1.56753268e-14  0.00000000e+00  3.25263128e-26 
-8.80000000e-01 -8.80000000e-01  0.00000000e+00  1.60927786e-10 -1.60912101e-10 -1.56853310e-14  0.00000000e+00  2.40634131e-26 
-8.90000000e-01 -8.90000000e-01  0.00000000e+00  1.61540864e-10 -1.61525169e-10 -1.56953355e-14  0.00000000e+00  1.07505964e-26 
-9.00000000e-01 -9.00000000e-01  0.00000000e+00  1.62153820e-10 -1.62138114e-10 -1.57053404e-14  0.00000000e+00  1.74811577e-27 
-9.10000000e-01 -9.10000000e-01  0.00000000e+00  1.62766657e-10 -1.62750941e-10 -1.57153457e-14  0.00000000e+00  3.28071473e-26 
-9.20000000e-01 -9.20000000e-01  0.00000000e+00  1.63379381e-10 -1.63363656e-10 -1.57253515e-14  0.00000000e+00  1.40859003e-26 
-9.30000000e-01 -9.30000000e-01  0.00000000e+00  1.63991998e-10 -1.63976262e-10 -1.57353577e-14  0.00000000e+00  3.05636269e-26 
-9.40000000e-01 -9.40000000e-01  0.00000000e+00  1.64604510e-10 -1.64588765e-10 -1.57453643e-14  0.00000000e+00  2.58746377e-27 
-9.50000000e-01 -9.50000000e-01  0.00000000e+00  1.65216924e-10 -1.65201169e-10 -1.57553714e-14  0.00000000e+00  9.54837240e-27 
-9.60000000e-01 -9.60000000e-01  0.00000000e+00  1.65829243e-10 -1.65813477e-10 -1.57653791e-14  0.00000000e+00  6.11840518e-27 
-9.70000000e-01 -9.70000000e-01  0.00000000e+00  1.66441470e-10 -1.66425694e-10 -1.57753873e-14  0.00000000e+00  8.39979092e-27 
-9.80000000e-01 -9.80000000e-01  0.00000000e+00  1.67053609e-10 -1.67037824e-10 -1.57853961e-14  0.00000000e+00  1.21800124e-27 
-9.90000000e-01 -9.90000000e-01  0.00000000e+00  1.67665664e-10 -1.67649869e-10 -1.57954054e-14  0.00000000e+00  4.65648815e-26 
-1.00000000e+00 -1.00000000e+00  0.00000000e+00  1.68277639e-10 -1.68261833e-10 -1.58054154e-14  0.00000000e+00  2.31167800e-26 
-1.01000000e+00 -1.01000000e+00  0.00000000e+00  1.68889536e-10 -1.68873720e-10 -1.58154260e-14  0.00000000e+00  1.92923823e-26 
-1.02000000e+00 -1.02000000e+00  0.00000000e+00  1.69501358e-10 -1.69485532e-10 -1.58254373e-14  0.00000000e+00  2.57263318e-26 
-1.03000000e+00 -1.03000000e+00  0.00000000e+00  1.70113108e-10 -1.70097272e-10 -1.58354493e-14  0.00000000e+00  9.46633086e-28 
-1.04000000e+00 -1.04000000e+00  0.00000000e+00  1.70724789e-10 -1.70708944e-10 -1.58454620e-14  0.00000000e+00  8.63329375e-27 
-1.05000000e+00 -1.05000000e+00  0.00000000e+00  1.71336404e-10 -1.71320548e-10 -1.58554755e-14  0.00000000e+00  1.86455164e-26 
-1.06000000e+00 -1.06000000e+00  0.00000000e+00  1.71947954e-10 -1.71932089e-10 -1.58654898e-14  0.00000000e+00  3.28797225e-26 
-1.07000000e+00 -1.07000000e+00  0.00000000e+00  1.72559443e-10 -1.72543568e-10 -1.58755049e-14  0.00000000e+00  1.18581571e-26 
-1.08000000e+00 -1.08000000e+00  0.00000000e+00  1.73170873e-10 -1.73154988e-10 -1.58855208e-14  0.00000000e+00  2.61491613e-26 
-1.09000000e+00 -1.09000000e+00  0.00000000e+00  1.73782245e-10 -1.73766350e-10 -1.58955376e-14  0.00000000e+00  1.31645108e-26 
-1.10000000e+00 -1.10000000e+00  0.00000000e+00  1.74393563e-10 -1.74377657e-10 -1.59055554e-14  0.00000000e+00  5.47153924e-27 
-1.11000000e+00 -1.11000000e+00  0.00000000e+00  1.75004827e-10 -1.74988911e-10 -1.59155740e-14  0.00000000e+00  1.58624151e-26 
-1.12000000e+00 -1.12000000e+00  0.00000000e+00  1.75616040e-10 -1.75600114e-10 -1.59255936e-14  0.00000000e+00  1.64714157e-26 
-1.13000000e+00 -1.13000000e+00  0.00000000e+00  1.76227203e-10 -1.76211267e-10 -1.59356143e-14  0.00000000e+00  2.85946301e-26 
-1.14000000e+00 -1.14000000e+00  0.00000000e+00  1.76838318e-10 -1.76822373e-10 -1.59456359e-14  0.00000000e+00  2.90079932e-26 
-1.15000000e+00 -1.15000000e+00  0.00000000e+00  1.77449388e-10 -1.77433432e-10 -1.59556586e-14  0.00000000e+00  3.77454166e-26 
-1.16000000e+00 -1.16000000e+00  0.00000000e+00  1.78060412e-10 -1.78044447e-10 -1.59656824e-14  0.00000000e+00  2.53445232e-26 
-1.17000000e+00 -1.17000000e+00  0.00000000e+00  1.78671394e-10 -1.78655419e-10 -1.59757074e-14  0.00000000e+00  1.16120325e-27 
-1.18000000e+00 -1.18000000e+00  0.00000000e+00  1.79282334e-10 -1.79266349e-10 -1.59857335e-14  0.00000000e+00  2.45083306e-26 
-1.19000000e+00 -1.19000000e+00  0.00000000e+00  1.79893235e-10 -1.79877239e-10 -1.59957608e-14  0.00000000e+00  9.13816473e-27 
-1.20000000e+00 -1.20000000e+00  0.00000000e+00  1.80504096e-10 -1.80488090e-10 -1.60057893e-14  0.00000000e+00  6.54754551e-27 
 0.00000000e+00  0.00000000e+00 -2.00000000e-01 -1.97156162e-41 -7.58293500e-42  2.72985512e-41  0.00000000e+00  5.09789412e-57 
-1.00000000e-02 -1.00000000e-02 -2.00000000e-01  2.97915346e-09 -2.97915002e-09 -3.43880886e-15  0.00000000e+00  2.83164383e-25 
-2.00000000e-02 -2.00000000e-02 -2.00000000e-01  5.29655622e-09 -5.29655013e-09 -6.08352784e-15  0.00000000e+00  4.10577646e-25 
-3.00000000e-02 -3.00000000e-02 -2.00000000e-01  7.07594819e-09 -7.07594007e-09 -8.11806301e-15  0.00000000e+00  2.11780754e-25 
-4.00000000e-02 -4.00000000e-02 -2.00000000e-01  8.43319024e-09 -8.43318056e-09 -9.68372898e-15  0.00000000e+00  2.50038615e-24 
-5.00000000e-02 -5.00000000e-02 -2.00000000e-01  9.46868742e-09 -9.46867653e-09 -1.08891128e-14  0.00000000e+00  4.05185782e-25 
-6.00000000e-02 -6.00000000e-02 -2.00000000e-01  1.02640001e-08 -1.02639883e-08 -1.18176535e-14  0.00000000e+00  1.31004553e-24 
-7.00000000e-02 -7.00000000e-02 -2.00000000e-01  1.08821743e-08 -1.08821618e-08 -1.25334661e-14  0.00000000e+00  1.61489609e-24 
-8.00000000e-02 -8.00000000e-02 -2.00000000e-01  1.13702907e-08 -1.13702776e-08 -1.30858171e-14  0.00000000e+00  2.72166005e-24 
-9.00000000e-02 -9.00000000e-02 -2.00000000e-01  1.17627682e-08 -1.17627547e-08 -1.35125632e-14  0.00000000e+00  2.30254141e-24 
-1.00000000e-01 -1.00000000e-01 -2.00000000e-01  1.20845031e-08 -1.20844893e-08 -1.38427935e-14  0.00000000e+00  7.42482195e-24 
-1.10000000e-01 -1.10000000e-01 -2.00000000e-01  1.23534539e-08 -1.23534398e-08 -1.40988606e-14  0.00000000e+00  1.28297340e-24 
-1.20000000e-01 -1.20000000e-01 -2.00000000e-01  1.25826102e-08 -1.25825959e-08 -1.42979401e-14  0.00000000e+00  5.84072614e-27 
-1.30000000e-01 -1.30000000e-01 -2.00000000e-01  1.27814277e-08 -1.27814132e-08 -1.44532301e-14  0.00000000e+00  2.28868112e-24 
-1.40000000e-01 -1.40000000e-01 -2.00000000e-01  1.29568494e-08 -1.29568348e-08 -1.45748718e-14  0.00000000e+00  4.59155228e-24 
-1.50000000e-01 -1.50000000e-01 -2.00000000e-01  1.31140244e-08 -1.31140098e-08 -1.46706581e-14  0.00000000e+00  4.53323021e-24 
-1.60000000e-01 -1.60000000e-01 -2.00000000e-01  1.32568117e-08 -1.32567970e-08 -1.47465768e-14  0.00000000e+00  3.00862714e-24 
-1.70000000e-01 -1.70000000e-01 -2.00000000e-01  1.33881347e-08 -1.33881199e-08 -1.48072291e-14  0.00000000e+00  1.30231154e-24 
-1.80000000e-01 -1.80000000e-01 -2.00000000e-01  1.35102316e-08 -1.35102168e-08 -1.48561507e-14  0.00000000e+00  7.84276046e-25 
-1.90000000e-01 -1.90000000e-01 -2.00000000e-01  1.36248341e-08 -1.36248192e-08 -1.48960583e-14  0.00000000e+00  1.62082517e-24 
-2.00000000e-01 -2.00000000e-01 -2.00000000e-01  1.37332949e-08 -1.37332800e-08 -1.49290395e-14  0.00000000e+00  8.38275152e-25 
-2.10000000e-01 -2.10000000e-01 -2.00000000e-01  1.38366812e-08 -1.38366663e-08 -1.49566984e-14  0.00000000e+00  2.16172500e-24 
-2.20000000e-01 -2.20000000e-01 -2.00000000e-01  1.39358424e-08 -1.39358274e-08 -1.49802677e-14  0.00000000e+00  5.08909947e-25 
-2.30000000e-01 -2.30000000e-01 -2.00000000e-01  1.40314600e-08 -1.40314450e-08 -1.50006943e-14  0.00000000e+00  8.94871189e-25 
-2.40000000e-01 -2.40000000e-01 -2.00000000e-01  1.41240859e-08 -1.41240709e-08 -1.50187063e-14  0.00000000e+00  7.10473375e-24 
-2.50000000e-01 -2.50000000e-01 -2.00000000e-01  1.42141698e-08 -1.42141547e-08 -1.50348627e-14  0.00000000e+00  4.69179441e-24 
-2.60000000e-01 -2.60000000e-01 -2.00000000e-01  1.43020810e-08 -1.43020659e-08 -1.50495933e-14  0.00000000e+00  6.52625574e-24 
-2.70000000e-01 -2.70000000e-01 -2.00000000e-01  1.43881250e-08 -1.43881099e-08 -1.50632284e-14  0.00000000e+00  5.43335837e-25 
-2.80000000e-01 -2.80000000e-01 -2.00000000e-01  1.44725558e-08 -1.44725407e-08 -1.50760215e-14  0.00000000e+00  2.75734023e-24 
-2.90000000e-01 -2.90000000e-01 -2.00000000e-01  1.45555862e-08 -1.45555711e-08 -1.50881679e-14  0.00000000e+00  1.99649020e-24 
-3.00000000e-01 -3.00000000e-01 -2.00000000e-01  1.46373952e-08 -1.46373801e-08 -1.50998171e-14  0.00000000e+00  2.74166399e-24 
-3.10000000e-01 -3.10000000e-01 -2.00000000e-01  1.47181343e-08 -1.47181192e-08 -1.51110844e-14  0.00000000e+00  2.99296983e-24 
-3.20000000e-01 -3.20000000e-01 -2.00000000e-01  1.47979325e-08 -1.47979174e-08 -1.51220582e-14  0.00000000e+00  2.22094006e-24 
-3.30000000e-01 -3.30000000e-01 -2.00000000e-01  1.48768998e-08 -1.48768847e-08 -1.51328064e-14  0.00000000e+00  5.34667518e-24 
-3.40000000e-01 -3.40000000e-01 -2.00000000e-01  1.49551310e-08 -1.49551158e-08 -1.51433814e-14  0.00000000e+00  1.10028647e-23 
-3.50000000e-01 -3.50000000e-01 -2.00000000e-01  1.50327075e-08 -1.50326923e-08 -1.51538232e-14  0.00000000e+00  5.71716528e-24 
-3.60000000e-01 -3.60000000e-01 -2.00000000e-01  1.51096999e-08 -1.51096848e-08 -1.51641627e-14  0.00000000e+00  4.06302809e-24 
-3.70000000e-01 -3.70000000e-01 -2.00000000e-01  1.51861697e-08 -1.51861545e-08 -1.51744236e-14  0.00000000e+00  4.76815299e-24 
-3.80000000e-01 -3.80000000e-01 -2.00000000e-01  1.52621704e-08 -1.52621552e-08 -1.51846241e-14  0.00000000e+00  7.31998549e-24 
-3.90000000e-01 -3.90000000e-01 -2.00000000e-01  1.53377488e-08 -1.53377336e-08 -1.51947781e-14  0.00000000e+00  6.76607261e-24 
-4.00000000e-01 -4.00000000e-01 -2.00000000e-01  1.54129462e-08 -1.54129310e-08 -1.52048965e-14  0.00000000e+00  8.86597300e-24 
-4.10000000e-01 -4.10000000e-01 -2.00000000e-01  1.54877988e-08 -1.54877836e-08 -1.52149875e-14  0.00000000e+00  2.02923108e-24 
-4.20000000e-01 -4.20000000e-01 -2.00000000e-01  1.55623387e-08 -1.55623234e-08 -1.52250575e-14  0.00000000e+00  5.56568505e-24 
-4.30000000e-01 -4.30000000e-01 -2.00000000e-01  1.56365943e-08 -1.56365790e-08 -1.52351113e-14  0.00000000e+00  6.76345990e-24 
-4.40000000e-01 -4.40000000e-01 -2.00000000e-01  1.57105909e-08 -1.57105756e-08 -1.52451528e-14  0.00000000e+00  4.64234230e-24 
-4.50000000e-01 -4.50000000e-01 -2.00000000e-01  1.57843510e-08 -1.57843357e-08 -1.52551848e-14  0.00000000e+00  1.88859296e-24 
-4.60000000e-01 -4.60000000e-01 -2.00000000e-01  1.58578947e-08 -1.58578794e-08 -1.52652095e-14  0.00000000e+00  1.69064504e-23 
-4.70000000e-01 -4.70000000e-01 -2.00000000e-01  1.59312401e-08 -1.59312248e-08 -1.52752288e-14  0.00000000e+00  2.65946468e-24 
-4.80000000e-01 -4.80000000e-01 -2.00000000e-01  1.60044034e-08 -1.60043881e-08 -1.52852440e-14  0.00000000e+00  4.13525935e-24 
-4.90000000e-01 -4.90000000e-01 -2.00000000e-01  1.60773991e-08 -1.60773838e-08 -1.52952561e-14  0.00000000e+00  9.93800658e-25 
-5.00000000e-01 -5.00000000e-01 -2.00000000e-01  1.61502403e-08 -1.61502250e-08 -1.53052660e-14  0.00000000e+00  4.07809218e-24 
-5.10000000e-01 -5.10000000e-01 -2.00000000e-01  1.62229390e-08 -1.62229237e-08 -1.53152743e-14  0.00000000e+00  5.89288878e-24 
-5.20000000e-01 -5.20000000e-01 -2.00000000e-01  1.62955059e-08 -1.62954906e-08 -1.53252818e-14  0.00000000e+00  3.71116773e-24 
-5.30000000e-01 -5.30000000e-01 -2.00000000e-01  1.63679507e-08 -1.63679353e-08 -1.53352887e-14  0.00000000e+00  2.45148624e-24 
-5.40000000e-01 -5.40000000e-01 -2.00000000e-01  1.64402823e-08 -1.64402669e-08 -1.53452957e-14  0.00000000e+00  8.75848282e-24 
-5.50000000e-01 -5.50000000e-01 -2.00000000e-01  1.65125088e-08 -1.65124934e-08 -1.53553030e-14  0.00000000e+00  4.04357478e-24 
-5.60000000e-01 -5.60000000e-01 -2.00000000e-01  1.65846375e-08 -1.65846221e-08 -1.53653110e-14  0.00000000e+00  5.37843787e-24 
-5.70000000e-01 -5.70000000e-01 -2.00000000e-01  1.66566752e-08 -1.66566598e-08 -1.53753202e-14  0.00000000e+00  1.49207992e-24 
-5.80000000e-01 -5.80000000e-01 -2.00000000e-01  1.67286280e-08 -1.67286126e-08 -1.53853308e-14  0.00000000e+00  9.05132692e-24 
-5.90000000e-01 -5.90000000e-01 -2.00000000e-01  1.68005015e-08 -1.68004861e-08 -1.53953434e-14  0.00000000e+00  3.95277058e-24 
-6.00000000e-01 -6.00000000e-01 -2.00000000e-01  1.68723010e-08 -1.68722856e-08 -1.54053584e-14  0.00000000e+00  4.13772691e-24 
-6.10000000e-01 -6.10000000e-01 -2.00000000e-01  1.69440313e-08 -1.69440159e-08 -1.54153761e-14  0.00000000e+00  1.16266296e-23 
-6.20000000e-01 -6.20000000e-01 -2.00000000e-01  1.70156966e-08 -1.70156812e-08 -1.54253971e-14  0.00000000e+00  9.20317318e-24 
-6.30000000e-01 -6.30000000e-01 -2.00000000e-01  1.70873010e-08 -1.70872856e-08 -1.54354220e-14  0.00000000e+00  5.11577559e-24 
-6.40000000e-01 -6.40000000e-01 -2.00000000e-01  1.71588484e-08 -1.71588329e-08 -1.54454513e-14  0.00000000e+00  3.35905493e-24 
-6.50000000e-01 -6.50000000e-01 -2.00000000e-01  1.72303420e-08 -1.72303265e-08 -1.54554856e-14  0.00000000e+00  7.21367544e-24 
-6.60000000e-01 -6.60000000e-01 -2.00000000e-01  1.73017851e-08 -1.73017697e-08 -1.54655258e-14  0.00000000e+00  9.22552318e-24 
-6.70000000e-01 -6.70000000e-01 -2.00000000e-01  1.73731807e-08 -1.73731653e-08 -1.54755725e-14  0.00000000e+00  4.37716828e-25 
-6.80000000e-01 -6.80000000e-01 -2.00000000e-01  1.74445315e-08 -1.74445160e-08 -1.54856266e-14  0.00000000e+00  7.13278564e-24 
-6.90000000e-01 -6.90000000e-01 -2.00000000e-01  1.75158401e-08 -1.75158246e-08 -1.54956889e-14  0.00000000e+00  3.68979907e-24 
-7.00000000e-01 -7.00000000e-01 -2.00000000e-01  1.75871087e-08 -1.75870932e-08 -1.55057605e-14  0.00000000e+00  7.03884809e-24 
-7.10000000e-01 -7.10000000e-01 -2.00000000e-01  1.76583397e-08 -1.76583242e-08 -1.55158422e-14  0.00000000e+00  8.58809517e-24 
-7.20000000e-01 -7.20000000e-01 -2.00000000e-01  1.77295351e-08 -1.77295196e-08 -1.55259354e-14  0.00000000e+00  1.34227207e-23 
-7.30000000e-01 -7.30000000e-01 -2.00000000e-01  1.78006967e-08 -1.78006812e-08 -1.55360410e-14  0.00000000e+00  4.67129034e-24 
-7.40000000e-01 -7.40000000e-01 -2.00000000e-01  1.78718264e-08 -1.78718109e-08 -1.55461603e-14  0.00000000e+00  3.95007583e-24 
-7.50000000e-01 -7.50000000e-01 -2.00000000e-01  1.79429259e-08 -1.79429103e-08 -1.55562948e-14  0.00000000e+00  1.36686844e-23 
-7.60000000e-01 -7.60000000e-01 -2.00000000e-01  1.80139967e-08 -1.80139811e-08 -1.55664456e-14  0.00000000e+00  3.55290330e-24 
-7.70000000e-01 -7.70000000e-01 -2.00000000e-01  1.80850402e-08 -1.80850246e-08 -1.55766145e-14  0.00000000e+00  2.98359185e-24 
-7.80000000e-01 -7.80000000e-01 -2.00000000e-01  1.81560578e-08 -1.81560423e-08 -1.55868028e-14  0.00000000e+00  4.89132258e-24 
-7.90000000e-01 -7.90000000e-01 -2.00000000e-01  1.82270509e-08 -1.82270353e-08 -1.55970122e-14  0.00000000e+00  2.78168763e-24 
-8.00000000e-01 -8.00000000e-01 -2.00000000e-01  1.82980206e-08 -1.82980050e-08 -1.56072444e-14  0.00000000e+00  9.08049268e-24 
-8.10000000e-01 -8.10000000e-01 -2.00000000e-01  1.83689681e-08 -1.83689525e-08 -1.56175012e-14  0.00000000e+00  4.90382129e-24 
-8.20000000e-01 -8.20000000e-01 -2.00000000e-01  1.84398944e-08 -1.84398787e-08 -1.56277844e-14  0.00000000e+00  3.72189939e-24 
-8.30000000e-01 -8.30000000e-01 -2.00000000e-01  1.85108005e-08 -1.85107848e-08 -1.56380961e-14  0.00000000e+00  1.10885444e-25 
-8.40000000e-01 -8.40000000e-01 -2.00000000e-01  1.85816873e-08 -1.85816717e-08 -1.56484381e-14  0.00000000e+00  4.39126996e-24 
-8.50000000e-01 -8.50000000e-01 -2.00000000e-01  1.86525558e-08 -1.86525402e-08 -1.56588127e-14  0.00000000e+00  3.56530735e-24 
-8.60000000e-01 -8.60000000e-01 -2.00000000e-01  1.87234068e-08 -1.87233912e-08 -1.56692219e-14  0.00000000e+00  1.50356636e-23 
-8.70000000e-01 -8.70000000e-01 -2.00000000e-01  1.87942411e-08 -1.87942255e-08 -1.56796680e-14  0.00000000e+00  5.13095643e-24 
-8.80000000e-01 -8.80000000e-01 -2.00000000e-01  1.88650594e-08 -1.88650438e-08 -1.56901534e-14  0.00000000e+00  1.08783130e-23 
-8.90000000e-01 -8.90000000e-01 -2.00000000e-01  1.89358625e-08 -1.89358468e-08 -1.57006803e-14  0.00000000e+00  7.69940550e-24 
-9.00000000e-01 -9.00000000e-01 -2.00000000e-01  1.90066509e-08 -1.90066352e-08 -1.57112513e-14  0.00000000e+00  8.97538170e-24 
-9.10000000e-01 -9.10000000e-01 -2.00000000e-01  1.90774254e-08 -1.90774097e-08 -1.57218689e-14  0.00000000e+00  5.24646776e-24 
-9.20000000e-01 -9.20000000e-01 -2.00000000e-01  1.91481865e-08 -1.91481707e-08 -1.57325357e-14  0.00000000e+00  3.90271578e-25 
-9.30000000e-01 -9.30000000e-01 -2.00000000e-01  1.92189348e-08 -1.92189190e-08 -1.57432543e-14  0.00000000e+00  3.46747282e-24 
-9.40000000e-01 -9.40000000e-01 -2.00000000e-01  1.92896708e-08 -1.92896550e-08 -1.57540276e-14  0.00000000e+00  1.88182296e-23 
-9.50000000e-01 -9.50000000e-01 -2.00000000e-01  1.93603950e-08 -1.93603792e-08 -1.57648581e-14  0.00000000e+00  5.42178105e-24 
-9.60000000e-01 -9.60000000e-01 -2.00000000e-01  1.94311080e-08 -1.94310922e-08 -1.57757490e-14  0.00000000e+00  1.79453234e-24 
-9.70000000e-01 -9.70000000e-01 -2.00000000e-01  1.95018101e-08 -1.95017943e-08 -1.57867029e-14  0.00000000e+00  3.74188282e-25 
-9.80000000e-01 -9.80000000e-01 -2.00000000e-01  1.95725018e-08 -1.95724860e-08 -1.57977230e-14  0.00000000e+00  8.90069551e-24 
-9.90000000e-01 -9.90000000e-01 -2.00000000e-01  1.96431836e-08 -1.96431678e-08 -1.58088122e-14  0.00000000e+00  1.05692783e-23 
-1.00000000e+00 -1.00000000e+00 -2.00000000e-01  1.97138557e-08 -1.97138399e-08 -1.58199736e-14  0.00000000e+00  8.18765044e-24 
-1.01000000e+00 -1.01000000e+00 -2.00000000e-01  1.97845187e-08 -1.97845029e-08 -1.58312104e-14  0.00000000e+00  7.65144591e-25 
-1.02000000e+00 -1.02000000e+00 -2.00000000e-01  1.98551728e-08 -1.98551570e-08 -1.58425257e-14  0.00000000e+00  8.60893372e-24 
-1.03000000e+00 -1.03000000e+00 -2.00000000e-01  1.99258184e-08 -1.99258026e-08 -1.58539228e-14  0.00000000e+00  1.75241190e-23 
-1.04000000e+00 -1.04000000e+00 -2.00000000e-01  1.99964558e-08 -1.99964399e-08 -1.58654050e-14  0.00000000e+00  2.61440810e-24 
-1.05000000e+00 -1.05000000e+00 -2.00000000e-01  2.00670853e-08 -2.00670694e-08 -1.58769756e-14  0.00000000e+00  4.26332619e-24 
-1.06000000e+00 -1.06000000e+00 -2.00000000e-01  2.01377072e-08 -2.01376914e-08 -1.58886380e-14  0.00000000e+00  2.24006205e-24 
-1.07000000e+00 -1.07000000e+00 -2.00000000e-01  2.02083219e-08 -2.02083060e-08 -1.59003955e-14  0.00000000e+00  6.96603622e-24 
-1.08000000e+00 -1.08000000e+00 -2.00000000e-01  2.02789294e-08 -2.02789135e-08 -1.59122516e-14  0.00000000e+00  1.82724009e-23 
-1.09000000e+00 -1.09000000e+00 -2.00000000e-01  2.03495302e-08 -2.03495143e-08 -1.59242099e-14  0.00000000e+00  1.50310819e-23 
-1.10000000e+00 -1.10000000e+00 -2.00000000e-01  2.04201245e-08 -2.04201085e-08 -1.59362738e-14  0.00000000e+00  1.63104881e-25 
-1.11000000e+00 -1.11000000e+00 -2.00000000e-01  2.04907124e-08 -2.04906965e-08 -1.59484470e-14  0.00000000e+00  3.89533204e-24 
-1.12000000e+00 -1.12000000e+00 -2.00000000e-01  2.05612943e-08 -2.05612783e-08 -1.59607329e-14  0.00000000e+00  5.77776242e-24 
-1.13000000e+00 -1.13000000e+00 -2.00000000e-01  2.06318702e-08 -2.06318543e-08 -1.59731352e-14  0.00000000e+00  5.77492568e-24 
-1.14000000e+00 -1.14000000e+00 -2.00000000e-01  2.07024406e-08 -2.07024246e-08 -1.59856575e-14  0.00000000e+00  7.51083934e-24 
-1.15000000e+00 -1.15000000e+00 -2.00000000e-01  2.07730054e-08 -2.07729894e-08 -1.59983036e-14  0.00000000e+00  1.47721462e-24 
-1.16000000e+00 -1.16000000e+00 -2.00000000e-01  2.08435650e-08 -2.08435490e-08 -1.60110771e-14  0.00000000e+00  2.76457882e-24 
-1.17000000e+00 -1.17000000e+00 -2.00000000e-01  2.09141194e-08 -2.09141034e-08 -1.60239818e-14  0.00000000e+00  1.01646558e-23 
-1.18000000e+00 -1.18000000e+00 -2.00000000e-01  2.09846690e-08 -2.09846529e-08 -1.60370213e-14  0.00000000e+00  3.59890336e-24 
-1.19000000e+00 -1.19000000e+00 -2.00000000e-01  2.10552137e-08 -2.10551977e-08 -1.60501995e-14  0.00000000e+00  1.02031143e-23 
-1.20000000e+00 -1.20000000e+00 -2.00000000e-01  2.11257539e-08 -2.11257378e-08 -1.60635200e-14  0.00000000e+00  1.31233575e-23 
 0.00000000e+00  0.00000000e+00 -4.00000000e-01 -1.97156162e-41 -7.58293499e-42  2.72985512e-41  0.00000000e+00  5.09789412e-57 
-1.00000000e-02 -1.00000000e-02 -4.00000000e-01  1.02686998e-07 -1.02686995e-07 -3.43880886e-15  0.00000000e+00  6.31488905e-23 
-2.00000000e-02 -2.00000000e-02 -4.00000000e-01  1.89536953e-07 -1.89536947e-07 -6.08352784e-15  0.00000000e+00  2.89814323e-24 
-3.00000000e-02 -3.00000000e-02 -4.00000000e-01  2.62059607e-07 -2.62059599e-07 -8.11806301e-15  0.00000000e+00  6.92713860e-23 
-4.00000000e-02 -4.00000000e-02 -4.00000000e-01  3.21917006e-07 -3.21916996e-07 -9.68372898e-15  0.00000000e+00  3.05868415e-23 
-5.00000000e-02 -5.00000000e-02 -4.00000000e-01  3.70845768e-07 -3.70845757e-07 -1.08891128e-14  0.00000000e+00  3.56936828e-22 
-6.00000000e-02 -6.00000000e-02 -4.00000000e-01  4.10566222e-07 -4.10566211e-07 -1.18176535e-14  0.00000000e+00  1.57508642e-22 
-7.00000000e-02 -7.00000000e-02 -4.00000000e-01  4.42695941e-07 -4.42695928e-07 -1.25334661e-14  0.00000000e+00  6.45595655e-23 
-8.00000000e-02 -8.00000000e-02 -4.00000000e-01  4.68684080e-07 -4.68684067e-07 -1.30858171e-14  0.00000000e+00  3.69830235e-23 
-9.00000000e-02 -9.00000000e-02 -4.00000000e-01  4.89775110e-07 -4.89775096e-07 -1.35125632e-14  0.00000000e+00  2.82247610e-22 
-1.00000000e-01 -1.00000000e-01 -4.00000000e-01  5.07001020e-07 -5.07001006e-07 -1.38427935e-14  0.00000000e+00  2.06597323e-23 
-1.10000000e-01 -1.10000000e-01 -4.00000000e-01  5.21194653e-07 -5.21194639e-07 -1.40988606e-14  0.00000000e+00  1.50918289e-22 
-1.20000000e-01 -1.20000000e-01 -4.00000000e-01  5.33014982e-07 -5.33014967e-07 -1.42979401e-14  0.00000000e+00  2.71321113e-22 
-1.30000000e-01 -1.30000000e-01 -4.00000000e-01  5.42976547e-07 -5.42976533e-07 -1.44532301e-14  0.00000000e+00  1.41254989e-22 
-1.40000000e-01 -1.40000000e-01 -4.00000000e-01  5.51477999e-07 -5.51477984e-07 -1.45748718e-14  0.00000000e+00  4.42962659e-23 
-1.50000000e-01 -1.50000000e-01 -4.00000000e-01  5.58827124e-07 -5.58827110e-07 -1.46706581e-14  0.00000000e+00  1.53190572e-23 
-1.60000000e-01 -1.60000000e-01 -4.00000000e-01  5.65261516e-07 -5.65261501e-07 -1.47465768e-14  0.00000000e+00  2.94783563e-23 
-1.70000000e-01 -1.70000000e-01 -4.00000000e-01  5.70964996e-07 -5.70964981e-07 -1.48072291e-14  0.00000000e+00  1.11194305e-22 
-1.80000000e-01 -1.80000000e-01 -4.00000000e-01  5.76080353e-07 -5.76080338e-07 -1.48561507e-14  0.00000000e+00  3.69792578e-22 
-1.90000000e-01 -1.90000000e-01 -4.00000000e-01  5.80719078e-07 -5.80719063e-07 -1.48960583e-14  0.00000000e+00  1.30728136e-22 
-2.00000000e-01 -2.00000000e-01 -4.00000000e-01  5.84968745e-07 -5.84968730e-07 -1.49290395e-14  0.00000000e+00  4.35913013e-22 
-2.10000000e-01 -2.10000000e-01 -4.00000000e-01  5.88898586e-07 -5.88898571e-07 -1.49566984e-14  0.00000000e+00  3.02240816e-22 
-2.20000000e-01 -2.20000000e-01 -4.00000000e-01  5.92563696e-07 -5.92563681e-07 -1.49802677e-14  0.00000000e+00  1.93433427e-23 
-2.30000000e-01 -2.30000000e-01 -4.00000000e-01  5.96008220e-07 -5.96008205e-07 -1.50006943e-14  0.00000000e+00  3.21924290e-23 
-2.40000000e-01 -2.40000000e-01 -4.00000000e-01  5.99267764e-07 -5.99267749e-07 -1.50187063e-14  0.00000000e+00  2.24505866e-22 
-2.50000000e-01 -2.50000000e-01 -4.00000000e-01  6.02371237e-07 -6.02371222e-07 -1.50348627e-14  0.00000000e+00  9.07184992e-23 
-2.60000000e-01 -2.60000000e-01 -4.00000000e-01  6.05342265e-07 -6.05342250e-07 -1.50495933e-14  0.00000000e+00  2.11666300e-22 
-2.70000000e-01 -2.70000000e-01 -4.00000000e-01  6.08200272e-07 -6.08200257e-07 -1.50632284e-14  0.00000000e+00  1.45044803e-22 
-2.80000000e-01 -2.80000000e-01 -4.00000000e-01  6.10961328e-07 -6.10961312e-07 -1.50760215e-14  0.00000000e+00  1.75933507e-22 
-2.90000000e-01 -2.90000000e-01 -4.00000000e-01  6.13638799e-07 -6.13638784e-07 -1.50881679e-14  0.00000000e+00  3.11672727e-23 
-3.00000000e-01 -3.00000000e-01 -4.00000000e-01  6.16243870e-07 -6.16243855e-07 -1.50998171e-14  0.00000000e+00  2.39877676e-23 
-3.10000000e-01 -3.10000000e-01 -4.00000000e-01  6.18785946e-07 -6.18785931e-07 -1.51110844e-14  0.00000000e+00  3.46938988e-22 
-3.20000000e-01 -3.20000000e-01 -4.00000000e-01  6.21272977e-07 -6.21272962e-07 -1.51220582e-14  0.00000000e+00  2.91176139e-22 
-3.30000000e-01 -3.30000000e-01 -4.00000000e-01  6.23711714e-07 -6.23711699e-07 -1.51328064e-14  0.00000000e+00  2.20260693e-23 
-3.40000000e-01 -3.40000000e-01 -4.00000000e-01  6.26107919e-07 -6.26107903e-07 -1.51433814e-14  0.00000000e+00  2.46523618e-22 
-3.50000000e-01 -3.50000000e-01 -4.00000000e-01  6.28466527e-07 -6.28466511e-07 -1.51538232e-14  0.00000000e+00  2.12623374e-22 
-3.60000000e-01 -3.60000000e-01 -4.00000000e-01  6.30791787e-07 -6.30791772e-07 -1.51641628e-14  0.00000000e+00  1.19166654e-23 
-3.70000000e-01 -3.70000000e-01 -4.00000000e-01  6.33087370e-07 -6.33087355e-07 -1.51744237e-14  0.00000000e+00  4.22425643e-22 
-3.80000000e-01 -3.80000000e-01 -4.00000000e-01  6.35356460e-07 -6.35356445e-07 -1.51846243e-14  0.00000000e+00  2.17789069e-22 
-3.90000000e-01 -3.90000000e-01 -4.00000000e-01  6.37601828e-07 -6.37601813e-07 -1.51947786e-14  0.00000000e+00  5.80633802e-22 
-4.00000000e-01 -4.00000000e-01 -4.00000000e-01  6.39825895e-07 -6.39825880e-07 -1.52048974e-14  0.00000000e+00  8.39518397e-25 
-4.10000000e-01 -4.10000000e-01 -4.00000000e-01  6.42030782e-07 -6.42030767e-07 -1.52149891e-14  0.00000000e+00  1.58290191e-22 
-4.20000000e-01 -4.20000000e-01 -4.00000000e-01  6.44218355e-07 -6.44218340e-07 -1.52250603e-14  0.00000000e+00  7.82567518e-22 
-4.30000000e-01 -4.30000000e-01 -4.00000000e-01  6.46390259e-07 -6.46390243e-07 -1.52351159e-14  0.00000000e+00  1.86101306e-22 
-4.40000000e-01 -4.40000000e-01 -4.00000000e-01  6.48547949e-07 -6.48547933e-07 -1.52451603e-14  0.00000000e+00  4.58957397e-22 
-4.50000000e-01 -4.50000000e-01 -4.00000000e-01  6.50692715e-07 -6.50692700e-07 -1.52551966e-14  0.00000000e+00  1.98556195e-22 
-4.60000000e-01 -4.60000000e-01 -4.00000000e-01  6.52825706e-07 -6.52825691e-07 -1.52652278e-14  0.00000000e+00  8.20022710e-22 
-4.70000000e-01 -4.70000000e-01 -4.00000000e-01  6.54947946e-07 -6.54947930e-07 -1.52752565e-14  0.00000000e+00  5.94750162e-22 
-4.80000000e-01 -4.80000000e-01 -4.00000000e-01  6.57060348e-07 -6.57060333e-07 -1.52852851e-14  0.00000000e+00  4.60485440e-22 
-4.90000000e-01 -4.90000000e-01 -4.00000000e-01  6.59163733e-07 -6.59163718e-07 -1.52953160e-14  0.00000000e+00  3.64081336e-22 
-5.00000000e-01 -5.00000000e-01 -4.00000000e-01  6.61258837e-07 -6.61258822e-07 -1.53053520e-14  0.00000000e+00  1.42910976e-22 
-5.10000000e-01 -5.10000000e-01 -4.00000000e-01  6.63346322e-07 -6.63346307e-07 -1.53153959e-14  0.00000000e+00  3.26284202e-22 
-5.20000000e-01 -5.20000000e-01 -4.00000000e-01  6.65426787e-07 -6.65426771e-07 -1.53254512e-14  0.00000000e+00  1.08456932e-21 
-5.30000000e-01 -5.30000000e-01 -4.00000000e-01  6.67500770e-07 -6.67500755e-07 -1.53355215e-14  0.00000000e+00  1.78275528e-22 
-5.40000000e-01 -5.40000000e-01 -4.00000000e-01  6.69568762e-07 -6.69568747e-07 -1.53456116e-14  0.00000000e+00  3.53327688e-22 
-5.50000000e-01 -5.50000000e-01 -4.00000000e-01  6.71631205e-07 -6.71631190e-07 -1.53557265e-14  0.00000000e+00  6.17543478e-23 
-5.60000000e-01 -5.60000000e-01 -4.00000000e-01  6.73688504e-07 -6.73688489e-07 -1.53658726e-14  0.00000000e+00  8.85709949e-22 
-5.70000000e-01 -5.70000000e-01 -4.00000000e-01  6.75741025e-07 -6.75741010e-07 -1.53760570e-14  0.00000000e+00  8.28822466e-22 
-5.80000000e-01 -5.80000000e-01 -4.00000000e-01  6.77789103e-07 -6.77789088e-07 -1.53862879e-14  0.00000000e+00  3.73550232e-22 
-5.90000000e-01 -5.90000000e-01 -4.00000000e-01  6.79833045e-07 -6.79833030e-07 -1.53965749e-14  0.00000000e+00  1.54736439e-22 
-6.00000000e-01 -6.00000000e-01 -4.00000000e-01  6.81873130e-07 -6.81873115e-07 -1.54069289e-14  0.00000000e+00  1.30525550e-22 
-6.10000000e-01 -6.10000000e-01 -4.00000000e-01  6.83909615e-07 -6.83909599e-07 -1.54173622e-14  0.00000000e+00  5.71202551e-22 
-6.20000000e-01 -6.20000000e-01 -4.00000000e-01  6.85942735e-07 -6.85942720e-07 -1.54278889e-14  0.00000000e+00  3.12767774e-22 
-6.30000000e-01 -6.30000000e-01 -4.00000000e-01  6.87972707e-07 -6.87972692e-07 -1.54385246e-14  0.00000000e+00  6.37228549e-22 
-6.40000000e-01 -6.40000000e-01 -4.00000000e-01  6.89999731e-07 -6.89999715e-07 -1.54492868e-14  0.00000000e+00  4.29939483e-22 
-6.50000000e-01 -6.50000000e-01 -4.00000000e-01  6.92023989e-07 -6.92023973e-07 -1.54601949e-14  0.00000000e+00  3.62174435e-23 
-6.60000000e-01 -6.60000000e-01 -4.00000000e-01  6.94045651e-07 -6.94045636e-07 -1.54712705e-14  0.00000000e+00  1.07137138e-21 
-6.70000000e-01 -6.70000000e-01 -4.00000000e-01  6.96064875e-07 -6.96064859e-07 -1.54825371e-14  0.00000000e+00  3.83664199e-22 
-6.80000000e-01 -6.80000000e-01 -4.00000000e-01  6.98081804e-07 -6.98081788e-07 -1.54940206e-14  0.00000000e+00  4.94026527e-22 
-6.90000000e-01 -6.90000000e-01 -4.00000000e-01  7.00096573e-07 -7.00096557e-07 -1.55057493e-14  0.00000000e+00  3.00006163e-22 
-7.00000000e-01 -7.00000000e-01 -4.00000000e-01  7.02109306e-07 -7.02109291e-07 -1.55177536e-14  0.00000000e+00  5.51837662e-22 
-7.10000000e-01 -7.10000000e-01 -4.00000000e-01  7.04120120e-07 -7.04120104e-07 -1.55300667e-14  0.00000000e+00  6.07529898e-23 
-7.20000000e-01 -7.20000000e-01 -4.00000000e-01  7.06129121e-07 -7.06129105e-07 -1.55427241e-14  0.00000000e+00  3.19319178e-22 
-7.30000000e-01 -7.30000000e-01 -4.00000000e-01  7.08136410e-07 -7.08136394e-07 -1.55557642e-14  0.00000000e+00  7.74132421e-22 
-7.40000000e-01 -7.40000000e-01 -4.00000000e-01  7.10142079e-07 -7.10142063e-07 -1.55692279e-14  0.00000000e+00  1.25471451e-23 
-7.50000000e-01 -7.50000000e-01 -4.00000000e-01  7.12146215e-07 -7.12146199e-07 -1.55831587e-14  0.00000000e+00  3.36824194e-22 
-7.60000000e-01 -7.60000000e-01 -4.00000000e-01  7.14148900e-07 -7.14148884e-07 -1.55976031e-14  0.00000000e+00  2.80746698e-23 
-7.70000000e-01 -7.70000000e-01 -4.00000000e-01  7.16150208e-07 -7.16150193e-07 -1.56126103e-14  0.00000000e+00  7.11234376e-22 
-7.80000000e-01 -7.80000000e-01 -4.00000000e-01  7.18150212e-07 -7.18150196e-07 -1.56282321e-14  0.00000000e+00  7.80523655e-23 
-7.90000000e-01 -7.90000000e-01 -4.00000000e-01  7.20148976e-07 -7.20148961e-07 -1.56445236e-14  0.00000000e+00  2.70129829e-23 
-8.00000000e-01 -8.00000000e-01 -4.00000000e-01  7.22146564e-07 -7.22146548e-07 -1.56615423e-14  0.00000000e+00  1.36170302e-21 
-8.10000000e-01 -8.10000000e-01 -4.00000000e-01  7.24143033e-07 -7.24143017e-07 -1.56793488e-14  0.00000000e+00  6.14828073e-22 
-8.20000000e-01 -8.20000000e-01 -4.00000000e-01  7.26138437e-07 -7.26138422e-07 -1.56980064e-14  0.00000000e+00  1.93250954e-22 
-8.30000000e-01 -8.30000000e-01 -4.00000000e-01  7.28132829e-07 -7.28132813e-07 -1.57175813e-14  0.00000000e+00  2.12322692e-22 
-8.40000000e-01 -8.40000000e-01 -4.00000000e-01  7.30126256e-07 -7.30126240e-07 -1.57381425e-14  0.00000000e+00  6.94445671e-22 
-8.50000000e-01 -8.50000000e-01 -4.00000000e-01  7.32118763e-07 -7.32118748e-07 -1.57597619e-14  0.00000000e+00  1.38735819e-22 
-8.60000000e-01 -8.60000000e-01 -4.00000000e-01  7.34110394e-07 -7.34110378e-07 -1.57825140e-14  0.00000000e+00  1.05499404e-21 
-8.70000000e-01 -8.70000000e-01 -4.00000000e-01  7.36101188e-07 -7.36101172e-07 -1.58064761e-14  0.00000000e+00  1.67008780e-22 
-8.80000000e-01 -8.80000000e-01 -4.00000000e-01  7.38091183e-07 -7.38091168e-07 -1.58317282e-14  0.00000000e+00  3.33774288e-22 
-8.90000000e-01 -8.90000000e-01 -4.00000000e-01  7.40080416e-07 -7.40080400e-07 -1.58583529e-14  0.00000000e+00  3.80686091e-22 
-9.00000000e-01 -9.00000000e-01 -4.00000000e-01  7.42068919e-07 -7.42068903e-07 -1.58864355e-14  0.00000000e+00  2.77676047e-22 
-9.10000000e-01 -9.10000000e-01 -4.00000000e-01  7.44056725e-07 -7.44056709e-07 -1.59160639e-14  0.00000000e+00  3.20282270e-22 
-9.20000000e-01 -9.20000000e-01 -4.00000000e-01  7.46043863e-07 -7.46043847e-07 -1.59473282e-14  0.00000000e+00  4.44646813e-24 
-9.30000000e-01 -9.30000000e-01 -4.00000000e-01  7.48030363e-07 -7.48030347e-07 -1.59803212e-14  0.00000000e+00  2.20134659e-22 
-9.40000000e-01 -9.40000000e-01 -4.00000000e-01  7.50016251e-07 -7.50016235e-07 -1.60151380e-14  0.00000000e+00  2.65357189e-22 
-9.50000000e-01 -9.50000000e-01 -4.00000000e-01  7.52001553e-07 -7.52001536e-07 -1.60518760e-14  0.00000000e+00  2.27040252e-22 
-9.60000000e-01 -9.60000000e-01 -4.00000000e-01  7.53986292e-07 -7.53986276e-07 -1.60906348e-14  0.00000000e+00  5.42186678e-22 
-9.70000000e-01 -9.70000000e-01 -4.00000000e-01  7.55970493e-07 -7.55970477e-07 -1.61315163e-14  0.00000000e+00  9.57992683e-26 
-9.80000000e-01 -9.80000000e-01 -4.00000000e-01  7.57954176e-07 -7.57954160e-07 -1.61746244e-14  0.00000000e+00  8.65257868e-22 
-9.90000000e-01 -9.90000000e-01 -4.00000000e-01  7.59937363e-07 -7.59937347e-07 -1.62200649e-14  0.00000000e+00  1.97089684e-22 
-1.00000000e+00 -1.00000000e+00 -4.00000000e-01  7.61920073e-07 -7.61920057e-07 -1.62679459e-14  0.00000000e+00  5.09774371e-22 
-1.01000000e+00 -1.01000000e+00 -4.00000000e-01  7.63902325e-07 -7.63902309e-07 -1.63183770e-14  0.00000000e+00  8.56662522e-23 
-1.02000000e+00 -1.02000000e+00 -4.00000000e-01  7.65884136e-07 -7.65884120e-07 -1.63714697e-14  0.00000000e+00  8.15234011e-22 
-1.03000000e+00 -1.03000000e+00 -4.00000000e-01  7.67865524e-07 -7.67865508e-07 -1.64273374e-14  0.00000000e+00  7.37963757e-23 
-1.04000000e+00 -1.04000000e+00 -4.00000000e-01  7.69846504e-07 -7.69846488e-07 -1.64860950e-14  0.00000000e+00  3.24002503e-22 
-1.05000000e+00 -1.05000000e+00 -4.00000000e-01  7.71827092e-07 -7.71827076e-07 -1.65478589e-14  0.00000000e+00  1.34451201e-21 
-1.06000000e+00 -1.06000000e+00 -4.00000000e-01  7.73807303e-07 -7.73807286e-07 -1.66127472e-14  0.00000000e+00  7.39033169e-23 
-1.07000000e+00 -1.07000000e+00 -4.00000000e-01  7.75787149e-07 -7.75787133e-07 -1.66808791e-14  0.00000000e+00  3.73176394e-23 
-1.08000000e+00 -1.08000000e+00 -4.00000000e-01  7.77766646e-07 -7.77766629e-07 -1.67523753e-14  0.00000000e+00  8.08820689e-22 
-1.09000000e+00 -1.09000000e+00 -4.00000000e-01  7.79745804e-07 -7.79745787e-07 -1.68273580e-14  0.00000000e+00  1.72573543e-22 
-1.10000000e+00 -1.10000000e+00 -4.00000000e-01  7.81724637e-07 -7.81724620e-07 -1.69059500e-14  0.00000000e+00  9.03093726e-22 
-1.11000000e+00 -1.11000000e+00 -4.00000000e-01  7.83703156e-07 -7.83703139e-07 -1.69882758e-14  0.00000000e+00  8.19149756e-22 
-1.12000000e+00 -1.12000000e+00 -4.00000000e-01  7.85681372e-07 -7.85681355e-07 -1.70744605e-14  0.00000000e+00  2.51413694e-23 
-1.13000000e+00 -1.13000000e+00 -4.00000000e-01  7.87659295e-07 -7.87659278e-07 -1.71646303e-14  0.00000000e+00  6.32676657e-22 
-1.14000000e+00 -1.14000000e+00 -4.00000000e-01  7.89636936e-07 -7.89636919e-07 -1.72589124e-14  0.00000000e+00  5.06595603e-22 
-1.15000000e+00 -1.15000000e+00 -4.00000000e-01  7.91614304e-07 -7.91614287e-07 -1.73574347e-14  0.00000000e+00  6.08970390e-23 
-1.16000000e+00 -1.16000000e+00 -4.00000000e-01  7.93591409e-07 -7.93591391e-07 -1.74603257e-14  0.00000000e+00  1.00705293e-21 
-1.17000000e+00 -1.17000000e+00 -4.00000000e-01  7.95568259e-07 -7.95568241e-07 -1.75677148e-14  0.00000000e+00  1.38207777e-22 
-1.18000000e+00 -1.18000000e+00 -4.00000000e-01  7.97544863e-07 -7.97544845e-07 -1.76797318e-14  0.00000000e+00  1.04479820e-21 
-1.19000000e+00 -1.19000000e+00 -4.00000000e-01  7.99521228e-07 -7.99521210e-07 -1.77965073e-14  0.00000000e+00  3.14618056e-22 
-1.20000000e+00 -1.20000000e+00 -4.00000000e-01  8.01497364e-07 -8.01497346e-07 -1.79181721e-14  0.00000000e+00  6.75736273e-22 
 0.00000000e+00  0.00000000e+00 -6.00000000e-01 -1.97156162e-41 -7.58293499e-42  2.72985512e-41  0.00000000e+00  5.09789412e-57 
-1.00000000e-02 -1.00000000e-02 -6.00000000e-01  7.39544667e-07 -7.39544664e-07 -3.43880886e-15  0.00000000e+00  3.60367584e-22 
-2.00000000e-02 -2.00000000e-02 -6.00000000e-01  1.43412696e-06 -1.43412695e-06 -6.08352784e-15  0.00000000e+00  8.49931087e-22 
-3.00000000e-02 -3.00000000e-02 -6.00000000e-01  2.08430308e-06 -2.08430307e-06 -8.11806301e-15  0.00000000e+00  7.04546089e-22 
-4.00000000e-02 -4.00000000e-02 -6.00000000e-01  2.69073741e-06 -2.69073740e-06 -9.68372898e-15  0.00000000e+00  6.04687856e-22 
-5.00000000e-02 -5.00000000e-02 -6.00000000e-01  3.25421422e-06 -3.25421421e-06 -1.08891128e-14  0.00000000e+00  5.68695047e-22 
-6.00000000e-02 -6.00000000e-02 -6.00000000e-01  3.77565120e-06 -3.77565118e-06 -1.18176535e-14  0.00000000e+00  5.81025144e-22 
-7.00000000e-02 -7.00000000e-02 -6.00000000e-01  4.25611352e-06 -4.25611351e-06 -1.25334661e-14  0.00000000e+00  2.60565845e-21 
-8.00000000e-02 -8.00000000e-02 -6.00000000e-01  4.69682721e-06 -4.69682720e-06 -1.30858171e-14  0.00000000e+00  1.65708282e-21 
-9.00000000e-02 -9.00000000e-02 -6.00000000e-01  5.09919004e-06 -5.09919002e-06 -1.35125632e-14  0.00000000e+00  9.88301742e-22 
-1.00000000e-01 -1.00000000e-01 -6.00000000e-01  5.46477820e-06 -5.46477818e-06 -1.38427935e-14  0.00000000e+00  1.71472572e-21 
-1.10000000e-01 -1.10000000e-01 -6.00000000e-01  5.79534666e-06 -5.79534665e-06 -1.40988606e-14  0.00000000e+00  5.74434870e-22 
-1.20000000e-01 -1.20000000e-01 -6.00000000e-01  6.09282134e-06 -6.09282133e-06 -1.42979401e-14  0.00000000e+00  2.71321246e-22 
-1.30000000e-01 -1.30000000e-01 -6.00000000e-01  6.35928162e-06 -6.35928161e-06 -1.44532301e-14  0.00000000e+00  1.97632754e-21 
-1.40000000e-01 -1.40000000e-01 -6.00000000e-01  6.59693287e-06 -6.59693286e-06 -1.45748718e-14  0.00000000e+00  3.79220025e-22 
-1.50000000e-01 -1.50000000e-01 -6.00000000e-01  6.80806967e-06 -6.80806966e-06 -1.46706581e-14  0.00000000e+00  1.53188394e-23 
-1.60000000e-01 -1.60000000e-01 -6.00000000e-01  6.99503187e-06 -6.99503185e-06 -1.47465768e-14  0.00000000e+00  8.17554843e-22 
-1.70000000e-01 -1.70000000e-01 -6.00000000e-01  7.16015685e-06 -7.16015683e-06 -1.48072291e-14  0.00000000e+00  2.22877696e-21 
-1.80000000e-01 -1.80000000e-01 -6.00000000e-01  7.30573202e-06 -7.30573201e-06 -1.48561507e-14  0.00000000e+00  7.93308727e-22 
-1.90000000e-01 -1.90000000e-01 -6.00000000e-01  7.43395145e-06 -7.43395144e-06 -1.48960583e-14  0.00000000e+00  1.40127793e-21 
-2.00000000e-01 -2.00000000e-01 -6.00000000e-01  7.54687989e-06 -7.54687988e-06 -1.49290395e-14  0.00000000e+00  2.52870271e-21 
-2.10000000e-01 -2.10000000e-01 -6.00000000e-01  7.64642628e-06 -7.64642626e-06 -1.49566984e-14  0.00000000e+00  7.25757744e-22 
-2.20000000e-01 -2.20000000e-01 -6.00000000e-01  7.73432734e-06 -7.73432733e-06 -1.49802677e-14  0.00000000e+00  4.67802404e-21 
-2.30000000e-01 -2.30000000e-01 -6.00000000e-01  7.81214084e-06 -7.81214082e-06 -1.50006943e-14  0.00000000e+00  1.66187291e-21 
-2.40000000e-01 -2.40000000e-01 -6.00000000e-01  7.88124686e-06 -7.88124684e-06 -1.50187063e-14  0.00000000e+00  1.04604295e-21 
-2.50000000e-01 -2.50000000e-01 -6.00000000e-01  7.94285547e-06 -7.94285546e-06 -1.50348627e-14  0.00000000e+00  7.56314842e-22 
-2.60000000e-01 -2.60000000e-01 -6.00000000e-01  7.99801864e-06 -7.99801863e-06 -1.50495933e-14  0.00000000e+00  2.11667319e-22 
-2.70000000e-01 -2.70000000e-01 -6.00000000e-01  8.04764468e-06 -8.04764466e-06 -1.50632284e-14  0.00000000e+00  9.92070534e-22 
-2.80000000e-01 -2.80000000e-01 -6.00000000e-01  8.09251374e-06 -8.09251373e-06 -1.50760215e-14  0.00000000e+00  5.99419389e-22 
-2.90000000e-01 -2.90000000e-01 -6.00000000e-01  8.13329334e-06 -8.13329333e-06 -1.50881679e-14  0.00000000e+00  2.93355712e-21 
-3.00000000e-01 -3.00000000e-01 -6.00000000e-01  8.17055313e-06 -8.17055311e-06 -1.50998171e-14  0.00000000e+00  2.09394228e-21 
-3.10000000e-01 -3.10000000e-01 -6.00000000e-01  8.20477844e-06 -8.20477842e-06 -1.51110844e-14  0.00000000e+00  3.04018027e-21 
-3.20000000e-01 -3.20000000e-01 -6.00000000e-01  8.23638250e-06 -8.23638249e-06 -1.51220582e-14  0.00000000e+00  7.17419529e-22 
-3.30000000e-01 -3.30000000e-01 -6.00000000e-01  8.26571718e-06 -8.26571716e-06 -1.51328064e-14  0.00000000e+00  3.94638687e-22 
-3.40000000e-01 -3.40000000e-01 -6.00000000e-01  8.29308224e-06 -8.29308222e-06 -1.51433814e-14  0.00000000e+00  2.38028310e-21 
-3.50000000e-01 -3.50000000e-01 -6.00000000e-01  8.31873340e-06 -8.31873338e-06 -1.51538232e-14  0.00000000e+00  2.78982986e-21 
-3.60000000e-01 -3.60000000e-01 -6.00000000e-01  8.34288911e-06 -8.34288909e-06 -1.51641627e-14  0.00000000e+00  2.89993338e-21 
-3.70000000e-01 -3.70000000e-01 -6.00000000e-01  8.36573635e-06 -8.36573633e-06 -1.51744236e-14  0.00000000e+00  4.50462400e-21 
-3.80000000e-01 -3.80000000e-01 -6.00000000e-01  8.38743549e-06 -8.38743548e-06 -1.51846240e-14  0.00000000e+00  6.68075853e-21 
-3.90000000e-01 -3.90000000e-01 -6.00000000e-01  8.40812441e-06 -8.40812439e-06 -1.51947781e-14  0.00000000e+00  3.68432120e-21 
-4.00000000e-01 -4.00000000e-01 -6.00000000e-01  8.42792190e-06 -8.42792188e-06 -1.52048964e-14  0.00000000e+00  4.49114604e-21 
-4.10000000e-01 -4.10000000e-01 -6.00000000e-01  8.44693061e-06 -8.44693059e-06 -1.52149874e-14  0.00000000e+00  1.18516679e-21 
-4.20000000e-01 -4.20000000e-01 -6.00000000e-01  8.46523944e-06 -8.46523943e-06 -1.52250573e-14  0.00000000e+00  8.04024159e-22 
-4.30000000e-01 -4.30000000e-01 -6.00000000e-01  8.48292562e-06 -8.48292561e-06 -1.52351110e-14  0.00000000e+00  3.02194947e-21 
-4.40000000e-01 -4.40000000e-01 -6.00000000e-01  8.50005637e-06 -8.50005635e-06 -1.52451524e-14  0.00000000e+00  2.72152663e-21 
-4.50000000e-01 -4.50000000e-01 -6.00000000e-01  8.51669038e-06 -8.51669036e-06 -1.52551844e-14  0.00000000e+00  7.73039176e-21 
-4.60000000e-01 -4.60000000e-01 -6.00000000e-01  8.53287903e-06 -8.53287902e-06 -1.52652093e-14  0.00000000e+00  8.61613598e-21 
-4.70000000e-01 -4.70000000e-01 -6.00000000e-01  8.54866741e-06 -8.54866740e-06 -1.52752290e-14  0.00000000e+00  6.24137412e-21 
-4.80000000e-01 -4.80000000e-01 -6.00000000e-01  8.56409519e-06 -8.56409518e-06 -1.52852452e-14  0.00000000e+00  7.13731024e-21 
-4.90000000e-01 -4.90000000e-01 -6.00000000e-01  8.57919737e-06 -8.57919735e-06 -1.52952595e-14  0.00000000e+00  6.69762245e-22 
-5.00000000e-01 -5.00000000e-01 -6.00000000e-01  8.59400487e-06 -8.59400485e-06 -1.53052735e-14  0.00000000e+00  1.95820645e-21 
-5.10000000e-01 -5.10000000e-01 -6.00000000e-01  8.60854511e-06 -8.60854510e-06 -1.53152893e-14  0.00000000e+00  1.55005308e-21 
-5.20000000e-01 -5.20000000e-01 -6.00000000e-01  8.62284248e-06 -8.62284246e-06 -1.53253091e-14  0.00000000e+00  3.02042305e-21 
-5.30000000e-01 -5.30000000e-01 -6.00000000e-01  8.63691864e-06 -8.63691863e-06 -1.53353364e-14  0.00000000e+00  1.44649705e-21 
-5.40000000e-01 -5.40000000e-01 -6.00000000e-01  8.65079297e-06 -8.65079296e-06 -1.53453755e-14  0.00000000e+00  1.92526681e-21 
-5.50000000e-01 -5.50000000e-01 -6.00000000e-01  8.66448278e-06 -8.66448276e-06 -1.53554321e-14  0.00000000e+00  5.51042245e-21 
-5.60000000e-01 -5.60000000e-01 -6.00000000e-01  8.67800359e-06 -8.67800357e-06 -1.53655141e-14  0.00000000e+00  2.36579959e-21 
-5.70000000e-01 -5.70000000e-01 -6.00000000e-01  8.69136933e-06 -8.69136932e-06 -1.53756317e-14  0.00000000e+00  4.99533335e-21 
-5.80000000e-01 -5.80000000e-01 -6.00000000e-01  8.70459256e-06 -8.70459255e-06 -1.53857981e-14  0.00000000e+00  2.20778268e-22 
-5.90000000e-01 -5.90000000e-01 -6.00000000e-01  8.71768458e-06 -8.71768456e-06 -1.53960303e-14  0.00000000e+00  3.47730603e-22 
-6.00000000e-01 -6.00000000e-01 -6.00000000e-01  8.73065560e-06 -8.73065559e-06 -1.54063501e-14  0.00000000e+00  1.66057783e-22 
-6.10000000e-01 -6.10000000e-01 -6.00000000e-01  8.74351488e-06 -8.74351487e-06 -1.54167842e-14  0.00000000e+00  8.25670849e-21 
-6.20000000e-01 -6.20000000e-01 -6.00000000e-01  8.75627081e-06 -8.75627079e-06 -1.54273660e-14  0.00000000e+00  2.56534756e-21 
-6.30000000e-01 -6.30000000e-01 -6.00000000e-01  8.76893098e-06 -8.76893097e-06 -1.54381361e-14  0.00000000e+00  1.63671792e-21 
-6.40000000e-01 -6.40000000e-01 -6.00000000e-01  8.78150234e-06 -8.78150233e-06 -1.54491434e-14  0.00000000e+00  7.83382971e-21 
-6.50000000e-01 -6.50000000e-01 -6.00000000e-01  8.79399120e-06 -8.79399118e-06 -1.54604466e-14  0.00000000e+00  1.48616235e-21 
-6.60000000e-01 -6.60000000e-01 -6.00000000e-01  8.80640331e-06 -8.80640329e-06 -1.54721151e-14  0.00000000e+00  5.50661848e-21 
-6.70000000e-01 -6.70000000e-01 -6.00000000e-01  8.81874395e-06 -8.81874393e-06 -1.54842304e-14  0.00000000e+00  7.28885768e-21 
-6.80000000e-01 -6.80000000e-01 -6.00000000e-01  8.83101793e-06 -8.83101791e-06 -1.54968870e-14  0.00000000e+00  9.06462361e-22 
-6.90000000e-01 -6.90000000e-01 -6.00000000e-01  8.84322968e-06 -8.84322966e-06 -1.55101945e-14  0.00000000e+00  2.02002647e-21 
-7.00000000e-01 -7.00000000e-01 -6.00000000e-01  8.85538326e-06 -8.85538324e-06 -1.55242781e-14  0.00000000e+00  5.57172126e-22 
-7.10000000e-01 -7.10000000e-01 -6.00000000e-01  8.86748240e-06 -8.86748238e-06 -1.55392806e-14  0.00000000e+00  6.36945210e-21 
-7.20000000e-01 -7.20000000e-01 -6.00000000e-01  8.87953053e-06 -8.87953051e-06 -1.55553632e-14  0.00000000e+00  2.95794960e-21 
-7.30000000e-01 -7.30000000e-01 -6.00000000e-01  8.89153082e-06 -8.89153080e-06 -1.55727072e-14  0.00000000e+00  3.15897475e-22 
-7.40000000e-01 -7.40000000e-01 -6.00000000e-01  8.90348620e-06 -8.90348618e-06 -1.55915149e-14  0.00000000e+00  3.25601695e-21 
-7.50000000e-01 -7.50000000e-01 -6.00000000e-01  8.91539936e-06 -8.91539935e-06 -1.56120112e-14  0.00000000e+00  1.33855693e-21 
-7.60000000e-01 -7.60000000e-01 -6.00000000e-01  8.92727281e-06 -8.92727280e-06 -1.56344445e-14  0.00000000e+00  1.57104863e-21 
-7.70000000e-01 -7.70000000e-01 -6.00000000e-01  8.93910886e-06 -8.93910885e-06 -1.56590880e-14  0.00000000e+00  3.34994253e-21 
-7.80000000e-01 -7.80000000e-01 -6.00000000e-01  8.95090967e-06 -8.95090965e-06 -1.56862406e-14  0.00000000e+00  1.03586517e-20 
-7.90000000e-01 -7.90000000e-01 -6.00000000e-01  8.96267721e-06 -8.96267719e-06 -1.57162281e-14  0.00000000e+00  6.14176835e-21 
-8.00000000e-01 -8.00000000e-01 -6.00000000e-01  8.97441335e-06 -8.97441333e-06 -1.57494039e-14  0.00000000e+00  1.41177131e-21 
-8.10000000e-01 -8.10000000e-01 -6.00000000e-01  8.98611981e-06 -8.98611979e-06 -1.57861499e-14  0.00000000e+00  3.67489654e-21 
-8.20000000e-01 -8.20000000e-01 -6.00000000e-01  8.99779819e-06 -8.99779817e-06 -1.58268772e-14  0.00000000e+00  1.15846129e-21 
-8.30000000e-01 -8.30000000e-01 -6.00000000e-01  9.00945000e-06 -9.00944998e-06 -1.58720268e-14  0.00000000e+00  4.94777420e-21 
-8.40000000e-01 -8.40000000e-01 -6.00000000e-01  9.02107662e-06 -9.02107661e-06 -1.59220701e-14  0.00000000e+00  1.26932753e-21 
-8.50000000e-01 -8.50000000e-01 -6.00000000e-01  9.03267937e-06 -9.03267936e-06 -1.59775093e-14  0.00000000e+00  1.35118489e-21 
-8.60000000e-01 -8.60000000e-01 -6.00000000e-01  9.04425947e-06 -9.04425945e-06 -1.60388780e-14  0.00000000e+00  2.56049446e-21 
-8.70000000e-01 -8.70000000e-01 -6.00000000e-01  9.05581805e-06 -9.05581804e-06 -1.61067412e-14  0.00000000e+00  9.90029222e-21 
-8.80000000e-01 -8.80000000e-01 -6.00000000e-01  9.06735619e-06 -9.06735617e-06 -1.61816955e-14  0.00000000e+00  1.55820922e-21 
-8.90000000e-01 -8.90000000e-01 -6.00000000e-01  9.07887489e-06 -9.07887487e-06 -1.62643695e-14  0.00000000e+00  1.95878038e-21 
-9.00000000e-01 -9.00000000e-01 -6.00000000e-01  9.09037508e-06 -9.09037507e-06 -1.63554232e-14  0.00000000e+00  3.77709219e-21 
-9.10000000e-01 -9.10000000e-01 -6.00000000e-01  9.10185766e-06 -9.10185764e-06 -1.64555484e-14  0.00000000e+00  2.20784972e-21 
-9.20000000e-01 -9.20000000e-01 -6.00000000e-01  9.11332345e-06 -9.11332343e-06 -1.65654686e-14  0.00000000e+00  8.95731702e-21 
-9.30000000e-01 -9.30000000e-01 -6.00000000e-01  9.12477323e-06 -9.12477322e-06 -1.66859381e-14  0.00000000e+00  5.72520873e-21 
-9.40000000e-01 -9.40000000e-01 -6.00000000e-01  9.13620775e-06 -9.13620773e-06 -1.68177425e-14  0.00000000e+00  4.93169640e-21 
-9.50000000e-01 -9.50000000e-01 -6.00000000e-01  9.14762768e-06 -9.14762766e-06 -1.69616974e-14  0.00000000e+00  8.64311997e-21 
-9.60000000e-01 -9.60000000e-01 -6.00000000e-01  9.15903368e-06 -9.15903367e-06 -1.71186487e-14  0.00000000e+00  4.46001557e-21 
-9.70000000e-01 -9.70000000e-01 -6.00000000e-01  9.17042638e-06 -9.17042636e-06 -1.72894718e-14  0.00000000e+00  2.04991381e-21 
-9.80000000e-01 -9.80000000e-01 -6.00000000e-01  9.18180634e-06 -9.18180632e-06 -1.74750708e-14  0.00000000e+00  4.96216005e-21 
-9.90000000e-01 -9.90000000e-01 -6.00000000e-01  9.19317412e-06 -9.19317410e-06 -1.76763779e-14  0.00000000e+00  3.13180105e-22 
-1.00000000e+00 -1.00000000e+00 -6.00000000e-01  9.20453024e-06 -9.20453022e-06 -1.78943530e-14  0.00000000e+00  4.09522120e-21 
-1.01000000e+00 -1.01000000e+00 -6.00000000e-01  9.21587518e-06 -9.21587516e-06 -1.81299825e-14  0.00000000e+00  1.19862494e-21 
-1.02000000e+00 -1.02000000e+00 -6.00000000e-01  9.22720942e-06 -9.22720940e-06 -1.83842789e-14  0.00000000e+00  1.98553247e-21 
-1.03000000e+00 -1.03000000e+00 -6.00000000e-01  9.23853339e-06 -9.23853337e-06 -1.86582798e-14  0.00000000e+00  6.11113440e-21 
-1.04000000e+00 -1.04000000e+00 -6.00000000e-01  9.24984751e-06 -9.24984749e-06 -1.89530468e-14  0.00000000e+00  7.02763415e-21 
-1.05000000e+00 -1.05000000e+00 -6.00000000e-01  9.26115217e-06 -9.26115215e-06 -1.92696652e-14  0.00000000e+00  4.42140795e-21 
-1.06000000e+00 -1.06000000e+00 -6.00000000e-01  9.27244775e-06 -9.27244774e-06 -1.96092422e-14  0.00000000e+00  4.21010994e-21 
-1.07000000e+00 -1.07000000e+00 -6.00000000e-01  9.28373461e-06 -9.28373459e-06 -1.99729069e-14  0.00000000e+00  5.53185400e-21 
-1.08000000e+00 -1.08000000e+00 -6.00000000e-01  9.29501308e-06 -9.29501306e-06 -2.03618087e-14  0.00000000e+00  3.99978290e-21 
-1.09000000e+00 -1.09000000e+00 -6.00000000e-01  9.30628349e-06 -9.30628347e-06 -2.07771165e-14  0.00000000e+00  5.38565087e-21 
-1.10000000e+00 -1.10000000e+00 -6.00000000e-01  9.31754614e-06 -9.31754612e-06 -2.12200178e-14  0.00000000e+00  6.75894654e-22 
-1.11000000e+00 -1.11000000e+00 -6.00000000e-01  9.32880132e-06 -9.32880130e-06 -2.16917176e-14  0.00000000e+00  3.39997368e-21 
-1.12000000e+00 -1.12000000e+00 -6.00000000e-01  9.34004931e-06 -9.34004929e-06 -2.21934374e-14  0.00000000e+00  1.86910355e-21 
-1.13000000e+00 -1.13000000e+00 -6.00000000e-01  9.35129037e-06 -9.35129035e-06 -2.27264143e-14  0.00000000e+00  1.48684378e-21 
-1.14000000e+00 -1.14000000e+00 -6.00000000e-01  9.36252476e-06 -9.36252473e-06 -2.32918998e-14  0.00000000e+00  4.86753950e-21 
-1.15000000e+00 -1.15000000e+00 -6.00000000e-01  9.37375271e-06 -9.37375268e-06 -2.38911592e-14  0.00000000e+00  1.43349049e-21 
-1.16000000e+00 -1.16000000e+00 -6.00000000e-01  9.38497445e-06 -9.38497443e-06 -2.45254700e-14  0.00000000e+00  3.10947189e-21 
-1.17000000e+00 -1.17000000e+00 -6.00000000e-01  9.39619020e-06 -9.39619018e-06 -2.51961214e-14  0.00000000e+00  5.20372694e-21 
-1.18000000e+00 -1.18000000e+00 -6.00000000e-01  9.40740017e-06 -9.40740015e-06 -2.59044134e-14  0.00000000e+00  4.60051195e-21 
-1.19000000e+00 -1.19000000e+00 -6.00000000e-01  9.41860456e-06 -9.41860454e-06 -2.66516553e-14  0.00000000e+00  5.96824919e-21 
-1.20000000e+00 -1.20000000e+00 -6.00000000e-01  9.42980356e-06 -9.42980353e-06 -2.74391652e-14  0.00000000e+00  4.78125982e-22 
 0.00000000e+00  0.00000000e+00 -8.00000000e-01 -1.97156162e-41 -7.58293498e-42  2.72985511e-41  0.00000000e+00  5.09789412e-57 
-1.00000000e-02 -1.00000000e-02 -8.00000000e-01  1.90647539e-06 -1.90647539e-06 -3.43880886e-15  0.00000000e+00  4.86665363e-22 
-2.00000000e-02 -2.00000000e-02 -8.00000000e-01  3.75255416e-06 -3.75255415e-06 -6.08352784e-15  0.00000000e+00  8.49931085e-22 
-3.00000000e-02 -3.00000000e-02 -8.00000000e-01  5.53837509e-06 -5.53837508e-06 -8.11806301e-15  0.00000000e+00  2.68358571e-21 
-4.00000000e-02 -4.00000000e-02 -8.00000000e-01  7.26410382e-06 -7.26410381e-06 -9.68372898e-15  0.00000000e+00  1.08937805e-21 
-5.00000000e-02 -5.00000000e-02 -8.00000000e-01  8.92993308e-06 -8.92993307e-06 -1.08891128e-14  0.00000000e+00  5.68695035e-22 
-6.00000000e-02 -6.00000000e-02 -8.00000000e-01  1.05360839e-05 -1.05360839e-05 -1.18176535e-14  0.00000000e+00  2.27509106e-21 
-7.00000000e-02 -7.00000000e-02 -8.00000000e-01  1.20828074e-05 -1.20828074e-05 -1.25334661e-14  0.00000000e+00  9.11592579e-22 
-8.00000000e-02 -8.00000000e-02 -8.00000000e-01  1.35703878e-05 -1.35703878e-05 -1.30858171e-14  0.00000000e+00  1.65708278e-21 
-9.00000000e-02 -9.00000000e-02 -8.00000000e-01  1.49991450e-05 -1.49991450e-05 -1.35125632e-14  0.00000000e+00  4.37643349e-21 
-1.00000000e-01 -1.00000000e-01 -8.00000000e-01  1.63694393e-05 -1.63694393e-05 -1.38427935e-14  0.00000000e+00  1.67340602e-21 
-1.10000000e-01 -1.10000000e-01 -8.00000000e-01  1.76816753e-05 -1.76816752e-05 -1.40988606e-14  0.00000000e+00  2.81369685e-21 
-1.20000000e-01 -1.20000000e-01 -8.00000000e-01  1.89363071e-05 -1.89363071e-05 -1.42979401e-14  0.00000000e+00  3.65945312e-21 
-1.30000000e-01 -1.30000000e-01 -8.00000000e-01  2.01338445e-05 -2.01338445e-05 -1.44532301e-14  0.00000000e+00  4.79993594e-21 
-1.40000000e-01 -1.40000000e-01 -8.00000000e-01  2.12748590e-05 -2.12748590e-05 -1.45748718e-14  0.00000000e+00  9.78517546e-21 
-1.50000000e-01 -1.50000000e-01 -8.00000000e-01  2.23599907e-05 -2.23599907e-05 -1.46706581e-14  0.00000000e+00  6.79158228e-21 
-1.60000000e-01 -1.60000000e-01 -8.00000000e-01  2.33899557e-05 -2.33899557e-05 -1.47465768e-14  0.00000000e+00  1.09819504e-20 
-1.70000000e-01 -1.70000000e-01 -8.00000000e-01  2.43655540e-05 -2.43655540e-05 -1.48072291e-14  0.00000000e+00  4.54748643e-21 
-1.80000000e-01 -1.80000000e-01 -8.00000000e-01  2.52876774e-05 -2.52876774e-05 -1.48561507e-14  0.00000000e+00  5.98295507e-21 
-1.90000000e-01 -1.90000000e-01 -8.00000000e-01  2.61573168e-05 -2.61573168e-05 -1.48960583e-14  0.00000000e+00  1.40127817e-21 
-2.00000000e-01 -2.00000000e-01 -8.00000000e-01  2.69755701e-05 -2.69755701e-05 -1.49290395e-14  0.00000000e+00  4.24756058e-21 
-2.10000000e-01 -2.10000000e-01 -8.00000000e-01  2.77436485e-05 -2.77436485e-05 -1.49566984e-14  0.00000000e+00  7.50202164e-21 
-2.20000000e-01 -2.20000000e-01 -8.00000000e-01  2.84628817e-05 -2.84628817e-05 -1.49802677e-14  0.00000000e+00  8.87450348e-21 
-2.30000000e-01 -2.30000000e-01 -8.00000000e-01  2.91347212e-05 -2.91347212e-05 -1.50006943e-14  0.00000000e+00  1.18906547e-20 
-2.40000000e-01 -2.40000000e-01 -8.00000000e-01  2.97607412e-05 -2.97607412e-05 -1.50187063e-14  0.00000000e+00  1.04604248e-21 
-2.50000000e-01 -2.50000000e-01 -8.00000000e-01  3.03426369e-05 -3.03426369e-05 -1.50348627e-14  0.00000000e+00  7.56315379e-22 
-2.60000000e-01 -2.60000000e-01 -8.00000000e-01  3.08822187e-05 -3.08822187e-05 -1.50495933e-14  0.00000000e+00  2.11666713e-22 
-2.70000000e-01 -2.70000000e-01 -8.00000000e-01  3.13814032e-05 -3.13814032e-05 -1.50632284e-14  0.00000000e+00  1.25604559e-20 
-2.80000000e-01 -2.80000000e-01 -8.00000000e-01  3.18422003e-05 -3.18422003e-05 -1.50760215e-14  0.00000000e+00  1.29531070e-20 
-2.90000000e-01 -2.90000000e-01 -8.00000000e-01  3.22666964e-05 -3.22666964e-05 -1.50881679e-14  0.00000000e+00  3.84270731e-21 
-3.00000000e-01 -3.00000000e-01 -8.00000000e-01  3.26570349e-05 -3.26570348e-05 -1.50998171e-14  0.00000000e+00  2.09394134e-21 
-3.10000000e-01 -3.10000000e-01 -8.00000000e-01  3.30153931e-05 -3.30153931e-05 -1.51110844e-14  0.00000000e+00  1.05123458e-20 
-3.20000000e-01 -3.20000000e-01 -8.00000000e-01  3.33439589e-05 -3.33439589e-05 -1.51220582e-14  0.00000000e+00  7.17418374e-22 
-3.30000000e-01 -3.30000000e-01 -8.00000000e-01  3.36449063e-05 -3.36449063e-05 -1.51328064e-14  0.00000000e+00  3.94639955e-22 
-3.40000000e-01 -3.40000000e-01 -8.00000000e-01  3.39203712e-05 -3.39203712e-05 -1.51433814e-14  0.00000000e+00  4.39598098e-21 
-3.50000000e-01 -3.50000000e-01 -8.00000000e-01  3.41724299e-05 -3.41724299e-05 -1.51538232e-14  0.00000000e+00  2.78983782e-21 
-3.60000000e-01 -3.60000000e-01 -8.00000000e-01  3.44030795e-05 -3.44030794e-05 -1.51641627e-14  0.00000000e+00  9.67615306e-21 
-3.70000000e-01 -3.70000000e-01 -8.00000000e-01  3.46142219e-05 -3.46142218e-05 -1.51744236e-14  0.00000000e+00  2.27181780e-21 
-3.80000000e-01 -3.80000000e-01 -8.00000000e-01  3.48076515e-05 -3.48076515e-05 -1.51846240e-14  0.00000000e+00  6.68012826e-21 
-3.90000000e-01 -3.90000000e-01 -8.00000000e-01  3.49850469e-05 -3.49850469e-05 -1.51947781e-14  0.00000000e+00  3.68633852e-21 
-4.00000000e-01 -4.00000000e-01 -8.00000000e-01  3.51479655e-05 -3.51479655e-05 -1.52048964e-14  0.00000000e+00  4.48520983e-21 
-4.10000000e-01 -4.10000000e-01 -8.00000000e-01  3.52978421e-05 -3.52978420e-05 -1.52149874e-14  0.00000000e+00  1.20138283e-21 
-4.20000000e-01 -4.20000000e-01 -8.00000000e-01  3.54359902e-05 -3.54359902e-05 -1.52250572e-14  0.00000000e+00  1.43979837e-20 
-4.30000000e-01 -4.30000000e-01 -8.00000000e-01  3.55636055e-05 -3.55636055e-05 -1.52351109e-14  0.00000000e+00  3.12159193e-21 
-4.40000000e-01 -4.40000000e-01 -8.00000000e-01  3.56817712e-05 -3.56817712e-05 -1.52451522e-14  0.00000000e+00  9.27098385e-21 
-4.50000000e-01 -4.50000000e-01 -8.00000000e-01  3.57914644e-05 -3.57914644e-05 -1.52551839e-14  0.00000000e+00  1.44513432e-21 
-4.60000000e-01 -4.60000000e-01 -8.00000000e-01  3.58935634e-05 -3.58935634e-05 -1.52652083e-14  0.00000000e+00  5.95174591e-21 
-4.70000000e-01 -4.70000000e-01 -8.00000000e-01  3.59888556e-05 -3.59888556e-05 -1.52752270e-14  0.00000000e+00  2.54825137e-21 
-4.80000000e-01 -4.80000000e-01 -8.00000000e-01  3.60780452e-05 -3.60780452e-05 -1.52852414e-14  0.00000000e+00  3.48040517e-21 
-4.90000000e-01 -4.90000000e-01 -8.00000000e-01  3.61617607e-05 -3.61617607e-05 -1.52952524e-14  0.00000000e+00  5.80849405e-21 
-5.00000000e-01 -5.00000000e-01 -8.00000000e-01  3.62405627e-05 -3.62405626e-05 -1.53052609e-14  0.00000000e+00  1.25376903e-20 
-5.10000000e-01 -5.10000000e-01 -8.00000000e-01  3.63149503e-05 -3.63149503e-05 -1.53152675e-14  0.00000000e+00  1.73006583e-20 
-5.20000000e-01 -5.20000000e-01 -8.00000000e-01  3.63853682e-05 -3.63853682e-05 -1.53252725e-14  0.00000000e+00  6.55046693e-21 
-5.30000000e-01 -5.30000000e-01 -8.00000000e-01  3.64522119e-05 -3.64522119e-05 -1.53352763e-14  0.00000000e+00  4.45143296e-21 
-5.40000000e-01 -5.40000000e-01 -8.00000000e-01  3.65158337e-05 -3.65158337e-05 -1.53452793e-14  0.00000000e+00  3.22868015e-21 
-5.50000000e-01 -5.50000000e-01 -8.00000000e-01  3.65765472e-05 -3.65765472e-05 -1.53552817e-14  0.00000000e+00  2.65416021e-21 
-5.60000000e-01 -5.60000000e-01 -8.00000000e-01  3.66346318e-05 -3.66346318e-05 -1.53652836e-14  0.00000000e+00  2.52423448e-21 
-5.70000000e-01 -5.70000000e-01 -8.00000000e-01  3.66903367e-05 -3.66903367e-05 -1.53752852e-14  0.00000000e+00  2.62750579e-21 
-5.80000000e-01 -5.80000000e-01 -8.00000000e-01  3.67438842e-05 -3.67438842e-05 -1.53852869e-14  0.00000000e+00  2.70020008e-21 
-5.90000000e-01 -5.90000000e-01 -8.00000000e-01  3.67954728e-05 -3.67954728e-05 -1.53952890e-14  0.00000000e+00  2.36049488e-21 
-6.00000000e-01 -6.00000000e-01 -8.00000000e-01  3.68452802e-05 -3.68452802e-05 -1.54052921e-14  0.00000000e+00  1.01052378e-21 
-6.10000000e-01 -6.10000000e-01 -8.00000000e-01  3.68934653e-05 -3.68934653e-05 -1.54152972e-14  0.00000000e+00  2.30828355e-21 
-6.20000000e-01 -6.20000000e-01 -8.00000000e-01  3.69401706e-05 -3.69401706e-05 -1.54253058e-14  0.00000000e+00  1.79808793e-20 
-6.30000000e-01 -6.30000000e-01 -8.00000000e-01  3.69855241e-05 -3.69855240e-05 -1.54353203e-14  0.00000000e+00  3.23807562e-20 
-6.40000000e-01 -6.40000000e-01 -8.00000000e-01  3.70296406e-05 -3.70296406e-05 -1.54453443e-14  0.00000000e+00  1.69786085e-20 
-6.50000000e-01 -6.50000000e-01 -8.00000000e-01  3.70726237e-05 -3.70726236e-05 -1.54553833e-14  0.00000000e+00  3.93062789e-23 
-6.60000000e-01 -6.60000000e-01 -8.00000000e-01  3.71145665e-05 -3.71145665e-05 -1.54654454e-14  0.00000000e+00  6.09612875e-21 
-6.70000000e-01 -6.70000000e-01 -8.00000000e-01  3.71555533e-05 -3.71555533e-05 -1.54755418e-14  0.00000000e+00  3.47748554e-20 
-6.80000000e-01 -6.80000000e-01 -8.00000000e-01  3.71956601e-05 -3.71956601e-05 -1.54856885e-14  0.00000000e+00  1.77296381e-21 
-6.90000000e-01 -6.90000000e-01 -8.00000000e-01  3.72349558e-05 -3.72349558e-05 -1.54959074e-14  0.00000000e+00  2.50530217e-20 
-7.00000000e-01 -7.00000000e-01 -8.00000000e-01  3.72735028e-05 -3.72735028e-05 -1.55062278e-14  0.00000000e+00  4.53389088e-21 
-7.10000000e-01 -7.10000000e-01 -8.00000000e-01  3.73113577e-05 -3.73113577e-05 -1.55166888e-14  0.00000000e+00  6.16443525e-21 
-7.20000000e-01 -7.20000000e-01 -8.00000000e-01  3.73485720e-05 -3.73485720e-05 -1.55273409e-14  0.00000000e+00  4.78817910e-20 
-7.30000000e-01 -7.30000000e-01 -8.00000000e-01  3.73851926e-05 -3.73851926e-05 -1.55382493e-14  0.00000000e+00  5.88697392e-21 
-7.40000000e-01 -7.40000000e-01 -8.00000000e-01  3.74212623e-05 -3.74212623e-05 -1.55494966e-14  0.00000000e+00  4.52748846e-21 
-7.50000000e-01 -7.50000000e-01 -8.00000000e-01  3.74568200e-05 -3.74568200e-05 -1.55611857e-14  0.00000000e+00  1.57378499e-20 
-7.60000000e-01 -7.60000000e-01 -8.00000000e-01  3.74919015e-05 -3.74919014e-05 -1.55734440e-14  0.00000000e+00  8.90318833e-21 
-7.70000000e-01 -7.70000000e-01 -8.00000000e-01  3.75265392e-05 -3.75265392e-05 -1.55864270e-14  0.00000000e+00  9.22594070e-21 
-7.80000000e-01 -7.80000000e-01 -8.00000000e-01  3.75607632e-05 -3.75607632e-05 -1.56003225e-14  0.00000000e+00  1.85854891e-20 
-7.90000000e-01 -7.90000000e-01 -8.00000000e-01  3.75946009e-05 -3.75946009e-05 -1.56153553e-14  0.00000000e+00  1.99208411e-21 
-8.00000000e-01 -8.00000000e-01 -8.00000000e-01  3.76280775e-05 -3.76280775e-05 -1.56317917e-14  0.00000000e+00  8.72277147e-21 
-8.10000000e-01 -8.10000000e-01 -8.00000000e-01  3.76612162e-05 -3.76612161e-05 -1.56499445e-14  0.00000000e+00  2.59508388e-20 
-8.20000000e-01 -8.20000000e-01 -8.00000000e-01  3.76940383e-05 -3.76940383e-05 -1.56701783e-14  0.00000000e+00  1.45251435e-20 
-8.30000000e-01 -8.30000000e-01 -8.00000000e-01  3.77265636e-05 -3.77265636e-05 -1.56929143e-14  0.00000000e+00  1.77271320e-20 
-8.40000000e-01 -8.40000000e-01 -8.00000000e-01  3.77588102e-05 -3.77588102e-05 -1.57186360e-14  0.00000000e+00  8.39321073e-21 
-8.50000000e-01 -8.50000000e-01 -8.00000000e-01  3.77907951e-05 -3.77907950e-05 -1.57478943e-14  0.00000000e+00  6.70557008e-21 
-8.60000000e-01 -8.60000000e-01 -8.00000000e-01  3.78225336e-05 -3.78225336e-05 -1.57813130e-14  0.00000000e+00  8.52689253e-21 
-8.70000000e-01 -8.70000000e-01 -8.00000000e-01  3.78540403e-05 -3.78540403e-05 -1.58195938e-14  0.00000000e+00  7.56818985e-23 
-8.80000000e-01 -8.80000000e-01 -8.00000000e-01  3.78853285e-05 -3.78853284e-05 -1.58635216e-14  0.00000000e+00  1.74989782e-20 
-8.90000000e-01 -8.90000000e-01 -8.00000000e-01  3.79164106e-05 -3.79164105e-05 -1.59139694e-14  0.00000000e+00  2.28008030e-20 
-9.00000000e-01 -9.00000000e-01 -8.00000000e-01  3.79472981e-05 -3.79472981e-05 -1.59719033e-14  0.00000000e+00  6.10874124e-21 
-9.10000000e-01 -9.10000000e-01 -8.00000000e-01  3.79780018e-05 -3.79780018e-05 -1.60383870e-14  0.00000000e+00  2.60267711e-20 
-9.20000000e-01 -9.20000000e-01 -8.00000000e-01  3.80085317e-05 -3.80085317e-05 -1.61145860e-14  0.00000000e+00  1.93368585e-20 
-9.30000000e-01 -9.30000000e-01 -8.00000000e-01  3.80388970e-05 -3.80388970e-05 -1.62017719e-14  0.00000000e+00  2.38034155e-20 
-9.40000000e-01 -9.40000000e-01 -8.00000000e-01  3.80691065e-05 -3.80691065e-05 -1.63013259e-14  0.00000000e+00  6.08727962e-21 
-9.50000000e-01 -9.50000000e-01 -8.00000000e-01  3.80991683e-05 -3.80991683e-05 -1.64147427e-14  0.00000000e+00  2.40254158e-20 
-9.60000000e-01 -9.60000000e-01 -8.00000000e-01  3.81290900e-05 -3.81290899e-05 -1.65436327e-14  0.00000000e+00  8.55681517e-21 
-9.70000000e-01 -9.70000000e-01 -8.00000000e-01  3.81588785e-05 -3.81588785e-05 -1.66897255e-14  0.00000000e+00  2.19089950e-20 
-9.80000000e-01 -9.80000000e-01 -8.00000000e-01  3.81885407e-05 -3.81885407e-05 -1.68548721e-14  0.00000000e+00  2.77720052e-20 
-9.90000000e-01 -9.90000000e-01 -8.00000000e-01  3.82180827e-05 -3.82180827e-05 -1.70410464e-14  0.00000000e+00  1.73971364e-20 
-1.00000000e+00 -1.00000000e+00 -8.00000000e-01  3.82475103e-05 -3.82475103e-05 -1.72503470e-14  0.00000000e+00  1.28101776e-20 
-1.01000000e+00 -1.01000000e+00 -8.00000000e-01  3.82768291e-05 -3.82768291e-05 -1.74849987e-14  0.00000000e+00  3.81942941e-20 
-1.02000000e+00 -1.02000000e+00 -8.00000000e-01  3.83060441e-05 -3.83060441e-05 -1.77473526e-14  0.00000000e+00  3.40411733e-20 
-1.03000000e+00 -1.03000000e+00 -8.00000000e-01  3.83351603e-05 -3.83351603e-05 -1.80398873e-14  0.00000000e+00  9.97293970e-21 
-1.04000000e+00 -1.04000000e+00 -8.00000000e-01  3.83641822e-05 -3.83641821e-05 -1.83652081e-14  0.00000000e+00  1.11903985e-20 
-1.05000000e+00 -1.05000000e+00 -8.00000000e-01  3.83931140e-05 -3.83931139e-05 -1.87260473e-14  0.00000000e+00  2.16000495e-20 
-1.06000000e+00 -1.06000000e+00 -8.00000000e-01  3.84219598e-05 -3.84219597e-05 -1.91252631e-14  0.00000000e+00  8.99231999e-21 
-1.07000000e+00 -1.07000000e+00 -8.00000000e-01  3.84507234e-05 -3.84507234e-05 -1.95658390e-14  0.00000000e+00  1.30332244e-21 
-1.08000000e+00 -1.08000000e+00 -8.00000000e-01  3.84794084e-05 -3.84794084e-05 -2.00508818e-14  0.00000000e+00  7.81026248e-22 
-1.09000000e+00 -1.09000000e+00 -8.00000000e-01  3.85080182e-05 -3.85080182e-05 -2.05836207e-14  0.00000000e+00  1.53891584e-20 
-1.10000000e+00 -1.10000000e+00 -8.00000000e-01  3.85365561e-05 -3.85365561e-05 -2.11674048e-14  0.00000000e+00  1.07743940e-20 
-1.11000000e+00 -1.11000000e+00 -8.00000000e-01  3.85650250e-05 -3.85650250e-05 -2.18057009e-14  0.00000000e+00  9.95574167e-21 
-1.12000000e+00 -1.12000000e+00 -8.00000000e-01  3.85934278e-05 -3.85934278e-05 -2.25020913e-14  0.00000000e+00  1.73324990e-20 
-1.13000000e+00 -1.13000000e+00 -8.00000000e-01  3.86217673e-05 -3.86217672e-05 -2.32602710e-14  0.00000000e+00  1.43970802e-20 
-1.14000000e+00 -1.14000000e+00 -8.00000000e-01  3.86500459e-05 -3.86500459e-05 -2.40840444e-14  0.00000000e+00  1.10006794e-20 
-1.15000000e+00 -1.15000000e+00 -8.00000000e-01  3.86782663e-05 -3.86782662e-05 -2.49773227e-14  0.00000000e+00  1.20019150e-20 
-1.16000000e+00 -1.16000000e+00 -8.00000000e-01  3.87064305e-05 -3.87064305e-05 -2.59441201e-14  0.00000000e+00  2.34079946e-21 
-1.17000000e+00 -1.17000000e+00 -8.00000000e-01  3.87345410e-05 -3.87345410e-05 -2.69885506e-14  0.00000000e+00  2.09559881e-20 
-1.18000000e+00 -1.18000000e+00 -8.00000000e-01  3.87625997e-05 -3.87625997e-05 -2.81148244e-14  0.00000000e+00  5.57847387e-20 
-1.19000000e+00 -1.19000000e+00 -8.00000000e-01  3.87906087e-05 -3.87906086e-05 -2.93272438e-14  0.00000000e+00  8.74633484e-21 
-1.20000000e+00 -1.20000000e+00 -8.00000000e-01  3.88185697e-05 -3.88185697e-05 -3.06301997e-14  0.00000000e+00  2.48840591e-21 
 0.00000000e+00  0.00000000e+00 -1.00000000e+00 -1.97156162e-41 -7.58293497e-42  2.72985511e-41  0.00000000e+00  5.09789412e-57 
-1.00000000e-02 -1.00000000e-02 -1.00000000e+00  3.36993991e-06 -3.36993991e-06 -3.43880886e-15  0.00000000e+00  7.83884058e-22 
-2.00000000e-02 -2.00000000e-02 -1.00000000e+00  6.66925579e-06 -6.66925579e-06 -6.08352784e-15  0.00000000e+00  1.69116776e-21 
-3.00000000e-02 -3.00000000e-02 -1.00000000e+00  9.89799955e-06 -9.89799954e-06 -8.11806301e-15  0.00000000e+00  2.68358571e-21 
-4.00000000e-02 -4.00000000e-02 -1.00000000e+00  1.30562364e-05 -1.30562364e-05 -9.68372898e-15  0.00000000e+00  2.29875374e-21 
-5.00000000e-02 -5.00000000e-02 -1.00000000e+00  1.61440436e-05 -1.61440436e-05 -1.08891128e-14  0.00000000e+00  2.81943676e-21 
-6.00000000e-02 -6.00000000e-02 -1.00000000e+00  1.91615097e-05 -1.91615097e-05 -1.18176535e-14  0.00000000e+00  1.11304072e-21 
-7.00000000e-02 -7.00000000e-02 -1.00000000e+00  2.21087340e-05 -2.21087340e-05 -1.25334661e-14  0.00000000e+00  5.86467098e-21 
-8.00000000e-02 -8.00000000e-02 -1.00000000e+00  2.49858266e-05 -2.49858266e-05 -1.30858171e-14  0.00000000e+00  1.65708276e-21 
-9.00000000e-02 -9.00000000e-02 -1.00000000e+00  2.77929085e-05 -2.77929085e-05 -1.35125632e-14  0.00000000e+00  2.39983012e-21 
-1.00000000e-01 -1.00000000e-01 -1.00000000e+00  3.05301117e-05 -3.05301117e-05 -1.38427935e-14  0.00000000e+00  1.67340599e-21 
-1.10000000e-01 -1.10000000e-01 -1.00000000e+00  3.31975801e-05 -3.31975801e-05 -1.40988606e-14  0.00000000e+00  2.81369681e-21 
-1.20000000e-01 -1.20000000e-01 -1.00000000e+00  3.57954700e-05 -3.57954700e-05 -1.42979401e-14  0.00000000e+00  3.11681041e-21 
-1.30000000e-01 -1.30000000e-01 -1.00000000e+00  3.83239509e-05 -3.83239509e-05 -1.44532301e-14  0.00000000e+00  1.97632769e-21 
-1.40000000e-01 -1.40000000e-01 -1.00000000e+00  4.07832068e-05 -4.07832068e-05 -1.45748718e-14  0.00000000e+00  9.78517552e-21 
-1.50000000e-01 -1.50000000e-01 -1.00000000e+00  4.31734374e-05 -4.31734374e-05 -1.46706581e-14  0.00000000e+00  6.76094495e-21 
-1.60000000e-01 -1.60000000e-01 -1.00000000e+00  4.54948595e-05 -4.54948595e-05 -1.47465768e-14  0.00000000e+00  4.20568688e-21 
-1.70000000e-01 -1.70000000e-01 -1.00000000e+00  4.77477090e-05 -4.77477089e-05 -1.48072291e-14  0.00000000e+00  4.54748634e-21 
-1.80000000e-01 -1.80000000e-01 -1.00000000e+00  4.99322421e-05 -4.99322421e-05 -1.48561507e-14  0.00000000e+00  1.95354823e-20 
-1.90000000e-01 -1.90000000e-01 -1.00000000e+00  5.20487384e-05 -5.20487384e-05 -1.48960583e-14  0.00000000e+00  1.21512489e-20 
-2.00000000e-01 -2.00000000e-01 -1.00000000e+00  5.40975027e-05 -5.40975027e-05 -1.49290395e-14  0.00000000e+00  9.30496670e-21 
-2.10000000e-01 -2.10000000e-01 -1.00000000e+00  5.60788677e-05 -5.60788677e-05 -1.49566984e-14  0.00000000e+00  6.05050537e-21 
-2.20000000e-01 -2.20000000e-01 -1.00000000e+00  5.79931973e-05 -5.79931973e-05 -1.49802677e-14  0.00000000e+00  8.87450364e-21 
-2.30000000e-01 -2.30000000e-01 -1.00000000e+00  5.98408897e-05 -5.98408897e-05 -1.50006943e-14  0.00000000e+00  1.18906548e-20 
-2.40000000e-01 -2.40000000e-01 -1.00000000e+00  6.16223808e-05 -6.16223808e-05 -1.50187063e-14  0.00000000e+00  1.04604229e-21 
-2.50000000e-01 -2.50000000e-01 -1.00000000e+00  6.33381485e-05 -6.33381485e-05 -1.50348627e-14  0.00000000e+00  7.56315581e-22 
-2.60000000e-01 -2.60000000e-01 -1.00000000e+00  6.49887167e-05 -6.49887167e-05 -1.50495933e-14  0.00000000e+00  2.11666499e-22 
-2.70000000e-01 -2.70000000e-01 -1.00000000e+00  6.65746598e-05 -6.65746598e-05 -1.50632284e-14  0.00000000e+00  9.92071446e-22 
-2.80000000e-01 -2.80000000e-01 -1.00000000e+00  6.80966074e-05 -6.80966074e-05 -1.50760215e-14  0.00000000e+00  5.99420402e-22 
-2.90000000e-01 -2.90000000e-01 -1.00000000e+00  6.95552496e-05 -6.95552496e-05 -1.50881679e-14  0.00000000e+00  3.84270759e-21 
-3.00000000e-01 -3.00000000e-01 -1.00000000e+00  7.09513418e-05 -7.09513418e-05 -1.50998171e-14  0.00000000e+00  2.09394103e-21 
-3.10000000e-01 -3.10000000e-01 -1.00000000e+00  7.22857103e-05 -7.22857102e-05 -1.51110844e-14  0.00000000e+00  1.65927088e-20 
-3.20000000e-01 -3.20000000e-01 -1.00000000e+00  7.35592570e-05 -7.35592570e-05 -1.51220582e-14  0.00000000e+00  1.42699452e-20 
-3.30000000e-01 -3.30000000e-01 -1.00000000e+00  7.47729649e-05 -7.47729649e-05 -1.51328064e-14  0.00000000e+00  3.94640350e-22 
-3.40000000e-01 -3.40000000e-01 -1.00000000e+00  7.59279024e-05 -7.59279024e-05 -1.51433814e-14  0.00000000e+00  4.39598142e-21 
-3.50000000e-01 -3.50000000e-01 -1.00000000e+00  7.70252276e-05 -7.70252276e-05 -1.51538232e-14  0.00000000e+00  1.63423645e-20 
-3.60000000e-01 -3.60000000e-01 -1.00000000e+00  7.80661911e-05 -7.80661911e-05 -1.51641627e-14  0.00000000e+00  3.87637356e-21 
-3.70000000e-01 -3.70000000e-01 -1.00000000e+00  7.90521389e-05 -7.90521389e-05 -1.51744236e-14  0.00000000e+00  1.58243444e-20 
-3.80000000e-01 -3.80000000e-01 -1.00000000e+00  7.99845127e-05 -7.99845127e-05 -1.51846240e-14  0.00000000e+00  6.87239824e-21 
-3.90000000e-01 -3.90000000e-01 -1.00000000e+00  8.08648499e-05 -8.08648499e-05 -1.51947781e-14  0.00000000e+00  9.86618937e-21 
-4.00000000e-01 -4.00000000e-01 -1.00000000e+00  8.16947806e-05 -8.16947806e-05 -1.52048964e-14  0.00000000e+00  9.06731651e-21 
-4.10000000e-01 -4.10000000e-01 -1.00000000e+00  8.24760240e-05 -8.24760240e-05 -1.52149874e-14  0.00000000e+00  2.59036724e-20 
-4.20000000e-01 -4.20000000e-01 -1.00000000e+00  8.32103815e-05 -8.32103815e-05 -1.52250572e-14  0.00000000e+00  1.43979827e-20 
-4.30000000e-01 -4.30000000e-01 -1.00000000e+00  8.38997288e-05 -8.38997288e-05 -1.52351109e-14  0.00000000e+00  1.04309363e-20 
-4.40000000e-01 -4.40000000e-01 -1.00000000e+00  8.45460054e-05 -8.45460054e-05 -1.52451522e-14  0.00000000e+00  2.28235122e-20 
-4.50000000e-01 -4.50000000e-01 -1.00000000e+00  8.51512023e-05 -8.51512023e-05 -1.52551839e-14  0.00000000e+00  1.44513294e-21 
-4.60000000e-01 -4.60000000e-01 -1.00000000e+00  8.57173485e-05 -8.57173485e-05 -1.52652083e-14  0.00000000e+00  3.30567987e-20 
-4.70000000e-01 -4.70000000e-01 -1.00000000e+00  8.62464965e-05 -8.62464965e-05 -1.52752270e-14  0.00000000e+00  1.10042738e-20 
-4.80000000e-01 -4.80000000e-01 -1.00000000e+00  8.67407063e-05 -8.67407063e-05 -1.52852414e-14  0.00000000e+00  3.48043801e-21 
-4.90000000e-01 -4.90000000e-01 -1.00000000e+00  8.72020300e-05 -8.72020300e-05 -1.52952524e-14  0.00000000e+00  5.80834310e-21 
-5.00000000e-01 -5.00000000e-01 -1.00000000e+00  8.76324966e-05 -8.76324966e-05 -1.53052609e-14  0.00000000e+00  1.25371308e-20 
-5.10000000e-01 -5.10000000e-01 -1.00000000e+00  8.80340971e-05 -8.80340970e-05 -1.53152675e-14  0.00000000e+00  9.80625127e-21 
-5.20000000e-01 -5.20000000e-01 -1.00000000e+00  8.84087714e-05 -8.84087714e-05 -1.53252725e-14  0.00000000e+00  6.55612340e-21 
-5.30000000e-01 -5.30000000e-01 -1.00000000e+00  8.87583966e-05 -8.87583965e-05 -1.53352763e-14  0.00000000e+00  4.46747600e-21 
-5.40000000e-01 -5.40000000e-01 -1.00000000e+00  8.90847766e-05 -8.90847765e-05 -1.53452793e-14  0.00000000e+00  3.03763720e-20 
-5.50000000e-01 -5.50000000e-01 -1.00000000e+00  8.93896344e-05 -8.93896344e-05 -1.53552816e-14  0.00000000e+00  2.43441004e-20 
-5.60000000e-01 -5.60000000e-01 -1.00000000e+00  8.96746061e-05 -8.96746061e-05 -1.53652833e-14  0.00000000e+00  2.98826133e-20 
-5.70000000e-01 -5.70000000e-01 -1.00000000e+00  8.99412365e-05 -8.99412365e-05 -1.53752846e-14  0.00000000e+00  2.39059640e-20 
-5.80000000e-01 -5.80000000e-01 -1.00000000e+00  9.01909769e-05 -9.01909768e-05 -1.53852857e-14  0.00000000e+00  2.31732846e-20 
-5.90000000e-01 -5.90000000e-01 -1.00000000e+00  9.04251845e-05 -9.04251845e-05 -1.53952865e-14  0.00000000e+00  4.90353728e-21 
-6.00000000e-01 -6.00000000e-01 -1.00000000e+00  9.06451234e-05 -9.06451234e-05 -1.54052871e-14  0.00000000e+00  3.31640748e-20 
-6.10000000e-01 -6.10000000e-01 -1.00000000e+00  9.08519662e-05 -9.08519661e-05 -1.54152876e-14  0.00000000e+00  7.35562837e-21 
-6.20000000e-01 -6.20000000e-01 -1.00000000e+00  9.10467971e-05 -9.10467971e-05 -1.54252879e-14  0.00000000e+00  1.83444608e-20 
-6.30000000e-01 -6.30000000e-01 -1.00000000e+00  9.12306161e-05 -9.12306161e-05 -1.54352882e-14  0.00000000e+00  1.02485368e-20 
-6.40000000e-01 -6.40000000e-01 -1.00000000e+00  9.14043423e-05 -9.14043423e-05 -1.54452884e-14  0.00000000e+00  3.89044760e-20 
-6.50000000e-01 -6.50000000e-01 -1.00000000e+00  9.15688193e-05 -9.15688193e-05 -1.54552886e-14  0.00000000e+00  4.08136415e-20 
-6.60000000e-01 -6.60000000e-01 -1.00000000e+00  9.17248200e-05 -9.17248199e-05 -1.54652887e-14  0.00000000e+00  1.20816374e-20 
-6.70000000e-01 -6.70000000e-01 -1.00000000e+00  9.18730507e-05 -9.18730507e-05 -1.54752888e-14  0.00000000e+00  3.75500131e-20 
-6.80000000e-01 -6.80000000e-01 -1.00000000e+00  9.20141571e-05 -9.20141571e-05 -1.54852890e-14  0.00000000e+00  8.83067352e-21 
-6.90000000e-01 -6.90000000e-01 -1.00000000e+00  9.21487279e-05 -9.21487279e-05 -1.54952892e-14  0.00000000e+00  1.98074464e-20 
-7.00000000e-01 -7.00000000e-01 -1.00000000e+00  9.22773003e-05 -9.22773003e-05 -1.55052896e-14  0.00000000e+00  6.01679610e-20 
-7.10000000e-01 -7.10000000e-01 -1.00000000e+00  9.24003636e-05 -9.24003636e-05 -1.55152905e-14  0.00000000e+00  2.20821292e-20 
-7.20000000e-01 -7.20000000e-01 -1.00000000e+00  9.25183636e-05 -9.25183636e-05 -1.55252921e-14  0.00000000e+00  4.88100829e-21 
-7.30000000e-01 -7.30000000e-01 -1.00000000e+00  9.26317067e-05 -9.26317067e-05 -1.55352952e-14  0.00000000e+00  2.08836552e-20 
-7.40000000e-01 -7.40000000e-01 -1.00000000e+00  9.27407627e-05 -9.27407627e-05 -1.55453010e-14  0.00000000e+00  1.02279855e-20 
-7.50000000e-01 -7.50000000e-01 -1.00000000e+00  9.28458688e-05 -9.28458688e-05 -1.55553114e-14  0.00000000e+00  8.23496494e-21 
-7.60000000e-01 -7.60000000e-01 -1.00000000e+00  9.29473323e-05 -9.29473323e-05 -1.55653296e-14  0.00000000e+00  3.53261737e-20 
-7.70000000e-01 -7.70000000e-01 -1.00000000e+00  9.30454333e-05 -9.30454333e-05 -1.55753606e-14  0.00000000e+00  3.74782735e-20 
-7.80000000e-01 -7.80000000e-01 -1.00000000e+00  9.31404274e-05 -9.31404274e-05 -1.55854121e-14  0.00000000e+00  5.84246595e-21 
-7.90000000e-01 -7.90000000e-01 -1.00000000e+00  9.32325477e-05 -9.32325477e-05 -1.55954953e-14  0.00000000e+00  6.02021948e-20 
-8.00000000e-01 -8.00000000e-01 -1.00000000e+00  9.33220073e-05 -9.33220072e-05 -1.56056269e-14  0.00000000e+00  5.44852086e-20 
-8.10000000e-01 -8.10000000e-01 -1.00000000e+00  9.34090008e-05 -9.34090008e-05 -1.56158304e-14  0.00000000e+00  4.19024855e-20 
-8.20000000e-01 -8.20000000e-01 -1.00000000e+00  9.34937063e-05 -9.34937063e-05 -1.56261389e-14  0.00000000e+00  2.08946682e-20 
-8.30000000e-01 -8.30000000e-01 -1.00000000e+00  9.35762869e-05 -9.35762869e-05 -1.56365977e-14  0.00000000e+00  1.71255256e-20 
-8.40000000e-01 -8.40000000e-01 -1.00000000e+00  9.36568919e-05 -9.36568919e-05 -1.56472678e-14  0.00000000e+00  6.20766464e-20 
-8.50000000e-01 -8.50000000e-01 -1.00000000e+00  9.37356581e-05 -9.37356581e-05 -1.56582303e-14  0.00000000e+00  3.42914526e-20 
-8.60000000e-01 -8.60000000e-01 -1.00000000e+00  9.38127113e-05 -9.38127113e-05 -1.56695910e-14  0.00000000e+00  3.53151959e-21 
-8.70000000e-01 -8.70000000e-01 -1.00000000e+00  9.38881669e-05 -9.38881669e-05 -1.56814861e-14  0.00000000e+00  3.46581001e-20 
-8.80000000e-01 -8.80000000e-01 -1.00000000e+00  9.39621311e-05 -9.39621311e-05 -1.56940887e-14  0.00000000e+00  8.80469008e-21 
-8.90000000e-01 -8.90000000e-01 -1.00000000e+00  9.40347016e-05 -9.40347016e-05 -1.57076159e-14  0.00000000e+00  2.00767710e-20 
-9.00000000e-01 -9.00000000e-01 -1.00000000e+00  9.41059683e-05 -9.41059683e-05 -1.57223368e-14  0.00000000e+00  4.17469936e-21 
-9.10000000e-01 -9.10000000e-01 -1.00000000e+00  9.41760144e-05 -9.41760144e-05 -1.57385812e-14  0.00000000e+00  2.27599429e-20 
-9.20000000e-01 -9.20000000e-01 -1.00000000e+00  9.42449163e-05 -9.42449163e-05 -1.57567493e-14  0.00000000e+00  1.50638487e-20 
-9.30000000e-01 -9.30000000e-01 -1.00000000e+00  9.43127449e-05 -9.43127449e-05 -1.57773215e-14  0.00000000e+00  4.26893398e-20 
-9.40000000e-01 -9.40000000e-01 -1.00000000e+00  9.43795657e-05 -9.43795657e-05 -1.58008696e-14  0.00000000e+00  3.23986145e-20 
-9.50000000e-01 -9.50000000e-01 -1.00000000e+00  9.44454391e-05 -9.44454391e-05 -1.58280678e-14  0.00000000e+00  1.71338803e-20 
-9.60000000e-01 -9.60000000e-01 -1.00000000e+00  9.45104215e-05 -9.45104215e-05 -1.58597049e-14  0.00000000e+00  4.97056336e-20 
-9.70000000e-01 -9.70000000e-01 -1.00000000e+00  9.45745648e-05 -9.45745647e-05 -1.58966961e-14  0.00000000e+00  1.54635285e-20 
-9.80000000e-01 -9.80000000e-01 -1.00000000e+00  9.46379173e-05 -9.46379173e-05 -1.59400961e-14  0.00000000e+00  4.73074716e-20 
-9.90000000e-01 -9.90000000e-01 -1.00000000e+00  9.47005240e-05 -9.47005240e-05 -1.59911109e-14  0.00000000e+00  5.79458338e-20 
-1.00000000e+00 -1.00000000e+00 -1.00000000e+00  9.47624267e-05 -9.47624267e-05 -1.60511116e-14  0.00000000e+00  1.36608102e-20 
-1.01000000e+00 -1.01000000e+00 -1.00000000e+00  9.48236642e-05 -9.48236642e-05 -1.61216462e-14  0.00000000e+00  6.44884627e-21 
-1.02000000e+00 -1.02000000e+00 -1.00000000e+00  9.48842728e-05 -9.48842728e-05 -1.62044526e-14  0.00000000e+00  3.30712439e-20 
-1.03000000e+00 -1.03000000e+00 -1.00000000e+00  9.49442862e-05 -9.49442862e-05 -1.63014710e-14  0.00000000e+00  3.47258493e-21 
-1.04000000e+00 -1.04000000e+00 -1.00000000e+00  9.50037360e-05 -9.50037359e-05 -1.64148558e-14  0.00000000e+00  1.93264429e-20 
-1.05000000e+00 -1.05000000e+00 -1.00000000e+00  9.50626515e-05 -9.50626515e-05 -1.65469869e-14  0.00000000e+00  1.74619553e-21 
-1.06000000e+00 -1.06000000e+00 -1.00000000e+00  9.51210604e-05 -9.51210604e-05 -1.67004811e-14  0.00000000e+00  2.70237348e-20 
-1.07000000e+00 -1.07000000e+00 -1.00000000e+00  9.51789884e-05 -9.51789884e-05 -1.68782025e-14  0.00000000e+00  6.38367802e-21 
-1.08000000e+00 -1.08000000e+00 -1.00000000e+00  9.52364596e-05 -9.52364596e-05 -1.70832719e-14  0.00000000e+00  1.38357159e-20 
-1.09000000e+00 -1.09000000e+00 -1.00000000e+00  9.52934966e-05 -9.52934966e-05 -1.73190761e-14  0.00000000e+00  2.35753417e-20 
-1.10000000e+00 -1.10000000e+00 -1.00000000e+00  9.53501206e-05 -9.53501206e-05 -1.75892762e-14  0.00000000e+00  4.75161049e-20 
-1.11000000e+00 -1.11000000e+00 -1.00000000e+00  9.54063516e-05 -9.54063516e-05 -1.78978146e-14  0.00000000e+00  2.19900447e-20 
-1.12000000e+00 -1.12000000e+00 -1.00000000e+00  9.54622083e-05 -9.54622082e-05 -1.82489219e-14  0.00000000e+00  1.04361010e-20 
-1.13000000e+00 -1.13000000e+00 -1.00000000e+00  9.55177081e-05 -9.55177081e-05 -1.86471224e-14  0.00000000e+00  1.65970461e-20 
-1.14000000e+00 -1.14000000e+00 -1.00000000e+00  9.55728677e-05 -9.55728676e-05 -1.90972384e-14  0.00000000e+00  4.71287222e-20 
-1.15000000e+00 -1.15000000e+00 -1.00000000e+00  9.56277025e-05 -9.56277025e-05 -1.96043947e-14  0.00000000e+00  1.36068975e-20 
-1.16000000e+00 -1.16000000e+00 -1.00000000e+00  9.56822274e-05 -9.56822274e-05 -2.01740206e-14  0.00000000e+00  2.92184032e-22 
-1.17000000e+00 -1.17000000e+00 -1.00000000e+00  9.57364561e-05 -9.57364561e-05 -2.08118524e-14  0.00000000e+00  4.62481237e-21 
-1.18000000e+00 -1.18000000e+00 -1.00000000e+00  9.57904016e-05 -9.57904016e-05 -2.15239340e-14  0.00000000e+00  2.72111888e-20 
-1.19000000e+00 -1.19000000e+00 -1.00000000e+00  9.58440764e-05 -9.58440763e-05 -2.23166171e-14  0.00000000e+00  4.10548354e-21 
-1.20000000e+00 -1.20000000e+00 -1.00000000e+00  9.58974919e-05 -9.58974919e-05 -2.31965603e-14  0.00000000e+00  6.04699071e-22 
 0.00000000e+00  0.00000000e+00 -1.20000000e+00 -1.97156162e-41 -7.58293497e-42  2.72985511e-41  0.00000000e+00  5.09789412e-57 
-1.00000000e-02 -1.00000000e-02 -1.20000000e+00  5.01709922e-06 -5.01709922e-06 -3.43880886e-15  0.00000000e+00  7.83884058e-22 
-2.00000000e-02 -2.00000000e-02 -1.20000000e+00  9.95604585e-06 -9.95604585e-06 -6.08352784e-15  0.00000000e+00  1.69116776e-21 
-3.00000000e-02 -3.00000000e-02 -1.20000000e+00  1.48168694e-05 -1.48168694e-05 -8.11806301e-15  0.00000000e+00  4.37765160e-21 
-4.00000000e-02 -4.00000000e-02 -1.20000000e+00  1.95996092e-05 -1.95996092e-05 -9.68372898e-15  0.00000000e+00  5.68688552e-21 
-5.00000000e-02 -5.00000000e-02 -1.20000000e+00  2.43043127e-05 -2.43043126e-05 -1.08891128e-14  0.00000000e+00  2.81943677e-21 
-6.00000000e-02 -6.00000000e-02 -1.20000000e+00  2.89310347e-05 -2.89310347e-05 -1.18176535e-14  0.00000000e+00  1.11304071e-21 
-7.00000000e-02 -7.00000000e-02 -1.20000000e+00  3.34798368e-05 -3.34798368e-05 -1.25334661e-14  0.00000000e+00  7.68785619e-21 
-8.00000000e-02 -8.00000000e-02 -1.20000000e+00  3.79507863e-05 -3.79507863e-05 -1.30858171e-14  0.00000000e+00  5.11918083e-21 
-9.00000000e-02 -9.00000000e-02 -1.20000000e+00  4.23439561e-05 -4.23439561e-05 -1.35125632e-14  0.00000000e+00  9.17609372e-21 
-1.00000000e-01 -1.00000000e-01 -1.20000000e+00  4.66594243e-05 -4.66594243e-05 -1.38427935e-14  0.00000000e+00  5.10285762e-21 
-1.10000000e-01 -1.10000000e-01 -1.20000000e+00  5.08972743e-05 -5.08972743e-05 -1.40988606e-14  0.00000000e+00  3.96256680e-21 
-1.20000000e-01 -1.20000000e-01 -1.20000000e+00  5.50575941e-05 -5.50575941e-05 -1.42979401e-14  0.00000000e+00  3.11681038e-21 
-1.30000000e-01 -1.30000000e-01 -1.20000000e+00  5.91404770e-05 -5.91404770e-05 -1.44532301e-14  0.00000000e+00  1.97632774e-21 
-1.40000000e-01 -1.40000000e-01 -1.20000000e+00  6.31460211e-05 -6.31460211e-05 -1.45748718e-14  0.00000000e+00  3.76735158e-21 
-1.50000000e-01 -1.50000000e-01 -1.20000000e+00  6.70743297e-05 -6.70743297e-05 -1.46706581e-14  0.00000000e+00  2.03134722e-20 
-1.60000000e-01 -1.60000000e-01 -1.20000000e+00  7.09255115e-05 -7.09255114e-05 -1.47465768e-14  0.00000000e+00  9.34684021e-21 
-1.70000000e-01 -1.70000000e-01 -1.20000000e+00  7.46996805e-05 -7.46996805e-05 -1.48072291e-14  0.00000000e+00  4.54748626e-21 
-1.80000000e-01 -1.80000000e-01 -1.20000000e+00  7.83969569e-05 -7.83969569e-05 -1.48561507e-14  0.00000000e+00  1.95354824e-20 
-1.90000000e-01 -1.90000000e-01 -1.20000000e+00  8.20174671e-05 -8.20174671e-05 -1.48960583e-14  0.00000000e+00  1.21512488e-20 
-2.00000000e-01 -2.00000000e-01 -1.20000000e+00  8.55613442e-05 -8.55613442e-05 -1.49290395e-14  0.00000000e+00  4.24756036e-21 
-2.10000000e-01 -2.10000000e-01 -1.20000000e+00  8.90287286e-05 -8.90287286e-05 -1.49566984e-14  0.00000000e+00  6.05050527e-21 
-2.20000000e-01 -2.20000000e-01 -1.20000000e+00  9.24197685e-05 -9.24197684e-05 -1.49802677e-14  0.00000000e+00  8.87450375e-21 
-2.30000000e-01 -2.30000000e-01 -1.20000000e+00  9.57346207e-05 -9.57346206e-05 -1.50006943e-14  0.00000000e+00  1.66187221e-21 
-2.40000000e-01 -2.40000000e-01 -1.20000000e+00  9.89734513e-05 -9.89734513e-05 -1.50187063e-14  0.00000000e+00  1.25064850e-20 
-2.50000000e-01 -2.50000000e-01 -1.20000000e+00  1.02136437e-04 -1.02136437e-04 -1.50348627e-14  0.00000000e+00  1.27962114e-20 
-2.60000000e-01 -2.60000000e-01 -1.20000000e+00  1.05223764e-04 -1.05223764e-04 -1.50495933e-14  0.00000000e+00  2.11666360e-22 
-2.70000000e-01 -2.70000000e-01 -1.20000000e+00  1.08235634e-04 -1.08235634e-04 -1.50632284e-14  0.00000000e+00  9.92071588e-22 
-2.80000000e-01 -2.80000000e-01 -1.20000000e+00  1.11172258e-04 -1.11172258e-04 -1.50760215e-14  0.00000000e+00  5.99420553e-22 
-2.90000000e-01 -2.90000000e-01 -1.20000000e+00  1.14033866e-04 -1.14033866e-04 -1.50881679e-14  0.00000000e+00  3.09477621e-20 
-3.00000000e-01 -3.00000000e-01 -1.20000000e+00  1.16820701e-04 -1.16820701e-04 -1.50998171e-14  0.00000000e+00  2.09394088e-21 
-3.10000000e-01 -3.10000000e-01 -1.20000000e+00  1.19533026e-04 -1.19533026e-04 -1.51110844e-14  0.00000000e+00  1.65927090e-20 
-3.20000000e-01 -3.20000000e-01 -1.20000000e+00  1.22171122e-04 -1.22171122e-04 -1.51220582e-14  0.00000000e+00  1.28351093e-20 
-3.30000000e-01 -3.30000000e-01 -1.20000000e+00  1.24735294e-04 -1.24735294e-04 -1.51328064e-14  0.00000000e+00  5.46047491e-20 
-3.40000000e-01 -3.40000000e-01 -1.20000000e+00  1.27225868e-04 -1.27225868e-04 -1.51433814e-14  0.00000000e+00  4.39598159e-21 
-3.50000000e-01 -3.50000000e-01 -1.20000000e+00  1.29643197e-04 -1.29643197e-04 -1.51538232e-14  0.00000000e+00  1.07626900e-20 
-3.60000000e-01 -3.60000000e-01 -1.20000000e+00  1.31987666e-04 -1.31987666e-04 -1.51641627e-14  0.00000000e+00  3.87637339e-21 
-3.70000000e-01 -3.70000000e-01 -1.20000000e+00  1.34259687e-04 -1.34259687e-04 -1.51744236e-14  0.00000000e+00  1.58243442e-20 
-3.80000000e-01 -3.80000000e-01 -1.20000000e+00  1.36459709e-04 -1.36459709e-04 -1.51846240e-14  0.00000000e+00  4.73377106e-20 
-3.90000000e-01 -3.90000000e-01 -1.20000000e+00  1.38588218e-04 -1.38588218e-04 -1.51947781e-14  0.00000000e+00  9.86618955e-21 
-4.00000000e-01 -4.00000000e-01 -1.20000000e+00  1.40645742e-04 -1.40645742e-04 -1.52048964e-14  0.00000000e+00  9.06731634e-21 
-4.10000000e-01 -4.10000000e-01 -1.20000000e+00  1.42632852e-04 -1.42632852e-04 -1.52149874e-14  0.00000000e+00  2.83064361e-20 
-4.20000000e-01 -4.20000000e-01 -1.20000000e+00  1.44550169e-04 -1.44550169e-04 -1.52250572e-14  0.00000000e+00  6.86080911e-20 
-4.30000000e-01 -4.30000000e-01 -1.20000000e+00  1.46398364e-04 -1.46398364e-04 -1.52351109e-14  0.00000000e+00  4.37791721e-20 
-4.40000000e-01 -4.40000000e-01 -1.20000000e+00  1.48178168e-04 -1.48178168e-04 -1.52451522e-14  0.00000000e+00  3.13865962e-20 
-4.50000000e-01 -4.50000000e-01 -1.20000000e+00  1.49890367e-04 -1.49890367e-04 -1.52551839e-14  0.00000000e+00  2.56599216e-20 
-4.60000000e-01 -4.60000000e-01 -1.20000000e+00  1.51535816e-04 -1.51535816e-04 -1.52652083e-14  0.00000000e+00  2.11533101e-20 
-4.70000000e-01 -4.70000000e-01 -1.20000000e+00  1.53115433e-04 -1.53115433e-04 -1.52752270e-14  0.00000000e+00  1.10042740e-20 
-4.80000000e-01 -4.80000000e-01 -1.20000000e+00  1.54630212e-04 -1.54630212e-04 -1.52852414e-14  0.00000000e+00  3.48043779e-21 
-4.90000000e-01 -4.90000000e-01 -1.20000000e+00  1.56081217e-04 -1.56081217e-04 -1.52952524e-14  0.00000000e+00  2.12967110e-20 
-5.00000000e-01 -5.00000000e-01 -1.20000000e+00  1.57469591e-04 -1.57469591e-04 -1.53052609e-14  0.00000000e+00  1.25371311e-20 
-5.10000000e-01 -5.10000000e-01 -1.20000000e+00  1.58796557e-04 -1.58796557e-04 -1.53152675e-14  0.00000000e+00  9.80625097e-21 
-5.20000000e-01 -5.20000000e-01 -1.20000000e+00  1.60063417e-04 -1.60063417e-04 -1.53252725e-14  0.00000000e+00  2.05489312e-20 
-5.30000000e-01 -5.30000000e-01 -1.20000000e+00  1.61271553e-04 -1.61271553e-04 -1.53352763e-14  0.00000000e+00  4.46747561e-21 
-5.40000000e-01 -5.40000000e-01 -1.20000000e+00  1.62422427e-04 -1.62422427e-04 -1.53452793e-14  0.00000000e+00  2.38337370e-20 
-5.50000000e-01 -5.50000000e-01 -1.20000000e+00  1.63517581e-04 -1.63517581e-04 -1.53552816e-14  0.00000000e+00  2.76095338e-21 
-5.60000000e-01 -5.60000000e-01 -1.20000000e+00  1.64558630e-04 -1.64558630e-04 -1.53652833e-14  0.00000000e+00  2.98826127e-20 
-5.70000000e-01 -5.70000000e-01 -1.20000000e+00  1.65547260e-04 -1.65547260e-04 -1.53752846e-14  0.00000000e+00  3.19908964e-21 
-5.80000000e-01 -5.80000000e-01 -1.20000000e+00  1.66485220e-04 -1.66485220e-04 -1.53852857e-14  0.00000000e+00  2.31732854e-20 
-5.90000000e-01 -5.90000000e-01 -1.20000000e+00  1.67374319e-04 -1.67374319e-04 -1.53952865e-14  0.00000000e+00  4.90353633e-21 
-6.00000000e-01 -6.00000000e-01 -1.20000000e+00  1.68216414e-04 -1.68216414e-04 -1.54052871e-14  0.00000000e+00  3.31640749e-20 
-6.10000000e-01 -6.10000000e-01 -1.20000000e+00  1.69013403e-04 -1.69013403e-04 -1.54152876e-14  0.00000000e+00  7.35567411e-21 
-6.20000000e-01 -6.20000000e-01 -1.20000000e+00  1.69767211e-04 -1.69767211e-04 -1.54252879e-14  0.00000000e+00  1.83442514e-20 
-6.30000000e-01 -6.30000000e-01 -1.20000000e+00  1.70479786e-04 -1.70479786e-04 -1.54352882e-14  0.00000000e+00  1.02492849e-20 
-6.40000000e-01 -6.40000000e-01 -1.20000000e+00  1.71153080e-04 -1.71153080e-04 -1.54452884e-14  0.00000000e+00  1.53032383e-20 
-6.50000000e-01 -6.50000000e-01 -1.20000000e+00  1.71789043e-04 -1.71789043e-04 -1.54552886e-14  0.00000000e+00  1.34035628e-20 
-6.60000000e-01 -6.60000000e-01 -1.20000000e+00  1.72389612e-04 -1.72389612e-04 -1.54652887e-14  0.00000000e+00  1.20619270e-20 
-6.70000000e-01 -6.70000000e-01 -1.20000000e+00  1.72956696e-04 -1.72956696e-04 -1.54752888e-14  0.00000000e+00  3.74983574e-20 
-6.80000000e-01 -6.80000000e-01 -1.20000000e+00  1.73492169e-04 -1.73492169e-04 -1.54852889e-14  0.00000000e+00  6.29124585e-20 
-6.90000000e-01 -6.90000000e-01 -1.20000000e+00  1.73997862e-04 -1.73997862e-04 -1.54952889e-14  0.00000000e+00  3.40992929e-20 
-7.00000000e-01 -7.00000000e-01 -1.20000000e+00  1.74475551e-04 -1.74475551e-04 -1.55052890e-14  0.00000000e+00  5.27294297e-21 
-7.10000000e-01 -7.10000000e-01 -1.20000000e+00  1.74926953e-04 -1.74926953e-04 -1.55152890e-14  0.00000000e+00  3.06465707e-20 
-7.20000000e-01 -7.20000000e-01 -1.20000000e+00  1.75353722e-04 -1.75353722e-04 -1.55252890e-14  0.00000000e+00  1.80230519e-21 
-7.30000000e-01 -7.30000000e-01 -1.20000000e+00  1.75757438e-04 -1.75757438e-04 -1.55352890e-14  0.00000000e+00  2.71621665e-20 
-7.40000000e-01 -7.40000000e-01 -1.20000000e+00  1.76139612e-04 -1.76139612e-04 -1.55452891e-14  0.00000000e+00  1.69261126e-21 
-7.50000000e-01 -7.50000000e-01 -1.20000000e+00  1.76501675e-04 -1.76501675e-04 -1.55552891e-14  0.00000000e+00  2.36593471e-20 
-7.60000000e-01 -7.60000000e-01 -1.20000000e+00  1.76844985e-04 -1.76844985e-04 -1.55652891e-14  0.00000000e+00  4.90090648e-20 
-7.70000000e-01 -7.70000000e-01 -1.20000000e+00  1.77170824e-04 -1.77170824e-04 -1.55752891e-14  0.00000000e+00  2.01479232e-20 
-7.80000000e-01 -7.80000000e-01 -1.20000000e+00  1.77480395e-04 -1.77480395e-04 -1.55852891e-14  0.00000000e+00  8.71126924e-21 
-7.90000000e-01 -7.90000000e-01 -1.20000000e+00  1.77774828e-04 -1.77774828e-04 -1.55952891e-14  0.00000000e+00  1.66473629e-20 
-8.00000000e-01 -8.00000000e-01 -1.20000000e+00  1.78055183e-04 -1.78055183e-04 -1.56052892e-14  0.00000000e+00  1.21836475e-20 
-8.10000000e-01 -8.10000000e-01 -1.20000000e+00  1.78322447e-04 -1.78322447e-04 -1.56152892e-14  0.00000000e+00  1.32435526e-20 
-8.20000000e-01 -8.20000000e-01 -1.20000000e+00  1.78577541e-04 -1.78577541e-04 -1.56252894e-14  0.00000000e+00  1.54334944e-20 
-8.30000000e-01 -8.30000000e-01 -1.20000000e+00  1.78821322e-04 -1.78821322e-04 -1.56352899e-14  0.00000000e+00  1.03214210e-20 
-8.40000000e-01 -8.40000000e-01 -1.20000000e+00  1.79054588e-04 -1.79054588e-04 -1.56452907e-14  0.00000000e+00  3.65221341e-20 
-8.50000000e-01 -8.50000000e-01 -1.20000000e+00  1.79278077e-04 -1.79278077e-04 -1.56552924e-14  0.00000000e+00  6.35850764e-20 
-8.60000000e-01 -8.60000000e-01 -1.20000000e+00  1.79492475e-04 -1.79492475e-04 -1.56652958e-14  0.00000000e+00  7.03726618e-20 
-8.70000000e-01 -8.70000000e-01 -1.20000000e+00  1.79698418e-04 -1.79698418e-04 -1.56753020e-14  0.00000000e+00  1.54172296e-20 
-8.80000000e-01 -8.80000000e-01 -1.20000000e+00  1.79896494e-04 -1.79896494e-04 -1.56853133e-14  0.00000000e+00  2.12256515e-21 
-8.90000000e-01 -8.90000000e-01 -1.20000000e+00  1.80087246e-04 -1.80087246e-04 -1.56953333e-14  0.00000000e+00  6.52141711e-20 
-9.00000000e-01 -9.00000000e-01 -1.20000000e+00  1.80271177e-04 -1.80271177e-04 -1.57053676e-14  0.00000000e+00  1.02865064e-19 
-9.10000000e-01 -9.10000000e-01 -1.20000000e+00  1.80448754e-04 -1.80448754e-04 -1.57154251e-14  0.00000000e+00  2.30125288e-20 
-9.20000000e-01 -9.20000000e-01 -1.20000000e+00  1.80620406e-04 -1.80620406e-04 -1.57255189e-14  0.00000000e+00  3.37805997e-20 
-9.30000000e-01 -9.30000000e-01 -1.20000000e+00  1.80786532e-04 -1.80786532e-04 -1.57356688e-14  0.00000000e+00  7.80874315e-21 
-9.40000000e-01 -9.40000000e-01 -1.20000000e+00  1.80947498e-04 -1.80947498e-04 -1.57459033e-14  0.00000000e+00  1.91000983e-20 
-9.50000000e-01 -9.50000000e-01 -1.20000000e+00  1.81103645e-04 -1.81103645e-04 -1.57562625e-14  0.00000000e+00  1.22365045e-19 
-9.60000000e-01 -9.60000000e-01 -1.20000000e+00  1.81255288e-04 -1.81255288e-04 -1.57668029e-14  0.00000000e+00  4.45648641e-20 
-9.70000000e-01 -9.70000000e-01 -1.20000000e+00  1.81402718e-04 -1.81402718e-04 -1.57776012e-14  0.00000000e+00  1.28558207e-19 
-9.80000000e-01 -9.80000000e-01 -1.20000000e+00  1.81546204e-04 -1.81546204e-04 -1.57887609e-14  0.00000000e+00  4.16291427e-20 
-9.90000000e-01 -9.90000000e-01 -1.20000000e+00  1.81685995e-04 -1.81685995e-04 -1.58004192e-14  0.00000000e+00  9.27812724e-20 
-1.00000000e+00 -1.00000000e+00 -1.20000000e+00  1.81822323e-04 -1.81822323e-04 -1.58127549e-14  0.00000000e+00  8.54480655e-21 
-1.01000000e+00 -1.01000000e+00 -1.20000000e+00  1.81955401e-04 -1.81955401e-04 -1.58259986e-14  0.00000000e+00  4.63222617e-20 
-1.02000000e+00 -1.02000000e+00 -1.20000000e+00  1.82085429e-04 -1.82085429e-04 -1.58404432e-14  0.00000000e+00  2.15487622e-20 
-1.03000000e+00 -1.03000000e+00 -1.20000000e+00  1.82212590e-04 -1.82212590e-04 -1.58564568e-14  0.00000000e+00  1.08413438e-19 
-1.04000000e+00 -1.04000000e+00 -1.20000000e+00  1.82337056e-04 -1.82337056e-04 -1.58744958e-14  0.00000000e+00  9.55005585e-20 
-1.05000000e+00 -1.05000000e+00 -1.20000000e+00  1.82458985e-04 -1.82458985e-04 -1.58951211e-14  0.00000000e+00  6.67523002e-20 
-1.06000000e+00 -1.06000000e+00 -1.20000000e+00  1.82578526e-04 -1.82578526e-04 -1.59190141e-14  0.00000000e+00  5.53258902e-20 
-1.07000000e+00 -1.07000000e+00 -1.20000000e+00  1.82695815e-04 -1.82695815e-04 -1.59469950e-14  0.00000000e+00  7.33722440e-21 
-1.08000000e+00 -1.08000000e+00 -1.20000000e+00  1.82810982e-04 -1.82810981e-04 -1.59800419e-14  0.00000000e+00  4.02518827e-20 
-1.09000000e+00 -1.09000000e+00 -1.20000000e+00  1.82924143e-04 -1.82924143e-04 -1.60193112e-14  0.00000000e+00  1.01173639e-19 
-1.10000000e+00 -1.10000000e+00 -1.20000000e+00  1.83035412e-04 -1.83035412e-04 -1.60661591e-14  0.00000000e+00  1.76047395e-20 
-1.11000000e+00 -1.11000000e+00 -1.20000000e+00  1.83144891e-04 -1.83144891e-04 -1.61221635e-14  0.00000000e+00  3.12229265e-20 
-1.12000000e+00 -1.12000000e+00 -1.20000000e+00  1.83252677e-04 -1.83252677e-04 -1.61891471e-14  0.00000000e+00  5.12959891e-20 
-1.13000000e+00 -1.13000000e+00 -1.20000000e+00  1.83358861e-04 -1.83358861e-04 -1.62692006e-14  0.00000000e+00  1.18941404e-20 
-1.14000000e+00 -1.14000000e+00 -1.20000000e+00  1.83463526e-04 -1.83463526e-04 -1.63647065e-14  0.00000000e+00  2.42956194e-20 
-1.15000000e+00 -1.15000000e+00 -1.20000000e+00  1.83566752e-04 -1.83566752e-04 -1.64783624e-14  0.00000000e+00  7.23353666e-21 
-1.16000000e+00 -1.16000000e+00 -1.20000000e+00  1.83668613e-04 -1.83668613e-04 -1.66132053e-14  0.00000000e+00  7.87873719e-20 
-1.17000000e+00 -1.17000000e+00 -1.20000000e+00  1.83769178e-04 -1.83769178e-04 -1.67726347e-14  0.00000000e+00  1.89693567e-19 
-1.18000000e+00 -1.18000000e+00 -1.20000000e+00  1.83868513e-04 -1.83868513e-04 -1.69604353e-14  0.00000000e+00  4.38260800e-20 
-1.19000000e+00 -1.19000000e+00 -1.20000000e+00  1.83966676e-04 -1.83966676e-04 -1.71807995e-14  0.00000000e+00  4.40046095e-20 
-1.20000000e+00 -1.20000000e+00 -1.20000000e+00  1.84063727e-04 -1.84063727e-04 -1.74383491e-14  0.00000000e+00  6.70825107e-20 
