OpenSTA 3.1.0 543361765b Copyright (c) 2026, Parallax Software, Inc.
License GPLv3: GNU GPL version 3 <http://gnu.org/licenses/gpl.html>

This is free software, and you are free to change and redistribute it
under certain conditions; type `show_copying' for details. 
This program comes with ABSOLUTELY NO WARRANTY; for details type `show_warranty'.
Startpoint: cin (input port clocked by vclk)
Endpoint: sum[31] (output port clocked by vclk)
Path Group: vclk
Path Type: max

        Cap        Slew       Delay        Time   Description
---------------------------------------------------------------------------------------
               0.000000    0.000000    0.000000   clock vclk (rise edge)
                           0.000000    0.000000   clock network delay (ideal)
                           0.000000    0.000000 v input external delay
   0.014031    0.050000    0.000000    0.000000 v cin (in)
               0.050000    0.000000    0.000000 v _232_/A2 (gf180mcu_fd_sc_mcu7t5v0__nor2_1)
   0.004823    0.261039    0.185892    0.185892 ^ _232_/ZN (gf180mcu_fd_sc_mcu7t5v0__nor2_1)
               0.261039    0.000000    0.185892 ^ _233_/A2 (gf180mcu_fd_sc_mcu7t5v0__oai21_1)
   0.016234    0.351415    0.260372    0.446264 v _233_/ZN (gf180mcu_fd_sc_mcu7t5v0__oai21_1)
               0.351415    0.000000    0.446264 v _235_/A2 (gf180mcu_fd_sc_mcu7t5v0__nor2_1)
   0.004823    0.284207    0.236574    0.682837 ^ _235_/ZN (gf180mcu_fd_sc_mcu7t5v0__nor2_1)
               0.284207    0.000000    0.682837 ^ _236_/A2 (gf180mcu_fd_sc_mcu7t5v0__oai21_1)
   0.011977    0.295981    0.227188    0.910026 v _236_/ZN (gf180mcu_fd_sc_mcu7t5v0__oai21_1)
               0.295981    0.000000    0.910026 v _238_/A2 (gf180mcu_fd_sc_mcu7t5v0__xor2_1)
   0.011977    0.291584    0.544329    1.454355 v _238_/Z (gf180mcu_fd_sc_mcu7t5v0__xor2_1)
               0.291584    0.000000    1.454355 v _239_/A2 (gf180mcu_fd_sc_mcu7t5v0__nand2_1)
   0.013585    0.347788    0.285484    1.739839 ^ _239_/ZN (gf180mcu_fd_sc_mcu7t5v0__nand2_1)
               0.347788    0.000000    1.739839 ^ _242_/A3 (gf180mcu_fd_sc_mcu7t5v0__nand3_1)
   0.004772    0.228581    0.163219    1.903058 v _242_/ZN (gf180mcu_fd_sc_mcu7t5v0__nand3_1)
               0.228581    0.000000    1.903058 v _243_/A2 (gf180mcu_fd_sc_mcu7t5v0__aoi21_1)
   0.016234    0.685548    0.438432    2.341491 ^ _243_/ZN (gf180mcu_fd_sc_mcu7t5v0__aoi21_1)
               0.685548    0.000000    2.341491 ^ _244_/A2 (gf180mcu_fd_sc_mcu7t5v0__nor2_1)
   0.004011    0.266901    0.171559    2.513050 v _244_/ZN (gf180mcu_fd_sc_mcu7t5v0__nor2_1)
               0.266901    0.000000    2.513050 v _246_/B (gf180mcu_fd_sc_mcu7t5v0__aoi21_1)
   0.013033    0.589321    0.425273    2.938323 ^ _246_/ZN (gf180mcu_fd_sc_mcu7t5v0__aoi21_1)
               0.589321    0.000000    2.938323 ^ _247_/A2 (gf180mcu_fd_sc_mcu7t5v0__or2_1)
   0.004783    0.149802    0.300889    3.239212 ^ _247_/Z (gf180mcu_fd_sc_mcu7t5v0__or2_1)
               0.149802    0.000000    3.239212 ^ _249_/B (gf180mcu_fd_sc_mcu7t5v0__oai21_1)
   0.010240    0.255405    0.217734    3.456946 v _249_/ZN (gf180mcu_fd_sc_mcu7t5v0__oai21_1)
               0.255405    0.000000    3.456946 v _251_/A2 (gf180mcu_fd_sc_mcu7t5v0__xor2_1)
   0.010240    0.275456    0.517969    3.974915 v _251_/Z (gf180mcu_fd_sc_mcu7t5v0__xor2_1)
               0.275456    0.000000    3.974915 v _252_/A2 (gf180mcu_fd_sc_mcu7t5v0__and2_1)
   0.013156    0.197542    0.375437    4.350352 v _252_/Z (gf180mcu_fd_sc_mcu7t5v0__and2_1)
               0.197542    0.000000    4.350352 v _255_/A3 (gf180mcu_fd_sc_mcu7t5v0__nor3_1)
   0.004823    0.428013    0.321182    4.671535 ^ _255_/ZN (gf180mcu_fd_sc_mcu7t5v0__nor3_1)
               0.428013    0.000000    4.671535 ^ _256_/A2 (gf180mcu_fd_sc_mcu7t5v0__oai21_1)
   0.010240    0.304000    0.230720    4.902255 v _256_/ZN (gf180mcu_fd_sc_mcu7t5v0__oai21_1)
               0.304000    0.000000    4.902255 v _258_/A2 (gf180mcu_fd_sc_mcu7t5v0__xor2_1)
   0.010240    0.275536    0.534014    5.436268 v _258_/Z (gf180mcu_fd_sc_mcu7t5v0__xor2_1)
               0.275536    0.000000    5.436268 v _259_/A2 (gf180mcu_fd_sc_mcu7t5v0__and2_1)
   0.013156    0.197543    0.375461    5.811730 v _259_/Z (gf180mcu_fd_sc_mcu7t5v0__and2_1)
               0.197543    0.000000    5.811730 v _262_/A3 (gf180mcu_fd_sc_mcu7t5v0__nor3_1)
   0.004823    0.428039    0.321182    6.132912 ^ _262_/ZN (gf180mcu_fd_sc_mcu7t5v0__nor3_1)
               0.428039    0.000000    6.132912 ^ _263_/A2 (gf180mcu_fd_sc_mcu7t5v0__oai21_1)
   0.010240    0.304007    0.230723    6.363635 v _263_/ZN (gf180mcu_fd_sc_mcu7t5v0__oai21_1)
               0.304007    0.000000    6.363635 v _265_/A2 (gf180mcu_fd_sc_mcu7t5v0__xor2_1)
   0.010240    0.275536    0.534016    6.897651 v _265_/Z (gf180mcu_fd_sc_mcu7t5v0__xor2_1)
               0.275536    0.000000    6.897651 v _266_/A2 (gf180mcu_fd_sc_mcu7t5v0__and2_1)
   0.013156    0.197543    0.375462    7.273113 v _266_/Z (gf180mcu_fd_sc_mcu7t5v0__and2_1)
               0.197543    0.000000    7.273113 v _269_/A3 (gf180mcu_fd_sc_mcu7t5v0__nor3_1)
   0.004823    0.428039    0.321182    7.594295 ^ _269_/ZN (gf180mcu_fd_sc_mcu7t5v0__nor3_1)
               0.428039    0.000000    7.594295 ^ _270_/A2 (gf180mcu_fd_sc_mcu7t5v0__oai21_1)
   0.010240    0.304007    0.230723    7.825018 v _270_/ZN (gf180mcu_fd_sc_mcu7t5v0__oai21_1)
               0.304007    0.000000    7.825018 v _272_/A2 (gf180mcu_fd_sc_mcu7t5v0__xor2_1)
   0.010240    0.275536    0.534016    8.359034 v _272_/Z (gf180mcu_fd_sc_mcu7t5v0__xor2_1)
               0.275536    0.000000    8.359034 v _273_/A2 (gf180mcu_fd_sc_mcu7t5v0__and2_1)
   0.013156    0.197543    0.375461    8.734495 v _273_/Z (gf180mcu_fd_sc_mcu7t5v0__and2_1)
               0.197543    0.000000    8.734495 v _276_/A3 (gf180mcu_fd_sc_mcu7t5v0__nor3_1)
   0.004823    0.428039    0.321182    9.055677 ^ _276_/ZN (gf180mcu_fd_sc_mcu7t5v0__nor3_1)
               0.428039    0.000000    9.055677 ^ _277_/A2 (gf180mcu_fd_sc_mcu7t5v0__oai21_1)
   0.010240    0.304007    0.230723    9.286401 v _277_/ZN (gf180mcu_fd_sc_mcu7t5v0__oai21_1)
               0.304007    0.000000    9.286401 v _279_/A2 (gf180mcu_fd_sc_mcu7t5v0__xor2_1)
   0.010240    0.275536    0.534016    9.820415 v _279_/Z (gf180mcu_fd_sc_mcu7t5v0__xor2_1)
               0.275536    0.000000    9.820415 v _280_/A2 (gf180mcu_fd_sc_mcu7t5v0__and2_1)
   0.013156    0.197543    0.375461   10.195877 v _280_/Z (gf180mcu_fd_sc_mcu7t5v0__and2_1)
               0.197543    0.000000   10.195877 v _283_/A3 (gf180mcu_fd_sc_mcu7t5v0__nor3_1)
   0.004823    0.428039    0.321182   10.517059 ^ _283_/ZN (gf180mcu_fd_sc_mcu7t5v0__nor3_1)
               0.428039    0.000000   10.517059 ^ _284_/A2 (gf180mcu_fd_sc_mcu7t5v0__oai21_1)
   0.010240    0.304007    0.230723   10.747783 v _284_/ZN (gf180mcu_fd_sc_mcu7t5v0__oai21_1)
               0.304007    0.000000   10.747783 v _286_/A2 (gf180mcu_fd_sc_mcu7t5v0__xor2_1)
   0.010240    0.275536    0.534016   11.281798 v _286_/Z (gf180mcu_fd_sc_mcu7t5v0__xor2_1)
               0.275536    0.000000   11.281798 v _287_/A2 (gf180mcu_fd_sc_mcu7t5v0__and2_1)
   0.013156    0.197543    0.375461   11.657260 v _287_/Z (gf180mcu_fd_sc_mcu7t5v0__and2_1)
               0.197543    0.000000   11.657260 v _129_/A3 (gf180mcu_fd_sc_mcu7t5v0__nor3_1)
   0.004823    0.428039    0.321182   11.978441 ^ _129_/ZN (gf180mcu_fd_sc_mcu7t5v0__nor3_1)
               0.428039    0.000000   11.978441 ^ _130_/A2 (gf180mcu_fd_sc_mcu7t5v0__oai21_1)
   0.010240    0.304007    0.230723   12.209165 v _130_/ZN (gf180mcu_fd_sc_mcu7t5v0__oai21_1)
               0.304007    0.000000   12.209165 v _132_/A2 (gf180mcu_fd_sc_mcu7t5v0__xor2_1)
   0.010240    0.275536    0.534016   12.743180 v _132_/Z (gf180mcu_fd_sc_mcu7t5v0__xor2_1)
               0.275536    0.000000   12.743180 v _133_/A2 (gf180mcu_fd_sc_mcu7t5v0__and2_1)
   0.013156    0.197543    0.375461   13.118642 v _133_/Z (gf180mcu_fd_sc_mcu7t5v0__and2_1)
               0.197543    0.000000   13.118642 v _136_/A3 (gf180mcu_fd_sc_mcu7t5v0__nor3_1)
   0.004823    0.428039    0.321182   13.439824 ^ _136_/ZN (gf180mcu_fd_sc_mcu7t5v0__nor3_1)
               0.428039    0.000000   13.439824 ^ _137_/A2 (gf180mcu_fd_sc_mcu7t5v0__oai21_1)
   0.010240    0.304007    0.230723   13.670547 v _137_/ZN (gf180mcu_fd_sc_mcu7t5v0__oai21_1)
               0.304007    0.000000   13.670547 v _139_/A2 (gf180mcu_fd_sc_mcu7t5v0__xor2_1)
   0.010240    0.275536    0.534016   14.204562 v _139_/Z (gf180mcu_fd_sc_mcu7t5v0__xor2_1)
               0.275536    0.000000   14.204562 v _140_/A2 (gf180mcu_fd_sc_mcu7t5v0__and2_1)
   0.013156    0.197543    0.375461   14.580024 v _140_/Z (gf180mcu_fd_sc_mcu7t5v0__and2_1)
               0.197543    0.000000   14.580024 v _143_/A3 (gf180mcu_fd_sc_mcu7t5v0__nor3_1)
   0.004823    0.428039    0.321182   14.901206 ^ _143_/ZN (gf180mcu_fd_sc_mcu7t5v0__nor3_1)
               0.428039    0.000000   14.901206 ^ _144_/A2 (gf180mcu_fd_sc_mcu7t5v0__oai21_1)
   0.010240    0.304007    0.230724   15.131930 v _144_/ZN (gf180mcu_fd_sc_mcu7t5v0__oai21_1)
               0.304007    0.000000   15.131930 v _146_/A2 (gf180mcu_fd_sc_mcu7t5v0__xor2_1)
   0.010240    0.275536    0.534016   15.665945 v _146_/Z (gf180mcu_fd_sc_mcu7t5v0__xor2_1)
               0.275536    0.000000   15.665945 v _147_/A2 (gf180mcu_fd_sc_mcu7t5v0__and2_1)
   0.013156    0.197543    0.375461   16.041407 v _147_/Z (gf180mcu_fd_sc_mcu7t5v0__and2_1)
               0.197543    0.000000   16.041407 v _150_/A3 (gf180mcu_fd_sc_mcu7t5v0__nor3_1)
   0.004823    0.428039    0.321181   16.362589 ^ _150_/ZN (gf180mcu_fd_sc_mcu7t5v0__nor3_1)
               0.428039    0.000000   16.362589 ^ _151_/A2 (gf180mcu_fd_sc_mcu7t5v0__oai21_1)
   0.010240    0.304007    0.230724   16.593311 v _151_/ZN (gf180mcu_fd_sc_mcu7t5v0__oai21_1)
               0.304007    0.000000   16.593311 v _153_/A2 (gf180mcu_fd_sc_mcu7t5v0__xor2_1)
   0.010240    0.275536    0.534016   17.127327 v _153_/Z (gf180mcu_fd_sc_mcu7t5v0__xor2_1)
               0.275536    0.000000   17.127327 v _154_/A2 (gf180mcu_fd_sc_mcu7t5v0__and2_1)
   0.013156    0.197543    0.375461   17.502789 v _154_/Z (gf180mcu_fd_sc_mcu7t5v0__and2_1)
               0.197543    0.000000   17.502789 v _157_/A3 (gf180mcu_fd_sc_mcu7t5v0__nor3_1)
   0.004823    0.428039    0.321183   17.823973 ^ _157_/ZN (gf180mcu_fd_sc_mcu7t5v0__nor3_1)
               0.428039    0.000000   17.823973 ^ _158_/A2 (gf180mcu_fd_sc_mcu7t5v0__oai21_1)
   0.010240    0.304007    0.230724   18.054695 v _158_/ZN (gf180mcu_fd_sc_mcu7t5v0__oai21_1)
               0.304007    0.000000   18.054695 v _160_/A2 (gf180mcu_fd_sc_mcu7t5v0__xor2_1)
   0.010240    0.275536    0.534016   18.588711 v _160_/Z (gf180mcu_fd_sc_mcu7t5v0__xor2_1)
               0.275536    0.000000   18.588711 v _161_/A2 (gf180mcu_fd_sc_mcu7t5v0__and2_1)
   0.013156    0.197543    0.375461   18.964172 v _161_/Z (gf180mcu_fd_sc_mcu7t5v0__and2_1)
               0.197543    0.000000   18.964172 v _164_/A3 (gf180mcu_fd_sc_mcu7t5v0__nor3_1)
   0.004823    0.428039    0.321183   19.285357 ^ _164_/ZN (gf180mcu_fd_sc_mcu7t5v0__nor3_1)
               0.428039    0.000000   19.285357 ^ _165_/A2 (gf180mcu_fd_sc_mcu7t5v0__oai21_1)
   0.010240    0.304007    0.230724   19.516081 v _165_/ZN (gf180mcu_fd_sc_mcu7t5v0__oai21_1)
               0.304007    0.000000   19.516081 v _167_/A2 (gf180mcu_fd_sc_mcu7t5v0__xor2_1)
   0.010240    0.275536    0.534016   20.050095 v _167_/Z (gf180mcu_fd_sc_mcu7t5v0__xor2_1)
               0.275536    0.000000   20.050095 v _168_/A2 (gf180mcu_fd_sc_mcu7t5v0__and2_1)
   0.013156    0.197543    0.375461   20.425556 v _168_/Z (gf180mcu_fd_sc_mcu7t5v0__and2_1)
               0.197543    0.000000   20.425556 v _171_/A3 (gf180mcu_fd_sc_mcu7t5v0__nor3_1)
   0.004823    0.428039    0.321183   20.746740 ^ _171_/ZN (gf180mcu_fd_sc_mcu7t5v0__nor3_1)
               0.428039    0.000000   20.746740 ^ _173_/A2 (gf180mcu_fd_sc_mcu7t5v0__oai21_1)
   0.010240    0.304007    0.230724   20.977465 v _173_/ZN (gf180mcu_fd_sc_mcu7t5v0__oai21_1)
               0.304007    0.000000   20.977465 v _175_/A2 (gf180mcu_fd_sc_mcu7t5v0__xor2_1)
   0.010240    0.275536    0.534016   21.511480 v _175_/Z (gf180mcu_fd_sc_mcu7t5v0__xor2_1)
               0.275536    0.000000   21.511480 v _176_/A2 (gf180mcu_fd_sc_mcu7t5v0__and2_1)
   0.013156    0.197543    0.375461   21.886940 v _176_/Z (gf180mcu_fd_sc_mcu7t5v0__and2_1)
               0.197543    0.000000   21.886940 v _180_/A2 (gf180mcu_fd_sc_mcu7t5v0__nor2_1)
   0.007465    0.344415    0.253319   22.140261 ^ _180_/ZN (gf180mcu_fd_sc_mcu7t5v0__nor2_1)
               0.344415    0.000000   22.140261 ^ _183_/A3 (gf180mcu_fd_sc_mcu7t5v0__xor3_1)
   0.010000    0.518892    0.492751   22.633011 ^ _183_/Z (gf180mcu_fd_sc_mcu7t5v0__xor3_1)
               0.518892    0.000000   22.633011 ^ sum[31] (out)
                                      22.633011   data arrival time

               0.000000  100.000000  100.000000   clock vclk (rise edge)
                           0.000000  100.000000   clock network delay (ideal)
                           0.000000  100.000000   clock reconvergence pessimism
                           0.000000  100.000000   output external delay
                                     100.000000   data required time
---------------------------------------------------------------------------------------
                                     100.000000   data required time
                                     -22.633011   data arrival time
---------------------------------------------------------------------------------------
                                      77.366989   slack (MET)


Startpoint: cin (input port clocked by vclk)
Endpoint: cout (output port clocked by vclk)
Path Group: vclk
Path Type: max

        Cap        Slew       Delay        Time   Description
---------------------------------------------------------------------------------------
               0.000000    0.000000    0.000000   clock vclk (rise edge)
                           0.000000    0.000000   clock network delay (ideal)
                           0.000000    0.000000 v input external delay
   0.014031    0.050000    0.000000    0.000000 v cin (in)
               0.050000    0.000000    0.000000 v _232_/A2 (gf180mcu_fd_sc_mcu7t5v0__nor2_1)
   0.004823    0.261039    0.185892    0.185892 ^ _232_/ZN (gf180mcu_fd_sc_mcu7t5v0__nor2_1)
               0.261039    0.000000    0.185892 ^ _233_/A2 (gf180mcu_fd_sc_mcu7t5v0__oai21_1)
   0.016234    0.351415    0.260372    0.446264 v _233_/ZN (gf180mcu_fd_sc_mcu7t5v0__oai21_1)
               0.351415    0.000000    0.446264 v _235_/A2 (gf180mcu_fd_sc_mcu7t5v0__nor2_1)
   0.004823    0.284207    0.236574    0.682837 ^ _235_/ZN (gf180mcu_fd_sc_mcu7t5v0__nor2_1)
               0.284207    0.000000    0.682837 ^ _236_/A2 (gf180mcu_fd_sc_mcu7t5v0__oai21_1)
   0.011977    0.295981    0.227188    0.910026 v _236_/ZN (gf180mcu_fd_sc_mcu7t5v0__oai21_1)
               0.295981    0.000000    0.910026 v _238_/A2 (gf180mcu_fd_sc_mcu7t5v0__xor2_1)
   0.011977    0.291584    0.544329    1.454355 v _238_/Z (gf180mcu_fd_sc_mcu7t5v0__xor2_1)
               0.291584    0.000000    1.454355 v _239_/A2 (gf180mcu_fd_sc_mcu7t5v0__nand2_1)
   0.013585    0.347788    0.285484    1.739839 ^ _239_/ZN (gf180mcu_fd_sc_mcu7t5v0__nand2_1)
               0.347788    0.000000    1.739839 ^ _242_/A3 (gf180mcu_fd_sc_mcu7t5v0__nand3_1)
   0.004772    0.228581    0.163219    1.903058 v _242_/ZN (gf180mcu_fd_sc_mcu7t5v0__nand3_1)
               0.228581    0.000000    1.903058 v _243_/A2 (gf180mcu_fd_sc_mcu7t5v0__aoi21_1)
   0.016234    0.685548    0.438432    2.341491 ^ _243_/ZN (gf180mcu_fd_sc_mcu7t5v0__aoi21_1)
               0.685548    0.000000    2.341491 ^ _244_/A2 (gf180mcu_fd_sc_mcu7t5v0__nor2_1)
   0.004011    0.266901    0.171559    2.513050 v _244_/ZN (gf180mcu_fd_sc_mcu7t5v0__nor2_1)
               0.266901    0.000000    2.513050 v _246_/B (gf180mcu_fd_sc_mcu7t5v0__aoi21_1)
   0.013033    0.589321    0.425273    2.938323 ^ _246_/ZN (gf180mcu_fd_sc_mcu7t5v0__aoi21_1)
               0.589321    0.000000    2.938323 ^ _247_/A2 (gf180mcu_fd_sc_mcu7t5v0__or2_1)
   0.004783    0.149802    0.300889    3.239212 ^ _247_/Z (gf180mcu_fd_sc_mcu7t5v0__or2_1)
               0.149802    0.000000    3.239212 ^ _249_/B (gf180mcu_fd_sc_mcu7t5v0__oai21_1)
   0.010240    0.255405    0.217734    3.456946 v _249_/ZN (gf180mcu_fd_sc_mcu7t5v0__oai21_1)
               0.255405    0.000000    3.456946 v _251_/A2 (gf180mcu_fd_sc_mcu7t5v0__xor2_1)
   0.010240    0.275456    0.517969    3.974915 v _251_/Z (gf180mcu_fd_sc_mcu7t5v0__xor2_1)
               0.275456    0.000000    3.974915 v _252_/A2 (gf180mcu_fd_sc_mcu7t5v0__and2_1)
   0.013156    0.197542    0.375437    4.350352 v _252_/Z (gf180mcu_fd_sc_mcu7t5v0__and2_1)
               0.197542    0.000000    4.350352 v _255_/A3 (gf180mcu_fd_sc_mcu7t5v0__nor3_1)
   0.004823    0.428013    0.321182    4.671535 ^ _255_/ZN (gf180mcu_fd_sc_mcu7t5v0__nor3_1)
               0.428013    0.000000    4.671535 ^ _256_/A2 (gf180mcu_fd_sc_mcu7t5v0__oai21_1)
   0.010240    0.304000    0.230720    4.902255 v _256_/ZN (gf180mcu_fd_sc_mcu7t5v0__oai21_1)
               0.304000    0.000000    4.902255 v _258_/A2 (gf180mcu_fd_sc_mcu7t5v0__xor2_1)
   0.010240    0.275536    0.534014    5.436268 v _258_/Z (gf180mcu_fd_sc_mcu7t5v0__xor2_1)
               0.275536    0.000000    5.436268 v _259_/A2 (gf180mcu_fd_sc_mcu7t5v0__and2_1)
   0.013156    0.197543    0.375461    5.811730 v _259_/Z (gf180mcu_fd_sc_mcu7t5v0__and2_1)
               0.197543    0.000000    5.811730 v _262_/A3 (gf180mcu_fd_sc_mcu7t5v0__nor3_1)
   0.004823    0.428039    0.321182    6.132912 ^ _262_/ZN (gf180mcu_fd_sc_mcu7t5v0__nor3_1)
               0.428039    0.000000    6.132912 ^ _263_/A2 (gf180mcu_fd_sc_mcu7t5v0__oai21_1)
   0.010240    0.304007    0.230723    6.363635 v _263_/ZN (gf180mcu_fd_sc_mcu7t5v0__oai21_1)
               0.304007    0.000000    6.363635 v _265_/A2 (gf180mcu_fd_sc_mcu7t5v0__xor2_1)
   0.010240    0.275536    0.534016    6.897651 v _265_/Z (gf180mcu_fd_sc_mcu7t5v0__xor2_1)
               0.275536    0.000000    6.897651 v _266_/A2 (gf180mcu_fd_sc_mcu7t5v0__and2_1)
   0.013156    0.197543    0.375462    7.273113 v _266_/Z (gf180mcu_fd_sc_mcu7t5v0__and2_1)
               0.197543    0.000000    7.273113 v _269_/A3 (gf180mcu_fd_sc_mcu7t5v0__nor3_1)
   0.004823    0.428039    0.321182    7.594295 ^ _269_/ZN (gf180mcu_fd_sc_mcu7t5v0__nor3_1)
               0.428039    0.000000    7.594295 ^ _270_/A2 (gf180mcu_fd_sc_mcu7t5v0__oai21_1)
   0.010240    0.304007    0.230723    7.825018 v _270_/ZN (gf180mcu_fd_sc_mcu7t5v0__oai21_1)
               0.304007    0.000000    7.825018 v _272_/A2 (gf180mcu_fd_sc_mcu7t5v0__xor2_1)
   0.010240    0.275536    0.534016    8.359034 v _272_/Z (gf180mcu_fd_sc_mcu7t5v0__xor2_1)
               0.275536    0.000000    8.359034 v _273_/A2 (gf180mcu_fd_sc_mcu7t5v0__and2_1)
   0.013156    0.197543    0.375461    8.734495 v _273_/Z (gf180mcu_fd_sc_mcu7t5v0__and2_1)
               0.197543    0.000000    8.734495 v _276_/A3 (gf180mcu_fd_sc_mcu7t5v0__nor3_1)
   0.004823    0.428039    0.321182    9.055677 ^ _276_/ZN (gf180mcu_fd_sc_mcu7t5v0__nor3_1)
               0.428039    0.000000    9.055677 ^ _277_/A2 (gf180mcu_fd_sc_mcu7t5v0__oai21_1)
   0.010240    0.304007    0.230723    9.286401 v _277_/ZN (gf180mcu_fd_sc_mcu7t5v0__oai21_1)
               0.304007    0.000000    9.286401 v _279_/A2 (gf180mcu_fd_sc_mcu7t5v0__xor2_1)
   0.010240    0.275536    0.534016    9.820415 v _279_/Z (gf180mcu_fd_sc_mcu7t5v0__xor2_1)
               0.275536    0.000000    9.820415 v _280_/A2 (gf180mcu_fd_sc_mcu7t5v0__and2_1)
   0.013156    0.197543    0.375461   10.195877 v _280_/Z (gf180mcu_fd_sc_mcu7t5v0__and2_1)
               0.197543    0.000000   10.195877 v _283_/A3 (gf180mcu_fd_sc_mcu7t5v0__nor3_1)
   0.004823    0.428039    0.321182   10.517059 ^ _283_/ZN (gf180mcu_fd_sc_mcu7t5v0__nor3_1)
               0.428039    0.000000   10.517059 ^ _284_/A2 (gf180mcu_fd_sc_mcu7t5v0__oai21_1)
   0.010240    0.304007    0.230723   10.747783 v _284_/ZN (gf180mcu_fd_sc_mcu7t5v0__oai21_1)
               0.304007    0.000000   10.747783 v _286_/A2 (gf180mcu_fd_sc_mcu7t5v0__xor2_1)
   0.010240    0.275536    0.534016   11.281798 v _286_/Z (gf180mcu_fd_sc_mcu7t5v0__xor2_1)
               0.275536    0.000000   11.281798 v _287_/A2 (gf180mcu_fd_sc_mcu7t5v0__and2_1)
   0.013156    0.197543    0.375461   11.657260 v _287_/Z (gf180mcu_fd_sc_mcu7t5v0__and2_1)
               0.197543    0.000000   11.657260 v _129_/A3 (gf180mcu_fd_sc_mcu7t5v0__nor3_1)
   0.004823    0.428039    0.321182   11.978441 ^ _129_/ZN (gf180mcu_fd_sc_mcu7t5v0__nor3_1)
               0.428039    0.000000   11.978441 ^ _130_/A2 (gf180mcu_fd_sc_mcu7t5v0__oai21_1)
   0.010240    0.304007    0.230723   12.209165 v _130_/ZN (gf180mcu_fd_sc_mcu7t5v0__oai21_1)
               0.304007    0.000000   12.209165 v _132_/A2 (gf180mcu_fd_sc_mcu7t5v0__xor2_1)
   0.010240    0.275536    0.534016   12.743180 v _132_/Z (gf180mcu_fd_sc_mcu7t5v0__xor2_1)
               0.275536    0.000000   12.743180 v _133_/A2 (gf180mcu_fd_sc_mcu7t5v0__and2_1)
   0.013156    0.197543    0.375461   13.118642 v _133_/Z (gf180mcu_fd_sc_mcu7t5v0__and2_1)
               0.197543    0.000000   13.118642 v _136_/A3 (gf180mcu_fd_sc_mcu7t5v0__nor3_1)
   0.004823    0.428039    0.321182   13.439824 ^ _136_/ZN (gf180mcu_fd_sc_mcu7t5v0__nor3_1)
               0.428039    0.000000   13.439824 ^ _137_/A2 (gf180mcu_fd_sc_mcu7t5v0__oai21_1)
   0.010240    0.304007    0.230723   13.670547 v _137_/ZN (gf180mcu_fd_sc_mcu7t5v0__oai21_1)
               0.304007    0.000000   13.670547 v _139_/A2 (gf180mcu_fd_sc_mcu7t5v0__xor2_1)
   0.010240    0.275536    0.534016   14.204562 v _139_/Z (gf180mcu_fd_sc_mcu7t5v0__xor2_1)
               0.275536    0.000000   14.204562 v _140_/A2 (gf180mcu_fd_sc_mcu7t5v0__and2_1)
   0.013156    0.197543    0.375461   14.580024 v _140_/Z (gf180mcu_fd_sc_mcu7t5v0__and2_1)
               0.197543    0.000000   14.580024 v _143_/A3 (gf180mcu_fd_sc_mcu7t5v0__nor3_1)
   0.004823    0.428039    0.321182   14.901206 ^ _143_/ZN (gf180mcu_fd_sc_mcu7t5v0__nor3_1)
               0.428039    0.000000   14.901206 ^ _144_/A2 (gf180mcu_fd_sc_mcu7t5v0__oai21_1)
   0.010240    0.304007    0.230724   15.131930 v _144_/ZN (gf180mcu_fd_sc_mcu7t5v0__oai21_1)
               0.304007    0.000000   15.131930 v _146_/A2 (gf180mcu_fd_sc_mcu7t5v0__xor2_1)
   0.010240    0.275536    0.534016   15.665945 v _146_/Z (gf180mcu_fd_sc_mcu7t5v0__xor2_1)
               0.275536    0.000000   15.665945 v _147_/A2 (gf180mcu_fd_sc_mcu7t5v0__and2_1)
   0.013156    0.197543    0.375461   16.041407 v _147_/Z (gf180mcu_fd_sc_mcu7t5v0__and2_1)
               0.197543    0.000000   16.041407 v _150_/A3 (gf180mcu_fd_sc_mcu7t5v0__nor3_1)
   0.004823    0.428039    0.321181   16.362589 ^ _150_/ZN (gf180mcu_fd_sc_mcu7t5v0__nor3_1)
               0.428039    0.000000   16.362589 ^ _151_/A2 (gf180mcu_fd_sc_mcu7t5v0__oai21_1)
   0.010240    0.304007    0.230724   16.593311 v _151_/ZN (gf180mcu_fd_sc_mcu7t5v0__oai21_1)
               0.304007    0.000000   16.593311 v _153_/A2 (gf180mcu_fd_sc_mcu7t5v0__xor2_1)
   0.010240    0.275536    0.534016   17.127327 v _153_/Z (gf180mcu_fd_sc_mcu7t5v0__xor2_1)
               0.275536    0.000000   17.127327 v _154_/A2 (gf180mcu_fd_sc_mcu7t5v0__and2_1)
   0.013156    0.197543    0.375461   17.502789 v _154_/Z (gf180mcu_fd_sc_mcu7t5v0__and2_1)
               0.197543    0.000000   17.502789 v _157_/A3 (gf180mcu_fd_sc_mcu7t5v0__nor3_1)
   0.004823    0.428039    0.321183   17.823973 ^ _157_/ZN (gf180mcu_fd_sc_mcu7t5v0__nor3_1)
               0.428039    0.000000   17.823973 ^ _158_/A2 (gf180mcu_fd_sc_mcu7t5v0__oai21_1)
   0.010240    0.304007    0.230724   18.054695 v _158_/ZN (gf180mcu_fd_sc_mcu7t5v0__oai21_1)
               0.304007    0.000000   18.054695 v _160_/A2 (gf180mcu_fd_sc_mcu7t5v0__xor2_1)
   0.010240    0.275536    0.534016   18.588711 v _160_/Z (gf180mcu_fd_sc_mcu7t5v0__xor2_1)
               0.275536    0.000000   18.588711 v _161_/A2 (gf180mcu_fd_sc_mcu7t5v0__and2_1)
   0.013156    0.197543    0.375461   18.964172 v _161_/Z (gf180mcu_fd_sc_mcu7t5v0__and2_1)
               0.197543    0.000000   18.964172 v _164_/A3 (gf180mcu_fd_sc_mcu7t5v0__nor3_1)
   0.004823    0.428039    0.321183   19.285357 ^ _164_/ZN (gf180mcu_fd_sc_mcu7t5v0__nor3_1)
               0.428039    0.000000   19.285357 ^ _165_/A2 (gf180mcu_fd_sc_mcu7t5v0__oai21_1)
   0.010240    0.304007    0.230724   19.516081 v _165_/ZN (gf180mcu_fd_sc_mcu7t5v0__oai21_1)
               0.304007    0.000000   19.516081 v _167_/A2 (gf180mcu_fd_sc_mcu7t5v0__xor2_1)
   0.010240    0.275536    0.534016   20.050095 v _167_/Z (gf180mcu_fd_sc_mcu7t5v0__xor2_1)
               0.275536    0.000000   20.050095 v _168_/A2 (gf180mcu_fd_sc_mcu7t5v0__and2_1)
   0.013156    0.197543    0.375461   20.425556 v _168_/Z (gf180mcu_fd_sc_mcu7t5v0__and2_1)
               0.197543    0.000000   20.425556 v _171_/A3 (gf180mcu_fd_sc_mcu7t5v0__nor3_1)
   0.004823    0.428039    0.321183   20.746740 ^ _171_/ZN (gf180mcu_fd_sc_mcu7t5v0__nor3_1)
               0.428039    0.000000   20.746740 ^ _173_/A2 (gf180mcu_fd_sc_mcu7t5v0__oai21_1)
   0.010240    0.304007    0.230724   20.977465 v _173_/ZN (gf180mcu_fd_sc_mcu7t5v0__oai21_1)
               0.304007    0.000000   20.977465 v _175_/A2 (gf180mcu_fd_sc_mcu7t5v0__xor2_1)
   0.010240    0.275536    0.534016   21.511480 v _175_/Z (gf180mcu_fd_sc_mcu7t5v0__xor2_1)
               0.275536    0.000000   21.511480 v _176_/A2 (gf180mcu_fd_sc_mcu7t5v0__and2_1)
   0.013156    0.197543    0.375461   21.886940 v _176_/Z (gf180mcu_fd_sc_mcu7t5v0__and2_1)
               0.197543    0.000000   21.886940 v _182_/A3 (gf180mcu_fd_sc_mcu7t5v0__nor3_1)
   0.004823    0.428039    0.321183   22.208124 ^ _182_/ZN (gf180mcu_fd_sc_mcu7t5v0__nor3_1)
               0.428039    0.000000   22.208124 ^ _188_/A2 (gf180mcu_fd_sc_mcu7t5v0__oai21_1)
   0.010000    0.301011    0.228162   22.436287 v _188_/ZN (gf180mcu_fd_sc_mcu7t5v0__oai21_1)
               0.301011    0.000000   22.436287 v cout (out)
                                      22.436287   data arrival time

               0.000000  100.000000  100.000000   clock vclk (rise edge)
                           0.000000  100.000000   clock network delay (ideal)
                           0.000000  100.000000   clock reconvergence pessimism
                           0.000000  100.000000   output external delay
                                     100.000000   data required time
---------------------------------------------------------------------------------------
                                     100.000000   data required time
                                     -22.436287   data arrival time
---------------------------------------------------------------------------------------
                                      77.563713   slack (MET)


Startpoint: cin (input port clocked by vclk)
Endpoint: sum[30] (output port clocked by vclk)
Path Group: vclk
Path Type: max

        Cap        Slew       Delay        Time   Description
---------------------------------------------------------------------------------------
               0.000000    0.000000    0.000000   clock vclk (rise edge)
                           0.000000    0.000000   clock network delay (ideal)
                           0.000000    0.000000 v input external delay
   0.014031    0.050000    0.000000    0.000000 v cin (in)
               0.050000    0.000000    0.000000 v _232_/A2 (gf180mcu_fd_sc_mcu7t5v0__nor2_1)
   0.004823    0.261039    0.185892    0.185892 ^ _232_/ZN (gf180mcu_fd_sc_mcu7t5v0__nor2_1)
               0.261039    0.000000    0.185892 ^ _233_/A2 (gf180mcu_fd_sc_mcu7t5v0__oai21_1)
   0.016234    0.351415    0.260372    0.446264 v _233_/ZN (gf180mcu_fd_sc_mcu7t5v0__oai21_1)
               0.351415    0.000000    0.446264 v _235_/A2 (gf180mcu_fd_sc_mcu7t5v0__nor2_1)
   0.004823    0.284207    0.236574    0.682837 ^ _235_/ZN (gf180mcu_fd_sc_mcu7t5v0__nor2_1)
               0.284207    0.000000    0.682837 ^ _236_/A2 (gf180mcu_fd_sc_mcu7t5v0__oai21_1)
   0.011977    0.295981    0.227188    0.910026 v _236_/ZN (gf180mcu_fd_sc_mcu7t5v0__oai21_1)
               0.295981    0.000000    0.910026 v _238_/A2 (gf180mcu_fd_sc_mcu7t5v0__xor2_1)
   0.011977    0.291584    0.544329    1.454355 v _238_/Z (gf180mcu_fd_sc_mcu7t5v0__xor2_1)
               0.291584    0.000000    1.454355 v _239_/A2 (gf180mcu_fd_sc_mcu7t5v0__nand2_1)
   0.013585    0.347788    0.285484    1.739839 ^ _239_/ZN (gf180mcu_fd_sc_mcu7t5v0__nand2_1)
               0.347788    0.000000    1.739839 ^ _242_/A3 (gf180mcu_fd_sc_mcu7t5v0__nand3_1)
   0.004772    0.228581    0.163219    1.903058 v _242_/ZN (gf180mcu_fd_sc_mcu7t5v0__nand3_1)
               0.228581    0.000000    1.903058 v _243_/A2 (gf180mcu_fd_sc_mcu7t5v0__aoi21_1)
   0.016234    0.685548    0.438432    2.341491 ^ _243_/ZN (gf180mcu_fd_sc_mcu7t5v0__aoi21_1)
               0.685548    0.000000    2.341491 ^ _244_/A2 (gf180mcu_fd_sc_mcu7t5v0__nor2_1)
   0.004011    0.266901    0.171559    2.513050 v _244_/ZN (gf180mcu_fd_sc_mcu7t5v0__nor2_1)
               0.266901    0.000000    2.513050 v _246_/B (gf180mcu_fd_sc_mcu7t5v0__aoi21_1)
   0.013033    0.589321    0.425273    2.938323 ^ _246_/ZN (gf180mcu_fd_sc_mcu7t5v0__aoi21_1)
               0.589321    0.000000    2.938323 ^ _247_/A2 (gf180mcu_fd_sc_mcu7t5v0__or2_1)
   0.004783    0.149802    0.300889    3.239212 ^ _247_/Z (gf180mcu_fd_sc_mcu7t5v0__or2_1)
               0.149802    0.000000    3.239212 ^ _249_/B (gf180mcu_fd_sc_mcu7t5v0__oai21_1)
   0.010240    0.255405    0.217734    3.456946 v _249_/ZN (gf180mcu_fd_sc_mcu7t5v0__oai21_1)
               0.255405    0.000000    3.456946 v _251_/A2 (gf180mcu_fd_sc_mcu7t5v0__xor2_1)
   0.010240    0.275456    0.517969    3.974915 v _251_/Z (gf180mcu_fd_sc_mcu7t5v0__xor2_1)
               0.275456    0.000000    3.974915 v _252_/A2 (gf180mcu_fd_sc_mcu7t5v0__and2_1)
   0.013156    0.197542    0.375437    4.350352 v _252_/Z (gf180mcu_fd_sc_mcu7t5v0__and2_1)
               0.197542    0.000000    4.350352 v _255_/A3 (gf180mcu_fd_sc_mcu7t5v0__nor3_1)
   0.004823    0.428013    0.321182    4.671535 ^ _255_/ZN (gf180mcu_fd_sc_mcu7t5v0__nor3_1)
               0.428013    0.000000    4.671535 ^ _256_/A2 (gf180mcu_fd_sc_mcu7t5v0__oai21_1)
   0.010240    0.304000    0.230720    4.902255 v _256_/ZN (gf180mcu_fd_sc_mcu7t5v0__oai21_1)
               0.304000    0.000000    4.902255 v _258_/A2 (gf180mcu_fd_sc_mcu7t5v0__xor2_1)
   0.010240    0.275536    0.534014    5.436268 v _258_/Z (gf180mcu_fd_sc_mcu7t5v0__xor2_1)
               0.275536    0.000000    5.436268 v _259_/A2 (gf180mcu_fd_sc_mcu7t5v0__and2_1)
   0.013156    0.197543    0.375461    5.811730 v _259_/Z (gf180mcu_fd_sc_mcu7t5v0__and2_1)
               0.197543    0.000000    5.811730 v _262_/A3 (gf180mcu_fd_sc_mcu7t5v0__nor3_1)
   0.004823    0.428039    0.321182    6.132912 ^ _262_/ZN (gf180mcu_fd_sc_mcu7t5v0__nor3_1)
               0.428039    0.000000    6.132912 ^ _263_/A2 (gf180mcu_fd_sc_mcu7t5v0__oai21_1)
   0.010240    0.304007    0.230723    6.363635 v _263_/ZN (gf180mcu_fd_sc_mcu7t5v0__oai21_1)
               0.304007    0.000000    6.363635 v _265_/A2 (gf180mcu_fd_sc_mcu7t5v0__xor2_1)
   0.010240    0.275536    0.534016    6.897651 v _265_/Z (gf180mcu_fd_sc_mcu7t5v0__xor2_1)
               0.275536    0.000000    6.897651 v _266_/A2 (gf180mcu_fd_sc_mcu7t5v0__and2_1)
   0.013156    0.197543    0.375462    7.273113 v _266_/Z (gf180mcu_fd_sc_mcu7t5v0__and2_1)
               0.197543    0.000000    7.273113 v _269_/A3 (gf180mcu_fd_sc_mcu7t5v0__nor3_1)
   0.004823    0.428039    0.321182    7.594295 ^ _269_/ZN (gf180mcu_fd_sc_mcu7t5v0__nor3_1)
               0.428039    0.000000    7.594295 ^ _270_/A2 (gf180mcu_fd_sc_mcu7t5v0__oai21_1)
   0.010240    0.304007    0.230723    7.825018 v _270_/ZN (gf180mcu_fd_sc_mcu7t5v0__oai21_1)
               0.304007    0.000000    7.825018 v _272_/A2 (gf180mcu_fd_sc_mcu7t5v0__xor2_1)
   0.010240    0.275536    0.534016    8.359034 v _272_/Z (gf180mcu_fd_sc_mcu7t5v0__xor2_1)
               0.275536    0.000000    8.359034 v _273_/A2 (gf180mcu_fd_sc_mcu7t5v0__and2_1)
   0.013156    0.197543    0.375461    8.734495 v _273_/Z (gf180mcu_fd_sc_mcu7t5v0__and2_1)
               0.197543    0.000000    8.734495 v _276_/A3 (gf180mcu_fd_sc_mcu7t5v0__nor3_1)
   0.004823    0.428039    0.321182    9.055677 ^ _276_/ZN (gf180mcu_fd_sc_mcu7t5v0__nor3_1)
               0.428039    0.000000    9.055677 ^ _277_/A2 (gf180mcu_fd_sc_mcu7t5v0__oai21_1)
   0.010240    0.304007    0.230723    9.286401 v _277_/ZN (gf180mcu_fd_sc_mcu7t5v0__oai21_1)
               0.304007    0.000000    9.286401 v _279_/A2 (gf180mcu_fd_sc_mcu7t5v0__xor2_1)
   0.010240    0.275536    0.534016    9.820415 v _279_/Z (gf180mcu_fd_sc_mcu7t5v0__xor2_1)
               0.275536    0.000000    9.820415 v _280_/A2 (gf180mcu_fd_sc_mcu7t5v0__and2_1)
   0.013156    0.197543    0.375461   10.195877 v _280_/Z (gf180mcu_fd_sc_mcu7t5v0__and2_1)
               0.197543    0.000000   10.195877 v _283_/A3 (gf180mcu_fd_sc_mcu7t5v0__nor3_1)
   0.004823    0.428039    0.321182   10.517059 ^ _283_/ZN (gf180mcu_fd_sc_mcu7t5v0__nor3_1)
               0.428039    0.000000   10.517059 ^ _284_/A2 (gf180mcu_fd_sc_mcu7t5v0__oai21_1)
   0.010240    0.304007    0.230723   10.747783 v _284_/ZN (gf180mcu_fd_sc_mcu7t5v0__oai21_1)
               0.304007    0.000000   10.747783 v _286_/A2 (gf180mcu_fd_sc_mcu7t5v0__xor2_1)
   0.010240    0.275536    0.534016   11.281798 v _286_/Z (gf180mcu_fd_sc_mcu7t5v0__xor2_1)
               0.275536    0.000000   11.281798 v _287_/A2 (gf180mcu_fd_sc_mcu7t5v0__and2_1)
   0.013156    0.197543    0.375461   11.657260 v _287_/Z (gf180mcu_fd_sc_mcu7t5v0__and2_1)
               0.197543    0.000000   11.657260 v _129_/A3 (gf180mcu_fd_sc_mcu7t5v0__nor3_1)
   0.004823    0.428039    0.321182   11.978441 ^ _129_/ZN (gf180mcu_fd_sc_mcu7t5v0__nor3_1)
               0.428039    0.000000   11.978441 ^ _130_/A2 (gf180mcu_fd_sc_mcu7t5v0__oai21_1)
   0.010240    0.304007    0.230723   12.209165 v _130_/ZN (gf180mcu_fd_sc_mcu7t5v0__oai21_1)
               0.304007    0.000000   12.209165 v _132_/A2 (gf180mcu_fd_sc_mcu7t5v0__xor2_1)
   0.010240    0.275536    0.534016   12.743180 v _132_/Z (gf180mcu_fd_sc_mcu7t5v0__xor2_1)
               0.275536    0.000000   12.743180 v _133_/A2 (gf180mcu_fd_sc_mcu7t5v0__and2_1)
   0.013156    0.197543    0.375461   13.118642 v _133_/Z (gf180mcu_fd_sc_mcu7t5v0__and2_1)
               0.197543    0.000000   13.118642 v _136_/A3 (gf180mcu_fd_sc_mcu7t5v0__nor3_1)
   0.004823    0.428039    0.321182   13.439824 ^ _136_/ZN (gf180mcu_fd_sc_mcu7t5v0__nor3_1)
               0.428039    0.000000   13.439824 ^ _137_/A2 (gf180mcu_fd_sc_mcu7t5v0__oai21_1)
   0.010240    0.304007    0.230723   13.670547 v _137_/ZN (gf180mcu_fd_sc_mcu7t5v0__oai21_1)
               0.304007    0.000000   13.670547 v _139_/A2 (gf180mcu_fd_sc_mcu7t5v0__xor2_1)
   0.010240    0.275536    0.534016   14.204562 v _139_/Z (gf180mcu_fd_sc_mcu7t5v0__xor2_1)
               0.275536    0.000000   14.204562 v _140_/A2 (gf180mcu_fd_sc_mcu7t5v0__and2_1)
   0.013156    0.197543    0.375461   14.580024 v _140_/Z (gf180mcu_fd_sc_mcu7t5v0__and2_1)
               0.197543    0.000000   14.580024 v _143_/A3 (gf180mcu_fd_sc_mcu7t5v0__nor3_1)
   0.004823    0.428039    0.321182   14.901206 ^ _143_/ZN (gf180mcu_fd_sc_mcu7t5v0__nor3_1)
               0.428039    0.000000   14.901206 ^ _144_/A2 (gf180mcu_fd_sc_mcu7t5v0__oai21_1)
   0.010240    0.304007    0.230724   15.131930 v _144_/ZN (gf180mcu_fd_sc_mcu7t5v0__oai21_1)
               0.304007    0.000000   15.131930 v _146_/A2 (gf180mcu_fd_sc_mcu7t5v0__xor2_1)
   0.010240    0.275536    0.534016   15.665945 v _146_/Z (gf180mcu_fd_sc_mcu7t5v0__xor2_1)
               0.275536    0.000000   15.665945 v _147_/A2 (gf180mcu_fd_sc_mcu7t5v0__and2_1)
   0.013156    0.197543    0.375461   16.041407 v _147_/Z (gf180mcu_fd_sc_mcu7t5v0__and2_1)
               0.197543    0.000000   16.041407 v _150_/A3 (gf180mcu_fd_sc_mcu7t5v0__nor3_1)
   0.004823    0.428039    0.321181   16.362589 ^ _150_/ZN (gf180mcu_fd_sc_mcu7t5v0__nor3_1)
               0.428039    0.000000   16.362589 ^ _151_/A2 (gf180mcu_fd_sc_mcu7t5v0__oai21_1)
   0.010240    0.304007    0.230724   16.593311 v _151_/ZN (gf180mcu_fd_sc_mcu7t5v0__oai21_1)
               0.304007    0.000000   16.593311 v _153_/A2 (gf180mcu_fd_sc_mcu7t5v0__xor2_1)
   0.010240    0.275536    0.534016   17.127327 v _153_/Z (gf180mcu_fd_sc_mcu7t5v0__xor2_1)
               0.275536    0.000000   17.127327 v _154_/A2 (gf180mcu_fd_sc_mcu7t5v0__and2_1)
   0.013156    0.197543    0.375461   17.502789 v _154_/Z (gf180mcu_fd_sc_mcu7t5v0__and2_1)
               0.197543    0.000000   17.502789 v _157_/A3 (gf180mcu_fd_sc_mcu7t5v0__nor3_1)
   0.004823    0.428039    0.321183   17.823973 ^ _157_/ZN (gf180mcu_fd_sc_mcu7t5v0__nor3_1)
               0.428039    0.000000   17.823973 ^ _158_/A2 (gf180mcu_fd_sc_mcu7t5v0__oai21_1)
   0.010240    0.304007    0.230724   18.054695 v _158_/ZN (gf180mcu_fd_sc_mcu7t5v0__oai21_1)
               0.304007    0.000000   18.054695 v _160_/A2 (gf180mcu_fd_sc_mcu7t5v0__xor2_1)
   0.010240    0.275536    0.534016   18.588711 v _160_/Z (gf180mcu_fd_sc_mcu7t5v0__xor2_1)
               0.275536    0.000000   18.588711 v _161_/A2 (gf180mcu_fd_sc_mcu7t5v0__and2_1)
   0.013156    0.197543    0.375461   18.964172 v _161_/Z (gf180mcu_fd_sc_mcu7t5v0__and2_1)
               0.197543    0.000000   18.964172 v _164_/A3 (gf180mcu_fd_sc_mcu7t5v0__nor3_1)
   0.004823    0.428039    0.321183   19.285357 ^ _164_/ZN (gf180mcu_fd_sc_mcu7t5v0__nor3_1)
               0.428039    0.000000   19.285357 ^ _165_/A2 (gf180mcu_fd_sc_mcu7t5v0__oai21_1)
   0.010240    0.304007    0.230724   19.516081 v _165_/ZN (gf180mcu_fd_sc_mcu7t5v0__oai21_1)
               0.304007    0.000000   19.516081 v _167_/A2 (gf180mcu_fd_sc_mcu7t5v0__xor2_1)
   0.010240    0.275536    0.534016   20.050095 v _167_/Z (gf180mcu_fd_sc_mcu7t5v0__xor2_1)
               0.275536    0.000000   20.050095 v _168_/A2 (gf180mcu_fd_sc_mcu7t5v0__and2_1)
   0.013156    0.197543    0.375461   20.425556 v _168_/Z (gf180mcu_fd_sc_mcu7t5v0__and2_1)
               0.197543    0.000000   20.425556 v _171_/A3 (gf180mcu_fd_sc_mcu7t5v0__nor3_1)
   0.004823    0.428039    0.321183   20.746740 ^ _171_/ZN (gf180mcu_fd_sc_mcu7t5v0__nor3_1)
               0.428039    0.000000   20.746740 ^ _173_/A2 (gf180mcu_fd_sc_mcu7t5v0__oai21_1)
   0.010240    0.304007    0.230724   20.977465 v _173_/ZN (gf180mcu_fd_sc_mcu7t5v0__oai21_1)
               0.304007    0.000000   20.977465 v _175_/A2 (gf180mcu_fd_sc_mcu7t5v0__xor2_1)
   0.010240    0.275536    0.534016   21.511480 v _175_/Z (gf180mcu_fd_sc_mcu7t5v0__xor2_1)
               0.275536    0.000000   21.511480 v _177_/A2 (gf180mcu_fd_sc_mcu7t5v0__xor2_1)
   0.010000    0.273149    0.522649   22.034128 v _177_/Z (gf180mcu_fd_sc_mcu7t5v0__xor2_1)
               0.273149    0.000000   22.034128 v sum[30] (out)
                                      22.034128   data arrival time

               0.000000  100.000000  100.000000   clock vclk (rise edge)
                           0.000000  100.000000   clock network delay (ideal)
                           0.000000  100.000000   clock reconvergence pessimism
                           0.000000  100.000000   output external delay
                                     100.000000   data required time
---------------------------------------------------------------------------------------
                                     100.000000   data required time
                                     -22.034128   data arrival time
---------------------------------------------------------------------------------------
                                      77.965866   slack (MET)


Startpoint: cin (input port clocked by vclk)
Endpoint: sum[29] (output port clocked by vclk)
Path Group: vclk
Path Type: max

        Cap        Slew       Delay        Time   Description
---------------------------------------------------------------------------------------
               0.000000    0.000000    0.000000   clock vclk (rise edge)
                           0.000000    0.000000   clock network delay (ideal)
                           0.000000    0.000000 v input external delay
   0.014031    0.050000    0.000000    0.000000 v cin (in)
               0.050000    0.000000    0.000000 v _232_/A2 (gf180mcu_fd_sc_mcu7t5v0__nor2_1)
   0.004823    0.261039    0.185892    0.185892 ^ _232_/ZN (gf180mcu_fd_sc_mcu7t5v0__nor2_1)
               0.261039    0.000000    0.185892 ^ _233_/A2 (gf180mcu_fd_sc_mcu7t5v0__oai21_1)
   0.016234    0.351415    0.260372    0.446264 v _233_/ZN (gf180mcu_fd_sc_mcu7t5v0__oai21_1)
               0.351415    0.000000    0.446264 v _235_/A2 (gf180mcu_fd_sc_mcu7t5v0__nor2_1)
   0.004823    0.284207    0.236574    0.682837 ^ _235_/ZN (gf180mcu_fd_sc_mcu7t5v0__nor2_1)
               0.284207    0.000000    0.682837 ^ _236_/A2 (gf180mcu_fd_sc_mcu7t5v0__oai21_1)
   0.011977    0.295981    0.227188    0.910026 v _236_/ZN (gf180mcu_fd_sc_mcu7t5v0__oai21_1)
               0.295981    0.000000    0.910026 v _238_/A2 (gf180mcu_fd_sc_mcu7t5v0__xor2_1)
   0.011977    0.291584    0.544329    1.454355 v _238_/Z (gf180mcu_fd_sc_mcu7t5v0__xor2_1)
               0.291584    0.000000    1.454355 v _239_/A2 (gf180mcu_fd_sc_mcu7t5v0__nand2_1)
   0.013585    0.347788    0.285484    1.739839 ^ _239_/ZN (gf180mcu_fd_sc_mcu7t5v0__nand2_1)
               0.347788    0.000000    1.739839 ^ _242_/A3 (gf180mcu_fd_sc_mcu7t5v0__nand3_1)
   0.004772    0.228581    0.163219    1.903058 v _242_/ZN (gf180mcu_fd_sc_mcu7t5v0__nand3_1)
               0.228581    0.000000    1.903058 v _243_/A2 (gf180mcu_fd_sc_mcu7t5v0__aoi21_1)
   0.016234    0.685548    0.438432    2.341491 ^ _243_/ZN (gf180mcu_fd_sc_mcu7t5v0__aoi21_1)
               0.685548    0.000000    2.341491 ^ _244_/A2 (gf180mcu_fd_sc_mcu7t5v0__nor2_1)
   0.004011    0.266901    0.171559    2.513050 v _244_/ZN (gf180mcu_fd_sc_mcu7t5v0__nor2_1)
               0.266901    0.000000    2.513050 v _246_/B (gf180mcu_fd_sc_mcu7t5v0__aoi21_1)
   0.013033    0.589321    0.425273    2.938323 ^ _246_/ZN (gf180mcu_fd_sc_mcu7t5v0__aoi21_1)
               0.589321    0.000000    2.938323 ^ _247_/A2 (gf180mcu_fd_sc_mcu7t5v0__or2_1)
   0.004783    0.149802    0.300889    3.239212 ^ _247_/Z (gf180mcu_fd_sc_mcu7t5v0__or2_1)
               0.149802    0.000000    3.239212 ^ _249_/B (gf180mcu_fd_sc_mcu7t5v0__oai21_1)
   0.010240    0.255405    0.217734    3.456946 v _249_/ZN (gf180mcu_fd_sc_mcu7t5v0__oai21_1)
               0.255405    0.000000    3.456946 v _251_/A2 (gf180mcu_fd_sc_mcu7t5v0__xor2_1)
   0.010240    0.275456    0.517969    3.974915 v _251_/Z (gf180mcu_fd_sc_mcu7t5v0__xor2_1)
               0.275456    0.000000    3.974915 v _252_/A2 (gf180mcu_fd_sc_mcu7t5v0__and2_1)
   0.013156    0.197542    0.375437    4.350352 v _252_/Z (gf180mcu_fd_sc_mcu7t5v0__and2_1)
               0.197542    0.000000    4.350352 v _255_/A3 (gf180mcu_fd_sc_mcu7t5v0__nor3_1)
   0.004823    0.428013    0.321182    4.671535 ^ _255_/ZN (gf180mcu_fd_sc_mcu7t5v0__nor3_1)
               0.428013    0.000000    4.671535 ^ _256_/A2 (gf180mcu_fd_sc_mcu7t5v0__oai21_1)
   0.010240    0.304000    0.230720    4.902255 v _256_/ZN (gf180mcu_fd_sc_mcu7t5v0__oai21_1)
               0.304000    0.000000    4.902255 v _258_/A2 (gf180mcu_fd_sc_mcu7t5v0__xor2_1)
   0.010240    0.275536    0.534014    5.436268 v _258_/Z (gf180mcu_fd_sc_mcu7t5v0__xor2_1)
               0.275536    0.000000    5.436268 v _259_/A2 (gf180mcu_fd_sc_mcu7t5v0__and2_1)
   0.013156    0.197543    0.375461    5.811730 v _259_/Z (gf180mcu_fd_sc_mcu7t5v0__and2_1)
               0.197543    0.000000    5.811730 v _262_/A3 (gf180mcu_fd_sc_mcu7t5v0__nor3_1)
   0.004823    0.428039    0.321182    6.132912 ^ _262_/ZN (gf180mcu_fd_sc_mcu7t5v0__nor3_1)
               0.428039    0.000000    6.132912 ^ _263_/A2 (gf180mcu_fd_sc_mcu7t5v0__oai21_1)
   0.010240    0.304007    0.230723    6.363635 v _263_/ZN (gf180mcu_fd_sc_mcu7t5v0__oai21_1)
               0.304007    0.000000    6.363635 v _265_/A2 (gf180mcu_fd_sc_mcu7t5v0__xor2_1)
   0.010240    0.275536    0.534016    6.897651 v _265_/Z (gf180mcu_fd_sc_mcu7t5v0__xor2_1)
               0.275536    0.000000    6.897651 v _266_/A2 (gf180mcu_fd_sc_mcu7t5v0__and2_1)
   0.013156    0.197543    0.375462    7.273113 v _266_/Z (gf180mcu_fd_sc_mcu7t5v0__and2_1)
               0.197543    0.000000    7.273113 v _269_/A3 (gf180mcu_fd_sc_mcu7t5v0__nor3_1)
   0.004823    0.428039    0.321182    7.594295 ^ _269_/ZN (gf180mcu_fd_sc_mcu7t5v0__nor3_1)
               0.428039    0.000000    7.594295 ^ _270_/A2 (gf180mcu_fd_sc_mcu7t5v0__oai21_1)
   0.010240    0.304007    0.230723    7.825018 v _270_/ZN (gf180mcu_fd_sc_mcu7t5v0__oai21_1)
               0.304007    0.000000    7.825018 v _272_/A2 (gf180mcu_fd_sc_mcu7t5v0__xor2_1)
   0.010240    0.275536    0.534016    8.359034 v _272_/Z (gf180mcu_fd_sc_mcu7t5v0__xor2_1)
               0.275536    0.000000    8.359034 v _273_/A2 (gf180mcu_fd_sc_mcu7t5v0__and2_1)
   0.013156    0.197543    0.375461    8.734495 v _273_/Z (gf180mcu_fd_sc_mcu7t5v0__and2_1)
               0.197543    0.000000    8.734495 v _276_/A3 (gf180mcu_fd_sc_mcu7t5v0__nor3_1)
   0.004823    0.428039    0.321182    9.055677 ^ _276_/ZN (gf180mcu_fd_sc_mcu7t5v0__nor3_1)
               0.428039    0.000000    9.055677 ^ _277_/A2 (gf180mcu_fd_sc_mcu7t5v0__oai21_1)
   0.010240    0.304007    0.230723    9.286401 v _277_/ZN (gf180mcu_fd_sc_mcu7t5v0__oai21_1)
               0.304007    0.000000    9.286401 v _279_/A2 (gf180mcu_fd_sc_mcu7t5v0__xor2_1)
   0.010240    0.275536    0.534016    9.820415 v _279_/Z (gf180mcu_fd_sc_mcu7t5v0__xor2_1)
               0.275536    0.000000    9.820415 v _280_/A2 (gf180mcu_fd_sc_mcu7t5v0__and2_1)
   0.013156    0.197543    0.375461   10.195877 v _280_/Z (gf180mcu_fd_sc_mcu7t5v0__and2_1)
               0.197543    0.000000   10.195877 v _283_/A3 (gf180mcu_fd_sc_mcu7t5v0__nor3_1)
   0.004823    0.428039    0.321182   10.517059 ^ _283_/ZN (gf180mcu_fd_sc_mcu7t5v0__nor3_1)
               0.428039    0.000000   10.517059 ^ _284_/A2 (gf180mcu_fd_sc_mcu7t5v0__oai21_1)
   0.010240    0.304007    0.230723   10.747783 v _284_/ZN (gf180mcu_fd_sc_mcu7t5v0__oai21_1)
               0.304007    0.000000   10.747783 v _286_/A2 (gf180mcu_fd_sc_mcu7t5v0__xor2_1)
   0.010240    0.275536    0.534016   11.281798 v _286_/Z (gf180mcu_fd_sc_mcu7t5v0__xor2_1)
               0.275536    0.000000   11.281798 v _287_/A2 (gf180mcu_fd_sc_mcu7t5v0__and2_1)
   0.013156    0.197543    0.375461   11.657260 v _287_/Z (gf180mcu_fd_sc_mcu7t5v0__and2_1)
               0.197543    0.000000   11.657260 v _129_/A3 (gf180mcu_fd_sc_mcu7t5v0__nor3_1)
   0.004823    0.428039    0.321182   11.978441 ^ _129_/ZN (gf180mcu_fd_sc_mcu7t5v0__nor3_1)
               0.428039    0.000000   11.978441 ^ _130_/A2 (gf180mcu_fd_sc_mcu7t5v0__oai21_1)
   0.010240    0.304007    0.230723   12.209165 v _130_/ZN (gf180mcu_fd_sc_mcu7t5v0__oai21_1)
               0.304007    0.000000   12.209165 v _132_/A2 (gf180mcu_fd_sc_mcu7t5v0__xor2_1)
   0.010240    0.275536    0.534016   12.743180 v _132_/Z (gf180mcu_fd_sc_mcu7t5v0__xor2_1)
               0.275536    0.000000   12.743180 v _133_/A2 (gf180mcu_fd_sc_mcu7t5v0__and2_1)
   0.013156    0.197543    0.375461   13.118642 v _133_/Z (gf180mcu_fd_sc_mcu7t5v0__and2_1)
               0.197543    0.000000   13.118642 v _136_/A3 (gf180mcu_fd_sc_mcu7t5v0__nor3_1)
   0.004823    0.428039    0.321182   13.439824 ^ _136_/ZN (gf180mcu_fd_sc_mcu7t5v0__nor3_1)
               0.428039    0.000000   13.439824 ^ _137_/A2 (gf180mcu_fd_sc_mcu7t5v0__oai21_1)
   0.010240    0.304007    0.230723   13.670547 v _137_/ZN (gf180mcu_fd_sc_mcu7t5v0__oai21_1)
               0.304007    0.000000   13.670547 v _139_/A2 (gf180mcu_fd_sc_mcu7t5v0__xor2_1)
   0.010240    0.275536    0.534016   14.204562 v _139_/Z (gf180mcu_fd_sc_mcu7t5v0__xor2_1)
               0.275536    0.000000   14.204562 v _140_/A2 (gf180mcu_fd_sc_mcu7t5v0__and2_1)
   0.013156    0.197543    0.375461   14.580024 v _140_/Z (gf180mcu_fd_sc_mcu7t5v0__and2_1)
               0.197543    0.000000   14.580024 v _143_/A3 (gf180mcu_fd_sc_mcu7t5v0__nor3_1)
   0.004823    0.428039    0.321182   14.901206 ^ _143_/ZN (gf180mcu_fd_sc_mcu7t5v0__nor3_1)
               0.428039    0.000000   14.901206 ^ _144_/A2 (gf180mcu_fd_sc_mcu7t5v0__oai21_1)
   0.010240    0.304007    0.230724   15.131930 v _144_/ZN (gf180mcu_fd_sc_mcu7t5v0__oai21_1)
               0.304007    0.000000   15.131930 v _146_/A2 (gf180mcu_fd_sc_mcu7t5v0__xor2_1)
   0.010240    0.275536    0.534016   15.665945 v _146_/Z (gf180mcu_fd_sc_mcu7t5v0__xor2_1)
               0.275536    0.000000   15.665945 v _147_/A2 (gf180mcu_fd_sc_mcu7t5v0__and2_1)
   0.013156    0.197543    0.375461   16.041407 v _147_/Z (gf180mcu_fd_sc_mcu7t5v0__and2_1)
               0.197543    0.000000   16.041407 v _150_/A3 (gf180mcu_fd_sc_mcu7t5v0__nor3_1)
   0.004823    0.428039    0.321181   16.362589 ^ _150_/ZN (gf180mcu_fd_sc_mcu7t5v0__nor3_1)
               0.428039    0.000000   16.362589 ^ _151_/A2 (gf180mcu_fd_sc_mcu7t5v0__oai21_1)
   0.010240    0.304007    0.230724   16.593311 v _151_/ZN (gf180mcu_fd_sc_mcu7t5v0__oai21_1)
               0.304007    0.000000   16.593311 v _153_/A2 (gf180mcu_fd_sc_mcu7t5v0__xor2_1)
   0.010240    0.275536    0.534016   17.127327 v _153_/Z (gf180mcu_fd_sc_mcu7t5v0__xor2_1)
               0.275536    0.000000   17.127327 v _154_/A2 (gf180mcu_fd_sc_mcu7t5v0__and2_1)
   0.013156    0.197543    0.375461   17.502789 v _154_/Z (gf180mcu_fd_sc_mcu7t5v0__and2_1)
               0.197543    0.000000   17.502789 v _157_/A3 (gf180mcu_fd_sc_mcu7t5v0__nor3_1)
   0.004823    0.428039    0.321183   17.823973 ^ _157_/ZN (gf180mcu_fd_sc_mcu7t5v0__nor3_1)
               0.428039    0.000000   17.823973 ^ _158_/A2 (gf180mcu_fd_sc_mcu7t5v0__oai21_1)
   0.010240    0.304007    0.230724   18.054695 v _158_/ZN (gf180mcu_fd_sc_mcu7t5v0__oai21_1)
               0.304007    0.000000   18.054695 v _160_/A2 (gf180mcu_fd_sc_mcu7t5v0__xor2_1)
   0.010240    0.275536    0.534016   18.588711 v _160_/Z (gf180mcu_fd_sc_mcu7t5v0__xor2_1)
               0.275536    0.000000   18.588711 v _161_/A2 (gf180mcu_fd_sc_mcu7t5v0__and2_1)
   0.013156    0.197543    0.375461   18.964172 v _161_/Z (gf180mcu_fd_sc_mcu7t5v0__and2_1)
               0.197543    0.000000   18.964172 v _164_/A3 (gf180mcu_fd_sc_mcu7t5v0__nor3_1)
   0.004823    0.428039    0.321183   19.285357 ^ _164_/ZN (gf180mcu_fd_sc_mcu7t5v0__nor3_1)
               0.428039    0.000000   19.285357 ^ _165_/A2 (gf180mcu_fd_sc_mcu7t5v0__oai21_1)
   0.010240    0.304007    0.230724   19.516081 v _165_/ZN (gf180mcu_fd_sc_mcu7t5v0__oai21_1)
               0.304007    0.000000   19.516081 v _167_/A2 (gf180mcu_fd_sc_mcu7t5v0__xor2_1)
   0.010240    0.275536    0.534016   20.050095 v _167_/Z (gf180mcu_fd_sc_mcu7t5v0__xor2_1)
               0.275536    0.000000   20.050095 v _168_/A2 (gf180mcu_fd_sc_mcu7t5v0__and2_1)
   0.013156    0.197543    0.375461   20.425556 v _168_/Z (gf180mcu_fd_sc_mcu7t5v0__and2_1)
               0.197543    0.000000   20.425556 v _169_/A2 (gf180mcu_fd_sc_mcu7t5v0__nor2_1)
   0.007465    0.344415    0.253319   20.678877 ^ _169_/ZN (gf180mcu_fd_sc_mcu7t5v0__nor2_1)
               0.344415    0.000000   20.678877 ^ _172_/A3 (gf180mcu_fd_sc_mcu7t5v0__xor3_1)
   0.010000    0.518892    0.492751   21.171627 ^ _172_/Z (gf180mcu_fd_sc_mcu7t5v0__xor3_1)
               0.518892    0.000000   21.171627 ^ sum[29] (out)
                                      21.171627   data arrival time

               0.000000  100.000000  100.000000   clock vclk (rise edge)
                           0.000000  100.000000   clock network delay (ideal)
                           0.000000  100.000000   clock reconvergence pessimism
                           0.000000  100.000000   output external delay
                                     100.000000   data required time
---------------------------------------------------------------------------------------
                                     100.000000   data required time
                                     -21.171627   data arrival time
---------------------------------------------------------------------------------------
                                      78.828369   slack (MET)


Startpoint: cin (input port clocked by vclk)
Endpoint: sum[28] (output port clocked by vclk)
Path Group: vclk
Path Type: max

        Cap        Slew       Delay        Time   Description
---------------------------------------------------------------------------------------
               0.000000    0.000000    0.000000   clock vclk (rise edge)
                           0.000000    0.000000   clock network delay (ideal)
                           0.000000    0.000000 v input external delay
   0.014031    0.050000    0.000000    0.000000 v cin (in)
               0.050000    0.000000    0.000000 v _232_/A2 (gf180mcu_fd_sc_mcu7t5v0__nor2_1)
   0.004823    0.261039    0.185892    0.185892 ^ _232_/ZN (gf180mcu_fd_sc_mcu7t5v0__nor2_1)
               0.261039    0.000000    0.185892 ^ _233_/A2 (gf180mcu_fd_sc_mcu7t5v0__oai21_1)
   0.016234    0.351415    0.260372    0.446264 v _233_/ZN (gf180mcu_fd_sc_mcu7t5v0__oai21_1)
               0.351415    0.000000    0.446264 v _235_/A2 (gf180mcu_fd_sc_mcu7t5v0__nor2_1)
   0.004823    0.284207    0.236574    0.682837 ^ _235_/ZN (gf180mcu_fd_sc_mcu7t5v0__nor2_1)
               0.284207    0.000000    0.682837 ^ _236_/A2 (gf180mcu_fd_sc_mcu7t5v0__oai21_1)
   0.011977    0.295981    0.227188    0.910026 v _236_/ZN (gf180mcu_fd_sc_mcu7t5v0__oai21_1)
               0.295981    0.000000    0.910026 v _238_/A2 (gf180mcu_fd_sc_mcu7t5v0__xor2_1)
   0.011977    0.291584    0.544329    1.454355 v _238_/Z (gf180mcu_fd_sc_mcu7t5v0__xor2_1)
               0.291584    0.000000    1.454355 v _239_/A2 (gf180mcu_fd_sc_mcu7t5v0__nand2_1)
   0.013585    0.347788    0.285484    1.739839 ^ _239_/ZN (gf180mcu_fd_sc_mcu7t5v0__nand2_1)
               0.347788    0.000000    1.739839 ^ _242_/A3 (gf180mcu_fd_sc_mcu7t5v0__nand3_1)
   0.004772    0.228581    0.163219    1.903058 v _242_/ZN (gf180mcu_fd_sc_mcu7t5v0__nand3_1)
               0.228581    0.000000    1.903058 v _243_/A2 (gf180mcu_fd_sc_mcu7t5v0__aoi21_1)
   0.016234    0.685548    0.438432    2.341491 ^ _243_/ZN (gf180mcu_fd_sc_mcu7t5v0__aoi21_1)
               0.685548    0.000000    2.341491 ^ _244_/A2 (gf180mcu_fd_sc_mcu7t5v0__nor2_1)
   0.004011    0.266901    0.171559    2.513050 v _244_/ZN (gf180mcu_fd_sc_mcu7t5v0__nor2_1)
               0.266901    0.000000    2.513050 v _246_/B (gf180mcu_fd_sc_mcu7t5v0__aoi21_1)
   0.013033    0.589321    0.425273    2.938323 ^ _246_/ZN (gf180mcu_fd_sc_mcu7t5v0__aoi21_1)
               0.589321    0.000000    2.938323 ^ _247_/A2 (gf180mcu_fd_sc_mcu7t5v0__or2_1)
   0.004783    0.149802    0.300889    3.239212 ^ _247_/Z (gf180mcu_fd_sc_mcu7t5v0__or2_1)
               0.149802    0.000000    3.239212 ^ _249_/B (gf180mcu_fd_sc_mcu7t5v0__oai21_1)
   0.010240    0.255405    0.217734    3.456946 v _249_/ZN (gf180mcu_fd_sc_mcu7t5v0__oai21_1)
               0.255405    0.000000    3.456946 v _251_/A2 (gf180mcu_fd_sc_mcu7t5v0__xor2_1)
   0.010240    0.275456    0.517969    3.974915 v _251_/Z (gf180mcu_fd_sc_mcu7t5v0__xor2_1)
               0.275456    0.000000    3.974915 v _252_/A2 (gf180mcu_fd_sc_mcu7t5v0__and2_1)
   0.013156    0.197542    0.375437    4.350352 v _252_/Z (gf180mcu_fd_sc_mcu7t5v0__and2_1)
               0.197542    0.000000    4.350352 v _255_/A3 (gf180mcu_fd_sc_mcu7t5v0__nor3_1)
   0.004823    0.428013    0.321182    4.671535 ^ _255_/ZN (gf180mcu_fd_sc_mcu7t5v0__nor3_1)
               0.428013    0.000000    4.671535 ^ _256_/A2 (gf180mcu_fd_sc_mcu7t5v0__oai21_1)
   0.010240    0.304000    0.230720    4.902255 v _256_/ZN (gf180mcu_fd_sc_mcu7t5v0__oai21_1)
               0.304000    0.000000    4.902255 v _258_/A2 (gf180mcu_fd_sc_mcu7t5v0__xor2_1)
   0.010240    0.275536    0.534014    5.436268 v _258_/Z (gf180mcu_fd_sc_mcu7t5v0__xor2_1)
               0.275536    0.000000    5.436268 v _259_/A2 (gf180mcu_fd_sc_mcu7t5v0__and2_1)
   0.013156    0.197543    0.375461    5.811730 v _259_/Z (gf180mcu_fd_sc_mcu7t5v0__and2_1)
               0.197543    0.000000    5.811730 v _262_/A3 (gf180mcu_fd_sc_mcu7t5v0__nor3_1)
   0.004823    0.428039    0.321182    6.132912 ^ _262_/ZN (gf180mcu_fd_sc_mcu7t5v0__nor3_1)
               0.428039    0.000000    6.132912 ^ _263_/A2 (gf180mcu_fd_sc_mcu7t5v0__oai21_1)
   0.010240    0.304007    0.230723    6.363635 v _263_/ZN (gf180mcu_fd_sc_mcu7t5v0__oai21_1)
               0.304007    0.000000    6.363635 v _265_/A2 (gf180mcu_fd_sc_mcu7t5v0__xor2_1)
   0.010240    0.275536    0.534016    6.897651 v _265_/Z (gf180mcu_fd_sc_mcu7t5v0__xor2_1)
               0.275536    0.000000    6.897651 v _266_/A2 (gf180mcu_fd_sc_mcu7t5v0__and2_1)
   0.013156    0.197543    0.375462    7.273113 v _266_/Z (gf180mcu_fd_sc_mcu7t5v0__and2_1)
               0.197543    0.000000    7.273113 v _269_/A3 (gf180mcu_fd_sc_mcu7t5v0__nor3_1)
   0.004823    0.428039    0.321182    7.594295 ^ _269_/ZN (gf180mcu_fd_sc_mcu7t5v0__nor3_1)
               0.428039    0.000000    7.594295 ^ _270_/A2 (gf180mcu_fd_sc_mcu7t5v0__oai21_1)
   0.010240    0.304007    0.230723    7.825018 v _270_/ZN (gf180mcu_fd_sc_mcu7t5v0__oai21_1)
               0.304007    0.000000    7.825018 v _272_/A2 (gf180mcu_fd_sc_mcu7t5v0__xor2_1)
   0.010240    0.275536    0.534016    8.359034 v _272_/Z (gf180mcu_fd_sc_mcu7t5v0__xor2_1)
               0.275536    0.000000    8.359034 v _273_/A2 (gf180mcu_fd_sc_mcu7t5v0__and2_1)
   0.013156    0.197543    0.375461    8.734495 v _273_/Z (gf180mcu_fd_sc_mcu7t5v0__and2_1)
               0.197543    0.000000    8.734495 v _276_/A3 (gf180mcu_fd_sc_mcu7t5v0__nor3_1)
   0.004823    0.428039    0.321182    9.055677 ^ _276_/ZN (gf180mcu_fd_sc_mcu7t5v0__nor3_1)
               0.428039    0.000000    9.055677 ^ _277_/A2 (gf180mcu_fd_sc_mcu7t5v0__oai21_1)
   0.010240    0.304007    0.230723    9.286401 v _277_/ZN (gf180mcu_fd_sc_mcu7t5v0__oai21_1)
               0.304007    0.000000    9.286401 v _279_/A2 (gf180mcu_fd_sc_mcu7t5v0__xor2_1)
   0.010240    0.275536    0.534016    9.820415 v _279_/Z (gf180mcu_fd_sc_mcu7t5v0__xor2_1)
               0.275536    0.000000    9.820415 v _280_/A2 (gf180mcu_fd_sc_mcu7t5v0__and2_1)
   0.013156    0.197543    0.375461   10.195877 v _280_/Z (gf180mcu_fd_sc_mcu7t5v0__and2_1)
               0.197543    0.000000   10.195877 v _283_/A3 (gf180mcu_fd_sc_mcu7t5v0__nor3_1)
   0.004823    0.428039    0.321182   10.517059 ^ _283_/ZN (gf180mcu_fd_sc_mcu7t5v0__nor3_1)
               0.428039    0.000000   10.517059 ^ _284_/A2 (gf180mcu_fd_sc_mcu7t5v0__oai21_1)
   0.010240    0.304007    0.230723   10.747783 v _284_/ZN (gf180mcu_fd_sc_mcu7t5v0__oai21_1)
               0.304007    0.000000   10.747783 v _286_/A2 (gf180mcu_fd_sc_mcu7t5v0__xor2_1)
   0.010240    0.275536    0.534016   11.281798 v _286_/Z (gf180mcu_fd_sc_mcu7t5v0__xor2_1)
               0.275536    0.000000   11.281798 v _287_/A2 (gf180mcu_fd_sc_mcu7t5v0__and2_1)
   0.013156    0.197543    0.375461   11.657260 v _287_/Z (gf180mcu_fd_sc_mcu7t5v0__and2_1)
               0.197543    0.000000   11.657260 v _129_/A3 (gf180mcu_fd_sc_mcu7t5v0__nor3_1)
   0.004823    0.428039    0.321182   11.978441 ^ _129_/ZN (gf180mcu_fd_sc_mcu7t5v0__nor3_1)
               0.428039    0.000000   11.978441 ^ _130_/A2 (gf180mcu_fd_sc_mcu7t5v0__oai21_1)
   0.010240    0.304007    0.230723   12.209165 v _130_/ZN (gf180mcu_fd_sc_mcu7t5v0__oai21_1)
               0.304007    0.000000   12.209165 v _132_/A2 (gf180mcu_fd_sc_mcu7t5v0__xor2_1)
   0.010240    0.275536    0.534016   12.743180 v _132_/Z (gf180mcu_fd_sc_mcu7t5v0__xor2_1)
               0.275536    0.000000   12.743180 v _133_/A2 (gf180mcu_fd_sc_mcu7t5v0__and2_1)
   0.013156    0.197543    0.375461   13.118642 v _133_/Z (gf180mcu_fd_sc_mcu7t5v0__and2_1)
               0.197543    0.000000   13.118642 v _136_/A3 (gf180mcu_fd_sc_mcu7t5v0__nor3_1)
   0.004823    0.428039    0.321182   13.439824 ^ _136_/ZN (gf180mcu_fd_sc_mcu7t5v0__nor3_1)
               0.428039    0.000000   13.439824 ^ _137_/A2 (gf180mcu_fd_sc_mcu7t5v0__oai21_1)
   0.010240    0.304007    0.230723   13.670547 v _137_/ZN (gf180mcu_fd_sc_mcu7t5v0__oai21_1)
               0.304007    0.000000   13.670547 v _139_/A2 (gf180mcu_fd_sc_mcu7t5v0__xor2_1)
   0.010240    0.275536    0.534016   14.204562 v _139_/Z (gf180mcu_fd_sc_mcu7t5v0__xor2_1)
               0.275536    0.000000   14.204562 v _140_/A2 (gf180mcu_fd_sc_mcu7t5v0__and2_1)
   0.013156    0.197543    0.375461   14.580024 v _140_/Z (gf180mcu_fd_sc_mcu7t5v0__and2_1)
               0.197543    0.000000   14.580024 v _143_/A3 (gf180mcu_fd_sc_mcu7t5v0__nor3_1)
   0.004823    0.428039    0.321182   14.901206 ^ _143_/ZN (gf180mcu_fd_sc_mcu7t5v0__nor3_1)
               0.428039    0.000000   14.901206 ^ _144_/A2 (gf180mcu_fd_sc_mcu7t5v0__oai21_1)
   0.010240    0.304007    0.230724   15.131930 v _144_/ZN (gf180mcu_fd_sc_mcu7t5v0__oai21_1)
               0.304007    0.000000   15.131930 v _146_/A2 (gf180mcu_fd_sc_mcu7t5v0__xor2_1)
   0.010240    0.275536    0.534016   15.665945 v _146_/Z (gf180mcu_fd_sc_mcu7t5v0__xor2_1)
               0.275536    0.000000   15.665945 v _147_/A2 (gf180mcu_fd_sc_mcu7t5v0__and2_1)
   0.013156    0.197543    0.375461   16.041407 v _147_/Z (gf180mcu_fd_sc_mcu7t5v0__and2_1)
               0.197543    0.000000   16.041407 v _150_/A3 (gf180mcu_fd_sc_mcu7t5v0__nor3_1)
   0.004823    0.428039    0.321181   16.362589 ^ _150_/ZN (gf180mcu_fd_sc_mcu7t5v0__nor3_1)
               0.428039    0.000000   16.362589 ^ _151_/A2 (gf180mcu_fd_sc_mcu7t5v0__oai21_1)
   0.010240    0.304007    0.230724   16.593311 v _151_/ZN (gf180mcu_fd_sc_mcu7t5v0__oai21_1)
               0.304007    0.000000   16.593311 v _153_/A2 (gf180mcu_fd_sc_mcu7t5v0__xor2_1)
   0.010240    0.275536    0.534016   17.127327 v _153_/Z (gf180mcu_fd_sc_mcu7t5v0__xor2_1)
               0.275536    0.000000   17.127327 v _154_/A2 (gf180mcu_fd_sc_mcu7t5v0__and2_1)
   0.013156    0.197543    0.375461   17.502789 v _154_/Z (gf180mcu_fd_sc_mcu7t5v0__and2_1)
               0.197543    0.000000   17.502789 v _157_/A3 (gf180mcu_fd_sc_mcu7t5v0__nor3_1)
   0.004823    0.428039    0.321183   17.823973 ^ _157_/ZN (gf180mcu_fd_sc_mcu7t5v0__nor3_1)
               0.428039    0.000000   17.823973 ^ _158_/A2 (gf180mcu_fd_sc_mcu7t5v0__oai21_1)
   0.010240    0.304007    0.230724   18.054695 v _158_/ZN (gf180mcu_fd_sc_mcu7t5v0__oai21_1)
               0.304007    0.000000   18.054695 v _160_/A2 (gf180mcu_fd_sc_mcu7t5v0__xor2_1)
   0.010240    0.275536    0.534016   18.588711 v _160_/Z (gf180mcu_fd_sc_mcu7t5v0__xor2_1)
               0.275536    0.000000   18.588711 v _161_/A2 (gf180mcu_fd_sc_mcu7t5v0__and2_1)
   0.013156    0.197543    0.375461   18.964172 v _161_/Z (gf180mcu_fd_sc_mcu7t5v0__and2_1)
               0.197543    0.000000   18.964172 v _164_/A3 (gf180mcu_fd_sc_mcu7t5v0__nor3_1)
   0.004823    0.428039    0.321183   19.285357 ^ _164_/ZN (gf180mcu_fd_sc_mcu7t5v0__nor3_1)
               0.428039    0.000000   19.285357 ^ _165_/A2 (gf180mcu_fd_sc_mcu7t5v0__oai21_1)
   0.010240    0.304007    0.230724   19.516081 v _165_/ZN (gf180mcu_fd_sc_mcu7t5v0__oai21_1)
               0.304007    0.000000   19.516081 v _167_/A2 (gf180mcu_fd_sc_mcu7t5v0__xor2_1)
   0.010240    0.275536    0.534016   20.050095 v _167_/Z (gf180mcu_fd_sc_mcu7t5v0__xor2_1)
               0.275536    0.000000   20.050095 v _186_/A2 (gf180mcu_fd_sc_mcu7t5v0__xor2_1)
   0.010000    0.273149    0.522649   20.572744 v _186_/Z (gf180mcu_fd_sc_mcu7t5v0__xor2_1)
               0.273149    0.000000   20.572744 v sum[28] (out)
                                      20.572744   data arrival time

               0.000000  100.000000  100.000000   clock vclk (rise edge)
                           0.000000  100.000000   clock network delay (ideal)
                           0.000000  100.000000   clock reconvergence pessimism
                           0.000000  100.000000   output external delay
                                     100.000000   data required time
---------------------------------------------------------------------------------------
                                     100.000000   data required time
                                     -20.572744   data arrival time
---------------------------------------------------------------------------------------
                                      79.427254   slack (MET)


Startpoint: cin (input port clocked by vclk)
Endpoint: sum[27] (output port clocked by vclk)
Path Group: vclk
Path Type: max

        Cap        Slew       Delay        Time   Description
---------------------------------------------------------------------------------------
               0.000000    0.000000    0.000000   clock vclk (rise edge)
                           0.000000    0.000000   clock network delay (ideal)
                           0.000000    0.000000 v input external delay
   0.014031    0.050000    0.000000    0.000000 v cin (in)
               0.050000    0.000000    0.000000 v _232_/A2 (gf180mcu_fd_sc_mcu7t5v0__nor2_1)
   0.004823    0.261039    0.185892    0.185892 ^ _232_/ZN (gf180mcu_fd_sc_mcu7t5v0__nor2_1)
               0.261039    0.000000    0.185892 ^ _233_/A2 (gf180mcu_fd_sc_mcu7t5v0__oai21_1)
   0.016234    0.351415    0.260372    0.446264 v _233_/ZN (gf180mcu_fd_sc_mcu7t5v0__oai21_1)
               0.351415    0.000000    0.446264 v _235_/A2 (gf180mcu_fd_sc_mcu7t5v0__nor2_1)
   0.004823    0.284207    0.236574    0.682837 ^ _235_/ZN (gf180mcu_fd_sc_mcu7t5v0__nor2_1)
               0.284207    0.000000    0.682837 ^ _236_/A2 (gf180mcu_fd_sc_mcu7t5v0__oai21_1)
   0.011977    0.295981    0.227188    0.910026 v _236_/ZN (gf180mcu_fd_sc_mcu7t5v0__oai21_1)
               0.295981    0.000000    0.910026 v _238_/A2 (gf180mcu_fd_sc_mcu7t5v0__xor2_1)
   0.011977    0.291584    0.544329    1.454355 v _238_/Z (gf180mcu_fd_sc_mcu7t5v0__xor2_1)
               0.291584    0.000000    1.454355 v _239_/A2 (gf180mcu_fd_sc_mcu7t5v0__nand2_1)
   0.013585    0.347788    0.285484    1.739839 ^ _239_/ZN (gf180mcu_fd_sc_mcu7t5v0__nand2_1)
               0.347788    0.000000    1.739839 ^ _242_/A3 (gf180mcu_fd_sc_mcu7t5v0__nand3_1)
   0.004772    0.228581    0.163219    1.903058 v _242_/ZN (gf180mcu_fd_sc_mcu7t5v0__nand3_1)
               0.228581    0.000000    1.903058 v _243_/A2 (gf180mcu_fd_sc_mcu7t5v0__aoi21_1)
   0.016234    0.685548    0.438432    2.341491 ^ _243_/ZN (gf180mcu_fd_sc_mcu7t5v0__aoi21_1)
               0.685548    0.000000    2.341491 ^ _244_/A2 (gf180mcu_fd_sc_mcu7t5v0__nor2_1)
   0.004011    0.266901    0.171559    2.513050 v _244_/ZN (gf180mcu_fd_sc_mcu7t5v0__nor2_1)
               0.266901    0.000000    2.513050 v _246_/B (gf180mcu_fd_sc_mcu7t5v0__aoi21_1)
   0.013033    0.589321    0.425273    2.938323 ^ _246_/ZN (gf180mcu_fd_sc_mcu7t5v0__aoi21_1)
               0.589321    0.000000    2.938323 ^ _247_/A2 (gf180mcu_fd_sc_mcu7t5v0__or2_1)
   0.004783    0.149802    0.300889    3.239212 ^ _247_/Z (gf180mcu_fd_sc_mcu7t5v0__or2_1)
               0.149802    0.000000    3.239212 ^ _249_/B (gf180mcu_fd_sc_mcu7t5v0__oai21_1)
   0.010240    0.255405    0.217734    3.456946 v _249_/ZN (gf180mcu_fd_sc_mcu7t5v0__oai21_1)
               0.255405    0.000000    3.456946 v _251_/A2 (gf180mcu_fd_sc_mcu7t5v0__xor2_1)
   0.010240    0.275456    0.517969    3.974915 v _251_/Z (gf180mcu_fd_sc_mcu7t5v0__xor2_1)
               0.275456    0.000000    3.974915 v _252_/A2 (gf180mcu_fd_sc_mcu7t5v0__and2_1)
   0.013156    0.197542    0.375437    4.350352 v _252_/Z (gf180mcu_fd_sc_mcu7t5v0__and2_1)
               0.197542    0.000000    4.350352 v _255_/A3 (gf180mcu_fd_sc_mcu7t5v0__nor3_1)
   0.004823    0.428013    0.321182    4.671535 ^ _255_/ZN (gf180mcu_fd_sc_mcu7t5v0__nor3_1)
               0.428013    0.000000    4.671535 ^ _256_/A2 (gf180mcu_fd_sc_mcu7t5v0__oai21_1)
   0.010240    0.304000    0.230720    4.902255 v _256_/ZN (gf180mcu_fd_sc_mcu7t5v0__oai21_1)
               0.304000    0.000000    4.902255 v _258_/A2 (gf180mcu_fd_sc_mcu7t5v0__xor2_1)
   0.010240    0.275536    0.534014    5.436268 v _258_/Z (gf180mcu_fd_sc_mcu7t5v0__xor2_1)
               0.275536    0.000000    5.436268 v _259_/A2 (gf180mcu_fd_sc_mcu7t5v0__and2_1)
   0.013156    0.197543    0.375461    5.811730 v _259_/Z (gf180mcu_fd_sc_mcu7t5v0__and2_1)
               0.197543    0.000000    5.811730 v _262_/A3 (gf180mcu_fd_sc_mcu7t5v0__nor3_1)
   0.004823    0.428039    0.321182    6.132912 ^ _262_/ZN (gf180mcu_fd_sc_mcu7t5v0__nor3_1)
               0.428039    0.000000    6.132912 ^ _263_/A2 (gf180mcu_fd_sc_mcu7t5v0__oai21_1)
   0.010240    0.304007    0.230723    6.363635 v _263_/ZN (gf180mcu_fd_sc_mcu7t5v0__oai21_1)
               0.304007    0.000000    6.363635 v _265_/A2 (gf180mcu_fd_sc_mcu7t5v0__xor2_1)
   0.010240    0.275536    0.534016    6.897651 v _265_/Z (gf180mcu_fd_sc_mcu7t5v0__xor2_1)
               0.275536    0.000000    6.897651 v _266_/A2 (gf180mcu_fd_sc_mcu7t5v0__and2_1)
   0.013156    0.197543    0.375462    7.273113 v _266_/Z (gf180mcu_fd_sc_mcu7t5v0__and2_1)
               0.197543    0.000000    7.273113 v _269_/A3 (gf180mcu_fd_sc_mcu7t5v0__nor3_1)
   0.004823    0.428039    0.321182    7.594295 ^ _269_/ZN (gf180mcu_fd_sc_mcu7t5v0__nor3_1)
               0.428039    0.000000    7.594295 ^ _270_/A2 (gf180mcu_fd_sc_mcu7t5v0__oai21_1)
   0.010240    0.304007    0.230723    7.825018 v _270_/ZN (gf180mcu_fd_sc_mcu7t5v0__oai21_1)
               0.304007    0.000000    7.825018 v _272_/A2 (gf180mcu_fd_sc_mcu7t5v0__xor2_1)
   0.010240    0.275536    0.534016    8.359034 v _272_/Z (gf180mcu_fd_sc_mcu7t5v0__xor2_1)
               0.275536    0.000000    8.359034 v _273_/A2 (gf180mcu_fd_sc_mcu7t5v0__and2_1)
   0.013156    0.197543    0.375461    8.734495 v _273_/Z (gf180mcu_fd_sc_mcu7t5v0__and2_1)
               0.197543    0.000000    8.734495 v _276_/A3 (gf180mcu_fd_sc_mcu7t5v0__nor3_1)
   0.004823    0.428039    0.321182    9.055677 ^ _276_/ZN (gf180mcu_fd_sc_mcu7t5v0__nor3_1)
               0.428039    0.000000    9.055677 ^ _277_/A2 (gf180mcu_fd_sc_mcu7t5v0__oai21_1)
   0.010240    0.304007    0.230723    9.286401 v _277_/ZN (gf180mcu_fd_sc_mcu7t5v0__oai21_1)
               0.304007    0.000000    9.286401 v _279_/A2 (gf180mcu_fd_sc_mcu7t5v0__xor2_1)
   0.010240    0.275536    0.534016    9.820415 v _279_/Z (gf180mcu_fd_sc_mcu7t5v0__xor2_1)
               0.275536    0.000000    9.820415 v _280_/A2 (gf180mcu_fd_sc_mcu7t5v0__and2_1)
   0.013156    0.197543    0.375461   10.195877 v _280_/Z (gf180mcu_fd_sc_mcu7t5v0__and2_1)
               0.197543    0.000000   10.195877 v _283_/A3 (gf180mcu_fd_sc_mcu7t5v0__nor3_1)
   0.004823    0.428039    0.321182   10.517059 ^ _283_/ZN (gf180mcu_fd_sc_mcu7t5v0__nor3_1)
               0.428039    0.000000   10.517059 ^ _284_/A2 (gf180mcu_fd_sc_mcu7t5v0__oai21_1)
   0.010240    0.304007    0.230723   10.747783 v _284_/ZN (gf180mcu_fd_sc_mcu7t5v0__oai21_1)
               0.304007    0.000000   10.747783 v _286_/A2 (gf180mcu_fd_sc_mcu7t5v0__xor2_1)
   0.010240    0.275536    0.534016   11.281798 v _286_/Z (gf180mcu_fd_sc_mcu7t5v0__xor2_1)
               0.275536    0.000000   11.281798 v _287_/A2 (gf180mcu_fd_sc_mcu7t5v0__and2_1)
   0.013156    0.197543    0.375461   11.657260 v _287_/Z (gf180mcu_fd_sc_mcu7t5v0__and2_1)
               0.197543    0.000000   11.657260 v _129_/A3 (gf180mcu_fd_sc_mcu7t5v0__nor3_1)
   0.004823    0.428039    0.321182   11.978441 ^ _129_/ZN (gf180mcu_fd_sc_mcu7t5v0__nor3_1)
               0.428039    0.000000   11.978441 ^ _130_/A2 (gf180mcu_fd_sc_mcu7t5v0__oai21_1)
   0.010240    0.304007    0.230723   12.209165 v _130_/ZN (gf180mcu_fd_sc_mcu7t5v0__oai21_1)
               0.304007    0.000000   12.209165 v _132_/A2 (gf180mcu_fd_sc_mcu7t5v0__xor2_1)
   0.010240    0.275536    0.534016   12.743180 v _132_/Z (gf180mcu_fd_sc_mcu7t5v0__xor2_1)
               0.275536    0.000000   12.743180 v _133_/A2 (gf180mcu_fd_sc_mcu7t5v0__and2_1)
   0.013156    0.197543    0.375461   13.118642 v _133_/Z (gf180mcu_fd_sc_mcu7t5v0__and2_1)
               0.197543    0.000000   13.118642 v _136_/A3 (gf180mcu_fd_sc_mcu7t5v0__nor3_1)
   0.004823    0.428039    0.321182   13.439824 ^ _136_/ZN (gf180mcu_fd_sc_mcu7t5v0__nor3_1)
               0.428039    0.000000   13.439824 ^ _137_/A2 (gf180mcu_fd_sc_mcu7t5v0__oai21_1)
   0.010240    0.304007    0.230723   13.670547 v _137_/ZN (gf180mcu_fd_sc_mcu7t5v0__oai21_1)
               0.304007    0.000000   13.670547 v _139_/A2 (gf180mcu_fd_sc_mcu7t5v0__xor2_1)
   0.010240    0.275536    0.534016   14.204562 v _139_/Z (gf180mcu_fd_sc_mcu7t5v0__xor2_1)
               0.275536    0.000000   14.204562 v _140_/A2 (gf180mcu_fd_sc_mcu7t5v0__and2_1)
   0.013156    0.197543    0.375461   14.580024 v _140_/Z (gf180mcu_fd_sc_mcu7t5v0__and2_1)
               0.197543    0.000000   14.580024 v _143_/A3 (gf180mcu_fd_sc_mcu7t5v0__nor3_1)
   0.004823    0.428039    0.321182   14.901206 ^ _143_/ZN (gf180mcu_fd_sc_mcu7t5v0__nor3_1)
               0.428039    0.000000   14.901206 ^ _144_/A2 (gf180mcu_fd_sc_mcu7t5v0__oai21_1)
   0.010240    0.304007    0.230724   15.131930 v _144_/ZN (gf180mcu_fd_sc_mcu7t5v0__oai21_1)
               0.304007    0.000000   15.131930 v _146_/A2 (gf180mcu_fd_sc_mcu7t5v0__xor2_1)
   0.010240    0.275536    0.534016   15.665945 v _146_/Z (gf180mcu_fd_sc_mcu7t5v0__xor2_1)
               0.275536    0.000000   15.665945 v _147_/A2 (gf180mcu_fd_sc_mcu7t5v0__and2_1)
   0.013156    0.197543    0.375461   16.041407 v _147_/Z (gf180mcu_fd_sc_mcu7t5v0__and2_1)
               0.197543    0.000000   16.041407 v _150_/A3 (gf180mcu_fd_sc_mcu7t5v0__nor3_1)
   0.004823    0.428039    0.321181   16.362589 ^ _150_/ZN (gf180mcu_fd_sc_mcu7t5v0__nor3_1)
               0.428039    0.000000   16.362589 ^ _151_/A2 (gf180mcu_fd_sc_mcu7t5v0__oai21_1)
   0.010240    0.304007    0.230724   16.593311 v _151_/ZN (gf180mcu_fd_sc_mcu7t5v0__oai21_1)
               0.304007    0.000000   16.593311 v _153_/A2 (gf180mcu_fd_sc_mcu7t5v0__xor2_1)
   0.010240    0.275536    0.534016   17.127327 v _153_/Z (gf180mcu_fd_sc_mcu7t5v0__xor2_1)
               0.275536    0.000000   17.127327 v _154_/A2 (gf180mcu_fd_sc_mcu7t5v0__and2_1)
   0.013156    0.197543    0.375461   17.502789 v _154_/Z (gf180mcu_fd_sc_mcu7t5v0__and2_1)
               0.197543    0.000000   17.502789 v _157_/A3 (gf180mcu_fd_sc_mcu7t5v0__nor3_1)
   0.004823    0.428039    0.321183   17.823973 ^ _157_/ZN (gf180mcu_fd_sc_mcu7t5v0__nor3_1)
               0.428039    0.000000   17.823973 ^ _158_/A2 (gf180mcu_fd_sc_mcu7t5v0__oai21_1)
   0.010240    0.304007    0.230724   18.054695 v _158_/ZN (gf180mcu_fd_sc_mcu7t5v0__oai21_1)
               0.304007    0.000000   18.054695 v _160_/A2 (gf180mcu_fd_sc_mcu7t5v0__xor2_1)
   0.010240    0.275536    0.534016   18.588711 v _160_/Z (gf180mcu_fd_sc_mcu7t5v0__xor2_1)
               0.275536    0.000000   18.588711 v _161_/A2 (gf180mcu_fd_sc_mcu7t5v0__and2_1)
   0.013156    0.197543    0.375461   18.964172 v _161_/Z (gf180mcu_fd_sc_mcu7t5v0__and2_1)
               0.197543    0.000000   18.964172 v _162_/A2 (gf180mcu_fd_sc_mcu7t5v0__nor2_1)
   0.007465    0.344415    0.253319   19.217493 ^ _162_/ZN (gf180mcu_fd_sc_mcu7t5v0__nor2_1)
               0.344415    0.000000   19.217493 ^ _178_/A3 (gf180mcu_fd_sc_mcu7t5v0__xor3_1)
   0.010000    0.518892    0.492751   19.710243 ^ _178_/Z (gf180mcu_fd_sc_mcu7t5v0__xor3_1)
               0.518892    0.000000   19.710243 ^ sum[27] (out)
                                      19.710243   data arrival time

               0.000000  100.000000  100.000000   clock vclk (rise edge)
                           0.000000  100.000000   clock network delay (ideal)
                           0.000000  100.000000   clock reconvergence pessimism
                           0.000000  100.000000   output external delay
                                     100.000000   data required time
---------------------------------------------------------------------------------------
                                     100.000000   data required time
                                     -19.710243   data arrival time
---------------------------------------------------------------------------------------
                                      80.289757   slack (MET)


Startpoint: cin (input port clocked by vclk)
Endpoint: sum[26] (output port clocked by vclk)
Path Group: vclk
Path Type: max

        Cap        Slew       Delay        Time   Description
---------------------------------------------------------------------------------------
               0.000000    0.000000    0.000000   clock vclk (rise edge)
                           0.000000    0.000000   clock network delay (ideal)
                           0.000000    0.000000 v input external delay
   0.014031    0.050000    0.000000    0.000000 v cin (in)
               0.050000    0.000000    0.000000 v _232_/A2 (gf180mcu_fd_sc_mcu7t5v0__nor2_1)
   0.004823    0.261039    0.185892    0.185892 ^ _232_/ZN (gf180mcu_fd_sc_mcu7t5v0__nor2_1)
               0.261039    0.000000    0.185892 ^ _233_/A2 (gf180mcu_fd_sc_mcu7t5v0__oai21_1)
   0.016234    0.351415    0.260372    0.446264 v _233_/ZN (gf180mcu_fd_sc_mcu7t5v0__oai21_1)
               0.351415    0.000000    0.446264 v _235_/A2 (gf180mcu_fd_sc_mcu7t5v0__nor2_1)
   0.004823    0.284207    0.236574    0.682837 ^ _235_/ZN (gf180mcu_fd_sc_mcu7t5v0__nor2_1)
               0.284207    0.000000    0.682837 ^ _236_/A2 (gf180mcu_fd_sc_mcu7t5v0__oai21_1)
   0.011977    0.295981    0.227188    0.910026 v _236_/ZN (gf180mcu_fd_sc_mcu7t5v0__oai21_1)
               0.295981    0.000000    0.910026 v _238_/A2 (gf180mcu_fd_sc_mcu7t5v0__xor2_1)
   0.011977    0.291584    0.544329    1.454355 v _238_/Z (gf180mcu_fd_sc_mcu7t5v0__xor2_1)
               0.291584    0.000000    1.454355 v _239_/A2 (gf180mcu_fd_sc_mcu7t5v0__nand2_1)
   0.013585    0.347788    0.285484    1.739839 ^ _239_/ZN (gf180mcu_fd_sc_mcu7t5v0__nand2_1)
               0.347788    0.000000    1.739839 ^ _242_/A3 (gf180mcu_fd_sc_mcu7t5v0__nand3_1)
   0.004772    0.228581    0.163219    1.903058 v _242_/ZN (gf180mcu_fd_sc_mcu7t5v0__nand3_1)
               0.228581    0.000000    1.903058 v _243_/A2 (gf180mcu_fd_sc_mcu7t5v0__aoi21_1)
   0.016234    0.685548    0.438432    2.341491 ^ _243_/ZN (gf180mcu_fd_sc_mcu7t5v0__aoi21_1)
               0.685548    0.000000    2.341491 ^ _244_/A2 (gf180mcu_fd_sc_mcu7t5v0__nor2_1)
   0.004011    0.266901    0.171559    2.513050 v _244_/ZN (gf180mcu_fd_sc_mcu7t5v0__nor2_1)
               0.266901    0.000000    2.513050 v _246_/B (gf180mcu_fd_sc_mcu7t5v0__aoi21_1)
   0.013033    0.589321    0.425273    2.938323 ^ _246_/ZN (gf180mcu_fd_sc_mcu7t5v0__aoi21_1)
               0.589321    0.000000    2.938323 ^ _247_/A2 (gf180mcu_fd_sc_mcu7t5v0__or2_1)
   0.004783    0.149802    0.300889    3.239212 ^ _247_/Z (gf180mcu_fd_sc_mcu7t5v0__or2_1)
               0.149802    0.000000    3.239212 ^ _249_/B (gf180mcu_fd_sc_mcu7t5v0__oai21_1)
   0.010240    0.255405    0.217734    3.456946 v _249_/ZN (gf180mcu_fd_sc_mcu7t5v0__oai21_1)
               0.255405    0.000000    3.456946 v _251_/A2 (gf180mcu_fd_sc_mcu7t5v0__xor2_1)
   0.010240    0.275456    0.517969    3.974915 v _251_/Z (gf180mcu_fd_sc_mcu7t5v0__xor2_1)
               0.275456    0.000000    3.974915 v _252_/A2 (gf180mcu_fd_sc_mcu7t5v0__and2_1)
   0.013156    0.197542    0.375437    4.350352 v _252_/Z (gf180mcu_fd_sc_mcu7t5v0__and2_1)
               0.197542    0.000000    4.350352 v _255_/A3 (gf180mcu_fd_sc_mcu7t5v0__nor3_1)
   0.004823    0.428013    0.321182    4.671535 ^ _255_/ZN (gf180mcu_fd_sc_mcu7t5v0__nor3_1)
               0.428013    0.000000    4.671535 ^ _256_/A2 (gf180mcu_fd_sc_mcu7t5v0__oai21_1)
   0.010240    0.304000    0.230720    4.902255 v _256_/ZN (gf180mcu_fd_sc_mcu7t5v0__oai21_1)
               0.304000    0.000000    4.902255 v _258_/A2 (gf180mcu_fd_sc_mcu7t5v0__xor2_1)
   0.010240    0.275536    0.534014    5.436268 v _258_/Z (gf180mcu_fd_sc_mcu7t5v0__xor2_1)
               0.275536    0.000000    5.436268 v _259_/A2 (gf180mcu_fd_sc_mcu7t5v0__and2_1)
   0.013156    0.197543    0.375461    5.811730 v _259_/Z (gf180mcu_fd_sc_mcu7t5v0__and2_1)
               0.197543    0.000000    5.811730 v _262_/A3 (gf180mcu_fd_sc_mcu7t5v0__nor3_1)
   0.004823    0.428039    0.321182    6.132912 ^ _262_/ZN (gf180mcu_fd_sc_mcu7t5v0__nor3_1)
               0.428039    0.000000    6.132912 ^ _263_/A2 (gf180mcu_fd_sc_mcu7t5v0__oai21_1)
   0.010240    0.304007    0.230723    6.363635 v _263_/ZN (gf180mcu_fd_sc_mcu7t5v0__oai21_1)
               0.304007    0.000000    6.363635 v _265_/A2 (gf180mcu_fd_sc_mcu7t5v0__xor2_1)
   0.010240    0.275536    0.534016    6.897651 v _265_/Z (gf180mcu_fd_sc_mcu7t5v0__xor2_1)
               0.275536    0.000000    6.897651 v _266_/A2 (gf180mcu_fd_sc_mcu7t5v0__and2_1)
   0.013156    0.197543    0.375462    7.273113 v _266_/Z (gf180mcu_fd_sc_mcu7t5v0__and2_1)
               0.197543    0.000000    7.273113 v _269_/A3 (gf180mcu_fd_sc_mcu7t5v0__nor3_1)
   0.004823    0.428039    0.321182    7.594295 ^ _269_/ZN (gf180mcu_fd_sc_mcu7t5v0__nor3_1)
               0.428039    0.000000    7.594295 ^ _270_/A2 (gf180mcu_fd_sc_mcu7t5v0__oai21_1)
   0.010240    0.304007    0.230723    7.825018 v _270_/ZN (gf180mcu_fd_sc_mcu7t5v0__oai21_1)
               0.304007    0.000000    7.825018 v _272_/A2 (gf180mcu_fd_sc_mcu7t5v0__xor2_1)
   0.010240    0.275536    0.534016    8.359034 v _272_/Z (gf180mcu_fd_sc_mcu7t5v0__xor2_1)
               0.275536    0.000000    8.359034 v _273_/A2 (gf180mcu_fd_sc_mcu7t5v0__and2_1)
   0.013156    0.197543    0.375461    8.734495 v _273_/Z (gf180mcu_fd_sc_mcu7t5v0__and2_1)
               0.197543    0.000000    8.734495 v _276_/A3 (gf180mcu_fd_sc_mcu7t5v0__nor3_1)
   0.004823    0.428039    0.321182    9.055677 ^ _276_/ZN (gf180mcu_fd_sc_mcu7t5v0__nor3_1)
               0.428039    0.000000    9.055677 ^ _277_/A2 (gf180mcu_fd_sc_mcu7t5v0__oai21_1)
   0.010240    0.304007    0.230723    9.286401 v _277_/ZN (gf180mcu_fd_sc_mcu7t5v0__oai21_1)
               0.304007    0.000000    9.286401 v _279_/A2 (gf180mcu_fd_sc_mcu7t5v0__xor2_1)
   0.010240    0.275536    0.534016    9.820415 v _279_/Z (gf180mcu_fd_sc_mcu7t5v0__xor2_1)
               0.275536    0.000000    9.820415 v _280_/A2 (gf180mcu_fd_sc_mcu7t5v0__and2_1)
   0.013156    0.197543    0.375461   10.195877 v _280_/Z (gf180mcu_fd_sc_mcu7t5v0__and2_1)
               0.197543    0.000000   10.195877 v _283_/A3 (gf180mcu_fd_sc_mcu7t5v0__nor3_1)
   0.004823    0.428039    0.321182   10.517059 ^ _283_/ZN (gf180mcu_fd_sc_mcu7t5v0__nor3_1)
               0.428039    0.000000   10.517059 ^ _284_/A2 (gf180mcu_fd_sc_mcu7t5v0__oai21_1)
   0.010240    0.304007    0.230723   10.747783 v _284_/ZN (gf180mcu_fd_sc_mcu7t5v0__oai21_1)
               0.304007    0.000000   10.747783 v _286_/A2 (gf180mcu_fd_sc_mcu7t5v0__xor2_1)
   0.010240    0.275536    0.534016   11.281798 v _286_/Z (gf180mcu_fd_sc_mcu7t5v0__xor2_1)
               0.275536    0.000000   11.281798 v _287_/A2 (gf180mcu_fd_sc_mcu7t5v0__and2_1)
   0.013156    0.197543    0.375461   11.657260 v _287_/Z (gf180mcu_fd_sc_mcu7t5v0__and2_1)
               0.197543    0.000000   11.657260 v _129_/A3 (gf180mcu_fd_sc_mcu7t5v0__nor3_1)
   0.004823    0.428039    0.321182   11.978441 ^ _129_/ZN (gf180mcu_fd_sc_mcu7t5v0__nor3_1)
               0.428039    0.000000   11.978441 ^ _130_/A2 (gf180mcu_fd_sc_mcu7t5v0__oai21_1)
   0.010240    0.304007    0.230723   12.209165 v _130_/ZN (gf180mcu_fd_sc_mcu7t5v0__oai21_1)
               0.304007    0.000000   12.209165 v _132_/A2 (gf180mcu_fd_sc_mcu7t5v0__xor2_1)
   0.010240    0.275536    0.534016   12.743180 v _132_/Z (gf180mcu_fd_sc_mcu7t5v0__xor2_1)
               0.275536    0.000000   12.743180 v _133_/A2 (gf180mcu_fd_sc_mcu7t5v0__and2_1)
   0.013156    0.197543    0.375461   13.118642 v _133_/Z (gf180mcu_fd_sc_mcu7t5v0__and2_1)
               0.197543    0.000000   13.118642 v _136_/A3 (gf180mcu_fd_sc_mcu7t5v0__nor3_1)
   0.004823    0.428039    0.321182   13.439824 ^ _136_/ZN (gf180mcu_fd_sc_mcu7t5v0__nor3_1)
               0.428039    0.000000   13.439824 ^ _137_/A2 (gf180mcu_fd_sc_mcu7t5v0__oai21_1)
   0.010240    0.304007    0.230723   13.670547 v _137_/ZN (gf180mcu_fd_sc_mcu7t5v0__oai21_1)
               0.304007    0.000000   13.670547 v _139_/A2 (gf180mcu_fd_sc_mcu7t5v0__xor2_1)
   0.010240    0.275536    0.534016   14.204562 v _139_/Z (gf180mcu_fd_sc_mcu7t5v0__xor2_1)
               0.275536    0.000000   14.204562 v _140_/A2 (gf180mcu_fd_sc_mcu7t5v0__and2_1)
   0.013156    0.197543    0.375461   14.580024 v _140_/Z (gf180mcu_fd_sc_mcu7t5v0__and2_1)
               0.197543    0.000000   14.580024 v _143_/A3 (gf180mcu_fd_sc_mcu7t5v0__nor3_1)
   0.004823    0.428039    0.321182   14.901206 ^ _143_/ZN (gf180mcu_fd_sc_mcu7t5v0__nor3_1)
               0.428039    0.000000   14.901206 ^ _144_/A2 (gf180mcu_fd_sc_mcu7t5v0__oai21_1)
   0.010240    0.304007    0.230724   15.131930 v _144_/ZN (gf180mcu_fd_sc_mcu7t5v0__oai21_1)
               0.304007    0.000000   15.131930 v _146_/A2 (gf180mcu_fd_sc_mcu7t5v0__xor2_1)
   0.010240    0.275536    0.534016   15.665945 v _146_/Z (gf180mcu_fd_sc_mcu7t5v0__xor2_1)
               0.275536    0.000000   15.665945 v _147_/A2 (gf180mcu_fd_sc_mcu7t5v0__and2_1)
   0.013156    0.197543    0.375461   16.041407 v _147_/Z (gf180mcu_fd_sc_mcu7t5v0__and2_1)
               0.197543    0.000000   16.041407 v _150_/A3 (gf180mcu_fd_sc_mcu7t5v0__nor3_1)
   0.004823    0.428039    0.321181   16.362589 ^ _150_/ZN (gf180mcu_fd_sc_mcu7t5v0__nor3_1)
               0.428039    0.000000   16.362589 ^ _151_/A2 (gf180mcu_fd_sc_mcu7t5v0__oai21_1)
   0.010240    0.304007    0.230724   16.593311 v _151_/ZN (gf180mcu_fd_sc_mcu7t5v0__oai21_1)
               0.304007    0.000000   16.593311 v _153_/A2 (gf180mcu_fd_sc_mcu7t5v0__xor2_1)
   0.010240    0.275536    0.534016   17.127327 v _153_/Z (gf180mcu_fd_sc_mcu7t5v0__xor2_1)
               0.275536    0.000000   17.127327 v _154_/A2 (gf180mcu_fd_sc_mcu7t5v0__and2_1)
   0.013156    0.197543    0.375461   17.502789 v _154_/Z (gf180mcu_fd_sc_mcu7t5v0__and2_1)
               0.197543    0.000000   17.502789 v _157_/A3 (gf180mcu_fd_sc_mcu7t5v0__nor3_1)
   0.004823    0.428039    0.321183   17.823973 ^ _157_/ZN (gf180mcu_fd_sc_mcu7t5v0__nor3_1)
               0.428039    0.000000   17.823973 ^ _158_/A2 (gf180mcu_fd_sc_mcu7t5v0__oai21_1)
   0.010240    0.304007    0.230724   18.054695 v _158_/ZN (gf180mcu_fd_sc_mcu7t5v0__oai21_1)
               0.304007    0.000000   18.054695 v _160_/A2 (gf180mcu_fd_sc_mcu7t5v0__xor2_1)
   0.010240    0.275536    0.534016   18.588711 v _160_/Z (gf180mcu_fd_sc_mcu7t5v0__xor2_1)
               0.275536    0.000000   18.588711 v _197_/A2 (gf180mcu_fd_sc_mcu7t5v0__xor2_1)
   0.010000    0.273149    0.522649   19.111361 v _197_/Z (gf180mcu_fd_sc_mcu7t5v0__xor2_1)
               0.273149    0.000000   19.111361 v sum[26] (out)
                                      19.111361   data arrival time

               0.000000  100.000000  100.000000   clock vclk (rise edge)
                           0.000000  100.000000   clock network delay (ideal)
                           0.000000  100.000000   clock reconvergence pessimism
                           0.000000  100.000000   output external delay
                                     100.000000   data required time
---------------------------------------------------------------------------------------
                                     100.000000   data required time
                                     -19.111361   data arrival time
---------------------------------------------------------------------------------------
                                      80.888634   slack (MET)


Startpoint: cin (input port clocked by vclk)
Endpoint: sum[25] (output port clocked by vclk)
Path Group: vclk
Path Type: max

        Cap        Slew       Delay        Time   Description
---------------------------------------------------------------------------------------
               0.000000    0.000000    0.000000   clock vclk (rise edge)
                           0.000000    0.000000   clock network delay (ideal)
                           0.000000    0.000000 v input external delay
   0.014031    0.050000    0.000000    0.000000 v cin (in)
               0.050000    0.000000    0.000000 v _232_/A2 (gf180mcu_fd_sc_mcu7t5v0__nor2_1)
   0.004823    0.261039    0.185892    0.185892 ^ _232_/ZN (gf180mcu_fd_sc_mcu7t5v0__nor2_1)
               0.261039    0.000000    0.185892 ^ _233_/A2 (gf180mcu_fd_sc_mcu7t5v0__oai21_1)
   0.016234    0.351415    0.260372    0.446264 v _233_/ZN (gf180mcu_fd_sc_mcu7t5v0__oai21_1)
               0.351415    0.000000    0.446264 v _235_/A2 (gf180mcu_fd_sc_mcu7t5v0__nor2_1)
   0.004823    0.284207    0.236574    0.682837 ^ _235_/ZN (gf180mcu_fd_sc_mcu7t5v0__nor2_1)
               0.284207    0.000000    0.682837 ^ _236_/A2 (gf180mcu_fd_sc_mcu7t5v0__oai21_1)
   0.011977    0.295981    0.227188    0.910026 v _236_/ZN (gf180mcu_fd_sc_mcu7t5v0__oai21_1)
               0.295981    0.000000    0.910026 v _238_/A2 (gf180mcu_fd_sc_mcu7t5v0__xor2_1)
   0.011977    0.291584    0.544329    1.454355 v _238_/Z (gf180mcu_fd_sc_mcu7t5v0__xor2_1)
               0.291584    0.000000    1.454355 v _239_/A2 (gf180mcu_fd_sc_mcu7t5v0__nand2_1)
   0.013585    0.347788    0.285484    1.739839 ^ _239_/ZN (gf180mcu_fd_sc_mcu7t5v0__nand2_1)
               0.347788    0.000000    1.739839 ^ _242_/A3 (gf180mcu_fd_sc_mcu7t5v0__nand3_1)
   0.004772    0.228581    0.163219    1.903058 v _242_/ZN (gf180mcu_fd_sc_mcu7t5v0__nand3_1)
               0.228581    0.000000    1.903058 v _243_/A2 (gf180mcu_fd_sc_mcu7t5v0__aoi21_1)
   0.016234    0.685548    0.438432    2.341491 ^ _243_/ZN (gf180mcu_fd_sc_mcu7t5v0__aoi21_1)
               0.685548    0.000000    2.341491 ^ _244_/A2 (gf180mcu_fd_sc_mcu7t5v0__nor2_1)
   0.004011    0.266901    0.171559    2.513050 v _244_/ZN (gf180mcu_fd_sc_mcu7t5v0__nor2_1)
               0.266901    0.000000    2.513050 v _246_/B (gf180mcu_fd_sc_mcu7t5v0__aoi21_1)
   0.013033    0.589321    0.425273    2.938323 ^ _246_/ZN (gf180mcu_fd_sc_mcu7t5v0__aoi21_1)
               0.589321    0.000000    2.938323 ^ _247_/A2 (gf180mcu_fd_sc_mcu7t5v0__or2_1)
   0.004783    0.149802    0.300889    3.239212 ^ _247_/Z (gf180mcu_fd_sc_mcu7t5v0__or2_1)
               0.149802    0.000000    3.239212 ^ _249_/B (gf180mcu_fd_sc_mcu7t5v0__oai21_1)
   0.010240    0.255405    0.217734    3.456946 v _249_/ZN (gf180mcu_fd_sc_mcu7t5v0__oai21_1)
               0.255405    0.000000    3.456946 v _251_/A2 (gf180mcu_fd_sc_mcu7t5v0__xor2_1)
   0.010240    0.275456    0.517969    3.974915 v _251_/Z (gf180mcu_fd_sc_mcu7t5v0__xor2_1)
               0.275456    0.000000    3.974915 v _252_/A2 (gf180mcu_fd_sc_mcu7t5v0__and2_1)
   0.013156    0.197542    0.375437    4.350352 v _252_/Z (gf180mcu_fd_sc_mcu7t5v0__and2_1)
               0.197542    0.000000    4.350352 v _255_/A3 (gf180mcu_fd_sc_mcu7t5v0__nor3_1)
   0.004823    0.428013    0.321182    4.671535 ^ _255_/ZN (gf180mcu_fd_sc_mcu7t5v0__nor3_1)
               0.428013    0.000000    4.671535 ^ _256_/A2 (gf180mcu_fd_sc_mcu7t5v0__oai21_1)
   0.010240    0.304000    0.230720    4.902255 v _256_/ZN (gf180mcu_fd_sc_mcu7t5v0__oai21_1)
               0.304000    0.000000    4.902255 v _258_/A2 (gf180mcu_fd_sc_mcu7t5v0__xor2_1)
   0.010240    0.275536    0.534014    5.436268 v _258_/Z (gf180mcu_fd_sc_mcu7t5v0__xor2_1)
               0.275536    0.000000    5.436268 v _259_/A2 (gf180mcu_fd_sc_mcu7t5v0__and2_1)
   0.013156    0.197543    0.375461    5.811730 v _259_/Z (gf180mcu_fd_sc_mcu7t5v0__and2_1)
               0.197543    0.000000    5.811730 v _262_/A3 (gf180mcu_fd_sc_mcu7t5v0__nor3_1)
   0.004823    0.428039    0.321182    6.132912 ^ _262_/ZN (gf180mcu_fd_sc_mcu7t5v0__nor3_1)
               0.428039    0.000000    6.132912 ^ _263_/A2 (gf180mcu_fd_sc_mcu7t5v0__oai21_1)
   0.010240    0.304007    0.230723    6.363635 v _263_/ZN (gf180mcu_fd_sc_mcu7t5v0__oai21_1)
               0.304007    0.000000    6.363635 v _265_/A2 (gf180mcu_fd_sc_mcu7t5v0__xor2_1)
   0.010240    0.275536    0.534016    6.897651 v _265_/Z (gf180mcu_fd_sc_mcu7t5v0__xor2_1)
               0.275536    0.000000    6.897651 v _266_/A2 (gf180mcu_fd_sc_mcu7t5v0__and2_1)
   0.013156    0.197543    0.375462    7.273113 v _266_/Z (gf180mcu_fd_sc_mcu7t5v0__and2_1)
               0.197543    0.000000    7.273113 v _269_/A3 (gf180mcu_fd_sc_mcu7t5v0__nor3_1)
   0.004823    0.428039    0.321182    7.594295 ^ _269_/ZN (gf180mcu_fd_sc_mcu7t5v0__nor3_1)
               0.428039    0.000000    7.594295 ^ _270_/A2 (gf180mcu_fd_sc_mcu7t5v0__oai21_1)
   0.010240    0.304007    0.230723    7.825018 v _270_/ZN (gf180mcu_fd_sc_mcu7t5v0__oai21_1)
               0.304007    0.000000    7.825018 v _272_/A2 (gf180mcu_fd_sc_mcu7t5v0__xor2_1)
   0.010240    0.275536    0.534016    8.359034 v _272_/Z (gf180mcu_fd_sc_mcu7t5v0__xor2_1)
               0.275536    0.000000    8.359034 v _273_/A2 (gf180mcu_fd_sc_mcu7t5v0__and2_1)
   0.013156    0.197543    0.375461    8.734495 v _273_/Z (gf180mcu_fd_sc_mcu7t5v0__and2_1)
               0.197543    0.000000    8.734495 v _276_/A3 (gf180mcu_fd_sc_mcu7t5v0__nor3_1)
   0.004823    0.428039    0.321182    9.055677 ^ _276_/ZN (gf180mcu_fd_sc_mcu7t5v0__nor3_1)
               0.428039    0.000000    9.055677 ^ _277_/A2 (gf180mcu_fd_sc_mcu7t5v0__oai21_1)
   0.010240    0.304007    0.230723    9.286401 v _277_/ZN (gf180mcu_fd_sc_mcu7t5v0__oai21_1)
               0.304007    0.000000    9.286401 v _279_/A2 (gf180mcu_fd_sc_mcu7t5v0__xor2_1)
   0.010240    0.275536    0.534016    9.820415 v _279_/Z (gf180mcu_fd_sc_mcu7t5v0__xor2_1)
               0.275536    0.000000    9.820415 v _280_/A2 (gf180mcu_fd_sc_mcu7t5v0__and2_1)
   0.013156    0.197543    0.375461   10.195877 v _280_/Z (gf180mcu_fd_sc_mcu7t5v0__and2_1)
               0.197543    0.000000   10.195877 v _283_/A3 (gf180mcu_fd_sc_mcu7t5v0__nor3_1)
   0.004823    0.428039    0.321182   10.517059 ^ _283_/ZN (gf180mcu_fd_sc_mcu7t5v0__nor3_1)
               0.428039    0.000000   10.517059 ^ _284_/A2 (gf180mcu_fd_sc_mcu7t5v0__oai21_1)
   0.010240    0.304007    0.230723   10.747783 v _284_/ZN (gf180mcu_fd_sc_mcu7t5v0__oai21_1)
               0.304007    0.000000   10.747783 v _286_/A2 (gf180mcu_fd_sc_mcu7t5v0__xor2_1)
   0.010240    0.275536    0.534016   11.281798 v _286_/Z (gf180mcu_fd_sc_mcu7t5v0__xor2_1)
               0.275536    0.000000   11.281798 v _287_/A2 (gf180mcu_fd_sc_mcu7t5v0__and2_1)
   0.013156    0.197543    0.375461   11.657260 v _287_/Z (gf180mcu_fd_sc_mcu7t5v0__and2_1)
               0.197543    0.000000   11.657260 v _129_/A3 (gf180mcu_fd_sc_mcu7t5v0__nor3_1)
   0.004823    0.428039    0.321182   11.978441 ^ _129_/ZN (gf180mcu_fd_sc_mcu7t5v0__nor3_1)
               0.428039    0.000000   11.978441 ^ _130_/A2 (gf180mcu_fd_sc_mcu7t5v0__oai21_1)
   0.010240    0.304007    0.230723   12.209165 v _130_/ZN (gf180mcu_fd_sc_mcu7t5v0__oai21_1)
               0.304007    0.000000   12.209165 v _132_/A2 (gf180mcu_fd_sc_mcu7t5v0__xor2_1)
   0.010240    0.275536    0.534016   12.743180 v _132_/Z (gf180mcu_fd_sc_mcu7t5v0__xor2_1)
               0.275536    0.000000   12.743180 v _133_/A2 (gf180mcu_fd_sc_mcu7t5v0__and2_1)
   0.013156    0.197543    0.375461   13.118642 v _133_/Z (gf180mcu_fd_sc_mcu7t5v0__and2_1)
               0.197543    0.000000   13.118642 v _136_/A3 (gf180mcu_fd_sc_mcu7t5v0__nor3_1)
   0.004823    0.428039    0.321182   13.439824 ^ _136_/ZN (gf180mcu_fd_sc_mcu7t5v0__nor3_1)
               0.428039    0.000000   13.439824 ^ _137_/A2 (gf180mcu_fd_sc_mcu7t5v0__oai21_1)
   0.010240    0.304007    0.230723   13.670547 v _137_/ZN (gf180mcu_fd_sc_mcu7t5v0__oai21_1)
               0.304007    0.000000   13.670547 v _139_/A2 (gf180mcu_fd_sc_mcu7t5v0__xor2_1)
   0.010240    0.275536    0.534016   14.204562 v _139_/Z (gf180mcu_fd_sc_mcu7t5v0__xor2_1)
               0.275536    0.000000   14.204562 v _140_/A2 (gf180mcu_fd_sc_mcu7t5v0__and2_1)
   0.013156    0.197543    0.375461   14.580024 v _140_/Z (gf180mcu_fd_sc_mcu7t5v0__and2_1)
               0.197543    0.000000   14.580024 v _143_/A3 (gf180mcu_fd_sc_mcu7t5v0__nor3_1)
   0.004823    0.428039    0.321182   14.901206 ^ _143_/ZN (gf180mcu_fd_sc_mcu7t5v0__nor3_1)
               0.428039    0.000000   14.901206 ^ _144_/A2 (gf180mcu_fd_sc_mcu7t5v0__oai21_1)
   0.010240    0.304007    0.230724   15.131930 v _144_/ZN (gf180mcu_fd_sc_mcu7t5v0__oai21_1)
               0.304007    0.000000   15.131930 v _146_/A2 (gf180mcu_fd_sc_mcu7t5v0__xor2_1)
   0.010240    0.275536    0.534016   15.665945 v _146_/Z (gf180mcu_fd_sc_mcu7t5v0__xor2_1)
               0.275536    0.000000   15.665945 v _147_/A2 (gf180mcu_fd_sc_mcu7t5v0__and2_1)
   0.013156    0.197543    0.375461   16.041407 v _147_/Z (gf180mcu_fd_sc_mcu7t5v0__and2_1)
               0.197543    0.000000   16.041407 v _150_/A3 (gf180mcu_fd_sc_mcu7t5v0__nor3_1)
   0.004823    0.428039    0.321181   16.362589 ^ _150_/ZN (gf180mcu_fd_sc_mcu7t5v0__nor3_1)
               0.428039    0.000000   16.362589 ^ _151_/A2 (gf180mcu_fd_sc_mcu7t5v0__oai21_1)
   0.010240    0.304007    0.230724   16.593311 v _151_/ZN (gf180mcu_fd_sc_mcu7t5v0__oai21_1)
               0.304007    0.000000   16.593311 v _153_/A2 (gf180mcu_fd_sc_mcu7t5v0__xor2_1)
   0.010240    0.275536    0.534016   17.127327 v _153_/Z (gf180mcu_fd_sc_mcu7t5v0__xor2_1)
               0.275536    0.000000   17.127327 v _154_/A2 (gf180mcu_fd_sc_mcu7t5v0__and2_1)
   0.013156    0.197543    0.375461   17.502789 v _154_/Z (gf180mcu_fd_sc_mcu7t5v0__and2_1)
               0.197543    0.000000   17.502789 v _155_/A2 (gf180mcu_fd_sc_mcu7t5v0__nor2_1)
   0.007465    0.344415    0.253319   17.756107 ^ _155_/ZN (gf180mcu_fd_sc_mcu7t5v0__nor2_1)
               0.344415    0.000000   17.756107 ^ _189_/A3 (gf180mcu_fd_sc_mcu7t5v0__xor3_1)
   0.010000    0.519135    0.492751   18.248859 ^ _189_/Z (gf180mcu_fd_sc_mcu7t5v0__xor3_1)
               0.519135    0.000000   18.248859 ^ sum[25] (out)
                                      18.248859   data arrival time

               0.000000  100.000000  100.000000   clock vclk (rise edge)
                           0.000000  100.000000   clock network delay (ideal)
                           0.000000  100.000000   clock reconvergence pessimism
                           0.000000  100.000000   output external delay
                                     100.000000   data required time
---------------------------------------------------------------------------------------
                                     100.000000   data required time
                                     -18.248859   data arrival time
---------------------------------------------------------------------------------------
                                      81.751144   slack (MET)


Startpoint: cin (input port clocked by vclk)
Endpoint: sum[24] (output port clocked by vclk)
Path Group: vclk
Path Type: max

        Cap        Slew       Delay        Time   Description
---------------------------------------------------------------------------------------
               0.000000    0.000000    0.000000   clock vclk (rise edge)
                           0.000000    0.000000   clock network delay (ideal)
                           0.000000    0.000000 v input external delay
   0.014031    0.050000    0.000000    0.000000 v cin (in)
               0.050000    0.000000    0.000000 v _232_/A2 (gf180mcu_fd_sc_mcu7t5v0__nor2_1)
   0.004823    0.261039    0.185892    0.185892 ^ _232_/ZN (gf180mcu_fd_sc_mcu7t5v0__nor2_1)
               0.261039    0.000000    0.185892 ^ _233_/A2 (gf180mcu_fd_sc_mcu7t5v0__oai21_1)
   0.016234    0.351415    0.260372    0.446264 v _233_/ZN (gf180mcu_fd_sc_mcu7t5v0__oai21_1)
               0.351415    0.000000    0.446264 v _235_/A2 (gf180mcu_fd_sc_mcu7t5v0__nor2_1)
   0.004823    0.284207    0.236574    0.682837 ^ _235_/ZN (gf180mcu_fd_sc_mcu7t5v0__nor2_1)
               0.284207    0.000000    0.682837 ^ _236_/A2 (gf180mcu_fd_sc_mcu7t5v0__oai21_1)
   0.011977    0.295981    0.227188    0.910026 v _236_/ZN (gf180mcu_fd_sc_mcu7t5v0__oai21_1)
               0.295981    0.000000    0.910026 v _238_/A2 (gf180mcu_fd_sc_mcu7t5v0__xor2_1)
   0.011977    0.291584    0.544329    1.454355 v _238_/Z (gf180mcu_fd_sc_mcu7t5v0__xor2_1)
               0.291584    0.000000    1.454355 v _239_/A2 (gf180mcu_fd_sc_mcu7t5v0__nand2_1)
   0.013585    0.347788    0.285484    1.739839 ^ _239_/ZN (gf180mcu_fd_sc_mcu7t5v0__nand2_1)
               0.347788    0.000000    1.739839 ^ _242_/A3 (gf180mcu_fd_sc_mcu7t5v0__nand3_1)
   0.004772    0.228581    0.163219    1.903058 v _242_/ZN (gf180mcu_fd_sc_mcu7t5v0__nand3_1)
               0.228581    0.000000    1.903058 v _243_/A2 (gf180mcu_fd_sc_mcu7t5v0__aoi21_1)
   0.016234    0.685548    0.438432    2.341491 ^ _243_/ZN (gf180mcu_fd_sc_mcu7t5v0__aoi21_1)
               0.685548    0.000000    2.341491 ^ _244_/A2 (gf180mcu_fd_sc_mcu7t5v0__nor2_1)
   0.004011    0.266901    0.171559    2.513050 v _244_/ZN (gf180mcu_fd_sc_mcu7t5v0__nor2_1)
               0.266901    0.000000    2.513050 v _246_/B (gf180mcu_fd_sc_mcu7t5v0__aoi21_1)
   0.013033    0.589321    0.425273    2.938323 ^ _246_/ZN (gf180mcu_fd_sc_mcu7t5v0__aoi21_1)
               0.589321    0.000000    2.938323 ^ _247_/A2 (gf180mcu_fd_sc_mcu7t5v0__or2_1)
   0.004783    0.149802    0.300889    3.239212 ^ _247_/Z (gf180mcu_fd_sc_mcu7t5v0__or2_1)
               0.149802    0.000000    3.239212 ^ _249_/B (gf180mcu_fd_sc_mcu7t5v0__oai21_1)
   0.010240    0.255405    0.217734    3.456946 v _249_/ZN (gf180mcu_fd_sc_mcu7t5v0__oai21_1)
               0.255405    0.000000    3.456946 v _251_/A2 (gf180mcu_fd_sc_mcu7t5v0__xor2_1)
   0.010240    0.275456    0.517969    3.974915 v _251_/Z (gf180mcu_fd_sc_mcu7t5v0__xor2_1)
               0.275456    0.000000    3.974915 v _252_/A2 (gf180mcu_fd_sc_mcu7t5v0__and2_1)
   0.013156    0.197542    0.375437    4.350352 v _252_/Z (gf180mcu_fd_sc_mcu7t5v0__and2_1)
               0.197542    0.000000    4.350352 v _255_/A3 (gf180mcu_fd_sc_mcu7t5v0__nor3_1)
   0.004823    0.428013    0.321182    4.671535 ^ _255_/ZN (gf180mcu_fd_sc_mcu7t5v0__nor3_1)
               0.428013    0.000000    4.671535 ^ _256_/A2 (gf180mcu_fd_sc_mcu7t5v0__oai21_1)
   0.010240    0.304000    0.230720    4.902255 v _256_/ZN (gf180mcu_fd_sc_mcu7t5v0__oai21_1)
               0.304000    0.000000    4.902255 v _258_/A2 (gf180mcu_fd_sc_mcu7t5v0__xor2_1)
   0.010240    0.275536    0.534014    5.436268 v _258_/Z (gf180mcu_fd_sc_mcu7t5v0__xor2_1)
               0.275536    0.000000    5.436268 v _259_/A2 (gf180mcu_fd_sc_mcu7t5v0__and2_1)
   0.013156    0.197543    0.375461    5.811730 v _259_/Z (gf180mcu_fd_sc_mcu7t5v0__and2_1)
               0.197543    0.000000    5.811730 v _262_/A3 (gf180mcu_fd_sc_mcu7t5v0__nor3_1)
   0.004823    0.428039    0.321182    6.132912 ^ _262_/ZN (gf180mcu_fd_sc_mcu7t5v0__nor3_1)
               0.428039    0.000000    6.132912 ^ _263_/A2 (gf180mcu_fd_sc_mcu7t5v0__oai21_1)
   0.010240    0.304007    0.230723    6.363635 v _263_/ZN (gf180mcu_fd_sc_mcu7t5v0__oai21_1)
               0.304007    0.000000    6.363635 v _265_/A2 (gf180mcu_fd_sc_mcu7t5v0__xor2_1)
   0.010240    0.275536    0.534016    6.897651 v _265_/Z (gf180mcu_fd_sc_mcu7t5v0__xor2_1)
               0.275536    0.000000    6.897651 v _266_/A2 (gf180mcu_fd_sc_mcu7t5v0__and2_1)
   0.013156    0.197543    0.375462    7.273113 v _266_/Z (gf180mcu_fd_sc_mcu7t5v0__and2_1)
               0.197543    0.000000    7.273113 v _269_/A3 (gf180mcu_fd_sc_mcu7t5v0__nor3_1)
   0.004823    0.428039    0.321182    7.594295 ^ _269_/ZN (gf180mcu_fd_sc_mcu7t5v0__nor3_1)
               0.428039    0.000000    7.594295 ^ _270_/A2 (gf180mcu_fd_sc_mcu7t5v0__oai21_1)
   0.010240    0.304007    0.230723    7.825018 v _270_/ZN (gf180mcu_fd_sc_mcu7t5v0__oai21_1)
               0.304007    0.000000    7.825018 v _272_/A2 (gf180mcu_fd_sc_mcu7t5v0__xor2_1)
   0.010240    0.275536    0.534016    8.359034 v _272_/Z (gf180mcu_fd_sc_mcu7t5v0__xor2_1)
               0.275536    0.000000    8.359034 v _273_/A2 (gf180mcu_fd_sc_mcu7t5v0__and2_1)
   0.013156    0.197543    0.375461    8.734495 v _273_/Z (gf180mcu_fd_sc_mcu7t5v0__and2_1)
               0.197543    0.000000    8.734495 v _276_/A3 (gf180mcu_fd_sc_mcu7t5v0__nor3_1)
   0.004823    0.428039    0.321182    9.055677 ^ _276_/ZN (gf180mcu_fd_sc_mcu7t5v0__nor3_1)
               0.428039    0.000000    9.055677 ^ _277_/A2 (gf180mcu_fd_sc_mcu7t5v0__oai21_1)
   0.010240    0.304007    0.230723    9.286401 v _277_/ZN (gf180mcu_fd_sc_mcu7t5v0__oai21_1)
               0.304007    0.000000    9.286401 v _279_/A2 (gf180mcu_fd_sc_mcu7t5v0__xor2_1)
   0.010240    0.275536    0.534016    9.820415 v _279_/Z (gf180mcu_fd_sc_mcu7t5v0__xor2_1)
               0.275536    0.000000    9.820415 v _280_/A2 (gf180mcu_fd_sc_mcu7t5v0__and2_1)
   0.013156    0.197543    0.375461   10.195877 v _280_/Z (gf180mcu_fd_sc_mcu7t5v0__and2_1)
               0.197543    0.000000   10.195877 v _283_/A3 (gf180mcu_fd_sc_mcu7t5v0__nor3_1)
   0.004823    0.428039    0.321182   10.517059 ^ _283_/ZN (gf180mcu_fd_sc_mcu7t5v0__nor3_1)
               0.428039    0.000000   10.517059 ^ _284_/A2 (gf180mcu_fd_sc_mcu7t5v0__oai21_1)
   0.010240    0.304007    0.230723   10.747783 v _284_/ZN (gf180mcu_fd_sc_mcu7t5v0__oai21_1)
               0.304007    0.000000   10.747783 v _286_/A2 (gf180mcu_fd_sc_mcu7t5v0__xor2_1)
   0.010240    0.275536    0.534016   11.281798 v _286_/Z (gf180mcu_fd_sc_mcu7t5v0__xor2_1)
               0.275536    0.000000   11.281798 v _287_/A2 (gf180mcu_fd_sc_mcu7t5v0__and2_1)
   0.013156    0.197543    0.375461   11.657260 v _287_/Z (gf180mcu_fd_sc_mcu7t5v0__and2_1)
               0.197543    0.000000   11.657260 v _129_/A3 (gf180mcu_fd_sc_mcu7t5v0__nor3_1)
   0.004823    0.428039    0.321182   11.978441 ^ _129_/ZN (gf180mcu_fd_sc_mcu7t5v0__nor3_1)
               0.428039    0.000000   11.978441 ^ _130_/A2 (gf180mcu_fd_sc_mcu7t5v0__oai21_1)
   0.010240    0.304007    0.230723   12.209165 v _130_/ZN (gf180mcu_fd_sc_mcu7t5v0__oai21_1)
               0.304007    0.000000   12.209165 v _132_/A2 (gf180mcu_fd_sc_mcu7t5v0__xor2_1)
   0.010240    0.275536    0.534016   12.743180 v _132_/Z (gf180mcu_fd_sc_mcu7t5v0__xor2_1)
               0.275536    0.000000   12.743180 v _133_/A2 (gf180mcu_fd_sc_mcu7t5v0__and2_1)
   0.013156    0.197543    0.375461   13.118642 v _133_/Z (gf180mcu_fd_sc_mcu7t5v0__and2_1)
               0.197543    0.000000   13.118642 v _136_/A3 (gf180mcu_fd_sc_mcu7t5v0__nor3_1)
   0.004823    0.428039    0.321182   13.439824 ^ _136_/ZN (gf180mcu_fd_sc_mcu7t5v0__nor3_1)
               0.428039    0.000000   13.439824 ^ _137_/A2 (gf180mcu_fd_sc_mcu7t5v0__oai21_1)
   0.010240    0.304007    0.230723   13.670547 v _137_/ZN (gf180mcu_fd_sc_mcu7t5v0__oai21_1)
               0.304007    0.000000   13.670547 v _139_/A2 (gf180mcu_fd_sc_mcu7t5v0__xor2_1)
   0.010240    0.275536    0.534016   14.204562 v _139_/Z (gf180mcu_fd_sc_mcu7t5v0__xor2_1)
               0.275536    0.000000   14.204562 v _140_/A2 (gf180mcu_fd_sc_mcu7t5v0__and2_1)
   0.013156    0.197543    0.375461   14.580024 v _140_/Z (gf180mcu_fd_sc_mcu7t5v0__and2_1)
               0.197543    0.000000   14.580024 v _143_/A3 (gf180mcu_fd_sc_mcu7t5v0__nor3_1)
   0.004823    0.428039    0.321182   14.901206 ^ _143_/ZN (gf180mcu_fd_sc_mcu7t5v0__nor3_1)
               0.428039    0.000000   14.901206 ^ _144_/A2 (gf180mcu_fd_sc_mcu7t5v0__oai21_1)
   0.010240    0.304007    0.230724   15.131930 v _144_/ZN (gf180mcu_fd_sc_mcu7t5v0__oai21_1)
               0.304007    0.000000   15.131930 v _146_/A2 (gf180mcu_fd_sc_mcu7t5v0__xor2_1)
   0.010240    0.275536    0.534016   15.665945 v _146_/Z (gf180mcu_fd_sc_mcu7t5v0__xor2_1)
               0.275536    0.000000   15.665945 v _147_/A2 (gf180mcu_fd_sc_mcu7t5v0__and2_1)
   0.013156    0.197543    0.375461   16.041407 v _147_/Z (gf180mcu_fd_sc_mcu7t5v0__and2_1)
               0.197543    0.000000   16.041407 v _150_/A3 (gf180mcu_fd_sc_mcu7t5v0__nor3_1)
   0.004823    0.428039    0.321181   16.362589 ^ _150_/ZN (gf180mcu_fd_sc_mcu7t5v0__nor3_1)
               0.428039    0.000000   16.362589 ^ _151_/A2 (gf180mcu_fd_sc_mcu7t5v0__oai21_1)
   0.010240    0.304007    0.230724   16.593311 v _151_/ZN (gf180mcu_fd_sc_mcu7t5v0__oai21_1)
               0.304007    0.000000   16.593311 v _153_/A2 (gf180mcu_fd_sc_mcu7t5v0__xor2_1)
   0.010240    0.275536    0.534016   17.127327 v _153_/Z (gf180mcu_fd_sc_mcu7t5v0__xor2_1)
               0.275536    0.000000   17.127327 v _199_/A2 (gf180mcu_fd_sc_mcu7t5v0__xor2_1)
   0.010000    0.273149    0.522649   17.649977 v _199_/Z (gf180mcu_fd_sc_mcu7t5v0__xor2_1)
               0.273149    0.000000   17.649977 v sum[24] (out)
                                      17.649977   data arrival time

               0.000000  100.000000  100.000000   clock vclk (rise edge)
                           0.000000  100.000000   clock network delay (ideal)
                           0.000000  100.000000   clock reconvergence pessimism
                           0.000000  100.000000   output external delay
                                     100.000000   data required time
---------------------------------------------------------------------------------------
                                     100.000000   data required time
                                     -17.649977   data arrival time
---------------------------------------------------------------------------------------
                                      82.350021   slack (MET)


Startpoint: cin (input port clocked by vclk)
Endpoint: sum[23] (output port clocked by vclk)
Path Group: vclk
Path Type: max

        Cap        Slew       Delay        Time   Description
---------------------------------------------------------------------------------------
               0.000000    0.000000    0.000000   clock vclk (rise edge)
                           0.000000    0.000000   clock network delay (ideal)
                           0.000000    0.000000 v input external delay
   0.014031    0.050000    0.000000    0.000000 v cin (in)
               0.050000    0.000000    0.000000 v _232_/A2 (gf180mcu_fd_sc_mcu7t5v0__nor2_1)
   0.004823    0.261039    0.185892    0.185892 ^ _232_/ZN (gf180mcu_fd_sc_mcu7t5v0__nor2_1)
               0.261039    0.000000    0.185892 ^ _233_/A2 (gf180mcu_fd_sc_mcu7t5v0__oai21_1)
   0.016234    0.351415    0.260372    0.446264 v _233_/ZN (gf180mcu_fd_sc_mcu7t5v0__oai21_1)
               0.351415    0.000000    0.446264 v _235_/A2 (gf180mcu_fd_sc_mcu7t5v0__nor2_1)
   0.004823    0.284207    0.236574    0.682837 ^ _235_/ZN (gf180mcu_fd_sc_mcu7t5v0__nor2_1)
               0.284207    0.000000    0.682837 ^ _236_/A2 (gf180mcu_fd_sc_mcu7t5v0__oai21_1)
   0.011977    0.295981    0.227188    0.910026 v _236_/ZN (gf180mcu_fd_sc_mcu7t5v0__oai21_1)
               0.295981    0.000000    0.910026 v _238_/A2 (gf180mcu_fd_sc_mcu7t5v0__xor2_1)
   0.011977    0.291584    0.544329    1.454355 v _238_/Z (gf180mcu_fd_sc_mcu7t5v0__xor2_1)
               0.291584    0.000000    1.454355 v _239_/A2 (gf180mcu_fd_sc_mcu7t5v0__nand2_1)
   0.013585    0.347788    0.285484    1.739839 ^ _239_/ZN (gf180mcu_fd_sc_mcu7t5v0__nand2_1)
               0.347788    0.000000    1.739839 ^ _242_/A3 (gf180mcu_fd_sc_mcu7t5v0__nand3_1)
   0.004772    0.228581    0.163219    1.903058 v _242_/ZN (gf180mcu_fd_sc_mcu7t5v0__nand3_1)
               0.228581    0.000000    1.903058 v _243_/A2 (gf180mcu_fd_sc_mcu7t5v0__aoi21_1)
   0.016234    0.685548    0.438432    2.341491 ^ _243_/ZN (gf180mcu_fd_sc_mcu7t5v0__aoi21_1)
               0.685548    0.000000    2.341491 ^ _244_/A2 (gf180mcu_fd_sc_mcu7t5v0__nor2_1)
   0.004011    0.266901    0.171559    2.513050 v _244_/ZN (gf180mcu_fd_sc_mcu7t5v0__nor2_1)
               0.266901    0.000000    2.513050 v _246_/B (gf180mcu_fd_sc_mcu7t5v0__aoi21_1)
   0.013033    0.589321    0.425273    2.938323 ^ _246_/ZN (gf180mcu_fd_sc_mcu7t5v0__aoi21_1)
               0.589321    0.000000    2.938323 ^ _247_/A2 (gf180mcu_fd_sc_mcu7t5v0__or2_1)
   0.004783    0.149802    0.300889    3.239212 ^ _247_/Z (gf180mcu_fd_sc_mcu7t5v0__or2_1)
               0.149802    0.000000    3.239212 ^ _249_/B (gf180mcu_fd_sc_mcu7t5v0__oai21_1)
   0.010240    0.255405    0.217734    3.456946 v _249_/ZN (gf180mcu_fd_sc_mcu7t5v0__oai21_1)
               0.255405    0.000000    3.456946 v _251_/A2 (gf180mcu_fd_sc_mcu7t5v0__xor2_1)
   0.010240    0.275456    0.517969    3.974915 v _251_/Z (gf180mcu_fd_sc_mcu7t5v0__xor2_1)
               0.275456    0.000000    3.974915 v _252_/A2 (gf180mcu_fd_sc_mcu7t5v0__and2_1)
   0.013156    0.197542    0.375437    4.350352 v _252_/Z (gf180mcu_fd_sc_mcu7t5v0__and2_1)
               0.197542    0.000000    4.350352 v _255_/A3 (gf180mcu_fd_sc_mcu7t5v0__nor3_1)
   0.004823    0.428013    0.321182    4.671535 ^ _255_/ZN (gf180mcu_fd_sc_mcu7t5v0__nor3_1)
               0.428013    0.000000    4.671535 ^ _256_/A2 (gf180mcu_fd_sc_mcu7t5v0__oai21_1)
   0.010240    0.304000    0.230720    4.902255 v _256_/ZN (gf180mcu_fd_sc_mcu7t5v0__oai21_1)
               0.304000    0.000000    4.902255 v _258_/A2 (gf180mcu_fd_sc_mcu7t5v0__xor2_1)
   0.010240    0.275536    0.534014    5.436268 v _258_/Z (gf180mcu_fd_sc_mcu7t5v0__xor2_1)
               0.275536    0.000000    5.436268 v _259_/A2 (gf180mcu_fd_sc_mcu7t5v0__and2_1)
   0.013156    0.197543    0.375461    5.811730 v _259_/Z (gf180mcu_fd_sc_mcu7t5v0__and2_1)
               0.197543    0.000000    5.811730 v _262_/A3 (gf180mcu_fd_sc_mcu7t5v0__nor3_1)
   0.004823    0.428039    0.321182    6.132912 ^ _262_/ZN (gf180mcu_fd_sc_mcu7t5v0__nor3_1)
               0.428039    0.000000    6.132912 ^ _263_/A2 (gf180mcu_fd_sc_mcu7t5v0__oai21_1)
   0.010240    0.304007    0.230723    6.363635 v _263_/ZN (gf180mcu_fd_sc_mcu7t5v0__oai21_1)
               0.304007    0.000000    6.363635 v _265_/A2 (gf180mcu_fd_sc_mcu7t5v0__xor2_1)
   0.010240    0.275536    0.534016    6.897651 v _265_/Z (gf180mcu_fd_sc_mcu7t5v0__xor2_1)
               0.275536    0.000000    6.897651 v _266_/A2 (gf180mcu_fd_sc_mcu7t5v0__and2_1)
   0.013156    0.197543    0.375462    7.273113 v _266_/Z (gf180mcu_fd_sc_mcu7t5v0__and2_1)
               0.197543    0.000000    7.273113 v _269_/A3 (gf180mcu_fd_sc_mcu7t5v0__nor3_1)
   0.004823    0.428039    0.321182    7.594295 ^ _269_/ZN (gf180mcu_fd_sc_mcu7t5v0__nor3_1)
               0.428039    0.000000    7.594295 ^ _270_/A2 (gf180mcu_fd_sc_mcu7t5v0__oai21_1)
   0.010240    0.304007    0.230723    7.825018 v _270_/ZN (gf180mcu_fd_sc_mcu7t5v0__oai21_1)
               0.304007    0.000000    7.825018 v _272_/A2 (gf180mcu_fd_sc_mcu7t5v0__xor2_1)
   0.010240    0.275536    0.534016    8.359034 v _272_/Z (gf180mcu_fd_sc_mcu7t5v0__xor2_1)
               0.275536    0.000000    8.359034 v _273_/A2 (gf180mcu_fd_sc_mcu7t5v0__and2_1)
   0.013156    0.197543    0.375461    8.734495 v _273_/Z (gf180mcu_fd_sc_mcu7t5v0__and2_1)
               0.197543    0.000000    8.734495 v _276_/A3 (gf180mcu_fd_sc_mcu7t5v0__nor3_1)
   0.004823    0.428039    0.321182    9.055677 ^ _276_/ZN (gf180mcu_fd_sc_mcu7t5v0__nor3_1)
               0.428039    0.000000    9.055677 ^ _277_/A2 (gf180mcu_fd_sc_mcu7t5v0__oai21_1)
   0.010240    0.304007    0.230723    9.286401 v _277_/ZN (gf180mcu_fd_sc_mcu7t5v0__oai21_1)
               0.304007    0.000000    9.286401 v _279_/A2 (gf180mcu_fd_sc_mcu7t5v0__xor2_1)
   0.010240    0.275536    0.534016    9.820415 v _279_/Z (gf180mcu_fd_sc_mcu7t5v0__xor2_1)
               0.275536    0.000000    9.820415 v _280_/A2 (gf180mcu_fd_sc_mcu7t5v0__and2_1)
   0.013156    0.197543    0.375461   10.195877 v _280_/Z (gf180mcu_fd_sc_mcu7t5v0__and2_1)
               0.197543    0.000000   10.195877 v _283_/A3 (gf180mcu_fd_sc_mcu7t5v0__nor3_1)
   0.004823    0.428039    0.321182   10.517059 ^ _283_/ZN (gf180mcu_fd_sc_mcu7t5v0__nor3_1)
               0.428039    0.000000   10.517059 ^ _284_/A2 (gf180mcu_fd_sc_mcu7t5v0__oai21_1)
   0.010240    0.304007    0.230723   10.747783 v _284_/ZN (gf180mcu_fd_sc_mcu7t5v0__oai21_1)
               0.304007    0.000000   10.747783 v _286_/A2 (gf180mcu_fd_sc_mcu7t5v0__xor2_1)
   0.010240    0.275536    0.534016   11.281798 v _286_/Z (gf180mcu_fd_sc_mcu7t5v0__xor2_1)
               0.275536    0.000000   11.281798 v _287_/A2 (gf180mcu_fd_sc_mcu7t5v0__and2_1)
   0.013156    0.197543    0.375461   11.657260 v _287_/Z (gf180mcu_fd_sc_mcu7t5v0__and2_1)
               0.197543    0.000000   11.657260 v _129_/A3 (gf180mcu_fd_sc_mcu7t5v0__nor3_1)
   0.004823    0.428039    0.321182   11.978441 ^ _129_/ZN (gf180mcu_fd_sc_mcu7t5v0__nor3_1)
               0.428039    0.000000   11.978441 ^ _130_/A2 (gf180mcu_fd_sc_mcu7t5v0__oai21_1)
   0.010240    0.304007    0.230723   12.209165 v _130_/ZN (gf180mcu_fd_sc_mcu7t5v0__oai21_1)
               0.304007    0.000000   12.209165 v _132_/A2 (gf180mcu_fd_sc_mcu7t5v0__xor2_1)
   0.010240    0.275536    0.534016   12.743180 v _132_/Z (gf180mcu_fd_sc_mcu7t5v0__xor2_1)
               0.275536    0.000000   12.743180 v _133_/A2 (gf180mcu_fd_sc_mcu7t5v0__and2_1)
   0.013156    0.197543    0.375461   13.118642 v _133_/Z (gf180mcu_fd_sc_mcu7t5v0__and2_1)
               0.197543    0.000000   13.118642 v _136_/A3 (gf180mcu_fd_sc_mcu7t5v0__nor3_1)
   0.004823    0.428039    0.321182   13.439824 ^ _136_/ZN (gf180mcu_fd_sc_mcu7t5v0__nor3_1)
               0.428039    0.000000   13.439824 ^ _137_/A2 (gf180mcu_fd_sc_mcu7t5v0__oai21_1)
   0.010240    0.304007    0.230723   13.670547 v _137_/ZN (gf180mcu_fd_sc_mcu7t5v0__oai21_1)
               0.304007    0.000000   13.670547 v _139_/A2 (gf180mcu_fd_sc_mcu7t5v0__xor2_1)
   0.010240    0.275536    0.534016   14.204562 v _139_/Z (gf180mcu_fd_sc_mcu7t5v0__xor2_1)
               0.275536    0.000000   14.204562 v _140_/A2 (gf180mcu_fd_sc_mcu7t5v0__and2_1)
   0.013156    0.197543    0.375461   14.580024 v _140_/Z (gf180mcu_fd_sc_mcu7t5v0__and2_1)
               0.197543    0.000000   14.580024 v _143_/A3 (gf180mcu_fd_sc_mcu7t5v0__nor3_1)
   0.004823    0.428039    0.321182   14.901206 ^ _143_/ZN (gf180mcu_fd_sc_mcu7t5v0__nor3_1)
               0.428039    0.000000   14.901206 ^ _144_/A2 (gf180mcu_fd_sc_mcu7t5v0__oai21_1)
   0.010240    0.304007    0.230724   15.131930 v _144_/ZN (gf180mcu_fd_sc_mcu7t5v0__oai21_1)
               0.304007    0.000000   15.131930 v _146_/A2 (gf180mcu_fd_sc_mcu7t5v0__xor2_1)
   0.010240    0.275536    0.534016   15.665945 v _146_/Z (gf180mcu_fd_sc_mcu7t5v0__xor2_1)
               0.275536    0.000000   15.665945 v _147_/A2 (gf180mcu_fd_sc_mcu7t5v0__and2_1)
   0.013156    0.197543    0.375461   16.041407 v _147_/Z (gf180mcu_fd_sc_mcu7t5v0__and2_1)
               0.197543    0.000000   16.041407 v _148_/A2 (gf180mcu_fd_sc_mcu7t5v0__nor2_1)
   0.007465    0.344415    0.253319   16.294725 ^ _148_/ZN (gf180mcu_fd_sc_mcu7t5v0__nor2_1)
               0.344415    0.000000   16.294725 ^ _211_/A3 (gf180mcu_fd_sc_mcu7t5v0__xor3_1)
   0.010000    0.519135    0.492751   16.787477 ^ _211_/Z (gf180mcu_fd_sc_mcu7t5v0__xor3_1)
               0.519135    0.000000   16.787477 ^ sum[23] (out)
                                      16.787477   data arrival time

               0.000000  100.000000  100.000000   clock vclk (rise edge)
                           0.000000  100.000000   clock network delay (ideal)
                           0.000000  100.000000   clock reconvergence pessimism
                           0.000000  100.000000   output external delay
                                     100.000000   data required time
---------------------------------------------------------------------------------------
                                     100.000000   data required time
                                     -16.787477   data arrival time
---------------------------------------------------------------------------------------
                                      83.212524   slack (MET)


Startpoint: cin (input port clocked by vclk)
Endpoint: sum[22] (output port clocked by vclk)
Path Group: vclk
Path Type: max

        Cap        Slew       Delay        Time   Description
---------------------------------------------------------------------------------------
               0.000000    0.000000    0.000000   clock vclk (rise edge)
                           0.000000    0.000000   clock network delay (ideal)
                           0.000000    0.000000 v input external delay
   0.014031    0.050000    0.000000    0.000000 v cin (in)
               0.050000    0.000000    0.000000 v _232_/A2 (gf180mcu_fd_sc_mcu7t5v0__nor2_1)
   0.004823    0.261039    0.185892    0.185892 ^ _232_/ZN (gf180mcu_fd_sc_mcu7t5v0__nor2_1)
               0.261039    0.000000    0.185892 ^ _233_/A2 (gf180mcu_fd_sc_mcu7t5v0__oai21_1)
   0.016234    0.351415    0.260372    0.446264 v _233_/ZN (gf180mcu_fd_sc_mcu7t5v0__oai21_1)
               0.351415    0.000000    0.446264 v _235_/A2 (gf180mcu_fd_sc_mcu7t5v0__nor2_1)
   0.004823    0.284207    0.236574    0.682837 ^ _235_/ZN (gf180mcu_fd_sc_mcu7t5v0__nor2_1)
               0.284207    0.000000    0.682837 ^ _236_/A2 (gf180mcu_fd_sc_mcu7t5v0__oai21_1)
   0.011977    0.295981    0.227188    0.910026 v _236_/ZN (gf180mcu_fd_sc_mcu7t5v0__oai21_1)
               0.295981    0.000000    0.910026 v _238_/A2 (gf180mcu_fd_sc_mcu7t5v0__xor2_1)
   0.011977    0.291584    0.544329    1.454355 v _238_/Z (gf180mcu_fd_sc_mcu7t5v0__xor2_1)
               0.291584    0.000000    1.454355 v _239_/A2 (gf180mcu_fd_sc_mcu7t5v0__nand2_1)
   0.013585    0.347788    0.285484    1.739839 ^ _239_/ZN (gf180mcu_fd_sc_mcu7t5v0__nand2_1)
               0.347788    0.000000    1.739839 ^ _242_/A3 (gf180mcu_fd_sc_mcu7t5v0__nand3_1)
   0.004772    0.228581    0.163219    1.903058 v _242_/ZN (gf180mcu_fd_sc_mcu7t5v0__nand3_1)
               0.228581    0.000000    1.903058 v _243_/A2 (gf180mcu_fd_sc_mcu7t5v0__aoi21_1)
   0.016234    0.685548    0.438432    2.341491 ^ _243_/ZN (gf180mcu_fd_sc_mcu7t5v0__aoi21_1)
               0.685548    0.000000    2.341491 ^ _244_/A2 (gf180mcu_fd_sc_mcu7t5v0__nor2_1)
   0.004011    0.266901    0.171559    2.513050 v _244_/ZN (gf180mcu_fd_sc_mcu7t5v0__nor2_1)
               0.266901    0.000000    2.513050 v _246_/B (gf180mcu_fd_sc_mcu7t5v0__aoi21_1)
   0.013033    0.589321    0.425273    2.938323 ^ _246_/ZN (gf180mcu_fd_sc_mcu7t5v0__aoi21_1)
               0.589321    0.000000    2.938323 ^ _247_/A2 (gf180mcu_fd_sc_mcu7t5v0__or2_1)
   0.004783    0.149802    0.300889    3.239212 ^ _247_/Z (gf180mcu_fd_sc_mcu7t5v0__or2_1)
               0.149802    0.000000    3.239212 ^ _249_/B (gf180mcu_fd_sc_mcu7t5v0__oai21_1)
   0.010240    0.255405    0.217734    3.456946 v _249_/ZN (gf180mcu_fd_sc_mcu7t5v0__oai21_1)
               0.255405    0.000000    3.456946 v _251_/A2 (gf180mcu_fd_sc_mcu7t5v0__xor2_1)
   0.010240    0.275456    0.517969    3.974915 v _251_/Z (gf180mcu_fd_sc_mcu7t5v0__xor2_1)
               0.275456    0.000000    3.974915 v _252_/A2 (gf180mcu_fd_sc_mcu7t5v0__and2_1)
   0.013156    0.197542    0.375437    4.350352 v _252_/Z (gf180mcu_fd_sc_mcu7t5v0__and2_1)
               0.197542    0.000000    4.350352 v _255_/A3 (gf180mcu_fd_sc_mcu7t5v0__nor3_1)
   0.004823    0.428013    0.321182    4.671535 ^ _255_/ZN (gf180mcu_fd_sc_mcu7t5v0__nor3_1)
               0.428013    0.000000    4.671535 ^ _256_/A2 (gf180mcu_fd_sc_mcu7t5v0__oai21_1)
   0.010240    0.304000    0.230720    4.902255 v _256_/ZN (gf180mcu_fd_sc_mcu7t5v0__oai21_1)
               0.304000    0.000000    4.902255 v _258_/A2 (gf180mcu_fd_sc_mcu7t5v0__xor2_1)
   0.010240    0.275536    0.534014    5.436268 v _258_/Z (gf180mcu_fd_sc_mcu7t5v0__xor2_1)
               0.275536    0.000000    5.436268 v _259_/A2 (gf180mcu_fd_sc_mcu7t5v0__and2_1)
   0.013156    0.197543    0.375461    5.811730 v _259_/Z (gf180mcu_fd_sc_mcu7t5v0__and2_1)
               0.197543    0.000000    5.811730 v _262_/A3 (gf180mcu_fd_sc_mcu7t5v0__nor3_1)
   0.004823    0.428039    0.321182    6.132912 ^ _262_/ZN (gf180mcu_fd_sc_mcu7t5v0__nor3_1)
               0.428039    0.000000    6.132912 ^ _263_/A2 (gf180mcu_fd_sc_mcu7t5v0__oai21_1)
   0.010240    0.304007    0.230723    6.363635 v _263_/ZN (gf180mcu_fd_sc_mcu7t5v0__oai21_1)
               0.304007    0.000000    6.363635 v _265_/A2 (gf180mcu_fd_sc_mcu7t5v0__xor2_1)
   0.010240    0.275536    0.534016    6.897651 v _265_/Z (gf180mcu_fd_sc_mcu7t5v0__xor2_1)
               0.275536    0.000000    6.897651 v _266_/A2 (gf180mcu_fd_sc_mcu7t5v0__and2_1)
   0.013156    0.197543    0.375462    7.273113 v _266_/Z (gf180mcu_fd_sc_mcu7t5v0__and2_1)
               0.197543    0.000000    7.273113 v _269_/A3 (gf180mcu_fd_sc_mcu7t5v0__nor3_1)
   0.004823    0.428039    0.321182    7.594295 ^ _269_/ZN (gf180mcu_fd_sc_mcu7t5v0__nor3_1)
               0.428039    0.000000    7.594295 ^ _270_/A2 (gf180mcu_fd_sc_mcu7t5v0__oai21_1)
   0.010240    0.304007    0.230723    7.825018 v _270_/ZN (gf180mcu_fd_sc_mcu7t5v0__oai21_1)
               0.304007    0.000000    7.825018 v _272_/A2 (gf180mcu_fd_sc_mcu7t5v0__xor2_1)
   0.010240    0.275536    0.534016    8.359034 v _272_/Z (gf180mcu_fd_sc_mcu7t5v0__xor2_1)
               0.275536    0.000000    8.359034 v _273_/A2 (gf180mcu_fd_sc_mcu7t5v0__and2_1)
   0.013156    0.197543    0.375461    8.734495 v _273_/Z (gf180mcu_fd_sc_mcu7t5v0__and2_1)
               0.197543    0.000000    8.734495 v _276_/A3 (gf180mcu_fd_sc_mcu7t5v0__nor3_1)
   0.004823    0.428039    0.321182    9.055677 ^ _276_/ZN (gf180mcu_fd_sc_mcu7t5v0__nor3_1)
               0.428039    0.000000    9.055677 ^ _277_/A2 (gf180mcu_fd_sc_mcu7t5v0__oai21_1)
   0.010240    0.304007    0.230723    9.286401 v _277_/ZN (gf180mcu_fd_sc_mcu7t5v0__oai21_1)
               0.304007    0.000000    9.286401 v _279_/A2 (gf180mcu_fd_sc_mcu7t5v0__xor2_1)
   0.010240    0.275536    0.534016    9.820415 v _279_/Z (gf180mcu_fd_sc_mcu7t5v0__xor2_1)
               0.275536    0.000000    9.820415 v _280_/A2 (gf180mcu_fd_sc_mcu7t5v0__and2_1)
   0.013156    0.197543    0.375461   10.195877 v _280_/Z (gf180mcu_fd_sc_mcu7t5v0__and2_1)
               0.197543    0.000000   10.195877 v _283_/A3 (gf180mcu_fd_sc_mcu7t5v0__nor3_1)
   0.004823    0.428039    0.321182   10.517059 ^ _283_/ZN (gf180mcu_fd_sc_mcu7t5v0__nor3_1)
               0.428039    0.000000   10.517059 ^ _284_/A2 (gf180mcu_fd_sc_mcu7t5v0__oai21_1)
   0.010240    0.304007    0.230723   10.747783 v _284_/ZN (gf180mcu_fd_sc_mcu7t5v0__oai21_1)
               0.304007    0.000000   10.747783 v _286_/A2 (gf180mcu_fd_sc_mcu7t5v0__xor2_1)
   0.010240    0.275536    0.534016   11.281798 v _286_/Z (gf180mcu_fd_sc_mcu7t5v0__xor2_1)
               0.275536    0.000000   11.281798 v _287_/A2 (gf180mcu_fd_sc_mcu7t5v0__and2_1)
   0.013156    0.197543    0.375461   11.657260 v _287_/Z (gf180mcu_fd_sc_mcu7t5v0__and2_1)
               0.197543    0.000000   11.657260 v _129_/A3 (gf180mcu_fd_sc_mcu7t5v0__nor3_1)
   0.004823    0.428039    0.321182   11.978441 ^ _129_/ZN (gf180mcu_fd_sc_mcu7t5v0__nor3_1)
               0.428039    0.000000   11.978441 ^ _130_/A2 (gf180mcu_fd_sc_mcu7t5v0__oai21_1)
   0.010240    0.304007    0.230723   12.209165 v _130_/ZN (gf180mcu_fd_sc_mcu7t5v0__oai21_1)
               0.304007    0.000000   12.209165 v _132_/A2 (gf180mcu_fd_sc_mcu7t5v0__xor2_1)
   0.010240    0.275536    0.534016   12.743180 v _132_/Z (gf180mcu_fd_sc_mcu7t5v0__xor2_1)
               0.275536    0.000000   12.743180 v _133_/A2 (gf180mcu_fd_sc_mcu7t5v0__and2_1)
   0.013156    0.197543    0.375461   13.118642 v _133_/Z (gf180mcu_fd_sc_mcu7t5v0__and2_1)
               0.197543    0.000000   13.118642 v _136_/A3 (gf180mcu_fd_sc_mcu7t5v0__nor3_1)
   0.004823    0.428039    0.321182   13.439824 ^ _136_/ZN (gf180mcu_fd_sc_mcu7t5v0__nor3_1)
               0.428039    0.000000   13.439824 ^ _137_/A2 (gf180mcu_fd_sc_mcu7t5v0__oai21_1)
   0.010240    0.304007    0.230723   13.670547 v _137_/ZN (gf180mcu_fd_sc_mcu7t5v0__oai21_1)
               0.304007    0.000000   13.670547 v _139_/A2 (gf180mcu_fd_sc_mcu7t5v0__xor2_1)
   0.010240    0.275536    0.534016   14.204562 v _139_/Z (gf180mcu_fd_sc_mcu7t5v0__xor2_1)
               0.275536    0.000000   14.204562 v _140_/A2 (gf180mcu_fd_sc_mcu7t5v0__and2_1)
   0.013156    0.197543    0.375461   14.580024 v _140_/Z (gf180mcu_fd_sc_mcu7t5v0__and2_1)
               0.197543    0.000000   14.580024 v _143_/A3 (gf180mcu_fd_sc_mcu7t5v0__nor3_1)
   0.004823    0.428039    0.321182   14.901206 ^ _143_/ZN (gf180mcu_fd_sc_mcu7t5v0__nor3_1)
               0.428039    0.000000   14.901206 ^ _144_/A2 (gf180mcu_fd_sc_mcu7t5v0__oai21_1)
   0.010240    0.304007    0.230724   15.131930 v _144_/ZN (gf180mcu_fd_sc_mcu7t5v0__oai21_1)
               0.304007    0.000000   15.131930 v _146_/A2 (gf180mcu_fd_sc_mcu7t5v0__xor2_1)
   0.010240    0.275536    0.534016   15.665945 v _146_/Z (gf180mcu_fd_sc_mcu7t5v0__xor2_1)
               0.275536    0.000000   15.665945 v _200_/A2 (gf180mcu_fd_sc_mcu7t5v0__xor2_1)
   0.010000    0.273149    0.522649   16.188595 v _200_/Z (gf180mcu_fd_sc_mcu7t5v0__xor2_1)
               0.273149    0.000000   16.188595 v sum[22] (out)
                                      16.188595   data arrival time

               0.000000  100.000000  100.000000   clock vclk (rise edge)
                           0.000000  100.000000   clock network delay (ideal)
                           0.000000  100.000000   clock reconvergence pessimism
                           0.000000  100.000000   output external delay
                                     100.000000   data required time
---------------------------------------------------------------------------------------
                                     100.000000   data required time
                                     -16.188595   data arrival time
---------------------------------------------------------------------------------------
                                      83.811401   slack (MET)


Startpoint: cin (input port clocked by vclk)
Endpoint: sum[21] (output port clocked by vclk)
Path Group: vclk
Path Type: max

        Cap        Slew       Delay        Time   Description
---------------------------------------------------------------------------------------
               0.000000    0.000000    0.000000   clock vclk (rise edge)
                           0.000000    0.000000   clock network delay (ideal)
                           0.000000    0.000000 v input external delay
   0.014031    0.050000    0.000000    0.000000 v cin (in)
               0.050000    0.000000    0.000000 v _232_/A2 (gf180mcu_fd_sc_mcu7t5v0__nor2_1)
   0.004823    0.261039    0.185892    0.185892 ^ _232_/ZN (gf180mcu_fd_sc_mcu7t5v0__nor2_1)
               0.261039    0.000000    0.185892 ^ _233_/A2 (gf180mcu_fd_sc_mcu7t5v0__oai21_1)
   0.016234    0.351415    0.260372    0.446264 v _233_/ZN (gf180mcu_fd_sc_mcu7t5v0__oai21_1)
               0.351415    0.000000    0.446264 v _235_/A2 (gf180mcu_fd_sc_mcu7t5v0__nor2_1)
   0.004823    0.284207    0.236574    0.682837 ^ _235_/ZN (gf180mcu_fd_sc_mcu7t5v0__nor2_1)
               0.284207    0.000000    0.682837 ^ _236_/A2 (gf180mcu_fd_sc_mcu7t5v0__oai21_1)
   0.011977    0.295981    0.227188    0.910026 v _236_/ZN (gf180mcu_fd_sc_mcu7t5v0__oai21_1)
               0.295981    0.000000    0.910026 v _238_/A2 (gf180mcu_fd_sc_mcu7t5v0__xor2_1)
   0.011977    0.291584    0.544329    1.454355 v _238_/Z (gf180mcu_fd_sc_mcu7t5v0__xor2_1)
               0.291584    0.000000    1.454355 v _239_/A2 (gf180mcu_fd_sc_mcu7t5v0__nand2_1)
   0.013585    0.347788    0.285484    1.739839 ^ _239_/ZN (gf180mcu_fd_sc_mcu7t5v0__nand2_1)
               0.347788    0.000000    1.739839 ^ _242_/A3 (gf180mcu_fd_sc_mcu7t5v0__nand3_1)
   0.004772    0.228581    0.163219    1.903058 v _242_/ZN (gf180mcu_fd_sc_mcu7t5v0__nand3_1)
               0.228581    0.000000    1.903058 v _243_/A2 (gf180mcu_fd_sc_mcu7t5v0__aoi21_1)
   0.016234    0.685548    0.438432    2.341491 ^ _243_/ZN (gf180mcu_fd_sc_mcu7t5v0__aoi21_1)
               0.685548    0.000000    2.341491 ^ _244_/A2 (gf180mcu_fd_sc_mcu7t5v0__nor2_1)
   0.004011    0.266901    0.171559    2.513050 v _244_/ZN (gf180mcu_fd_sc_mcu7t5v0__nor2_1)
               0.266901    0.000000    2.513050 v _246_/B (gf180mcu_fd_sc_mcu7t5v0__aoi21_1)
   0.013033    0.589321    0.425273    2.938323 ^ _246_/ZN (gf180mcu_fd_sc_mcu7t5v0__aoi21_1)
               0.589321    0.000000    2.938323 ^ _247_/A2 (gf180mcu_fd_sc_mcu7t5v0__or2_1)
   0.004783    0.149802    0.300889    3.239212 ^ _247_/Z (gf180mcu_fd_sc_mcu7t5v0__or2_1)
               0.149802    0.000000    3.239212 ^ _249_/B (gf180mcu_fd_sc_mcu7t5v0__oai21_1)
   0.010240    0.255405    0.217734    3.456946 v _249_/ZN (gf180mcu_fd_sc_mcu7t5v0__oai21_1)
               0.255405    0.000000    3.456946 v _251_/A2 (gf180mcu_fd_sc_mcu7t5v0__xor2_1)
   0.010240    0.275456    0.517969    3.974915 v _251_/Z (gf180mcu_fd_sc_mcu7t5v0__xor2_1)
               0.275456    0.000000    3.974915 v _252_/A2 (gf180mcu_fd_sc_mcu7t5v0__and2_1)
   0.013156    0.197542    0.375437    4.350352 v _252_/Z (gf180mcu_fd_sc_mcu7t5v0__and2_1)
               0.197542    0.000000    4.350352 v _255_/A3 (gf180mcu_fd_sc_mcu7t5v0__nor3_1)
   0.004823    0.428013    0.321182    4.671535 ^ _255_/ZN (gf180mcu_fd_sc_mcu7t5v0__nor3_1)
               0.428013    0.000000    4.671535 ^ _256_/A2 (gf180mcu_fd_sc_mcu7t5v0__oai21_1)
   0.010240    0.304000    0.230720    4.902255 v _256_/ZN (gf180mcu_fd_sc_mcu7t5v0__oai21_1)
               0.304000    0.000000    4.902255 v _258_/A2 (gf180mcu_fd_sc_mcu7t5v0__xor2_1)
   0.010240    0.275536    0.534014    5.436268 v _258_/Z (gf180mcu_fd_sc_mcu7t5v0__xor2_1)
               0.275536    0.000000    5.436268 v _259_/A2 (gf180mcu_fd_sc_mcu7t5v0__and2_1)
   0.013156    0.197543    0.375461    5.811730 v _259_/Z (gf180mcu_fd_sc_mcu7t5v0__and2_1)
               0.197543    0.000000    5.811730 v _262_/A3 (gf180mcu_fd_sc_mcu7t5v0__nor3_1)
   0.004823    0.428039    0.321182    6.132912 ^ _262_/ZN (gf180mcu_fd_sc_mcu7t5v0__nor3_1)
               0.428039    0.000000    6.132912 ^ _263_/A2 (gf180mcu_fd_sc_mcu7t5v0__oai21_1)
   0.010240    0.304007    0.230723    6.363635 v _263_/ZN (gf180mcu_fd_sc_mcu7t5v0__oai21_1)
               0.304007    0.000000    6.363635 v _265_/A2 (gf180mcu_fd_sc_mcu7t5v0__xor2_1)
   0.010240    0.275536    0.534016    6.897651 v _265_/Z (gf180mcu_fd_sc_mcu7t5v0__xor2_1)
               0.275536    0.000000    6.897651 v _266_/A2 (gf180mcu_fd_sc_mcu7t5v0__and2_1)
   0.013156    0.197543    0.375462    7.273113 v _266_/Z (gf180mcu_fd_sc_mcu7t5v0__and2_1)
               0.197543    0.000000    7.273113 v _269_/A3 (gf180mcu_fd_sc_mcu7t5v0__nor3_1)
   0.004823    0.428039    0.321182    7.594295 ^ _269_/ZN (gf180mcu_fd_sc_mcu7t5v0__nor3_1)
               0.428039    0.000000    7.594295 ^ _270_/A2 (gf180mcu_fd_sc_mcu7t5v0__oai21_1)
   0.010240    0.304007    0.230723    7.825018 v _270_/ZN (gf180mcu_fd_sc_mcu7t5v0__oai21_1)
               0.304007    0.000000    7.825018 v _272_/A2 (gf180mcu_fd_sc_mcu7t5v0__xor2_1)
   0.010240    0.275536    0.534016    8.359034 v _272_/Z (gf180mcu_fd_sc_mcu7t5v0__xor2_1)
               0.275536    0.000000    8.359034 v _273_/A2 (gf180mcu_fd_sc_mcu7t5v0__and2_1)
   0.013156    0.197543    0.375461    8.734495 v _273_/Z (gf180mcu_fd_sc_mcu7t5v0__and2_1)
               0.197543    0.000000    8.734495 v _276_/A3 (gf180mcu_fd_sc_mcu7t5v0__nor3_1)
   0.004823    0.428039    0.321182    9.055677 ^ _276_/ZN (gf180mcu_fd_sc_mcu7t5v0__nor3_1)
               0.428039    0.000000    9.055677 ^ _277_/A2 (gf180mcu_fd_sc_mcu7t5v0__oai21_1)
   0.010240    0.304007    0.230723    9.286401 v _277_/ZN (gf180mcu_fd_sc_mcu7t5v0__oai21_1)
               0.304007    0.000000    9.286401 v _279_/A2 (gf180mcu_fd_sc_mcu7t5v0__xor2_1)
   0.010240    0.275536    0.534016    9.820415 v _279_/Z (gf180mcu_fd_sc_mcu7t5v0__xor2_1)
               0.275536    0.000000    9.820415 v _280_/A2 (gf180mcu_fd_sc_mcu7t5v0__and2_1)
   0.013156    0.197543    0.375461   10.195877 v _280_/Z (gf180mcu_fd_sc_mcu7t5v0__and2_1)
               0.197543    0.000000   10.195877 v _283_/A3 (gf180mcu_fd_sc_mcu7t5v0__nor3_1)
   0.004823    0.428039    0.321182   10.517059 ^ _283_/ZN (gf180mcu_fd_sc_mcu7t5v0__nor3_1)
               0.428039    0.000000   10.517059 ^ _284_/A2 (gf180mcu_fd_sc_mcu7t5v0__oai21_1)
   0.010240    0.304007    0.230723   10.747783 v _284_/ZN (gf180mcu_fd_sc_mcu7t5v0__oai21_1)
               0.304007    0.000000   10.747783 v _286_/A2 (gf180mcu_fd_sc_mcu7t5v0__xor2_1)
   0.010240    0.275536    0.534016   11.281798 v _286_/Z (gf180mcu_fd_sc_mcu7t5v0__xor2_1)
               0.275536    0.000000   11.281798 v _287_/A2 (gf180mcu_fd_sc_mcu7t5v0__and2_1)
   0.013156    0.197543    0.375461   11.657260 v _287_/Z (gf180mcu_fd_sc_mcu7t5v0__and2_1)
               0.197543    0.000000   11.657260 v _129_/A3 (gf180mcu_fd_sc_mcu7t5v0__nor3_1)
   0.004823    0.428039    0.321182   11.978441 ^ _129_/ZN (gf180mcu_fd_sc_mcu7t5v0__nor3_1)
               0.428039    0.000000   11.978441 ^ _130_/A2 (gf180mcu_fd_sc_mcu7t5v0__oai21_1)
   0.010240    0.304007    0.230723   12.209165 v _130_/ZN (gf180mcu_fd_sc_mcu7t5v0__oai21_1)
               0.304007    0.000000   12.209165 v _132_/A2 (gf180mcu_fd_sc_mcu7t5v0__xor2_1)
   0.010240    0.275536    0.534016   12.743180 v _132_/Z (gf180mcu_fd_sc_mcu7t5v0__xor2_1)
               0.275536    0.000000   12.743180 v _133_/A2 (gf180mcu_fd_sc_mcu7t5v0__and2_1)
   0.013156    0.197543    0.375461   13.118642 v _133_/Z (gf180mcu_fd_sc_mcu7t5v0__and2_1)
               0.197543    0.000000   13.118642 v _136_/A3 (gf180mcu_fd_sc_mcu7t5v0__nor3_1)
   0.004823    0.428039    0.321182   13.439824 ^ _136_/ZN (gf180mcu_fd_sc_mcu7t5v0__nor3_1)
               0.428039    0.000000   13.439824 ^ _137_/A2 (gf180mcu_fd_sc_mcu7t5v0__oai21_1)
   0.010240    0.304007    0.230723   13.670547 v _137_/ZN (gf180mcu_fd_sc_mcu7t5v0__oai21_1)
               0.304007    0.000000   13.670547 v _139_/A2 (gf180mcu_fd_sc_mcu7t5v0__xor2_1)
   0.010240    0.275536    0.534016   14.204562 v _139_/Z (gf180mcu_fd_sc_mcu7t5v0__xor2_1)
               0.275536    0.000000   14.204562 v _140_/A2 (gf180mcu_fd_sc_mcu7t5v0__and2_1)
   0.013156    0.197543    0.375461   14.580024 v _140_/Z (gf180mcu_fd_sc_mcu7t5v0__and2_1)
               0.197543    0.000000   14.580024 v _141_/A2 (gf180mcu_fd_sc_mcu7t5v0__nor2_1)
   0.007465    0.344415    0.253318   14.833343 ^ _141_/ZN (gf180mcu_fd_sc_mcu7t5v0__nor2_1)
               0.344415    0.000000   14.833343 ^ _193_/A3 (gf180mcu_fd_sc_mcu7t5v0__xor3_1)
   0.010000    0.518892    0.492751   15.326093 ^ _193_/Z (gf180mcu_fd_sc_mcu7t5v0__xor3_1)
               0.518892    0.000000   15.326093 ^ sum[21] (out)
                                      15.326093   data arrival time

               0.000000  100.000000  100.000000   clock vclk (rise edge)
                           0.000000  100.000000   clock network delay (ideal)
                           0.000000  100.000000   clock reconvergence pessimism
                           0.000000  100.000000   output external delay
                                     100.000000   data required time
---------------------------------------------------------------------------------------
                                     100.000000   data required time
                                     -15.326093   data arrival time
---------------------------------------------------------------------------------------
                                      84.673904   slack (MET)


Startpoint: cin (input port clocked by vclk)
Endpoint: sum[20] (output port clocked by vclk)
Path Group: vclk
Path Type: max

        Cap        Slew       Delay        Time   Description
---------------------------------------------------------------------------------------
               0.000000    0.000000    0.000000   clock vclk (rise edge)
                           0.000000    0.000000   clock network delay (ideal)
                           0.000000    0.000000 v input external delay
   0.014031    0.050000    0.000000    0.000000 v cin (in)
               0.050000    0.000000    0.000000 v _232_/A2 (gf180mcu_fd_sc_mcu7t5v0__nor2_1)
   0.004823    0.261039    0.185892    0.185892 ^ _232_/ZN (gf180mcu_fd_sc_mcu7t5v0__nor2_1)
               0.261039    0.000000    0.185892 ^ _233_/A2 (gf180mcu_fd_sc_mcu7t5v0__oai21_1)
   0.016234    0.351415    0.260372    0.446264 v _233_/ZN (gf180mcu_fd_sc_mcu7t5v0__oai21_1)
               0.351415    0.000000    0.446264 v _235_/A2 (gf180mcu_fd_sc_mcu7t5v0__nor2_1)
   0.004823    0.284207    0.236574    0.682837 ^ _235_/ZN (gf180mcu_fd_sc_mcu7t5v0__nor2_1)
               0.284207    0.000000    0.682837 ^ _236_/A2 (gf180mcu_fd_sc_mcu7t5v0__oai21_1)
   0.011977    0.295981    0.227188    0.910026 v _236_/ZN (gf180mcu_fd_sc_mcu7t5v0__oai21_1)
               0.295981    0.000000    0.910026 v _238_/A2 (gf180mcu_fd_sc_mcu7t5v0__xor2_1)
   0.011977    0.291584    0.544329    1.454355 v _238_/Z (gf180mcu_fd_sc_mcu7t5v0__xor2_1)
               0.291584    0.000000    1.454355 v _239_/A2 (gf180mcu_fd_sc_mcu7t5v0__nand2_1)
   0.013585    0.347788    0.285484    1.739839 ^ _239_/ZN (gf180mcu_fd_sc_mcu7t5v0__nand2_1)
               0.347788    0.000000    1.739839 ^ _242_/A3 (gf180mcu_fd_sc_mcu7t5v0__nand3_1)
   0.004772    0.228581    0.163219    1.903058 v _242_/ZN (gf180mcu_fd_sc_mcu7t5v0__nand3_1)
               0.228581    0.000000    1.903058 v _243_/A2 (gf180mcu_fd_sc_mcu7t5v0__aoi21_1)
   0.016234    0.685548    0.438432    2.341491 ^ _243_/ZN (gf180mcu_fd_sc_mcu7t5v0__aoi21_1)
               0.685548    0.000000    2.341491 ^ _244_/A2 (gf180mcu_fd_sc_mcu7t5v0__nor2_1)
   0.004011    0.266901    0.171559    2.513050 v _244_/ZN (gf180mcu_fd_sc_mcu7t5v0__nor2_1)
               0.266901    0.000000    2.513050 v _246_/B (gf180mcu_fd_sc_mcu7t5v0__aoi21_1)
   0.013033    0.589321    0.425273    2.938323 ^ _246_/ZN (gf180mcu_fd_sc_mcu7t5v0__aoi21_1)
               0.589321    0.000000    2.938323 ^ _247_/A2 (gf180mcu_fd_sc_mcu7t5v0__or2_1)
   0.004783    0.149802    0.300889    3.239212 ^ _247_/Z (gf180mcu_fd_sc_mcu7t5v0__or2_1)
               0.149802    0.000000    3.239212 ^ _249_/B (gf180mcu_fd_sc_mcu7t5v0__oai21_1)
   0.010240    0.255405    0.217734    3.456946 v _249_/ZN (gf180mcu_fd_sc_mcu7t5v0__oai21_1)
               0.255405    0.000000    3.456946 v _251_/A2 (gf180mcu_fd_sc_mcu7t5v0__xor2_1)
   0.010240    0.275456    0.517969    3.974915 v _251_/Z (gf180mcu_fd_sc_mcu7t5v0__xor2_1)
               0.275456    0.000000    3.974915 v _252_/A2 (gf180mcu_fd_sc_mcu7t5v0__and2_1)
   0.013156    0.197542    0.375437    4.350352 v _252_/Z (gf180mcu_fd_sc_mcu7t5v0__and2_1)
               0.197542    0.000000    4.350352 v _255_/A3 (gf180mcu_fd_sc_mcu7t5v0__nor3_1)
   0.004823    0.428013    0.321182    4.671535 ^ _255_/ZN (gf180mcu_fd_sc_mcu7t5v0__nor3_1)
               0.428013    0.000000    4.671535 ^ _256_/A2 (gf180mcu_fd_sc_mcu7t5v0__oai21_1)
   0.010240    0.304000    0.230720    4.902255 v _256_/ZN (gf180mcu_fd_sc_mcu7t5v0__oai21_1)
               0.304000    0.000000    4.902255 v _258_/A2 (gf180mcu_fd_sc_mcu7t5v0__xor2_1)
   0.010240    0.275536    0.534014    5.436268 v _258_/Z (gf180mcu_fd_sc_mcu7t5v0__xor2_1)
               0.275536    0.000000    5.436268 v _259_/A2 (gf180mcu_fd_sc_mcu7t5v0__and2_1)
   0.013156    0.197543    0.375461    5.811730 v _259_/Z (gf180mcu_fd_sc_mcu7t5v0__and2_1)
               0.197543    0.000000    5.811730 v _262_/A3 (gf180mcu_fd_sc_mcu7t5v0__nor3_1)
   0.004823    0.428039    0.321182    6.132912 ^ _262_/ZN (gf180mcu_fd_sc_mcu7t5v0__nor3_1)
               0.428039    0.000000    6.132912 ^ _263_/A2 (gf180mcu_fd_sc_mcu7t5v0__oai21_1)
   0.010240    0.304007    0.230723    6.363635 v _263_/ZN (gf180mcu_fd_sc_mcu7t5v0__oai21_1)
               0.304007    0.000000    6.363635 v _265_/A2 (gf180mcu_fd_sc_mcu7t5v0__xor2_1)
   0.010240    0.275536    0.534016    6.897651 v _265_/Z (gf180mcu_fd_sc_mcu7t5v0__xor2_1)
               0.275536    0.000000    6.897651 v _266_/A2 (gf180mcu_fd_sc_mcu7t5v0__and2_1)
   0.013156    0.197543    0.375462    7.273113 v _266_/Z (gf180mcu_fd_sc_mcu7t5v0__and2_1)
               0.197543    0.000000    7.273113 v _269_/A3 (gf180mcu_fd_sc_mcu7t5v0__nor3_1)
   0.004823    0.428039    0.321182    7.594295 ^ _269_/ZN (gf180mcu_fd_sc_mcu7t5v0__nor3_1)
               0.428039    0.000000    7.594295 ^ _270_/A2 (gf180mcu_fd_sc_mcu7t5v0__oai21_1)
   0.010240    0.304007    0.230723    7.825018 v _270_/ZN (gf180mcu_fd_sc_mcu7t5v0__oai21_1)
               0.304007    0.000000    7.825018 v _272_/A2 (gf180mcu_fd_sc_mcu7t5v0__xor2_1)
   0.010240    0.275536    0.534016    8.359034 v _272_/Z (gf180mcu_fd_sc_mcu7t5v0__xor2_1)
               0.275536    0.000000    8.359034 v _273_/A2 (gf180mcu_fd_sc_mcu7t5v0__and2_1)
   0.013156    0.197543    0.375461    8.734495 v _273_/Z (gf180mcu_fd_sc_mcu7t5v0__and2_1)
               0.197543    0.000000    8.734495 v _276_/A3 (gf180mcu_fd_sc_mcu7t5v0__nor3_1)
   0.004823    0.428039    0.321182    9.055677 ^ _276_/ZN (gf180mcu_fd_sc_mcu7t5v0__nor3_1)
               0.428039    0.000000    9.055677 ^ _277_/A2 (gf180mcu_fd_sc_mcu7t5v0__oai21_1)
   0.010240    0.304007    0.230723    9.286401 v _277_/ZN (gf180mcu_fd_sc_mcu7t5v0__oai21_1)
               0.304007    0.000000    9.286401 v _279_/A2 (gf180mcu_fd_sc_mcu7t5v0__xor2_1)
   0.010240    0.275536    0.534016    9.820415 v _279_/Z (gf180mcu_fd_sc_mcu7t5v0__xor2_1)
               0.275536    0.000000    9.820415 v _280_/A2 (gf180mcu_fd_sc_mcu7t5v0__and2_1)
   0.013156    0.197543    0.375461   10.195877 v _280_/Z (gf180mcu_fd_sc_mcu7t5v0__and2_1)
               0.197543    0.000000   10.195877 v _283_/A3 (gf180mcu_fd_sc_mcu7t5v0__nor3_1)
   0.004823    0.428039    0.321182   10.517059 ^ _283_/ZN (gf180mcu_fd_sc_mcu7t5v0__nor3_1)
               0.428039    0.000000   10.517059 ^ _284_/A2 (gf180mcu_fd_sc_mcu7t5v0__oai21_1)
   0.010240    0.304007    0.230723   10.747783 v _284_/ZN (gf180mcu_fd_sc_mcu7t5v0__oai21_1)
               0.304007    0.000000   10.747783 v _286_/A2 (gf180mcu_fd_sc_mcu7t5v0__xor2_1)
   0.010240    0.275536    0.534016   11.281798 v _286_/Z (gf180mcu_fd_sc_mcu7t5v0__xor2_1)
               0.275536    0.000000   11.281798 v _287_/A2 (gf180mcu_fd_sc_mcu7t5v0__and2_1)
   0.013156    0.197543    0.375461   11.657260 v _287_/Z (gf180mcu_fd_sc_mcu7t5v0__and2_1)
               0.197543    0.000000   11.657260 v _129_/A3 (gf180mcu_fd_sc_mcu7t5v0__nor3_1)
   0.004823    0.428039    0.321182   11.978441 ^ _129_/ZN (gf180mcu_fd_sc_mcu7t5v0__nor3_1)
               0.428039    0.000000   11.978441 ^ _130_/A2 (gf180mcu_fd_sc_mcu7t5v0__oai21_1)
   0.010240    0.304007    0.230723   12.209165 v _130_/ZN (gf180mcu_fd_sc_mcu7t5v0__oai21_1)
               0.304007    0.000000   12.209165 v _132_/A2 (gf180mcu_fd_sc_mcu7t5v0__xor2_1)
   0.010240    0.275536    0.534016   12.743180 v _132_/Z (gf180mcu_fd_sc_mcu7t5v0__xor2_1)
               0.275536    0.000000   12.743180 v _133_/A2 (gf180mcu_fd_sc_mcu7t5v0__and2_1)
   0.013156    0.197543    0.375461   13.118642 v _133_/Z (gf180mcu_fd_sc_mcu7t5v0__and2_1)
               0.197543    0.000000   13.118642 v _136_/A3 (gf180mcu_fd_sc_mcu7t5v0__nor3_1)
   0.004823    0.428039    0.321182   13.439824 ^ _136_/ZN (gf180mcu_fd_sc_mcu7t5v0__nor3_1)
               0.428039    0.000000   13.439824 ^ _137_/A2 (gf180mcu_fd_sc_mcu7t5v0__oai21_1)
   0.010240    0.304007    0.230723   13.670547 v _137_/ZN (gf180mcu_fd_sc_mcu7t5v0__oai21_1)
               0.304007    0.000000   13.670547 v _139_/A2 (gf180mcu_fd_sc_mcu7t5v0__xor2_1)
   0.010240    0.275536    0.534016   14.204562 v _139_/Z (gf180mcu_fd_sc_mcu7t5v0__xor2_1)
               0.275536    0.000000   14.204562 v _187_/A2 (gf180mcu_fd_sc_mcu7t5v0__xor2_1)
   0.010000    0.273149    0.522649   14.727212 v _187_/Z (gf180mcu_fd_sc_mcu7t5v0__xor2_1)
               0.273149    0.000000   14.727212 v sum[20] (out)
                                      14.727212   data arrival time

               0.000000  100.000000  100.000000   clock vclk (rise edge)
                           0.000000  100.000000   clock network delay (ideal)
                           0.000000  100.000000   clock reconvergence pessimism
                           0.000000  100.000000   output external delay
                                     100.000000   data required time
---------------------------------------------------------------------------------------
                                     100.000000   data required time
                                     -14.727212   data arrival time
---------------------------------------------------------------------------------------
                                      85.272781   slack (MET)


Startpoint: cin (input port clocked by vclk)
Endpoint: sum[19] (output port clocked by vclk)
Path Group: vclk
Path Type: max

        Cap        Slew       Delay        Time   Description
---------------------------------------------------------------------------------------
               0.000000    0.000000    0.000000   clock vclk (rise edge)
                           0.000000    0.000000   clock network delay (ideal)
                           0.000000    0.000000 v input external delay
   0.014031    0.050000    0.000000    0.000000 v cin (in)
               0.050000    0.000000    0.000000 v _232_/A2 (gf180mcu_fd_sc_mcu7t5v0__nor2_1)
   0.004823    0.261039    0.185892    0.185892 ^ _232_/ZN (gf180mcu_fd_sc_mcu7t5v0__nor2_1)
               0.261039    0.000000    0.185892 ^ _233_/A2 (gf180mcu_fd_sc_mcu7t5v0__oai21_1)
   0.016234    0.351415    0.260372    0.446264 v _233_/ZN (gf180mcu_fd_sc_mcu7t5v0__oai21_1)
               0.351415    0.000000    0.446264 v _235_/A2 (gf180mcu_fd_sc_mcu7t5v0__nor2_1)
   0.004823    0.284207    0.236574    0.682837 ^ _235_/ZN (gf180mcu_fd_sc_mcu7t5v0__nor2_1)
               0.284207    0.000000    0.682837 ^ _236_/A2 (gf180mcu_fd_sc_mcu7t5v0__oai21_1)
   0.011977    0.295981    0.227188    0.910026 v _236_/ZN (gf180mcu_fd_sc_mcu7t5v0__oai21_1)
               0.295981    0.000000    0.910026 v _238_/A2 (gf180mcu_fd_sc_mcu7t5v0__xor2_1)
   0.011977    0.291584    0.544329    1.454355 v _238_/Z (gf180mcu_fd_sc_mcu7t5v0__xor2_1)
               0.291584    0.000000    1.454355 v _239_/A2 (gf180mcu_fd_sc_mcu7t5v0__nand2_1)
   0.013585    0.347788    0.285484    1.739839 ^ _239_/ZN (gf180mcu_fd_sc_mcu7t5v0__nand2_1)
               0.347788    0.000000    1.739839 ^ _242_/A3 (gf180mcu_fd_sc_mcu7t5v0__nand3_1)
   0.004772    0.228581    0.163219    1.903058 v _242_/ZN (gf180mcu_fd_sc_mcu7t5v0__nand3_1)
               0.228581    0.000000    1.903058 v _243_/A2 (gf180mcu_fd_sc_mcu7t5v0__aoi21_1)
   0.016234    0.685548    0.438432    2.341491 ^ _243_/ZN (gf180mcu_fd_sc_mcu7t5v0__aoi21_1)
               0.685548    0.000000    2.341491 ^ _244_/A2 (gf180mcu_fd_sc_mcu7t5v0__nor2_1)
   0.004011    0.266901    0.171559    2.513050 v _244_/ZN (gf180mcu_fd_sc_mcu7t5v0__nor2_1)
               0.266901    0.000000    2.513050 v _246_/B (gf180mcu_fd_sc_mcu7t5v0__aoi21_1)
   0.013033    0.589321    0.425273    2.938323 ^ _246_/ZN (gf180mcu_fd_sc_mcu7t5v0__aoi21_1)
               0.589321    0.000000    2.938323 ^ _247_/A2 (gf180mcu_fd_sc_mcu7t5v0__or2_1)
   0.004783    0.149802    0.300889    3.239212 ^ _247_/Z (gf180mcu_fd_sc_mcu7t5v0__or2_1)
               0.149802    0.000000    3.239212 ^ _249_/B (gf180mcu_fd_sc_mcu7t5v0__oai21_1)
   0.010240    0.255405    0.217734    3.456946 v _249_/ZN (gf180mcu_fd_sc_mcu7t5v0__oai21_1)
               0.255405    0.000000    3.456946 v _251_/A2 (gf180mcu_fd_sc_mcu7t5v0__xor2_1)
   0.010240    0.275456    0.517969    3.974915 v _251_/Z (gf180mcu_fd_sc_mcu7t5v0__xor2_1)
               0.275456    0.000000    3.974915 v _252_/A2 (gf180mcu_fd_sc_mcu7t5v0__and2_1)
   0.013156    0.197542    0.375437    4.350352 v _252_/Z (gf180mcu_fd_sc_mcu7t5v0__and2_1)
               0.197542    0.000000    4.350352 v _255_/A3 (gf180mcu_fd_sc_mcu7t5v0__nor3_1)
   0.004823    0.428013    0.321182    4.671535 ^ _255_/ZN (gf180mcu_fd_sc_mcu7t5v0__nor3_1)
               0.428013    0.000000    4.671535 ^ _256_/A2 (gf180mcu_fd_sc_mcu7t5v0__oai21_1)
   0.010240    0.304000    0.230720    4.902255 v _256_/ZN (gf180mcu_fd_sc_mcu7t5v0__oai21_1)
               0.304000    0.000000    4.902255 v _258_/A2 (gf180mcu_fd_sc_mcu7t5v0__xor2_1)
   0.010240    0.275536    0.534014    5.436268 v _258_/Z (gf180mcu_fd_sc_mcu7t5v0__xor2_1)
               0.275536    0.000000    5.436268 v _259_/A2 (gf180mcu_fd_sc_mcu7t5v0__and2_1)
   0.013156    0.197543    0.375461    5.811730 v _259_/Z (gf180mcu_fd_sc_mcu7t5v0__and2_1)
               0.197543    0.000000    5.811730 v _262_/A3 (gf180mcu_fd_sc_mcu7t5v0__nor3_1)
   0.004823    0.428039    0.321182    6.132912 ^ _262_/ZN (gf180mcu_fd_sc_mcu7t5v0__nor3_1)
               0.428039    0.000000    6.132912 ^ _263_/A2 (gf180mcu_fd_sc_mcu7t5v0__oai21_1)
   0.010240    0.304007    0.230723    6.363635 v _263_/ZN (gf180mcu_fd_sc_mcu7t5v0__oai21_1)
               0.304007    0.000000    6.363635 v _265_/A2 (gf180mcu_fd_sc_mcu7t5v0__xor2_1)
   0.010240    0.275536    0.534016    6.897651 v _265_/Z (gf180mcu_fd_sc_mcu7t5v0__xor2_1)
               0.275536    0.000000    6.897651 v _266_/A2 (gf180mcu_fd_sc_mcu7t5v0__and2_1)
   0.013156    0.197543    0.375462    7.273113 v _266_/Z (gf180mcu_fd_sc_mcu7t5v0__and2_1)
               0.197543    0.000000    7.273113 v _269_/A3 (gf180mcu_fd_sc_mcu7t5v0__nor3_1)
   0.004823    0.428039    0.321182    7.594295 ^ _269_/ZN (gf180mcu_fd_sc_mcu7t5v0__nor3_1)
               0.428039    0.000000    7.594295 ^ _270_/A2 (gf180mcu_fd_sc_mcu7t5v0__oai21_1)
   0.010240    0.304007    0.230723    7.825018 v _270_/ZN (gf180mcu_fd_sc_mcu7t5v0__oai21_1)
               0.304007    0.000000    7.825018 v _272_/A2 (gf180mcu_fd_sc_mcu7t5v0__xor2_1)
   0.010240    0.275536    0.534016    8.359034 v _272_/Z (gf180mcu_fd_sc_mcu7t5v0__xor2_1)
               0.275536    0.000000    8.359034 v _273_/A2 (gf180mcu_fd_sc_mcu7t5v0__and2_1)
   0.013156    0.197543    0.375461    8.734495 v _273_/Z (gf180mcu_fd_sc_mcu7t5v0__and2_1)
               0.197543    0.000000    8.734495 v _276_/A3 (gf180mcu_fd_sc_mcu7t5v0__nor3_1)
   0.004823    0.428039    0.321182    9.055677 ^ _276_/ZN (gf180mcu_fd_sc_mcu7t5v0__nor3_1)
               0.428039    0.000000    9.055677 ^ _277_/A2 (gf180mcu_fd_sc_mcu7t5v0__oai21_1)
   0.010240    0.304007    0.230723    9.286401 v _277_/ZN (gf180mcu_fd_sc_mcu7t5v0__oai21_1)
               0.304007    0.000000    9.286401 v _279_/A2 (gf180mcu_fd_sc_mcu7t5v0__xor2_1)
   0.010240    0.275536    0.534016    9.820415 v _279_/Z (gf180mcu_fd_sc_mcu7t5v0__xor2_1)
               0.275536    0.000000    9.820415 v _280_/A2 (gf180mcu_fd_sc_mcu7t5v0__and2_1)
   0.013156    0.197543    0.375461   10.195877 v _280_/Z (gf180mcu_fd_sc_mcu7t5v0__and2_1)
               0.197543    0.000000   10.195877 v _283_/A3 (gf180mcu_fd_sc_mcu7t5v0__nor3_1)
   0.004823    0.428039    0.321182   10.517059 ^ _283_/ZN (gf180mcu_fd_sc_mcu7t5v0__nor3_1)
               0.428039    0.000000   10.517059 ^ _284_/A2 (gf180mcu_fd_sc_mcu7t5v0__oai21_1)
   0.010240    0.304007    0.230723   10.747783 v _284_/ZN (gf180mcu_fd_sc_mcu7t5v0__oai21_1)
               0.304007    0.000000   10.747783 v _286_/A2 (gf180mcu_fd_sc_mcu7t5v0__xor2_1)
   0.010240    0.275536    0.534016   11.281798 v _286_/Z (gf180mcu_fd_sc_mcu7t5v0__xor2_1)
               0.275536    0.000000   11.281798 v _287_/A2 (gf180mcu_fd_sc_mcu7t5v0__and2_1)
   0.013156    0.197543    0.375461   11.657260 v _287_/Z (gf180mcu_fd_sc_mcu7t5v0__and2_1)
               0.197543    0.000000   11.657260 v _129_/A3 (gf180mcu_fd_sc_mcu7t5v0__nor3_1)
   0.004823    0.428039    0.321182   11.978441 ^ _129_/ZN (gf180mcu_fd_sc_mcu7t5v0__nor3_1)
               0.428039    0.000000   11.978441 ^ _130_/A2 (gf180mcu_fd_sc_mcu7t5v0__oai21_1)
   0.010240    0.304007    0.230723   12.209165 v _130_/ZN (gf180mcu_fd_sc_mcu7t5v0__oai21_1)
               0.304007    0.000000   12.209165 v _132_/A2 (gf180mcu_fd_sc_mcu7t5v0__xor2_1)
   0.010240    0.275536    0.534016   12.743180 v _132_/Z (gf180mcu_fd_sc_mcu7t5v0__xor2_1)
               0.275536    0.000000   12.743180 v _133_/A2 (gf180mcu_fd_sc_mcu7t5v0__and2_1)
   0.013156    0.197543    0.375461   13.118642 v _133_/Z (gf180mcu_fd_sc_mcu7t5v0__and2_1)
               0.197543    0.000000   13.118642 v _134_/A2 (gf180mcu_fd_sc_mcu7t5v0__nor2_1)
   0.007465    0.344415    0.253318   13.371960 ^ _134_/ZN (gf180mcu_fd_sc_mcu7t5v0__nor2_1)
               0.344415    0.000000   13.371960 ^ _208_/A3 (gf180mcu_fd_sc_mcu7t5v0__xor3_1)
   0.010000    0.518892    0.492752   13.864712 ^ _208_/Z (gf180mcu_fd_sc_mcu7t5v0__xor3_1)
               0.518892    0.000000   13.864712 ^ sum[19] (out)
                                      13.864712   data arrival time

               0.000000  100.000000  100.000000   clock vclk (rise edge)
                           0.000000  100.000000   clock network delay (ideal)
                           0.000000  100.000000   clock reconvergence pessimism
                           0.000000  100.000000   output external delay
                                     100.000000   data required time
---------------------------------------------------------------------------------------
                                     100.000000   data required time
                                     -13.864712   data arrival time
---------------------------------------------------------------------------------------
                                      86.135284   slack (MET)


Startpoint: cin (input port clocked by vclk)
Endpoint: sum[18] (output port clocked by vclk)
Path Group: vclk
Path Type: max

        Cap        Slew       Delay        Time   Description
---------------------------------------------------------------------------------------
               0.000000    0.000000    0.000000   clock vclk (rise edge)
                           0.000000    0.000000   clock network delay (ideal)
                           0.000000    0.000000 v input external delay
   0.014031    0.050000    0.000000    0.000000 v cin (in)
               0.050000    0.000000    0.000000 v _232_/A2 (gf180mcu_fd_sc_mcu7t5v0__nor2_1)
   0.004823    0.261039    0.185892    0.185892 ^ _232_/ZN (gf180mcu_fd_sc_mcu7t5v0__nor2_1)
               0.261039    0.000000    0.185892 ^ _233_/A2 (gf180mcu_fd_sc_mcu7t5v0__oai21_1)
   0.016234    0.351415    0.260372    0.446264 v _233_/ZN (gf180mcu_fd_sc_mcu7t5v0__oai21_1)
               0.351415    0.000000    0.446264 v _235_/A2 (gf180mcu_fd_sc_mcu7t5v0__nor2_1)
   0.004823    0.284207    0.236574    0.682837 ^ _235_/ZN (gf180mcu_fd_sc_mcu7t5v0__nor2_1)
               0.284207    0.000000    0.682837 ^ _236_/A2 (gf180mcu_fd_sc_mcu7t5v0__oai21_1)
   0.011977    0.295981    0.227188    0.910026 v _236_/ZN (gf180mcu_fd_sc_mcu7t5v0__oai21_1)
               0.295981    0.000000    0.910026 v _238_/A2 (gf180mcu_fd_sc_mcu7t5v0__xor2_1)
   0.011977    0.291584    0.544329    1.454355 v _238_/Z (gf180mcu_fd_sc_mcu7t5v0__xor2_1)
               0.291584    0.000000    1.454355 v _239_/A2 (gf180mcu_fd_sc_mcu7t5v0__nand2_1)
   0.013585    0.347788    0.285484    1.739839 ^ _239_/ZN (gf180mcu_fd_sc_mcu7t5v0__nand2_1)
               0.347788    0.000000    1.739839 ^ _242_/A3 (gf180mcu_fd_sc_mcu7t5v0__nand3_1)
   0.004772    0.228581    0.163219    1.903058 v _242_/ZN (gf180mcu_fd_sc_mcu7t5v0__nand3_1)
               0.228581    0.000000    1.903058 v _243_/A2 (gf180mcu_fd_sc_mcu7t5v0__aoi21_1)
   0.016234    0.685548    0.438432    2.341491 ^ _243_/ZN (gf180mcu_fd_sc_mcu7t5v0__aoi21_1)
               0.685548    0.000000    2.341491 ^ _244_/A2 (gf180mcu_fd_sc_mcu7t5v0__nor2_1)
   0.004011    0.266901    0.171559    2.513050 v _244_/ZN (gf180mcu_fd_sc_mcu7t5v0__nor2_1)
               0.266901    0.000000    2.513050 v _246_/B (gf180mcu_fd_sc_mcu7t5v0__aoi21_1)
   0.013033    0.589321    0.425273    2.938323 ^ _246_/ZN (gf180mcu_fd_sc_mcu7t5v0__aoi21_1)
               0.589321    0.000000    2.938323 ^ _247_/A2 (gf180mcu_fd_sc_mcu7t5v0__or2_1)
   0.004783    0.149802    0.300889    3.239212 ^ _247_/Z (gf180mcu_fd_sc_mcu7t5v0__or2_1)
               0.149802    0.000000    3.239212 ^ _249_/B (gf180mcu_fd_sc_mcu7t5v0__oai21_1)
   0.010240    0.255405    0.217734    3.456946 v _249_/ZN (gf180mcu_fd_sc_mcu7t5v0__oai21_1)
               0.255405    0.000000    3.456946 v _251_/A2 (gf180mcu_fd_sc_mcu7t5v0__xor2_1)
   0.010240    0.275456    0.517969    3.974915 v _251_/Z (gf180mcu_fd_sc_mcu7t5v0__xor2_1)
               0.275456    0.000000    3.974915 v _252_/A2 (gf180mcu_fd_sc_mcu7t5v0__and2_1)
   0.013156    0.197542    0.375437    4.350352 v _252_/Z (gf180mcu_fd_sc_mcu7t5v0__and2_1)
               0.197542    0.000000    4.350352 v _255_/A3 (gf180mcu_fd_sc_mcu7t5v0__nor3_1)
   0.004823    0.428013    0.321182    4.671535 ^ _255_/ZN (gf180mcu_fd_sc_mcu7t5v0__nor3_1)
               0.428013    0.000000    4.671535 ^ _256_/A2 (gf180mcu_fd_sc_mcu7t5v0__oai21_1)
   0.010240    0.304000    0.230720    4.902255 v _256_/ZN (gf180mcu_fd_sc_mcu7t5v0__oai21_1)
               0.304000    0.000000    4.902255 v _258_/A2 (gf180mcu_fd_sc_mcu7t5v0__xor2_1)
   0.010240    0.275536    0.534014    5.436268 v _258_/Z (gf180mcu_fd_sc_mcu7t5v0__xor2_1)
               0.275536    0.000000    5.436268 v _259_/A2 (gf180mcu_fd_sc_mcu7t5v0__and2_1)
   0.013156    0.197543    0.375461    5.811730 v _259_/Z (gf180mcu_fd_sc_mcu7t5v0__and2_1)
               0.197543    0.000000    5.811730 v _262_/A3 (gf180mcu_fd_sc_mcu7t5v0__nor3_1)
   0.004823    0.428039    0.321182    6.132912 ^ _262_/ZN (gf180mcu_fd_sc_mcu7t5v0__nor3_1)
               0.428039    0.000000    6.132912 ^ _263_/A2 (gf180mcu_fd_sc_mcu7t5v0__oai21_1)
   0.010240    0.304007    0.230723    6.363635 v _263_/ZN (gf180mcu_fd_sc_mcu7t5v0__oai21_1)
               0.304007    0.000000    6.363635 v _265_/A2 (gf180mcu_fd_sc_mcu7t5v0__xor2_1)
   0.010240    0.275536    0.534016    6.897651 v _265_/Z (gf180mcu_fd_sc_mcu7t5v0__xor2_1)
               0.275536    0.000000    6.897651 v _266_/A2 (gf180mcu_fd_sc_mcu7t5v0__and2_1)
   0.013156    0.197543    0.375462    7.273113 v _266_/Z (gf180mcu_fd_sc_mcu7t5v0__and2_1)
               0.197543    0.000000    7.273113 v _269_/A3 (gf180mcu_fd_sc_mcu7t5v0__nor3_1)
   0.004823    0.428039    0.321182    7.594295 ^ _269_/ZN (gf180mcu_fd_sc_mcu7t5v0__nor3_1)
               0.428039    0.000000    7.594295 ^ _270_/A2 (gf180mcu_fd_sc_mcu7t5v0__oai21_1)
   0.010240    0.304007    0.230723    7.825018 v _270_/ZN (gf180mcu_fd_sc_mcu7t5v0__oai21_1)
               0.304007    0.000000    7.825018 v _272_/A2 (gf180mcu_fd_sc_mcu7t5v0__xor2_1)
   0.010240    0.275536    0.534016    8.359034 v _272_/Z (gf180mcu_fd_sc_mcu7t5v0__xor2_1)
               0.275536    0.000000    8.359034 v _273_/A2 (gf180mcu_fd_sc_mcu7t5v0__and2_1)
   0.013156    0.197543    0.375461    8.734495 v _273_/Z (gf180mcu_fd_sc_mcu7t5v0__and2_1)
               0.197543    0.000000    8.734495 v _276_/A3 (gf180mcu_fd_sc_mcu7t5v0__nor3_1)
   0.004823    0.428039    0.321182    9.055677 ^ _276_/ZN (gf180mcu_fd_sc_mcu7t5v0__nor3_1)
               0.428039    0.000000    9.055677 ^ _277_/A2 (gf180mcu_fd_sc_mcu7t5v0__oai21_1)
   0.010240    0.304007    0.230723    9.286401 v _277_/ZN (gf180mcu_fd_sc_mcu7t5v0__oai21_1)
               0.304007    0.000000    9.286401 v _279_/A2 (gf180mcu_fd_sc_mcu7t5v0__xor2_1)
   0.010240    0.275536    0.534016    9.820415 v _279_/Z (gf180mcu_fd_sc_mcu7t5v0__xor2_1)
               0.275536    0.000000    9.820415 v _280_/A2 (gf180mcu_fd_sc_mcu7t5v0__and2_1)
   0.013156    0.197543    0.375461   10.195877 v _280_/Z (gf180mcu_fd_sc_mcu7t5v0__and2_1)
               0.197543    0.000000   10.195877 v _283_/A3 (gf180mcu_fd_sc_mcu7t5v0__nor3_1)
   0.004823    0.428039    0.321182   10.517059 ^ _283_/ZN (gf180mcu_fd_sc_mcu7t5v0__nor3_1)
               0.428039    0.000000   10.517059 ^ _284_/A2 (gf180mcu_fd_sc_mcu7t5v0__oai21_1)
   0.010240    0.304007    0.230723   10.747783 v _284_/ZN (gf180mcu_fd_sc_mcu7t5v0__oai21_1)
               0.304007    0.000000   10.747783 v _286_/A2 (gf180mcu_fd_sc_mcu7t5v0__xor2_1)
   0.010240    0.275536    0.534016   11.281798 v _286_/Z (gf180mcu_fd_sc_mcu7t5v0__xor2_1)
               0.275536    0.000000   11.281798 v _287_/A2 (gf180mcu_fd_sc_mcu7t5v0__and2_1)
   0.013156    0.197543    0.375461   11.657260 v _287_/Z (gf180mcu_fd_sc_mcu7t5v0__and2_1)
               0.197543    0.000000   11.657260 v _129_/A3 (gf180mcu_fd_sc_mcu7t5v0__nor3_1)
   0.004823    0.428039    0.321182   11.978441 ^ _129_/ZN (gf180mcu_fd_sc_mcu7t5v0__nor3_1)
               0.428039    0.000000   11.978441 ^ _130_/A2 (gf180mcu_fd_sc_mcu7t5v0__oai21_1)
   0.010240    0.304007    0.230723   12.209165 v _130_/ZN (gf180mcu_fd_sc_mcu7t5v0__oai21_1)
               0.304007    0.000000   12.209165 v _132_/A2 (gf180mcu_fd_sc_mcu7t5v0__xor2_1)
   0.010240    0.275536    0.534016   12.743180 v _132_/Z (gf180mcu_fd_sc_mcu7t5v0__xor2_1)
               0.275536    0.000000   12.743180 v _195_/A2 (gf180mcu_fd_sc_mcu7t5v0__xor2_1)
   0.010000    0.273149    0.522649   13.265830 v _195_/Z (gf180mcu_fd_sc_mcu7t5v0__xor2_1)
               0.273149    0.000000   13.265830 v sum[18] (out)
                                      13.265830   data arrival time

               0.000000  100.000000  100.000000   clock vclk (rise edge)
                           0.000000  100.000000   clock network delay (ideal)
                           0.000000  100.000000   clock reconvergence pessimism
                           0.000000  100.000000   output external delay
                                     100.000000   data required time
---------------------------------------------------------------------------------------
                                     100.000000   data required time
                                     -13.265830   data arrival time
---------------------------------------------------------------------------------------
                                      86.734161   slack (MET)


Startpoint: cin (input port clocked by vclk)
Endpoint: sum[17] (output port clocked by vclk)
Path Group: vclk
Path Type: max

        Cap        Slew       Delay        Time   Description
---------------------------------------------------------------------------------------
               0.000000    0.000000    0.000000   clock vclk (rise edge)
                           0.000000    0.000000   clock network delay (ideal)
                           0.000000    0.000000 v input external delay
   0.014031    0.050000    0.000000    0.000000 v cin (in)
               0.050000    0.000000    0.000000 v _232_/A2 (gf180mcu_fd_sc_mcu7t5v0__nor2_1)
   0.004823    0.261039    0.185892    0.185892 ^ _232_/ZN (gf180mcu_fd_sc_mcu7t5v0__nor2_1)
               0.261039    0.000000    0.185892 ^ _233_/A2 (gf180mcu_fd_sc_mcu7t5v0__oai21_1)
   0.016234    0.351415    0.260372    0.446264 v _233_/ZN (gf180mcu_fd_sc_mcu7t5v0__oai21_1)
               0.351415    0.000000    0.446264 v _235_/A2 (gf180mcu_fd_sc_mcu7t5v0__nor2_1)
   0.004823    0.284207    0.236574    0.682837 ^ _235_/ZN (gf180mcu_fd_sc_mcu7t5v0__nor2_1)
               0.284207    0.000000    0.682837 ^ _236_/A2 (gf180mcu_fd_sc_mcu7t5v0__oai21_1)
   0.011977    0.295981    0.227188    0.910026 v _236_/ZN (gf180mcu_fd_sc_mcu7t5v0__oai21_1)
               0.295981    0.000000    0.910026 v _238_/A2 (gf180mcu_fd_sc_mcu7t5v0__xor2_1)
   0.011977    0.291584    0.544329    1.454355 v _238_/Z (gf180mcu_fd_sc_mcu7t5v0__xor2_1)
               0.291584    0.000000    1.454355 v _239_/A2 (gf180mcu_fd_sc_mcu7t5v0__nand2_1)
   0.013585    0.347788    0.285484    1.739839 ^ _239_/ZN (gf180mcu_fd_sc_mcu7t5v0__nand2_1)
               0.347788    0.000000    1.739839 ^ _242_/A3 (gf180mcu_fd_sc_mcu7t5v0__nand3_1)
   0.004772    0.228581    0.163219    1.903058 v _242_/ZN (gf180mcu_fd_sc_mcu7t5v0__nand3_1)
               0.228581    0.000000    1.903058 v _243_/A2 (gf180mcu_fd_sc_mcu7t5v0__aoi21_1)
   0.016234    0.685548    0.438432    2.341491 ^ _243_/ZN (gf180mcu_fd_sc_mcu7t5v0__aoi21_1)
               0.685548    0.000000    2.341491 ^ _244_/A2 (gf180mcu_fd_sc_mcu7t5v0__nor2_1)
   0.004011    0.266901    0.171559    2.513050 v _244_/ZN (gf180mcu_fd_sc_mcu7t5v0__nor2_1)
               0.266901    0.000000    2.513050 v _246_/B (gf180mcu_fd_sc_mcu7t5v0__aoi21_1)
   0.013033    0.589321    0.425273    2.938323 ^ _246_/ZN (gf180mcu_fd_sc_mcu7t5v0__aoi21_1)
               0.589321    0.000000    2.938323 ^ _247_/A2 (gf180mcu_fd_sc_mcu7t5v0__or2_1)
   0.004783    0.149802    0.300889    3.239212 ^ _247_/Z (gf180mcu_fd_sc_mcu7t5v0__or2_1)
               0.149802    0.000000    3.239212 ^ _249_/B (gf180mcu_fd_sc_mcu7t5v0__oai21_1)
   0.010240    0.255405    0.217734    3.456946 v _249_/ZN (gf180mcu_fd_sc_mcu7t5v0__oai21_1)
               0.255405    0.000000    3.456946 v _251_/A2 (gf180mcu_fd_sc_mcu7t5v0__xor2_1)
   0.010240    0.275456    0.517969    3.974915 v _251_/Z (gf180mcu_fd_sc_mcu7t5v0__xor2_1)
               0.275456    0.000000    3.974915 v _252_/A2 (gf180mcu_fd_sc_mcu7t5v0__and2_1)
   0.013156    0.197542    0.375437    4.350352 v _252_/Z (gf180mcu_fd_sc_mcu7t5v0__and2_1)
               0.197542    0.000000    4.350352 v _255_/A3 (gf180mcu_fd_sc_mcu7t5v0__nor3_1)
   0.004823    0.428013    0.321182    4.671535 ^ _255_/ZN (gf180mcu_fd_sc_mcu7t5v0__nor3_1)
               0.428013    0.000000    4.671535 ^ _256_/A2 (gf180mcu_fd_sc_mcu7t5v0__oai21_1)
   0.010240    0.304000    0.230720    4.902255 v _256_/ZN (gf180mcu_fd_sc_mcu7t5v0__oai21_1)
               0.304000    0.000000    4.902255 v _258_/A2 (gf180mcu_fd_sc_mcu7t5v0__xor2_1)
   0.010240    0.275536    0.534014    5.436268 v _258_/Z (gf180mcu_fd_sc_mcu7t5v0__xor2_1)
               0.275536    0.000000    5.436268 v _259_/A2 (gf180mcu_fd_sc_mcu7t5v0__and2_1)
   0.013156    0.197543    0.375461    5.811730 v _259_/Z (gf180mcu_fd_sc_mcu7t5v0__and2_1)
               0.197543    0.000000    5.811730 v _262_/A3 (gf180mcu_fd_sc_mcu7t5v0__nor3_1)
   0.004823    0.428039    0.321182    6.132912 ^ _262_/ZN (gf180mcu_fd_sc_mcu7t5v0__nor3_1)
               0.428039    0.000000    6.132912 ^ _263_/A2 (gf180mcu_fd_sc_mcu7t5v0__oai21_1)
   0.010240    0.304007    0.230723    6.363635 v _263_/ZN (gf180mcu_fd_sc_mcu7t5v0__oai21_1)
               0.304007    0.000000    6.363635 v _265_/A2 (gf180mcu_fd_sc_mcu7t5v0__xor2_1)
   0.010240    0.275536    0.534016    6.897651 v _265_/Z (gf180mcu_fd_sc_mcu7t5v0__xor2_1)
               0.275536    0.000000    6.897651 v _266_/A2 (gf180mcu_fd_sc_mcu7t5v0__and2_1)
   0.013156    0.197543    0.375462    7.273113 v _266_/Z (gf180mcu_fd_sc_mcu7t5v0__and2_1)
               0.197543    0.000000    7.273113 v _269_/A3 (gf180mcu_fd_sc_mcu7t5v0__nor3_1)
   0.004823    0.428039    0.321182    7.594295 ^ _269_/ZN (gf180mcu_fd_sc_mcu7t5v0__nor3_1)
               0.428039    0.000000    7.594295 ^ _270_/A2 (gf180mcu_fd_sc_mcu7t5v0__oai21_1)
   0.010240    0.304007    0.230723    7.825018 v _270_/ZN (gf180mcu_fd_sc_mcu7t5v0__oai21_1)
               0.304007    0.000000    7.825018 v _272_/A2 (gf180mcu_fd_sc_mcu7t5v0__xor2_1)
   0.010240    0.275536    0.534016    8.359034 v _272_/Z (gf180mcu_fd_sc_mcu7t5v0__xor2_1)
               0.275536    0.000000    8.359034 v _273_/A2 (gf180mcu_fd_sc_mcu7t5v0__and2_1)
   0.013156    0.197543    0.375461    8.734495 v _273_/Z (gf180mcu_fd_sc_mcu7t5v0__and2_1)
               0.197543    0.000000    8.734495 v _276_/A3 (gf180mcu_fd_sc_mcu7t5v0__nor3_1)
   0.004823    0.428039    0.321182    9.055677 ^ _276_/ZN (gf180mcu_fd_sc_mcu7t5v0__nor3_1)
               0.428039    0.000000    9.055677 ^ _277_/A2 (gf180mcu_fd_sc_mcu7t5v0__oai21_1)
   0.010240    0.304007    0.230723    9.286401 v _277_/ZN (gf180mcu_fd_sc_mcu7t5v0__oai21_1)
               0.304007    0.000000    9.286401 v _279_/A2 (gf180mcu_fd_sc_mcu7t5v0__xor2_1)
   0.010240    0.275536    0.534016    9.820415 v _279_/Z (gf180mcu_fd_sc_mcu7t5v0__xor2_1)
               0.275536    0.000000    9.820415 v _280_/A2 (gf180mcu_fd_sc_mcu7t5v0__and2_1)
   0.013156    0.197543    0.375461   10.195877 v _280_/Z (gf180mcu_fd_sc_mcu7t5v0__and2_1)
               0.197543    0.000000   10.195877 v _283_/A3 (gf180mcu_fd_sc_mcu7t5v0__nor3_1)
   0.004823    0.428039    0.321182   10.517059 ^ _283_/ZN (gf180mcu_fd_sc_mcu7t5v0__nor3_1)
               0.428039    0.000000   10.517059 ^ _284_/A2 (gf180mcu_fd_sc_mcu7t5v0__oai21_1)
   0.010240    0.304007    0.230723   10.747783 v _284_/ZN (gf180mcu_fd_sc_mcu7t5v0__oai21_1)
               0.304007    0.000000   10.747783 v _286_/A2 (gf180mcu_fd_sc_mcu7t5v0__xor2_1)
   0.010240    0.275536    0.534016   11.281798 v _286_/Z (gf180mcu_fd_sc_mcu7t5v0__xor2_1)
               0.275536    0.000000   11.281798 v _287_/A2 (gf180mcu_fd_sc_mcu7t5v0__and2_1)
   0.013156    0.197543    0.375461   11.657260 v _287_/Z (gf180mcu_fd_sc_mcu7t5v0__and2_1)
               0.197543    0.000000   11.657260 v _288_/A2 (gf180mcu_fd_sc_mcu7t5v0__nor2_1)
   0.007465    0.344415    0.253318   11.910578 ^ _288_/ZN (gf180mcu_fd_sc_mcu7t5v0__nor2_1)
               0.344415    0.000000   11.910578 ^ _192_/A3 (gf180mcu_fd_sc_mcu7t5v0__xor3_1)
   0.010000    0.518892    0.492752   12.403330 ^ _192_/Z (gf180mcu_fd_sc_mcu7t5v0__xor3_1)
               0.518892    0.000000   12.403330 ^ sum[17] (out)
                                      12.403330   data arrival time

               0.000000  100.000000  100.000000   clock vclk (rise edge)
                           0.000000  100.000000   clock network delay (ideal)
                           0.000000  100.000000   clock reconvergence pessimism
                           0.000000  100.000000   output external delay
                                     100.000000   data required time
---------------------------------------------------------------------------------------
                                     100.000000   data required time
                                     -12.403330   data arrival time
---------------------------------------------------------------------------------------
                                      87.596672   slack (MET)


Startpoint: cin (input port clocked by vclk)
Endpoint: sum[16] (output port clocked by vclk)
Path Group: vclk
Path Type: max

        Cap        Slew       Delay        Time   Description
---------------------------------------------------------------------------------------
               0.000000    0.000000    0.000000   clock vclk (rise edge)
                           0.000000    0.000000   clock network delay (ideal)
                           0.000000    0.000000 v input external delay
   0.014031    0.050000    0.000000    0.000000 v cin (in)
               0.050000    0.000000    0.000000 v _232_/A2 (gf180mcu_fd_sc_mcu7t5v0__nor2_1)
   0.004823    0.261039    0.185892    0.185892 ^ _232_/ZN (gf180mcu_fd_sc_mcu7t5v0__nor2_1)
               0.261039    0.000000    0.185892 ^ _233_/A2 (gf180mcu_fd_sc_mcu7t5v0__oai21_1)
   0.016234    0.351415    0.260372    0.446264 v _233_/ZN (gf180mcu_fd_sc_mcu7t5v0__oai21_1)
               0.351415    0.000000    0.446264 v _235_/A2 (gf180mcu_fd_sc_mcu7t5v0__nor2_1)
   0.004823    0.284207    0.236574    0.682837 ^ _235_/ZN (gf180mcu_fd_sc_mcu7t5v0__nor2_1)
               0.284207    0.000000    0.682837 ^ _236_/A2 (gf180mcu_fd_sc_mcu7t5v0__oai21_1)
   0.011977    0.295981    0.227188    0.910026 v _236_/ZN (gf180mcu_fd_sc_mcu7t5v0__oai21_1)
               0.295981    0.000000    0.910026 v _238_/A2 (gf180mcu_fd_sc_mcu7t5v0__xor2_1)
   0.011977    0.291584    0.544329    1.454355 v _238_/Z (gf180mcu_fd_sc_mcu7t5v0__xor2_1)
               0.291584    0.000000    1.454355 v _239_/A2 (gf180mcu_fd_sc_mcu7t5v0__nand2_1)
   0.013585    0.347788    0.285484    1.739839 ^ _239_/ZN (gf180mcu_fd_sc_mcu7t5v0__nand2_1)
               0.347788    0.000000    1.739839 ^ _242_/A3 (gf180mcu_fd_sc_mcu7t5v0__nand3_1)
   0.004772    0.228581    0.163219    1.903058 v _242_/ZN (gf180mcu_fd_sc_mcu7t5v0__nand3_1)
               0.228581    0.000000    1.903058 v _243_/A2 (gf180mcu_fd_sc_mcu7t5v0__aoi21_1)
   0.016234    0.685548    0.438432    2.341491 ^ _243_/ZN (gf180mcu_fd_sc_mcu7t5v0__aoi21_1)
               0.685548    0.000000    2.341491 ^ _244_/A2 (gf180mcu_fd_sc_mcu7t5v0__nor2_1)
   0.004011    0.266901    0.171559    2.513050 v _244_/ZN (gf180mcu_fd_sc_mcu7t5v0__nor2_1)
               0.266901    0.000000    2.513050 v _246_/B (gf180mcu_fd_sc_mcu7t5v0__aoi21_1)
   0.013033    0.589321    0.425273    2.938323 ^ _246_/ZN (gf180mcu_fd_sc_mcu7t5v0__aoi21_1)
               0.589321    0.000000    2.938323 ^ _247_/A2 (gf180mcu_fd_sc_mcu7t5v0__or2_1)
   0.004783    0.149802    0.300889    3.239212 ^ _247_/Z (gf180mcu_fd_sc_mcu7t5v0__or2_1)
               0.149802    0.000000    3.239212 ^ _249_/B (gf180mcu_fd_sc_mcu7t5v0__oai21_1)
   0.010240    0.255405    0.217734    3.456946 v _249_/ZN (gf180mcu_fd_sc_mcu7t5v0__oai21_1)
               0.255405    0.000000    3.456946 v _251_/A2 (gf180mcu_fd_sc_mcu7t5v0__xor2_1)
   0.010240    0.275456    0.517969    3.974915 v _251_/Z (gf180mcu_fd_sc_mcu7t5v0__xor2_1)
               0.275456    0.000000    3.974915 v _252_/A2 (gf180mcu_fd_sc_mcu7t5v0__and2_1)
   0.013156    0.197542    0.375437    4.350352 v _252_/Z (gf180mcu_fd_sc_mcu7t5v0__and2_1)
               0.197542    0.000000    4.350352 v _255_/A3 (gf180mcu_fd_sc_mcu7t5v0__nor3_1)
   0.004823    0.428013    0.321182    4.671535 ^ _255_/ZN (gf180mcu_fd_sc_mcu7t5v0__nor3_1)
               0.428013    0.000000    4.671535 ^ _256_/A2 (gf180mcu_fd_sc_mcu7t5v0__oai21_1)
   0.010240    0.304000    0.230720    4.902255 v _256_/ZN (gf180mcu_fd_sc_mcu7t5v0__oai21_1)
               0.304000    0.000000    4.902255 v _258_/A2 (gf180mcu_fd_sc_mcu7t5v0__xor2_1)
   0.010240    0.275536    0.534014    5.436268 v _258_/Z (gf180mcu_fd_sc_mcu7t5v0__xor2_1)
               0.275536    0.000000    5.436268 v _259_/A2 (gf180mcu_fd_sc_mcu7t5v0__and2_1)
   0.013156    0.197543    0.375461    5.811730 v _259_/Z (gf180mcu_fd_sc_mcu7t5v0__and2_1)
               0.197543    0.000000    5.811730 v _262_/A3 (gf180mcu_fd_sc_mcu7t5v0__nor3_1)
   0.004823    0.428039    0.321182    6.132912 ^ _262_/ZN (gf180mcu_fd_sc_mcu7t5v0__nor3_1)
               0.428039    0.000000    6.132912 ^ _263_/A2 (gf180mcu_fd_sc_mcu7t5v0__oai21_1)
   0.010240    0.304007    0.230723    6.363635 v _263_/ZN (gf180mcu_fd_sc_mcu7t5v0__oai21_1)
               0.304007    0.000000    6.363635 v _265_/A2 (gf180mcu_fd_sc_mcu7t5v0__xor2_1)
   0.010240    0.275536    0.534016    6.897651 v _265_/Z (gf180mcu_fd_sc_mcu7t5v0__xor2_1)
               0.275536    0.000000    6.897651 v _266_/A2 (gf180mcu_fd_sc_mcu7t5v0__and2_1)
   0.013156    0.197543    0.375462    7.273113 v _266_/Z (gf180mcu_fd_sc_mcu7t5v0__and2_1)
               0.197543    0.000000    7.273113 v _269_/A3 (gf180mcu_fd_sc_mcu7t5v0__nor3_1)
   0.004823    0.428039    0.321182    7.594295 ^ _269_/ZN (gf180mcu_fd_sc_mcu7t5v0__nor3_1)
               0.428039    0.000000    7.594295 ^ _270_/A2 (gf180mcu_fd_sc_mcu7t5v0__oai21_1)
   0.010240    0.304007    0.230723    7.825018 v _270_/ZN (gf180mcu_fd_sc_mcu7t5v0__oai21_1)
               0.304007    0.000000    7.825018 v _272_/A2 (gf180mcu_fd_sc_mcu7t5v0__xor2_1)
   0.010240    0.275536    0.534016    8.359034 v _272_/Z (gf180mcu_fd_sc_mcu7t5v0__xor2_1)
               0.275536    0.000000    8.359034 v _273_/A2 (gf180mcu_fd_sc_mcu7t5v0__and2_1)
   0.013156    0.197543    0.375461    8.734495 v _273_/Z (gf180mcu_fd_sc_mcu7t5v0__and2_1)
               0.197543    0.000000    8.734495 v _276_/A3 (gf180mcu_fd_sc_mcu7t5v0__nor3_1)
   0.004823    0.428039    0.321182    9.055677 ^ _276_/ZN (gf180mcu_fd_sc_mcu7t5v0__nor3_1)
               0.428039    0.000000    9.055677 ^ _277_/A2 (gf180mcu_fd_sc_mcu7t5v0__oai21_1)
   0.010240    0.304007    0.230723    9.286401 v _277_/ZN (gf180mcu_fd_sc_mcu7t5v0__oai21_1)
               0.304007    0.000000    9.286401 v _279_/A2 (gf180mcu_fd_sc_mcu7t5v0__xor2_1)
   0.010240    0.275536    0.534016    9.820415 v _279_/Z (gf180mcu_fd_sc_mcu7t5v0__xor2_1)
               0.275536    0.000000    9.820415 v _280_/A2 (gf180mcu_fd_sc_mcu7t5v0__and2_1)
   0.013156    0.197543    0.375461   10.195877 v _280_/Z (gf180mcu_fd_sc_mcu7t5v0__and2_1)
               0.197543    0.000000   10.195877 v _283_/A3 (gf180mcu_fd_sc_mcu7t5v0__nor3_1)
   0.004823    0.428039    0.321182   10.517059 ^ _283_/ZN (gf180mcu_fd_sc_mcu7t5v0__nor3_1)
               0.428039    0.000000   10.517059 ^ _284_/A2 (gf180mcu_fd_sc_mcu7t5v0__oai21_1)
   0.010240    0.304007    0.230723   10.747783 v _284_/ZN (gf180mcu_fd_sc_mcu7t5v0__oai21_1)
               0.304007    0.000000   10.747783 v _286_/A2 (gf180mcu_fd_sc_mcu7t5v0__xor2_1)
   0.010240    0.275536    0.534016   11.281798 v _286_/Z (gf180mcu_fd_sc_mcu7t5v0__xor2_1)
               0.275536    0.000000   11.281798 v _205_/A2 (gf180mcu_fd_sc_mcu7t5v0__xor2_1)
   0.010000    0.273149    0.522649   11.804447 v _205_/Z (gf180mcu_fd_sc_mcu7t5v0__xor2_1)
               0.273149    0.000000   11.804447 v sum[16] (out)
                                      11.804447   data arrival time

               0.000000  100.000000  100.000000   clock vclk (rise edge)
                           0.000000  100.000000   clock network delay (ideal)
                           0.000000  100.000000   clock reconvergence pessimism
                           0.000000  100.000000   output external delay
                                     100.000000   data required time
---------------------------------------------------------------------------------------
                                     100.000000   data required time
                                     -11.804447   data arrival time
---------------------------------------------------------------------------------------
                                      88.195549   slack (MET)


Startpoint: cin (input port clocked by vclk)
Endpoint: sum[15] (output port clocked by vclk)
Path Group: vclk
Path Type: max

        Cap        Slew       Delay        Time   Description
---------------------------------------------------------------------------------------
               0.000000    0.000000    0.000000   clock vclk (rise edge)
                           0.000000    0.000000   clock network delay (ideal)
                           0.000000    0.000000 v input external delay
   0.014031    0.050000    0.000000    0.000000 v cin (in)
               0.050000    0.000000    0.000000 v _232_/A2 (gf180mcu_fd_sc_mcu7t5v0__nor2_1)
   0.004823    0.261039    0.185892    0.185892 ^ _232_/ZN (gf180mcu_fd_sc_mcu7t5v0__nor2_1)
               0.261039    0.000000    0.185892 ^ _233_/A2 (gf180mcu_fd_sc_mcu7t5v0__oai21_1)
   0.016234    0.351415    0.260372    0.446264 v _233_/ZN (gf180mcu_fd_sc_mcu7t5v0__oai21_1)
               0.351415    0.000000    0.446264 v _235_/A2 (gf180mcu_fd_sc_mcu7t5v0__nor2_1)
   0.004823    0.284207    0.236574    0.682837 ^ _235_/ZN (gf180mcu_fd_sc_mcu7t5v0__nor2_1)
               0.284207    0.000000    0.682837 ^ _236_/A2 (gf180mcu_fd_sc_mcu7t5v0__oai21_1)
   0.011977    0.295981    0.227188    0.910026 v _236_/ZN (gf180mcu_fd_sc_mcu7t5v0__oai21_1)
               0.295981    0.000000    0.910026 v _238_/A2 (gf180mcu_fd_sc_mcu7t5v0__xor2_1)
   0.011977    0.291584    0.544329    1.454355 v _238_/Z (gf180mcu_fd_sc_mcu7t5v0__xor2_1)
               0.291584    0.000000    1.454355 v _239_/A2 (gf180mcu_fd_sc_mcu7t5v0__nand2_1)
   0.013585    0.347788    0.285484    1.739839 ^ _239_/ZN (gf180mcu_fd_sc_mcu7t5v0__nand2_1)
               0.347788    0.000000    1.739839 ^ _242_/A3 (gf180mcu_fd_sc_mcu7t5v0__nand3_1)
   0.004772    0.228581    0.163219    1.903058 v _242_/ZN (gf180mcu_fd_sc_mcu7t5v0__nand3_1)
               0.228581    0.000000    1.903058 v _243_/A2 (gf180mcu_fd_sc_mcu7t5v0__aoi21_1)
   0.016234    0.685548    0.438432    2.341491 ^ _243_/ZN (gf180mcu_fd_sc_mcu7t5v0__aoi21_1)
               0.685548    0.000000    2.341491 ^ _244_/A2 (gf180mcu_fd_sc_mcu7t5v0__nor2_1)
   0.004011    0.266901    0.171559    2.513050 v _244_/ZN (gf180mcu_fd_sc_mcu7t5v0__nor2_1)
               0.266901    0.000000    2.513050 v _246_/B (gf180mcu_fd_sc_mcu7t5v0__aoi21_1)
   0.013033    0.589321    0.425273    2.938323 ^ _246_/ZN (gf180mcu_fd_sc_mcu7t5v0__aoi21_1)
               0.589321    0.000000    2.938323 ^ _247_/A2 (gf180mcu_fd_sc_mcu7t5v0__or2_1)
   0.004783    0.149802    0.300889    3.239212 ^ _247_/Z (gf180mcu_fd_sc_mcu7t5v0__or2_1)
               0.149802    0.000000    3.239212 ^ _249_/B (gf180mcu_fd_sc_mcu7t5v0__oai21_1)
   0.010240    0.255405    0.217734    3.456946 v _249_/ZN (gf180mcu_fd_sc_mcu7t5v0__oai21_1)
               0.255405    0.000000    3.456946 v _251_/A2 (gf180mcu_fd_sc_mcu7t5v0__xor2_1)
   0.010240    0.275456    0.517969    3.974915 v _251_/Z (gf180mcu_fd_sc_mcu7t5v0__xor2_1)
               0.275456    0.000000    3.974915 v _252_/A2 (gf180mcu_fd_sc_mcu7t5v0__and2_1)
   0.013156    0.197542    0.375437    4.350352 v _252_/Z (gf180mcu_fd_sc_mcu7t5v0__and2_1)
               0.197542    0.000000    4.350352 v _255_/A3 (gf180mcu_fd_sc_mcu7t5v0__nor3_1)
   0.004823    0.428013    0.321182    4.671535 ^ _255_/ZN (gf180mcu_fd_sc_mcu7t5v0__nor3_1)
               0.428013    0.000000    4.671535 ^ _256_/A2 (gf180mcu_fd_sc_mcu7t5v0__oai21_1)
   0.010240    0.304000    0.230720    4.902255 v _256_/ZN (gf180mcu_fd_sc_mcu7t5v0__oai21_1)
               0.304000    0.000000    4.902255 v _258_/A2 (gf180mcu_fd_sc_mcu7t5v0__xor2_1)
   0.010240    0.275536    0.534014    5.436268 v _258_/Z (gf180mcu_fd_sc_mcu7t5v0__xor2_1)
               0.275536    0.000000    5.436268 v _259_/A2 (gf180mcu_fd_sc_mcu7t5v0__and2_1)
   0.013156    0.197543    0.375461    5.811730 v _259_/Z (gf180mcu_fd_sc_mcu7t5v0__and2_1)
               0.197543    0.000000    5.811730 v _262_/A3 (gf180mcu_fd_sc_mcu7t5v0__nor3_1)
   0.004823    0.428039    0.321182    6.132912 ^ _262_/ZN (gf180mcu_fd_sc_mcu7t5v0__nor3_1)
               0.428039    0.000000    6.132912 ^ _263_/A2 (gf180mcu_fd_sc_mcu7t5v0__oai21_1)
   0.010240    0.304007    0.230723    6.363635 v _263_/ZN (gf180mcu_fd_sc_mcu7t5v0__oai21_1)
               0.304007    0.000000    6.363635 v _265_/A2 (gf180mcu_fd_sc_mcu7t5v0__xor2_1)
   0.010240    0.275536    0.534016    6.897651 v _265_/Z (gf180mcu_fd_sc_mcu7t5v0__xor2_1)
               0.275536    0.000000    6.897651 v _266_/A2 (gf180mcu_fd_sc_mcu7t5v0__and2_1)
   0.013156    0.197543    0.375462    7.273113 v _266_/Z (gf180mcu_fd_sc_mcu7t5v0__and2_1)
               0.197543    0.000000    7.273113 v _269_/A3 (gf180mcu_fd_sc_mcu7t5v0__nor3_1)
   0.004823    0.428039    0.321182    7.594295 ^ _269_/ZN (gf180mcu_fd_sc_mcu7t5v0__nor3_1)
               0.428039    0.000000    7.594295 ^ _270_/A2 (gf180mcu_fd_sc_mcu7t5v0__oai21_1)
   0.010240    0.304007    0.230723    7.825018 v _270_/ZN (gf180mcu_fd_sc_mcu7t5v0__oai21_1)
               0.304007    0.000000    7.825018 v _272_/A2 (gf180mcu_fd_sc_mcu7t5v0__xor2_1)
   0.010240    0.275536    0.534016    8.359034 v _272_/Z (gf180mcu_fd_sc_mcu7t5v0__xor2_1)
               0.275536    0.000000    8.359034 v _273_/A2 (gf180mcu_fd_sc_mcu7t5v0__and2_1)
   0.013156    0.197543    0.375461    8.734495 v _273_/Z (gf180mcu_fd_sc_mcu7t5v0__and2_1)
               0.197543    0.000000    8.734495 v _276_/A3 (gf180mcu_fd_sc_mcu7t5v0__nor3_1)
   0.004823    0.428039    0.321182    9.055677 ^ _276_/ZN (gf180mcu_fd_sc_mcu7t5v0__nor3_1)
               0.428039    0.000000    9.055677 ^ _277_/A2 (gf180mcu_fd_sc_mcu7t5v0__oai21_1)
   0.010240    0.304007    0.230723    9.286401 v _277_/ZN (gf180mcu_fd_sc_mcu7t5v0__oai21_1)
               0.304007    0.000000    9.286401 v _279_/A2 (gf180mcu_fd_sc_mcu7t5v0__xor2_1)
   0.010240    0.275536    0.534016    9.820415 v _279_/Z (gf180mcu_fd_sc_mcu7t5v0__xor2_1)
               0.275536    0.000000    9.820415 v _280_/A2 (gf180mcu_fd_sc_mcu7t5v0__and2_1)
   0.013156    0.197543    0.375461   10.195877 v _280_/Z (gf180mcu_fd_sc_mcu7t5v0__and2_1)
               0.197543    0.000000   10.195877 v _281_/A2 (gf180mcu_fd_sc_mcu7t5v0__nor2_1)
   0.007465    0.344415    0.253318   10.449196 ^ _281_/ZN (gf180mcu_fd_sc_mcu7t5v0__nor2_1)
               0.344415    0.000000   10.449196 ^ _204_/A3 (gf180mcu_fd_sc_mcu7t5v0__xor3_1)
   0.010000    0.518892    0.492752   10.941947 ^ _204_/Z (gf180mcu_fd_sc_mcu7t5v0__xor3_1)
               0.518892    0.000000   10.941947 ^ sum[15] (out)
                                      10.941947   data arrival time

               0.000000  100.000000  100.000000   clock vclk (rise edge)
                           0.000000  100.000000   clock network delay (ideal)
                           0.000000  100.000000   clock reconvergence pessimism
                           0.000000  100.000000   output external delay
                                     100.000000   data required time
---------------------------------------------------------------------------------------
                                     100.000000   data required time
                                     -10.941947   data arrival time
---------------------------------------------------------------------------------------
                                      89.058052   slack (MET)


Startpoint: cin (input port clocked by vclk)
Endpoint: sum[14] (output port clocked by vclk)
Path Group: vclk
Path Type: max

        Cap        Slew       Delay        Time   Description
---------------------------------------------------------------------------------------
               0.000000    0.000000    0.000000   clock vclk (rise edge)
                           0.000000    0.000000   clock network delay (ideal)
                           0.000000    0.000000 v input external delay
   0.014031    0.050000    0.000000    0.000000 v cin (in)
               0.050000    0.000000    0.000000 v _232_/A2 (gf180mcu_fd_sc_mcu7t5v0__nor2_1)
   0.004823    0.261039    0.185892    0.185892 ^ _232_/ZN (gf180mcu_fd_sc_mcu7t5v0__nor2_1)
               0.261039    0.000000    0.185892 ^ _233_/A2 (gf180mcu_fd_sc_mcu7t5v0__oai21_1)
   0.016234    0.351415    0.260372    0.446264 v _233_/ZN (gf180mcu_fd_sc_mcu7t5v0__oai21_1)
               0.351415    0.000000    0.446264 v _235_/A2 (gf180mcu_fd_sc_mcu7t5v0__nor2_1)
   0.004823    0.284207    0.236574    0.682837 ^ _235_/ZN (gf180mcu_fd_sc_mcu7t5v0__nor2_1)
               0.284207    0.000000    0.682837 ^ _236_/A2 (gf180mcu_fd_sc_mcu7t5v0__oai21_1)
   0.011977    0.295981    0.227188    0.910026 v _236_/ZN (gf180mcu_fd_sc_mcu7t5v0__oai21_1)
               0.295981    0.000000    0.910026 v _238_/A2 (gf180mcu_fd_sc_mcu7t5v0__xor2_1)
   0.011977    0.291584    0.544329    1.454355 v _238_/Z (gf180mcu_fd_sc_mcu7t5v0__xor2_1)
               0.291584    0.000000    1.454355 v _239_/A2 (gf180mcu_fd_sc_mcu7t5v0__nand2_1)
   0.013585    0.347788    0.285484    1.739839 ^ _239_/ZN (gf180mcu_fd_sc_mcu7t5v0__nand2_1)
               0.347788    0.000000    1.739839 ^ _242_/A3 (gf180mcu_fd_sc_mcu7t5v0__nand3_1)
   0.004772    0.228581    0.163219    1.903058 v _242_/ZN (gf180mcu_fd_sc_mcu7t5v0__nand3_1)
               0.228581    0.000000    1.903058 v _243_/A2 (gf180mcu_fd_sc_mcu7t5v0__aoi21_1)
   0.016234    0.685548    0.438432    2.341491 ^ _243_/ZN (gf180mcu_fd_sc_mcu7t5v0__aoi21_1)
               0.685548    0.000000    2.341491 ^ _244_/A2 (gf180mcu_fd_sc_mcu7t5v0__nor2_1)
   0.004011    0.266901    0.171559    2.513050 v _244_/ZN (gf180mcu_fd_sc_mcu7t5v0__nor2_1)
               0.266901    0.000000    2.513050 v _246_/B (gf180mcu_fd_sc_mcu7t5v0__aoi21_1)
   0.013033    0.589321    0.425273    2.938323 ^ _246_/ZN (gf180mcu_fd_sc_mcu7t5v0__aoi21_1)
               0.589321    0.000000    2.938323 ^ _247_/A2 (gf180mcu_fd_sc_mcu7t5v0__or2_1)
   0.004783    0.149802    0.300889    3.239212 ^ _247_/Z (gf180mcu_fd_sc_mcu7t5v0__or2_1)
               0.149802    0.000000    3.239212 ^ _249_/B (gf180mcu_fd_sc_mcu7t5v0__oai21_1)
   0.010240    0.255405    0.217734    3.456946 v _249_/ZN (gf180mcu_fd_sc_mcu7t5v0__oai21_1)
               0.255405    0.000000    3.456946 v _251_/A2 (gf180mcu_fd_sc_mcu7t5v0__xor2_1)
   0.010240    0.275456    0.517969    3.974915 v _251_/Z (gf180mcu_fd_sc_mcu7t5v0__xor2_1)
               0.275456    0.000000    3.974915 v _252_/A2 (gf180mcu_fd_sc_mcu7t5v0__and2_1)
   0.013156    0.197542    0.375437    4.350352 v _252_/Z (gf180mcu_fd_sc_mcu7t5v0__and2_1)
               0.197542    0.000000    4.350352 v _255_/A3 (gf180mcu_fd_sc_mcu7t5v0__nor3_1)
   0.004823    0.428013    0.321182    4.671535 ^ _255_/ZN (gf180mcu_fd_sc_mcu7t5v0__nor3_1)
               0.428013    0.000000    4.671535 ^ _256_/A2 (gf180mcu_fd_sc_mcu7t5v0__oai21_1)
   0.010240    0.304000    0.230720    4.902255 v _256_/ZN (gf180mcu_fd_sc_mcu7t5v0__oai21_1)
               0.304000    0.000000    4.902255 v _258_/A2 (gf180mcu_fd_sc_mcu7t5v0__xor2_1)
   0.010240    0.275536    0.534014    5.436268 v _258_/Z (gf180mcu_fd_sc_mcu7t5v0__xor2_1)
               0.275536    0.000000    5.436268 v _259_/A2 (gf180mcu_fd_sc_mcu7t5v0__and2_1)
   0.013156    0.197543    0.375461    5.811730 v _259_/Z (gf180mcu_fd_sc_mcu7t5v0__and2_1)
               0.197543    0.000000    5.811730 v _262_/A3 (gf180mcu_fd_sc_mcu7t5v0__nor3_1)
   0.004823    0.428039    0.321182    6.132912 ^ _262_/ZN (gf180mcu_fd_sc_mcu7t5v0__nor3_1)
               0.428039    0.000000    6.132912 ^ _263_/A2 (gf180mcu_fd_sc_mcu7t5v0__oai21_1)
   0.010240    0.304007    0.230723    6.363635 v _263_/ZN (gf180mcu_fd_sc_mcu7t5v0__oai21_1)
               0.304007    0.000000    6.363635 v _265_/A2 (gf180mcu_fd_sc_mcu7t5v0__xor2_1)
   0.010240    0.275536    0.534016    6.897651 v _265_/Z (gf180mcu_fd_sc_mcu7t5v0__xor2_1)
               0.275536    0.000000    6.897651 v _266_/A2 (gf180mcu_fd_sc_mcu7t5v0__and2_1)
   0.013156    0.197543    0.375462    7.273113 v _266_/Z (gf180mcu_fd_sc_mcu7t5v0__and2_1)
               0.197543    0.000000    7.273113 v _269_/A3 (gf180mcu_fd_sc_mcu7t5v0__nor3_1)
   0.004823    0.428039    0.321182    7.594295 ^ _269_/ZN (gf180mcu_fd_sc_mcu7t5v0__nor3_1)
               0.428039    0.000000    7.594295 ^ _270_/A2 (gf180mcu_fd_sc_mcu7t5v0__oai21_1)
   0.010240    0.304007    0.230723    7.825018 v _270_/ZN (gf180mcu_fd_sc_mcu7t5v0__oai21_1)
               0.304007    0.000000    7.825018 v _272_/A2 (gf180mcu_fd_sc_mcu7t5v0__xor2_1)
   0.010240    0.275536    0.534016    8.359034 v _272_/Z (gf180mcu_fd_sc_mcu7t5v0__xor2_1)
               0.275536    0.000000    8.359034 v _273_/A2 (gf180mcu_fd_sc_mcu7t5v0__and2_1)
   0.013156    0.197543    0.375461    8.734495 v _273_/Z (gf180mcu_fd_sc_mcu7t5v0__and2_1)
               0.197543    0.000000    8.734495 v _276_/A3 (gf180mcu_fd_sc_mcu7t5v0__nor3_1)
   0.004823    0.428039    0.321182    9.055677 ^ _276_/ZN (gf180mcu_fd_sc_mcu7t5v0__nor3_1)
               0.428039    0.000000    9.055677 ^ _277_/A2 (gf180mcu_fd_sc_mcu7t5v0__oai21_1)
   0.010240    0.304007    0.230723    9.286401 v _277_/ZN (gf180mcu_fd_sc_mcu7t5v0__oai21_1)
               0.304007    0.000000    9.286401 v _279_/A2 (gf180mcu_fd_sc_mcu7t5v0__xor2_1)
   0.010240    0.275536    0.534016    9.820415 v _279_/Z (gf180mcu_fd_sc_mcu7t5v0__xor2_1)
               0.275536    0.000000    9.820415 v _210_/A2 (gf180mcu_fd_sc_mcu7t5v0__xor2_1)
   0.010000    0.273149    0.522649   10.343065 v _210_/Z (gf180mcu_fd_sc_mcu7t5v0__xor2_1)
               0.273149    0.000000   10.343065 v sum[14] (out)
                                      10.343065   data arrival time

               0.000000  100.000000  100.000000   clock vclk (rise edge)
                           0.000000  100.000000   clock network delay (ideal)
                           0.000000  100.000000   clock reconvergence pessimism
                           0.000000  100.000000   output external delay
                                     100.000000   data required time
---------------------------------------------------------------------------------------
                                     100.000000   data required time
                                     -10.343065   data arrival time
---------------------------------------------------------------------------------------
                                      89.656929   slack (MET)


Startpoint: cin (input port clocked by vclk)
Endpoint: sum[13] (output port clocked by vclk)
Path Group: vclk
Path Type: max

        Cap        Slew       Delay        Time   Description
---------------------------------------------------------------------------------------
               0.000000    0.000000    0.000000   clock vclk (rise edge)
                           0.000000    0.000000   clock network delay (ideal)
                           0.000000    0.000000 v input external delay
   0.014031    0.050000    0.000000    0.000000 v cin (in)
               0.050000    0.000000    0.000000 v _232_/A2 (gf180mcu_fd_sc_mcu7t5v0__nor2_1)
   0.004823    0.261039    0.185892    0.185892 ^ _232_/ZN (gf180mcu_fd_sc_mcu7t5v0__nor2_1)
               0.261039    0.000000    0.185892 ^ _233_/A2 (gf180mcu_fd_sc_mcu7t5v0__oai21_1)
   0.016234    0.351415    0.260372    0.446264 v _233_/ZN (gf180mcu_fd_sc_mcu7t5v0__oai21_1)
               0.351415    0.000000    0.446264 v _235_/A2 (gf180mcu_fd_sc_mcu7t5v0__nor2_1)
   0.004823    0.284207    0.236574    0.682837 ^ _235_/ZN (gf180mcu_fd_sc_mcu7t5v0__nor2_1)
               0.284207    0.000000    0.682837 ^ _236_/A2 (gf180mcu_fd_sc_mcu7t5v0__oai21_1)
   0.011977    0.295981    0.227188    0.910026 v _236_/ZN (gf180mcu_fd_sc_mcu7t5v0__oai21_1)
               0.295981    0.000000    0.910026 v _238_/A2 (gf180mcu_fd_sc_mcu7t5v0__xor2_1)
   0.011977    0.291584    0.544329    1.454355 v _238_/Z (gf180mcu_fd_sc_mcu7t5v0__xor2_1)
               0.291584    0.000000    1.454355 v _239_/A2 (gf180mcu_fd_sc_mcu7t5v0__nand2_1)
   0.013585    0.347788    0.285484    1.739839 ^ _239_/ZN (gf180mcu_fd_sc_mcu7t5v0__nand2_1)
               0.347788    0.000000    1.739839 ^ _242_/A3 (gf180mcu_fd_sc_mcu7t5v0__nand3_1)
   0.004772    0.228581    0.163219    1.903058 v _242_/ZN (gf180mcu_fd_sc_mcu7t5v0__nand3_1)
               0.228581    0.000000    1.903058 v _243_/A2 (gf180mcu_fd_sc_mcu7t5v0__aoi21_1)
   0.016234    0.685548    0.438432    2.341491 ^ _243_/ZN (gf180mcu_fd_sc_mcu7t5v0__aoi21_1)
               0.685548    0.000000    2.341491 ^ _244_/A2 (gf180mcu_fd_sc_mcu7t5v0__nor2_1)
   0.004011    0.266901    0.171559    2.513050 v _244_/ZN (gf180mcu_fd_sc_mcu7t5v0__nor2_1)
               0.266901    0.000000    2.513050 v _246_/B (gf180mcu_fd_sc_mcu7t5v0__aoi21_1)
   0.013033    0.589321    0.425273    2.938323 ^ _246_/ZN (gf180mcu_fd_sc_mcu7t5v0__aoi21_1)
               0.589321    0.000000    2.938323 ^ _247_/A2 (gf180mcu_fd_sc_mcu7t5v0__or2_1)
   0.004783    0.149802    0.300889    3.239212 ^ _247_/Z (gf180mcu_fd_sc_mcu7t5v0__or2_1)
               0.149802    0.000000    3.239212 ^ _249_/B (gf180mcu_fd_sc_mcu7t5v0__oai21_1)
   0.010240    0.255405    0.217734    3.456946 v _249_/ZN (gf180mcu_fd_sc_mcu7t5v0__oai21_1)
               0.255405    0.000000    3.456946 v _251_/A2 (gf180mcu_fd_sc_mcu7t5v0__xor2_1)
   0.010240    0.275456    0.517969    3.974915 v _251_/Z (gf180mcu_fd_sc_mcu7t5v0__xor2_1)
               0.275456    0.000000    3.974915 v _252_/A2 (gf180mcu_fd_sc_mcu7t5v0__and2_1)
   0.013156    0.197542    0.375437    4.350352 v _252_/Z (gf180mcu_fd_sc_mcu7t5v0__and2_1)
               0.197542    0.000000    4.350352 v _255_/A3 (gf180mcu_fd_sc_mcu7t5v0__nor3_1)
   0.004823    0.428013    0.321182    4.671535 ^ _255_/ZN (gf180mcu_fd_sc_mcu7t5v0__nor3_1)
               0.428013    0.000000    4.671535 ^ _256_/A2 (gf180mcu_fd_sc_mcu7t5v0__oai21_1)
   0.010240    0.304000    0.230720    4.902255 v _256_/ZN (gf180mcu_fd_sc_mcu7t5v0__oai21_1)
               0.304000    0.000000    4.902255 v _258_/A2 (gf180mcu_fd_sc_mcu7t5v0__xor2_1)
   0.010240    0.275536    0.534014    5.436268 v _258_/Z (gf180mcu_fd_sc_mcu7t5v0__xor2_1)
               0.275536    0.000000    5.436268 v _259_/A2 (gf180mcu_fd_sc_mcu7t5v0__and2_1)
   0.013156    0.197543    0.375461    5.811730 v _259_/Z (gf180mcu_fd_sc_mcu7t5v0__and2_1)
               0.197543    0.000000    5.811730 v _262_/A3 (gf180mcu_fd_sc_mcu7t5v0__nor3_1)
   0.004823    0.428039    0.321182    6.132912 ^ _262_/ZN (gf180mcu_fd_sc_mcu7t5v0__nor3_1)
               0.428039    0.000000    6.132912 ^ _263_/A2 (gf180mcu_fd_sc_mcu7t5v0__oai21_1)
   0.010240    0.304007    0.230723    6.363635 v _263_/ZN (gf180mcu_fd_sc_mcu7t5v0__oai21_1)
               0.304007    0.000000    6.363635 v _265_/A2 (gf180mcu_fd_sc_mcu7t5v0__xor2_1)
   0.010240    0.275536    0.534016    6.897651 v _265_/Z (gf180mcu_fd_sc_mcu7t5v0__xor2_1)
               0.275536    0.000000    6.897651 v _266_/A2 (gf180mcu_fd_sc_mcu7t5v0__and2_1)
   0.013156    0.197543    0.375462    7.273113 v _266_/Z (gf180mcu_fd_sc_mcu7t5v0__and2_1)
               0.197543    0.000000    7.273113 v _269_/A3 (gf180mcu_fd_sc_mcu7t5v0__nor3_1)
   0.004823    0.428039    0.321182    7.594295 ^ _269_/ZN (gf180mcu_fd_sc_mcu7t5v0__nor3_1)
               0.428039    0.000000    7.594295 ^ _270_/A2 (gf180mcu_fd_sc_mcu7t5v0__oai21_1)
   0.010240    0.304007    0.230723    7.825018 v _270_/ZN (gf180mcu_fd_sc_mcu7t5v0__oai21_1)
               0.304007    0.000000    7.825018 v _272_/A2 (gf180mcu_fd_sc_mcu7t5v0__xor2_1)
   0.010240    0.275536    0.534016    8.359034 v _272_/Z (gf180mcu_fd_sc_mcu7t5v0__xor2_1)
               0.275536    0.000000    8.359034 v _273_/A2 (gf180mcu_fd_sc_mcu7t5v0__and2_1)
   0.013156    0.197543    0.375461    8.734495 v _273_/Z (gf180mcu_fd_sc_mcu7t5v0__and2_1)
               0.197543    0.000000    8.734495 v _274_/A2 (gf180mcu_fd_sc_mcu7t5v0__nor2_1)
   0.007465    0.344415    0.253318    8.987813 ^ _274_/ZN (gf180mcu_fd_sc_mcu7t5v0__nor2_1)
               0.344415    0.000000    8.987813 ^ _207_/A3 (gf180mcu_fd_sc_mcu7t5v0__xor3_1)
   0.010000    0.519135    0.492752    9.480565 ^ _207_/Z (gf180mcu_fd_sc_mcu7t5v0__xor3_1)
               0.519135    0.000000    9.480565 ^ sum[13] (out)
                                       9.480565   data arrival time

               0.000000  100.000000  100.000000   clock vclk (rise edge)
                           0.000000  100.000000   clock network delay (ideal)
                           0.000000  100.000000   clock reconvergence pessimism
                           0.000000  100.000000   output external delay
                                     100.000000   data required time
---------------------------------------------------------------------------------------
                                     100.000000   data required time
                                      -9.480565   data arrival time
---------------------------------------------------------------------------------------
                                      90.519432   slack (MET)


