v-sweep v(drain_iv) v(gate_iv) id is ib ig kcl
0.0000000000e+00 0.0000000000e+00 0.0000000000e+00 0.0000000000e+00 0.0000000000e+00 0.0000000000e+00 0.0000000000e+00 0.0000000000e+00
-1.0000000000e-02 -1.0000000000e-02 0.0000000000e+00 1.0105200000e-14 -1.0520440000e-16 -1.0000000000e-14 0.0000000000e+00 4.4000000008e-21
-2.0000000000e-02 -2.0000000000e-02 0.0000000000e+00 2.0188700000e-14 -1.8869400000e-16 -2.0000000000e-14 0.0000000000e+00 5.9999999989e-21
-3.0000000000e-02 -3.0000000000e-02 0.0000000000e+00 3.0252200000e-14 -2.5217280000e-16 -3.0000000000e-14 0.0000000000e+00 2.7199999995e-20
-4.0000000000e-02 -4.0000000000e-02 0.0000000000e+00 4.0298200000e-14 -2.9815590000e-16 -4.0000000000e-14 0.0000000000e+00 4.4100000002e-20
-5.0000000000e-02 -5.0000000000e-02 0.0000000000e+00 5.0330000000e-14 -3.2995890000e-16 -5.0000000000e-14 0.0000000000e+00 4.1100000002e-20
-6.0000000000e-02 -6.0000000000e-02 0.0000000000e+00 6.0351300000e-14 -3.5126900000e-16 -6.0000000000e-14 0.0000000000e+00 3.1000000001e-20
-7.0000000000e-02 -7.0000000000e-02 0.0000000000e+00 7.0365500000e-14 -3.6545530000e-16 -7.0000000000e-14 0.0000000000e+00 4.4699999995e-20
-8.0000000000e-02 -8.0000000000e-02 0.0000000000e+00 8.0375100000e-14 -3.7508670000e-16 -8.0000000000e-14 0.0000000000e+00 1.3299999994e-20
-9.0000000000e-02 -9.0000000000e-02 0.0000000000e+00 9.0381900000e-14 -3.8187700000e-16 -9.0000000000e-14 0.0000000000e+00 2.3000000002e-20
-1.0000000000e-01 -1.0000000000e-01 0.0000000000e+00 1.0038690000e-13 -3.8688550000e-16 -1.0000000000e-13 0.0000000000e+00 1.4500000007e-20
-1.1000000000e-01 -1.1000000000e-01 0.0000000000e+00 1.1039070000e-13 -3.9074830000e-16 -1.1000000000e-13 0.0000000000e+00 4.8300000007e-20
-1.2000000000e-01 -1.2000000000e-01 0.0000000000e+00 1.2039380000e-13 -3.9384860000e-16 -1.2000000000e-13 0.0000000000e+00 4.8600000023e-20
-1.3000000000e-01 -1.3000000000e-01 0.0000000000e+00 1.3039640000e-13 -3.9642230000e-16 -1.3000000000e-13 0.0000000000e+00 2.2299999974e-20
-1.4000000000e-01 -1.4000000000e-01 0.0000000000e+00 1.4039860000e-13 -3.9861850000e-16 -1.4000000000e-13 0.0000000000e+00 1.8500000019e-20
-1.5000000000e-01 -1.5000000000e-01 0.0000000000e+00 1.5040050000e-13 -4.0053490000e-16 -1.5000000000e-13 0.0000000000e+00 3.4900000003e-20
-1.6000000000e-01 -1.6000000000e-01 0.0000000000e+00 1.6040220000e-13 -4.0223760000e-16 -1.6000000000e-13 0.0000000000e+00 3.7600000018e-20
-1.7000000000e-01 -1.7000000000e-01 0.0000000000e+00 1.7040380000e-13 -4.0377240000e-16 -1.7000000000e-13 0.0000000000e+00 2.7600000008e-20
-1.8000000000e-01 -1.8000000000e-01 0.0000000000e+00 1.8040520000e-13 -4.0517230000e-16 -1.8000000000e-13 0.0000000000e+00 2.7700000004e-20
-1.9000000000e-01 -1.9000000000e-01 0.0000000000e+00 1.9040650000e-13 -4.0646150000e-16 -1.9000000000e-13 0.0000000000e+00 3.8499999990e-20
-2.0000000000e-01 -2.0000000000e-01 0.0000000000e+00 2.0040770000e-13 -4.0765810000e-16 -2.0000000000e-13 0.0000000000e+00 4.1900000008e-20
-2.1000000000e-01 -2.1000000000e-01 0.0000000000e+00 2.1040880000e-13 -4.0877620000e-16 -2.1000000000e-13 0.0000000000e+00 2.3800000002e-20
-2.2000000000e-01 -2.2000000000e-01 0.0000000000e+00 2.2040980000e-13 -4.0982680000e-16 -2.2000000000e-13 0.0000000000e+00 2.6800000008e-20
-2.3000000000e-01 -2.3000000000e-01 0.0000000000e+00 2.3041080000e-13 -4.1081870000e-16 -2.3000000000e-13 0.0000000000e+00 1.8700000012e-20
-2.4000000000e-01 -2.4000000000e-01 0.0000000000e+00 2.4041180000e-13 -4.1175900000e-16 -2.4000000000e-13 0.0000000000e+00 4.0999999961e-20
-2.5000000000e-01 -2.5000000000e-01 0.0000000000e+00 2.5041270000e-13 -4.1265340000e-16 -2.5000000000e-13 0.0000000000e+00 4.6600000036e-20
-2.6000000000e-01 -2.6000000000e-01 0.0000000000e+00 2.6041350000e-13 -4.1350700000e-16 -2.6000000000e-13 0.0000000000e+00 6.9999999798e-21
-2.7000000000e-01 -2.7000000000e-01 0.0000000000e+00 2.7041430000e-13 -4.1432360000e-16 -2.7000000000e-13 0.0000000000e+00 2.3599999958e-20
-2.8000000000e-01 -2.8000000000e-01 0.0000000000e+00 2.8041510000e-13 -4.1510690000e-16 -2.8000000000e-13 0.0000000000e+00 6.8999999830e-21
-2.9000000000e-01 -2.9000000000e-01 0.0000000000e+00 2.9041590000e-13 -4.1585980000e-16 -2.9000000000e-13 0.0000000000e+00 4.0200000037e-20
-3.0000000000e-01 -3.0000000000e-01 0.0000000000e+00 3.0041660000e-13 -4.1658490000e-16 -3.0000000000e-13 0.0000000000e+00 1.5100000026e-20
-3.1000000000e-01 -3.1000000000e-01 0.0000000000e+00 3.1041730000e-13 -4.1728440000e-16 -3.1000000000e-13 0.0000000000e+00 1.5599999959e-20
-3.2000000000e-01 -3.2000000000e-01 0.0000000000e+00 3.2041800000e-13 -4.1796030000e-16 -3.2000000000e-13 0.0000000000e+00 3.9699999952e-20
-3.3000000000e-01 -3.3000000000e-01 0.0000000000e+00 3.3041860000e-13 -4.1861430000e-16 -3.3000000000e-13 0.0000000000e+00 1.4299999950e-20
-3.4000000000e-01 -3.4000000000e-01 0.0000000000e+00 3.4041920000e-13 -4.1924790000e-16 -3.4000000000e-13 0.0000000000e+00 4.7899999995e-20
-3.5000000000e-01 -3.5000000000e-01 0.0000000000e+00 3.5041990000e-13 -4.1986260000e-16 -3.5000000000e-13 0.0000000000e+00 3.7400000025e-20
-3.6000000000e-01 -3.6000000000e-01 0.0000000000e+00 3.6042050000e-13 -4.2045960000e-16 -3.6000000000e-13 0.0000000000e+00 4.0399999980e-20
-3.7000000000e-01 -3.7000000000e-01 0.0000000000e+00 3.7042100000e-13 -4.2104000000e-16 -3.7000000000e-13 0.0000000000e+00 3.9999999993e-20
-3.8000000000e-01 -3.8000000000e-01 0.0000000000e+00 3.8042160000e-13 -4.2160480000e-16 -3.8000000000e-13 0.0000000000e+00 4.7999999991e-21
-3.9000000000e-01 -3.9000000000e-01 0.0000000000e+00 3.9042220000e-13 -4.2215500000e-16 -3.9000000000e-13 0.0000000000e+00 4.4999999986e-20
-4.0000000000e-01 -4.0000000000e-01 0.0000000000e+00 4.0042270000e-13 -4.2269120000e-16 -4.0000000000e-13 0.0000000000e+00 8.8000000741e-21
-4.1000000000e-01 -4.1000000000e-01 0.0000000000e+00 4.1042320000e-13 -4.2321440000e-16 -4.1000000000e-13 0.0000000000e+00 1.4399999947e-20
-4.2000000000e-01 -4.2000000000e-01 0.0000000000e+00 4.2042370000e-13 -4.2372520000e-16 -4.2000000000e-13 0.0000000000e+00 2.5200000008e-20
-4.3000000000e-01 -4.3000000000e-01 0.0000000000e+00 4.3042420000e-13 -4.2422420000e-16 -4.3000000000e-13 0.0000000000e+00 2.4200000040e-20
-4.4000000000e-01 -4.4000000000e-01 0.0000000000e+00 4.4042470000e-13 -4.2471200000e-16 -4.4000000000e-13 0.0000000000e+00 1.2000000074e-20
-4.5000000000e-01 -4.5000000000e-01 0.0000000000e+00 4.5042520000e-13 -4.2518930000e-16 -4.5000000000e-13 0.0000000000e+00 1.0699999963e-20
-4.6000000000e-01 -4.6000000000e-01 0.0000000000e+00 4.6042570000e-13 -4.2565640000e-16 -4.6000000000e-13 0.0000000000e+00 4.3599999929e-20
-4.7000000000e-01 -4.7000000000e-01 0.0000000000e+00 4.7042610000e-13 -4.2611390000e-16 -4.7000000000e-13 0.0000000000e+00 1.3899999963e-20
-4.8000000000e-01 -4.8000000000e-01 0.0000000000e+00 4.8042660000e-13 -4.2656210000e-16 -4.8000000000e-13 0.0000000000e+00 3.7900000009e-20
-4.9000000000e-01 -4.9000000000e-01 0.0000000000e+00 4.9042700000e-13 -4.2700160000e-16 -4.9000000000e-13 0.0000000000e+00 1.5999999492e-21
-5.0000000000e-01 -5.0000000000e-01 0.0000000000e+00 5.0042740000e-13 -4.2743270000e-16 -5.0000000000e-13 0.0000000000e+00 3.2699999972e-20
-5.1000000000e-01 -5.1000000000e-01 0.0000000000e+00 5.1042790000e-13 -4.2785560000e-16 -5.1000000000e-13 0.0000000000e+00 4.4400000005e-20
-5.2000000000e-01 -5.2000000000e-01 0.0000000000e+00 5.2042830000e-13 -4.2827090000e-16 -5.2000000000e-13 0.0000000000e+00 2.9100000086e-20
-5.3000000000e-01 -5.3000000000e-01 0.0000000000e+00 5.3042870000e-13 -4.2867870000e-16 -5.3000000000e-13 0.0000000000e+00 2.1300000031e-20
-5.4000000000e-01 -5.4000000000e-01 0.0000000000e+00 5.4042910000e-13 -4.2907940000e-16 -5.4000000000e-13 0.0000000000e+00 2.0600000053e-20
-5.5000000000e-01 -5.5000000000e-01 0.0000000000e+00 5.5042950000e-13 -4.2947320000e-16 -5.5000000000e-13 0.0000000000e+00 2.6799999957e-20
-5.6000000000e-01 -5.6000000000e-01 0.0000000000e+00 5.6042990000e-13 -4.2986050000e-16 -5.6000000000e-13 0.0000000000e+00 3.9499999958e-20
-5.7000000000e-01 -5.7000000000e-01 0.0000000000e+00 5.7043020000e-13 -4.3024130000e-16 -5.7000000000e-13 0.0000000000e+00 4.1300000002e-20
-5.8000000000e-01 -5.8000000000e-01 0.0000000000e+00 5.8043060000e-13 -4.3061610000e-16 -5.8000000000e-13 0.0000000000e+00 1.6099999994e-20
-5.9000000000e-01 -5.9000000000e-01 0.0000000000e+00 5.9043100000e-13 -4.3098500000e-16 -5.9000000000e-13 0.0000000000e+00 1.5000000130e-20
-6.0000000000e-01 -6.0000000000e-01 0.0000000000e+00 6.0043130000e-13 -4.3134810000e-16 -6.0000000000e-13 0.0000000000e+00 4.8099999988e-20
-6.1000000000e-01 -6.1000000000e-01 0.0000000000e+00 6.1043170000e-13 -4.3170580000e-16 -6.1000000000e-13 0.0000000000e+00 5.8000000179e-21
-6.2000000000e-01 -6.2000000000e-01 0.0000000000e+00 6.2043210000e-13 -4.3205810000e-16 -6.2000000000e-13 0.0000000000e+00 4.1899999882e-20
-6.3000000000e-01 -6.3000000000e-01 0.0000000000e+00 6.3043240000e-13 -4.3240530000e-16 -6.3000000000e-13 0.0000000000e+00 5.3000000338e-21
-6.4000000000e-01 -6.4000000000e-01 0.0000000000e+00 6.4043270000e-13 -4.3274750000e-16 -6.4000000000e-13 0.0000000000e+00 4.7500000108e-20
-6.5000000000e-01 -6.5000000000e-01 0.0000000000e+00 6.5043310000e-13 -4.3308500000e-16 -6.5000000000e-13 0.0000000000e+00 1.5000000029e-20
-6.6000000000e-01 -6.6000000000e-01 0.0000000000e+00 6.6043340000e-13 -4.3341770000e-16 -6.6000000000e-13 0.0000000000e+00 1.7699999943e-20
-6.7000000000e-01 -6.7000000000e-01 0.0000000000e+00 6.7043370000e-13 -4.3374600000e-16 -6.7000000000e-13 0.0000000000e+00 4.5999999954e-20
-6.8000000000e-01 -6.8000000000e-01 0.0000000000e+00 6.8043410000e-13 -4.3406980000e-16 -6.8000000000e-13 0.0000000000e+00 3.0199999950e-20
-6.9000000000e-01 -6.9000000000e-01 0.0000000000e+00 6.9043440000e-13 -4.3438940000e-16 -6.9000000000e-13 0.0000000000e+00 1.0599999967e-20
-7.0000000000e-01 -7.0000000000e-01 0.0000000000e+00 7.0043470000e-13 -4.3470490000e-16 -7.0000000000e-13 0.0000000000e+00 4.8999999455e-21
-7.1000000000e-01 -7.1000000000e-01 0.0000000000e+00 7.1043500000e-13 -4.3501640000e-16 -7.1000000000e-13 0.0000000000e+00 1.6400000085e-20
-7.2000000000e-01 -7.2000000000e-01 0.0000000000e+00 7.2043530000e-13 -4.3532400000e-16 -7.2000000000e-13 0.0000000000e+00 2.4000000046e-20
-7.3000000000e-01 -7.3000000000e-01 0.0000000000e+00 7.3043560000e-13 -4.3562790000e-16 -7.3000000000e-13 0.0000000000e+00 2.7899999922e-20
-7.4000000000e-01 -7.4000000000e-01 0.0000000000e+00 7.4043590000e-13 -4.3592800000e-16 -7.4000000000e-13 0.0000000000e+00 2.8000000121e-20
-7.5000000000e-01 -7.5000000000e-01 0.0000000000e+00 7.5043620000e-13 -4.3622460000e-16 -7.5000000000e-13 0.0000000000e+00 2.4600000027e-20
-7.6000000000e-01 -7.6000000000e-01 0.0000000000e+00 7.6043650000e-13 -4.3651770000e-16 -7.6000000000e-13 0.0000000000e+00 1.7700000044e-20
-7.7000000000e-01 -7.7000000000e-01 0.0000000000e+00 7.7043680000e-13 -4.3680750000e-16 -7.7000000000e-13 0.0000000000e+00 7.5000000649e-21
-7.8000000000e-01 -7.8000000000e-01 0.0000000000e+00 7.8043710000e-13 -4.3709390000e-16 -7.8000000000e-13 0.0000000000e+00 6.1000000084e-21
-7.9000000000e-01 -7.9000000000e-01 0.0000000000e+00 7.9043740000e-13 -4.3737720000e-16 -7.9000000000e-13 0.0000000000e+00 2.2800000084e-20
-8.0000000000e-01 -8.0000000000e-01 0.0000000000e+00 8.0043770000e-13 -4.3765730000e-16 -8.0000000000e-13 0.0000000000e+00 4.2700000059e-20
-8.1000000000e-01 -8.1000000000e-01 0.0000000000e+00 8.1043790000e-13 -4.3793440000e-16 -8.1000000000e-13 0.0000000000e+00 3.4400000019e-20
-8.2000000000e-01 -8.2000000000e-01 0.0000000000e+00 8.2043820000e-13 -4.3820850000e-16 -8.2000000000e-13 0.0000000000e+00 8.4999999322e-21
-8.3000000000e-01 -8.3000000000e-01 0.0000000000e+00 8.3043850000e-13 -4.3847970000e-16 -8.3000000000e-13 0.0000000000e+00 2.0299999962e-20
-8.4000000000e-01 -8.4000000000e-01 0.0000000000e+00 8.4043870000e-13 -4.3874810000e-16 -8.4000000000e-13 0.0000000000e+00 4.8099999988e-20
-8.5000000000e-01 -8.5000000000e-01 0.0000000000e+00 8.5043900000e-13 -4.3901370000e-16 -8.5000000000e-13 0.0000000000e+00 1.3700000171e-20
-8.6000000000e-01 -8.6000000000e-01 0.0000000000e+00 8.6043930000e-13 -4.3927660000e-16 -8.6000000000e-13 0.0000000000e+00 2.3400000065e-20
-8.7000000000e-01 -8.7000000000e-01 0.0000000000e+00 8.7043950000e-13 -4.3953700000e-16 -8.7000000000e-13 0.0000000000e+00 3.7000000038e-20
-8.8000000000e-01 -8.8000000000e-01 0.0000000000e+00 8.8043980000e-13 -4.3979470000e-16 -8.8000000000e-13 0.0000000000e+00 5.2999999328e-21
-8.9000000000e-01 -8.9000000000e-01 0.0000000000e+00 8.9044000000e-13 -4.4004990000e-16 -8.9000000000e-13 0.0000000000e+00 4.9899999931e-20
-9.0000000000e-01 -9.0000000000e-01 0.0000000000e+00 9.0044030000e-13 -4.4030270000e-16 -9.0000000000e-13 0.0000000000e+00 2.7000001163e-21
-9.1000000000e-01 -9.1000000000e-01 0.0000000000e+00 9.1044060000e-13 -4.4055310000e-16 -9.1000000000e-13 0.0000000000e+00 4.6899999925e-20
-9.2000000000e-01 -9.2000000000e-01 0.0000000000e+00 9.2044080000e-13 -4.4080120000e-16 -9.2000000000e-13 0.0000000000e+00 1.1999999619e-21
-9.3000000000e-01 -9.3000000000e-01 0.0000000000e+00 9.3044100000e-13 -4.4104700000e-16 -9.3000000000e-13 0.0000000000e+00 4.6999999922e-20
-9.4000000000e-01 -9.4000000000e-01 0.0000000000e+00 9.4044130000e-13 -4.4129050000e-16 -9.4000000000e-13 0.0000000000e+00 9.5000001024e-21
-9.5000000000e-01 -9.5000000000e-01 0.0000000000e+00 9.5044150000e-13 -4.4153180000e-16 -9.5000000000e-13 0.0000000000e+00 3.1800000001e-20
-9.6000000000e-01 -9.6000000000e-01 0.0000000000e+00 9.6044180000e-13 -4.4177100000e-16 -9.6000000000e-13 0.0000000000e+00 2.8999999686e-20
-9.7000000000e-01 -9.7000000000e-01 0.0000000000e+00 9.7044200000e-13 -4.4200810000e-16 -9.7000000000e-13 0.0000000000e+00 8.1000001468e-21
-9.8000000000e-01 -9.8000000000e-01 0.0000000000e+00 9.8044220000e-13 -4.4224310000e-16 -9.8000000000e-13 0.0000000000e+00 4.3100000046e-20
-9.9000000000e-01 -9.9000000000e-01 0.0000000000e+00 9.9044250000e-13 -4.4247610000e-16 -9.9000000000e-13 0.0000000000e+00 2.3900000049e-20
-1.0000000000e+00 -1.0000000000e+00 0.0000000000e+00 1.0004000000e-12 -4.4270710000e-16 -1.0000000000e-12 0.0000000000e+00 4.2707100000e-17
-1.0100000000e+00 -1.0100000000e+00 0.0000000000e+00 1.0104000000e-12 -4.4293620000e-16 -1.0100000000e-12 0.0000000000e+00 4.2936200000e-17
-1.0200000000e+00 -1.0200000000e+00 0.0000000000e+00 1.0204000000e-12 -4.4316340000e-16 -1.0200000000e-12 0.0000000000e+00 4.3163400000e-17
-1.0300000000e+00 -1.0300000000e+00 0.0000000000e+00 1.0304000000e-12 -4.4338880000e-16 -1.0300000000e-12 0.0000000000e+00 4.3388800000e-17
-1.0400000000e+00 -1.0400000000e+00 0.0000000000e+00 1.0404000000e-12 -4.4361230000e-16 -1.0400000000e-12 0.0000000000e+00 4.3612300000e-17
-1.0500000000e+00 -1.0500000000e+00 0.0000000000e+00 1.0504000000e-12 -4.4383410000e-16 -1.0500000000e-12 0.0000000000e+00 4.3834100000e-17
-1.0600000000e+00 -1.0600000000e+00 0.0000000000e+00 1.0604000000e-12 -4.4405410000e-16 -1.0600000000e-12 0.0000000000e+00 4.4054100000e-17
-1.0700000000e+00 -1.0700000000e+00 0.0000000000e+00 1.0704000000e-12 -4.4427230000e-16 -1.0700000000e-12 0.0000000000e+00 4.4272300000e-17
-1.0800000000e+00 -1.0800000000e+00 0.0000000000e+00 1.0804000000e-12 -4.4448890000e-16 -1.0800000000e-12 0.0000000000e+00 4.4488900000e-17
-1.0900000000e+00 -1.0900000000e+00 0.0000000000e+00 1.0904000000e-12 -4.4470380000e-16 -1.0900000000e-12 0.0000000000e+00 4.4703800000e-17
-1.1000000000e+00 -1.1000000000e+00 0.0000000000e+00 1.1004000000e-12 -4.4491710000e-16 -1.1000000000e-12 0.0000000000e+00 4.4917100000e-17
-1.1100000000e+00 -1.1100000000e+00 0.0000000000e+00 1.1104000000e-12 -4.4512880000e-16 -1.1100000000e-12 0.0000000000e+00 4.5128800000e-17
-1.1200000000e+00 -1.1200000000e+00 0.0000000000e+00 1.1204000000e-12 -4.4533900000e-16 -1.1200000000e-12 0.0000000000e+00 4.5339000000e-17
-1.1300000000e+00 -1.1300000000e+00 0.0000000000e+00 1.1304000000e-12 -4.4554760000e-16 -1.1300000000e-12 0.0000000000e+00 4.5547600000e-17
-1.1400000000e+00 -1.1400000000e+00 0.0000000000e+00 1.1404000000e-12 -4.4575470000e-16 -1.1400000000e-12 0.0000000000e+00 4.5754700000e-17
-1.1500000000e+00 -1.1500000000e+00 0.0000000000e+00 1.1504000000e-12 -4.4596030000e-16 -1.1500000000e-12 0.0000000000e+00 4.5960300000e-17
-1.1600000000e+00 -1.1600000000e+00 0.0000000000e+00 1.1604000000e-12 -4.4616450000e-16 -1.1600000000e-12 0.0000000000e+00 4.6164500000e-17
-1.1700000000e+00 -1.1700000000e+00 0.0000000000e+00 1.1704000000e-12 -4.4636720000e-16 -1.1700000000e-12 0.0000000000e+00 4.6367200000e-17
-1.1800000000e+00 -1.1800000000e+00 0.0000000000e+00 1.1804000000e-12 -4.4656850000e-16 -1.1800000000e-12 0.0000000000e+00 4.6568500000e-17
-1.1900000000e+00 -1.1900000000e+00 0.0000000000e+00 1.1904000000e-12 -4.4676840000e-16 -1.1900000000e-12 0.0000000000e+00 4.6768400000e-17
-1.2000000000e+00 -1.2000000000e+00 0.0000000000e+00 1.2004000000e-12 -4.4696700000e-16 -1.2000000000e-12 0.0000000000e+00 4.6967000000e-17
0.0000000000e+00 0.0000000000e+00 -2.0000000000e-01 0.0000000000e+00 0.0000000000e+00 0.0000000000e+00 0.0000000000e+00 0.0000000000e+00
-1.0000000000e-02 -1.0000000000e-02 -2.0000000000e-01 1.7875400000e-14 -7.8754000000e-15 -1.0000000000e-14 0.0000000000e+00 1.5777218104e-30
-2.0000000000e-02 -2.0000000000e-02 -2.0000000000e-01 3.4125200000e-14 -1.4125200000e-14 -2.0000000000e-14 0.0000000000e+00 0.0000000000e+00
-3.0000000000e-02 -3.0000000000e-02 -2.0000000000e-01 4.8877100000e-14 -1.8877100000e-14 -3.0000000000e-14 0.0000000000e+00 6.3108872418e-30
-4.0000000000e-02 -4.0000000000e-02 -2.0000000000e-01 6.2319300000e-14 -2.2319300000e-14 -4.0000000000e-14 0.0000000000e+00 0.0000000000e+00
-5.0000000000e-02 -5.0000000000e-02 -2.0000000000e-01 7.4700000000e-14 -2.4700000000e-14 -5.0000000000e-14 0.0000000000e+00 1.2621774484e-29
-6.0000000000e-02 -6.0000000000e-02 -2.0000000000e-01 8.6295300000e-14 -2.6295300000e-14 -6.0000000000e-14 0.0000000000e+00 0.0000000000e+00
-7.0000000000e-02 -7.0000000000e-02 -2.0000000000e-01 9.7357200000e-14 -2.7357200000e-14 -7.0000000000e-14 0.0000000000e+00 0.0000000000e+00
-8.0000000000e-02 -8.0000000000e-02 -2.0000000000e-01 1.0807820000e-13 -2.8078200000e-14 -8.0000000000e-14 0.0000000000e+00 1.2621774484e-29
-9.0000000000e-02 -9.0000000000e-02 -2.0000000000e-01 1.1858650000e-13 -2.8586500000e-14 -9.0000000000e-14 0.0000000000e+00 1.2621774484e-29
-1.0000000000e-01 -1.0000000000e-01 -2.0000000000e-01 1.2896140000e-13 -2.8961400000e-14 -1.0000000000e-13 0.0000000000e+00 0.0000000000e+00
-1.1000000000e-01 -1.1000000000e-01 -2.0000000000e-01 1.3925060000e-13 -2.9250600000e-14 -1.1000000000e-13 0.0000000000e+00 0.0000000000e+00
-1.2000000000e-01 -1.2000000000e-01 -2.0000000000e-01 1.4948270000e-13 -2.9482700000e-14 -1.2000000000e-13 0.0000000000e+00 2.5243548967e-29
-1.3000000000e-01 -1.3000000000e-01 -2.0000000000e-01 1.5967530000e-13 -2.9675300000e-14 -1.3000000000e-13 0.0000000000e+00 0.0000000000e+00
-1.4000000000e-01 -1.4000000000e-01 -2.0000000000e-01 1.6983970000e-13 -2.9839700000e-14 -1.4000000000e-13 0.0000000000e+00 0.0000000000e+00
-1.5000000000e-01 -1.5000000000e-01 -2.0000000000e-01 1.7998320000e-13 -2.9983200000e-14 -1.5000000000e-13 0.0000000000e+00 2.5243548967e-29
-1.6000000000e-01 -1.6000000000e-01 -2.0000000000e-01 1.9011070000e-13 -3.0110700000e-14 -1.6000000000e-13 0.0000000000e+00 0.0000000000e+00
-1.7000000000e-01 -1.7000000000e-01 -2.0000000000e-01 2.0022560000e-13 -3.0225600000e-14 -1.7000000000e-13 0.0000000000e+00 0.0000000000e+00
-1.8000000000e-01 -1.8000000000e-01 -2.0000000000e-01 2.1033030000e-13 -3.0330300000e-14 -1.8000000000e-13 0.0000000000e+00 0.0000000000e+00
-1.9000000000e-01 -1.9000000000e-01 -2.0000000000e-01 2.2042680000e-13 -3.0426800000e-14 -1.9000000000e-13 0.0000000000e+00 2.5243548967e-29
-2.0000000000e-01 -2.0000000000e-01 -2.0000000000e-01 2.3051640000e-13 -3.0516400000e-14 -2.0000000000e-13 0.0000000000e+00 0.0000000000e+00
-2.1000000000e-01 -2.1000000000e-01 -2.0000000000e-01 2.4060010000e-13 -3.0600100000e-14 -2.1000000000e-13 0.0000000000e+00 0.0000000000e+00
-2.2000000000e-01 -2.2000000000e-01 -2.0000000000e-01 2.5067880000e-13 -3.0678800000e-14 -2.2000000000e-13 0.0000000000e+00 0.0000000000e+00
-2.3000000000e-01 -2.3000000000e-01 -2.0000000000e-01 2.6075300000e-13 -3.0753000000e-14 -2.3000000000e-13 0.0000000000e+00 5.0487097934e-29
-2.4000000000e-01 -2.4000000000e-01 -2.0000000000e-01 2.7082340000e-13 -3.0823400000e-14 -2.4000000000e-13 0.0000000000e+00 5.0487097934e-29
-2.5000000000e-01 -2.5000000000e-01 -2.0000000000e-01 2.8089040000e-13 -3.0890400000e-14 -2.5000000000e-13 0.0000000000e+00 0.0000000000e+00
-2.6000000000e-01 -2.6000000000e-01 -2.0000000000e-01 2.9095430000e-13 -3.0954300000e-14 -2.6000000000e-13 0.0000000000e+00 0.0000000000e+00
-2.7000000000e-01 -2.7000000000e-01 -2.0000000000e-01 3.0101540000e-13 -3.1015400000e-14 -2.7000000000e-13 0.0000000000e+00 0.0000000000e+00
-2.8000000000e-01 -2.8000000000e-01 -2.0000000000e-01 3.1107400000e-13 -3.1074000000e-14 -2.8000000000e-13 0.0000000000e+00 0.0000000000e+00
-2.9000000000e-01 -2.9000000000e-01 -2.0000000000e-01 3.2113040000e-13 -3.1130400000e-14 -2.9000000000e-13 0.0000000000e+00 0.0000000000e+00
-3.0000000000e-01 -3.0000000000e-01 -2.0000000000e-01 3.3118470000e-13 -3.1184700000e-14 -3.0000000000e-13 0.0000000000e+00 0.0000000000e+00
-3.1000000000e-01 -3.1000000000e-01 -2.0000000000e-01 3.4123700000e-13 -3.1237000000e-14 -3.1000000000e-13 0.0000000000e+00 0.0000000000e+00
-3.2000000000e-01 -3.2000000000e-01 -2.0000000000e-01 3.5128760000e-13 -3.1287600000e-14 -3.2000000000e-13 0.0000000000e+00 0.0000000000e+00
-3.3000000000e-01 -3.3000000000e-01 -2.0000000000e-01 3.6133660000e-13 -3.1336600000e-14 -3.3000000000e-13 0.0000000000e+00 0.0000000000e+00
-3.4000000000e-01 -3.4000000000e-01 -2.0000000000e-01 3.7138400000e-13 -3.1384000000e-14 -3.4000000000e-13 0.0000000000e+00 5.0487097934e-29
-3.5000000000e-01 -3.5000000000e-01 -2.0000000000e-01 3.8143000000e-13 -3.1430000000e-14 -3.5000000000e-13 0.0000000000e+00 0.0000000000e+00
-3.6000000000e-01 -3.6000000000e-01 -2.0000000000e-01 3.9147470000e-13 -3.1474700000e-14 -3.6000000000e-13 0.0000000000e+00 0.0000000000e+00
-3.7000000000e-01 -3.7000000000e-01 -2.0000000000e-01 4.0151820000e-13 -3.1518200000e-14 -3.7000000000e-13 0.0000000000e+00 5.0487097934e-29
-3.8000000000e-01 -3.8000000000e-01 -2.0000000000e-01 4.1156040000e-13 -3.1560400000e-14 -3.8000000000e-13 0.0000000000e+00 0.0000000000e+00
-3.9000000000e-01 -3.9000000000e-01 -2.0000000000e-01 4.2160160000e-13 -3.1601600000e-14 -3.9000000000e-13 0.0000000000e+00 0.0000000000e+00
-4.0000000000e-01 -4.0000000000e-01 -2.0000000000e-01 4.3164180000e-13 -3.1641800000e-14 -4.0000000000e-13 0.0000000000e+00 5.0487097934e-29
-4.1000000000e-01 -4.1000000000e-01 -2.0000000000e-01 4.4168090000e-13 -3.1680900000e-14 -4.1000000000e-13 0.0000000000e+00 5.0487097934e-29
-4.2000000000e-01 -4.2000000000e-01 -2.0000000000e-01 4.5171920000e-13 -3.1719200000e-14 -4.2000000000e-13 0.0000000000e+00 5.0487097934e-29
-4.3000000000e-01 -4.3000000000e-01 -2.0000000000e-01 4.6175650000e-13 -3.1756500000e-14 -4.3000000000e-13 0.0000000000e+00 0.0000000000e+00
-4.4000000000e-01 -4.4000000000e-01 -2.0000000000e-01 4.7179300000e-13 -3.1793000000e-14 -4.4000000000e-13 0.0000000000e+00 0.0000000000e+00
-4.5000000000e-01 -4.5000000000e-01 -2.0000000000e-01 4.8182880000e-13 -3.1828800000e-14 -4.5000000000e-13 0.0000000000e+00 5.0487097934e-29
-4.6000000000e-01 -4.6000000000e-01 -2.0000000000e-01 4.9186370000e-13 -3.1863700000e-14 -4.6000000000e-13 0.0000000000e+00 1.0097419587e-28
-4.7000000000e-01 -4.7000000000e-01 -2.0000000000e-01 5.0189800000e-13 -3.1898000000e-14 -4.7000000000e-13 0.0000000000e+00 0.0000000000e+00
-4.8000000000e-01 -4.8000000000e-01 -2.0000000000e-01 5.1193150000e-13 -3.1931500000e-14 -4.8000000000e-13 0.0000000000e+00 0.0000000000e+00
-4.9000000000e-01 -4.9000000000e-01 -2.0000000000e-01 5.2196440000e-13 -3.1964400000e-14 -4.9000000000e-13 0.0000000000e+00 0.0000000000e+00
-5.0000000000e-01 -5.0000000000e-01 -2.0000000000e-01 5.3199670000e-13 -3.1996700000e-14 -5.0000000000e-13 0.0000000000e+00 1.0097419587e-28
-5.1000000000e-01 -5.1000000000e-01 -2.0000000000e-01 5.4202840000e-13 -3.2028400000e-14 -5.1000000000e-13 0.0000000000e+00 0.0000000000e+00
-5.2000000000e-01 -5.2000000000e-01 -2.0000000000e-01 5.5205950000e-13 -3.2059500000e-14 -5.2000000000e-13 0.0000000000e+00 0.0000000000e+00
-5.3000000000e-01 -5.3000000000e-01 -2.0000000000e-01 5.6209000000e-13 -3.2090000000e-14 -5.3000000000e-13 0.0000000000e+00 0.0000000000e+00
-5.4000000000e-01 -5.4000000000e-01 -2.0000000000e-01 5.7212000000e-13 -3.2120000000e-14 -5.4000000000e-13 0.0000000000e+00 1.0097419587e-28
-5.5000000000e-01 -5.5000000000e-01 -2.0000000000e-01 5.8214950000e-13 -3.2149500000e-14 -5.5000000000e-13 0.0000000000e+00 1.0097419587e-28
-5.6000000000e-01 -5.6000000000e-01 -2.0000000000e-01 5.9217840000e-13 -3.2178400000e-14 -5.6000000000e-13 0.0000000000e+00 0.0000000000e+00
-5.7000000000e-01 -5.7000000000e-01 -2.0000000000e-01 6.0220700000e-13 -3.2207000000e-14 -5.7000000000e-13 0.0000000000e+00 0.0000000000e+00
-5.8000000000e-01 -5.8000000000e-01 -2.0000000000e-01 6.1223500000e-13 -3.2235000000e-14 -5.8000000000e-13 0.0000000000e+00 0.0000000000e+00
-5.9000000000e-01 -5.9000000000e-01 -2.0000000000e-01 6.2226260000e-13 -3.2262600000e-14 -5.9000000000e-13 0.0000000000e+00 1.0097419587e-28
-6.0000000000e-01 -6.0000000000e-01 -2.0000000000e-01 6.3228980000e-13 -3.2289800000e-14 -6.0000000000e-13 0.0000000000e+00 0.0000000000e+00
-6.1000000000e-01 -6.1000000000e-01 -2.0000000000e-01 6.4231660000e-13 -3.2316600000e-14 -6.1000000000e-13 0.0000000000e+00 1.0097419587e-28
-6.2000000000e-01 -6.2000000000e-01 -2.0000000000e-01 6.5234300000e-13 -3.2343000000e-14 -6.2000000000e-13 0.0000000000e+00 1.0097419587e-28
-6.3000000000e-01 -6.3000000000e-01 -2.0000000000e-01 6.6236890000e-13 -3.2368900000e-14 -6.3000000000e-13 0.0000000000e+00 1.0097419587e-28
-6.4000000000e-01 -6.4000000000e-01 -2.0000000000e-01 6.7239460000e-13 -3.2394600000e-14 -6.4000000000e-13 0.0000000000e+00 0.0000000000e+00
-6.5000000000e-01 -6.5000000000e-01 -2.0000000000e-01 6.8241980000e-13 -3.2419800000e-14 -6.5000000000e-13 0.0000000000e+00 0.0000000000e+00
-6.6000000000e-01 -6.6000000000e-01 -2.0000000000e-01 6.9244470000e-13 -3.2444700000e-14 -6.6000000000e-13 0.0000000000e+00 1.0097419587e-28
-6.7000000000e-01 -6.7000000000e-01 -2.0000000000e-01 7.0246930000e-13 -3.2469300000e-14 -6.7000000000e-13 0.0000000000e+00 0.0000000000e+00
-6.8000000000e-01 -6.8000000000e-01 -2.0000000000e-01 7.1249350000e-13 -3.2493500000e-14 -6.8000000000e-13 0.0000000000e+00 1.0097419587e-28
-6.9000000000e-01 -6.9000000000e-01 -2.0000000000e-01 7.2251750000e-13 -3.2517500000e-14 -6.9000000000e-13 0.0000000000e+00 0.0000000000e+00
-7.0000000000e-01 -7.0000000000e-01 -2.0000000000e-01 7.3254110000e-13 -3.2541100000e-14 -7.0000000000e-13 0.0000000000e+00 0.0000000000e+00
-7.1000000000e-01 -7.1000000000e-01 -2.0000000000e-01 7.4256440000e-13 -3.2564400000e-14 -7.1000000000e-13 0.0000000000e+00 1.0097419587e-28
-7.2000000000e-01 -7.2000000000e-01 -2.0000000000e-01 7.5258740000e-13 -3.2587400000e-14 -7.2000000000e-13 0.0000000000e+00 0.0000000000e+00
-7.3000000000e-01 -7.3000000000e-01 -2.0000000000e-01 7.6261020000e-13 -3.2610200000e-14 -7.3000000000e-13 0.0000000000e+00 0.0000000000e+00
-7.4000000000e-01 -7.4000000000e-01 -2.0000000000e-01 7.7263260000e-13 -3.2632600000e-14 -7.4000000000e-13 0.0000000000e+00 0.0000000000e+00
-7.5000000000e-01 -7.5000000000e-01 -2.0000000000e-01 7.8265490000e-13 -3.2654900000e-14 -7.5000000000e-13 0.0000000000e+00 1.0097419587e-28
-7.6000000000e-01 -7.6000000000e-01 -2.0000000000e-01 7.9267680000e-13 -3.2676800000e-14 -7.6000000000e-13 0.0000000000e+00 1.0097419587e-28
-7.7000000000e-01 -7.7000000000e-01 -2.0000000000e-01 8.0269850000e-13 -3.2698500000e-14 -7.7000000000e-13 0.0000000000e+00 0.0000000000e+00
-7.8000000000e-01 -7.8000000000e-01 -2.0000000000e-01 8.1271990000e-13 -3.2719900000e-14 -7.8000000000e-13 0.0000000000e+00 0.0000000000e+00
-7.9000000000e-01 -7.9000000000e-01 -2.0000000000e-01 8.2274110000e-13 -3.2741100000e-14 -7.9000000000e-13 0.0000000000e+00 1.0097419587e-28
-8.0000000000e-01 -8.0000000000e-01 -2.0000000000e-01 8.3276210000e-13 -3.2762100000e-14 -8.0000000000e-13 0.0000000000e+00 1.0097419587e-28
-8.1000000000e-01 -8.1000000000e-01 -2.0000000000e-01 8.4278280000e-13 -3.2782800000e-14 -8.1000000000e-13 0.0000000000e+00 1.0097419587e-28
-8.2000000000e-01 -8.2000000000e-01 -2.0000000000e-01 8.5280340000e-13 -3.2803400000e-14 -8.2000000000e-13 0.0000000000e+00 1.0097419587e-28
-8.3000000000e-01 -8.3000000000e-01 -2.0000000000e-01 8.6282370000e-13 -3.2823700000e-14 -8.3000000000e-13 0.0000000000e+00 0.0000000000e+00
-8.4000000000e-01 -8.4000000000e-01 -2.0000000000e-01 8.7284380000e-13 -3.2843800000e-14 -8.4000000000e-13 0.0000000000e+00 0.0000000000e+00
-8.5000000000e-01 -8.5000000000e-01 -2.0000000000e-01 8.8286360000e-13 -3.2863600000e-14 -8.5000000000e-13 0.0000000000e+00 0.0000000000e+00
-8.6000000000e-01 -8.6000000000e-01 -2.0000000000e-01 8.9288330000e-13 -3.2883300000e-14 -8.6000000000e-13 0.0000000000e+00 1.0097419587e-28
-8.7000000000e-01 -8.7000000000e-01 -2.0000000000e-01 9.0290280000e-13 -3.2902800000e-14 -8.7000000000e-13 0.0000000000e+00 0.0000000000e+00
-8.8000000000e-01 -8.8000000000e-01 -2.0000000000e-01 9.1292210000e-13 -3.2922100000e-14 -8.8000000000e-13 0.0000000000e+00 0.0000000000e+00
-8.9000000000e-01 -8.9000000000e-01 -2.0000000000e-01 9.2294120000e-13 -3.2941200000e-14 -8.9000000000e-13 0.0000000000e+00 1.0097419587e-28
-9.0000000000e-01 -9.0000000000e-01 -2.0000000000e-01 9.3296010000e-13 -3.2960100000e-14 -9.0000000000e-13 0.0000000000e+00 1.0097419587e-28
-9.1000000000e-01 -9.1000000000e-01 -2.0000000000e-01 9.4297890000e-13 -3.2978900000e-14 -9.1000000000e-13 0.0000000000e+00 2.0194839174e-28
-9.2000000000e-01 -9.2000000000e-01 -2.0000000000e-01 9.5299740000e-13 -3.2997400000e-14 -9.2000000000e-13 0.0000000000e+00 2.0194839174e-28
-9.3000000000e-01 -9.3000000000e-01 -2.0000000000e-01 9.6301580000e-13 -3.3015800000e-14 -9.3000000000e-13 0.0000000000e+00 0.0000000000e+00
-9.4000000000e-01 -9.4000000000e-01 -2.0000000000e-01 9.7303410000e-13 -3.3034100000e-14 -9.4000000000e-13 0.0000000000e+00 0.0000000000e+00
-9.5000000000e-01 -9.5000000000e-01 -2.0000000000e-01 9.8305210000e-13 -3.3052100000e-14 -9.5000000000e-13 0.0000000000e+00 2.0194839174e-28
-9.6000000000e-01 -9.6000000000e-01 -2.0000000000e-01 9.9307000000e-13 -3.3070000000e-14 -9.6000000000e-13 0.0000000000e+00 0.0000000000e+00
-9.7000000000e-01 -9.7000000000e-01 -2.0000000000e-01 1.0031000000e-12 -3.3087800000e-14 -9.7000000000e-13 0.0000000000e+00 1.2200000000e-17
-9.8000000000e-01 -9.8000000000e-01 -2.0000000000e-01 1.0131000000e-12 -3.3105400000e-14 -9.8000000000e-13 0.0000000000e+00 5.4000000003e-18
-9.9000000000e-01 -9.9000000000e-01 -2.0000000000e-01 1.0231000000e-12 -3.3122800000e-14 -9.9000000000e-13 0.0000000000e+00 2.2800000000e-17
-1.0000000000e+00 -1.0000000000e+00 -2.0000000000e-01 1.0331000000e-12 -3.3140100000e-14 -1.0000000000e-12 0.0000000000e+00 4.0100000000e-17
-1.0100000000e+00 -1.0100000000e+00 -2.0000000000e-01 1.0432000000e-12 -3.3157300000e-14 -1.0100000000e-12 0.0000000000e+00 4.2700000000e-17
-1.0200000000e+00 -1.0200000000e+00 -2.0000000000e-01 1.0532000000e-12 -3.3174300000e-14 -1.0200000000e-12 0.0000000000e+00 2.5700000000e-17
-1.0300000000e+00 -1.0300000000e+00 -2.0000000000e-01 1.0632000000e-12 -3.3191100000e-14 -1.0300000000e-12 0.0000000000e+00 8.8999999999e-18
-1.0400000000e+00 -1.0400000000e+00 -2.0000000000e-01 1.0732000000e-12 -3.3207900000e-14 -1.0400000000e-12 0.0000000000e+00 7.9000000001e-18
-1.0500000000e+00 -1.0500000000e+00 -2.0000000000e-01 1.0832000000e-12 -3.3224500000e-14 -1.0500000000e-12 0.0000000000e+00 2.4500000000e-17
-1.0600000000e+00 -1.0600000000e+00 -2.0000000000e-01 1.0932000000e-12 -3.3240900000e-14 -1.0600000000e-12 0.0000000000e+00 4.0900000000e-17
-1.0700000000e+00 -1.0700000000e+00 -2.0000000000e-01 1.1033000000e-12 -3.3257300000e-14 -1.0700000000e-12 0.0000000000e+00 4.2700000000e-17
-1.0800000000e+00 -1.0800000000e+00 -2.0000000000e-01 1.1133000000e-12 -3.3273500000e-14 -1.0800000000e-12 0.0000000000e+00 2.6500000000e-17
-1.0900000000e+00 -1.0900000000e+00 -2.0000000000e-01 1.1233000000e-12 -3.3289600000e-14 -1.0900000000e-12 0.0000000000e+00 1.0400000000e-17
-1.1000000000e+00 -1.1000000000e+00 -2.0000000000e-01 1.1333000000e-12 -3.3305600000e-14 -1.1000000000e-12 0.0000000000e+00 5.6000000002e-18
-1.1100000000e+00 -1.1100000000e+00 -2.0000000000e-01 1.1433000000e-12 -3.3321400000e-14 -1.1100000000e-12 0.0000000000e+00 2.1400000000e-17
-1.1200000000e+00 -1.1200000000e+00 -2.0000000000e-01 1.1533000000e-12 -3.3337100000e-14 -1.1200000000e-12 0.0000000000e+00 3.7100000000e-17
-1.1300000000e+00 -1.1300000000e+00 -2.0000000000e-01 1.1634000000e-12 -3.3352700000e-14 -1.1300000000e-12 0.0000000000e+00 4.7300000000e-17
-1.1400000000e+00 -1.1400000000e+00 -2.0000000000e-01 1.1734000000e-12 -3.3368200000e-14 -1.1400000000e-12 0.0000000000e+00 3.1800000000e-17
-1.1500000000e+00 -1.1500000000e+00 -2.0000000000e-01 1.1834000000e-12 -3.3383600000e-14 -1.1500000000e-12 0.0000000000e+00 1.6400000000e-17
-1.1600000000e+00 -1.1600000000e+00 -2.0000000000e-01 1.1934000000e-12 -3.3398900000e-14 -1.1600000000e-12 0.0000000000e+00 1.1000000000e-18
-1.1700000000e+00 -1.1700000000e+00 -2.0000000000e-01 1.2034000000e-12 -3.3414100000e-14 -1.1700000000e-12 0.0000000000e+00 1.4100000000e-17
-1.1800000000e+00 -1.1800000000e+00 -2.0000000000e-01 1.2134000000e-12 -3.3429200000e-14 -1.1800000000e-12 0.0000000000e+00 2.9200000000e-17
-1.1900000000e+00 -1.1900000000e+00 -2.0000000000e-01 1.2234000000e-12 -3.3444100000e-14 -1.1900000000e-12 0.0000000000e+00 4.4100000000e-17
-1.2000000000e+00 -1.2000000000e+00 -2.0000000000e-01 1.2335000000e-12 -3.3459000000e-14 -1.2000000000e-12 0.0000000000e+00 4.1000000000e-17
0.0000000000e+00 0.0000000000e+00 -4.0000000000e-01 0.0000000000e+00 0.0000000000e+00 0.0000000000e+00 0.0000000000e+00 0.0000000000e+00
-1.0000000000e-02 -1.0000000000e-02 -4.0000000000e-01 5.9900520000e-13 -5.8900520000e-13 -1.0000000000e-14 0.0000000000e+00 4.4176210692e-29
-2.0000000000e-02 -2.0000000000e-02 -4.0000000000e-01 1.0764000000e-12 -1.0564000000e-12 -2.0000000000e-14 0.0000000000e+00 8.8352421385e-29
-3.0000000000e-02 -3.0000000000e-02 -4.0000000000e-01 1.4418000000e-12 -1.4118000000e-12 -3.0000000000e-14 0.0000000000e+00 6.9419759659e-29
-4.0000000000e-02 -4.0000000000e-02 -4.0000000000e-01 1.7093000000e-12 -1.6693000000e-12 -4.0000000000e-14 0.0000000000e+00 2.5243548967e-29
-5.0000000000e-02 -5.0000000000e-02 -4.0000000000e-01 1.8973000000e-12 -1.8473000000e-12 -5.0000000000e-14 0.0000000000e+00 1.2621774484e-29
-6.0000000000e-02 -6.0000000000e-02 -4.0000000000e-01 2.0266000000e-12 -1.9666000000e-12 -6.0000000000e-14 0.0000000000e+00 5.4273630279e-28
-7.0000000000e-02 -7.0000000000e-02 -4.0000000000e-01 2.1161000000e-12 -2.0461000000e-12 -7.0000000000e-14 0.0000000000e+00 1.0097419587e-28
-8.0000000000e-02 -8.0000000000e-02 -4.0000000000e-01 2.1800000000e-12 -2.1000000000e-12 -8.0000000000e-14 0.0000000000e+00 5.0487097934e-29
-9.0000000000e-02 -9.0000000000e-02 -4.0000000000e-01 2.2280000000e-12 -2.1380000000e-12 -9.0000000000e-14 0.0000000000e+00 2.1457016622e-28
-1.0000000000e-01 -1.0000000000e-01 -4.0000000000e-01 2.2660000000e-12 -2.1660000000e-12 -1.0000000000e-13 0.0000000000e+00 2.5243548967e-29
-1.1000000000e-01 -1.1000000000e-01 -4.0000000000e-01 2.2977000000e-12 -2.1877000000e-12 -1.1000000000e-13 0.0000000000e+00 2.7767903864e-28
-1.2000000000e-01 -1.2000000000e-01 -4.0000000000e-01 2.3250000000e-12 -2.2050000000e-12 -1.2000000000e-13 0.0000000000e+00 2.7767903864e-28
-1.3000000000e-01 -1.3000000000e-01 -4.0000000000e-01 2.3494000000e-12 -2.2194000000e-12 -1.3000000000e-13 0.0000000000e+00 4.5438388141e-28
-1.4000000000e-01 -1.4000000000e-01 -4.0000000000e-01 2.3717000000e-12 -2.2317000000e-12 -1.4000000000e-13 0.0000000000e+00 2.0194839174e-28
-1.5000000000e-01 -1.5000000000e-01 -4.0000000000e-01 2.3925000000e-12 -2.2425000000e-12 -1.5000000000e-13 0.0000000000e+00 5.0487097934e-29
-1.6000000000e-01 -1.6000000000e-01 -4.0000000000e-01 2.4120000000e-12 -2.2520000000e-12 -1.6000000000e-13 0.0000000000e+00 1.0097419587e-28
-1.7000000000e-01 -1.7000000000e-01 -4.0000000000e-01 2.4306000000e-12 -2.2606000000e-12 -1.7000000000e-13 0.0000000000e+00 1.2621774484e-28
-1.8000000000e-01 -1.8000000000e-01 -4.0000000000e-01 2.4484000000e-12 -2.2684000000e-12 -1.8000000000e-13 0.0000000000e+00 3.7865323451e-28
-1.9000000000e-01 -1.9000000000e-01 -4.0000000000e-01 2.4656000000e-12 -2.2756000000e-12 -1.9000000000e-13 0.0000000000e+00 1.7670484277e-28
-2.0000000000e-01 -2.0000000000e-01 -4.0000000000e-01 2.4823000000e-12 -2.2823000000e-12 -2.0000000000e-13 0.0000000000e+00 5.0487097934e-29
-2.1000000000e-01 -2.1000000000e-01 -4.0000000000e-01 2.4986000000e-12 -2.2886000000e-12 -2.1000000000e-13 0.0000000000e+00 1.0097419587e-28
-2.2000000000e-01 -2.2000000000e-01 -4.0000000000e-01 2.5145000000e-12 -2.2945000000e-12 -2.2000000000e-13 0.0000000000e+00 1.5146129380e-28
-2.3000000000e-01 -2.3000000000e-01 -4.0000000000e-01 2.5300000000e-12 -2.3000000000e-12 -2.3000000000e-13 0.0000000000e+00 0.0000000000e+00
-2.4000000000e-01 -2.4000000000e-01 -4.0000000000e-01 2.5453000000e-12 -2.3053000000e-12 -2.4000000000e-13 0.0000000000e+00 1.5146129380e-28
-2.5000000000e-01 -2.5000000000e-01 -4.0000000000e-01 2.5603000000e-12 -2.3103000000e-12 -2.5000000000e-13 0.0000000000e+00 3.5340968554e-28
-2.6000000000e-01 -2.6000000000e-01 -4.0000000000e-01 2.5751000000e-12 -2.3151000000e-12 -2.6000000000e-13 0.0000000000e+00 3.0292258760e-28
-2.7000000000e-01 -2.7000000000e-01 -4.0000000000e-01 2.5897000000e-12 -2.3197000000e-12 -2.7000000000e-13 0.0000000000e+00 2.5243548967e-28
-2.8000000000e-01 -2.8000000000e-01 -4.0000000000e-01 2.6040000000e-12 -2.3240000000e-12 -2.8000000000e-13 0.0000000000e+00 4.0389678347e-28
-2.9000000000e-01 -2.9000000000e-01 -4.0000000000e-01 2.6183000000e-12 -2.3283000000e-12 -2.9000000000e-13 0.0000000000e+00 2.5243548967e-28
-3.0000000000e-01 -3.0000000000e-01 -4.0000000000e-01 2.6323000000e-12 -2.3323000000e-12 -3.0000000000e-13 0.0000000000e+00 1.0097419587e-28
-3.1000000000e-01 -3.1000000000e-01 -4.0000000000e-01 2.6462000000e-12 -2.3362000000e-12 -3.1000000000e-13 0.0000000000e+00 5.0487097934e-29
-3.2000000000e-01 -3.2000000000e-01 -4.0000000000e-01 2.6600000000e-12 -2.3400000000e-12 -3.2000000000e-13 0.0000000000e+00 2.0194839174e-28
-3.3000000000e-01 -3.3000000000e-01 -4.0000000000e-01 2.6737000000e-12 -2.3437000000e-12 -3.3000000000e-13 0.0000000000e+00 0.0000000000e+00
-3.4000000000e-01 -3.4000000000e-01 -4.0000000000e-01 2.6872000000e-12 -2.3472000000e-12 -3.4000000000e-13 0.0000000000e+00 2.5243548967e-28
-3.5000000000e-01 -3.5000000000e-01 -4.0000000000e-01 2.7007000000e-12 -2.3507000000e-12 -3.5000000000e-13 0.0000000000e+00 3.0292258760e-28
-3.6000000000e-01 -3.6000000000e-01 -4.0000000000e-01 2.7140000000e-12 -2.3540000000e-12 -3.6000000000e-13 0.0000000000e+00 5.0487097934e-29
-3.7000000000e-01 -3.7000000000e-01 -4.0000000000e-01 2.7273000000e-12 -2.3573000000e-12 -3.7000000000e-13 0.0000000000e+00 2.0194839174e-28
-3.8000000000e-01 -3.8000000000e-01 -4.0000000000e-01 2.7404000000e-12 -2.3604000000e-12 -3.8000000000e-13 0.0000000000e+00 5.0487097934e-29
-3.9000000000e-01 -3.9000000000e-01 -4.0000000000e-01 2.7535000000e-12 -2.3635000000e-12 -3.9000000000e-13 0.0000000000e+00 3.0292258760e-28
-4.0000000000e-01 -4.0000000000e-01 -4.0000000000e-01 2.7665000000e-12 -2.3665000000e-12 -4.0000000000e-13 0.0000000000e+00 3.0292258760e-28
-4.1000000000e-01 -4.1000000000e-01 -4.0000000000e-01 2.7794000000e-12 -2.3694000000e-12 -4.1000000000e-13 0.0000000000e+00 3.5340968554e-28
-4.2000000000e-01 -4.2000000000e-01 -4.0000000000e-01 2.7923000000e-12 -2.3723000000e-12 -4.2000000000e-13 0.0000000000e+00 2.0194839174e-28
-4.3000000000e-01 -4.3000000000e-01 -4.0000000000e-01 2.8051000000e-12 -2.3751000000e-12 -4.3000000000e-13 0.0000000000e+00 4.5438388141e-28
-4.4000000000e-01 -4.4000000000e-01 -4.0000000000e-01 2.8178000000e-12 -2.3778000000e-12 -4.4000000000e-13 0.0000000000e+00 3.0292258760e-28
-4.5000000000e-01 -4.5000000000e-01 -4.0000000000e-01 2.8305000000e-12 -2.3805000000e-12 -4.5000000000e-13 0.0000000000e+00 5.5535807728e-28
-4.6000000000e-01 -4.6000000000e-01 -4.0000000000e-01 2.8431000000e-12 -2.3831000000e-12 -4.6000000000e-13 0.0000000000e+00 0.0000000000e+00
-4.7000000000e-01 -4.7000000000e-01 -4.0000000000e-01 2.8557000000e-12 -2.3857000000e-12 -4.7000000000e-13 0.0000000000e+00 2.0194839174e-28
-4.8000000000e-01 -4.8000000000e-01 -4.0000000000e-01 2.8682000000e-12 -2.3882000000e-12 -4.8000000000e-13 0.0000000000e+00 1.0097419587e-28
-4.9000000000e-01 -4.9000000000e-01 -4.0000000000e-01 2.8806000000e-12 -2.3906000000e-12 -4.9000000000e-13 0.0000000000e+00 3.0292258760e-28
-5.0000000000e-01 -5.0000000000e-01 -4.0000000000e-01 2.8931000000e-12 -2.3931000000e-12 -5.0000000000e-13 0.0000000000e+00 1.0097419587e-28
-5.1000000000e-01 -5.1000000000e-01 -4.0000000000e-01 2.9054000000e-12 -2.3954000000e-12 -5.1000000000e-13 0.0000000000e+00 0.0000000000e+00
-5.2000000000e-01 -5.2000000000e-01 -4.0000000000e-01 2.9177000000e-12 -2.3977000000e-12 -5.2000000000e-13 0.0000000000e+00 2.0194839174e-28
-5.3000000000e-01 -5.3000000000e-01 -4.0000000000e-01 2.9300000000e-12 -2.4000000000e-12 -5.3000000000e-13 0.0000000000e+00 3.0292258760e-28
-5.4000000000e-01 -5.4000000000e-01 -4.0000000000e-01 2.9423000000e-12 -2.4023000000e-12 -5.4000000000e-13 0.0000000000e+00 3.0292258760e-28
-5.5000000000e-01 -5.5000000000e-01 -4.0000000000e-01 2.9545000000e-12 -2.4045000000e-12 -5.5000000000e-13 0.0000000000e+00 2.0194839174e-28
-5.6000000000e-01 -5.6000000000e-01 -4.0000000000e-01 2.9666000000e-12 -2.4066000000e-12 -5.6000000000e-13 0.0000000000e+00 0.0000000000e+00
-5.7000000000e-01 -5.7000000000e-01 -4.0000000000e-01 2.9788000000e-12 -2.4088000000e-12 -5.7000000000e-13 0.0000000000e+00 6.0584517521e-28
-5.8000000000e-01 -5.8000000000e-01 -4.0000000000e-01 2.9909000000e-12 -2.4109000000e-12 -5.8000000000e-13 0.0000000000e+00 1.0097419587e-28
-5.9000000000e-01 -5.9000000000e-01 -4.0000000000e-01 3.0029000000e-12 -2.4129000000e-12 -5.9000000000e-13 0.0000000000e+00 3.0292258760e-28
-6.0000000000e-01 -6.0000000000e-01 -4.0000000000e-01 3.0150000000e-12 -2.4150000000e-12 -6.0000000000e-13 0.0000000000e+00 2.0194839174e-28
-6.1000000000e-01 -6.1000000000e-01 -4.0000000000e-01 3.0270000000e-12 -2.4170000000e-12 -6.1000000000e-13 0.0000000000e+00 0.0000000000e+00
-6.2000000000e-01 -6.2000000000e-01 -4.0000000000e-01 3.0389000000e-12 -2.4189000000e-12 -6.2000000000e-13 0.0000000000e+00 1.0097419587e-28
-6.3000000000e-01 -6.3000000000e-01 -4.0000000000e-01 3.0509000000e-12 -2.4209000000e-12 -6.3000000000e-13 0.0000000000e+00 1.0097419587e-28
-6.4000000000e-01 -6.4000000000e-01 -4.0000000000e-01 3.0628000000e-12 -2.4228000000e-12 -6.4000000000e-13 0.0000000000e+00 0.0000000000e+00
-6.5000000000e-01 -6.5000000000e-01 -4.0000000000e-01 3.0747000000e-12 -2.4247000000e-12 -6.5000000000e-13 0.0000000000e+00 2.0194839174e-28
-6.6000000000e-01 -6.6000000000e-01 -4.0000000000e-01 3.0866000000e-12 -2.4266000000e-12 -6.6000000000e-13 0.0000000000e+00 4.0389678347e-28
-6.7000000000e-01 -6.7000000000e-01 -4.0000000000e-01 3.0984000000e-12 -2.4284000000e-12 -6.7000000000e-13 0.0000000000e+00 3.0292258760e-28
-6.8000000000e-01 -6.8000000000e-01 -4.0000000000e-01 3.1102000000e-12 -2.4302000000e-12 -6.8000000000e-13 0.0000000000e+00 5.0487097934e-28
-6.9000000000e-01 -6.9000000000e-01 -4.0000000000e-01 3.1220000000e-12 -2.4320000000e-12 -6.9000000000e-13 0.0000000000e+00 0.0000000000e+00
-7.0000000000e-01 -7.0000000000e-01 -4.0000000000e-01 3.1338000000e-12 -2.4338000000e-12 -7.0000000000e-13 0.0000000000e+00 2.0194839174e-28
-7.1000000000e-01 -7.1000000000e-01 -4.0000000000e-01 3.1455000000e-12 -2.4355000000e-12 -7.1000000000e-13 0.0000000000e+00 1.0097419587e-28
-7.2000000000e-01 -7.2000000000e-01 -4.0000000000e-01 3.1572000000e-12 -2.4372000000e-12 -7.2000000000e-13 0.0000000000e+00 1.0097419587e-28
-7.3000000000e-01 -7.3000000000e-01 -4.0000000000e-01 3.1689000000e-12 -2.4389000000e-12 -7.3000000000e-13 0.0000000000e+00 3.0292258760e-28
-7.4000000000e-01 -7.4000000000e-01 -4.0000000000e-01 3.1806000000e-12 -2.4406000000e-12 -7.4000000000e-13 0.0000000000e+00 0.0000000000e+00
-7.5000000000e-01 -7.5000000000e-01 -4.0000000000e-01 3.1923000000e-12 -2.4423000000e-12 -7.5000000000e-13 0.0000000000e+00 2.0194839174e-28
-7.6000000000e-01 -7.6000000000e-01 -4.0000000000e-01 3.2039000000e-12 -2.4439000000e-12 -7.6000000000e-13 0.0000000000e+00 5.0487097934e-28
-7.7000000000e-01 -7.7000000000e-01 -4.0000000000e-01 3.2155000000e-12 -2.4455000000e-12 -7.7000000000e-13 0.0000000000e+00 3.0292258760e-28
-7.8000000000e-01 -7.8000000000e-01 -4.0000000000e-01 3.2271000000e-12 -2.4471000000e-12 -7.8000000000e-13 0.0000000000e+00 2.0194839174e-28
-7.9000000000e-01 -7.9000000000e-01 -4.0000000000e-01 3.2387000000e-12 -2.4487000000e-12 -7.9000000000e-13 0.0000000000e+00 0.0000000000e+00
-8.0000000000e-01 -8.0000000000e-01 -4.0000000000e-01 3.2503000000e-12 -2.4503000000e-12 -8.0000000000e-13 0.0000000000e+00 2.0194839174e-28
-8.1000000000e-01 -8.1000000000e-01 -4.0000000000e-01 3.2618000000e-12 -2.4518000000e-12 -8.1000000000e-13 0.0000000000e+00 1.0097419587e-28
-8.2000000000e-01 -8.2000000000e-01 -4.0000000000e-01 3.2734000000e-12 -2.4534000000e-12 -8.2000000000e-13 0.0000000000e+00 5.0487097934e-28
-8.3000000000e-01 -8.3000000000e-01 -4.0000000000e-01 3.2849000000e-12 -2.4549000000e-12 -8.3000000000e-13 0.0000000000e+00 2.0194839174e-28
-8.4000000000e-01 -8.4000000000e-01 -4.0000000000e-01 3.2964000000e-12 -2.4564000000e-12 -8.4000000000e-13 0.0000000000e+00 0.0000000000e+00
-8.5000000000e-01 -8.5000000000e-01 -4.0000000000e-01 3.3079000000e-12 -2.4579000000e-12 -8.5000000000e-13 0.0000000000e+00 1.0097419587e-28
-8.6000000000e-01 -8.6000000000e-01 -4.0000000000e-01 3.3194000000e-12 -2.4594000000e-12 -8.6000000000e-13 0.0000000000e+00 1.0097419587e-28
-8.7000000000e-01 -8.7000000000e-01 -4.0000000000e-01 3.3308000000e-12 -2.4608000000e-12 -8.7000000000e-13 0.0000000000e+00 1.0097419587e-28
-8.8000000000e-01 -8.8000000000e-01 -4.0000000000e-01 3.3423000000e-12 -2.4623000000e-12 -8.8000000000e-13 0.0000000000e+00 2.0194839174e-28
-8.9000000000e-01 -8.9000000000e-01 -4.0000000000e-01 3.3537000000e-12 -2.4637000000e-12 -8.9000000000e-13 0.0000000000e+00 0.0000000000e+00
-9.0000000000e-01 -9.0000000000e-01 -4.0000000000e-01 3.3651000000e-12 -2.4651000000e-12 -9.0000000000e-13 0.0000000000e+00 3.0292258760e-28
-9.1000000000e-01 -9.1000000000e-01 -4.0000000000e-01 3.3765000000e-12 -2.4665000000e-12 -9.1000000000e-13 0.0000000000e+00 2.0194839174e-28
-9.2000000000e-01 -9.2000000000e-01 -4.0000000000e-01 3.3879000000e-12 -2.4679000000e-12 -9.2000000000e-13 0.0000000000e+00 0.0000000000e+00
-9.3000000000e-01 -9.3000000000e-01 -4.0000000000e-01 3.3993000000e-12 -2.4693000000e-12 -9.3000000000e-13 0.0000000000e+00 2.0194839174e-28
-9.4000000000e-01 -9.4000000000e-01 -4.0000000000e-01 3.4106000000e-12 -2.4706000000e-12 -9.4000000000e-13 0.0000000000e+00 0.0000000000e+00
-9.5000000000e-01 -9.5000000000e-01 -4.0000000000e-01 3.4220000000e-12 -2.4720000000e-12 -9.5000000000e-13 0.0000000000e+00 2.0194839174e-28
-9.6000000000e-01 -9.6000000000e-01 -4.0000000000e-01 3.4333000000e-12 -2.4733000000e-12 -9.6000000000e-13 0.0000000000e+00 2.0194839174e-28
-9.7000000000e-01 -9.7000000000e-01 -4.0000000000e-01 3.4447000000e-12 -2.4747000000e-12 -9.7000000000e-13 0.0000000000e+00 0.0000000000e+00
-9.8000000000e-01 -9.8000000000e-01 -4.0000000000e-01 3.4560000000e-12 -2.4760000000e-12 -9.8000000000e-13 0.0000000000e+00 2.0194839174e-28
-9.9000000000e-01 -9.9000000000e-01 -4.0000000000e-01 3.4673000000e-12 -2.4773000000e-12 -9.9000000000e-13 0.0000000000e+00 4.0389678347e-28
-1.0000000000e+00 -1.0000000000e+00 -4.0000000000e-01 3.4786000000e-12 -2.4786000000e-12 -1.0000000000e-12 0.0000000000e+00 2.0194839174e-28
-1.0100000000e+00 -1.0100000000e+00 -4.0000000000e-01 3.4898000000e-12 -2.4798000000e-12 -1.0100000000e-12 0.0000000000e+00 4.0389678347e-28
-1.0200000000e+00 -1.0200000000e+00 -4.0000000000e-01 3.5011000000e-12 -2.4811000000e-12 -1.0200000000e-12 0.0000000000e+00 0.0000000000e+00
-1.0300000000e+00 -1.0300000000e+00 -4.0000000000e-01 3.5124000000e-12 -2.4824000000e-12 -1.0300000000e-12 0.0000000000e+00 2.0194839174e-28
-1.0400000000e+00 -1.0400000000e+00 -4.0000000000e-01 3.5236000000e-12 -2.4836000000e-12 -1.0400000000e-12 0.0000000000e+00 0.0000000000e+00
-1.0500000000e+00 -1.0500000000e+00 -4.0000000000e-01 3.5349000000e-12 -2.4849000000e-12 -1.0500000000e-12 0.0000000000e+00 2.0194839174e-28
-1.0600000000e+00 -1.0600000000e+00 -4.0000000000e-01 3.5461000000e-12 -2.4861000000e-12 -1.0600000000e-12 0.0000000000e+00 2.0194839174e-28
-1.0700000000e+00 -1.0700000000e+00 -4.0000000000e-01 3.5573000000e-12 -2.4873000000e-12 -1.0700000000e-12 0.0000000000e+00 4.0389678347e-28
-1.0800000000e+00 -1.0800000000e+00 -4.0000000000e-01 3.5685000000e-12 -2.4885000000e-12 -1.0800000000e-12 0.0000000000e+00 6.0584517521e-28
-1.0900000000e+00 -1.0900000000e+00 -4.0000000000e-01 3.5797000000e-12 -2.4897000000e-12 -1.0900000000e-12 0.0000000000e+00 0.0000000000e+00
-1.1000000000e+00 -1.1000000000e+00 -4.0000000000e-01 3.5909000000e-12 -2.4909000000e-12 -1.1000000000e-12 0.0000000000e+00 0.0000000000e+00
-1.1100000000e+00 -1.1100000000e+00 -4.0000000000e-01 3.6021000000e-12 -2.4921000000e-12 -1.1100000000e-12 0.0000000000e+00 2.0194839174e-28
-1.1200000000e+00 -1.1200000000e+00 -4.0000000000e-01 3.6133000000e-12 -2.4933000000e-12 -1.1200000000e-12 0.0000000000e+00 0.0000000000e+00
-1.1300000000e+00 -1.1300000000e+00 -4.0000000000e-01 3.6245000000e-12 -2.4945000000e-12 -1.1300000000e-12 0.0000000000e+00 0.0000000000e+00
-1.1400000000e+00 -1.1400000000e+00 -4.0000000000e-01 3.6356000000e-12 -2.4956000000e-12 -1.1400000000e-12 0.0000000000e+00 2.0194839174e-28
-1.1500000000e+00 -1.1500000000e+00 -4.0000000000e-01 3.6468000000e-12 -2.4968000000e-12 -1.1500000000e-12 0.0000000000e+00 6.0584517521e-28
-1.1600000000e+00 -1.1600000000e+00 -4.0000000000e-01 3.6579000000e-12 -2.4979000000e-12 -1.1600000000e-12 0.0000000000e+00 4.0389678347e-28
-1.1700000000e+00 -1.1700000000e+00 -4.0000000000e-01 3.6691000000e-12 -2.4991000000e-12 -1.1700000000e-12 0.0000000000e+00 2.0194839174e-28
-1.1800000000e+00 -1.1800000000e+00 -4.0000000000e-01 3.6802000000e-12 -2.5002000000e-12 -1.1800000000e-12 0.0000000000e+00 8.0779356695e-28
-1.1900000000e+00 -1.1900000000e+00 -4.0000000000e-01 3.6913000000e-12 -2.5013000000e-12 -1.1900000000e-12 0.0000000000e+00 0.0000000000e+00
-1.2000000000e+00 -1.2000000000e+00 -4.0000000000e-01 3.7024000000e-12 -2.5024000000e-12 -1.2000000000e-12 0.0000000000e+00 2.0194839174e-28
0.0000000000e+00 0.0000000000e+00 -6.0000000000e-01 0.0000000000e+00 0.0000000000e+00 0.0000000000e+00 0.0000000000e+00 0.0000000000e+00
-1.0000000000e-02 -1.0000000000e-02 -6.0000000000e-01 4.3722800000e-11 -4.3712800000e-11 -1.0000000000e-14 0.0000000000e+00 1.7733593149e-27
-2.0000000000e-02 -2.0000000000e-02 -6.0000000000e-01 7.8423700000e-11 -7.8403700000e-11 -2.0000000000e-14 0.0000000000e+00 9.3779784413e-27
-3.0000000000e-02 -3.0000000000e-02 -6.0000000000e-01 1.0481040000e-10 -1.0478040000e-10 -3.0000000000e-14 0.0000000000e+00 1.1422705908e-27
-4.0000000000e-02 -4.0000000000e-02 -6.0000000000e-01 1.2392780000e-10 -1.2388780000e-10 -4.0000000000e-14 0.0000000000e+00 7.0934372597e-27
-5.0000000000e-02 -5.0000000000e-02 -6.0000000000e-01 1.3715330000e-10 -1.3710330000e-10 -5.0000000000e-14 0.0000000000e+00 1.5335455997e-26
-6.0000000000e-02 -6.0000000000e-02 -6.0000000000e-01 1.4601870000e-10 -1.4595870000e-10 -6.0000000000e-14 0.0000000000e+00 2.3564852961e-26
-7.0000000000e-02 -7.0000000000e-02 -6.0000000000e-01 1.5192390000e-10 -1.5185390000e-10 -7.0000000000e-14 0.0000000000e+00 5.9574775562e-27
-8.0000000000e-02 -8.0000000000e-02 -6.0000000000e-01 1.5593620000e-10 -1.5585620000e-10 -8.0000000000e-14 0.0000000000e+00 1.4186874519e-26
-9.0000000000e-02 -9.0000000000e-02 -6.0000000000e-01 1.5876790000e-10 -1.5867790000e-10 -9.0000000000e-14 0.0000000000e+00 3.4205008850e-27
-1.0000000000e-01 -1.0000000000e-01 -6.0000000000e-01 1.6085920000e-10 -1.6075920000e-10 -1.0000000000e-13 0.0000000000e+00 2.1027876290e-26
-1.1000000000e-01 -1.1000000000e-01 -6.0000000000e-01 1.6247430000e-10 -1.6236430000e-10 -1.1000000000e-13 0.0000000000e+00 1.3050914816e-26
-1.2000000000e-01 -1.2000000000e-01 -6.0000000000e-01 1.6377260000e-10 -1.6365260000e-10 -1.2000000000e-13 0.0000000000e+00 4.5690823630e-27
-1.3000000000e-01 -1.3000000000e-01 -6.0000000000e-01 1.6485210000e-10 -1.6472210000e-10 -1.3000000000e-13 0.0000000000e+00 3.6855581492e-27
-1.4000000000e-01 -1.4000000000e-01 -6.0000000000e-01 1.6577460000e-10 -1.6563460000e-10 -1.4000000000e-13 0.0000000000e+00 1.3934439030e-26
-1.5000000000e-01 -1.5000000000e-01 -6.0000000000e-01 1.6658100000e-10 -1.6643100000e-10 -1.5000000000e-13 0.0000000000e+00 5.7050420666e-27
-1.6000000000e-01 -1.6000000000e-01 -6.0000000000e-01 1.6729840000e-10 -1.6713840000e-10 -1.6000000000e-13 0.0000000000e+00 2.5243548967e-27
-1.7000000000e-01 -1.7000000000e-01 -6.0000000000e-01 1.6794620000e-10 -1.6777620000e-10 -1.7000000000e-13 0.0000000000e+00 1.0778995409e-26
-1.8000000000e-01 -1.8000000000e-01 -6.0000000000e-01 1.6853780000e-10 -1.6835780000e-10 -1.8000000000e-13 0.0000000000e+00 6.8410017701e-27
-1.9000000000e-01 -1.9000000000e-01 -6.0000000000e-01 1.6908340000e-10 -1.6889340000e-10 -1.9000000000e-13 0.0000000000e+00 2.4460998949e-26
-2.0000000000e-01 -2.0000000000e-01 -6.0000000000e-01 1.6959060000e-10 -1.6939060000e-10 -2.0000000000e-13 0.0000000000e+00 1.6206358437e-26
-2.1000000000e-01 -2.1000000000e-01 -6.0000000000e-01 1.7006520000e-10 -1.6985520000e-10 -2.1000000000e-13 0.0000000000e+00 1.7872432669e-26
-2.2000000000e-01 -2.2000000000e-01 -6.0000000000e-01 1.7051170000e-10 -1.7029170000e-10 -2.2000000000e-13 0.0000000000e+00 2.5243548967e-28
-2.3000000000e-01 -2.3000000000e-01 -6.0000000000e-01 1.7093380000e-10 -1.7070380000e-10 -2.3000000000e-13 0.0000000000e+00 8.4818324529e-27
-2.4000000000e-01 -2.4000000000e-01 -6.0000000000e-01 1.7133450000e-10 -1.7109450000e-10 -2.4000000000e-13 0.0000000000e+00 3.4987558868e-26
-2.5000000000e-01 -2.5000000000e-01 -6.0000000000e-01 1.7171610000e-10 -1.7146610000e-10 -2.5000000000e-13 0.0000000000e+00 8.5828066488e-28
-2.6000000000e-01 -2.6000000000e-01 -6.0000000000e-01 1.7208070000e-10 -1.7182070000e-10 -2.6000000000e-13 0.0000000000e+00 3.3220510441e-26
-2.7000000000e-01 -2.7000000000e-01 -6.0000000000e-01 1.7243000000e-10 -1.7216000000e-10 -2.7000000000e-13 0.0000000000e+00 1.0248880881e-26
-2.8000000000e-01 -2.8000000000e-01 -6.0000000000e-01 1.7276550000e-10 -1.7248550000e-10 -2.8000000000e-13 0.0000000000e+00 2.0194839174e-27
-2.9000000000e-01 -2.9000000000e-01 -6.0000000000e-01 1.7308830000e-10 -1.7279830000e-10 -2.9000000000e-13 0.0000000000e+00 1.9639481096e-26
-3.0000000000e-01 -3.0000000000e-01 -6.0000000000e-01 1.7339950000e-10 -1.7309950000e-10 -3.0000000000e-13 0.0000000000e+00 1.1410084133e-26
-3.1000000000e-01 -3.1000000000e-01 -6.0000000000e-01 1.7370010000e-10 -1.7339010000e-10 -3.1000000000e-13 0.0000000000e+00 3.1806871699e-27
-3.2000000000e-01 -3.2000000000e-01 -6.0000000000e-01 1.7399090000e-10 -1.7367090000e-10 -3.2000000000e-13 0.0000000000e+00 3.0898103936e-26
-3.3000000000e-01 -3.3000000000e-01 -6.0000000000e-01 1.7427260000e-10 -1.7394260000e-10 -3.3000000000e-13 0.0000000000e+00 1.3328593855e-26
-3.4000000000e-01 -3.4000000000e-01 -6.0000000000e-01 1.7454590000e-10 -1.7420590000e-10 -3.4000000000e-13 0.0000000000e+00 3.0140797467e-26
-3.5000000000e-01 -3.5000000000e-01 -6.0000000000e-01 1.7481120000e-10 -1.7446120000e-10 -3.5000000000e-13 0.0000000000e+00 2.9787387781e-26
-3.6000000000e-01 -3.6000000000e-01 -6.0000000000e-01 1.7506930000e-10 -1.7470930000e-10 -3.6000000000e-13 0.0000000000e+00 1.3682003540e-26
-3.7000000000e-01 -3.7000000000e-01 -6.0000000000e-01 1.7532040000e-10 -1.7495040000e-10 -3.7000000000e-13 0.0000000000e+00 5.4526065769e-27
-3.8000000000e-01 -3.8000000000e-01 -6.0000000000e-01 1.7556500000e-10 -1.7518500000e-10 -3.8000000000e-13 0.0000000000e+00 2.7767903864e-27
-3.9000000000e-01 -3.9000000000e-01 -6.0000000000e-01 1.7580360000e-10 -1.7541360000e-10 -3.9000000000e-13 0.0000000000e+00 1.4843206793e-26
-4.0000000000e-01 -4.0000000000e-01 -6.0000000000e-01 1.7603630000e-10 -1.7563630000e-10 -4.0000000000e-13 0.0000000000e+00 6.5633227314e-27
-4.1000000000e-01 -4.1000000000e-01 -6.0000000000e-01 1.7626370000e-10 -1.7585370000e-10 -4.1000000000e-13 0.0000000000e+00 2.4183319910e-26
-4.2000000000e-01 -4.2000000000e-01 -6.0000000000e-01 1.7648590000e-10 -1.7606590000e-10 -4.2000000000e-13 0.0000000000e+00 1.5953922947e-26
-4.3000000000e-01 -4.3000000000e-01 -6.0000000000e-01 1.7670320000e-10 -1.7627320000e-10 -4.3000000000e-13 0.0000000000e+00 1.8124868158e-26
-4.4000000000e-01 -4.4000000000e-01 -6.0000000000e-01 1.7691580000e-10 -1.7647580000e-10 -4.4000000000e-13 0.0000000000e+00 2.5344523163e-26
-4.5000000000e-01 -4.5000000000e-01 -6.0000000000e-01 1.7712410000e-10 -1.7667410000e-10 -4.5000000000e-13 0.0000000000e+00 1.7115126200e-26
-4.6000000000e-01 -4.6000000000e-01 -6.0000000000e-01 1.7732810000e-10 -1.7686810000e-10 -4.6000000000e-13 0.0000000000e+00 1.6963664906e-26
-4.7000000000e-01 -4.7000000000e-01 -6.0000000000e-01 1.7752820000e-10 -1.7705820000e-10 -4.7000000000e-13 0.0000000000e+00 6.0584517521e-28
-4.8000000000e-01 -4.8000000000e-01 -6.0000000000e-01 1.7772440000e-10 -1.7724440000e-10 -4.8000000000e-13 0.0000000000e+00 1.8276329452e-26
-4.9000000000e-01 -4.9000000000e-01 -6.0000000000e-01 1.7791700000e-10 -1.7742700000e-10 -4.9000000000e-13 0.0000000000e+00 9.9964453910e-27
-5.0000000000e-01 -5.0000000000e-01 -6.0000000000e-01 1.7810600000e-10 -1.7760600000e-10 -5.0000000000e-13 0.0000000000e+00 1.7165613298e-27
-5.1000000000e-01 -5.1000000000e-01 -6.0000000000e-01 1.7829170000e-10 -1.7778170000e-10 -5.1000000000e-13 0.0000000000e+00 1.9387045607e-26
-5.2000000000e-01 -5.2000000000e-01 -6.0000000000e-01 1.7847420000e-10 -1.7795420000e-10 -5.2000000000e-13 0.0000000000e+00 1.4742232597e-26
-5.3000000000e-01 -5.3000000000e-01 -6.0000000000e-01 1.7865360000e-10 -1.7812360000e-10 -5.3000000000e-13 0.0000000000e+00 2.9282516802e-27
-5.4000000000e-01 -5.4000000000e-01 -6.0000000000e-01 1.7883010000e-10 -1.7829010000e-10 -5.4000000000e-13 0.0000000000e+00 2.0497761761e-26
-5.5000000000e-01 -5.5000000000e-01 -6.0000000000e-01 1.7900370000e-10 -1.7845370000e-10 -5.5000000000e-13 0.0000000000e+00 1.2318851896e-26
-5.6000000000e-01 -5.6000000000e-01 -6.0000000000e-01 1.7917450000e-10 -1.7861450000e-10 -5.6000000000e-13 0.0000000000e+00 2.1810426308e-26
-5.7000000000e-01 -5.7000000000e-01 -6.0000000000e-01 1.7934270000e-10 -1.7877270000e-10 -5.7000000000e-13 0.0000000000e+00 3.0090310369e-26
-5.8000000000e-01 -5.8000000000e-01 -6.0000000000e-01 1.7950840000e-10 -1.7892840000e-10 -5.8000000000e-13 0.0000000000e+00 1.3429568050e-26
-5.9000000000e-01 -5.9000000000e-01 -6.0000000000e-01 1.7967160000e-10 -1.7908160000e-10 -5.9000000000e-13 0.0000000000e+00 5.1496839893e-27
-6.0000000000e-01 -6.0000000000e-01 -6.0000000000e-01 1.7983250000e-10 -1.7923250000e-10 -6.0000000000e-13 0.0000000000e+00 2.8878620018e-26
-6.1000000000e-01 -6.1000000000e-01 -6.0000000000e-01 1.7999100000e-10 -1.7938100000e-10 -6.1000000000e-13 0.0000000000e+00 1.1309109937e-26
-6.2000000000e-01 -6.2000000000e-01 -6.0000000000e-01 1.8014740000e-10 -1.7952740000e-10 -6.2000000000e-13 0.0000000000e+00 6.3613743397e-27
-6.3000000000e-01 -6.3000000000e-01 -6.0000000000e-01 1.8030160000e-10 -1.7967160000e-10 -6.3000000000e-13 0.0000000000e+00 1.9185097215e-27
-6.4000000000e-01 -6.4000000000e-01 -6.0000000000e-01 1.8045380000e-10 -1.7981380000e-10 -6.4000000000e-13 0.0000000000e+00 1.0097419587e-26
-6.5000000000e-01 -6.5000000000e-01 -6.0000000000e-01 1.8060390000e-10 -1.7995390000e-10 -6.5000000000e-13 0.0000000000e+00 7.4720904943e-27
-6.6000000000e-01 -6.6000000000e-01 -6.0000000000e-01 1.8075210000e-10 -1.8009210000e-10 -6.6000000000e-13 0.0000000000e+00 2.6657187709e-26
-6.7000000000e-01 -6.7000000000e-01 -6.0000000000e-01 1.8089850000e-10 -1.8022850000e-10 -6.7000000000e-13 0.0000000000e+00 8.9867034323e-27
-6.8000000000e-01 -6.8000000000e-01 -6.0000000000e-01 1.8104300000e-10 -1.8036300000e-10 -6.8000000000e-13 0.0000000000e+00 1.7266587493e-26
-6.9000000000e-01 -6.9000000000e-01 -6.0000000000e-01 1.8118580000e-10 -1.8049580000e-10 -6.9000000000e-13 0.0000000000e+00 4.0389678347e-28
-7.0000000000e-01 -7.0000000000e-01 -6.0000000000e-01 1.8132680000e-10 -1.8062680000e-10 -7.0000000000e-13 0.0000000000e+00 7.8759872777e-27
-7.1000000000e-01 -7.1000000000e-01 -6.0000000000e-01 1.8146620000e-10 -1.8075620000e-10 -7.1000000000e-13 0.0000000000e+00 3.5643891142e-26
-7.2000000000e-01 -7.2000000000e-01 -6.0000000000e-01 1.8160400000e-10 -1.8088400000e-10 -7.2000000000e-13 0.0000000000e+00 2.4334781204e-26
-7.3000000000e-01 -7.3000000000e-01 -6.0000000000e-01 1.8174020000e-10 -1.8101020000e-10 -7.3000000000e-13 0.0000000000e+00 6.7652711232e-27
-7.4000000000e-01 -7.4000000000e-01 -6.0000000000e-01 1.8187480000e-10 -1.8113480000e-10 -7.4000000000e-13 0.0000000000e+00 1.0905213154e-26
-7.5000000000e-01 -7.5000000000e-01 -6.0000000000e-01 1.8200800000e-10 -1.8125800000e-10 -7.5000000000e-13 0.0000000000e+00 2.6253290926e-27
-7.6000000000e-01 -7.6000000000e-01 -6.0000000000e-01 1.8213980000e-10 -1.8137980000e-10 -7.6000000000e-13 0.0000000000e+00 5.5535807728e-27
-7.7000000000e-01 -7.7000000000e-01 -6.0000000000e-01 1.8227010000e-10 -1.8150010000e-10 -7.7000000000e-13 0.0000000000e+00 1.3833464834e-26
-7.8000000000e-01 -7.8000000000e-01 -6.0000000000e-01 1.8239910000e-10 -1.8161910000e-10 -7.8000000000e-13 0.0000000000e+00 2.2012374699e-26
-7.9000000000e-01 -7.9000000000e-01 -6.0000000000e-01 1.8252670000e-10 -1.8173670000e-10 -7.9000000000e-13 0.0000000000e+00 2.1406529524e-26
-8.0000000000e-01 -8.0000000000e-01 -6.0000000000e-01 1.8265310000e-10 -1.8185310000e-10 -8.0000000000e-13 0.0000000000e+00 1.3126645463e-26
-8.1000000000e-01 -8.1000000000e-01 -6.0000000000e-01 1.8277810000e-10 -1.8196810000e-10 -8.1000000000e-13 0.0000000000e+00 2.0901658545e-26
-8.2000000000e-01 -8.2000000000e-01 -6.0000000000e-01 1.8290200000e-10 -1.8208200000e-10 -8.2000000000e-13 0.0000000000e+00 2.2517245679e-26
-8.3000000000e-01 -8.3000000000e-01 -6.0000000000e-01 1.8302460000e-10 -1.8219460000e-10 -8.3000000000e-13 0.0000000000e+00 1.4338335813e-26
-8.4000000000e-01 -8.4000000000e-01 -6.0000000000e-01 1.8314610000e-10 -1.8230610000e-10 -8.4000000000e-13 0.0000000000e+00 6.0584517521e-27
-8.5000000000e-01 -8.5000000000e-01 -6.0000000000e-01 1.8326640000e-10 -1.8241640000e-10 -8.5000000000e-13 0.0000000000e+00 2.3728936029e-26
-8.6000000000e-01 -8.6000000000e-01 -6.0000000000e-01 1.8338560000e-10 -1.8252560000e-10 -8.6000000000e-13 0.0000000000e+00 3.6249736317e-26
-8.7000000000e-01 -8.7000000000e-01 -6.0000000000e-01 1.8350370000e-10 -1.8263370000e-10 -8.7000000000e-13 0.0000000000e+00 7.1691679066e-27
-8.8000000000e-01 -8.8000000000e-01 -6.0000000000e-01 1.8362080000e-10 -1.8274080000e-10 -8.8000000000e-13 0.0000000000e+00 1.0097419587e-27
-8.9000000000e-01 -8.9000000000e-01 -6.0000000000e-01 1.8373680000e-10 -1.8284680000e-10 -8.9000000000e-13 0.0000000000e+00 1.6559768122e-26
-9.0000000000e-01 -9.0000000000e-01 -6.0000000000e-01 1.8385180000e-10 -1.8295180000e-10 -9.0000000000e-13 0.0000000000e+00 1.7468535885e-26
-9.1000000000e-01 -9.1000000000e-01 -6.0000000000e-01 1.8396580000e-10 -1.8305580000e-10 -9.1000000000e-13 0.0000000000e+00 2.0194839174e-28
-9.2000000000e-01 -9.2000000000e-01 -6.0000000000e-01 1.8407880000e-10 -1.8315880000e-10 -9.2000000000e-13 0.0000000000e+00 1.7771458473e-26
-9.3000000000e-01 -9.3000000000e-01 -6.0000000000e-01 1.8419090000e-10 -1.8326090000e-10 -9.3000000000e-13 0.0000000000e+00 9.4915744116e-27
-9.4000000000e-01 -9.4000000000e-01 -6.0000000000e-01 1.8430200000e-10 -1.8336200000e-10 -9.4000000000e-13 0.0000000000e+00 1.2116903504e-27
-9.5000000000e-01 -9.5000000000e-01 -6.0000000000e-01 1.8441220000e-10 -1.8346220000e-10 -9.5000000000e-13 0.0000000000e+00 3.2917587853e-26
-9.6000000000e-01 -9.6000000000e-01 -6.0000000000e-01 1.8452160000e-10 -1.8356160000e-10 -9.6000000000e-13 0.0000000000e+00 1.0703264762e-26
-9.7000000000e-01 -9.7000000000e-01 -6.0000000000e-01 1.8463000000e-10 -1.8366000000e-10 -9.7000000000e-13 0.0000000000e+00 2.4233807008e-27
-9.8000000000e-01 -9.8000000000e-01 -6.0000000000e-01 1.8473760000e-10 -1.8375760000e-10 -9.8000000000e-13 0.0000000000e+00 1.9992890782e-26
-9.9000000000e-01 -9.9000000000e-01 -6.0000000000e-01 1.8484440000e-10 -1.8385440000e-10 -9.9000000000e-13 0.0000000000e+00 1.4136387422e-26
-1.0000000000e+00 -1.0000000000e+00 -6.0000000000e-01 1.8495030000e-10 -1.8395030000e-10 -1.0000000000e-12 0.0000000000e+00 3.4331226595e-27
-1.0100000000e+00 -1.0100000000e+00 -6.0000000000e-01 1.8505550000e-10 -1.8404550000e-10 -1.0100000000e-12 0.0000000000e+00 4.8467614017e-27
-1.0200000000e+00 -1.0200000000e+00 -6.0000000000e-01 1.8515980000e-10 -1.8413980000e-10 -1.0200000000e-12 0.0000000000e+00 1.2924697071e-26
-1.0300000000e+00 -1.0300000000e+00 -6.0000000000e-01 1.8526340000e-10 -1.8423340000e-10 -1.0300000000e-12 0.0000000000e+00 4.6448130099e-27
-1.0400000000e+00 -1.0400000000e+00 -6.0000000000e-01 1.8536620000e-10 -1.8432620000e-10 -1.0400000000e-12 0.0000000000e+00 2.2214323091e-26
-1.0500000000e+00 -1.0500000000e+00 -6.0000000000e-01 1.8546830000e-10 -1.8441830000e-10 -1.0500000000e-12 0.0000000000e+00 1.1914955112e-26
-1.0600000000e+00 -1.0600000000e+00 -6.0000000000e-01 1.8556970000e-10 -1.8450970000e-10 -1.0600000000e-12 0.0000000000e+00 1.9992890782e-26
-1.0700000000e+00 -1.0700000000e+00 -6.0000000000e-01 1.8567030000e-10 -1.8460030000e-10 -1.0700000000e-12 0.0000000000e+00 2.3426013441e-26
-1.0800000000e+00 -1.0800000000e+00 -6.0000000000e-01 1.8577030000e-10 -1.8469030000e-10 -1.0800000000e-12 0.0000000000e+00 1.5146129380e-26
-1.0900000000e+00 -1.0900000000e+00 -6.0000000000e-01 1.8586950000e-10 -1.8477950000e-10 -1.0900000000e-12 0.0000000000e+00 6.8662453190e-27
-1.1000000000e+00 -1.1000000000e+00 -6.0000000000e-01 1.8596810000e-10 -1.8486810000e-10 -1.1000000000e-12 0.0000000000e+00 1.2116903504e-27
-1.1100000000e+00 -1.1100000000e+00 -6.0000000000e-01 1.8606600000e-10 -1.8495600000e-10 -1.1100000000e-12 0.0000000000e+00 9.4915744116e-27
-1.1200000000e+00 -1.1200000000e+00 -6.0000000000e-01 1.8616330000e-10 -1.8504330000e-10 -1.1200000000e-12 0.0000000000e+00 1.7771458473e-26
-1.1300000000e+00 -1.1300000000e+00 -6.0000000000e-01 1.8625990000e-10 -1.8512990000e-10 -1.1300000000e-12 0.0000000000e+00 4.0389678347e-28
-1.1400000000e+00 -1.1400000000e+00 -6.0000000000e-01 1.8635590000e-10 -1.8521590000e-10 -1.1400000000e-12 0.0000000000e+00 1.7165613298e-26
-1.1500000000e+00 -1.1500000000e+00 -6.0000000000e-01 1.8645130000e-10 -1.8530130000e-10 -1.1500000000e-12 0.0000000000e+00 9.0876776281e-27
-1.1600000000e+00 -1.1600000000e+00 -6.0000000000e-01 1.8654610000e-10 -1.8538610000e-10 -1.1600000000e-12 0.0000000000e+00 8.0779356695e-28
-1.1700000000e+00 -1.1700000000e+00 -6.0000000000e-01 1.8664030000e-10 -1.8547030000e-10 -1.1700000000e-12 0.0000000000e+00 1.8377303648e-26
-1.1800000000e+00 -1.1800000000e+00 -6.0000000000e-01 1.8673390000e-10 -1.8555390000e-10 -1.1800000000e-12 0.0000000000e+00 1.5751974555e-26
-1.1900000000e+00 -1.1900000000e+00 -6.0000000000e-01 1.8682690000e-10 -1.8563690000e-10 -1.1900000000e-12 0.0000000000e+00 2.0194839174e-27
-1.2000000000e+00 -1.2000000000e+00 -6.0000000000e-01 1.8691930000e-10 -1.8571930000e-10 -1.2000000000e-12 0.0000000000e+00 6.2604001438e-27
0.0000000000e+00 0.0000000000e+00 -8.0000000000e-01 0.0000000000e+00 0.0000000000e+00 0.0000000000e+00 0.0000000000e+00 0.0000000000e+00
-1.0000000000e-02 -1.0000000000e-02 -8.0000000000e-01 3.0428000000e-09 -3.0428000000e-09 -1.0000000000e-14 0.0000000000e+00 1.0000000000e-14
-2.0000000000e-02 -2.0000000000e-02 -8.0000000000e-01 5.4604000000e-09 -5.4604000000e-09 -2.0000000000e-14 0.0000000000e+00 2.0000000000e-14
-3.0000000000e-02 -3.0000000000e-02 -8.0000000000e-01 7.3014000000e-09 -7.3014000000e-09 -3.0000000000e-14 0.0000000000e+00 3.0000000000e-14
-4.0000000000e-02 -4.0000000000e-02 -8.0000000000e-01 8.6375000000e-09 -8.6375000000e-09 -4.0000000000e-14 0.0000000000e+00 4.0000000000e-14
-5.0000000000e-02 -5.0000000000e-02 -8.0000000000e-01 9.5633000000e-09 -9.5633000000e-09 -5.0000000000e-14 0.0000000000e+00 5.0000000000e-14
-6.0000000000e-02 -6.0000000000e-02 -8.0000000000e-01 1.0184700000e-08 -1.0184600000e-08 -6.0000000000e-14 0.0000000000e+00 4.0000000000e-14
-7.0000000000e-02 -7.0000000000e-02 -8.0000000000e-01 1.0598700000e-08 -1.0598600000e-08 -7.0000000000e-14 0.0000000000e+00 3.0000000000e-14
-8.0000000000e-02 -8.0000000000e-02 -8.0000000000e-01 1.0879900000e-08 -1.0879800000e-08 -8.0000000000e-14 0.0000000000e+00 2.0000000000e-14
-9.0000000000e-02 -9.0000000000e-02 -8.0000000000e-01 1.1078000000e-08 -1.1078000000e-08 -9.0000000000e-14 0.0000000000e+00 9.0000000000e-14
-1.0000000000e-01 -1.0000000000e-01 -8.0000000000e-01 1.1224100000e-08 -1.1224000000e-08 -1.0000000000e-13 0.0000000000e+00 4.4426121827e-25
-1.1000000000e-01 -1.1000000000e-01 -8.0000000000e-01 1.1336800000e-08 -1.1336600000e-08 -1.1000000000e-13 0.0000000000e+00 9.0000000001e-14
-1.2000000000e-01 -1.2000000000e-01 -8.0000000000e-01 1.1427100000e-08 -1.1427000000e-08 -1.2000000000e-13 0.0000000000e+00 2.0000000000e-14
-1.3000000000e-01 -1.3000000000e-01 -8.0000000000e-01 1.1502000000e-08 -1.1501900000e-08 -1.3000000000e-13 0.0000000000e+00 3.0000000000e-14
-1.4000000000e-01 -1.4000000000e-01 -8.0000000000e-01 1.1565900000e-08 -1.1565800000e-08 -1.4000000000e-13 0.0000000000e+00 4.0000000000e-14
-1.5000000000e-01 -1.5000000000e-01 -8.0000000000e-01 1.1621700000e-08 -1.1621500000e-08 -1.5000000000e-13 0.0000000000e+00 5.0000000003e-14
-1.6000000000e-01 -1.6000000000e-01 -8.0000000000e-01 1.1671200000e-08 -1.1671100000e-08 -1.6000000000e-13 0.0000000000e+00 5.9999999998e-14
-1.7000000000e-01 -1.7000000000e-01 -8.0000000000e-01 1.1715800000e-08 -1.1715700000e-08 -1.7000000000e-13 0.0000000000e+00 7.0000000000e-14
-1.8000000000e-01 -1.8000000000e-01 -8.0000000000e-01 1.1756500000e-08 -1.1756300000e-08 -1.8000000000e-13 0.0000000000e+00 2.0000000001e-14
-1.9000000000e-01 -1.9000000000e-01 -8.0000000000e-01 1.1794000000e-08 -1.1793800000e-08 -1.9000000000e-13 0.0000000000e+00 1.0000000001e-14
-2.0000000000e-01 -2.0000000000e-01 -8.0000000000e-01 1.1828800000e-08 -1.1828600000e-08 -2.0000000000e-13 0.0000000000e+00 7.6583878856e-25
-2.1000000000e-01 -2.1000000000e-01 -8.0000000000e-01 1.1861200000e-08 -1.1861000000e-08 -2.1000000000e-13 0.0000000000e+00 1.0000000001e-14
-2.2000000000e-01 -2.2000000000e-01 -8.0000000000e-01 1.1891700000e-08 -1.1891500000e-08 -2.2000000000e-13 0.0000000000e+00 2.0000000001e-14
-2.3000000000e-01 -2.3000000000e-01 -8.0000000000e-01 1.1920600000e-08 -1.1920300000e-08 -2.3000000000e-13 0.0000000000e+00 7.0000000001e-14
-2.4000000000e-01 -2.4000000000e-01 -8.0000000000e-01 1.1947900000e-08 -1.1947600000e-08 -2.4000000000e-13 0.0000000000e+00 6.0000000001e-14
-2.5000000000e-01 -2.5000000000e-01 -8.0000000000e-01 1.1973800000e-08 -1.1973600000e-08 -2.5000000000e-13 0.0000000000e+00 4.9999999999e-14
-2.6000000000e-01 -2.6000000000e-01 -8.0000000000e-01 1.1998600000e-08 -1.1998300000e-08 -2.6000000000e-13 0.0000000000e+00 4.0000000000e-14
-2.7000000000e-01 -2.7000000000e-01 -8.0000000000e-01 1.2022300000e-08 -1.2022000000e-08 -2.7000000000e-13 0.0000000000e+00 2.9999999998e-14
-2.8000000000e-01 -2.8000000000e-01 -8.0000000000e-01 1.2045000000e-08 -1.2044800000e-08 -2.8000000000e-13 0.0000000000e+00 7.9999999999e-14
-2.9000000000e-01 -2.9000000000e-01 -8.0000000000e-01 1.2066900000e-08 -1.2066600000e-08 -2.9000000000e-13 0.0000000000e+00 1.0000000001e-14
-3.0000000000e-01 -3.0000000000e-01 -8.0000000000e-01 1.2087900000e-08 -1.2087600000e-08 -3.0000000000e-13 0.0000000000e+00 3.2160281384e-25
-3.1000000000e-01 -3.1000000000e-01 -8.0000000000e-01 1.2108200000e-08 -1.2107900000e-08 -3.1000000000e-13 0.0000000000e+00 1.0000000000e-14
-3.2000000000e-01 -3.2000000000e-01 -8.0000000000e-01 1.2127900000e-08 -1.2127500000e-08 -3.2000000000e-13 0.0000000000e+00 8.0000000000e-14
-3.3000000000e-01 -3.3000000000e-01 -8.0000000000e-01 1.2146800000e-08 -1.2146500000e-08 -3.3000000000e-13 0.0000000000e+00 2.9999999999e-14
-3.4000000000e-01 -3.4000000000e-01 -8.0000000000e-01 1.2165200000e-08 -1.2164900000e-08 -3.4000000000e-13 0.0000000000e+00 3.9999999999e-14
-3.5000000000e-01 -3.5000000000e-01 -8.0000000000e-01 1.2183000000e-08 -1.2182700000e-08 -3.5000000000e-13 0.0000000000e+00 5.0000000000e-14
-3.6000000000e-01 -3.6000000000e-01 -8.0000000000e-01 1.2200400000e-08 -1.2200000000e-08 -3.6000000000e-13 0.0000000000e+00 4.0000000000e-14
-3.7000000000e-01 -3.7000000000e-01 -8.0000000000e-01 1.2217200000e-08 -1.2216800000e-08 -3.7000000000e-13 0.0000000000e+00 3.0000000000e-14
-3.8000000000e-01 -3.8000000000e-01 -8.0000000000e-01 1.2233600000e-08 -1.2233200000e-08 -3.8000000000e-13 0.0000000000e+00 2.0000000000e-14
-3.9000000000e-01 -3.9000000000e-01 -8.0000000000e-01 1.2249500000e-08 -1.2249200000e-08 -3.9000000000e-13 0.0000000000e+00 9.0000000000e-14
-4.0000000000e-01 -4.0000000000e-01 -8.0000000000e-01 1.2265100000e-08 -1.2264700000e-08 -4.0000000000e-13 0.0000000000e+00 1.7770448731e-24
-4.1000000000e-01 -4.1000000000e-01 -8.0000000000e-01 1.2280300000e-08 -1.2279900000e-08 -4.1000000000e-13 0.0000000000e+00 9.9999999999e-15
-4.2000000000e-01 -4.2000000000e-01 -8.0000000000e-01 1.2295100000e-08 -1.2294700000e-08 -4.2000000000e-13 0.0000000000e+00 2.0000000000e-14
-4.3000000000e-01 -4.3000000000e-01 -8.0000000000e-01 1.2309600000e-08 -1.2309100000e-08 -4.3000000000e-13 0.0000000000e+00 6.9999999999e-14
-4.4000000000e-01 -4.4000000000e-01 -8.0000000000e-01 1.2323700000e-08 -1.2323300000e-08 -4.4000000000e-13 0.0000000000e+00 3.9999999998e-14
-4.5000000000e-01 -4.5000000000e-01 -8.0000000000e-01 1.2337500000e-08 -1.2337100000e-08 -4.5000000000e-13 0.0000000000e+00 5.0000000000e-14
-4.6000000000e-01 -4.6000000000e-01 -8.0000000000e-01 1.2351100000e-08 -1.2350600000e-08 -4.6000000000e-13 0.0000000000e+00 4.0000000001e-14
-4.7000000000e-01 -4.7000000000e-01 -8.0000000000e-01 1.2364400000e-08 -1.2363900000e-08 -4.7000000000e-13 0.0000000000e+00 3.0000000001e-14
-4.8000000000e-01 -4.8000000000e-01 -8.0000000000e-01 1.2377300000e-08 -1.2376900000e-08 -4.8000000000e-13 0.0000000000e+00 8.0000000000e-14
-4.9000000000e-01 -4.9000000000e-01 -8.0000000000e-01 1.2390100000e-08 -1.2389600000e-08 -4.9000000000e-13 0.0000000000e+00 1.0000000001e-14
-5.0000000000e-01 -5.0000000000e-01 -8.0000000000e-01 1.2402600000e-08 -1.2402100000e-08 -5.0000000000e-13 0.0000000000e+00 1.0873911153e-24
-5.1000000000e-01 -5.1000000000e-01 -8.0000000000e-01 1.2414800000e-08 -1.2414300000e-08 -5.1000000000e-13 0.0000000000e+00 1.0000000001e-14
-5.2000000000e-01 -5.2000000000e-01 -8.0000000000e-01 1.2426900000e-08 -1.2426400000e-08 -5.2000000000e-13 0.0000000000e+00 1.9999999999e-14
-5.3000000000e-01 -5.3000000000e-01 -8.0000000000e-01 1.2438700000e-08 -1.2438200000e-08 -5.3000000000e-13 0.0000000000e+00 2.9999999999e-14
-5.4000000000e-01 -5.4000000000e-01 -8.0000000000e-01 1.2450300000e-08 -1.2449800000e-08 -5.4000000000e-13 0.0000000000e+00 3.9999999999e-14
-5.5000000000e-01 -5.5000000000e-01 -8.0000000000e-01 1.2461700000e-08 -1.2461200000e-08 -5.5000000000e-13 0.0000000000e+00 4.9999999999e-14
-5.6000000000e-01 -5.6000000000e-01 -8.0000000000e-01 1.2473000000e-08 -1.2472400000e-08 -5.6000000000e-13 0.0000000000e+00 4.0000000001e-14
-5.7000000000e-01 -5.7000000000e-01 -8.0000000000e-01 1.2484000000e-08 -1.2483400000e-08 -5.7000000000e-13 0.0000000000e+00 3.0000000001e-14
-5.8000000000e-01 -5.8000000000e-01 -8.0000000000e-01 1.2494900000e-08 -1.2494300000e-08 -5.8000000000e-13 0.0000000000e+00 1.9999999998e-14
-5.9000000000e-01 -5.9000000000e-01 -8.0000000000e-01 1.2505500000e-08 -1.2505000000e-08 -5.9000000000e-13 0.0000000000e+00 9.0000000001e-14
-6.0000000000e-01 -6.0000000000e-01 -8.0000000000e-01 1.2516100000e-08 -1.2515500000e-08 -6.0000000000e-13 0.0000000000e+00 6.4320562768e-25
-6.1000000000e-01 -6.1000000000e-01 -8.0000000000e-01 1.2526400000e-08 -1.2525800000e-08 -6.1000000000e-13 0.0000000000e+00 1.0000000001e-14
-6.2000000000e-01 -6.2000000000e-01 -8.0000000000e-01 1.2536600000e-08 -1.2536000000e-08 -6.2000000000e-13 0.0000000000e+00 1.9999999999e-14
-6.3000000000e-01 -6.3000000000e-01 -8.0000000000e-01 1.2546700000e-08 -1.2546100000e-08 -6.3000000000e-13 0.0000000000e+00 2.9999999999e-14
-6.4000000000e-01 -6.4000000000e-01 -8.0000000000e-01 1.2556600000e-08 -1.2556000000e-08 -6.4000000000e-13 0.0000000000e+00 3.9999999999e-14
-6.5000000000e-01 -6.5000000000e-01 -8.0000000000e-01 1.2566400000e-08 -1.2565800000e-08 -6.5000000000e-13 0.0000000000e+00 5.0000000001e-14
-6.6000000000e-01 -6.6000000000e-01 -8.0000000000e-01 1.2576000000e-08 -1.2575400000e-08 -6.6000000000e-13 0.0000000000e+00 5.9999999999e-14
-6.7000000000e-01 -6.7000000000e-01 -8.0000000000e-01 1.2585600000e-08 -1.2584900000e-08 -6.7000000000e-13 0.0000000000e+00 3.0000000001e-14
-6.8000000000e-01 -6.8000000000e-01 -8.0000000000e-01 1.2594900000e-08 -1.2594300000e-08 -6.8000000000e-13 0.0000000000e+00 8.0000000001e-14
-6.9000000000e-01 -6.9000000000e-01 -8.0000000000e-01 1.2604200000e-08 -1.2603500000e-08 -6.9000000000e-13 0.0000000000e+00 9.9999999998e-15
-7.0000000000e-01 -7.0000000000e-01 -8.0000000000e-01 1.2613300000e-08 -1.2612600000e-08 -7.0000000000e-13 0.0000000000e+00 1.9891916586e-25
-7.1000000000e-01 -7.1000000000e-01 -8.0000000000e-01 1.2622400000e-08 -1.2621600000e-08 -7.1000000000e-13 0.0000000000e+00 9.0000000000e-14
-7.2000000000e-01 -7.2000000000e-01 -8.0000000000e-01 1.2631300000e-08 -1.2630500000e-08 -7.2000000000e-13 0.0000000000e+00 8.0000000000e-14
-7.3000000000e-01 -7.3000000000e-01 -8.0000000000e-01 1.2640100000e-08 -1.2639300000e-08 -7.3000000000e-13 0.0000000000e+00 7.0000000000e-14
-7.4000000000e-01 -7.4000000000e-01 -8.0000000000e-01 1.2648800000e-08 -1.2648000000e-08 -7.4000000000e-13 0.0000000000e+00 6.0000000000e-14
-7.5000000000e-01 -7.5000000000e-01 -8.0000000000e-01 1.2657400000e-08 -1.2656600000e-08 -7.5000000000e-13 0.0000000000e+00 5.0000000002e-14
-7.6000000000e-01 -7.6000000000e-01 -8.0000000000e-01 1.2665800000e-08 -1.2665100000e-08 -7.6000000000e-13 0.0000000000e+00 6.0000000000e-14
-7.7000000000e-01 -7.7000000000e-01 -8.0000000000e-01 1.2674200000e-08 -1.2673500000e-08 -7.7000000000e-13 0.0000000000e+00 6.9999999999e-14
-7.8000000000e-01 -7.8000000000e-01 -8.0000000000e-01 1.2682500000e-08 -1.2681800000e-08 -7.8000000000e-13 0.0000000000e+00 8.0000000002e-14
-7.9000000000e-01 -7.9000000000e-01 -8.0000000000e-01 1.2690700000e-08 -1.2689900000e-08 -7.9000000000e-13 0.0000000000e+00 9.9999999986e-15
-8.0000000000e-01 -8.0000000000e-01 -8.0000000000e-01 1.2698800000e-08 -1.2698000000e-08 -8.0000000000e-13 0.0000000000e+00 2.4536729596e-25
-8.1000000000e-01 -8.1000000000e-01 -8.0000000000e-01 1.2706900000e-08 -1.2706100000e-08 -8.1000000000e-13 0.0000000000e+00 9.9999999998e-15
-8.2000000000e-01 -8.2000000000e-01 -8.0000000000e-01 1.2714800000e-08 -1.2714000000e-08 -8.2000000000e-13 0.0000000000e+00 2.0000000000e-14
-8.3000000000e-01 -8.3000000000e-01 -8.0000000000e-01 1.2722700000e-08 -1.2721800000e-08 -8.3000000000e-13 0.0000000000e+00 7.0000000001e-14
-8.4000000000e-01 -8.4000000000e-01 -8.0000000000e-01 1.2730400000e-08 -1.2729600000e-08 -8.4000000000e-13 0.0000000000e+00 4.0000000000e-14
-8.5000000000e-01 -8.5000000000e-01 -8.0000000000e-01 1.2738100000e-08 -1.2737300000e-08 -8.5000000000e-13 0.0000000000e+00 5.0000000000e-14
-8.6000000000e-01 -8.6000000000e-01 -8.0000000000e-01 1.2745700000e-08 -1.2744900000e-08 -8.6000000000e-13 0.0000000000e+00 6.0000000000e-14
-8.7000000000e-01 -8.7000000000e-01 -8.0000000000e-01 1.2753300000e-08 -1.2752400000e-08 -8.7000000000e-13 0.0000000000e+00 2.9999999999e-14
-8.8000000000e-01 -8.8000000000e-01 -8.0000000000e-01 1.2760700000e-08 -1.2759900000e-08 -8.8000000000e-13 0.0000000000e+00 8.0000000000e-14
-8.9000000000e-01 -8.9000000000e-01 -8.0000000000e-01 1.2768100000e-08 -1.2767200000e-08 -8.9000000000e-13 0.0000000000e+00 9.9999999990e-15
-9.0000000000e-01 -9.0000000000e-01 -8.0000000000e-01 1.2775400000e-08 -1.2774500000e-08 -9.0000000000e-13 0.0000000000e+00 9.6480844152e-25
-9.1000000000e-01 -9.1000000000e-01 -8.0000000000e-01 1.2782700000e-08 -1.2781800000e-08 -9.1000000000e-13 0.0000000000e+00 9.9999999993e-15
-9.2000000000e-01 -9.2000000000e-01 -8.0000000000e-01 1.2789900000e-08 -1.2789000000e-08 -9.2000000000e-13 0.0000000000e+00 2.0000000001e-14
-9.3000000000e-01 -9.3000000000e-01 -8.0000000000e-01 1.2797000000e-08 -1.2796100000e-08 -9.3000000000e-13 0.0000000000e+00 2.9999999998e-14
-9.4000000000e-01 -9.4000000000e-01 -8.0000000000e-01 1.2804000000e-08 -1.2803100000e-08 -9.4000000000e-13 0.0000000000e+00 3.9999999999e-14
-9.5000000000e-01 -9.5000000000e-01 -8.0000000000e-01 1.2811000000e-08 -1.2810100000e-08 -9.5000000000e-13 0.0000000000e+00 4.9999999999e-14
-9.6000000000e-01 -9.6000000000e-01 -8.0000000000e-01 1.2817900000e-08 -1.2817000000e-08 -9.6000000000e-13 0.0000000000e+00 6.0000000001e-14
-9.7000000000e-01 -9.7000000000e-01 -8.0000000000e-01 1.2824800000e-08 -1.2823800000e-08 -9.7000000000e-13 0.0000000000e+00 2.9999999999e-14
-9.8000000000e-01 -9.8000000000e-01 -8.0000000000e-01 1.2831600000e-08 -1.2830600000e-08 -9.8000000000e-13 0.0000000000e+00 1.9999999999e-14
-9.9000000000e-01 -9.9000000000e-01 -8.0000000000e-01 1.2838400000e-08 -1.2837400000e-08 -9.9000000000e-13 0.0000000000e+00 9.9999999995e-15
-1.0000000000e+00 -1.0000000000e+00 -8.0000000000e-01 1.2845000000e-08 -1.2844000000e-08 -1.0000000000e-12 0.0000000000e+00 1.1339402196e-24
-1.0100000000e+00 -1.0100000000e+00 -8.0000000000e-01 1.2851700000e-08 -1.2850700000e-08 -1.0100000000e-12 0.0000000000e+00 1.0000000001e-14
-1.0200000000e+00 -1.0200000000e+00 -8.0000000000e-01 1.2858200000e-08 -1.2857200000e-08 -1.0200000000e-12 0.0000000000e+00 2.0000000001e-14
-1.0300000000e+00 -1.0300000000e+00 -8.0000000000e-01 1.2864800000e-08 -1.2863700000e-08 -1.0300000000e-12 0.0000000000e+00 7.0000000002e-14
-1.0400000000e+00 -1.0400000000e+00 -8.0000000000e-01 1.2871200000e-08 -1.2870200000e-08 -1.0400000000e-12 0.0000000000e+00 4.0000000001e-14
-1.0500000000e+00 -1.0500000000e+00 -8.0000000000e-01 1.2877700000e-08 -1.2876600000e-08 -1.0500000000e-12 0.0000000000e+00 5.0000000002e-14
-1.0600000000e+00 -1.0600000000e+00 -8.0000000000e-01 1.2884000000e-08 -1.2883000000e-08 -1.0600000000e-12 0.0000000000e+00 5.9999999999e-14
-1.0700000000e+00 -1.0700000000e+00 -8.0000000000e-01 1.2890300000e-08 -1.2889300000e-08 -1.0700000000e-12 0.0000000000e+00 7.0000000001e-14
-1.0800000000e+00 -1.0800000000e+00 -8.0000000000e-01 1.2896600000e-08 -1.2895500000e-08 -1.0800000000e-12 0.0000000000e+00 1.9999999998e-14
-1.0900000000e+00 -1.0900000000e+00 -8.0000000000e-01 1.2902800000e-08 -1.2901700000e-08 -1.0900000000e-12 0.0000000000e+00 9.9999999999e-15
-1.1000000000e+00 -1.1000000000e+00 -8.0000000000e-01 1.2909000000e-08 -1.2907900000e-08 -1.1000000000e-12 0.0000000000e+00 1.5780247330e-24
-1.1100000000e+00 -1.1100000000e+00 -8.0000000000e-01 1.2915100000e-08 -1.2914000000e-08 -1.1100000000e-12 0.0000000000e+00 9.9999999984e-15
-1.1200000000e+00 -1.1200000000e+00 -8.0000000000e-01 1.2921200000e-08 -1.2920100000e-08 -1.1200000000e-12 0.0000000000e+00 2.0000000000e-14
-1.1300000000e+00 -1.1300000000e+00 -8.0000000000e-01 1.2927200000e-08 -1.2926100000e-08 -1.1300000000e-12 0.0000000000e+00 3.0000000002e-14
-1.1400000000e+00 -1.1400000000e+00 -8.0000000000e-01 1.2933200000e-08 -1.2932100000e-08 -1.1400000000e-12 0.0000000000e+00 4.0000000002e-14
-1.1500000000e+00 -1.1500000000e+00 -8.0000000000e-01 1.2939200000e-08 -1.2938000000e-08 -1.1500000000e-12 0.0000000000e+00 4.9999999999e-14
-1.1600000000e+00 -1.1600000000e+00 -8.0000000000e-01 1.2945100000e-08 -1.2943900000e-08 -1.1600000000e-12 0.0000000000e+00 4.0000000002e-14
-1.1700000000e+00 -1.1700000000e+00 -8.0000000000e-01 1.2950900000e-08 -1.2949800000e-08 -1.1700000000e-12 0.0000000000e+00 7.0000000000e-14
-1.1800000000e+00 -1.1800000000e+00 -8.0000000000e-01 1.2956800000e-08 -1.2955600000e-08 -1.1800000000e-12 0.0000000000e+00 1.9999999999e-14
-1.1900000000e+00 -1.1900000000e+00 -8.0000000000e-01 1.2962500000e-08 -1.2961400000e-08 -1.1900000000e-12 0.0000000000e+00 8.9999999998e-14
-1.2000000000e+00 -1.2000000000e+00 -8.0000000000e-01 1.2968300000e-08 -1.2967100000e-08 -1.2000000000e-12 0.0000000000e+00 1.2862093070e-24
0.0000000000e+00 0.0000000000e+00 -1.0000000000e+00 0.0000000000e+00 0.0000000000e+00 0.0000000000e+00 0.0000000000e+00 0.0000000000e+00
-1.0000000000e-02 -1.0000000000e-02 -1.0000000000e+00 1.3955450000e-07 -1.3955450000e-07 -1.0000000000e-14 0.0000000000e+00 1.0000000000e-14
-2.0000000000e-02 -2.0000000000e-02 -1.0000000000e+00 2.5526680000e-07 -2.5526680000e-07 -2.0000000000e-14 0.0000000000e+00 2.0000000000e-14
-3.0000000000e-02 -3.0000000000e-02 -1.0000000000e+00 3.4833470000e-07 -3.4833470000e-07 -3.0000000000e-14 0.0000000000e+00 3.0000000000e-14
-4.0000000000e-02 -4.0000000000e-02 -1.0000000000e+00 4.2053080000e-07 -4.2053070000e-07 -4.0000000000e-14 0.0000000000e+00 5.9999999939e-14
-5.0000000000e-02 -5.0000000000e-02 -1.0000000000e+00 4.7436110000e-07 -4.7436100000e-07 -5.0000000000e-14 0.0000000000e+00 5.0000000045e-14
-6.0000000000e-02 -6.0000000000e-02 -1.0000000000e+00 5.1303610000e-07 -5.1303600000e-07 -6.0000000000e-14 0.0000000000e+00 4.0000000151e-14
-7.0000000000e-02 -7.0000000000e-02 -1.0000000000e+00 5.4011910000e-07 -5.4011900000e-07 -7.0000000000e-14 0.0000000000e+00 3.0000000045e-14
-8.0000000000e-02 -8.0000000000e-02 -1.0000000000e+00 5.5896090000e-07 -5.5896080000e-07 -8.0000000000e-14 0.0000000000e+00 2.0000000151e-14
-9.0000000000e-02 -9.0000000000e-02 -1.0000000000e+00 5.7225430000e-07 -5.7225420000e-07 -9.0000000000e-14 0.0000000000e+00 9.9999999392e-15
-1.0000000000e-01 -1.0000000000e-01 -1.0000000000e+00 5.8191330000e-07 -5.8191320000e-07 -1.0000000000e-13 0.0000000000e+00 4.5112014296e-23
-1.1000000000e-01 -1.1000000000e-01 -1.0000000000e+00 5.8919620000e-07 -5.8919610000e-07 -1.1000000000e-13 0.0000000000e+00 1.0000000061e-14
-1.2000000000e-01 -1.2000000000e-01 -1.0000000000e+00 5.9490000000e-07 -5.9489980000e-07 -1.2000000000e-13 0.0000000000e+00 7.9999999984e-14
-1.3000000000e-01 -1.3000000000e-01 -1.0000000000e+00 5.9952590000e-07 -5.9952580000e-07 -1.3000000000e-13 0.0000000000e+00 3.0000000061e-14
-1.4000000000e-01 -1.4000000000e-01 -1.0000000000e+00 6.0339300000e-07 -6.0339280000e-07 -1.4000000000e-13 0.0000000000e+00 5.9999999984e-14
-1.5000000000e-01 -1.5000000000e-01 -1.0000000000e+00 6.0670820000e-07 -6.0670810000e-07 -1.5000000000e-13 0.0000000000e+00 4.9999999955e-14
-1.6000000000e-01 -1.6000000000e-01 -1.0000000000e+00 6.0961000000e-07 -6.0960990000e-07 -1.6000000000e-13 0.0000000000e+00 6.0000000061e-14
-1.7000000000e-01 -1.7000000000e-01 -1.0000000000e+00 6.1219320000e-07 -6.1219310000e-07 -1.7000000000e-13 0.0000000000e+00 6.9999999955e-14
-1.8000000000e-01 -1.8000000000e-01 -1.0000000000e+00 6.1452470000e-07 -6.1452460000e-07 -1.8000000000e-13 0.0000000000e+00 7.9999999849e-14
-1.9000000000e-01 -1.9000000000e-01 -1.0000000000e+00 6.1665290000e-07 -6.1665270000e-07 -1.9000000000e-13 0.0000000000e+00 1.0000000090e-14
-2.0000000000e-01 -2.0000000000e-01 -1.0000000000e+00 6.1861350000e-07 -6.1861330000e-07 -2.0000000000e-13 0.0000000000e+00 1.5655089815e-23
-2.1000000000e-01 -2.1000000000e-01 -1.0000000000e+00 6.2043380000e-07 -6.2043360000e-07 -2.1000000000e-13 0.0000000000e+00 1.0000000016e-14
-2.2000000000e-01 -2.2000000000e-01 -1.0000000000e+00 6.2213470000e-07 -6.2213450000e-07 -2.2000000000e-13 0.0000000000e+00 2.0000000016e-14
-2.3000000000e-01 -2.3000000000e-01 -1.0000000000e+00 6.2373280000e-07 -6.2373260000e-07 -2.3000000000e-13 0.0000000000e+00 3.0000000016e-14
-2.4000000000e-01 -2.4000000000e-01 -1.0000000000e+00 6.2524130000e-07 -6.2524110000e-07 -2.4000000000e-13 0.0000000000e+00 3.9999999910e-14
-2.5000000000e-01 -2.5000000000e-01 -1.0000000000e+00 6.2667100000e-07 -6.2667080000e-07 -2.5000000000e-13 0.0000000000e+00 4.9999999910e-14
-2.6000000000e-01 -2.6000000000e-01 -1.0000000000e+00 6.2803070000e-07 -6.2803050000e-07 -2.6000000000e-13 0.0000000000e+00 5.9999999910e-14
-2.7000000000e-01 -2.7000000000e-01 -1.0000000000e+00 6.2932780000e-07 -6.2932750000e-07 -2.7000000000e-13 0.0000000000e+00 3.0000000029e-14
-2.8000000000e-01 -2.8000000000e-01 -1.0000000000e+00 6.3056850000e-07 -6.3056830000e-07 -2.8000000000e-13 0.0000000000e+00 8.0000000016e-14
-2.9000000000e-01 -2.9000000000e-01 -1.0000000000e+00 6.3175820000e-07 -6.3175790000e-07 -2.9000000000e-13 0.0000000000e+00 1.0000000029e-14
-3.0000000000e-01 -3.0000000000e-01 -1.0000000000e+00 6.3290120000e-07 -6.3290090000e-07 -3.0000000000e-13 0.0000000000e+00 2.9456899238e-23
-3.1000000000e-01 -3.1000000000e-01 -1.0000000000e+00 6.3400170000e-07 -6.3400140000e-07 -3.1000000000e-13 0.0000000000e+00 9.9999998647e-15
-3.2000000000e-01 -3.2000000000e-01 -1.0000000000e+00 6.3506290000e-07 -6.3506260000e-07 -3.2000000000e-13 0.0000000000e+00 1.9999999971e-14
-3.3000000000e-01 -3.3000000000e-01 -1.0000000000e+00 6.3608800000e-07 -6.3608770000e-07 -3.3000000000e-13 0.0000000000e+00 3.0000000076e-14
-3.4000000000e-01 -3.4000000000e-01 -1.0000000000e+00 6.3707960000e-07 -6.3707930000e-07 -3.4000000000e-13 0.0000000000e+00 3.9999999971e-14
-3.5000000000e-01 -3.5000000000e-01 -1.0000000000e+00 6.3804010000e-07 -6.3803970000e-07 -3.5000000000e-13 0.0000000000e+00 4.9999999969e-14
-3.6000000000e-01 -3.6000000000e-01 -1.0000000000e+00 6.3897140000e-07 -6.3897110000e-07 -3.6000000000e-13 0.0000000000e+00 5.9999999971e-14
-3.7000000000e-01 -3.7000000000e-01 -1.0000000000e+00 6.3987570000e-07 -6.3987530000e-07 -3.7000000000e-13 0.0000000000e+00 2.9999999969e-14
-3.8000000000e-01 -3.8000000000e-01 -1.0000000000e+00 6.4075450000e-07 -6.4075410000e-07 -3.8000000000e-13 0.0000000000e+00 2.0000000075e-14
-3.9000000000e-01 -3.9000000000e-01 -1.0000000000e+00 6.4160940000e-07 -6.4160900000e-07 -3.9000000000e-13 0.0000000000e+00 1.0000000075e-14
-4.0000000000e-01 -4.0000000000e-01 -1.0000000000e+00 6.4244180000e-07 -6.4244140000e-07 -4.0000000000e-13 0.0000000000e+00 1.3718929804e-22
-4.1000000000e-01 -4.1000000000e-01 -1.0000000000e+00 6.4325300000e-07 -6.4325260000e-07 -4.1000000000e-13 0.0000000000e+00 9.9999999254e-15
-4.2000000000e-01 -4.2000000000e-01 -1.0000000000e+00 6.4404410000e-07 -6.4404370000e-07 -4.2000000000e-13 0.0000000000e+00 2.0000000031e-14
-4.3000000000e-01 -4.3000000000e-01 -1.0000000000e+00 6.4481620000e-07 -6.4481580000e-07 -4.3000000000e-13 0.0000000000e+00 2.9999999925e-14
-4.4000000000e-01 -4.4000000000e-01 -1.0000000000e+00 6.4557040000e-07 -6.4556990000e-07 -4.4000000000e-13 0.0000000000e+00 6.0000000014e-14
-4.5000000000e-01 -4.5000000000e-01 -1.0000000000e+00 6.4630740000e-07 -6.4630700000e-07 -4.5000000000e-13 0.0000000000e+00 4.9999999925e-14
-4.6000000000e-01 -4.6000000000e-01 -1.0000000000e+00 6.4702820000e-07 -6.4702770000e-07 -4.6000000000e-13 0.0000000000e+00 4.0000000014e-14
-4.7000000000e-01 -4.7000000000e-01 -1.0000000000e+00 6.4773350000e-07 -6.4773300000e-07 -4.7000000000e-13 0.0000000000e+00 3.0000000120e-14
-4.8000000000e-01 -4.8000000000e-01 -1.0000000000e+00 6.4842400000e-07 -6.4842350000e-07 -4.8000000000e-13 0.0000000000e+00 2.0000000014e-14
-4.9000000000e-01 -4.9000000000e-01 -1.0000000000e+00 6.4910040000e-07 -6.4909990000e-07 -4.9000000000e-13 0.0000000000e+00 9.9999999079e-15
-5.0000000000e-01 -5.0000000000e-01 -1.0000000000e+00 6.4976330000e-07 -6.4976280000e-07 -5.0000000000e-13 0.0000000000e+00 9.2077258496e-23
-5.1000000000e-01 -5.1000000000e-01 -1.0000000000e+00 6.5041340000e-07 -6.5041290000e-07 -5.1000000000e-13 0.0000000000e+00 9.9999999862e-15
-5.2000000000e-01 -5.2000000000e-01 -1.0000000000e+00 6.5105100000e-07 -6.5105050000e-07 -5.2000000000e-13 0.0000000000e+00 1.9999999986e-14
-5.3000000000e-01 -5.3000000000e-01 -1.0000000000e+00 6.5167690000e-07 -6.5167640000e-07 -5.3000000000e-13 0.0000000000e+00 2.9999999880e-14
-5.4000000000e-01 -5.4000000000e-01 -1.0000000000e+00 6.5229140000e-07 -6.5229080000e-07 -5.4000000000e-13 0.0000000000e+00 5.9999999953e-14
-5.5000000000e-01 -5.5000000000e-01 -1.0000000000e+00 6.5289490000e-07 -6.5289440000e-07 -5.5000000000e-13 0.0000000000e+00 4.9999999986e-14
-5.6000000000e-01 -5.6000000000e-01 -1.0000000000e+00 6.5348800000e-07 -6.5348750000e-07 -5.6000000000e-13 0.0000000000e+00 5.9999999986e-14
-5.7000000000e-01 -5.7000000000e-01 -1.0000000000e+00 6.5407100000e-07 -6.5407040000e-07 -5.7000000000e-13 0.0000000000e+00 3.0000000059e-14
-5.8000000000e-01 -5.8000000000e-01 -1.0000000000e+00 6.5464420000e-07 -6.5464370000e-07 -5.8000000000e-13 0.0000000000e+00 7.9999999986e-14
-5.9000000000e-01 -5.9000000000e-01 -1.0000000000e+00 6.5520810000e-07 -6.5520750000e-07 -5.9000000000e-13 0.0000000000e+00 9.9999999530e-15
-6.0000000000e-01 -6.0000000000e-01 -1.0000000000e+00 6.5576300000e-07 -6.5576240000e-07 -6.0000000000e-13 0.0000000000e+00 5.8913798476e-23
-6.1000000000e-01 -6.1000000000e-01 -1.0000000000e+00 6.5630910000e-07 -6.5630850000e-07 -6.1000000000e-13 0.0000000000e+00 1.0000000047e-14
-6.2000000000e-01 -6.2000000000e-01 -1.0000000000e+00 6.5684680000e-07 -6.5684620000e-07 -6.2000000000e-13 0.0000000000e+00 1.9999999941e-14
-6.3000000000e-01 -6.3000000000e-01 -1.0000000000e+00 6.5737640000e-07 -6.5737580000e-07 -6.3000000000e-13 0.0000000000e+00 3.0000000047e-14
-6.4000000000e-01 -6.4000000000e-01 -1.0000000000e+00 6.5789810000e-07 -6.5789750000e-07 -6.4000000000e-13 0.0000000000e+00 4.0000000047e-14
-6.5000000000e-01 -6.5000000000e-01 -1.0000000000e+00 6.5841220000e-07 -6.5841160000e-07 -6.5000000000e-13 0.0000000000e+00 5.0000000047e-14
-6.6000000000e-01 -6.6000000000e-01 -1.0000000000e+00 6.5891900000e-07 -6.5891830000e-07 -6.6000000000e-13 0.0000000000e+00 3.9999999998e-14
-6.7000000000e-01 -6.7000000000e-01 -1.0000000000e+00 6.5941860000e-07 -6.5941790000e-07 -6.7000000000e-13 0.0000000000e+00 2.9999999892e-14
-6.8000000000e-01 -6.8000000000e-01 -1.0000000000e+00 6.5991130000e-07 -6.5991070000e-07 -6.8000000000e-13 0.0000000000e+00 8.0000000047e-14
-6.9000000000e-01 -6.9000000000e-01 -1.0000000000e+00 6.6039740000e-07 -6.6039670000e-07 -6.9000000000e-13 0.0000000000e+00 9.9999998923e-15
-7.0000000000e-01 -7.0000000000e-01 -1.0000000000e+00 6.6087690000e-07 -6.6087620000e-07 -7.0000000000e-13 0.0000000000e+00 1.8532803910e-24
-7.1000000000e-01 -7.1000000000e-01 -1.0000000000e+00 6.6135010000e-07 -6.6134940000e-07 -7.1000000000e-13 0.0000000000e+00 9.9999998960e-15
-7.2000000000e-01 -7.2000000000e-01 -1.0000000000e+00 6.6181720000e-07 -6.6181650000e-07 -7.2000000000e-13 0.0000000000e+00 2.0000000108e-14
-7.3000000000e-01 -7.3000000000e-01 -1.0000000000e+00 6.6227840000e-07 -6.6227770000e-07 -7.3000000000e-13 0.0000000000e+00 2.9999999896e-14
-7.4000000000e-01 -7.4000000000e-01 -1.0000000000e+00 6.6273380000e-07 -6.6273300000e-07 -7.4000000000e-13 0.0000000000e+00 6.0000000043e-14
-7.5000000000e-01 -7.5000000000e-01 -1.0000000000e+00 6.6318360000e-07 -6.6318280000e-07 -7.5000000000e-13 0.0000000000e+00 4.9999999937e-14
-7.6000000000e-01 -7.6000000000e-01 -1.0000000000e+00 6.6362790000e-07 -6.6362710000e-07 -7.6000000000e-13 0.0000000000e+00 3.9999999937e-14
-7.7000000000e-01 -7.7000000000e-01 -1.0000000000e+00 6.6406690000e-07 -6.6406610000e-07 -7.7000000000e-13 0.0000000000e+00 2.9999999937e-14
-7.8000000000e-01 -7.8000000000e-01 -1.0000000000e+00 6.6450070000e-07 -6.6450000000e-07 -7.8000000000e-13 0.0000000000e+00 8.0000000002e-14
-7.9000000000e-01 -7.9000000000e-01 -1.0000000000e+00 6.6492950000e-07 -6.6492880000e-07 -7.9000000000e-13 0.0000000000e+00 9.0000000002e-14
-8.0000000000e-01 -8.0000000000e-01 -1.0000000000e+00 6.6535350000e-07 -6.6535270000e-07 -8.0000000000e-13 0.0000000000e+00 4.3258759149e-23
-8.1000000000e-01 -8.1000000000e-01 -1.0000000000e+00 6.6577260000e-07 -6.6577180000e-07 -8.1000000000e-13 0.0000000000e+00 9.9999999567e-15
-8.2000000000e-01 -8.2000000000e-01 -1.0000000000e+00 6.6618710000e-07 -6.6618630000e-07 -8.2000000000e-13 0.0000000000e+00 1.9999999957e-14
-8.3000000000e-01 -8.3000000000e-01 -1.0000000000e+00 6.6659700000e-07 -6.6659620000e-07 -8.3000000000e-13 0.0000000000e+00 2.9999999957e-14
-8.4000000000e-01 -8.4000000000e-01 -1.0000000000e+00 6.6700250000e-07 -6.6700170000e-07 -8.4000000000e-13 0.0000000000e+00 3.9999999957e-14
-8.5000000000e-01 -8.5000000000e-01 -1.0000000000e+00 6.6740380000e-07 -6.6740290000e-07 -8.5000000000e-13 0.0000000000e+00 4.9999999982e-14
-8.6000000000e-01 -8.6000000000e-01 -1.0000000000e+00 6.6780070000e-07 -6.6779990000e-07 -8.6000000000e-13 0.0000000000e+00 5.9999999957e-14
-8.7000000000e-01 -8.7000000000e-01 -1.0000000000e+00 6.6819360000e-07 -6.6819280000e-07 -8.7000000000e-13 0.0000000000e+00 7.0000000063e-14
-8.8000000000e-01 -8.8000000000e-01 -1.0000000000e+00 6.6858250000e-07 -6.6858160000e-07 -8.8000000000e-13 0.0000000000e+00 1.9999999982e-14
-8.9000000000e-01 -8.9000000000e-01 -1.0000000000e+00 6.6896740000e-07 -6.6896660000e-07 -8.9000000000e-13 0.0000000000e+00 8.9999999957e-14
-9.0000000000e-01 -9.0000000000e-01 -1.0000000000e+00 6.6934860000e-07 -6.6934770000e-07 -9.0000000000e-13 0.0000000000e+00 1.7508420693e-23
-9.1000000000e-01 -9.1000000000e-01 -1.0000000000e+00 6.6972590000e-07 -6.6972500000e-07 -9.1000000000e-13 0.0000000000e+00 1.0000000018e-14
-9.2000000000e-01 -9.2000000000e-01 -1.0000000000e+00 6.7009960000e-07 -6.7009870000e-07 -9.2000000000e-13 0.0000000000e+00 2.0000000018e-14
-9.3000000000e-01 -9.3000000000e-01 -1.0000000000e+00 6.7046980000e-07 -6.7046880000e-07 -9.3000000000e-13 0.0000000000e+00 7.0000000028e-14
-9.4000000000e-01 -9.4000000000e-01 -1.0000000000e+00 6.7083640000e-07 -6.7083550000e-07 -9.4000000000e-13 0.0000000000e+00 3.9999999912e-14
-9.5000000000e-01 -9.5000000000e-01 -1.0000000000e+00 6.7119960000e-07 -6.7119860000e-07 -9.5000000000e-13 0.0000000000e+00 4.9999999922e-14
-9.6000000000e-01 -9.6000000000e-01 -1.0000000000e+00 6.7155950000e-07 -6.7155850000e-07 -9.6000000000e-13 0.0000000000e+00 4.0000000028e-14
-9.7000000000e-01 -9.7000000000e-01 -1.0000000000e+00 6.7191600000e-07 -6.7191510000e-07 -9.7000000000e-13 0.0000000000e+00 7.0000000018e-14
-9.8000000000e-01 -9.8000000000e-01 -1.0000000000e+00 6.7226940000e-07 -6.7226840000e-07 -9.8000000000e-13 0.0000000000e+00 2.0000000028e-14
-9.9000000000e-01 -9.9000000000e-01 -1.0000000000e+00 6.7261960000e-07 -6.7261860000e-07 -9.9000000000e-13 0.0000000000e+00 1.0000000028e-14
-1.0000000000e+00 -1.0000000000e+00 -1.0000000000e+00 6.7296680000e-07 -6.7296580000e-07 -1.0000000000e-12 0.0000000000e+00 1.3348283823e-22
-1.0100000000e+00 -1.0100000000e+00 -1.0000000000e+00 6.7331090000e-07 -6.7330990000e-07 -1.0100000000e-12 0.0000000000e+00 9.9999999724e-15
-1.0200000000e+00 -1.0200000000e+00 -1.0000000000e+00 6.7365210000e-07 -6.7365100000e-07 -1.0200000000e-12 0.0000000000e+00 8.0000000073e-14
-1.0300000000e+00 -1.0300000000e+00 -1.0000000000e+00 6.7399030000e-07 -6.7398930000e-07 -1.0300000000e-12 0.0000000000e+00 2.9999999867e-14
-1.0400000000e+00 -1.0400000000e+00 -1.0000000000e+00 6.7432580000e-07 -6.7432470000e-07 -1.0400000000e-12 0.0000000000e+00 5.9999999967e-14
-1.0500000000e+00 -1.0500000000e+00 -1.0000000000e+00 6.7465840000e-07 -6.7465740000e-07 -1.0500000000e-12 0.0000000000e+00 5.0000000078e-14
-1.0600000000e+00 -1.0600000000e+00 -1.0000000000e+00 6.7498830000e-07 -6.7498730000e-07 -1.0600000000e-12 0.0000000000e+00 6.0000000078e-14
-1.0700000000e+00 -1.0700000000e+00 -1.0000000000e+00 6.7531560000e-07 -6.7531450000e-07 -1.0700000000e-12 0.0000000000e+00 3.0000000073e-14
-1.0800000000e+00 -1.0800000000e+00 -1.0000000000e+00 6.7564020000e-07 -6.7563910000e-07 -1.0800000000e-12 0.0000000000e+00 2.0000000073e-14
-1.0900000000e+00 -1.0900000000e+00 -1.0000000000e+00 6.7596230000e-07 -6.7596120000e-07 -1.0900000000e-12 0.0000000000e+00 1.0000000073e-14
-1.1000000000e+00 -1.1000000000e+00 -1.0000000000e+00 6.7628180000e-07 -6.7628070000e-07 -1.1000000000e-12 0.0000000000e+00 3.3163560994e-23
-1.1100000000e+00 -1.1100000000e+00 -1.0000000000e+00 6.7659880000e-07 -6.7659770000e-07 -1.1100000000e-12 0.0000000000e+00 1.0000000033e-14
-1.1200000000e+00 -1.1200000000e+00 -1.0000000000e+00 6.7691340000e-07 -6.7691230000e-07 -1.1200000000e-12 0.0000000000e+00 1.9999999927e-14
-1.1300000000e+00 -1.1300000000e+00 -1.0000000000e+00 6.7722560000e-07 -6.7722450000e-07 -1.1300000000e-12 0.0000000000e+00 3.0000000033e-14
-1.1400000000e+00 -1.1400000000e+00 -1.0000000000e+00 6.7753550000e-07 -6.7753430000e-07 -1.1400000000e-12 0.0000000000e+00 5.9999999906e-14
-1.1500000000e+00 -1.1500000000e+00 -1.0000000000e+00 6.7784300000e-07 -6.7784190000e-07 -1.1500000000e-12 0.0000000000e+00 5.0000000033e-14
-1.1600000000e+00 -1.1600000000e+00 -1.0000000000e+00 6.7814830000e-07 -6.7814710000e-07 -1.1600000000e-12 0.0000000000e+00 3.9999999906e-14
-1.1700000000e+00 -1.1700000000e+00 -1.0000000000e+00 6.7845140000e-07 -6.7845020000e-07 -1.1700000000e-12 0.0000000000e+00 3.0000000012e-14
-1.1800000000e+00 -1.1800000000e+00 -1.0000000000e+00 6.7875220000e-07 -6.7875100000e-07 -1.1800000000e-12 0.0000000000e+00 2.0000000118e-14
-1.1900000000e+00 -1.1900000000e+00 -1.0000000000e+00 6.7905090000e-07 -6.7904980000e-07 -1.1900000000e-12 0.0000000000e+00 9.0000000033e-14
-1.2000000000e+00 -1.2000000000e+00 -1.0000000000e+00 6.7934750000e-07 -6.7934630000e-07 -1.2000000000e-12 0.0000000000e+00 9.3930437913e-23
0.0000000000e+00 0.0000000000e+00 -1.2000000000e+00 0.0000000000e+00 0.0000000000e+00 0.0000000000e+00 0.0000000000e+00 0.0000000000e+00
-1.0000000000e-02 -1.0000000000e-02 -1.2000000000e+00 1.5436000000e-06 -1.5436000000e-06 -1.0000000000e-14 0.0000000000e+00 1.0000000000e-14
-2.0000000000e-02 -2.0000000000e-02 -1.2000000000e+00 2.9861000000e-06 -2.9861000000e-06 -2.0000000000e-14 0.0000000000e+00 2.0000000000e-14
-3.0000000000e-02 -3.0000000000e-02 -1.2000000000e+00 4.3282000000e-06 -4.3282000000e-06 -3.0000000000e-14 0.0000000000e+00 3.0000000000e-14
-4.0000000000e-02 -4.0000000000e-02 -1.2000000000e+00 5.5710000000e-06 -5.5710000000e-06 -4.0000000000e-14 0.0000000000e+00 4.0000000000e-14
-5.0000000000e-02 -5.0000000000e-02 -1.2000000000e+00 6.7156000000e-06 -6.7156000000e-06 -5.0000000000e-14 0.0000000000e+00 5.0000000000e-14
-6.0000000000e-02 -6.0000000000e-02 -1.2000000000e+00 7.7632000000e-06 -7.7632000000e-06 -6.0000000000e-14 0.0000000000e+00 6.0000000000e-14
-7.0000000000e-02 -7.0000000000e-02 -1.2000000000e+00 8.7153000000e-06 -8.7153000000e-06 -7.0000000000e-14 0.0000000000e+00 7.0000000000e-14
-8.0000000000e-02 -8.0000000000e-02 -1.2000000000e+00 9.5737000000e-06 -9.5737000000e-06 -8.0000000000e-14 0.0000000000e+00 8.0000000000e-14
-9.0000000000e-02 -9.0000000000e-02 -1.2000000000e+00 1.0340600000e-05 -1.0340600000e-05 -9.0000000000e-14 0.0000000000e+00 9.0000000000e-14
-1.0000000000e-01 -1.0000000000e-01 -1.2000000000e+00 1.1018700000e-05 -1.1018700000e-05 -1.0000000000e-13 0.0000000000e+00 1.0000000000e-13
-1.1000000000e-01 -1.1000000000e-01 -1.2000000000e+00 1.1611500000e-05 -1.1611500000e-05 -1.1000000000e-13 0.0000000000e+00 1.1000000000e-13
-1.2000000000e-01 -1.2000000000e-01 -1.2000000000e+00 1.2123600000e-05 -1.2123600000e-05 -1.2000000000e-13 0.0000000000e+00 1.2000000000e-13
-1.3000000000e-01 -1.3000000000e-01 -1.2000000000e+00 1.2560600000e-05 -1.2560600000e-05 -1.3000000000e-13 0.0000000000e+00 1.3000000000e-13
-1.4000000000e-01 -1.4000000000e-01 -1.2000000000e+00 1.2929000000e-05 -1.2929000000e-05 -1.4000000000e-13 0.0000000000e+00 1.4000000000e-13
-1.5000000000e-01 -1.5000000000e-01 -1.2000000000e+00 1.3236700000e-05 -1.3236700000e-05 -1.5000000000e-13 0.0000000000e+00 1.5000000000e-13
-1.6000000000e-01 -1.6000000000e-01 -1.2000000000e+00 1.3492200000e-05 -1.3492200000e-05 -1.6000000000e-13 0.0000000000e+00 1.6000000000e-13
-1.7000000000e-01 -1.7000000000e-01 -1.2000000000e+00 1.3703700000e-05 -1.3703700000e-05 -1.7000000000e-13 0.0000000000e+00 1.7000000000e-13
-1.8000000000e-01 -1.8000000000e-01 -1.2000000000e+00 1.3879500000e-05 -1.3879500000e-05 -1.8000000000e-13 0.0000000000e+00 1.8000000000e-13
-1.9000000000e-01 -1.9000000000e-01 -1.2000000000e+00 1.4026600000e-05 -1.4026600000e-05 -1.9000000000e-13 0.0000000000e+00 1.9000000000e-13
-2.0000000000e-01 -2.0000000000e-01 -1.2000000000e+00 1.4151000000e-05 -1.4151000000e-05 -2.0000000000e-13 0.0000000000e+00 2.0000000000e-13
-2.1000000000e-01 -2.1000000000e-01 -1.2000000000e+00 1.4257500000e-05 -1.4257500000e-05 -2.1000000000e-13 0.0000000000e+00 2.1000000000e-13
-2.2000000000e-01 -2.2000000000e-01 -1.2000000000e+00 1.4349900000e-05 -1.4349900000e-05 -2.2000000000e-13 0.0000000000e+00 2.2000000000e-13
-2.3000000000e-01 -2.3000000000e-01 -1.2000000000e+00 1.4431000000e-05 -1.4431000000e-05 -2.3000000000e-13 0.0000000000e+00 2.3000000000e-13
-2.4000000000e-01 -2.4000000000e-01 -1.2000000000e+00 1.4503200000e-05 -1.4503200000e-05 -2.4000000000e-13 0.0000000000e+00 2.4000000000e-13
-2.5000000000e-01 -2.5000000000e-01 -1.2000000000e+00 1.4568100000e-05 -1.4568100000e-05 -2.5000000000e-13 0.0000000000e+00 2.5000000000e-13
-2.6000000000e-01 -2.6000000000e-01 -1.2000000000e+00 1.4627000000e-05 -1.4627000000e-05 -2.6000000000e-13 0.0000000000e+00 2.6000000000e-13
-2.7000000000e-01 -2.7000000000e-01 -1.2000000000e+00 1.4681000000e-05 -1.4681000000e-05 -2.7000000000e-13 0.0000000000e+00 2.7000000000e-13
-2.8000000000e-01 -2.8000000000e-01 -1.2000000000e+00 1.4730700000e-05 -1.4730700000e-05 -2.8000000000e-13 0.0000000000e+00 2.8000000000e-13
-2.9000000000e-01 -2.9000000000e-01 -1.2000000000e+00 1.4776800000e-05 -1.4776800000e-05 -2.9000000000e-13 0.0000000000e+00 2.9000000000e-13
-3.0000000000e-01 -3.0000000000e-01 -1.2000000000e+00 1.4819900000e-05 -1.4819900000e-05 -3.0000000000e-13 0.0000000000e+00 3.0000000000e-13
-3.1000000000e-01 -3.1000000000e-01 -1.2000000000e+00 1.4860300000e-05 -1.4860300000e-05 -3.1000000000e-13 0.0000000000e+00 3.1000000000e-13
-3.2000000000e-01 -3.2000000000e-01 -1.2000000000e+00 1.4898400000e-05 -1.4898400000e-05 -3.2000000000e-13 0.0000000000e+00 3.2000000000e-13
-3.3000000000e-01 -3.3000000000e-01 -1.2000000000e+00 1.4934400000e-05 -1.4934400000e-05 -3.3000000000e-13 0.0000000000e+00 3.3000000000e-13
-3.4000000000e-01 -3.4000000000e-01 -1.2000000000e+00 1.4968500000e-05 -1.4968500000e-05 -3.4000000000e-13 0.0000000000e+00 3.4000000000e-13
-3.5000000000e-01 -3.5000000000e-01 -1.2000000000e+00 1.5001000000e-05 -1.5001000000e-05 -3.5000000000e-13 0.0000000000e+00 3.5000000000e-13
-3.6000000000e-01 -3.6000000000e-01 -1.2000000000e+00 1.5032000000e-05 -1.5032000000e-05 -3.6000000000e-13 0.0000000000e+00 3.6000000000e-13
-3.7000000000e-01 -3.7000000000e-01 -1.2000000000e+00 1.5061700000e-05 -1.5061700000e-05 -3.7000000000e-13 0.0000000000e+00 3.7000000000e-13
-3.8000000000e-01 -3.8000000000e-01 -1.2000000000e+00 1.5090100000e-05 -1.5090100000e-05 -3.8000000000e-13 0.0000000000e+00 3.8000000000e-13
-3.9000000000e-01 -3.9000000000e-01 -1.2000000000e+00 1.5117400000e-05 -1.5117400000e-05 -3.9000000000e-13 0.0000000000e+00 3.9000000000e-13
-4.0000000000e-01 -4.0000000000e-01 -1.2000000000e+00 1.5143700000e-05 -1.5143700000e-05 -4.0000000000e-13 0.0000000000e+00 4.0000000000e-13
-4.1000000000e-01 -4.1000000000e-01 -1.2000000000e+00 1.5169000000e-05 -1.5169000000e-05 -4.1000000000e-13 0.0000000000e+00 4.1000000000e-13
-4.2000000000e-01 -4.2000000000e-01 -1.2000000000e+00 1.5193400000e-05 -1.5193400000e-05 -4.2000000000e-13 0.0000000000e+00 4.2000000000e-13
-4.3000000000e-01 -4.3000000000e-01 -1.2000000000e+00 1.5217000000e-05 -1.5217000000e-05 -4.3000000000e-13 0.0000000000e+00 4.3000000000e-13
-4.4000000000e-01 -4.4000000000e-01 -1.2000000000e+00 1.5239900000e-05 -1.5239900000e-05 -4.4000000000e-13 0.0000000000e+00 4.4000000000e-13
-4.5000000000e-01 -4.5000000000e-01 -1.2000000000e+00 1.5262000000e-05 -1.5262000000e-05 -4.5000000000e-13 0.0000000000e+00 4.5000000000e-13
-4.6000000000e-01 -4.6000000000e-01 -1.2000000000e+00 1.5283500000e-05 -1.5283500000e-05 -4.6000000000e-13 0.0000000000e+00 4.6000000000e-13
-4.7000000000e-01 -4.7000000000e-01 -1.2000000000e+00 1.5304300000e-05 -1.5304300000e-05 -4.7000000000e-13 0.0000000000e+00 4.7000000000e-13
-4.8000000000e-01 -4.8000000000e-01 -1.2000000000e+00 1.5324600000e-05 -1.5324600000e-05 -4.8000000000e-13 0.0000000000e+00 4.8000000000e-13
-4.9000000000e-01 -4.9000000000e-01 -1.2000000000e+00 1.5344300000e-05 -1.5344300000e-05 -4.9000000000e-13 0.0000000000e+00 4.9000000000e-13
-5.0000000000e-01 -5.0000000000e-01 -1.2000000000e+00 1.5363400000e-05 -1.5363400000e-05 -5.0000000000e-13 0.0000000000e+00 5.0000000000e-13
-5.1000000000e-01 -5.1000000000e-01 -1.2000000000e+00 1.5382100000e-05 -1.5382100000e-05 -5.1000000000e-13 0.0000000000e+00 5.1000000000e-13
-5.2000000000e-01 -5.2000000000e-01 -1.2000000000e+00 1.5400300000e-05 -1.5400300000e-05 -5.2000000000e-13 0.0000000000e+00 5.2000000000e-13
-5.3000000000e-01 -5.3000000000e-01 -1.2000000000e+00 1.5418100000e-05 -1.5418100000e-05 -5.3000000000e-13 0.0000000000e+00 5.3000000000e-13
-5.4000000000e-01 -5.4000000000e-01 -1.2000000000e+00 1.5435500000e-05 -1.5435500000e-05 -5.4000000000e-13 0.0000000000e+00 5.4000000000e-13
-5.5000000000e-01 -5.5000000000e-01 -1.2000000000e+00 1.5452400000e-05 -1.5452400000e-05 -5.5000000000e-13 0.0000000000e+00 5.5000000000e-13
-5.6000000000e-01 -5.6000000000e-01 -1.2000000000e+00 1.5469000000e-05 -1.5469000000e-05 -5.6000000000e-13 0.0000000000e+00 5.6000000000e-13
-5.7000000000e-01 -5.7000000000e-01 -1.2000000000e+00 1.5485200000e-05 -1.5485200000e-05 -5.7000000000e-13 0.0000000000e+00 5.7000000000e-13
-5.8000000000e-01 -5.8000000000e-01 -1.2000000000e+00 1.5501000000e-05 -1.5501000000e-05 -5.8000000000e-13 0.0000000000e+00 5.8000000000e-13
-5.9000000000e-01 -5.9000000000e-01 -1.2000000000e+00 1.5516600000e-05 -1.5516600000e-05 -5.9000000000e-13 0.0000000000e+00 5.9000000000e-13
-6.0000000000e-01 -6.0000000000e-01 -1.2000000000e+00 1.5531800000e-05 -1.5531800000e-05 -6.0000000000e-13 0.0000000000e+00 6.0000000000e-13
-6.1000000000e-01 -6.1000000000e-01 -1.2000000000e+00 1.5546700000e-05 -1.5546700000e-05 -6.1000000000e-13 0.0000000000e+00 6.1000000000e-13
-6.2000000000e-01 -6.2000000000e-01 -1.2000000000e+00 1.5561300000e-05 -1.5561300000e-05 -6.2000000000e-13 0.0000000000e+00 6.2000000000e-13
-6.3000000000e-01 -6.3000000000e-01 -1.2000000000e+00 1.5575600000e-05 -1.5575600000e-05 -6.3000000000e-13 0.0000000000e+00 6.3000000000e-13
-6.4000000000e-01 -6.4000000000e-01 -1.2000000000e+00 1.5589700000e-05 -1.5589700000e-05 -6.4000000000e-13 0.0000000000e+00 6.4000000000e-13
-6.5000000000e-01 -6.5000000000e-01 -1.2000000000e+00 1.5603500000e-05 -1.5603500000e-05 -6.5000000000e-13 0.0000000000e+00 6.5000000000e-13
-6.6000000000e-01 -6.6000000000e-01 -1.2000000000e+00 1.5617100000e-05 -1.5617100000e-05 -6.6000000000e-13 0.0000000000e+00 6.6000000000e-13
-6.7000000000e-01 -6.7000000000e-01 -1.2000000000e+00 1.5630400000e-05 -1.5630400000e-05 -6.7000000000e-13 0.0000000000e+00 6.7000000000e-13
-6.8000000000e-01 -6.8000000000e-01 -1.2000000000e+00 1.5643500000e-05 -1.5643500000e-05 -6.8000000000e-13 0.0000000000e+00 6.8000000000e-13
-6.9000000000e-01 -6.9000000000e-01 -1.2000000000e+00 1.5656400000e-05 -1.5656400000e-05 -6.9000000000e-13 0.0000000000e+00 6.9000000000e-13
-7.0000000000e-01 -7.0000000000e-01 -1.2000000000e+00 1.5669100000e-05 -1.5669100000e-05 -7.0000000000e-13 0.0000000000e+00 7.0000000000e-13
-7.1000000000e-01 -7.1000000000e-01 -1.2000000000e+00 1.5681500000e-05 -1.5681500000e-05 -7.1000000000e-13 0.0000000000e+00 7.1000000000e-13
-7.2000000000e-01 -7.2000000000e-01 -1.2000000000e+00 1.5693800000e-05 -1.5693800000e-05 -7.2000000000e-13 0.0000000000e+00 7.2000000000e-13
-7.3000000000e-01 -7.3000000000e-01 -1.2000000000e+00 1.5705800000e-05 -1.5705800000e-05 -7.3000000000e-13 0.0000000000e+00 7.3000000000e-13
-7.4000000000e-01 -7.4000000000e-01 -1.2000000000e+00 1.5717700000e-05 -1.5717700000e-05 -7.4000000000e-13 0.0000000000e+00 7.4000000000e-13
-7.5000000000e-01 -7.5000000000e-01 -1.2000000000e+00 1.5729400000e-05 -1.5729400000e-05 -7.5000000000e-13 0.0000000000e+00 7.5000000000e-13
-7.6000000000e-01 -7.6000000000e-01 -1.2000000000e+00 1.5740900000e-05 -1.5740900000e-05 -7.6000000000e-13 0.0000000000e+00 7.6000000000e-13
-7.7000000000e-01 -7.7000000000e-01 -1.2000000000e+00 1.5752300000e-05 -1.5752300000e-05 -7.7000000000e-13 0.0000000000e+00 7.7000000000e-13
-7.8000000000e-01 -7.8000000000e-01 -1.2000000000e+00 1.5763500000e-05 -1.5763500000e-05 -7.8000000000e-13 0.0000000000e+00 7.8000000000e-13
-7.9000000000e-01 -7.9000000000e-01 -1.2000000000e+00 1.5774500000e-05 -1.5774500000e-05 -7.9000000000e-13 0.0000000000e+00 7.9000000000e-13
-8.0000000000e-01 -8.0000000000e-01 -1.2000000000e+00 1.5785400000e-05 -1.5785400000e-05 -8.0000000000e-13 0.0000000000e+00 8.0000000000e-13
-8.1000000000e-01 -8.1000000000e-01 -1.2000000000e+00 1.5796100000e-05 -1.5796100000e-05 -8.1000000000e-13 0.0000000000e+00 8.1000000000e-13
-8.2000000000e-01 -8.2000000000e-01 -1.2000000000e+00 1.5806700000e-05 -1.5806700000e-05 -8.2000000000e-13 0.0000000000e+00 8.2000000000e-13
-8.3000000000e-01 -8.3000000000e-01 -1.2000000000e+00 1.5817100000e-05 -1.5817100000e-05 -8.3000000000e-13 0.0000000000e+00 8.3000000000e-13
-8.4000000000e-01 -8.4000000000e-01 -1.2000000000e+00 1.5827400000e-05 -1.5827400000e-05 -8.4000000000e-13 0.0000000000e+00 8.4000000000e-13
-8.5000000000e-01 -8.5000000000e-01 -1.2000000000e+00 1.5837600000e-05 -1.5837600000e-05 -8.5000000000e-13 0.0000000000e+00 8.5000000000e-13
-8.6000000000e-01 -8.6000000000e-01 -1.2000000000e+00 1.5847700000e-05 -1.5847700000e-05 -8.6000000000e-13 0.0000000000e+00 8.6000000000e-13
-8.7000000000e-01 -8.7000000000e-01 -1.2000000000e+00 1.5857600000e-05 -1.5857600000e-05 -8.7000000000e-13 0.0000000000e+00 8.7000000000e-13
-8.8000000000e-01 -8.8000000000e-01 -1.2000000000e+00 1.5867400000e-05 -1.5867400000e-05 -8.8000000000e-13 0.0000000000e+00 8.8000000000e-13
-8.9000000000e-01 -8.9000000000e-01 -1.2000000000e+00 1.5877000000e-05 -1.5877000000e-05 -8.9000000000e-13 0.0000000000e+00 8.9000000000e-13
-9.0000000000e-01 -9.0000000000e-01 -1.2000000000e+00 1.5886600000e-05 -1.5886600000e-05 -9.0000000000e-13 0.0000000000e+00 9.0000000000e-13
-9.1000000000e-01 -9.1000000000e-01 -1.2000000000e+00 1.5896100000e-05 -1.5896000000e-05 -9.1000000000e-13 0.0000000000e+00 9.9089999997e-11
-9.2000000000e-01 -9.2000000000e-01 -1.2000000000e+00 1.5905400000e-05 -1.5905400000e-05 -9.2000000000e-13 0.0000000000e+00 9.2000000000e-13
-9.3000000000e-01 -9.3000000000e-01 -1.2000000000e+00 1.5914600000e-05 -1.5914600000e-05 -9.3000000000e-13 0.0000000000e+00 9.3000000000e-13
-9.4000000000e-01 -9.4000000000e-01 -1.2000000000e+00 1.5923700000e-05 -1.5923700000e-05 -9.4000000000e-13 0.0000000000e+00 9.4000000000e-13
-9.5000000000e-01 -9.5000000000e-01 -1.2000000000e+00 1.5932800000e-05 -1.5932800000e-05 -9.5000000000e-13 0.0000000000e+00 9.5000000000e-13
-9.6000000000e-01 -9.6000000000e-01 -1.2000000000e+00 1.5941700000e-05 -1.5941700000e-05 -9.6000000000e-13 0.0000000000e+00 9.6000000000e-13
-9.7000000000e-01 -9.7000000000e-01 -1.2000000000e+00 1.5950500000e-05 -1.5950500000e-05 -9.7000000000e-13 0.0000000000e+00 9.7000000000e-13
-9.8000000000e-01 -9.8000000000e-01 -1.2000000000e+00 1.5959200000e-05 -1.5959200000e-05 -9.8000000000e-13 0.0000000000e+00 9.8000000000e-13
-9.9000000000e-01 -9.9000000000e-01 -1.2000000000e+00 1.5967900000e-05 -1.5967900000e-05 -9.9000000000e-13 0.0000000000e+00 9.9000000000e-13
-1.0000000000e+00 -1.0000000000e+00 -1.2000000000e+00 1.5976400000e-05 -1.5976400000e-05 -1.0000000000e-12 0.0000000000e+00 1.0000000000e-12
-1.0100000000e+00 -1.0100000000e+00 -1.2000000000e+00 1.5984900000e-05 -1.5984900000e-05 -1.0100000000e-12 0.0000000000e+00 1.0100000000e-12
-1.0200000000e+00 -1.0200000000e+00 -1.2000000000e+00 1.5993200000e-05 -1.5993200000e-05 -1.0200000000e-12 0.0000000000e+00 1.0200000000e-12
-1.0300000000e+00 -1.0300000000e+00 -1.2000000000e+00 1.6001500000e-05 -1.6001500000e-05 -1.0300000000e-12 0.0000000000e+00 1.0300000000e-12
-1.0400000000e+00 -1.0400000000e+00 -1.2000000000e+00 1.6009700000e-05 -1.6009700000e-05 -1.0400000000e-12 0.0000000000e+00 1.0400000000e-12
-1.0500000000e+00 -1.0500000000e+00 -1.2000000000e+00 1.6017800000e-05 -1.6017800000e-05 -1.0500000000e-12 0.0000000000e+00 1.0500000000e-12
-1.0600000000e+00 -1.0600000000e+00 -1.2000000000e+00 1.6025900000e-05 -1.6025900000e-05 -1.0600000000e-12 0.0000000000e+00 1.0600000000e-12
-1.0700000000e+00 -1.0700000000e+00 -1.2000000000e+00 1.6033800000e-05 -1.6033800000e-05 -1.0700000000e-12 0.0000000000e+00 1.0700000000e-12
-1.0800000000e+00 -1.0800000000e+00 -1.2000000000e+00 1.6041700000e-05 -1.6041700000e-05 -1.0800000000e-12 0.0000000000e+00 1.0800000000e-12
-1.0900000000e+00 -1.0900000000e+00 -1.2000000000e+00 1.6049500000e-05 -1.6049500000e-05 -1.0900000000e-12 0.0000000000e+00 1.0900000000e-12
-1.1000000000e+00 -1.1000000000e+00 -1.2000000000e+00 1.6057300000e-05 -1.6057300000e-05 -1.1000000000e-12 0.0000000000e+00 1.1000000000e-12
-1.1100000000e+00 -1.1100000000e+00 -1.2000000000e+00 1.6064900000e-05 -1.6064900000e-05 -1.1100000000e-12 0.0000000000e+00 1.1100000000e-12
-1.1200000000e+00 -1.1200000000e+00 -1.2000000000e+00 1.6072500000e-05 -1.6072500000e-05 -1.1200000000e-12 0.0000000000e+00 1.1200000000e-12
-1.1300000000e+00 -1.1300000000e+00 -1.2000000000e+00 1.6080000000e-05 -1.6080000000e-05 -1.1300000000e-12 0.0000000000e+00 1.1300000000e-12
-1.1400000000e+00 -1.1400000000e+00 -1.2000000000e+00 1.6087500000e-05 -1.6087500000e-05 -1.1400000000e-12 0.0000000000e+00 1.1400000000e-12
-1.1500000000e+00 -1.1500000000e+00 -1.2000000000e+00 1.6094900000e-05 -1.6094900000e-05 -1.1500000000e-12 0.0000000000e+00 1.1500000000e-12
-1.1600000000e+00 -1.1600000000e+00 -1.2000000000e+00 1.6102200000e-05 -1.6102200000e-05 -1.1600000000e-12 0.0000000000e+00 1.1600000000e-12
-1.1700000000e+00 -1.1700000000e+00 -1.2000000000e+00 1.6109500000e-05 -1.6109500000e-05 -1.1700000000e-12 0.0000000000e+00 1.1700000000e-12
-1.1800000000e+00 -1.1800000000e+00 -1.2000000000e+00 1.6116700000e-05 -1.6116700000e-05 -1.1800000000e-12 0.0000000000e+00 1.1800000000e-12
-1.1900000000e+00 -1.1900000000e+00 -1.2000000000e+00 1.6123800000e-05 -1.6123800000e-05 -1.1900000000e-12 0.0000000000e+00 1.1900000000e-12
-1.2000000000e+00 -1.2000000000e+00 -1.2000000000e+00 1.6130900000e-05 -1.6130900000e-05 -1.2000000000e-12 0.0000000000e+00 1.2000000000e-12
