v-sweep v(drain_iv) v(gate_iv) id is ib ig kcl
 0.0000000000e+00  0.0000000000e+00  0.0000000000e+00  -0.0000000000e+00  -0.0000000000e+00  -0.0000000000e+00  -0.0000000000e+00  0.0000000000e+00
 1.0000000000e+00  1.0000000000e-02  0.0000000000e+00  7.2207675221e-09  -1.1352175056e-09  -6.0855500165e-09  -0.0000000000e+00  8.2718061255e-25
 2.0000000000e+00  2.0000000000e-02  0.0000000000e+00  1.4168830698e-08  -1.9977306648e-09  -1.2171100033e-08  -0.0000000000e+00  1.6543612251e-24
 3.0000000000e+00  3.0000000000e-02  0.0000000000e+00  2.0844654083e-08  -2.5880040332e-09  -1.8256650049e-08  -0.0000000000e+00  0.0000000000e+00
 4.0000000000e+00  4.0000000000e-02  0.0000000000e+00  2.5096315722e-08  -2.9065009819e-09  -2.2189814741e-08  -0.0000000000e+00  3.3087224502e-24
 5.0000000000e+00  5.0000000000e-02  0.0000000000e+00  2.5157960003e-08  -2.9681452630e-09  -2.2189814741e-08  -0.0000000000e+00  6.6174449004e-24
 6.0000000000e+00  6.0000000000e-02  0.0000000000e+00  2.5158157004e-08  -2.9683422633e-09  -2.2189814741e-08  -0.0000000000e+00  3.3087224502e-24
 7.0000000000e+00  7.0000000000e-02  0.0000000000e+00  2.5158354017e-08  -2.9685392768e-09  -2.2189814741e-08  -0.0000000000e+00  0.0000000000e+00
 8.0000000000e+00  8.0000000000e-02  0.0000000000e+00  2.5158551044e-08  -2.9687363033e-09  -2.2189814741e-08  -0.0000000000e+00  0.0000000000e+00
 9.0000000000e+00  9.0000000000e-02  0.0000000000e+00  2.5158748083e-08  -2.9689333428e-09  -2.2189814741e-08  -0.0000000000e+00  6.6174449004e-24
 1.0000000000e+01  1.0000000000e-01  0.0000000000e+00  2.5158945136e-08  -2.9691303955e-09  -2.2189814741e-08  -0.0000000000e+00  0.0000000000e+00
 1.1000000000e+01  1.1000000000e-01  0.0000000000e+00  2.5159142202e-08  -2.9693274612e-09  -2.2189814741e-08  -0.0000000000e+00  0.0000000000e+00
 1.2000000000e+01  1.2000000000e-01  0.0000000000e+00  2.5159339281e-08  -2.9695245401e-09  -2.2189814741e-08  -0.0000000000e+00  6.6174449004e-24
 1.3000000000e+01  1.3000000000e-01  0.0000000000e+00  2.5159536372e-08  -2.9697216320e-09  -2.2189814741e-08  -0.0000000000e+00  0.0000000000e+00
 1.4000000000e+01  1.4000000000e-01  0.0000000000e+00  2.5159733477e-08  -2.9699187369e-09  -2.2189814741e-08  -0.0000000000e+00  6.6174449004e-24
 1.5000000000e+01  1.5000000000e-01  0.0000000000e+00  2.5159930596e-08  -2.9701158550e-09  -2.2189814741e-08  -0.0000000000e+00  6.6174449004e-24
 1.6000000000e+01  1.6000000000e-01  0.0000000000e+00  2.5160127727e-08  -2.9703129861e-09  -2.2189814741e-08  -0.0000000000e+00  6.6174449004e-24
 1.7000000000e+01  1.7000000000e-01  0.0000000000e+00  2.5160324871e-08  -2.9705101303e-09  -2.2189814741e-08  -0.0000000000e+00  0.0000000000e+00
 1.8000000000e+01  1.8000000000e-01  0.0000000000e+00  2.5160522028e-08  -2.9707072876e-09  -2.2189814741e-08  -0.0000000000e+00  3.3087224502e-24
 1.9000000000e+01  1.9000000000e-01  0.0000000000e+00  2.5160719199e-08  -2.9709044580e-09  -2.2189814741e-08  -0.0000000000e+00  6.6174449004e-24
 2.0000000000e+01  2.0000000000e-01  0.0000000000e+00  2.5160916382e-08  -2.9711016415e-09  -2.2189814741e-08  -0.0000000000e+00  0.0000000000e+00
 2.1000000000e+01  2.1000000000e-01  0.0000000000e+00  2.5161113579e-08  -2.9712988381e-09  -2.2189814741e-08  -0.0000000000e+00  6.6174449004e-24
 2.2000000000e+01  2.2000000000e-01  0.0000000000e+00  2.5161310788e-08  -2.9714960477e-09  -2.2189814741e-08  -0.0000000000e+00  3.3087224502e-24
 2.3000000000e+01  2.3000000000e-01  0.0000000000e+00  2.5161508011e-08  -2.9716932704e-09  -2.2189814741e-08  -0.0000000000e+00  0.0000000000e+00
 2.4000000000e+01  2.4000000000e-01  0.0000000000e+00  2.5161705247e-08  -2.9718905063e-09  -2.2189814741e-08  -0.0000000000e+00  6.6174449004e-24
 2.5000000000e+01  2.5000000000e-01  0.0000000000e+00  2.5161902496e-08  -2.9720877552e-09  -2.2189814741e-08  -0.0000000000e+00  0.0000000000e+00
 2.6000000000e+01  2.6000000000e-01  0.0000000000e+00  2.5162099758e-08  -2.9722850172e-09  -2.2189814741e-08  -0.0000000000e+00  3.3087224502e-24
 2.7000000000e+01  2.7000000000e-01  0.0000000000e+00  2.5162297033e-08  -2.9724822923e-09  -2.2189814741e-08  -0.0000000000e+00  3.3087224502e-24
 2.8000000000e+01  2.8000000000e-01  0.0000000000e+00  2.5162494321e-08  -2.9726795805e-09  -2.2189814741e-08  -0.0000000000e+00  3.3087224502e-24
 2.9000000000e+01  2.9000000000e-01  0.0000000000e+00  2.5162691622e-08  -2.9728768817e-09  -2.2189814741e-08  -0.0000000000e+00  0.0000000000e+00
 3.0000000000e+01  3.0000000000e-01  0.0000000000e+00  2.5162888937e-08  -2.9730741961e-09  -2.2189814741e-08  -0.0000000000e+00  6.6174449004e-24
 3.1000000000e+01  3.1000000000e-01  0.0000000000e+00  2.5163086264e-08  -2.9732715236e-09  -2.2189814741e-08  -0.0000000000e+00  6.6174449004e-24
 3.2000000000e+01  3.2000000000e-01  0.0000000000e+00  2.5163283605e-08  -2.9734688641e-09  -2.2189814741e-08  -0.0000000000e+00  6.6174449004e-24
 3.3000000000e+01  3.3000000000e-01  0.0000000000e+00  2.5163480958e-08  -2.9736662178e-09  -2.2189814741e-08  -0.0000000000e+00  6.6174449004e-24
 3.4000000000e+01  3.4000000000e-01  0.0000000000e+00  2.5163678325e-08  -2.9738635846e-09  -2.2189814741e-08  -0.0000000000e+00  0.0000000000e+00
 3.5000000000e+01  3.5000000000e-01  0.0000000000e+00  2.5163875705e-08  -2.9740609644e-09  -2.2189814741e-08  -0.0000000000e+00  3.3087224502e-24
 3.6000000000e+01  3.6000000000e-01  0.0000000000e+00  2.5164073098e-08  -2.9742583574e-09  -2.2189814741e-08  -0.0000000000e+00  6.6174449004e-24
 3.7000000000e+01  3.7000000000e-01  0.0000000000e+00  2.5164270504e-08  -2.9744557634e-09  -2.2189814741e-08  -0.0000000000e+00  0.0000000000e+00
 3.8000000000e+01  3.8000000000e-01  0.0000000000e+00  2.5164467923e-08  -2.9746531826e-09  -2.2189814741e-08  -0.0000000000e+00  3.3087224502e-24
 3.9000000000e+01  3.9000000000e-01  0.0000000000e+00  2.5164665355e-08  -2.9748506148e-09  -2.2189814741e-08  -0.0000000000e+00  6.6174449004e-24
 4.0000000000e+01  4.0000000000e-01  0.0000000000e+00  2.5164862801e-08  -2.9750480602e-09  -2.2189814741e-08  -0.0000000000e+00  0.0000000000e+00
 4.1000000000e+01  4.1000000000e-01  0.0000000000e+00  2.5165060259e-08  -2.9752455187e-09  -2.2189814741e-08  -0.0000000000e+00  0.0000000000e+00
 4.2000000000e+01  4.2000000000e-01  0.0000000000e+00  2.5165257731e-08  -2.9754429902e-09  -2.2189814741e-08  -0.0000000000e+00  0.0000000000e+00
 4.3000000000e+01  4.3000000000e-01  0.0000000000e+00  2.5165455215e-08  -2.9756404749e-09  -2.2189814741e-08  -0.0000000000e+00  3.3087224502e-24
 4.4000000000e+01  4.4000000000e-01  0.0000000000e+00  2.5165652713e-08  -2.9758379727e-09  -2.2189814741e-08  -0.0000000000e+00  0.0000000000e+00
 4.5000000000e+01  4.5000000000e-01  0.0000000000e+00  2.5165850224e-08  -2.9760354836e-09  -2.2189814741e-08  -0.0000000000e+00  3.3087224502e-24
 4.6000000000e+01  4.6000000000e-01  0.0000000000e+00  2.5166047748e-08  -2.9762330075e-09  -2.2189814741e-08  -0.0000000000e+00  0.0000000000e+00
 4.7000000000e+01  4.7000000000e-01  0.0000000000e+00  2.5166245285e-08  -2.9764305446e-09  -2.2189814741e-08  -0.0000000000e+00  0.0000000000e+00
 4.8000000000e+01  4.8000000000e-01  0.0000000000e+00  2.5166442835e-08  -2.9766280949e-09  -2.2189814741e-08  -0.0000000000e+00  3.3087224502e-24
 4.9000000000e+01  4.9000000000e-01  0.0000000000e+00  2.5166640399e-08  -2.9768256582e-09  -2.2189814741e-08  -0.0000000000e+00  9.9261673506e-24
 5.0000000000e+01  5.0000000000e-01  0.0000000000e+00  2.5166837975e-08  -2.9770232346e-09  -2.2189814741e-08  -0.0000000000e+00  0.0000000000e+00
 5.1000000000e+01  5.1000000000e-01  0.0000000000e+00  2.5167035565e-08  -2.9772208242e-09  -2.2189814741e-08  -0.0000000000e+00  0.0000000000e+00
 5.2000000000e+01  5.2000000000e-01  0.0000000000e+00  2.5167233167e-08  -2.9774184268e-09  -2.2189814741e-08  -0.0000000000e+00  9.9261673506e-24
 5.3000000000e+01  5.3000000000e-01  0.0000000000e+00  2.5167430783e-08  -2.9776160426e-09  -2.2189814741e-08  -0.0000000000e+00  6.6174449004e-24
 5.4000000000e+01  5.4000000000e-01  0.0000000000e+00  2.5167628412e-08  -2.9778136715e-09  -2.2189814741e-08  -0.0000000000e+00  6.6174449004e-24
 5.5000000000e+01  5.5000000000e-01  0.0000000000e+00  2.5167826054e-08  -2.9780113135e-09  -2.2189814741e-08  -0.0000000000e+00  6.6174449004e-24
 5.6000000000e+01  5.6000000000e-01  0.0000000000e+00  2.5168023709e-08  -2.9782089686e-09  -2.2189814741e-08  -0.0000000000e+00  0.0000000000e+00
 5.7000000000e+01  5.7000000000e-01  0.0000000000e+00  2.5168221377e-08  -2.9784066368e-09  -2.2189814741e-08  -0.0000000000e+00  3.3087224502e-24
 5.8000000000e+01  5.8000000000e-01  0.0000000000e+00  2.5168419059e-08  -2.9786043182e-09  -2.2189814741e-08  -0.0000000000e+00  6.6174449004e-24
 5.9000000000e+01  5.9000000000e-01  0.0000000000e+00  2.5168616753e-08  -2.9788020126e-09  -2.2189814741e-08  -0.0000000000e+00  6.6174449004e-24
 6.0000000000e+01  6.0000000000e-01  0.0000000000e+00  2.5168814461e-08  -2.9789997202e-09  -2.2189814741e-08  -0.0000000000e+00  0.0000000000e+00
 6.1000000000e+01  6.1000000000e-01  0.0000000000e+00  2.5169012181e-08  -2.9791974410e-09  -2.2189814741e-08  -0.0000000000e+00  6.6174449004e-24
 6.2000000000e+01  6.2000000000e-01  0.0000000000e+00  2.5169209915e-08  -2.9793951748e-09  -2.2189814741e-08  -0.0000000000e+00  6.6174449004e-24
 6.3000000000e+01  6.3000000000e-01  0.0000000000e+00  2.5169407662e-08  -2.9795929217e-09  -2.2189814741e-08  -0.0000000000e+00  6.6174449004e-24
 6.4000000000e+01  6.4000000000e-01  0.0000000000e+00  2.5169605422e-08  -2.9797906818e-09  -2.2189814741e-08  -0.0000000000e+00  0.0000000000e+00
 6.5000000000e+01  6.5000000000e-01  0.0000000000e+00  2.5169803196e-08  -2.9799884550e-09  -2.2189814741e-08  -0.0000000000e+00  6.6174449004e-24
 6.6000000000e+01  6.6000000000e-01  0.0000000000e+00  2.5170000982e-08  -2.9801862414e-09  -2.2189814741e-08  -0.0000000000e+00  6.6174449004e-24
 6.7000000000e+01  6.7000000000e-01  0.0000000000e+00  2.5170198781e-08  -2.9803840408e-09  -2.2189814741e-08  -0.0000000000e+00  6.6174449004e-24
 6.8000000000e+01  6.8000000000e-01  0.0000000000e+00  2.5170396594e-08  -2.9805818534e-09  -2.2189814741e-08  -0.0000000000e+00  6.6174449004e-24
 6.9000000000e+01  6.9000000000e-01  0.0000000000e+00  2.5170594420e-08  -2.9807796791e-09  -2.2189814741e-08  -0.0000000000e+00  6.6174449004e-24
 7.0000000000e+01  7.0000000000e-01  0.0000000000e+00  2.5170792258e-08  -2.9809775180e-09  -2.2189814741e-08  -0.0000000000e+00  3.3087224502e-24
 7.1000000000e+01  7.1000000000e-01  0.0000000000e+00  2.5170990110e-08  -2.9811753699e-09  -2.2189814741e-08  -0.0000000000e+00  0.0000000000e+00
 7.2000000000e+01  7.2000000000e-01  0.0000000000e+00  2.5171187976e-08  -2.9813732350e-09  -2.2189814741e-08  -0.0000000000e+00  0.0000000000e+00
 7.3000000000e+01  7.3000000000e-01  0.0000000000e+00  2.5171385854e-08  -2.9815711133e-09  -2.2189814741e-08  -0.0000000000e+00  0.0000000000e+00
 7.4000000000e+01  7.4000000000e-01  0.0000000000e+00  2.5171583745e-08  -2.9817690046e-09  -2.2189814741e-08  -0.0000000000e+00  6.6174449004e-24
 7.5000000000e+01  7.5000000000e-01  0.0000000000e+00  2.5171781650e-08  -2.9819669091e-09  -2.2189814741e-08  -0.0000000000e+00  6.6174449004e-24
 7.6000000000e+01  7.6000000000e-01  0.0000000000e+00  2.5171979567e-08  -2.9821648267e-09  -2.2189814741e-08  -0.0000000000e+00  3.3087224502e-24
 7.7000000000e+01  7.7000000000e-01  0.0000000000e+00  2.5172177498e-08  -2.9823627575e-09  -2.2189814741e-08  -0.0000000000e+00  6.6174449004e-24
 7.8000000000e+01  7.8000000000e-01  0.0000000000e+00  2.5172375442e-08  -2.9825607014e-09  -2.2189814741e-08  -0.0000000000e+00  6.6174449004e-24
 7.9000000000e+01  7.9000000000e-01  0.0000000000e+00  2.5172573399e-08  -2.9827586584e-09  -2.2189814741e-08  -0.0000000000e+00  0.0000000000e+00
 8.0000000000e+01  8.0000000000e-01  0.0000000000e+00  2.5172771369e-08  -2.9829566286e-09  -2.2189814741e-08  -0.0000000000e+00  6.6174449004e-24
 8.1000000000e+01  8.1000000000e-01  0.0000000000e+00  2.5172969352e-08  -2.9831546119e-09  -2.2189814741e-08  -0.0000000000e+00  3.3087224502e-24
 8.2000000000e+01  8.2000000000e-01  0.0000000000e+00  2.5173167349e-08  -2.9833526084e-09  -2.2189814741e-08  -0.0000000000e+00  3.3087224502e-24
 8.3000000000e+01  8.3000000000e-01  0.0000000000e+00  2.5173365359e-08  -2.9835506180e-09  -2.2189814741e-08  -0.0000000000e+00  0.0000000000e+00
 8.4000000000e+01  8.4000000000e-01  0.0000000000e+00  2.5173563381e-08  -2.9837486407e-09  -2.2189814741e-08  -0.0000000000e+00  6.6174449004e-24
 8.5000000000e+01  8.5000000000e-01  0.0000000000e+00  2.5173761417e-08  -2.9839466766e-09  -2.2189814741e-08  -0.0000000000e+00  0.0000000000e+00
 8.6000000000e+01  8.6000000000e-01  0.0000000000e+00  2.5173959466e-08  -2.9841447256e-09  -2.2189814741e-08  -0.0000000000e+00  3.3087224502e-24
 8.7000000000e+01  8.7000000000e-01  0.0000000000e+00  2.5174157528e-08  -2.9843427878e-09  -2.2189814741e-08  -0.0000000000e+00  6.6174449004e-24
 8.8000000000e+01  8.8000000000e-01  0.0000000000e+00  2.5174355604e-08  -2.9845408631e-09  -2.2189814741e-08  -0.0000000000e+00  0.0000000000e+00
 8.9000000000e+01  8.9000000000e-01  0.0000000000e+00  2.5174553692e-08  -2.9847389515e-09  -2.2189814741e-08  -0.0000000000e+00  3.3087224502e-24
 9.0000000000e+01  9.0000000000e-01  0.0000000000e+00  2.5174751794e-08  -2.9849370531e-09  -2.2189814741e-08  -0.0000000000e+00  6.6174449004e-24
 9.1000000000e+01  9.1000000000e-01  0.0000000000e+00  2.5174949908e-08  -2.9851351679e-09  -2.2189814741e-08  -0.0000000000e+00  3.3087224502e-24
 9.2000000000e+01  9.2000000000e-01  0.0000000000e+00  2.5175148036e-08  -2.9853332958e-09  -2.2189814741e-08  -0.0000000000e+00  0.0000000000e+00
 9.3000000000e+01  9.3000000000e-01  0.0000000000e+00  2.5175346177e-08  -2.9855314368e-09  -2.2189814741e-08  -0.0000000000e+00  6.6174449004e-24
 9.4000000000e+01  9.4000000000e-01  0.0000000000e+00  2.5175544332e-08  -2.9857295910e-09  -2.2189814741e-08  -0.0000000000e+00  3.3087224502e-24
 9.5000000000e+01  9.5000000000e-01  0.0000000000e+00  2.5175742499e-08  -2.9859277583e-09  -2.2189814741e-08  -0.0000000000e+00  3.3087224502e-24
 9.6000000000e+01  9.6000000000e-01  0.0000000000e+00  2.5175940679e-08  -2.9861259388e-09  -2.2189814741e-08  -0.0000000000e+00  6.6174449004e-24
 9.7000000000e+01  9.7000000000e-01  0.0000000000e+00  2.5176138873e-08  -2.9863241325e-09  -2.2189814741e-08  -0.0000000000e+00  6.6174449004e-24
 9.8000000000e+01  9.8000000000e-01  0.0000000000e+00  2.5176337080e-08  -2.9865223393e-09  -2.2189814741e-08  -0.0000000000e+00  3.3087224502e-24
 9.9000000000e+01  9.9000000000e-01  0.0000000000e+00  2.5176535300e-08  -2.9867205592e-09  -2.2189814741e-08  -0.0000000000e+00  0.0000000000e+00
 1.0000000000e+02  1.0000000000e+00  0.0000000000e+00  2.5176733533e-08  -2.9869187923e-09  -2.2189814741e-08  -0.0000000000e+00  0.0000000000e+00
 1.0100000000e+02  1.0100000000e+00  0.0000000000e+00  2.5176931779e-08  -2.9871170386e-09  -2.2189814741e-08  -0.0000000000e+00  3.3087224502e-24
 1.0200000000e+02  1.0200000000e+00  0.0000000000e+00  2.5177130039e-08  -2.9873152980e-09  -2.2189814741e-08  -0.0000000000e+00  6.6174449004e-24
 1.0300000000e+02  1.0300000000e+00  0.0000000000e+00  2.5177328311e-08  -2.9875135706e-09  -2.2189814741e-08  -0.0000000000e+00  6.6174449004e-24
 1.0400000000e+02  1.0400000000e+00  0.0000000000e+00  2.5177526597e-08  -2.9877118563e-09  -2.2189814741e-08  -0.0000000000e+00  0.0000000000e+00
 1.0500000000e+02  1.0500000000e+00  0.0000000000e+00  2.5177724896e-08  -2.9879101552e-09  -2.2189814741e-08  -0.0000000000e+00  0.0000000000e+00
 1.0600000000e+02  1.0600000000e+00  0.0000000000e+00  2.5177923208e-08  -2.9881084672e-09  -2.2189814741e-08  -0.0000000000e+00  3.3087224502e-24
 1.0700000000e+02  1.0700000000e+00  0.0000000000e+00  2.5178121533e-08  -2.9883067925e-09  -2.2189814741e-08  -0.0000000000e+00  0.0000000000e+00
 1.0800000000e+02  1.0800000000e+00  0.0000000000e+00  2.5178319871e-08  -2.9885051308e-09  -2.2189814741e-08  -0.0000000000e+00  0.0000000000e+00
 1.0900000000e+02  1.0900000000e+00  0.0000000000e+00  2.5178518223e-08  -2.9887034824e-09  -2.2189814741e-08  -0.0000000000e+00  6.6174449004e-24
 1.1000000000e+02  1.1000000000e+00  0.0000000000e+00  2.5178716588e-08  -2.9889018471e-09  -2.2189814741e-08  -0.0000000000e+00  3.3087224502e-24
 1.1100000000e+02  1.1100000000e+00  0.0000000000e+00  2.5178914965e-08  -2.9891002249e-09  -2.2189814741e-08  -0.0000000000e+00  3.3087224502e-24
 1.1200000000e+02  1.1200000000e+00  0.0000000000e+00  2.5179113356e-08  -2.9892986160e-09  -2.2189814741e-08  -0.0000000000e+00  3.3087224502e-24
 1.1300000000e+02  1.1300000000e+00  0.0000000000e+00  2.5179311761e-08  -2.9894970202e-09  -2.2189814741e-08  -0.0000000000e+00  3.3087224502e-24
 1.1400000000e+02  1.1400000000e+00  0.0000000000e+00  2.5179510178e-08  -2.9896954375e-09  -2.2189814741e-08  -0.0000000000e+00  0.0000000000e+00
 1.1500000000e+02  1.1500000000e+00  0.0000000000e+00  2.5179708609e-08  -2.9898938681e-09  -2.2189814741e-08  -0.0000000000e+00  3.3087224502e-24
 1.1600000000e+02  1.1600000000e+00  0.0000000000e+00  2.5179907052e-08  -2.9900923118e-09  -2.2189814741e-08  -0.0000000000e+00  0.0000000000e+00
 1.1700000000e+02  1.1700000000e+00  0.0000000000e+00  2.5180105509e-08  -2.9902907686e-09  -2.2189814741e-08  -0.0000000000e+00  6.6174449004e-24
 1.1800000000e+02  1.1800000000e+00  0.0000000000e+00  2.5180303979e-08  -2.9904892387e-09  -2.2189814741e-08  -0.0000000000e+00  6.6174449004e-24
 1.1900000000e+02  1.1900000000e+00  0.0000000000e+00  2.5180502462e-08  -2.9906877219e-09  -2.2189814741e-08  -0.0000000000e+00  3.3087224502e-24
 1.2000000000e+02  1.2000000000e+00  0.0000000000e+00  2.5180700959e-08  -2.9908862183e-09  -2.2189814741e-08  -0.0000000000e+00  0.0000000000e+00
 1.2100000000e+02  0.0000000000e+00  2.0000000000e-01  -0.0000000000e+00  -0.0000000000e+00  -0.0000000000e+00  -0.0000000000e+00  0.0000000000e+00
 1.2200000000e+02  1.0000000000e-02  2.0000000000e-01  3.8583029141e-08  -3.2497479125e-08  -6.0855500165e-09  -0.0000000000e+00  1.2407709188e-23
 1.2300000000e+02  2.0000000000e-02  2.0000000000e-01  6.9359445157e-08  -5.7188345124e-08  -1.2171100033e-08  -0.0000000000e+00  4.9630836753e-24
 1.2400000000e+02  3.0000000000e-02  2.0000000000e-01  9.2342546717e-08  -7.4085896667e-08  -1.8256650049e-08  -0.0000000000e+00  3.3087224502e-24
 1.2500000000e+02  4.0000000000e-02  2.0000000000e-01  1.0539321327e-07  -8.3203398526e-08  -2.2189814741e-08  -0.0000000000e+00  2.6469779602e-23
 1.2600000000e+02  5.0000000000e-02  2.0000000000e-01  1.0715788253e-07  -8.4968067790e-08  -2.2189814741e-08  -0.0000000000e+00  5.2939559203e-23
 1.2700000000e+02  6.0000000000e-02  2.0000000000e-01  1.0716352172e-07  -8.4973706975e-08  -2.2189814741e-08  -0.0000000000e+00  1.3234889801e-23
 1.2800000000e+02  7.0000000000e-02  2.0000000000e-01  1.0716916127e-07  -8.4979346534e-08  -2.2189814741e-08  -0.0000000000e+00  1.3234889801e-23
 1.2900000000e+02  8.0000000000e-02  2.0000000000e-01  1.0717480121e-07  -8.4984986468e-08  -2.2189814741e-08  -0.0000000000e+00  2.6469779602e-23
 1.3000000000e+02  9.0000000000e-02  2.0000000000e-01  1.0718044152e-07  -8.4990626775e-08  -2.2189814741e-08  -0.0000000000e+00  1.3234889801e-23
 1.3100000000e+02  1.0000000000e-01  2.0000000000e-01  1.0718608220e-07  -8.4996267458e-08  -2.2189814741e-08  -0.0000000000e+00  1.3234889801e-23
 1.3200000000e+02  1.1000000000e-01  2.0000000000e-01  1.0719172325e-07  -8.5001908514e-08  -2.2189814741e-08  -0.0000000000e+00  1.3234889801e-23
 1.3300000000e+02  1.2000000000e-01  2.0000000000e-01  1.0719736469e-07  -8.5007549945e-08  -2.2189814741e-08  -0.0000000000e+00  2.6469779602e-23
 1.3400000000e+02  1.3000000000e-01  2.0000000000e-01  1.0720300649e-07  -8.5013191750e-08  -2.2189814741e-08  -0.0000000000e+00  2.6469779602e-23
 1.3500000000e+02  1.4000000000e-01  2.0000000000e-01  1.0720864867e-07  -8.5018833930e-08  -2.2189814741e-08  -0.0000000000e+00  1.3234889801e-23
 1.3600000000e+02  1.5000000000e-01  2.0000000000e-01  1.0721429122e-07  -8.5024476484e-08  -2.2189814741e-08  -0.0000000000e+00  3.9704669403e-23
 1.3700000000e+02  1.6000000000e-01  2.0000000000e-01  1.0721993415e-07  -8.5030119413e-08  -2.2189814741e-08  -0.0000000000e+00  3.9704669403e-23
 1.3800000000e+02  1.7000000000e-01  2.0000000000e-01  1.0722557746e-07  -8.5035762716e-08  -2.2189814741e-08  -0.0000000000e+00  3.9704669403e-23
 1.3900000000e+02  1.8000000000e-01  2.0000000000e-01  1.0723122113e-07  -8.5041406394e-08  -2.2189814741e-08  -0.0000000000e+00  2.6469779602e-23
 1.4000000000e+02  1.9000000000e-01  2.0000000000e-01  1.0723686519e-07  -8.5047050446e-08  -2.2189814741e-08  -0.0000000000e+00  2.6469779602e-23
 1.4100000000e+02  2.0000000000e-01  2.0000000000e-01  1.0724250961e-07  -8.5052694873e-08  -2.2189814741e-08  -0.0000000000e+00  3.9704669403e-23
 1.4200000000e+02  2.1000000000e-01  2.0000000000e-01  1.0724815442e-07  -8.5058339675e-08  -2.2189814741e-08  -0.0000000000e+00  1.3234889801e-23
 1.4300000000e+02  2.2000000000e-01  2.0000000000e-01  1.0725379959e-07  -8.5063984851e-08  -2.2189814741e-08  -0.0000000000e+00  0.0000000000e+00
 1.4400000000e+02  2.3000000000e-01  2.0000000000e-01  1.0725944514e-07  -8.5069630402e-08  -2.2189814741e-08  -0.0000000000e+00  3.9704669403e-23
 1.4500000000e+02  2.4000000000e-01  2.0000000000e-01  1.0726509107e-07  -8.5075276327e-08  -2.2189814741e-08  -0.0000000000e+00  2.6469779602e-23
 1.4600000000e+02  2.5000000000e-01  2.0000000000e-01  1.0727073737e-07  -8.5080922627e-08  -2.2189814741e-08  -0.0000000000e+00  1.3234889801e-23
 1.4700000000e+02  2.6000000000e-01  2.0000000000e-01  1.0727638404e-07  -8.5086569302e-08  -2.2189814741e-08  -0.0000000000e+00  3.9704669403e-23
 1.4800000000e+02  2.7000000000e-01  2.0000000000e-01  1.0728203109e-07  -8.5092216352e-08  -2.2189814741e-08  -0.0000000000e+00  0.0000000000e+00
 1.4900000000e+02  2.8000000000e-01  2.0000000000e-01  1.0728767852e-07  -8.5097863776e-08  -2.2189814741e-08  -0.0000000000e+00  3.9704669403e-23
 1.5000000000e+02  2.9000000000e-01  2.0000000000e-01  1.0729332632e-07  -8.5103511576e-08  -2.2189814741e-08  -0.0000000000e+00  1.3234889801e-23
 1.5100000000e+02  3.0000000000e-01  2.0000000000e-01  1.0729897449e-07  -8.5109159750e-08  -2.2189814741e-08  -0.0000000000e+00  3.9704669403e-23
 1.5200000000e+02  3.1000000000e-01  2.0000000000e-01  1.0730462304e-07  -8.5114808299e-08  -2.2189814741e-08  -0.0000000000e+00  2.6469779602e-23
 1.5300000000e+02  3.2000000000e-01  2.0000000000e-01  1.0731027196e-07  -8.5120457223e-08  -2.2189814741e-08  -0.0000000000e+00  1.3234889801e-23
 1.5400000000e+02  3.3000000000e-01  2.0000000000e-01  1.0731592126e-07  -8.5126106521e-08  -2.2189814741e-08  -0.0000000000e+00  3.9704669403e-23
 1.5500000000e+02  3.4000000000e-01  2.0000000000e-01  1.0732157094e-07  -8.5131756195e-08  -2.2189814741e-08  -0.0000000000e+00  2.6469779602e-23
 1.5600000000e+02  3.5000000000e-01  2.0000000000e-01  1.0732722098e-07  -8.5137406244e-08  -2.2189814741e-08  -0.0000000000e+00  1.3234889801e-23
 1.5700000000e+02  3.6000000000e-01  2.0000000000e-01  1.0733287141e-07  -8.5143056667e-08  -2.2189814741e-08  -0.0000000000e+00  3.9704669403e-23
 1.5800000000e+02  3.7000000000e-01  2.0000000000e-01  1.0733852221e-07  -8.5148707466e-08  -2.2189814741e-08  -0.0000000000e+00  2.6469779602e-23
 1.5900000000e+02  3.8000000000e-01  2.0000000000e-01  1.0734417338e-07  -8.5154358640e-08  -2.2189814741e-08  -0.0000000000e+00  1.3234889801e-23
 1.6000000000e+02  3.9000000000e-01  2.0000000000e-01  1.0734982493e-07  -8.5160010188e-08  -2.2189814741e-08  -0.0000000000e+00  1.3234889801e-23
 1.6100000000e+02  4.0000000000e-01  2.0000000000e-01  1.0735547685e-07  -8.5165662112e-08  -2.2189814741e-08  -0.0000000000e+00  3.9704669403e-23
 1.6200000000e+02  4.1000000000e-01  2.0000000000e-01  1.0736112915e-07  -8.5171314411e-08  -2.2189814741e-08  -0.0000000000e+00  1.3234889801e-23
 1.6300000000e+02  4.2000000000e-01  2.0000000000e-01  1.0736678183e-07  -8.5176967085e-08  -2.2189814741e-08  -0.0000000000e+00  1.3234889801e-23
 1.6400000000e+02  4.3000000000e-01  2.0000000000e-01  1.0737243487e-07  -8.5182620134e-08  -2.2189814741e-08  -0.0000000000e+00  2.6469779602e-23
 1.6500000000e+02  4.4000000000e-01  2.0000000000e-01  1.0737808830e-07  -8.5188273559e-08  -2.2189814741e-08  -0.0000000000e+00  1.3234889801e-23
 1.6600000000e+02  4.5000000000e-01  2.0000000000e-01  1.0738374210e-07  -8.5193927358e-08  -2.2189814741e-08  -0.0000000000e+00  5.2939559203e-23
 1.6700000000e+02  4.6000000000e-01  2.0000000000e-01  1.0738939627e-07  -8.5199581533e-08  -2.2189814741e-08  -0.0000000000e+00  2.6469779602e-23
 1.6800000000e+02  4.7000000000e-01  2.0000000000e-01  1.0739505082e-07  -8.5205236083e-08  -2.2189814741e-08  -0.0000000000e+00  3.9704669403e-23
 1.6900000000e+02  4.8000000000e-01  2.0000000000e-01  1.0740070575e-07  -8.5210891009e-08  -2.2189814741e-08  -0.0000000000e+00  1.3234889801e-23
 1.7000000000e+02  4.9000000000e-01  2.0000000000e-01  1.0740636105e-07  -8.5216546309e-08  -2.2189814741e-08  -0.0000000000e+00  2.6469779602e-23
 1.7100000000e+02  5.0000000000e-01  2.0000000000e-01  1.0741201673e-07  -8.5222201985e-08  -2.2189814741e-08  -0.0000000000e+00  2.6469779602e-23
 1.7200000000e+02  5.1000000000e-01  2.0000000000e-01  1.0741767278e-07  -8.5227858037e-08  -2.2189814741e-08  -0.0000000000e+00  2.6469779602e-23
 1.7300000000e+02  5.2000000000e-01  2.0000000000e-01  1.0742332920e-07  -8.5233514464e-08  -2.2189814741e-08  -0.0000000000e+00  1.3234889801e-23
 1.7400000000e+02  5.3000000000e-01  2.0000000000e-01  1.0742898601e-07  -8.5239171266e-08  -2.2189814741e-08  -0.0000000000e+00  2.6469779602e-23
 1.7500000000e+02  5.4000000000e-01  2.0000000000e-01  1.0743464318e-07  -8.5244828443e-08  -2.2189814741e-08  -0.0000000000e+00  5.2939559203e-23
 1.7600000000e+02  5.5000000000e-01  2.0000000000e-01  1.0744030074e-07  -8.5250485996e-08  -2.2189814741e-08  -0.0000000000e+00  3.9704669403e-23
 1.7700000000e+02  5.6000000000e-01  2.0000000000e-01  1.0744595867e-07  -8.5256143925e-08  -2.2189814741e-08  -0.0000000000e+00  1.3234889801e-23
 1.7800000000e+02  5.7000000000e-01  2.0000000000e-01  1.0745161697e-07  -8.5261802229e-08  -2.2189814741e-08  -0.0000000000e+00  1.3234889801e-23
 1.7900000000e+02  5.8000000000e-01  2.0000000000e-01  1.0745727565e-07  -8.5267460908e-08  -2.2189814741e-08  -0.0000000000e+00  1.3234889801e-23
 1.8000000000e+02  5.9000000000e-01  2.0000000000e-01  1.0746293470e-07  -8.5273119964e-08  -2.2189814741e-08  -0.0000000000e+00  3.9704669403e-23
 1.8100000000e+02  6.0000000000e-01  2.0000000000e-01  1.0746859413e-07  -8.5278779394e-08  -2.2189814741e-08  -0.0000000000e+00  1.3234889801e-23
 1.8200000000e+02  6.1000000000e-01  2.0000000000e-01  1.0747425394e-07  -8.5284439201e-08  -2.2189814741e-08  -0.0000000000e+00  0.0000000000e+00
 1.8300000000e+02  6.2000000000e-01  2.0000000000e-01  1.0747991412e-07  -8.5290099382e-08  -2.2189814741e-08  -0.0000000000e+00  2.6469779602e-23
 1.8400000000e+02  6.3000000000e-01  2.0000000000e-01  1.0748557468e-07  -8.5295759940e-08  -2.2189814741e-08  -0.0000000000e+00  1.3234889801e-23
 1.8500000000e+02  6.4000000000e-01  2.0000000000e-01  1.0749123561e-07  -8.5301420873e-08  -2.2189814741e-08  -0.0000000000e+00  2.6469779602e-23
 1.8600000000e+02  6.5000000000e-01  2.0000000000e-01  1.0749689692e-07  -8.5307082182e-08  -2.2189814741e-08  -0.0000000000e+00  2.6469779602e-23
 1.8700000000e+02  6.6000000000e-01  2.0000000000e-01  1.0750255861e-07  -8.5312743867e-08  -2.2189814741e-08  -0.0000000000e+00  1.3234889801e-23
 1.8800000000e+02  6.7000000000e-01  2.0000000000e-01  1.0750822067e-07  -8.5318405927e-08  -2.2189814741e-08  -0.0000000000e+00  2.6469779602e-23
 1.8900000000e+02  6.8000000000e-01  2.0000000000e-01  1.0751388310e-07  -8.5324068364e-08  -2.2189814741e-08  -0.0000000000e+00  5.2939559203e-23
 1.9000000000e+02  6.9000000000e-01  2.0000000000e-01  1.0751954592e-07  -8.5329731176e-08  -2.2189814741e-08  -0.0000000000e+00  3.9704669403e-23
 1.9100000000e+02  7.0000000000e-01  2.0000000000e-01  1.0752520910e-07  -8.5335394364e-08  -2.2189814741e-08  -0.0000000000e+00  0.0000000000e+00
 1.9200000000e+02  7.1000000000e-01  2.0000000000e-01  1.0753087267e-07  -8.5341057927e-08  -2.2189814741e-08  -0.0000000000e+00  3.9704669403e-23
 1.9300000000e+02  7.2000000000e-01  2.0000000000e-01  1.0753653661e-07  -8.5346721867e-08  -2.2189814741e-08  -0.0000000000e+00  1.3234889801e-23
 1.9400000000e+02  7.3000000000e-01  2.0000000000e-01  1.0754220092e-07  -8.5352386182e-08  -2.2189814741e-08  -0.0000000000e+00  3.9704669403e-23
 1.9500000000e+02  7.4000000000e-01  2.0000000000e-01  1.0754786561e-07  -8.5358050874e-08  -2.2189814741e-08  -0.0000000000e+00  0.0000000000e+00
 1.9600000000e+02  7.5000000000e-01  2.0000000000e-01  1.0755353068e-07  -8.5363715941e-08  -2.2189814741e-08  -0.0000000000e+00  2.6469779602e-23
 1.9700000000e+02  7.6000000000e-01  2.0000000000e-01  1.0755919613e-07  -8.5369381385e-08  -2.2189814741e-08  -0.0000000000e+00  1.3234889801e-23
 1.9800000000e+02  7.7000000000e-01  2.0000000000e-01  1.0756486194e-07  -8.5375047204e-08  -2.2189814741e-08  -0.0000000000e+00  2.6469779602e-23
 1.9900000000e+02  7.8000000000e-01  2.0000000000e-01  1.0757052814e-07  -8.5380713399e-08  -2.2189814741e-08  -0.0000000000e+00  0.0000000000e+00
 2.0000000000e+02  7.9000000000e-01  2.0000000000e-01  1.0757619471e-07  -8.5386379971e-08  -2.2189814741e-08  -0.0000000000e+00  1.3234889801e-23
 2.0100000000e+02  8.0000000000e-01  2.0000000000e-01  1.0758186166e-07  -8.5392046918e-08  -2.2189814741e-08  -0.0000000000e+00  3.9704669403e-23
 2.0200000000e+02  8.1000000000e-01  2.0000000000e-01  1.0758752898e-07  -8.5397714242e-08  -2.2189814741e-08  -0.0000000000e+00  2.6469779602e-23
 2.0300000000e+02  8.2000000000e-01  2.0000000000e-01  1.0759319668e-07  -8.5403381942e-08  -2.2189814741e-08  -0.0000000000e+00  2.6469779602e-23
 2.0400000000e+02  8.3000000000e-01  2.0000000000e-01  1.0759886476e-07  -8.5409050018e-08  -2.2189814741e-08  -0.0000000000e+00  1.3234889801e-23
 2.0500000000e+02  8.4000000000e-01  2.0000000000e-01  1.0760453321e-07  -8.5414718470e-08  -2.2189814741e-08  -0.0000000000e+00  5.2939559203e-23
 2.0600000000e+02  8.5000000000e-01  2.0000000000e-01  1.0761020204e-07  -8.5420387298e-08  -2.2189814741e-08  -0.0000000000e+00  1.3234889801e-23
 2.0700000000e+02  8.6000000000e-01  2.0000000000e-01  1.0761587124e-07  -8.5426056503e-08  -2.2189814741e-08  -0.0000000000e+00  2.6469779602e-23
 2.0800000000e+02  8.7000000000e-01  2.0000000000e-01  1.0762154082e-07  -8.5431726083e-08  -2.2189814741e-08  -0.0000000000e+00  2.6469779602e-23
 2.0900000000e+02  8.8000000000e-01  2.0000000000e-01  1.0762721078e-07  -8.5437396040e-08  -2.2189814741e-08  -0.0000000000e+00  3.9704669403e-23
 2.1000000000e+02  8.9000000000e-01  2.0000000000e-01  1.0763288111e-07  -8.5443066374e-08  -2.2189814741e-08  -0.0000000000e+00  1.3234889801e-23
 2.1100000000e+02  9.0000000000e-01  2.0000000000e-01  1.0763855182e-07  -8.5448737084e-08  -2.2189814741e-08  -0.0000000000e+00  5.2939559203e-23
 2.1200000000e+02  9.1000000000e-01  2.0000000000e-01  1.0764422291e-07  -8.5454408170e-08  -2.2189814741e-08  -0.0000000000e+00  1.3234889801e-23
 2.1300000000e+02  9.2000000000e-01  2.0000000000e-01  1.0764989437e-07  -8.5460079632e-08  -2.2189814741e-08  -0.0000000000e+00  2.6469779602e-23
 2.1400000000e+02  9.3000000000e-01  2.0000000000e-01  1.0765556621e-07  -8.5465751471e-08  -2.2189814741e-08  -0.0000000000e+00  2.6469779602e-23
 2.1500000000e+02  9.4000000000e-01  2.0000000000e-01  1.0766123843e-07  -8.5471423686e-08  -2.2189814741e-08  -0.0000000000e+00  0.0000000000e+00
 2.1600000000e+02  9.5000000000e-01  2.0000000000e-01  1.0766691102e-07  -8.5477096278e-08  -2.2189814741e-08  -0.0000000000e+00  2.6469779602e-23
 2.1700000000e+02  9.6000000000e-01  2.0000000000e-01  1.0767258399e-07  -8.5482769246e-08  -2.2189814741e-08  -0.0000000000e+00  1.3234889801e-23
 2.1800000000e+02  9.7000000000e-01  2.0000000000e-01  1.0767825733e-07  -8.5488442591e-08  -2.2189814741e-08  -0.0000000000e+00  5.2939559203e-23
 2.1900000000e+02  9.8000000000e-01  2.0000000000e-01  1.0768393105e-07  -8.5494116312e-08  -2.2189814741e-08  -0.0000000000e+00  0.0000000000e+00
 2.2000000000e+02  9.9000000000e-01  2.0000000000e-01  1.0768960515e-07  -8.5499790410e-08  -2.2189814741e-08  -0.0000000000e+00  0.0000000000e+00
 2.2100000000e+02  1.0000000000e+00  2.0000000000e-01  1.0769527962e-07  -8.5505464884e-08  -2.2189814741e-08  -0.0000000000e+00  5.2939559203e-23
 2.2200000000e+02  1.0100000000e+00  2.0000000000e-01  1.0770095448e-07  -8.5511139735e-08  -2.2189814741e-08  -0.0000000000e+00  3.9704669403e-23
 2.2300000000e+02  1.0200000000e+00  2.0000000000e-01  1.0770662970e-07  -8.5516814963e-08  -2.2189814741e-08  -0.0000000000e+00  5.2939559203e-23
 2.2400000000e+02  1.0300000000e+00  2.0000000000e-01  1.0771230531e-07  -8.5522490567e-08  -2.2189814741e-08  -0.0000000000e+00  2.6469779602e-23
 2.2500000000e+02  1.0400000000e+00  2.0000000000e-01  1.0771798129e-07  -8.5528166548e-08  -2.2189814741e-08  -0.0000000000e+00  0.0000000000e+00
 2.2600000000e+02  1.0500000000e+00  2.0000000000e-01  1.0772365765e-07  -8.5533842906e-08  -2.2189814741e-08  -0.0000000000e+00  3.9704669403e-23
 2.2700000000e+02  1.0600000000e+00  2.0000000000e-01  1.0772933438e-07  -8.5539519640e-08  -2.2189814741e-08  -0.0000000000e+00  3.9704669403e-23
 2.2800000000e+02  1.0700000000e+00  2.0000000000e-01  1.0773501149e-07  -8.5545196751e-08  -2.2189814741e-08  -0.0000000000e+00  2.6469779602e-23
 2.2900000000e+02  1.0800000000e+00  2.0000000000e-01  1.0774068898e-07  -8.5550874239e-08  -2.2189814741e-08  -0.0000000000e+00  2.6469779602e-23
 2.3000000000e+02  1.0900000000e+00  2.0000000000e-01  1.0774636684e-07  -8.5556552104e-08  -2.2189814741e-08  -0.0000000000e+00  1.3234889801e-23
 2.3100000000e+02  1.1000000000e+00  2.0000000000e-01  1.0775204509e-07  -8.5562230345e-08  -2.2189814741e-08  -0.0000000000e+00  5.2939559203e-23
 2.3200000000e+02  1.1100000000e+00  2.0000000000e-01  1.0775772370e-07  -8.5567908964e-08  -2.2189814741e-08  -0.0000000000e+00  3.9704669403e-23
 2.3300000000e+02  1.1200000000e+00  2.0000000000e-01  1.0776340270e-07  -8.5573587959e-08  -2.2189814741e-08  -0.0000000000e+00  2.6469779602e-23
 2.3400000000e+02  1.1300000000e+00  2.0000000000e-01  1.0776908207e-07  -8.5579267331e-08  -2.2189814741e-08  -0.0000000000e+00  3.9704669403e-23
 2.3500000000e+02  1.1400000000e+00  2.0000000000e-01  1.0777476182e-07  -8.5584947080e-08  -2.2189814741e-08  -0.0000000000e+00  1.3234889801e-23
 2.3600000000e+02  1.1500000000e+00  2.0000000000e-01  1.0778044195e-07  -8.5590627206e-08  -2.2189814741e-08  -0.0000000000e+00  0.0000000000e+00
 2.3700000000e+02  1.1600000000e+00  2.0000000000e-01  1.0778612245e-07  -8.5596307709e-08  -2.2189814741e-08  -0.0000000000e+00  1.3234889801e-23
 2.3800000000e+02  1.1700000000e+00  2.0000000000e-01  1.0779180333e-07  -8.5601988589e-08  -2.2189814741e-08  -0.0000000000e+00  0.0000000000e+00
 2.3900000000e+02  1.1800000000e+00  2.0000000000e-01  1.0779748459e-07  -8.5607669846e-08  -2.2189814741e-08  -0.0000000000e+00  3.9704669403e-23
 2.4000000000e+02  1.1900000000e+00  2.0000000000e-01  1.0780316622e-07  -8.5613351480e-08  -2.2189814741e-08  -0.0000000000e+00  1.3234889801e-23
 2.4100000000e+02  1.2000000000e+00  2.0000000000e-01  1.0780884823e-07  -8.5619033492e-08  -2.2189814741e-08  -0.0000000000e+00  2.6469779602e-23
 2.4200000000e+02  0.0000000000e+00  4.0000000000e-01  -0.0000000000e+00  -0.0000000000e+00  -0.0000000000e+00  -0.0000000000e+00  0.0000000000e+00
 2.4300000000e+02  1.0000000000e-02  4.0000000000e-01  2.5047543987e-07  -2.4438988985e-07  -6.0855500165e-09  -0.0000000000e+00  2.0679515314e-23
 2.4400000000e+02  2.0000000000e-02  4.0000000000e-01  4.8620233182e-07  -4.7403123179e-07  -1.2171100033e-08  -0.0000000000e+00  4.4667753078e-23
 2.4500000000e+02  3.0000000000e-02  4.0000000000e-01  7.0720829351e-07  -6.8895164346e-07  -1.8256650049e-08  -0.0000000000e+00  4.3013391853e-23
 2.4600000000e+02  4.0000000000e-02  4.0000000000e-01  9.1136848831e-07  -8.8917867357e-07  -2.2189814741e-08  -0.0000000000e+00  3.9704669403e-23
 2.4700000000e+02  5.0000000000e-02  4.0000000000e-01  1.0969296169e-06  -1.0747398022e-06  -2.2189814741e-08  -0.0000000000e+00  3.9704669403e-23
 2.4800000000e+02  6.0000000000e-02  4.0000000000e-01  1.2678522555e-06  -1.2456624408e-06  -2.2189814741e-08  -0.0000000000e+00  3.9704669403e-23
 2.4900000000e+02  7.0000000000e-02  4.0000000000e-01  1.4241637474e-06  -1.4019739327e-06  -2.2189814741e-08  -0.0000000000e+00  3.9704669403e-23
 2.5000000000e+02  8.0000000000e-02  4.0000000000e-01  1.5658913678e-06  -1.5437015531e-06  -2.2189814741e-08  -0.0000000000e+00  3.9704669403e-23
 2.5100000000e+02  9.0000000000e-02  4.0000000000e-01  1.6930623242e-06  -1.6708725094e-06  -2.2189814741e-08  -0.0000000000e+00  1.7205356741e-22
 2.5200000000e+02  1.0000000000e-01  4.0000000000e-01  1.8057037561e-06  -1.7835139413e-06  -2.2189814741e-08  -0.0000000000e+00  1.7205356741e-22
 2.5300000000e+02  1.1000000000e-01  4.0000000000e-01  1.9038427359e-06  -1.8816529212e-06  -2.2189814741e-08  -0.0000000000e+00  3.9704669403e-23
 2.5400000000e+02  1.2000000000e-01  4.0000000000e-01  1.9875062688e-06  -1.9653164541e-06  -2.2189814741e-08  -0.0000000000e+00  3.9704669403e-23
 2.5500000000e+02  1.3000000000e-01  4.0000000000e-01  2.0567212929e-06  -2.0345314781e-06  -2.2189814741e-08  -0.0000000000e+00  3.9704669403e-23
 2.5600000000e+02  1.4000000000e-01  4.0000000000e-01  2.1115146793e-06  -2.0893248646e-06  -2.2189814741e-08  -0.0000000000e+00  3.9704669403e-23
 2.5700000000e+02  1.5000000000e-01  4.0000000000e-01  2.1519132329e-06  -2.1297234181e-06  -2.2189814741e-08  -0.0000000000e+00  3.9704669403e-23
 2.5800000000e+02  1.6000000000e-01  4.0000000000e-01  2.1779436918e-06  -2.1557538771e-06  -2.2189814741e-08  -0.0000000000e+00  3.9704669403e-23
 2.5900000000e+02  1.7000000000e-01  4.0000000000e-01  2.1896327284e-06  -2.1674429137e-06  -2.2189814741e-08  -0.0000000000e+00  3.9704669403e-23
 2.6000000000e+02  1.8000000000e-01  4.0000000000e-01  2.1904010042e-06  -2.1682111895e-06  -2.2189814741e-08  -0.0000000000e+00  3.8381180422e-22
 2.6100000000e+02  1.9000000000e-01  4.0000000000e-01  2.1904771480e-06  -2.1682873332e-06  -2.2189814741e-08  -0.0000000000e+00  3.9704669403e-23
 2.6200000000e+02  2.0000000000e-01  4.0000000000e-01  2.1905532930e-06  -2.1683634783e-06  -2.2189814741e-08  -0.0000000000e+00  3.9704669403e-23
 2.6300000000e+02  2.1000000000e-01  4.0000000000e-01  2.1906294394e-06  -2.1684396247e-06  -2.2189814741e-08  -0.0000000000e+00  3.8381180422e-22
 2.6400000000e+02  2.2000000000e-01  4.0000000000e-01  2.1907055871e-06  -2.1685157723e-06  -2.2189814741e-08  -0.0000000000e+00  3.9704669403e-23
 2.6500000000e+02  2.3000000000e-01  4.0000000000e-01  2.1907817360e-06  -2.1685919213e-06  -2.2189814741e-08  -0.0000000000e+00  3.9704669403e-23
 2.6600000000e+02  2.4000000000e-01  4.0000000000e-01  2.1908578862e-06  -2.1686680715e-06  -2.2189814741e-08  -0.0000000000e+00  8.8673761666e-22
 2.6700000000e+02  2.5000000000e-01  4.0000000000e-01  2.1909340378e-06  -2.1687442230e-06  -2.2189814741e-08  -0.0000000000e+00  3.9704669403e-23
 2.6800000000e+02  2.6000000000e-01  4.0000000000e-01  2.1910101906e-06  -2.1688203759e-06  -2.2189814741e-08  -0.0000000000e+00  3.9704669403e-23
 2.6900000000e+02  2.7000000000e-01  4.0000000000e-01  2.1910863447e-06  -2.1688965300e-06  -2.2189814741e-08  -0.0000000000e+00  3.8381180422e-22
 2.7000000000e+02  2.8000000000e-01  4.0000000000e-01  2.1911625001e-06  -2.1689726854e-06  -2.2189814741e-08  -0.0000000000e+00  3.9704669403e-23
 2.7100000000e+02  2.9000000000e-01  4.0000000000e-01  2.1912386569e-06  -2.1690488421e-06  -2.2189814741e-08  -0.0000000000e+00  3.9704669403e-23
 2.7200000000e+02  3.0000000000e-01  4.0000000000e-01  2.1913148149e-06  -2.1691250001e-06  -2.2189814741e-08  -0.0000000000e+00  3.9704669403e-23
 2.7300000000e+02  3.1000000000e-01  4.0000000000e-01  2.1913909742e-06  -2.1692011594e-06  -2.2189814741e-08  -0.0000000000e+00  3.9704669403e-23
 2.7400000000e+02  3.2000000000e-01  4.0000000000e-01  2.1914671347e-06  -2.1692773200e-06  -2.2189814741e-08  -0.0000000000e+00  3.9704669403e-23
 2.7500000000e+02  3.3000000000e-01  4.0000000000e-01  2.1915432966e-06  -2.1693534819e-06  -2.2189814741e-08  -0.0000000000e+00  3.9704669403e-23
 2.7600000000e+02  3.4000000000e-01  4.0000000000e-01  2.1916194598e-06  -2.1694296451e-06  -2.2189814741e-08  -0.0000000000e+00  3.8381180422e-22
 2.7700000000e+02  3.5000000000e-01  4.0000000000e-01  2.1916956243e-06  -2.1695058095e-06  -2.2189814741e-08  -0.0000000000e+00  3.9704669403e-23
 2.7800000000e+02  3.6000000000e-01  4.0000000000e-01  2.1917717900e-06  -2.1695819753e-06  -2.2189814741e-08  -0.0000000000e+00  3.9704669403e-23
 2.7900000000e+02  3.7000000000e-01  4.0000000000e-01  2.1918479571e-06  -2.1696581424e-06  -2.2189814741e-08  -0.0000000000e+00  3.9704669403e-23
 2.8000000000e+02  3.8000000000e-01  4.0000000000e-01  2.1919241255e-06  -2.1697343107e-06  -2.2189814741e-08  -0.0000000000e+00  3.9704669403e-23
 2.8100000000e+02  3.9000000000e-01  4.0000000000e-01  2.1920002951e-06  -2.1698104804e-06  -2.2189814741e-08  -0.0000000000e+00  3.9704669403e-23
 2.8200000000e+02  4.0000000000e-01  4.0000000000e-01  2.1920764660e-06  -2.1698866513e-06  -2.2189814741e-08  -0.0000000000e+00  8.8673761666e-22
 2.8300000000e+02  4.1000000000e-01  4.0000000000e-01  2.1921526383e-06  -2.1699628235e-06  -2.2189814741e-08  -0.0000000000e+00  3.9704669403e-23
 2.8400000000e+02  4.2000000000e-01  4.0000000000e-01  2.1922288118e-06  -2.1700389971e-06  -2.2189814741e-08  -0.0000000000e+00  3.9704669403e-23
 2.8500000000e+02  4.3000000000e-01  4.0000000000e-01  2.1923049866e-06  -2.1701151719e-06  -2.2189814741e-08  -0.0000000000e+00  3.9704669403e-23
 2.8600000000e+02  4.4000000000e-01  4.0000000000e-01  2.1923811627e-06  -2.1701913480e-06  -2.2189814741e-08  -0.0000000000e+00  3.9704669403e-23
 2.8700000000e+02  4.5000000000e-01  4.0000000000e-01  2.1924573401e-06  -2.1702675254e-06  -2.2189814741e-08  -0.0000000000e+00  3.9704669403e-23
 2.8800000000e+02  4.6000000000e-01  4.0000000000e-01  2.1925335188e-06  -2.1703437041e-06  -2.2189814741e-08  -0.0000000000e+00  3.9704669403e-23
 2.8900000000e+02  4.7000000000e-01  4.0000000000e-01  2.1926096988e-06  -2.1704198841e-06  -2.2189814741e-08  -0.0000000000e+00  3.9704669403e-23
 2.9000000000e+02  4.8000000000e-01  4.0000000000e-01  2.1926858801e-06  -2.1704960654e-06  -2.2189814741e-08  -0.0000000000e+00  3.9704669403e-23
 2.9100000000e+02  4.9000000000e-01  4.0000000000e-01  2.1927620627e-06  -2.1705722480e-06  -2.2189814741e-08  -0.0000000000e+00  3.9704669403e-23
 2.9200000000e+02  5.0000000000e-01  4.0000000000e-01  2.1928382466e-06  -2.1706484318e-06  -2.2189814741e-08  -0.0000000000e+00  3.8381180422e-22
 2.9300000000e+02  5.1000000000e-01  4.0000000000e-01  2.1929144318e-06  -2.1707246170e-06  -2.2189814741e-08  -0.0000000000e+00  3.9704669403e-23
 2.9400000000e+02  5.2000000000e-01  4.0000000000e-01  2.1929906182e-06  -2.1708008035e-06  -2.2189814741e-08  -0.0000000000e+00  3.9704669403e-23
 2.9500000000e+02  5.3000000000e-01  4.0000000000e-01  2.1930668060e-06  -2.1708769912e-06  -2.2189814741e-08  -0.0000000000e+00  3.9704669403e-23
 2.9600000000e+02  5.4000000000e-01  4.0000000000e-01  2.1931429950e-06  -2.1709531803e-06  -2.2189814741e-08  -0.0000000000e+00  3.9704669403e-23
 2.9700000000e+02  5.5000000000e-01  4.0000000000e-01  2.1932191854e-06  -2.1710293706e-06  -2.2189814741e-08  -0.0000000000e+00  3.9704669403e-23
 2.9800000000e+02  5.6000000000e-01  4.0000000000e-01  2.1932953770e-06  -2.1711055623e-06  -2.2189814741e-08  -0.0000000000e+00  3.9704669403e-23
 2.9900000000e+02  5.7000000000e-01  4.0000000000e-01  2.1933715699e-06  -2.1711817552e-06  -2.2189814741e-08  -0.0000000000e+00  3.9704669403e-23
 3.0000000000e+02  5.8000000000e-01  4.0000000000e-01  2.1934477642e-06  -2.1712579494e-06  -2.2189814741e-08  -0.0000000000e+00  8.8673761666e-22
 3.0100000000e+02  5.9000000000e-01  4.0000000000e-01  2.1935239597e-06  -2.1713341449e-06  -2.2189814741e-08  -0.0000000000e+00  3.8381180422e-22
 3.0200000000e+02  6.0000000000e-01  4.0000000000e-01  2.1936001565e-06  -2.1714103417e-06  -2.2189814741e-08  -0.0000000000e+00  3.9704669403e-23
 3.0300000000e+02  6.1000000000e-01  4.0000000000e-01  2.1936763546e-06  -2.1714865399e-06  -2.2189814741e-08  -0.0000000000e+00  3.8381180422e-22
 3.0400000000e+02  6.2000000000e-01  4.0000000000e-01  2.1937525540e-06  -2.1715627393e-06  -2.2189814741e-08  -0.0000000000e+00  3.9704669403e-23
 3.0500000000e+02  6.3000000000e-01  4.0000000000e-01  2.1938287547e-06  -2.1716389399e-06  -2.2189814741e-08  -0.0000000000e+00  3.9704669403e-23
 3.0600000000e+02  6.4000000000e-01  4.0000000000e-01  2.1939049567e-06  -2.1717151419e-06  -2.2189814741e-08  -0.0000000000e+00  3.9704669403e-23
 3.0700000000e+02  6.5000000000e-01  4.0000000000e-01  2.1939811600e-06  -2.1717913452e-06  -2.2189814741e-08  -0.0000000000e+00  8.8673761666e-22
 3.0800000000e+02  6.6000000000e-01  4.0000000000e-01  2.1940573645e-06  -2.1718675498e-06  -2.2189814741e-08  -0.0000000000e+00  3.8381180422e-22
 3.0900000000e+02  6.7000000000e-01  4.0000000000e-01  2.1941335704e-06  -2.1719437556e-06  -2.2189814741e-08  -0.0000000000e+00  3.9704669403e-23
 3.1000000000e+02  6.8000000000e-01  4.0000000000e-01  2.1942097776e-06  -2.1720199628e-06  -2.2189814741e-08  -0.0000000000e+00  3.8381180422e-22
 3.1100000000e+02  6.9000000000e-01  4.0000000000e-01  2.1942859860e-06  -2.1720961713e-06  -2.2189814741e-08  -0.0000000000e+00  3.9704669403e-23
 3.1200000000e+02  7.0000000000e-01  4.0000000000e-01  2.1943621958e-06  -2.1721723810e-06  -2.2189814741e-08  -0.0000000000e+00  3.9704669403e-23
 3.1300000000e+02  7.1000000000e-01  4.0000000000e-01  2.1944384068e-06  -2.1722485921e-06  -2.2189814741e-08  -0.0000000000e+00  3.9704669403e-23
 3.1400000000e+02  7.2000000000e-01  4.0000000000e-01  2.1945146191e-06  -2.1723248044e-06  -2.2189814741e-08  -0.0000000000e+00  3.9704669403e-23
 3.1500000000e+02  7.3000000000e-01  4.0000000000e-01  2.1945908328e-06  -2.1724010180e-06  -2.2189814741e-08  -0.0000000000e+00  3.9704669403e-23
 3.1600000000e+02  7.4000000000e-01  4.0000000000e-01  2.1946670477e-06  -2.1724772329e-06  -2.2189814741e-08  -0.0000000000e+00  3.9704669403e-23
 3.1700000000e+02  7.5000000000e-01  4.0000000000e-01  2.1947432639e-06  -2.1725534492e-06  -2.2189814741e-08  -0.0000000000e+00  3.9704669403e-23
 3.1800000000e+02  7.6000000000e-01  4.0000000000e-01  2.1948194814e-06  -2.1726296667e-06  -2.2189814741e-08  -0.0000000000e+00  3.9704669403e-23
 3.1900000000e+02  7.7000000000e-01  4.0000000000e-01  2.1948957002e-06  -2.1727058855e-06  -2.2189814741e-08  -0.0000000000e+00  3.9704669403e-23
 3.2000000000e+02  7.8000000000e-01  4.0000000000e-01  2.1949719203e-06  -2.1727821056e-06  -2.2189814741e-08  -0.0000000000e+00  3.8381180422e-22
 3.2100000000e+02  7.9000000000e-01  4.0000000000e-01  2.1950481417e-06  -2.1728583270e-06  -2.2189814741e-08  -0.0000000000e+00  3.9704669403e-23
 3.2200000000e+02  8.0000000000e-01  4.0000000000e-01  2.1951243644e-06  -2.1729345496e-06  -2.2189814741e-08  -0.0000000000e+00  3.9704669403e-23
 3.2300000000e+02  8.1000000000e-01  4.0000000000e-01  2.1952005884e-06  -2.1730107736e-06  -2.2189814741e-08  -0.0000000000e+00  3.9704669403e-23
 3.2400000000e+02  8.2000000000e-01  4.0000000000e-01  2.1952768136e-06  -2.1730869989e-06  -2.2189814741e-08  -0.0000000000e+00  3.9704669403e-23
 3.2500000000e+02  8.3000000000e-01  4.0000000000e-01  2.1953530402e-06  -2.1731632254e-06  -2.2189814741e-08  -0.0000000000e+00  3.9704669403e-23
 3.2600000000e+02  8.4000000000e-01  4.0000000000e-01  2.1954292680e-06  -2.1732394533e-06  -2.2189814741e-08  -0.0000000000e+00  3.9704669403e-23
 3.2700000000e+02  8.5000000000e-01  4.0000000000e-01  2.1955054972e-06  -2.1733156825e-06  -2.2189814741e-08  -0.0000000000e+00  3.9704669403e-23
 3.2800000000e+02  8.6000000000e-01  4.0000000000e-01  2.1955817276e-06  -2.1733919129e-06  -2.2189814741e-08  -0.0000000000e+00  3.9704669403e-23
 3.2900000000e+02  8.7000000000e-01  4.0000000000e-01  2.1956579594e-06  -2.1734681446e-06  -2.2189814741e-08  -0.0000000000e+00  3.9704669403e-23
 3.3000000000e+02  8.8000000000e-01  4.0000000000e-01  2.1957341924e-06  -2.1735443777e-06  -2.2189814741e-08  -0.0000000000e+00  3.8381180422e-22
 3.3100000000e+02  8.9000000000e-01  4.0000000000e-01  2.1958104267e-06  -2.1736206120e-06  -2.2189814741e-08  -0.0000000000e+00  3.9704669403e-23
 3.3200000000e+02  9.0000000000e-01  4.0000000000e-01  2.1958866624e-06  -2.1736968476e-06  -2.2189814741e-08  -0.0000000000e+00  3.9704669403e-23
 3.3300000000e+02  9.1000000000e-01  4.0000000000e-01  2.1959628993e-06  -2.1737730845e-06  -2.2189814741e-08  -0.0000000000e+00  3.9704669403e-23
 3.3400000000e+02  9.2000000000e-01  4.0000000000e-01  2.1960391375e-06  -2.1738493227e-06  -2.2189814741e-08  -0.0000000000e+00  3.9704669403e-23
 3.3500000000e+02  9.3000000000e-01  4.0000000000e-01  2.1961153770e-06  -2.1739255622e-06  -2.2189814741e-08  -0.0000000000e+00  3.8381180422e-22
 3.3600000000e+02  9.4000000000e-01  4.0000000000e-01  2.1961916178e-06  -2.1740018030e-06  -2.2189814741e-08  -0.0000000000e+00  3.9704669403e-23
 3.3700000000e+02  9.5000000000e-01  4.0000000000e-01  2.1962678598e-06  -2.1740780451e-06  -2.2189814741e-08  -0.0000000000e+00  3.9704669403e-23
 3.3800000000e+02  9.6000000000e-01  4.0000000000e-01  2.1963441032e-06  -2.1741542885e-06  -2.2189814741e-08  -0.0000000000e+00  3.9704669403e-23
 3.3900000000e+02  9.7000000000e-01  4.0000000000e-01  2.1964203479e-06  -2.1742305332e-06  -2.2189814741e-08  -0.0000000000e+00  3.8381180422e-22
 3.4000000000e+02  9.8000000000e-01  4.0000000000e-01  2.1964965939e-06  -2.1743067791e-06  -2.2189814741e-08  -0.0000000000e+00  3.9704669403e-23
 3.4100000000e+02  9.9000000000e-01  4.0000000000e-01  2.1965728411e-06  -2.1743830264e-06  -2.2189814741e-08  -0.0000000000e+00  3.9704669403e-23
 3.4200000000e+02  1.0000000000e+00  4.0000000000e-01  2.1966490897e-06  -2.1744592749e-06  -2.2189814741e-08  -0.0000000000e+00  3.9704669403e-23
 3.4300000000e+02  1.0100000000e+00  4.0000000000e-01  2.1967253395e-06  -2.1745355248e-06  -2.2189814741e-08  -0.0000000000e+00  3.9704669403e-23
 3.4400000000e+02  1.0200000000e+00  4.0000000000e-01  2.1968015907e-06  -2.1746117759e-06  -2.2189814741e-08  -0.0000000000e+00  3.9704669403e-23
 3.4500000000e+02  1.0300000000e+00  4.0000000000e-01  2.1968778431e-06  -2.1746880284e-06  -2.2189814741e-08  -0.0000000000e+00  3.9704669403e-23
 3.4600000000e+02  1.0400000000e+00  4.0000000000e-01  2.1969540968e-06  -2.1747642821e-06  -2.2189814741e-08  -0.0000000000e+00  3.9704669403e-23
 3.4700000000e+02  1.0500000000e+00  4.0000000000e-01  2.1970303519e-06  -2.1748405371e-06  -2.2189814741e-08  -0.0000000000e+00  3.8381180422e-22
 3.4800000000e+02  1.0600000000e+00  4.0000000000e-01  2.1971066082e-06  -2.1749167934e-06  -2.2189814741e-08  -0.0000000000e+00  3.9704669403e-23
 3.4900000000e+02  1.0700000000e+00  4.0000000000e-01  2.1971828658e-06  -2.1749930510e-06  -2.2189814741e-08  -0.0000000000e+00  3.9704669403e-23
 3.5000000000e+02  1.0800000000e+00  4.0000000000e-01  2.1972591247e-06  -2.1750693099e-06  -2.2189814741e-08  -0.0000000000e+00  3.9704669403e-23
 3.5100000000e+02  1.0900000000e+00  4.0000000000e-01  2.1973353849e-06  -2.1751455701e-06  -2.2189814741e-08  -0.0000000000e+00  8.8673761666e-22
 3.5200000000e+02  1.1000000000e+00  4.0000000000e-01  2.1974116464e-06  -2.1752218316e-06  -2.2189814741e-08  -0.0000000000e+00  3.9704669403e-23
 3.5300000000e+02  1.1100000000e+00  4.0000000000e-01  2.1974879091e-06  -2.1752980944e-06  -2.2189814741e-08  -0.0000000000e+00  3.9704669403e-23
 3.5400000000e+02  1.1200000000e+00  4.0000000000e-01  2.1975641732e-06  -2.1753743585e-06  -2.2189814741e-08  -0.0000000000e+00  8.8673761666e-22
 3.5500000000e+02  1.1300000000e+00  4.0000000000e-01  2.1976404386e-06  -2.1754506238e-06  -2.2189814741e-08  -0.0000000000e+00  3.9704669403e-23
 3.5600000000e+02  1.1400000000e+00  4.0000000000e-01  2.1977167052e-06  -2.1755268905e-06  -2.2189814741e-08  -0.0000000000e+00  3.9704669403e-23
 3.5700000000e+02  1.1500000000e+00  4.0000000000e-01  2.1977929732e-06  -2.1756031585e-06  -2.2189814741e-08  -0.0000000000e+00  3.9704669403e-23
 3.5800000000e+02  1.1600000000e+00  4.0000000000e-01  2.1978692425e-06  -2.1756794277e-06  -2.2189814741e-08  -0.0000000000e+00  3.9704669403e-23
 3.5900000000e+02  1.1700000000e+00  4.0000000000e-01  2.1979455130e-06  -2.1757556983e-06  -2.2189814741e-08  -0.0000000000e+00  3.8381180422e-22
 3.6000000000e+02  1.1800000000e+00  4.0000000000e-01  2.1980217848e-06  -2.1758319701e-06  -2.2189814741e-08  -0.0000000000e+00  3.9704669403e-23
 3.6100000000e+02  1.1900000000e+00  4.0000000000e-01  2.1980980580e-06  -2.1759082432e-06  -2.2189814741e-08  -0.0000000000e+00  3.9704669403e-23
 3.6200000000e+02  1.2000000000e+00  4.0000000000e-01  2.1981743324e-06  -2.1759845176e-06  -2.2189814741e-08  -0.0000000000e+00  3.9704669403e-23
 3.6300000000e+02  0.0000000000e+00  6.0000000000e-01  -0.0000000000e+00  -0.0000000000e+00  -0.0000000000e+00  -0.0000000000e+00  0.0000000000e+00
 3.6400000000e+02  1.0000000000e-02  6.0000000000e-01  4.6846202595e-07  -4.6237647593e-07  -6.0855500165e-09  -0.0000000000e+00  7.3619074517e-23
 3.6500000000e+02  2.0000000000e-02  6.0000000000e-01  9.2219111333e-07  -9.1002001330e-07  -1.2171100033e-08  -0.0000000000e+00  4.4667753078e-23
 3.6600000000e+02  3.0000000000e-02  6.0000000000e-01  1.3612143221e-06  -1.3429576720e-06  -1.8256650049e-08  -0.0000000000e+00  3.6065074707e-22
 3.6700000000e+02  4.0000000000e-02  6.0000000000e-01  1.7834062606e-06  -1.7612164459e-06  -2.2189814741e-08  -0.0000000000e+00  1.7205356741e-22
 3.6800000000e+02  5.0000000000e-02  6.0000000000e-01  2.1870130772e-06  -2.1648232624e-06  -2.2189814741e-08  -0.0000000000e+00  3.9704669403e-23
 3.6900000000e+02  6.0000000000e-02  6.0000000000e-01  2.5759947984e-06  -2.5538049837e-06  -2.2189814741e-08  -0.0000000000e+00  3.9704669403e-23
 3.7000000000e+02  7.0000000000e-02  6.0000000000e-01  2.9503782205e-06  -2.9281884057e-06  -2.2189814741e-08  -0.0000000000e+00  3.8381180422e-22
 3.7100000000e+02  8.0000000000e-02  6.0000000000e-01  3.3101900742e-06  -3.2880002594e-06  -2.2189814741e-08  -0.0000000000e+00  3.9704669403e-23
 3.7200000000e+02  9.0000000000e-02  6.0000000000e-01  3.6554570252e-06  -3.6332672104e-06  -2.2189814741e-08  -0.0000000000e+00  3.9704669403e-23
 3.7300000000e+02  1.0000000000e-01  6.0000000000e-01  3.9862056740e-06  -3.9640158593e-06  -2.2189814741e-08  -0.0000000000e+00  1.2308447515e-21
 3.7400000000e+02  1.1000000000e-01  6.0000000000e-01  4.3024625564e-06  -4.2802727417e-06  -2.2189814741e-08  -0.0000000000e+00  4.6322114303e-22
 3.7500000000e+02  1.2000000000e-01  6.0000000000e-01  4.6042541436e-06  -4.5820643288e-06  -2.2189814741e-08  -0.0000000000e+00  4.6322114303e-22
 3.7600000000e+02  1.3000000000e-01  6.0000000000e-01  4.8916068421e-06  -4.8694170273e-06  -2.2189814741e-08  -0.0000000000e+00  3.8381180422e-22
 3.7700000000e+02  1.4000000000e-01  6.0000000000e-01  5.1645469944e-06  -5.1423571796e-06  -2.2189814741e-08  -0.0000000000e+00  3.8381180422e-22
 3.7800000000e+02  1.5000000000e-01  6.0000000000e-01  5.4231008789e-06  -5.4009110642e-06  -2.2189814741e-08  -0.0000000000e+00  3.8381180422e-22
 3.7900000000e+02  1.6000000000e-01  6.0000000000e-01  5.6672947103e-06  -5.6451048956e-06  -2.2189814741e-08  -0.0000000000e+00  3.8381180422e-22
 3.8000000000e+02  1.7000000000e-01  6.0000000000e-01  5.8971546394e-06  -5.8749648247e-06  -2.2189814741e-08  -0.0000000000e+00  3.8381180422e-22
 3.8100000000e+02  1.8000000000e-01  6.0000000000e-01  6.1127067536e-06  -6.0905169389e-06  -2.2189814741e-08  -0.0000000000e+00  4.6322114303e-22
 3.8200000000e+02  1.9000000000e-01  6.0000000000e-01  6.3139770772e-06  -6.2917872625e-06  -2.2189814741e-08  -0.0000000000e+00  1.2308447515e-21
 3.8300000000e+02  2.0000000000e-01  6.0000000000e-01  6.5009915713e-06  -6.4788017566e-06  -2.2189814741e-08  -0.0000000000e+00  3.8381180422e-22
 3.8400000000e+02  2.1000000000e-01  6.0000000000e-01  6.6737761341e-06  -6.6515863193e-06  -2.2189814741e-08  -0.0000000000e+00  1.2308447515e-21
 3.8500000000e+02  2.2000000000e-01  6.0000000000e-01  6.8323566010e-06  -6.8101667863e-06  -2.2189814741e-08  -0.0000000000e+00  1.2308447515e-21
 3.8600000000e+02  2.3000000000e-01  6.0000000000e-01  6.9767587453e-06  -6.9545689305e-06  -2.2189814741e-08  -0.0000000000e+00  4.6322114303e-22
 3.8700000000e+02  2.4000000000e-01  6.0000000000e-01  7.1070082775e-06  -7.0848184627e-06  -2.2189814741e-08  -0.0000000000e+00  4.6322114303e-22
 3.8800000000e+02  2.5000000000e-01  6.0000000000e-01  7.2231308462e-06  -7.2009410315e-06  -2.2189814741e-08  -0.0000000000e+00  3.8381180422e-22
 3.8900000000e+02  2.6000000000e-01  6.0000000000e-01  7.3251520382e-06  -7.3029622234e-06  -2.2189814741e-08  -0.0000000000e+00  3.8381180422e-22
 3.9000000000e+02  2.7000000000e-01  6.0000000000e-01  7.4130973782e-06  -7.3909075635e-06  -2.2189814741e-08  -0.0000000000e+00  3.8381180422e-22
 3.9100000000e+02  2.8000000000e-01  6.0000000000e-01  7.4869923297e-06  -7.4648025149e-06  -2.2189814741e-08  -0.0000000000e+00  3.8381180422e-22
 3.9200000000e+02  2.9000000000e-01  6.0000000000e-01  7.5468622945e-06  -7.5246724798e-06  -2.2189814741e-08  -0.0000000000e+00  3.8381180422e-22
 3.9300000000e+02  3.0000000000e-01  6.0000000000e-01  7.5927326135e-06  -7.5705427988e-06  -2.2189814741e-08  -0.0000000000e+00  1.2308447515e-21
 3.9400000000e+02  3.1000000000e-01  6.0000000000e-01  7.6246285663e-06  -7.6024387516e-06  -2.2189814741e-08  -0.0000000000e+00  3.8381180422e-22
 3.9500000000e+02  3.2000000000e-01  6.0000000000e-01  7.6425753720e-06  -7.6203855572e-06  -2.2189814741e-08  -0.0000000000e+00  4.6322114303e-22
 3.9600000000e+02  3.3000000000e-01  6.0000000000e-01  7.6469368081e-06  -7.6247469934e-06  -2.2189814741e-08  -0.0000000000e+00  4.6322114303e-22
 3.9700000000e+02  3.4000000000e-01  6.0000000000e-01  7.6470756244e-06  -7.6248858097e-06  -2.2189814741e-08  -0.0000000000e+00  1.3102540903e-21
 3.9800000000e+02  3.5000000000e-01  6.0000000000e-01  7.6472144419e-06  -7.6250246271e-06  -2.2189814741e-08  -0.0000000000e+00  2.1572870375e-21
 3.9900000000e+02  3.6000000000e-01  6.0000000000e-01  7.6473532605e-06  -7.6251634458e-06  -2.2189814741e-08  -0.0000000000e+00  1.2308447515e-21
 4.0000000000e+02  3.7000000000e-01  6.0000000000e-01  7.6474920804e-06  -7.6253022656e-06  -2.2189814741e-08  -0.0000000000e+00  3.8381180422e-22
 4.0100000000e+02  3.8000000000e-01  6.0000000000e-01  7.6476309014e-06  -7.6254410867e-06  -2.2189814741e-08  -0.0000000000e+00  1.2308447515e-21
 4.0200000000e+02  3.9000000000e-01  6.0000000000e-01  7.6477697236e-06  -7.6255799089e-06  -2.2189814741e-08  -0.0000000000e+00  3.8381180422e-22
 4.0300000000e+02  4.0000000000e-01  6.0000000000e-01  7.6479085470e-06  -7.6257187323e-06  -2.2189814741e-08  -0.0000000000e+00  1.2308447515e-21
 4.0400000000e+02  4.1000000000e-01  6.0000000000e-01  7.6480473716e-06  -7.6258575569e-06  -2.2189814741e-08  -0.0000000000e+00  4.6322114303e-22
 4.0500000000e+02  4.2000000000e-01  6.0000000000e-01  7.6481861974e-06  -7.6259963827e-06  -2.2189814741e-08  -0.0000000000e+00  4.6322114303e-22
 4.0600000000e+02  4.3000000000e-01  6.0000000000e-01  7.6483250244e-06  -7.6261352096e-06  -2.2189814741e-08  -0.0000000000e+00  3.8381180422e-22
 4.0700000000e+02  4.4000000000e-01  6.0000000000e-01  7.6484638525e-06  -7.6262740378e-06  -2.2189814741e-08  -0.0000000000e+00  3.8381180422e-22
 4.0800000000e+02  4.5000000000e-01  6.0000000000e-01  7.6486026819e-06  -7.6264128671e-06  -2.2189814741e-08  -0.0000000000e+00  3.8381180422e-22
 4.0900000000e+02  4.6000000000e-01  6.0000000000e-01  7.6487415124e-06  -7.6265516977e-06  -2.2189814741e-08  -0.0000000000e+00  4.6322114303e-22
 4.1000000000e+02  4.7000000000e-01  6.0000000000e-01  7.6488803441e-06  -7.6266905294e-06  -2.2189814741e-08  -0.0000000000e+00  4.6322114303e-22
 4.1100000000e+02  4.8000000000e-01  6.0000000000e-01  7.6490191770e-06  -7.6268293623e-06  -2.2189814741e-08  -0.0000000000e+00  4.6322114303e-22
 4.1200000000e+02  4.9000000000e-01  6.0000000000e-01  7.6491580111e-06  -7.6269681964e-06  -2.2189814741e-08  -0.0000000000e+00  3.8381180422e-22
 4.1300000000e+02  5.0000000000e-01  6.0000000000e-01  7.6492968464e-06  -7.6271070317e-06  -2.2189814741e-08  -0.0000000000e+00  3.8381180422e-22
 4.1400000000e+02  5.1000000000e-01  6.0000000000e-01  7.6494356829e-06  -7.6272458681e-06  -2.2189814741e-08  -0.0000000000e+00  3.8381180422e-22
 4.1500000000e+02  5.2000000000e-01  6.0000000000e-01  7.6495745205e-06  -7.6273847058e-06  -2.2189814741e-08  -0.0000000000e+00  3.8381180422e-22
 4.1600000000e+02  5.3000000000e-01  6.0000000000e-01  7.6497133594e-06  -7.6275235446e-06  -2.2189814741e-08  -0.0000000000e+00  4.6322114303e-22
 4.1700000000e+02  5.4000000000e-01  6.0000000000e-01  7.6498521994e-06  -7.6276623847e-06  -2.2189814741e-08  -0.0000000000e+00  4.6322114303e-22
 4.1800000000e+02  5.5000000000e-01  6.0000000000e-01  7.6499910406e-06  -7.6278012259e-06  -2.2189814741e-08  -0.0000000000e+00  3.8381180422e-22
 4.1900000000e+02  5.6000000000e-01  6.0000000000e-01  7.6501298830e-06  -7.6279400683e-06  -2.2189814741e-08  -0.0000000000e+00  4.6322114303e-22
 4.2000000000e+02  5.7000000000e-01  6.0000000000e-01  7.6502687266e-06  -7.6280789119e-06  -2.2189814741e-08  -0.0000000000e+00  1.3102540903e-21
 4.2100000000e+02  5.8000000000e-01  6.0000000000e-01  7.6504075714e-06  -7.6282177566e-06  -2.2189814741e-08  -0.0000000000e+00  4.6322114303e-22
 4.2200000000e+02  5.9000000000e-01  6.0000000000e-01  7.6505464174e-06  -7.6283566026e-06  -2.2189814741e-08  -0.0000000000e+00  4.6322114303e-22
 4.2300000000e+02  6.0000000000e-01  6.0000000000e-01  7.6506852645e-06  -7.6284954498e-06  -2.2189814741e-08  -0.0000000000e+00  1.2308447515e-21
 4.2400000000e+02  6.1000000000e-01  6.0000000000e-01  7.6508241129e-06  -7.6286342981e-06  -2.2189814741e-08  -0.0000000000e+00  3.8381180422e-22
 4.2500000000e+02  6.2000000000e-01  6.0000000000e-01  7.6509629624e-06  -7.6287731476e-06  -2.2189814741e-08  -0.0000000000e+00  3.8381180422e-22
 4.2600000000e+02  6.3000000000e-01  6.0000000000e-01  7.6511018131e-06  -7.6289119984e-06  -2.2189814741e-08  -0.0000000000e+00  1.2308447515e-21
 4.2700000000e+02  6.4000000000e-01  6.0000000000e-01  7.6512406650e-06  -7.6290508503e-06  -2.2189814741e-08  -0.0000000000e+00  1.2308447515e-21
 4.2800000000e+02  6.5000000000e-01  6.0000000000e-01  7.6513795181e-06  -7.6291897034e-06  -2.2189814741e-08  -0.0000000000e+00  1.2308447515e-21
 4.2900000000e+02  6.6000000000e-01  6.0000000000e-01  7.6515183724e-06  -7.6293285577e-06  -2.2189814741e-08  -0.0000000000e+00  4.6322114303e-22
 4.3000000000e+02  6.7000000000e-01  6.0000000000e-01  7.6516572279e-06  -7.6294674131e-06  -2.2189814741e-08  -0.0000000000e+00  4.6322114303e-22
 4.3100000000e+02  6.8000000000e-01  6.0000000000e-01  7.6517960845e-06  -7.6296062698e-06  -2.2189814741e-08  -0.0000000000e+00  4.6322114303e-22
 4.3200000000e+02  6.9000000000e-01  6.0000000000e-01  7.6519349424e-06  -7.6297451276e-06  -2.2189814741e-08  -0.0000000000e+00  4.6322114303e-22
 4.3300000000e+02  7.0000000000e-01  6.0000000000e-01  7.6520738014e-06  -7.6298839867e-06  -2.2189814741e-08  -0.0000000000e+00  4.6322114303e-22
 4.3400000000e+02  7.1000000000e-01  6.0000000000e-01  7.6522126616e-06  -7.6300228469e-06  -2.2189814741e-08  -0.0000000000e+00  4.6322114303e-22
 4.3500000000e+02  7.2000000000e-01  6.0000000000e-01  7.6523515230e-06  -7.6301617083e-06  -2.2189814741e-08  -0.0000000000e+00  4.6322114303e-22
 4.3600000000e+02  7.3000000000e-01  6.0000000000e-01  7.6524903856e-06  -7.6303005709e-06  -2.2189814741e-08  -0.0000000000e+00  4.6322114303e-22
 4.3700000000e+02  7.4000000000e-01  6.0000000000e-01  7.6526292494e-06  -7.6304394347e-06  -2.2189814741e-08  -0.0000000000e+00  4.6322114303e-22
 4.3800000000e+02  7.5000000000e-01  6.0000000000e-01  7.6527681144e-06  -7.6305782996e-06  -2.2189814741e-08  -0.0000000000e+00  4.6322114303e-22
 4.3900000000e+02  7.6000000000e-01  6.0000000000e-01  7.6529069805e-06  -7.6307171658e-06  -2.2189814741e-08  -0.0000000000e+00  4.6322114303e-22
 4.4000000000e+02  7.7000000000e-01  6.0000000000e-01  7.6530458479e-06  -7.6308560331e-06  -2.2189814741e-08  -0.0000000000e+00  4.6322114303e-22
 4.4100000000e+02  7.8000000000e-01  6.0000000000e-01  7.6531847164e-06  -7.6309949017e-06  -2.2189814741e-08  -0.0000000000e+00  4.6322114303e-22
 4.4200000000e+02  7.9000000000e-01  6.0000000000e-01  7.6533235861e-06  -7.6311337714e-06  -2.2189814741e-08  -0.0000000000e+00  4.6322114303e-22
 4.4300000000e+02  8.0000000000e-01  6.0000000000e-01  7.6534624570e-06  -7.6312726423e-06  -2.2189814741e-08  -0.0000000000e+00  4.6322114303e-22
 4.4400000000e+02  8.1000000000e-01  6.0000000000e-01  7.6536013291e-06  -7.6314115144e-06  -2.2189814741e-08  -0.0000000000e+00  4.6322114303e-22
 4.4500000000e+02  8.2000000000e-01  6.0000000000e-01  7.6537402024e-06  -7.6315503877e-06  -2.2189814741e-08  -0.0000000000e+00  4.6322114303e-22
 4.4600000000e+02  8.3000000000e-01  6.0000000000e-01  7.6538790769e-06  -7.6316892621e-06  -2.2189814741e-08  -0.0000000000e+00  4.6322114303e-22
 4.4700000000e+02  8.4000000000e-01  6.0000000000e-01  7.6540179525e-06  -7.6318281378e-06  -2.2189814741e-08  -0.0000000000e+00  4.6322114303e-22
 4.4800000000e+02  8.5000000000e-01  6.0000000000e-01  7.6541568294e-06  -7.6319670146e-06  -2.2189814741e-08  -0.0000000000e+00  4.6322114303e-22
 4.4900000000e+02  8.6000000000e-01  6.0000000000e-01  7.6542957074e-06  -7.6321058927e-06  -2.2189814741e-08  -0.0000000000e+00  4.6322114303e-22
 4.5000000000e+02  8.7000000000e-01  6.0000000000e-01  7.6544345866e-06  -7.6322447719e-06  -2.2189814741e-08  -0.0000000000e+00  4.6322114303e-22
 4.5100000000e+02  8.8000000000e-01  6.0000000000e-01  7.6545734670e-06  -7.6323836523e-06  -2.2189814741e-08  -0.0000000000e+00  4.6322114303e-22
 4.5200000000e+02  8.9000000000e-01  6.0000000000e-01  7.6547123486e-06  -7.6325225339e-06  -2.2189814741e-08  -0.0000000000e+00  4.6322114303e-22
 4.5300000000e+02  9.0000000000e-01  6.0000000000e-01  7.6548512314e-06  -7.6326614167e-06  -2.2189814741e-08  -0.0000000000e+00  4.6322114303e-22
 4.5400000000e+02  9.1000000000e-01  6.0000000000e-01  7.6549901154e-06  -7.6328003006e-06  -2.2189814741e-08  -0.0000000000e+00  4.6322114303e-22
 4.5500000000e+02  9.2000000000e-01  6.0000000000e-01  7.6551290005e-06  -7.6329391858e-06  -2.2189814741e-08  -0.0000000000e+00  4.6322114303e-22
 4.5600000000e+02  9.3000000000e-01  6.0000000000e-01  7.6552678869e-06  -7.6330780721e-06  -2.2189814741e-08  -0.0000000000e+00  4.6322114303e-22
 4.5700000000e+02  9.4000000000e-01  6.0000000000e-01  7.6554067744e-06  -7.6332169597e-06  -2.2189814741e-08  -0.0000000000e+00  4.6322114303e-22
 4.5800000000e+02  9.5000000000e-01  6.0000000000e-01  7.6555456631e-06  -7.6333558484e-06  -2.2189814741e-08  -0.0000000000e+00  4.6322114303e-22
 4.5900000000e+02  9.6000000000e-01  6.0000000000e-01  7.6556845530e-06  -7.6334947383e-06  -2.2189814741e-08  -0.0000000000e+00  4.6322114303e-22
 4.6000000000e+02  9.7000000000e-01  6.0000000000e-01  7.6558234441e-06  -7.6336336294e-06  -2.2189814741e-08  -0.0000000000e+00  4.6322114303e-22
 4.6100000000e+02  9.8000000000e-01  6.0000000000e-01  7.6559623364e-06  -7.6337725217e-06  -2.2189814741e-08  -0.0000000000e+00  4.6322114303e-22
 4.6200000000e+02  9.9000000000e-01  6.0000000000e-01  7.6561012299e-06  -7.6339114151e-06  -2.2189814741e-08  -0.0000000000e+00  4.6322114303e-22
 4.6300000000e+02  1.0000000000e+00  6.0000000000e-01  7.6562401245e-06  -7.6340503098e-06  -2.2189814741e-08  -0.0000000000e+00  4.6322114303e-22
 4.6400000000e+02  1.0100000000e+00  6.0000000000e-01  7.6563790204e-06  -7.6341892056e-06  -2.2189814741e-08  -0.0000000000e+00  4.6322114303e-22
 4.6500000000e+02  1.0200000000e+00  6.0000000000e-01  7.6565179174e-06  -7.6343281027e-06  -2.2189814741e-08  -0.0000000000e+00  4.6322114303e-22
 4.6600000000e+02  1.0300000000e+00  6.0000000000e-01  7.6566568156e-06  -7.6344670009e-06  -2.2189814741e-08  -0.0000000000e+00  4.6322114303e-22
 4.6700000000e+02  1.0400000000e+00  6.0000000000e-01  7.6567957150e-06  -7.6346059003e-06  -2.2189814741e-08  -0.0000000000e+00  4.6322114303e-22
 4.6800000000e+02  1.0500000000e+00  6.0000000000e-01  7.6569346156e-06  -7.6347448009e-06  -2.2189814741e-08  -0.0000000000e+00  4.6322114303e-22
 4.6900000000e+02  1.0600000000e+00  6.0000000000e-01  7.6570735174e-06  -7.6348837027e-06  -2.2189814741e-08  -0.0000000000e+00  4.6322114303e-22
 4.7000000000e+02  1.0700000000e+00  6.0000000000e-01  7.6572124204e-06  -7.6350226056e-06  -2.2189814741e-08  -0.0000000000e+00  4.6322114303e-22
 4.7100000000e+02  1.0800000000e+00  6.0000000000e-01  7.6573513245e-06  -7.6351615098e-06  -2.2189814741e-08  -0.0000000000e+00  4.6322114303e-22
 4.7200000000e+02  1.0900000000e+00  6.0000000000e-01  7.6574902299e-06  -7.6353004152e-06  -2.2189814741e-08  -0.0000000000e+00  4.6322114303e-22
 4.7300000000e+02  1.1000000000e+00  6.0000000000e-01  7.6576291364e-06  -7.6354393217e-06  -2.2189814741e-08  -0.0000000000e+00  4.6322114303e-22
 4.7400000000e+02  1.1100000000e+00  6.0000000000e-01  7.6577680441e-06  -7.6355782294e-06  -2.2189814741e-08  -0.0000000000e+00  4.6322114303e-22
 4.7500000000e+02  1.1200000000e+00  6.0000000000e-01  7.6579069530e-06  -7.6357171383e-06  -2.2189814741e-08  -0.0000000000e+00  4.6322114303e-22
 4.7600000000e+02  1.1300000000e+00  6.0000000000e-01  7.6580458631e-06  -7.6358560484e-06  -2.2189814741e-08  -0.0000000000e+00  4.6322114303e-22
 4.7700000000e+02  1.1400000000e+00  6.0000000000e-01  7.6581847744e-06  -7.6359949597e-06  -2.2189814741e-08  -0.0000000000e+00  4.6322114303e-22
 4.7800000000e+02  1.1500000000e+00  6.0000000000e-01  7.6583236869e-06  -7.6361338722e-06  -2.2189814741e-08  -0.0000000000e+00  4.6322114303e-22
 4.7900000000e+02  1.1600000000e+00  6.0000000000e-01  7.6584626006e-06  -7.6362727858e-06  -2.2189814741e-08  -0.0000000000e+00  4.6322114303e-22
 4.8000000000e+02  1.1700000000e+00  6.0000000000e-01  7.6586015154e-06  -7.6364117007e-06  -2.2189814741e-08  -0.0000000000e+00  4.6322114303e-22
 4.8100000000e+02  1.1800000000e+00  6.0000000000e-01  7.6587404314e-06  -7.6365506167e-06  -2.2189814741e-08  -0.0000000000e+00  4.6322114303e-22
 4.8200000000e+02  1.1900000000e+00  6.0000000000e-01  7.6588793486e-06  -7.6366895339e-06  -2.2189814741e-08  -0.0000000000e+00  4.6322114303e-22
 4.8300000000e+02  1.2000000000e+00  6.0000000000e-01  7.6590182671e-06  -7.6368284523e-06  -2.2189814741e-08  -0.0000000000e+00  4.6322114303e-22
 4.8400000000e+02  0.0000000000e+00  8.0000000000e-01  -0.0000000000e+00  -0.0000000000e+00  -0.0000000000e+00  -0.0000000000e+00  0.0000000000e+00
 4.8500000000e+02  1.0000000000e-02  8.0000000000e-01  6.7824441567e-07  -6.7215886565e-07  -6.0855500165e-09  -0.0000000000e+00  2.0679515314e-23
 4.8600000000e+02  2.0000000000e-02  8.0000000000e-01  1.3417807779e-06  -1.3296096778e-06  -1.2171100033e-08  -0.0000000000e+00  2.5642598989e-22
 4.8700000000e+02  3.0000000000e-02  8.0000000000e-01  1.9906355930e-06  -1.9723789430e-06  -1.8256650049e-08  -0.0000000000e+00  6.9814043699e-22
 4.8800000000e+02  4.0000000000e-02  8.0000000000e-01  2.6226829187e-06  -2.6004931040e-06  -2.2189814741e-08  -0.0000000000e+00  3.9704669403e-23
 4.8900000000e+02  5.0000000000e-02  8.0000000000e-01  3.2361683549e-06  -3.2139785402e-06  -2.2189814741e-08  -0.0000000000e+00  3.9704669403e-23
 4.9000000000e+02  6.0000000000e-02  8.0000000000e-01  3.8350513824e-06  -3.8128615676e-06  -2.2189814741e-08  -0.0000000000e+00  1.6543612251e-21
 4.9100000000e+02  7.0000000000e-02  8.0000000000e-01  4.4193582541e-06  -4.3971684394e-06  -2.2189814741e-08  -0.0000000000e+00  1.2308447515e-21
 4.9200000000e+02  8.0000000000e-02  8.0000000000e-01  4.9891151603e-06  -4.9669253455e-06  -2.2189814741e-08  -0.0000000000e+00  3.8381180422e-22
 4.9300000000e+02  9.0000000000e-02  8.0000000000e-01  5.5443482282e-06  -5.5221584135e-06  -2.2189814741e-08  -0.0000000000e+00  3.8381180422e-22
 4.9400000000e+02  1.0000000000e-01  8.0000000000e-01  6.0850835229e-06  -6.0628937082e-06  -2.2189814741e-08  -0.0000000000e+00  3.8381180422e-22
 4.9500000000e+02  1.1000000000e-01  8.0000000000e-01  6.6113470468e-06  -6.5891572321e-06  -2.2189814741e-08  -0.0000000000e+00  1.2308447515e-21
 4.9600000000e+02  1.2000000000e-01  8.0000000000e-01  7.1231647404e-06  -7.1009749257e-06  -2.2189814741e-08  -0.0000000000e+00  3.8381180422e-22
 4.9700000000e+02  1.3000000000e-01  8.0000000000e-01  7.6205624821e-06  -7.5983726674e-06  -2.2189814741e-08  -0.0000000000e+00  3.8381180422e-22
 4.9800000000e+02  1.4000000000e-01  8.0000000000e-01  8.1035660886e-06  -8.0813762739e-06  -2.2189814741e-08  -0.0000000000e+00  4.6322114303e-22
 4.9900000000e+02  1.5000000000e-01  8.0000000000e-01  8.5722013150e-06  -8.5500115003e-06  -2.2189814741e-08  -0.0000000000e+00  4.6322114303e-22
 5.0000000000e+02  1.6000000000e-01  8.0000000000e-01  9.0264938550e-06  -9.0043040402e-06  -2.2189814741e-08  -0.0000000000e+00  4.6322114303e-22
 5.0100000000e+02  1.7000000000e-01  8.0000000000e-01  9.4664693409e-06  -9.4442795262e-06  -2.2189814741e-08  -0.0000000000e+00  4.6322114303e-22
 5.0200000000e+02  1.8000000000e-01  8.0000000000e-01  9.8921533443e-06  -9.8699635296e-06  -2.2189814741e-08  -0.0000000000e+00  4.6322114303e-22
 5.0300000000e+02  1.9000000000e-01  8.0000000000e-01  1.0303571376e-05  -1.0281381561e-05  -2.2189814741e-08  -0.0000000000e+00  4.6322114303e-22
 5.0400000000e+02  2.0000000000e-01  8.0000000000e-01  1.0700748885e-05  -1.0678559070e-05  -2.2189814741e-08  -0.0000000000e+00  4.6322114303e-22
 5.0500000000e+02  2.1000000000e-01  8.0000000000e-01  1.1083711261e-05  -1.1061521447e-05  -2.2189814741e-08  -0.0000000000e+00  1.2308447515e-21
 5.0600000000e+02  2.2000000000e-01  8.0000000000e-01  1.1452483834e-05  -1.1430294019e-05  -2.2189814741e-08  -0.0000000000e+00  1.2308447515e-21
 5.0700000000e+02  2.3000000000e-01  8.0000000000e-01  1.1807091872e-05  -1.1784902057e-05  -2.2189814741e-08  -0.0000000000e+00  4.6322114303e-22
 5.0800000000e+02  2.4000000000e-01  8.0000000000e-01  1.2147560584e-05  -1.2125370769e-05  -2.2189814741e-08  -0.0000000000e+00  4.6322114303e-22
 5.0900000000e+02  2.5000000000e-01  8.0000000000e-01  1.2473915119e-05  -1.2451725305e-05  -2.2189814741e-08  -0.0000000000e+00  1.2308447515e-21
 5.1000000000e+02  2.6000000000e-01  8.0000000000e-01  1.2786180567e-05  -1.2763990753e-05  -2.2189814741e-08  -0.0000000000e+00  4.6322114303e-22
 5.1100000000e+02  2.7000000000e-01  8.0000000000e-01  1.3084381959e-05  -1.3062192144e-05  -2.2189814741e-08  -0.0000000000e+00  4.6322114303e-22
 5.1200000000e+02  2.8000000000e-01  8.0000000000e-01  1.3368544264e-05  -1.3346354449e-05  -2.2189814741e-08  -0.0000000000e+00  1.2308447515e-21
 5.1300000000e+02  2.9000000000e-01  8.0000000000e-01  1.3638692394e-05  -1.3616502580e-05  -2.2189814741e-08  -0.0000000000e+00  4.6322114303e-22
 5.1400000000e+02  3.0000000000e-01  8.0000000000e-01  1.3894851203e-05  -1.3872661389e-05  -2.2189814741e-08  -0.0000000000e+00  4.6322114303e-22
 5.1500000000e+02  3.1000000000e-01  8.0000000000e-01  1.4137045485e-05  -1.4114855671e-05  -2.2189814741e-08  -0.0000000000e+00  4.6322114303e-22
 5.1600000000e+02  3.2000000000e-01  8.0000000000e-01  1.4365299976e-05  -1.4343110161e-05  -2.2189814741e-08  -0.0000000000e+00  1.2308447515e-21
 5.1700000000e+02  3.3000000000e-01  8.0000000000e-01  1.4579639351e-05  -1.4557449536e-05  -2.2189814741e-08  -0.0000000000e+00  1.0627616510e-20
 5.1800000000e+02  3.4000000000e-01  8.0000000000e-01  1.4780088231e-05  -1.4757898417e-05  -2.2189814741e-08  -0.0000000000e+00  4.6322114303e-22
 5.1900000000e+02  3.5000000000e-01  8.0000000000e-01  1.4966671177e-05  -1.4944481362e-05  -2.2189814741e-08  -0.0000000000e+00  4.6322114303e-22
 5.2000000000e+02  3.6000000000e-01  8.0000000000e-01  1.5139412691e-05  -1.5117222877e-05  -2.2189814741e-08  -0.0000000000e+00  1.2308447515e-21
 5.2100000000e+02  3.7000000000e-01  8.0000000000e-01  1.5298337219e-05  -1.5276147405e-05  -2.2189814741e-08  -0.0000000000e+00  1.2308447515e-21
 5.2200000000e+02  3.8000000000e-01  8.0000000000e-01  1.5443469149e-05  -1.5421279335e-05  -2.2189814741e-08  -0.0000000000e+00  1.2308447515e-21
 5.2300000000e+02  3.9000000000e-01  8.0000000000e-01  1.5574832812e-05  -1.5552642997e-05  -2.2189814741e-08  -0.0000000000e+00  2.1572870375e-21
 5.2400000000e+02  4.0000000000e-01  8.0000000000e-01  1.5692452479e-05  -1.5670262665e-05  -2.2189814741e-08  -0.0000000000e+00  1.2308447515e-21
 5.2500000000e+02  4.1000000000e-01  8.0000000000e-01  1.5796352369e-05  -1.5774162554e-05  -2.2189814741e-08  -0.0000000000e+00  1.2308447515e-21
 5.2600000000e+02  4.2000000000e-01  8.0000000000e-01  1.5886556640e-05  -1.5864366826e-05  -2.2189814741e-08  -0.0000000000e+00  8.0071083295e-21
 5.2700000000e+02  4.3000000000e-01  8.0000000000e-01  1.5963089395e-05  -1.5940899581e-05  -2.2189814741e-08  -0.0000000000e+00  1.2308447515e-21
 5.2800000000e+02  4.4000000000e-01  8.0000000000e-01  1.6025974681e-05  -1.6003784866e-05  -2.2189814741e-08  -0.0000000000e+00  2.1572870375e-21
 5.2900000000e+02  4.5000000000e-01  8.0000000000e-01  1.6075236486e-05  -1.6053046671e-05  -2.2189814741e-08  -0.0000000000e+00  2.1572870375e-21
 5.3000000000e+02  4.6000000000e-01  8.0000000000e-01  1.6110898745e-05  -1.6088708931e-05  -2.2189814741e-08  -0.0000000000e+00  2.1572870375e-21
 5.3100000000e+02  4.7000000000e-01  8.0000000000e-01  1.6132985336e-05  -1.6110795521e-05  -2.2189814741e-08  -0.0000000000e+00  1.2308447515e-21
 5.3200000000e+02  4.8000000000e-01  8.0000000000e-01  1.6141520080e-05  -1.6119330265e-05  -2.2189814741e-08  -0.0000000000e+00  8.0071083295e-21
 5.3300000000e+02  4.9000000000e-01  8.0000000000e-01  1.6141804907e-05  -1.6119615092e-05  -2.2189814741e-08  -0.0000000000e+00  1.2308447515e-21
 5.3400000000e+02  5.0000000000e-01  8.0000000000e-01  1.6142001333e-05  -1.6119811518e-05  -2.2189814741e-08  -0.0000000000e+00  1.2308447515e-21
 5.3500000000e+02  5.1000000000e-01  8.0000000000e-01  1.6142197760e-05  -1.6120007945e-05  -2.2189814741e-08  -0.0000000000e+00  2.1572870375e-21
 5.3600000000e+02  5.2000000000e-01  8.0000000000e-01  1.6142394188e-05  -1.6120204373e-05  -2.2189814741e-08  -0.0000000000e+00  1.2308447515e-21
 5.3700000000e+02  5.3000000000e-01  8.0000000000e-01  1.6142590617e-05  -1.6120400803e-05  -2.2189814741e-08  -0.0000000000e+00  1.2308447515e-21
 5.3800000000e+02  5.4000000000e-01  8.0000000000e-01  1.6142787048e-05  -1.6120597233e-05  -2.2189814741e-08  -0.0000000000e+00  1.2308447515e-21
 5.3900000000e+02  5.5000000000e-01  8.0000000000e-01  1.6142983479e-05  -1.6120793665e-05  -2.2189814741e-08  -0.0000000000e+00  1.2308447515e-21
 5.4000000000e+02  5.6000000000e-01  8.0000000000e-01  1.6143179912e-05  -1.6120990097e-05  -2.2189814741e-08  -0.0000000000e+00  2.1572870375e-21
 5.4100000000e+02  5.7000000000e-01  8.0000000000e-01  1.6143376345e-05  -1.6121186531e-05  -2.2189814741e-08  -0.0000000000e+00  1.2308447515e-21
 5.4200000000e+02  5.8000000000e-01  8.0000000000e-01  1.6143572780e-05  -1.6121382965e-05  -2.2189814741e-08  -0.0000000000e+00  8.0071083295e-21
 5.4300000000e+02  5.9000000000e-01  8.0000000000e-01  1.6143769216e-05  -1.6121579401e-05  -2.2189814741e-08  -0.0000000000e+00  1.2308447515e-21
 5.4400000000e+02  6.0000000000e-01  8.0000000000e-01  1.6143965653e-05  -1.6121775838e-05  -2.2189814741e-08  -0.0000000000e+00  2.1572870375e-21
 5.4500000000e+02  6.1000000000e-01  8.0000000000e-01  1.6144162091e-05  -1.6121972276e-05  -2.2189814741e-08  -0.0000000000e+00  1.2308447515e-21
 5.4600000000e+02  6.2000000000e-01  8.0000000000e-01  1.6144358530e-05  -1.6122168715e-05  -2.2189814741e-08  -0.0000000000e+00  1.2308447515e-21
 5.4700000000e+02  6.3000000000e-01  8.0000000000e-01  1.6144554970e-05  -1.6122365155e-05  -2.2189814741e-08  -0.0000000000e+00  2.1572870375e-21
 5.4800000000e+02  6.4000000000e-01  8.0000000000e-01  1.6144751412e-05  -1.6122561597e-05  -2.2189814741e-08  -0.0000000000e+00  2.1572870375e-21
 5.4900000000e+02  6.5000000000e-01  8.0000000000e-01  1.6144947854e-05  -1.6122758039e-05  -2.2189814741e-08  -0.0000000000e+00  8.0071083295e-21
 5.5000000000e+02  6.6000000000e-01  8.0000000000e-01  1.6145144297e-05  -1.6122954483e-05  -2.2189814741e-08  -0.0000000000e+00  1.2308447515e-21
 5.5100000000e+02  6.7000000000e-01  8.0000000000e-01  1.6145340742e-05  -1.6123150927e-05  -2.2189814741e-08  -0.0000000000e+00  1.2308447515e-21
 5.5200000000e+02  6.8000000000e-01  8.0000000000e-01  1.6145537188e-05  -1.6123347373e-05  -2.2189814741e-08  -0.0000000000e+00  1.2308447515e-21
 5.5300000000e+02  6.9000000000e-01  8.0000000000e-01  1.6145733634e-05  -1.6123543820e-05  -2.2189814741e-08  -0.0000000000e+00  2.1572870375e-21
 5.5400000000e+02  7.0000000000e-01  8.0000000000e-01  1.6145930082e-05  -1.6123740267e-05  -2.2189814741e-08  -0.0000000000e+00  1.2308447515e-21
 5.5500000000e+02  7.1000000000e-01  8.0000000000e-01  1.6146126531e-05  -1.6123936716e-05  -2.2189814741e-08  -0.0000000000e+00  1.2308447515e-21
 5.5600000000e+02  7.2000000000e-01  8.0000000000e-01  1.6146322981e-05  -1.6124133166e-05  -2.2189814741e-08  -0.0000000000e+00  1.2308447515e-21
 5.5700000000e+02  7.3000000000e-01  8.0000000000e-01  1.6146519432e-05  -1.6124329618e-05  -2.2189814741e-08  -0.0000000000e+00  1.2308447515e-21
 5.5800000000e+02  7.4000000000e-01  8.0000000000e-01  1.6146715885e-05  -1.6124526070e-05  -2.2189814741e-08  -0.0000000000e+00  1.2308447515e-21
 5.5900000000e+02  7.5000000000e-01  8.0000000000e-01  1.6146912338e-05  -1.6124722523e-05  -2.2189814741e-08  -0.0000000000e+00  2.1572870375e-21
 5.6000000000e+02  7.6000000000e-01  8.0000000000e-01  1.6147108792e-05  -1.6124918978e-05  -2.2189814741e-08  -0.0000000000e+00  1.2308447515e-21
 5.6100000000e+02  7.7000000000e-01  8.0000000000e-01  1.6147305248e-05  -1.6125115433e-05  -2.2189814741e-08  -0.0000000000e+00  8.0071083295e-21
 5.6200000000e+02  7.8000000000e-01  8.0000000000e-01  1.6147501704e-05  -1.6125311890e-05  -2.2189814741e-08  -0.0000000000e+00  1.2308447515e-21
 5.6300000000e+02  7.9000000000e-01  8.0000000000e-01  1.6147698162e-05  -1.6125508347e-05  -2.2189814741e-08  -0.0000000000e+00  2.1572870375e-21
 5.6400000000e+02  8.0000000000e-01  8.0000000000e-01  1.6147894621e-05  -1.6125704806e-05  -2.2189814741e-08  -0.0000000000e+00  1.2308447515e-21
 5.6500000000e+02  8.1000000000e-01  8.0000000000e-01  1.6148091081e-05  -1.6125901266e-05  -2.2189814741e-08  -0.0000000000e+00  1.2308447515e-21
 5.6600000000e+02  8.2000000000e-01  8.0000000000e-01  1.6148287542e-05  -1.6126097727e-05  -2.2189814741e-08  -0.0000000000e+00  1.2308447515e-21
 5.6700000000e+02  8.3000000000e-01  8.0000000000e-01  1.6148484004e-05  -1.6126294189e-05  -2.2189814741e-08  -0.0000000000e+00  1.2308447515e-21
 5.6800000000e+02  8.4000000000e-01  8.0000000000e-01  1.6148680467e-05  -1.6126490652e-05  -2.2189814741e-08  -0.0000000000e+00  2.1572870375e-21
 5.6900000000e+02  8.5000000000e-01  8.0000000000e-01  1.6148876931e-05  -1.6126687116e-05  -2.2189814741e-08  -0.0000000000e+00  2.1572870375e-21
 5.7000000000e+02  8.6000000000e-01  8.0000000000e-01  1.6149073396e-05  -1.6126883582e-05  -2.2189814741e-08  -0.0000000000e+00  2.1572870375e-21
 5.7100000000e+02  8.7000000000e-01  8.0000000000e-01  1.6149269863e-05  -1.6127080048e-05  -2.2189814741e-08  -0.0000000000e+00  2.1572870375e-21
 5.7200000000e+02  8.8000000000e-01  8.0000000000e-01  1.6149466330e-05  -1.6127276516e-05  -2.2189814741e-08  -0.0000000000e+00  8.0071083295e-21
 5.7300000000e+02  8.9000000000e-01  8.0000000000e-01  1.6149662799e-05  -1.6127472984e-05  -2.2189814741e-08  -0.0000000000e+00  1.2308447515e-21
 5.7400000000e+02  9.0000000000e-01  8.0000000000e-01  1.6149859269e-05  -1.6127669454e-05  -2.2189814741e-08  -0.0000000000e+00  1.2308447515e-21
 5.7500000000e+02  9.1000000000e-01  8.0000000000e-01  1.6150055740e-05  -1.6127865925e-05  -2.2189814741e-08  -0.0000000000e+00  1.2308447515e-21
 5.7600000000e+02  9.2000000000e-01  8.0000000000e-01  1.6150252211e-05  -1.6128062397e-05  -2.2189814741e-08  -0.0000000000e+00  1.2308447515e-21
 5.7700000000e+02  9.3000000000e-01  8.0000000000e-01  1.6150448684e-05  -1.6128258870e-05  -2.2189814741e-08  -0.0000000000e+00  1.2308447515e-21
 5.7800000000e+02  9.4000000000e-01  8.0000000000e-01  1.6150645158e-05  -1.6128455344e-05  -2.2189814741e-08  -0.0000000000e+00  1.2308447515e-21
 5.7900000000e+02  9.5000000000e-01  8.0000000000e-01  1.6150841634e-05  -1.6128651819e-05  -2.2189814741e-08  -0.0000000000e+00  1.2308447515e-21
 5.8000000000e+02  9.6000000000e-01  8.0000000000e-01  1.6151038110e-05  -1.6128848295e-05  -2.2189814741e-08  -0.0000000000e+00  1.2308447515e-21
 5.8100000000e+02  9.7000000000e-01  8.0000000000e-01  1.6151234587e-05  -1.6129044773e-05  -2.2189814741e-08  -0.0000000000e+00  2.1572870375e-21
 5.8200000000e+02  9.8000000000e-01  8.0000000000e-01  1.6151431066e-05  -1.6129241251e-05  -2.2189814741e-08  -0.0000000000e+00  1.2308447515e-21
 5.8300000000e+02  9.9000000000e-01  8.0000000000e-01  1.6151627545e-05  -1.6129437731e-05  -2.2189814741e-08  -0.0000000000e+00  1.2308447515e-21
 5.8400000000e+02  1.0000000000e+00  8.0000000000e-01  1.6151824026e-05  -1.6129634211e-05  -2.2189814741e-08  -0.0000000000e+00  1.2308447515e-21
 5.8500000000e+02  1.0100000000e+00  8.0000000000e-01  1.6152020508e-05  -1.6129830693e-05  -2.2189814741e-08  -0.0000000000e+00  1.2308447515e-21
 5.8600000000e+02  1.0200000000e+00  8.0000000000e-01  1.6152216990e-05  -1.6130027176e-05  -2.2189814741e-08  -0.0000000000e+00  2.1572870375e-21
 5.8700000000e+02  1.0300000000e+00  8.0000000000e-01  1.6152413474e-05  -1.6130223660e-05  -2.2189814741e-08  -0.0000000000e+00  2.1572870375e-21
 5.8800000000e+02  1.0400000000e+00  8.0000000000e-01  1.6152609959e-05  -1.6130420145e-05  -2.2189814741e-08  -0.0000000000e+00  1.2308447515e-21
 5.8900000000e+02  1.0500000000e+00  8.0000000000e-01  1.6152806446e-05  -1.6130616631e-05  -2.2189814741e-08  -0.0000000000e+00  2.1572870375e-21
 5.9000000000e+02  1.0600000000e+00  8.0000000000e-01  1.6153002933e-05  -1.6130813118e-05  -2.2189814741e-08  -0.0000000000e+00  8.0071083295e-21
 5.9100000000e+02  1.0700000000e+00  8.0000000000e-01  1.6153199421e-05  -1.6131009606e-05  -2.2189814741e-08  -0.0000000000e+00  2.1572870375e-21
 5.9200000000e+02  1.0800000000e+00  8.0000000000e-01  1.6153395910e-05  -1.6131206096e-05  -2.2189814741e-08  -0.0000000000e+00  1.2308447515e-21
 5.9300000000e+02  1.0900000000e+00  8.0000000000e-01  1.6153592401e-05  -1.6131402586e-05  -2.2189814741e-08  -0.0000000000e+00  2.1572870375e-21
 5.9400000000e+02  1.1000000000e+00  8.0000000000e-01  1.6153788892e-05  -1.6131599078e-05  -2.2189814741e-08  -0.0000000000e+00  1.2308447515e-21
 5.9500000000e+02  1.1100000000e+00  8.0000000000e-01  1.6153985385e-05  -1.6131795570e-05  -2.2189814741e-08  -0.0000000000e+00  1.2308447515e-21
 5.9600000000e+02  1.1200000000e+00  8.0000000000e-01  1.6154181879e-05  -1.6131992064e-05  -2.2189814741e-08  -0.0000000000e+00  1.2308447515e-21
 5.9700000000e+02  1.1300000000e+00  8.0000000000e-01  1.6154378374e-05  -1.6132188559e-05  -2.2189814741e-08  -0.0000000000e+00  2.1572870375e-21
 5.9800000000e+02  1.1400000000e+00  8.0000000000e-01  1.6154574870e-05  -1.6132385055e-05  -2.2189814741e-08  -0.0000000000e+00  1.2308447515e-21
 5.9900000000e+02  1.1500000000e+00  8.0000000000e-01  1.6154771367e-05  -1.6132581552e-05  -2.2189814741e-08  -0.0000000000e+00  1.2308447515e-21
 6.0000000000e+02  1.1600000000e+00  8.0000000000e-01  1.6154967865e-05  -1.6132778050e-05  -2.2189814741e-08  -0.0000000000e+00  8.0071083295e-21
 6.0100000000e+02  1.1700000000e+00  8.0000000000e-01  1.6155164364e-05  -1.6132974549e-05  -2.2189814741e-08  -0.0000000000e+00  2.1572870375e-21
 6.0200000000e+02  1.1800000000e+00  8.0000000000e-01  1.6155360864e-05  -1.6133171050e-05  -2.2189814741e-08  -0.0000000000e+00  8.0071083295e-21
 6.0300000000e+02  1.1900000000e+00  8.0000000000e-01  1.6155557366e-05  -1.6133367551e-05  -2.2189814741e-08  -0.0000000000e+00  1.2308447515e-21
 6.0400000000e+02  1.2000000000e+00  8.0000000000e-01  1.6155753868e-05  -1.6133564054e-05  -2.2189814741e-08  -0.0000000000e+00  1.2308447515e-21
 6.0500000000e+02  0.0000000000e+00  1.0000000000e+00  -0.0000000000e+00  -0.0000000000e+00  -0.0000000000e+00  -0.0000000000e+00  0.0000000000e+00
 6.0600000000e+02  1.0000000000e-02  1.0000000000e+00  8.8027721687e-07  -8.7419166686e-07  -6.0855500165e-09  -0.0000000000e+00  2.0679515314e-23
 6.0700000000e+02  2.0000000000e-02  1.0000000000e+00  1.7458794910e-06  -1.7337083909e-06  -1.2171100033e-08  -0.0000000000e+00  4.4667753078e-23
 6.0800000000e+02  3.0000000000e-02  1.0000000000e+00  2.5968327812e-06  -2.5785761311e-06  -1.8256650049e-08  -0.0000000000e+00  6.9814043699e-22
 6.0900000000e+02  4.0000000000e-02  1.0000000000e+00  3.4310105999e-06  -3.4088207851e-06  -2.2189814741e-08  -0.0000000000e+00  3.9704669403e-23
 6.1000000000e+02  5.0000000000e-02  1.0000000000e+00  4.2466580044e-06  -4.2244681897e-06  -2.2189814741e-08  -0.0000000000e+00  3.8381180422e-22
 6.1100000000e+02  6.0000000000e-02  1.0000000000e+00  5.0477339353e-06  -5.0255441206e-06  -2.2189814741e-08  -0.0000000000e+00  3.8381180422e-22
 6.1200000000e+02  7.0000000000e-02  1.0000000000e+00  5.8342641079e-06  -5.8120742932e-06  -2.2189814741e-08  -0.0000000000e+00  3.8381180422e-22
 6.1300000000e+02  8.0000000000e-02  1.0000000000e+00  6.6062741768e-06  -6.5840843621e-06  -2.2189814741e-08  -0.0000000000e+00  1.2308447515e-21
 6.1400000000e+02  9.0000000000e-02  1.0000000000e+00  7.3637897365e-06  -7.3415999218e-06  -2.2189814741e-08  -0.0000000000e+00  3.8381180422e-22
 6.1500000000e+02  1.0000000000e-01  1.0000000000e+00  8.1068363214e-06  -8.0846465067e-06  -2.2189814741e-08  -0.0000000000e+00  4.6322114303e-22
 6.1600000000e+02  1.1000000000e-01  1.0000000000e+00  8.8354394058e-06  -8.8132495911e-06  -2.2189814741e-08  -0.0000000000e+00  4.6322114303e-22
 6.1700000000e+02  1.2000000000e-01  1.0000000000e+00  9.5496244044e-06  -9.5274345897e-06  -2.2189814741e-08  -0.0000000000e+00  4.6322114303e-22
 6.1800000000e+02  1.3000000000e-01  1.0000000000e+00  1.0249416672e-05  -1.0227226857e-05  -2.2189814741e-08  -0.0000000000e+00  1.0627616510e-20
 6.1900000000e+02  1.4000000000e-01  1.0000000000e+00  1.0934841505e-05  -1.0912651690e-05  -2.2189814741e-08  -0.0000000000e+00  4.6322114303e-22
 6.2000000000e+02  1.5000000000e-01  1.0000000000e+00  1.1605924139e-05  -1.1583734324e-05  -2.2189814741e-08  -0.0000000000e+00  4.6322114303e-22
 6.2100000000e+02  1.6000000000e-01  1.0000000000e+00  1.2262689751e-05  -1.2240499936e-05  -2.2189814741e-08  -0.0000000000e+00  4.6322114303e-22
 6.2200000000e+02  1.7000000000e-01  1.0000000000e+00  1.2905163460e-05  -1.2882973645e-05  -2.2189814741e-08  -0.0000000000e+00  4.6322114303e-22
 6.2300000000e+02  1.8000000000e-01  1.0000000000e+00  1.3533370326e-05  -1.3511180511e-05  -2.2189814741e-08  -0.0000000000e+00  4.6322114303e-22
 6.2400000000e+02  1.9000000000e-01  1.0000000000e+00  1.4147335349e-05  -1.4125145535e-05  -2.2189814741e-08  -0.0000000000e+00  4.6322114303e-22
 6.2500000000e+02  2.0000000000e-01  1.0000000000e+00  1.4747083473e-05  -1.4724893659e-05  -2.2189814741e-08  -0.0000000000e+00  4.6322114303e-22
 6.2600000000e+02  2.1000000000e-01  1.0000000000e+00  1.5332639582e-05  -1.5310449768e-05  -2.2189814741e-08  -0.0000000000e+00  1.2308447515e-21
 6.2700000000e+02  2.2000000000e-01  1.0000000000e+00  1.5904028503e-05  -1.5881838688e-05  -2.2189814741e-08  -0.0000000000e+00  1.2308447515e-21
 6.2800000000e+02  2.3000000000e-01  1.0000000000e+00  1.6461275004e-05  -1.6439085189e-05  -2.2189814741e-08  -0.0000000000e+00  2.1572870375e-21
 6.2900000000e+02  2.4000000000e-01  1.0000000000e+00  1.7004403795e-05  -1.6982213981e-05  -2.2189814741e-08  -0.0000000000e+00  1.2308447515e-21
 6.3000000000e+02  2.5000000000e-01  1.0000000000e+00  1.7533439532e-05  -1.7511249717e-05  -2.2189814741e-08  -0.0000000000e+00  1.2308447515e-21
 6.3100000000e+02  2.6000000000e-01  1.0000000000e+00  1.8048406808e-05  -1.8026216994e-05  -2.2189814741e-08  -0.0000000000e+00  1.2308447515e-21
 6.3200000000e+02  2.7000000000e-01  1.0000000000e+00  1.8549330164e-05  -1.8527140350e-05  -2.2189814741e-08  -0.0000000000e+00  1.2308447515e-21
 6.3300000000e+02  2.8000000000e-01  1.0000000000e+00  1.9036234081e-05  -1.9014044267e-05  -2.2189814741e-08  -0.0000000000e+00  1.2308447515e-21
 6.3400000000e+02  2.9000000000e-01  1.0000000000e+00  1.9509142984e-05  -1.9486953170e-05  -2.2189814741e-08  -0.0000000000e+00  2.1572870375e-21
 6.3500000000e+02  3.0000000000e-01  1.0000000000e+00  1.9968081242e-05  -1.9945891427e-05  -2.2189814741e-08  -0.0000000000e+00  2.1572870375e-21
 6.3600000000e+02  3.1000000000e-01  1.0000000000e+00  2.0413073165e-05  -2.0390883350e-05  -2.2189814741e-08  -0.0000000000e+00  1.2308447515e-21
 6.3700000000e+02  3.2000000000e-01  1.0000000000e+00  2.0844143009e-05  -2.0821953194e-05  -2.2189814741e-08  -0.0000000000e+00  8.0071083295e-21
 6.3800000000e+02  3.3000000000e-01  1.0000000000e+00  2.1261314974e-05  -2.1239125159e-05  -2.2189814741e-08  -0.0000000000e+00  1.2308447515e-21
 6.3900000000e+02  3.4000000000e-01  1.0000000000e+00  2.1664613201e-05  -2.1642423387e-05  -2.2189814741e-08  -0.0000000000e+00  1.2308447515e-21
 6.4000000000e+02  3.5000000000e-01  1.0000000000e+00  2.2054061779e-05  -2.2031871965e-05  -2.2189814741e-08  -0.0000000000e+00  2.1572870375e-21
 6.4100000000e+02  3.6000000000e-01  1.0000000000e+00  2.2429684739e-05  -2.2407494924e-05  -2.2189814741e-08  -0.0000000000e+00  2.1572870375e-21
 6.4200000000e+02  3.7000000000e-01  1.0000000000e+00  2.2791506057e-05  -2.2769316242e-05  -2.2189814741e-08  -0.0000000000e+00  1.2308447515e-21
 6.4300000000e+02  3.8000000000e-01  1.0000000000e+00  2.3139549652e-05  -2.3117359838e-05  -2.2189814741e-08  -0.0000000000e+00  1.2308447515e-21
 6.4400000000e+02  3.9000000000e-01  1.0000000000e+00  2.3473839391e-05  -2.3451649576e-05  -2.2189814741e-08  -0.0000000000e+00  1.2308447515e-21
 6.4500000000e+02  4.0000000000e-01  1.0000000000e+00  2.3794399083e-05  -2.3772209269e-05  -2.2189814741e-08  -0.0000000000e+00  2.1572870375e-21
 6.4600000000e+02  4.1000000000e-01  1.0000000000e+00  2.4101252484e-05  -2.4079062669e-05  -2.2189814741e-08  -0.0000000000e+00  8.0071083295e-21
 6.4700000000e+02  4.2000000000e-01  1.0000000000e+00  2.4394423294e-05  -2.4372233479e-05  -2.2189814741e-08  -0.0000000000e+00  2.1572870375e-21
 6.4800000000e+02  4.3000000000e-01  1.0000000000e+00  2.4673935158e-05  -2.4651745344e-05  -2.2189814741e-08  -0.0000000000e+00  1.2308447515e-21
 6.4900000000e+02  4.4000000000e-01  1.0000000000e+00  2.4939811669e-05  -2.4917621854e-05  -2.2189814741e-08  -0.0000000000e+00  2.1572870375e-21
 6.5000000000e+02  4.5000000000e-01  1.0000000000e+00  2.5192076363e-05  -2.5169886548e-05  -2.2189814741e-08  -0.0000000000e+00  2.1572870375e-21
 6.5100000000e+02  4.6000000000e-01  1.0000000000e+00  2.5430752722e-05  -2.5408562908e-05  -2.2189814741e-08  -0.0000000000e+00  1.2308447515e-21
 6.5200000000e+02  4.7000000000e-01  1.0000000000e+00  2.5655864177e-05  -2.5633674362e-05  -2.2189814741e-08  -0.0000000000e+00  1.2308447515e-21
 6.5300000000e+02  4.8000000000e-01  1.0000000000e+00  2.5867434102e-05  -2.5845244287e-05  -2.2189814741e-08  -0.0000000000e+00  1.2308447515e-21
 6.5400000000e+02  4.9000000000e-01  1.0000000000e+00  2.6065485818e-05  -2.6043296003e-05  -2.2189814741e-08  -0.0000000000e+00  1.2308447515e-21
 6.5500000000e+02  5.0000000000e-01  1.0000000000e+00  2.6250042594e-05  -2.6227852779e-05  -2.2189814741e-08  -0.0000000000e+00  1.2308447515e-21
 6.5600000000e+02  5.1000000000e-01  1.0000000000e+00  2.6421127643e-05  -2.6398937829e-05  -2.2189814741e-08  -0.0000000000e+00  1.2308447515e-21
 6.5700000000e+02  5.2000000000e-01  1.0000000000e+00  2.6578764128e-05  -2.6556574313e-05  -2.2189814741e-08  -0.0000000000e+00  1.2308447515e-21
 6.5800000000e+02  5.3000000000e-01  1.0000000000e+00  2.6722975156e-05  -2.6700785342e-05  -2.2189814741e-08  -0.0000000000e+00  1.2308447515e-21
 6.5900000000e+02  5.4000000000e-01  1.0000000000e+00  2.6853783784e-05  -2.6831593969e-05  -2.2189814741e-08  -0.0000000000e+00  1.2308447515e-21
 6.6000000000e+02  5.5000000000e-01  1.0000000000e+00  2.6971213012e-05  -2.6949023197e-05  -2.2189814741e-08  -0.0000000000e+00  2.1572870375e-21
 6.6100000000e+02  5.6000000000e-01  1.0000000000e+00  2.7075285792e-05  -2.7053095977e-05  -2.2189814741e-08  -0.0000000000e+00  1.2308447515e-21
 6.6200000000e+02  5.7000000000e-01  1.0000000000e+00  2.7166025020e-05  -2.7143835206e-05  -2.2189814741e-08  -0.0000000000e+00  8.0071083295e-21
 6.6300000000e+02  5.8000000000e-01  1.0000000000e+00  2.7243453543e-05  -2.7221263728e-05  -2.2189814741e-08  -0.0000000000e+00  1.2308447515e-21
 6.6400000000e+02  5.9000000000e-01  1.0000000000e+00  2.7307594153e-05  -2.7285404338e-05  -2.2189814741e-08  -0.0000000000e+00  1.2308447515e-21
 6.6500000000e+02  6.0000000000e-01  1.0000000000e+00  2.7358469591e-05  -2.7336279776e-05  -2.2189814741e-08  -0.0000000000e+00  1.2308447515e-21
 6.6600000000e+02  6.1000000000e-01  1.0000000000e+00  2.7396102546e-05  -2.7373912731e-05  -2.2189814741e-08  -0.0000000000e+00  1.2308447515e-21
 6.6700000000e+02  6.2000000000e-01  1.0000000000e+00  2.7420515656e-05  -2.7398325841e-05  -2.2189814741e-08  -0.0000000000e+00  1.2308447515e-21
 6.6800000000e+02  6.3000000000e-01  1.0000000000e+00  2.7431731506e-05  -2.7409541692e-05  -2.2189814741e-08  -0.0000000000e+00  1.2308447515e-21
 6.6900000000e+02  6.4000000000e-01  1.0000000000e+00  2.7432694759e-05  -2.7410504945e-05  -2.2189814741e-08  -0.0000000000e+00  1.2308447515e-21
 6.7000000000e+02  6.5000000000e-01  1.0000000000e+00  2.7432944273e-05  -2.7410754458e-05  -2.2189814741e-08  -0.0000000000e+00  1.2308447515e-21
 6.7100000000e+02  6.6000000000e-01  1.0000000000e+00  2.7433193787e-05  -2.7411003972e-05  -2.2189814741e-08  -0.0000000000e+00  1.2308447515e-21
 6.7200000000e+02  6.7000000000e-01  1.0000000000e+00  2.7433443302e-05  -2.7411253488e-05  -2.2189814741e-08  -0.0000000000e+00  1.2308447515e-21
 6.7300000000e+02  6.8000000000e-01  1.0000000000e+00  2.7433692819e-05  -2.7411503004e-05  -2.2189814741e-08  -0.0000000000e+00  1.2308447515e-21
 6.7400000000e+02  6.9000000000e-01  1.0000000000e+00  2.7433942336e-05  -2.7411752521e-05  -2.2189814741e-08  -0.0000000000e+00  2.1572870375e-21
 6.7500000000e+02  7.0000000000e-01  1.0000000000e+00  2.7434191854e-05  -2.7412002040e-05  -2.2189814741e-08  -0.0000000000e+00  2.1572870375e-21
 6.7600000000e+02  7.1000000000e-01  1.0000000000e+00  2.7434441374e-05  -2.7412251559e-05  -2.2189814741e-08  -0.0000000000e+00  1.2308447515e-21
 6.7700000000e+02  7.2000000000e-01  1.0000000000e+00  2.7434690894e-05  -2.7412501079e-05  -2.2189814741e-08  -0.0000000000e+00  2.1572870375e-21
 6.7800000000e+02  7.3000000000e-01  1.0000000000e+00  2.7434940415e-05  -2.7412750601e-05  -2.2189814741e-08  -0.0000000000e+00  1.2308447515e-21
 6.7900000000e+02  7.4000000000e-01  1.0000000000e+00  2.7435189938e-05  -2.7413000123e-05  -2.2189814741e-08  -0.0000000000e+00  2.1572870375e-21
 6.8000000000e+02  7.5000000000e-01  1.0000000000e+00  2.7435439461e-05  -2.7413249646e-05  -2.2189814741e-08  -0.0000000000e+00  2.1572870375e-21
 6.8100000000e+02  7.6000000000e-01  1.0000000000e+00  2.7435688986e-05  -2.7413499171e-05  -2.2189814741e-08  -0.0000000000e+00  2.1572870375e-21
 6.8200000000e+02  7.7000000000e-01  1.0000000000e+00  2.7435938511e-05  -2.7413748696e-05  -2.2189814741e-08  -0.0000000000e+00  2.1572870375e-21
 6.8300000000e+02  7.8000000000e-01  1.0000000000e+00  2.7436188037e-05  -2.7413998223e-05  -2.2189814741e-08  -0.0000000000e+00  2.1572870375e-21
 6.8400000000e+02  7.9000000000e-01  1.0000000000e+00  2.7436437565e-05  -2.7414247750e-05  -2.2189814741e-08  -0.0000000000e+00  1.2308447515e-21
 6.8500000000e+02  8.0000000000e-01  1.0000000000e+00  2.7436687093e-05  -2.7414497279e-05  -2.2189814741e-08  -0.0000000000e+00  2.1572870375e-21
 6.8600000000e+02  8.1000000000e-01  1.0000000000e+00  2.7436936623e-05  -2.7414746808e-05  -2.2189814741e-08  -0.0000000000e+00  8.0071083295e-21
 6.8700000000e+02  8.2000000000e-01  1.0000000000e+00  2.7437186153e-05  -2.7414996338e-05  -2.2189814741e-08  -0.0000000000e+00  1.2308447515e-21
 6.8800000000e+02  8.3000000000e-01  1.0000000000e+00  2.7437435685e-05  -2.7415245870e-05  -2.2189814741e-08  -0.0000000000e+00  8.0071083295e-21
 6.8900000000e+02  8.4000000000e-01  1.0000000000e+00  2.7437685217e-05  -2.7415495402e-05  -2.2189814741e-08  -0.0000000000e+00  2.1572870375e-21
 6.9000000000e+02  8.5000000000e-01  1.0000000000e+00  2.7437934751e-05  -2.7415744936e-05  -2.2189814741e-08  -0.0000000000e+00  1.2308447515e-21
 6.9100000000e+02  8.6000000000e-01  1.0000000000e+00  2.7438184285e-05  -2.7415994470e-05  -2.2189814741e-08  -0.0000000000e+00  1.2308447515e-21
 6.9200000000e+02  8.7000000000e-01  1.0000000000e+00  2.7438433821e-05  -2.7416244006e-05  -2.2189814741e-08  -0.0000000000e+00  1.2308447515e-21
 6.9300000000e+02  8.8000000000e-01  1.0000000000e+00  2.7438683357e-05  -2.7416493542e-05  -2.2189814741e-08  -0.0000000000e+00  1.2308447515e-21
 6.9400000000e+02  8.9000000000e-01  1.0000000000e+00  2.7438932895e-05  -2.7416743080e-05  -2.2189814741e-08  -0.0000000000e+00  8.0071083295e-21
 6.9500000000e+02  9.0000000000e-01  1.0000000000e+00  2.7439182433e-05  -2.7416992618e-05  -2.2189814741e-08  -0.0000000000e+00  1.2308447515e-21
 6.9600000000e+02  9.1000000000e-01  1.0000000000e+00  2.7439431973e-05  -2.7417242158e-05  -2.2189814741e-08  -0.0000000000e+00  1.2308447515e-21
 6.9700000000e+02  9.2000000000e-01  1.0000000000e+00  2.7439681513e-05  -2.7417491698e-05  -2.2189814741e-08  -0.0000000000e+00  2.1572870375e-21
 6.9800000000e+02  9.3000000000e-01  1.0000000000e+00  2.7439931055e-05  -2.7417741240e-05  -2.2189814741e-08  -0.0000000000e+00  1.2308447515e-21
 6.9900000000e+02  9.4000000000e-01  1.0000000000e+00  2.7440180597e-05  -2.7417990782e-05  -2.2189814741e-08  -0.0000000000e+00  1.2308447515e-21
 7.0000000000e+02  9.5000000000e-01  1.0000000000e+00  2.7440430141e-05  -2.7418240326e-05  -2.2189814741e-08  -0.0000000000e+00  1.2308447515e-21
 7.0100000000e+02  9.6000000000e-01  1.0000000000e+00  2.7440679685e-05  -2.7418489871e-05  -2.2189814741e-08  -0.0000000000e+00  1.2308447515e-21
 7.0200000000e+02  9.7000000000e-01  1.0000000000e+00  2.7440929231e-05  -2.7418739416e-05  -2.2189814741e-08  -0.0000000000e+00  2.1572870375e-21
 7.0300000000e+02  9.8000000000e-01  1.0000000000e+00  2.7441178777e-05  -2.7418988963e-05  -2.2189814741e-08  -0.0000000000e+00  1.2308447515e-21
 7.0400000000e+02  9.9000000000e-01  1.0000000000e+00  2.7441428325e-05  -2.7419238510e-05  -2.2189814741e-08  -0.0000000000e+00  2.1572870375e-21
 7.0500000000e+02  1.0000000000e+00  1.0000000000e+00  2.7441677874e-05  -2.7419488059e-05  -2.2189814741e-08  -0.0000000000e+00  2.1572870375e-21
 7.0600000000e+02  1.0100000000e+00  1.0000000000e+00  2.7441927423e-05  -2.7419737609e-05  -2.2189814741e-08  -0.0000000000e+00  1.2308447515e-21
 7.0700000000e+02  1.0200000000e+00  1.0000000000e+00  2.7442176974e-05  -2.7419987159e-05  -2.2189814741e-08  -0.0000000000e+00  2.1572870375e-21
 7.0800000000e+02  1.0300000000e+00  1.0000000000e+00  2.7442426526e-05  -2.7420236711e-05  -2.2189814741e-08  -0.0000000000e+00  1.2308447515e-21
 7.0900000000e+02  1.0400000000e+00  1.0000000000e+00  2.7442676078e-05  -2.7420486263e-05  -2.2189814741e-08  -0.0000000000e+00  1.2308447515e-21
 7.1000000000e+02  1.0500000000e+00  1.0000000000e+00  2.7442925632e-05  -2.7420735817e-05  -2.2189814741e-08  -0.0000000000e+00  1.2308447515e-21
 7.1100000000e+02  1.0600000000e+00  1.0000000000e+00  2.7443175186e-05  -2.7420985372e-05  -2.2189814741e-08  -0.0000000000e+00  2.1572870375e-21
 7.1200000000e+02  1.0700000000e+00  1.0000000000e+00  2.7443424742e-05  -2.7421234927e-05  -2.2189814741e-08  -0.0000000000e+00  8.0071083295e-21
 7.1300000000e+02  1.0800000000e+00  1.0000000000e+00  2.7443674299e-05  -2.7421484484e-05  -2.2189814741e-08  -0.0000000000e+00  2.1572870375e-21
 7.1400000000e+02  1.0900000000e+00  1.0000000000e+00  2.7443923856e-05  -2.7421734042e-05  -2.2189814741e-08  -0.0000000000e+00  8.0071083295e-21
 7.1500000000e+02  1.1000000000e+00  1.0000000000e+00  2.7444173415e-05  -2.7421983600e-05  -2.2189814741e-08  -0.0000000000e+00  1.2308447515e-21
 7.1600000000e+02  1.1100000000e+00  1.0000000000e+00  2.7444422975e-05  -2.7422233160e-05  -2.2189814741e-08  -0.0000000000e+00  1.2308447515e-21
 7.1700000000e+02  1.1200000000e+00  1.0000000000e+00  2.7444672536e-05  -2.7422482721e-05  -2.2189814741e-08  -0.0000000000e+00  2.1572870375e-21
 7.1800000000e+02  1.1300000000e+00  1.0000000000e+00  2.7444922097e-05  -2.7422732283e-05  -2.2189814741e-08  -0.0000000000e+00  1.2308447515e-21
 7.1900000000e+02  1.1400000000e+00  1.0000000000e+00  2.7445171660e-05  -2.7422981845e-05  -2.2189814741e-08  -0.0000000000e+00  1.2308447515e-21
 7.2000000000e+02  1.1500000000e+00  1.0000000000e+00  2.7445421224e-05  -2.7423231409e-05  -2.2189814741e-08  -0.0000000000e+00  1.2308447515e-21
 7.2100000000e+02  1.1600000000e+00  1.0000000000e+00  2.7445670788e-05  -2.7423480974e-05  -2.2189814741e-08  -0.0000000000e+00  1.2308447515e-21
 7.2200000000e+02  1.1700000000e+00  1.0000000000e+00  2.7445920354e-05  -2.7423730539e-05  -2.2189814741e-08  -0.0000000000e+00  1.2308447515e-21
 7.2300000000e+02  1.1800000000e+00  1.0000000000e+00  2.7446169921e-05  -2.7423980106e-05  -2.2189814741e-08  -0.0000000000e+00  2.1572870375e-21
 7.2400000000e+02  1.1900000000e+00  1.0000000000e+00  2.7446419489e-05  -2.7424229674e-05  -2.2189814741e-08  -0.0000000000e+00  8.0071083295e-21
 7.2500000000e+02  1.2000000000e+00  1.0000000000e+00  2.7446669057e-05  -2.7424479243e-05  -2.2189814741e-08  -0.0000000000e+00  1.2308447515e-21
 7.2600000000e+02  0.0000000000e+00  1.2000000000e+00  -0.0000000000e+00  -0.0000000000e+00  -0.0000000000e+00  -0.0000000000e+00  0.0000000000e+00
 7.2700000000e+02  1.0000000000e-02  1.2000000000e+00  1.0749820591e-06  -1.0688965091e-06  -6.0855500165e-09  -0.0000000000e+00  6.5595422575e-22
 7.2800000000e+02  2.0000000000e-02  1.2000000000e+00  2.1353295760e-06  -2.1231584760e-06  -1.2171100033e-08  -0.0000000000e+00  4.4667753078e-23
 7.2900000000e+02  3.0000000000e-02  1.2000000000e+00  3.1810679691e-06  -3.1628113191e-06  -1.8256650049e-08  -0.0000000000e+00  5.7240898389e-22
 7.3000000000e+02  4.0000000000e-02  1.2000000000e+00  4.2100702129e-06  -4.1878803981e-06  -2.2189814741e-08  -0.0000000000e+00  4.6322114303e-22
 7.3100000000e+02  5.0000000000e-02  1.2000000000e+00  5.2205808289e-06  -5.1983910141e-06  -2.2189814741e-08  -0.0000000000e+00  3.8381180422e-22
 7.3200000000e+02  6.0000000000e-02  1.2000000000e+00  6.2165582243e-06  -6.1943684096e-06  -2.2189814741e-08  -0.0000000000e+00  3.8381180422e-22
 7.3300000000e+02  7.0000000000e-02  1.2000000000e+00  7.1980275834e-06  -7.1758377686e-06  -2.2189814741e-08  -0.0000000000e+00  3.8381180422e-22
 7.3400000000e+02  8.0000000000e-02  1.2000000000e+00  8.1650140321e-06  -8.1428242174e-06  -2.2189814741e-08  -0.0000000000e+00  4.6322114303e-22
 7.3500000000e+02  9.0000000000e-02  1.2000000000e+00  9.1175426386e-06  -9.0953528238e-06  -2.2189814741e-08  -0.0000000000e+00  4.6322114303e-22
 7.3600000000e+02  1.0000000000e-01  1.2000000000e+00  1.0055638413e-05  -1.0033448598e-05  -2.2189814741e-08  -0.0000000000e+00  4.6322114303e-22
 7.3700000000e+02  1.1000000000e-01  1.2000000000e+00  1.0979326308e-05  -1.0957136493e-05  -2.2189814741e-08  -0.0000000000e+00  4.6322114303e-22
 7.3800000000e+02  1.2000000000e-01  1.2000000000e+00  1.1888631218e-05  -1.1866441404e-05  -2.2189814741e-08  -0.0000000000e+00  4.6322114303e-22
 7.3900000000e+02  1.3000000000e-01  1.2000000000e+00  1.2783577982e-05  -1.2761388167e-05  -2.2189814741e-08  -0.0000000000e+00  4.6322114303e-22
 7.4000000000e+02  1.4000000000e-01  1.2000000000e+00  1.3664191380e-05  -1.3642001565e-05  -2.2189814741e-08  -0.0000000000e+00  4.6322114303e-22
 7.4100000000e+02  1.5000000000e-01  1.2000000000e+00  1.4530496135e-05  -1.4508306321e-05  -2.2189814741e-08  -0.0000000000e+00  1.2308447515e-21
 7.4200000000e+02  1.6000000000e-01  1.2000000000e+00  1.5382516915e-05  -1.5360327101e-05  -2.2189814741e-08  -0.0000000000e+00  1.2308447515e-21
 7.4300000000e+02  1.7000000000e-01  1.2000000000e+00  1.6220278330e-05  -1.6198088515e-05  -2.2189814741e-08  -0.0000000000e+00  2.1572870375e-21
 7.4400000000e+02  1.8000000000e-01  1.2000000000e+00  1.7043804932e-05  -1.7021615117e-05  -2.2189814741e-08  -0.0000000000e+00  1.2308447515e-21
 7.4500000000e+02  1.9000000000e-01  1.2000000000e+00  1.7853121220e-05  -1.7830931405e-05  -2.2189814741e-08  -0.0000000000e+00  8.0071083295e-21
 7.4600000000e+02  2.0000000000e-01  1.2000000000e+00  1.8648251634e-05  -1.8626061820e-05  -2.2189814741e-08  -0.0000000000e+00  1.2308447515e-21
 7.4700000000e+02  2.1000000000e-01  1.2000000000e+00  1.9429220560e-05  -1.9407030746e-05  -2.2189814741e-08  -0.0000000000e+00  2.1572870375e-21
 7.4800000000e+02  2.2000000000e-01  1.2000000000e+00  2.0196052327e-05  -2.0173862512e-05  -2.2189814741e-08  -0.0000000000e+00  1.2308447515e-21
 7.4900000000e+02  2.3000000000e-01  1.2000000000e+00  2.0948771208e-05  -2.0926581394e-05  -2.2189814741e-08  -0.0000000000e+00  1.2308447515e-21
 7.5000000000e+02  2.4000000000e-01  1.2000000000e+00  2.1687401422e-05  -2.1665211607e-05  -2.2189814741e-08  -0.0000000000e+00  1.2308447515e-21
 7.5100000000e+02  2.5000000000e-01  1.2000000000e+00  2.2411967130e-05  -2.2389777316e-05  -2.2189814741e-08  -0.0000000000e+00  1.2308447515e-21
 7.5200000000e+02  2.6000000000e-01  1.2000000000e+00  2.3122492441e-05  -2.3100302627e-05  -2.2189814741e-08  -0.0000000000e+00  2.1572870375e-21
 7.5300000000e+02  2.7000000000e-01  1.2000000000e+00  2.3819001407e-05  -2.3796811592e-05  -2.2189814741e-08  -0.0000000000e+00  8.0071083295e-21
 7.5400000000e+02  2.8000000000e-01  1.2000000000e+00  2.4501518024e-05  -2.4479328210e-05  -2.2189814741e-08  -0.0000000000e+00  1.2308447515e-21
 7.5500000000e+02  2.9000000000e-01  1.2000000000e+00  2.5170066237e-05  -2.5147876422e-05  -2.2189814741e-08  -0.0000000000e+00  8.0071083295e-21
 7.5600000000e+02  3.0000000000e-01  1.2000000000e+00  2.5824669932e-05  -2.5802480117e-05  -2.2189814741e-08  -0.0000000000e+00  1.2308447515e-21
 7.5700000000e+02  3.1000000000e-01  1.2000000000e+00  2.6465352944e-05  -2.6443163129e-05  -2.2189814741e-08  -0.0000000000e+00  1.2308447515e-21
 7.5800000000e+02  3.2000000000e-01  1.2000000000e+00  2.7092139051e-05  -2.7069949237e-05  -2.2189814741e-08  -0.0000000000e+00  1.2308447515e-21
 7.5900000000e+02  3.3000000000e-01  1.2000000000e+00  2.7705051980e-05  -2.7682862165e-05  -2.2189814741e-08  -0.0000000000e+00  8.0071083295e-21
 7.6000000000e+02  3.4000000000e-01  1.2000000000e+00  2.8304115401e-05  -2.8281925586e-05  -2.2189814741e-08  -0.0000000000e+00  1.2308447515e-21
 7.6100000000e+02  3.5000000000e-01  1.2000000000e+00  2.8889352931e-05  -2.8867163117e-05  -2.2189814741e-08  -0.0000000000e+00  1.2308447515e-21
 7.6200000000e+02  3.6000000000e-01  1.2000000000e+00  2.9460788135e-05  -2.9438598321e-05  -2.2189814741e-08  -0.0000000000e+00  2.1572870375e-21
 7.6300000000e+02  3.7000000000e-01  1.2000000000e+00  3.0018444523e-05  -2.9996254709e-05  -2.2189814741e-08  -0.0000000000e+00  2.1572870375e-21
 7.6400000000e+02  3.8000000000e-01  1.2000000000e+00  3.0562345552e-05  -3.0540155737e-05  -2.2189814741e-08  -0.0000000000e+00  2.1572870375e-21
 7.6500000000e+02  3.9000000000e-01  1.2000000000e+00  3.1092514624e-05  -3.1070324810e-05  -2.2189814741e-08  -0.0000000000e+00  4.6189765405e-21
 7.6600000000e+02  4.0000000000e-01  1.2000000000e+00  3.1608975092e-05  -3.1586785277e-05  -2.2189814741e-08  -0.0000000000e+00  8.9335506156e-21
 7.6700000000e+02  4.1000000000e-01  1.2000000000e+00  3.2111750252e-05  -3.2089560437e-05  -2.2189814741e-08  -0.0000000000e+00  2.1572870375e-21
 7.6800000000e+02  4.2000000000e-01  1.2000000000e+00  3.2600863350e-05  -3.2578673535e-05  -2.2189814741e-08  -0.0000000000e+00  8.9335506156e-21
 7.6900000000e+02  4.3000000000e-01  1.2000000000e+00  3.3076337577e-05  -3.3054147762e-05  -2.2189814741e-08  -0.0000000000e+00  1.5709814194e-20
 7.7000000000e+02  4.4000000000e-01  1.2000000000e+00  3.3538196074e-05  -3.3516006259e-05  -2.2189814741e-08  -0.0000000000e+00  2.1572870375e-21
 7.7100000000e+02  4.5000000000e-01  1.2000000000e+00  3.3986461928e-05  -3.3964272114e-05  -2.2189814741e-08  -0.0000000000e+00  2.1572870375e-21
 7.7200000000e+02  4.6000000000e-01  1.2000000000e+00  3.4421158175e-05  -3.4398968360e-05  -2.2189814741e-08  -0.0000000000e+00  2.1572870375e-21
 7.7300000000e+02  4.7000000000e-01  1.2000000000e+00  3.4842307798e-05  -3.4820117983e-05  -2.2189814741e-08  -0.0000000000e+00  2.1572870375e-21
 7.7400000000e+02  4.8000000000e-01  1.2000000000e+00  3.5249933728e-05  -3.5227743913e-05  -2.2189814741e-08  -0.0000000000e+00  4.6189765405e-21
 7.7500000000e+02  4.9000000000e-01  1.2000000000e+00  3.5644058845e-05  -3.5621869030e-05  -2.2189814741e-08  -0.0000000000e+00  1.5709814194e-20
 7.7600000000e+02  5.0000000000e-01  1.2000000000e+00  3.6024705977e-05  -3.6002516162e-05  -2.2189814741e-08  -0.0000000000e+00  4.6189765405e-21
 7.7700000000e+02  5.1000000000e-01  1.2000000000e+00  3.6391897901e-05  -3.6369708086e-05  -2.2189814741e-08  -0.0000000000e+00  4.6189765405e-21
 7.7800000000e+02  5.2000000000e-01  1.2000000000e+00  3.6745657343e-05  -3.6723467528e-05  -2.2189814741e-08  -0.0000000000e+00  2.1572870375e-21
 7.7900000000e+02  5.3000000000e-01  1.2000000000e+00  3.7086006976e-05  -3.7063817161e-05  -2.2189814741e-08  -0.0000000000e+00  1.5709814194e-20
 7.8000000000e+02  5.4000000000e-01  1.2000000000e+00  3.7412969424e-05  -3.7390779610e-05  -2.2189814741e-08  -0.0000000000e+00  4.6189765405e-21
 7.8100000000e+02  5.5000000000e-01  1.2000000000e+00  3.7726567260e-05  -3.7704377445e-05  -2.2189814741e-08  -0.0000000000e+00  2.1572870375e-21
 7.8200000000e+02  5.6000000000e-01  1.2000000000e+00  3.8026823005e-05  -3.8004633190e-05  -2.2189814741e-08  -0.0000000000e+00  2.1572870375e-21
 7.8300000000e+02  5.7000000000e-01  1.2000000000e+00  3.8313759130e-05  -3.8291569315e-05  -2.2189814741e-08  -0.0000000000e+00  8.9335506156e-21
 7.8400000000e+02  5.8000000000e-01  1.2000000000e+00  3.8587398055e-05  -3.8565208241e-05  -2.2189814741e-08  -0.0000000000e+00  2.1572870375e-21
 7.8500000000e+02  5.9000000000e-01  1.2000000000e+00  3.8847762152e-05  -3.8825572338e-05  -2.2189814741e-08  -0.0000000000e+00  4.6189765405e-21
 7.8600000000e+02  6.0000000000e-01  1.2000000000e+00  3.9094873741e-05  -3.9072683926e-05  -2.2189814741e-08  -0.0000000000e+00  4.6189765405e-21
 7.8700000000e+02  6.1000000000e-01  1.2000000000e+00  3.9328755091e-05  -3.9306565276e-05  -2.2189814741e-08  -0.0000000000e+00  1.5709814194e-20
 7.8800000000e+02  6.2000000000e-01  1.2000000000e+00  3.9549428424e-05  -3.9527238609e-05  -2.2189814741e-08  -0.0000000000e+00  2.1572870375e-21
 7.8900000000e+02  6.3000000000e-01  1.2000000000e+00  3.9756915909e-05  -3.9734726094e-05  -2.2189814741e-08  -0.0000000000e+00  4.6189765405e-21
 7.9000000000e+02  6.4000000000e-01  1.2000000000e+00  3.9951239668e-05  -3.9929049853e-05  -2.2189814741e-08  -0.0000000000e+00  2.1572870375e-21
 7.9100000000e+02  6.5000000000e-01  1.2000000000e+00  4.0132421772e-05  -4.0110231957e-05  -2.2189814741e-08  -0.0000000000e+00  1.5709814194e-20
 7.9200000000e+02  6.6000000000e-01  1.2000000000e+00  4.0300484244e-05  -4.0278294429e-05  -2.2189814741e-08  -0.0000000000e+00  2.1572870375e-21
 7.9300000000e+02  6.7000000000e-01  1.2000000000e+00  4.0455449057e-05  -4.0433259242e-05  -2.2189814741e-08  -0.0000000000e+00  4.6189765405e-21
 7.9400000000e+02  6.8000000000e-01  1.2000000000e+00  4.0597338134e-05  -4.0575148319e-05  -2.2189814741e-08  -0.0000000000e+00  2.1572870375e-21
 7.9500000000e+02  6.9000000000e-01  1.2000000000e+00  4.0726173351e-05  -4.0703983537e-05  -2.2189814741e-08  -0.0000000000e+00  2.1572870375e-21
 7.9600000000e+02  7.0000000000e-01  1.2000000000e+00  4.0841976535e-05  -4.0819786720e-05  -2.2189814741e-08  -0.0000000000e+00  2.1572870375e-21
 7.9700000000e+02  7.1000000000e-01  1.2000000000e+00  4.0944769463e-05  -4.0922579648e-05  -2.2189814741e-08  -0.0000000000e+00  4.6189765405e-21
 7.9800000000e+02  7.2000000000e-01  1.2000000000e+00  4.1034573864e-05  -4.1012384049e-05  -2.2189814741e-08  -0.0000000000e+00  4.6189765405e-21
 7.9900000000e+02  7.3000000000e-01  1.2000000000e+00  4.1111411419e-05  -4.1089221604e-05  -2.2189814741e-08  -0.0000000000e+00  2.1572870375e-21
 8.0000000000e+02  7.4000000000e-01  1.2000000000e+00  4.1175303761e-05  -4.1153113947e-05  -2.2189814741e-08  -0.0000000000e+00  4.6189765405e-21
 8.0100000000e+02  7.5000000000e-01  1.2000000000e+00  4.1226272475e-05  -4.1204082660e-05  -2.2189814741e-08  -0.0000000000e+00  1.5709814194e-20
 8.0200000000e+02  7.6000000000e-01  1.2000000000e+00  4.1264339096e-05  -4.1242149282e-05  -2.2189814741e-08  -0.0000000000e+00  2.1572870375e-21
 8.0300000000e+02  7.7000000000e-01  1.2000000000e+00  4.1289525115e-05  -4.1267335300e-05  -2.2189814741e-08  -0.0000000000e+00  2.1572870375e-21
 8.0400000000e+02  7.8000000000e-01  1.2000000000e+00  4.1301851971e-05  -4.1279662156e-05  -2.2189814741e-08  -0.0000000000e+00  4.6189765405e-21
 8.0500000000e+02  7.9000000000e-01  1.2000000000e+00  4.1303332693e-05  -4.1281142879e-05  -2.2189814741e-08  -0.0000000000e+00  4.6189765405e-21
 8.0600000000e+02  8.0000000000e-01  1.2000000000e+00  4.1303631243e-05  -4.1281441428e-05  -2.2189814741e-08  -0.0000000000e+00  2.1572870375e-21
 8.0700000000e+02  8.1000000000e-01  1.2000000000e+00  4.1303929794e-05  -4.1281739979e-05  -2.2189814741e-08  -0.0000000000e+00  2.1572870375e-21
 8.0800000000e+02  8.2000000000e-01  1.2000000000e+00  4.1304228346e-05  -4.1282038531e-05  -2.2189814741e-08  -0.0000000000e+00  1.5709814194e-20
 8.0900000000e+02  8.3000000000e-01  1.2000000000e+00  4.1304526898e-05  -4.1282337084e-05  -2.2189814741e-08  -0.0000000000e+00  2.1572870375e-21
 8.1000000000e+02  8.4000000000e-01  1.2000000000e+00  4.1304825452e-05  -4.1282635637e-05  -2.2189814741e-08  -0.0000000000e+00  4.6189765405e-21
 8.1100000000e+02  8.5000000000e-01  1.2000000000e+00  4.1305124007e-05  -4.1282934192e-05  -2.2189814741e-08  -0.0000000000e+00  4.6189765405e-21
 8.1200000000e+02  8.6000000000e-01  1.2000000000e+00  4.1305422562e-05  -4.1283232747e-05  -2.2189814741e-08  -0.0000000000e+00  4.6189765405e-21
 8.1300000000e+02  8.7000000000e-01  1.2000000000e+00  4.1305721118e-05  -4.1283531304e-05  -2.2189814741e-08  -0.0000000000e+00  1.5709814194e-20
 8.1400000000e+02  8.8000000000e-01  1.2000000000e+00  4.1306019676e-05  -4.1283829861e-05  -2.2189814741e-08  -0.0000000000e+00  2.1572870375e-21
 8.1500000000e+02  8.9000000000e-01  1.2000000000e+00  4.1306318234e-05  -4.1284128419e-05  -2.2189814741e-08  -0.0000000000e+00  4.6189765405e-21
 8.1600000000e+02  9.0000000000e-01  1.2000000000e+00  4.1306616793e-05  -4.1284426978e-05  -2.2189814741e-08  -0.0000000000e+00  4.6189765405e-21
 8.1700000000e+02  9.1000000000e-01  1.2000000000e+00  4.1306915353e-05  -4.1284725539e-05  -2.2189814741e-08  -0.0000000000e+00  4.6189765405e-21
 8.1800000000e+02  9.2000000000e-01  1.2000000000e+00  4.1307213914e-05  -4.1285024100e-05  -2.2189814741e-08  -0.0000000000e+00  1.5709814194e-20
 8.1900000000e+02  9.3000000000e-01  1.2000000000e+00  4.1307512476e-05  -4.1285322662e-05  -2.2189814741e-08  -0.0000000000e+00  4.6189765405e-21
 8.2000000000e+02  9.4000000000e-01  1.2000000000e+00  4.1307811039e-05  -4.1285621225e-05  -2.2189814741e-08  -0.0000000000e+00  1.5709814194e-20
 8.2100000000e+02  9.5000000000e-01  1.2000000000e+00  4.1308109603e-05  -4.1285919788e-05  -2.2189814741e-08  -0.0000000000e+00  2.1572870375e-21
 8.2200000000e+02  9.6000000000e-01  1.2000000000e+00  4.1308408168e-05  -4.1286218353e-05  -2.2189814741e-08  -0.0000000000e+00  4.6189765405e-21
 8.2300000000e+02  9.7000000000e-01  1.2000000000e+00  4.1308706734e-05  -4.1286516919e-05  -2.2189814741e-08  -0.0000000000e+00  4.6189765405e-21
 8.2400000000e+02  9.8000000000e-01  1.2000000000e+00  4.1309005300e-05  -4.1286815486e-05  -2.2189814741e-08  -0.0000000000e+00  2.1572870375e-21
 8.2500000000e+02  9.9000000000e-01  1.2000000000e+00  4.1309303868e-05  -4.1287114053e-05  -2.2189814741e-08  -0.0000000000e+00  1.5709814194e-20
 8.2600000000e+02  1.0000000000e+00  1.2000000000e+00  4.1309602436e-05  -4.1287412622e-05  -2.2189814741e-08  -0.0000000000e+00  4.6189765405e-21
 8.2700000000e+02  1.0100000000e+00  1.2000000000e+00  4.1309901006e-05  -4.1287711191e-05  -2.2189814741e-08  -0.0000000000e+00  2.1572870375e-21
 8.2800000000e+02  1.0200000000e+00  1.2000000000e+00  4.1310199576e-05  -4.1288009762e-05  -2.2189814741e-08  -0.0000000000e+00  4.6189765405e-21
 8.2900000000e+02  1.0300000000e+00  1.2000000000e+00  4.1310498148e-05  -4.1288308333e-05  -2.2189814741e-08  -0.0000000000e+00  2.1572870375e-21
 8.3000000000e+02  1.0400000000e+00  1.2000000000e+00  4.1310796720e-05  -4.1288606905e-05  -2.2189814741e-08  -0.0000000000e+00  1.5709814194e-20
 8.3100000000e+02  1.0500000000e+00  1.2000000000e+00  4.1311095293e-05  -4.1288905478e-05  -2.2189814741e-08  -0.0000000000e+00  8.9335506156e-21
 8.3200000000e+02  1.0600000000e+00  1.2000000000e+00  4.1311393867e-05  -4.1289204052e-05  -2.2189814741e-08  -0.0000000000e+00  4.6189765405e-21
 8.3300000000e+02  1.0700000000e+00  1.2000000000e+00  4.1311692442e-05  -4.1289502627e-05  -2.2189814741e-08  -0.0000000000e+00  4.6189765405e-21
 8.3400000000e+02  1.0800000000e+00  1.2000000000e+00  4.1311991018e-05  -4.1289801203e-05  -2.2189814741e-08  -0.0000000000e+00  2.1572870375e-21
 8.3500000000e+02  1.0900000000e+00  1.2000000000e+00  4.1312289595e-05  -4.1290099780e-05  -2.2189814741e-08  -0.0000000000e+00  2.1572870375e-21
 8.3600000000e+02  1.1000000000e+00  1.2000000000e+00  4.1312588173e-05  -4.1290398358e-05  -2.2189814741e-08  -0.0000000000e+00  2.1572870375e-21
 8.3700000000e+02  1.1100000000e+00  1.2000000000e+00  4.1312886752e-05  -4.1290696937e-05  -2.2189814741e-08  -0.0000000000e+00  4.6189765405e-21
 8.3800000000e+02  1.1200000000e+00  1.2000000000e+00  4.1313185331e-05  -4.1290995517e-05  -2.2189814741e-08  -0.0000000000e+00  2.1572870375e-21
 8.3900000000e+02  1.1300000000e+00  1.2000000000e+00  4.1313483912e-05  -4.1291294097e-05  -2.2189814741e-08  -0.0000000000e+00  2.1572870375e-21
 8.4000000000e+02  1.1400000000e+00  1.2000000000e+00  4.1313782494e-05  -4.1291592679e-05  -2.2189814741e-08  -0.0000000000e+00  8.9335506156e-21
 8.4100000000e+02  1.1500000000e+00  1.2000000000e+00  4.1314081076e-05  -4.1291891261e-05  -2.2189814741e-08  -0.0000000000e+00  4.6189765405e-21
 8.4200000000e+02  1.1600000000e+00  1.2000000000e+00  4.1314379660e-05  -4.1292189845e-05  -2.2189814741e-08  -0.0000000000e+00  2.1572870375e-21
 8.4300000000e+02  1.1700000000e+00  1.2000000000e+00  4.1314678244e-05  -4.1292488429e-05  -2.2189814741e-08  -0.0000000000e+00  8.9335506156e-21
 8.4400000000e+02  1.1800000000e+00  1.2000000000e+00  4.1314976829e-05  -4.1292787015e-05  -2.2189814741e-08  -0.0000000000e+00  2.1572870375e-21
 8.4500000000e+02  1.1900000000e+00  1.2000000000e+00  4.1315275416e-05  -4.1293085601e-05  -2.2189814741e-08  -0.0000000000e+00  1.5709814194e-20
 8.4600000000e+02  1.2000000000e+00  1.2000000000e+00  4.1315574003e-05  -4.1293384188e-05  -2.2189814741e-08  -0.0000000000e+00  8.9335506156e-21
