v-sweep v(drain_iv) v(gate_iv) id is ib ig kcl
 0.0000000000e+00  0.0000000000e+00  0.0000000000e+00  -0.0000000000e+00  -0.0000000000e+00  -0.0000000000e+00  -0.0000000000e+00  0.0000000000e+00
 1.0000000000e+00  1.0000000000e-02  0.0000000000e+00  2.0608639647e-08  -1.4523089631e-08  -6.0855500165e-09  -0.0000000000e+00  5.7902642879e-24
 2.0000000000e+00  2.0000000000e-02  0.0000000000e+00  3.6420871980e-08  -2.4249771947e-08  -1.2171100033e-08  -0.0000000000e+00  1.6543612251e-24
 3.0000000000e+00  3.0000000000e-02  0.0000000000e+00  4.7382551406e-08  -2.9125901357e-08  -1.8256650049e-08  -0.0000000000e+00  1.3234889801e-23
 4.0000000000e+00  4.0000000000e-02  0.0000000000e+00  5.5046764909e-08  -3.2856950169e-08  -2.2189814741e-08  -0.0000000000e+00  1.3234889801e-23
 5.0000000000e+00  5.0000000000e-02  0.0000000000e+00  5.7981692833e-08  -3.5791878093e-08  -2.2189814741e-08  -0.0000000000e+00  6.6174449004e-24
 6.0000000000e+00  6.0000000000e-02  0.0000000000e+00  6.0339553562e-08  -3.8149738822e-08  -2.2189814741e-08  -0.0000000000e+00  6.6174449004e-24
 7.0000000000e+00  7.0000000000e-02  0.0000000000e+00  6.2271059301e-08  -4.0081244560e-08  -2.2189814741e-08  -0.0000000000e+00  6.6174449004e-24
 8.0000000000e+00  8.0000000000e-02  0.0000000000e+00  6.3884497596e-08  -4.1694682855e-08  -2.2189814741e-08  -0.0000000000e+00  0.0000000000e+00
 9.0000000000e+00  9.0000000000e-02  0.0000000000e+00  6.5259509036e-08  -4.3069694296e-08  -2.2189814741e-08  -0.0000000000e+00  6.6174449004e-24
 1.0000000000e+01  1.0000000000e-01  0.0000000000e+00  6.6455464241e-08  -4.4265649501e-08  -2.2189814741e-08  -0.0000000000e+00  6.6174449004e-24
 1.1000000000e+01  1.1000000000e-01  0.0000000000e+00  6.7516995412e-08  -4.5327180672e-08  -2.2189814741e-08  -0.0000000000e+00  6.6174449004e-24
 1.2000000000e+01  1.2000000000e-01  0.0000000000e+00  6.8477839308e-08  -4.6288024568e-08  -2.2189814741e-08  -0.0000000000e+00  6.6174449004e-24
 1.3000000000e+01  1.3000000000e-01  0.0000000000e+00  6.9363592961e-08  -4.7173778220e-08  -2.2189814741e-08  -0.0000000000e+00  0.0000000000e+00
 1.4000000000e+01  1.4000000000e-01  0.0000000000e+00  7.0193730015e-08  -4.8003915274e-08  -2.2189814741e-08  -0.0000000000e+00  6.6174449004e-24
 1.5000000000e+01  1.5000000000e-01  0.0000000000e+00  7.0983095692e-08  -4.8793280952e-08  -2.2189814741e-08  -0.0000000000e+00  1.9852334701e-23
 1.6000000000e+01  1.6000000000e-01  0.0000000000e+00  7.1743025129e-08  -4.9553210388e-08  -2.2189814741e-08  -0.0000000000e+00  6.6174449004e-24
 1.7000000000e+01  1.7000000000e-01  0.0000000000e+00  7.2482185138e-08  -5.0292370398e-08  -2.2189814741e-08  -0.0000000000e+00  0.0000000000e+00
 1.8000000000e+01  1.8000000000e-01  0.0000000000e+00  7.3207210593e-08  -5.1017395853e-08  -2.2189814741e-08  -0.0000000000e+00  6.6174449004e-24
 1.9000000000e+01  1.9000000000e-01  0.0000000000e+00  7.3923187058e-08  -5.1733372317e-08  -2.2189814741e-08  -0.0000000000e+00  0.0000000000e+00
 2.0000000000e+01  2.0000000000e-01  0.0000000000e+00  7.4634017675e-08  -5.2444202934e-08  -2.2189814741e-08  -0.0000000000e+00  1.3234889801e-23
 2.1000000000e+01  2.1000000000e-01  0.0000000000e+00  7.5342702544e-08  -5.3152887803e-08  -2.2189814741e-08  -0.0000000000e+00  6.6174449004e-24
 2.2000000000e+01  2.2000000000e-01  0.0000000000e+00  7.6051551745e-08  -5.3861737005e-08  -2.2189814741e-08  -0.0000000000e+00  6.6174449004e-24
 2.3000000000e+01  2.3000000000e-01  0.0000000000e+00  7.6762347922e-08  -5.4572533182e-08  -2.2189814741e-08  -0.0000000000e+00  6.6174449004e-24
 2.4000000000e+01  2.4000000000e-01  0.0000000000e+00  7.7476470459e-08  -5.5286655719e-08  -2.2189814741e-08  -0.0000000000e+00  1.3234889801e-23
 2.5000000000e+01  2.5000000000e-01  0.0000000000e+00  7.8194990379e-08  -5.6005175639e-08  -2.2189814741e-08  -0.0000000000e+00  6.6174449004e-24
 2.6000000000e+01  2.6000000000e-01  0.0000000000e+00  7.8918742894e-08  -5.6728928154e-08  -2.2189814741e-08  -0.0000000000e+00  6.6174449004e-24
 2.7000000000e+01  2.7000000000e-01  0.0000000000e+00  7.9648382889e-08  -5.7458568148e-08  -2.2189814741e-08  -0.0000000000e+00  0.0000000000e+00
 2.8000000000e+01  2.8000000000e-01  0.0000000000e+00  8.0384427361e-08  -5.8194612621e-08  -2.2189814741e-08  -0.0000000000e+00  0.0000000000e+00
 2.9000000000e+01  2.9000000000e-01  0.0000000000e+00  8.1127287893e-08  -5.8937473152e-08  -2.2189814741e-08  -0.0000000000e+00  0.0000000000e+00
 3.0000000000e+01  3.0000000000e-01  0.0000000000e+00  8.1877295491e-08  -5.9687480751e-08  -2.2189814741e-08  -0.0000000000e+00  0.0000000000e+00
 3.1000000000e+01  3.1000000000e-01  0.0000000000e+00  8.2634719602e-08  -6.0444904862e-08  -2.2189814741e-08  -0.0000000000e+00  0.0000000000e+00
 3.2000000000e+01  3.2000000000e-01  0.0000000000e+00  8.3399782657e-08  -6.1209967917e-08  -2.2189814741e-08  -0.0000000000e+00  0.0000000000e+00
 3.3000000000e+01  3.3000000000e-01  0.0000000000e+00  8.4172671205e-08  -6.1982856465e-08  -2.2189814741e-08  -0.0000000000e+00  0.0000000000e+00
 3.4000000000e+01  3.4000000000e-01  0.0000000000e+00  8.4953544434e-08  -6.2763729693e-08  -2.2189814741e-08  -0.0000000000e+00  0.0000000000e+00
 3.5000000000e+01  3.5000000000e-01  0.0000000000e+00  8.5742540690e-08  -6.3552725949e-08  -2.2189814741e-08  -0.0000000000e+00  0.0000000000e+00
 3.6000000000e+01  3.6000000000e-01  0.0000000000e+00  8.6539782468e-08  -6.4349967727e-08  -2.2189814741e-08  -0.0000000000e+00  0.0000000000e+00
 3.7000000000e+01  3.7000000000e-01  0.0000000000e+00  8.7345380232e-08  -6.5155565492e-08  -2.2189814741e-08  -0.0000000000e+00  0.0000000000e+00
 3.8000000000e+01  3.8000000000e-01  0.0000000000e+00  8.8159435335e-08  -6.5969620594e-08  -2.2189814741e-08  -0.0000000000e+00  0.0000000000e+00
 3.9000000000e+01  3.9000000000e-01  0.0000000000e+00  8.8982042257e-08  -6.6792227516e-08  -2.2189814741e-08  -0.0000000000e+00  0.0000000000e+00
 4.0000000000e+01  4.0000000000e-01  0.0000000000e+00  8.9813290316e-08  -6.7623475576e-08  -2.2189814741e-08  -0.0000000000e+00  0.0000000000e+00
 4.1000000000e+01  4.1000000000e-01  0.0000000000e+00  9.0653264980e-08  -6.8463450240e-08  -2.2189814741e-08  -0.0000000000e+00  0.0000000000e+00
 4.2000000000e+01  4.2000000000e-01  0.0000000000e+00  9.1502048868e-08  -6.9312234127e-08  -2.2189814741e-08  -0.0000000000e+00  0.0000000000e+00
 4.3000000000e+01  4.3000000000e-01  0.0000000000e+00  9.2359722515e-08  -7.0169907775e-08  -2.2189814741e-08  -0.0000000000e+00  0.0000000000e+00
 4.4000000000e+01  4.4000000000e-01  0.0000000000e+00  9.3226364966e-08  -7.1036550226e-08  -2.2189814741e-08  -0.0000000000e+00  0.0000000000e+00
 4.5000000000e+01  4.5000000000e-01  0.0000000000e+00  9.4102054219e-08  -7.1912239479e-08  -2.2189814741e-08  -0.0000000000e+00  0.0000000000e+00
 4.6000000000e+01  4.6000000000e-01  0.0000000000e+00  9.4986867574e-08  -7.2797052833e-08  -2.2189814741e-08  -0.0000000000e+00  0.0000000000e+00
 4.7000000000e+01  4.7000000000e-01  0.0000000000e+00  9.5880881892e-08  -7.3691067151e-08  -2.2189814741e-08  -0.0000000000e+00  0.0000000000e+00
 4.8000000000e+01  4.8000000000e-01  0.0000000000e+00  9.6784173802e-08  -7.4594359062e-08  -2.2189814741e-08  -0.0000000000e+00  0.0000000000e+00
 4.9000000000e+01  4.9000000000e-01  0.0000000000e+00  9.7696819854e-08  -7.5507005114e-08  -2.2189814741e-08  -0.0000000000e+00  0.0000000000e+00
 5.0000000000e+01  5.0000000000e-01  0.0000000000e+00  9.8618896637e-08  -7.6429081896e-08  -2.2189814741e-08  -0.0000000000e+00  0.0000000000e+00
 5.1000000000e+01  5.1000000000e-01  0.0000000000e+00  9.9550480869e-08  -7.7360666129e-08  -2.2189814741e-08  -0.0000000000e+00  0.0000000000e+00
 5.2000000000e+01  5.2000000000e-01  0.0000000000e+00  1.0049164947e-07  -7.8301834730e-08  -2.2189814741e-08  -0.0000000000e+00  1.3234889801e-23
 5.3000000000e+01  5.3000000000e-01  0.0000000000e+00  1.0144247962e-07  -7.9252664876e-08  -2.2189814741e-08  -0.0000000000e+00  1.3234889801e-23
 5.4000000000e+01  5.4000000000e-01  0.0000000000e+00  1.0240304878e-07  -8.0213234036e-08  -2.2189814741e-08  -0.0000000000e+00  2.6469779602e-23
 5.5000000000e+01  5.5000000000e-01  0.0000000000e+00  1.0337343475e-07  -8.1183620009e-08  -2.2189814741e-08  -0.0000000000e+00  5.2939559203e-23
 5.6000000000e+01  5.6000000000e-01  0.0000000000e+00  1.0435371569e-07  -8.2163900946e-08  -2.2189814741e-08  -0.0000000000e+00  1.3234889801e-23
 5.7000000000e+01  5.7000000000e-01  0.0000000000e+00  1.0534397011e-07  -8.3154155370e-08  -2.2189814741e-08  -0.0000000000e+00  3.9704669403e-23
 5.8000000000e+01  5.8000000000e-01  0.0000000000e+00  1.0634427693e-07  -8.4154462193e-08  -2.2189814741e-08  -0.0000000000e+00  3.9704669403e-23
 5.9000000000e+01  5.9000000000e-01  0.0000000000e+00  1.0735471546e-07  -8.5164900723e-08  -2.2189814741e-08  -0.0000000000e+00  2.6469779602e-23
 6.0000000000e+01  6.0000000000e-01  0.0000000000e+00  1.0837536542e-07  -8.6185550681e-08  -2.2189814741e-08  -0.0000000000e+00  1.3234889801e-23
 6.1000000000e+01  6.1000000000e-01  0.0000000000e+00  1.0940630694e-07  -8.7216492199e-08  -2.2189814741e-08  -0.0000000000e+00  1.3234889801e-23
 6.2000000000e+01  6.2000000000e-01  0.0000000000e+00  1.1044762058e-07  -8.8257805835e-08  -2.2189814741e-08  -0.0000000000e+00  0.0000000000e+00
 6.3000000000e+01  6.3000000000e-01  0.0000000000e+00  1.1149938731e-07  -8.9309572572e-08  -2.2189814741e-08  -0.0000000000e+00  2.6469779602e-23
 6.4000000000e+01  6.4000000000e-01  0.0000000000e+00  1.1256168856e-07  -9.0371873824e-08  -2.2189814741e-08  -0.0000000000e+00  5.2939559203e-23
 6.5000000000e+01  6.5000000000e-01  0.0000000000e+00  1.1363460618e-07  -9.1444791441e-08  -2.2189814741e-08  -0.0000000000e+00  2.6469779602e-23
 6.6000000000e+01  6.6000000000e-01  0.0000000000e+00  1.1471822245e-07  -9.2528407708e-08  -2.2189814741e-08  -0.0000000000e+00  2.6469779602e-23
 6.7000000000e+01  6.7000000000e-01  0.0000000000e+00  1.1581262009e-07  -9.3622805354e-08  -2.2189814741e-08  -0.0000000000e+00  3.9704669403e-23
 6.8000000000e+01  6.8000000000e-01  0.0000000000e+00  1.1691788229e-07  -9.4728067546e-08  -2.2189814741e-08  -0.0000000000e+00  1.3234889801e-23
 6.9000000000e+01  6.9000000000e-01  0.0000000000e+00  1.1803409264e-07  -9.5844277898e-08  -2.2189814741e-08  -0.0000000000e+00  3.9704669403e-23
 7.0000000000e+01  7.0000000000e-01  0.0000000000e+00  1.1916133521e-07  -9.6971520471e-08  -2.2189814741e-08  -0.0000000000e+00  0.0000000000e+00
 7.1000000000e+01  7.1000000000e-01  0.0000000000e+00  1.2029969451e-07  -9.8109879772e-08  -2.2189814741e-08  -0.0000000000e+00  0.0000000000e+00
 7.2000000000e+01  7.2000000000e-01  0.0000000000e+00  1.2144925550e-07  -9.9259440760e-08  -2.2189814741e-08  -0.0000000000e+00  1.3234889801e-23
 7.3000000000e+01  7.3000000000e-01  0.0000000000e+00  1.2261010358e-07  -1.0042028884e-07  -2.2189814741e-08  -0.0000000000e+00  3.9704669403e-23
 7.4000000000e+01  7.4000000000e-01  0.0000000000e+00  1.2378232463e-07  -1.0159250989e-07  -2.2189814741e-08  -0.0000000000e+00  2.6469779602e-23
 7.5000000000e+01  7.5000000000e-01  0.0000000000e+00  1.2496600494e-07  -1.0277619020e-07  -2.2189814741e-08  -0.0000000000e+00  6.6174449004e-23
 7.6000000000e+01  7.6000000000e-01  0.0000000000e+00  1.2616123131e-07  -1.0397141657e-07  -2.2189814741e-08  -0.0000000000e+00  3.9704669403e-23
 7.7000000000e+01  7.7000000000e-01  0.0000000000e+00  1.2736809096e-07  -1.0517827622e-07  -2.2189814741e-08  -0.0000000000e+00  1.3234889801e-23
 7.8000000000e+01  7.8000000000e-01  0.0000000000e+00  1.2858667158e-07  -1.0639685684e-07  -2.2189814741e-08  -0.0000000000e+00  6.6174449004e-23
 7.9000000000e+01  7.9000000000e-01  0.0000000000e+00  1.2981706132e-07  -1.0762724657e-07  -2.2189814741e-08  -0.0000000000e+00  2.6469779602e-23
 8.0000000000e+01  8.0000000000e-01  0.0000000000e+00  1.3105934879e-07  -1.0886953404e-07  -2.2189814741e-08  -0.0000000000e+00  5.2939559203e-23
 8.1000000000e+01  8.1000000000e-01  0.0000000000e+00  1.3231362306e-07  -1.1012380832e-07  -2.2189814741e-08  -0.0000000000e+00  2.6469779602e-23
 8.2000000000e+01  8.2000000000e-01  0.0000000000e+00  1.3357997369e-07  -1.1139015895e-07  -2.2189814741e-08  -0.0000000000e+00  2.6469779602e-23
 8.3000000000e+01  8.3000000000e-01  0.0000000000e+00  1.3485849067e-07  -1.1266867593e-07  -2.2189814741e-08  -0.0000000000e+00  3.9704669403e-23
 8.4000000000e+01  8.4000000000e-01  0.0000000000e+00  1.3614926448e-07  -1.1395944974e-07  -2.2189814741e-08  -0.0000000000e+00  2.6469779602e-23
 8.5000000000e+01  8.5000000000e-01  0.0000000000e+00  1.3745238606e-07  -1.1526257132e-07  -2.2189814741e-08  -0.0000000000e+00  3.9704669403e-23
 8.6000000000e+01  8.6000000000e-01  0.0000000000e+00  1.3876794682e-07  -1.1657813208e-07  -2.2189814741e-08  -0.0000000000e+00  3.9704669403e-23
 8.7000000000e+01  8.7000000000e-01  0.0000000000e+00  1.4009603865e-07  -1.1790622391e-07  -2.2189814741e-08  -0.0000000000e+00  2.6469779602e-23
 8.8000000000e+01  8.8000000000e-01  0.0000000000e+00  1.4143675391e-07  -1.1924693917e-07  -2.2189814741e-08  -0.0000000000e+00  6.6174449004e-23
 8.9000000000e+01  8.9000000000e-01  0.0000000000e+00  1.4279018543e-07  -1.2060037069e-07  -2.2189814741e-08  -0.0000000000e+00  3.9704669403e-23
 9.0000000000e+01  9.0000000000e-01  0.0000000000e+00  1.4415642652e-07  -1.2196661178e-07  -2.2189814741e-08  -0.0000000000e+00  3.9704669403e-23
 9.1000000000e+01  9.1000000000e-01  0.0000000000e+00  1.4553557096e-07  -1.2334575622e-07  -2.2189814741e-08  -0.0000000000e+00  1.3234889801e-23
 9.2000000000e+01  9.2000000000e-01  0.0000000000e+00  1.4692771302e-07  -1.2473789828e-07  -2.2189814741e-08  -0.0000000000e+00  6.6174449004e-23
 9.3000000000e+01  9.3000000000e-01  0.0000000000e+00  1.4833294744e-07  -1.2614313270e-07  -2.2189814741e-08  -0.0000000000e+00  3.9704669403e-23
 9.4000000000e+01  9.4000000000e-01  0.0000000000e+00  1.4975136945e-07  -1.2756155471e-07  -2.2189814741e-08  -0.0000000000e+00  6.6174449004e-23
 9.5000000000e+01  9.5000000000e-01  0.0000000000e+00  1.5118307476e-07  -1.2899326002e-07  -2.2189814741e-08  -0.0000000000e+00  3.9704669403e-23
 9.6000000000e+01  9.6000000000e-01  0.0000000000e+00  1.5262815957e-07  -1.3043834483e-07  -2.2189814741e-08  -0.0000000000e+00  3.9704669403e-23
 9.7000000000e+01  9.7000000000e-01  0.0000000000e+00  1.5408672055e-07  -1.3189690581e-07  -2.2189814741e-08  -0.0000000000e+00  3.9704669403e-23
 9.8000000000e+01  9.8000000000e-01  0.0000000000e+00  1.5555885488e-07  -1.3336904014e-07  -2.2189814741e-08  -0.0000000000e+00  3.9704669403e-23
 9.9000000000e+01  9.9000000000e-01  0.0000000000e+00  1.5704466020e-07  -1.3485484546e-07  -2.2189814741e-08  -0.0000000000e+00  3.9704669403e-23
 1.0000000000e+02  1.0000000000e+00  0.0000000000e+00  1.5854423467e-07  -1.3635441993e-07  -2.2189814741e-08  -0.0000000000e+00  1.3234889801e-23
 1.0100000000e+02  1.0100000000e+00  0.0000000000e+00  1.6005767691e-07  -1.3786786217e-07  -2.2189814741e-08  -0.0000000000e+00  6.6174449004e-23
 1.0200000000e+02  1.0200000000e+00  0.0000000000e+00  1.6158508608e-07  -1.3939527134e-07  -2.2189814741e-08  -0.0000000000e+00  9.2644228606e-23
 1.0300000000e+02  1.0300000000e+00  0.0000000000e+00  1.6312656178e-07  -1.4093674704e-07  -2.2189814741e-08  -0.0000000000e+00  6.6174449004e-23
 1.0400000000e+02  1.0400000000e+00  0.0000000000e+00  1.6468220414e-07  -1.4249238940e-07  -2.2189814741e-08  -0.0000000000e+00  3.9704669403e-23
 1.0500000000e+02  1.0500000000e+00  0.0000000000e+00  1.6625211379e-07  -1.4406229904e-07  -2.2189814741e-08  -0.0000000000e+00  6.6174449004e-23
 1.0600000000e+02  1.0600000000e+00  0.0000000000e+00  1.6783639183e-07  -1.4564657708e-07  -2.2189814741e-08  -0.0000000000e+00  6.6174449004e-23
 1.0700000000e+02  1.0700000000e+00  0.0000000000e+00  1.6943513988e-07  -1.4724532514e-07  -2.2189814741e-08  -0.0000000000e+00  6.6174449004e-23
 1.0800000000e+02  1.0800000000e+00  0.0000000000e+00  1.7104846007e-07  -1.4885864533e-07  -2.2189814741e-08  -0.0000000000e+00  3.9704669403e-23
 1.0900000000e+02  1.0900000000e+00  0.0000000000e+00  1.7267645502e-07  -1.5048664028e-07  -2.2189814741e-08  -0.0000000000e+00  9.2644228606e-23
 1.1000000000e+02  1.1000000000e+00  0.0000000000e+00  1.7431922785e-07  -1.5212941311e-07  -2.2189814741e-08  -0.0000000000e+00  3.9704669403e-23
 1.1100000000e+02  1.1100000000e+00  0.0000000000e+00  1.7597688221e-07  -1.5378706747e-07  -2.2189814741e-08  -0.0000000000e+00  6.6174449004e-23
 1.1200000000e+02  1.1200000000e+00  0.0000000000e+00  1.7764952222e-07  -1.5545970748e-07  -2.2189814741e-08  -0.0000000000e+00  3.9704669403e-23
 1.1300000000e+02  1.1300000000e+00  0.0000000000e+00  1.7933725254e-07  -1.5714743780e-07  -2.2189814741e-08  -0.0000000000e+00  9.2644228606e-23
 1.1400000000e+02  1.1400000000e+00  0.0000000000e+00  1.8104017833e-07  -1.5885036359e-07  -2.2189814741e-08  -0.0000000000e+00  3.9704669403e-23
 1.1500000000e+02  1.1500000000e+00  0.0000000000e+00  1.8275840526e-07  -1.6056859052e-07  -2.2189814741e-08  -0.0000000000e+00  1.3234889801e-23
 1.1600000000e+02  1.1600000000e+00  0.0000000000e+00  1.8449203952e-07  -1.6230222478e-07  -2.2189814741e-08  -0.0000000000e+00  3.9704669403e-23
 1.1700000000e+02  1.1700000000e+00  0.0000000000e+00  1.8624118781e-07  -1.6405137307e-07  -2.2189814741e-08  -0.0000000000e+00  3.9704669403e-23
 1.1800000000e+02  1.1800000000e+00  0.0000000000e+00  1.8800595734e-07  -1.6581614260e-07  -2.2189814741e-08  -0.0000000000e+00  3.9704669403e-23
 1.1900000000e+02  1.1900000000e+00  0.0000000000e+00  1.8978645585e-07  -1.6759664111e-07  -2.2189814741e-08  -0.0000000000e+00  3.9704669403e-23
 1.2000000000e+02  1.2000000000e+00  0.0000000000e+00  1.9158279160e-07  -1.6939297686e-07  -2.2189814741e-08  -0.0000000000e+00  3.9704669403e-23
 1.2100000000e+02  0.0000000000e+00  2.0000000000e-01  -0.0000000000e+00  -0.0000000000e+00  -0.0000000000e+00  -0.0000000000e+00  0.0000000000e+00
 1.2200000000e+02  1.0000000000e-02  2.0000000000e-01  1.1411402034e-07  -1.0802847033e-07  -6.0855500165e-09  -0.0000000000e+00  4.7149294916e-23
 1.2300000000e+02  2.0000000000e-02  2.0000000000e-01  2.2030353257e-07  -2.0813243254e-07  -1.2171100033e-08  -0.0000000000e+00  9.7607312281e-23
 1.2400000000e+02  3.0000000000e-02  2.0000000000e-01  3.1670586888e-07  -2.9844921883e-07  -1.8256650049e-08  -0.0000000000e+00  9.5952951056e-23
 1.2500000000e+02  4.0000000000e-02  2.0000000000e-01  4.0052719945e-07  -3.7833738471e-07  -2.2189814741e-08  -0.0000000000e+00  6.6174449004e-23
 1.2600000000e+02  5.0000000000e-02  2.0000000000e-01  4.6967650951e-07  -4.4748669477e-07  -2.2189814741e-08  -0.0000000000e+00  1.3234889801e-23
 1.2700000000e+02  6.0000000000e-02  2.0000000000e-01  5.2792996341e-07  -5.0574014867e-07  -2.2189814741e-08  -0.0000000000e+00  3.9704669403e-23
 1.2800000000e+02  7.0000000000e-02  2.0000000000e-01  5.7521162698e-07  -5.5302181224e-07  -2.2189814741e-08  -0.0000000000e+00  3.9704669403e-23
 1.2900000000e+02  8.0000000000e-02  2.0000000000e-01  6.1149027984e-07  -5.8930046510e-07  -2.2189814741e-08  -0.0000000000e+00  3.9704669403e-23
 1.3000000000e+02  9.0000000000e-02  2.0000000000e-01  6.3675923183e-07  -6.1456941709e-07  -2.2189814741e-08  -0.0000000000e+00  3.9704669403e-23
 1.3100000000e+02  1.0000000000e-01  2.0000000000e-01  6.5102465936e-07  -6.2883484462e-07  -2.2189814741e-08  -0.0000000000e+00  3.9704669403e-23
 1.3200000000e+02  1.1000000000e-01  2.0000000000e-01  6.5727466051e-07  -6.3508484576e-07  -2.2189814741e-08  -0.0000000000e+00  3.9704669403e-23
 1.3300000000e+02  1.2000000000e-01  2.0000000000e-01  6.6303632618e-07  -6.4084651144e-07  -2.2189814741e-08  -0.0000000000e+00  3.9704669403e-23
 1.3400000000e+02  1.3000000000e-01  2.0000000000e-01  6.6871721658e-07  -6.4652740184e-07  -2.2189814741e-08  -0.0000000000e+00  3.9704669403e-23
 1.3500000000e+02  1.4000000000e-01  2.0000000000e-01  6.7435053395e-07  -6.5216071921e-07  -2.2189814741e-08  -0.0000000000e+00  3.9704669403e-23
 1.3600000000e+02  1.5000000000e-01  2.0000000000e-01  6.7996044574e-07  -6.5777063100e-07  -2.2189814741e-08  -0.0000000000e+00  3.9704669403e-23
 1.3700000000e+02  1.6000000000e-01  2.0000000000e-01  6.8556456854e-07  -6.6337475380e-07  -2.2189814741e-08  -0.0000000000e+00  3.9704669403e-23
 1.3800000000e+02  1.7000000000e-01  2.0000000000e-01  6.9117575126e-07  -6.6898593651e-07  -2.2189814741e-08  -0.0000000000e+00  3.9704669403e-23
 1.3900000000e+02  1.8000000000e-01  2.0000000000e-01  6.9680336510e-07  -6.7461355036e-07  -2.2189814741e-08  -0.0000000000e+00  3.9704669403e-23
 1.4000000000e+02  1.9000000000e-01  2.0000000000e-01  7.0245424160e-07  -6.8026442686e-07  -2.2189814741e-08  -0.0000000000e+00  3.9704669403e-23
 1.4100000000e+02  2.0000000000e-01  2.0000000000e-01  7.0813335728e-07  -6.8594354254e-07  -2.2189814741e-08  -0.0000000000e+00  3.9704669403e-23
 1.4200000000e+02  2.1000000000e-01  2.0000000000e-01  7.1384433464e-07  -6.9165451990e-07  -2.2189814741e-08  -0.0000000000e+00  3.9704669403e-23
 1.4300000000e+02  2.2000000000e-01  2.0000000000e-01  7.1958980931e-07  -6.9739999457e-07  -2.2189814741e-08  -0.0000000000e+00  3.9704669403e-23
 1.4400000000e+02  2.3000000000e-01  2.0000000000e-01  7.2537169935e-07  -7.0318188461e-07  -2.2189814741e-08  -0.0000000000e+00  3.9704669403e-23
 1.4500000000e+02  2.4000000000e-01  2.0000000000e-01  7.3119140275e-07  -7.0900158801e-07  -2.2189814741e-08  -0.0000000000e+00  3.9704669403e-23
 1.4600000000e+02  2.5000000000e-01  2.0000000000e-01  7.3704994221e-07  -7.1486012747e-07  -2.2189814741e-08  -0.0000000000e+00  3.9704669403e-23
 1.4700000000e+02  2.6000000000e-01  2.0000000000e-01  7.4294807118e-07  -7.2075825644e-07  -2.2189814741e-08  -0.0000000000e+00  3.9704669403e-23
 1.4800000000e+02  2.7000000000e-01  2.0000000000e-01  7.4888635133e-07  -7.2669653659e-07  -2.2189814741e-08  -0.0000000000e+00  3.9704669403e-23
 1.4900000000e+02  2.8000000000e-01  2.0000000000e-01  7.5486520908e-07  -7.3267539434e-07  -2.2189814741e-08  -0.0000000000e+00  3.9704669403e-23
 1.5000000000e+02  2.9000000000e-01  2.0000000000e-01  7.6088497659e-07  -7.3869516185e-07  -2.2189814741e-08  -0.0000000000e+00  3.9704669403e-23
 1.5100000000e+02  3.0000000000e-01  2.0000000000e-01  7.6694592147e-07  -7.4475610673e-07  -2.2189814741e-08  -0.0000000000e+00  3.9704669403e-23
 1.5200000000e+02  3.1000000000e-01  2.0000000000e-01  7.7304826817e-07  -7.5085845343e-07  -2.2189814741e-08  -0.0000000000e+00  3.9704669403e-23
 1.5300000000e+02  3.2000000000e-01  2.0000000000e-01  7.7919221321e-07  -7.5700239847e-07  -2.2189814741e-08  -0.0000000000e+00  3.9704669403e-23
 1.5400000000e+02  3.3000000000e-01  2.0000000000e-01  7.8537793602e-07  -7.6318812128e-07  -2.2189814741e-08  -0.0000000000e+00  3.9704669403e-23
 1.5500000000e+02  3.4000000000e-01  2.0000000000e-01  7.9160560646e-07  -7.6941579172e-07  -2.2189814741e-08  -0.0000000000e+00  3.9704669403e-23
 1.5600000000e+02  3.5000000000e-01  2.0000000000e-01  7.9787539010e-07  -7.7568557536e-07  -2.2189814741e-08  -0.0000000000e+00  3.9704669403e-23
 1.5700000000e+02  3.6000000000e-01  2.0000000000e-01  8.0418745171e-07  -7.8199763697e-07  -2.2189814741e-08  -0.0000000000e+00  3.9704669403e-23
 1.5800000000e+02  3.7000000000e-01  2.0000000000e-01  8.1054195760e-07  -7.8835214286e-07  -2.2189814741e-08  -0.0000000000e+00  3.9704669403e-23
 1.5900000000e+02  3.8000000000e-01  2.0000000000e-01  8.1693907706e-07  -7.9474926232e-07  -2.2189814741e-08  -0.0000000000e+00  3.9704669403e-23
 1.6000000000e+02  3.9000000000e-01  2.0000000000e-01  8.2337898323e-07  -8.0118916849e-07  -2.2189814741e-08  -0.0000000000e+00  3.9704669403e-23
 1.6100000000e+02  4.0000000000e-01  2.0000000000e-01  8.2986185353e-07  -8.0767203879e-07  -2.2189814741e-08  -0.0000000000e+00  3.9704669403e-23
 1.6200000000e+02  4.1000000000e-01  2.0000000000e-01  8.3638786983e-07  -8.1419805509e-07  -2.2189814741e-08  -0.0000000000e+00  3.9704669403e-23
 1.6300000000e+02  4.2000000000e-01  2.0000000000e-01  8.4295721840e-07  -8.2076740366e-07  -2.2189814741e-08  -0.0000000000e+00  3.9704669403e-23
 1.6400000000e+02  4.3000000000e-01  2.0000000000e-01  8.4957008978e-07  -8.2738027504e-07  -2.2189814741e-08  -0.0000000000e+00  3.9704669403e-23
 1.6500000000e+02  4.4000000000e-01  2.0000000000e-01  8.5622667856e-07  -8.3403686382e-07  -2.2189814741e-08  -0.0000000000e+00  3.9704669403e-23
 1.6600000000e+02  4.5000000000e-01  2.0000000000e-01  8.6292718312e-07  -8.4073736838e-07  -2.2189814741e-08  -0.0000000000e+00  3.9704669403e-23
 1.6700000000e+02  4.6000000000e-01  2.0000000000e-01  8.6967180535e-07  -8.4748199061e-07  -2.2189814741e-08  -0.0000000000e+00  3.9704669403e-23
 1.6800000000e+02  4.7000000000e-01  2.0000000000e-01  8.7646075040e-07  -8.5427093566e-07  -2.2189814741e-08  -0.0000000000e+00  3.9704669403e-23
 1.6900000000e+02  4.8000000000e-01  2.0000000000e-01  8.8329422642e-07  -8.6110441168e-07  -2.2189814741e-08  -0.0000000000e+00  3.9704669403e-23
 1.7000000000e+02  4.9000000000e-01  2.0000000000e-01  8.9017244431e-07  -8.6798262957e-07  -2.2189814741e-08  -0.0000000000e+00  3.9704669403e-23
 1.7100000000e+02  5.0000000000e-01  2.0000000000e-01  8.9709561748e-07  -8.7490580274e-07  -2.2189814741e-08  -0.0000000000e+00  3.9704669403e-23
 1.7200000000e+02  5.1000000000e-01  2.0000000000e-01  9.0406396168e-07  -8.8187414694e-07  -2.2189814741e-08  -0.0000000000e+00  3.9704669403e-23
 1.7300000000e+02  5.2000000000e-01  2.0000000000e-01  9.1107769480e-07  -8.8888788006e-07  -2.2189814741e-08  -0.0000000000e+00  3.9704669403e-23
 1.7400000000e+02  5.3000000000e-01  2.0000000000e-01  9.1813703670e-07  -8.9594722196e-07  -2.2189814741e-08  -0.0000000000e+00  3.9704669403e-23
 1.7500000000e+02  5.4000000000e-01  2.0000000000e-01  9.2524220908e-07  -9.0305239434e-07  -2.2189814741e-08  -0.0000000000e+00  3.9704669403e-23
 1.7600000000e+02  5.5000000000e-01  2.0000000000e-01  9.3239343534e-07  -9.1020362060e-07  -2.2189814741e-08  -0.0000000000e+00  3.9704669403e-23
 1.7700000000e+02  5.6000000000e-01  2.0000000000e-01  9.3959094048e-07  -9.1740112574e-07  -2.2189814741e-08  -0.0000000000e+00  3.9704669403e-23
 1.7800000000e+02  5.7000000000e-01  2.0000000000e-01  9.4683495099e-07  -9.2464513625e-07  -2.2189814741e-08  -0.0000000000e+00  3.9704669403e-23
 1.7900000000e+02  5.8000000000e-01  2.0000000000e-01  9.5412569476e-07  -9.3193588002e-07  -2.2189814741e-08  -0.0000000000e+00  1.4558378781e-22
 1.8000000000e+02  5.9000000000e-01  2.0000000000e-01  9.6146340102e-07  -9.3927358628e-07  -2.2189814741e-08  -0.0000000000e+00  3.9704669403e-23
 1.8100000000e+02  6.0000000000e-01  2.0000000000e-01  9.6884830028e-07  -9.4665848554e-07  -2.2189814741e-08  -0.0000000000e+00  3.9704669403e-23
 1.8200000000e+02  6.1000000000e-01  2.0000000000e-01  9.7628062425e-07  -9.5409080951e-07  -2.2189814741e-08  -0.0000000000e+00  3.9704669403e-23
 1.8300000000e+02  6.2000000000e-01  2.0000000000e-01  9.8376060581e-07  -9.6157079107e-07  -2.2189814741e-08  -0.0000000000e+00  3.9704669403e-23
 1.8400000000e+02  6.3000000000e-01  2.0000000000e-01  9.9128847896e-07  -9.6909866422e-07  -2.2189814741e-08  -0.0000000000e+00  3.9704669403e-23
 1.8500000000e+02  6.4000000000e-01  2.0000000000e-01  9.9886447880e-07  -9.7667466406e-07  -2.2189814741e-08  -0.0000000000e+00  3.9704669403e-23
 1.8600000000e+02  6.5000000000e-01  2.0000000000e-01  1.0064888415e-06  -9.8429902672e-07  -2.2189814741e-08  -0.0000000000e+00  4.6322114303e-22
 1.8700000000e+02  6.6000000000e-01  2.0000000000e-01  1.0141618041e-06  -9.9197198939e-07  -2.2189814741e-08  -0.0000000000e+00  4.6322114303e-22
 1.8800000000e+02  6.7000000000e-01  2.0000000000e-01  1.0218836050e-06  -9.9969379024e-07  -2.2189814741e-08  -0.0000000000e+00  2.5146290622e-22
 1.8900000000e+02  6.8000000000e-01  2.0000000000e-01  1.0296544832e-06  -1.0074646684e-06  -2.2189814741e-08  -0.0000000000e+00  3.9704669403e-23
 1.9000000000e+02  6.9000000000e-01  2.0000000000e-01  1.0374746789e-06  -1.0152848641e-06  -2.2189814741e-08  -0.0000000000e+00  1.7205356741e-22
 1.9100000000e+02  7.0000000000e-01  2.0000000000e-01  1.0453444331e-06  -1.0231546184e-06  -2.2189814741e-08  -0.0000000000e+00  1.7205356741e-22
 1.9200000000e+02  7.1000000000e-01  2.0000000000e-01  1.0532639880e-06  -1.0310741733e-06  -2.2189814741e-08  -0.0000000000e+00  3.9704669403e-23
 1.9300000000e+02  7.2000000000e-01  2.0000000000e-01  1.0612335865e-06  -1.0390437717e-06  -2.2189814741e-08  -0.0000000000e+00  3.9704669403e-23
 1.9400000000e+02  7.3000000000e-01  2.0000000000e-01  1.0692534724e-06  -1.0470636577e-06  -2.2189814741e-08  -0.0000000000e+00  1.7205356741e-22
 1.9500000000e+02  7.4000000000e-01  2.0000000000e-01  1.0773238906e-06  -1.0551340759e-06  -2.2189814741e-08  -0.0000000000e+00  1.7205356741e-22
 1.9600000000e+02  7.5000000000e-01  2.0000000000e-01  1.0854450868e-06  -1.0632552721e-06  -2.2189814741e-08  -0.0000000000e+00  3.9704669403e-23
 1.9700000000e+02  7.6000000000e-01  2.0000000000e-01  1.0936173076e-06  -1.0714274929e-06  -2.2189814741e-08  -0.0000000000e+00  1.7205356741e-22
 1.9800000000e+02  7.7000000000e-01  2.0000000000e-01  1.1018408006e-06  -1.0796509858e-06  -2.2189814741e-08  -0.0000000000e+00  3.9704669403e-23
 1.9900000000e+02  7.8000000000e-01  2.0000000000e-01  1.1101158141e-06  -1.0879259994e-06  -2.2189814741e-08  -0.0000000000e+00  3.9704669403e-23
 2.0000000000e+02  7.9000000000e-01  2.0000000000e-01  1.1184425975e-06  -1.0962527828e-06  -2.2189814741e-08  -0.0000000000e+00  3.9704669403e-23
 2.0100000000e+02  8.0000000000e-01  2.0000000000e-01  1.1268214010e-06  -1.1046315863e-06  -2.2189814741e-08  -0.0000000000e+00  3.9704669403e-23
 2.0200000000e+02  8.1000000000e-01  2.0000000000e-01  1.1352524757e-06  -1.1130626610e-06  -2.2189814741e-08  -0.0000000000e+00  3.9704669403e-23
 2.0300000000e+02  8.2000000000e-01  2.0000000000e-01  1.1437360736e-06  -1.1215462588e-06  -2.2189814741e-08  -0.0000000000e+00  8.8673761666e-22
 2.0400000000e+02  8.3000000000e-01  2.0000000000e-01  1.1522724475e-06  -1.1300826327e-06  -2.2189814741e-08  -0.0000000000e+00  3.9704669403e-23
 2.0500000000e+02  8.4000000000e-01  2.0000000000e-01  1.1608618512e-06  -1.1386720365e-06  -2.2189814741e-08  -0.0000000000e+00  1.7205356741e-22
 2.0600000000e+02  8.5000000000e-01  2.0000000000e-01  1.1695045394e-06  -1.1473147247e-06  -2.2189814741e-08  -0.0000000000e+00  1.7205356741e-22
 2.0700000000e+02  8.6000000000e-01  2.0000000000e-01  1.1782007676e-06  -1.1560109529e-06  -2.2189814741e-08  -0.0000000000e+00  1.7205356741e-22
 2.0800000000e+02  8.7000000000e-01  2.0000000000e-01  1.1869507923e-06  -1.1647609776e-06  -2.2189814741e-08  -0.0000000000e+00  3.9704669403e-23
 2.0900000000e+02  8.8000000000e-01  2.0000000000e-01  1.1957548707e-06  -1.1735650560e-06  -2.2189814741e-08  -0.0000000000e+00  3.9704669403e-23
 2.1000000000e+02  8.9000000000e-01  2.0000000000e-01  1.2046132611e-06  -1.1824234464e-06  -2.2189814741e-08  -0.0000000000e+00  3.9704669403e-23
 2.1100000000e+02  9.0000000000e-01  2.0000000000e-01  1.2135262226e-06  -1.1913364078e-06  -2.2189814741e-08  -0.0000000000e+00  1.7205356741e-22
 2.1200000000e+02  9.1000000000e-01  2.0000000000e-01  1.2224940151e-06  -1.2003042004e-06  -2.2189814741e-08  -0.0000000000e+00  1.7205356741e-22
 2.1300000000e+02  9.2000000000e-01  2.0000000000e-01  1.2315168996e-06  -1.2093270849e-06  -2.2189814741e-08  -0.0000000000e+00  3.9704669403e-23
 2.1400000000e+02  9.3000000000e-01  2.0000000000e-01  1.2405951378e-06  -1.2184053230e-06  -2.2189814741e-08  -0.0000000000e+00  3.9704669403e-23
 2.1500000000e+02  9.4000000000e-01  2.0000000000e-01  1.2497289924e-06  -1.2275391776e-06  -2.2189814741e-08  -0.0000000000e+00  8.8673761666e-22
 2.1600000000e+02  9.5000000000e-01  2.0000000000e-01  1.2589187269e-06  -1.2367289122e-06  -2.2189814741e-08  -0.0000000000e+00  3.9704669403e-23
 2.1700000000e+02  9.6000000000e-01  2.0000000000e-01  1.2681646059e-06  -1.2459747911e-06  -2.2189814741e-08  -0.0000000000e+00  1.7205356741e-22
 2.1800000000e+02  9.7000000000e-01  2.0000000000e-01  1.2774668946e-06  -1.2552770799e-06  -2.2189814741e-08  -0.0000000000e+00  3.9704669403e-23
 2.1900000000e+02  9.8000000000e-01  2.0000000000e-01  1.2868258594e-06  -1.2646360447e-06  -2.2189814741e-08  -0.0000000000e+00  3.9704669403e-23
 2.2000000000e+02  9.9000000000e-01  2.0000000000e-01  1.2962417674e-06  -1.2740519527e-06  -2.2189814741e-08  -0.0000000000e+00  1.7205356741e-22
 2.2100000000e+02  1.0000000000e+00  2.0000000000e-01  1.3057148867e-06  -1.2835250720e-06  -2.2189814741e-08  -0.0000000000e+00  3.9704669403e-23
 2.2200000000e+02  1.0100000000e+00  2.0000000000e-01  1.3152454863e-06  -1.2930556716e-06  -2.2189814741e-08  -0.0000000000e+00  1.7205356741e-22
 2.2300000000e+02  1.0200000000e+00  2.0000000000e-01  1.3248338360e-06  -1.3026440212e-06  -2.2189814741e-08  -0.0000000000e+00  3.9704669403e-23
 2.2400000000e+02  1.0300000000e+00  2.0000000000e-01  1.3344802066e-06  -1.3122903919e-06  -2.2189814741e-08  -0.0000000000e+00  3.9704669403e-23
 2.2500000000e+02  1.0400000000e+00  2.0000000000e-01  1.3441848699e-06  -1.3219950551e-06  -2.2189814741e-08  -0.0000000000e+00  3.9704669403e-23
 2.2600000000e+02  1.0500000000e+00  2.0000000000e-01  1.3539480984e-06  -1.3317582836e-06  -2.2189814741e-08  -0.0000000000e+00  1.7205356741e-22
 2.2700000000e+02  1.0600000000e+00  2.0000000000e-01  1.3637701656e-06  -1.3415803509e-06  -2.2189814741e-08  -0.0000000000e+00  3.9704669403e-23
 2.2800000000e+02  1.0700000000e+00  2.0000000000e-01  1.3736513461e-06  -1.3514615313e-06  -2.2189814741e-08  -0.0000000000e+00  3.9704669403e-23
 2.2900000000e+02  1.0800000000e+00  2.0000000000e-01  1.3835919151e-06  -1.3614021004e-06  -2.2189814741e-08  -0.0000000000e+00  3.9704669403e-23
 2.3000000000e+02  1.0900000000e+00  2.0000000000e-01  1.3935921490e-06  -1.3714023342e-06  -2.2189814741e-08  -0.0000000000e+00  3.9704669403e-23
 2.3100000000e+02  1.1000000000e+00  2.0000000000e-01  1.4036523249e-06  -1.3814625102e-06  -2.2189814741e-08  -0.0000000000e+00  3.9704669403e-23
 2.3200000000e+02  1.1100000000e+00  2.0000000000e-01  1.4137727210e-06  -1.3915829063e-06  -2.2189814741e-08  -0.0000000000e+00  3.9704669403e-23
 2.3300000000e+02  1.1200000000e+00  2.0000000000e-01  1.4239536163e-06  -1.4017638015e-06  -2.2189814741e-08  -0.0000000000e+00  3.9704669403e-23
 2.3400000000e+02  1.1300000000e+00  2.0000000000e-01  1.4341952908e-06  -1.4120054760e-06  -2.2189814741e-08  -0.0000000000e+00  3.9704669403e-23
 2.3500000000e+02  1.1400000000e+00  2.0000000000e-01  1.4444980253e-06  -1.4223082106e-06  -2.2189814741e-08  -0.0000000000e+00  3.9704669403e-23
 2.3600000000e+02  1.1500000000e+00  2.0000000000e-01  1.4548621018e-06  -1.4326722871e-06  -2.2189814741e-08  -0.0000000000e+00  3.9704669403e-23
 2.3700000000e+02  1.1600000000e+00  2.0000000000e-01  1.4652878030e-06  -1.4430979883e-06  -2.2189814741e-08  -0.0000000000e+00  3.9704669403e-23
 2.3800000000e+02  1.1700000000e+00  2.0000000000e-01  1.4757754126e-06  -1.4535855978e-06  -2.2189814741e-08  -0.0000000000e+00  3.9704669403e-23
 2.3900000000e+02  1.1800000000e+00  2.0000000000e-01  1.4863252151e-06  -1.4641354004e-06  -2.2189814741e-08  -0.0000000000e+00  1.7205356741e-22
 2.4000000000e+02  1.1900000000e+00  2.0000000000e-01  1.4969374963e-06  -1.4747476816e-06  -2.2189814741e-08  -0.0000000000e+00  3.9704669403e-23
 2.4100000000e+02  1.2000000000e+00  2.0000000000e-01  1.5076125426e-06  -1.4854227278e-06  -2.2189814741e-08  -0.0000000000e+00  3.9704669403e-23
 2.4200000000e+02  0.0000000000e+00  4.0000000000e-01  -0.0000000000e+00  -0.0000000000e+00  -0.0000000000e+00  -0.0000000000e+00  0.0000000000e+00
 2.4300000000e+02  1.0000000000e-02  4.0000000000e-01  2.9129649927e-07  -2.8521094925e-07  -6.0855500165e-09  -0.0000000000e+00  2.0679515314e-23
 2.4400000000e+02  2.0000000000e-02  4.0000000000e-01  5.7196619592e-07  -5.5979509589e-07  -1.2171100033e-08  -0.0000000000e+00  4.4667753078e-23
 2.4500000000e+02  3.0000000000e-02  4.0000000000e-01  8.4202484842e-07  -8.2376819838e-07  -1.8256650049e-08  -0.0000000000e+00  4.3013391853e-23
 2.4600000000e+02  4.0000000000e-02  4.0000000000e-01  1.0993368501e-06  -1.0771470353e-06  -2.2189814741e-08  -0.0000000000e+00  3.9704669403e-23
 2.4700000000e+02  5.0000000000e-02  4.0000000000e-01  1.3421389664e-06  -1.3199491517e-06  -2.2189814741e-08  -0.0000000000e+00  3.9704669403e-23
 2.4800000000e+02  6.0000000000e-02  4.0000000000e-01  1.5743824179e-06  -1.5521926031e-06  -2.2189814741e-08  -0.0000000000e+00  1.7205356741e-22
 2.4900000000e+02  7.0000000000e-02  4.0000000000e-01  1.7960855216e-06  -1.7738957068e-06  -2.2189814741e-08  -0.0000000000e+00  3.9704669403e-23
 2.5000000000e+02  8.0000000000e-02  4.0000000000e-01  2.0072666182e-06  -1.9850768034e-06  -2.2189814741e-08  -0.0000000000e+00  3.9704669403e-23
 2.5100000000e+02  9.0000000000e-02  4.0000000000e-01  2.2079438514e-06  -2.1857540366e-06  -2.2189814741e-08  -0.0000000000e+00  3.9704669403e-23
 2.5200000000e+02  1.0000000000e-01  4.0000000000e-01  2.3981349693e-06  -2.3759451546e-06  -2.2189814741e-08  -0.0000000000e+00  3.9704669403e-23
 2.5300000000e+02  1.1000000000e-01  4.0000000000e-01  2.5778571497e-06  -2.5556673350e-06  -2.2189814741e-08  -0.0000000000e+00  8.8673761666e-22
 2.5400000000e+02  1.2000000000e-01  4.0000000000e-01  2.7471268519e-06  -2.7249370372e-06  -2.2189814741e-08  -0.0000000000e+00  3.9704669403e-23
 2.5500000000e+02  1.3000000000e-01  4.0000000000e-01  2.9059596955e-06  -2.8837698808e-06  -2.2189814741e-08  -0.0000000000e+00  3.9704669403e-23
 2.5600000000e+02  1.4000000000e-01  4.0000000000e-01  3.0543703659e-06  -3.0321805511e-06  -2.2189814741e-08  -0.0000000000e+00  3.8381180422e-22
 2.5700000000e+02  1.5000000000e-01  4.0000000000e-01  3.1923725451e-06  -3.1701827304e-06  -2.2189814741e-08  -0.0000000000e+00  3.9704669403e-23
 2.5800000000e+02  1.6000000000e-01  4.0000000000e-01  3.3199788674e-06  -3.2977890526e-06  -2.2189814741e-08  -0.0000000000e+00  3.8381180422e-22
 2.5900000000e+02  1.7000000000e-01  4.0000000000e-01  3.4372008954e-06  -3.4150110807e-06  -2.2189814741e-08  -0.0000000000e+00  3.9704669403e-23
 2.6000000000e+02  1.8000000000e-01  4.0000000000e-01  3.5440491170e-06  -3.5218593023e-06  -2.2189814741e-08  -0.0000000000e+00  3.9704669403e-23
 2.6100000000e+02  1.9000000000e-01  4.0000000000e-01  3.6405329573e-06  -3.6183431426e-06  -2.2189814741e-08  -0.0000000000e+00  3.9704669403e-23
 2.6200000000e+02  2.0000000000e-01  4.0000000000e-01  3.7266608059e-06  -3.7044709912e-06  -2.2189814741e-08  -0.0000000000e+00  3.9704669403e-23
 2.6300000000e+02  2.1000000000e-01  4.0000000000e-01  3.8024400543e-06  -3.7802502396e-06  -2.2189814741e-08  -0.0000000000e+00  3.9704669403e-23
 2.6400000000e+02  2.2000000000e-01  4.0000000000e-01  3.8678771429e-06  -3.8456873281e-06  -2.2189814741e-08  -0.0000000000e+00  4.6322114303e-22
 2.6500000000e+02  2.3000000000e-01  4.0000000000e-01  3.9229776141e-06  -3.9007877994e-06  -2.2189814741e-08  -0.0000000000e+00  3.8381180422e-22
 2.6600000000e+02  2.4000000000e-01  4.0000000000e-01  3.9677461703e-06  -3.9455563555e-06  -2.2189814741e-08  -0.0000000000e+00  3.8381180422e-22
 2.6700000000e+02  2.5000000000e-01  4.0000000000e-01  4.0021867337e-06  -3.9799969189e-06  -2.2189814741e-08  -0.0000000000e+00  4.6322114303e-22
 2.6800000000e+02  2.6000000000e-01  4.0000000000e-01  4.0264554209e-06  -4.0042656062e-06  -2.2189814741e-08  -0.0000000000e+00  3.8381180422e-22
 2.6900000000e+02  2.7000000000e-01  4.0000000000e-01  4.0472377079e-06  -4.0250478932e-06  -2.2189814741e-08  -0.0000000000e+00  3.8381180422e-22
 2.7000000000e+02  2.8000000000e-01  4.0000000000e-01  4.0681066260e-06  -4.0459168113e-06  -2.2189814741e-08  -0.0000000000e+00  1.2308447515e-21
 2.7100000000e+02  2.9000000000e-01  4.0000000000e-01  4.0890609727e-06  -4.0668711580e-06  -2.2189814741e-08  -0.0000000000e+00  3.8381180422e-22
 2.7200000000e+02  3.0000000000e-01  4.0000000000e-01  4.1100995399e-06  -4.0879097251e-06  -2.2189814741e-08  -0.0000000000e+00  3.8381180422e-22
 2.7300000000e+02  3.1000000000e-01  4.0000000000e-01  4.1312211238e-06  -4.1090313091e-06  -2.2189814741e-08  -0.0000000000e+00  3.8381180422e-22
 2.7400000000e+02  3.2000000000e-01  4.0000000000e-01  4.1524245339e-06  -4.1302347191e-06  -2.2189814741e-08  -0.0000000000e+00  3.8381180422e-22
 2.7500000000e+02  3.3000000000e-01  4.0000000000e-01  4.1737085995e-06  -4.1515187847e-06  -2.2189814741e-08  -0.0000000000e+00  3.8381180422e-22
 2.7600000000e+02  3.4000000000e-01  4.0000000000e-01  4.1950721759e-06  -4.1728823611e-06  -2.2189814741e-08  -0.0000000000e+00  3.8381180422e-22
 2.7700000000e+02  3.5000000000e-01  4.0000000000e-01  4.2165141490e-06  -4.1943243342e-06  -2.2189814741e-08  -0.0000000000e+00  3.8381180422e-22
 2.7800000000e+02  3.6000000000e-01  4.0000000000e-01  4.2380334389e-06  -4.2158436241e-06  -2.2189814741e-08  -0.0000000000e+00  3.8381180422e-22
 2.7900000000e+02  3.7000000000e-01  4.0000000000e-01  4.2596290028e-06  -4.2374391881e-06  -2.2189814741e-08  -0.0000000000e+00  1.2308447515e-21
 2.8000000000e+02  3.8000000000e-01  4.0000000000e-01  4.2812998370e-06  -4.2591100223e-06  -2.2189814741e-08  -0.0000000000e+00  3.8381180422e-22
 2.8100000000e+02  3.9000000000e-01  4.0000000000e-01  4.3030449782e-06  -4.2808551634e-06  -2.2189814741e-08  -0.0000000000e+00  1.2308447515e-21
 2.8200000000e+02  4.0000000000e-01  4.0000000000e-01  4.3248635041e-06  -4.3026736894e-06  -2.2189814741e-08  -0.0000000000e+00  1.2308447515e-21
 2.8300000000e+02  4.1000000000e-01  4.0000000000e-01  4.3467545342e-06  -4.3245647195e-06  -2.2189814741e-08  -0.0000000000e+00  3.8381180422e-22
 2.8400000000e+02  4.2000000000e-01  4.0000000000e-01  4.3687172293e-06  -4.3465274145e-06  -2.2189814741e-08  -0.0000000000e+00  1.2308447515e-21
 2.8500000000e+02  4.3000000000e-01  4.0000000000e-01  4.3907507911e-06  -4.3685609763e-06  -2.2189814741e-08  -0.0000000000e+00  3.8381180422e-22
 2.8600000000e+02  4.4000000000e-01  4.0000000000e-01  4.4128544615e-06  -4.3906646468e-06  -2.2189814741e-08  -0.0000000000e+00  3.8381180422e-22
 2.8700000000e+02  4.5000000000e-01  4.0000000000e-01  4.4350275220e-06  -4.4128377073e-06  -2.2189814741e-08  -0.0000000000e+00  3.8381180422e-22
 2.8800000000e+02  4.6000000000e-01  4.0000000000e-01  4.4572692921e-06  -4.4350794774e-06  -2.2189814741e-08  -0.0000000000e+00  3.8381180422e-22
 2.8900000000e+02  4.7000000000e-01  4.0000000000e-01  4.4795791284e-06  -4.4573893137e-06  -2.2189814741e-08  -0.0000000000e+00  3.8381180422e-22
 2.9000000000e+02  4.8000000000e-01  4.0000000000e-01  4.5019564231e-06  -4.4797666084e-06  -2.2189814741e-08  -0.0000000000e+00  1.2308447515e-21
 2.9100000000e+02  4.9000000000e-01  4.0000000000e-01  4.5244006028e-06  -4.5022107880e-06  -2.2189814741e-08  -0.0000000000e+00  3.8381180422e-22
 2.9200000000e+02  5.0000000000e-01  4.0000000000e-01  4.5469111268e-06  -4.5247213120e-06  -2.2189814741e-08  -0.0000000000e+00  3.8381180422e-22
 2.9300000000e+02  5.1000000000e-01  4.0000000000e-01  4.5694874858e-06  -4.5472976711e-06  -2.2189814741e-08  -0.0000000000e+00  3.8381180422e-22
 2.9400000000e+02  5.2000000000e-01  4.0000000000e-01  4.5921292007e-06  -4.5699393860e-06  -2.2189814741e-08  -0.0000000000e+00  4.6322114303e-22
 2.9500000000e+02  5.3000000000e-01  4.0000000000e-01  4.6148358205e-06  -4.5926460058e-06  -2.2189814741e-08  -0.0000000000e+00  3.8381180422e-22
 2.9600000000e+02  5.4000000000e-01  4.0000000000e-01  4.6376069215e-06  -4.6154171068e-06  -2.2189814741e-08  -0.0000000000e+00  3.8381180422e-22
 2.9700000000e+02  5.5000000000e-01  4.0000000000e-01  4.6604421055e-06  -4.6382522907e-06  -2.2189814741e-08  -0.0000000000e+00  4.6322114303e-22
 2.9800000000e+02  5.6000000000e-01  4.0000000000e-01  4.6833409986e-06  -4.6611511838e-06  -2.2189814741e-08  -0.0000000000e+00  3.8381180422e-22
 2.9900000000e+02  5.7000000000e-01  4.0000000000e-01  4.7063032498e-06  -4.6841134351e-06  -2.2189814741e-08  -0.0000000000e+00  3.8381180422e-22
 3.0000000000e+02  5.8000000000e-01  4.0000000000e-01  4.7293285300e-06  -4.7071387153e-06  -2.2189814741e-08  -0.0000000000e+00  3.8381180422e-22
 3.0100000000e+02  5.9000000000e-01  4.0000000000e-01  4.7524165303e-06  -4.7302267156e-06  -2.2189814741e-08  -0.0000000000e+00  1.2308447515e-21
 3.0200000000e+02  6.0000000000e-01  4.0000000000e-01  4.7755669612e-06  -4.7533771464e-06  -2.2189814741e-08  -0.0000000000e+00  4.6322114303e-22
 3.0300000000e+02  6.1000000000e-01  4.0000000000e-01  4.7987795512e-06  -4.7765897365e-06  -2.2189814741e-08  -0.0000000000e+00  3.8381180422e-22
 3.0400000000e+02  6.2000000000e-01  4.0000000000e-01  4.8220540462e-06  -4.7998642314e-06  -2.2189814741e-08  -0.0000000000e+00  3.8381180422e-22
 3.0500000000e+02  6.3000000000e-01  4.0000000000e-01  4.8453902078e-06  -4.8232003931e-06  -2.2189814741e-08  -0.0000000000e+00  3.8381180422e-22
 3.0600000000e+02  6.4000000000e-01  4.0000000000e-01  4.8687878130e-06  -4.8465979982e-06  -2.2189814741e-08  -0.0000000000e+00  3.8381180422e-22
 3.0700000000e+02  6.5000000000e-01  4.0000000000e-01  4.8922466528e-06  -4.8700568380e-06  -2.2189814741e-08  -0.0000000000e+00  3.8381180422e-22
 3.0800000000e+02  6.6000000000e-01  4.0000000000e-01  4.9157665316e-06  -4.8935767169e-06  -2.2189814741e-08  -0.0000000000e+00  3.8381180422e-22
 3.0900000000e+02  6.7000000000e-01  4.0000000000e-01  4.9393472663e-06  -4.9171574516e-06  -2.2189814741e-08  -0.0000000000e+00  4.6322114303e-22
 3.1000000000e+02  6.8000000000e-01  4.0000000000e-01  4.9629886856e-06  -4.9407988708e-06  -2.2189814741e-08  -0.0000000000e+00  3.8381180422e-22
 3.1100000000e+02  6.9000000000e-01  4.0000000000e-01  4.9866906290e-06  -4.9645008143e-06  -2.2189814741e-08  -0.0000000000e+00  3.8381180422e-22
 3.1200000000e+02  7.0000000000e-01  4.0000000000e-01  5.0104529466e-06  -4.9882631318e-06  -2.2189814741e-08  -0.0000000000e+00  3.8381180422e-22
 3.1300000000e+02  7.1000000000e-01  4.0000000000e-01  5.0342754979e-06  -5.0120856832e-06  -2.2189814741e-08  -0.0000000000e+00  3.8381180422e-22
 3.1400000000e+02  7.2000000000e-01  4.0000000000e-01  5.0581581518e-06  -5.0359683371e-06  -2.2189814741e-08  -0.0000000000e+00  3.8381180422e-22
 3.1500000000e+02  7.3000000000e-01  4.0000000000e-01  5.0821007854e-06  -5.0599109707e-06  -2.2189814741e-08  -0.0000000000e+00  3.8381180422e-22
 3.1600000000e+02  7.4000000000e-01  4.0000000000e-01  5.1061032839e-06  -5.0839134692e-06  -2.2189814741e-08  -0.0000000000e+00  3.8381180422e-22
 3.1700000000e+02  7.5000000000e-01  4.0000000000e-01  5.1301655400e-06  -5.1079757253e-06  -2.2189814741e-08  -0.0000000000e+00  3.8381180422e-22
 3.1800000000e+02  7.6000000000e-01  4.0000000000e-01  5.1542874534e-06  -5.1320976386e-06  -2.2189814741e-08  -0.0000000000e+00  3.8381180422e-22
 3.1900000000e+02  7.7000000000e-01  4.0000000000e-01  5.1784689302e-06  -5.1562791154e-06  -2.2189814741e-08  -0.0000000000e+00  3.8381180422e-22
 3.2000000000e+02  7.8000000000e-01  4.0000000000e-01  5.2027098828e-06  -5.1805200681e-06  -2.2189814741e-08  -0.0000000000e+00  3.8381180422e-22
 3.2100000000e+02  7.9000000000e-01  4.0000000000e-01  5.2270102294e-06  -5.2048204147e-06  -2.2189814741e-08  -0.0000000000e+00  1.2308447515e-21
 3.2200000000e+02  8.0000000000e-01  4.0000000000e-01  5.2513698935e-06  -5.2291800787e-06  -2.2189814741e-08  -0.0000000000e+00  3.8381180422e-22
 3.2300000000e+02  8.1000000000e-01  4.0000000000e-01  5.2757888036e-06  -5.2535989888e-06  -2.2189814741e-08  -0.0000000000e+00  3.8381180422e-22
 3.2400000000e+02  8.2000000000e-01  4.0000000000e-01  5.3002668930e-06  -5.2780770782e-06  -2.2189814741e-08  -0.0000000000e+00  3.8381180422e-22
 3.2500000000e+02  8.3000000000e-01  4.0000000000e-01  5.3248040995e-06  -5.3026142848e-06  -2.2189814741e-08  -0.0000000000e+00  4.6322114303e-22
 3.2600000000e+02  8.4000000000e-01  4.0000000000e-01  5.3494003650e-06  -5.3272105503e-06  -2.2189814741e-08  -0.0000000000e+00  3.8381180422e-22
 3.2700000000e+02  8.5000000000e-01  4.0000000000e-01  5.3740556353e-06  -5.3518658206e-06  -2.2189814741e-08  -0.0000000000e+00  4.6322114303e-22
 3.2800000000e+02  8.6000000000e-01  4.0000000000e-01  5.3987698598e-06  -5.3765800451e-06  -2.2189814741e-08  -0.0000000000e+00  4.6322114303e-22
 3.2900000000e+02  8.7000000000e-01  4.0000000000e-01  5.4235429915e-06  -5.4013531767e-06  -2.2189814741e-08  -0.0000000000e+00  3.8381180422e-22
 3.3000000000e+02  8.8000000000e-01  4.0000000000e-01  5.4483749863e-06  -5.4261851716e-06  -2.2189814741e-08  -0.0000000000e+00  4.6322114303e-22
 3.3100000000e+02  8.9000000000e-01  4.0000000000e-01  5.4732658035e-06  -5.4510759888e-06  -2.2189814741e-08  -0.0000000000e+00  3.8381180422e-22
 3.3200000000e+02  9.0000000000e-01  4.0000000000e-01  5.4982154049e-06  -5.4760255902e-06  -2.2189814741e-08  -0.0000000000e+00  3.8381180422e-22
 3.3300000000e+02  9.1000000000e-01  4.0000000000e-01  5.5232237552e-06  -5.5010339404e-06  -2.2189814741e-08  -0.0000000000e+00  3.8381180422e-22
 3.3400000000e+02  9.2000000000e-01  4.0000000000e-01  5.5482908213e-06  -5.5261010065e-06  -2.2189814741e-08  -0.0000000000e+00  4.6322114303e-22
 3.3500000000e+02  9.3000000000e-01  4.0000000000e-01  5.5734165726e-06  -5.5512267579e-06  -2.2189814741e-08  -0.0000000000e+00  4.6322114303e-22
 3.3600000000e+02  9.4000000000e-01  4.0000000000e-01  5.5986009808e-06  -5.5764111661e-06  -2.2189814741e-08  -0.0000000000e+00  3.8381180422e-22
 3.3700000000e+02  9.5000000000e-01  4.0000000000e-01  5.6238440194e-06  -5.6016542047e-06  -2.2189814741e-08  -0.0000000000e+00  3.8381180422e-22
 3.3800000000e+02  9.6000000000e-01  4.0000000000e-01  5.6491456641e-06  -5.6269558493e-06  -2.2189814741e-08  -0.0000000000e+00  1.2308447515e-21
 3.3900000000e+02  9.7000000000e-01  4.0000000000e-01  5.6745058921e-06  -5.6523160774e-06  -2.2189814741e-08  -0.0000000000e+00  3.8381180422e-22
 3.4000000000e+02  9.8000000000e-01  4.0000000000e-01  5.6999246825e-06  -5.6777348678e-06  -2.2189814741e-08  -0.0000000000e+00  3.8381180422e-22
 3.4100000000e+02  9.9000000000e-01  4.0000000000e-01  5.7254020161e-06  -5.7032122013e-06  -2.2189814741e-08  -0.0000000000e+00  3.8381180422e-22
 3.4200000000e+02  1.0000000000e+00  4.0000000000e-01  5.7509378748e-06  -5.7287480601e-06  -2.2189814741e-08  -0.0000000000e+00  1.2308447515e-21
 3.4300000000e+02  1.0100000000e+00  4.0000000000e-01  5.7765322424e-06  -5.7543424276e-06  -2.2189814741e-08  -0.0000000000e+00  3.8381180422e-22
 3.4400000000e+02  1.0200000000e+00  4.0000000000e-01  5.8021851036e-06  -5.7799952888e-06  -2.2189814741e-08  -0.0000000000e+00  1.2308447515e-21
 3.4500000000e+02  1.0300000000e+00  4.0000000000e-01  5.8278964446e-06  -5.8057066298e-06  -2.2189814741e-08  -0.0000000000e+00  4.6322114303e-22
 3.4600000000e+02  1.0400000000e+00  4.0000000000e-01  5.8536662526e-06  -5.8314764379e-06  -2.2189814741e-08  -0.0000000000e+00  3.8381180422e-22
 3.4700000000e+02  1.0500000000e+00  4.0000000000e-01  5.8794945162e-06  -5.8573047014e-06  -2.2189814741e-08  -0.0000000000e+00  4.6322114303e-22
 3.4800000000e+02  1.0600000000e+00  4.0000000000e-01  5.9053812246e-06  -5.8831914098e-06  -2.2189814741e-08  -0.0000000000e+00  1.2308447515e-21
 3.4900000000e+02  1.0700000000e+00  4.0000000000e-01  5.9313263683e-06  -5.9091365535e-06  -2.2189814741e-08  -0.0000000000e+00  3.8381180422e-22
 3.5000000000e+02  1.0800000000e+00  4.0000000000e-01  5.9573299385e-06  -5.9351401238e-06  -2.2189814741e-08  -0.0000000000e+00  3.8381180422e-22
 3.5100000000e+02  1.0900000000e+00  4.0000000000e-01  5.9833919275e-06  -5.9612021128e-06  -2.2189814741e-08  -0.0000000000e+00  3.8381180422e-22
 3.5200000000e+02  1.1000000000e+00  4.0000000000e-01  6.0095123282e-06  -5.9873225135e-06  -2.2189814741e-08  -0.0000000000e+00  1.2308447515e-21
 3.5300000000e+02  1.1100000000e+00  4.0000000000e-01  6.0356911343e-06  -6.0135013196e-06  -2.2189814741e-08  -0.0000000000e+00  4.6322114303e-22
 3.5400000000e+02  1.1200000000e+00  4.0000000000e-01  6.0619283404e-06  -6.0397385256e-06  -2.2189814741e-08  -0.0000000000e+00  3.8381180422e-22
 3.5500000000e+02  1.1300000000e+00  4.0000000000e-01  6.0882239414e-06  -6.0660341267e-06  -2.2189814741e-08  -0.0000000000e+00  3.8381180422e-22
 3.5600000000e+02  1.1400000000e+00  4.0000000000e-01  6.1145779332e-06  -6.0923881185e-06  -2.2189814741e-08  -0.0000000000e+00  3.8381180422e-22
 3.5700000000e+02  1.1500000000e+00  4.0000000000e-01  6.1409903122e-06  -6.1188004975e-06  -2.2189814741e-08  -0.0000000000e+00  3.8381180422e-22
 3.5800000000e+02  1.1600000000e+00  4.0000000000e-01  6.1674610752e-06  -6.1452712605e-06  -2.2189814741e-08  -0.0000000000e+00  3.8381180422e-22
 3.5900000000e+02  1.1700000000e+00  4.0000000000e-01  6.1939902197e-06  -6.1718004050e-06  -2.2189814741e-08  -0.0000000000e+00  1.2308447515e-21
 3.6000000000e+02  1.1800000000e+00  4.0000000000e-01  6.2205777437e-06  -6.1983879289e-06  -2.2189814741e-08  -0.0000000000e+00  3.8381180422e-22
 3.6100000000e+02  1.1900000000e+00  4.0000000000e-01  6.2472236456e-06  -6.2250338308e-06  -2.2189814741e-08  -0.0000000000e+00  3.8381180422e-22
 3.6200000000e+02  1.2000000000e+00  4.0000000000e-01  6.2739279242e-06  -6.2517381094e-06  -2.2189814741e-08  -0.0000000000e+00  4.6322114303e-22
 3.6300000000e+02  0.0000000000e+00  6.0000000000e-01  -0.0000000000e+00  -0.0000000000e+00  -0.0000000000e+00  -0.0000000000e+00  0.0000000000e+00
 3.6400000000e+02  1.0000000000e-02  6.0000000000e-01  4.9759423137e-07  -4.9150868135e-07  -6.0855500165e-09  -0.0000000000e+00  2.0679515314e-23
 3.6500000000e+02  2.0000000000e-02  6.0000000000e-01  9.8457138406e-07  -9.7240028403e-07  -1.2171100033e-08  -0.0000000000e+00  4.4667753078e-23
 3.6600000000e+02  3.0000000000e-02  6.0000000000e-01  1.4609397209e-06  -1.4426830708e-06  -1.8256650049e-08  -0.0000000000e+00  3.6065074707e-22
 3.6700000000e+02  4.0000000000e-02  6.0000000000e-01  1.9245555385e-06  -1.9023657238e-06  -2.2189814741e-08  -0.0000000000e+00  1.7205356741e-22
 3.6800000000e+02  5.0000000000e-02  6.0000000000e-01  2.3736471100e-06  -2.3514572952e-06  -2.2189814741e-08  -0.0000000000e+00  3.9704669403e-23
 3.6900000000e+02  6.0000000000e-02  6.0000000000e-01  2.8121569721e-06  -2.7899671573e-06  -2.2189814741e-08  -0.0000000000e+00  3.9704669403e-23
 3.7000000000e+02  7.0000000000e-02  6.0000000000e-01  3.2400947658e-06  -3.2179049510e-06  -2.2189814741e-08  -0.0000000000e+00  3.9704669403e-23
 3.7100000000e+02  8.0000000000e-02  6.0000000000e-01  3.6574703495e-06  -3.6352805347e-06  -2.2189814741e-08  -0.0000000000e+00  3.8381180422e-22
 3.7200000000e+02  9.0000000000e-02  6.0000000000e-01  4.0642937479e-06  -4.0421039331e-06  -2.2189814741e-08  -0.0000000000e+00  3.8381180422e-22
 3.7300000000e+02  1.0000000000e-01  6.0000000000e-01  4.4605751018e-06  -4.4383852871e-06  -2.2189814741e-08  -0.0000000000e+00  3.8381180422e-22
 3.7400000000e+02  1.1000000000e-01  6.0000000000e-01  4.8463246192e-06  -4.8241348044e-06  -2.2189814741e-08  -0.0000000000e+00  1.2308447515e-21
 3.7500000000e+02  1.2000000000e-01  6.0000000000e-01  5.2215525271e-06  -5.1993627124e-06  -2.2189814741e-08  -0.0000000000e+00  4.6322114303e-22
 3.7600000000e+02  1.3000000000e-01  6.0000000000e-01  5.5862690269e-06  -5.5640792122e-06  -2.2189814741e-08  -0.0000000000e+00  4.6322114303e-22
 3.7700000000e+02  1.4000000000e-01  6.0000000000e-01  5.9404842503e-06  -5.9182944356e-06  -2.2189814741e-08  -0.0000000000e+00  4.6322114303e-22
 3.7800000000e+02  1.5000000000e-01  6.0000000000e-01  6.2842082191e-06  -6.2620184044e-06  -2.2189814741e-08  -0.0000000000e+00  4.6322114303e-22
 3.7900000000e+02  1.6000000000e-01  6.0000000000e-01  6.6174508068e-06  -6.5952609921e-06  -2.2189814741e-08  -0.0000000000e+00  3.8381180422e-22
 3.8000000000e+02  1.7000000000e-01  6.0000000000e-01  6.9402217040e-06  -6.9180318893e-06  -2.2189814741e-08  -0.0000000000e+00  3.8381180422e-22
 3.8100000000e+02  1.8000000000e-01  6.0000000000e-01  7.2525303860e-06  -7.2303405713e-06  -2.2189814741e-08  -0.0000000000e+00  3.8381180422e-22
 3.8200000000e+02  1.9000000000e-01  6.0000000000e-01  7.5543860842e-06  -7.5321962694e-06  -2.2189814741e-08  -0.0000000000e+00  3.8381180422e-22
 3.8300000000e+02  2.0000000000e-01  6.0000000000e-01  7.8457977602e-06  -7.8236079455e-06  -2.2189814741e-08  -0.0000000000e+00  4.6322114303e-22
 3.8400000000e+02  2.1000000000e-01  6.0000000000e-01  8.1267740837e-06  -8.1045842690e-06  -2.2189814741e-08  -0.0000000000e+00  4.6322114303e-22
 3.8500000000e+02  2.2000000000e-01  6.0000000000e-01  8.3973234125e-06  -8.3751335978e-06  -2.2189814741e-08  -0.0000000000e+00  4.6322114303e-22
 3.8600000000e+02  2.3000000000e-01  6.0000000000e-01  8.6574537768e-06  -8.6352639620e-06  -2.2189814741e-08  -0.0000000000e+00  4.6322114303e-22
 3.8700000000e+02  2.4000000000e-01  6.0000000000e-01  8.9071728651e-06  -8.8849830504e-06  -2.2189814741e-08  -0.0000000000e+00  4.6322114303e-22
 3.8800000000e+02  2.5000000000e-01  6.0000000000e-01  9.1464880146e-06  -9.1242981999e-06  -2.2189814741e-08  -0.0000000000e+00  4.6322114303e-22
 3.8900000000e+02  2.6000000000e-01  6.0000000000e-01  9.3754062026e-06  -9.3532163878e-06  -2.2189814741e-08  -0.0000000000e+00  4.6322114303e-22
 3.9000000000e+02  2.7000000000e-01  6.0000000000e-01  9.5939340414e-06  -9.5717442267e-06  -2.2189814741e-08  -0.0000000000e+00  4.6322114303e-22
 3.9100000000e+02  2.8000000000e-01  6.0000000000e-01  9.8020777759e-06  -9.7798879612e-06  -2.2189814741e-08  -0.0000000000e+00  4.6322114303e-22
 3.9200000000e+02  2.9000000000e-01  6.0000000000e-01  9.9998432821e-06  -9.9776534673e-06  -2.2189814741e-08  -0.0000000000e+00  4.6322114303e-22
 3.9300000000e+02  3.0000000000e-01  6.0000000000e-01  1.0187236069e-05  -1.0165046254e-05  -2.2189814741e-08  -0.0000000000e+00  1.2308447515e-21
 3.9400000000e+02  3.1000000000e-01  6.0000000000e-01  1.0364261281e-05  -1.0342071466e-05  -2.2189814741e-08  -0.0000000000e+00  4.6322114303e-22
 3.9500000000e+02  3.2000000000e-01  6.0000000000e-01  1.0530923704e-05  -1.0508733889e-05  -2.2189814741e-08  -0.0000000000e+00  4.6322114303e-22
 3.9600000000e+02  3.3000000000e-01  6.0000000000e-01  1.0687227769e-05  -1.0665037955e-05  -2.2189814741e-08  -0.0000000000e+00  4.6322114303e-22
 3.9700000000e+02  3.4000000000e-01  6.0000000000e-01  1.0833177565e-05  -1.0810987750e-05  -2.2189814741e-08  -0.0000000000e+00  4.6322114303e-22
 3.9800000000e+02  3.5000000000e-01  6.0000000000e-01  1.0968776839e-05  -1.0946587024e-05  -2.2189814741e-08  -0.0000000000e+00  1.2308447515e-21
 3.9900000000e+02  3.6000000000e-01  6.0000000000e-01  1.1094029014e-05  -1.1071839199e-05  -2.2189814741e-08  -0.0000000000e+00  4.6322114303e-22
 4.0000000000e+02  3.7000000000e-01  6.0000000000e-01  1.1208937195e-05  -1.1186747380e-05  -2.2189814741e-08  -0.0000000000e+00  1.2308447515e-21
 4.0100000000e+02  3.8000000000e-01  6.0000000000e-01  1.1313504180e-05  -1.1291314365e-05  -2.2189814741e-08  -0.0000000000e+00  1.0627616510e-20
 4.0200000000e+02  3.9000000000e-01  6.0000000000e-01  1.1407732473e-05  -1.1385542659e-05  -2.2189814741e-08  -0.0000000000e+00  1.2308447515e-21
 4.0300000000e+02  4.0000000000e-01  6.0000000000e-01  1.1491624296e-05  -1.1469434481e-05  -2.2189814741e-08  -0.0000000000e+00  1.2308447515e-21
 4.0400000000e+02  4.1000000000e-01  6.0000000000e-01  1.1565181597e-05  -1.1542991782e-05  -2.2189814741e-08  -0.0000000000e+00  4.6322114303e-22
 4.0500000000e+02  4.2000000000e-01  6.0000000000e-01  1.1628406069e-05  -1.1606216254e-05  -2.2189814741e-08  -0.0000000000e+00  4.6322114303e-22
 4.0600000000e+02  4.3000000000e-01  6.0000000000e-01  1.1681299157e-05  -1.1659109342e-05  -2.2189814741e-08  -0.0000000000e+00  1.2308447515e-21
 4.0700000000e+02  4.4000000000e-01  6.0000000000e-01  1.1723862073e-05  -1.1701672258e-05  -2.2189814741e-08  -0.0000000000e+00  4.6322114303e-22
 4.0800000000e+02  4.5000000000e-01  6.0000000000e-01  1.1759699622e-05  -1.1737509807e-05  -2.2189814741e-08  -0.0000000000e+00  4.6322114303e-22
 4.0900000000e+02  4.6000000000e-01  6.0000000000e-01  1.1795478456e-05  -1.1773288641e-05  -2.2189814741e-08  -0.0000000000e+00  4.6322114303e-22
 4.1000000000e+02  4.7000000000e-01  6.0000000000e-01  1.1831345299e-05  -1.1809155485e-05  -2.2189814741e-08  -0.0000000000e+00  1.2308447515e-21
 4.1100000000e+02  4.8000000000e-01  6.0000000000e-01  1.1867299453e-05  -1.1845109638e-05  -2.2189814741e-08  -0.0000000000e+00  4.6322114303e-22
 4.1200000000e+02  4.9000000000e-01  6.0000000000e-01  1.1903340215e-05  -1.1881150400e-05  -2.2189814741e-08  -0.0000000000e+00  4.6322114303e-22
 4.1300000000e+02  5.0000000000e-01  6.0000000000e-01  1.1939466881e-05  -1.1917277066e-05  -2.2189814741e-08  -0.0000000000e+00  4.6322114303e-22
 4.1400000000e+02  5.1000000000e-01  6.0000000000e-01  1.1975678746e-05  -1.1953488932e-05  -2.2189814741e-08  -0.0000000000e+00  4.6322114303e-22
 4.1500000000e+02  5.2000000000e-01  6.0000000000e-01  1.2011975111e-05  -1.1989785296e-05  -2.2189814741e-08  -0.0000000000e+00  4.6322114303e-22
 4.1600000000e+02  5.3000000000e-01  6.0000000000e-01  1.2048355277e-05  -1.2026165462e-05  -2.2189814741e-08  -0.0000000000e+00  4.6322114303e-22
 4.1700000000e+02  5.4000000000e-01  6.0000000000e-01  1.2084818553e-05  -1.2062628738e-05  -2.2189814741e-08  -0.0000000000e+00  4.6322114303e-22
 4.1800000000e+02  5.5000000000e-01  6.0000000000e-01  1.2121364254e-05  -1.2099174439e-05  -2.2189814741e-08  -0.0000000000e+00  4.6322114303e-22
 4.1900000000e+02  5.6000000000e-01  6.0000000000e-01  1.2157991704e-05  -1.2135801889e-05  -2.2189814741e-08  -0.0000000000e+00  4.6322114303e-22
 4.2000000000e+02  5.7000000000e-01  6.0000000000e-01  1.2194700234e-05  -1.2172510419e-05  -2.2189814741e-08  -0.0000000000e+00  4.6322114303e-22
 4.2100000000e+02  5.8000000000e-01  6.0000000000e-01  1.2231489187e-05  -1.2209299372e-05  -2.2189814741e-08  -0.0000000000e+00  4.6322114303e-22
 4.2200000000e+02  5.9000000000e-01  6.0000000000e-01  1.2268357917e-05  -1.2246168102e-05  -2.2189814741e-08  -0.0000000000e+00  4.6322114303e-22
 4.2300000000e+02  6.0000000000e-01  6.0000000000e-01  1.2305305789e-05  -1.2283115974e-05  -2.2189814741e-08  -0.0000000000e+00  1.2308447515e-21
 4.2400000000e+02  6.1000000000e-01  6.0000000000e-01  1.2342332181e-05  -1.2320142366e-05  -2.2189814741e-08  -0.0000000000e+00  4.6322114303e-22
 4.2500000000e+02  6.2000000000e-01  6.0000000000e-01  1.2379436482e-05  -1.2357246667e-05  -2.2189814741e-08  -0.0000000000e+00  1.2308447515e-21
 4.2600000000e+02  6.3000000000e-01  6.0000000000e-01  1.2416618096e-05  -1.2394428281e-05  -2.2189814741e-08  -0.0000000000e+00  4.6322114303e-22
 4.2700000000e+02  6.4000000000e-01  6.0000000000e-01  1.2453876440e-05  -1.2431686625e-05  -2.2189814741e-08  -0.0000000000e+00  4.6322114303e-22
 4.2800000000e+02  6.5000000000e-01  6.0000000000e-01  1.2491210944e-05  -1.2469021130e-05  -2.2189814741e-08  -0.0000000000e+00  1.0627616510e-20
 4.2900000000e+02  6.6000000000e-01  6.0000000000e-01  1.2528621054e-05  -1.2506431240e-05  -2.2189814741e-08  -0.0000000000e+00  4.6322114303e-22
 4.3000000000e+02  6.7000000000e-01  6.0000000000e-01  1.2566106228e-05  -1.2543916414e-05  -2.2189814741e-08  -0.0000000000e+00  4.6322114303e-22
 4.3100000000e+02  6.8000000000e-01  6.0000000000e-01  1.2603665939e-05  -1.2581476124e-05  -2.2189814741e-08  -0.0000000000e+00  4.6322114303e-22
 4.3200000000e+02  6.9000000000e-01  6.0000000000e-01  1.2641299674e-05  -1.2619109860e-05  -2.2189814741e-08  -0.0000000000e+00  4.6322114303e-22
 4.3300000000e+02  7.0000000000e-01  6.0000000000e-01  1.2679006935e-05  -1.2656817120e-05  -2.2189814741e-08  -0.0000000000e+00  1.2308447515e-21
 4.3400000000e+02  7.1000000000e-01  6.0000000000e-01  1.2716787237e-05  -1.2694597422e-05  -2.2189814741e-08  -0.0000000000e+00  4.6322114303e-22
 4.3500000000e+02  7.2000000000e-01  6.0000000000e-01  1.2754640109e-05  -1.2732450294e-05  -2.2189814741e-08  -0.0000000000e+00  4.6322114303e-22
 4.3600000000e+02  7.3000000000e-01  6.0000000000e-01  1.2792565095e-05  -1.2770375281e-05  -2.2189814741e-08  -0.0000000000e+00  4.6322114303e-22
 4.3700000000e+02  7.4000000000e-01  6.0000000000e-01  1.2830561753e-05  -1.2808371938e-05  -2.2189814741e-08  -0.0000000000e+00  4.6322114303e-22
 4.3800000000e+02  7.5000000000e-01  6.0000000000e-01  1.2868629653e-05  -1.2846439838e-05  -2.2189814741e-08  -0.0000000000e+00  1.2308447515e-21
 4.3900000000e+02  7.6000000000e-01  6.0000000000e-01  1.2906768378e-05  -1.2884578563e-05  -2.2189814741e-08  -0.0000000000e+00  1.2308447515e-21
 4.4000000000e+02  7.7000000000e-01  6.0000000000e-01  1.2944977527e-05  -1.2922787712e-05  -2.2189814741e-08  -0.0000000000e+00  1.2308447515e-21
 4.4100000000e+02  7.8000000000e-01  6.0000000000e-01  1.2983256709e-05  -1.2961066894e-05  -2.2189814741e-08  -0.0000000000e+00  1.2308447515e-21
 4.4200000000e+02  7.9000000000e-01  6.0000000000e-01  1.3021605548e-05  -1.2999415733e-05  -2.2189814741e-08  -0.0000000000e+00  4.6322114303e-22
 4.4300000000e+02  8.0000000000e-01  6.0000000000e-01  1.3060023677e-05  -1.3037833863e-05  -2.2189814741e-08  -0.0000000000e+00  1.0627616510e-20
 4.4400000000e+02  8.1000000000e-01  6.0000000000e-01  1.3098510746e-05  -1.3076320931e-05  -2.2189814741e-08  -0.0000000000e+00  4.6322114303e-22
 4.4500000000e+02  8.2000000000e-01  6.0000000000e-01  1.3137066412e-05  -1.3114876597e-05  -2.2189814741e-08  -0.0000000000e+00  4.6322114303e-22
 4.4600000000e+02  8.3000000000e-01  6.0000000000e-01  1.3175690346e-05  -1.3153500532e-05  -2.2189814741e-08  -0.0000000000e+00  4.6322114303e-22
 4.4700000000e+02  8.4000000000e-01  6.0000000000e-01  1.3214382231e-05  -1.3192192416e-05  -2.2189814741e-08  -0.0000000000e+00  4.6322114303e-22
 4.4800000000e+02  8.5000000000e-01  6.0000000000e-01  1.3253141759e-05  -1.3230951944e-05  -2.2189814741e-08  -0.0000000000e+00  4.6322114303e-22
 4.4900000000e+02  8.6000000000e-01  6.0000000000e-01  1.3291968633e-05  -1.3269778819e-05  -2.2189814741e-08  -0.0000000000e+00  1.0627616510e-20
 4.5000000000e+02  8.7000000000e-01  6.0000000000e-01  1.3330862569e-05  -1.3308672754e-05  -2.2189814741e-08  -0.0000000000e+00  1.0627616510e-20
 4.5100000000e+02  8.8000000000e-01  6.0000000000e-01  1.3369823288e-05  -1.3347633473e-05  -2.2189814741e-08  -0.0000000000e+00  4.6322114303e-22
 4.5200000000e+02  8.9000000000e-01  6.0000000000e-01  1.3408850526e-05  -1.3386660712e-05  -2.2189814741e-08  -0.0000000000e+00  4.6322114303e-22
 4.5300000000e+02  9.0000000000e-01  6.0000000000e-01  1.3447944026e-05  -1.3425754211e-05  -2.2189814741e-08  -0.0000000000e+00  4.6322114303e-22
 4.5400000000e+02  9.1000000000e-01  6.0000000000e-01  1.3487103540e-05  -1.3464913726e-05  -2.2189814741e-08  -0.0000000000e+00  4.6322114303e-22
 4.5500000000e+02  9.2000000000e-01  6.0000000000e-01  1.3526328830e-05  -1.3504139016e-05  -2.2189814741e-08  -0.0000000000e+00  4.6322114303e-22
 4.5600000000e+02  9.3000000000e-01  6.0000000000e-01  1.3565619666e-05  -1.3543429851e-05  -2.2189814741e-08  -0.0000000000e+00  4.6322114303e-22
 4.5700000000e+02  9.4000000000e-01  6.0000000000e-01  1.3604975826e-05  -1.3582786012e-05  -2.2189814741e-08  -0.0000000000e+00  1.2308447515e-21
 4.5800000000e+02  9.5000000000e-01  6.0000000000e-01  1.3644397098e-05  -1.3622207283e-05  -2.2189814741e-08  -0.0000000000e+00  4.6322114303e-22
 4.5900000000e+02  9.6000000000e-01  6.0000000000e-01  1.3683883275e-05  -1.3661693460e-05  -2.2189814741e-08  -0.0000000000e+00  4.6322114303e-22
 4.6000000000e+02  9.7000000000e-01  6.0000000000e-01  1.3723434159e-05  -1.3701244344e-05  -2.2189814741e-08  -0.0000000000e+00  1.2308447515e-21
 4.6100000000e+02  9.8000000000e-01  6.0000000000e-01  1.3763049561e-05  -1.3740859746e-05  -2.2189814741e-08  -0.0000000000e+00  4.6322114303e-22
 4.6200000000e+02  9.9000000000e-01  6.0000000000e-01  1.3802729297e-05  -1.3780539482e-05  -2.2189814741e-08  -0.0000000000e+00  4.6322114303e-22
 4.6300000000e+02  1.0000000000e+00  6.0000000000e-01  1.3842473190e-05  -1.3820283375e-05  -2.2189814741e-08  -0.0000000000e+00  4.6322114303e-22
 4.6400000000e+02  1.0100000000e+00  6.0000000000e-01  1.3882281070e-05  -1.3860091255e-05  -2.2189814741e-08  -0.0000000000e+00  1.2308447515e-21
 4.6500000000e+02  1.0200000000e+00  6.0000000000e-01  1.3922152774e-05  -1.3899962959e-05  -2.2189814741e-08  -0.0000000000e+00  4.6322114303e-22
 4.6600000000e+02  1.0300000000e+00  6.0000000000e-01  1.3962088144e-05  -1.3939898330e-05  -2.2189814741e-08  -0.0000000000e+00  4.6322114303e-22
 4.6700000000e+02  1.0400000000e+00  6.0000000000e-01  1.4002087030e-05  -1.3979897215e-05  -2.2189814741e-08  -0.0000000000e+00  4.6322114303e-22
 4.6800000000e+02  1.0500000000e+00  6.0000000000e-01  1.4042149285e-05  -1.4019959470e-05  -2.2189814741e-08  -0.0000000000e+00  1.2308447515e-21
 4.6900000000e+02  1.0600000000e+00  6.0000000000e-01  1.4082274770e-05  -1.4060084955e-05  -2.2189814741e-08  -0.0000000000e+00  1.2308447515e-21
 4.7000000000e+02  1.0700000000e+00  6.0000000000e-01  1.4122463349e-05  -1.4100273534e-05  -2.2189814741e-08  -0.0000000000e+00  4.6322114303e-22
 4.7100000000e+02  1.0800000000e+00  6.0000000000e-01  1.4162714893e-05  -1.4140525079e-05  -2.2189814741e-08  -0.0000000000e+00  4.6322114303e-22
 4.7200000000e+02  1.0900000000e+00  6.0000000000e-01  1.4203029279e-05  -1.4180839464e-05  -2.2189814741e-08  -0.0000000000e+00  4.6322114303e-22
 4.7300000000e+02  1.1000000000e+00  6.0000000000e-01  1.4243406385e-05  -1.4221216570e-05  -2.2189814741e-08  -0.0000000000e+00  4.6322114303e-22
 4.7400000000e+02  1.1100000000e+00  6.0000000000e-01  1.4283846096e-05  -1.4261656282e-05  -2.2189814741e-08  -0.0000000000e+00  1.2308447515e-21
 4.7500000000e+02  1.1200000000e+00  6.0000000000e-01  1.4324348304e-05  -1.4302158489e-05  -2.2189814741e-08  -0.0000000000e+00  4.6322114303e-22
 4.7600000000e+02  1.1300000000e+00  6.0000000000e-01  1.4364912899e-05  -1.4342723085e-05  -2.2189814741e-08  -0.0000000000e+00  1.2308447515e-21
 4.7700000000e+02  1.1400000000e+00  6.0000000000e-01  1.4405539782e-05  -1.4383349967e-05  -2.2189814741e-08  -0.0000000000e+00  1.2308447515e-21
 4.7800000000e+02  1.1500000000e+00  6.0000000000e-01  1.4446228853e-05  -1.4424039038e-05  -2.2189814741e-08  -0.0000000000e+00  4.6322114303e-22
 4.7900000000e+02  1.1600000000e+00  6.0000000000e-01  1.4486980017e-05  -1.4464790203e-05  -2.2189814741e-08  -0.0000000000e+00  4.6322114303e-22
 4.8000000000e+02  1.1700000000e+00  6.0000000000e-01  1.4527793186e-05  -1.4505603371e-05  -2.2189814741e-08  -0.0000000000e+00  4.6322114303e-22
 4.8100000000e+02  1.1800000000e+00  6.0000000000e-01  1.4568668270e-05  -1.4546478455e-05  -2.2189814741e-08  -0.0000000000e+00  1.2308447515e-21
 4.8200000000e+02  1.1900000000e+00  6.0000000000e-01  1.4609605187e-05  -1.4587415372e-05  -2.2189814741e-08  -0.0000000000e+00  1.2308447515e-21
 4.8300000000e+02  1.2000000000e+00  6.0000000000e-01  1.4650603856e-05  -1.4628414041e-05  -2.2189814741e-08  -0.0000000000e+00  1.2308447515e-21
 4.8400000000e+02  0.0000000000e+00  8.0000000000e-01  -0.0000000000e+00  -0.0000000000e+00  -0.0000000000e+00  -0.0000000000e+00  0.0000000000e+00
 4.8500000000e+02  1.0000000000e-02  8.0000000000e-01  7.0389260383e-07  -6.9780705381e-07  -6.0855500165e-09  -0.0000000000e+00  2.0679515314e-23
 4.8600000000e+02  2.0000000000e-02  8.0000000000e-01  1.3971819074e-06  -1.3850108074e-06  -1.2171100033e-08  -0.0000000000e+00  4.4667753078e-23
 4.8700000000e+02  3.0000000000e-02  8.0000000000e-01  2.0798732432e-06  -2.0616165932e-06  -1.8256650049e-08  -0.0000000000e+00  1.4889251026e-22
 4.8800000000e+02  4.0000000000e-02  8.0000000000e-01  2.7498197819e-06  -2.7276299672e-06  -2.2189814741e-08  -0.0000000000e+00  3.9704669403e-23
 4.8900000000e+02  5.0000000000e-02  8.0000000000e-01  3.4052465066e-06  -3.3830566918e-06  -2.2189814741e-08  -0.0000000000e+00  3.9704669403e-23
 4.9000000000e+02  6.0000000000e-02  8.0000000000e-01  4.0500925336e-06  -4.0279027188e-06  -2.2189814741e-08  -0.0000000000e+00  1.2308447515e-21
 4.9100000000e+02  7.0000000000e-02  8.0000000000e-01  4.6843639861e-06  -4.6621741713e-06  -2.2189814741e-08  -0.0000000000e+00  3.8381180422e-22
 4.9200000000e+02  8.0000000000e-02  8.0000000000e-01  5.3080671410e-06  -5.2858773263e-06  -2.2189814741e-08  -0.0000000000e+00  3.8381180422e-22
 4.9300000000e+02  9.0000000000e-02  8.0000000000e-01  5.9212084108e-06  -5.8990185961e-06  -2.2189814741e-08  -0.0000000000e+00  3.8381180422e-22
 4.9400000000e+02  1.0000000000e-01  8.0000000000e-01  6.5237943254e-06  -6.5016045106e-06  -2.2189814741e-08  -0.0000000000e+00  3.8381180422e-22
 4.9500000000e+02  1.1000000000e-01  8.0000000000e-01  7.1158315139e-06  -7.0936416992e-06  -2.2189814741e-08  -0.0000000000e+00  3.8381180422e-22
 4.9600000000e+02  1.2000000000e-01  8.0000000000e-01  7.6973266871e-06  -7.6751368723e-06  -2.2189814741e-08  -0.0000000000e+00  4.6322114303e-22
 4.9700000000e+02  1.3000000000e-01  8.0000000000e-01  8.2682866191e-06  -8.2460968043e-06  -2.2189814741e-08  -0.0000000000e+00  4.6322114303e-22
 4.9800000000e+02  1.4000000000e-01  8.0000000000e-01  8.8287181301e-06  -8.8065283154e-06  -2.2189814741e-08  -0.0000000000e+00  4.6322114303e-22
 4.9900000000e+02  1.5000000000e-01  8.0000000000e-01  9.3786280694e-06  -9.3564382547e-06  -2.2189814741e-08  -0.0000000000e+00  4.6322114303e-22
 5.0000000000e+02  1.6000000000e-01  8.0000000000e-01  9.9180232982e-06  -9.8958334835e-06  -2.2189814741e-08  -0.0000000000e+00  4.6322114303e-22
 5.0100000000e+02  1.7000000000e-01  8.0000000000e-01  1.0446910674e-05  -1.0424720859e-05  -2.2189814741e-08  -0.0000000000e+00  4.6322114303e-22
 5.0200000000e+02  1.8000000000e-01  8.0000000000e-01  1.0965297033e-05  -1.0943107219e-05  -2.2189814741e-08  -0.0000000000e+00  4.6322114303e-22
 5.0300000000e+02  1.9000000000e-01  8.0000000000e-01  1.1473189179e-05  -1.1450999364e-05  -2.2189814741e-08  -0.0000000000e+00  4.6322114303e-22
 5.0400000000e+02  2.0000000000e-01  8.0000000000e-01  1.1970593864e-05  -1.1948404049e-05  -2.2189814741e-08  -0.0000000000e+00  4.6322114303e-22
 5.0500000000e+02  2.1000000000e-01  8.0000000000e-01  1.2457517778e-05  -1.2435327963e-05  -2.2189814741e-08  -0.0000000000e+00  4.6322114303e-22
 5.0600000000e+02  2.2000000000e-01  8.0000000000e-01  1.2933967533e-05  -1.2911777718e-05  -2.2189814741e-08  -0.0000000000e+00  1.2308447515e-21
 5.0700000000e+02  2.3000000000e-01  8.0000000000e-01  1.3399949654e-05  -1.3377759839e-05  -2.2189814741e-08  -0.0000000000e+00  4.6322114303e-22
 5.0800000000e+02  2.4000000000e-01  8.0000000000e-01  1.3855470565e-05  -1.3833280750e-05  -2.2189814741e-08  -0.0000000000e+00  1.2308447515e-21
 5.0900000000e+02  2.5000000000e-01  8.0000000000e-01  1.4300536577e-05  -1.4278346762e-05  -2.2189814741e-08  -0.0000000000e+00  4.6322114303e-22
 5.1000000000e+02  2.6000000000e-01  8.0000000000e-01  1.4735153883e-05  -1.4712964068e-05  -2.2189814741e-08  -0.0000000000e+00  4.6322114303e-22
 5.1100000000e+02  2.7000000000e-01  8.0000000000e-01  1.5159328541e-05  -1.5137138727e-05  -2.2189814741e-08  -0.0000000000e+00  1.2308447515e-21
 5.1200000000e+02  2.8000000000e-01  8.0000000000e-01  1.5573066475e-05  -1.5550876660e-05  -2.2189814741e-08  -0.0000000000e+00  1.2308447515e-21
 5.1300000000e+02  2.9000000000e-01  8.0000000000e-01  1.5976373457e-05  -1.5954183642e-05  -2.2189814741e-08  -0.0000000000e+00  2.1572870375e-21
 5.1400000000e+02  3.0000000000e-01  8.0000000000e-01  1.6369255109e-05  -1.6347065294e-05  -2.2189814741e-08  -0.0000000000e+00  1.2308447515e-21
 5.1500000000e+02  3.1000000000e-01  8.0000000000e-01  1.6751716891e-05  -1.6729527076e-05  -2.2189814741e-08  -0.0000000000e+00  2.1572870375e-21
 5.1600000000e+02  3.2000000000e-01  8.0000000000e-01  1.7123764098e-05  -1.7101574284e-05  -2.2189814741e-08  -0.0000000000e+00  2.1572870375e-21
 5.1700000000e+02  3.3000000000e-01  8.0000000000e-01  1.7485401857e-05  -1.7463212043e-05  -2.2189814741e-08  -0.0000000000e+00  2.1572870375e-21
 5.1800000000e+02  3.4000000000e-01  8.0000000000e-01  1.7836635119e-05  -1.7814445304e-05  -2.2189814741e-08  -0.0000000000e+00  2.1572870375e-21
 5.1900000000e+02  3.5000000000e-01  8.0000000000e-01  1.8177468659e-05  -1.8155278844e-05  -2.2189814741e-08  -0.0000000000e+00  1.2308447515e-21
 5.2000000000e+02  3.6000000000e-01  8.0000000000e-01  1.8507907070e-05  -1.8485717256e-05  -2.2189814741e-08  -0.0000000000e+00  1.2308447515e-21
 5.2100000000e+02  3.7000000000e-01  8.0000000000e-01  1.8827954767e-05  -1.8805764953e-05  -2.2189814741e-08  -0.0000000000e+00  1.2308447515e-21
 5.2200000000e+02  3.8000000000e-01  8.0000000000e-01  1.9137615980e-05  -1.9115426165e-05  -2.2189814741e-08  -0.0000000000e+00  1.2308447515e-21
 5.2300000000e+02  3.9000000000e-01  8.0000000000e-01  1.9436894753e-05  -1.9414704939e-05  -2.2189814741e-08  -0.0000000000e+00  8.0071083295e-21
 5.2400000000e+02  4.0000000000e-01  8.0000000000e-01  1.9725794951e-05  -1.9703605136e-05  -2.2189814741e-08  -0.0000000000e+00  1.2308447515e-21
 5.2500000000e+02  4.1000000000e-01  8.0000000000e-01  2.0004320250e-05  -1.9982130435e-05  -2.2189814741e-08  -0.0000000000e+00  1.2308447515e-21
 5.2600000000e+02  4.2000000000e-01  8.0000000000e-01  2.0272474146e-05  -2.0250284331e-05  -2.2189814741e-08  -0.0000000000e+00  1.2308447515e-21
 5.2700000000e+02  4.3000000000e-01  8.0000000000e-01  2.0530259952e-05  -2.0508070137e-05  -2.2189814741e-08  -0.0000000000e+00  1.2308447515e-21
 5.2800000000e+02  4.4000000000e-01  8.0000000000e-01  2.0777680801e-05  -2.0755490986e-05  -2.2189814741e-08  -0.0000000000e+00  1.2308447515e-21
 5.2900000000e+02  4.5000000000e-01  8.0000000000e-01  2.1014739647e-05  -2.0992549832e-05  -2.2189814741e-08  -0.0000000000e+00  2.1572870375e-21
 5.3000000000e+02  4.6000000000e-01  8.0000000000e-01  2.1241439269e-05  -2.1219249455e-05  -2.2189814741e-08  -0.0000000000e+00  1.2308447515e-21
 5.3100000000e+02  4.7000000000e-01  8.0000000000e-01  2.1457782272e-05  -2.1435592457e-05  -2.2189814741e-08  -0.0000000000e+00  1.2308447515e-21
 5.3200000000e+02  4.8000000000e-01  8.0000000000e-01  2.1663771090e-05  -2.1641581276e-05  -2.2189814741e-08  -0.0000000000e+00  2.1572870375e-21
 5.3300000000e+02  4.9000000000e-01  8.0000000000e-01  2.1859407991e-05  -2.1837218176e-05  -2.2189814741e-08  -0.0000000000e+00  2.1572870375e-21
 5.3400000000e+02  5.0000000000e-01  8.0000000000e-01  2.2044695076e-05  -2.2022505262e-05  -2.2189814741e-08  -0.0000000000e+00  2.1572870375e-21
 5.3500000000e+02  5.1000000000e-01  8.0000000000e-01  2.2219634290e-05  -2.2197444476e-05  -2.2189814741e-08  -0.0000000000e+00  8.0071083295e-21
 5.3600000000e+02  5.2000000000e-01  8.0000000000e-01  2.2384227418e-05  -2.2362037604e-05  -2.2189814741e-08  -0.0000000000e+00  2.1572870375e-21
 5.3700000000e+02  5.3000000000e-01  8.0000000000e-01  2.2538476094e-05  -2.2516286279e-05  -2.2189814741e-08  -0.0000000000e+00  1.2308447515e-21
 5.3800000000e+02  5.4000000000e-01  8.0000000000e-01  2.2682381802e-05  -2.2660191987e-05  -2.2189814741e-08  -0.0000000000e+00  2.1572870375e-21
 5.3900000000e+02  5.5000000000e-01  8.0000000000e-01  2.2815945882e-05  -2.2793756067e-05  -2.2189814741e-08  -0.0000000000e+00  1.2308447515e-21
 5.4000000000e+02  5.6000000000e-01  8.0000000000e-01  2.2939169534e-05  -2.2916979719e-05  -2.2189814741e-08  -0.0000000000e+00  2.1572870375e-21
 5.4100000000e+02  5.7000000000e-01  8.0000000000e-01  2.3052053823e-05  -2.3029864008e-05  -2.2189814741e-08  -0.0000000000e+00  1.2308447515e-21
 5.4200000000e+02  5.8000000000e-01  8.0000000000e-01  2.3154599679e-05  -2.3132409865e-05  -2.2189814741e-08  -0.0000000000e+00  8.0071083295e-21
 5.4300000000e+02  5.9000000000e-01  8.0000000000e-01  2.3246807909e-05  -2.3224618094e-05  -2.2189814741e-08  -0.0000000000e+00  2.1572870375e-21
 5.4400000000e+02  6.0000000000e-01  8.0000000000e-01  2.3328679193e-05  -2.3306489378e-05  -2.2189814741e-08  -0.0000000000e+00  2.1572870375e-21
 5.4500000000e+02  6.1000000000e-01  8.0000000000e-01  2.3400214094e-05  -2.3378024280e-05  -2.2189814741e-08  -0.0000000000e+00  2.1572870375e-21
 5.4600000000e+02  6.2000000000e-01  8.0000000000e-01  2.3461413063e-05  -2.3439223248e-05  -2.2189814741e-08  -0.0000000000e+00  1.2308447515e-21
 5.4700000000e+02  6.3000000000e-01  8.0000000000e-01  2.3513539099e-05  -2.3491349284e-05  -2.2189814741e-08  -0.0000000000e+00  1.2308447515e-21
 5.4800000000e+02  6.4000000000e-01  8.0000000000e-01  2.3564410948e-05  -2.3542221134e-05  -2.2189814741e-08  -0.0000000000e+00  1.2308447515e-21
 5.4900000000e+02  6.5000000000e-01  8.0000000000e-01  2.3615372601e-05  -2.3593182786e-05  -2.2189814741e-08  -0.0000000000e+00  1.2308447515e-21
 5.5000000000e+02  6.6000000000e-01  8.0000000000e-01  2.3666423569e-05  -2.3644233754e-05  -2.2189814741e-08  -0.0000000000e+00  8.0071083295e-21
 5.5100000000e+02  6.7000000000e-01  8.0000000000e-01  2.3717563362e-05  -2.3695373547e-05  -2.2189814741e-08  -0.0000000000e+00  2.1572870375e-21
 5.5200000000e+02  6.8000000000e-01  8.0000000000e-01  2.3768791486e-05  -2.3746601671e-05  -2.2189814741e-08  -0.0000000000e+00  1.2308447515e-21
 5.5300000000e+02  6.9000000000e-01  8.0000000000e-01  2.3820107446e-05  -2.3797917631e-05  -2.2189814741e-08  -0.0000000000e+00  2.1572870375e-21
 5.5400000000e+02  7.0000000000e-01  8.0000000000e-01  2.3871510747e-05  -2.3849320932e-05  -2.2189814741e-08  -0.0000000000e+00  8.0071083295e-21
 5.5500000000e+02  7.1000000000e-01  8.0000000000e-01  2.3923000894e-05  -2.3900811079e-05  -2.2189814741e-08  -0.0000000000e+00  1.2308447515e-21
 5.5600000000e+02  7.2000000000e-01  8.0000000000e-01  2.3974577390e-05  -2.3952387576e-05  -2.2189814741e-08  -0.0000000000e+00  2.1572870375e-21
 5.5700000000e+02  7.3000000000e-01  8.0000000000e-01  2.4026239744e-05  -2.4004049929e-05  -2.2189814741e-08  -0.0000000000e+00  8.0071083295e-21
 5.5800000000e+02  7.4000000000e-01  8.0000000000e-01  2.4077987463e-05  -2.4055797648e-05  -2.2189814741e-08  -0.0000000000e+00  1.2308447515e-21
 5.5900000000e+02  7.5000000000e-01  8.0000000000e-01  2.4129820057e-05  -2.4107630242e-05  -2.2189814741e-08  -0.0000000000e+00  1.2308447515e-21
 5.6000000000e+02  7.6000000000e-01  8.0000000000e-01  2.4181737041e-05  -2.4159547227e-05  -2.2189814741e-08  -0.0000000000e+00  1.2308447515e-21
 5.6100000000e+02  7.7000000000e-01  8.0000000000e-01  2.4233737933e-05  -2.4211548118e-05  -2.2189814741e-08  -0.0000000000e+00  1.2308447515e-21
 5.6200000000e+02  7.8000000000e-01  8.0000000000e-01  2.4285822252e-05  -2.4263632437e-05  -2.2189814741e-08  -0.0000000000e+00  8.0071083295e-21
 5.6300000000e+02  7.9000000000e-01  8.0000000000e-01  2.4337989524e-05  -2.4315799710e-05  -2.2189814741e-08  -0.0000000000e+00  1.2308447515e-21
 5.6400000000e+02  8.0000000000e-01  8.0000000000e-01  2.4390239280e-05  -2.4368049466e-05  -2.2189814741e-08  -0.0000000000e+00  2.1572870375e-21
 5.6500000000e+02  8.1000000000e-01  8.0000000000e-01  2.4442571055e-05  -2.4420381240e-05  -2.2189814741e-08  -0.0000000000e+00  1.2308447515e-21
 5.6600000000e+02  8.2000000000e-01  8.0000000000e-01  2.4494984388e-05  -2.4472794573e-05  -2.2189814741e-08  -0.0000000000e+00  2.1572870375e-21
 5.6700000000e+02  8.3000000000e-01  8.0000000000e-01  2.4547478826e-05  -2.4525289011e-05  -2.2189814741e-08  -0.0000000000e+00  2.1572870375e-21
 5.6800000000e+02  8.4000000000e-01  8.0000000000e-01  2.4600053920e-05  -2.4577864105e-05  -2.2189814741e-08  -0.0000000000e+00  1.2308447515e-21
 5.6900000000e+02  8.5000000000e-01  8.0000000000e-01  2.4652709228e-05  -2.4630519413e-05  -2.2189814741e-08  -0.0000000000e+00  1.2308447515e-21
 5.7000000000e+02  8.6000000000e-01  8.0000000000e-01  2.4705444313e-05  -2.4683254499e-05  -2.2189814741e-08  -0.0000000000e+00  1.2308447515e-21
 5.7100000000e+02  8.7000000000e-01  8.0000000000e-01  2.4758258747e-05  -2.4736068933e-05  -2.2189814741e-08  -0.0000000000e+00  1.2308447515e-21
 5.7200000000e+02  8.8000000000e-01  8.0000000000e-01  2.4811152106e-05  -2.4788962291e-05  -2.2189814741e-08  -0.0000000000e+00  1.2308447515e-21
 5.7300000000e+02  8.9000000000e-01  8.0000000000e-01  2.4864123974e-05  -2.4841934159e-05  -2.2189814741e-08  -0.0000000000e+00  2.1572870375e-21
 5.7400000000e+02  9.0000000000e-01  8.0000000000e-01  2.4917173940e-05  -2.4894984125e-05  -2.2189814741e-08  -0.0000000000e+00  2.1572870375e-21
 5.7500000000e+02  9.1000000000e-01  8.0000000000e-01  2.4970301602e-05  -2.4948111787e-05  -2.2189814741e-08  -0.0000000000e+00  1.2308447515e-21
 5.7600000000e+02  9.2000000000e-01  8.0000000000e-01  2.5023506564e-05  -2.5001316749e-05  -2.2189814741e-08  -0.0000000000e+00  1.2308447515e-21
 5.7700000000e+02  9.3000000000e-01  8.0000000000e-01  2.5076788437e-05  -2.5054598622e-05  -2.2189814741e-08  -0.0000000000e+00  1.2308447515e-21
 5.7800000000e+02  9.4000000000e-01  8.0000000000e-01  2.5130146840e-05  -2.5107957025e-05  -2.2189814741e-08  -0.0000000000e+00  1.2308447515e-21
 5.7900000000e+02  9.5000000000e-01  8.0000000000e-01  2.5183581397e-05  -2.5161391582e-05  -2.2189814741e-08  -0.0000000000e+00  1.2308447515e-21
 5.8000000000e+02  9.6000000000e-01  8.0000000000e-01  2.5237091741e-05  -2.5214901926e-05  -2.2189814741e-08  -0.0000000000e+00  1.2308447515e-21
 5.8100000000e+02  9.7000000000e-01  8.0000000000e-01  2.5290677512e-05  -2.5268487697e-05  -2.2189814741e-08  -0.0000000000e+00  1.2308447515e-21
 5.8200000000e+02  9.8000000000e-01  8.0000000000e-01  2.5344338355e-05  -2.5322148540e-05  -2.2189814741e-08  -0.0000000000e+00  1.2308447515e-21
 5.8300000000e+02  9.9000000000e-01  8.0000000000e-01  2.5398073925e-05  -2.5375884110e-05  -2.2189814741e-08  -0.0000000000e+00  1.2308447515e-21
 5.8400000000e+02  1.0000000000e+00  8.0000000000e-01  2.5451883881e-05  -2.5429694067e-05  -2.2189814741e-08  -0.0000000000e+00  1.2308447515e-21
 5.8500000000e+02  1.0100000000e+00  8.0000000000e-01  2.5505767893e-05  -2.5483578078e-05  -2.2189814741e-08  -0.0000000000e+00  1.2308447515e-21
 5.8600000000e+02  1.0200000000e+00  8.0000000000e-01  2.5559725634e-05  -2.5537535819e-05  -2.2189814741e-08  -0.0000000000e+00  1.2308447515e-21
 5.8700000000e+02  1.0300000000e+00  8.0000000000e-01  2.5613756786e-05  -2.5591566971e-05  -2.2189814741e-08  -0.0000000000e+00  2.1572870375e-21
 5.8800000000e+02  1.0400000000e+00  8.0000000000e-01  2.5667861037e-05  -2.5645671222e-05  -2.2189814741e-08  -0.0000000000e+00  2.1572870375e-21
 5.8900000000e+02  1.0500000000e+00  8.0000000000e-01  2.5722038082e-05  -2.5699848267e-05  -2.2189814741e-08  -0.0000000000e+00  8.0071083295e-21
 5.9000000000e+02  1.0600000000e+00  8.0000000000e-01  2.5776287624e-05  -2.5754097809e-05  -2.2189814741e-08  -0.0000000000e+00  8.0071083295e-21
 5.9100000000e+02  1.0700000000e+00  8.0000000000e-01  2.5830609371e-05  -2.5808419556e-05  -2.2189814741e-08  -0.0000000000e+00  1.2308447515e-21
 5.9200000000e+02  1.0800000000e+00  8.0000000000e-01  2.5885003037e-05  -2.5862813223e-05  -2.2189814741e-08  -0.0000000000e+00  1.2308447515e-21
 5.9300000000e+02  1.0900000000e+00  8.0000000000e-01  2.5939468346e-05  -2.5917278531e-05  -2.2189814741e-08  -0.0000000000e+00  2.1572870375e-21
 5.9400000000e+02  1.1000000000e+00  8.0000000000e-01  2.5994005024e-05  -2.5971815209e-05  -2.2189814741e-08  -0.0000000000e+00  1.2308447515e-21
 5.9500000000e+02  1.1100000000e+00  8.0000000000e-01  2.6048612806e-05  -2.6026422991e-05  -2.2189814741e-08  -0.0000000000e+00  2.1572870375e-21
 5.9600000000e+02  1.1200000000e+00  8.0000000000e-01  2.6103291432e-05  -2.6081101618e-05  -2.2189814741e-08  -0.0000000000e+00  2.1572870375e-21
 5.9700000000e+02  1.1300000000e+00  8.0000000000e-01  2.6158040650e-05  -2.6135850835e-05  -2.2189814741e-08  -0.0000000000e+00  1.2308447515e-21
 5.9800000000e+02  1.1400000000e+00  8.0000000000e-01  2.6212860212e-05  -2.6190670397e-05  -2.2189814741e-08  -0.0000000000e+00  2.1572870375e-21
 5.9900000000e+02  1.1500000000e+00  8.0000000000e-01  2.6267749876e-05  -2.6245560061e-05  -2.2189814741e-08  -0.0000000000e+00  2.1572870375e-21
 6.0000000000e+02  1.1600000000e+00  8.0000000000e-01  2.6322709407e-05  -2.6300519593e-05  -2.2189814741e-08  -0.0000000000e+00  8.0071083295e-21
 6.0100000000e+02  1.1700000000e+00  8.0000000000e-01  2.6377738576e-05  -2.6355548761e-05  -2.2189814741e-08  -0.0000000000e+00  1.2308447515e-21
 6.0200000000e+02  1.1800000000e+00  8.0000000000e-01  2.6432837157e-05  -2.6410647342e-05  -2.2189814741e-08  -0.0000000000e+00  8.0071083295e-21
 6.0300000000e+02  1.1900000000e+00  8.0000000000e-01  2.6488004932e-05  -2.6465815118e-05  -2.2189814741e-08  -0.0000000000e+00  1.2308447515e-21
 6.0400000000e+02  1.2000000000e+00  8.0000000000e-01  2.6543241689e-05  -2.6521051874e-05  -2.2189814741e-08  -0.0000000000e+00  1.2308447515e-21
 6.0500000000e+02  0.0000000000e+00  1.0000000000e+00  -0.0000000000e+00  -0.0000000000e+00  -0.0000000000e+00  -0.0000000000e+00  0.0000000000e+00
 6.0600000000e+02  1.0000000000e-02  1.0000000000e+00  9.1019117779e-07  -9.0410562777e-07  -6.0855500165e-09  -0.0000000000e+00  2.0679515314e-23
 6.0700000000e+02  2.0000000000e-02  1.0000000000e+00  1.8097940898e-06  -1.7976229898e-06  -1.2171100033e-08  -0.0000000000e+00  4.4667753078e-23
 6.0800000000e+02  3.0000000000e-02  1.0000000000e+00  2.6988125142e-06  -2.6805558642e-06  -1.8256650049e-08  -0.0000000000e+00  1.4889251026e-22
 6.0900000000e+02  4.0000000000e-02  1.0000000000e+00  3.5750979817e-06  -3.5529081670e-06  -2.2189814741e-08  -0.0000000000e+00  3.9704669403e-23
 6.1000000000e+02  5.0000000000e-02  1.0000000000e+00  4.4368737596e-06  -4.4146839449e-06  -2.2189814741e-08  -0.0000000000e+00  4.6322114303e-22
 6.1100000000e+02  6.0000000000e-02  1.0000000000e+00  5.2880771815e-06  -5.2658873668e-06  -2.2189814741e-08  -0.0000000000e+00  1.2308447515e-21
 6.1200000000e+02  7.0000000000e-02  1.0000000000e+00  6.1287125311e-06  -6.1065227163e-06  -2.2189814741e-08  -0.0000000000e+00  3.8381180422e-22
 6.1300000000e+02  8.0000000000e-02  1.0000000000e+00  6.9587841982e-06  -6.9365943834e-06  -2.2189814741e-08  -0.0000000000e+00  4.6322114303e-22
 6.1400000000e+02  9.0000000000e-02  1.0000000000e+00  7.7782966710e-06  -7.7561068563e-06  -2.2189814741e-08  -0.0000000000e+00  4.6322114303e-22
 6.1500000000e+02  1.0000000000e-01  1.0000000000e+00  8.5872545276e-06  -8.5650647128e-06  -2.2189814741e-08  -0.0000000000e+00  4.6322114303e-22
 6.1600000000e+02  1.1000000000e-01  1.0000000000e+00  9.3856624273e-06  -9.3634726125e-06  -2.2189814741e-08  -0.0000000000e+00  4.6322114303e-22
 6.1700000000e+02  1.2000000000e-01  1.0000000000e+00  1.0173525103e-05  -1.0151335288e-05  -2.2189814741e-08  -0.0000000000e+00  4.6322114303e-22
 6.1800000000e+02  1.3000000000e-01  1.0000000000e+00  1.0950847351e-05  -1.0928657537e-05  -2.2189814741e-08  -0.0000000000e+00  4.6322114303e-22
 6.1900000000e+02  1.4000000000e-01  1.0000000000e+00  1.1717634027e-05  -1.1695444212e-05  -2.2189814741e-08  -0.0000000000e+00  1.2308447515e-21
 6.2000000000e+02  1.5000000000e-01  1.0000000000e+00  1.2473890031e-05  -1.2451700216e-05  -2.2189814741e-08  -0.0000000000e+00  1.2308447515e-21
 6.2100000000e+02  1.6000000000e-01  1.0000000000e+00  1.3219620305e-05  -1.3197430490e-05  -2.2189814741e-08  -0.0000000000e+00  4.6322114303e-22
 6.2200000000e+02  1.7000000000e-01  1.0000000000e+00  1.3954829823e-05  -1.3932640008e-05  -2.2189814741e-08  -0.0000000000e+00  1.2308447515e-21
 6.2300000000e+02  1.8000000000e-01  1.0000000000e+00  1.4679523582e-05  -1.4657333767e-05  -2.2189814741e-08  -0.0000000000e+00  4.6322114303e-22
 6.2400000000e+02  1.9000000000e-01  1.0000000000e+00  1.5393706594e-05  -1.5371516779e-05  -2.2189814741e-08  -0.0000000000e+00  1.2308447515e-21
 6.2500000000e+02  2.0000000000e-01  1.0000000000e+00  1.6097383881e-05  -1.6075194066e-05  -2.2189814741e-08  -0.0000000000e+00  1.2308447515e-21
 6.2600000000e+02  2.1000000000e-01  1.0000000000e+00  1.6790560464e-05  -1.6768370649e-05  -2.2189814741e-08  -0.0000000000e+00  8.0071083295e-21
 6.2700000000e+02  2.2000000000e-01  1.0000000000e+00  1.7473241357e-05  -1.7451051542e-05  -2.2189814741e-08  -0.0000000000e+00  1.2308447515e-21
 6.2800000000e+02  2.3000000000e-01  1.0000000000e+00  1.8145431561e-05  -1.8123241746e-05  -2.2189814741e-08  -0.0000000000e+00  2.1572870375e-21
 6.2900000000e+02  2.4000000000e-01  1.0000000000e+00  1.8807136056e-05  -1.8784946241e-05  -2.2189814741e-08  -0.0000000000e+00  2.1572870375e-21
 6.3000000000e+02  2.5000000000e-01  1.0000000000e+00  1.9458359793e-05  -1.9436169978e-05  -2.2189814741e-08  -0.0000000000e+00  1.2308447515e-21
 6.3100000000e+02  2.6000000000e-01  1.0000000000e+00  2.0099107689e-05  -2.0076917874e-05  -2.2189814741e-08  -0.0000000000e+00  1.2308447515e-21
 6.3200000000e+02  2.7000000000e-01  1.0000000000e+00  2.0729384622e-05  -2.0707194807e-05  -2.2189814741e-08  -0.0000000000e+00  1.2308447515e-21
 6.3300000000e+02  2.8000000000e-01  1.0000000000e+00  2.1349195421e-05  -2.1327005606e-05  -2.2189814741e-08  -0.0000000000e+00  1.2308447515e-21
 6.3400000000e+02  2.9000000000e-01  1.0000000000e+00  2.1958544866e-05  -2.1936355051e-05  -2.2189814741e-08  -0.0000000000e+00  8.0071083295e-21
 6.3500000000e+02  3.0000000000e-01  1.0000000000e+00  2.2557437675e-05  -2.2535247861e-05  -2.2189814741e-08  -0.0000000000e+00  1.2308447515e-21
 6.3600000000e+02  3.1000000000e-01  1.0000000000e+00  2.3145878508e-05  -2.3123688693e-05  -2.2189814741e-08  -0.0000000000e+00  1.2308447515e-21
 6.3700000000e+02  3.2000000000e-01  1.0000000000e+00  2.3723871954e-05  -2.3701682139e-05  -2.2189814741e-08  -0.0000000000e+00  2.1572870375e-21
 6.3800000000e+02  3.3000000000e-01  1.0000000000e+00  2.4291422529e-05  -2.4269232715e-05  -2.2189814741e-08  -0.0000000000e+00  1.2308447515e-21
 6.3900000000e+02  3.4000000000e-01  1.0000000000e+00  2.4848534676e-05  -2.4826344861e-05  -2.2189814741e-08  -0.0000000000e+00  1.2308447515e-21
 6.4000000000e+02  3.5000000000e-01  1.0000000000e+00  2.5395212753e-05  -2.5373022938e-05  -2.2189814741e-08  -0.0000000000e+00  1.2308447515e-21
 6.4100000000e+02  3.6000000000e-01  1.0000000000e+00  2.5931461035e-05  -2.5909271221e-05  -2.2189814741e-08  -0.0000000000e+00  2.1572870375e-21
 6.4200000000e+02  3.7000000000e-01  1.0000000000e+00  2.6457283711e-05  -2.6435093897e-05  -2.2189814741e-08  -0.0000000000e+00  1.2308447515e-21
 6.4300000000e+02  3.8000000000e-01  1.0000000000e+00  2.6972684876e-05  -2.6950495061e-05  -2.2189814741e-08  -0.0000000000e+00  1.2308447515e-21
 6.4400000000e+02  3.9000000000e-01  1.0000000000e+00  2.7477668532e-05  -2.7455478717e-05  -2.2189814741e-08  -0.0000000000e+00  2.1572870375e-21
 6.4500000000e+02  4.0000000000e-01  1.0000000000e+00  2.7972238582e-05  -2.7950048768e-05  -2.2189814741e-08  -0.0000000000e+00  1.2308447515e-21
 6.4600000000e+02  4.1000000000e-01  1.0000000000e+00  2.8456398834e-05  -2.8434209020e-05  -2.2189814741e-08  -0.0000000000e+00  1.2308447515e-21
 6.4700000000e+02  4.2000000000e-01  1.0000000000e+00  2.8930152991e-05  -2.8907963177e-05  -2.2189814741e-08  -0.0000000000e+00  1.2308447515e-21
 6.4800000000e+02  4.3000000000e-01  1.0000000000e+00  2.9393504654e-05  -2.9371314839e-05  -2.2189814741e-08  -0.0000000000e+00  1.2308447515e-21
 6.4900000000e+02  4.4000000000e-01  1.0000000000e+00  2.9846457319e-05  -2.9824267504e-05  -2.2189814741e-08  -0.0000000000e+00  8.0071083295e-21
 6.5000000000e+02  4.5000000000e-01  1.0000000000e+00  3.0289014375e-05  -3.0266824560e-05  -2.2189814741e-08  -0.0000000000e+00  1.2308447515e-21
 6.5100000000e+02  4.6000000000e-01  1.0000000000e+00  3.0721179104e-05  -3.0698989289e-05  -2.2189814741e-08  -0.0000000000e+00  8.9335506156e-21
 6.5200000000e+02  4.7000000000e-01  1.0000000000e+00  3.1142954680e-05  -3.1120764866e-05  -2.2189814741e-08  -0.0000000000e+00  2.1572870375e-21
 6.5300000000e+02  4.8000000000e-01  1.0000000000e+00  3.1554344168e-05  -3.1532154353e-05  -2.2189814741e-08  -0.0000000000e+00  2.1572870375e-21
 6.5400000000e+02  4.9000000000e-01  1.0000000000e+00  3.1955350522e-05  -3.1933160707e-05  -2.2189814741e-08  -0.0000000000e+00  2.1572870375e-21
 6.5500000000e+02  5.0000000000e-01  1.0000000000e+00  3.2345976587e-05  -3.2323786772e-05  -2.2189814741e-08  -0.0000000000e+00  1.5709814194e-20
 6.5600000000e+02  5.1000000000e-01  1.0000000000e+00  3.2726225098e-05  -3.2704035283e-05  -2.2189814741e-08  -0.0000000000e+00  2.1572870375e-21
 6.5700000000e+02  5.2000000000e-01  1.0000000000e+00  3.3096098679e-05  -3.3073908865e-05  -2.2189814741e-08  -0.0000000000e+00  2.1572870375e-21
 6.5800000000e+02  5.3000000000e-01  1.0000000000e+00  3.3455599847e-05  -3.3433410032e-05  -2.2189814741e-08  -0.0000000000e+00  8.9335506156e-21
 6.5900000000e+02  5.4000000000e-01  1.0000000000e+00  3.3804731005e-05  -3.3782541191e-05  -2.2189814741e-08  -0.0000000000e+00  4.6189765405e-21
 6.6000000000e+02  5.5000000000e-01  1.0000000000e+00  3.4143494452e-05  -3.4121304638e-05  -2.2189814741e-08  -0.0000000000e+00  2.1572870375e-21
 6.6100000000e+02  5.6000000000e-01  1.0000000000e+00  3.4471892377e-05  -3.4449702562e-05  -2.2189814741e-08  -0.0000000000e+00  2.1572870375e-21
 6.6200000000e+02  5.7000000000e-01  1.0000000000e+00  3.4789926859e-05  -3.4767737045e-05  -2.2189814741e-08  -0.0000000000e+00  4.6189765405e-21
 6.6300000000e+02  5.8000000000e-01  1.0000000000e+00  3.5097599876e-05  -3.5075410062e-05  -2.2189814741e-08  -0.0000000000e+00  1.5709814194e-20
 6.6400000000e+02  5.9000000000e-01  1.0000000000e+00  3.5394913298e-05  -3.5372723483e-05  -2.2189814741e-08  -0.0000000000e+00  2.1572870375e-21
 6.6500000000e+02  6.0000000000e-01  1.0000000000e+00  3.5681868889e-05  -3.5659679074e-05  -2.2189814741e-08  -0.0000000000e+00  2.1572870375e-21
 6.6600000000e+02  6.1000000000e-01  1.0000000000e+00  3.5958468315e-05  -3.5936278500e-05  -2.2189814741e-08  -0.0000000000e+00  2.1572870375e-21
 6.6700000000e+02  6.2000000000e-01  1.0000000000e+00  3.6224713137e-05  -3.6202523322e-05  -2.2189814741e-08  -0.0000000000e+00  2.1572870375e-21
 6.6800000000e+02  6.3000000000e-01  1.0000000000e+00  3.6480604819e-05  -3.6458415004e-05  -2.2189814741e-08  -0.0000000000e+00  4.6189765405e-21
 6.6900000000e+02  6.4000000000e-01  1.0000000000e+00  3.6726144723e-05  -3.6703954909e-05  -2.2189814741e-08  -0.0000000000e+00  4.6189765405e-21
 6.7000000000e+02  6.5000000000e-01  1.0000000000e+00  3.6961334120e-05  -3.6939144305e-05  -2.2189814741e-08  -0.0000000000e+00  4.6189765405e-21
 6.7100000000e+02  6.6000000000e-01  1.0000000000e+00  3.7186174181e-05  -3.7163984366e-05  -2.2189814741e-08  -0.0000000000e+00  2.1572870375e-21
 6.7200000000e+02  6.7000000000e-01  1.0000000000e+00  3.7400665987e-05  -3.7378476172e-05  -2.2189814741e-08  -0.0000000000e+00  2.1572870375e-21
 6.7300000000e+02  6.8000000000e-01  1.0000000000e+00  3.7604810527e-05  -3.7582620712e-05  -2.2189814741e-08  -0.0000000000e+00  2.1572870375e-21
 6.7400000000e+02  6.9000000000e-01  1.0000000000e+00  3.7798608700e-05  -3.7776418885e-05  -2.2189814741e-08  -0.0000000000e+00  2.1572870375e-21
 6.7500000000e+02  7.0000000000e-01  1.0000000000e+00  3.7982061318e-05  -3.7959871503e-05  -2.2189814741e-08  -0.0000000000e+00  2.1572870375e-21
 6.7600000000e+02  7.1000000000e-01  1.0000000000e+00  3.8155169108e-05  -3.8132979293e-05  -2.2189814741e-08  -0.0000000000e+00  2.1572870375e-21
 6.7700000000e+02  7.2000000000e-01  1.0000000000e+00  3.8317932712e-05  -3.8295742898e-05  -2.2189814741e-08  -0.0000000000e+00  2.1572870375e-21
 6.7800000000e+02  7.3000000000e-01  1.0000000000e+00  3.8470352693e-05  -3.8448162879e-05  -2.2189814741e-08  -0.0000000000e+00  2.1572870375e-21
 6.7900000000e+02  7.4000000000e-01  1.0000000000e+00  3.8612429532e-05  -3.8590239717e-05  -2.2189814741e-08  -0.0000000000e+00  4.6189765405e-21
 6.8000000000e+02  7.5000000000e-01  1.0000000000e+00  3.8744163633e-05  -3.8721973818e-05  -2.2189814741e-08  -0.0000000000e+00  4.6189765405e-21
 6.8100000000e+02  7.6000000000e-01  1.0000000000e+00  3.8865555325e-05  -3.8843365510e-05  -2.2189814741e-08  -0.0000000000e+00  4.6189765405e-21
 6.8200000000e+02  7.7000000000e-01  1.0000000000e+00  3.8976604862e-05  -3.8954415047e-05  -2.2189814741e-08  -0.0000000000e+00  4.6189765405e-21
 6.8300000000e+02  7.8000000000e-01  1.0000000000e+00  3.9077312428e-05  -3.9055122613e-05  -2.2189814741e-08  -0.0000000000e+00  2.1572870375e-21
 6.8400000000e+02  7.9000000000e-01  1.0000000000e+00  3.9167678138e-05  -3.9145488323e-05  -2.2189814741e-08  -0.0000000000e+00  4.6189765405e-21
 6.8500000000e+02  8.0000000000e-01  1.0000000000e+00  3.9247702036e-05  -3.9225512222e-05  -2.2189814741e-08  -0.0000000000e+00  2.1572870375e-21
 6.8600000000e+02  8.1000000000e-01  1.0000000000e+00  3.9317505486e-05  -3.9295315671e-05  -2.2189814741e-08  -0.0000000000e+00  1.5709814194e-20
 6.8700000000e+02  8.2000000000e-01  1.0000000000e+00  3.9383653919e-05  -3.9361464104e-05  -2.2189814741e-08  -0.0000000000e+00  2.1572870375e-21
 6.8800000000e+02  8.3000000000e-01  1.0000000000e+00  3.9449893700e-05  -3.9427703885e-05  -2.2189814741e-08  -0.0000000000e+00  4.6189765405e-21
 6.8900000000e+02  8.4000000000e-01  1.0000000000e+00  3.9516224456e-05  -3.9494034641e-05  -2.2189814741e-08  -0.0000000000e+00  4.6189765405e-21
 6.9000000000e+02  8.5000000000e-01  1.0000000000e+00  3.9582645812e-05  -3.9560455997e-05  -2.2189814741e-08  -0.0000000000e+00  4.6189765405e-21
 6.9100000000e+02  8.6000000000e-01  1.0000000000e+00  3.9649157389e-05  -3.9626967574e-05  -2.2189814741e-08  -0.0000000000e+00  2.1572870375e-21
 6.9200000000e+02  8.7000000000e-01  1.0000000000e+00  3.9715758808e-05  -3.9693568994e-05  -2.2189814741e-08  -0.0000000000e+00  4.6189765405e-21
 6.9300000000e+02  8.8000000000e-01  1.0000000000e+00  3.9782449690e-05  -3.9760259875e-05  -2.2189814741e-08  -0.0000000000e+00  1.5709814194e-20
 6.9400000000e+02  8.9000000000e-01  1.0000000000e+00  3.9849229652e-05  -3.9827039837e-05  -2.2189814741e-08  -0.0000000000e+00  4.6189765405e-21
 6.9500000000e+02  9.0000000000e-01  1.0000000000e+00  3.9916098313e-05  -3.9893908498e-05  -2.2189814741e-08  -0.0000000000e+00  2.1572870375e-21
 6.9600000000e+02  9.1000000000e-01  1.0000000000e+00  3.9983055291e-05  -3.9960865477e-05  -2.2189814741e-08  -0.0000000000e+00  2.1572870375e-21
 6.9700000000e+02  9.2000000000e-01  1.0000000000e+00  4.0050100206e-05  -4.0027910391e-05  -2.2189814741e-08  -0.0000000000e+00  1.5709814194e-20
 6.9800000000e+02  9.3000000000e-01  1.0000000000e+00  4.0117232675e-05  -4.0095042860e-05  -2.2189814741e-08  -0.0000000000e+00  4.6189765405e-21
 6.9900000000e+02  9.4000000000e-01  1.0000000000e+00  4.0184452319e-05  -4.0162262504e-05  -2.2189814741e-08  -0.0000000000e+00  2.1572870375e-21
 7.0000000000e+02  9.5000000000e-01  1.0000000000e+00  4.0251758759e-05  -4.0229568944e-05  -2.2189814741e-08  -0.0000000000e+00  4.6189765405e-21
 7.0100000000e+02  9.6000000000e-01  1.0000000000e+00  4.0319151617e-05  -4.0296961803e-05  -2.2189814741e-08  -0.0000000000e+00  4.6189765405e-21
 7.0200000000e+02  9.7000000000e-01  1.0000000000e+00  4.0386630518e-05  -4.0364440703e-05  -2.2189814741e-08  -0.0000000000e+00  2.1572870375e-21
 7.0300000000e+02  9.8000000000e-01  1.0000000000e+00  4.0454195087e-05  -4.0432005272e-05  -2.2189814741e-08  -0.0000000000e+00  4.6189765405e-21
 7.0400000000e+02  9.9000000000e-01  1.0000000000e+00  4.0521844952e-05  -4.0499655137e-05  -2.2189814741e-08  -0.0000000000e+00  1.5709814194e-20
 7.0500000000e+02  1.0000000000e+00  1.0000000000e+00  4.0589579743e-05  -4.0567389928e-05  -2.2189814741e-08  -0.0000000000e+00  2.1572870375e-21
 7.0600000000e+02  1.0100000000e+00  1.0000000000e+00  4.0657399093e-05  -4.0635209278e-05  -2.2189814741e-08  -0.0000000000e+00  4.6189765405e-21
 7.0700000000e+02  1.0200000000e+00  1.0000000000e+00  4.0725302638e-05  -4.0703112823e-05  -2.2189814741e-08  -0.0000000000e+00  2.1572870375e-21
 7.0800000000e+02  1.0300000000e+00  1.0000000000e+00  4.0793290014e-05  -4.0771100199e-05  -2.2189814741e-08  -0.0000000000e+00  2.1572870375e-21
 7.0900000000e+02  1.0400000000e+00  1.0000000000e+00  4.0861360864e-05  -4.0839171049e-05  -2.2189814741e-08  -0.0000000000e+00  2.1572870375e-21
 7.1000000000e+02  1.0500000000e+00  1.0000000000e+00  4.0929514831e-05  -4.0907325017e-05  -2.2189814741e-08  -0.0000000000e+00  2.1572870375e-21
 7.1100000000e+02  1.0600000000e+00  1.0000000000e+00  4.0997751564e-05  -4.0975561749e-05  -2.2189814741e-08  -0.0000000000e+00  2.1572870375e-21
 7.1200000000e+02  1.0700000000e+00  1.0000000000e+00  4.1066070711e-05  -4.1043880896e-05  -2.2189814741e-08  -0.0000000000e+00  4.6189765405e-21
 7.1300000000e+02  1.0800000000e+00  1.0000000000e+00  4.1134471928e-05  -4.1112282114e-05  -2.2189814741e-08  -0.0000000000e+00  2.1572870375e-21
 7.1400000000e+02  1.0900000000e+00  1.0000000000e+00  4.1202954873e-05  -4.1180765058e-05  -2.2189814741e-08  -0.0000000000e+00  4.6189765405e-21
 7.1500000000e+02  1.1000000000e+00  1.0000000000e+00  4.1271519206e-05  -4.1249329392e-05  -2.2189814741e-08  -0.0000000000e+00  2.1572870375e-21
 7.1600000000e+02  1.1100000000e+00  1.0000000000e+00  4.1340164594e-05  -4.1317974779e-05  -2.2189814741e-08  -0.0000000000e+00  8.9335506156e-21
 7.1700000000e+02  1.1200000000e+00  1.0000000000e+00  4.1408890704e-05  -4.1386700889e-05  -2.2189814741e-08  -0.0000000000e+00  4.6189765405e-21
 7.1800000000e+02  1.1300000000e+00  1.0000000000e+00  4.1477697210e-05  -4.1455507395e-05  -2.2189814741e-08  -0.0000000000e+00  2.1572870375e-21
 7.1900000000e+02  1.1400000000e+00  1.0000000000e+00  4.1546583788e-05  -4.1524393973e-05  -2.2189814741e-08  -0.0000000000e+00  4.6189765405e-21
 7.2000000000e+02  1.1500000000e+00  1.0000000000e+00  4.1615550120e-05  -4.1593360305e-05  -2.2189814741e-08  -0.0000000000e+00  4.6189765405e-21
 7.2100000000e+02  1.1600000000e+00  1.0000000000e+00  4.1684595890e-05  -4.1662406075e-05  -2.2189814741e-08  -0.0000000000e+00  2.1572870375e-21
 7.2200000000e+02  1.1700000000e+00  1.0000000000e+00  4.1753720788e-05  -4.1731530973e-05  -2.2189814741e-08  -0.0000000000e+00  2.1572870375e-21
 7.2300000000e+02  1.1800000000e+00  1.0000000000e+00  4.1822924506e-05  -4.1800734691e-05  -2.2189814741e-08  -0.0000000000e+00  2.1572870375e-21
 7.2400000000e+02  1.1900000000e+00  1.0000000000e+00  4.1892206741e-05  -4.1870016927e-05  -2.2189814741e-08  -0.0000000000e+00  4.6189765405e-21
 7.2500000000e+02  1.2000000000e+00  1.0000000000e+00  4.1961567196e-05  -4.1939377382e-05  -2.2189814741e-08  -0.0000000000e+00  2.1572870375e-21
 7.2600000000e+02  0.0000000000e+00  1.2000000000e+00  -0.0000000000e+00  -0.0000000000e+00  -0.0000000000e+00  -0.0000000000e+00  0.0000000000e+00
 7.2700000000e+02  1.0000000000e-02  1.2000000000e+00  1.1164898408e-06  -1.1104042908e-06  -6.0855500165e-09  -0.0000000000e+00  6.5595422575e-22
 7.2800000000e+02  2.0000000000e-02  1.2000000000e+00  2.2224070009e-06  -2.2102359009e-06  -1.2171100033e-08  -0.0000000000e+00  4.4667753078e-23
 7.2900000000e+02  3.0000000000e-02  1.2000000000e+00  3.3177542965e-06  -3.2994976464e-06  -1.8256650049e-08  -0.0000000000e+00  1.4889251026e-22
 7.3000000000e+02  4.0000000000e-02  1.2000000000e+00  4.4003822520e-06  -4.3781924373e-06  -2.2189814741e-08  -0.0000000000e+00  4.6322114303e-22
 7.3100000000e+02  5.0000000000e-02  1.2000000000e+00  5.4685130874e-06  -5.4463232727e-06  -2.2189814741e-08  -0.0000000000e+00  3.8381180422e-22
 7.3200000000e+02  6.0000000000e-02  1.2000000000e+00  6.5260830519e-06  -6.5038932371e-06  -2.2189814741e-08  -0.0000000000e+00  3.8381180422e-22
 7.3300000000e+02  7.0000000000e-02  1.2000000000e+00  7.5730953110e-06  -7.5509054963e-06  -2.2189814741e-08  -0.0000000000e+00  4.6322114303e-22
 7.3400000000e+02  8.0000000000e-02  1.2000000000e+00  8.6095531071e-06  -8.5873632923e-06  -2.2189814741e-08  -0.0000000000e+00  4.6322114303e-22
 7.3500000000e+02  9.0000000000e-02  1.2000000000e+00  9.6354597545e-06  -9.6132699398e-06  -2.2189814741e-08  -0.0000000000e+00  4.6322114303e-22
 7.3600000000e+02  1.0000000000e-01  1.2000000000e+00  1.0650818636e-05  -1.0628628821e-05  -2.2189814741e-08  -0.0000000000e+00  4.6322114303e-22
 7.3700000000e+02  1.1000000000e-01  1.2000000000e+00  1.1655633197e-05  -1.1633443382e-05  -2.2189814741e-08  -0.0000000000e+00  1.2308447515e-21
 7.3800000000e+02  1.2000000000e-01  1.2000000000e+00  1.2649906942e-05  -1.2627717127e-05  -2.2189814741e-08  -0.0000000000e+00  4.6322114303e-22
 7.3900000000e+02  1.3000000000e-01  1.2000000000e+00  1.3633643430e-05  -1.3611453615e-05  -2.2189814741e-08  -0.0000000000e+00  4.6322114303e-22
 7.4000000000e+02  1.4000000000e-01  1.2000000000e+00  1.4606846270e-05  -1.4584656455e-05  -2.2189814741e-08  -0.0000000000e+00  1.2308447515e-21
 7.4100000000e+02  1.5000000000e-01  1.2000000000e+00  1.5569519115e-05  -1.5547329301e-05  -2.2189814741e-08  -0.0000000000e+00  1.2308447515e-21
 7.4200000000e+02  1.6000000000e-01  1.2000000000e+00  1.6521665662e-05  -1.6499475847e-05  -2.2189814741e-08  -0.0000000000e+00  8.0071083295e-21
 7.4300000000e+02  1.7000000000e-01  1.2000000000e+00  1.7463289639e-05  -1.7441099825e-05  -2.2189814741e-08  -0.0000000000e+00  2.1572870375e-21
 7.4400000000e+02  1.8000000000e-01  1.2000000000e+00  1.8394394811e-05  -1.8372204997e-05  -2.2189814741e-08  -0.0000000000e+00  1.2308447515e-21
 7.4500000000e+02  1.9000000000e-01  1.2000000000e+00  1.9314984967e-05  -1.9292795153e-05  -2.2189814741e-08  -0.0000000000e+00  1.2308447515e-21
 7.4600000000e+02  2.0000000000e-01  1.2000000000e+00  2.0225063920e-05  -2.0202874105e-05  -2.2189814741e-08  -0.0000000000e+00  8.0071083295e-21
 7.4700000000e+02  2.1000000000e-01  1.2000000000e+00  2.1124635501e-05  -2.1102445686e-05  -2.2189814741e-08  -0.0000000000e+00  2.1572870375e-21
 7.4800000000e+02  2.2000000000e-01  1.2000000000e+00  2.2013703555e-05  -2.1991513740e-05  -2.2189814741e-08  -0.0000000000e+00  1.2308447515e-21
 7.4900000000e+02  2.3000000000e-01  1.2000000000e+00  2.2892271938e-05  -2.2870082123e-05  -2.2189814741e-08  -0.0000000000e+00  8.0071083295e-21
 7.5000000000e+02  2.4000000000e-01  1.2000000000e+00  2.3760344510e-05  -2.3738154695e-05  -2.2189814741e-08  -0.0000000000e+00  1.2308447515e-21
 7.5100000000e+02  2.5000000000e-01  1.2000000000e+00  2.4617925134e-05  -2.4595735319e-05  -2.2189814741e-08  -0.0000000000e+00  2.1572870375e-21
 7.5200000000e+02  2.6000000000e-01  1.2000000000e+00  2.5465017670e-05  -2.5442827856e-05  -2.2189814741e-08  -0.0000000000e+00  2.1572870375e-21
 7.5300000000e+02  2.7000000000e-01  1.2000000000e+00  2.6301625972e-05  -2.6279436157e-05  -2.2189814741e-08  -0.0000000000e+00  1.2308447515e-21
 7.5400000000e+02  2.8000000000e-01  1.2000000000e+00  2.7127753883e-05  -2.7105564068e-05  -2.2189814741e-08  -0.0000000000e+00  1.2308447515e-21
 7.5500000000e+02  2.9000000000e-01  1.2000000000e+00  2.7943405233e-05  -2.7921215418e-05  -2.2189814741e-08  -0.0000000000e+00  8.0071083295e-21
 7.5600000000e+02  3.0000000000e-01  1.2000000000e+00  2.8748583832e-05  -2.8726394017e-05  -2.2189814741e-08  -0.0000000000e+00  2.1572870375e-21
 7.5700000000e+02  3.1000000000e-01  1.2000000000e+00  2.9543293472e-05  -2.9521103658e-05  -2.2189814741e-08  -0.0000000000e+00  1.2308447515e-21
 7.5800000000e+02  3.2000000000e-01  1.2000000000e+00  3.0327537919e-05  -3.0305348104e-05  -2.2189814741e-08  -0.0000000000e+00  1.2308447515e-21
 7.5900000000e+02  3.3000000000e-01  1.2000000000e+00  3.1101320910e-05  -3.1079131095e-05  -2.2189814741e-08  -0.0000000000e+00  2.1572870375e-21
 7.6000000000e+02  3.4000000000e-01  1.2000000000e+00  3.1864646151e-05  -3.1842456337e-05  -2.2189814741e-08  -0.0000000000e+00  4.6189765405e-21
 7.6100000000e+02  3.5000000000e-01  1.2000000000e+00  3.2617517316e-05  -3.2595327501e-05  -2.2189814741e-08  -0.0000000000e+00  2.1572870375e-21
 7.6200000000e+02  3.6000000000e-01  1.2000000000e+00  3.3359938038e-05  -3.3337748224e-05  -2.2189814741e-08  -0.0000000000e+00  1.5709814194e-20
 7.6300000000e+02  3.7000000000e-01  1.2000000000e+00  3.4091911913e-05  -3.4069722099e-05  -2.2189814741e-08  -0.0000000000e+00  4.6189765405e-21
 7.6400000000e+02  3.8000000000e-01  1.2000000000e+00  3.4813442493e-05  -3.4791252678e-05  -2.2189814741e-08  -0.0000000000e+00  8.9335506156e-21
 7.6500000000e+02  3.9000000000e-01  1.2000000000e+00  3.5524533283e-05  -3.5502343468e-05  -2.2189814741e-08  -0.0000000000e+00  2.1572870375e-21
 7.6600000000e+02  4.0000000000e-01  1.2000000000e+00  3.6225187741e-05  -3.6202997927e-05  -2.2189814741e-08  -0.0000000000e+00  4.6189765405e-21
 7.6700000000e+02  4.1000000000e-01  1.2000000000e+00  3.6915409276e-05  -3.6893219462e-05  -2.2189814741e-08  -0.0000000000e+00  2.1572870375e-21
 7.6800000000e+02  4.2000000000e-01  1.2000000000e+00  3.7595201243e-05  -3.7573011429e-05  -2.2189814741e-08  -0.0000000000e+00  1.5709814194e-20
 7.6900000000e+02  4.3000000000e-01  1.2000000000e+00  3.8264566942e-05  -3.8242377127e-05  -2.2189814741e-08  -0.0000000000e+00  2.1572870375e-21
 7.7000000000e+02  4.4000000000e-01  1.2000000000e+00  3.8923509617e-05  -3.8901319802e-05  -2.2189814741e-08  -0.0000000000e+00  4.6189765405e-21
 7.7100000000e+02  4.5000000000e-01  1.2000000000e+00  3.9572032452e-05  -3.9549842637e-05  -2.2189814741e-08  -0.0000000000e+00  2.1572870375e-21
 7.7200000000e+02  4.6000000000e-01  1.2000000000e+00  4.0210138572e-05  -4.0187948758e-05  -2.2189814741e-08  -0.0000000000e+00  4.6189765405e-21
 7.7300000000e+02  4.7000000000e-01  1.2000000000e+00  4.0837831040e-05  -4.0815641226e-05  -2.2189814741e-08  -0.0000000000e+00  4.6189765405e-21
 7.7400000000e+02  4.8000000000e-01  1.2000000000e+00  4.1455112856e-05  -4.1432923041e-05  -2.2189814741e-08  -0.0000000000e+00  8.9335506156e-21
 7.7500000000e+02  4.9000000000e-01  1.2000000000e+00  4.2061986952e-05  -4.2039797137e-05  -2.2189814741e-08  -0.0000000000e+00  2.1572870375e-21
 7.7600000000e+02  5.0000000000e-01  1.2000000000e+00  4.2658456197e-05  -4.2636266382e-05  -2.2189814741e-08  -0.0000000000e+00  1.5709814194e-20
 7.7700000000e+02  5.1000000000e-01  1.2000000000e+00  4.3244523393e-05  -4.3222333578e-05  -2.2189814741e-08  -0.0000000000e+00  4.6189765405e-21
 7.7800000000e+02  5.2000000000e-01  1.2000000000e+00  4.3820191270e-05  -4.3798001455e-05  -2.2189814741e-08  -0.0000000000e+00  8.9335506156e-21
 7.7900000000e+02  5.3000000000e-01  1.2000000000e+00  4.4385462493e-05  -4.4363272678e-05  -2.2189814741e-08  -0.0000000000e+00  8.9335506156e-21
 7.8000000000e+02  5.4000000000e-01  1.2000000000e+00  4.4940339654e-05  -4.4918149839e-05  -2.2189814741e-08  -0.0000000000e+00  4.6189765405e-21
 7.8100000000e+02  5.5000000000e-01  1.2000000000e+00  4.5484825276e-05  -4.5462635461e-05  -2.2189814741e-08  -0.0000000000e+00  2.1572870375e-21
 7.8200000000e+02  5.6000000000e-01  1.2000000000e+00  4.6018921809e-05  -4.5996731994e-05  -2.2189814741e-08  -0.0000000000e+00  2.1572870375e-21
 7.8300000000e+02  5.7000000000e-01  1.2000000000e+00  4.6542631632e-05  -4.6520441817e-05  -2.2189814741e-08  -0.0000000000e+00  4.6189765405e-21
 7.8400000000e+02  5.8000000000e-01  1.2000000000e+00  4.7055957052e-05  -4.7033767237e-05  -2.2189814741e-08  -0.0000000000e+00  2.1572870375e-21
 7.8500000000e+02  5.9000000000e-01  1.2000000000e+00  4.7558900301e-05  -4.7536710487e-05  -2.2189814741e-08  -0.0000000000e+00  2.1572870375e-21
 7.8600000000e+02  6.0000000000e-01  1.2000000000e+00  4.8051463542e-05  -4.8029273727e-05  -2.2189814741e-08  -0.0000000000e+00  2.1572870375e-21
 7.8700000000e+02  6.1000000000e-01  1.2000000000e+00  4.8533648861e-05  -4.8511459047e-05  -2.2189814741e-08  -0.0000000000e+00  4.6189765405e-21
 7.8800000000e+02  6.2000000000e-01  1.2000000000e+00  4.9005458274e-05  -4.8983268459e-05  -2.2189814741e-08  -0.0000000000e+00  1.5709814194e-20
 7.8900000000e+02  6.3000000000e-01  1.2000000000e+00  4.9466893721e-05  -4.9444703907e-05  -2.2189814741e-08  -0.0000000000e+00  4.6189765405e-21
 7.9000000000e+02  6.4000000000e-01  1.2000000000e+00  4.9917957072e-05  -4.9895767257e-05  -2.2189814741e-08  -0.0000000000e+00  4.6189765405e-21
 7.9100000000e+02  6.5000000000e-01  1.2000000000e+00  5.0358650121e-05  -5.0336460307e-05  -2.2189814741e-08  -0.0000000000e+00  4.6189765405e-21
 7.9200000000e+02  6.6000000000e-01  1.2000000000e+00  5.0788974592e-05  -5.0766784778e-05  -2.2189814741e-08  -0.0000000000e+00  2.1572870375e-21
 7.9300000000e+02  6.7000000000e-01  1.2000000000e+00  5.1208932136e-05  -5.1186742321e-05  -2.2189814741e-08  -0.0000000000e+00  8.9335506156e-21
 7.9400000000e+02  6.8000000000e-01  1.2000000000e+00  5.1618524331e-05  -5.1596334516e-05  -2.2189814741e-08  -0.0000000000e+00  2.1572870375e-21
 7.9500000000e+02  6.9000000000e-01  1.2000000000e+00  5.2017752685e-05  -5.1995562870e-05  -2.2189814741e-08  -0.0000000000e+00  4.6189765405e-21
 7.9600000000e+02  7.0000000000e-01  1.2000000000e+00  5.2406618634e-05  -5.2384428819e-05  -2.2189814741e-08  -0.0000000000e+00  8.9335506156e-21
 7.9700000000e+02  7.1000000000e-01  1.2000000000e+00  5.2785123543e-05  -5.2762933728e-05  -2.2189814741e-08  -0.0000000000e+00  4.6189765405e-21
 7.9800000000e+02  7.2000000000e-01  1.2000000000e+00  5.3153268710e-05  -5.3131078895e-05  -2.2189814741e-08  -0.0000000000e+00  4.6189765405e-21
 7.9900000000e+02  7.3000000000e-01  1.2000000000e+00  5.3511055361e-05  -5.3488865546e-05  -2.2189814741e-08  -0.0000000000e+00  8.9335506156e-21
 8.0000000000e+02  7.4000000000e-01  1.2000000000e+00  5.3858484654e-05  -5.3836294839e-05  -2.2189814741e-08  -0.0000000000e+00  2.1572870375e-21
 8.0100000000e+02  7.5000000000e-01  1.2000000000e+00  5.4195557680e-05  -5.4173367865e-05  -2.2189814741e-08  -0.0000000000e+00  2.1572870375e-21
 8.0200000000e+02  7.6000000000e-01  1.2000000000e+00  5.4522275463e-05  -5.4500085648e-05  -2.2189814741e-08  -0.0000000000e+00  4.6189765405e-21
 8.0300000000e+02  7.7000000000e-01  1.2000000000e+00  5.4838638960e-05  -5.4816449146e-05  -2.2189814741e-08  -0.0000000000e+00  2.1572870375e-21
 8.0400000000e+02  7.8000000000e-01  1.2000000000e+00  5.5144649065e-05  -5.5122459250e-05  -2.2189814741e-08  -0.0000000000e+00  2.1572870375e-21
 8.0500000000e+02  7.9000000000e-01  1.2000000000e+00  5.5440306604e-05  -5.5418116790e-05  -2.2189814741e-08  -0.0000000000e+00  8.9335506156e-21
 8.0600000000e+02  8.0000000000e-01  1.2000000000e+00  5.5725612343e-05  -5.5703422529e-05  -2.2189814741e-08  -0.0000000000e+00  2.1572870375e-21
 8.0700000000e+02  8.1000000000e-01  1.2000000000e+00  5.6000566983e-05  -5.5978377169e-05  -2.2189814741e-08  -0.0000000000e+00  2.1572870375e-21
 8.0800000000e+02  8.2000000000e-01  1.2000000000e+00  5.6265171165e-05  -5.6242981351e-05  -2.2189814741e-08  -0.0000000000e+00  8.9335506156e-21
 8.0900000000e+02  8.3000000000e-01  1.2000000000e+00  5.6519425469e-05  -5.6497235654e-05  -2.2189814741e-08  -0.0000000000e+00  8.9335506156e-21
 8.1000000000e+02  8.4000000000e-01  1.2000000000e+00  5.6763330414e-05  -5.6741140599e-05  -2.2189814741e-08  -0.0000000000e+00  4.6189765405e-21
 8.1100000000e+02  8.5000000000e-01  1.2000000000e+00  5.6996886463e-05  -5.6974696648e-05  -2.2189814741e-08  -0.0000000000e+00  2.1572870375e-21
 8.1200000000e+02  8.6000000000e-01  1.2000000000e+00  5.7220094019e-05  -5.7197904205e-05  -2.2189814741e-08  -0.0000000000e+00  2.1572870375e-21
 8.1300000000e+02  8.7000000000e-01  1.2000000000e+00  5.7432953431e-05  -5.7410763617e-05  -2.2189814741e-08  -0.0000000000e+00  2.1572870375e-21
 8.1400000000e+02  8.8000000000e-01  1.2000000000e+00  5.7635464991e-05  -5.7613275176e-05  -2.2189814741e-08  -0.0000000000e+00  4.6189765405e-21
 8.1500000000e+02  8.9000000000e-01  1.2000000000e+00  5.7827628936e-05  -5.7805439121e-05  -2.2189814741e-08  -0.0000000000e+00  4.6189765405e-21
 8.1600000000e+02  9.0000000000e-01  1.2000000000e+00  5.8009445452e-05  -5.7987255637e-05  -2.2189814741e-08  -0.0000000000e+00  2.1572870375e-21
 8.1700000000e+02  9.1000000000e-01  1.2000000000e+00  5.8180914671e-05  -5.8158724856e-05  -2.2189814741e-08  -0.0000000000e+00  4.6189765405e-21
 8.1800000000e+02  9.2000000000e-01  1.2000000000e+00  5.8342036674e-05  -5.8319846859e-05  -2.2189814741e-08  -0.0000000000e+00  8.9335506156e-21
 8.1900000000e+02  9.3000000000e-01  1.2000000000e+00  5.8492811493e-05  -5.8470621679e-05  -2.2189814741e-08  -0.0000000000e+00  8.9335506156e-21
 8.2000000000e+02  9.4000000000e-01  1.2000000000e+00  5.8633239111e-05  -5.8611049297e-05  -2.2189814741e-08  -0.0000000000e+00  2.1572870375e-21
 8.2100000000e+02  9.5000000000e-01  1.2000000000e+00  5.8763319463e-05  -5.8741129648e-05  -2.2189814741e-08  -0.0000000000e+00  2.1572870375e-21
 8.2200000000e+02  9.6000000000e-01  1.2000000000e+00  5.8883052437e-05  -5.8860862622e-05  -2.2189814741e-08  -0.0000000000e+00  8.9335506156e-21
 8.2300000000e+02  9.7000000000e-01  1.2000000000e+00  5.8992437874e-05  -5.8970248059e-05  -2.2189814741e-08  -0.0000000000e+00  8.9335506156e-21
 8.2400000000e+02  9.8000000000e-01  1.2000000000e+00  5.9091475574e-05  -5.9069285759e-05  -2.2189814741e-08  -0.0000000000e+00  2.1572870375e-21
 8.2500000000e+02  9.9000000000e-01  1.2000000000e+00  5.9180165291e-05  -5.9157975476e-05  -2.2189814741e-08  -0.0000000000e+00  4.6189765405e-21
 8.2600000000e+02  1.0000000000e+00  1.2000000000e+00  5.9261956724e-05  -5.9239766909e-05  -2.2189814741e-08  -0.0000000000e+00  2.1572870375e-21
 8.2700000000e+02  1.0100000000e+00  1.2000000000e+00  5.9343658213e-05  -5.9321468399e-05  -2.2189814741e-08  -0.0000000000e+00  2.1572870375e-21
 8.2800000000e+02  1.0200000000e+00  1.2000000000e+00  5.9425452184e-05  -5.9403262370e-05  -2.2189814741e-08  -0.0000000000e+00  4.6189765405e-21
 8.2900000000e+02  1.0300000000e+00  1.2000000000e+00  5.9507338334e-05  -5.9485148519e-05  -2.2189814741e-08  -0.0000000000e+00  2.1572870375e-21
 8.3000000000e+02  1.0400000000e+00  1.2000000000e+00  5.9589316356e-05  -5.9567126542e-05  -2.2189814741e-08  -0.0000000000e+00  8.9335506156e-21
 8.3100000000e+02  1.0500000000e+00  1.2000000000e+00  5.9671385945e-05  -5.9649196131e-05  -2.2189814741e-08  -0.0000000000e+00  2.1572870375e-21
 8.3200000000e+02  1.0600000000e+00  1.2000000000e+00  5.9753546793e-05  -5.9731356979e-05  -2.2189814741e-08  -0.0000000000e+00  1.5709814194e-20
 8.3300000000e+02  1.0700000000e+00  1.2000000000e+00  5.9835798592e-05  -5.9813608777e-05  -2.2189814741e-08  -0.0000000000e+00  2.1572870375e-21
 8.3400000000e+02  1.0800000000e+00  1.2000000000e+00  5.9918141032e-05  -5.9895951217e-05  -2.2189814741e-08  -0.0000000000e+00  2.1572870375e-21
 8.3500000000e+02  1.0900000000e+00  1.2000000000e+00  6.0000573804e-05  -5.9978383989e-05  -2.2189814741e-08  -0.0000000000e+00  4.6189765405e-21
 8.3600000000e+02  1.1000000000e+00  1.2000000000e+00  6.0083096598e-05  -6.0060906784e-05  -2.2189814741e-08  -0.0000000000e+00  4.6189765405e-21
 8.3700000000e+02  1.1100000000e+00  1.2000000000e+00  6.0165709105e-05  -6.0143519290e-05  -2.2189814741e-08  -0.0000000000e+00  4.6189765405e-21
 8.3800000000e+02  1.1200000000e+00  1.2000000000e+00  6.0248411014e-05  -6.0226221199e-05  -2.2189814741e-08  -0.0000000000e+00  4.6189765405e-21
 8.3900000000e+02  1.1300000000e+00  1.2000000000e+00  6.0331202015e-05  -6.0309012200e-05  -2.2189814741e-08  -0.0000000000e+00  1.5709814194e-20
 8.4000000000e+02  1.1400000000e+00  1.2000000000e+00  6.0414081801e-05  -6.0391891986e-05  -2.2189814741e-08  -0.0000000000e+00  2.1572870375e-21
 8.4100000000e+02  1.1500000000e+00  1.2000000000e+00  6.0497050061e-05  -6.0474860247e-05  -2.2189814741e-08  -0.0000000000e+00  2.1572870375e-21
 8.4200000000e+02  1.1600000000e+00  1.2000000000e+00  6.0580106489e-05  -6.0557916675e-05  -2.2189814741e-08  -0.0000000000e+00  2.1572870375e-21
 8.4300000000e+02  1.1700000000e+00  1.2000000000e+00  6.0663250778e-05  -6.0641060963e-05  -2.2189814741e-08  -0.0000000000e+00  2.1572870375e-21
 8.4400000000e+02  1.1800000000e+00  1.2000000000e+00  6.0746482621e-05  -6.0724292806e-05  -2.2189814741e-08  -0.0000000000e+00  2.1572870375e-21
 8.4500000000e+02  1.1900000000e+00  1.2000000000e+00  6.0829801713e-05  -6.0807611899e-05  -2.2189814741e-08  -0.0000000000e+00  4.6189765405e-21
 8.4600000000e+02  1.2000000000e+00  1.2000000000e+00  6.0913207752e-05  -6.0891017937e-05  -2.2189814741e-08  -0.0000000000e+00  4.6189765405e-21
