v-sweep v(drain_iv) v(gate_iv) id is ib ig kcl
0.0000000000e+00 0.0000000000e+00 0.0000000000e+00 0.0000000000e+00 0.0000000000e+00 0.0000000000e+00 0.0000000000e+00 0.0000000000e+00
1.0000000000e-02 1.0000000000e-02 0.0000000000e+00 -1.0015400000e-14 1.0324800000e-17 1.0005000000e-14 0.0000000000e+00 7.5199999999e-20
2.0000000000e-02 2.0000000000e-02 0.0000000000e+00 -2.0025600000e-14 1.7153500000e-17 2.0008400000e-14 0.0000000000e+00 4.6499999998e-20
3.0000000000e-02 3.0000000000e-02 0.0000000000e+00 -3.0032400000e-14 2.1641100000e-17 3.0010700000e-14 0.0000000000e+00 5.8899999999e-20
4.0000000000e-02 4.0000000000e-02 0.0000000000e+00 -4.0036900000e-14 2.4628900000e-17 4.0012300000e-14 0.0000000000e+00 2.8899999998e-20
5.0000000000e-02 5.0000000000e-02 0.0000000000e+00 -5.0040000000e-14 2.6671000000e-17 5.0013300000e-14 0.0000000000e+00 2.8999999995e-20
6.0000000000e-02 6.0000000000e-02 0.0000000000e+00 -6.0042100000e-14 2.8112800000e-17 6.0014000000e-14 0.0000000000e+00 1.2800000010e-20
7.0000000000e-02 7.0000000000e-02 0.0000000000e+00 -7.0043700000e-14 2.9166000000e-17 7.0014500000e-14 0.0000000000e+00 3.4000000007e-20
8.0000000000e-02 8.0000000000e-02 0.0000000000e+00 -8.0044800000e-14 2.9960800000e-17 8.0014800000e-14 0.0000000000e+00 3.9200000006e-20
9.0000000000e-02 9.0000000000e-02 0.0000000000e+00 -9.0045600000e-14 3.0578700000e-17 9.0015000000e-14 0.0000000000e+00 2.1299999993e-20
1.0000000000e-01 1.0000000000e-01 0.0000000000e+00 -1.0004620000e-13 3.1072300000e-17 1.0001520000e-13 0.0000000000e+00 7.2300000003e-20
1.1000000000e-01 1.1000000000e-01 0.0000000000e+00 -1.1004670000e-13 3.1475900000e-17 1.1001530000e-13 0.0000000000e+00 7.5900000002e-20
1.2000000000e-01 1.2000000000e-01 0.0000000000e+00 -1.2004710000e-13 3.1812800000e-17 1.2001530000e-13 0.0000000000e+00 1.2799999998e-20
1.3000000000e-01 1.3000000000e-01 0.0000000000e+00 -1.3004750000e-13 3.2099300000e-17 1.3001540000e-13 0.0000000000e+00 7.0000002827e-22
1.4000000000e-01 1.4000000000e-01 0.0000000000e+00 -1.4004780000e-13 3.2346600000e-17 1.4001540000e-13 0.0000000000e+00 5.3399999997e-20
1.5000000000e-01 1.5000000000e-01 0.0000000000e+00 -1.5004800000e-13 3.2563200000e-17 1.5001540000e-13 0.0000000000e+00 3.6799999993e-20
1.6000000000e-01 1.6000000000e-01 0.0000000000e+00 -1.6004820000e-13 3.2755200000e-17 1.6001540000e-13 0.0000000000e+00 4.4800000017e-20
1.7000000000e-01 1.7000000000e-01 0.0000000000e+00 -1.7004840000e-13 3.2927100000e-17 1.7001540000e-13 0.0000000000e+00 7.2899999984e-20
1.8000000000e-01 1.8000000000e-01 0.0000000000e+00 -1.8004850000e-13 3.3082500000e-17 1.8001550000e-13 0.0000000000e+00 8.2500000032e-20
1.9000000000e-01 1.9000000000e-01 0.0000000000e+00 -1.9004870000e-13 3.3224100000e-17 1.9001550000e-13 0.0000000000e+00 2.4099999993e-20
2.0000000000e-01 2.0000000000e-01 0.0000000000e+00 -2.0004880000e-13 3.3354100000e-17 2.0001550000e-13 0.0000000000e+00 5.4100000025e-20
2.1000000000e-01 2.1000000000e-01 0.0000000000e+00 -2.1004890000e-13 3.3474100000e-17 2.1001550000e-13 0.0000000000e+00 7.4099999996e-20
2.2000000000e-01 2.2000000000e-01 0.0000000000e+00 -2.2004910000e-13 3.3585600000e-17 2.2001550000e-13 0.0000000000e+00 1.4399999997e-20
2.3000000000e-01 2.3000000000e-01 0.0000000000e+00 -2.3004920000e-13 3.3689700000e-17 2.3001550000e-13 0.0000000000e+00 1.0299999976e-20
2.4000000000e-01 2.4000000000e-01 0.0000000000e+00 -2.4004930000e-13 3.3787400000e-17 2.4001550000e-13 0.0000000000e+00 1.2600000004e-20
2.5000000000e-01 2.5000000000e-01 0.0000000000e+00 -2.5004930000e-13 3.3879300000e-17 2.5001550000e-13 0.0000000000e+00 7.9299999957e-20
2.6000000000e-01 2.6000000000e-01 0.0000000000e+00 -2.6004940000e-13 3.3966200000e-17 2.6001550000e-13 0.0000000000e+00 6.6200000020e-20
2.7000000000e-01 2.7000000000e-01 0.0000000000e+00 -2.7004950000e-13 3.4048600000e-17 2.7001550000e-13 0.0000000000e+00 4.8599999922e-20
2.8000000000e-01 2.8000000000e-01 0.0000000000e+00 -2.8004960000e-13 3.4126900000e-17 2.8001550000e-13 0.0000000000e+00 2.6899999954e-20
2.9000000000e-01 2.9000000000e-01 0.0000000000e+00 -2.9004970000e-13 3.4201600000e-17 2.9001550000e-13 0.0000000000e+00 1.5999999997e-21
3.0000000000e-01 3.0000000000e-01 0.0000000000e+00 -3.0004970000e-13 3.4273000000e-17 3.0001550000e-13 0.0000000000e+00 7.3000000006e-20
3.1000000000e-01 3.1000000000e-01 0.0000000000e+00 -3.1004980000e-13 3.4341400000e-17 3.1001550000e-13 0.0000000000e+00 4.1399999999e-20
3.2000000000e-01 3.2000000000e-01 0.0000000000e+00 -3.2004990000e-13 3.4407100000e-17 3.2001550000e-13 0.0000000000e+00 7.0999999766e-21
3.3000000000e-01 3.3000000000e-01 0.0000000000e+00 -3.3004990000e-13 3.4470200000e-17 3.3001550000e-13 0.0000000000e+00 7.0200000044e-20
3.4000000000e-01 3.4000000000e-01 0.0000000000e+00 -3.4005000000e-13 3.4531000000e-17 3.4001550000e-13 0.0000000000e+00 3.0999999925e-20
3.5000000000e-01 3.5000000000e-01 0.0000000000e+00 -3.5005010000e-13 3.4589700000e-17 3.5001550000e-13 0.0000000000e+00 1.0300000027e-20
3.6000000000e-01 3.6000000000e-01 0.0000000000e+00 -3.6005010000e-13 3.4646400000e-17 3.6001550000e-13 0.0000000000e+00 4.6399999992e-20
3.7000000000e-01 3.7000000000e-01 0.0000000000e+00 -3.7005020000e-13 3.4701300000e-17 3.7001550000e-13 0.0000000000e+00 1.2999999587e-21
3.8000000000e-01 3.8000000000e-01 0.0000000000e+00 -3.8005020000e-13 3.4754500000e-17 3.8001550000e-13 0.0000000000e+00 5.4499999937e-20
3.9000000000e-01 3.9000000000e-01 0.0000000000e+00 -3.9005030000e-13 3.4806100000e-17 3.9001550000e-13 0.0000000000e+00 6.1000000084e-21
4.0000000000e-01 4.0000000000e-01 0.0000000000e+00 -4.0005030000e-13 3.4856200000e-17 4.0001550000e-13 0.0000000000e+00 5.6199999984e-20
4.1000000000e-01 4.1000000000e-01 0.0000000000e+00 -4.1005040000e-13 3.4904900000e-17 4.1001550000e-13 0.0000000000e+00 4.8999999960e-21
4.2000000000e-01 4.2000000000e-01 0.0000000000e+00 -4.2005040000e-13 3.4952300000e-17 4.2001550000e-13 0.0000000000e+00 5.2299999956e-20
4.3000000000e-01 4.3000000000e-01 0.0000000000e+00 -4.3005050000e-13 3.4998400000e-17 4.3001550000e-13 0.0000000000e+00 1.6000000502e-21
4.4000000000e-01 4.4000000000e-01 0.0000000000e+00 -4.4005050000e-13 3.5043400000e-17 4.4001550000e-13 0.0000000000e+00 4.3399999986e-20
4.5000000000e-01 4.5000000000e-01 0.0000000000e+00 -4.5005060000e-13 3.5087300000e-17 4.5001550000e-13 0.0000000000e+00 1.2700000001e-20
4.6000000000e-01 4.6000000000e-01 0.0000000000e+00 -4.6005060000e-13 3.5130200000e-17 4.6001550000e-13 0.0000000000e+00 3.0200000051e-20
4.7000000000e-01 4.7000000000e-01 0.0000000000e+00 -4.7005060000e-13 3.5172000000e-17 4.7001550000e-13 0.0000000000e+00 7.1999999937e-20
4.8000000000e-01 4.8000000000e-01 0.0000000000e+00 -4.8005070000e-13 3.5213000000e-17 4.8001550000e-13 0.0000000000e+00 1.2999999991e-20
4.9000000000e-01 4.9000000000e-01 0.0000000000e+00 -4.9005070000e-13 3.5253000000e-17 4.9001550000e-13 0.0000000000e+00 5.2999999934e-20
5.0000000000e-01 5.0000000000e-01 0.0000000000e+00 -5.0005080000e-13 3.5292200000e-17 5.0001550000e-13 0.0000000000e+00 7.7999999544e-21
5.1000000000e-01 5.1000000000e-01 0.0000000000e+00 -5.1005080000e-13 3.5330600000e-17 5.1001550000e-13 0.0000000000e+00 3.0600000039e-20
5.2000000000e-01 5.2000000000e-01 0.0000000000e+00 -5.2005080000e-13 3.5368200000e-17 5.2001550000e-13 0.0000000000e+00 6.8199999956e-20
5.3000000000e-01 5.3000000000e-01 0.0000000000e+00 -5.3005090000e-13 3.5405100000e-17 5.3001550000e-13 0.0000000000e+00 5.1000000401e-21
5.4000000000e-01 5.4000000000e-01 0.0000000000e+00 -5.4005090000e-13 3.5441300000e-17 5.4001550000e-13 0.0000000000e+00 4.1300000002e-20
5.5000000000e-01 5.5000000000e-01 0.0000000000e+00 -5.5005090000e-13 3.5476800000e-17 5.5001550000e-13 0.0000000000e+00 7.6800000087e-20
5.6000000000e-01 5.6000000000e-01 0.0000000000e+00 -5.6005100000e-13 3.5511600000e-17 5.6001550000e-13 0.0000000000e+00 1.1599999935e-20
5.7000000000e-01 5.7000000000e-01 0.0000000000e+00 -5.7005100000e-13 3.5545900000e-17 5.7001550000e-13 0.0000000000e+00 4.5899999957e-20
5.8000000000e-01 5.8000000000e-01 0.0000000000e+00 -5.8005100000e-13 3.5579500000e-17 5.8001550000e-13 0.0000000000e+00 7.9499999900e-20
5.9000000000e-01 5.9000000000e-01 0.0000000000e+00 -5.9005110000e-13 3.5612600000e-17 5.9001550000e-13 0.0000000000e+00 1.2599999903e-20
6.0000000000e-01 6.0000000000e-01 0.0000000000e+00 -6.0005110000e-13 3.5645100000e-17 6.0001550000e-13 0.0000000000e+00 4.5099999982e-20
6.1000000000e-01 6.1000000000e-01 0.0000000000e+00 -6.1005110000e-13 3.5677100000e-17 6.1001550000e-13 0.0000000000e+00 7.7099999977e-20
6.2000000000e-01 6.2000000000e-01 0.0000000000e+00 -6.2005120000e-13 3.5708600000e-17 6.2001550000e-13 0.0000000000e+00 8.6000000300e-21
6.3000000000e-01 6.3000000000e-01 0.0000000000e+00 -6.3005120000e-13 3.5739600000e-17 6.3001550000e-13 0.0000000000e+00 3.9599999955e-20
6.4000000000e-01 6.4000000000e-01 0.0000000000e+00 -6.4005120000e-13 3.5770200000e-17 6.4001550000e-13 0.0000000000e+00 7.0199999994e-20
6.5000000000e-01 6.5000000000e-01 0.0000000000e+00 -6.5005130000e-13 3.5800200000e-17 6.5001550000e-13 0.0000000000e+00 1.9999999365e-22
6.6000000000e-01 6.6000000000e-01 0.0000000000e+00 -6.6005130000e-13 3.5829900000e-17 6.6001550000e-13 0.0000000000e+00 2.9899999960e-20
6.7000000000e-01 6.7000000000e-01 0.0000000000e+00 -6.7005130000e-13 3.5859100000e-17 6.7001550000e-13 0.0000000000e+00 5.9100000043e-20
6.8000000000e-01 6.8000000000e-01 0.0000000000e+00 -6.8005140000e-13 3.5887900000e-17 6.8001550000e-13 0.0000000000e+00 1.2100000020e-20
6.9000000000e-01 6.9000000000e-01 0.0000000000e+00 -6.9005140000e-13 3.5916300000e-17 6.9001550000e-13 0.0000000000e+00 1.6300000089e-20
7.0000000000e-01 7.0000000000e-01 0.0000000000e+00 -7.0005140000e-13 3.5944300000e-17 7.0001550000e-13 0.0000000000e+00 4.4300000008e-20
7.1000000000e-01 7.1000000000e-01 0.0000000000e+00 -7.1005140000e-13 3.5972000000e-17 7.1001550000e-13 0.0000000000e+00 7.2000000038e-20
7.2000000000e-01 7.2000000000e-01 0.0000000000e+00 -7.2005150000e-13 3.5999200000e-17 7.2001550000e-13 0.0000000000e+00 8.0000007559e-22
7.3000000000e-01 7.3000000000e-01 0.0000000000e+00 -7.3005150000e-13 3.6026200000e-17 7.3001550000e-13 0.0000000000e+00 2.6199999976e-20
7.4000000000e-01 7.4000000000e-01 0.0000000000e+00 -7.4005150000e-13 3.6052800000e-17 7.4001550000e-13 0.0000000000e+00 5.2799999940e-20
7.5000000000e-01 7.5000000000e-01 0.0000000000e+00 -7.5005150000e-13 3.6079000000e-17 7.5001550000e-13 0.0000000000e+00 7.8999999916e-20
7.6000000000e-01 7.6000000000e-01 0.0000000000e+00 -7.6005160000e-13 3.6105000000e-17 7.6001550000e-13 0.0000000000e+00 4.9999999423e-21
7.7000000000e-01 7.7000000000e-01 0.0000000000e+00 -7.7005160000e-13 3.6130600000e-17 7.7001550000e-13 0.0000000000e+00 3.0599999938e-20
7.8000000000e-01 7.8000000000e-01 0.0000000000e+00 -7.8005160000e-13 3.6155900000e-17 7.8001550000e-13 0.0000000000e+00 5.5899999943e-20
7.9000000000e-01 7.9000000000e-01 0.0000000000e+00 -7.9005160000e-13 3.6181000000e-17 7.9001550000e-13 0.0000000000e+00 8.0999999954e-20
8.0000000000e-01 8.0000000000e-01 0.0000000000e+00 -8.0005170000e-13 3.6205700000e-17 8.0001550000e-13 0.0000000000e+00 5.7000000211e-21
8.1000000000e-01 8.1000000000e-01 0.0000000000e+00 -8.1005170000e-13 3.6230200000e-17 8.1001550000e-13 0.0000000000e+00 3.0200000051e-20
8.2000000000e-01 8.2000000000e-01 0.0000000000e+00 -8.2005170000e-13 3.6254400000e-17 8.2001550000e-13 0.0000000000e+00 5.4399999990e-20
8.3000000000e-01 8.3000000000e-01 0.0000000000e+00 -8.3005170000e-13 3.6278300000e-17 8.3001550000e-13 0.0000000000e+00 7.8300000040e-20
8.4000000000e-01 8.4000000000e-01 0.0000000000e+00 -8.4005180000e-13 3.6302000000e-17 8.4001550000e-13 0.0000000000e+00 1.9999999365e-21
8.5000000000e-01 8.5000000000e-01 0.0000000000e+00 -8.5005180000e-13 3.6325400000e-17 8.5001550000e-13 0.0000000000e+00 2.5400000002e-20
8.6000000000e-01 8.6000000000e-01 0.0000000000e+00 -8.6005180000e-13 3.6348600000e-17 8.6001550000e-13 0.0000000000e+00 4.8600000073e-20
8.7000000000e-01 8.7000000000e-01 0.0000000000e+00 -8.7005180000e-13 3.6371500000e-17 8.7001550000e-13 0.0000000000e+00 7.1500000053e-20
8.8000000000e-01 8.8000000000e-01 0.0000000000e+00 -8.8005190000e-13 3.6394200000e-17 8.8001550000e-13 0.0000000000e+00 5.8000001189e-21
8.9000000000e-01 8.9000000000e-01 0.0000000000e+00 -8.9005190000e-13 3.6416700000e-17 8.9001550000e-13 0.0000000000e+00 1.6699999874e-20
9.0000000000e-01 9.0000000000e-01 0.0000000000e+00 -9.0005190000e-13 3.6438900000e-17 9.0001550000e-13 0.0000000000e+00 3.8899999977e-20
9.1000000000e-01 9.1000000000e-01 0.0000000000e+00 -9.1005190000e-13 3.6461000000e-17 9.1001550000e-13 0.0000000000e+00 6.1000000084e-20
9.2000000000e-01 9.2000000000e-01 0.0000000000e+00 -9.2005200000e-13 3.6482800000e-17 9.2001550000e-13 0.0000000000e+00 1.7200000060e-20
9.3000000000e-01 9.3000000000e-01 0.0000000000e+00 -9.3005200000e-13 3.6504400000e-17 9.3001550000e-13 0.0000000000e+00 4.4000000623e-21
9.4000000000e-01 9.4000000000e-01 0.0000000000e+00 -9.4005200000e-13 3.6525800000e-17 9.4001550000e-13 0.0000000000e+00 2.5799999989e-20
9.5000000000e-01 9.5000000000e-01 0.0000000000e+00 -9.5005200000e-13 3.6547100000e-17 9.5001550000e-13 0.0000000000e+00 4.7099999919e-20
9.6000000000e-01 9.6000000000e-01 0.0000000000e+00 -9.6005200000e-13 3.6568100000e-17 9.6001550000e-13 0.0000000000e+00 6.8099999858e-20
9.7000000000e-01 9.7000000000e-01 0.0000000000e+00 -9.7005210000e-13 3.6588900000e-17 9.7001550000e-13 0.0000000000e+00 1.1100000052e-20
9.8000000000e-01 9.8000000000e-01 0.0000000000e+00 -9.8005210000e-13 3.6609600000e-17 9.8001550000e-13 0.0000000000e+00 9.6000000992e-21
9.9000000000e-01 9.9000000000e-01 0.0000000000e+00 -9.9005210000e-13 3.6630100000e-17 9.9001550000e-13 0.0000000000e+00 3.0100000055e-20
1.0000000000e+00 1.0000000000e+00 0.0000000000e+00 -1.0001000000e-12 3.6650400000e-17 1.0000000000e-12 0.0000000000e+00 6.3349600000e-17
1.0100000000e+00 1.0100000000e+00 0.0000000000e+00 -1.0101000000e-12 3.6670500000e-17 1.0100000000e-12 0.0000000000e+00 6.3329500000e-17
1.0200000000e+00 1.0200000000e+00 0.0000000000e+00 -1.0201000000e-12 3.6690500000e-17 1.0200000000e-12 0.0000000000e+00 6.3309500000e-17
1.0300000000e+00 1.0300000000e+00 0.0000000000e+00 -1.0301000000e-12 3.6710200000e-17 1.0300000000e-12 0.0000000000e+00 6.3289800000e-17
1.0400000000e+00 1.0400000000e+00 0.0000000000e+00 -1.0401000000e-12 3.6729900000e-17 1.0400000000e-12 0.0000000000e+00 6.3270100000e-17
1.0500000000e+00 1.0500000000e+00 0.0000000000e+00 -1.0501000000e-12 3.6749300000e-17 1.0500000000e-12 0.0000000000e+00 6.3250700000e-17
1.0600000000e+00 1.0600000000e+00 0.0000000000e+00 -1.0601000000e-12 3.6768600000e-17 1.0600000000e-12 0.0000000000e+00 6.3231400000e-17
1.0700000000e+00 1.0700000000e+00 0.0000000000e+00 -1.0701000000e-12 3.6787800000e-17 1.0700000000e-12 0.0000000000e+00 6.3212200000e-17
1.0800000000e+00 1.0800000000e+00 0.0000000000e+00 -1.0801000000e-12 3.6806800000e-17 1.0800000000e-12 0.0000000000e+00 6.3193200000e-17
1.0900000000e+00 1.0900000000e+00 0.0000000000e+00 -1.0901000000e-12 3.6825700000e-17 1.0900000000e-12 0.0000000000e+00 6.3174300000e-17
1.1000000000e+00 1.1000000000e+00 0.0000000000e+00 -1.1001000000e-12 3.6844400000e-17 1.1000000000e-12 0.0000000000e+00 6.3155600000e-17
1.1100000000e+00 1.1100000000e+00 0.0000000000e+00 -1.1101000000e-12 3.6863000000e-17 1.1100000000e-12 0.0000000000e+00 6.3137000000e-17
1.1200000000e+00 1.1200000000e+00 0.0000000000e+00 -1.1201000000e-12 3.6881400000e-17 1.1200000000e-12 0.0000000000e+00 6.3118600000e-17
1.1300000000e+00 1.1300000000e+00 0.0000000000e+00 -1.1301000000e-12 3.6899700000e-17 1.1300000000e-12 0.0000000000e+00 6.3100300000e-17
1.1400000000e+00 1.1400000000e+00 0.0000000000e+00 -1.1401000000e-12 3.6917800000e-17 1.1400000000e-12 0.0000000000e+00 6.3082200000e-17
1.1500000000e+00 1.1500000000e+00 0.0000000000e+00 -1.1501000000e-12 3.6935900000e-17 1.1500000000e-12 0.0000000000e+00 6.3064100000e-17
1.1600000000e+00 1.1600000000e+00 0.0000000000e+00 -1.1601000000e-12 3.6953800000e-17 1.1600000000e-12 0.0000000000e+00 6.3046200000e-17
1.1700000000e+00 1.1700000000e+00 0.0000000000e+00 -1.1701000000e-12 3.6971600000e-17 1.1700000000e-12 0.0000000000e+00 6.3028400000e-17
1.1800000000e+00 1.1800000000e+00 0.0000000000e+00 -1.1801000000e-12 3.6989200000e-17 1.1800000000e-12 0.0000000000e+00 6.3010800000e-17
1.1900000000e+00 1.1900000000e+00 0.0000000000e+00 -1.1901000000e-12 3.7006700000e-17 1.1900000000e-12 0.0000000000e+00 6.2993300000e-17
1.2000000000e+00 1.2000000000e+00 0.0000000000e+00 -1.2001000000e-12 3.7024100000e-17 1.2000000000e-12 0.0000000000e+00 6.2975900000e-17
0.0000000000e+00 0.0000000000e+00 2.0000000000e-01 0.0000000000e+00 0.0000000000e+00 0.0000000000e+00 0.0000000000e+00 0.0000000000e+00
1.0000000000e-02 1.0000000000e-02 2.0000000000e-01 -5.6459900000e-14 4.6454900000e-14 1.0005000000e-14 0.0000000000e+00 1.1044052673e-29
2.0000000000e-02 2.0000000000e-02 2.0000000000e-01 -9.7187800000e-14 7.7179400000e-14 2.0008400000e-14 0.0000000000e+00 9.4663308627e-30
3.0000000000e-02 3.0000000000e-02 2.0000000000e-01 -1.2738140000e-13 9.7370700000e-14 3.0010700000e-14 0.0000000000e+00 0.0000000000e+00
4.0000000000e-02 4.0000000000e-02 2.0000000000e-01 -1.5082640000e-13 1.1081410000e-13 4.0012300000e-14 0.0000000000e+00 6.3108872418e-30
5.0000000000e-02 5.0000000000e-02 2.0000000000e-01 -1.7001540000e-13 1.2000210000e-13 5.0013300000e-14 0.0000000000e+00 1.2621774484e-29
6.0000000000e-02 6.0000000000e-02 2.0000000000e-01 -1.8650330000e-13 1.2648930000e-13 6.0014000000e-14 0.0000000000e+00 1.2621774484e-29
7.0000000000e-02 7.0000000000e-02 2.0000000000e-01 -2.0124240000e-13 1.3122790000e-13 7.0014500000e-14 0.0000000000e+00 1.2621774484e-29
8.0000000000e-02 8.0000000000e-02 2.0000000000e-01 -2.1481870000e-13 1.3480390000e-13 8.0014800000e-14 0.0000000000e+00 0.0000000000e+00
9.0000000000e-02 9.0000000000e-02 2.0000000000e-01 -2.2759940000e-13 1.3758440000e-13 9.0015000000e-14 0.0000000000e+00 1.2621774484e-29
1.0000000000e-01 1.0000000000e-01 2.0000000000e-01 -2.3982020000e-13 1.3980500000e-13 1.0001520000e-13 0.0000000000e+00 3.7865323451e-29
1.1000000000e-01 1.1000000000e-01 2.0000000000e-01 -2.5163620000e-13 1.4162090000e-13 1.1001530000e-13 0.0000000000e+00 2.5243548967e-29
1.2000000000e-01 1.2000000000e-01 2.0000000000e-01 -2.6315230000e-13 1.4313690000e-13 1.2001530000e-13 0.0000000000e+00 1.0000000003e-19
1.3000000000e-01 1.3000000000e-01 2.0000000000e-01 -2.7444110000e-13 1.4442570000e-13 1.3001540000e-13 0.0000000000e+00 0.0000000000e+00
1.4000000000e-01 1.4000000000e-01 2.0000000000e-01 -2.8555420000e-13 1.4553870000e-13 1.4001540000e-13 0.0000000000e+00 9.9999999957e-20
1.5000000000e-01 1.5000000000e-01 2.0000000000e-01 -2.9652870000e-13 1.4651330000e-13 1.5001540000e-13 0.0000000000e+00 2.5243548967e-29
1.6000000000e-01 1.6000000000e-01 2.0000000000e-01 -3.0739240000e-13 1.4737700000e-13 1.6001540000e-13 0.0000000000e+00 2.5243548967e-29
1.7000000000e-01 1.7000000000e-01 2.0000000000e-01 -3.1816590000e-13 1.4815050000e-13 1.7001540000e-13 0.0000000000e+00 2.5243548967e-29
1.8000000000e-01 1.8000000000e-01 2.0000000000e-01 -3.2886510000e-13 1.4884960000e-13 1.8001550000e-13 0.0000000000e+00 5.0487097934e-29
1.9000000000e-01 1.9000000000e-01 2.0000000000e-01 -3.3950220000e-13 1.4948670000e-13 1.9001550000e-13 0.0000000000e+00 0.0000000000e+00
2.0000000000e-01 2.0000000000e-01 2.0000000000e-01 -3.5008700000e-13 1.5007150000e-13 2.0001550000e-13 0.0000000000e+00 0.0000000000e+00
2.1000000000e-01 2.1000000000e-01 2.0000000000e-01 -3.6062710000e-13 1.5061170000e-13 2.1001550000e-13 0.0000000000e+00 1.0000000006e-19
2.2000000000e-01 2.2000000000e-01 2.0000000000e-01 -3.7112890000e-13 1.5111340000e-13 2.2001550000e-13 0.0000000000e+00 0.0000000000e+00
2.3000000000e-01 2.3000000000e-01 2.0000000000e-01 -3.8159740000e-13 1.5158190000e-13 2.3001550000e-13 0.0000000000e+00 5.0487097934e-29
2.4000000000e-01 2.4000000000e-01 2.0000000000e-01 -3.9203670000e-13 1.5202120000e-13 2.4001550000e-13 0.0000000000e+00 5.0487097934e-29
2.5000000000e-01 2.5000000000e-01 2.0000000000e-01 -4.0245040000e-13 1.5243490000e-13 2.5001550000e-13 0.0000000000e+00 0.0000000000e+00
2.6000000000e-01 2.6000000000e-01 2.0000000000e-01 -4.1284130000e-13 1.5282580000e-13 2.6001550000e-13 0.0000000000e+00 5.0487097934e-29
2.7000000000e-01 2.7000000000e-01 2.0000000000e-01 -4.2321190000e-13 1.5319650000e-13 2.7001550000e-13 0.0000000000e+00 9.9999999906e-20
2.8000000000e-01 2.8000000000e-01 2.0000000000e-01 -4.3356440000e-13 1.5354890000e-13 2.8001550000e-13 0.0000000000e+00 0.0000000000e+00
2.9000000000e-01 2.9000000000e-01 2.0000000000e-01 -4.4390050000e-13 1.5388500000e-13 2.9001550000e-13 0.0000000000e+00 5.0487097934e-29
3.0000000000e-01 3.0000000000e-01 2.0000000000e-01 -4.5422170000e-13 1.5420620000e-13 3.0001550000e-13 0.0000000000e+00 0.0000000000e+00
3.1000000000e-01 3.1000000000e-01 2.0000000000e-01 -4.6452940000e-13 1.5451390000e-13 3.1001550000e-13 0.0000000000e+00 5.0487097934e-29
3.2000000000e-01 3.2000000000e-01 2.0000000000e-01 -4.7482480000e-13 1.5480930000e-13 3.2001550000e-13 0.0000000000e+00 0.0000000000e+00
3.3000000000e-01 3.3000000000e-01 2.0000000000e-01 -4.8510890000e-13 1.5509340000e-13 3.3001550000e-13 0.0000000000e+00 5.0487097934e-29
3.4000000000e-01 3.4000000000e-01 2.0000000000e-01 -4.9538250000e-13 1.5536710000e-13 3.4001550000e-13 0.0000000000e+00 1.0000000001e-19
3.5000000000e-01 3.5000000000e-01 2.0000000000e-01 -5.0564660000e-13 1.5563120000e-13 3.5001550000e-13 0.0000000000e+00 9.9999999957e-20
3.6000000000e-01 3.6000000000e-01 2.0000000000e-01 -5.1590180000e-13 1.5588640000e-13 3.6001550000e-13 0.0000000000e+00 1.0000000001e-19
3.7000000000e-01 3.7000000000e-01 2.0000000000e-01 -5.2614880000e-13 1.5613330000e-13 3.7001550000e-13 0.0000000000e+00 5.0487097934e-29
3.8000000000e-01 3.8000000000e-01 2.0000000000e-01 -5.3638810000e-13 1.5637260000e-13 3.8001550000e-13 0.0000000000e+00 0.0000000000e+00
3.9000000000e-01 3.9000000000e-01 2.0000000000e-01 -5.4662020000e-13 1.5660470000e-13 3.9001550000e-13 0.0000000000e+00 1.0097419587e-28
4.0000000000e-01 4.0000000000e-01 2.0000000000e-01 -5.5684560000e-13 1.5683010000e-13 4.0001550000e-13 0.0000000000e+00 5.0487097934e-29
4.1000000000e-01 4.1000000000e-01 2.0000000000e-01 -5.6706470000e-13 1.5704920000e-13 4.1001550000e-13 0.0000000000e+00 5.0487097934e-29
4.2000000000e-01 4.2000000000e-01 2.0000000000e-01 -5.7727790000e-13 1.5726250000e-13 4.2001550000e-13 0.0000000000e+00 9.9999999957e-20
4.3000000000e-01 4.3000000000e-01 2.0000000000e-01 -5.8748560000e-13 1.5747010000e-13 4.3001550000e-13 0.0000000000e+00 5.0487097934e-29
4.4000000000e-01 4.4000000000e-01 2.0000000000e-01 -5.9768800000e-13 1.5767260000e-13 4.4001550000e-13 0.0000000000e+00 1.0000000001e-19
4.5000000000e-01 4.5000000000e-01 2.0000000000e-01 -6.0788550000e-13 1.5787000000e-13 4.5001550000e-13 0.0000000000e+00 5.0487097934e-29
4.6000000000e-01 4.6000000000e-01 2.0000000000e-01 -6.1807830000e-13 1.5806280000e-13 4.6001550000e-13 0.0000000000e+00 0.0000000000e+00
4.7000000000e-01 4.7000000000e-01 2.0000000000e-01 -6.2826670000e-13 1.5825120000e-13 4.7001550000e-13 0.0000000000e+00 0.0000000000e+00
4.8000000000e-01 4.8000000000e-01 2.0000000000e-01 -6.3845080000e-13 1.5843540000e-13 4.8001550000e-13 0.0000000000e+00 1.0000000006e-19
4.9000000000e-01 4.9000000000e-01 2.0000000000e-01 -6.4863100000e-13 1.5861550000e-13 4.9001550000e-13 0.0000000000e+00 0.0000000000e+00
5.0000000000e-01 5.0000000000e-01 2.0000000000e-01 -6.5880730000e-13 1.5879180000e-13 5.0001550000e-13 0.0000000000e+00 1.0097419587e-28
5.1000000000e-01 5.1000000000e-01 2.0000000000e-01 -6.6898000000e-13 1.5896460000e-13 5.1001550000e-13 0.0000000000e+00 9.9999999957e-20
5.2000000000e-01 5.2000000000e-01 2.0000000000e-01 -6.7914930000e-13 1.5913380000e-13 5.2001550000e-13 0.0000000000e+00 1.0097419587e-28
5.3000000000e-01 5.3000000000e-01 2.0000000000e-01 -6.8931520000e-13 1.5929980000e-13 5.3001550000e-13 0.0000000000e+00 9.9999999957e-20
5.4000000000e-01 5.4000000000e-01 2.0000000000e-01 -6.9947800000e-13 1.5946250000e-13 5.4001550000e-13 0.0000000000e+00 0.0000000000e+00
5.5000000000e-01 5.5000000000e-01 2.0000000000e-01 -7.0963780000e-13 1.5962230000e-13 5.5001550000e-13 0.0000000000e+00 0.0000000000e+00
5.6000000000e-01 5.6000000000e-01 2.0000000000e-01 -7.1979460000e-13 1.5977910000e-13 5.6001550000e-13 0.0000000000e+00 0.0000000000e+00
5.7000000000e-01 5.7000000000e-01 2.0000000000e-01 -7.2994870000e-13 1.5993320000e-13 5.7001550000e-13 0.0000000000e+00 0.0000000000e+00
5.8000000000e-01 5.8000000000e-01 2.0000000000e-01 -7.4010010000e-13 1.6008460000e-13 5.8001550000e-13 0.0000000000e+00 1.0097419587e-28
5.9000000000e-01 5.9000000000e-01 2.0000000000e-01 -7.5024890000e-13 1.6023350000e-13 5.9001550000e-13 0.0000000000e+00 9.9999999856e-20
6.0000000000e-01 6.0000000000e-01 2.0000000000e-01 -7.6039530000e-13 1.6037980000e-13 6.0001550000e-13 0.0000000000e+00 1.0097419587e-28
6.1000000000e-01 6.1000000000e-01 2.0000000000e-01 -7.7053930000e-13 1.6052380000e-13 6.1001550000e-13 0.0000000000e+00 1.0097419587e-28
6.2000000000e-01 6.2000000000e-01 2.0000000000e-01 -7.8068100000e-13 1.6066550000e-13 6.2001550000e-13 0.0000000000e+00 1.0097419587e-28
6.3000000000e-01 6.3000000000e-01 2.0000000000e-01 -7.9082050000e-13 1.6080500000e-13 6.3001550000e-13 0.0000000000e+00 1.0097419587e-28
6.4000000000e-01 6.4000000000e-01 2.0000000000e-01 -8.0095790000e-13 1.6094240000e-13 6.4001550000e-13 0.0000000000e+00 0.0000000000e+00
6.5000000000e-01 6.5000000000e-01 2.0000000000e-01 -8.1109320000e-13 1.6107780000e-13 6.5001550000e-13 0.0000000000e+00 9.9999999957e-20
6.6000000000e-01 6.6000000000e-01 2.0000000000e-01 -8.2122660000e-13 1.6121110000e-13 6.6001550000e-13 0.0000000000e+00 0.0000000000e+00
6.7000000000e-01 6.7000000000e-01 2.0000000000e-01 -8.3135800000e-13 1.6134260000e-13 6.7001550000e-13 0.0000000000e+00 9.9999999957e-20
6.8000000000e-01 6.8000000000e-01 2.0000000000e-01 -8.4148760000e-13 1.6147210000e-13 6.8001550000e-13 0.0000000000e+00 1.0097419587e-28
6.9000000000e-01 6.9000000000e-01 2.0000000000e-01 -8.5161540000e-13 1.6159990000e-13 6.9001550000e-13 0.0000000000e+00 1.0097419587e-28
7.0000000000e-01 7.0000000000e-01 2.0000000000e-01 -8.6174150000e-13 1.6172600000e-13 7.0001550000e-13 0.0000000000e+00 1.0097419587e-28
7.1000000000e-01 7.1000000000e-01 2.0000000000e-01 -8.7186580000e-13 1.6185040000e-13 7.1001550000e-13 0.0000000000e+00 9.9999999957e-20
7.2000000000e-01 7.2000000000e-01 2.0000000000e-01 -8.8198860000e-13 1.6197310000e-13 7.2001550000e-13 0.0000000000e+00 0.0000000000e+00
7.3000000000e-01 7.3000000000e-01 2.0000000000e-01 -8.9210980000e-13 1.6209430000e-13 7.3001550000e-13 0.0000000000e+00 1.0097419587e-28
7.4000000000e-01 7.4000000000e-01 2.0000000000e-01 -9.0222940000e-13 1.6221390000e-13 7.4001550000e-13 0.0000000000e+00 1.0097419587e-28
7.5000000000e-01 7.5000000000e-01 2.0000000000e-01 -9.1234760000e-13 1.6233210000e-13 7.5001550000e-13 0.0000000000e+00 1.0097419587e-28
7.6000000000e-01 7.6000000000e-01 2.0000000000e-01 -9.2246430000e-13 1.6244880000e-13 7.6001550000e-13 0.0000000000e+00 1.0097419587e-28
7.7000000000e-01 7.7000000000e-01 2.0000000000e-01 -9.3257960000e-13 1.6256410000e-13 7.7001550000e-13 0.0000000000e+00 0.0000000000e+00
7.8000000000e-01 7.8000000000e-01 2.0000000000e-01 -9.4269360000e-13 1.6267810000e-13 7.8001550000e-13 0.0000000000e+00 1.0097419587e-28
7.9000000000e-01 7.9000000000e-01 2.0000000000e-01 -9.5280620000e-13 1.6279070000e-13 7.9001550000e-13 0.0000000000e+00 1.0097419587e-28
8.0000000000e-01 8.0000000000e-01 2.0000000000e-01 -9.6291750000e-13 1.6290200000e-13 8.0001550000e-13 0.0000000000e+00 0.0000000000e+00
8.1000000000e-01 8.1000000000e-01 2.0000000000e-01 -9.7302760000e-13 1.6301210000e-13 8.1001550000e-13 0.0000000000e+00 1.0097419587e-28
8.2000000000e-01 8.2000000000e-01 2.0000000000e-01 -9.8313640000e-13 1.6312100000e-13 8.2001550000e-13 0.0000000000e+00 9.9999999856e-20
8.3000000000e-01 8.3000000000e-01 2.0000000000e-01 -9.9324410000e-13 1.6322870000e-13 8.3001550000e-13 0.0000000000e+00 9.9999999957e-20
8.4000000000e-01 8.4000000000e-01 2.0000000000e-01 -1.0034000000e-12 1.6333520000e-13 8.4001550000e-13 0.0000000000e+00 4.9300000000e-17
8.5000000000e-01 8.5000000000e-01 2.0000000000e-01 -1.0135000000e-12 1.6344050000e-13 8.5001550000e-13 0.0000000000e+00 4.4000000000e-17
8.6000000000e-01 8.6000000000e-01 2.0000000000e-01 -1.0236000000e-12 1.6354480000e-13 8.6001550000e-13 0.0000000000e+00 3.9700000000e-17
8.7000000000e-01 8.7000000000e-01 2.0000000000e-01 -1.0337000000e-12 1.6364800000e-13 8.7001550000e-13 0.0000000000e+00 3.6500000000e-17
8.8000000000e-01 8.8000000000e-01 2.0000000000e-01 -1.0438000000e-12 1.6375020000e-13 8.8001550000e-13 0.0000000000e+00 3.4300000000e-17
8.9000000000e-01 8.9000000000e-01 2.0000000000e-01 -1.0539000000e-12 1.6385130000e-13 8.9001550000e-13 0.0000000000e+00 3.3200000000e-17
9.0000000000e-01 9.0000000000e-01 2.0000000000e-01 -1.0640000000e-12 1.6395150000e-13 9.0001550000e-13 0.0000000000e+00 3.3000000000e-17
9.1000000000e-01 9.1000000000e-01 2.0000000000e-01 -1.0741000000e-12 1.6405060000e-13 9.1001550000e-13 0.0000000000e+00 3.3900000000e-17
9.2000000000e-01 9.2000000000e-01 2.0000000000e-01 -1.0842000000e-12 1.6414890000e-13 9.2001550000e-13 0.0000000000e+00 3.5600000000e-17
9.3000000000e-01 9.3000000000e-01 2.0000000000e-01 -1.0943000000e-12 1.6424610000e-13 9.3001550000e-13 0.0000000000e+00 3.8400000000e-17
9.4000000000e-01 9.4000000000e-01 2.0000000000e-01 -1.1044000000e-12 1.6434250000e-13 9.4001550000e-13 0.0000000000e+00 4.2000000000e-17
9.5000000000e-01 9.5000000000e-01 2.0000000000e-01 -1.1145000000e-12 1.6443800000e-13 9.5001550000e-13 0.0000000000e+00 4.6500000000e-17
9.6000000000e-01 9.6000000000e-01 2.0000000000e-01 -1.1245000000e-12 1.6453260000e-13 9.6001550000e-13 0.0000000000e+00 4.8100000000e-17
9.7000000000e-01 9.7000000000e-01 2.0000000000e-01 -1.1346000000e-12 1.6462640000e-13 9.7001550000e-13 0.0000000000e+00 4.1900000000e-17
9.8000000000e-01 9.8000000000e-01 2.0000000000e-01 -1.1447000000e-12 1.6471930000e-13 9.8001550000e-13 0.0000000000e+00 3.4800000000e-17
9.9000000000e-01 9.9000000000e-01 2.0000000000e-01 -1.1548000000e-12 1.6481140000e-13 9.9001550000e-13 0.0000000000e+00 2.6900000000e-17
1.0000000000e+00 1.0000000000e+00 2.0000000000e-01 -1.1649000000e-12 1.6490280000e-13 1.0000000000e-12 0.0000000000e+00 2.8000000000e-18
1.0100000000e+00 1.0100000000e+00 2.0000000000e-01 -1.1750000000e-12 1.6499330000e-13 1.0100000000e-12 0.0000000000e+00 6.7000000000e-18
1.0200000000e+00 1.0200000000e+00 2.0000000000e-01 -1.1851000000e-12 1.6508310000e-13 1.0200000000e-12 0.0000000000e+00 1.6900000000e-17
1.0300000000e+00 1.0300000000e+00 2.0000000000e-01 -1.1952000000e-12 1.6517210000e-13 1.0300000000e-12 0.0000000000e+00 2.7900000000e-17
1.0400000000e+00 1.0400000000e+00 2.0000000000e-01 -1.2053000000e-12 1.6526050000e-13 1.0400000000e-12 0.0000000000e+00 3.9500000000e-17
1.0500000000e+00 1.0500000000e+00 2.0000000000e-01 -1.2154000000e-12 1.6534800000e-13 1.0500000000e-12 0.0000000000e+00 5.2000000000e-17
1.0600000000e+00 1.0600000000e+00 2.0000000000e-01 -1.2255000000e-12 1.6543490000e-13 1.0600000000e-12 0.0000000000e+00 6.5100000000e-17
1.0700000000e+00 1.0700000000e+00 2.0000000000e-01 -1.2355000000e-12 1.6552110000e-13 1.0700000000e-12 0.0000000000e+00 2.1100000000e-17
1.0800000000e+00 1.0800000000e+00 2.0000000000e-01 -1.2456000000e-12 1.6560660000e-13 1.0800000000e-12 0.0000000000e+00 6.6000000000e-18
1.0900000000e+00 1.0900000000e+00 2.0000000000e-01 -1.2557000000e-12 1.6569150000e-13 1.0900000000e-12 0.0000000000e+00 8.5000000001e-18
1.1000000000e+00 1.1000000000e+00 2.0000000000e-01 -1.2658000000e-12 1.6577570000e-13 1.1000000000e-12 0.0000000000e+00 2.4300000000e-17
1.1100000000e+00 1.1100000000e+00 2.0000000000e-01 -1.2759000000e-12 1.6585930000e-13 1.1100000000e-12 0.0000000000e+00 4.0700000000e-17
1.1200000000e+00 1.1200000000e+00 2.0000000000e-01 -1.2860000000e-12 1.6594220000e-13 1.1200000000e-12 0.0000000000e+00 5.7800000000e-17
1.1300000000e+00 1.1300000000e+00 2.0000000000e-01 -1.2960000000e-12 1.6602450000e-13 1.1300000000e-12 0.0000000000e+00 2.4500000000e-17
1.1400000000e+00 1.1400000000e+00 2.0000000000e-01 -1.3061000000e-12 1.6610620000e-13 1.1400000000e-12 0.0000000000e+00 6.1999999997e-18
1.1500000000e+00 1.1500000000e+00 2.0000000000e-01 -1.3162000000e-12 1.6618740000e-13 1.1500000000e-12 0.0000000000e+00 1.2600000000e-17
1.1600000000e+00 1.1600000000e+00 2.0000000000e-01 -1.3263000000e-12 1.6626790000e-13 1.1600000000e-12 0.0000000000e+00 3.2100000000e-17
1.1700000000e+00 1.1700000000e+00 2.0000000000e-01 -1.3364000000e-12 1.6634790000e-13 1.1700000000e-12 0.0000000000e+00 5.2100000000e-17
1.1800000000e+00 1.1800000000e+00 2.0000000000e-01 -1.3464000000e-12 1.6642730000e-13 1.1800000000e-12 0.0000000000e+00 2.7300000000e-17
1.1900000000e+00 1.1900000000e+00 2.0000000000e-01 -1.3565000000e-12 1.6650620000e-13 1.1900000000e-12 0.0000000000e+00 6.2000000001e-18
1.2000000000e+00 1.2000000000e+00 2.0000000000e-01 -1.3666000000e-12 1.6658450000e-13 1.2000000000e-12 0.0000000000e+00 1.5500000000e-17
0.0000000000e+00 0.0000000000e+00 4.0000000000e-01 0.0000000000e+00 0.0000000000e+00 0.0000000000e+00 0.0000000000e+00 0.0000000000e+00
1.0000000000e-02 1.0000000000e-02 4.0000000000e-01 -8.4955000000e-12 8.4855000000e-12 1.0005000000e-14 0.0000000000e+00 4.9999999998e-18
2.0000000000e-02 2.0000000000e-02 4.0000000000e-01 -1.4117600000e-11 1.4097600000e-11 2.0008400000e-14 0.0000000000e+00 8.3999999997e-18
3.0000000000e-02 3.0000000000e-02 4.0000000000e-01 -1.7815800000e-11 1.7785800000e-11 3.0010700000e-14 0.0000000000e+00 1.0699999998e-17
4.0000000000e-02 4.0000000000e-02 4.0000000000e-01 -2.0281400000e-11 2.0241400000e-11 4.0012300000e-14 0.0000000000e+00 1.2299999999e-17
5.0000000000e-02 5.0000000000e-02 4.0000000000e-01 -2.1969700000e-11 2.1919700000e-11 5.0013300000e-14 0.0000000000e+00 1.3300000001e-17
6.0000000000e-02 6.0000000000e-02 4.0000000000e-01 -2.3164700000e-11 2.3104600000e-11 6.0014000000e-14 0.0000000000e+00 8.5999999997e-17
7.0000000000e-02 7.0000000000e-02 4.0000000000e-01 -2.4040200000e-11 2.3970200000e-11 7.0014500000e-14 0.0000000000e+00 1.4500000001e-17
8.0000000000e-02 8.0000000000e-02 4.0000000000e-01 -2.4703400000e-11 2.4623400000e-11 8.0014800000e-14 0.0000000000e+00 1.4800000002e-17
9.0000000000e-02 9.0000000000e-02 4.0000000000e-01 -2.5221300000e-11 2.5131300000e-11 9.0015000000e-14 0.0000000000e+00 1.5000000000e-17
1.0000000000e-01 1.0000000000e-01 4.0000000000e-01 -2.5636900000e-11 2.5536900000e-11 1.0001520000e-13 0.0000000000e+00 1.5199999998e-17
1.1000000000e-01 1.1000000000e-01 4.0000000000e-01 -2.5978600000e-11 2.5868600000e-11 1.1001530000e-13 0.0000000000e+00 1.5300000000e-17
1.2000000000e-01 1.2000000000e-01 4.0000000000e-01 -2.6265500000e-11 2.6145500000e-11 1.2001530000e-13 0.0000000000e+00 1.5299999998e-17
1.3000000000e-01 1.3000000000e-01 4.0000000000e-01 -2.6510900000e-11 2.6380900000e-11 1.3001540000e-13 0.0000000000e+00 1.5400000000e-17
1.4000000000e-01 1.4000000000e-01 4.0000000000e-01 -2.6724200000e-11 2.6584200000e-11 1.4001540000e-13 0.0000000000e+00 1.5399999998e-17
1.5000000000e-01 1.5000000000e-01 4.0000000000e-01 -2.6912300000e-11 2.6762200000e-11 1.5001540000e-13 0.0000000000e+00 8.4599999997e-17
1.6000000000e-01 1.6000000000e-01 4.0000000000e-01 -2.7080000000e-11 2.6920000000e-11 1.6001540000e-13 0.0000000000e+00 1.5400000004e-17
1.7000000000e-01 1.7000000000e-01 4.0000000000e-01 -2.7231300000e-11 2.7061300000e-11 1.7001540000e-13 0.0000000000e+00 1.5399999999e-17
1.8000000000e-01 1.8000000000e-01 4.0000000000e-01 -2.7369000000e-11 2.7189000000e-11 1.8001550000e-13 0.0000000000e+00 1.5500000000e-17
1.9000000000e-01 1.9000000000e-01 4.0000000000e-01 -2.7495400000e-11 2.7305400000e-11 1.9001550000e-13 0.0000000000e+00 1.5499999999e-17
2.0000000000e-01 2.0000000000e-01 4.0000000000e-01 -2.7612200000e-11 2.7412200000e-11 2.0001550000e-13 0.0000000000e+00 1.5499999997e-17
2.1000000000e-01 2.1000000000e-01 4.0000000000e-01 -2.7720900000e-11 2.7510900000e-11 2.1001550000e-13 0.0000000000e+00 1.5500000002e-17
2.2000000000e-01 2.2000000000e-01 4.0000000000e-01 -2.7822500000e-11 2.7602500000e-11 2.2001550000e-13 0.0000000000e+00 1.5500000000e-17
2.3000000000e-01 2.3000000000e-01 4.0000000000e-01 -2.7918100000e-11 2.7688100000e-11 2.3001550000e-13 0.0000000000e+00 1.5500000001e-17
2.4000000000e-01 2.4000000000e-01 4.0000000000e-01 -2.8008300000e-11 2.7768300000e-11 2.4001550000e-13 0.0000000000e+00 1.5500000003e-17
2.5000000000e-01 2.5000000000e-01 4.0000000000e-01 -2.8093900000e-11 2.7843900000e-11 2.5001550000e-13 0.0000000000e+00 1.5500000001e-17
2.6000000000e-01 2.6000000000e-01 4.0000000000e-01 -2.8175300000e-11 2.7915300000e-11 2.6001550000e-13 0.0000000000e+00 1.5499999996e-17
2.7000000000e-01 2.7000000000e-01 4.0000000000e-01 -2.8253000000e-11 2.7983000000e-11 2.7001550000e-13 0.0000000000e+00 1.5500000001e-17
2.8000000000e-01 2.8000000000e-01 4.0000000000e-01 -2.8327400000e-11 2.8047400000e-11 2.8001550000e-13 0.0000000000e+00 1.5499999999e-17
2.9000000000e-01 2.9000000000e-01 4.0000000000e-01 -2.8398800000e-11 2.8108800000e-11 2.9001550000e-13 0.0000000000e+00 1.5499999997e-17
3.0000000000e-01 3.0000000000e-01 4.0000000000e-01 -2.8467500000e-11 2.8167400000e-11 3.0001550000e-13 0.0000000000e+00 8.4500000001e-17
3.1000000000e-01 3.1000000000e-01 4.0000000000e-01 -2.8533700000e-11 2.8223600000e-11 3.1001550000e-13 0.0000000000e+00 8.4499999996e-17
3.2000000000e-01 3.2000000000e-01 4.0000000000e-01 -2.8597600000e-11 2.8277600000e-11 3.2001550000e-13 0.0000000000e+00 1.5499999998e-17
3.3000000000e-01 3.3000000000e-01 4.0000000000e-01 -2.8659500000e-11 2.8329500000e-11 3.3001550000e-13 0.0000000000e+00 1.5500000000e-17
3.4000000000e-01 3.4000000000e-01 4.0000000000e-01 -2.8719500000e-11 2.8379500000e-11 3.4001550000e-13 0.0000000000e+00 1.5499999998e-17
3.5000000000e-01 3.5000000000e-01 4.0000000000e-01 -2.8777700000e-11 2.8427700000e-11 3.5001550000e-13 0.0000000000e+00 1.5500000002e-17
3.6000000000e-01 3.6000000000e-01 4.0000000000e-01 -2.8834400000e-11 2.8474300000e-11 3.6001550000e-13 0.0000000000e+00 8.4499999999e-17
3.7000000000e-01 3.7000000000e-01 4.0000000000e-01 -2.8889500000e-11 2.8519400000e-11 3.7001550000e-13 0.0000000000e+00 8.4500000001e-17
3.8000000000e-01 3.8000000000e-01 4.0000000000e-01 -2.8943200000e-11 2.8563200000e-11 3.8001550000e-13 0.0000000000e+00 1.5499999997e-17
3.9000000000e-01 3.9000000000e-01 4.0000000000e-01 -2.8995600000e-11 2.8605500000e-11 3.9001550000e-13 0.0000000000e+00 8.4500000001e-17
4.0000000000e-01 4.0000000000e-01 4.0000000000e-01 -2.9046700000e-11 2.8646700000e-11 4.0001550000e-13 0.0000000000e+00 1.5499999997e-17
4.1000000000e-01 4.1000000000e-01 4.0000000000e-01 -2.9096800000e-11 2.8686700000e-11 4.1001550000e-13 0.0000000000e+00 8.4500000004e-17
4.2000000000e-01 4.2000000000e-01 4.0000000000e-01 -2.9145700000e-11 2.8725700000e-11 4.2001550000e-13 0.0000000000e+00 1.5499999997e-17
4.3000000000e-01 4.3000000000e-01 4.0000000000e-01 -2.9193600000e-11 2.8763600000e-11 4.3001550000e-13 0.0000000000e+00 1.5499999998e-17
4.4000000000e-01 4.4000000000e-01 4.0000000000e-01 -2.9240600000e-11 2.8800600000e-11 4.4001550000e-13 0.0000000000e+00 1.5499999999e-17
4.5000000000e-01 4.5000000000e-01 4.0000000000e-01 -2.9286700000e-11 2.8836700000e-11 4.5001550000e-13 0.0000000000e+00 1.5500000001e-17
4.6000000000e-01 4.6000000000e-01 4.0000000000e-01 -2.9331900000e-11 2.8871900000e-11 4.6001550000e-13 0.0000000000e+00 1.5499999999e-17
4.7000000000e-01 4.7000000000e-01 4.0000000000e-01 -2.9376300000e-11 2.8906300000e-11 4.7001550000e-13 0.0000000000e+00 1.5499999997e-17
4.8000000000e-01 4.8000000000e-01 4.0000000000e-01 -2.9420000000e-11 2.8939900000e-11 4.8001550000e-13 0.0000000000e+00 8.4500000001e-17
4.9000000000e-01 4.9000000000e-01 4.0000000000e-01 -2.9462900000e-11 2.8972800000e-11 4.9001550000e-13 0.0000000000e+00 8.4500000003e-17
5.0000000000e-01 5.0000000000e-01 4.0000000000e-01 -2.9505100000e-11 2.9005100000e-11 5.0001550000e-13 0.0000000000e+00 1.5499999999e-17
5.1000000000e-01 5.1000000000e-01 4.0000000000e-01 -2.9546600000e-11 2.9036600000e-11 5.1001550000e-13 0.0000000000e+00 1.5500000000e-17
5.2000000000e-01 5.2000000000e-01 4.0000000000e-01 -2.9587500000e-11 2.9067500000e-11 5.2001550000e-13 0.0000000000e+00 1.5500000001e-17
5.3000000000e-01 5.3000000000e-01 4.0000000000e-01 -2.9627800000e-11 2.9097800000e-11 5.3001550000e-13 0.0000000000e+00 1.5499999996e-17
5.4000000000e-01 5.4000000000e-01 4.0000000000e-01 -2.9667600000e-11 2.9127600000e-11 5.4001550000e-13 0.0000000000e+00 1.5500000001e-17
5.5000000000e-01 5.5000000000e-01 4.0000000000e-01 -2.9706800000e-11 2.9156700000e-11 5.5001550000e-13 0.0000000000e+00 8.4500000000e-17
5.6000000000e-01 5.6000000000e-01 4.0000000000e-01 -2.9745400000e-11 2.9185400000e-11 5.6001550000e-13 0.0000000000e+00 1.5499999998e-17
5.7000000000e-01 5.7000000000e-01 4.0000000000e-01 -2.9783600000e-11 2.9213500000e-11 5.7001550000e-13 0.0000000000e+00 8.4499999997e-17
5.8000000000e-01 5.8000000000e-01 4.0000000000e-01 -2.9821200000e-11 2.9241200000e-11 5.8001550000e-13 0.0000000000e+00 1.5499999994e-17
5.9000000000e-01 5.9000000000e-01 4.0000000000e-01 -2.9858400000e-11 2.9268400000e-11 5.9001550000e-13 0.0000000000e+00 1.5499999999e-17
6.0000000000e-01 6.0000000000e-01 4.0000000000e-01 -2.9895100000e-11 2.9295100000e-11 6.0001550000e-13 0.0000000000e+00 1.5500000003e-17
6.1000000000e-01 6.1000000000e-01 4.0000000000e-01 -2.9931400000e-11 2.9321400000e-11 6.1001550000e-13 0.0000000000e+00 1.5500000002e-17
6.2000000000e-01 6.2000000000e-01 4.0000000000e-01 -2.9967300000e-11 2.9347300000e-11 6.2001550000e-13 0.0000000000e+00 1.5500000000e-17
6.3000000000e-01 6.3000000000e-01 4.0000000000e-01 -3.0002800000e-11 2.9372800000e-11 6.3001550000e-13 0.0000000000e+00 1.5499999998e-17
6.4000000000e-01 6.4000000000e-01 4.0000000000e-01 -3.0037900000e-11 2.9397900000e-11 6.4001550000e-13 0.0000000000e+00 1.5499999996e-17
6.5000000000e-01 6.5000000000e-01 4.0000000000e-01 -3.0072600000e-11 2.9422600000e-11 6.5001550000e-13 0.0000000000e+00 1.5499999995e-17
6.6000000000e-01 6.6000000000e-01 4.0000000000e-01 -3.0107000000e-11 2.9447000000e-11 6.6001550000e-13 0.0000000000e+00 1.5499999999e-17
6.7000000000e-01 6.7000000000e-01 4.0000000000e-01 -3.0141000000e-11 2.9471000000e-11 6.7001550000e-13 0.0000000000e+00 1.5500000004e-17
6.8000000000e-01 6.8000000000e-01 4.0000000000e-01 -3.0174700000e-11 2.9494600000e-11 6.8001550000e-13 0.0000000000e+00 8.4500000004e-17
6.9000000000e-01 6.9000000000e-01 4.0000000000e-01 -3.0208000000e-11 2.9518000000e-11 6.9001550000e-13 0.0000000000e+00 1.5500000000e-17
7.0000000000e-01 7.0000000000e-01 4.0000000000e-01 -3.0241000000e-11 2.9541000000e-11 7.0001550000e-13 0.0000000000e+00 1.5499999999e-17
7.1000000000e-01 7.1000000000e-01 4.0000000000e-01 -3.0273700000e-11 2.9563700000e-11 7.1001550000e-13 0.0000000000e+00 1.5500000003e-17
7.2000000000e-01 7.2000000000e-01 4.0000000000e-01 -3.0306200000e-11 2.9586100000e-11 7.2001550000e-13 0.0000000000e+00 8.4500000005e-17
7.3000000000e-01 7.3000000000e-01 4.0000000000e-01 -3.0338300000e-11 2.9608300000e-11 7.3001550000e-13 0.0000000000e+00 1.5500000000e-17
7.4000000000e-01 7.4000000000e-01 4.0000000000e-01 -3.0370200000e-11 2.9630100000e-11 7.4001550000e-13 0.0000000000e+00 8.4500000002e-17
7.5000000000e-01 7.5000000000e-01 4.0000000000e-01 -3.0401700000e-11 2.9651700000e-11 7.5001550000e-13 0.0000000000e+00 1.5500000003e-17
7.6000000000e-01 7.6000000000e-01 4.0000000000e-01 -3.0433100000e-11 2.9673000000e-11 7.6001550000e-13 0.0000000000e+00 8.4499999999e-17
7.7000000000e-01 7.7000000000e-01 4.0000000000e-01 -3.0464100000e-11 2.9694100000e-11 7.7001550000e-13 0.0000000000e+00 1.5499999999e-17
7.8000000000e-01 7.8000000000e-01 4.0000000000e-01 -3.0494900000e-11 2.9714900000e-11 7.8001550000e-13 0.0000000000e+00 1.5499999997e-17
7.9000000000e-01 7.9000000000e-01 4.0000000000e-01 -3.0525500000e-11 2.9735500000e-11 7.9001550000e-13 0.0000000000e+00 1.5499999996e-17
8.0000000000e-01 8.0000000000e-01 4.0000000000e-01 -3.0555800000e-11 2.9755800000e-11 8.0001550000e-13 0.0000000000e+00 1.5500000000e-17
8.1000000000e-01 8.1000000000e-01 4.0000000000e-01 -3.0585900000e-11 2.9775900000e-11 8.1001550000e-13 0.0000000000e+00 1.5499999998e-17
8.2000000000e-01 8.2000000000e-01 4.0000000000e-01 -3.0615800000e-11 2.9795800000e-11 8.2001550000e-13 0.0000000000e+00 1.5500000003e-17
8.3000000000e-01 8.3000000000e-01 4.0000000000e-01 -3.0645500000e-11 2.9815500000e-11 8.3001550000e-13 0.0000000000e+00 1.5500000001e-17
8.4000000000e-01 8.4000000000e-01 4.0000000000e-01 -3.0675000000e-11 2.9834900000e-11 8.4001550000e-13 0.0000000000e+00 8.4500000000e-17
8.5000000000e-01 8.5000000000e-01 4.0000000000e-01 -3.0704200000e-11 2.9854200000e-11 8.5001550000e-13 0.0000000000e+00 1.5499999998e-17
8.6000000000e-01 8.6000000000e-01 4.0000000000e-01 -3.0733300000e-11 2.9873200000e-11 8.6001550000e-13 0.0000000000e+00 8.4499999997e-17
8.7000000000e-01 8.7000000000e-01 4.0000000000e-01 -3.0762100000e-11 2.9892100000e-11 8.7001550000e-13 0.0000000000e+00 1.5499999994e-17
8.8000000000e-01 8.8000000000e-01 4.0000000000e-01 -3.0790800000e-11 2.9910700000e-11 8.8001550000e-13 0.0000000000e+00 8.4500000001e-17
8.9000000000e-01 8.9000000000e-01 4.0000000000e-01 -3.0819200000e-11 2.9929200000e-11 8.9001550000e-13 0.0000000000e+00 1.5500000004e-17
9.0000000000e-01 9.0000000000e-01 4.0000000000e-01 -3.0847500000e-11 2.9947500000e-11 9.0001550000e-13 0.0000000000e+00 1.5500000002e-17
9.1000000000e-01 9.1000000000e-01 4.0000000000e-01 -3.0875600000e-11 2.9965600000e-11 9.1001550000e-13 0.0000000000e+00 1.5500000000e-17
9.2000000000e-01 9.2000000000e-01 4.0000000000e-01 -3.0903600000e-11 2.9983600000e-11 9.2001550000e-13 0.0000000000e+00 1.5499999998e-17
9.3000000000e-01 9.3000000000e-01 4.0000000000e-01 -3.0931400000e-11 3.0001300000e-11 9.3001550000e-13 0.0000000000e+00 8.4499999996e-17
9.4000000000e-01 9.4000000000e-01 4.0000000000e-01 -3.0959000000e-11 3.0018900000e-11 9.4001550000e-13 0.0000000000e+00 8.4500000005e-17
9.5000000000e-01 9.5000000000e-01 4.0000000000e-01 -3.0986400000e-11 3.0036400000e-11 9.5001550000e-13 0.0000000000e+00 1.5499999999e-17
9.6000000000e-01 9.6000000000e-01 4.0000000000e-01 -3.1013700000e-11 3.0053700000e-11 9.6001550000e-13 0.0000000000e+00 1.5499999998e-17
9.7000000000e-01 9.7000000000e-01 4.0000000000e-01 -3.1040800000e-11 3.0070800000e-11 9.7001550000e-13 0.0000000000e+00 1.5499999996e-17
9.8000000000e-01 9.8000000000e-01 4.0000000000e-01 -3.1067800000e-11 3.0087800000e-11 9.8001550000e-13 0.0000000000e+00 1.5500000001e-17
9.9000000000e-01 9.9000000000e-01 4.0000000000e-01 -3.1094600000e-11 3.0104600000e-11 9.9001550000e-13 0.0000000000e+00 1.5499999999e-17
1.0000000000e+00 1.0000000000e+00 4.0000000000e-01 -3.1121300000e-11 3.0121300000e-11 1.0000000000e-12 0.0000000000e+00 3.4331226595e-27
1.0100000000e+00 1.0100000000e+00 4.0000000000e-01 -3.1147800000e-11 3.0137800000e-11 1.0100000000e-12 0.0000000000e+00 4.8467614017e-27
1.0200000000e+00 1.0200000000e+00 4.0000000000e-01 -3.1174200000e-11 3.0154200000e-11 1.0200000000e-12 0.0000000000e+00 6.4623485356e-27
1.0300000000e+00 1.0300000000e+00 4.0000000000e-01 -3.1200500000e-11 3.0170500000e-11 1.0300000000e-12 0.0000000000e+00 1.8175355256e-27
1.0400000000e+00 1.0400000000e+00 4.0000000000e-01 -3.1226600000e-11 3.0186600000e-11 1.0400000000e-12 0.0000000000e+00 3.6350710513e-27
1.0500000000e+00 1.0500000000e+00 4.0000000000e-01 -3.1252600000e-11 3.0202600000e-11 1.0500000000e-12 0.0000000000e+00 5.4526065769e-27
1.0600000000e+00 1.0600000000e+00 4.0000000000e-01 -3.1278500000e-11 3.0218500000e-11 1.0600000000e-12 0.0000000000e+00 6.0584517521e-28
1.0700000000e+00 1.0700000000e+00 4.0000000000e-01 -3.1304200000e-11 3.0234200000e-11 1.0700000000e-12 0.0000000000e+00 4.0389678347e-27
1.0800000000e+00 1.0800000000e+00 4.0000000000e-01 -3.1329900000e-11 3.0249800000e-11 1.0800000000e-12 0.0000000000e+00 9.9999999997e-17
1.0900000000e+00 1.0900000000e+00 4.0000000000e-01 -3.1355400000e-11 3.0265300000e-11 1.0900000000e-12 0.0000000000e+00 9.9999999999e-17
1.1000000000e+00 1.1000000000e+00 4.0000000000e-01 -3.1380700000e-11 3.0280700000e-11 1.1000000000e-12 0.0000000000e+00 1.2116903504e-27
1.1100000000e+00 1.1100000000e+00 4.0000000000e-01 -3.1406000000e-11 3.0296000000e-11 1.1100000000e-12 0.0000000000e+00 3.4331226595e-27
1.1200000000e+00 1.1200000000e+00 4.0000000000e-01 -3.1431200000e-11 3.0311100000e-11 1.1200000000e-12 0.0000000000e+00 1.0000000000e-16
1.1300000000e+00 1.1300000000e+00 4.0000000000e-01 -3.1456200000e-11 3.0326200000e-11 1.1300000000e-12 0.0000000000e+00 4.0389678347e-28
1.1400000000e+00 1.1400000000e+00 4.0000000000e-01 -3.1481100000e-11 3.0341100000e-11 1.1400000000e-12 0.0000000000e+00 2.2214323091e-27
1.1500000000e+00 1.1500000000e+00 4.0000000000e-01 -3.1505900000e-11 3.0355900000e-11 1.1500000000e-12 0.0000000000e+00 3.8370194430e-27
1.1600000000e+00 1.1600000000e+00 4.0000000000e-01 -3.1530700000e-11 3.0370600000e-11 1.1600000000e-12 0.0000000000e+00 9.9999999999e-17
1.1700000000e+00 1.1700000000e+00 4.0000000000e-01 -3.1555300000e-11 3.0385200000e-11 1.1700000000e-12 0.0000000000e+00 1.0000000000e-16
1.1800000000e+00 1.1800000000e+00 4.0000000000e-01 -3.1579800000e-11 3.0399800000e-11 1.1800000000e-12 0.0000000000e+00 3.6350710513e-27
1.1900000000e+00 1.1900000000e+00 4.0000000000e-01 -3.1604200000e-11 3.0414200000e-11 1.1900000000e-12 0.0000000000e+00 2.0194839174e-27
1.2000000000e+00 1.2000000000e+00 4.0000000000e-01 -3.1628500000e-11 3.0428500000e-11 1.2000000000e-12 0.0000000000e+00 2.0194839174e-28
0.0000000000e+00 0.0000000000e+00 6.0000000000e-01 0.0000000000e+00 0.0000000000e+00 0.0000000000e+00 0.0000000000e+00 0.0000000000e+00
1.0000000000e-02 1.0000000000e-02 6.0000000000e-01 -1.2296000000e-09 1.2296000000e-09 1.0005000000e-14 0.0000000000e+00 1.0005000000e-14
2.0000000000e-02 2.0000000000e-02 6.0000000000e-01 -2.0430000000e-09 2.0430000000e-09 2.0008400000e-14 0.0000000000e+00 2.0008400000e-14
3.0000000000e-02 3.0000000000e-02 6.0000000000e-01 -2.5776000000e-09 2.5776000000e-09 3.0010700000e-14 0.0000000000e+00 3.0010700000e-14
4.0000000000e-02 4.0000000000e-02 6.0000000000e-01 -2.9336000000e-09 2.9336000000e-09 4.0012300000e-14 0.0000000000e+00 4.0012300000e-14
5.0000000000e-02 5.0000000000e-02 6.0000000000e-01 -3.1770000000e-09 3.1769000000e-09 5.0013300000e-14 0.0000000000e+00 4.9986700000e-14
6.0000000000e-02 6.0000000000e-02 6.0000000000e-01 -3.3488000000e-09 3.3487000000e-09 6.0014000000e-14 0.0000000000e+00 3.9986000000e-14
7.0000000000e-02 7.0000000000e-02 6.0000000000e-01 -3.4743000000e-09 3.4742000000e-09 7.0014500000e-14 0.0000000000e+00 2.9985500000e-14
8.0000000000e-02 8.0000000000e-02 6.0000000000e-01 -3.5690000000e-09 3.5689000000e-09 8.0014800000e-14 0.0000000000e+00 1.9985200000e-14
9.0000000000e-02 9.0000000000e-02 6.0000000000e-01 -3.6427000000e-09 3.6426000000e-09 9.0015000000e-14 0.0000000000e+00 9.9850000000e-15
1.0000000000e-01 1.0000000000e-01 6.0000000000e-01 -3.7015000000e-09 3.7014000000e-09 1.0001520000e-13 0.0000000000e+00 1.5199999969e-17
1.1000000000e-01 1.1000000000e-01 6.0000000000e-01 -3.7496000000e-09 3.7495000000e-09 1.1001530000e-13 0.0000000000e+00 1.0015300000e-14
1.2000000000e-01 1.2000000000e-01 6.0000000000e-01 -3.7897000000e-09 3.7896000000e-09 1.2001530000e-13 0.0000000000e+00 2.0015300000e-14
1.3000000000e-01 1.3000000000e-01 6.0000000000e-01 -3.8239000000e-09 3.8237000000e-09 1.3001540000e-13 0.0000000000e+00 6.9984600000e-14
1.4000000000e-01 1.4000000000e-01 6.0000000000e-01 -3.8534000000e-09 3.8532000000e-09 1.4001540000e-13 0.0000000000e+00 5.9984600000e-14
1.5000000000e-01 1.5000000000e-01 6.0000000000e-01 -3.8792000000e-09 3.8790000000e-09 1.5001540000e-13 0.0000000000e+00 4.9984600000e-14
1.6000000000e-01 1.6000000000e-01 6.0000000000e-01 -3.9021000000e-09 3.9019000000e-09 1.6001540000e-13 0.0000000000e+00 3.9984600000e-14
1.7000000000e-01 1.7000000000e-01 6.0000000000e-01 -3.9225000000e-09 3.9224000000e-09 1.7001540000e-13 0.0000000000e+00 7.0015400000e-14
1.8000000000e-01 1.8000000000e-01 6.0000000000e-01 -3.9411000000e-09 3.9409000000e-09 1.8001550000e-13 0.0000000000e+00 1.9984500000e-14
1.9000000000e-01 1.9000000000e-01 6.0000000000e-01 -3.9579000000e-09 3.9578000000e-09 1.9001550000e-13 0.0000000000e+00 9.0015500000e-14
2.0000000000e-01 2.0000000000e-01 6.0000000000e-01 -3.9734000000e-09 3.9732000000e-09 2.0001550000e-13 0.0000000000e+00 1.5499999939e-17
2.1000000000e-01 2.1000000000e-01 6.0000000000e-01 -3.9877000000e-09 3.9875000000e-09 2.1001550000e-13 0.0000000000e+00 1.0015500000e-14
2.2000000000e-01 2.2000000000e-01 6.0000000000e-01 -4.0010000000e-09 4.0008000000e-09 2.2001550000e-13 0.0000000000e+00 2.0015500000e-14
2.3000000000e-01 2.3000000000e-01 6.0000000000e-01 -4.0135000000e-09 4.0132000000e-09 2.3001550000e-13 0.0000000000e+00 6.9984500000e-14
2.4000000000e-01 2.4000000000e-01 6.0000000000e-01 -4.0251000000e-09 4.0249000000e-09 2.4001550000e-13 0.0000000000e+00 4.0015500000e-14
2.5000000000e-01 2.5000000000e-01 6.0000000000e-01 -4.0361000000e-09 4.0358000000e-09 2.5001550000e-13 0.0000000000e+00 4.9984500000e-14
2.6000000000e-01 2.6000000000e-01 6.0000000000e-01 -4.0464000000e-09 4.0462000000e-09 2.6001550000e-13 0.0000000000e+00 6.0015500000e-14
2.7000000000e-01 2.7000000000e-01 6.0000000000e-01 -4.0562000000e-09 4.0560000000e-09 2.7001550000e-13 0.0000000000e+00 7.0015500000e-14
2.8000000000e-01 2.8000000000e-01 6.0000000000e-01 -4.0656000000e-09 4.0653000000e-09 2.8001550000e-13 0.0000000000e+00 1.9984500001e-14
2.9000000000e-01 2.9000000000e-01 6.0000000000e-01 -4.0745000000e-09 4.0742000000e-09 2.9001550000e-13 0.0000000000e+00 9.9844999989e-15
3.0000000000e-01 3.0000000000e-01 6.0000000000e-01 -4.0830000000e-09 4.0827000000e-09 3.0001550000e-13 0.0000000000e+00 1.5500000322e-17
3.1000000000e-01 3.1000000000e-01 6.0000000000e-01 -4.0912000000e-09 4.0908000000e-09 3.1001550000e-13 0.0000000000e+00 8.9984500000e-14
3.2000000000e-01 3.2000000000e-01 6.0000000000e-01 -4.0990000000e-09 4.0987000000e-09 3.2001550000e-13 0.0000000000e+00 2.0015499999e-14
3.3000000000e-01 3.3000000000e-01 6.0000000000e-01 -4.1065000000e-09 4.1062000000e-09 3.3001550000e-13 0.0000000000e+00 3.0015500000e-14
3.4000000000e-01 3.4000000000e-01 6.0000000000e-01 -4.1138000000e-09 4.1134000000e-09 3.4001550000e-13 0.0000000000e+00 5.9984500000e-14
3.5000000000e-01 3.5000000000e-01 6.0000000000e-01 -4.1208000000e-09 4.1204000000e-09 3.5001550000e-13 0.0000000000e+00 4.9984500000e-14
3.6000000000e-01 3.6000000000e-01 6.0000000000e-01 -4.1275000000e-09 4.1272000000e-09 3.6001550000e-13 0.0000000000e+00 6.0015499999e-14
3.7000000000e-01 3.7000000000e-01 6.0000000000e-01 -4.1341000000e-09 4.1337000000e-09 3.7001550000e-13 0.0000000000e+00 2.9984500000e-14
3.8000000000e-01 3.8000000000e-01 6.0000000000e-01 -4.1404000000e-09 4.1401000000e-09 3.8001550000e-13 0.0000000000e+00 8.0015500000e-14
3.9000000000e-01 3.9000000000e-01 6.0000000000e-01 -4.1466000000e-09 4.1462000000e-09 3.9001550000e-13 0.0000000000e+00 9.9845000001e-15
4.0000000000e-01 4.0000000000e-01 6.0000000000e-01 -4.1526000000e-09 4.1522000000e-09 4.0001550000e-13 0.0000000000e+00 1.5499999877e-17
4.1000000000e-01 4.1000000000e-01 6.0000000000e-01 -4.1584000000e-09 4.1580000000e-09 4.1001550000e-13 0.0000000000e+00 1.0015500000e-14
4.2000000000e-01 4.2000000000e-01 6.0000000000e-01 -4.1640000000e-09 4.1636000000e-09 4.2001550000e-13 0.0000000000e+00 2.0015500000e-14
4.3000000000e-01 4.3000000000e-01 6.0000000000e-01 -4.1695000000e-09 4.1691000000e-09 4.3001550000e-13 0.0000000000e+00 3.0015500000e-14
4.4000000000e-01 4.4000000000e-01 6.0000000000e-01 -4.1749000000e-09 4.1745000000e-09 4.4001550000e-13 0.0000000000e+00 4.0015500000e-14
4.5000000000e-01 4.5000000000e-01 6.0000000000e-01 -4.1801000000e-09 4.1797000000e-09 4.5001550000e-13 0.0000000000e+00 5.0015500000e-14
4.6000000000e-01 4.6000000000e-01 6.0000000000e-01 -4.1853000000e-09 4.1848000000e-09 4.6001550000e-13 0.0000000000e+00 3.9984500000e-14
4.7000000000e-01 4.7000000000e-01 6.0000000000e-01 -4.1903000000e-09 4.1898000000e-09 4.7001550000e-13 0.0000000000e+00 2.9984500000e-14
4.8000000000e-01 4.8000000000e-01 6.0000000000e-01 -4.1951000000e-09 4.1947000000e-09 4.8001550000e-13 0.0000000000e+00 8.0015500000e-14
4.9000000000e-01 4.9000000000e-01 6.0000000000e-01 -4.1999000000e-09 4.1994000000e-09 4.9001550000e-13 0.0000000000e+00 9.9845000006e-15
5.0000000000e-01 5.0000000000e-01 6.0000000000e-01 -4.2046000000e-09 4.2041000000e-09 5.0001550000e-13 0.0000000000e+00 1.5500000260e-17
5.1000000000e-01 5.1000000000e-01 6.0000000000e-01 -4.2092000000e-09 4.2087000000e-09 5.1001550000e-13 0.0000000000e+00 1.0015500000e-14
5.2000000000e-01 5.2000000000e-01 6.0000000000e-01 -4.2137000000e-09 4.2131000000e-09 5.2001550000e-13 0.0000000000e+00 7.9984500001e-14
5.3000000000e-01 5.3000000000e-01 6.0000000000e-01 -4.2181000000e-09 4.2175000000e-09 5.3001550000e-13 0.0000000000e+00 6.9984499999e-14
5.4000000000e-01 5.4000000000e-01 6.0000000000e-01 -4.2224000000e-09 4.2219000000e-09 5.4001550000e-13 0.0000000000e+00 4.0015499999e-14
5.5000000000e-01 5.5000000000e-01 6.0000000000e-01 -4.2266000000e-09 4.2261000000e-09 5.5001550000e-13 0.0000000000e+00 5.0015499999e-14
5.6000000000e-01 5.6000000000e-01 6.0000000000e-01 -4.2308000000e-09 4.2302000000e-09 5.6001550000e-13 0.0000000000e+00 3.9984500000e-14
5.7000000000e-01 5.7000000000e-01 6.0000000000e-01 -4.2349000000e-09 4.2343000000e-09 5.7001550000e-13 0.0000000000e+00 2.9984499999e-14
5.8000000000e-01 5.8000000000e-01 6.0000000000e-01 -4.2389000000e-09 4.2383000000e-09 5.8001550000e-13 0.0000000000e+00 1.9984500000e-14
5.9000000000e-01 5.9000000000e-01 6.0000000000e-01 -4.2428000000e-09 4.2423000000e-09 5.9001550000e-13 0.0000000000e+00 9.0015500000e-14
6.0000000000e-01 6.0000000000e-01 6.0000000000e-01 -4.2467000000e-09 4.2461000000e-09 6.0001550000e-13 0.0000000000e+00 1.5500000643e-17
6.1000000000e-01 6.1000000000e-01 6.0000000000e-01 -4.2506000000e-09 4.2499000000e-09 6.1001550000e-13 0.0000000000e+00 8.9984500001e-14
6.2000000000e-01 6.2000000000e-01 6.0000000000e-01 -4.2543000000e-09 4.2537000000e-09 6.2001550000e-13 0.0000000000e+00 2.0015500001e-14
6.3000000000e-01 6.3000000000e-01 6.0000000000e-01 -4.2580000000e-09 4.2574000000e-09 6.3001550000e-13 0.0000000000e+00 3.0015500000e-14
6.4000000000e-01 6.4000000000e-01 6.0000000000e-01 -4.2617000000e-09 4.2610000000e-09 6.4001550000e-13 0.0000000000e+00 5.9984500001e-14
6.5000000000e-01 6.5000000000e-01 6.0000000000e-01 -4.2653000000e-09 4.2646000000e-09 6.5001550000e-13 0.0000000000e+00 4.9984500000e-14
6.6000000000e-01 6.6000000000e-01 6.0000000000e-01 -4.2688000000e-09 4.2681000000e-09 6.6001550000e-13 0.0000000000e+00 3.9984500000e-14
6.7000000000e-01 6.7000000000e-01 6.0000000000e-01 -4.2723000000e-09 4.2716000000e-09 6.7001550000e-13 0.0000000000e+00 2.9984500000e-14
6.8000000000e-01 6.8000000000e-01 6.0000000000e-01 -4.2757000000e-09 4.2750000000e-09 6.8001550000e-13 0.0000000000e+00 1.9984500000e-14
6.9000000000e-01 6.9000000000e-01 6.0000000000e-01 -4.2791000000e-09 4.2784000000e-09 6.9001550000e-13 0.0000000000e+00 9.9844999998e-15
7.0000000000e-01 7.0000000000e-01 6.0000000000e-01 -4.2825000000e-09 4.2818000000e-09 7.0001550000e-13 0.0000000000e+00 1.5500000199e-17
7.1000000000e-01 7.1000000000e-01 6.0000000000e-01 -4.2858000000e-09 4.2851000000e-09 7.1001550000e-13 0.0000000000e+00 1.0015500000e-14
7.2000000000e-01 7.2000000000e-01 6.0000000000e-01 -4.2890000000e-09 4.2883000000e-09 7.2001550000e-13 0.0000000000e+00 2.0015500000e-14
7.3000000000e-01 7.3000000000e-01 6.0000000000e-01 -4.2922000000e-09 4.2915000000e-09 7.3001550000e-13 0.0000000000e+00 3.0015500000e-14
7.4000000000e-01 7.4000000000e-01 6.0000000000e-01 -4.2954000000e-09 4.2947000000e-09 7.4001550000e-13 0.0000000000e+00 4.0015500000e-14
7.5000000000e-01 7.5000000000e-01 6.0000000000e-01 -4.2986000000e-09 4.2978000000e-09 7.5001550000e-13 0.0000000000e+00 4.9984500001e-14
7.6000000000e-01 7.6000000000e-01 6.0000000000e-01 -4.3017000000e-09 4.3009000000e-09 7.6001550000e-13 0.0000000000e+00 3.9984500000e-14
7.7000000000e-01 7.7000000000e-01 6.0000000000e-01 -4.3047000000e-09 4.3039000000e-09 7.7001550000e-13 0.0000000000e+00 2.9984500001e-14
7.8000000000e-01 7.8000000000e-01 6.0000000000e-01 -4.3077000000e-09 4.3070000000e-09 7.8001550000e-13 0.0000000000e+00 8.0015500001e-14
7.9000000000e-01 7.9000000000e-01 6.0000000000e-01 -4.3107000000e-09 4.3099000000e-09 7.9001550000e-13 0.0000000000e+00 9.9845000002e-15
8.0000000000e-01 8.0000000000e-01 6.0000000000e-01 -4.3137000000e-09 4.3129000000e-09 8.0001550000e-13 0.0000000000e+00 1.5499999755e-17
8.1000000000e-01 8.1000000000e-01 6.0000000000e-01 -4.3166000000e-09 4.3158000000e-09 8.1001550000e-13 0.0000000000e+00 1.0015500000e-14
8.2000000000e-01 8.2000000000e-01 6.0000000000e-01 -4.3195000000e-09 4.3187000000e-09 8.2001550000e-13 0.0000000000e+00 2.0015500000e-14
8.3000000000e-01 8.3000000000e-01 6.0000000000e-01 -4.3224000000e-09 4.3215000000e-09 8.3001550000e-13 0.0000000000e+00 6.9984499999e-14
8.4000000000e-01 8.4000000000e-01 6.0000000000e-01 -4.3252000000e-09 4.3244000000e-09 8.4001550000e-13 0.0000000000e+00 4.0015500000e-14
8.5000000000e-01 8.5000000000e-01 6.0000000000e-01 -4.3280000000e-09 4.3271000000e-09 8.5001550000e-13 0.0000000000e+00 4.9984500001e-14
8.6000000000e-01 8.6000000000e-01 6.0000000000e-01 -4.3308000000e-09 4.3299000000e-09 8.6001550000e-13 0.0000000000e+00 3.9984499999e-14
8.7000000000e-01 8.7000000000e-01 6.0000000000e-01 -4.3335000000e-09 4.3326000000e-09 8.7001550000e-13 0.0000000000e+00 2.9984500000e-14
8.8000000000e-01 8.8000000000e-01 6.0000000000e-01 -4.3362000000e-09 4.3353000000e-09 8.8001550000e-13 0.0000000000e+00 1.9984500000e-14
8.9000000000e-01 8.9000000000e-01 6.0000000000e-01 -4.3389000000e-09 4.3380000000e-09 8.9001550000e-13 0.0000000000e+00 9.9844999999e-15
9.0000000000e-01 9.0000000000e-01 6.0000000000e-01 -4.3416000000e-09 4.3407000000e-09 9.0001550000e-13 0.0000000000e+00 1.5500000138e-17
9.1000000000e-01 9.1000000000e-01 6.0000000000e-01 -4.3442000000e-09 4.3433000000e-09 9.1001550000e-13 0.0000000000e+00 1.0015500000e-14
9.2000000000e-01 9.2000000000e-01 6.0000000000e-01 -4.3468000000e-09 4.3459000000e-09 9.2001550000e-13 0.0000000000e+00 2.0015500001e-14
9.3000000000e-01 9.3000000000e-01 6.0000000000e-01 -4.3494000000e-09 4.3485000000e-09 9.3001550000e-13 0.0000000000e+00 3.0015499999e-14
9.4000000000e-01 9.4000000000e-01 6.0000000000e-01 -4.3520000000e-09 4.3510000000e-09 9.4001550000e-13 0.0000000000e+00 5.9984500000e-14
9.5000000000e-01 9.5000000000e-01 6.0000000000e-01 -4.3545000000e-09 4.3535000000e-09 9.5001550000e-13 0.0000000000e+00 4.9984499999e-14
9.6000000000e-01 9.6000000000e-01 6.0000000000e-01 -4.3570000000e-09 4.3561000000e-09 9.6001550000e-13 0.0000000000e+00 6.0015499999e-14
9.7000000000e-01 9.7000000000e-01 6.0000000000e-01 -4.3595000000e-09 4.3585000000e-09 9.7001550000e-13 0.0000000000e+00 2.9984499999e-14
9.8000000000e-01 9.8000000000e-01 6.0000000000e-01 -4.3620000000e-09 4.3610000000e-09 9.8001550000e-13 0.0000000000e+00 1.9984500000e-14
9.9000000000e-01 9.9000000000e-01 6.0000000000e-01 -4.3644000000e-09 4.3634000000e-09 9.9001550000e-13 0.0000000000e+00 9.9844999995e-15
1.0000000000e+00 1.0000000000e+00 6.0000000000e-01 -4.3669000000e-09 4.3659000000e-09 1.0000000000e-12 0.0000000000e+00 3.0675960705e-25
1.0100000000e+00 1.0100000000e+00 6.0000000000e-01 -4.3693000000e-09 4.3682000000e-09 1.0100000000e-12 0.0000000000e+00 9.0000000001e-14
1.0200000000e+00 1.0200000000e+00 6.0000000000e-01 -4.3716000000e-09 4.3706000000e-09 1.0200000000e-12 0.0000000000e+00 2.0000000000e-14
1.0300000000e+00 1.0300000000e+00 6.0000000000e-01 -4.3740000000e-09 4.3730000000e-09 1.0300000000e-12 0.0000000000e+00 3.0000000001e-14
1.0400000000e+00 1.0400000000e+00 6.0000000000e-01 -4.3764000000e-09 4.3753000000e-09 1.0400000000e-12 0.0000000000e+00 6.0000000000e-14
1.0500000000e+00 1.0500000000e+00 6.0000000000e-01 -4.3787000000e-09 4.3776000000e-09 1.0500000000e-12 0.0000000000e+00 5.0000000000e-14
1.0600000000e+00 1.0600000000e+00 6.0000000000e-01 -4.3810000000e-09 4.3799000000e-09 1.0600000000e-12 0.0000000000e+00 4.0000000000e-14
1.0700000000e+00 1.0700000000e+00 6.0000000000e-01 -4.3833000000e-09 4.3822000000e-09 1.0700000000e-12 0.0000000000e+00 3.0000000001e-14
1.0800000000e+00 1.0800000000e+00 6.0000000000e-01 -4.3856000000e-09 4.3845000000e-09 1.0800000000e-12 0.0000000000e+00 2.0000000000e-14
1.0900000000e+00 1.0900000000e+00 6.0000000000e-01 -4.3878000000e-09 4.3867000000e-09 1.0900000000e-12 0.0000000000e+00 1.0000000001e-14
1.1000000000e+00 1.1000000000e+00 6.0000000000e-01 -4.3901000000e-09 4.3890000000e-09 1.1000000000e-12 0.0000000000e+00 7.6336492076e-26
1.1100000000e+00 1.1100000000e+00 6.0000000000e-01 -4.3923000000e-09 4.3912000000e-09 1.1100000000e-12 0.0000000000e+00 1.0000000000e-14
1.1200000000e+00 1.1200000000e+00 6.0000000000e-01 -4.3945000000e-09 4.3934000000e-09 1.1200000000e-12 0.0000000000e+00 2.0000000000e-14
1.1300000000e+00 1.1300000000e+00 6.0000000000e-01 -4.3967000000e-09 4.3955000000e-09 1.1300000000e-12 0.0000000000e+00 7.0000000000e-14
1.1400000000e+00 1.1400000000e+00 6.0000000000e-01 -4.3988000000e-09 4.3977000000e-09 1.1400000000e-12 0.0000000000e+00 4.0000000001e-14
1.1500000000e+00 1.1500000000e+00 6.0000000000e-01 -4.4010000000e-09 4.3999000000e-09 1.1500000000e-12 0.0000000000e+00 5.0000000000e-14
1.1600000000e+00 1.1600000000e+00 6.0000000000e-01 -4.4031000000e-09 4.4020000000e-09 1.1600000000e-12 0.0000000000e+00 6.0000000000e-14
1.1700000000e+00 1.1700000000e+00 6.0000000000e-01 -4.4053000000e-09 4.4041000000e-09 1.1700000000e-12 0.0000000000e+00 3.0000000001e-14
1.1800000000e+00 1.1800000000e+00 6.0000000000e-01 -4.4074000000e-09 4.4062000000e-09 1.1800000000e-12 0.0000000000e+00 2.0000000000e-14
1.1900000000e+00 1.1900000000e+00 6.0000000000e-01 -4.4095000000e-09 4.4083000000e-09 1.1900000000e-12 0.0000000000e+00 1.0000000000e-14
1.2000000000e+00 1.2000000000e+00 6.0000000000e-01 -4.4116000000e-09 4.4104000000e-09 1.2000000000e-12 0.0000000000e+00 4.5902869442e-25
0.0000000000e+00 0.0000000000e+00 8.0000000000e-01 0.0000000000e+00 0.0000000000e+00 0.0000000000e+00 0.0000000000e+00 0.0000000000e+00
1.0000000000e-02 1.0000000000e-02 8.0000000000e-01 -1.7742550000e-07 1.7742550000e-07 1.0005000000e-14 0.0000000000e+00 1.0005000000e-14
2.0000000000e-02 2.0000000000e-02 8.0000000000e-01 -2.9797560000e-07 2.9797560000e-07 2.0008400000e-14 0.0000000000e+00 2.0008400000e-14
3.0000000000e-02 3.0000000000e-02 8.0000000000e-01 -3.7894030000e-07 3.7894030000e-07 3.0010700000e-14 0.0000000000e+00 3.0010700000e-14
4.0000000000e-02 4.0000000000e-02 8.0000000000e-01 -4.3366580000e-07 4.3366580000e-07 4.0012300000e-14 0.0000000000e+00 4.0012300000e-14
5.0000000000e-02 5.0000000000e-02 8.0000000000e-01 -4.7140400000e-07 4.7140390000e-07 5.0013300000e-14 0.0000000000e+00 4.9986699939e-14
6.0000000000e-02 6.0000000000e-02 8.0000000000e-01 -4.9816250000e-07 4.9816240000e-07 6.0014000000e-14 0.0000000000e+00 3.9986000045e-14
7.0000000000e-02 7.0000000000e-02 8.0000000000e-01 -5.1772880000e-07 5.1772880000e-07 7.0014500000e-14 0.0000000000e+00 7.0014500000e-14
8.0000000000e-02 8.0000000000e-02 8.0000000000e-01 -5.3248050000e-07 5.3248050000e-07 8.0014800000e-14 0.0000000000e+00 8.0014800000e-14
9.0000000000e-02 9.0000000000e-02 8.0000000000e-01 -5.4392630000e-07 5.4392620000e-07 9.0015000000e-14 0.0000000000e+00 9.9849999392e-15
1.0000000000e-01 1.0000000000e-01 8.0000000000e-01 -5.5304200000e-07 5.5304190000e-07 1.0001520000e-13 0.0000000000e+00 1.5200060767e-17
1.1000000000e-01 1.1000000000e-01 8.0000000000e-01 -5.6047330000e-07 5.6047320000e-07 1.1001530000e-13 0.0000000000e+00 1.0015300061e-14
1.2000000000e-01 1.2000000000e-01 8.0000000000e-01 -5.6665750000e-07 5.6665740000e-07 1.2001530000e-13 0.0000000000e+00 2.0015299955e-14
1.3000000000e-01 1.3000000000e-01 8.0000000000e-01 -5.7189810000e-07 5.7189800000e-07 1.3001540000e-13 0.0000000000e+00 3.0015399955e-14
1.4000000000e-01 1.4000000000e-01 8.0000000000e-01 -5.7641010000e-07 5.7640990000e-07 1.4001540000e-13 0.0000000000e+00 5.9984600090e-14
1.5000000000e-01 1.5000000000e-01 8.0000000000e-01 -5.8034920000e-07 5.8034910000e-07 1.5001540000e-13 0.0000000000e+00 5.0015400061e-14
1.6000000000e-01 1.6000000000e-01 8.0000000000e-01 -5.8383040000e-07 5.8383020000e-07 1.6001540000e-13 0.0000000000e+00 3.9984600090e-14
1.7000000000e-01 1.7000000000e-01 8.0000000000e-01 -5.8694000000e-07 5.8693980000e-07 1.7001540000e-13 0.0000000000e+00 2.9984600090e-14
1.8000000000e-01 1.8000000000e-01 8.0000000000e-01 -5.8974390000e-07 5.8974380000e-07 1.8001550000e-13 0.0000000000e+00 8.0015499955e-14
1.9000000000e-01 1.9000000000e-01 8.0000000000e-01 -5.9229330000e-07 5.9229310000e-07 1.9001550000e-13 0.0000000000e+00 9.9845000902e-15
2.0000000000e-01 2.0000000000e-01 8.0000000000e-01 -5.9462830000e-07 5.9462810000e-07 2.0001550000e-13 0.0000000000e+00 1.5500015655e-17
2.1000000000e-01 2.1000000000e-01 8.0000000000e-01 -5.9678100000e-07 5.9678070000e-07 2.1001550000e-13 0.0000000000e+00 8.9984499924e-14
2.2000000000e-01 2.2000000000e-01 8.0000000000e-01 -5.9877690000e-07 5.9877670000e-07 2.2001550000e-13 0.0000000000e+00 2.0015500122e-14
2.3000000000e-01 2.3000000000e-01 8.0000000000e-01 -6.0063710000e-07 6.0063690000e-07 2.3001550000e-13 0.0000000000e+00 3.0015500016e-14
2.4000000000e-01 2.4000000000e-01 8.0000000000e-01 -6.0237890000e-07 6.0237870000e-07 2.4001550000e-13 0.0000000000e+00 4.0015499910e-14
2.5000000000e-01 2.5000000000e-01 8.0000000000e-01 -6.0401660000e-07 6.0401630000e-07 2.5001550000e-13 0.0000000000e+00 4.9984500029e-14
2.6000000000e-01 2.6000000000e-01 8.0000000000e-01 -6.0556200000e-07 6.0556170000e-07 2.6001550000e-13 0.0000000000e+00 3.9984500029e-14
2.7000000000e-01 2.7000000000e-01 8.0000000000e-01 -6.0702530000e-07 6.0702510000e-07 2.7001550000e-13 0.0000000000e+00 7.0015499910e-14
2.8000000000e-01 2.8000000000e-01 8.0000000000e-01 -6.0841520000e-07 6.0841490000e-07 2.8001550000e-13 0.0000000000e+00 1.9984500029e-14
2.9000000000e-01 2.9000000000e-01 8.0000000000e-01 -6.0973880000e-07 6.0973850000e-07 2.9001550000e-13 0.0000000000e+00 9.9844999236e-15
3.0000000000e-01 3.0000000000e-01 8.0000000000e-01 -6.1100260000e-07 6.1100230000e-07 3.0001550000e-13 0.0000000000e+00 1.5499970543e-17
3.1000000000e-01 3.1000000000e-01 8.0000000000e-01 -6.1221210000e-07 6.1221180000e-07 3.1001550000e-13 0.0000000000e+00 1.0015500076e-14
3.2000000000e-01 3.2000000000e-01 8.0000000000e-01 -6.1337200000e-07 6.1337160000e-07 3.2001550000e-13 0.0000000000e+00 7.9984499969e-14
3.3000000000e-01 3.3000000000e-01 8.0000000000e-01 -6.1448640000e-07 6.1448610000e-07 3.3001550000e-13 0.0000000000e+00 3.0015499971e-14
3.4000000000e-01 3.4000000000e-01 8.0000000000e-01 -6.1555920000e-07 6.1555880000e-07 3.4001550000e-13 0.0000000000e+00 5.9984500075e-14
3.5000000000e-01 3.5000000000e-01 8.0000000000e-01 -6.1659340000e-07 6.1659310000e-07 3.5001550000e-13 0.0000000000e+00 5.0015500076e-14
3.6000000000e-01 3.6000000000e-01 8.0000000000e-01 -6.1759210000e-07 6.1759180000e-07 3.6001550000e-13 0.0000000000e+00 6.0015500076e-14
3.7000000000e-01 3.7000000000e-01 8.0000000000e-01 -6.1855780000e-07 6.1855750000e-07 3.7001550000e-13 0.0000000000e+00 7.0015499971e-14
3.8000000000e-01 3.8000000000e-01 8.0000000000e-01 -6.1949290000e-07 6.1949250000e-07 3.8001550000e-13 0.0000000000e+00 1.9984500075e-14
3.9000000000e-01 3.9000000000e-01 8.0000000000e-01 -6.2039930000e-07 6.2039890000e-07 3.9001550000e-13 0.0000000000e+00 9.9844999687e-15
4.0000000000e-01 4.0000000000e-01 8.0000000000e-01 -6.2127900000e-07 6.2127860000e-07 4.0001550000e-13 0.0000000000e+00 1.5500031310e-17
4.1000000000e-01 4.1000000000e-01 8.0000000000e-01 -6.2213360000e-07 6.2213320000e-07 4.1001550000e-13 0.0000000000e+00 1.0015499925e-14
4.2000000000e-01 4.2000000000e-01 8.0000000000e-01 -6.2296470000e-07 6.2296430000e-07 4.2001550000e-13 0.0000000000e+00 2.0015499925e-14
4.3000000000e-01 4.3000000000e-01 8.0000000000e-01 -6.2377370000e-07 6.2377330000e-07 4.3001550000e-13 0.0000000000e+00 3.0015500031e-14
4.4000000000e-01 4.4000000000e-01 8.0000000000e-01 -6.2456190000e-07 6.2456140000e-07 4.4001550000e-13 0.0000000000e+00 5.9984500014e-14
4.5000000000e-01 4.5000000000e-01 8.0000000000e-01 -6.2533030000e-07 6.2532990000e-07 4.5001550000e-13 0.0000000000e+00 5.0015500031e-14
4.6000000000e-01 4.6000000000e-01 8.0000000000e-01 -6.2608020000e-07 6.2607980000e-07 4.6001550000e-13 0.0000000000e+00 6.0015500031e-14
4.7000000000e-01 4.7000000000e-01 8.0000000000e-01 -6.2681250000e-07 6.2681200000e-07 4.7001550000e-13 0.0000000000e+00 2.9984499908e-14
4.8000000000e-01 4.8000000000e-01 8.0000000000e-01 -6.2752810000e-07 6.2752760000e-07 4.8001550000e-13 0.0000000000e+00 1.9984499908e-14
4.9000000000e-01 4.9000000000e-01 8.0000000000e-01 -6.2822780000e-07 6.2822730000e-07 4.9001550000e-13 0.0000000000e+00 9.9845000138e-15
5.0000000000e-01 5.0000000000e-01 8.0000000000e-01 -6.2891240000e-07 6.2891190000e-07 5.0001550000e-13 0.0000000000e+00 1.5499880319e-17
5.1000000000e-01 5.1000000000e-01 8.0000000000e-01 -6.2958260000e-07 6.2958210000e-07 5.1001550000e-13 0.0000000000e+00 1.0015500092e-14
5.2000000000e-01 5.2000000000e-01 8.0000000000e-01 -6.3023910000e-07 6.3023860000e-07 5.2001550000e-13 0.0000000000e+00 2.0015499986e-14
5.3000000000e-01 5.3000000000e-01 8.0000000000e-01 -6.3088250000e-07 6.3088200000e-07 5.3001550000e-13 0.0000000000e+00 3.0015499880e-14
5.4000000000e-01 5.4000000000e-01 8.0000000000e-01 -6.3151340000e-07 6.3151290000e-07 5.4001550000e-13 0.0000000000e+00 4.0015499880e-14
5.5000000000e-01 5.5000000000e-01 8.0000000000e-01 -6.3213240000e-07 6.3213180000e-07 5.5001550000e-13 0.0000000000e+00 4.9984499953e-14
5.6000000000e-01 5.6000000000e-01 8.0000000000e-01 -6.3273990000e-07 6.3273930000e-07 5.6001550000e-13 0.0000000000e+00 3.9984500059e-14
5.7000000000e-01 5.7000000000e-01 8.0000000000e-01 -6.3333640000e-07 6.3333580000e-07 5.7001550000e-13 0.0000000000e+00 2.9984500059e-14
5.8000000000e-01 5.8000000000e-01 8.0000000000e-01 -6.3392230000e-07 6.3392180000e-07 5.8001550000e-13 0.0000000000e+00 8.0015499986e-14
5.9000000000e-01 5.9000000000e-01 8.0000000000e-01 -6.3449820000e-07 6.3449760000e-07 5.9001550000e-13 0.0000000000e+00 9.9844999530e-15
6.0000000000e-01 6.0000000000e-01 8.0000000000e-01 -6.3506430000e-07 6.3506370000e-07 6.0001550000e-13 0.0000000000e+00 1.5500046965e-17
6.1000000000e-01 6.1000000000e-01 8.0000000000e-01 -6.3562100000e-07 6.3562040000e-07 6.1001550000e-13 0.0000000000e+00 1.0015500047e-14
6.2000000000e-01 6.2000000000e-01 8.0000000000e-01 -6.3616880000e-07 6.3616810000e-07 6.2001550000e-13 0.0000000000e+00 7.9984499998e-14
6.3000000000e-01 6.3000000000e-01 8.0000000000e-01 -6.3670780000e-07 6.3670720000e-07 6.3001550000e-13 0.0000000000e+00 3.0015499835e-14
6.4000000000e-01 6.4000000000e-01 8.0000000000e-01 -6.3723850000e-07 6.3723780000e-07 6.4001550000e-13 0.0000000000e+00 5.9984500104e-14
6.5000000000e-01 6.5000000000e-01 8.0000000000e-01 -6.3776110000e-07 6.3776040000e-07 6.5001550000e-13 0.0000000000e+00 4.9984499998e-14
6.6000000000e-01 6.6000000000e-01 8.0000000000e-01 -6.3827590000e-07 6.3827520000e-07 6.6001550000e-13 0.0000000000e+00 3.9984499892e-14
6.7000000000e-01 6.7000000000e-01 8.0000000000e-01 -6.3878310000e-07 6.3878250000e-07 6.7001550000e-13 0.0000000000e+00 7.0015500047e-14
6.8000000000e-01 6.8000000000e-01 8.0000000000e-01 -6.3928310000e-07 6.3928240000e-07 6.8001550000e-13 0.0000000000e+00 1.9984499998e-14
6.9000000000e-01 6.9000000000e-01 8.0000000000e-01 -6.3977610000e-07 6.3977540000e-07 6.9001550000e-13 0.0000000000e+00 9.9845001040e-15
7.0000000000e-01 7.0000000000e-01 8.0000000000e-01 -6.4026220000e-07 6.4026150000e-07 7.0001550000e-13 0.0000000000e+00 1.5500001853e-17
7.1000000000e-01 7.1000000000e-01 8.0000000000e-01 -6.4074170000e-07 6.4074100000e-07 7.1001550000e-13 0.0000000000e+00 1.0015500002e-14
7.2000000000e-01 7.2000000000e-01 8.0000000000e-01 -6.4121480000e-07 6.4121410000e-07 7.2001550000e-13 0.0000000000e+00 2.0015500108e-14
7.3000000000e-01 7.3000000000e-01 8.0000000000e-01 -6.4168170000e-07 6.4168100000e-07 7.3001550000e-13 0.0000000000e+00 3.0015500002e-14
7.4000000000e-01 7.4000000000e-01 8.0000000000e-01 -6.4214260000e-07 6.4214190000e-07 7.4001550000e-13 0.0000000000e+00 4.0015500002e-14
7.5000000000e-01 7.5000000000e-01 8.0000000000e-01 -6.4259770000e-07 6.4259690000e-07 7.5001550000e-13 0.0000000000e+00 4.9984500043e-14
7.6000000000e-01 7.6000000000e-01 8.0000000000e-01 -6.4304700000e-07 6.4304630000e-07 7.6001550000e-13 0.0000000000e+00 6.0015500002e-14
7.7000000000e-01 7.7000000000e-01 8.0000000000e-01 -6.4349090000e-07 6.4349020000e-07 7.7001550000e-13 0.0000000000e+00 7.0015499896e-14
7.8000000000e-01 7.8000000000e-01 8.0000000000e-01 -6.4392950000e-07 6.4392870000e-07 7.8001550000e-13 0.0000000000e+00 1.9984499832e-14
7.9000000000e-01 7.9000000000e-01 8.0000000000e-01 -6.4436280000e-07 6.4436200000e-07 7.9001550000e-13 0.0000000000e+00 9.9845000433e-15
8.0000000000e-01 8.0000000000e-01 8.0000000000e-01 -6.4479110000e-07 6.4479030000e-07 8.0001550000e-13 0.0000000000e+00 1.5499956741e-17
8.1000000000e-01 8.1000000000e-01 8.0000000000e-01 -6.4521440000e-07 6.4521360000e-07 8.1001550000e-13 0.0000000000e+00 1.0015500063e-14
8.2000000000e-01 8.2000000000e-01 8.0000000000e-01 -6.4563300000e-07 6.4563220000e-07 8.2001550000e-13 0.0000000000e+00 2.0015499957e-14
8.3000000000e-01 8.3000000000e-01 8.0000000000e-01 -6.4604690000e-07 6.4604610000e-07 8.3001550000e-13 0.0000000000e+00 3.0015499957e-14
8.4000000000e-01 8.4000000000e-01 8.0000000000e-01 -6.4645630000e-07 6.4645540000e-07 8.4001550000e-13 0.0000000000e+00 5.9984499982e-14
8.5000000000e-01 8.5000000000e-01 8.0000000000e-01 -6.4686120000e-07 6.4686030000e-07 8.5001550000e-13 0.0000000000e+00 4.9984499982e-14
8.6000000000e-01 8.6000000000e-01 8.0000000000e-01 -6.4726180000e-07 6.4726090000e-07 8.6001550000e-13 0.0000000000e+00 3.9984499982e-14
8.7000000000e-01 8.7000000000e-01 8.0000000000e-01 -6.4765820000e-07 6.4765730000e-07 8.7001550000e-13 0.0000000000e+00 2.9984500088e-14
8.8000000000e-01 8.8000000000e-01 8.0000000000e-01 -6.4805050000e-07 6.4804960000e-07 8.8001550000e-13 0.0000000000e+00 1.9984499982e-14
8.9000000000e-01 8.9000000000e-01 8.0000000000e-01 -6.4843880000e-07 6.4843790000e-07 8.9001550000e-13 0.0000000000e+00 9.9844999825e-15
9.0000000000e-01 9.0000000000e-01 8.0000000000e-01 -6.4882320000e-07 6.4882230000e-07 9.0001550000e-13 0.0000000000e+00 1.5499911629e-17
9.1000000000e-01 9.1000000000e-01 8.0000000000e-01 -6.4920380000e-07 6.4920290000e-07 9.1001550000e-13 0.0000000000e+00 1.0015499912e-14
9.2000000000e-01 9.2000000000e-01 8.0000000000e-01 -6.4958070000e-07 6.4957980000e-07 9.2001550000e-13 0.0000000000e+00 2.0015500018e-14
9.3000000000e-01 9.3000000000e-01 8.0000000000e-01 -6.4995390000e-07 6.4995300000e-07 9.3001550000e-13 0.0000000000e+00 3.0015500018e-14
9.4000000000e-01 9.4000000000e-01 8.0000000000e-01 -6.5032360000e-07 6.5032260000e-07 9.4001550000e-13 0.0000000000e+00 5.9984500133e-14
9.5000000000e-01 9.5000000000e-01 8.0000000000e-01 -6.5068970000e-07 6.5068880000e-07 9.5001550000e-13 0.0000000000e+00 5.0015500018e-14
9.6000000000e-01 9.6000000000e-01 8.0000000000e-01 -6.5105250000e-07 6.5105160000e-07 9.6001550000e-13 0.0000000000e+00 6.0015500018e-14
9.7000000000e-01 9.7000000000e-01 8.0000000000e-01 -6.5141200000e-07 6.5141100000e-07 9.7001550000e-13 0.0000000000e+00 2.9984500028e-14
9.8000000000e-01 9.8000000000e-01 8.0000000000e-01 -6.5176820000e-07 6.5176720000e-07 9.8001550000e-13 0.0000000000e+00 1.9984499922e-14
9.9000000000e-01 9.9000000000e-01 8.0000000000e-01 -6.5212120000e-07 6.5212020000e-07 9.9001550000e-13 0.0000000000e+00 9.9845001335e-15
1.0000000000e+00 1.0000000000e+00 8.0000000000e-01 -6.5247110000e-07 6.5247010000e-07 1.0000000000e-12 0.0000000000e+00 7.8275398585e-23
1.0100000000e+00 1.0100000000e+00 8.0000000000e-01 -6.5281800000e-07 6.5281700000e-07 1.0100000000e-12 0.0000000000e+00 1.0000000078e-14
1.0200000000e+00 1.0200000000e+00 8.0000000000e-01 -6.5316190000e-07 6.5316090000e-07 1.0200000000e-12 0.0000000000e+00 1.9999999972e-14
1.0300000000e+00 1.0300000000e+00 8.0000000000e-01 -6.5350290000e-07 6.5350180000e-07 1.0300000000e-12 0.0000000000e+00 6.9999999967e-14
1.0400000000e+00 1.0400000000e+00 8.0000000000e-01 -6.5384100000e-07 6.5383990000e-07 1.0400000000e-12 0.0000000000e+00 6.0000000073e-14
1.0500000000e+00 1.0500000000e+00 8.0000000000e-01 -6.5417620000e-07 6.5417520000e-07 1.0500000000e-12 0.0000000000e+00 4.9999999972e-14
1.0600000000e+00 1.0600000000e+00 8.0000000000e-01 -6.5450880000e-07 6.5450770000e-07 1.0600000000e-12 0.0000000000e+00 3.9999999967e-14
1.0700000000e+00 1.0700000000e+00 8.0000000000e-01 -6.5483860000e-07 6.5483760000e-07 1.0700000000e-12 0.0000000000e+00 6.9999999867e-14
1.0800000000e+00 1.0800000000e+00 8.0000000000e-01 -6.5516580000e-07 6.5516480000e-07 1.0800000000e-12 0.0000000000e+00 8.0000000078e-14
1.0900000000e+00 1.0900000000e+00 8.0000000000e-01 -6.5549050000e-07 6.5548940000e-07 1.0900000000e-12 0.0000000000e+00 9.9999999668e-15
1.1000000000e+00 1.1000000000e+00 8.0000000000e-01 -6.5581250000e-07 6.5581140000e-07 1.1000000000e-12 0.0000000000e+00 3.3163560994e-23
1.1100000000e+00 1.1100000000e+00 8.0000000000e-01 -6.5613210000e-07 6.5613100000e-07 1.1100000000e-12 0.0000000000e+00 9.9999999273e-15
1.1200000000e+00 1.1200000000e+00 8.0000000000e-01 -6.5644920000e-07 6.5644810000e-07 1.1200000000e-12 0.0000000000e+00 1.9999999927e-14
1.1300000000e+00 1.1300000000e+00 8.0000000000e-01 -6.5676400000e-07 6.5676290000e-07 1.1300000000e-12 0.0000000000e+00 2.9999999927e-14
1.1400000000e+00 1.1400000000e+00 8.0000000000e-01 -6.5707640000e-07 6.5707520000e-07 1.1400000000e-12 0.0000000000e+00 6.0000000012e-14
1.1500000000e+00 1.1500000000e+00 8.0000000000e-01 -6.5738640000e-07 6.5738530000e-07 1.1500000000e-12 0.0000000000e+00 5.0000000033e-14
1.1600000000e+00 1.1600000000e+00 8.0000000000e-01 -6.5769420000e-07 6.5769310000e-07 1.1600000000e-12 0.0000000000e+00 5.9999999927e-14
1.1700000000e+00 1.1700000000e+00 8.0000000000e-01 -6.5799980000e-07 6.5799860000e-07 1.1700000000e-12 0.0000000000e+00 3.0000000012e-14
1.1800000000e+00 1.1800000000e+00 8.0000000000e-01 -6.5830310000e-07 6.5830200000e-07 1.1800000000e-12 0.0000000000e+00 8.0000000033e-14
1.1900000000e+00 1.1900000000e+00 8.0000000000e-01 -6.5860440000e-07 6.5860320000e-07 1.1900000000e-12 0.0000000000e+00 1.0000000012e-14
1.2000000000e+00 1.2000000000e+00 8.0000000000e-01 -6.5890350000e-07 6.5890230000e-07 1.2000000000e-12 0.0000000000e+00 1.1948680494e-23
0.0000000000e+00 0.0000000000e+00 1.0000000000e+00 0.0000000000e+00 0.0000000000e+00 0.0000000000e+00 0.0000000000e+00 0.0000000000e+00
1.0000000000e-02 1.0000000000e-02 1.0000000000e+00 -6.9390000000e-06 6.9390000000e-06 1.0005000000e-14 0.0000000000e+00 1.0005000000e-14
2.0000000000e-02 2.0000000000e-02 1.0000000000e+00 -1.3005100000e-05 1.3005100000e-05 2.0008400000e-14 0.0000000000e+00 2.0008400000e-14
3.0000000000e-02 3.0000000000e-02 1.0000000000e+00 -1.8245800000e-05 1.8245800000e-05 3.0010700000e-14 0.0000000000e+00 3.0010700000e-14
4.0000000000e-02 4.0000000000e-02 1.0000000000e+00 -2.2717900000e-05 2.2717900000e-05 4.0012300000e-14 0.0000000000e+00 4.0012300000e-14
5.0000000000e-02 5.0000000000e-02 1.0000000000e+00 -2.6487500000e-05 2.6487500000e-05 5.0013300000e-14 0.0000000000e+00 5.0013300000e-14
6.0000000000e-02 6.0000000000e-02 1.0000000000e+00 -2.9628300000e-05 2.9628300000e-05 6.0014000000e-14 0.0000000000e+00 6.0014000000e-14
7.0000000000e-02 7.0000000000e-02 1.0000000000e+00 -3.2219400000e-05 3.2219400000e-05 7.0014500000e-14 0.0000000000e+00 7.0014500000e-14
8.0000000000e-02 8.0000000000e-02 1.0000000000e+00 -3.4341200000e-05 3.4341200000e-05 8.0014800000e-14 0.0000000000e+00 8.0014800000e-14
9.0000000000e-02 9.0000000000e-02 1.0000000000e+00 -3.6071000000e-05 3.6071000000e-05 9.0015000000e-14 0.0000000000e+00 9.0015000000e-14
1.0000000000e-01 1.0000000000e-01 1.0000000000e+00 -3.7479900000e-05 3.7479900000e-05 1.0001520000e-13 0.0000000000e+00 1.0001520000e-13
1.1000000000e-01 1.1000000000e-01 1.0000000000e+00 -3.8630100000e-05 3.8630100000e-05 1.1001530000e-13 0.0000000000e+00 1.1001530000e-13
1.2000000000e-01 1.2000000000e-01 1.0000000000e+00 -3.9573800000e-05 3.9573800000e-05 1.2001530000e-13 0.0000000000e+00 1.2001530000e-13
1.3000000000e-01 1.3000000000e-01 1.0000000000e+00 -4.0353700000e-05 4.0353700000e-05 1.3001540000e-13 0.0000000000e+00 1.3001540000e-13
1.4000000000e-01 1.4000000000e-01 1.0000000000e+00 -4.1003900000e-05 4.1003900000e-05 1.4001540000e-13 0.0000000000e+00 1.4001540000e-13
1.5000000000e-01 1.5000000000e-01 1.0000000000e+00 -4.1551300000e-05 4.1551300000e-05 1.5001540000e-13 0.0000000000e+00 1.5001540000e-13
1.6000000000e-01 1.6000000000e-01 1.0000000000e+00 -4.2016800000e-05 4.2016800000e-05 1.6001540000e-13 0.0000000000e+00 1.6001540000e-13
1.7000000000e-01 1.7000000000e-01 1.0000000000e+00 -4.2416600000e-05 4.2416600000e-05 1.7001540000e-13 0.0000000000e+00 1.7001540000e-13
1.8000000000e-01 1.8000000000e-01 1.0000000000e+00 -4.2763400000e-05 4.2763400000e-05 1.8001550000e-13 0.0000000000e+00 1.8001550000e-13
1.9000000000e-01 1.9000000000e-01 1.0000000000e+00 -4.3067100000e-05 4.3067100000e-05 1.9001550000e-13 0.0000000000e+00 1.9001550000e-13
2.0000000000e-01 2.0000000000e-01 1.0000000000e+00 -4.3335300000e-05 4.3335300000e-05 2.0001550000e-13 0.0000000000e+00 2.0001550000e-13
2.1000000000e-01 2.1000000000e-01 1.0000000000e+00 -4.3574200000e-05 4.3574200000e-05 2.1001550000e-13 0.0000000000e+00 2.1001550000e-13
2.2000000000e-01 2.2000000000e-01 1.0000000000e+00 -4.3788500000e-05 4.3788500000e-05 2.2001550000e-13 0.0000000000e+00 2.2001550000e-13
2.3000000000e-01 2.3000000000e-01 1.0000000000e+00 -4.3982300000e-05 4.3982300000e-05 2.3001550000e-13 0.0000000000e+00 2.3001550000e-13
2.4000000000e-01 2.4000000000e-01 1.0000000000e+00 -4.4158500000e-05 4.4158500000e-05 2.4001550000e-13 0.0000000000e+00 2.4001550000e-13
2.5000000000e-01 2.5000000000e-01 1.0000000000e+00 -4.4319700000e-05 4.4319700000e-05 2.5001550000e-13 0.0000000000e+00 2.5001550000e-13
2.6000000000e-01 2.6000000000e-01 1.0000000000e+00 -4.4468100000e-05 4.4468100000e-05 2.6001550000e-13 0.0000000000e+00 2.6001550000e-13
2.7000000000e-01 2.7000000000e-01 1.0000000000e+00 -4.4605200000e-05 4.4605200000e-05 2.7001550000e-13 0.0000000000e+00 2.7001550000e-13
2.8000000000e-01 2.8000000000e-01 1.0000000000e+00 -4.4732600000e-05 4.4732600000e-05 2.8001550000e-13 0.0000000000e+00 2.8001550000e-13
2.9000000000e-01 2.9000000000e-01 1.0000000000e+00 -4.4851300000e-05 4.4851300000e-05 2.9001550000e-13 0.0000000000e+00 2.9001550000e-13
3.0000000000e-01 3.0000000000e-01 1.0000000000e+00 -4.4962500000e-05 4.4962500000e-05 3.0001550000e-13 0.0000000000e+00 3.0001550000e-13
3.1000000000e-01 3.1000000000e-01 1.0000000000e+00 -4.5067000000e-05 4.5067000000e-05 3.1001550000e-13 0.0000000000e+00 3.1001550000e-13
3.2000000000e-01 3.2000000000e-01 1.0000000000e+00 -4.5165400000e-05 4.5165400000e-05 3.2001550000e-13 0.0000000000e+00 3.2001550000e-13
3.3000000000e-01 3.3000000000e-01 1.0000000000e+00 -4.5258400000e-05 4.5258400000e-05 3.3001550000e-13 0.0000000000e+00 3.3001550000e-13
3.4000000000e-01 3.4000000000e-01 1.0000000000e+00 -4.5346600000e-05 4.5346600000e-05 3.4001550000e-13 0.0000000000e+00 3.4001550000e-13
3.5000000000e-01 3.5000000000e-01 1.0000000000e+00 -4.5430400000e-05 4.5430400000e-05 3.5001550000e-13 0.0000000000e+00 3.5001550000e-13
3.6000000000e-01 3.6000000000e-01 1.0000000000e+00 -4.5510200000e-05 4.5510200000e-05 3.6001550000e-13 0.0000000000e+00 3.6001550000e-13
3.7000000000e-01 3.7000000000e-01 1.0000000000e+00 -4.5586300000e-05 4.5586300000e-05 3.7001550000e-13 0.0000000000e+00 3.7001550000e-13
3.8000000000e-01 3.8000000000e-01 1.0000000000e+00 -4.5659100000e-05 4.5659100000e-05 3.8001550000e-13 0.0000000000e+00 3.8001550000e-13
3.9000000000e-01 3.9000000000e-01 1.0000000000e+00 -4.5728900000e-05 4.5728900000e-05 3.9001550000e-13 0.0000000000e+00 3.9001550000e-13
4.0000000000e-01 4.0000000000e-01 1.0000000000e+00 -4.5795800000e-05 4.5795800000e-05 4.0001550000e-13 0.0000000000e+00 4.0001550000e-13
4.1000000000e-01 4.1000000000e-01 1.0000000000e+00 -4.5860200000e-05 4.5860200000e-05 4.1001550000e-13 0.0000000000e+00 4.1001550000e-13
4.2000000000e-01 4.2000000000e-01 1.0000000000e+00 -4.5922100000e-05 4.5922100000e-05 4.2001550000e-13 0.0000000000e+00 4.2001550000e-13
4.3000000000e-01 4.3000000000e-01 1.0000000000e+00 -4.5981900000e-05 4.5981900000e-05 4.3001550000e-13 0.0000000000e+00 4.3001550000e-13
4.4000000000e-01 4.4000000000e-01 1.0000000000e+00 -4.6039500000e-05 4.6039500000e-05 4.4001550000e-13 0.0000000000e+00 4.4001550000e-13
4.5000000000e-01 4.5000000000e-01 1.0000000000e+00 -4.6095200000e-05 4.6095200000e-05 4.5001550000e-13 0.0000000000e+00 4.5001550000e-13
4.6000000000e-01 4.6000000000e-01 1.0000000000e+00 -4.6149100000e-05 4.6149100000e-05 4.6001550000e-13 0.0000000000e+00 4.6001550000e-13
4.7000000000e-01 4.7000000000e-01 1.0000000000e+00 -4.6201400000e-05 4.6201400000e-05 4.7001550000e-13 0.0000000000e+00 4.7001550000e-13
4.8000000000e-01 4.8000000000e-01 1.0000000000e+00 -4.6252000000e-05 4.6252000000e-05 4.8001550000e-13 0.0000000000e+00 4.8001550000e-13
4.9000000000e-01 4.9000000000e-01 1.0000000000e+00 -4.6301100000e-05 4.6301100000e-05 4.9001550000e-13 0.0000000000e+00 4.9001550000e-13
5.0000000000e-01 5.0000000000e-01 1.0000000000e+00 -4.6348800000e-05 4.6348800000e-05 5.0001550000e-13 0.0000000000e+00 5.0001550000e-13
5.1000000000e-01 5.1000000000e-01 1.0000000000e+00 -4.6395300000e-05 4.6395300000e-05 5.1001550000e-13 0.0000000000e+00 5.1001550000e-13
5.2000000000e-01 5.2000000000e-01 1.0000000000e+00 -4.6440400000e-05 4.6440400000e-05 5.2001550000e-13 0.0000000000e+00 5.2001550000e-13
5.3000000000e-01 5.3000000000e-01 1.0000000000e+00 -4.6484400000e-05 4.6484400000e-05 5.3001550000e-13 0.0000000000e+00 5.3001550000e-13
5.4000000000e-01 5.4000000000e-01 1.0000000000e+00 -4.6527200000e-05 4.6527200000e-05 5.4001550000e-13 0.0000000000e+00 5.4001550000e-13
5.5000000000e-01 5.5000000000e-01 1.0000000000e+00 -4.6569000000e-05 4.6569000000e-05 5.5001550000e-13 0.0000000000e+00 5.5001550000e-13
5.6000000000e-01 5.6000000000e-01 1.0000000000e+00 -4.6609800000e-05 4.6609800000e-05 5.6001550000e-13 0.0000000000e+00 5.6001550000e-13
5.7000000000e-01 5.7000000000e-01 1.0000000000e+00 -4.6649600000e-05 4.6649600000e-05 5.7001550000e-13 0.0000000000e+00 5.7001550000e-13
5.8000000000e-01 5.8000000000e-01 1.0000000000e+00 -4.6688500000e-05 4.6688500000e-05 5.8001550000e-13 0.0000000000e+00 5.8001550000e-13
5.9000000000e-01 5.9000000000e-01 1.0000000000e+00 -4.6726600000e-05 4.6726600000e-05 5.9001550000e-13 0.0000000000e+00 5.9001550000e-13
6.0000000000e-01 6.0000000000e-01 1.0000000000e+00 -4.6763800000e-05 4.6763800000e-05 6.0001550000e-13 0.0000000000e+00 6.0001550000e-13
6.1000000000e-01 6.1000000000e-01 1.0000000000e+00 -4.6800200000e-05 4.6800200000e-05 6.1001550000e-13 0.0000000000e+00 6.1001550000e-13
6.2000000000e-01 6.2000000000e-01 1.0000000000e+00 -4.6835800000e-05 4.6835800000e-05 6.2001550000e-13 0.0000000000e+00 6.2001550000e-13
6.3000000000e-01 6.3000000000e-01 1.0000000000e+00 -4.6870700000e-05 4.6870700000e-05 6.3001550000e-13 0.0000000000e+00 6.3001550000e-13
6.4000000000e-01 6.4000000000e-01 1.0000000000e+00 -4.6904900000e-05 4.6904900000e-05 6.4001550000e-13 0.0000000000e+00 6.4001550000e-13
6.5000000000e-01 6.5000000000e-01 1.0000000000e+00 -4.6938500000e-05 4.6938500000e-05 6.5001550000e-13 0.0000000000e+00 6.5001550000e-13
6.6000000000e-01 6.6000000000e-01 1.0000000000e+00 -4.6971400000e-05 4.6971400000e-05 6.6001550000e-13 0.0000000000e+00 6.6001550000e-13
6.7000000000e-01 6.7000000000e-01 1.0000000000e+00 -4.7003700000e-05 4.7003700000e-05 6.7001550000e-13 0.0000000000e+00 6.7001550000e-13
6.8000000000e-01 6.8000000000e-01 1.0000000000e+00 -4.7035400000e-05 4.7035400000e-05 6.8001550000e-13 0.0000000000e+00 6.8001550000e-13
6.9000000000e-01 6.9000000000e-01 1.0000000000e+00 -4.7066500000e-05 4.7066500000e-05 6.9001550000e-13 0.0000000000e+00 6.9001550000e-13
7.0000000000e-01 7.0000000000e-01 1.0000000000e+00 -4.7097100000e-05 4.7097100000e-05 7.0001550000e-13 0.0000000000e+00 7.0001550000e-13
7.1000000000e-01 7.1000000000e-01 1.0000000000e+00 -4.7127100000e-05 4.7127100000e-05 7.1001550000e-13 0.0000000000e+00 7.1001550000e-13
7.2000000000e-01 7.2000000000e-01 1.0000000000e+00 -4.7156600000e-05 4.7156600000e-05 7.2001550000e-13 0.0000000000e+00 7.2001550000e-13
7.3000000000e-01 7.3000000000e-01 1.0000000000e+00 -4.7185700000e-05 4.7185700000e-05 7.3001550000e-13 0.0000000000e+00 7.3001550000e-13
7.4000000000e-01 7.4000000000e-01 1.0000000000e+00 -4.7214300000e-05 4.7214300000e-05 7.4001550000e-13 0.0000000000e+00 7.4001550000e-13
7.5000000000e-01 7.5000000000e-01 1.0000000000e+00 -4.7242400000e-05 4.7242400000e-05 7.5001550000e-13 0.0000000000e+00 7.5001550000e-13
7.6000000000e-01 7.6000000000e-01 1.0000000000e+00 -4.7270000000e-05 4.7270000000e-05 7.6001550000e-13 0.0000000000e+00 7.6001550000e-13
7.7000000000e-01 7.7000000000e-01 1.0000000000e+00 -4.7297300000e-05 4.7297300000e-05 7.7001550000e-13 0.0000000000e+00 7.7001550000e-13
7.8000000000e-01 7.8000000000e-01 1.0000000000e+00 -4.7324100000e-05 4.7324100000e-05 7.8001550000e-13 0.0000000000e+00 7.8001550000e-13
7.9000000000e-01 7.9000000000e-01 1.0000000000e+00 -4.7350500000e-05 4.7350500000e-05 7.9001550000e-13 0.0000000000e+00 7.9001550000e-13
8.0000000000e-01 8.0000000000e-01 1.0000000000e+00 -4.7376500000e-05 4.7376500000e-05 8.0001550000e-13 0.0000000000e+00 8.0001550000e-13
8.1000000000e-01 8.1000000000e-01 1.0000000000e+00 -4.7402200000e-05 4.7402200000e-05 8.1001550000e-13 0.0000000000e+00 8.1001550000e-13
8.2000000000e-01 8.2000000000e-01 1.0000000000e+00 -4.7427400000e-05 4.7427400000e-05 8.2001550000e-13 0.0000000000e+00 8.2001550000e-13
8.3000000000e-01 8.3000000000e-01 1.0000000000e+00 -4.7452400000e-05 4.7452400000e-05 8.3001550000e-13 0.0000000000e+00 8.3001550000e-13
8.4000000000e-01 8.4000000000e-01 1.0000000000e+00 -4.7476900000e-05 4.7476900000e-05 8.4001550000e-13 0.0000000000e+00 8.4001550000e-13
8.5000000000e-01 8.5000000000e-01 1.0000000000e+00 -4.7501200000e-05 4.7501200000e-05 8.5001550000e-13 0.0000000000e+00 8.5001550000e-13
8.6000000000e-01 8.6000000000e-01 1.0000000000e+00 -4.7525100000e-05 4.7525100000e-05 8.6001550000e-13 0.0000000000e+00 8.6001550000e-13
8.7000000000e-01 8.7000000000e-01 1.0000000000e+00 -4.7548700000e-05 4.7548700000e-05 8.7001550000e-13 0.0000000000e+00 8.7001550000e-13
8.8000000000e-01 8.8000000000e-01 1.0000000000e+00 -4.7572000000e-05 4.7572000000e-05 8.8001550000e-13 0.0000000000e+00 8.8001550000e-13
8.9000000000e-01 8.9000000000e-01 1.0000000000e+00 -4.7595000000e-05 4.7595000000e-05 8.9001550000e-13 0.0000000000e+00 8.9001550000e-13
9.0000000000e-01 9.0000000000e-01 1.0000000000e+00 -4.7617700000e-05 4.7617700000e-05 9.0001550000e-13 0.0000000000e+00 9.0001550000e-13
9.1000000000e-01 9.1000000000e-01 1.0000000000e+00 -4.7640100000e-05 4.7640100000e-05 9.1001550000e-13 0.0000000000e+00 9.1001550000e-13
9.2000000000e-01 9.2000000000e-01 1.0000000000e+00 -4.7662300000e-05 4.7662300000e-05 9.2001550000e-13 0.0000000000e+00 9.2001550000e-13
9.3000000000e-01 9.3000000000e-01 1.0000000000e+00 -4.7684200000e-05 4.7684200000e-05 9.3001550000e-13 0.0000000000e+00 9.3001550000e-13
9.4000000000e-01 9.4000000000e-01 1.0000000000e+00 -4.7705800000e-05 4.7705800000e-05 9.4001550000e-13 0.0000000000e+00 9.4001550000e-13
9.5000000000e-01 9.5000000000e-01 1.0000000000e+00 -4.7727100000e-05 4.7727100000e-05 9.5001550000e-13 0.0000000000e+00 9.5001550000e-13
9.6000000000e-01 9.6000000000e-01 1.0000000000e+00 -4.7748200000e-05 4.7748200000e-05 9.6001550000e-13 0.0000000000e+00 9.6001550000e-13
9.7000000000e-01 9.7000000000e-01 1.0000000000e+00 -4.7769100000e-05 4.7769100000e-05 9.7001550000e-13 0.0000000000e+00 9.7001550000e-13
9.8000000000e-01 9.8000000000e-01 1.0000000000e+00 -4.7789700000e-05 4.7789700000e-05 9.8001550000e-13 0.0000000000e+00 9.8001550000e-13
9.9000000000e-01 9.9000000000e-01 1.0000000000e+00 -4.7810200000e-05 4.7810100000e-05 9.9001550000e-13 0.0000000000e+00 9.9009984500e-11
1.0000000000e+00 1.0000000000e+00 1.0000000000e+00 -4.7830300000e-05 4.7830300000e-05 1.0000000000e-12 0.0000000000e+00 1.0000000000e-12
1.0100000000e+00 1.0100000000e+00 1.0000000000e+00 -4.7850300000e-05 4.7850300000e-05 1.0100000000e-12 0.0000000000e+00 1.0100000000e-12
1.0200000000e+00 1.0200000000e+00 1.0000000000e+00 -4.7870000000e-05 4.7870000000e-05 1.0200000000e-12 0.0000000000e+00 1.0200000000e-12
1.0300000000e+00 1.0300000000e+00 1.0000000000e+00 -4.7889600000e-05 4.7889500000e-05 1.0300000000e-12 0.0000000000e+00 9.8970000000e-11
1.0400000000e+00 1.0400000000e+00 1.0000000000e+00 -4.7908900000e-05 4.7908900000e-05 1.0400000000e-12 0.0000000000e+00 1.0400000000e-12
1.0500000000e+00 1.0500000000e+00 1.0000000000e+00 -4.7928000000e-05 4.7928000000e-05 1.0500000000e-12 0.0000000000e+00 1.0500000000e-12
1.0600000000e+00 1.0600000000e+00 1.0000000000e+00 -4.7946900000e-05 4.7946900000e-05 1.0600000000e-12 0.0000000000e+00 1.0600000000e-12
1.0700000000e+00 1.0700000000e+00 1.0000000000e+00 -4.7965700000e-05 4.7965700000e-05 1.0700000000e-12 0.0000000000e+00 1.0700000000e-12
1.0800000000e+00 1.0800000000e+00 1.0000000000e+00 -4.7984200000e-05 4.7984200000e-05 1.0800000000e-12 0.0000000000e+00 1.0800000000e-12
1.0900000000e+00 1.0900000000e+00 1.0000000000e+00 -4.8002600000e-05 4.8002600000e-05 1.0900000000e-12 0.0000000000e+00 1.0900000000e-12
1.1000000000e+00 1.1000000000e+00 1.0000000000e+00 -4.8020700000e-05 4.8020700000e-05 1.1000000000e-12 0.0000000000e+00 1.1000000000e-12
1.1100000000e+00 1.1100000000e+00 1.0000000000e+00 -4.8038800000e-05 4.8038800000e-05 1.1100000000e-12 0.0000000000e+00 1.1100000000e-12
1.1200000000e+00 1.1200000000e+00 1.0000000000e+00 -4.8056600000e-05 4.8056600000e-05 1.1200000000e-12 0.0000000000e+00 1.1200000000e-12
1.1300000000e+00 1.1300000000e+00 1.0000000000e+00 -4.8074200000e-05 4.8074200000e-05 1.1300000000e-12 0.0000000000e+00 1.1300000000e-12
1.1400000000e+00 1.1400000000e+00 1.0000000000e+00 -4.8091700000e-05 4.8091700000e-05 1.1400000000e-12 0.0000000000e+00 1.1400000000e-12
1.1500000000e+00 1.1500000000e+00 1.0000000000e+00 -4.8109100000e-05 4.8109100000e-05 1.1500000000e-12 0.0000000000e+00 1.1500000000e-12
1.1600000000e+00 1.1600000000e+00 1.0000000000e+00 -4.8126300000e-05 4.8126300000e-05 1.1600000000e-12 0.0000000000e+00 1.1600000000e-12
1.1700000000e+00 1.1700000000e+00 1.0000000000e+00 -4.8143300000e-05 4.8143300000e-05 1.1700000000e-12 0.0000000000e+00 1.1700000000e-12
1.1800000000e+00 1.1800000000e+00 1.0000000000e+00 -4.8160100000e-05 4.8160100000e-05 1.1800000000e-12 0.0000000000e+00 1.1800000000e-12
1.1900000000e+00 1.1900000000e+00 1.0000000000e+00 -4.8176900000e-05 4.8176900000e-05 1.1900000000e-12 0.0000000000e+00 1.1900000000e-12
1.2000000000e+00 1.2000000000e+00 1.0000000000e+00 -4.8193400000e-05 4.8193400000e-05 1.2000000000e-12 0.0000000000e+00 1.2000000000e-12
0.0000000000e+00 0.0000000000e+00 1.2000000000e+00 0.0000000000e+00 0.0000000000e+00 0.0000000000e+00 0.0000000000e+00 0.0000000000e+00
1.0000000000e-02 1.0000000000e-02 1.2000000000e+00 -2.0659700000e-05 2.0659700000e-05 1.0005000000e-14 0.0000000000e+00 1.0005000000e-14
2.0000000000e-02 2.0000000000e-02 1.2000000000e+00 -4.0130300000e-05 4.0130300000e-05 2.0008400000e-14 0.0000000000e+00 2.0008400000e-14
3.0000000000e-02 3.0000000000e-02 1.2000000000e+00 -5.8426500000e-05 5.8426500000e-05 3.0010700000e-14 0.0000000000e+00 3.0010700000e-14
4.0000000000e-02 4.0000000000e-02 1.2000000000e+00 -7.5564700000e-05 7.5564700000e-05 4.0012300000e-14 0.0000000000e+00 4.0012300000e-14
5.0000000000e-02 5.0000000000e-02 1.2000000000e+00 -9.1562900000e-05 9.1562900000e-05 5.0013300000e-14 0.0000000000e+00 5.0013300000e-14
6.0000000000e-02 6.0000000000e-02 1.2000000000e+00 -1.0644110000e-04 1.0644110000e-04 6.0014000000e-14 0.0000000000e+00 6.0014000000e-14
7.0000000000e-02 7.0000000000e-02 1.2000000000e+00 -1.2022220000e-04 1.2022220000e-04 7.0014500000e-14 0.0000000000e+00 7.0014500000e-14
8.0000000000e-02 8.0000000000e-02 1.2000000000e+00 -1.3293200000e-04 1.3293200000e-04 8.0014800000e-14 0.0000000000e+00 8.0014800000e-14
9.0000000000e-02 9.0000000000e-02 1.2000000000e+00 -1.4460020000e-04 1.4460020000e-04 9.0015000000e-14 0.0000000000e+00 9.0015000000e-14
1.0000000000e-01 1.0000000000e-01 1.2000000000e+00 -1.5526050000e-04 1.5526050000e-04 1.0001520000e-13 0.0000000000e+00 1.0001520000e-13
1.1000000000e-01 1.1000000000e-01 1.2000000000e+00 -1.6495120000e-04 1.6495120000e-04 1.1001530000e-13 0.0000000000e+00 1.1001530000e-13
1.2000000000e-01 1.2000000000e-01 1.2000000000e+00 -1.7371600000e-04 1.7371600000e-04 1.2001530000e-13 0.0000000000e+00 1.2001530000e-13
1.3000000000e-01 1.3000000000e-01 1.2000000000e+00 -1.8160330000e-04 1.8160330000e-04 1.3001540000e-13 0.0000000000e+00 1.3001540000e-13
1.4000000000e-01 1.4000000000e-01 1.2000000000e+00 -1.8866670000e-04 1.8866670000e-04 1.4001540000e-13 0.0000000000e+00 1.4001540000e-13
1.5000000000e-01 1.5000000000e-01 1.2000000000e+00 -1.9496380000e-04 1.9496380000e-04 1.5001540000e-13 0.0000000000e+00 1.5001540000e-13
1.6000000000e-01 1.6000000000e-01 1.2000000000e+00 -2.0055570000e-04 2.0055570000e-04 1.6001540000e-13 0.0000000000e+00 1.6001540000e-13
1.7000000000e-01 1.7000000000e-01 1.2000000000e+00 -2.0550550000e-04 2.0550550000e-04 1.7001540000e-13 0.0000000000e+00 1.7001540000e-13
1.8000000000e-01 1.8000000000e-01 1.2000000000e+00 -2.0987650000e-04 2.0987650000e-04 1.8001550000e-13 0.0000000000e+00 1.8001550000e-13
1.9000000000e-01 1.9000000000e-01 1.2000000000e+00 -2.1373120000e-04 2.1373120000e-04 1.9001550000e-13 0.0000000000e+00 1.9001550000e-13
2.0000000000e-01 2.0000000000e-01 1.2000000000e+00 -2.1712920000e-04 2.1712920000e-04 2.0001550000e-13 0.0000000000e+00 2.0001550000e-13
2.1000000000e-01 2.1000000000e-01 1.2000000000e+00 -2.2012630000e-04 2.2012630000e-04 2.1001550000e-13 0.0000000000e+00 2.1001550000e-13
2.2000000000e-01 2.2000000000e-01 1.2000000000e+00 -2.2277380000e-04 2.2277380000e-04 2.2001550000e-13 0.0000000000e+00 2.2001550000e-13
2.3000000000e-01 2.3000000000e-01 1.2000000000e+00 -2.2511800000e-04 2.2511800000e-04 2.3001550000e-13 0.0000000000e+00 2.3001550000e-13
2.4000000000e-01 2.4000000000e-01 1.2000000000e+00 -2.2719960000e-04 2.2719960000e-04 2.4001550000e-13 0.0000000000e+00 2.4001550000e-13
2.5000000000e-01 2.5000000000e-01 1.2000000000e+00 -2.2905450000e-04 2.2905450000e-04 2.5001550000e-13 0.0000000000e+00 2.5001550000e-13
2.6000000000e-01 2.6000000000e-01 1.2000000000e+00 -2.3071390000e-04 2.3071390000e-04 2.6001550000e-13 0.0000000000e+00 2.6001550000e-13
2.7000000000e-01 2.7000000000e-01 1.2000000000e+00 -2.3220430000e-04 2.3220430000e-04 2.7001550000e-13 0.0000000000e+00 2.7001550000e-13
2.8000000000e-01 2.8000000000e-01 1.2000000000e+00 -2.3354870000e-04 2.3354870000e-04 2.8001550000e-13 0.0000000000e+00 2.8001550000e-13
2.9000000000e-01 2.9000000000e-01 1.2000000000e+00 -2.3476650000e-04 2.3476650000e-04 2.9001550000e-13 0.0000000000e+00 2.9001550000e-13
3.0000000000e-01 3.0000000000e-01 1.2000000000e+00 -2.3587450000e-04 2.3587450000e-04 3.0001550000e-13 0.0000000000e+00 3.0001550000e-13
3.1000000000e-01 3.1000000000e-01 1.2000000000e+00 -2.3688670000e-04 2.3688670000e-04 3.1001550000e-13 0.0000000000e+00 3.1001550000e-13
3.2000000000e-01 3.2000000000e-01 1.2000000000e+00 -2.3781510000e-04 2.3781510000e-04 3.2001550000e-13 0.0000000000e+00 3.2001550000e-13
3.3000000000e-01 3.3000000000e-01 1.2000000000e+00 -2.3867000000e-04 2.3867000000e-04 3.3001550000e-13 0.0000000000e+00 3.3001550000e-13
3.4000000000e-01 3.4000000000e-01 1.2000000000e+00 -2.3946020000e-04 2.3946020000e-04 3.4001550000e-13 0.0000000000e+00 3.4001550000e-13
3.5000000000e-01 3.5000000000e-01 1.2000000000e+00 -2.4019310000e-04 2.4019310000e-04 3.5001550000e-13 0.0000000000e+00 3.5001550000e-13
3.6000000000e-01 3.6000000000e-01 1.2000000000e+00 -2.4087530000e-04 2.4087530000e-04 3.6001550000e-13 0.0000000000e+00 3.6001550000e-13
3.7000000000e-01 3.7000000000e-01 1.2000000000e+00 -2.4151210000e-04 2.4151210000e-04 3.7001550000e-13 0.0000000000e+00 3.7001550000e-13
3.8000000000e-01 3.8000000000e-01 1.2000000000e+00 -2.4210850000e-04 2.4210850000e-04 3.8001550000e-13 0.0000000000e+00 3.8001550000e-13
3.9000000000e-01 3.9000000000e-01 1.2000000000e+00 -2.4266860000e-04 2.4266860000e-04 3.9001550000e-13 0.0000000000e+00 3.9001550000e-13
4.0000000000e-01 4.0000000000e-01 1.2000000000e+00 -2.4319590000e-04 2.4319590000e-04 4.0001550000e-13 0.0000000000e+00 4.0001550000e-13
4.1000000000e-01 4.1000000000e-01 1.2000000000e+00 -2.4369370000e-04 2.4369370000e-04 4.1001550000e-13 0.0000000000e+00 4.1001550000e-13
4.2000000000e-01 4.2000000000e-01 1.2000000000e+00 -2.4416470000e-04 2.4416470000e-04 4.2001550000e-13 0.0000000000e+00 4.2001550000e-13
4.3000000000e-01 4.3000000000e-01 1.2000000000e+00 -2.4461130000e-04 2.4461130000e-04 4.3001550000e-13 0.0000000000e+00 4.3001550000e-13
4.4000000000e-01 4.4000000000e-01 1.2000000000e+00 -2.4503570000e-04 2.4503570000e-04 4.4001550000e-13 0.0000000000e+00 4.4001550000e-13
4.5000000000e-01 4.5000000000e-01 1.2000000000e+00 -2.4543980000e-04 2.4543980000e-04 4.5001550000e-13 0.0000000000e+00 4.5001550000e-13
4.6000000000e-01 4.6000000000e-01 1.2000000000e+00 -2.4582520000e-04 2.4582520000e-04 4.6001550000e-13 0.0000000000e+00 4.6001550000e-13
4.7000000000e-01 4.7000000000e-01 1.2000000000e+00 -2.4619350000e-04 2.4619350000e-04 4.7001550000e-13 0.0000000000e+00 4.7001550000e-13
4.8000000000e-01 4.8000000000e-01 1.2000000000e+00 -2.4654590000e-04 2.4654590000e-04 4.8001550000e-13 0.0000000000e+00 4.8001550000e-13
4.9000000000e-01 4.9000000000e-01 1.2000000000e+00 -2.4688380000e-04 2.4688380000e-04 4.9001550000e-13 0.0000000000e+00 4.9001550000e-13
5.0000000000e-01 5.0000000000e-01 1.2000000000e+00 -2.4720810000e-04 2.4720810000e-04 5.0001550000e-13 0.0000000000e+00 5.0001550000e-13
5.1000000000e-01 5.1000000000e-01 1.2000000000e+00 -2.4751980000e-04 2.4751980000e-04 5.1001550000e-13 0.0000000000e+00 5.1001550000e-13
5.2000000000e-01 5.2000000000e-01 1.2000000000e+00 -2.4781990000e-04 2.4781990000e-04 5.2001550000e-13 0.0000000000e+00 5.2001550000e-13
5.3000000000e-01 5.3000000000e-01 1.2000000000e+00 -2.4810900000e-04 2.4810900000e-04 5.3001550000e-13 0.0000000000e+00 5.3001550000e-13
5.4000000000e-01 5.4000000000e-01 1.2000000000e+00 -2.4838800000e-04 2.4838800000e-04 5.4001550000e-13 0.0000000000e+00 5.4001550000e-13
5.5000000000e-01 5.5000000000e-01 1.2000000000e+00 -2.4865740000e-04 2.4865740000e-04 5.5001550000e-13 0.0000000000e+00 5.5001550000e-13
5.6000000000e-01 5.6000000000e-01 1.2000000000e+00 -2.4891790000e-04 2.4891790000e-04 5.6001550000e-13 0.0000000000e+00 5.6001550000e-13
5.7000000000e-01 5.7000000000e-01 1.2000000000e+00 -2.4917000000e-04 2.4917000000e-04 5.7001550000e-13 0.0000000000e+00 5.7001550000e-13
5.8000000000e-01 5.8000000000e-01 1.2000000000e+00 -2.4941420000e-04 2.4941420000e-04 5.8001550000e-13 0.0000000000e+00 5.8001550000e-13
5.9000000000e-01 5.9000000000e-01 1.2000000000e+00 -2.4965100000e-04 2.4965100000e-04 5.9001550000e-13 0.0000000000e+00 5.9001550000e-13
6.0000000000e-01 6.0000000000e-01 1.2000000000e+00 -2.4988080000e-04 2.4988080000e-04 6.0001550000e-13 0.0000000000e+00 6.0001550000e-13
6.1000000000e-01 6.1000000000e-01 1.2000000000e+00 -2.5010400000e-04 2.5010400000e-04 6.1001550000e-13 0.0000000000e+00 6.1001550000e-13
6.2000000000e-01 6.2000000000e-01 1.2000000000e+00 -2.5032090000e-04 2.5032090000e-04 6.2001550000e-13 0.0000000000e+00 6.2001550000e-13
6.3000000000e-01 6.3000000000e-01 1.2000000000e+00 -2.5053180000e-04 2.5053180000e-04 6.3001550000e-13 0.0000000000e+00 6.3001550000e-13
6.4000000000e-01 6.4000000000e-01 1.2000000000e+00 -2.5073710000e-04 2.5073710000e-04 6.4001550000e-13 0.0000000000e+00 6.4001550000e-13
6.5000000000e-01 6.5000000000e-01 1.2000000000e+00 -2.5093710000e-04 2.5093710000e-04 6.5001550000e-13 0.0000000000e+00 6.5001550000e-13
6.6000000000e-01 6.6000000000e-01 1.2000000000e+00 -2.5113200000e-04 2.5113200000e-04 6.6001550000e-13 0.0000000000e+00 6.6001550000e-13
6.7000000000e-01 6.7000000000e-01 1.2000000000e+00 -2.5132210000e-04 2.5132210000e-04 6.7001550000e-13 0.0000000000e+00 6.7001550000e-13
6.8000000000e-01 6.8000000000e-01 1.2000000000e+00 -2.5150760000e-04 2.5150760000e-04 6.8001550000e-13 0.0000000000e+00 6.8001550000e-13
6.9000000000e-01 6.9000000000e-01 1.2000000000e+00 -2.5168860000e-04 2.5168860000e-04 6.9001550000e-13 0.0000000000e+00 6.9001550000e-13
7.0000000000e-01 7.0000000000e-01 1.2000000000e+00 -2.5186550000e-04 2.5186550000e-04 7.0001550000e-13 0.0000000000e+00 7.0001550000e-13
7.1000000000e-01 7.1000000000e-01 1.2000000000e+00 -2.5203840000e-04 2.5203840000e-04 7.1001550000e-13 0.0000000000e+00 7.1001550000e-13
7.2000000000e-01 7.2000000000e-01 1.2000000000e+00 -2.5220740000e-04 2.5220740000e-04 7.2001550000e-13 0.0000000000e+00 7.2001550000e-13
7.3000000000e-01 7.3000000000e-01 1.2000000000e+00 -2.5237280000e-04 2.5237280000e-04 7.3001550000e-13 0.0000000000e+00 7.3001550000e-13
7.4000000000e-01 7.4000000000e-01 1.2000000000e+00 -2.5253470000e-04 2.5253470000e-04 7.4001550000e-13 0.0000000000e+00 7.4001550000e-13
7.5000000000e-01 7.5000000000e-01 1.2000000000e+00 -2.5269310000e-04 2.5269310000e-04 7.5001550000e-13 0.0000000000e+00 7.5001550000e-13
7.6000000000e-01 7.6000000000e-01 1.2000000000e+00 -2.5284840000e-04 2.5284840000e-04 7.6001550000e-13 0.0000000000e+00 7.6001550000e-13
7.7000000000e-01 7.7000000000e-01 1.2000000000e+00 -2.5300050000e-04 2.5300050000e-04 7.7001550000e-13 0.0000000000e+00 7.7001550000e-13
7.8000000000e-01 7.8000000000e-01 1.2000000000e+00 -2.5314970000e-04 2.5314970000e-04 7.8001550000e-13 0.0000000000e+00 7.8001550000e-13
7.9000000000e-01 7.9000000000e-01 1.2000000000e+00 -2.5329600000e-04 2.5329600000e-04 7.9001550000e-13 0.0000000000e+00 7.9001550000e-13
8.0000000000e-01 8.0000000000e-01 1.2000000000e+00 -2.5343950000e-04 2.5343950000e-04 8.0001550000e-13 0.0000000000e+00 8.0001550000e-13
8.1000000000e-01 8.1000000000e-01 1.2000000000e+00 -2.5358040000e-04 2.5358040000e-04 8.1001550000e-13 0.0000000000e+00 8.1001550000e-13
8.2000000000e-01 8.2000000000e-01 1.2000000000e+00 -2.5371860000e-04 2.5371860000e-04 8.2001550000e-13 0.0000000000e+00 8.2001550000e-13
8.3000000000e-01 8.3000000000e-01 1.2000000000e+00 -2.5385450000e-04 2.5385450000e-04 8.3001550000e-13 0.0000000000e+00 8.3001550000e-13
8.4000000000e-01 8.4000000000e-01 1.2000000000e+00 -2.5398790000e-04 2.5398790000e-04 8.4001550000e-13 0.0000000000e+00 8.4001550000e-13
8.5000000000e-01 8.5000000000e-01 1.2000000000e+00 -2.5411900000e-04 2.5411900000e-04 8.5001550000e-13 0.0000000000e+00 8.5001550000e-13
8.6000000000e-01 8.6000000000e-01 1.2000000000e+00 -2.5424790000e-04 2.5424790000e-04 8.6001550000e-13 0.0000000000e+00 8.6001550000e-13
8.7000000000e-01 8.7000000000e-01 1.2000000000e+00 -2.5437470000e-04 2.5437470000e-04 8.7001550000e-13 0.0000000000e+00 8.7001550000e-13
8.8000000000e-01 8.8000000000e-01 1.2000000000e+00 -2.5449940000e-04 2.5449940000e-04 8.8001550000e-13 0.0000000000e+00 8.8001550000e-13
8.9000000000e-01 8.9000000000e-01 1.2000000000e+00 -2.5462200000e-04 2.5462200000e-04 8.9001550000e-13 0.0000000000e+00 8.9001550000e-13
9.0000000000e-01 9.0000000000e-01 1.2000000000e+00 -2.5474270000e-04 2.5474270000e-04 9.0001550000e-13 0.0000000000e+00 9.0001550000e-13
9.1000000000e-01 9.1000000000e-01 1.2000000000e+00 -2.5486160000e-04 2.5486160000e-04 9.1001550000e-13 0.0000000000e+00 9.1001550000e-13
9.2000000000e-01 9.2000000000e-01 1.2000000000e+00 -2.5497860000e-04 2.5497860000e-04 9.2001550000e-13 0.0000000000e+00 9.2001550000e-13
9.3000000000e-01 9.3000000000e-01 1.2000000000e+00 -2.5509380000e-04 2.5509380000e-04 9.3001550000e-13 0.0000000000e+00 9.3001550000e-13
9.4000000000e-01 9.4000000000e-01 1.2000000000e+00 -2.5520730000e-04 2.5520730000e-04 9.4001550000e-13 0.0000000000e+00 9.4001550000e-13
9.5000000000e-01 9.5000000000e-01 1.2000000000e+00 -2.5531910000e-04 2.5531910000e-04 9.5001550000e-13 0.0000000000e+00 9.5001550000e-13
9.6000000000e-01 9.6000000000e-01 1.2000000000e+00 -2.5542930000e-04 2.5542930000e-04 9.6001550000e-13 0.0000000000e+00 9.6001550000e-13
9.7000000000e-01 9.7000000000e-01 1.2000000000e+00 -2.5553800000e-04 2.5553800000e-04 9.7001550000e-13 0.0000000000e+00 9.7001550000e-13
9.8000000000e-01 9.8000000000e-01 1.2000000000e+00 -2.5564510000e-04 2.5564510000e-04 9.8001550000e-13 0.0000000000e+00 9.8001550000e-13
9.9000000000e-01 9.9000000000e-01 1.2000000000e+00 -2.5575070000e-04 2.5575070000e-04 9.9001550000e-13 0.0000000000e+00 9.9001550000e-13
1.0000000000e+00 1.0000000000e+00 1.2000000000e+00 -2.5585490000e-04 2.5585490000e-04 1.0000000000e-12 0.0000000000e+00 1.0000000000e-12
1.0100000000e+00 1.0100000000e+00 1.2000000000e+00 -2.5595760000e-04 2.5595760000e-04 1.0100000000e-12 0.0000000000e+00 1.0100000000e-12
1.0200000000e+00 1.0200000000e+00 1.2000000000e+00 -2.5605910000e-04 2.5605910000e-04 1.0200000000e-12 0.0000000000e+00 1.0200000000e-12
1.0300000000e+00 1.0300000000e+00 1.2000000000e+00 -2.5615910000e-04 2.5615910000e-04 1.0300000000e-12 0.0000000000e+00 1.0300000000e-12
1.0400000000e+00 1.0400000000e+00 1.2000000000e+00 -2.5625790000e-04 2.5625790000e-04 1.0400000000e-12 0.0000000000e+00 1.0400000000e-12
1.0500000000e+00 1.0500000000e+00 1.2000000000e+00 -2.5635540000e-04 2.5635540000e-04 1.0500000000e-12 0.0000000000e+00 1.0500000000e-12
1.0600000000e+00 1.0600000000e+00 1.2000000000e+00 -2.5645170000e-04 2.5645170000e-04 1.0600000000e-12 0.0000000000e+00 1.0600000000e-12
1.0700000000e+00 1.0700000000e+00 1.2000000000e+00 -2.5654680000e-04 2.5654680000e-04 1.0700000000e-12 0.0000000000e+00 1.0700000000e-12
1.0800000000e+00 1.0800000000e+00 1.2000000000e+00 -2.5664070000e-04 2.5664070000e-04 1.0800000000e-12 0.0000000000e+00 1.0800000000e-12
1.0900000000e+00 1.0900000000e+00 1.2000000000e+00 -2.5673350000e-04 2.5673350000e-04 1.0900000000e-12 0.0000000000e+00 1.0900000000e-12
1.1000000000e+00 1.1000000000e+00 1.2000000000e+00 -2.5682520000e-04 2.5682520000e-04 1.1000000000e-12 0.0000000000e+00 1.1000000000e-12
1.1100000000e+00 1.1100000000e+00 1.2000000000e+00 -2.5691570000e-04 2.5691570000e-04 1.1100000000e-12 0.0000000000e+00 1.1100000000e-12
1.1200000000e+00 1.1200000000e+00 1.2000000000e+00 -2.5700530000e-04 2.5700530000e-04 1.1200000000e-12 0.0000000000e+00 1.1200000000e-12
1.1300000000e+00 1.1300000000e+00 1.2000000000e+00 -2.5709370000e-04 2.5709370000e-04 1.1300000000e-12 0.0000000000e+00 1.1300000000e-12
1.1400000000e+00 1.1400000000e+00 1.2000000000e+00 -2.5718120000e-04 2.5718120000e-04 1.1400000000e-12 0.0000000000e+00 1.1400000000e-12
1.1500000000e+00 1.1500000000e+00 1.2000000000e+00 -2.5726770000e-04 2.5726770000e-04 1.1500000000e-12 0.0000000000e+00 1.1500000000e-12
1.1600000000e+00 1.1600000000e+00 1.2000000000e+00 -2.5735320000e-04 2.5735320000e-04 1.1600000000e-12 0.0000000000e+00 1.1600000000e-12
1.1700000000e+00 1.1700000000e+00 1.2000000000e+00 -2.5743780000e-04 2.5743780000e-04 1.1700000000e-12 0.0000000000e+00 1.1700000000e-12
1.1800000000e+00 1.1800000000e+00 1.2000000000e+00 -2.5752150000e-04 2.5752150000e-04 1.1800000000e-12 0.0000000000e+00 1.1800000000e-12
1.1900000000e+00 1.1900000000e+00 1.2000000000e+00 -2.5760420000e-04 2.5760420000e-04 1.1900000000e-12 0.0000000000e+00 1.1900000000e-12
1.2000000000e+00 1.2000000000e+00 1.2000000000e+00 -2.5768610000e-04 2.5768610000e-04 1.2000000000e-12 0.0000000000e+00 1.2000000000e-12
