 time time power_switching
 0.0000000000e+00 0.0000000000e+00 2.8800018292e-12
 2.4437420077e-13 2.4437420077e-13 -2.1320645894e-06
 3.5974320856e-13 3.5974320856e-13 -2.1973158359e-06
 5.9048122414e-13 5.9048122414e-13 -2.3241184731e-06
 8.0506516059e-13 8.0506516059e-13 -2.4384781884e-06
 1.0299142275e-12 1.0299142275e-12 -2.5554293066e-06
 1.3190317719e-12 1.3190317719e-12 -2.7023632483e-06
 1.6288760233e-12 1.6288760233e-12 -2.8563066716e-06
 1.9582988548e-12 1.9582988548e-12 -3.0167292301e-06
 2.3186082191e-12 2.3186082191e-12 -3.1890967023e-06
 2.7163676642e-12 2.7163676642e-12 -3.3763274293e-06
 3.1629112942e-12 3.1629112942e-12 -3.5833758990e-06
 3.6723114942e-12 3.6723114942e-12 -3.8161441182e-06
 4.2628867241e-12 4.2628867241e-12 -4.0820408887e-06
 4.9611121805e-12 4.9611121805e-12 -4.3914872210e-06
 5.8073447764e-12 5.8073447764e-12 -4.7599333936e-06
 6.8674502775e-12 6.8674502775e-12 -5.2118494374e-06
 8.2580559433e-12 8.2580559433e-12 -5.7890204212e-06
 1.0209849142e-11 1.0209849142e-11 -6.5702230299e-06
 1.3255596695e-11 1.3255596695e-11 -7.7247353368e-06
 1.9129639274e-11 1.9129639274e-11 -9.7449075347e-06
 2.8403914921e-11 2.8403914921e-11 -1.2442123565e-05
 3.8140751377e-11 3.8140751377e-11 -1.4712942617e-05
 4.1197857907e-11 4.1197857907e-11 -1.5317749935e-05
 4.7312070966e-11 4.7312070966e-11 -1.6394678168e-05
 5.0489116791e-11 5.0489116791e-11 -1.6889111675e-05
 5.6843208442e-11 5.6843208442e-11 -1.7758719315e-05
 6.0418490540e-11 6.0418490540e-11 -1.8182668410e-05
 6.7569054738e-11 6.7569054738e-11 -1.8904588590e-05
 7.1583231314e-11 7.1583231314e-11 -1.9241261500e-05
 7.9611584467e-11 7.9611584467e-11 -1.9783331222e-05
 8.4094346612e-11 8.4094346612e-11 -2.0015174737e-05
 9.3059870901e-11 9.3059870901e-11 -2.0344090631e-05
 9.8007239376e-11 9.8007239376e-11 -2.0453848824e-05
 1.0790197633e-10 1.0790197633e-10 -2.0537221243e-05
 1.1301626068e-10 1.1301626068e-10 -2.0513209286e-05
 1.1907895482e-10 1.1907895482e-10 -2.0429851806e-05
 1.2447801582e-10 1.2447801582e-10 -2.0307975651e-05
 1.3009728823e-10 1.3009728823e-10 -2.0135586898e-05
 1.3562671330e-10 1.3562671330e-10 -1.9922215502e-05
 1.4120709751e-10 1.4120709751e-10 -1.9664166595e-05
 1.4677474470e-10 1.4677474470e-10 -1.9364899732e-05
 1.5234793998e-10 1.5234793998e-10 -1.9024185883e-05
 1.5790961253e-10 1.5790961253e-10 -1.8643547890e-05
 1.6345778863e-10 1.6345778863e-10 -1.8223573298e-05
 1.6898459709e-10 1.6898459709e-10 -1.7765203682e-05
 1.7448519966e-10 1.7448519966e-10 -1.7269134019e-05
 1.7995402068e-10 1.7995402068e-10 -1.6736108059e-05
 1.8538631803e-10 1.8538631803e-10 -1.6166799886e-05
 1.9077748995e-10 1.9077748995e-10 -1.5561889067e-05
 1.9612333795e-10 1.9612333795e-10 -1.4922048393e-05
 2.0141992754e-10 2.0141992754e-10 -1.4247972169e-05
 2.0815412910e-10 2.0815412910e-10 -1.3331974362e-05
 2.1127626912e-10 2.1127626912e-10 -1.2899010210e-05
 2.1752054917e-10 2.1752054917e-10 -1.2087090240e-05
 2.1980098684e-10 2.1980098684e-10 -1.1807852163e-05
 2.2436186218e-10 2.2436186218e-10 -1.1275517340e-05
 2.3348361287e-10 2.3348361287e-10 -1.0308379335e-05
 2.3931578936e-10 2.3931578936e-10 -9.7537269289e-06
 2.4612838369e-10 2.4612838369e-10 -9.1639735566e-06
 2.5262156615e-10 2.5262156615e-10 -8.6565212478e-06
 2.5947091932e-10 2.5947091932e-10 -8.1754735035e-06
 2.6643521504e-10 2.6643521504e-10 -7.7402102261e-06
 2.7346453381e-10 2.7346453381e-10 -7.3530688935e-06
 2.8035606619e-10 2.8035606619e-10 -7.0220713624e-06
 2.8716276421e-10 2.8716276421e-10 -6.7405059369e-06
 2.9384758553e-10 2.9384758553e-10 -6.5065361252e-06
 3.0042826498e-10 3.0042826498e-10 -6.3165953875e-06
 3.0689264844e-10 3.0689264844e-10 -6.1687993579e-06
 3.1322878417e-10 3.1322878417e-10 -6.0617593634e-06
 3.1940828565e-10 3.1940828565e-10 -5.9950004618e-06
 3.2539528515e-10 3.2539528515e-10 -5.9689059480e-06
 3.3114977027e-10 3.3114977027e-10 -5.9851335795e-06
 3.3663801532e-10 3.3663801532e-10 -6.0473598739e-06
 3.4152208853e-10 3.4152208853e-10 -6.1535455444e-06
 3.5129023494e-10 3.5129023494e-10 -6.5918207838e-06
 3.5393703470e-10 3.5393703470e-10 -6.7946778612e-06
 3.5923063423e-10 3.5923063423e-10 -7.3730552980e-06
 3.6108757107e-10 3.6108757107e-10 -7.6490647445e-06
 3.6480144475e-10 3.6480144475e-10 -8.3529583833e-06
 3.7222919212e-10 3.7222919212e-10 -1.0589887316e-05
 3.7355114485e-10 3.7355114485e-10 -1.1145814808e-05
 3.7619505030e-10 3.7619505030e-10 -1.2425192438e-05
 3.8148286120e-10 3.8148286120e-10 -1.5680718073e-05
 3.9093621148e-10 3.9093621148e-10 -2.3221266171e-05
 4.0071639085e-10 4.0071639085e-10 -3.0332563976e-05
 4.1031001537e-10 4.1031001537e-10 -3.2778431764e-05
 4.1990455456e-10 4.1990455456e-10 -2.9821062571e-05
 4.2147915850e-10 4.2147915850e-10 -2.8889894115e-05
 4.2462836637e-10 4.2462836637e-10 -2.6800144042e-05
 4.3092678212e-10 4.3092678212e-10 -2.2049888497e-05
 4.3304487859e-10 4.3304487859e-10 -2.0383875373e-05
 4.3728107153e-10 4.3728107153e-10 -1.7078228969e-05
 4.4575345741e-10 4.4575345741e-10 -1.0874299500e-05
 4.4760700222e-10 4.4760700222e-10 -9.7030882159e-06
 4.5131409184e-10 4.5131409184e-10 -7.6111229592e-06
 4.5872827107e-10 4.5872827107e-10 -4.5445272706e-06
 4.6050010548e-10 4.6050010548e-10 -4.0389975307e-06
 4.6173753161e-10 4.6173753161e-10 -3.7322118807e-06
 4.6237991829e-10 4.6237991829e-10 -3.5872136143e-06
 4.6284702095e-10 4.6284702095e-10 -3.4876369797e-06
 4.6319786777e-10 4.6319786777e-10 -3.4159951179e-06
 4.6379910274e-10 4.6379910274e-10 -3.2993308987e-06
 4.6452062560e-10 4.6452062560e-10 -3.1691640336e-06
 4.6531331489e-10 4.6531331489e-10 -3.0379788261e-06
 4.6623567698e-10 4.6623567698e-10 -2.9000510980e-06
 4.6735049324e-10 4.6735049324e-10 -2.7530123945e-06
 4.6878963221e-10 4.6878963221e-10 -2.5921068364e-06
 4.7081518683e-10 4.7081518683e-10 -2.4136034768e-06
 4.7405937311e-10 4.7405937311e-10 -2.2203050772e-06
 4.8054774566e-10 4.8054774566e-10 -2.0466297409e-06
 4.8910335836e-10 4.8910335836e-10 -1.9953572693e-06
 4.9455167918e-10 4.9455167918e-10 -1.9902490893e-06
 5.0000000000e-10 5.0000000000e-10 -1.9892084221e-06
 5.0019682038e-10 5.0019682038e-10 -1.8189543784e-10
 5.0038979727e-10 5.0038979727e-10 -1.6363812611e-10
 5.0050375744e-10 5.0050375744e-10 -1.5379322329e-10
 5.0061670576e-10 5.0061670576e-10 -1.4469057615e-10
 5.0072902423e-10 5.0072902423e-10 -1.3622124470e-10
 5.0086655273e-10 5.0086655273e-10 -1.2657087137e-10
 5.0107636528e-10 5.0107636528e-10 -1.1322288374e-10
 5.0138194610e-10 5.0138194610e-10 -9.6365999257e-11
 5.0171927620e-10 5.0171927620e-10 -8.0749156253e-11
 5.0209228533e-10 5.0209228533e-10 -6.6476494974e-11
 5.0251146150e-10 5.0251146150e-10 -5.3472803126e-11
 5.0299075763e-10 5.0299075763e-10 -4.1726235834e-11
 5.0355623089e-10 5.0355623089e-10 -3.1168824680e-11
 5.0424559916e-10 5.0424559916e-10 -2.1868124309e-11
 5.0511936331e-10 5.0511936331e-10 -1.3984222432e-11
 5.0628529076e-10 5.0628529076e-10 -7.7355627570e-12
 5.0796210465e-10 5.0796210465e-10 -3.3443084190e-12
 5.1067971038e-10 5.1067971038e-10 -9.0772803242e-13
 5.1524562234e-10 5.1524562234e-10 -1.5081567375e-13
 5.2010751793e-10 5.2010751793e-10 3.0545523466e-14
 5.2523965975e-10 5.2523965975e-10 1.1042682327e-13
 5.3077526501e-10 5.3077526501e-10 1.9594107603e-13
 5.3672971619e-10 5.3672971619e-10 2.8725284983e-13
 5.4321335927e-10 5.4321335927e-10 3.8593067261e-13
 5.5032531190e-10 5.5032531190e-10 4.9326797983e-13
 5.5815767516e-10 5.5815767516e-10 6.1031078347e-13
 5.6681362006e-10 5.6681362006e-10 7.3803769029e-13
 5.7640180782e-10 5.7640180782e-10 8.7701319515e-13
 5.8703004589e-10 5.8703004589e-10 1.0262837717e-12
 5.9521188063e-10 5.9521188063e-10 1.1342637725e-12
 5.9919366311e-10 5.9919366311e-10 1.1822938886e-12
 6.0254204329e-10 6.0254204329e-10 1.2186822835e-12
 6.0714137685e-10 6.0714137685e-10 1.2605882094e-12
 6.1037318451e-10 6.1037318451e-10 1.2842068437e-12
 6.1307844397e-10 6.1307844397e-10 1.3007375047e-12
 6.1543999864e-10 6.1543999864e-10 1.3131697349e-12
 6.1840810138e-10 6.1840810138e-10 1.3266692570e-12
 6.2138692898e-10 6.2138692898e-10 1.3383231434e-12
 6.2532935600e-10 6.2532935600e-10 1.3515002036e-12
 6.2914288884e-10 6.2914288884e-10 1.3623580335e-12
 6.3407083463e-10 6.3407083463e-10 1.3742887046e-12
 6.3888565840e-10 6.3888565840e-10 1.3841540082e-12
 6.4565169998e-10 6.4565169998e-10 1.3957177994e-12
 6.5277540093e-10 6.5277540093e-10 1.4056273803e-12
 6.5844726204e-10 6.5844726204e-10 1.4121851013e-12
 6.6437634725e-10 6.6437634725e-10 1.4180147957e-12
 6.7032370127e-10 6.7032370127e-10 1.4229847214e-12
 6.7667116497e-10 6.7667116497e-10 1.4274793108e-12
 6.8367012392e-10 6.8367012392e-10 1.4316291380e-12
 6.9055915411e-10 6.9055915411e-10 1.4350252032e-12
 6.9687813716e-10 6.9687813716e-10 1.4376366326e-12
 7.0275137302e-10 7.0275137302e-10 1.4396991760e-12
 7.0821432467e-10 7.0821432467e-10 1.4413485637e-12
 7.1335137273e-10 7.1335137273e-10 1.4426956754e-12
 7.1820925576e-10 7.1820925576e-10 1.4438114367e-12
 7.2792502183e-10 7.2792502183e-10 1.4456673508e-12
 7.3191426818e-10 7.3191426818e-10 1.4462991094e-12
 7.3989276087e-10 7.3989276087e-10 1.4473817085e-12
 7.4347908679e-10 7.4347908679e-10 1.4477973324e-12
 7.5065173863e-10 7.5065173863e-10 1.4485208080e-12
 7.5398376198e-10 7.5398376198e-10 1.4488123327e-12
 7.6064780866e-10 7.6064780866e-10 1.4493248802e-12
 7.6382038474e-10 7.6382038474e-10 1.4495385984e-12
 7.7016553689e-10 7.7016553689e-10 1.4499167067e-12
 7.7322343586e-10 7.7322343586e-10 1.4500772985e-12
 7.7933923382e-10 7.7933923382e-10 1.4503626860e-12
 7.8231553345e-10 7.8231553345e-10 1.4504856273e-12
 7.8826813271e-10 7.8826813271e-10 1.4507047991e-12
 7.9118782002e-10 7.9118782002e-10 1.4508002547e-12
 7.9702719464e-10 7.9702719464e-10 1.4509708009e-12
 7.9990959424e-10 7.9990959424e-10 1.4510457108e-12
 8.0567439344e-10 8.0567439344e-10 1.4511797430e-12
 8.0853469253e-10 8.0853469253e-10 1.4512390000e-12
 8.1425529072e-10 8.1425529072e-10 1.4513451168e-12
 8.1710553718e-10 8.1710553718e-10 1.4513922650e-12
 8.2280603009e-10 8.2280603009e-10 1.4514767310e-12
 8.2531663296e-10 8.2531663296e-10 1.4515100481e-12
 8.3033783868e-10 8.3033783868e-10 1.4515705002e-12
 8.3291482854e-10 8.3291482854e-10 1.4515985370e-12
 8.3806880826e-10 8.3806880826e-10 1.4516492943e-12
 8.4075779691e-10 8.4075779691e-10 1.4516731513e-12
 8.4613577421e-10 8.4613577421e-10 1.4517161602e-12
 8.4897720105e-10 8.4897720105e-10 1.4517365289e-12
 8.5466005473e-10 8.5466005473e-10 1.4517730379e-12
 8.5770323256e-10 8.5770323256e-10 1.4517904435e-12
 8.6378958822e-10 8.6378958822e-10 1.4518214038e-12
 8.6710027676e-10 8.6710027676e-10 1.4518362619e-12
 8.7372165385e-10 8.7372165385e-10 1.4518624250e-12
 8.7739949327e-10 8.7739949327e-10 1.4518750911e-12
 8.8475517212e-10 8.8475517212e-10 1.4518970877e-12
 8.8898736637e-10 8.8898736637e-10 1.4519079288e-12
 8.9745175486e-10 8.9745175486e-10 1.4519263693e-12
 9.0276168748e-10 9.0276168748e-10 1.4519359954e-12
 9.0918013828e-10 9.0918013828e-10 1.4519459657e-12
 9.1572967204e-10 9.1572967204e-10 1.4519545465e-12
 9.2272545621e-10 9.2272545621e-10 1.4519622204e-12
 9.3004818611e-10 9.3004818611e-10 1.4519688770e-12
 9.3776078180e-10 9.3776078180e-10 1.4519746319e-12
 9.4441517459e-10 9.4441517459e-10 1.4519787303e-12
 9.5065198242e-10 9.5065198242e-10 1.4519819630e-12
 9.5669177459e-10 9.5669177459e-10 1.4519846215e-12
 9.6651460414e-10 9.6651460414e-10 1.4519881522e-12
 9.7255866587e-10 9.7255866587e-10 1.4519899054e-12
 9.8170002198e-10 9.8170002198e-10 1.4519920820e-12
 9.9085001099e-10 9.9085001099e-10 1.4519937966e-12
 1.0000000000e-09 1.0000000000e-09 1.4519951421e-12
 1.0008304338e-09 1.0008304338e-09 1.4519952452e-12
 1.0015703658e-09 1.0015703658e-09 1.4519953359e-12
 1.0022847810e-09 1.0022847810e-09 1.4519954220e-12
 1.0031475281e-09 1.0031475281e-09 1.4519955240e-12
 1.0038454344e-09 1.0038454344e-09 1.4519956048e-12
 1.0046130587e-09 1.0046130587e-09 1.4519956921e-12
 1.0055612037e-09 1.0055612037e-09 1.4519957974e-12
 1.0068702669e-09 1.0068702669e-09 1.4519959387e-12
 1.0090263873e-09 1.0090263873e-09 1.4519961612e-12
 1.0133386282e-09 1.0133386282e-09 1.4519965709e-12
 1.0205920309e-09 1.0205920309e-09 1.4519971664e-12
 1.0325308644e-09 1.0325308644e-09 1.4519979385e-12
 1.0415686443e-09 1.0415686443e-09 1.4519983814e-12
 1.0536554564e-09 1.0536554564e-09 1.4519988315e-12
 1.0645217305e-09 1.0645217305e-09 1.4519991291e-12
 1.0751689405e-09 1.0751689405e-09 1.4519993470e-12
 1.0867411381e-09 1.0867411381e-09 1.4519995228e-12
 1.0991173165e-09 1.0991173165e-09 1.4519996593e-12
 1.1123968612e-09 1.1123968612e-09 1.4519997633e-12
 1.1268771481e-09 1.1268771481e-09 1.4519998413e-12
 1.1427952823e-09 1.1427952823e-09 1.4519998984e-12
 1.1604439059e-09 1.1604439059e-09 1.4519999385e-12
 1.1799920469e-09 1.1799920469e-09 1.4519999652e-12
 1.2016642216e-09 1.2016642216e-09 1.4519999819e-12
 1.2260043828e-09 1.2260043828e-09 1.4519999916e-12
 1.2538096492e-09 1.2538096492e-09 1.4519999967e-12
 1.2862065280e-09 1.2862065280e-09 1.4519999989e-12
 1.3247365018e-09 1.3247365018e-09 1.4519999996e-12
 1.3725404746e-09 1.3725404746e-09 1.4519999997e-12
 1.4362245785e-09 1.4362245785e-09 1.4519999995e-12
 1.5188924799e-09 1.5188924799e-09 1.4519999993e-12
 1.6050194226e-09 1.6050194226e-09 1.4519999993e-12
 1.6781010282e-09 1.6781010282e-09 1.4519999993e-12
 1.7382454253e-09 1.7382454253e-09 1.4519999993e-12
 1.7881505768e-09 1.7881505768e-09 1.4519999993e-12
 1.8297910256e-09 1.8297910256e-09 1.4519999993e-12
 1.8651706064e-09 1.8651706064e-09 1.4519999993e-12
 1.8962245501e-09 1.8962245501e-09 1.4519999993e-12
 1.9380361017e-09 1.9380361017e-09 1.4519999993e-12
 1.9687493301e-09 1.9687493301e-09 1.4519999993e-12
 1.9985180602e-09 1.9985180602e-09 1.4519999993e-12
 2.0324457442e-09 2.0324457442e-09 1.4519999993e-12
 2.0690836213e-09 2.0690836213e-09 1.4519999993e-12
 2.1091731283e-09 2.1091731283e-09 1.4519999993e-12
 2.1292570328e-09 2.1292570328e-09 1.4519999993e-12
 2.1473324791e-09 2.1473324791e-09 1.4519999993e-12
 2.1666033609e-09 2.1666033609e-09 1.4519999993e-12
 2.1850307387e-09 2.1850307387e-09 1.4519999993e-12
 2.2036043976e-09 2.2036043976e-09 1.4519999993e-12
 2.2232793453e-09 2.2232793453e-09 1.4519999993e-12
 2.2444200555e-09 2.2444200555e-09 1.4519999993e-12
 2.2679490814e-09 2.2679490814e-09 1.4519999993e-12
 2.2962838756e-09 2.2962838756e-09 1.4519999993e-12
 2.3344249212e-09 2.3344249212e-09 1.4519999993e-12
 2.3713128173e-09 2.3713128173e-09 1.4519999993e-12
 2.4042842593e-09 2.4042842593e-09 1.4519999993e-12
 2.4494687043e-09 2.4494687043e-09 1.4519999993e-12
 2.4845567185e-09 2.4845567185e-09 1.4519999993e-12
 2.5157744547e-09 2.5157744547e-09 1.4519999993e-12
 2.5458715768e-09 2.5458715768e-09 1.4519999993e-12
 2.5749354493e-09 2.5749354493e-09 1.4519999993e-12
 2.6042409702e-09 2.6042409702e-09 1.4519999993e-12
 2.6348239909e-09 2.6348239909e-09 1.4519999993e-12
 2.6672237631e-09 2.6672237631e-09 1.4519999993e-12
 2.7020241982e-09 2.7020241982e-09 1.4519999993e-12
 2.7399850457e-09 2.7399850457e-09 1.4519999993e-12
 2.7822428292e-09 2.7822428292e-09 1.4519999993e-12
 2.8307378192e-09 2.8307378192e-09 1.4519999993e-12
 2.8885515579e-09 2.8885515579e-09 1.4519999993e-12
 2.9610321569e-09 2.9610321569e-09 1.4519999993e-12
 3.0049412998e-09 3.0049412998e-09 1.4519999993e-12
 3.0315656548e-09 3.0315656548e-09 1.4519999993e-12
 3.0517606723e-09 3.0517606723e-09 1.4519999993e-12
 3.0713269123e-09 3.0713269123e-09 1.4519999993e-12
 3.0883300500e-09 3.0883300500e-09 1.4519999993e-12
 3.1005557485e-09 3.1005557485e-09 1.4519999993e-12
 3.1183904709e-09 3.1183904709e-09 1.4519999993e-12
 3.1310403894e-09 3.1310403894e-09 1.4519999993e-12
 3.1497241268e-09 3.1497241268e-09 1.4519999993e-12
 3.1702532256e-09 3.1702532256e-09 1.4519999993e-12
 3.1960517040e-09 3.1960517040e-09 1.4519999993e-12
 3.2286409930e-09 3.2286409930e-09 1.4519999993e-12
 3.2715988194e-09 3.2715988194e-09 1.4519999993e-12
 3.3229863095e-09 3.3229863095e-09 1.4519999993e-12
 3.3785271253e-09 3.3785271253e-09 1.4519999993e-12
 3.4361162341e-09 3.4361162341e-09 1.4519999993e-12
 3.4905252652e-09 3.4905252652e-09 1.4519999993e-12
 3.5429332304e-09 3.5429332304e-09 1.4519999993e-12
 3.5949304140e-09 3.5949304140e-09 1.4519999993e-12
 3.6469189729e-09 3.6469189729e-09 1.4519999993e-12
 3.6993061776e-09 3.6993061776e-09 1.4519999993e-12
 3.7525212763e-09 3.7525212763e-09 1.4519999993e-12
 3.8068553558e-09 3.8068553558e-09 1.4519999993e-12
 3.8625687162e-09 3.8625687162e-09 1.4519999993e-12
 3.9199391569e-09 3.9199391569e-09 1.4519999993e-12
 3.9792527444e-09 3.9792527444e-09 1.4519999993e-12
 4.0408127305e-09 4.0408127305e-09 1.4519999993e-12
 4.1049528208e-09 4.1049528208e-09 1.4519999993e-12
 4.1720459639e-09 4.1720459639e-09 1.4519999993e-12
 4.2425154705e-09 4.2425154705e-09 1.4519999993e-12
 4.3168497518e-09 4.3168497518e-09 1.4519999993e-12
 4.3956203500e-09 4.3956203500e-09 1.4519999993e-12
 4.4795050653e-09 4.4795050653e-09 1.4519999993e-12
 4.5693186526e-09 4.5693186526e-09 1.4519999993e-12
 4.6660542809e-09 4.6660542809e-09 1.4519999993e-12
 4.7709407527e-09 4.7709407527e-09 1.4519999993e-12
 4.8855233405e-09 4.8855233405e-09 1.4519999993e-12
 5.0117808413e-09 5.0117808413e-09 1.4519999993e-12
 5.1522998150e-09 5.1522998150e-09 1.4519999993e-12
 5.3105422840e-09 5.3105422840e-09 1.4519999993e-12
 5.4912723395e-09 5.4912723395e-09 1.4519999993e-12
 5.7012659546e-09 5.7012659546e-09 1.4519999993e-12
 5.9505546663e-09 5.9505546663e-09 1.4519999993e-12
 6.2547469144e-09 6.2547469144e-09 1.4519999993e-12
 6.6397189688e-09 6.6397189688e-09 1.4519999993e-12
 7.1088363254e-09 7.1088363254e-09 1.4519999993e-12
 7.5752090436e-09 7.5752090436e-09 1.4519999993e-12
 8.0015092331e-09 8.0015092331e-09 1.4519999993e-12
 8.3925898325e-09 8.3925898325e-09 1.4519999993e-12
 8.7552114381e-09 8.7552114381e-09 1.4519999993e-12
 9.0891342789e-09 9.0891342789e-09 1.4519999993e-12
 9.3964547321e-09 9.3964547321e-09 1.4519999993e-12
 9.6822485125e-09 9.6822485125e-09 1.4519999993e-12
 9.9499176395e-09 9.9499176395e-09 1.4519999993e-12
 1.0200692813e-08 1.0200692813e-08 1.4519999993e-12
 1.0350346406e-08 1.0350346406e-08 1.4519999993e-12
 1.0500000000e-08 1.0500000000e-08 1.4519999993e-12
 1.0503797772e-08 1.0503797772e-08 1.9890062376e-06
 1.0507296595e-08 1.0507296595e-08 1.9890062461e-06
 1.0508337169e-08 1.0508337169e-08 1.9890062485e-06
 1.0509416905e-08 1.0509416905e-08 1.9890062508e-06
 1.0510619720e-08 1.0510619720e-08 1.9890062533e-06
 1.0512434856e-08 1.0512434856e-08 1.9890062567e-06
 1.0515177693e-08 1.0515177693e-08 1.9890062615e-06
 1.0518418713e-08 1.0518418713e-08 1.9890062665e-06
 1.0522957118e-08 1.0522957118e-08 1.9890062726e-06
 1.0528536500e-08 1.0528536500e-08 1.9890062789e-06
 1.0535476889e-08 1.0535476889e-08 1.9890062854e-06
 1.0543497866e-08 1.0543497866e-08 1.9890062918e-06
 1.0552890984e-08 1.0552890984e-08 1.9890062983e-06
 1.0558801908e-08 1.0558801908e-08 1.9890063020e-06
 1.0565312447e-08 1.0565312447e-08 1.9890063060e-06
 1.0571195148e-08 1.0571195148e-08 1.9890063094e-06
 1.0577165260e-08 1.0577165260e-08 1.9890063130e-06
 1.0582999002e-08 1.0582999002e-08 1.9890063164e-06
 1.0588836631e-08 1.0588836631e-08 1.9890063200e-06
 1.0594660157e-08 1.0594660157e-08 1.9890063236e-06
 1.0600526051e-08 1.0600526051e-08 1.9890063275e-06
 1.0606474445e-08 1.0606474445e-08 1.9890063315e-06
 1.0612548111e-08 1.0612548111e-08 1.9890063359e-06
 1.0618806071e-08 1.0618806071e-08 1.9890063406e-06
 1.0625353836e-08 1.0625353836e-08 1.9890063459e-06
 1.0632335134e-08 1.0632335134e-08 1.9890063519e-06
 1.0639957364e-08 1.0639957364e-08 1.9890063589e-06
 1.0648518776e-08 1.0648518776e-08 1.9890063673e-06
 1.0658442166e-08 1.0658442166e-08 1.9890063778e-06
 1.0669421963e-08 1.0669421963e-08 1.9890063902e-06
 1.0679208914e-08 1.0679208914e-08 1.9890064020e-06
 1.0691681177e-08 1.0691681177e-08 1.9890064179e-06
 1.0702827901e-08 1.0702827901e-08 1.9890064327e-06
 1.0712562894e-08 1.0712562894e-08 1.9890064462e-06
 1.0732032880e-08 1.0732032880e-08 1.9890064741e-06
 1.0746032468e-08 1.0746032468e-08 1.9890064949e-06
 1.0756464075e-08 1.0756464075e-08 1.9890065107e-06
 1.0768186740e-08 1.0768186740e-08 1.9890065288e-06
 1.0784226958e-08 1.0784226958e-08 1.9890065538e-06
 1.0799589088e-08 1.0799589088e-08 2.1007012856e-06
 1.0805293770e-08 1.0805293770e-08 2.3195187977e-06
 1.0811144620e-08 1.0811144620e-08 2.6643619992e-06
 1.0816032542e-08 1.0816032542e-08 3.0459804367e-06
 1.0825808387e-08 1.0825808387e-08 4.0647765768e-06
 1.0830392298e-08 1.0830392298e-08 4.6598952766e-06
 1.0839560119e-08 1.0839560119e-08 6.0751225619e-06
 1.0844141938e-08 1.0844141938e-08 6.8948867032e-06
 1.0853305574e-08 1.0853305574e-08 8.7594038045e-06
 1.0857885528e-08 1.0857885528e-08 9.8037581232e-06
 1.0867045436e-08 1.0867045436e-08 1.2117450106e-05
 1.0871623868e-08 1.0871623868e-08 1.3386388202e-05
 1.0878942658e-08 1.0878942658e-08 1.5570581684e-05
 1.0886152457e-08 1.0886152457e-08 1.7909656810e-05
 1.0894236575e-08 1.0894236575e-08 2.0753637834e-05
 1.0899062824e-08 1.0899062824e-08 2.2563022347e-05
 1.0908715324e-08 1.0908715324e-08 2.6431928252e-05
 1.0913456510e-08 1.0913456510e-08 2.8454425243e-05
 1.0922938882e-08 1.0922938882e-08 3.2740764400e-05
 1.0928138654e-08 1.0928138654e-08 3.5227807157e-05
 1.0934113203e-08 1.0934113203e-08 3.8204811343e-05
 1.0939727715e-08 1.0939727715e-08 4.1118717082e-05
 1.0945657417e-08 1.0945657417e-08 4.4318482969e-05
 1.0951734477e-08 1.0951734477e-08 4.7727999265e-05
 1.0958062772e-08 1.0958062772e-08 5.1418443650e-05
 1.0964625274e-08 1.0964625274e-08 5.5396098050e-05
 1.0971446963e-08 1.0971446963e-08 5.9693135389e-05
 1.0978536234e-08 1.0978536234e-08 6.4333610427e-05
 1.0985952120e-08 1.0985952120e-08 6.9378063388e-05
 1.0993628065e-08 1.0993628065e-08 7.4803427302e-05
 1.1000000000e-08 1.1000000000e-08 7.9464023323e-05
 1.1000213663e-08 1.1000213663e-08 7.7474107546e-05
 1.1000450428e-08 1.1000450428e-08 7.7473136439e-05
 1.1000664816e-08 1.1000664816e-08 7.7472288432e-05
 1.1000866594e-08 1.1000866594e-08 7.7471510683e-05
 1.1001095368e-08 1.1001095368e-08 7.7470646436e-05
 1.1001369283e-08 1.1001369283e-08 7.7469630067e-05
 1.1001684846e-08 1.1001684846e-08 7.7468477612e-05
 1.1002028819e-08 1.1002028819e-08 7.7467237348e-05
 1.1002404425e-08 1.1002404425e-08 7.7465895500e-05
 1.1002818869e-08 1.1002818869e-08 7.7464423765e-05
 1.1003282560e-08 1.1003282560e-08 7.7462782271e-05
 1.1003810245e-08 1.1003810245e-08 7.7460915325e-05
 1.1004421653e-08 1.1004421653e-08 7.7458748566e-05
 1.1005144856e-08 1.1005144856e-08 7.7456176036e-05
 1.1006022499e-08 1.1006022499e-08 7.7453036150e-05
 1.1007124003e-08 1.1007124003e-08 7.7449064047e-05
 1.1008572288e-08 1.1008572288e-08 7.7443785740e-05
 1.1010611006e-08 1.1010611006e-08 7.7436246795e-05
 1.1013815085e-08 1.1013815085e-08 7.7424142076e-05
 1.1020098651e-08 1.1020098651e-08 7.7399510939e-05
 1.1032665784e-08 1.1032665784e-08 7.7346942510e-05
 1.1043215888e-08 1.1043215888e-08 7.7299888437e-05
 1.1053348604e-08 1.1053348604e-08 7.7252737136e-05
 1.1064116200e-08 1.1064116200e-08 7.7201067581e-05
 1.1074832452e-08 1.1074832452e-08 7.7148497874e-05
 1.1085374881e-08 1.1085374881e-08 7.7095991819e-05
 1.1095875732e-08 1.1095875732e-08 7.7043130491e-05
 1.1106305905e-08 1.1106305905e-08 7.6990204101e-05
 1.1116630481e-08 1.1116630481e-08 7.6937480160e-05
 1.1126855187e-08 1.1126855187e-08 7.6884982527e-05
 1.1136981908e-08 1.1136981908e-08 7.6832726391e-05
 1.1147009022e-08 1.1147009022e-08 7.6780746443e-05
 1.1156940791e-08 1.1156940791e-08 7.6729005169e-05
 1.1167951022e-08 1.1167951022e-08 7.6671364957e-05
 1.1178037864e-08 1.1178037864e-08 7.6618315162e-05
 1.1187761091e-08 1.1187761091e-08 7.6566959982e-05
 1.1198800369e-08 1.1198800369e-08 7.6508400307e-05
 1.1208891428e-08 1.1208891428e-08 7.6454642637e-05
 1.1218654468e-08 1.1218654468e-08 7.6402434098e-05
 1.1230275252e-08 1.1230275252e-08 7.6340049895e-05
 1.1240835879e-08 1.1240835879e-08 7.6283142258e-05
 1.1251202604e-08 1.1251202604e-08 7.6227092404e-05
 1.1262129836e-08 1.1262129836e-08 7.6167823123e-05
 1.1273522601e-08 1.1273522601e-08 7.6105834605e-05
 1.1285515235e-08 1.1285515235e-08 7.6040381110e-05
 1.1298417467e-08 1.1298417467e-08 7.5969747432e-05
 1.1312531957e-08 1.1312531957e-08 7.5892237800e-05
 1.1328252033e-08 1.1328252033e-08 7.5805636968e-05
 1.1346116006e-08 1.1346116006e-08 7.5459555124e-05
 1.1352029331e-08 1.1352029331e-08 7.4910554913e-05
 1.1358379296e-08 1.1358379296e-08 7.4013810115e-05
 1.1363654131e-08 1.1363654131e-08 7.3036696049e-05
 1.1369250909e-08 1.1369250909e-08 7.1782387203e-05
 1.1374892456e-08 1.1374892456e-08 7.0306886853e-05
 1.1380850346e-08 1.1380850346e-08 6.8538646677e-05
 1.1387162024e-08 1.1387162024e-08 6.6456012303e-05
 1.1394010320e-08 1.1394010320e-08 6.3987067378e-05
 1.1401644711e-08 1.1401644711e-08 6.1025722248e-05
 1.1410604191e-08 1.1410604191e-08 5.7342075346e-05
 1.1422461196e-08 1.1422461196e-08 5.2262326470e-05
 1.1432672774e-08 1.1432672774e-08 4.7826918958e-05
 1.1446951990e-08 1.1446951990e-08 4.1727655644e-05
 1.1462727154e-08 1.1462727154e-08 3.5353475685e-05
 1.1474175824e-08 1.1474175824e-08 3.1079907360e-05
 1.1483616995e-08 1.1483616995e-08 2.7818014366e-05
 1.1492575104e-08 1.1492575104e-08 2.4953862947e-05
 1.1501340010e-08 1.1501340010e-08 2.2371365457e-05
 1.1510144201e-08 1.1510144201e-08 1.9993484090e-05
 1.1519073907e-08 1.1519073907e-08 1.7796400866e-05
 1.1528218831e-08 1.1528218831e-08 1.5760422697e-05
 1.1537650675e-08 1.1537650675e-08 1.3874271843e-05
 1.1547447193e-08 1.1547447193e-08 1.2128687219e-05
 1.1557690885e-08 1.1557690885e-08 1.0516767075e-05
 1.1566936472e-08 1.1566936472e-08 9.2333139831e-06
 1.1578439530e-08 1.1578439530e-08 7.8381278206e-06
 1.1588789799e-08 1.1588789799e-08 6.7541648249e-06
 1.1598985016e-08 1.1598985016e-08 5.8268392104e-06
 1.1609880981e-08 1.1609880981e-08 4.9705343307e-06
 1.1621354042e-08 1.1621354042e-08 4.1997130806e-06
 1.1633487269e-08 1.1633487269e-08 3.5101435312e-06
 1.1646502470e-08 1.1646502470e-08 2.8922864835e-06
 1.1660556640e-08 1.1660556640e-08 2.3435371003e-06
 1.1675832599e-08 1.1675832599e-08 1.8617141880e-06
 1.1692583037e-08 1.1692583037e-08 1.4439043970e-06
 1.1711128162e-08 1.1711128162e-08 1.0873347119e-06
 1.1731886822e-08 1.1731886822e-08 7.8912519208e-07
 1.1755429895e-08 1.1755429895e-08 5.4605370034e-07
 1.1782557154e-08 1.1782557154e-08 3.5448501599e-07
 1.1814430051e-08 1.1814430051e-08 2.1024283403e-07
 1.1852814360e-08 1.1852814360e-08 1.0844166792e-07
 1.1878310712e-08 1.1878310712e-08 6.9995035857e-08
 1.1900991116e-08 1.1900991116e-08 4.7948662970e-08
 1.1927561306e-08 1.1927561306e-08 3.0893045234e-08
 1.1969702317e-08 1.1969702317e-08 1.4803890718e-08
 1.2000000000e-08 1.2000000000e-08 8.6260415707e-09
 1.2000850552e-08 1.2000850552e-08 8.5172710857e-09
 1.2001772780e-08 1.2001772780e-08 8.4004289980e-09
 1.2002714420e-08 1.2002714420e-08 8.2826096385e-09
 1.2003421067e-08 1.2003421067e-08 8.1952352223e-09
 1.2004014617e-08 1.2004014617e-08 8.1225472474e-09
 1.2004652574e-08 1.2004652574e-08 8.0451365531e-09
 1.2005399760e-08 1.2005399760e-08 7.9554077988e-09
 1.2006372391e-08 1.2006372391e-08 7.8401011130e-09
 1.2007745009e-08 1.2007745009e-08 7.6802069138e-09
 1.2009847675e-08 1.2009847675e-08 7.4415467921e-09
 1.2013533361e-08 1.2013533361e-08 7.0408241916e-09
 1.2020904732e-08 1.2020904732e-08 6.3019099672e-09
 1.2035433155e-08 1.2035433155e-08 5.0580825772e-09
 1.2062408057e-08 1.2062408057e-08 3.3312438308e-09
 1.2085412774e-08 1.2085412774e-08 2.3191186043e-09
 1.2106542490e-08 1.2106542490e-08 1.6621245937e-09
 1.2127619849e-08 1.2127619849e-08 1.1926903316e-09
 1.2148834106e-08 1.2148834106e-08 8.5424252195e-10
 1.2170440031e-08 1.2170440031e-08 6.0812948004e-10
 1.2192834861e-08 1.2192834861e-08 4.2746227352e-10
 1.2216314038e-08 1.2216314038e-08 2.9517074088e-10
 1.2241204951e-08 1.2241204951e-08 1.9909805246e-10
 1.2267968519e-08 1.2267968519e-08 1.3014984017e-10
 1.2297266184e-08 1.2297266184e-08 8.1521050646e-11
 1.2330159573e-08 1.2330159573e-08 4.8042991160e-11
 1.2368648951e-08 1.2368648951e-08 2.5737109482e-11
 1.2401090835e-08 1.2401090835e-08 1.5588524257e-11
 1.2426907456e-08 1.2426907456e-08 1.0942720942e-11
 1.2447301314e-08 1.2447301314e-08 8.6030071018e-12
 1.2482459596e-08 1.2482459596e-08 6.0233196696e-12
 1.2511212127e-08 1.2511212127e-08 4.7976487506e-12
 1.2550526184e-08 1.2550526184e-08 3.8289567194e-12
 1.2594432105e-08 1.2594432105e-08 3.2818707126e-12
 1.2636290021e-08 1.2636290021e-08 3.0422646117e-12
 1.2677267504e-08 1.2677267504e-08 2.9399514969e-12
 1.2717845463e-08 1.2717845463e-08 2.8986871785e-12
 1.2757797402e-08 1.2757797402e-08 2.8837227666e-12
 1.2797386467e-08 1.2797386467e-08 2.8791378033e-12
 1.2836864115e-08 1.2836864115e-08 2.8782914685e-12
 1.2876262961e-08 1.2876262961e-08 2.8785736163e-12
 1.2915463782e-08 1.2915463782e-08 2.8790433872e-12
 1.2954124855e-08 1.2954124855e-08 2.8794221726e-12
 1.2991635514e-08 1.2991635514e-08 2.8796690135e-12
 1.3027396424e-08 1.3027396424e-08 2.8798140489e-12
 1.3061755070e-08 1.3061755070e-08 2.8798963835e-12
 1.3088603603e-08 1.3088603603e-08 2.8799347720e-12
 1.3111507776e-08 1.3111507776e-08 2.8799559134e-12
 1.3143835948e-08 1.3143835948e-08 2.8799750272e-12
 1.3176626637e-08 1.3176626637e-08 2.8799865019e-12
 1.3209542807e-08 1.3209542807e-08 2.8799931332e-12
 1.3243069547e-08 1.3243069547e-08 2.8799970360e-12
 1.3276270148e-08 1.3276270148e-08 2.8799991883e-12
 1.3288720308e-08 1.3288720308e-08 2.8799995897e-12
 1.3300127231e-08 1.3300127231e-08 2.8800000515e-12
 1.3312281298e-08 1.3312281298e-08 2.8800003060e-12
 1.3323124696e-08 1.3323124696e-08 2.8800005235e-12
 1.3333646260e-08 1.3333646260e-08 2.8800006587e-12
 1.3344410028e-08 1.3344410028e-08 2.8800008345e-12
 1.3355318208e-08 1.3355318208e-08 2.8800009754e-12
 1.3366447426e-08 1.3366447426e-08 2.8800011939e-12
 1.3377931646e-08 1.3377931646e-08 2.8800012387e-12
 1.3389849357e-08 1.3389849357e-08 2.8800013127e-12
 1.3402302715e-08 1.3402302715e-08 2.8800014400e-12
 1.3415450310e-08 1.3415450310e-08 2.8800014867e-12
 1.3429534216e-08 1.3429534216e-08 2.8800015601e-12
 1.3444989009e-08 1.3444989009e-08 2.8800016008e-12
 1.3462798955e-08 1.3462798955e-08 2.8800015916e-12
 1.3486498596e-08 1.3486498596e-08 2.8800015916e-12
 1.3512025868e-08 1.3512025868e-08 2.8800016150e-12
 1.3530689052e-08 1.3530689052e-08 2.8800017392e-12
 1.3545509479e-08 1.3545509479e-08 2.8800017809e-12
 1.3558854958e-08 1.3558854958e-08 2.8800018326e-12
 1.3571127391e-08 1.3571127391e-08 2.8800018515e-12
 1.3582782241e-08 1.3582782241e-08 2.8800017810e-12
 1.3594240187e-08 1.3594240187e-08 2.8800018071e-12
 1.3605702906e-08 1.3605702906e-08 2.8800017184e-12
 1.3617332257e-08 1.3617332257e-08 2.8800017679e-12
 1.3629291527e-08 1.3629291527e-08 2.8800017825e-12
 1.3641706455e-08 1.3641706455e-08 2.8800017770e-12
 1.3654698242e-08 1.3654698242e-08 2.8800019299e-12
 1.3668401964e-08 1.3668401964e-08 2.8800020243e-12
 1.3682968356e-08 1.3682968356e-08 2.8800019843e-12
 1.3698574754e-08 1.3698574754e-08 2.8800019702e-12
 1.3715470936e-08 1.3715470936e-08 2.8800019158e-12
 1.3734282126e-08 1.3734282126e-08 2.8800019039e-12
 1.3754444426e-08 1.3754444426e-08 2.8800018425e-12
 1.3776262671e-08 1.3776262671e-08 2.8800017451e-12
 1.3798547716e-08 1.3798547716e-08 2.8800017524e-12
 1.3820838846e-08 1.3820838846e-08 2.8800017409e-12
 1.3843090923e-08 1.3843090923e-08 2.8800016603e-12
 1.3865180515e-08 1.3865180515e-08 2.8800017119e-12
 1.3887029610e-08 1.3887029610e-08 2.8800017363e-12
 1.3908623871e-08 1.3908623871e-08 2.8800017937e-12
 1.3929956027e-08 1.3929956027e-08 2.8800018617e-12
 1.3944173059e-08 1.3944173059e-08 2.8800016737e-12
 1.3951437632e-08 1.3951437632e-08 2.8800016930e-12
 1.3958274723e-08 1.3958274723e-08 2.8800017097e-12
 1.3964646545e-08 1.3964646545e-08 2.8800017138e-12
 1.3971254206e-08 1.3971254206e-08 2.8800018090e-12
 1.3978095959e-08 1.3978095959e-08 2.8800019040e-12
 1.3985373340e-08 1.3985373340e-08 2.8800018473e-12
 1.3993243072e-08 1.3993243072e-08 2.8800017813e-12
 1.4002017691e-08 1.4002017691e-08 2.8800017091e-12
 1.4012306885e-08 1.4012306885e-08 2.8800018417e-12
 1.4021375839e-08 1.4021375839e-08 2.8800017559e-12
 1.4039513747e-08 1.4039513747e-08 2.8800016879e-12
 1.4057473247e-08 1.4057473247e-08 2.8800018207e-12
 1.4075468539e-08 1.4075468539e-08 2.8800017532e-12
 1.4088908425e-08 1.4088908425e-08 2.8800018597e-12
 1.4099966156e-08 1.4099966156e-08 2.8800018086e-12
 1.4110248538e-08 1.4110248538e-08 2.8800017578e-12
 1.4120006747e-08 1.4120006747e-08 2.8800016793e-12
 1.4130857612e-08 1.4130857612e-08 2.8800016183e-12
 1.4140695651e-08 1.4140695651e-08 2.8800016298e-12
 1.4152294485e-08 1.4152294485e-08 2.8800017576e-12
 1.4162774359e-08 1.4162774359e-08 2.8800017474e-12
 1.4173010490e-08 1.4173010490e-08 2.8800017977e-12
 1.4183734234e-08 1.4183734234e-08 2.8800016847e-12
 1.4194847521e-08 1.4194847521e-08 2.8800016995e-12
 1.4206417184e-08 1.4206417184e-08 2.8800018067e-12
 1.4218611982e-08 1.4218611982e-08 2.8800018497e-12
 1.4231536230e-08 1.4231536230e-08 2.8800016468e-12
 1.4245300961e-08 1.4245300961e-08 2.8800015979e-12
 1.4260052248e-08 1.4260052248e-08 2.8800016473e-12
 1.4275959259e-08 1.4275959259e-08 2.8800015359e-12
 1.4293222599e-08 1.4293222599e-08 2.8800016465e-12
 1.4312088272e-08 1.4312088272e-08 2.8800018116e-12
 1.4332859262e-08 1.4332859262e-08 2.8800018299e-12
 1.4355911194e-08 1.4355911194e-08 2.8800017797e-12
 1.4381713251e-08 1.4381713251e-08 2.8800018453e-12
 1.4408989571e-08 1.4408989571e-08 2.8800016542e-12
 1.4437117790e-08 1.4437117790e-08 2.8800016705e-12
 1.4466026188e-08 1.4466026188e-08 2.8800016897e-12
 1.4495571944e-08 1.4495571944e-08 2.8800017394e-12
 1.4525647458e-08 1.4525647458e-08 2.8800018528e-12
 1.4556224246e-08 1.4556224246e-08 2.8800018005e-12
 1.4587287133e-08 1.4587287133e-08 2.8800017922e-12
 1.4618825132e-08 1.4618825132e-08 2.8800017269e-12
 1.4650837209e-08 1.4650837209e-08 2.8800016641e-12
 1.4683326933e-08 1.4683326933e-08 2.8800017304e-12
 1.4716299638e-08 1.4716299638e-08 2.8800017103e-12
 1.4749762572e-08 1.4749762572e-08 2.8800017884e-12
 1.4783724503e-08 1.4783724503e-08 2.8800017248e-12
 1.4818195309e-08 1.4818195309e-08 2.8800016852e-12
 1.4853185918e-08 1.4853185918e-08 2.8800016482e-12
 1.4888708296e-08 1.4888708296e-08 2.8800017232e-12
 1.4924775426e-08 1.4924775426e-08 2.8800016881e-12
 1.4961401326e-08 1.4961401326e-08 2.8800018019e-12
 1.4998601084e-08 1.4998601084e-08 2.8800018678e-12
 1.5036390895e-08 1.5036390895e-08 2.8800017580e-12
 1.5074788110e-08 1.5074788110e-08 2.8800018446e-12
 1.5113811285e-08 1.5113811285e-08 2.8800017396e-12
 1.5153480242e-08 1.5153480242e-08 2.8800017149e-12
 1.5193816124e-08 1.5193816124e-08 2.8800018008e-12
 1.5234841465e-08 1.5234841465e-08 2.8800018731e-12
 1.5276580260e-08 1.5276580260e-08 2.8800017448e-12
 1.5319058039e-08 1.5319058039e-08 2.8800017796e-12
 1.5362301948e-08 1.5362301948e-08 2.8800017579e-12
 1.5406340839e-08 1.5406340839e-08 2.8800018304e-12
 1.5451205355e-08 1.5451205355e-08 2.8800017618e-12
 1.5496928036e-08 1.5496928036e-08 2.8800017365e-12
 1.5543543419e-08 1.5543543419e-08 2.8800017946e-12
 1.5591088153e-08 1.5591088153e-08 2.8800017268e-12
 1.5639601113e-08 1.5639601113e-08 2.8800017339e-12
 1.5689123534e-08 1.5689123534e-08 2.8800017458e-12
 1.5739699137e-08 1.5739699137e-08 2.8800018421e-12
 1.5791374275e-08 1.5791374275e-08 2.8800017909e-12
 1.5844198081e-08 1.5844198081e-08 2.8800017514e-12
 1.5898222625e-08 1.5898222625e-08 2.8800018339e-12
 1.5953503081e-08 1.5953503081e-08 2.8800018634e-12
 1.6010097897e-08 1.6010097897e-08 2.8800018614e-12
 1.6068068975e-08 1.6068068975e-08 2.8800017716e-12
 1.6127481859e-08 1.6127481859e-08 2.8800017683e-12
 1.6188405927e-08 1.6188405927e-08 2.8800018434e-12
 1.6250914587e-08 1.6250914587e-08 2.8800017811e-12
 1.6315085481e-08 1.6315085481e-08 2.8800018948e-12
 1.6381000681e-08 1.6381000681e-08 2.8800019397e-12
 1.6448746900e-08 1.6448746900e-08 2.8800019317e-12
 1.6518415687e-08 1.6518415687e-08 2.8800019335e-12
 1.6590103621e-08 1.6590103621e-08 2.8800019443e-12
 1.6663912501e-08 1.6663912501e-08 2.8800019504e-12
 1.6739949515e-08 1.6739949515e-08 2.8800019606e-12
 1.6818327402e-08 1.6818327402e-08 2.8800019295e-12
 1.6899164585e-08 1.6899164585e-08 2.8800019277e-12
 1.6982585281e-08 1.6982585281e-08 2.8800018538e-12
 1.7068719586e-08 1.7068719586e-08 2.8800017895e-12
 1.7157703518e-08 1.7157703518e-08 2.8800017460e-12
 1.7249679023e-08 1.7249679023e-08 2.8800017648e-12
 1.7344793943e-08 1.7344793943e-08 2.8800017404e-12
 1.7443201938e-08 1.7443201938e-08 2.8800017698e-12
 1.7545062362e-08 1.7545062362e-08 2.8800018042e-12
 1.7650540103e-08 1.7650540103e-08 2.8800017686e-12
 1.7759805377e-08 1.7759805377e-08 2.8800018028e-12
 1.7873033502e-08 1.7873033502e-08 2.8800018456e-12
 1.7990404653e-08 1.7990404653e-08 2.8800017949e-12
 1.8112103606e-08 1.8112103606e-08 2.8800018396e-12
 1.8238319511e-08 1.8238319511e-08 2.8800018520e-12
 1.8369245688e-08 1.8369245688e-08 2.8800018256e-12
 1.8505079494e-08 1.8505079494e-08 2.8800018449e-12
 1.8646022264e-08 1.8646022264e-08 2.8800018250e-12
 1.8792279369e-08 1.8792279369e-08 2.8800018185e-12
 1.8944060394e-08 1.8944060394e-08 2.8800017602e-12
 1.9101579465e-08 1.9101579465e-08 2.8800017600e-12
 1.9265055737e-08 1.9265055737e-08 2.8800018399e-12
 1.9434714041e-08 1.9434714041e-08 2.8800018115e-12
 1.9610785703e-08 1.9610785703e-08 2.8800018298e-12
 1.9793509514e-08 1.9793509514e-08 2.8800018093e-12
 1.9896754757e-08 1.9896754757e-08 2.8800017736e-12
 2.0000000000e-08 2.0000000000e-08 2.8800018380e-12
 2.0001437674e-08 2.0001437674e-08 -2.7358254001e-06
 2.0002661021e-08 2.0002661021e-08 -3.3350912430e-06
 2.0003312932e-08 2.0003312932e-08 -3.6402386227e-06
 2.0004026566e-08 2.0004026566e-08 -3.9660882734e-06
 2.0004613342e-08 2.0004613342e-08 -4.2287436402e-06
 2.0005199526e-08 2.0005199526e-08 -4.4871177112e-06
 2.0005880355e-08 2.0005880355e-08 -4.7827226827e-06
 2.0006721825e-08 2.0006721825e-08 -5.1418708864e-06
 2.0007844943e-08 2.0007844943e-08 -5.6110106021e-06
 2.0009435814e-08 2.0009435814e-08 -6.2562096978e-06
 2.0011867413e-08 2.0011867413e-08 -7.2001698465e-06
 2.0016130826e-08 2.0016130826e-08 -8.7387326124e-06
 2.0024657653e-08 2.0024657653e-08 -1.1414070351e-05
 2.0030128990e-08 2.0030128990e-08 -1.2873823158e-05
 2.0036599101e-08 2.0036599101e-08 -1.4372116262e-05
 2.0042950955e-08 2.0042950955e-08 -1.5629038642e-05
 2.0049833453e-08 2.0049833453e-08 -1.6779611529e-05
 2.0057091613e-08 2.0057091613e-08 -1.7783081317e-05
 2.0064868544e-08 2.0064868544e-08 -1.8648633474e-05
 2.0073180221e-08 2.0073180221e-08 -1.9364290358e-05
 2.0082090627e-08 2.0082090627e-08 -1.9922200298e-05
 2.0091636124e-08 2.0091636124e-08 -2.0310695845e-05
 2.0101845663e-08 2.0101845663e-08 -2.0517132480e-05
 2.0111047392e-08 2.0111047392e-08 -2.0538433803e-05
 2.0122659237e-08 2.0122659237e-08 -2.0367442600e-05
 2.0133143907e-08 2.0133143907e-08 -2.0038835571e-05
 2.0143393393e-08 2.0143393393e-08 -1.9568210341e-05
 2.0154137127e-08 2.0154137127e-08 -1.8923542268e-05
 2.0165075836e-08 2.0165075836e-08 -1.8111528326e-05
 2.0176096117e-08 2.0176096117e-08 -1.7134771315e-05
 2.0187187748e-08 2.0187187748e-08 -1.5988048126e-05
 2.0198252586e-08 2.0198252586e-08 -1.4675194390e-05
 2.0209197635e-08 2.0209197635e-08 -1.3204638844e-05
 2.0219991493e-08 2.0219991493e-08 -1.1801738921e-05
 2.0231245493e-08 2.0231245493e-08 -1.0547120621e-05
 2.0240199292e-08 2.0240199292e-08 -9.6846013677e-06
 2.0258106891e-08 2.0258106891e-08 -8.2714578100e-06
 2.0270986688e-08 2.0270986688e-08 -7.4846563076e-06
 2.0282067309e-08 2.0282067309e-08 -6.9462734542e-06
 2.0293444106e-08 2.0293444106e-08 -6.5173041196e-06
 2.0304900278e-08 2.0304900278e-08 -6.2067318693e-06
 2.0315454751e-08 2.0315454751e-08 -6.0284721802e-06
 2.0325436097e-08 2.0325436097e-08 -5.9624363788e-06
 2.0337655391e-08 2.0337655391e-08 -6.0533990792e-06
 2.0348932675e-08 2.0348932675e-08 -6.4272350340e-06
 2.0358218781e-08 2.0358218781e-08 -7.1991299357e-06
 2.0362269903e-08 2.0362269903e-08 -7.7963735387e-06
 2.0370372149e-08 2.0370372149e-08 -9.8098699176e-06
 2.0373072919e-08 2.0373072919e-08 -1.0834767890e-05
 2.0378474457e-08 2.0378474457e-08 -1.3560214439e-05
 2.0381009718e-08 2.0381009718e-08 -1.5185252758e-05
 2.0386080240e-08 2.0386080240e-08 -1.9020609400e-05
 2.0390691012e-08 2.0390691012e-08 -2.2929282062e-05
 2.0399912557e-08 2.0399912557e-08 -2.9907643792e-05
 2.0401913604e-08 2.0401913604e-08 -3.0961851371e-05
 2.0405915697e-08 2.0405915697e-08 -3.2328937849e-05
 2.0413919885e-08 2.0413919885e-08 -3.2096288260e-05
 2.0415894719e-08 2.0415894719e-08 -3.1447310920e-05
 2.0419844386e-08 2.0419844386e-08 -2.9597816093e-05
 2.0427743722e-08 2.0427743722e-08 -2.4373666944e-05
 2.0431662691e-08 2.0431662691e-08 -2.1368832285e-05
 2.0439500629e-08 2.0439500629e-08 -1.5288658455e-05
 2.0443382905e-08 2.0443382905e-08 -1.2458100764e-05
 2.0451147459e-08 2.0451147459e-08 -7.6552762881e-06
 2.0453791932e-08 2.0453791932e-08 -6.3865435260e-06
 2.0459080880e-08 2.0459080880e-08 -4.4273896128e-06
 2.0461429131e-08 2.0461429131e-08 -3.7972570739e-06
 2.0462212673e-08 2.0462212673e-08 -3.6168618923e-06
 2.0462872797e-08 2.0462872797e-08 -3.4757104679e-06
 2.0463423046e-08 2.0463423046e-08 -3.3653267530e-06
 2.0464111857e-08 2.0464111857e-08 -3.2361117951e-06
 2.0464915315e-08 2.0464915315e-08 -3.0974535772e-06
 2.0465799435e-08 2.0465799435e-08 -2.9591076770e-06
 2.0466849833e-08 2.0466849833e-08 -2.8128761047e-06
 2.0468170912e-08 2.0468170912e-08 -2.6545997376e-06
 2.0469972217e-08 2.0469972217e-08 -2.4795084826e-06
 2.0472733538e-08 2.0472733538e-08 -2.2862202718e-06
 2.0478005090e-08 2.0478005090e-08 -2.0907637783e-06
 2.0483824946e-08 2.0483824946e-08 -2.0149715993e-06
 2.0491912473e-08 2.0491912473e-08 -1.9917996139e-06
 2.0500000000e-08 2.0500000000e-08 -1.9892073651e-06
 2.0500284767e-08 2.0500284767e-08 -1.7223898376e-10
 2.0500557500e-08 2.0500557500e-08 -1.4870045847e-10
 2.0500694914e-08 2.0500694914e-08 -1.3808666927e-10
 2.0500832087e-08 2.0500832087e-08 -1.2830777350e-10
 2.0500976561e-08 2.0500976561e-08 -1.1880499373e-10
 2.0501168569e-08 2.0501168569e-08 -1.0731243557e-10
 2.0501486751e-08 2.0501486751e-08 -9.0757005573e-11
 2.0501835768e-08 2.0501835768e-08 -7.5604622090e-11
 2.0502221576e-08 2.0502221576e-08 -6.1842114227e-11
 2.0502657819e-08 2.0502657819e-08 -4.9317547683e-11
 2.0503157745e-08 2.0503157745e-08 -3.8084620740e-11
 2.0503750613e-08 2.0503750613e-08 -2.8058116592e-11
 2.0504478999e-08 2.0504478999e-08 -1.9303718030e-11
 2.0505412508e-08 2.0505412508e-08 -1.1983031364e-11
 2.0506678769e-08 2.0506678769e-08 -6.3122352482e-12
 2.0508547543e-08 2.0508547543e-08 -2.4959073915e-12
 2.0511688019e-08 2.0511688019e-08 -5.7109816636e-13
 2.0517968972e-08 2.0517968972e-08 -3.8597840606e-14
 2.0527858142e-08 2.0527858142e-08 1.5109993877e-13
 2.0538790089e-08 2.0538790089e-08 3.1881655210e-13
 2.0549279087e-08 2.0549279087e-08 4.7763444294e-13
 2.0562158682e-08 2.0562158682e-08 6.6961686646e-13
 2.0577297338e-08 2.0577297338e-08 8.8968901778e-13
 2.0590318145e-08 2.0590318145e-08 1.0703725434e-12
 2.0595770808e-08 2.0595770808e-08 1.1409411738e-12
 2.0600525364e-08 2.0600525364e-08 1.1969752537e-12
 2.0604783140e-08 2.0604783140e-08 1.2400487351e-12
 2.0607674290e-08 2.0607674290e-08 1.2645784876e-12
 2.0610899222e-08 2.0610899222e-08 1.2874643883e-12
 2.0613165497e-08 2.0613165497e-08 1.3010805150e-12
 2.0615733684e-08 2.0615733684e-08 1.3144788937e-12
 2.0619393754e-08 2.0619393754e-08 1.3306151317e-12
 2.0622700414e-08 2.0622700414e-08 1.3428853584e-12
 2.0627653488e-08 2.0627653488e-08 1.3582513765e-12
 2.0631386605e-08 2.0631386605e-08 1.3680001534e-12
 2.0637389573e-08 2.0637389573e-08 1.3812199286e-12
 2.0642194250e-08 2.0642194250e-08 1.3900752013e-12
 2.0651803606e-08 2.0651803606e-08 1.4043932435e-12
 2.0659759553e-08 2.0659759553e-08 1.4135990349e-12
 2.0666834142e-08 2.0666834142e-08 1.4202261069e-12
 2.0674265428e-08 2.0674265428e-08 1.4259353553e-12
 2.0682132868e-08 2.0682132868e-08 1.4308569898e-12
 2.0690650507e-08 2.0690650507e-08 1.4351436242e-12
 2.0699977339e-08 2.0699977339e-08 1.4388536866e-12
 2.0710338804e-08 2.0710338804e-08 1.4420370149e-12
 2.0719539341e-08 2.0719539341e-08 1.4442118094e-12
 2.0737631465e-08 2.0737631465e-08 1.4472586611e-12
 2.0750751281e-08 2.0750751281e-08 1.4487053308e-12
 2.0762946364e-08 2.0762946364e-08 1.4496475718e-12
 2.0775147663e-08 2.0775147663e-08 1.4503187440e-12
 2.0786422987e-08 2.0786422987e-08 1.4507654684e-12
 2.0797036389e-08 2.0797036389e-08 1.4510753525e-12
 2.0807314818e-08 2.0807314818e-08 1.4513002084e-12
 2.0817322932e-08 2.0817322932e-08 1.4514660024e-12
 2.0827139496e-08 2.0827139496e-08 1.4515901401e-12
 2.0834223741e-08 2.0834223741e-08 1.4516608230e-12
 2.0841649310e-08 2.0841649310e-08 1.4517216188e-12
 2.0848760226e-08 2.0848760226e-08 1.4517694931e-12
 2.0856022321e-08 2.0856022321e-08 1.4518098645e-12
 2.0863322495e-08 2.0863322495e-08 1.4518433163e-12
 2.0870764509e-08 2.0870764509e-08 1.4518713721e-12
 2.0878370629e-08 2.0878370629e-08 1.4518948731e-12
 2.0886229640e-08 2.0886229640e-08 1.4519146695e-12
 2.0894476121e-08 2.0894476121e-08 1.4519314669e-12
 2.0903407695e-08 2.0903407695e-08 1.4519459816e-12
 2.0913868202e-08 2.0913868202e-08 1.4519591829e-12
 2.0923023673e-08 2.0923023673e-08 1.4519680663e-12
 2.0935872048e-08 2.0935872048e-08 1.4519774417e-12
 2.0947007055e-08 2.0947007055e-08 1.4519833293e-12
 2.0956802931e-08 2.0956802931e-08 1.4519872097e-12
 2.0967863295e-08 2.0967863295e-08 1.4519905180e-12
 2.0976106566e-08 2.0976106566e-08 1.4519924022e-12
 2.0986584103e-08 2.0986584103e-08 1.4519942674e-12
 2.0993292052e-08 2.0993292052e-08 1.4519952066e-12
 2.1000000000e-08 2.1000000000e-08 1.4519959882e-12
 2.1000506646e-08 2.1000506646e-08 1.4519960406e-12
 2.1001029977e-08 2.1001029977e-08 1.4519960942e-12
 2.1001593445e-08 2.1001593445e-08 1.4519961513e-12
 2.1002194398e-08 2.1002194398e-08 1.4519962112e-12
 2.1002760035e-08 2.1002760035e-08 1.4519962667e-12
 2.1003374231e-08 2.1003374231e-08 1.4519963261e-12
 2.1004101266e-08 2.1004101266e-08 1.4519963953e-12
 2.1005024786e-08 2.1005024786e-08 1.4519964812e-12
 2.1006297044e-08 2.1006297044e-08 1.4519965962e-12
 2.1008226076e-08 2.1008226076e-08 1.4519967635e-12
 2.1011680037e-08 2.1011680037e-08 1.4519970431e-12
 2.1018587959e-08 2.1018587959e-08 1.4519975337e-12
 2.1031142831e-08 2.1031142831e-08 1.4519982350e-12
 2.1041328842e-08 2.1041328842e-08 1.4519986576e-12
 2.1051626862e-08 2.1051626862e-08 1.4519989825e-12
 2.1063216243e-08 2.1063216243e-08 1.4519992562e-12
 2.1075488829e-08 2.1075488829e-08 1.4519994672e-12
 2.1088587208e-08 2.1088587208e-08 1.4519996278e-12
 2.1102837007e-08 2.1102837007e-08 1.4519997489e-12
 2.1118239039e-08 2.1118239039e-08 1.4519998367e-12
 2.1134578292e-08 2.1134578292e-08 1.4519998971e-12
 2.1152047203e-08 2.1152047203e-08 1.4519999377e-12
 2.1170967170e-08 2.1170967170e-08 1.4519999641e-12
 2.1191719500e-08 2.1191719500e-08 1.4519999807e-12
 2.1214823239e-08 2.1214823239e-08 1.4519999905e-12
 2.1240983693e-08 2.1240983693e-08 1.4519999959e-12
 2.1271180356e-08 2.1271180356e-08 1.4519999985e-12
 2.1306798403e-08 2.1306798403e-08 1.4519999994e-12
 2.1349777240e-08 2.1349777240e-08 1.4519999996e-12
 2.1406001684e-08 2.1406001684e-08 1.4519999995e-12
 2.1479969607e-08 2.1479969607e-08 1.4519999993e-12
 2.1581430538e-08 2.1581430538e-08 1.4519999993e-12
 2.1671637078e-08 2.1671637078e-08 1.4519999993e-12
 2.1743635733e-08 2.1743635733e-08 1.4519999993e-12
 2.1801918059e-08 2.1801918059e-08 1.4519999993e-12
 2.1849161353e-08 2.1849161353e-08 1.4519999993e-12
 2.1888023128e-08 2.1888023128e-08 1.4519999993e-12
 2.1930680466e-08 2.1930680466e-08 1.4519999993e-12
 2.1964439632e-08 2.1964439632e-08 1.4519999993e-12
 2.1997114396e-08 2.1997114396e-08 1.4519999993e-12
 2.2033436481e-08 2.2033436481e-08 1.4519999993e-12
 2.2072988275e-08 2.2072988275e-08 1.4519999993e-12
 2.2101722290e-08 2.2101722290e-08 1.4519999993e-12
 2.2129736775e-08 2.2129736775e-08 1.4519999993e-12
 2.2151351195e-08 2.2151351195e-08 1.4519999993e-12
 2.2171209655e-08 2.2171209655e-08 1.4519999993e-12
 2.2191586143e-08 2.2191586143e-08 1.4519999993e-12
 2.2212412976e-08 2.2212412976e-08 1.4519999993e-12
 2.2234305192e-08 2.2234305192e-08 1.4519999993e-12
 2.2258332762e-08 2.2258332762e-08 1.4519999993e-12
 2.2286248153e-08 2.2286248153e-08 1.4519999993e-12
 2.2324634265e-08 2.2324634265e-08 1.4519999993e-12
 2.2363606663e-08 2.2363606663e-08 1.4519999993e-12
 2.2398468887e-08 2.2398468887e-08 1.4519999993e-12
 2.2442299464e-08 2.2442299464e-08 1.4519999993e-12
 2.2480488407e-08 2.2480488407e-08 1.4519999993e-12
 2.2514855118e-08 2.2514855118e-08 1.4519999993e-12
 2.2547403097e-08 2.2547403097e-08 1.4519999993e-12
 2.2578957265e-08 2.2578957265e-08 1.4519999993e-12
 2.2610941525e-08 2.2610941525e-08 1.4519999993e-12
 2.2644437941e-08 2.2644437941e-08 1.4519999993e-12
 2.2680159633e-08 2.2680159633e-08 1.4519999993e-12
 2.2718878996e-08 2.2718878996e-08 1.4519999993e-12
 2.2761644178e-08 2.2761644178e-08 1.4519999993e-12
 2.2810200566e-08 2.2810200566e-08 1.4519999993e-12
 2.2867517957e-08 2.2867517957e-08 1.4519999993e-12
 2.2938712508e-08 2.2938712508e-08 1.4519999993e-12
 2.3010633892e-08 2.3010633892e-08 1.4519999993e-12
 2.3033864940e-08 2.3033864940e-08 1.4519999993e-12
 2.3059974931e-08 2.3059974931e-08 1.4519999993e-12
 2.3080992357e-08 2.3080992357e-08 1.4519999993e-12
 2.3096807961e-08 2.3096807961e-08 1.4519999993e-12
 2.3109247818e-08 2.3109247818e-08 1.4519999993e-12
 2.3123051527e-08 2.3123051527e-08 1.4519999993e-12
 2.3136682033e-08 2.3136682033e-08 1.4519999993e-12
 2.3157854067e-08 2.3157854067e-08 1.4519999993e-12
 2.3184356433e-08 2.3184356433e-08 1.4519999993e-12
 2.3215554316e-08 2.3215554316e-08 1.4519999993e-12
 2.3255567372e-08 2.3255567372e-08 1.4519999993e-12
 2.3306106637e-08 2.3306106637e-08 1.4519999993e-12
 2.3359786618e-08 2.3359786618e-08 1.4519999993e-12
 2.3420564593e-08 2.3420564593e-08 1.4519999993e-12
 2.3479933924e-08 2.3479933924e-08 1.4519999993e-12
 2.3536665375e-08 2.3536665375e-08 1.4519999993e-12
 2.3592972163e-08 2.3592972163e-08 1.4519999993e-12
 2.3649447556e-08 2.3649447556e-08 1.4519999993e-12
 2.3706380745e-08 2.3706380745e-08 1.4519999993e-12
 2.3764284269e-08 2.3764284269e-08 1.4519999993e-12
 2.3823546841e-08 2.3823546841e-08 1.4519999993e-12
 2.3884483931e-08 2.3884483931e-08 1.4519999993e-12
 2.3947442926e-08 2.3947442926e-08 1.4519999993e-12
 2.4012795168e-08 2.4012795168e-08 1.4519999993e-12
 2.4080937309e-08 2.4080937309e-08 1.4519999993e-12
 2.4152311774e-08 2.4152311774e-08 1.4519999993e-12
 2.4227422360e-08 2.4227422360e-08 1.4519999993e-12
 2.4306851428e-08 2.4306851428e-08 1.4519999993e-12
 2.4391284140e-08 2.4391284140e-08 1.4519999993e-12
 2.4481539764e-08 2.4481539764e-08 1.4519999993e-12
 2.4578613063e-08 2.4578613063e-08 1.4519999993e-12
 2.4683731307e-08 2.4683731307e-08 1.4519999993e-12
 2.4798434568e-08 2.4798434568e-08 1.4519999993e-12
 2.4924691690e-08 2.4924691690e-08 1.4519999993e-12
 2.5065072631e-08 2.5065072631e-08 1.4519999993e-12
 2.5223012886e-08 2.5223012886e-08 1.4519999993e-12
 2.5403234324e-08 2.5403234324e-08 1.4519999993e-12
 2.5612444366e-08 2.5612444366e-08 1.4519999993e-12
 2.5860558973e-08 2.5860558973e-08 1.4519999993e-12
 2.6162980744e-08 2.6162980744e-08 1.4519999993e-12
 2.6545190688e-08 2.6545190688e-08 1.4519999993e-12
 2.7053002947e-08 2.7053002947e-08 1.4519999993e-12
 2.7778923542e-08 2.7778923542e-08 1.4519999993e-12
 2.8778923542e-08 2.8778923542e-08 1.4519999993e-12
 2.9778923542e-08 2.9778923542e-08 1.4519999993e-12
 3.0500000000e-08 3.0500000000e-08 1.4519999993e-12
 3.0507812500e-08 3.0507812500e-08 1.9890062457e-06
 3.0515503304e-08 3.0515503304e-08 1.9890062604e-06
 3.0517194533e-08 3.0517194533e-08 1.9890062632e-06
 3.0518951234e-08 3.0518951234e-08 1.9890062659e-06
 3.0521171224e-08 3.0521171224e-08 1.9890062690e-06
 3.0524673541e-08 3.0524673541e-08 1.9890062735e-06
 3.0528243785e-08 3.0528243785e-08 1.9890062775e-06
 3.0533553175e-08 3.0533553175e-08 1.9890062829e-06
 3.0540647678e-08 3.0540647678e-08 1.9890062890e-06
 3.0550232478e-08 3.0550232478e-08 1.9890062961e-06
 3.0555621870e-08 3.0555621870e-08 1.9890062996e-06
 3.0562329609e-08 3.0562329609e-08 1.9890063038e-06
 3.0568192280e-08 3.0568192280e-08 1.9890063074e-06
 3.0574216021e-08 3.0574216021e-08 1.9890063109e-06
 3.0580060342e-08 3.0580060342e-08 1.9890063144e-06
 3.0585912436e-08 3.0585912436e-08 1.9890063180e-06
 3.0591729882e-08 3.0591729882e-08 1.9890063216e-06
 3.0597573053e-08 3.0597573053e-08 1.9890063254e-06
 3.0603471590e-08 3.0603471590e-08 1.9890063293e-06
 3.0609484785e-08 3.0609484785e-08 1.9890063335e-06
 3.0615637722e-08 3.0615637722e-08 1.9890063381e-06
 3.0622026240e-08 3.0622026240e-08 1.9890063431e-06
 3.0628768306e-08 3.0628768306e-08 1.9890063487e-06
 3.0636038519e-08 3.0636038519e-08 1.9890063552e-06
 3.0644084430e-08 3.0644084430e-08 1.9890063628e-06
 3.0653263430e-08 3.0653263430e-08 1.9890063721e-06
 3.0664063203e-08 3.0664063203e-08 1.9890063840e-06
 3.0673572255e-08 3.0673572255e-08 1.9890063951e-06
 3.0685652693e-08 3.0685652693e-08 1.9890064101e-06
 3.0696465183e-08 3.0696465183e-08 1.9890064242e-06
 3.0706146779e-08 3.0706146779e-08 1.9890064373e-06
 3.0725509972e-08 3.0725509972e-08 1.9890064646e-06
 3.0739134058e-08 3.0739134058e-08 1.9890064846e-06
 3.0749226173e-08 3.0749226173e-08 1.9890064997e-06
 3.0760538472e-08 3.0760538472e-08 1.9890065169e-06
 3.0775896766e-08 3.0775896766e-08 1.9890065407e-06
 3.0790459358e-08 3.0790459358e-08 1.9890065636e-06
 3.0804411237e-08 3.0804411237e-08 2.2780884339e-06
 3.0816133189e-08 3.0816133189e-08 3.0547322322e-06
 3.0824398824e-08 3.0824398824e-08 3.8968455288e-06
 3.0832417376e-08 3.0832417376e-08 4.9466838636e-06
 3.0840074253e-08 3.0840074253e-08 6.1633705440e-06
 3.0847744802e-08 3.0847744802e-08 7.5921595793e-06
 3.0855366961e-08 3.0855366961e-08 9.2201690209e-06
 3.0862995237e-08 3.0862995237e-08 1.1057402349e-05
 3.0870615249e-08 3.0870615249e-08 1.3100391495e-05
 3.0878377550e-08 3.0878377550e-08 1.5395089475e-05
 3.0886159782e-08 3.0886159782e-08 1.7912108831e-05
 3.0893820619e-08 3.0893820619e-08 2.0601575064e-05
 3.0901574506e-08 3.0901574506e-08 2.3537624737e-05
 3.0909180471e-08 3.0909180471e-08 2.6626761397e-05
 3.0916816814e-08 3.0916816814e-08 2.9936547337e-05
 3.0924431870e-08 3.0924431870e-08 3.3444919778e-05
 3.0932055015e-08 3.0932055015e-08 3.7164796869e-05
 3.0939676912e-08 3.0939676912e-08 4.1091788181e-05
 3.0947303359e-08 3.0947303359e-08 4.5228852001e-05
 3.0954933650e-08 3.0954933650e-08 4.9575726008e-05
 3.0962570073e-08 3.0962570073e-08 5.4133824327e-05
 3.0970214103e-08 3.0970214103e-08 5.8904199196e-05
 3.0977868164e-08 3.0977868164e-08 6.3888576108e-05
 3.0988934082e-08 3.0988934082e-08 7.1460932858e-05
 3.0994467041e-08 3.0994467041e-08 7.5408752126e-05
 3.1000000000e-08 3.1000000000e-08 7.9463801513e-05
 3.1000196518e-08 3.1000196518e-08 7.7473955186e-05
 3.1000408287e-08 3.1000408287e-08 7.7473081240e-05
 3.1000692897e-08 3.1000692897e-08 7.7471953449e-05
 3.1000897131e-08 3.1000897131e-08 7.7471168658e-05
 3.1001120590e-08 3.1001120590e-08 7.7470326544e-05
 3.1001391323e-08 3.1001391323e-08 7.7469323457e-05
 3.1001704971e-08 3.1001704971e-08 7.7468178884e-05
 3.1002050561e-08 3.1002050561e-08 7.7466933201e-05
 3.1002429531e-08 3.1002429531e-08 7.7465579399e-05
 3.1002848231e-08 3.1002848231e-08 7.7464092268e-05
 3.1003317001e-08 3.1003317001e-08 7.7462432143e-05
 3.1003850745e-08 3.1003850745e-08 7.7460542670e-05
 3.1004469777e-08 3.1004469777e-08 7.7458347258e-05
 3.1005203163e-08 3.1005203163e-08 7.7455736153e-05
 3.1006095197e-08 3.1006095197e-08 7.7452541399e-05
 3.1007218320e-08 3.1007218320e-08 7.7448486311e-05
 3.1008701688e-08 3.1008701688e-08 7.7443072119e-05
 3.1010804052e-08 3.1010804052e-08 7.7435283244e-05
 3.1014147212e-08 3.1014147212e-08 7.7422619844e-05
 3.1020833531e-08 3.1020833531e-08 7.7396292522e-05
 3.1034206171e-08 3.1034206171e-08 7.7339938591e-05
 3.1044962764e-08 3.1044962764e-08 7.7291582719e-05
 3.1055164293e-08 3.1055164293e-08 7.7243814313e-05
 3.1066015057e-08 3.1066015057e-08 7.7191507432e-05
 3.1076765741e-08 3.1076765741e-08 7.7138597426e-05
 3.1087309508e-08 3.1087309508e-08 7.7085963646e-05
 3.1097805704e-08 3.1097805704e-08 7.7033036414e-05
 3.1108226029e-08 3.1108226029e-08 7.6980090551e-05
 3.1118535584e-08 3.1118535584e-08 7.6927385753e-05
 3.1128743334e-08 3.1128743334e-08 7.6874923837e-05
 3.1138852565e-08 3.1138852565e-08 7.6822707042e-05
 3.1148862199e-08 3.1148862199e-08 7.6770775173e-05
 3.1158777372e-08 3.1158777372e-08 7.6719069967e-05
 3.1169962748e-08 3.1169962748e-08 7.6660461548e-05
 3.1180086739e-08 3.1180086739e-08 7.6607168153e-05
 3.1189804113e-08 3.1189804113e-08 7.6555798013e-05
 3.1200865803e-08 3.1200865803e-08 7.6497068542e-05
 3.1210975432e-08 3.1210975432e-08 7.6443166883e-05
 3.1220757894e-08 3.1220757894e-08 7.6390812538e-05
 3.1232453184e-08 3.1232453184e-08 7.6327979938e-05
 3.1243076105e-08 3.1243076105e-08 7.6270693991e-05
 3.1253518252e-08 3.1253518252e-08 7.6214195677e-05
 3.1264557117e-08 3.1264557117e-08 7.6154278815e-05
 3.1276086581e-08 3.1276086581e-08 7.6091503114e-05
 3.1288257270e-08 3.1288257270e-08 7.6025032227e-05
 3.1301398733e-08 3.1301398733e-08 7.5953039251e-05
 3.1315832090e-08 3.1315832090e-08 7.5873722895e-05
 3.1331976055e-08 3.1331976055e-08 7.5784722380e-05
 3.1342822930e-08 3.1342822930e-08 7.5639425513e-05
 3.1348896069e-08 3.1348896069e-08 7.5228529634e-05
 3.1354506270e-08 3.1354506270e-08 7.4585814932e-05
 3.1359780260e-08 3.1359780260e-08 7.3758250445e-05
 3.1365166150e-08 3.1365166150e-08 7.2699445933e-05
 3.1370670213e-08 3.1370670213e-08 7.1407022521e-05
 3.1376403837e-08 3.1376403837e-08 6.9851085716e-05
 3.1382433004e-08 3.1382433004e-08 6.8005619229e-05
 3.1388875862e-08 3.1388875862e-08 6.5824270493e-05
 3.1395903725e-08 3.1395903725e-08 6.3235704354e-05
 3.1403827237e-08 3.1403827237e-08 6.0108369123e-05
 3.1413328798e-08 3.1413328798e-08 5.6150312774e-05
 3.1432331919e-08 3.1432331919e-08 4.7937741033e-05
 3.1445756303e-08 3.1445756303e-08 4.2193999579e-05
 3.1461394212e-08 3.1461394212e-08 3.5840285060e-05
 3.1473782059e-08 3.1473782059e-08 3.1191460847e-05
 3.1483444889e-08 3.1483444889e-08 2.7847058229e-05
 3.1492478637e-08 3.1492478637e-08 2.4957121455e-05
 3.1501259837e-08 3.1501259837e-08 2.2369609573e-05
 3.1510070543e-08 3.1510070543e-08 1.9990134333e-05
 3.1519001348e-08 3.1519001348e-08 1.7793076001e-05
 3.1528147135e-08 3.1528147135e-08 1.5757232505e-05
 3.1537579461e-08 3.1537579461e-08 1.3871322615e-05
 3.1547376654e-08 3.1547376654e-08 1.2125956155e-05
 3.1557621121e-08 3.1557621121e-08 1.0514252016e-05
 3.1566867372e-08 3.1566867372e-08 9.2309954843e-06
 3.1578371575e-08 3.1578371575e-08 7.8360079669e-06
 3.1588722846e-08 3.1588722846e-08 6.7522237197e-06
 3.1598919098e-08 3.1598919098e-08 5.8250639023e-06
 3.1609816297e-08 3.1609816297e-08 4.9689190389e-06
 3.1621290777e-08 3.1621290777e-08 4.1982510320e-06
 3.1633425641e-08 3.1633425641e-08 3.5088284348e-06
 3.1646442762e-08 3.1646442762e-08 2.8911131412e-06
 3.1660499202e-08 3.1660499202e-08 2.3425004340e-06
 3.1675777866e-08 3.1675777866e-08 1.8608090217e-06
 3.1692531569e-08 3.1692531569e-08 1.4431254309e-06
 3.1711080690e-08 3.1711080690e-08 1.0866763209e-06
 3.1731844325e-08 3.1731844325e-08 7.8858122940e-07
 3.1755393720e-08 3.1755393720e-08 5.4561730587e-07
 3.1782529219e-08 3.1782529219e-08 3.5414837230e-07
 3.1814413197e-08 3.1814413197e-08 2.0999686781e-07
 3.1852813015e-08 3.1852813015e-08 1.0827570061e-07
 3.1878953073e-08 3.1878953073e-08 6.9026890164e-08
 3.1902149339e-08 3.1902149339e-08 4.6803139465e-08
 3.1929751349e-08 3.1929751349e-08 2.9556792088e-08
 3.1964875675e-08 3.1964875675e-08 1.6201858464e-08
 3.2000000000e-08 3.2000000000e-08 8.6940233474e-09
 3.2000947399e-08 3.2000947399e-08 8.5720727825e-09
 3.2001910794e-08 3.2001910794e-08 8.4492912242e-09
 3.2002924433e-08 3.2002924433e-08 8.3218029106e-09
 3.2003669606e-08 3.2003669606e-08 8.2292569660e-09
 3.2004287396e-08 3.2004287396e-08 8.1533003154e-09
 3.2004954623e-08 3.2004954623e-08 8.0720491159e-09
 3.2005741359e-08 3.2005741359e-08 7.9772825860e-09
 3.2006785266e-08 3.2006785266e-08 7.8532509334e-09
 3.2008310555e-08 3.2008310555e-08 7.6754740929e-09
 3.2010804505e-08 3.2010804505e-08 7.3933821943e-09
 3.2015792407e-08 3.2015792407e-08 6.8595782088e-09
 3.2025768210e-08 3.2025768210e-08 5.9023072227e-09
 3.2041914119e-08 3.2041914119e-08 4.6188344550e-09
 3.2074205936e-08 3.2074205936e-08 2.7831532755e-09
 3.2105164567e-08 3.2105164567e-08 1.6810375189e-09
 3.2127661737e-08 3.2127661737e-08 1.1670231618e-09
 3.2149889817e-08 3.2149889817e-08 8.1690885518e-10
 3.2173104112e-08 3.2173104112e-08 5.6384438047e-10
 3.2196481172e-08 3.2196481172e-08 3.8854823856e-10
 3.2220777107e-08 3.2220777107e-08 2.6395008349e-10
 3.2246664481e-08 3.2246664481e-08 1.7470645687e-10
 3.2274569277e-08 3.2274569277e-08 1.1179742721e-10
 3.2305260563e-08 3.2305260563e-08 6.8244152431e-11
 3.2340064077e-08 3.2340064077e-08 3.8835465064e-11
 3.2381545565e-08 3.2381545565e-08 1.9701597996e-11
 3.2437281948e-08 3.2437281948e-08 7.7450958666e-12
 3.2461845816e-08 3.2461845816e-08 5.7110931574e-12
 3.2482454267e-08 3.2482454267e-08 4.7739745644e-12
 3.2503590334e-08 3.2503590334e-08 4.1775210723e-12
 3.2530243336e-08 3.2530243336e-08 3.6980424707e-12
 3.2569275825e-08 3.2569275825e-08 3.2867629257e-12
 3.2610681512e-08 3.2610681512e-08 3.0632730337e-12
 3.2651595808e-08 3.2651595808e-08 2.9579593629e-12
 3.2692716022e-08 3.2692716022e-08 2.9101987671e-12
 3.2733616360e-08 3.2733616360e-08 2.8902088933e-12
 3.2774137963e-08 3.2774137963e-08 2.8825803203e-12
 3.2814521597e-08 3.2814521597e-08 2.8800354523e-12
 3.2854873946e-08 3.2854873946e-08 2.8794221633e-12
 3.2895137535e-08 3.2895137535e-08 2.8794434687e-12
 3.2935080430e-08 3.2935080430e-08 2.8796081217e-12
 3.2974189897e-08 3.2974189897e-08 2.8797573719e-12
 3.3011743798e-08 3.3011743798e-08 2.8798588060e-12
 3.3047453592e-08 3.3047453592e-08 2.8799199915e-12
 3.3071687169e-08 3.3071687169e-08 2.8799463441e-12
 3.3093870641e-08 3.3093870641e-08 2.8799629005e-12
 3.3120854931e-08 3.3120854931e-08 2.8799766330e-12
 3.3156607237e-08 3.3156607237e-08 2.8799879943e-12
 3.3197844031e-08 3.3197844031e-08 2.8799952481e-12
 3.3240072797e-08 3.3240072797e-08 2.8799989731e-12
 3.3263062628e-08 3.3263062628e-08 2.8799999720e-12
 3.3276901262e-08 3.3276901262e-08 2.8800003228e-12
 3.3290446417e-08 3.3290446417e-08 2.8800006868e-12
 3.3302325027e-08 3.3302325027e-08 2.8800008532e-12
 3.3313176494e-08 3.3313176494e-08 2.8800010397e-12
 3.3323966401e-08 3.3323966401e-08 2.8800012443e-12
 3.3334790507e-08 3.3334790507e-08 2.8800012546e-12
 3.3345697033e-08 3.3345697033e-08 2.8800012141e-12
 3.3356827374e-08 3.3356827374e-08 2.8800013273e-12
 3.3368265611e-08 3.3368265611e-08 2.8800015260e-12
 3.3380079869e-08 3.3380079869e-08 2.8800016878e-12
 3.3392364866e-08 3.3392364866e-08 2.8800016706e-12
 3.3405244357e-08 3.3405244357e-08 2.8800016590e-12
 3.3418895086e-08 3.3418895086e-08 2.8800016678e-12
 3.3433607229e-08 3.3433607229e-08 2.8800016511e-12
 3.3449936712e-08 3.3449936712e-08 2.8800016736e-12
 3.3469284807e-08 3.3469284807e-08 2.8800018149e-12
 3.3499361735e-08 3.3499361735e-08 2.8800019076e-12
 3.3516294380e-08 3.3516294380e-08 2.8800018795e-12
 3.3532039321e-08 3.3532039321e-08 2.8800019798e-12
 3.3546883458e-08 3.3546883458e-08 2.8800021263e-12
 3.3559741340e-08 3.3559741340e-08 2.8800020586e-12
 3.3571795082e-08 3.3571795082e-08 2.8800020693e-12
 3.3583602397e-08 3.3583602397e-08 2.8800018443e-12
 3.3595256936e-08 3.3595256936e-08 2.8800018140e-12
 3.3606946293e-08 3.3606946293e-08 2.8800017936e-12
 3.3618841598e-08 3.3618841598e-08 2.8800016931e-12
 3.3631058551e-08 3.3631058551e-08 2.8800016344e-12
 3.3643715539e-08 3.3643715539e-08 2.8800016788e-12
 3.3656943364e-08 3.3656943364e-08 2.8800017029e-12
 3.3670882027e-08 3.3670882027e-08 2.8800017279e-12
 3.3685689946e-08 3.3685689946e-08 2.8800017111e-12
 3.3701558270e-08 3.3701558270e-08 2.8800017461e-12
 3.3718803714e-08 3.3718803714e-08 2.8800018769e-12
 3.3737924422e-08 3.3737924422e-08 2.8800017603e-12
 3.3758487982e-08 3.3758487982e-08 2.8800018026e-12
 3.3781586750e-08 3.3781586750e-08 2.8800017914e-12
 3.3808120168e-08 3.3808120168e-08 2.8800017844e-12
 3.3839124441e-08 3.3839124441e-08 2.8800018030e-12
 3.3876637629e-08 3.3876637629e-08 2.8800018354e-12
 3.3924750936e-08 3.3924750936e-08 2.8800017052e-12
 3.3935201818e-08 3.3935201818e-08 2.8800018034e-12
 3.3946500582e-08 3.3946500582e-08 2.8800018283e-12
 3.3952806224e-08 3.3952806224e-08 2.8800018383e-12
 3.3959553720e-08 3.3959553720e-08 2.8800017283e-12
 3.3965874968e-08 3.3965874968e-08 2.8800017764e-12
 3.3972543107e-08 3.3972543107e-08 2.8800018137e-12
 3.3979460541e-08 3.3979460541e-08 2.8800017965e-12
 3.3986859548e-08 3.3986859548e-08 2.8800018608e-12
 3.3994903347e-08 3.3994903347e-08 2.8800016406e-12
 3.4003955345e-08 3.4003955345e-08 2.8800016509e-12
 3.4014762366e-08 3.4014762366e-08 2.8800017410e-12
 3.4024250353e-08 3.4024250353e-08 2.8800017591e-12
 3.4043226327e-08 3.4043226327e-08 2.8800018499e-12
 3.4065544698e-08 3.4065544698e-08 2.8800018306e-12
 3.4082092382e-08 3.4082092382e-08 2.8800017952e-12
 3.4094429944e-08 3.4094429944e-08 2.8800017642e-12
 3.4105321601e-08 3.4105321601e-08 2.8800018247e-12
 3.4115438672e-08 3.4115438672e-08 2.8800018282e-12
 3.4125066685e-08 3.4125066685e-08 2.8800017170e-12
 3.4136053242e-08 3.4136053242e-08 2.8800017196e-12
 3.4145998546e-08 3.4145998546e-08 2.8800017622e-12
 3.4157845877e-08 3.4157845877e-08 2.8800017158e-12
 3.4168540421e-08 3.4168540421e-08 2.8800018262e-12
 3.4179000356e-08 3.4179000356e-08 2.8800017627e-12
 3.4189999339e-08 3.4189999339e-08 2.8800018633e-12
 3.4201432269e-08 3.4201432269e-08 2.8800017487e-12
 3.4213369401e-08 3.4213369401e-08 2.8800018162e-12
 3.4225991655e-08 3.4225991655e-08 2.8800018092e-12
 3.4239412912e-08 3.4239412912e-08 2.8800018080e-12
 3.4253755646e-08 3.4253755646e-08 2.8800017812e-12
 3.4269181776e-08 3.4269181776e-08 2.8800019103e-12
 3.4285880410e-08 3.4285880410e-08 2.8800020138e-12
 3.4304077399e-08 3.4304077399e-08 2.8800019955e-12
 3.4324051254e-08 3.4324051254e-08 2.8800018250e-12
 3.4346146765e-08 3.4346146765e-08 2.8800017368e-12
 3.4370793141e-08 3.4370793141e-08 2.8800016759e-12
 3.4398527669e-08 3.4398527669e-08 2.8800016999e-12
 3.4430022667e-08 3.4430022667e-08 2.8800017657e-12
 3.4466112130e-08 3.4466112130e-08 2.8800017929e-12
 3.4507807746e-08 3.4507807746e-08 2.8800018121e-12
 3.4556282351e-08 3.4556282351e-08 2.8800018072e-12
 3.4612787736e-08 3.4612787736e-08 2.8800018080e-12
 3.4678484520e-08 3.4678484520e-08 2.8800018088e-12
 3.4754230003e-08 3.4754230003e-08 2.8800017297e-12
 3.4840477101e-08 3.4840477101e-08 2.8800016900e-12
 3.4937434174e-08 3.4937434174e-08 2.8800017420e-12
 3.5045437270e-08 3.5045437270e-08 2.8800018329e-12
 3.5165330227e-08 3.5165330227e-08 2.8800018614e-12
 3.5298736514e-08 3.5298736514e-08 2.8800018356e-12
 3.5448272420e-08 3.5448272420e-08 2.8800018044e-12
 3.5617822091e-08 3.5617822091e-08 2.8800018088e-12
 3.5813015089e-08 3.5813015089e-08 2.8800018243e-12
 3.6042108415e-08 3.6042108415e-08 2.8800018197e-12
 3.6317652132e-08 3.6317652132e-08 2.8800018010e-12
 3.6659778260e-08 3.6659778260e-08 2.8800018293e-12
 3.7103223096e-08 3.7103223096e-08 2.8800018308e-12
 3.7714177377e-08 3.7714177377e-08 2.8800018187e-12
 3.8638312397e-08 3.8638312397e-08 2.8800018369e-12
 3.9319156199e-08 3.9319156199e-08 2.8800018173e-12
 4.0000000000e-08 4.0000000000e-08 2.8800018176e-12
 4.0003378241e-08 4.0003378241e-08 -3.6253378922e-06
 4.0006013009e-08 4.0006013009e-08 -4.8027730381e-06
 4.0006855249e-08 4.0006855249e-08 -5.1623287644e-06
 4.0007825513e-08 4.0007825513e-08 -5.5677529957e-06
 4.0008732455e-08 4.0008732455e-08 -5.9388548308e-06
 4.0009746532e-08 4.0009746532e-08 -6.3451960224e-06
 4.0011185887e-08 4.0011185887e-08 -6.9067932973e-06
 4.0013711067e-08 4.0013711067e-08 -7.8504120513e-06
 4.0018761429e-08 4.0018761429e-08 -9.5876747782e-06
 4.0024854128e-08 4.0024854128e-08 -1.1438557358e-05
 4.0030549598e-08 4.0030549598e-08 -1.2948866592e-05
 4.0036701083e-08 4.0036701083e-08 -1.4366544613e-05
 4.0043114414e-08 4.0043114414e-08 -1.5633950091e-05
 4.0049955750e-08 4.0049955750e-08 -1.6775922977e-05
 4.0057229244e-08 4.0057229244e-08 -1.7780380555e-05
 4.0065002826e-08 4.0065002826e-08 -1.8644373788e-05
 4.0073319744e-08 4.0073319744e-08 -1.9359357640e-05
 4.0082232021e-08 4.0082232021e-08 -1.9916233232e-05
 4.0091780483e-08 4.0091780483e-08 -2.0303680954e-05
 4.0101991967e-08 4.0101991967e-08 -2.0508948151e-05
 4.0111195605e-08 4.0111195605e-08 -2.0529182231e-05
 4.0122807903e-08 4.0122807903e-08 -2.0356833250e-05
 4.0133293212e-08 4.0133293212e-08 -2.0026966066e-05
 4.0143542839e-08 4.0143542839e-08 -1.9555076823e-05
 4.0154285673e-08 4.0154285673e-08 -1.8909081268e-05
 4.0165222536e-08 4.0165222536e-08 -1.8095720906e-05
 4.0176240079e-08 4.0176240079e-08 -1.7117625142e-05
 4.0187328143e-08 4.0187328143e-08 -1.5969586193e-05
 4.0198388792e-08 4.0198388792e-08 -1.4655455629e-05
 4.0209329286e-08 4.0209329286e-08 -1.3184076580e-05
 4.0220126996e-08 4.0220126996e-08 -1.1783509418e-05
 4.0231277348e-08 4.0231277348e-08 -1.0542190528e-05
 4.0240208884e-08 4.0240208884e-08 -9.6822493975e-06
 4.0258071955e-08 4.0258071955e-08 -8.2726374559e-06
 4.0270933568e-08 4.0270933568e-08 -7.4864899689e-06
 4.0282011121e-08 4.0282011121e-08 -6.9477542222e-06
 4.0293388415e-08 4.0293388415e-08 -6.5182472805e-06
 4.0304842432e-08 4.0304842432e-08 -6.2071989708e-06
 4.0315396339e-08 4.0315396339e-08 -6.0284103278e-06
 4.0325378841e-08 4.0325378841e-08 -5.9617687744e-06
 4.0337613688e-08 4.0337613688e-08 -6.0519073831e-06
 4.0348894866e-08 4.0348894866e-08 -6.4243631456e-06
 4.0358190818e-08 4.0358190818e-08 -7.1946638491e-06
 4.0362245692e-08 4.0362245692e-08 -7.7909438965e-06
 4.0370355439e-08 4.0370355439e-08 -9.8023908007e-06
 4.0373057399e-08 4.0373057399e-08 -1.0826229393e-05
 4.0378461319e-08 4.0378461319e-08 -1.3549682181e-05
 4.0380996108e-08 4.0380996108e-08 -1.5172943445e-05
 4.0386065687e-08 4.0386065687e-08 -1.9005043361e-05
 4.0390656289e-08 4.0390656289e-08 -2.2895657365e-05
 4.0399837493e-08 4.0399837493e-08 -2.9860019036e-05
 4.0401842001e-08 4.0401842001e-08 -3.0924601811e-05
 4.0405851016e-08 4.0405851016e-08 -3.2311960848e-05
 4.0413869046e-08 4.0413869046e-08 -3.2108982039e-05
 4.0415841344e-08 4.0415841344e-08 -3.1466279170e-05
 4.0419785940e-08 4.0419785940e-08 -2.9628779158e-05
 4.0427675132e-08 4.0427675132e-08 -2.4424553953e-05
 4.0431566904e-08 4.0431566904e-08 -2.1443431700e-05
 4.0439350448e-08 4.0439350448e-08 -1.5402751424e-05
 4.0443272581e-08 4.0443272581e-08 -1.2535981171e-05
 4.0451116848e-08 4.0451116848e-08 -7.6704966576e-06
 4.0453763265e-08 4.0453763265e-08 -6.3988153595e-06
 4.0459056101e-08 4.0459056101e-08 -4.4345084749e-06
 4.0461409522e-08 4.0461409522e-08 -3.8017598733e-06
 4.0462201077e-08 4.0462201077e-08 -3.6192536733e-06
 4.0462870756e-08 4.0462870756e-08 -3.4759727400e-06
 4.0463438915e-08 4.0463438915e-08 -3.3620915128e-06
 4.0464092923e-08 4.0464092923e-08 -3.2393999030e-06
 4.0464891165e-08 4.0464891165e-08 -3.1013197462e-06
 4.0465772126e-08 4.0465772126e-08 -2.9630632191e-06
 4.0466818096e-08 4.0466818096e-08 -2.8169323093e-06
 4.0468133527e-08 4.0468133527e-08 -2.6586408418e-06
 4.0469919357e-08 4.0469919357e-08 -2.4839883248e-06
 4.0472638989e-08 4.0472638989e-08 -2.2915346841e-06
 4.0477749095e-08 4.0477749095e-08 -2.0965768627e-06
 4.0483573369e-08 4.0483573369e-08 -2.0166609957e-06
 4.0491786684e-08 4.0491786684e-08 -1.9919063294e-06
 4.0500000000e-08 4.0500000000e-08 -1.9892072891e-06
 4.0500288476e-08 4.0500288476e-08 -1.7181678142e-10
 4.0500564559e-08 4.0500564559e-08 -1.4808289281e-10
 4.0500702905e-08 4.0500702905e-08 -1.3744777352e-10
 4.0500841033e-08 4.0500841033e-08 -1.2765174576e-10
 4.0500986800e-08 4.0500986800e-08 -1.1811886465e-10
 4.0501181187e-08 4.0501181187e-08 -1.0656150021e-10
 4.0501500557e-08 4.0501500557e-08 -9.0069585311e-11
 4.0501851060e-08 4.0501851060e-08 -7.4976541487e-11
 4.0502238805e-08 4.0502238805e-08 -6.1268636987e-11
 4.0502677445e-08 4.0502677445e-08 -4.8801107118e-11
 4.0503180576e-08 4.0503180576e-08 -3.7624735416e-11
 4.0503777869e-08 4.0503777869e-08 -2.7657354023e-11
 4.0504512674e-08 4.0504512674e-08 -1.8966677542e-11
 4.0505456131e-08 4.0505456131e-08 -1.1715677943e-11
 4.0506739279e-08 4.0506739279e-08 -6.1208952097e-12
 4.0508641021e-08 4.0508641021e-08 -2.3837168420e-12
 4.0511856260e-08 4.0511856260e-08 -5.2962820144e-13
 4.0518286737e-08 4.0518286737e-08 -2.5555931110e-14
 4.0528246700e-08 4.0528246700e-08 1.5711219329e-13
 4.0539204436e-08 4.0539204436e-08 3.2513993174e-13
 4.0549780718e-08 4.0549780718e-08 4.8518749231e-13
 4.0562818110e-08 4.0562818110e-08 6.7935367076e-13
 4.0577937538e-08 4.0577937538e-08 8.9882466056e-13
 4.0586901063e-08 4.0586901063e-08 1.0243692383e-12
 4.0592922276e-08 4.0592922276e-08 1.1049946238e-12
 4.0599114808e-08 4.0599114808e-08 1.1813313928e-12
 4.0603995337e-08 4.0603995337e-08 1.2328082607e-12
 4.0607576283e-08 4.0607576283e-08 1.2638805395e-12
 4.0609742570e-08 4.0609742570e-08 1.2798324322e-12
 4.0611812464e-08 4.0611812464e-08 1.2932417109e-12
 4.0614105048e-08 4.0614105048e-08 1.3062734691e-12
 4.0617979427e-08 4.0617979427e-08 1.3247941056e-12
 4.0621282988e-08 4.0621282988e-08 1.3379029835e-12
 4.0624703497e-08 4.0624703497e-08 1.3495176714e-12
 4.0628174316e-08 4.0628174316e-08 1.3597163272e-12
 4.0632013920e-08 4.0632013920e-08 1.3695258130e-12
 4.0636948608e-08 4.0636948608e-08 1.3803380116e-12
 4.0643167652e-08 4.0643167652e-08 1.3917199418e-12
 4.0651256264e-08 4.0651256264e-08 1.4036726926e-12
 4.0660560269e-08 4.0660560269e-08 1.4144193296e-12
 4.0667506140e-08 4.0667506140e-08 1.4207986264e-12
 4.0675105472e-08 4.0675105472e-08 1.4265202578e-12
 4.0683007328e-08 4.0683007328e-08 1.4313510358e-12
 4.0691622101e-08 4.0691622101e-08 1.4355809113e-12
 4.0701041906e-08 4.0701041906e-08 1.4392276527e-12
 4.0711533022e-08 4.0711533022e-08 1.4423555775e-12
 4.0720846954e-08 4.0720846954e-08 1.4444849769e-12
 4.0739044260e-08 4.0739044260e-08 1.4474405801e-12
 4.0752333388e-08 4.0752333388e-08 1.4488484281e-12
 4.0764493983e-08 4.0764493983e-08 1.4497483268e-12
 4.0776614579e-08 4.0776614579e-08 1.4503872757e-12
 4.0787839574e-08 4.0787839574e-08 1.4508140978e-12
 4.0798409445e-08 4.0798409445e-08 1.4511106523e-12
 4.0808652000e-08 4.0808652000e-08 1.4513262164e-12
 4.0818637271e-08 4.0818637271e-08 1.4514854986e-12
 4.0826411404e-08 4.0826411404e-08 1.4515822530e-12
 4.0833711700e-08 4.0833711700e-08 1.4516560792e-12
 4.0840859780e-08 4.0840859780e-08 1.4517155371e-12
 4.0848022750e-08 4.0848022750e-08 1.4517647449e-12
 4.0855235286e-08 4.0855235286e-08 1.4518056769e-12
 4.0862536155e-08 4.0862536155e-08 1.4518398617e-12
 4.0869956228e-08 4.0869956228e-08 1.4518684560e-12
 4.0877542951e-08 4.0877542951e-08 1.4518924321e-12
 4.0885368869e-08 4.0885368869e-08 1.4519126090e-12
 4.0893563853e-08 4.0893563853e-08 1.4519297130e-12
 4.0902397623e-08 4.0902397623e-08 1.4519444501e-12
 4.0912607808e-08 4.0912607808e-08 1.4519577331e-12
 4.0921581019e-08 4.0921581019e-08 1.4519667613e-12
 4.0934596260e-08 4.0934596260e-08 1.4519766226e-12
 4.0945745981e-08 4.0945745981e-08 1.4519827311e-12
 4.0955857958e-08 4.0955857958e-08 1.4519868674e-12
 4.0964440156e-08 4.0964440156e-08 1.4519895737e-12
 4.0973730923e-08 4.0973730923e-08 1.4519918733e-12
 4.0984872754e-08 4.0984872754e-08 1.4519939801e-12
 4.0993166258e-08 4.0993166258e-08 1.4519951808e-12
 4.1000000000e-08 4.1000000000e-08 1.4519959825e-12
 4.1000636112e-08 4.1000636112e-08 1.4519960482e-12
 4.1001243978e-08 4.1001243978e-08 1.4519961103e-12
 4.1001840728e-08 4.1001840728e-08 1.4519961704e-12
 4.1002544515e-08 4.1002544515e-08 1.4519962401e-12
 4.1003163870e-08 4.1003163870e-08 1.4519963004e-12
 4.1003834956e-08 4.1003834956e-08 1.4519963647e-12
 4.1004641432e-08 4.1004641432e-08 1.4519964405e-12
 4.1005691836e-08 4.1005691836e-08 1.4519965368e-12
 4.1007216909e-08 4.1007216909e-08 1.4519966721e-12
 4.1009763416e-08 4.1009763416e-08 1.4519968864e-12
 4.1014856431e-08 4.1014856431e-08 1.4519972752e-12
 4.1024614061e-08 4.1024614061e-08 1.4519978944e-12
 4.1036199065e-08 4.1036199065e-08 1.4519984558e-12
 4.1046520933e-08 4.1046520933e-08 1.4519988302e-12
 4.1057468294e-08 4.1057468294e-08 1.4519991294e-12
 4.1069418632e-08 4.1069418632e-08 1.4519993704e-12
 4.1082115611e-08 4.1082115611e-08 1.4519995548e-12
 4.1095786950e-08 4.1095786950e-08 1.4519996943e-12
 4.1110688777e-08 4.1110688777e-08 1.4519997979e-12
 4.1126564147e-08 4.1126564147e-08 1.4519998707e-12
 4.1143450829e-08 4.1143450829e-08 1.4519999200e-12
 4.1161630072e-08 4.1161630072e-08 1.4519999527e-12
 4.1181442642e-08 4.1181442642e-08 1.4519999737e-12
 4.1203336708e-08 4.1203336708e-08 1.4519999864e-12
 4.1227920454e-08 4.1227920454e-08 1.4519999937e-12
 4.1256025187e-08 4.1256025187e-08 1.4519999975e-12
 4.1288827777e-08 4.1288827777e-08 1.4519999991e-12
 4.1327903275e-08 4.1327903275e-08 1.4519999996e-12
 4.1376727617e-08 4.1376727617e-08 1.4519999996e-12
 4.1441762157e-08 4.1441762157e-08 1.4519999994e-12
 4.1528375980e-08 4.1528375980e-08 1.4519999993e-12
 4.1622649056e-08 4.1622649056e-08 1.4519999993e-12
 4.1703208956e-08 4.1703208956e-08 1.4519999993e-12
 4.1768437039e-08 4.1768437039e-08 1.4519999993e-12
 4.1821423531e-08 4.1821423531e-08 1.4519999993e-12
 4.1864751808e-08 4.1864751808e-08 1.4519999993e-12
 4.1901138474e-08 4.1901138474e-08 1.4519999993e-12
 4.1936622656e-08 4.1936622656e-08 1.4519999993e-12
 4.1968438542e-08 4.1968438542e-08 1.4519999993e-12
 4.2001345251e-08 4.2001345251e-08 1.4519999993e-12
 4.2037513266e-08 4.2037513266e-08 1.4519999993e-12
 4.2077158950e-08 4.2077158950e-08 1.4519999993e-12
 4.2103721487e-08 4.2103721487e-08 1.4519999993e-12
 4.2129404944e-08 4.2129404944e-08 1.4519999993e-12
 4.2150637199e-08 4.2150637199e-08 1.4519999993e-12
 4.2170330107e-08 4.2170330107e-08 1.4519999993e-12
 4.2190436067e-08 4.2190436067e-08 1.4519999993e-12
 4.2211111995e-08 4.2211111995e-08 1.4519999993e-12
 4.2232883507e-08 4.2232883507e-08 1.4519999993e-12
 4.2256719338e-08 4.2256719338e-08 1.4519999993e-12
 4.2284284631e-08 4.2284284631e-08 1.4519999993e-12
 4.2321496519e-08 4.2321496519e-08 1.4519999993e-12
 4.2360335235e-08 4.2360335235e-08 1.4519999993e-12
 4.2395085426e-08 4.2395085426e-08 1.4519999993e-12
 4.2438461695e-08 4.2438461695e-08 1.4519999993e-12
 4.2477450134e-08 4.2477450134e-08 1.4519999993e-12
 4.2512176678e-08 4.2512176678e-08 1.4519999993e-12
 4.2544849318e-08 4.2544849318e-08 1.4519999993e-12
 4.2576451500e-08 4.2576451500e-08 1.4519999993e-12
 4.2608376782e-08 4.2608376782e-08 1.4519999993e-12
 4.2641732347e-08 4.2641732347e-08 1.4519999993e-12
 4.2677257010e-08 4.2677257010e-08 1.4519999993e-12
 4.2715713909e-08 4.2715713909e-08 1.4519999993e-12
 4.2758116930e-08 4.2758116930e-08 1.4519999993e-12
 4.2806136792e-08 4.2806136792e-08 1.4519999993e-12
 4.2862634454e-08 4.2862634454e-08 1.4519999993e-12
 4.2932459575e-08 4.2932459575e-08 1.4519999993e-12
 4.3004649898e-08 4.3004649898e-08 1.4519999993e-12
 4.3029352835e-08 4.3029352835e-08 1.4519999993e-12
 4.3058523511e-08 4.3058523511e-08 1.4519999993e-12
 4.3080495253e-08 4.3080495253e-08 1.4519999993e-12
 4.3098728582e-08 4.3098728582e-08 1.4519999993e-12
 4.3111509406e-08 4.3111509406e-08 1.4519999993e-12
 4.3127216845e-08 4.3127216845e-08 1.4519999993e-12
 4.3140279962e-08 4.3140279962e-08 1.4519999993e-12
 4.3161345674e-08 4.3161345674e-08 1.4519999993e-12
 4.3188704798e-08 4.3188704798e-08 1.4519999993e-12
 4.3220865308e-08 4.3220865308e-08 1.4519999993e-12
 4.3262566629e-08 4.3262566629e-08 1.4519999993e-12
 4.3314672183e-08 4.3314672183e-08 1.4519999993e-12
 4.3369280965e-08 4.3369280965e-08 1.4519999993e-12
 4.3431313078e-08 4.3431313078e-08 1.4519999993e-12
 4.3490595248e-08 4.3490595248e-08 1.4519999993e-12
 4.3547171620e-08 4.3547171620e-08 1.4519999993e-12
 4.3603574775e-08 4.3603574775e-08 1.4519999993e-12
 4.3660173219e-08 4.3660173219e-08 1.4519999993e-12
 4.3717266978e-08 4.3717266978e-08 1.4519999993e-12
 4.3775407992e-08 4.3775407992e-08 1.4519999993e-12
 4.3834969763e-08 4.3834969763e-08 1.4519999993e-12
 4.3896264584e-08 4.3896264584e-08 1.4519999993e-12
 4.3959648107e-08 4.3959648107e-08 1.4519999993e-12
 4.4025497327e-08 4.4025497327e-08 1.4519999993e-12
 4.4094215766e-08 4.4094215766e-08 1.4519999993e-12
 4.4166256389e-08 4.4166256389e-08 1.4519999993e-12
 4.4242136585e-08 4.4242136585e-08 1.4519999993e-12
 4.4322456133e-08 4.4322456133e-08 1.4519999993e-12
 4.4407922910e-08 4.4407922910e-08 1.4519999993e-12
 4.4499385837e-08 4.4499385837e-08 1.4519999993e-12
 4.4597878719e-08 4.4597878719e-08 1.4519999993e-12
 4.4704680964e-08 4.4704680964e-08 1.4519999993e-12
 4.4821403503e-08 4.4821403503e-08 1.4519999993e-12
 4.4950113495e-08 4.4950113495e-08 1.4519999993e-12
 4.5093520725e-08 4.5093520725e-08 1.4519999993e-12
 4.5255265473e-08 4.5255265473e-08 1.4519999993e-12
 4.5440380139e-08 4.5440380139e-08 1.4519999993e-12
 4.5656063135e-08 4.5656063135e-08 1.4519999993e-12
 4.5913047430e-08 4.5913047430e-08 1.4519999993e-12
 4.6228184449e-08 4.6228184449e-08 1.4519999993e-12
 4.6629743001e-08 4.6629743001e-08 1.4519999993e-12
 4.7169519276e-08 4.7169519276e-08 1.4519999993e-12
 4.7955008215e-08 4.7955008215e-08 1.4519999993e-12
 4.8955008215e-08 4.8955008215e-08 1.4519999993e-12
 4.9727504107e-08 4.9727504107e-08 1.4519999993e-12
 5.0500000000e-08 5.0500000000e-08 1.4519999993e-12
 5.0507812500e-08 5.0507812500e-08 1.9890062457e-06
 5.0515503314e-08 5.0515503314e-08 1.9890062604e-06
 5.0517190996e-08 5.0517190996e-08 1.9890062632e-06
 5.0518946930e-08 5.0518946930e-08 1.9890062659e-06
 5.0521165904e-08 5.0521165904e-08 1.9890062690e-06
 5.0524661571e-08 5.0524661571e-08 1.9890062735e-06
 5.0528227813e-08 5.0528227813e-08 1.9890062775e-06
 5.0533531287e-08 5.0533531287e-08 1.9890062828e-06
 5.0540621832e-08 5.0540621832e-08 1.9890062889e-06
 5.0550203089e-08 5.0550203089e-08 1.9890062960e-06
 5.0555589194e-08 5.0555589194e-08 1.9890062996e-06
 5.0562297745e-08 5.0562297745e-08 1.9890063038e-06
 5.0568160643e-08 5.0568160643e-08 1.9890063073e-06
 5.0574184750e-08 5.0574184750e-08 1.9890063109e-06
 5.0580029294e-08 5.0580029294e-08 1.9890063144e-06
 5.0585881542e-08 5.0585881542e-08 1.9890063180e-06
 5.0591698991e-08 5.0591698991e-08 1.9890063216e-06
 5.0597541983e-08 5.0597541983e-08 1.9890063254e-06
 5.0603440085e-08 5.0603440085e-08 1.9890063293e-06
 5.0609452736e-08 5.0609452736e-08 1.9890063335e-06
 5.0615604696e-08 5.0615604696e-08 1.9890063381e-06
 5.0621991709e-08 5.0621991709e-08 1.9890063431e-06
 5.0628731501e-08 5.0628731501e-08 1.9890063487e-06
 5.0635998357e-08 5.0635998357e-08 1.9890063551e-06
 5.0644039344e-08 5.0644039344e-08 1.9890063627e-06
 5.0653211193e-08 5.0653211193e-08 1.9890063721e-06
 5.0664000941e-08 5.0664000941e-08 1.9890063839e-06
 5.0673501598e-08 5.0673501598e-08 1.9890063950e-06
 5.0685577076e-08 5.0685577076e-08 1.9890064100e-06
 5.0696385297e-08 5.0696385297e-08 1.9890064240e-06
 5.0706065832e-08 5.0706065832e-08 1.9890064371e-06
 5.0725426904e-08 5.0725426904e-08 1.9890064645e-06
 5.0739046710e-08 5.0739046710e-08 1.9890064844e-06
 5.0749135032e-08 5.0749135032e-08 1.9890064996e-06
 5.0760442281e-08 5.0760442281e-08 1.9890065168e-06
 5.0775791703e-08 5.0775791703e-08 1.9890065406e-06
 5.0790344619e-08 5.0790344619e-08 1.9890065634e-06
 5.0804286086e-08 5.0804286086e-08 2.2724378859e-06
 5.0816076957e-08 5.0816076957e-08 3.0498375900e-06
 5.0824358069e-08 5.0824358069e-08 3.8920955999e-06
 5.0832381777e-08 5.0832381777e-08 4.9415159122e-06
 5.0840039866e-08 5.0840039866e-08 6.1574383714e-06
 5.0847710903e-08 5.0847710903e-08 7.5853829875e-06
 5.0855333160e-08 5.0855333160e-08 9.2124911948e-06
 5.0862961492e-08 5.0862961492e-08 1.1048816856e-05
 5.0870581515e-08 5.0870581515e-08 1.3090889489e-05
 5.0878342061e-08 5.0878342061e-08 1.5384107533e-05
 5.0886119884e-08 5.0886119884e-08 1.7898651956e-05
 5.0893789443e-08 5.0893789443e-08 2.0590204243e-05
 5.0901544506e-08 5.0901544506e-08 2.3525850394e-05
 5.0909151400e-08 5.0909151400e-08 2.6614559931e-05
 5.0916787769e-08 5.0916787769e-08 2.9923562993e-05
 5.0924402933e-08 5.0924402933e-08 3.3431195086e-05
 5.0932026060e-08 5.0932026060e-08 3.7150274278e-05
 5.0939647962e-08 5.0939647962e-08 4.1076479331e-05
 5.0947274391e-08 5.0947274391e-08 4.5212744878e-05
 5.0954904665e-08 5.0954904665e-08 4.9558820596e-05
 5.0962541062e-08 5.0962541062e-08 5.4116114770e-05
 5.0970185059e-08 5.0970185059e-08 5.8885680739e-05
 5.0977839077e-08 5.0977839077e-08 6.3869241362e-05
 5.0988919538e-08 5.0988919538e-08 7.1450697205e-05
 5.0994459769e-08 5.0994459769e-08 7.5403492791e-05
 5.1000000000e-08 5.1000000000e-08 7.9463801104e-05
 5.1000196677e-08 5.1000196677e-08 7.7473954128e-05
 5.1000408610e-08 5.1000408610e-08 7.7473079547e-05
 5.1000693421e-08 5.1000693421e-08 7.7471951019e-05
 5.1000897749e-08 5.1000897749e-08 7.7471165907e-05
 5.1001121305e-08 5.1001121305e-08 7.7470323467e-05
 5.1001392162e-08 5.1001392162e-08 7.7469319968e-05
 5.1001705900e-08 5.1001705900e-08 7.7468175110e-05
 5.1002051575e-08 5.1002051575e-08 7.7466929154e-05
 5.1002430650e-08 5.1002430650e-08 7.7465575002e-05
 5.1002849481e-08 5.1002849481e-08 7.7464087421e-05
 5.1003318418e-08 5.1003318418e-08 7.7462426709e-05
 5.1003852379e-08 5.1003852379e-08 7.7460536462e-05
 5.1004471697e-08 5.1004471697e-08 7.7458340016e-05
 5.1005205470e-08 5.1005205470e-08 7.7455727491e-05
 5.1006098053e-08 5.1006098053e-08 7.7452530706e-05
 5.1007221998e-08 5.1007221998e-08 7.7448472536e-05
 5.1008706698e-08 5.1008706698e-08 7.7443053277e-05
 5.1010811487e-08 5.1010811487e-08 7.7435255012e-05
 5.1014159993e-08 5.1014159993e-08 7.7422570325e-05
 5.1020857004e-08 5.1020857004e-08 7.7396197328e-05
 5.1034251026e-08 5.1034251026e-08 7.7339741522e-05
 5.1045013222e-08 5.1045013222e-08 7.7291350034e-05
 5.1055216567e-08 5.1055216567e-08 7.7243565069e-05
 5.1066069469e-08 5.1066069469e-08 7.7191241462e-05
 5.1076821032e-08 5.1076821032e-08 7.7138322523e-05
 5.1087364804e-08 5.1087364804e-08 7.7085685474e-05
 5.1097860834e-08 5.1097860834e-08 7.7032756665e-05
 5.1108280858e-08 5.1108280858e-08 7.6979810450e-05
 5.1118589975e-08 5.1118589975e-08 7.6927106316e-05
 5.1128797236e-08 5.1128797236e-08 7.6874645500e-05
 5.1138905965e-08 5.1138905965e-08 7.6822429866e-05
 5.1148915102e-08 5.1148915102e-08 7.6770499381e-05
 5.1158829803e-08 5.1158829803e-08 7.6718795292e-05
 5.1170022469e-08 5.1170022469e-08 7.6660147236e-05
 5.1180148105e-08 5.1180148105e-08 7.6606843782e-05
 5.1189865350e-08 5.1189865350e-08 7.6555472994e-05
 5.1200927832e-08 5.1200927832e-08 7.6496737841e-05
 5.1211038137e-08 5.1211038137e-08 7.6442831272e-05
 5.1220821243e-08 5.1220821243e-08 7.6390472254e-05
 5.1232518872e-08 5.1232518872e-08 7.6327625679e-05
 5.1243143754e-08 5.1243143754e-08 7.6270327915e-05
 5.1253588264e-08 5.1253588264e-08 7.6213815628e-05
 5.1264630614e-08 5.1264630614e-08 7.6153878611e-05
 5.1276164294e-08 5.1276164294e-08 7.6091078681e-05
 5.1288340466e-08 5.1288340466e-08 7.6024576509e-05
 5.1301489305e-08 5.1301489305e-08 7.5952541660e-05
 5.1315932496e-08 5.1315932496e-08 7.5873169614e-05
 5.1332089532e-08 5.1332089532e-08 7.5784095123e-05
 5.1342831140e-08 5.1342831140e-08 7.5639065095e-05
 5.1348906137e-08 5.1348906137e-08 7.5227581738e-05
 5.1354506027e-08 5.1354506027e-08 7.4585817594e-05
 5.1359781372e-08 5.1359781372e-08 7.3758012801e-05
 5.1365165849e-08 5.1365165849e-08 7.2699460250e-05
 5.1370670234e-08 5.1370670234e-08 7.1406957262e-05
 5.1376403653e-08 5.1376403653e-08 6.9851070366e-05
 5.1382432887e-08 5.1382432887e-08 6.8005580494e-05
 5.1388875721e-08 5.1388875721e-08 6.5824236532e-05
 5.1395903605e-08 5.1395903605e-08 6.3235659471e-05
 5.1403827130e-08 5.1403827130e-08 6.0108316159e-05
 5.1413328726e-08 5.1413328726e-08 5.6150242147e-05
 5.1432331919e-08 5.1432331919e-08 4.7937638029e-05
 5.1445756396e-08 5.1445756396e-08 4.2193860698e-05
 5.1461394347e-08 5.1461394347e-08 3.5840139230e-05
 5.1473782151e-08 5.1473782151e-08 3.1191342083e-05
 5.1483444956e-08 5.1483444956e-08 2.7846956601e-05
 5.1492478699e-08 5.1492478699e-08 2.4957029053e-05
 5.1501259898e-08 5.1501259898e-08 2.2369525030e-05
 5.1510070607e-08 5.1510070607e-08 1.9990056172e-05
 5.1519001418e-08 5.1519001418e-08 1.7793003650e-05
 5.1528147214e-08 5.1528147214e-08 1.5757165446e-05
 5.1537579551e-08 5.1537579551e-08 1.3871260513e-05
 5.1547376757e-08 5.1547376757e-08 1.2125898737e-05
 5.1557621242e-08 5.1557621242e-08 1.0514199070e-05
 5.1566867507e-08 5.1566867507e-08 9.2309466015e-06
 5.1578371735e-08 5.1578371735e-08 7.8359632659e-06
 5.1588723026e-08 5.1588723026e-08 6.7521827807e-06
 5.1598919300e-08 5.1598919300e-08 5.8250264522e-06
 5.1609816525e-08 5.1609816525e-08 4.9688849622e-06
 5.1621291036e-08 5.1621291036e-08 4.1982201877e-06
 5.1633425934e-08 5.1633425934e-08 3.5088006903e-06
 5.1646443095e-08 5.1646443095e-08 2.8910883873e-06
 5.1660499584e-08 5.1660499584e-08 2.3424785637e-06
 5.1675778305e-08 5.1675778305e-08 1.8607899258e-06
 5.1692532077e-08 5.1692532077e-08 1.4431089977e-06
 5.1711081282e-08 5.1711081282e-08 1.0866624317e-06
 5.1731845022e-08 5.1731845022e-08 7.8856975442e-07
 5.1755394550e-08 5.1755394550e-08 5.4560810037e-07
 5.1782530224e-08 5.1782530224e-08 3.5414127133e-07
 5.1814414435e-08 5.1814414435e-08 2.0999167989e-07
 5.1852814580e-08 5.1852814580e-08 1.0827220037e-07
 5.1878954556e-08 5.1878954556e-08 6.9024689049e-08
 5.1902150693e-08 5.1902150693e-08 4.6801733600e-08
 5.1929753690e-08 5.1929753690e-08 2.9555371518e-08
 5.1964876845e-08 5.1964876845e-08 1.6201404929e-08
 5.2000000000e-08 5.2000000000e-08 8.6940016812e-09
 5.2000947464e-08 5.2000947464e-08 8.5720432053e-09
 5.2001910901e-08 5.2001910901e-08 8.4492566652e-09
 5.2002924567e-08 5.2002924567e-08 8.3217655907e-09
 5.2003669775e-08 5.2003669775e-08 8.2292157015e-09
 5.2004287597e-08 5.2004287597e-08 8.1532555834e-09
 5.2004954861e-08 5.2004954861e-08 8.0720003844e-09
 5.2005741647e-08 5.2005741647e-08 7.9772283400e-09
 5.2006785637e-08 5.2006785637e-08 7.8531877635e-09
 5.2008311090e-08 5.2008311090e-08 7.6753933849e-09
 5.2010805462e-08 5.2010805462e-08 7.3932577408e-09
 5.2015794205e-08 5.2015794205e-08 6.8593758848e-09
 5.2025771690e-08 5.2025771690e-08 5.9019823766e-09
 5.2041919590e-08 5.2041919590e-08 4.6184367726e-09
 5.2074215388e-08 5.2074215388e-08 2.7827228321e-09
 5.2105169498e-08 5.2105169498e-08 1.6809012461e-09
 5.2127665469e-08 5.2127665469e-08 1.1669546798e-09
 5.2149893936e-08 5.2149893936e-08 8.1685719156e-10
 5.2173108101e-08 5.2173108101e-08 5.6381046711e-10
 5.2196485126e-08 5.2196485126e-08 3.8852538385e-10
 5.2220781298e-08 5.2220781298e-08 2.6393365708e-10
 5.2246668974e-08 5.2246668974e-08 1.7469475195e-10
 5.2274574163e-08 5.2274574163e-08 1.1178921160e-10
 5.2305266031e-08 5.2305266031e-08 6.8238463577e-11
 5.2340070434e-08 5.2340070434e-08 3.8831631511e-11
 5.2381553479e-08 5.2381553479e-08 1.9699112679e-11
 5.2437294385e-08 5.2437294385e-08 7.7434402367e-12
 5.2461865597e-08 5.2461865597e-08 5.7093834697e-12
 5.2482479817e-08 5.2482479817e-08 4.7724703863e-12
 5.2503621352e-08 5.2503621352e-08 4.1762853639e-12
 5.2530282664e-08 5.2530282664e-08 3.6970904621e-12
 5.2569316977e-08 5.2569316977e-08 3.2862341082e-12
 5.2610721834e-08 5.2610721834e-08 3.0630160671e-12
 5.2651635585e-08 5.2651635585e-08 2.9578402794e-12
 5.2692755137e-08 5.2692755137e-08 2.9101475356e-12
 5.2733654859e-08 5.2733654859e-08 2.8901885583e-12
 5.2774176136e-08 5.2774176136e-08 2.8825729385e-12
 5.2814559637e-08 5.2814559637e-08 2.8800333394e-12
 5.2854911907e-08 5.2854911907e-08 2.8794219601e-12
 5.2895175322e-08 5.2895175322e-08 2.8794437652e-12
 5.2935117706e-08 5.2935117706e-08 2.8796084769e-12
 5.2974226037e-08 5.2974226037e-08 2.8797577859e-12
 5.3011778161e-08 5.3011778161e-08 2.8798589003e-12
 5.3047486518e-08 5.3047486518e-08 2.8799198964e-12
 5.3071721018e-08 5.3071721018e-08 2.8799462459e-12
 5.3093902213e-08 5.3093902213e-08 2.8799628179e-12
 5.3120902946e-08 5.3120902946e-08 2.8799766468e-12
 5.3156638177e-08 5.3156638177e-08 2.8799880148e-12
 5.3197889287e-08 5.3197889287e-08 2.8799951825e-12
 5.3240113025e-08 5.3240113025e-08 2.8799987992e-12
 5.3263069296e-08 5.3263069296e-08 2.8799998126e-12
 5.3276908402e-08 5.3276908402e-08 2.8800001694e-12
 5.3290451073e-08 5.3290451073e-08 2.8800004141e-12
 5.3302326517e-08 5.3302326517e-08 2.8800006163e-12
 5.3313177400e-08 5.3313177400e-08 2.8800009245e-12
 5.3323967127e-08 5.3323967127e-08 2.8800009982e-12
 5.3334790903e-08 5.3334790903e-08 2.8800008535e-12
 5.3345697303e-08 5.3345697303e-08 2.8800009875e-12
 5.3356827625e-08 5.3356827625e-08 2.8800009577e-12
 5.3368265842e-08 5.3368265842e-08 2.8800010893e-12
 5.3380080098e-08 5.3380080098e-08 2.8800011966e-12
 5.3392365114e-08 5.3392365114e-08 2.8800013734e-12
 5.3405244633e-08 5.3405244633e-08 2.8800015567e-12
 5.3418895399e-08 5.3418895399e-08 2.8800015271e-12
 5.3433607599e-08 5.3433607599e-08 2.8800016407e-12
 5.3449937176e-08 5.3449937176e-08 2.8800016673e-12
 5.3469285474e-08 5.3469285474e-08 2.8800017622e-12
 5.3499363715e-08 5.3499363715e-08 2.8800018558e-12
 5.3516296057e-08 5.3516296057e-08 2.8800017983e-12
 5.3532040670e-08 5.3532040670e-08 2.8800017655e-12
 5.3546884740e-08 5.3546884740e-08 2.8800017999e-12
 5.3559742549e-08 5.3559742549e-08 2.8800018160e-12
 5.3571796233e-08 5.3571796233e-08 2.8800016543e-12
 5.3583603534e-08 5.3583603534e-08 2.8800017074e-12
 5.3595258080e-08 5.3595258080e-08 2.8800018484e-12
 5.3606947457e-08 5.3606947457e-08 2.8800017816e-12
 5.3618842797e-08 5.3618842797e-08 2.8800016582e-12
 5.3631059800e-08 5.3631059800e-08 2.8800016919e-12
 5.3643716852e-08 5.3643716852e-08 2.8800017289e-12
 5.3656944757e-08 5.3656944757e-08 2.8800017175e-12
 5.3670883518e-08 5.3670883518e-08 2.8800017176e-12
 5.3685691557e-08 5.3685691557e-08 2.8800017664e-12
 5.3701560027e-08 5.3701560027e-08 2.8800018985e-12
 5.3718805706e-08 5.3718805706e-08 2.8800018227e-12
 5.3737926551e-08 5.3737926551e-08 2.8800017458e-12
 5.3758490371e-08 5.3758490371e-08 2.8800017352e-12
 5.3781589525e-08 5.3781589525e-08 2.8800017946e-12
 5.3808123409e-08 5.3808123409e-08 2.8800017751e-12
 5.3839128337e-08 5.3839128337e-08 2.8800017974e-12
 5.3876642521e-08 5.3876642521e-08 2.8800018132e-12
 5.3924757573e-08 5.3924757573e-08 2.8800016952e-12
 5.3935207220e-08 5.3935207220e-08 2.8800016485e-12
 5.3946503266e-08 5.3946503266e-08 2.8800016438e-12
 5.3952808841e-08 5.3952808841e-08 2.8800016460e-12
 5.3959556123e-08 5.3959556123e-08 2.8800016934e-12
 5.3965877472e-08 5.3965877472e-08 2.8800018050e-12
 5.3972545695e-08 5.3972545695e-08 2.8800018760e-12
 5.3979463296e-08 5.3979463296e-08 2.8800019263e-12
 5.3986862525e-08 5.3986862525e-08 2.8800019175e-12
 5.3994906658e-08 5.3994906658e-08 2.8800020220e-12
 5.4003959186e-08 5.4003959186e-08 2.8800020175e-12
 5.4014767229e-08 5.4014767229e-08 2.8800018933e-12
 5.4024256042e-08 5.4024256042e-08 2.8800019139e-12
 5.4043233666e-08 5.4043233666e-08 2.8800020744e-12
 5.4065564078e-08 5.4065564078e-08 2.8800021107e-12
 5.4082110588e-08 5.4082110588e-08 2.8800020490e-12
 5.4094446299e-08 5.4094446299e-08 2.8800019587e-12
 5.4105337803e-08 5.4105337803e-08 2.8800019347e-12
 5.4115454698e-08 5.4115454698e-08 2.8800020043e-12
 5.4125082546e-08 5.4125082546e-08 2.8800020659e-12
 5.4136069570e-08 5.4136069570e-08 2.8800019886e-12
 5.4146015257e-08 5.4146015257e-08 2.8800020972e-12
 5.4157863385e-08 5.4157863385e-08 2.8800019221e-12
 5.4168558620e-08 5.4168558620e-08 2.8800018415e-12
 5.4179019275e-08 5.4179019275e-08 2.8800018460e-12
 5.4190019138e-08 5.4190019138e-08 2.8800019330e-12
 5.4201453086e-08 5.4201453086e-08 2.8800019160e-12
 5.4213391387e-08 5.4213391387e-08 2.8800018373e-12
 5.4226015000e-08 5.4226015000e-08 2.8800017203e-12
 5.4239437839e-08 5.4239437839e-08 2.8800016870e-12
 5.4253782411e-08 5.4253782411e-08 2.8800017166e-12
 5.4269210691e-08 5.4269210691e-08 2.8800016980e-12
 5.4285911850e-08 5.4285911850e-08 2.8800017752e-12
 5.4304111822e-08 5.4304111822e-08 2.8800017803e-12
 5.4324089224e-08 5.4324089224e-08 2.8800017431e-12
 5.4346188983e-08 5.4346188983e-08 2.8800018375e-12
 5.4370840484e-08 5.4370840484e-08 2.8800018543e-12
 5.4398581232e-08 5.4398581232e-08 2.8800017019e-12
 5.4430083822e-08 5.4430083822e-08 2.8800018375e-12
 5.4466182560e-08 5.4466182560e-08 2.8800018689e-12
 5.4507889462e-08 5.4507889462e-08 2.8800018728e-12
 5.4556377607e-08 5.4556377607e-08 2.8800018397e-12
 5.4612898801e-08 5.4612898801e-08 2.8800017882e-12
 5.4678613297e-08 5.4678613297e-08 2.8800018015e-12
 5.4754377684e-08 5.4754377684e-08 2.8800018694e-12
 5.4840644197e-08 5.4840644197e-08 2.8800018178e-12
 5.4937621055e-08 5.4937621055e-08 2.8800018565e-12
 5.5045644914e-08 5.5045644914e-08 2.8800018308e-12
 5.5165560823e-08 5.5165560823e-08 2.8800018575e-12
 5.5298993872e-08 5.5298993872e-08 2.8800018322e-12
 5.5448562378e-08 5.5448562378e-08 2.8800018390e-12
 5.5618153156e-08 5.5618153156e-08 2.8800017647e-12
 5.5813399602e-08 5.5813399602e-08 2.8800018161e-12
 5.6042564719e-08 5.6042564719e-08 2.8800017905e-12
 5.6318208734e-08 5.6318208734e-08 2.8800017766e-12
 5.6660482280e-08 5.6660482280e-08 2.8800018155e-12
 5.7104159124e-08 5.7104159124e-08 2.8800018172e-12
 5.7715515609e-08 5.7715515609e-08 2.8800018272e-12
 5.8640458903e-08 5.8640458903e-08 2.8800018294e-12
 5.9320229451e-08 5.9320229451e-08 2.8800018265e-12
 6.0000000000e-08 6.0000000000e-08 2.8800018195e-12
 6.0003377224e-08 6.0003377224e-08 -3.6248920054e-06
 6.0006011316e-08 6.0006011316e-08 -4.8020688422e-06
 6.0006853423e-08 6.0006853423e-08 -5.1615826388e-06
 6.0007823577e-08 6.0007823577e-08 -5.5669777236e-06
 6.0008730363e-08 6.0008730363e-08 -5.9380321202e-06
 6.0009744202e-08 6.0009744202e-08 -6.3442971070e-06
 6.0011183021e-08 6.0011183021e-08 -6.9057162562e-06
 6.0013706288e-08 6.0013706288e-08 -7.8486978553e-06
 6.0018752821e-08 6.0018752821e-08 -9.5848974190e-06
 6.0024843960e-08 6.0024843960e-08 -1.1435695286e-05
 6.0030538595e-08 6.0030538595e-08 -1.2946153200e-05
 6.0036689348e-08 6.0036689348e-08 -1.4364047747e-05
 6.0043101945e-08 6.0043101945e-08 -1.5631688842e-05
 6.0049942478e-08 6.0049942478e-08 -1.6773909757e-05
 6.0057215088e-08 6.0057215088e-08 -1.7778625936e-05
 6.0064987692e-08 6.0064987692e-08 -1.8642890960e-05
 6.0073303538e-08 6.0073303538e-08 -1.9358162568e-05
 6.0082214655e-08 6.0082214655e-08 -1.9915345370e-05
 6.0091761891e-08 6.0091761891e-08 -2.0303123001e-05
 6.0101972120e-08 6.0101972120e-08 -2.0508745197e-05
 6.0111174613e-08 6.0111174613e-08 -2.0529301640e-05
 6.0122785770e-08 6.0122785770e-08 -2.0357361187e-05
 6.0133270014e-08 6.0133270014e-08 -2.0027869685e-05
 6.0143518704e-08 6.0143518704e-08 -1.9556354542e-05
 6.0154260779e-08 6.0154260779e-08 -1.8910752869e-05
 6.0165197095e-08 6.0165197095e-08 -1.8097793262e-05
 6.0176214329e-08 6.0176214329e-08 -1.7120097208e-05
 6.0187302330e-08 6.0187302330e-08 -1.5972452096e-05
 6.0198363137e-08 6.0198363137e-08 -1.4658703299e-05
 6.0209303967e-08 6.0209303967e-08 -1.3187607006e-05
 6.0220100403e-08 6.0220100403e-08 -1.1786706170e-05
 6.0231270057e-08 6.0231270057e-08 -1.0542932164e-05
 6.0240205688e-08 6.0240205688e-08 -9.6825279035e-06
 6.0258076949e-08 6.0258076949e-08 -8.2722822344e-06
 6.0270942021e-08 6.0270942021e-08 -7.4860151244e-06
 6.0282020382e-08 6.0282020382e-08 -6.9473381172e-06
 6.0293397846e-08 6.0293397846e-08 -6.5179258715e-06
 6.0304852450e-08 6.0304852450e-08 -6.2069648301e-06
 6.0315406639e-08 6.0315406639e-08 -6.0282734789e-06
 6.0325389112e-08 6.0325389112e-08 -5.9617428400e-06
 6.0337621418e-08 6.0337621418e-08 -6.0520319459e-06
 6.0348902098e-08 6.0348902098e-08 -6.4247373572e-06
 6.0358196451e-08 6.0358196451e-08 -7.1953323836e-06
 6.0362250663e-08 6.0362250663e-08 -7.7917854596e-06
 6.0370359086e-08 6.0370359086e-08 -9.8036010588e-06
 6.0373060844e-08 6.0373060844e-08 -1.0827631979e-05
 6.0378464360e-08 6.0378464360e-08 -1.3551447901e-05
 6.0380999258e-08 6.0380999258e-08 -1.5175038706e-05
 6.0386069054e-08 6.0386069054e-08 -1.9007742069e-05
 6.0390663586e-08 6.0390663586e-08 -2.2901823728e-05
 6.0399852649e-08 6.0399852649e-08 -2.9868846410e-05
 6.0401856486e-08 6.0401856486e-08 -3.0931395828e-05
 6.0405864159e-08 6.0405864159e-08 -3.2314780167e-05
 6.0413879504e-08 6.0413879504e-08 -3.2105971133e-05
 6.0415852303e-08 6.0415852303e-08 -3.1462036996e-05
 6.0419797900e-08 6.0419797900e-08 -2.9622183075e-05
 6.0427689095e-08 6.0427689095e-08 -2.4414054645e-05
 6.0431586242e-08 6.0431586242e-08 -2.1428268419e-05
 6.0439380536e-08 6.0439380536e-08 -1.5379825436e-05
 6.0443294628e-08 6.0443294628e-08 -1.2520364465e-05
 6.0451122814e-08 6.0451122814e-08 -7.6675187748e-06
 6.0453768848e-08 6.0453768848e-08 -6.3964164879e-06
 6.0459060916e-08 6.0459060916e-08 -4.4331202743e-06
 6.0461413350e-08 6.0461413350e-08 -3.8008773299e-06
 6.0462203337e-08 6.0462203337e-08 -3.6187848129e-06
 6.0462871139e-08 6.0462871139e-08 -3.4759224295e-06
 6.0463435693e-08 6.0463435693e-08 -3.3627445547e-06
 6.0464096541e-08 6.0464096541e-08 -3.2387698073e-06
 6.0464895827e-08 6.0464895827e-08 -3.1005711756e-06
 6.0465777417e-08 6.0465777417e-08 -2.9622945159e-06
 6.0466824241e-08 6.0466824241e-08 -2.8161446342e-06
 6.0468140743e-08 6.0468140743e-08 -2.6578584869e-06
 6.0469929524e-08 6.0469929524e-08 -2.4831234920e-06
 6.0472657097e-08 6.0472657097e-08 -2.2905103817e-06
 6.0477797543e-08 6.0477797543e-08 -2.0954547464e-06
 6.0483620975e-08 6.0483620975e-08 -2.0163338533e-06
 6.0491810487e-08 6.0491810487e-08 -1.9918858489e-06
 6.0500000000e-08 6.0500000000e-08 -1.9892073036e-06
 6.0500287774e-08 6.0500287774e-08 -1.7189668502e-10
 6.0500563224e-08 6.0500563224e-08 -1.4819957876e-10
 6.0500701393e-08 6.0500701393e-08 -1.3756846720e-10
 6.0500839341e-08 6.0500839341e-08 -1.2777564252e-10
 6.0500984864e-08 6.0500984864e-08 -1.1824840168e-10
 6.0501178799e-08 6.0501178799e-08 -1.0670324466e-10
 6.0501497945e-08 6.0501497945e-08 -9.0199271971e-11
 6.0501848169e-08 6.0501848169e-08 -7.5094945068e-11
 6.0502235549e-08 6.0502235549e-08 -6.1376659200e-11
 6.0502673737e-08 6.0502673737e-08 -4.8898306488e-11
 6.0503176262e-08 6.0503176262e-08 -3.7711216999e-11
 6.0503772720e-08 6.0503772720e-08 -2.7732644930e-11
 6.0504506311e-08 6.0504506311e-08 -1.9029920906e-11
 6.0505447884e-08 6.0505447884e-08 -1.1765761196e-11
 6.0506727829e-08 6.0506727829e-08 -6.1566443496e-12
 6.0508623301e-08 6.0508623301e-08 -2.4045752636e-12
 6.0511824244e-08 6.0511824244e-08 -5.3726349791e-13
 6.0518226131e-08 6.0518226131e-08 -2.8042843970e-14
 6.0528173045e-08 6.0528173045e-08 1.5597274055e-13
 6.0539125915e-08 6.0539125915e-08 3.2394185202e-13
 6.0549685530e-08 6.0549685530e-08 4.8375462564e-13
 6.0562692759e-08 6.0562692759e-08 6.7750363931e-13
 6.0577816257e-08 6.0577816257e-08 8.9709540621e-13
 6.0586820485e-08 6.0586820485e-08 1.0232640993e-12
 6.0592858256e-08 6.0592858256e-08 1.1041622421e-12
 6.0599078306e-08 6.0599078306e-08 1.1809100404e-12
 6.0603977436e-08 6.0603977436e-08 1.2326349045e-12
 6.0607557346e-08 6.0607557346e-08 1.2637295439e-12
 6.0609716737e-08 6.0609716737e-08 1.2796524294e-12
 6.0611785357e-08 6.0611785357e-08 1.2930753000e-12
 6.0614071319e-08 6.0614071319e-08 1.3060929134e-12
 6.0617963827e-08 6.0617963827e-08 1.3247261060e-12
 6.0621264017e-08 6.0621264017e-08 1.3378327572e-12
 6.0624678075e-08 6.0624678075e-08 1.3494368648e-12
 6.0628140659e-08 6.0628140659e-08 1.3596233471e-12
 6.0631970709e-08 6.0631970709e-08 1.3694222412e-12
 6.0636905153e-08 6.0636905153e-08 1.3802498969e-12
 6.0643121261e-08 6.0643121261e-08 1.3916426023e-12
 6.0651212157e-08 6.0651212157e-08 1.4036148165e-12
 6.0660492884e-08 6.0660492884e-08 1.4143509538e-12
 6.0667436689e-08 6.0667436689e-08 1.4207402516e-12
 6.0675029260e-08 6.0675029260e-08 1.4264680307e-12
 6.0682925484e-08 6.0682925484e-08 1.4313055944e-12
 6.0691532532e-08 6.0691532532e-08 1.4355413303e-12
 6.0700943105e-08 6.0700943105e-08 1.4391936028e-12
 6.0711422296e-08 6.0711422296e-08 1.4423266279e-12
 6.0720725864e-08 6.0720725864e-08 1.4444602060e-12
 6.0738913189e-08 6.0738913189e-08 1.4474240694e-12
 6.0752186541e-08 6.0752186541e-08 1.4488354556e-12
 6.0764350406e-08 6.0764350406e-08 1.4497391946e-12
 6.0776478524e-08 6.0776478524e-08 1.4503810608e-12
 6.0787708231e-08 6.0787708231e-08 1.4508096869e-12
 6.0798282212e-08 6.0798282212e-08 1.4511074509e-12
 6.0808528188e-08 6.0808528188e-08 1.4513238586e-12
 6.0818515684e-08 6.0818515684e-08 1.4514837323e-12
 6.0826319405e-08 6.0826319405e-08 1.4515811591e-12
 6.0833615574e-08 6.0833615574e-08 1.4516551439e-12
 6.0840767084e-08 6.0840767084e-08 1.4517147908e-12
 6.0847928326e-08 6.0847928326e-08 1.4517641173e-12
 6.0855140445e-08 6.0855140445e-08 1.4518051564e-12
 6.0862439761e-08 6.0862439761e-08 1.4518394261e-12
 6.0869858089e-08 6.0869858089e-08 1.4518680920e-12
 6.0877442202e-08 6.0877442202e-08 1.4518921267e-12
 6.0885264334e-08 6.0885264334e-08 1.4519123519e-12
 6.0893453198e-08 6.0893453198e-08 1.4519294944e-12
 6.0902275595e-08 6.0902275595e-08 1.4519442600e-12
 6.0912457425e-08 6.0912457425e-08 1.4519575551e-12
 6.0921409918e-08 6.0921409918e-08 1.4519666017e-12
 6.0934446158e-08 6.0934446158e-08 1.4519765234e-12
 6.0945597775e-08 6.0945597775e-08 1.4519826588e-12
 6.0955751011e-08 6.0955751011e-08 1.4519868276e-12
 6.0964354829e-08 6.0964354829e-08 1.4519895486e-12
 6.0973655416e-08 6.0973655416e-08 1.4519918561e-12
 6.0984758639e-08 6.0984758639e-08 1.4519939610e-12
 6.0993043227e-08 6.0993043227e-08 1.4519951643e-12
 6.1000000000e-08 6.1000000000e-08 1.4519959822e-12
 6.1000640401e-08 6.1000640401e-08 1.4519960482e-12
 6.1001251775e-08 6.1001251775e-08 1.4519961107e-12
 6.1001853684e-08 6.1001853684e-08 1.4519961713e-12
 6.1002562801e-08 6.1002562801e-08 1.4519962415e-12
 6.1003184116e-08 6.1003184116e-08 1.4519963020e-12
 6.1003857811e-08 6.1003857811e-08 1.4519963665e-12
 6.1004668125e-08 6.1004668125e-08 1.4519964426e-12
 6.1005725547e-08 6.1005725547e-08 1.4519965395e-12
 6.1007266316e-08 6.1007266316e-08 1.4519966760e-12
 6.1009857079e-08 6.1009857079e-08 1.4519968937e-12
 6.1015038605e-08 6.1015038605e-08 1.4519972880e-12
 6.1024770915e-08 6.1024770915e-08 1.4519979029e-12
 6.1036385215e-08 6.1036385215e-08 1.4519984633e-12
 6.1046735234e-08 6.1046735234e-08 1.4519988368e-12
 6.1057695920e-08 6.1057695920e-08 1.4519991347e-12
 6.1069663408e-08 6.1069663408e-08 1.4519993745e-12
 6.1082381353e-08 6.1082381353e-08 1.4519995579e-12
 6.1096075250e-08 6.1096075250e-08 1.4519996967e-12
 6.1111003536e-08 6.1111003536e-08 1.4519997997e-12
 6.1126899195e-08 6.1126899195e-08 1.4519998719e-12
 6.1143809083e-08 6.1143809083e-08 1.4519999209e-12
 6.1162018377e-08 6.1162018377e-08 1.4519999533e-12
 6.1181868752e-08 6.1181868752e-08 1.4519999740e-12
 6.1203811173e-08 6.1203811173e-08 1.4519999866e-12
 6.1228457789e-08 6.1228457789e-08 1.4519999938e-12
 6.1256645547e-08 6.1256645547e-08 1.4519999975e-12
 6.1289559902e-08 6.1289559902e-08 1.4519999991e-12
 6.1328783748e-08 6.1328783748e-08 1.4519999996e-12
 6.1377886796e-08 6.1377886796e-08 1.4519999996e-12
 6.1443276456e-08 6.1443276456e-08 1.4519999994e-12
 6.1530485210e-08 6.1530485210e-08 1.4519999993e-12
 6.1624565155e-08 6.1624565155e-08 1.4519999993e-12
 6.1704758322e-08 6.1704758322e-08 1.4519999993e-12
 6.1769699427e-08 6.1769699427e-08 1.4519999993e-12
 6.1822451132e-08 6.1822451132e-08 1.4519999993e-12
 6.1865598825e-08 6.1865598825e-08 1.4519999993e-12
 6.1901927097e-08 6.1901927097e-08 1.4519999993e-12
 6.1952343081e-08 6.1952343081e-08 1.4519999993e-12
 6.1987856281e-08 6.1987856281e-08 1.4519999993e-12
 6.2022000624e-08 6.2022000624e-08 1.4519999993e-12
 6.2061535844e-08 6.2061535844e-08 1.4519999993e-12
 6.2104575067e-08 6.2104575067e-08 1.4519999993e-12
 6.2126712198e-08 6.2126712198e-08 1.4519999993e-12
 6.2146743765e-08 6.2146743765e-08 1.4519999993e-12
 6.2167685820e-08 6.2167685820e-08 1.4519999993e-12
 6.2187731542e-08 6.2187731542e-08 1.4519999993e-12
 6.2208046167e-08 6.2208046167e-08 1.4519999993e-12
 6.2229674644e-08 6.2229674644e-08 1.4519999993e-12
 6.2253181726e-08 6.2253181726e-08 1.4519999993e-12
 6.2280006146e-08 6.2280006146e-08 1.4519999993e-12
 6.2314854374e-08 6.2314854374e-08 1.4519999993e-12
 6.2353436670e-08 6.2353436670e-08 1.4519999993e-12
 6.2388497627e-08 6.2388497627e-08 1.4519999993e-12
 6.2431144585e-08 6.2431144585e-08 1.4519999993e-12
 6.2472518960e-08 6.2472518960e-08 1.4519999993e-12
 6.2508054767e-08 6.2508054767e-08 1.4519999993e-12
 6.2540978772e-08 6.2540978772e-08 1.4519999993e-12
 6.2572771127e-08 6.2572771127e-08 1.4519999993e-12
 6.2604663498e-08 6.2604663498e-08 1.4519999993e-12
 6.2637824683e-08 6.2637824683e-08 1.4519999993e-12
 6.2673074034e-08 6.2673074034e-08 1.4519999993e-12
 6.2711159550e-08 6.2711159550e-08 1.4519999993e-12
 6.2753047467e-08 6.2753047467e-08 1.4519999993e-12
 6.2800308937e-08 6.2800308937e-08 1.4519999993e-12
 6.2855650318e-08 6.2855650318e-08 1.4519999993e-12
 6.2923579162e-08 6.2923579162e-08 1.4519999993e-12
 6.2996019940e-08 6.2996019940e-08 1.4519999993e-12
 6.3023301529e-08 6.3023301529e-08 1.4519999993e-12
 6.3046728751e-08 6.3046728751e-08 1.4519999993e-12
 6.3069823316e-08 6.3069823316e-08 1.4519999993e-12
 6.3082680876e-08 6.3082680876e-08 1.4519999993e-12
 6.3094238268e-08 6.3094238268e-08 1.4519999993e-12
 6.3109477440e-08 6.3109477440e-08 1.4519999993e-12
 6.3121650739e-08 6.3121650739e-08 1.4519999993e-12
 6.3140640642e-08 6.3140640642e-08 1.4519999993e-12
 6.3159785170e-08 6.3159785170e-08 1.4519999993e-12
 6.3184987679e-08 6.3184987679e-08 1.4519999993e-12
 6.3217153720e-08 6.3217153720e-08 1.4519999993e-12
 6.3258033474e-08 6.3258033474e-08 1.4519999993e-12
 6.3309318092e-08 6.3309318092e-08 1.4519999993e-12
 6.3364357490e-08 6.3364357490e-08 1.4519999993e-12
 6.3426138360e-08 6.3426138360e-08 1.4519999993e-12
 6.3485545617e-08 6.3485545617e-08 1.4519999993e-12
 6.3542296287e-08 6.3542296287e-08 1.4519999993e-12
 6.3598705700e-08 6.3598705700e-08 1.4519999993e-12
 6.3655258221e-08 6.3655258221e-08 1.4519999993e-12
 6.3712285908e-08 6.3712285908e-08 1.4519999993e-12
 6.3770323720e-08 6.3770323720e-08 1.4519999993e-12
 6.3829750508e-08 6.3829750508e-08 1.4519999993e-12
 6.3890882904e-08 6.3890882904e-08 1.4519999993e-12
 6.3954073515e-08 6.3954073515e-08 1.4519999993e-12
 6.4019696493e-08 6.4019696493e-08 1.4519999993e-12
 6.4088152405e-08 6.4088152405e-08 1.4519999993e-12
 6.4159889539e-08 6.4159889539e-08 1.4519999993e-12
 6.4235419056e-08 6.4235419056e-08 1.4519999993e-12
 6.4315332766e-08 6.4315332766e-08 1.4519999993e-12
 6.4400328147e-08 6.4400328147e-08 1.4519999993e-12
 6.4491240527e-08 6.4491240527e-08 1.4519999993e-12
 6.4589085791e-08 6.4589085791e-08 1.4519999993e-12
 6.4695119403e-08 6.4695119403e-08 1.4519999993e-12
 6.4810919720e-08 6.4810919720e-08 1.4519999993e-12
 6.4938508648e-08 6.4938508648e-08 1.4519999993e-12
 6.5080531526e-08 6.5080531526e-08 1.4519999993e-12
 6.5240534098e-08 6.5240534098e-08 1.4519999993e-12
 6.5423405131e-08 6.5423405131e-08 1.4519999993e-12
 6.5636115404e-08 6.5636115404e-08 1.4519999993e-12
 6.5889018018e-08 6.5889018018e-08 1.4519999993e-12
 6.6198288335e-08 6.6198288335e-08 1.4519999993e-12
 6.6590888181e-08 6.6590888181e-08 1.4519999993e-12
 6.7115791279e-08 6.7115791279e-08 1.4519999993e-12
 6.7873353793e-08 6.7873353793e-08 1.4519999993e-12
 6.8873353793e-08 6.8873353793e-08 1.4519999993e-12
 6.9686676897e-08 6.9686676897e-08 1.4519999993e-12
 7.0500000000e-08 7.0500000000e-08 1.4519999993e-12
 7.0507812500e-08 7.0507812500e-08 1.9890062457e-06
 7.0515503314e-08 7.0515503314e-08 1.9890062604e-06
 7.0517190921e-08 7.0517190921e-08 1.9890062632e-06
 7.0518946839e-08 7.0518946839e-08 1.9890062659e-06
 7.0521165793e-08 7.0521165793e-08 1.9890062690e-06
 7.0524661320e-08 7.0524661320e-08 1.9890062735e-06
 7.0528227479e-08 7.0528227479e-08 1.9890062775e-06
 7.0533530850e-08 7.0533530850e-08 1.9890062828e-06
 7.0540621324e-08 7.0540621324e-08 1.9890062889e-06
 7.0550202511e-08 7.0550202511e-08 1.9890062960e-06
 7.0555588552e-08 7.0555588552e-08 1.9890062996e-06
 7.0562297118e-08 7.0562297118e-08 1.9890063038e-06
 7.0568160020e-08 7.0568160020e-08 1.9890063073e-06
 7.0574184135e-08 7.0574184135e-08 1.9890063109e-06
 7.0580028683e-08 7.0580028683e-08 1.9890063144e-06
 7.0585880934e-08 7.0585880934e-08 1.9890063180e-06
 7.0591698383e-08 7.0591698383e-08 1.9890063216e-06
 7.0597541371e-08 7.0597541371e-08 1.9890063254e-06
 7.0603439464e-08 7.0603439464e-08 1.9890063293e-06
 7.0609452104e-08 7.0609452104e-08 1.9890063335e-06
 7.0615604045e-08 7.0615604045e-08 1.9890063381e-06
 7.0621991029e-08 7.0621991029e-08 1.9890063431e-06
 7.0628730776e-08 7.0628730776e-08 1.9890063487e-06
 7.0635997566e-08 7.0635997566e-08 1.9890063551e-06
 7.0644038456e-08 7.0644038456e-08 1.9890063627e-06
 7.0653210164e-08 7.0653210164e-08 1.9890063721e-06
 7.0663999715e-08 7.0663999715e-08 1.9890063839e-06
 7.0673500206e-08 7.0673500206e-08 1.9890063950e-06
 7.0685575586e-08 7.0685575586e-08 1.9890064100e-06
 7.0696383723e-08 7.0696383723e-08 1.9890064240e-06
 7.0706064237e-08 7.0706064237e-08 1.9890064371e-06
 7.0725425266e-08 7.0725425266e-08 1.9890064645e-06
 7.0739044988e-08 7.0739044988e-08 1.9890064844e-06
 7.0749133234e-08 7.0749133234e-08 1.9890064996e-06
 7.0760440382e-08 7.0760440382e-08 1.9890065168e-06
 7.0775789628e-08 7.0775789628e-08 1.9890065406e-06
 7.0790342353e-08 7.0790342353e-08 1.9890065634e-06
 7.0804283614e-08 7.0804283614e-08 2.2723268002e-06
 7.0816075857e-08 7.0816075857e-08 3.0497419575e-06
 7.0824357279e-08 7.0824357279e-08 3.8920035172e-06
 7.0832381089e-08 7.0832381089e-08 4.9414160383e-06
 7.0840039202e-08 7.0840039202e-08 6.1573238679e-06
 7.0847710249e-08 7.0847710249e-08 7.5852522222e-06
 7.0855332508e-08 7.0855332508e-08 9.2123430523e-06
 7.0862960840e-08 7.0862960840e-08 1.1048651199e-05
 7.0870580864e-08 7.0870580864e-08 1.3090706147e-05
 7.0878341365e-08 7.0878341365e-08 1.5383892108e-05
 7.0886119073e-08 7.0886119073e-08 1.7898378403e-05
 7.0893788853e-08 7.0893788853e-08 2.0589989320e-05
 7.0901543947e-08 7.0901543947e-08 2.3525631129e-05
 7.0909150865e-08 7.0909150865e-08 2.6614335329e-05
 7.0916787235e-08 7.0916787235e-08 2.9923324112e-05
 7.0924402401e-08 7.0924402401e-08 3.3430942946e-05
 7.0932025528e-08 7.0932025528e-08 3.7150007449e-05
 7.0939647430e-08 7.0939647430e-08 4.1076198109e-05
 7.0947273859e-08 7.0947273859e-08 4.5212448979e-05
 7.0954904132e-08 7.0954904132e-08 4.9558510040e-05
 7.0962540529e-08 7.0962540529e-08 5.4115789437e-05
 7.0970184526e-08 7.0970184526e-08 5.8885340548e-05
 7.0977838542e-08 7.0977838542e-08 6.3868886173e-05
 7.0988919271e-08 7.0988919271e-08 7.1450509163e-05
 7.0994459636e-08 7.0994459636e-08 7.5403396168e-05
 7.1000000000e-08 7.1000000000e-08 7.9463801096e-05
 7.1000196680e-08 7.1000196680e-08 7.7473954108e-05
 7.1000408616e-08 7.1000408616e-08 7.7473079516e-05
 7.1000693431e-08 7.1000693431e-08 7.7471950975e-05
 7.1000897760e-08 7.1000897760e-08 7.7471165858e-05
 7.1001121318e-08 7.1001121318e-08 7.7470323412e-05
 7.1001392177e-08 7.1001392177e-08 7.7469319906e-05
 7.1001705916e-08 7.1001705916e-08 7.7468175044e-05
 7.1002051593e-08 7.1002051593e-08 7.7466929084e-05
 7.1002430669e-08 7.1002430669e-08 7.7465574926e-05
 7.1002849502e-08 7.1002849502e-08 7.7464087338e-05
 7.1003318442e-08 7.1003318442e-08 7.7462426616e-05
 7.1003852407e-08 7.1003852407e-08 7.7460536356e-05
 7.1004471729e-08 7.1004471729e-08 7.7458339894e-05
 7.1005205508e-08 7.1005205508e-08 7.7455727347e-05
 7.1006098100e-08 7.1006098100e-08 7.7452530528e-05
 7.1007222058e-08 7.1007222058e-08 7.7448472309e-05
 7.1008706780e-08 7.1008706780e-08 7.7443052969e-05
 7.1010811608e-08 7.1010811608e-08 7.7435254552e-05
 7.1014160199e-08 7.1014160199e-08 7.7422569522e-05
 7.1020857383e-08 7.1020857383e-08 7.7396195789e-05
 7.1034251749e-08 7.1034251749e-08 7.7339738342e-05
 7.1045014035e-08 7.1045014035e-08 7.7291346279e-05
 7.1055217410e-08 7.1055217410e-08 7.7243561048e-05
 7.1066070346e-08 7.1066070346e-08 7.7191237172e-05
 7.1076821924e-08 7.1076821924e-08 7.7138318089e-05
 7.1087365695e-08 7.1087365695e-08 7.7085680988e-05
 7.1097861723e-08 7.1097861723e-08 7.7032752153e-05
 7.1108281742e-08 7.1108281742e-08 7.6979805933e-05
 7.1118590852e-08 7.1118590852e-08 7.6927101809e-05
 7.1128798105e-08 7.1128798105e-08 7.6874641011e-05
 7.1138906826e-08 7.1138906826e-08 7.6822425396e-05
 7.1148915954e-08 7.1148915954e-08 7.6770494933e-05
 7.1158830649e-08 7.1158830649e-08 7.6718790862e-05
 7.1170023430e-08 7.1170023430e-08 7.6660142172e-05
 7.1180149093e-08 7.1180149093e-08 7.6606838558e-05
 7.1189866336e-08 7.1189866336e-08 7.6555467759e-05
 7.1200928830e-08 7.1200928830e-08 7.6496732514e-05
 7.1211039146e-08 7.1211039146e-08 7.6442825867e-05
 7.1220822263e-08 7.1220822263e-08 7.6390466773e-05
 7.1232519929e-08 7.1232519929e-08 7.6327619974e-05
 7.1243144843e-08 7.1243144843e-08 7.6270322019e-05
 7.1253589391e-08 7.1253589391e-08 7.6213809507e-05
 7.1264631798e-08 7.1264631798e-08 7.6153872165e-05
 7.1276165546e-08 7.1276165546e-08 7.6091071844e-05
 7.1288341805e-08 7.1288341805e-08 7.6024569168e-05
 7.1301490763e-08 7.1301490763e-08 7.5952533645e-05
 7.1315934113e-08 7.1315934113e-08 7.5873160702e-05
 7.1332091360e-08 7.1332091360e-08 7.5784085019e-05
 7.1342831290e-08 7.1342831290e-08 7.5639058496e-05
 7.1348906318e-08 7.1348906318e-08 7.5227564760e-05
 7.1354506043e-08 7.1354506043e-08 7.4585814855e-05
 7.1359781410e-08 7.1359781410e-08 7.3758005325e-05
 7.1365165865e-08 7.1365165865e-08 7.2699455858e-05
 7.1370670256e-08 7.1370670256e-08 7.1406950604e-05
 7.1376403673e-08 7.1376403673e-08 6.9851063416e-05
 7.1382432909e-08 7.1382432909e-08 6.8005571943e-05
 7.1388875744e-08 7.1388875744e-08 6.5824226611e-05
 7.1395903632e-08 7.1395903632e-08 6.3235647560e-05
 7.1403827161e-08 7.1403827161e-08 6.0108301580e-05
 7.1413328767e-08 7.1413328767e-08 5.6150222919e-05
 7.1432331979e-08 7.1432331979e-08 4.7937610322e-05
 7.1445756481e-08 7.1445756481e-08 4.2193823239e-05
 7.1461394445e-08 7.1461394445e-08 3.5840099376e-05
 7.1473782237e-08 7.1473782237e-08 3.1191309506e-05
 7.1483445035e-08 7.1483445035e-08 2.7846928702e-05
 7.1492478777e-08 7.1492478777e-08 2.4957003677e-05
 7.1501259975e-08 7.1501259975e-08 2.2369501811e-05
 7.1510070686e-08 7.1510070686e-08 1.9990034706e-05
 7.1519001498e-08 7.1519001498e-08 1.7792983780e-05
 7.1528147296e-08 7.1528147296e-08 1.5757147028e-05
 7.1537579637e-08 7.1537579637e-08 1.3871243457e-05
 7.1547376847e-08 7.1547376847e-08 1.2125882967e-05
 7.1557621336e-08 7.1557621336e-08 1.0514184528e-05
 7.1566867605e-08 7.1566867605e-08 9.2309331761e-06
 7.1578371839e-08 7.1578371839e-08 7.8359509890e-06
 7.1588723137e-08 7.1588723137e-08 6.7521715369e-06
 7.1598919417e-08 7.1598919417e-08 5.8250161666e-06
 7.1609816649e-08 7.1609816649e-08 4.9688756032e-06
 7.1621291168e-08 7.1621291168e-08 4.1982117164e-06
 7.1633426075e-08 7.1633426075e-08 3.5087930704e-06
 7.1646443248e-08 7.1646443248e-08 2.8910815887e-06
 7.1660499750e-08 7.1660499750e-08 2.3424725571e-06
 7.1675778486e-08 7.1675778486e-08 1.8607846813e-06
 7.1692532277e-08 7.1692532277e-08 1.4431044844e-06
 7.1711081505e-08 7.1711081505e-08 1.0866586170e-06
 7.1731845274e-08 7.1731845274e-08 7.8856660288e-07
 7.1755394839e-08 7.1755394839e-08 5.4560557214e-07
 7.1782530560e-08 7.1782530560e-08 3.5413932109e-07
 7.1814414837e-08 7.1814414837e-08 2.0999025505e-07
 7.1852815071e-08 7.1852815071e-08 1.0827123905e-07
 7.1878955023e-08 7.1878955023e-08 6.9024087316e-08
 7.1902151124e-08 7.1902151124e-08 4.6801349754e-08
 7.1929754379e-08 7.1929754379e-08 2.9554989692e-08
 7.1964877190e-08 7.1964877190e-08 1.6201292660e-08
 7.2000000000e-08 7.2000000000e-08 8.6940072830e-09
 7.2000947457e-08 7.2000947457e-08 8.5720494996e-09
 7.2001910889e-08 7.2001910889e-08 8.4492636537e-09
 7.2002924549e-08 7.2002924549e-08 8.3217731623e-09
 7.2003669756e-08 7.2003669756e-08 8.2292233098e-09
 7.2004287576e-08 7.2004287576e-08 8.1532633257e-09
 7.2004954838e-08 7.2004954838e-08 8.0720083111e-09
 7.2005741621e-08 7.2005741621e-08 7.9772365590e-09
 7.2006785605e-08 7.2006785605e-08 7.8531965870e-09
 7.2008311045e-08 7.2008311045e-08 7.6754035765e-09
 7.2010805379e-08 7.2010805379e-08 7.3932716596e-09
 7.2015794048e-08 7.2015794048e-08 6.8593964260e-09
 7.2025771386e-08 7.2025771386e-08 5.9020132900e-09
 7.2041919114e-08 7.2041919114e-08 4.6184733120e-09
 7.2074214570e-08 7.2074214570e-08 2.7827612697e-09
 7.2105169059e-08 7.2105169059e-08 1.6809141393e-09
 7.2127665129e-08 7.2127665129e-08 1.1669614548e-09
 7.2149893563e-08 7.2149893563e-08 8.1686226377e-10
 7.2173107738e-08 7.2173107738e-08 5.6381382945e-10
 7.2196484765e-08 7.2196484765e-08 3.8852766173e-10
 7.2220780916e-08 7.2220780916e-08 2.6393528326e-10
 7.2246668566e-08 7.2246668566e-08 1.7469590066e-10
 7.2274573721e-08 7.2274573721e-08 1.1179000945e-10
 7.2305265539e-08 7.2305265539e-08 6.8239008372e-11
 7.2340069864e-08 7.2340069864e-08 3.8831992593e-11
 7.2381552774e-08 7.2381552774e-08 1.9699341869e-11
 7.2437293285e-08 7.2437293285e-08 7.7435881076e-12
 7.2461863864e-08 7.2461863864e-08 5.7095340238e-12
 7.2482477587e-08 7.2482477587e-08 4.7726023543e-12
 7.2503618652e-08 7.2503618652e-08 4.1763934933e-12
 7.2530279251e-08 7.2530279251e-08 3.6971735461e-12
 7.2569313408e-08 7.2569313408e-08 3.2862801947e-12
 7.2610718337e-08 7.2610718337e-08 3.0630384327e-12
 7.2651632137e-08 7.2651632137e-08 2.9578505781e-12
 7.2692751746e-08 7.2692751746e-08 2.9101517954e-12
 7.2733651521e-08 7.2733651521e-08 2.8901902338e-12
 7.2774172826e-08 7.2774172826e-08 2.8825736275e-12
 7.2814556338e-08 7.2814556338e-08 2.8800334975e-12
 7.2854908615e-08 7.2854908615e-08 2.8794219848e-12
 7.2895172046e-08 7.2895172046e-08 2.8794436882e-12
 7.2935114474e-08 7.2935114474e-08 2.8796084341e-12
 7.2974222903e-08 7.2974222903e-08 2.8797577514e-12
 7.3011775180e-08 7.3011775180e-08 2.8798589358e-12
 7.3047483661e-08 7.3047483661e-08 2.8799199272e-12
 7.3071718086e-08 7.3071718086e-08 2.8799462464e-12
 7.3093899482e-08 7.3093899482e-08 2.8799627824e-12
 7.3120898800e-08 7.3120898800e-08 2.8799765319e-12
 7.3156635507e-08 7.3156635507e-08 2.8799878771e-12
 7.3197885384e-08 7.3197885384e-08 2.8799951719e-12
 7.3240109562e-08 7.3240109562e-08 2.8799989665e-12
 7.3263068704e-08 7.3263068704e-08 2.8800000247e-12
 7.3276907770e-08 7.3276907770e-08 2.8800004389e-12
 7.3290450655e-08 7.3290450655e-08 2.8800006777e-12
 7.3302326370e-08 7.3302326370e-08 2.8800008858e-12
 7.3313177303e-08 7.3313177303e-08 2.8800009398e-12
 7.3323967046e-08 7.3323967046e-08 2.8800011897e-12
 7.3334790850e-08 7.3334790850e-08 2.8800012011e-12
 7.3345697261e-08 7.3345697261e-08 2.8800012461e-12
 7.3356827584e-08 7.3356827584e-08 2.8800013204e-12
 7.3368265803e-08 7.3368265803e-08 2.8800013091e-12
 7.3380080059e-08 7.3380080059e-08 2.8800015033e-12
 7.3392365073e-08 7.3392365073e-08 2.8800014179e-12
 7.3405244589e-08 7.3405244589e-08 2.8800015577e-12
 7.3418895352e-08 7.3418895352e-08 2.8800017071e-12
 7.3433607547e-08 7.3433607547e-08 2.8800018161e-12
 7.3449937115e-08 7.3449937115e-08 2.8800017179e-12
 7.3469285394e-08 7.3469285394e-08 2.8800018032e-12
 7.3499363515e-08 7.3499363515e-08 2.8800018503e-12
 7.3516295885e-08 7.3516295885e-08 2.8800017814e-12
 7.3532040528e-08 7.3532040528e-08 2.8800016916e-12
 7.3546884604e-08 7.3546884604e-08 2.8800017334e-12
 7.3559742420e-08 7.3559742420e-08 2.8800016277e-12
 7.3571796109e-08 7.3571796109e-08 2.8800016202e-12
 7.3583603411e-08 7.3583603411e-08 2.8800016227e-12
 7.3595257957e-08 7.3595257957e-08 2.8800016160e-12
 7.3606947332e-08 7.3606947332e-08 2.8800017644e-12
 7.3618842669e-08 7.3618842669e-08 2.8800016080e-12
 7.3631059667e-08 7.3631059667e-08 2.8800017110e-12
 7.3643716713e-08 7.3643716713e-08 2.8800017220e-12
 7.3656944612e-08 7.3656944612e-08 2.8800017028e-12
 7.3670883363e-08 7.3670883363e-08 2.8800017560e-12
 7.3685691391e-08 7.3685691391e-08 2.8800017777e-12
 7.3701559848e-08 7.3701559848e-08 2.8800017279e-12
 7.3718805505e-08 7.3718805505e-08 2.8800018218e-12
 7.3737926337e-08 7.3737926337e-08 2.8800017412e-12
 7.3758490134e-08 7.3758490134e-08 2.8800018474e-12
 7.3781589252e-08 7.3781589252e-08 2.8800018404e-12
 7.3808123093e-08 7.3808123093e-08 2.8800017887e-12
 7.3839127961e-08 7.3839127961e-08 2.8800017108e-12
 7.3876642055e-08 7.3876642055e-08 2.8800017621e-12
 7.3924756946e-08 7.3924756946e-08 2.8800018137e-12
 7.3935206707e-08 7.3935206707e-08 2.8800017759e-12
 7.3946503002e-08 7.3946503002e-08 2.8800018295e-12
 7.3952808583e-08 7.3952808583e-08 2.8800017623e-12
 7.3959555885e-08 7.3959555885e-08 2.8800017502e-12
 7.3965877225e-08 7.3965877225e-08 2.8800018694e-12
 7.3972545440e-08 7.3972545440e-08 2.8800017479e-12
 7.3979463026e-08 7.3979463026e-08 2.8800018736e-12
 7.3986862234e-08 7.3986862234e-08 2.8800018101e-12
 7.3994906336e-08 7.3994906336e-08 2.8800017990e-12
 7.4003958816e-08 7.4003958816e-08 2.8800017272e-12
 7.4014766765e-08 7.4014766765e-08 2.8800017260e-12
 7.4024255502e-08 7.4024255502e-08 2.8800017681e-12
 7.4043232974e-08 7.4043232974e-08 2.8800016928e-12
 7.4065562280e-08 7.4065562280e-08 2.8800016580e-12
 7.4082108898e-08 7.4082108898e-08 2.8800016127e-12
 7.4094444779e-08 7.4094444779e-08 2.8800016759e-12
 7.4105336296e-08 7.4105336296e-08 2.8800017811e-12
 7.4115453207e-08 7.4115453207e-08 2.8800017408e-12
 7.4125081071e-08 7.4125081071e-08 2.8800018700e-12
 7.4136068052e-08 7.4136068052e-08 2.8800018711e-12
 7.4146013704e-08 7.4146013704e-08 2.8800018048e-12
 7.4157861759e-08 7.4157861759e-08 2.8800018609e-12
 7.4168556930e-08 7.4168556930e-08 2.8800018355e-12
 7.4179017519e-08 7.4179017519e-08 2.8800016282e-12
 7.4190017301e-08 7.4190017301e-08 2.8800016512e-12
 7.4201451156e-08 7.4201451156e-08 2.8800017431e-12
 7.4213389349e-08 7.4213389349e-08 2.8800015964e-12
 7.4226012837e-08 7.4226012837e-08 2.8800016179e-12
 7.4239435531e-08 7.4239435531e-08 2.8800016634e-12
 7.4253779934e-08 7.4253779934e-08 2.8800017279e-12
 7.4269208017e-08 7.4269208017e-08 2.8800017519e-12
 7.4285908944e-08 7.4285908944e-08 2.8800018261e-12
 7.4304108641e-08 7.4304108641e-08 2.8800017388e-12
 7.4324085717e-08 7.4324085717e-08 2.8800016592e-12
 7.4346185086e-08 7.4346185086e-08 2.8800017727e-12
 7.4370836116e-08 7.4370836116e-08 2.8800018051e-12
 7.4398576292e-08 7.4398576292e-08 2.8800018418e-12
 7.4430078184e-08 7.4430078184e-08 2.8800018667e-12
 7.4466176070e-08 7.4466176070e-08 2.8800017628e-12
 7.4507881935e-08 7.4507881935e-08 2.8800017412e-12
 7.4556368835e-08 7.4556368835e-08 2.8800018133e-12
 7.4612888577e-08 7.4612888577e-08 2.8800017805e-12
 7.4678601445e-08 7.4678601445e-08 2.8800017789e-12
 7.4754364095e-08 7.4754364095e-08 2.8800017892e-12
 7.4840628824e-08 7.4840628824e-08 2.8800018261e-12
 7.4937603864e-08 7.4937603864e-08 2.8800018122e-12
 7.5045625815e-08 7.5045625815e-08 2.8800017983e-12
 7.5165539615e-08 7.5165539615e-08 2.8800018386e-12
 7.5298970205e-08 7.5298970205e-08 2.8800018552e-12
 7.5448535715e-08 7.5448535715e-08 2.8800018282e-12
 7.5618122715e-08 7.5618122715e-08 2.8800018290e-12
 7.5813364249e-08 7.5813364249e-08 2.8800018324e-12
 7.6042522768e-08 7.6042522768e-08 2.8800018036e-12
 7.6318157564e-08 7.6318157564e-08 2.8800018374e-12
 7.6660417560e-08 7.6660417560e-08 2.8800018091e-12
 7.7104073077e-08 7.7104073077e-08 2.8800018211e-12
 7.7715392587e-08 7.7715392587e-08 2.8800018154e-12
 7.8640261564e-08 7.8640261564e-08 2.8800018269e-12
 7.9320130782e-08 7.9320130782e-08 2.8800018311e-12
 8.0000000000e-08 8.0000000000e-08 2.8800018150e-12
 8.0003377463e-08 8.0003377463e-08 -3.6249969900e-06
 8.0006011728e-08 8.0006011728e-08 -4.8022407164e-06
 8.0006853864e-08 8.0006853864e-08 -5.1617628550e-06
 8.0007824047e-08 8.0007824047e-08 -5.5671658217e-06
 8.0008730870e-08 8.0008730870e-08 -5.9382314953e-06
 8.0009744767e-08 8.0009744767e-08 -6.3445152797e-06
 8.0011183720e-08 8.0011183720e-08 -6.9059791284e-06
 8.0013707470e-08 8.0013707470e-08 -7.8491220349e-06
 8.0018754969e-08 8.0018754969e-08 -9.5855908695e-06
 8.0024846487e-08 8.0024846487e-08 -1.1436406915e-05
 8.0030541332e-08 8.0030541332e-08 -1.2946828466e-05
 8.0036692266e-08 8.0036692266e-08 -1.4364668824e-05
 8.0043105046e-08 8.0043105046e-08 -1.5632251400e-05
 8.0049945778e-08 8.0049945778e-08 -1.6774410588e-05
 8.0057218608e-08 8.0057218608e-08 -1.7779062459e-05
 8.0064991455e-08 8.0064991455e-08 -1.8643259880e-05
 8.0073307568e-08 8.0073307568e-08 -1.9358459921e-05
 8.0082218974e-08 8.0082218974e-08 -1.9915566316e-05
 8.0091766514e-08 8.0091766514e-08 -2.0303261895e-05
 8.0101977055e-08 8.0101977055e-08 -2.0508795799e-05
 8.0111179833e-08 8.0111179833e-08 -2.0529272068e-05
 8.0122791274e-08 8.0122791274e-08 -2.0357230008e-05
 8.0133275783e-08 8.0133275783e-08 -2.0027645070e-05
 8.0143524706e-08 8.0143524706e-08 -1.9556036883e-05
 8.0154266970e-08 8.0154266970e-08 -1.8910337246e-05
 8.0165203422e-08 8.0165203422e-08 -1.8097277962e-05
 8.0176220733e-08 8.0176220733e-08 -1.7119482490e-05
 8.0187308750e-08 8.0187308750e-08 -1.5971739420e-05
 8.0198369518e-08 8.0198369518e-08 -1.4657895665e-05
 8.0209310264e-08 8.0209310264e-08 -1.3186728840e-05
 8.0220107013e-08 8.0220107013e-08 -1.1785911503e-05
 8.0231271848e-08 8.0231271848e-08 -1.0542750020e-05
 8.0240206456e-08 8.0240206456e-08 -9.6824610392e-06
 8.0258075673e-08 8.0258075673e-08 -8.2723729611e-06
 8.0270939880e-08 8.0270939880e-08 -7.4861353577e-06
 8.0282018047e-08 8.0282018047e-08 -6.9474429699e-06
 8.0293395482e-08 8.0293395482e-08 -6.5180064044e-06
 8.0304849951e-08 8.0304849951e-08 -6.2070232505e-06
 8.0315404077e-08 8.0315404077e-08 -6.0283075115e-06
 8.0325386568e-08 8.0325386568e-08 -5.9617492721e-06
 8.0337619502e-08 8.0337619502e-08 -6.0520010636e-06
 8.0348900310e-08 8.0348900310e-08 -6.4246448291e-06
 8.0358195061e-08 8.0358195061e-08 -7.1951674114e-06
 8.0362249436e-08 8.0362249436e-08 -7.7915777904e-06
 8.0370358186e-08 8.0370358186e-08 -9.8033024157e-06
 8.0373059994e-08 8.0373059994e-08 -1.0827285876e-05
 8.0378463609e-08 8.0378463609e-08 -1.3551012188e-05
 8.0380998480e-08 8.0380998480e-08 -1.5174521667e-05
 8.0386068223e-08 8.0386068223e-08 -1.9007076109e-05
 8.0390661784e-08 8.0390661784e-08 -2.2900301216e-05
 8.0399848906e-08 8.0399848906e-08 -2.9866667327e-05
 8.0401852908e-08 8.0401852908e-08 -3.0929718870e-05
 8.0405860912e-08 8.0405860912e-08 -3.2314084715e-05
 8.0413876920e-08 8.0413876920e-08 -3.2106715616e-05
 8.0415849595e-08 8.0415849595e-08 -3.1463085767e-05
 8.0419794944e-08 8.0419794944e-08 -2.9623813588e-05
 8.0427685644e-08 8.0427685644e-08 -2.4416649769e-05
 8.0431581461e-08 8.0431581461e-08 -2.1432017542e-05
 8.0439373094e-08 8.0439373094e-08 -1.5385495017e-05
 8.0443289171e-08 8.0443289171e-08 -1.2524229724e-05
 8.0451121323e-08 8.0451121323e-08 -7.6682631800e-06
 8.0453767452e-08 8.0453767452e-08 -6.3970165398e-06
 8.0459059710e-08 8.0459059710e-08 -4.4334681425e-06
 8.0461412396e-08 8.0461412396e-08 -3.8010975414e-06
 8.0462202776e-08 8.0462202776e-08 -3.6189014458e-06
 8.0462871046e-08 8.0462871046e-08 -3.4759344734e-06
 8.0463436496e-08 8.0463436496e-08 -3.3625819064e-06
 8.0464095598e-08 8.0464095598e-08 -3.2389343867e-06
 8.0464894621e-08 8.0464894621e-08 -3.1007650903e-06
 8.0465776052e-08 8.0465776052e-08 -2.9624930001e-06
 8.0466822658e-08 8.0466822658e-08 -2.8163476279e-06
 8.0468138884e-08 8.0468138884e-08 -2.6580600919e-06
 8.0469926904e-08 8.0469926904e-08 -2.4833463537e-06
 8.0472652428e-08 8.0472652428e-08 -2.2907742884e-06
 8.0477785031e-08 8.0477785031e-08 -2.0957435838e-06
 8.0483608679e-08 8.0483608679e-08 -2.0164180151e-06
 8.0491804340e-08 8.0491804340e-08 -1.9918911263e-06
 8.0500000000e-08 8.0500000000e-08 -1.9892072999e-06
 8.0500287956e-08 8.0500287956e-08 -1.7187609721e-10
 8.0500563569e-08 8.0500563569e-08 -1.4816947611e-10
 8.0500701784e-08 8.0500701784e-08 -1.3753732515e-10
 8.0500839778e-08 8.0500839778e-08 -1.2774366868e-10
 8.0500985364e-08 8.0500985364e-08 -1.1821496591e-10
 8.0501179416e-08 8.0501179416e-08 -1.0666665025e-10
 8.0501498620e-08 8.0501498620e-08 -9.0165788165e-11
 8.0501848915e-08 8.0501848915e-08 -7.5064371043e-11
 8.0502236390e-08 8.0502236390e-08 -6.1348762071e-11
 8.0502674695e-08 8.0502674695e-08 -4.8873200962e-11
 8.0503177376e-08 8.0503177376e-08 -3.7688876405e-11
 8.0503774049e-08 8.0503774049e-08 -2.7713191825e-11
 8.0504507954e-08 8.0504507954e-08 -1.9013577037e-11
 8.0505450013e-08 8.0505450013e-08 -1.1752814442e-11
 8.0506730784e-08 8.0506730784e-08 -6.1473987648e-12
 8.0508627873e-08 8.0508627873e-08 -2.3991761799e-12
 8.0511832499e-08 8.0511832499e-08 -5.3528370484e-13
 8.0518241751e-08 8.0518241751e-08 -2.7401864432e-14
 8.0528192049e-08 8.0528192049e-08 1.5626672973e-13
 8.0539146175e-08 8.0539146175e-08 3.2425098010e-13
 8.0549710085e-08 8.0549710085e-08 4.8412425431e-13
 8.0562725084e-08 8.0562725084e-08 6.7798075287e-13
 8.0577847551e-08 8.0577847551e-08 8.9754165775e-13
 8.0586841274e-08 8.0586841274e-08 1.0235492730e-12
 8.0592874777e-08 8.0592874777e-08 1.1043771095e-12
 8.0599087716e-08 8.0599087716e-08 1.1810187081e-12
 8.0603982031e-08 8.0603982031e-08 1.2326794125e-12
 8.0607562184e-08 8.0607562184e-08 1.2637681377e-12
 8.0609723368e-08 8.0609723368e-08 1.2796986640e-12
 8.0611792316e-08 8.0611792316e-08 1.2931180540e-12
 8.0614079982e-08 8.0614079982e-08 1.3061393210e-12
 8.0617967862e-08 8.0617967862e-08 1.3247437000e-12
 8.0621268917e-08 8.0621268917e-08 1.3378509005e-12
 8.0624684617e-08 8.0624684617e-08 1.3494576684e-12
 8.0628149299e-08 8.0628149299e-08 1.3596472283e-12
 8.0631981788e-08 8.0631981788e-08 1.3694488120e-12
 8.0636916302e-08 8.0636916302e-08 1.3802725180e-12
 8.0643133182e-08 8.0643133182e-08 1.3916624865e-12
 8.0651223515e-08 8.0651223515e-08 1.4036297282e-12
 8.0660510199e-08 8.0660510199e-08 1.4143685362e-12
 8.0667454538e-08 8.0667454538e-08 1.4207552650e-12
 8.0675048844e-08 8.0675048844e-08 1.4264814614e-12
 8.0682946515e-08 8.0682946515e-08 1.4313172806e-12
 8.0691555546e-08 8.0691555546e-08 1.4355515095e-12
 8.0700968490e-08 8.0700968490e-08 1.4392023600e-12
 8.0711450744e-08 8.0711450744e-08 1.4423340738e-12
 8.0720756973e-08 8.0720756973e-08 1.4444665775e-12
 8.0738946860e-08 8.0738946860e-08 1.4474283163e-12
 8.0752224262e-08 8.0752224262e-08 1.4488387928e-12
 8.0764387285e-08 8.0764387285e-08 1.4497415436e-12
 8.0776513468e-08 8.0776513468e-08 1.4503826592e-12
 8.0787741963e-08 8.0787741963e-08 1.4508108211e-12
 8.0798314886e-08 8.0798314886e-08 1.4511082740e-12
 8.0808559981e-08 8.0808559981e-08 1.4513244647e-12
 8.0818546904e-08 8.0818546904e-08 1.4514841864e-12
 8.0826342946e-08 8.0826342946e-08 1.4515814392e-12
 8.0833640182e-08 8.0833640182e-08 1.4516553836e-12
 8.0840790800e-08 8.0840790800e-08 1.4517149819e-12
 8.0847952487e-08 8.0847952487e-08 1.4517642781e-12
 8.0855164710e-08 8.0855164710e-08 1.4518052897e-12
 8.0862464424e-08 8.0862464424e-08 1.4518395376e-12
 8.0869883197e-08 8.0869883197e-08 1.4518681852e-12
 8.0877467977e-08 8.0877467977e-08 1.4518922049e-12
 8.0885291076e-08 8.0885291076e-08 1.4519124178e-12
 8.0893481501e-08 8.0893481501e-08 1.4519295504e-12
 8.0902306798e-08 8.0902306798e-08 1.4519443087e-12
 8.0912495842e-08 8.0912495842e-08 1.4519576007e-12
 8.0921453608e-08 8.0921453608e-08 1.4519666425e-12
 8.0934484463e-08 8.0934484463e-08 1.4519765488e-12
 8.0945635590e-08 8.0945635590e-08 1.4519826773e-12
 8.0955778207e-08 8.0955778207e-08 1.4519868377e-12
 8.0964376472e-08 8.0964376472e-08 1.4519895550e-12
 8.0973674492e-08 8.0973674492e-08 1.4519918605e-12
 8.0984787482e-08 8.0984787482e-08 1.4519939659e-12
 8.0993074320e-08 8.0993074320e-08 1.4519951685e-12
 8.1000000000e-08 8.1000000000e-08 1.4519959822e-12
 8.1000639313e-08 8.1000639313e-08 1.4519960482e-12
 8.1001249799e-08 8.1001249799e-08 1.4519961106e-12
 8.1001850406e-08 8.1001850406e-08 1.4519961710e-12
 8.1002558172e-08 8.1002558172e-08 1.4519962412e-12
 8.1003178990e-08 8.1003178990e-08 1.4519963016e-12
 8.1003852024e-08 8.1003852024e-08 1.4519963660e-12
 8.1004661365e-08 8.1004661365e-08 1.4519964421e-12
 8.1005717006e-08 8.1005717006e-08 1.4519965388e-12
 8.1007253781e-08 8.1007253781e-08 1.4519966750e-12
 8.1009833208e-08 8.1009833208e-08 1.4519968918e-12
 8.1014992063e-08 8.1014992063e-08 1.4519972847e-12
 8.1024729463e-08 8.1024729463e-08 1.4519979007e-12
 8.1036336247e-08 8.1036336247e-08 1.4519984613e-12
 8.1046679052e-08 8.1046679052e-08 1.4519988351e-12
 8.1057636109e-08 8.1057636109e-08 1.4519991333e-12
 8.1069599070e-08 8.1069599070e-08 1.4519993734e-12
 8.1082311527e-08 8.1082311527e-08 1.4519995571e-12
 8.1095999486e-08 8.1095999486e-08 1.4519996960e-12
 8.1110920807e-08 8.1110920807e-08 1.4519997992e-12
 8.1126811125e-08 8.1126811125e-08 1.4519998716e-12
 8.1143714903e-08 8.1143714903e-08 1.4519999206e-12
 8.1161916285e-08 8.1161916285e-08 1.4519999531e-12
 8.1181756706e-08 8.1181756706e-08 1.4519999739e-12
 8.1203686397e-08 8.1203686397e-08 1.4519999866e-12
 8.1228316458e-08 8.1228316458e-08 1.4519999938e-12
 8.1256482351e-08 8.1256482351e-08 1.4519999975e-12
 8.1289367271e-08 8.1289367271e-08 1.4519999991e-12
 8.1328552029e-08 8.1328552029e-08 1.4519999996e-12
 8.1377581455e-08 8.1377581455e-08 1.4519999996e-12
 8.1442877791e-08 8.1442877791e-08 1.4519999994e-12
 8.1529929266e-08 8.1529929266e-08 1.4519999993e-12
 8.1624059450e-08 8.1624059450e-08 1.4519999993e-12
 8.1704348976e-08 8.1704348976e-08 1.4519999993e-12
 8.1769365638e-08 8.1769365638e-08 1.4519999993e-12
 8.1822179213e-08 8.1822179213e-08 1.4519999993e-12
 8.1865374532e-08 8.1865374532e-08 1.4519999993e-12
 8.1901717028e-08 8.1901717028e-08 1.4519999993e-12
 8.1937304926e-08 8.1937304926e-08 1.4519999993e-12
 8.1969184685e-08 8.1969184685e-08 1.4519999993e-12
 8.2002152855e-08 8.2002152855e-08 1.4519999993e-12
 8.2038411161e-08 8.2038411161e-08 1.4519999993e-12
 8.2078163154e-08 8.2078163154e-08 1.4519999993e-12
 8.2104310852e-08 8.2104310852e-08 1.4519999993e-12
 8.2129513026e-08 8.2129513026e-08 1.4519999993e-12
 8.2150681912e-08 8.2150681912e-08 1.4519999993e-12
 8.2170351396e-08 8.2170351396e-08 1.4519999993e-12
 8.2190409103e-08 8.2190409103e-08 1.4519999993e-12
 8.2211066462e-08 8.2211066462e-08 1.4519999993e-12
 8.2232831582e-08 8.2232831582e-08 1.4519999993e-12
 8.2256656724e-08 8.2256656724e-08 1.4519999993e-12
 8.2284206816e-08 8.2284206816e-08 1.4519999993e-12
 8.2321373591e-08 8.2321373591e-08 1.4519999993e-12
 8.2360207630e-08 8.2360207630e-08 1.4519999993e-12
 8.2394956144e-08 8.2394956144e-08 1.4519999993e-12
 8.2438316622e-08 8.2438316622e-08 1.4519999993e-12
 8.2477341070e-08 8.2477341070e-08 1.4519999993e-12
 8.2512082169e-08 8.2512082169e-08 1.4519999993e-12
 8.2544759747e-08 8.2544759747e-08 1.4519999993e-12
 8.2576364518e-08 8.2576364518e-08 1.4519999993e-12
 8.2608288233e-08 8.2608288233e-08 1.4519999993e-12
 8.2641639133e-08 8.2641639133e-08 1.4519999993e-12
 8.2677157225e-08 8.2677157225e-08 1.4519999993e-12
 8.2715605329e-08 8.2715605329e-08 1.4519999993e-12
 8.2757996202e-08 8.2757996202e-08 1.4519999993e-12
 8.2805998106e-08 8.2805998106e-08 1.4519999993e-12
 8.2862468353e-08 8.2862468353e-08 1.4519999993e-12
 8.2932248062e-08 8.2932248062e-08 1.4519999993e-12
 8.3004446102e-08 8.3004446102e-08 1.4519999993e-12
 8.3029203059e-08 8.3029203059e-08 1.4519999993e-12
 8.3058485156e-08 8.3058485156e-08 1.4519999993e-12
 8.3080491645e-08 8.3080491645e-08 1.4519999993e-12
 8.3093269530e-08 8.3093269530e-08 1.4519999993e-12
 8.3104237394e-08 8.3104237394e-08 1.4519999993e-12
 8.3117461810e-08 8.3117461810e-08 1.4519999993e-12
 8.3130764463e-08 8.3130764463e-08 1.4519999993e-12
 8.3151059647e-08 8.3151059647e-08 1.4519999993e-12
 8.3176322000e-08 8.3176322000e-08 1.4519999993e-12
 8.3205771545e-08 8.3205771545e-08 1.4519999993e-12
 8.3242653456e-08 8.3242653456e-08 1.4519999993e-12
 8.3290240216e-08 8.3290240216e-08 1.4519999993e-12
 8.3342551493e-08 8.3342551493e-08 1.4519999993e-12
 8.3400490782e-08 8.3400490782e-08 1.4519999993e-12
 8.3460194834e-08 8.3460194834e-08 1.4519999993e-12
 8.3517453078e-08 8.3517453078e-08 1.4519999993e-12
 8.3573644431e-08 8.3573644431e-08 1.4519999993e-12
 8.3629945514e-08 8.3629945514e-08 1.4519999993e-12
 8.3686640382e-08 8.3686640382e-08 1.4519999993e-12
 8.3744145786e-08 8.3744145786e-08 1.4519999993e-12
 8.3802891805e-08 8.3802891805e-08 1.4519999993e-12
 8.3863207234e-08 8.3863207234e-08 1.4519999993e-12
 8.3925423260e-08 8.3925423260e-08 1.4519999993e-12
 8.3989902027e-08 8.3989902027e-08 1.4519999993e-12
 8.4057029551e-08 8.4057029551e-08 1.4519999993e-12
 8.4127230299e-08 8.4127230299e-08 1.4519999993e-12
 8.4200984823e-08 8.4200984823e-08 1.4519999993e-12
 8.4278845825e-08 8.4278845825e-08 1.4519999993e-12
 8.4361459698e-08 8.4361459698e-08 1.4519999993e-12
 8.4449595142e-08 8.4449595142e-08 1.4519999993e-12
 8.4544180576e-08 8.4544180576e-08 1.4519999993e-12
 8.4646355007e-08 8.4646355007e-08 1.4519999993e-12
 8.4757539145e-08 8.4757539145e-08 1.4519999993e-12
 8.4879537189e-08 8.4879537189e-08 1.4519999993e-12
 8.5014686554e-08 8.5014686554e-08 1.4519999993e-12
 8.5166084967e-08 8.5166084967e-08 1.4519999993e-12
 8.5337947108e-08 8.5337947108e-08 1.4519999993e-12
 8.5536187890e-08 8.5536187890e-08 1.4519999993e-12
 8.5769423563e-08 8.5769423563e-08 1.4519999993e-12
 8.6050793508e-08 8.6050793508e-08 1.4519999993e-12
 8.6401525432e-08 8.6401525432e-08 1.4519999993e-12
 8.6858593698e-08 8.6858593698e-08 1.4519999993e-12
 8.7493361557e-08 8.7493361557e-08 1.4519999993e-12
 8.8465955759e-08 8.8465955759e-08 1.4519999993e-12
 8.9465955759e-08 8.9465955759e-08 1.4519999993e-12
 8.9982977879e-08 8.9982977879e-08 1.4519999993e-12
 9.0500000000e-08 9.0500000000e-08 1.4519999993e-12
 9.0507812500e-08 9.0507812500e-08 1.9890062457e-06
 9.0515503314e-08 9.0515503314e-08 1.9890062604e-06
 9.0517221577e-08 9.0517221577e-08 1.9890062632e-06
 9.0518984157e-08 9.0518984157e-08 1.9890062659e-06
 9.0521211951e-08 9.0521211951e-08 1.9890062691e-06
 9.0524765463e-08 9.0524765463e-08 1.9890062736e-06
 9.0528366382e-08 9.0528366382e-08 1.9890062777e-06
 9.0533722235e-08 9.0533722235e-08 1.9890062830e-06
 9.0540848473e-08 9.0540848473e-08 1.9890062891e-06
 9.0550463127e-08 9.0550463127e-08 1.9890062962e-06
 9.0555878269e-08 9.0555878269e-08 1.9890062998e-06
 9.0562580114e-08 9.0562580114e-08 1.9890063040e-06
 9.0568441014e-08 9.0568441014e-08 1.9890063075e-06
 9.0574462052e-08 9.0574462052e-08 1.9890063111e-06
 9.0580304721e-08 9.0580304721e-08 1.9890063146e-06
 9.0586155729e-08 9.0586155729e-08 1.9890063181e-06
 9.0591973282e-08 9.0591973282e-08 1.9890063218e-06
 9.0597818008e-08 9.0597818008e-08 1.9890063255e-06
 9.0603720132e-08 9.0603720132e-08 1.9890063295e-06
 9.0609737681e-08 9.0609737681e-08 1.9890063337e-06
 9.0615898426e-08 9.0615898426e-08 1.9890063383e-06
 9.0622298925e-08 9.0622298925e-08 1.9890063433e-06
 9.0629059106e-08 9.0629059106e-08 1.9890063490e-06
 9.0636356034e-08 9.0636356034e-08 1.9890063554e-06
 9.0644441125e-08 9.0644441125e-08 1.9890063631e-06
 9.0653677004e-08 9.0653677004e-08 1.9890063726e-06
 9.0664556413e-08 9.0664556413e-08 1.9890063845e-06
 9.0674132144e-08 9.0674132144e-08 1.9890063958e-06
 9.0686252527e-08 9.0686252527e-08 1.9890064108e-06
 9.0697099400e-08 9.0697099400e-08 1.9890064250e-06
 9.0706790062e-08 9.0706790062e-08 1.9890064381e-06
 9.0726171386e-08 9.0726171386e-08 1.9890064655e-06
 9.0739830415e-08 9.0739830415e-08 1.9890064856e-06
 9.0749953398e-08 9.0749953398e-08 1.9890065008e-06
 9.0761306680e-08 9.0761306680e-08 1.9890065181e-06
 9.0776736781e-08 9.0776736781e-08 1.9890065421e-06
 9.0791377612e-08 9.0791377612e-08 1.9890065651e-06
 9.0805413647e-08 9.0805413647e-08 2.3253602797e-06
 9.0816623159e-08 9.0816623159e-08 3.0978582297e-06
 9.0824777915e-08 9.0824777915e-08 3.9413118732e-06
 9.0832756745e-08 9.0832756745e-08 4.9961772140e-06
 9.0840405207e-08 9.0840405207e-08 6.2206791890e-06
 9.0848071845e-08 9.0848071845e-08 7.6577496366e-06
 9.0855693370e-08 9.0855693370e-08 9.2945228644e-06
 9.0863321171e-08 9.0863321171e-08 1.1140536945e-05
 9.0870941106e-08 9.0870941106e-08 1.3192387066e-05
 9.0878720539e-08 9.0878720539e-08 1.5501457708e-05
 9.0889725186e-08 9.0889725186e-08 1.9137669792e-05
 9.0897507735e-08 9.0897507735e-08 2.1970879695e-05
 9.0905568354e-08 9.0905568354e-08 2.5133887818e-05
 9.0913153036e-08 9.0913153036e-08 2.8322520596e-05
 9.0920830847e-08 9.0920830847e-08 3.1760006979e-05
 9.0928438914e-08 9.0928438914e-08 3.5374324136e-05
 9.0936069292e-08 9.0936069292e-08 3.9207163848e-05
 9.0943691067e-08 9.0943691067e-08 4.3243419125e-05
 9.0951320677e-08 9.0951320677e-08 4.7491570642e-05
 9.0958953538e-08 9.0958953538e-08 5.1949259264e-05
 9.0966593937e-08 9.0966593937e-08 5.6619086334e-05
 9.0974242851e-08 9.0974242851e-08 6.1501856908e-05
 9.0981903305e-08 9.0981903305e-08 6.6599740624e-05
 9.0990951653e-08 9.0990951653e-08 7.2888031083e-05
 9.1000000000e-08 9.1000000000e-08 7.9463773264e-05
 9.1000264163e-08 9.1000264163e-08 7.7473653517e-05
 9.1000544565e-08 9.1000544565e-08 7.7472517066e-05
 9.1000781717e-08 9.1000781717e-08 7.7471589960e-05
 9.1001006955e-08 9.1001006955e-08 7.7470731085e-05
 9.1001264380e-08 9.1001264380e-08 7.7469768385e-05
 9.1001569476e-08 9.1001569476e-08 7.7468646666e-05
 9.1001902307e-08 9.1001902307e-08 7.7467440188e-05
 9.1002264470e-08 9.1002264470e-08 7.7466141236e-05
 9.1002662267e-08 9.1002662267e-08 7.7464724753e-05
 9.1003104595e-08 9.1003104595e-08 7.7463156308e-05
 9.1003604742e-08 9.1003604742e-08 7.7461385581e-05
 9.1004180130e-08 9.1004180130e-08 7.7459346832e-05
 9.1004854935e-08 9.1004854935e-08 7.7456948812e-05
 9.1005664988e-08 9.1005664988e-08 7.7454055912e-05
 9.1006666971e-08 9.1006666971e-08 7.7450452386e-05
 9.1007957773e-08 9.1007957773e-08 7.7445766134e-05
 9.1009720163e-08 9.1009720163e-08 7.7439285703e-05
 9.1012352263e-08 9.1012352263e-08 7.7429430320e-05
 9.1016968287e-08 9.1016968287e-08 7.7411640422e-05
 9.1026200334e-08 9.1026200334e-08 7.7374203827e-05
 9.1037693758e-08 9.1037693758e-08 7.7324486073e-05
 9.1048040189e-08 9.1048040189e-08 7.7277306501e-05
 9.1058466271e-08 9.1058466271e-08 7.7227998925e-05
 9.1069197980e-08 9.1069197980e-08 7.7175898489e-05
 9.1079827581e-08 9.1079827581e-08 7.7123337459e-05
 9.1090349496e-08 9.1090349496e-08 7.7070641313e-05
 9.1100815853e-08 9.1100815853e-08 7.7017737544e-05
 9.1111195460e-08 9.1111195460e-08 7.6964899175e-05
 9.1121472637e-08 9.1121472637e-08 7.6912276495e-05
 9.1131650748e-08 9.1131650748e-08 7.6859891259e-05
 9.1141729871e-08 9.1141729871e-08 7.6807749671e-05
 9.1151711098e-08 9.1151711098e-08 7.6755902185e-05
 9.1166164719e-08 9.1166164719e-08 7.6680351674e-05
 9.1177082363e-08 9.1177082363e-08 7.6622964828e-05
 9.1186864352e-08 9.1186864352e-08 7.6571318025e-05
 9.1198024244e-08 9.1198024244e-08 7.6512137132e-05
 9.1208244876e-08 9.1208244876e-08 7.6457702871e-05
 9.1218040303e-08 9.1218040303e-08 7.6405332060e-05
 9.1229655766e-08 9.1229655766e-08 7.6342988367e-05
 9.1240216319e-08 9.1240216319e-08 7.6286091396e-05
 9.1250570933e-08 9.1250570933e-08 7.6230116612e-05
 9.1261471341e-08 9.1261471341e-08 7.6171002661e-05
 9.1272832149e-08 9.1272832149e-08 7.6109198146e-05
 9.1284781999e-08 9.1284781999e-08 7.6043988777e-05
 9.1297625112e-08 9.1297625112e-08 7.5973690279e-05
 9.1311660290e-08 9.1311660290e-08 7.5896629131e-05
 9.1327274529e-08 9.1327274529e-08 7.5810626359e-05
 9.1344998045e-08 9.1344998045e-08 7.5526996682e-05
 9.1350967861e-08 9.1350967861e-08 7.5021173859e-05
 9.1357270687e-08 9.1357270687e-08 7.4180246899e-05
 9.1362529294e-08 9.1362529294e-08 7.3246472211e-05
 9.1368087175e-08 9.1368087175e-08 7.2042074576e-05
 9.1373684516e-08 9.1373684516e-08 7.0617982945e-05
 9.1379580414e-08 9.1379580414e-08 6.8907938812e-05
 9.1385808495e-08 9.1385808495e-08 6.6892155583e-05
 9.1392537090e-08 9.1392537090e-08 6.4505113168e-05
 9.1399987452e-08 9.1399987452e-08 6.1652961004e-05
 9.1408619007e-08 9.1408619007e-08 5.8140104412e-05
 9.1419645208e-08 9.1419645208e-08 5.3446531827e-05
 9.1429197584e-08 9.1429197584e-08 4.9300065924e-05
 9.1448302337e-08 9.1448302337e-08 4.1128206092e-05
 9.1459522139e-08 9.1459522139e-08 3.6575599554e-05
 9.1469876359e-08 9.1469876359e-08 3.2619983872e-05
 9.1479766735e-08 9.1479766735e-08 2.9096971536e-05
 9.1488612741e-08 9.1488612741e-08 2.6173674682e-05
 9.1497443067e-08 9.1497443067e-08 2.3475639881e-05
 9.1506186328e-08 9.1506186328e-08 2.1020413293e-05
 9.1515055167e-08 9.1515055167e-08 1.8744865402e-05
 9.1524092364e-08 9.1524092364e-08 1.6640307371e-05
 9.1533389571e-08 9.1533389571e-08 1.4689022125e-05
 9.1543014939e-08 9.1543014939e-08 1.2882432036e-05
 9.1553050619e-08 9.1553050619e-08 1.1212233850e-05
 9.1562116462e-08 9.1562116462e-08 9.8757903531e-06
 9.1573319494e-08 9.1573319494e-08 8.4262987243e-06
 9.1583407180e-08 9.1583407180e-08 7.2934387087e-06
 9.1593331109e-08 9.1593331109e-08 6.3207539992e-06
 9.1606652947e-08 9.1606652947e-08 5.2054838404e-06
 9.1618572417e-08 9.1618572417e-08 4.3692425813e-06
 9.1630472737e-08 9.1630472737e-08 3.6647466631e-06
 9.1643476974e-08 9.1643476974e-08 3.0206470283e-06
 9.1657401706e-08 9.1657401706e-08 2.4527567548e-06
 9.1672394423e-08 9.1672394423e-08 1.9573216161e-06
 9.1688816219e-08 9.1688816219e-08 1.5261800459e-06
 9.1706964863e-08 9.1706964863e-08 1.1568288377e-06
 9.1727218467e-08 9.1727218467e-08 8.4670918143e-07
 9.1750120735e-08 9.1750120735e-08 5.9243401801e-07
 9.1776417984e-08 9.1776417984e-08 3.9043455769e-07
 9.1807178488e-08 9.1807178488e-08 2.3668760332e-07
 9.1844013259e-08 9.1844013259e-08 1.2646865608e-07
 9.1870300953e-08 9.1870300953e-08 8.0817645353e-08
 9.1894395509e-08 9.1894395509e-08 5.4054679692e-08
 9.1919104338e-08 9.1919104338e-08 3.5971160623e-08
 9.1959538371e-08 9.1959538371e-08 1.7923993611e-08
 9.2000000000e-08 9.2000000000e-08 8.4721483335e-09
 9.2001040645e-08 9.2001040645e-08 8.3417374965e-09
 9.2002099081e-08 9.2002099081e-08 8.2105921178e-09
 9.2002857366e-08 9.2002857366e-08 8.1177359568e-09
 9.2003620121e-08 9.2003620121e-08 8.0253444411e-09
 9.2004265713e-08 9.2004265713e-08 7.9479536326e-09
 9.2004944249e-08 9.2004944249e-08 7.8674138729e-09
 9.2005747295e-08 9.2005747295e-08 7.7731471313e-09
 9.2006775530e-08 9.2006775530e-08 7.6540908378e-09
 9.2008213347e-08 9.2008213347e-08 7.4906549003e-09
 9.2010410028e-08 9.2010410028e-08 7.2476452502e-09
 9.2014304977e-08 9.2014304977e-08 6.8358252753e-09
 9.2022094875e-08 9.2022094875e-08 6.0798644153e-09
 9.2036726443e-08 9.2036726443e-08 4.8718428718e-09
 9.2065025305e-08 9.2065025305e-08 3.1401000404e-09
 9.2088345686e-08 9.2088345686e-08 2.1726329178e-09
 9.2109537664e-08 9.2109537664e-08 1.5545485266e-09
 9.2131145056e-08 9.2131145056e-08 1.1054070659e-09
 9.2152964996e-08 9.2152964996e-08 7.8348985725e-10
 9.2175186747e-08 9.2175186747e-08 5.5180143268e-10
 9.2198314485e-08 9.2198314485e-08 3.8294474377e-10
 9.2222656853e-08 9.2222656853e-08 2.6046144767e-10
 9.2248566441e-08 9.2248566441e-08 1.7255348802e-10
 9.2276583906e-08 9.2276583906e-08 1.1030766312e-10
 9.2307504137e-08 9.2307504137e-08 6.7109103223e-11
 9.2342659701e-08 9.2342659701e-08 3.7963206859e-11
 9.2384770367e-08 9.2384770367e-08 1.9035532220e-11
 9.2434479580e-08 9.2434479580e-08 8.4773188724e-12
 9.2459899938e-08 9.2459899938e-08 6.1730618397e-12
 9.2481182935e-08 9.2481182935e-08 5.0850163578e-12
 9.2502625479e-08 9.2502625479e-08 4.3940931268e-12
 9.2531435580e-08 9.2531435580e-08 3.8022239278e-12
 9.2571432339e-08 9.2571432339e-08 3.3294546076e-12
 9.2613035271e-08 9.2613035271e-08 3.0804566545e-12
 9.2654172611e-08 9.2654172611e-08 2.9640260979e-12
 9.2695406745e-08 9.2695406745e-08 2.9119225971e-12
 9.2736322992e-08 9.2736322992e-08 2.8904485769e-12
 9.2776856806e-08 9.2776856806e-08 2.8824035984e-12
 9.2817254369e-08 9.2817254369e-08 2.8798111935e-12
 9.2857612030e-08 9.2857612030e-08 2.8792513821e-12
 9.2897868578e-08 9.2897868578e-08 2.8793344798e-12
 9.2937777656e-08 9.2937777656e-08 2.8795447716e-12
 9.2976806169e-08 9.2976806169e-08 2.8797223737e-12
 9.3014232459e-08 9.3014232459e-08 2.8798396086e-12
 9.3049842899e-08 9.3049842899e-08 2.8799094017e-12
 9.3083104962e-08 9.3083104962e-08 2.8799485730e-12
 9.3107063640e-08 9.3107063640e-08 2.8799658978e-12
 9.3134805509e-08 9.3134805509e-08 2.8799791453e-12
 9.3166235779e-08 9.3166235779e-08 2.8799884942e-12
 9.3207620127e-08 9.3207620127e-08 2.8799955339e-12
 9.3252326739e-08 9.3252326739e-08 2.8799992806e-12
 9.3268701464e-08 9.3268701464e-08 2.8800000261e-12
 9.3288616623e-08 9.3288616623e-08 2.8800005968e-12
 9.3302976510e-08 9.3302976510e-08 2.8800008775e-12
 9.3314336983e-08 9.3314336983e-08 2.8800009564e-12
 9.3325682918e-08 9.3325682918e-08 2.8800009629e-12
 9.3336900441e-08 9.3336900441e-08 2.8800010400e-12
 9.3347969922e-08 9.3347969922e-08 2.8800013388e-12
 9.3359228176e-08 9.3359228176e-08 2.8800014356e-12
 9.3370793373e-08 9.3370793373e-08 2.8800015202e-12
 9.3382724375e-08 9.3382724375e-08 2.8800015339e-12
 9.3395137634e-08 9.3395137634e-08 2.8800016971e-12
 9.3408175511e-08 9.3408175511e-08 2.8800016921e-12
 9.3422032932e-08 9.3422032932e-08 2.8800016626e-12
 9.3437040779e-08 9.3437040779e-08 2.8800017103e-12
 9.3453862013e-08 9.3453862013e-08 2.8800017335e-12
 9.3474333365e-08 9.3474333365e-08 2.8800017931e-12
 9.3495911587e-08 9.3495911587e-08 2.8800017492e-12
 9.3517830080e-08 9.3517830080e-08 2.8800016972e-12
 9.3534812993e-08 9.3534812993e-08 2.8800017723e-12
 9.3548974605e-08 9.3548974605e-08 2.8800017654e-12
 9.3562009730e-08 9.3562009730e-08 2.8800017990e-12
 9.3574240008e-08 9.3574240008e-08 2.8800017988e-12
 9.3586028679e-08 9.3586028679e-08 2.8800017808e-12
 9.3597713447e-08 9.3597713447e-08 2.8800016925e-12
 9.3609471668e-08 9.3609471668e-08 2.8800016764e-12
 9.3621437733e-08 9.3621437733e-08 2.8800017077e-12
 9.3633745108e-08 9.3633745108e-08 2.8800016901e-12
 9.3646520395e-08 9.3646520395e-08 2.8800017753e-12
 9.3659893753e-08 9.3659893753e-08 2.8800018278e-12
 9.3674009535e-08 9.3674009535e-08 2.8800018205e-12
 9.3689032966e-08 9.3689032966e-08 2.8800018957e-12
 9.3705165867e-08 9.3705165867e-08 2.8800020136e-12
 9.3722839003e-08 9.3722839003e-08 2.8800019376e-12
 9.3742199700e-08 9.3742199700e-08 2.8800019034e-12
 9.3763255281e-08 9.3763255281e-08 2.8800019650e-12
 9.3787045463e-08 9.3787045463e-08 2.8800019889e-12
 9.3814433406e-08 9.3814433406e-08 2.8800019450e-12
 9.3846646538e-08 9.3846646538e-08 2.8800019665e-12
 9.3886017441e-08 9.3886017441e-08 2.8800019228e-12
 9.3937473543e-08 9.3937473543e-08 2.8800018822e-12
 9.3947485916e-08 9.3947485916e-08 2.8800019588e-12
 9.3959650618e-08 9.3959650618e-08 2.8800019734e-12
 9.3968821434e-08 9.3968821434e-08 2.8800019863e-12
 9.3975917854e-08 9.3975917854e-08 2.8800019108e-12
 9.3983352914e-08 9.3983352914e-08 2.8800020258e-12
 9.3991076964e-08 9.3991076964e-08 2.8800020259e-12
 9.3999636264e-08 9.3999636264e-08 2.8800018354e-12
 9.4009488124e-08 9.4009488124e-08 2.8800017758e-12
 9.4021996713e-08 9.4021996713e-08 2.8800016726e-12
 9.4032849787e-08 9.4032849787e-08 2.8800016468e-12
 9.4046515962e-08 9.4046515962e-08 2.8800017034e-12
 9.4061212466e-08 9.4061212466e-08 2.8800017136e-12
 9.4075154127e-08 9.4075154127e-08 2.8800017307e-12
 9.4086962052e-08 9.4086962052e-08 2.8800017866e-12
 9.4097516373e-08 9.4097516373e-08 2.8800017494e-12
 9.4107465431e-08 9.4107465431e-08 2.8800018678e-12
 9.4118104234e-08 9.4118104234e-08 2.8800018909e-12
 9.4127785289e-08 9.4127785289e-08 2.8800018230e-12
 9.4138910668e-08 9.4138910668e-08 2.8800018220e-12
 9.4148986386e-08 9.4148986386e-08 2.8800016680e-12
 9.4158794976e-08 9.4158794976e-08 2.8800017695e-12
 9.4171147763e-08 9.4171147763e-08 2.8800017621e-12
 9.4182254457e-08 9.4182254457e-08 2.8800017470e-12
 9.4193208977e-08 9.4193208977e-08 2.8800017245e-12
 9.4204872790e-08 9.4204872790e-08 2.8800017116e-12
 9.4217082106e-08 9.4217082106e-08 2.8800017409e-12
 9.4229915941e-08 9.4229915941e-08 2.8800017196e-12
 9.4243588797e-08 9.4243588797e-08 2.8800016651e-12
 9.4258236539e-08 9.4258236539e-08 2.8800016788e-12
 9.4274011592e-08 9.4274011592e-08 2.8800018390e-12
 9.4291119051e-08 9.4291119051e-08 2.8800017327e-12
 9.4309801993e-08 9.4309801993e-08 2.8800018987e-12
 9.4330354949e-08 9.4330354949e-08 2.8800019846e-12
 9.4353145239e-08 9.4353145239e-08 2.8800019873e-12
 9.4378631601e-08 9.4378631601e-08 2.8800019874e-12
 9.4407387918e-08 9.4407387918e-08 2.8800019203e-12
 9.4440131272e-08 9.4440131272e-08 2.8800018646e-12
 9.4477747111e-08 9.4477747111e-08 2.8800017526e-12
 9.4521298476e-08 9.4521298476e-08 2.8800017977e-12
 9.4571993926e-08 9.4571993926e-08 2.8800017411e-12
 9.4631080277e-08 9.4631080277e-08 2.8800017610e-12
 9.4699650518e-08 9.4699650518e-08 2.8800017960e-12
 9.4778444498e-08 9.4778444498e-08 2.8800018458e-12
 9.4867814581e-08 9.4867814581e-08 2.8800018317e-12
 9.4967963663e-08 9.4967963663e-08 2.8800018034e-12
 9.5079341491e-08 9.5079341491e-08 2.8800017755e-12
 9.5202996906e-08 9.5202996906e-08 2.8800018662e-12
 9.5340822289e-08 9.5340822289e-08 2.8800018648e-12
 9.5495771586e-08 9.5495771586e-08 2.8800018312e-12
 9.5672178923e-08 9.5672178923e-08 2.8800017752e-12
 9.5876329146e-08 9.5876329146e-08 2.8800017889e-12
 9.6117517992e-08 9.6117517992e-08 2.8800017947e-12
 9.6410074120e-08 9.6410074120e-08 2.8800017789e-12
 9.6777429808e-08 9.6777429808e-08 2.8800018639e-12
 9.7261076569e-08 9.7261076569e-08 2.8800018462e-12
 9.7943009593e-08 9.7943009593e-08 2.8800018147e-12
 9.8943009593e-08 9.8943009593e-08 2.8800018271e-12
 9.9471504797e-08 9.9471504797e-08 2.8800018157e-12
 1.0000000000e-07 1.0000000000e-07 2.8800018129e-12
