 v-sweep         v(drain_iv)     v(gate_iv)      id              is              ib              ig              kcl            
 0.00000000e+00  0.00000000e+00  0.00000000e+00 -5.40881615e-43 -2.15324773e-43  7.80549900e-43 -2.43435122e-44  1.59309191e-58 
 1.00000000e-02  1.00000000e-02  0.00000000e+00 -9.33471828e-13  9.29569543e-13  3.90228568e-15  1.22928258e-29  1.71182816e-28 
 2.00000000e-02  2.00000000e-02  0.00000000e+00 -1.43238160e-12  1.42695274e-12  5.42886187e-15  1.64199723e-29  4.10207671e-29 
 3.00000000e-02  3.00000000e-02  0.00000000e+00 -1.85919504e-12  1.85227590e-12  6.91913951e-15  2.37894919e-29  5.52202634e-28 
 4.00000000e-02  4.00000000e-02  0.00000000e+00 -2.14193843e-12  2.13400629e-12  7.93214513e-15  2.24003548e-29  1.16751414e-28 
 5.00000000e-02  5.00000000e-02  0.00000000e+00 -2.32440973e-12  2.31578797e-12  8.62176109e-15  2.28851088e-29  1.81438008e-28 
 6.00000000e-02  6.00000000e-02  0.00000000e+00 -2.44413166e-12  2.43503940e-12  9.09225486e-15  2.32135682e-29  4.98560092e-28 
 7.00000000e-02  7.00000000e-02  0.00000000e+00 -2.52704943e-12  2.51763516e-12  9.41427598e-15  2.34361255e-29  2.99767144e-29 
 8.00000000e-02  8.00000000e-02  0.00000000e+00 -2.58878727e-12  2.57915158e-12  9.63569507e-15  2.35869257e-29  1.34106354e-28 
 9.00000000e-02  9.00000000e-02  0.00000000e+00 -2.63818086e-12  2.62839191e-12  9.78894832e-15  2.36891048e-29  8.36192560e-29 
 1.00000000e-01  1.00000000e-01  0.00000000e+00 -2.68017716e-12  2.67028114e-12  9.89601379e-15  2.37583393e-29  1.43572685e-28 
 1.10000000e-01  1.10000000e-01  0.00000000e+00 -2.71759917e-12  2.70762739e-12  9.97178338e-15  2.38052511e-29  7.73083687e-29 
 1.20000000e-01  1.20000000e-01  0.00000000e+00 -2.75211010e-12  2.74208376e-12  1.00263475e-14  2.38370376e-29  4.90671483e-28 
 1.30000000e-01  1.30000000e-01  0.00000000e+00 -2.78472561e-12  2.77465906e-12  1.00665433e-14  2.38585755e-29  1.08862805e-28 
 1.40000000e-01  1.40000000e-01  0.00000000e+00 -2.81608835e-12  2.80599134e-12  1.00970034e-14  2.38731691e-29  1.12018249e-28 
 1.50000000e-01  1.50000000e-01  0.00000000e+00 -2.84661878e-12  2.83649792e-12  1.01208667e-14  2.38830575e-29  2.08259279e-28 
 1.60000000e-01  1.60000000e-01  0.00000000e+00 -2.87660058e-12  2.86646032e-12  1.01402603e-14  2.38897576e-29  6.94197597e-29 
 1.70000000e-01  1.70000000e-01  0.00000000e+00 -2.90623053e-12  2.89607391e-12  1.01566252e-14  2.38942975e-29  4.21251723e-28 
 1.80000000e-01  1.80000000e-01  0.00000000e+00 -2.93564871e-12  2.92547777e-12  1.01709379e-14  2.38973736e-29  2.65057264e-28 
 1.90000000e-01  1.90000000e-01  0.00000000e+00 -2.96495712e-12  2.95477326e-12  1.01838602e-14  2.38994579e-29  3.23432971e-28 
 2.00000000e-01  2.00000000e-01  0.00000000e+00 -2.99423172e-12  2.98403588e-12  1.01958403e-14  2.39008702e-29  2.52435490e-28 
 2.10000000e-01  2.10000000e-01  0.00000000e+00 -3.02353013e-12  3.01332294e-12  1.02071820e-14  2.39018272e-29  4.32295776e-28 
 2.20000000e-01  2.20000000e-01  0.00000000e+00 -3.05289691e-12  3.04267882e-12  1.02180911e-14  2.39024756e-29  3.47098798e-29 
 2.30000000e-01  2.30000000e-01  0.00000000e+00 -3.08236715e-12  3.07213845e-12  1.02287072e-14  2.39029149e-29  2.05103835e-28 
 2.40000000e-01  2.40000000e-01  0.00000000e+00 -3.11196889e-12  3.10172977e-12  1.02391246e-14  2.39032126e-29  3.50254242e-28 
 2.50000000e-01  2.50000000e-01  0.00000000e+00 -3.14172492e-12  3.13147551e-12  1.02494075e-14  2.39034143e-29  1.19906858e-28 
 2.60000000e-01  2.60000000e-01  0.00000000e+00 -3.17165404e-12  3.16139444e-12  1.02595993e-14  2.39035510e-29  3.17122084e-28 
 2.70000000e-01  2.70000000e-01  0.00000000e+00 -3.20177197e-12  3.19150224e-12  1.02697292e-14  2.39036436e-29  1.98792948e-28 
 2.80000000e-01  2.80000000e-01  0.00000000e+00 -3.23209206e-12  3.22181224e-12  1.02798173e-14  2.39037064e-29  3.92852731e-28 
 2.90000000e-01  2.90000000e-01  0.00000000e+00 -3.26262578e-12  3.25233590e-12  1.02898770e-14  2.39037489e-29  1.00974196e-28 
 3.00000000e-01  3.00000000e-01  0.00000000e+00 -3.29338312e-12  3.28308321e-12  1.02999175e-14  2.39037777e-29  6.31088724e-30 
 3.10000000e-01  3.10000000e-01  0.00000000e+00 -3.32437291e-12  3.31406297e-12  1.03099450e-14  2.39037973e-29  3.07655753e-28 
 3.20000000e-01  3.20000000e-01  0.00000000e+00 -3.35560300e-12  3.34528304e-12  1.03199637e-14  2.39038105e-29  2.36658272e-29 
 3.30000000e-01  3.30000000e-01  0.00000000e+00 -3.38708051e-12  3.37675053e-12  1.03299763e-14  2.39038195e-29  1.49883572e-28 
 3.40000000e-01  3.40000000e-01  0.00000000e+00 -3.41881192e-12  3.40847193e-12  1.03399850e-14  2.39038255e-29  1.21484579e-28 
 3.50000000e-01  3.50000000e-01  0.00000000e+00 -3.45080322e-12  3.44045323e-12  1.03499909e-14  2.39038296e-29  3.42365633e-28 
 3.60000000e-01  3.60000000e-01  0.00000000e+00 -3.48306000e-12  3.47270001e-12  1.03599949e-14  2.39038324e-29  2.88723091e-28 
 3.70000000e-01  3.70000000e-01  0.00000000e+00 -3.51558755e-12  3.50521755e-12  1.03699977e-14  2.39038343e-29  6.46865942e-29 
 3.80000000e-01  3.80000000e-01  0.00000000e+00 -3.54839086e-12  3.53801086e-12  1.03799996e-14  2.39038356e-29  1.37261798e-28 
 3.90000000e-01  3.90000000e-01  0.00000000e+00 -3.58147478e-12  3.57108478e-12  1.03900009e-14  2.39038365e-29  1.34106354e-28 
 4.00000000e-01  4.00000000e-01  0.00000000e+00 -3.61484397e-12  3.60444397e-12  1.04000019e-14  2.39038371e-29  4.57539325e-29 
 4.10000000e-01  4.10000000e-01  0.00000000e+00 -3.64850303e-12  3.63809303e-12  1.04100026e-14  2.39038375e-29  5.71135295e-28 
 4.20000000e-01  4.20000000e-01  0.00000000e+00 -3.68245646e-12  3.67203646e-12  1.04200031e-14  2.39038378e-29  6.98930762e-28 
 4.30000000e-01  4.30000000e-01  0.00000000e+00 -3.71670877e-12  3.70627877e-12  1.04300035e-14  3.58557571e-29  8.01482680e-28 
 4.40000000e-01  4.40000000e-01  0.00000000e+00 -3.75126446e-12  3.74082446e-12  1.04400038e-14  3.58557573e-29  2.60324099e-28 
 4.50000000e-01  4.50000000e-01  0.00000000e+00 -3.78612807e-12  3.77567806e-12  1.04500041e-14  3.58557573e-29  3.67609182e-28 
 4.60000000e-01  4.60000000e-01  0.00000000e+00 -3.82130419e-12  3.81084418e-12  1.04600043e-14  3.58557574e-29  2.05103835e-29 
 4.70000000e-01  4.70000000e-01  0.00000000e+00 -3.85679752e-12  3.84632752e-12  1.04700045e-14  3.58557575e-29  7.24174311e-28 
 4.80000000e-01  4.80000000e-01  0.00000000e+00 -3.89261287e-12  3.88213286e-12  1.04800047e-14  3.58557575e-29  7.17863424e-28 
 4.90000000e-01  4.90000000e-01  0.00000000e+00 -3.92875517e-12  3.91826516e-12  1.04900049e-14  3.58557575e-29  4.70161100e-28 
 5.00000000e-01  5.00000000e-01  0.00000000e+00 -3.96522951e-12  3.95472951e-12  1.05000051e-14  3.58557575e-29  5.25381363e-28 
 5.10000000e-01  5.10000000e-01  0.00000000e+00 -4.00204117e-12  3.99153116e-12  1.05100052e-14  3.58557576e-29  1.05707361e-28 
 5.20000000e-01  5.20000000e-01  0.00000000e+00 -4.03919558e-12  4.02867558e-12  1.05200054e-14  3.58557576e-29  5.72713017e-28 
 5.30000000e-01  5.30000000e-01  0.00000000e+00 -4.07669842e-12  4.06616842e-12  1.05300056e-14  3.58557576e-29  8.04638123e-29 
 5.40000000e-01  5.40000000e-01  0.00000000e+00 -4.11455557e-12  4.10401556e-12  1.05400057e-14  3.58557576e-29  9.73454357e-28 
 5.50000000e-01  5.50000000e-01  0.00000000e+00 -4.15277313e-12  4.14222312e-12  1.05500059e-14  3.58557576e-29  1.84593452e-28 
 5.60000000e-01  5.60000000e-01  0.00000000e+00 -4.19135747e-12  4.18079747e-12  1.05600061e-14  3.58557576e-29  6.79998100e-28 
 5.70000000e-01  5.70000000e-01  0.00000000e+00 -4.23031521e-12  4.21974521e-12  1.05700063e-14  3.58557576e-29  3.26588415e-28 
 5.80000000e-01  5.80000000e-01  0.00000000e+00 -4.26965323e-12  4.25907323e-12  1.05800064e-14  3.58557576e-29  4.87516039e-28 
 5.90000000e-01  5.90000000e-01  0.00000000e+00 -4.30937870e-12  4.29878869e-12  1.05900066e-14  3.58557576e-29  1.27795467e-28 
 6.00000000e-01  6.00000000e-01  0.00000000e+00 -4.34949904e-12  4.33889904e-12  1.06000068e-14  3.58557577e-29  2.95033979e-28 
 6.10000000e-01  6.10000000e-01  0.00000000e+00 -4.39002201e-12  4.37941200e-12  1.06100070e-14  3.58557577e-29  8.51969778e-29 
 6.20000000e-01  6.20000000e-01  0.00000000e+00 -4.43095563e-12  4.42033562e-12  1.06200072e-14  3.58557577e-29  3.23432971e-28 
 6.30000000e-01  6.30000000e-01  0.00000000e+00 -4.47230823e-12  4.46167822e-12  1.06300074e-14  3.58557577e-29  2.72945873e-28 
 6.40000000e-01  6.40000000e-01  0.00000000e+00 -4.51408846e-12  4.50344845e-12  1.06400076e-14  3.58557577e-29  8.40925725e-28 
 6.50000000e-01  6.50000000e-01  0.00000000e+00 -4.55630526e-12  4.54565525e-12  1.06500078e-14  3.58557577e-29  2.91878535e-28 
 6.60000000e-01  6.60000000e-01  0.00000000e+00 -4.59896790e-12  4.58830789e-12  1.06600080e-14  3.58557577e-29  7.39951529e-28 
 6.70000000e-01  6.70000000e-01  0.00000000e+00 -4.64208596e-12  4.63141595e-12  1.06700082e-14  3.58557577e-29  8.04638123e-29 
 6.80000000e-01  6.80000000e-01  0.00000000e+00 -4.68566932e-12  4.67498932e-12  1.06800084e-14  3.58557577e-29  1.52565699e-27 
 6.90000000e-01  6.90000000e-01  0.00000000e+00 -4.72972822e-12  4.71903821e-12  1.06900086e-14  3.58557577e-29  1.94059783e-28 
 7.00000000e-01  7.00000000e-01  0.00000000e+00 -4.77427318e-12  4.76357317e-12  1.07000088e-14  3.58557578e-29  1.26691061e-27 
 7.10000000e-01  7.10000000e-01  0.00000000e+00 -4.81931505e-12  4.80860504e-12  1.07100090e-14  3.58557578e-29  1.65660790e-28 
 7.20000000e-01  7.20000000e-01  0.00000000e+00 -4.86486502e-12  4.85414501e-12  1.07200092e-14  3.58557578e-29  4.89093761e-28 
 7.30000000e-01  7.30000000e-01  0.00000000e+00 -4.91093457e-12  4.90020456e-12  1.07300095e-14  3.58557578e-29  1.26375517e-27 
 7.40000000e-01  7.40000000e-01  0.00000000e+00 -4.95753552e-12  4.94679551e-12  1.07400097e-14  3.58557578e-29  5.88490235e-28 
 7.50000000e-01  7.50000000e-01  0.00000000e+00 -5.00468001e-12  4.99393000e-12  1.07500099e-14  3.58557578e-29  1.15804781e-27 
 7.60000000e-01  7.60000000e-01  0.00000000e+00 -5.05238047e-12  5.04162046e-12  1.07600102e-14  3.58557578e-29  2.57168655e-28 
 7.70000000e-01  7.70000000e-01  0.00000000e+00 -5.10064969e-12  5.08987968e-12  1.07700104e-14  3.58557578e-29  1.56194459e-27 
 7.80000000e-01  7.80000000e-01  0.00000000e+00 -5.14950073e-12  5.13872072e-12  1.07800106e-14  3.58557578e-29  3.94430453e-29 
 7.90000000e-01  7.90000000e-01  0.00000000e+00 -5.19894700e-12  5.18815699e-12  1.07900109e-14  3.58557579e-29  1.04602956e-27 
 8.00000000e-01  8.00000000e-01  0.00000000e+00 -5.24900220e-12  5.23820219e-12  1.08000111e-14  3.58557579e-29  2.38235993e-28 
 8.10000000e-01  8.10000000e-01  0.00000000e+00 -5.29968034e-12  5.28887033e-12  1.08100114e-14  3.58557579e-29  8.55125221e-28 
 8.20000000e-01  8.20000000e-01  0.00000000e+00 -5.35099576e-12  5.34017575e-12  1.08200116e-14  3.58557579e-29  6.15311506e-29 
 8.30000000e-01  8.30000000e-01  0.00000000e+00 -5.40296309e-12  5.39213308e-12  1.08300119e-14  3.58557579e-29  4.78049709e-28 
 8.40000000e-01  8.40000000e-01  0.00000000e+00 -5.45559726e-12  5.44475725e-12  1.08400122e-14  3.58557579e-29  7.41529251e-29 
 8.50000000e-01  8.50000000e-01  0.00000000e+00 -5.50891352e-12  5.49806351e-12  1.08500124e-14  3.58557579e-29  6.23200115e-28 
 8.60000000e-01  8.60000000e-01  0.00000000e+00 -5.56292742e-12  5.55206740e-12  1.08600127e-14  3.58557579e-29  1.04918500e-27 
 8.70000000e-01  8.70000000e-01  0.00000000e+00 -5.61765479e-12  5.60678478e-12  1.08700130e-14  3.58557580e-29  2.72945873e-28 
 8.80000000e-01  8.80000000e-01  0.00000000e+00 -5.67311179e-12  5.66223177e-12  1.08800132e-14  3.58557580e-29  1.10440527e-28 
 8.90000000e-01  8.90000000e-01  0.00000000e+00 -5.72931485e-12  5.71842484e-12  1.08900135e-14  3.58557580e-29  2.35080550e-28 
 9.00000000e-01  9.00000000e-01  0.00000000e+00 -5.78628073e-12  5.77538072e-12  1.09000138e-14  3.58557580e-29  1.10440527e-29 
 9.10000000e-01  9.10000000e-01  0.00000000e+00 -5.84402645e-12  5.83311644e-12  1.09100141e-14  3.58557580e-29  2.88723091e-28 
 9.20000000e-01  9.20000000e-01  0.00000000e+00 -5.90256935e-12  5.89164933e-12  1.09200144e-14  3.58557580e-29  1.56194459e-28 
 9.30000000e-01  9.30000000e-01  0.00000000e+00 -5.96192705e-12  5.95099703e-12  1.09300177e-14  3.58557771e-29  7.02086206e-28 
 9.40000000e-01  9.40000000e-01  0.00000000e+00 -6.02211747e-12  6.01117744e-12  1.09400264e-14  3.58557915e-29  7.88860905e-30 
 9.50000000e-01  9.50000000e-01  0.00000000e+00 -6.08315883e-12  6.07220879e-12  1.09500389e-14  3.58557825e-29  3.94430453e-28 
 9.60000000e-01  9.60000000e-01  0.00000000e+00 -6.14506961e-12  6.13410956e-12  1.09600569e-14  3.58557926e-29  7.93594071e-28 
 9.70000000e-01  9.70000000e-01  0.00000000e+00 -6.20786863e-12  6.19689855e-12  1.09700826e-14  3.58558065e-29  4.49650716e-28 
 9.80000000e-01  9.80000000e-01  0.00000000e+00 -6.27157496e-12  6.26059484e-12  1.09801190e-14  3.58558257e-29  7.87283183e-28 
 9.90000000e-01  9.90000000e-01  0.00000000e+00 -6.33620799e-12  6.32521782e-12  1.09901707e-14  3.58558545e-29  8.36192560e-29 
 1.00000000e+00  1.00000000e+00  0.00000000e+00 -6.40178738e-12  6.39078713e-12  1.10002482e-14  3.58559203e-29  9.46633086e-29 
 1.01000000e+00  1.01000000e+00  0.00000000e+00 -6.46833314e-12  6.45732275e-12  1.10103980e-14  3.58562136e-29  1.10440527e-29 
 1.02000000e+00  1.02000000e+00  0.00000000e+00 -6.53586578e-12  6.52484490e-12  1.10208831e-14  3.58578712e-29  1.24640023e-27 
 1.03000000e+00  1.03000000e+00  0.00000000e+00 -6.60440723e-12  6.59337414e-12  1.10330910e-14  3.58666118e-29  3.89697287e-28 
 1.04000000e+00  1.04000000e+00  0.00000000e+00 -6.67398472e-12  6.66293128e-12  1.10534368e-14  3.59070296e-29  1.63767524e-27 
 1.05000000e+00  1.05000000e+00  0.00000000e+00 -6.74464544e-12  6.73353746e-12  1.11079802e-14  3.60712140e-29  4.41762107e-28 
 1.06000000e+00  1.06000000e+00  0.00000000e+00 -6.81650493e-12  6.80521408e-12  1.12908481e-14  3.66642436e-29  2.69790430e-28 
 1.07000000e+00  1.07000000e+00  0.00000000e+00 -6.88989103e-12  6.87798286e-12  1.19081722e-14  3.85929721e-29  1.09493894e-27 
 1.08000000e+00  1.08000000e+00  0.00000000e+00 -6.96573247e-12  6.95186580e-12  1.38666715e-14  4.43055919e-29  4.89093761e-29 
 1.09000000e+00  1.09000000e+00  0.00000000e+00 -7.04652163e-12  7.02688521e-12  1.96364266e-14  8.97476918e-29  1.06969539e-27 
 1.10000000e+00  1.10000000e+00  0.00000000e+00 -7.13852382e-12  7.10306367e-12  3.54601467e-14  1.82675652e-28  1.45150407e-28 
 1.11000000e+00  1.11000000e+00  0.00000000e+00 -7.25650975e-12  7.18042409e-12  7.60856615e-14  4.42918584e-28  3.15544362e-27 
 1.12000000e+00  1.12000000e+00  0.00000000e+00 -7.43328470e-12  7.25898967e-12  1.74295026e-13  1.05507432e-27  5.25065819e-27 
 1.13000000e+00  1.13000000e+00  0.00000000e+00 -7.73783381e-12  7.33878392e-12  3.99049892e-13  2.48044367e-27  6.51283563e-27 
 1.14000000e+00  1.14000000e+00  0.00000000e+00 -8.30817279e-12  7.41983063e-12  8.88342163e-13  5.55851433e-27  8.98670343e-27 
 1.15000000e+00  1.15000000e+00  0.00000000e+00 -9.40815822e-12  7.50215392e-12  1.90600430e-12  1.19721917e-26  7.27014210e-27 
 1.16000000e+00  1.16000000e+00  0.00000000e+00 -1.15217241e-11  7.58577821e-12  3.93594586e-12  2.47625386e-26  6.30078982e-26 
 1.17000000e+00  1.17000000e+00  0.00000000e+00 -1.55033766e-11  7.67072823e-12  7.83264837e-12  4.93066541e-26  3.23117427e-26 
 1.18000000e+00  1.18000000e+00  0.00000000e+00 -2.28103388e-11  7.75702904e-12  1.50533098e-11  9.48031895e-26  7.43170082e-26 
 1.19000000e+00  1.19000000e+00  0.00000000e+00 -3.58494466e-11  7.84470598e-12  2.80047406e-11  1.76402546e-25  2.22951024e-25 
 1.20000000e+00  1.20000000e+00  0.00000000e+00 -5.84806266e-11  7.93378475e-12  5.05468418e-11  3.18424972e-25  4.26515003e-25 
 0.00000000e+00  0.00000000e+00  2.00000000e-01  4.66749507e-19  4.66749507e-19  7.69561462e-16 -7.71084585e-16  5.89623704e-19 
 1.00000000e-02  1.00000000e-02  2.00000000e-01 -1.69214749e-10  1.69211516e-10  4.00376874e-15 -7.71084585e-16  5.90444504e-19 
 2.00000000e-02  2.00000000e-02  2.00000000e-01 -2.94933798e-10  2.94928370e-10  6.19842768e-15 -7.71084585e-16  5.93165239e-19 
 3.00000000e-02  3.00000000e-02  2.00000000e-01 -3.82837409e-10  3.82830491e-10  7.68871096e-15 -7.71084585e-16  5.96123792e-19 
 4.00000000e-02  4.00000000e-02  2.00000000e-01 -4.41060488e-10  4.41052556e-10  8.70172455e-15 -7.71084585e-16  5.98578542e-19 
 5.00000000e-02  5.00000000e-02  2.00000000e-01 -4.78624540e-10  4.78615920e-10  9.39135057e-15 -7.71084585e-16  6.00434605e-19 
 6.00000000e-02  6.00000000e-02  2.00000000e-01 -5.03263902e-10  5.03254811e-10  9.86185612e-15 -7.71084585e-16  6.01784968e-19 
 7.00000000e-02  7.00000000e-02  2.00000000e-01 -5.20326694e-10  5.20317281e-10  1.01838903e-14 -7.71084585e-16  6.02760032e-19 
 8.00000000e-02  8.00000000e-02  2.00000000e-01 -5.33032421e-10  5.33022786e-10  1.04053235e-14 -7.71084585e-16  6.03470629e-19 
 9.00000000e-02  9.00000000e-02  2.00000000e-01 -5.43200625e-10  5.43190837e-10  1.05585916e-14 -7.71084585e-16  6.03998789e-19 
 1.00000000e-01  1.00000000e-01  2.00000000e-01 -5.51849249e-10  5.51839353e-10  1.06656725e-14 -7.71084585e-16  6.04397669e-19 
 1.10000000e-01  1.10000000e-01  2.00000000e-01 -5.59558695e-10  5.59548724e-10  1.07414581e-14 -7.71084585e-16  6.04706342e-19 
 1.20000000e-01  1.20000000e-01  2.00000000e-01 -5.66670639e-10  5.66660613e-10  1.07960388e-14 -7.71084585e-16  6.04948457e-19 
 1.30000000e-01  1.30000000e-01  2.00000000e-01 -5.73393588e-10  5.73383522e-10  1.08362515e-14 -7.71084585e-16  6.05142034e-19 
 1.40000000e-01  1.40000000e-01  2.00000000e-01 -5.79859412e-10  5.79849316e-10  1.08667289e-14 -7.71084585e-16  6.05296667e-19 
 1.50000000e-01  1.50000000e-01  2.00000000e-01 -5.86154363e-10  5.86144243e-10  1.08906099e-14 -7.71084585e-16  6.05422724e-19 
 1.60000000e-01  1.60000000e-01  2.00000000e-01 -5.92336625e-10  5.92326486e-10  1.09100216e-14 -7.71084585e-16  6.05524986e-19 
 1.70000000e-01  1.70000000e-01  2.00000000e-01 -5.98446574e-10  5.98436418e-10  1.09264050e-14 -7.71084585e-16  6.05609610e-19 
 1.80000000e-01  1.80000000e-01  2.00000000e-01 -6.04512951e-10  6.04502781e-10  1.09407366e-14 -7.71084585e-16  6.05678971e-19 
 1.90000000e-01  1.90000000e-01  2.00000000e-01 -6.10556705e-10  6.10546522e-10  1.09536781e-14 -7.71084585e-16  6.05736841e-19 
 2.00000000e-01  2.00000000e-01  2.00000000e-01 -6.16593431e-10  6.16583236e-10  1.09656778e-14 -7.71084585e-16  6.05782073e-19 
 2.10000000e-01  2.10000000e-01  2.00000000e-01 -6.22634975e-10  6.22624769e-10  1.09770394e-14 -7.71084585e-16  6.05819544e-19 
 2.20000000e-01  2.20000000e-01  2.00000000e-01 -6.28690503e-10  6.28680286e-10  1.09879689e-14 -7.71084585e-16  6.05849604e-19 
 2.30000000e-01  2.30000000e-01  2.00000000e-01 -6.34767230e-10  6.34757001e-10  1.09986056e-14 -7.71084585e-16  6.05874019e-19 
 2.40000000e-01  2.40000000e-01  2.00000000e-01 -6.40870928e-10  6.40860690e-10  1.10090441e-14 -7.71084585e-16  6.05891819e-19 
 2.50000000e-01  2.50000000e-01  2.00000000e-01 -6.47006292e-10  6.46996043e-10  1.10193485e-14 -7.71084585e-16  6.05905328e-19 
 2.60000000e-01  2.60000000e-01  2.00000000e-01 -6.53177192e-10  6.53166933e-10  1.10295620e-14 -7.71084585e-16  6.05914654e-19 
 2.70000000e-01  2.70000000e-01  2.00000000e-01 -6.59386870e-10  6.59376601e-10  1.10397141e-14 -7.71084585e-16  6.05919797e-19 
 2.80000000e-01  2.80000000e-01  2.00000000e-01 -6.65638074e-10  6.65627795e-10  1.10498248e-14 -7.71084585e-16  6.05921490e-19 
 2.90000000e-01  2.90000000e-01  2.00000000e-01 -6.71933169e-10  6.71922879e-10  1.10599075e-14 -7.71084585e-16  6.05920384e-19 
 3.00000000e-01  3.00000000e-01  2.00000000e-01 -6.78274213e-10  6.78263914e-10  1.10699713e-14 -7.71084585e-16  6.05917656e-19 
 3.10000000e-01  3.10000000e-01  2.00000000e-01 -6.84663024e-10  6.84652714e-10  1.10800226e-14 -7.71084585e-16  6.05911088e-19 
 3.20000000e-01  3.20000000e-01  2.00000000e-01 -6.91101220e-10  6.91090901e-10  1.10900654e-14 -7.71084585e-16  6.05902741e-19 
 3.30000000e-01  3.30000000e-01  2.00000000e-01 -6.97590266e-10  6.97579937e-10  1.11001026e-14 -7.71084585e-16  6.05892940e-19 
 3.40000000e-01  3.40000000e-01  2.00000000e-01 -7.04131498e-10  7.04121158e-10  1.11101363e-14 -7.71084585e-16  6.05879324e-19 
 3.50000000e-01  3.50000000e-01  2.00000000e-01 -7.10726149e-10  7.10715799e-10  1.11201675e-14 -7.71084585e-16  6.05865097e-19 
 3.60000000e-01  3.60000000e-01  2.00000000e-01 -7.17375369e-10  7.17365009e-10  1.11301974e-14 -7.71084585e-16  6.05849309e-19 
 3.70000000e-01  3.70000000e-01  2.00000000e-01 -7.24080243e-10  7.24069873e-10  1.11402264e-14 -7.71084585e-16  6.05832131e-19 
 3.80000000e-01  3.80000000e-01  2.00000000e-01 -7.30841803e-10  7.30831423e-10  1.11502550e-14 -7.71084585e-16  6.05814650e-19 
 3.90000000e-01  3.90000000e-01  2.00000000e-01 -7.37661041e-10  7.37650652e-10  1.11602835e-14 -7.71084585e-16  6.05795286e-19 
 4.00000000e-01  4.00000000e-01  2.00000000e-01 -7.44538920e-10  7.44528520e-10  1.11703120e-14 -7.71084585e-16  6.05773020e-19 
 4.10000000e-01  4.10000000e-01  2.00000000e-01 -7.51476380e-10  7.51465970e-10  1.11803407e-14 -7.71084585e-16  6.05750248e-19 
 4.20000000e-01  4.20000000e-01  2.00000000e-01 -7.58474350e-10  7.58463931e-10  1.11903697e-14 -7.71084585e-16  6.05727004e-19 
 4.30000000e-01  4.30000000e-01  2.00000000e-01 -7.65533755e-10  7.65523325e-10  1.12003990e-14 -7.71084585e-16  6.05703975e-19 
 4.40000000e-01  4.40000000e-01  2.00000000e-01 -7.72655518e-10  7.72645078e-10  1.12104287e-14 -7.71084585e-16  6.05678958e-19 
 4.50000000e-01  4.50000000e-01  2.00000000e-01 -7.79840573e-10  7.79830123e-10  1.12204589e-14 -7.71084585e-16  6.05651603e-19 
 4.60000000e-01  4.60000000e-01  2.00000000e-01 -7.87089865e-10  7.87079405e-10  1.12304895e-14 -7.71084585e-16  6.05624678e-19 
 4.70000000e-01  4.70000000e-01  2.00000000e-01 -7.94404357e-10  7.94393887e-10  1.12405205e-14 -7.71084585e-16  6.05597175e-19 
 4.80000000e-01  4.80000000e-01  2.00000000e-01 -8.01785037e-10  8.01774557e-10  1.12505520e-14 -7.71084585e-16  6.05568236e-19 
 4.90000000e-01  4.90000000e-01  2.00000000e-01 -8.09232918e-10  8.09222428e-10  1.12605840e-14 -7.71084585e-16  6.05537512e-19 
 5.00000000e-01  5.00000000e-01  2.00000000e-01 -8.16749048e-10  8.16738548e-10  1.12706165e-14 -7.71084585e-16  6.05506389e-19 
 5.10000000e-01  5.10000000e-01  2.00000000e-01 -8.24334508e-10  8.24323998e-10  1.12806495e-14 -7.71084585e-16  6.05476148e-19 
 5.20000000e-01  5.20000000e-01  2.00000000e-01 -8.31990418e-10  8.31979898e-10  1.12906830e-14 -7.71084585e-16  6.05443869e-19 
 5.30000000e-01  5.30000000e-01  2.00000000e-01 -8.39717942e-10  8.39707411e-10  1.13007171e-14 -7.71084585e-16  6.05412061e-19 
 5.40000000e-01  5.40000000e-01  2.00000000e-01 -8.47518288e-10  8.47507747e-10  1.13107517e-14 -7.71084585e-16  6.05378153e-19 
 5.50000000e-01  5.50000000e-01  2.00000000e-01 -8.55392713e-10  8.55382162e-10  1.13207868e-14 -7.71084585e-16  6.05343480e-19 
 5.60000000e-01  5.60000000e-01  2.00000000e-01 -8.63342524e-10  8.63331963e-10  1.13308224e-14 -7.71084585e-16  6.05310291e-19 
 5.70000000e-01  5.70000000e-01  2.00000000e-01 -8.71369081e-10  8.71358511e-10  1.13408587e-14 -7.71084585e-16  6.05275079e-19 
 5.80000000e-01  5.80000000e-01  2.00000000e-01 -8.79473801e-10  8.79463220e-10  1.13508954e-14 -7.71084585e-16  6.05239710e-19 
 5.90000000e-01  5.90000000e-01  2.00000000e-01 -8.87658154e-10  8.87647563e-10  1.13609328e-14 -7.71084585e-16  6.05202694e-19 
 6.00000000e-01  6.00000000e-01  2.00000000e-01 -8.95923671e-10  8.95913071e-10  1.13709707e-14 -7.71084585e-16  6.05166647e-19 
 6.10000000e-01  6.10000000e-01  2.00000000e-01 -9.04271943e-10  9.04261333e-10  1.13810092e-14 -7.71084585e-16  6.05125835e-19 
 6.20000000e-01  6.20000000e-01  2.00000000e-01 -9.12704621e-10  9.12694001e-10  1.13910483e-14 -7.71084585e-16  6.05089352e-19 
 6.30000000e-01  6.30000000e-01  2.00000000e-01 -9.21223419e-10  9.21212788e-10  1.14010880e-14 -7.71084585e-16  6.05051321e-19 
 6.40000000e-01  6.40000000e-01  2.00000000e-01 -9.29830113e-10  9.29819472e-10  1.14111283e-14 -7.71084585e-16  6.05009914e-19 
 6.50000000e-01  6.50000000e-01  2.00000000e-01 -9.38526543e-10  9.38515893e-10  1.14211692e-14 -7.71084585e-16  6.04970666e-19 
 6.60000000e-01  6.60000000e-01  2.00000000e-01 -9.47314616e-10  9.47303955e-10  1.14312107e-14 -7.71084585e-16  6.04930755e-19 
 6.70000000e-01  6.70000000e-01  2.00000000e-01 -9.56196301e-10  9.56185630e-10  1.14412528e-14 -7.71084585e-16  6.04889741e-19 
 6.80000000e-01  6.80000000e-01  2.00000000e-01 -9.65173633e-10  9.65162952e-10  1.14512956e-14 -7.71084585e-16  6.04847919e-19 
 6.90000000e-01  6.90000000e-01  2.00000000e-01 -9.74248713e-10  9.74238022e-10  1.14613391e-14 -7.71084585e-16  6.04806339e-19 
 7.00000000e-01  7.00000000e-01  2.00000000e-01 -9.83423707e-10  9.83413006e-10  1.14713831e-14 -7.71084585e-16  6.04763441e-19 
 7.10000000e-01  7.10000000e-01  2.00000000e-01 -9.92700849e-10  9.92690138e-10  1.14814279e-14 -7.71084585e-16  6.04720076e-19 
 7.20000000e-01  7.20000000e-01  2.00000000e-01 -1.00208244e-09  1.00207172e-09  1.14914733e-14 -7.71084585e-16  6.04676164e-19 
 7.30000000e-01  7.30000000e-01  2.00000000e-01 -1.01157083e-09  1.01156010e-09  1.15015194e-14 -7.71084585e-16  6.04632349e-19 
 7.40000000e-01  7.40000000e-01  2.00000000e-01 -1.02116847e-09  1.02115773e-09  1.15115662e-14 -7.71084585e-16  6.04587526e-19 
 7.50000000e-01  7.50000000e-01  2.00000000e-01 -1.03087784e-09  1.03086709e-09  1.15216136e-14 -7.71084585e-16  6.04542131e-19 
 7.60000000e-01  7.60000000e-01  2.00000000e-01 -1.04070151e-09  1.04069075e-09  1.15316618e-14 -7.71084585e-16  6.04495700e-19 
 7.70000000e-01  7.70000000e-01  2.00000000e-01 -1.05064210e-09  1.05063133e-09  1.15417107e-14 -7.71084585e-16  6.04449296e-19 
 7.80000000e-01  7.80000000e-01  2.00000000e-01 -1.06070230e-09  1.06069151e-09  1.15517603e-14 -7.71084585e-16  6.04401396e-19 
 7.90000000e-01  7.90000000e-01  2.00000000e-01 -1.07088486e-09  1.07087407e-09  1.15618107e-14 -7.71084585e-16  6.04355357e-19 
 8.00000000e-01  8.00000000e-01  2.00000000e-01 -1.08119261e-09  1.08118181e-09  1.15718617e-14 -7.71084585e-16  6.04306134e-19 
 8.10000000e-01  8.10000000e-01  2.00000000e-01 -1.09162843e-09  1.09161762e-09  1.15819136e-14 -7.71084585e-16  6.04257687e-19 
 8.20000000e-01  8.20000000e-01  2.00000000e-01 -1.10219526e-09  1.10218444e-09  1.15919661e-14 -7.71084585e-16  6.04209726e-19 
 8.30000000e-01  8.30000000e-01  2.00000000e-01 -1.11289611e-09  1.11288528e-09  1.16020195e-14 -7.71084585e-16  6.04160207e-19 
 8.40000000e-01  8.40000000e-01  2.00000000e-01 -1.12373406e-09  1.12372322e-09  1.16120736e-14 -7.71084585e-16  6.04108616e-19 
 8.50000000e-01  8.50000000e-01  2.00000000e-01 -1.13471223e-09  1.13470138e-09  1.16221285e-14 -7.71084585e-16  6.04059310e-19 
 8.60000000e-01  8.60000000e-01  2.00000000e-01 -1.14583383e-09  1.14582297e-09  1.16321843e-14 -7.71084585e-16  6.04009888e-19 
 8.70000000e-01  8.70000000e-01  2.00000000e-01 -1.15710212e-09  1.15709125e-09  1.16422408e-14 -7.71084585e-16  6.03957026e-19 
 8.80000000e-01  8.80000000e-01  2.00000000e-01 -1.16852040e-09  1.16850952e-09  1.16522981e-14 -7.71084585e-16  6.03906388e-19 
 8.90000000e-01  8.90000000e-01  2.00000000e-01 -1.18009207e-09  1.18008118e-09  1.16623563e-14 -7.71084585e-16  6.03851104e-19 
 9.00000000e-01  9.00000000e-01  2.00000000e-01 -1.19182057e-09  1.19180966e-09  1.16724153e-14 -7.71084585e-16  6.03801554e-19 
 9.10000000e-01  9.10000000e-01  2.00000000e-01 -1.20370939e-09  1.20369847e-09  1.16824751e-14 -7.71084585e-16  6.03744841e-19 
 9.20000000e-01  9.20000000e-01  2.00000000e-01 -1.21576210e-09  1.21575117e-09  1.16925358e-14 -7.71084585e-16  6.03692778e-19 
 9.30000000e-01  9.30000000e-01  2.00000000e-01 -1.22798232e-09  1.22797138e-09  1.17032232e-14 -7.71084585e-16  6.03638012e-19 
 9.40000000e-01  9.40000000e-01  2.00000000e-01 -1.24037374e-09  1.24036279e-09  1.17150063e-14 -7.71084585e-16  6.03581808e-19 
 9.50000000e-01  9.50000000e-01  2.00000000e-01 -1.25294009e-09  1.25292914e-09  1.17275905e-14 -7.71084585e-16  6.03525126e-19 
 9.60000000e-01  9.60000000e-01  2.00000000e-01 -1.26568519e-09  1.26567422e-09  1.17413061e-14 -7.71084585e-16  6.03470072e-19 
 9.70000000e-01  9.70000000e-01  2.00000000e-01 -1.27861289e-09  1.27860190e-09  1.17566070e-14 -7.71084585e-16  6.03412757e-19 
 9.80000000e-01  9.80000000e-01  2.00000000e-01 -1.29172712e-09  1.29171611e-09  1.17741131e-14 -7.71084585e-16  6.03356836e-19 
 9.90000000e-01  9.90000000e-01  2.00000000e-01 -1.30503185e-09  1.30502083e-09  1.17946647e-14 -7.71084585e-16  6.03295149e-19 
 1.00000000e+00  1.00000000e+00  2.00000000e-01 -1.31853113e-09  1.31852008e-09  1.18193936e-14 -7.71084585e-16  6.03237008e-19 
 1.01000000e+00  1.01000000e+00  2.00000000e-01 -1.33222907e-09  1.33221799e-09  1.18498137e-14 -7.71084585e-16  6.03179504e-19 
 1.02000000e+00  1.02000000e+00  2.00000000e-01 -1.34612981e-09  1.34611870e-09  1.18879379e-14 -7.71084585e-16  6.03120755e-19 
 1.03000000e+00  1.03000000e+00  2.00000000e-01 -1.36023759e-09  1.36022643e-09  1.19364253e-14 -7.71084585e-16  6.03062292e-19 
 1.04000000e+00  1.04000000e+00  2.00000000e-01 -1.37455669e-09  1.37454546e-09  1.19987686e-14 -7.71084585e-16  6.02999256e-19 
 1.05000000e+00  1.05000000e+00  2.00000000e-01 -1.38909144e-09  1.38908014e-09  1.20795287e-14 -7.71084585e-16  6.02937273e-19 
 1.06000000e+00  1.06000000e+00  2.00000000e-01 -1.40384627e-09  1.40383485e-09  1.21846278e-14 -7.71084585e-16  6.02876141e-19 
 1.07000000e+00  1.07000000e+00  2.00000000e-01 -1.41882562e-09  1.41881407e-09  1.23217150e-14 -7.71084585e-16  6.02817343e-19 
 1.08000000e+00  1.08000000e+00  2.00000000e-01 -1.43403403e-09  1.43402230e-09  1.25006173e-14 -7.71084585e-16  6.02750509e-19 
 1.09000000e+00  1.09000000e+00  2.00000000e-01 -1.44947609e-09  1.44946413e-09  1.27338960e-14 -7.71084585e-16  6.02688060e-19 
 1.10000000e+00  1.10000000e+00  2.00000000e-01 -1.46515647e-09  1.46514420e-09  1.30375279e-14 -7.71084585e-16  6.02623206e-19 
 1.11000000e+00  1.11000000e+00  2.00000000e-01 -1.48107987e-09  1.48106721e-09  1.34317366e-14 -7.71084585e-16  6.02559992e-19 
 1.12000000e+00  1.12000000e+00  2.00000000e-01 -1.49725109e-09  1.49723792e-09  1.39420028e-14 -7.71084585e-16  6.02495075e-19 
 1.13000000e+00  1.13000000e+00  2.00000000e-01 -1.51367499e-09  1.51366116e-09  1.46002853e-14 -7.71084585e-16  6.02428741e-19 
 1.14000000e+00  1.14000000e+00  2.00000000e-01 -1.53035650e-09  1.53034182e-09  1.54464921e-14 -7.71084585e-16  6.02362120e-19 
 1.15000000e+00  1.15000000e+00  2.00000000e-01 -1.54730061e-09  1.54728485e-09  1.65302456e-14 -7.71084585e-16  6.02295082e-19 
 1.16000000e+00  1.16000000e+00  2.00000000e-01 -1.56451239e-09  1.56449525e-09  1.79129910e-14 -7.71084585e-16  6.02224874e-19 
 1.17000000e+00  1.17000000e+00  2.00000000e-01 -1.58199701e-09  1.58197811e-09  1.96705067e-14 -7.71084585e-16  6.02158407e-19 
 1.18000000e+00  1.18000000e+00  2.00000000e-01 -1.59975969e-09  1.59973857e-09  2.18958822e-14 -7.71084585e-16  6.02088897e-19 
 1.19000000e+00  1.19000000e+00  2.00000000e-01 -1.61780575e-09  1.61778182e-09  2.47030367e-14 -7.71084585e-16  6.02018881e-19 
 1.20000000e+00  1.20000000e+00  2.00000000e-01 -1.63614061e-09  1.63611315e-09  2.82308676e-14 -7.71084585e-16  6.01952240e-19 
 0.00000000e+00  0.00000000e+00  4.00000000e-01  2.51595154e-15  2.51595154e-15  3.24059172e-15 -8.27463098e-15  2.13618703e-18 
 1.00000000e-02  1.00000000e-02  4.00000000e-01 -3.34291560e-08  3.34291578e-08  6.47502709e-15 -8.26769209e-15  2.58585549e-19 
 2.00000000e-02  2.00000000e-02  4.00000000e-01 -5.82642445e-08  5.82642441e-08  8.67035057e-15 -8.25381430e-15  6.57840562e-19 
 3.00000000e-02  3.00000000e-02  4.00000000e-01 -7.56276173e-08  7.56276153e-08  1.01617625e-14 -8.23820179e-15  1.12576090e-18 
 4.00000000e-02  4.00000000e-02  4.00000000e-01 -8.71248037e-08  8.71248007e-08  1.11763657e-14 -8.22605872e-15  2.35097694e-18 
 5.00000000e-02  5.00000000e-02  4.00000000e-01 -9.45366164e-08  9.45366128e-08  1.18679948e-14 -8.21044621e-15  3.12034860e-18 
 6.00000000e-02  6.00000000e-02  4.00000000e-01 -9.93909843e-08  9.93909802e-08  1.23408397e-14 -8.20524204e-15  9.10192694e-19 
 7.00000000e-02  7.00000000e-02  4.00000000e-01 -1.02745369e-07  1.02745364e-07  1.26654710e-14 -8.20177259e-15  1.00802758e-18 
 8.00000000e-02  8.00000000e-02  4.00000000e-01 -1.05236779e-07  1.05236774e-07  1.28896969e-14 -8.19656842e-15  2.32201429e-19 
 9.00000000e-02  9.00000000e-02  4.00000000e-01 -1.07225369e-07  1.07225364e-07  1.30459100e-14 -8.19309898e-15  7.26112701e-19 
 1.00000000e-01  1.00000000e-01  4.00000000e-01 -1.08912661e-07  1.08912656e-07  1.31560596e-14 -8.19136425e-15  1.75068773e-19 
 1.10000000e-01  1.10000000e-01  4.00000000e-01 -1.10413557e-07  1.10413552e-07  1.32350189e-14 -8.19136425e-15  1.61963344e-18 
 1.20000000e-01  1.20000000e-01  4.00000000e-01 -1.11795691e-07  1.11795686e-07  1.32928661e-14 -8.18789481e-15  4.13220964e-19 
 1.30000000e-01  1.30000000e-01  4.00000000e-01 -1.13100332e-07  1.13100327e-07  1.33364303e-14 -8.18616008e-15  9.77395951e-19 
 1.40000000e-01  1.40000000e-01  4.00000000e-01 -1.14353574e-07  1.14353568e-07  1.33703389e-14 -8.18442536e-15  1.74343756e-18 
 1.50000000e-01  1.50000000e-01  4.00000000e-01 -1.15572477e-07  1.15572472e-07  1.33977272e-14 -8.18442536e-15  9.31667380e-19 
 1.60000000e-01  1.60000000e-01  4.00000000e-01 -1.16768550e-07  1.16768545e-07  1.34207198e-14 -8.18442536e-15  2.42923446e-19 
 1.70000000e-01  1.70000000e-01  4.00000000e-01 -1.17949772e-07  1.17949766e-07  1.34407563e-14 -8.18442536e-15  3.46411476e-19 
 1.80000000e-01  1.80000000e-01  4.00000000e-01 -1.19121821e-07  1.19121816e-07  1.34588124e-14 -8.18269064e-15  8.79103724e-19 
 1.90000000e-01  1.90000000e-01  4.00000000e-01 -1.20288833e-07  1.20288827e-07  1.34755491e-14 -8.18442536e-15  1.29886277e-18 
 2.00000000e-01  2.00000000e-01  4.00000000e-01 -1.21453884e-07  1.21453878e-07  1.34914145e-14 -8.18269064e-15  4.76048836e-20 
 2.10000000e-01  2.10000000e-01  4.00000000e-01 -1.22619308e-07  1.22619303e-07  1.35067125e-14 -8.18095591e-15  1.44008962e-18 
 2.20000000e-01  2.20000000e-01  4.00000000e-01 -1.23786909e-07  1.23786904e-07  1.35216491e-14 -8.18269064e-15  5.97642070e-19 
 2.30000000e-01  2.30000000e-01  4.00000000e-01 -1.24958105e-07  1.24958100e-07  1.35363641e-14 -8.18269064e-15  8.67729316e-19 
 2.40000000e-01  2.40000000e-01  4.00000000e-01 -1.26134027e-07  1.26134022e-07  1.35509524e-14 -8.18095591e-15  6.26305488e-19 
 2.50000000e-01  2.50000000e-01  4.00000000e-01 -1.27315595e-07  1.27315590e-07  1.35654787e-14 -8.18095591e-15  4.10334175e-19 
 2.60000000e-01  2.60000000e-01  4.00000000e-01 -1.28503564e-07  1.28503559e-07  1.35799868e-14 -8.18095591e-15  2.16059884e-19 
 2.70000000e-01  2.70000000e-01  4.00000000e-01 -1.29698565e-07  1.29698559e-07  1.35945068e-14 -8.18269064e-15  1.69400289e-18 
 2.80000000e-01  2.80000000e-01  4.00000000e-01 -1.30901131e-07  1.30901125e-07  1.36090594e-14 -8.18095591e-15  1.17074629e-19 
 2.90000000e-01  2.90000000e-01  4.00000000e-01 -1.32111720e-07  1.32111714e-07  1.36236589e-14 -8.18095591e-15  2.60014266e-19 
 3.00000000e-01  3.00000000e-01  4.00000000e-01 -1.33330728e-07  1.33330723e-07  1.36383151e-14 -8.18269064e-15  2.12474277e-18 
 3.10000000e-01  3.10000000e-01  4.00000000e-01 -1.34558505e-07  1.34558499e-07  1.36530351e-14 -8.18095591e-15  5.07479897e-19 
 3.20000000e-01  3.20000000e-01  4.00000000e-01 -1.35795359e-07  1.35795354e-07  1.36678240e-14 -8.18269064e-15  2.34905508e-18 
 3.30000000e-01  3.30000000e-01  4.00000000e-01 -1.37041570e-07  1.37041564e-07  1.36826854e-14 -8.18095591e-15  7.11296463e-19 
 3.40000000e-01  3.40000000e-01  4.00000000e-01 -1.38297389e-07  1.38297384e-07  1.36976222e-14 -8.17922119e-15  9.35368915e-19 
 3.50000000e-01  3.50000000e-01  4.00000000e-01 -1.39563051e-07  1.39563046e-07  1.37126367e-14 -8.18095591e-15  8.79661898e-19 
 3.60000000e-01  3.60000000e-01  4.00000000e-01 -1.40838772e-07  1.40838766e-07  1.37277306e-14 -8.17922119e-15  7.82218972e-19 
 3.70000000e-01  3.70000000e-01  4.00000000e-01 -1.42124753e-07  1.42124747e-07  1.37429056e-14 -8.18095591e-15  1.01864602e-18 
 3.80000000e-01  3.80000000e-01  4.00000000e-01 -1.43421188e-07  1.43421182e-07  1.37581629e-14 -8.18095591e-15  1.07838983e-18 
 3.90000000e-01  3.90000000e-01  4.00000000e-01 -1.44728260e-07  1.44728255e-07  1.37735040e-14 -8.17922119e-15  6.01935572e-19 
 4.00000000e-01  4.00000000e-01  4.00000000e-01 -1.46046149e-07  1.46046143e-07  1.37889299e-14 -8.17922119e-15  5.53030026e-19 
 4.10000000e-01  4.10000000e-01  4.00000000e-01 -1.47375027e-07  1.47375021e-07  1.38044420e-14 -8.18095591e-15  1.22585043e-18 
 4.20000000e-01  4.20000000e-01  4.00000000e-01 -1.48715066e-07  1.48715060e-07  1.38200412e-14 -8.17575174e-15  3.93898990e-18 
 4.30000000e-01  4.30000000e-01  4.00000000e-01 -1.50066435e-07  1.50066430e-07  1.38357288e-14 -8.17922119e-15  4.34259139e-19 
 4.40000000e-01  4.40000000e-01  4.00000000e-01 -1.51429305e-07  1.51429300e-07  1.38515058e-14 -8.17922119e-15  4.02661171e-19 
 4.50000000e-01  4.50000000e-01  4.00000000e-01 -1.52803847e-07  1.52803842e-07  1.38673733e-14 -8.17922119e-15  3.75026400e-19 
 4.60000000e-01  4.60000000e-01  4.00000000e-01 -1.54190234e-07  1.54190229e-07  1.38833326e-14 -8.18095591e-15  1.38414371e-18 
 4.70000000e-01  4.70000000e-01  4.00000000e-01 -1.55588644e-07  1.55588638e-07  1.38993847e-14 -8.17922119e-15  3.29825892e-19 
 4.80000000e-01  4.80000000e-01  4.00000000e-01 -1.56999256e-07  1.56999250e-07  1.39155308e-14 -8.17922119e-15  3.11586091e-19 
 4.90000000e-01  4.90000000e-01  4.00000000e-01 -1.58422257e-07  1.58422251e-07  1.39317721e-14 -8.17922119e-15  2.96599608e-19 
 5.00000000e-01  5.00000000e-01  4.00000000e-01 -1.59857840e-07  1.59857834e-07  1.39481097e-14 -8.17922119e-15  2.83712708e-19 
 5.10000000e-01  5.10000000e-01  4.00000000e-01 -1.61306203e-07  1.61306198e-07  1.39645448e-14 -8.17922119e-15  2.73690947e-19 
 5.20000000e-01  5.20000000e-01  4.00000000e-01 -1.62767553e-07  1.62767547e-07  1.39810787e-14 -8.18095591e-15  1.46846859e-18 
 5.30000000e-01  5.30000000e-01  4.00000000e-01 -1.64242104e-07  1.64242098e-07  1.39977125e-14 -8.18095591e-15  1.47379596e-18 
 5.40000000e-01  5.40000000e-01  4.00000000e-01 -1.65730078e-07  1.65730072e-07  1.40144474e-14 -8.18095591e-15  1.47684206e-18 
 5.50000000e-01  5.50000000e-01  4.00000000e-01 -1.67231707e-07  1.67231701e-07  1.40312848e-14 -8.18095591e-15  1.47784328e-18 
 5.60000000e-01  5.60000000e-01  4.00000000e-01 -1.68747234e-07  1.68747228e-07  1.40482259e-14 -8.18095591e-15  1.47617433e-18 
 5.70000000e-01  5.70000000e-01  4.00000000e-01 -1.70276909e-07  1.70276903e-07  1.40652719e-14 -8.18095591e-15  1.47352445e-18 
 5.80000000e-01  5.80000000e-01  4.00000000e-01 -1.71820994e-07  1.71820988e-07  1.40824241e-14 -8.18095591e-15  1.46902687e-18 
 5.90000000e-01  5.90000000e-01  4.00000000e-01 -1.73379763e-07  1.73379757e-07  1.40996839e-14 -8.18095591e-15  1.46307032e-18 
 6.00000000e-01  6.00000000e-01  4.00000000e-01 -1.74953498e-07  1.74953493e-07  1.41170526e-14 -8.18095591e-15  1.45496963e-18 
 6.10000000e-01  6.10000000e-01  4.00000000e-01 -1.76542496e-07  1.76542490e-07  1.41345315e-14 -8.18095591e-15  1.44529490e-18 
 6.20000000e-01  6.20000000e-01  4.00000000e-01 -1.78147062e-07  1.78147056e-07  1.41521219e-14 -8.18095591e-15  1.43417732e-18 
 6.30000000e-01  6.30000000e-01  4.00000000e-01 -1.79767515e-07  1.79767509e-07  1.41698253e-14 -8.18095591e-15  1.42130910e-18 
 6.40000000e-01  6.40000000e-01  4.00000000e-01 -1.81404185e-07  1.81404179e-07  1.41876430e-14 -8.18095591e-15  1.40700207e-18 
 6.50000000e-01  6.50000000e-01  4.00000000e-01 -1.83057415e-07  1.83057409e-07  1.42055763e-14 -8.17922119e-15  3.42747611e-19 
 6.60000000e-01  6.60000000e-01  4.00000000e-01 -1.84727558e-07  1.84727552e-07  1.42236268e-14 -8.17922119e-15  3.59271592e-19 
 6.70000000e-01  6.70000000e-01  4.00000000e-01 -1.86414982e-07  1.86414976e-07  1.42417959e-14 -8.17922119e-15  3.77664425e-19 
 6.80000000e-01  6.80000000e-01  4.00000000e-01 -1.88120064e-07  1.88120058e-07  1.42600849e-14 -8.17922119e-15  3.96619247e-19 
 6.90000000e-01  6.90000000e-01  4.00000000e-01 -1.89843198e-07  1.89843191e-07  1.42784954e-14 -8.17922119e-15  4.17174865e-19 
 7.00000000e-01  7.00000000e-01  4.00000000e-01 -1.91584784e-07  1.91584778e-07  1.42970288e-14 -8.18095591e-15  1.29560753e-18 
 7.10000000e-01  7.10000000e-01  4.00000000e-01 -1.93345241e-07  1.93345234e-07  1.43156867e-14 -8.18095591e-15  1.27290320e-18 
 7.20000000e-01  7.20000000e-01  4.00000000e-01 -1.95124994e-07  1.95124988e-07  1.43344705e-14 -8.18095591e-15  1.24982941e-18 
 7.30000000e-01  7.30000000e-01  4.00000000e-01 -1.96924486e-07  1.96924480e-07  1.43533817e-14 -8.17922119e-15  5.10501553e-19 
 7.40000000e-01  7.40000000e-01  4.00000000e-01 -1.98744167e-07  1.98744161e-07  1.43724220e-14 -8.17922119e-15  5.36377110e-19 
 7.50000000e-01  7.50000000e-01  4.00000000e-01 -2.00584504e-07  2.00584498e-07  1.43915929e-14 -8.17922119e-15  5.64083933e-19 
 7.60000000e-01  7.60000000e-01  4.00000000e-01 -2.02445972e-07  2.02445966e-07  1.44108959e-14 -8.17922119e-15  5.91390952e-19 
 7.70000000e-01  7.70000000e-01  4.00000000e-01 -2.04329061e-07  2.04329055e-07  1.44303327e-14 -8.17922119e-15  6.20531538e-19 
 7.80000000e-01  7.80000000e-01  4.00000000e-01 -2.06234270e-07  2.06234264e-07  1.44499048e-14 -8.18095591e-15  1.08499010e-18 
 7.90000000e-01  7.90000000e-01  4.00000000e-01 -2.08162114e-07  2.08162107e-07  1.44696140e-14 -8.18095591e-15  1.05324632e-18 
 8.00000000e-01  8.00000000e-01  4.00000000e-01 -2.10113115e-07  2.10113108e-07  1.44894618e-14 -8.18095591e-15  1.02175582e-18 
 8.10000000e-01  8.10000000e-01  4.00000000e-01 -2.12087810e-07  2.12087804e-07  1.45094500e-14 -8.18095591e-15  9.89272183e-19 
 8.20000000e-01  8.20000000e-01  4.00000000e-01 -2.14086747e-07  2.14086740e-07  1.45295802e-14 -8.17922119e-15  7.79345794e-19 
 8.30000000e-01  8.30000000e-01  4.00000000e-01 -2.16110484e-07  2.16110478e-07  1.45498541e-14 -8.17922119e-15  8.13393421e-19 
 8.40000000e-01  8.40000000e-01  4.00000000e-01 -2.18159593e-07  2.18159587e-07  1.45702734e-14 -8.18269064e-15  2.62012718e-18 
 8.50000000e-01  8.50000000e-01  4.00000000e-01 -2.20234656e-07  2.20234649e-07  1.45908400e-14 -8.18269064e-15  2.58438921e-18 
 8.60000000e-01  8.60000000e-01  4.00000000e-01 -2.22336265e-07  2.22336258e-07  1.46115555e-14 -8.18095591e-15  8.12775984e-19 
 8.70000000e-01  8.70000000e-01  4.00000000e-01 -2.24465025e-07  2.24465018e-07  1.46324217e-14 -8.18095591e-15  7.74645626e-19 
 8.80000000e-01  8.80000000e-01  4.00000000e-01 -2.26621551e-07  2.26621545e-07  1.46534405e-14 -8.18095591e-15  7.36013285e-19 
 8.90000000e-01  8.90000000e-01  4.00000000e-01 -2.28806471e-07  2.28806464e-07  1.46746137e-14 -8.17922119e-15  1.03712552e-18 
 9.00000000e-01  9.00000000e-01  4.00000000e-01 -2.31020421e-07  2.31020414e-07  1.46959430e-14 -8.18095591e-15  6.57134153e-19 
 9.10000000e-01  9.10000000e-01  4.00000000e-01 -2.33264049e-07  2.33264043e-07  1.47174305e-14 -8.18095591e-15  6.16571440e-19 
 9.20000000e-01  9.20000000e-01  4.00000000e-01 -2.35538016e-07  2.35538009e-07  1.47390779e-14 -8.17922119e-15  1.16027244e-18 
 9.30000000e-01  9.30000000e-01  4.00000000e-01 -2.37842991e-07  2.37842984e-07  1.48794887e-14 -8.17922119e-15  1.20297534e-18 
 9.40000000e-01  9.40000000e-01  4.00000000e-01 -2.40179654e-07  2.40179647e-07  1.52333573e-14 -8.18269064e-15  2.22387215e-18 
 9.50000000e-01  9.50000000e-01  4.00000000e-01 -2.42548697e-07  2.42548689e-07  1.57416114e-14 -8.18095591e-15  4.45545499e-19 
 9.60000000e-01  9.60000000e-01  4.00000000e-01 -2.44950822e-07  2.44950813e-07  1.64678058e-14 -8.18095591e-15  4.00603586e-19 
 9.70000000e-01  9.70000000e-01  4.00000000e-01 -2.47386740e-07  2.47386731e-07  1.74993203e-14 -8.18095591e-15  3.54956100e-19 
 9.80000000e-01  9.80000000e-01  4.00000000e-01 -2.49857176e-07  2.49857165e-07  1.89554231e-14 -8.17922119e-15  1.42655035e-18 
 9.90000000e-01  9.90000000e-01  4.00000000e-01 -2.52362862e-07  2.52362850e-07  2.09977712e-14 -8.18269064e-15  1.99708114e-18 
 1.00000000e+00  1.00000000e+00  4.00000000e-01 -2.54904543e-07  2.54904528e-07  2.38439956e-14 -8.18269064e-15  1.94909724e-18 
 1.01000000e+00  1.01000000e+00  4.00000000e-01 -2.57482973e-07  2.57482954e-07  2.77851659e-14 -8.18095591e-15  1.65999488e-19 
 1.02000000e+00  1.02000000e+00  4.00000000e-01 -2.60098918e-07  2.60098893e-07  3.32081076e-14 -8.18095591e-15  1.17673999e-19 
 1.03000000e+00  1.03000000e+00  4.00000000e-01 -2.62753151e-07  2.62753119e-07  4.06237520e-14 -8.18269064e-15  1.80186193e-18 
 1.04000000e+00  1.04000000e+00  4.00000000e-01 -2.65446461e-07  2.65446418e-07  5.07029450e-14 -8.18269064e-15  1.75206483e-18 
 1.05000000e+00  1.05000000e+00  4.00000000e-01 -2.68179643e-07  2.68179587e-07  6.43214289e-14 -8.18269064e-15  1.70084053e-18 
 1.06000000e+00  1.06000000e+00  4.00000000e-01 -2.70953505e-07  2.70953430e-07  8.26160464e-14 -8.18095591e-15  8.61128287e-20 
 1.07000000e+00  1.07000000e+00  4.00000000e-01 -2.73768865e-07  2.73768766e-07  1.07054605e-13 -8.18095591e-15  1.38673302e-19 
 1.08000000e+00  1.08000000e+00  4.00000000e-01 -2.76626551e-07  2.76626420e-07  1.39522285e-13 -8.18095591e-15  1.91831840e-19 
 1.09000000e+00  1.09000000e+00  4.00000000e-01 -2.79527405e-07  2.79527231e-07  1.82428004e-13 -8.18095591e-15  2.44649059e-19 
 1.10000000e+00  1.10000000e+00  4.00000000e-01 -2.82472277e-07  2.82472046e-07  2.38834709e-13 -8.18269064e-15  1.43544443e-18 
 1.11000000e+00  1.11000000e+00  4.00000000e-01 -2.85462029e-07  2.85461724e-07  3.12618283e-13 -8.18095591e-15  3.54812558e-19 
 1.12000000e+00  1.12000000e+00  4.00000000e-01 -2.88497535e-07  2.88497134e-07  4.08660479e-13 -8.18095591e-15  4.10623846e-19 
 1.13000000e+00  1.13000000e+00  4.00000000e-01 -2.91579681e-07  2.91579156e-07  5.33082160e-13 -8.18269064e-15  1.26702565e-18 
 1.14000000e+00  1.14000000e+00  4.00000000e-01 -2.94709365e-07  2.94708679e-07  6.93524123e-13 -8.18269064e-15  1.20953180e-18 
 1.15000000e+00  1.15000000e+00  4.00000000e-01 -2.97887497e-07  2.97886605e-07  8.99483820e-13 -8.18269064e-15  1.15245650e-18 
 1.16000000e+00  1.16000000e+00  4.00000000e-01 -3.01115000e-07  3.01113846e-07  1.16271756e-12 -8.18095591e-15  6.41609657e-19 
 1.17000000e+00  1.17000000e+00  4.00000000e-01 -3.04392813e-07  3.04391323e-07  1.49771908e-12 -8.18269064e-15  1.03409593e-18 
 1.18000000e+00  1.18000000e+00  4.00000000e-01 -3.07721884e-07  3.07719970e-07  1.92228687e-12 -8.18095591e-15  7.60659374e-19 
 1.19000000e+00  1.19000000e+00  4.00000000e-01 -3.11103182e-07  3.11100732e-07  2.45819439e-12 -8.18095591e-15  8.21236493e-19 
 1.20000000e+00  1.20000000e+00  4.00000000e-01 -3.14537687e-07  3.14534563e-07  3.13197899e-12 -8.18269064e-15  8.52898333e-19 
 0.00000000e+00  0.00000000e+00  6.00000000e-01  1.00695147e-11  1.00695147e-11  1.06400304e-14 -2.01496701e-11  7.56776395e-19 
 1.00000000e-02  1.00000000e-02  6.00000000e-01 -4.12267376e-06  4.12269388e-06  1.39040692e-14 -2.01320211e-11  6.46804448e-19 
 2.00000000e-02  2.00000000e-02  6.00000000e-01 -7.30516689e-06  7.30518694e-06  1.61774678e-14 -2.00699735e-11  3.34164987e-18 
 3.00000000e-02  3.00000000e-02  6.00000000e-01 -9.64000881e-06  9.64002879e-06  1.78000380e-14 -2.00011674e-11  5.16378249e-18 
 4.00000000e-02  4.00000000e-02  6.00000000e-01 -1.12668819e-05  1.12669018e-05  1.90014861e-14 -1.99422735e-11  3.41801318e-18 
 5.00000000e-02  5.00000000e-02  6.00000000e-01 -1.23582527e-05  1.23582726e-05  1.99338567e-14 -1.98962166e-11  3.64550865e-18 
 6.00000000e-02  6.00000000e-02  6.00000000e-01 -1.30844976e-05  1.30845175e-05  2.06947501e-14 -1.98618448e-11  3.75456010e-18 
 7.00000000e-02  7.00000000e-02  6.00000000e-01 -1.35812451e-05  1.35812650e-05  2.13457071e-14 -1.98367954e-11  1.07316019e-18 
 8.00000000e-02  8.00000000e-02  6.00000000e-01 -1.39398227e-05  1.39398425e-05  2.19259350e-14 -1.98186190e-11  4.12587671e-19 
 9.00000000e-02  9.00000000e-02  6.00000000e-01 -1.42158307e-05  1.42158505e-05  2.24610826e-14 -1.98053518e-11  2.12275889e-18 
 1.00000000e-01  1.00000000e-01  6.00000000e-01 -1.44417221e-05  1.44417419e-05  2.29683102e-14 -1.97955610e-11  6.25564882e-19 
 1.10000000e-01  1.10000000e-01  6.00000000e-01 -1.46363849e-05  1.46364047e-05  2.34592309e-14 -1.97882682e-11  4.10467600e-19 
 1.20000000e-01  1.20000000e-01  6.00000000e-01 -1.48110190e-05  1.48110388e-05  2.39417289e-14 -1.97827900e-11  1.67754999e-18 
 1.30000000e-01  1.30000000e-01  6.00000000e-01 -1.49724568e-05  1.49724766e-05  2.44211512e-14 -1.97786648e-11  1.71989903e-18 
 1.40000000e-01  1.40000000e-01  6.00000000e-01 -1.51249998e-05  1.51250196e-05  2.49011146e-14 -1.97755666e-11  7.59575552e-19 
 1.50000000e-01  1.50000000e-01  6.00000000e-01 -1.52714424e-05  1.52714621e-05  2.53840582e-14 -1.97732594e-11  2.45434816e-18 
 1.60000000e-01  1.60000000e-01  6.00000000e-01 -1.54136544e-05  1.54136741e-05  2.58716231e-14 -1.97715733e-11  2.34678663e-18 
 1.70000000e-01  1.70000000e-01  6.00000000e-01 -1.55529219e-05  1.55529417e-05  2.63649119e-14 -1.97703832e-11  2.55714888e-19 
 1.80000000e-01  1.80000000e-01  6.00000000e-01 -1.56901521e-05  1.56901718e-05  2.68646665e-14 -1.97695992e-11  4.73159154e-20 
 1.90000000e-01  1.90000000e-01  6.00000000e-01 -1.58259992e-05  1.58260190e-05  2.73713877e-14 -1.97691481e-11  4.61659070e-19 
 2.00000000e-01  2.00000000e-01  6.00000000e-01 -1.59609456e-05  1.59609653e-05  2.78854173e-14 -1.97689747e-11  1.67201771e-18 
 2.10000000e-01  2.10000000e-01  6.00000000e-01 -1.60953532e-05  1.60953730e-05  2.84069926e-14 -1.97690302e-11  1.08543422e-18 
 2.20000000e-01  2.20000000e-01  6.00000000e-01 -1.62294989e-05  1.62295186e-05  2.89362832e-14 -1.97692869e-11  8.24549155e-19 
 2.30000000e-01  2.30000000e-01  6.00000000e-01 -1.63635973e-05  1.63636171e-05  2.94734154e-14 -1.97697102e-11  4.28535305e-18 
 2.40000000e-01  2.40000000e-01  6.00000000e-01 -1.64978181e-05  1.64978378e-05  3.00184887e-14 -1.97702826e-11  5.95653826e-18 
 2.50000000e-01  2.50000000e-01  6.00000000e-01 -1.66322964e-05  1.66323162e-05  3.05715863e-14 -1.97709904e-11  1.06947211e-18 
 2.60000000e-01  2.60000000e-01  6.00000000e-01 -1.67671422e-05  1.67671620e-05  3.11327820e-14 -1.97718092e-11  1.41151090e-18 
 2.70000000e-01  2.70000000e-01  6.00000000e-01 -1.69024453e-05  1.69024651e-05  3.17021450e-14 -1.97727217e-11  2.81105408e-18 
 2.80000000e-01  2.80000000e-01  6.00000000e-01 -1.70382805e-05  1.70383002e-05  3.22797423e-14 -1.97737313e-11  5.88486348e-19 
 2.90000000e-01  2.90000000e-01  6.00000000e-01 -1.71747103e-05  1.71747301e-05  3.28656409e-14 -1.97748172e-11  5.77895196e-20 
 3.00000000e-01  3.00000000e-01  6.00000000e-01 -1.73117880e-05  1.73118078e-05  3.34599086e-14 -1.97759795e-11  2.85299332e-18 
 3.10000000e-01  3.10000000e-01  6.00000000e-01 -1.74495592e-05  1.74495790e-05  3.40626150e-14 -1.97772007e-11  1.02134562e-18 
 3.20000000e-01  3.20000000e-01  6.00000000e-01 -1.75880635e-05  1.75880832e-05  3.46738310e-14 -1.97784844e-11  2.59049495e-18 
 3.30000000e-01  3.30000000e-01  6.00000000e-01 -1.77273352e-05  1.77273550e-05  3.52936299e-14 -1.97798306e-11  3.14102104e-18 
 3.40000000e-01  3.40000000e-01  6.00000000e-01 -1.78674052e-05  1.78674249e-05  3.59220869e-14 -1.97812183e-11  2.46317695e-19 
 3.50000000e-01  3.50000000e-01  6.00000000e-01 -1.80083006e-05  1.80083204e-05  3.65592791e-14 -1.97826547e-11  2.23157545e-18 
 3.60000000e-01  3.60000000e-01  6.00000000e-01 -1.81500462e-05  1.81500659e-05  3.72052856e-14 -1.97841361e-11  2.67695154e-18 
 3.70000000e-01  3.70000000e-01  6.00000000e-01 -1.82926643e-05  1.82926840e-05  3.78601871e-14 -1.97856662e-11  4.62507388e-18 
 3.80000000e-01  3.80000000e-01  6.00000000e-01 -1.84361757e-05  1.84361955e-05  3.85240664e-14 -1.97872239e-11  1.45864475e-18 
 3.90000000e-01  3.90000000e-01  6.00000000e-01 -1.85805997e-05  1.85806194e-05  3.91970075e-14 -1.97888234e-11  4.02969159e-18 
 4.00000000e-01  4.00000000e-01  6.00000000e-01 -1.87259544e-05  1.87259742e-05  3.98790962e-14 -1.97904471e-11  2.84505586e-18 
 4.10000000e-01  4.10000000e-01  6.00000000e-01 -1.88722572e-05  1.88722770e-05  4.05704198e-14 -1.97921124e-11  3.33495235e-19 
 4.20000000e-01  4.20000000e-01  6.00000000e-01 -1.90195247e-05  1.90195445e-05  4.12710670e-14 -1.97938055e-11  4.50476844e-19 
 4.30000000e-01  4.30000000e-01  6.00000000e-01 -1.91677733e-05  1.91677930e-05  4.19811275e-14 -1.97955298e-11  1.78267877e-18 
 4.40000000e-01  4.40000000e-01  6.00000000e-01 -1.93170188e-05  1.93170385e-05  4.27006928e-14 -1.97972749e-11  2.91389219e-18 
 4.50000000e-01  4.50000000e-01  6.00000000e-01 -1.94672772e-05  1.94672970e-05  4.34298553e-14 -1.97990548e-11  6.00362999e-19 
 4.60000000e-01  4.60000000e-01  6.00000000e-01 -1.96185645e-05  1.96185842e-05  4.41687086e-14 -1.98008519e-11  3.84153664e-18 
 4.70000000e-01  4.70000000e-01  6.00000000e-01 -1.97708968e-05  1.97709165e-05  4.49173477e-14 -1.98026803e-11  1.67060102e-18 
 4.80000000e-01  4.80000000e-01  6.00000000e-01 -1.99242906e-05  1.99243104e-05  4.56758684e-14 -1.98045295e-11  2.17141733e-18 
 4.90000000e-01  4.90000000e-01  6.00000000e-01 -2.00787628e-05  2.00787826e-05  4.64443680e-14 -1.98064030e-11  1.21267409e-18 
 5.00000000e-01  5.00000000e-01  6.00000000e-01 -2.02343309e-05  2.02343507e-05  4.72229445e-14 -1.98083043e-11  5.49848999e-18 
 5.10000000e-01  5.10000000e-01  6.00000000e-01 -2.03910129e-05  2.03910327e-05  4.80116971e-14 -1.98102194e-11  4.68979976e-18 
 5.20000000e-01  5.20000000e-01  6.00000000e-01 -2.05488277e-05  2.05488474e-05  4.88107261e-14 -1.98121484e-11  3.19690716e-18 
 5.30000000e-01  5.30000000e-01  6.00000000e-01 -2.07077947e-05  2.07078145e-05  4.96201328e-14 -1.98141087e-11  5.88135203e-21 
 5.40000000e-01  5.40000000e-01  6.00000000e-01 -2.08679345e-05  2.08679543e-05  5.04400196e-14 -1.98160863e-11  8.05954807e-19 
 5.50000000e-01  5.50000000e-01  6.00000000e-01 -2.10292684e-05  2.10292882e-05  5.12704897e-14 -1.98180847e-11  3.11153811e-18 
 5.60000000e-01  5.60000000e-01  6.00000000e-01 -2.11918188e-05  2.11918385e-05  5.21116475e-14 -1.98200970e-11  4.21513766e-19 
 5.70000000e-01  5.70000000e-01  6.00000000e-01 -2.13556090e-05  2.13556288e-05  5.29635982e-14 -1.98221300e-11  3.13702294e-21 
 5.80000000e-01  5.80000000e-01  6.00000000e-01 -2.15206636e-05  2.15206834e-05  5.38264483e-14 -1.98241840e-11  2.34640988e-18 
 5.90000000e-01  5.90000000e-01  6.00000000e-01 -2.16870081e-05  2.16870279e-05  5.47003050e-14 -1.98262483e-11  2.79325274e-18 
 6.00000000e-01  6.00000000e-01  6.00000000e-01 -2.18546693e-05  2.18546891e-05  5.55852765e-14 -1.98283404e-11  2.47362801e-18 
 6.10000000e-01  6.10000000e-01  6.00000000e-01 -2.20236752e-05  2.20236949e-05  5.64814721e-14 -1.98304428e-11  6.36349843e-19 
 6.20000000e-01  6.20000000e-01  6.00000000e-01 -2.21940547e-05  2.21940745e-05  5.73890022e-14 -1.98325661e-11  2.91458910e-18 
 6.30000000e-01  6.30000000e-01  6.00000000e-01 -2.23658384e-05  2.23658581e-05  5.83079777e-14 -1.98346964e-11  4.78907665e-18 
 6.40000000e-01  6.40000000e-01  6.00000000e-01 -2.25390577e-05  2.25390774e-05  5.92385111e-14 -1.98368509e-11  4.64329389e-18 
 6.50000000e-01  6.50000000e-01  6.00000000e-01 -2.27137454e-05  2.27137652e-05  6.01807154e-14 -1.98390263e-11  1.22260402e-19 
 6.60000000e-01  6.60000000e-01  6.00000000e-01 -2.28899357e-05  2.28899555e-05  6.11347048e-14 -1.98412155e-11  2.20887050e-18 
 6.70000000e-01  6.70000000e-01  6.00000000e-01 -2.30676638e-05  2.30676836e-05  6.21005944e-14 -1.98434186e-11  2.45180791e-18 
 6.80000000e-01  6.80000000e-01  6.00000000e-01 -2.32469664e-05  2.32469862e-05  6.30785004e-14 -1.98456356e-11  7.07278226e-19 
 6.90000000e-01  6.90000000e-01  6.00000000e-01 -2.34278811e-05  2.34279009e-05  6.40685398e-14 -1.98478699e-11  7.07100441e-19 
 7.00000000e-01  7.00000000e-01  6.00000000e-01 -2.36104471e-05  2.36104669e-05  6.50708307e-14 -1.98501181e-11  9.73628257e-19 
 7.10000000e-01  7.10000000e-01  6.00000000e-01 -2.37947046e-05  2.37947243e-05  6.60854922e-14 -1.98523836e-11  7.67696610e-19 
 7.20000000e-01  7.20000000e-01  6.00000000e-01 -2.39806950e-05  2.39807148e-05  6.71126444e-14 -1.98546665e-11  1.58429688e-18 
 7.30000000e-01  7.30000000e-01  6.00000000e-01 -2.41684612e-05  2.41684810e-05  6.81524083e-14 -1.98569633e-11  2.54604974e-18 
 7.40000000e-01  7.40000000e-01  6.00000000e-01 -2.43580469e-05  2.43580666e-05  6.92049060e-14 -1.98592739e-11  2.26654714e-18 
 7.50000000e-01  7.50000000e-01  6.00000000e-01 -2.45494971e-05  2.45495169e-05  7.02702606e-14 -1.98616019e-11  4.36321768e-18 
 7.60000000e-01  7.60000000e-01  6.00000000e-01 -2.47428582e-05  2.47428780e-05  7.13485961e-14 -1.98639404e-11  1.82730134e-18 
 7.70000000e-01  7.70000000e-01  6.00000000e-01 -2.49381774e-05  2.49381972e-05  7.24400377e-14 -1.98662926e-11  1.61737165e-18 
 7.80000000e-01  7.80000000e-01  6.00000000e-01 -2.51355032e-05  2.51355230e-05  7.35447113e-14 -1.98686657e-11  1.05882997e-18 
 7.90000000e-01  7.90000000e-01  6.00000000e-01 -2.53348852e-05  2.53349050e-05  7.46627443e-14 -1.98710493e-11  6.79557321e-19 
 8.00000000e-01  8.00000000e-01  6.00000000e-01 -2.55363740e-05  2.55363938e-05  7.57942646e-14 -1.98734501e-11  2.49264030e-19 
 8.10000000e-01  8.10000000e-01  6.00000000e-01 -2.57400213e-05  2.57400411e-05  7.69394016e-14 -1.98758648e-11  3.55091713e-19 
 8.20000000e-01  8.20000000e-01  6.00000000e-01 -2.59458798e-05  2.59458996e-05  7.80982853e-14 -1.98782935e-11  1.12812298e-19 
 8.30000000e-01  8.30000000e-01  6.00000000e-01 -2.61540034e-05  2.61540232e-05  7.92710470e-14 -1.98807359e-11  1.28569484e-18 
 8.40000000e-01  8.40000000e-01  6.00000000e-01 -2.63644467e-05  2.63644665e-05  8.04578191e-14 -1.98831958e-11  3.90441942e-19 
 8.50000000e-01  8.50000000e-01  6.00000000e-01 -2.65772656e-05  2.65772854e-05  8.16587348e-14 -1.98856695e-11  1.47544416e-18 
 8.60000000e-01  8.60000000e-01  6.00000000e-01 -2.67925167e-05  2.67925365e-05  8.28739286e-14 -1.98881571e-11  2.10597253e-18 
 8.70000000e-01  8.70000000e-01  6.00000000e-01 -2.70102577e-05  2.70102775e-05  8.41035359e-14 -1.98906551e-11  1.26865721e-18 
 8.80000000e-01  8.80000000e-01  6.00000000e-01 -2.72305470e-05  2.72305668e-05  8.53476932e-14 -1.98931739e-11  1.56917561e-18 
 8.90000000e-01  8.90000000e-01  6.00000000e-01 -2.74534443e-05  2.74534641e-05  8.66065381e-14 -1.98957031e-11  7.24073413e-19 
 9.00000000e-01  9.00000000e-01  6.00000000e-01 -2.76790098e-05  2.76790296e-05  8.78802092e-14 -1.98982462e-11  6.90008154e-19 
 9.10000000e-01  9.10000000e-01  6.00000000e-01 -2.79073047e-05  2.79073245e-05  8.91688463e-14 -1.99008067e-11  8.19278979e-19 
 9.20000000e-01  9.20000000e-01  6.00000000e-01 -2.81383911e-05  2.81384109e-05  9.04725902e-14 -1.99033810e-11  2.02114597e-18 
 9.30000000e-01  9.30000000e-01  6.00000000e-01 -2.83723319e-05  2.83723517e-05  9.17915827e-14 -1.99059692e-11  2.82790133e-18 
 9.40000000e-01  9.40000000e-01  6.00000000e-01 -2.86091907e-05  2.86092105e-05  1.08700964e-13 -1.99085713e-11  2.98868914e-18 
 9.50000000e-01  9.50000000e-01  6.00000000e-01 -2.88490321e-05  2.88490519e-05  1.50233994e-13 -1.99111838e-11  4.90322251e-19 
 9.60000000e-01  9.60000000e-01  6.00000000e-01 -2.90919213e-05  2.90919410e-05  2.10177375e-13 -1.99138171e-11  2.42608975e-18 
 9.70000000e-01  9.70000000e-01  6.00000000e-01 -2.93379244e-05  2.93379440e-05  2.96012364e-13 -1.99164608e-11  1.60932233e-18 
 9.80000000e-01  9.80000000e-01  6.00000000e-01 -2.95871081e-05  2.95871276e-05  4.17986394e-13 -1.99191184e-11  1.06295245e-19 
 9.90000000e-01  9.90000000e-01  6.00000000e-01 -2.98395400e-05  2.98395594e-05  5.90035510e-13 -1.99217934e-11  1.94865888e-18 
 1.00000000e+00  1.00000000e+00  6.00000000e-01 -3.00952884e-05  3.00953075e-05  8.30981019e-13 -1.99244787e-11  1.72854663e-19 
 1.01000000e+00  1.01000000e+00  6.00000000e-01 -3.03544223e-05  3.03544410e-05  1.16607189e-12 -1.99271814e-11  7.14919272e-19 
 1.02000000e+00  1.02000000e+00  6.00000000e-01 -3.06170112e-05  3.06170295e-05  1.62896046e-12 -1.99298945e-11  2.36892121e-18 
 1.03000000e+00  1.03000000e+00  6.00000000e-01 -3.08831257e-05  3.08831434e-05  2.26421782e-12 -1.99326250e-11  2.30553878e-18 
 1.04000000e+00  1.04000000e+00  6.00000000e-01 -3.11528368e-05  3.11528536e-05  3.13051788e-12 -1.99353728e-11  7.01122865e-19 
 1.05000000e+00  1.05000000e+00  6.00000000e-01 -3.14262163e-05  3.14262319e-05  4.30464488e-12 -1.99381310e-11  1.27126320e-19 
 1.06000000e+00  1.06000000e+00  6.00000000e-01 -3.17033367e-05  3.17033507e-05  5.88651003e-12 -1.99409031e-11  1.46794401e-18 
 1.07000000e+00  1.07000000e+00  6.00000000e-01 -3.19842710e-05  3.19842829e-05  8.00539808e-12 -1.99436995e-11  7.06720032e-18 
 1.08000000e+00  1.08000000e+00  6.00000000e-01 -3.22690932e-05  3.22691023e-05  1.08277055e-11 -1.99464924e-11  2.19498750e-18 
 1.09000000e+00  1.09000000e+00  6.00000000e-01 -3.25578777e-05  3.25578830e-05  1.45664792e-11 -1.99493096e-11  1.54832164e-18 
 1.10000000e+00  1.10000000e+00  6.00000000e-01 -3.28506996e-05  3.28507001e-05  1.94931179e-11 -1.99521406e-11  1.43326686e-18 
 1.11000000e+00  1.11000000e+00  6.00000000e-01 -3.31476350e-05  3.31476290e-05  2.59516597e-11 -1.99549891e-11  1.57325422e-18 
 1.12000000e+00  1.12000000e+00  6.00000000e-01 -3.34487604e-05  3.34487460e-05  3.43761490e-11 -1.99578479e-11  5.69433008e-19 
 1.13000000e+00  1.13000000e+00  6.00000000e-01 -3.37541531e-05  3.37541278e-05  4.53116533e-11 -1.99607206e-11  1.07309524e-18 
 1.14000000e+00  1.14000000e+00  6.00000000e-01 -3.40638912e-05  3.40638517e-05  5.94395894e-11 -1.99636106e-11  1.11599305e-19 
 1.15000000e+00  1.15000000e+00  6.00000000e-01 -3.43780535e-05  3.43779959e-05  7.76081165e-11 -1.99665146e-11  1.00619463e-18 
 1.16000000e+00  1.16000000e+00  6.00000000e-01 -3.46967196e-05  3.46966387e-05  1.00868464e-10 -1.99694289e-11  2.62943160e-18 
 1.17000000e+00  1.17000000e+00  6.00000000e-01 -3.50199701e-05  3.50198595e-05  1.30518183e-10 -1.99723675e-11  3.71123877e-18 
 1.18000000e+00  1.18000000e+00  6.00000000e-01 -3.53478862e-05  3.53477380e-05  1.68152449e-10 -1.99753131e-11  2.22070708e-18 
 1.19000000e+00  1.19000000e+00  6.00000000e-01 -3.56805503e-05  3.56803546e-05  2.15724688e-10 -1.99782725e-11  1.97222761e-19 
 1.20000000e+00  1.20000000e+00  6.00000000e-01 -3.60180458e-05  3.60177901e-05  2.75617970e-10 -1.99812458e-11  2.61846194e-18 
 0.00000000e+00  0.00000000e+00  8.00000000e-01  2.62485005e-09  2.62485005e-09  1.30550682e-13 -5.24983065e-09  3.87281590e-18 
 1.00000000e-02  1.00000000e-02  8.00000000e-01 -6.49094863e-05  6.49147322e-05  1.34476495e-13 -5.24601868e-09  2.79080931e-18 
 2.00000000e-02  2.00000000e-02  8.00000000e-01 -1.24877775e-04  1.24883002e-04  1.37666353e-13 -5.22659199e-09  3.03506435e-18 
 3.00000000e-02  3.00000000e-02  8.00000000e-01 -1.79918719e-04  1.79923922e-04  1.40488477e-13 -5.20390643e-09  2.65486013e-18 
 4.00000000e-02  4.00000000e-02  8.00000000e-01 -2.30067013e-04  2.30072194e-04  1.43211310e-13 -5.18201691e-09  3.16481302e-18 
 5.00000000e-02  5.00000000e-02  8.00000000e-01 -2.75374045e-04  2.75379207e-04  1.46040335e-13 -5.16138885e-09  5.38398706e-18 
 6.00000000e-02  6.00000000e-02  8.00000000e-01 -3.15911682e-04  3.15916823e-04  1.49143651e-13 -5.14199893e-09  2.96870861e-18 
 7.00000000e-02  7.00000000e-02  8.00000000e-01 -3.51779851e-04  3.51784975e-04  1.52669454e-13 -5.12383545e-09  2.25847740e-18 
 8.00000000e-02  8.00000000e-02  8.00000000e-01 -3.83117740e-04  3.83122847e-04  1.56756904e-13 -5.10695075e-09  7.85033809e-19 
 9.00000000e-02  9.00000000e-02  8.00000000e-01 -4.10117982e-04  4.10123074e-04  1.61540552e-13 -5.09144816e-09  6.57152256e-20 
 1.00000000e-01  1.00000000e-01  8.00000000e-01 -4.33041469e-04  4.33046546e-04  1.67147715e-13 -5.07745704e-09  1.99923544e-18 
 1.10000000e-01  1.10000000e-01  8.00000000e-01 -4.52227583e-04  4.52232648e-04  1.73688717e-13 -5.06510177e-09  1.26383166e-18 
 1.20000000e-01  1.20000000e-01  8.00000000e-01 -4.68092396e-04  4.68097451e-04  1.81242292e-13 -5.05446750e-09  1.61702720e-18 
 1.30000000e-01  1.30000000e-01  8.00000000e-01 -4.81108977e-04  4.81114022e-04  1.89841887e-13 -5.04557112e-09  5.81630864e-18 
 1.40000000e-01  1.40000000e-01  8.00000000e-01 -4.91771305e-04  4.91776343e-04  1.99469982e-13 -5.03834872e-09  3.26832691e-18 
 1.50000000e-01  1.50000000e-01  8.00000000e-01 -5.00552494e-04  5.00557527e-04  2.10064102e-13 -5.03266475e-09  2.53294290e-18 
 1.60000000e-01  1.60000000e-01  8.00000000e-01 -5.07871115e-04  5.07876143e-04  2.21531864e-13 -5.02833745e-09  9.97900034e-19 
 1.70000000e-01  1.70000000e-01  8.00000000e-01 -5.14073847e-04  5.14078872e-04  2.33768386e-13 -5.02516825e-09  1.21513375e-18 
 1.80000000e-01  1.80000000e-01  8.00000000e-01 -5.19433898e-04  5.19438921e-04  2.46670326e-13 -5.02296536e-09  3.92304897e-18 
 1.90000000e-01  1.90000000e-01  8.00000000e-01 -5.24159427e-04  5.24164448e-04  2.60144338e-13 -5.02155759e-09  8.68612952e-19 
 2.00000000e-01  2.00000000e-01  8.00000000e-01 -5.28405895e-04  5.28410915e-04  2.74110599e-13 -5.02079959e-09  8.70915687e-19 
 2.10000000e-01  2.10000000e-01  8.00000000e-01 -5.32288334e-04  5.32293354e-04  2.88503115e-13 -5.02057178e-09  2.98844689e-18 
 2.20000000e-01  2.20000000e-01  8.00000000e-01 -5.35891730e-04  5.35896751e-04  3.03268394e-13 -5.02077751e-09  2.30078419e-18 
 2.30000000e-01  2.30000000e-01  8.00000000e-01 -5.39279108e-04  5.39284129e-04  3.18363523e-13 -5.02133939e-09  2.47065303e-18 
 2.40000000e-01  2.40000000e-01  8.00000000e-01 -5.42497541e-04  5.42502563e-04  3.33754222e-13 -5.02219560e-09  2.96640325e-18 
 2.50000000e-01  2.50000000e-01  8.00000000e-01 -5.45582509e-04  5.45587532e-04  3.49413113e-13 -5.02329674e-09  2.50840915e-18 
 2.60000000e-01  2.60000000e-01  8.00000000e-01 -5.48561032e-04  5.48566056e-04  3.65318276e-13 -5.02460320e-09  1.99227700e-18 
 2.70000000e-01  2.70000000e-01  8.00000000e-01 -5.51453905e-04  5.51458931e-04  3.81452098e-13 -5.02608302e-09  5.48744656e-18 
 2.80000000e-01  2.80000000e-01  8.00000000e-01 -5.54277306e-04  5.54282334e-04  3.97800355e-13 -5.02771033e-09  1.22789221e-18 
 2.90000000e-01  2.90000000e-01  8.00000000e-01 -5.57043955e-04  5.57048984e-04  4.14351509e-13 -5.02946397e-09  1.53102853e-18 
 3.00000000e-01  3.00000000e-01  8.00000000e-01 -5.59763953e-04  5.59768984e-04  4.31096147e-13 -5.03132660e-09  1.55999154e-20 
 3.10000000e-01  3.10000000e-01  8.00000000e-01 -5.62445401e-04  5.62450434e-04  4.48026555e-13 -5.03328385e-09  3.94669276e-18 
 3.20000000e-01  3.20000000e-01  8.00000000e-01 -5.65094853e-04  5.65099888e-04  4.65136383e-13 -5.03532377e-09  2.82858468e-18 
 3.30000000e-01  3.30000000e-01  8.00000000e-01 -5.67717662e-04  5.67722699e-04  4.82420382e-13 -5.03743635e-09  1.45352836e-19 
 3.40000000e-01  3.40000000e-01  8.00000000e-01 -5.70318233e-04  5.70323272e-04  4.99874195e-13 -5.03961317e-09  2.85496473e-18 
 3.50000000e-01  3.50000000e-01  8.00000000e-01 -5.72900218e-04  5.72905259e-04  5.17494196e-13 -5.04184706e-09  2.43932881e-18 
 3.60000000e-01  3.60000000e-01  8.00000000e-01 -5.75466670e-04  5.75471713e-04  5.35277364e-13 -5.04413193e-09  1.05494383e-18 
 3.70000000e-01  3.70000000e-01  8.00000000e-01 -5.78020155e-04  5.78025201e-04  5.53221170e-13 -5.04646257e-09  5.06336009e-19 
 3.80000000e-01  3.80000000e-01  8.00000000e-01 -5.80562848e-04  5.80567896e-04  5.71323502e-13 -5.04883447e-09  2.47041929e-18 
 3.90000000e-01  3.90000000e-01  8.00000000e-01 -5.83096599e-04  5.83101650e-04  5.89582594e-13 -5.05124374e-09  1.34360244e-18 
 4.00000000e-01  4.00000000e-01  8.00000000e-01 -5.85622994e-04  5.85628047e-04  6.07996969e-13 -5.05368700e-09  1.54375804e-18 
 4.10000000e-01  4.10000000e-01  8.00000000e-01 -5.88143399e-04  5.88148455e-04  6.26565397e-13 -5.05616130e-09  2.35992165e-18 
 4.20000000e-01  4.20000000e-01  8.00000000e-01 -5.90658999e-04  5.90664057e-04  6.45286860e-13 -5.05866405e-09  9.51527348e-19 
 4.30000000e-01  4.30000000e-01  8.00000000e-01 -5.93170826e-04  5.93175886e-04  6.64160512e-13 -5.06119296e-09  2.43922361e-18 
 4.40000000e-01  4.40000000e-01  8.00000000e-01 -5.95679783e-04  5.95684847e-04  6.83185666e-13 -5.06374604e-09  2.12175568e-18 
 4.50000000e-01  4.50000000e-01  8.00000000e-01 -5.98186670e-04  5.98191735e-04  7.02361763e-13 -5.06632149e-09  8.84391986e-19 
 4.60000000e-01  4.60000000e-01  8.00000000e-01 -6.00692193e-04  6.00697261e-04  7.21688358e-13 -5.06891773e-09  8.90771456e-19 
 4.70000000e-01  4.70000000e-01  8.00000000e-01 -6.03196986e-04  6.03202057e-04  7.41165104e-13 -5.07153334e-09  5.04200917e-18 
 4.80000000e-01  4.80000000e-01  8.00000000e-01 -6.05701620e-04  6.05706693e-04  7.60791742e-13 -5.07416706e-09  1.87348750e-18 
 4.90000000e-01  4.90000000e-01  8.00000000e-01 -6.08206614e-04  6.08211690e-04  7.80568086e-13 -5.07681775e-09  5.26577831e-19 
 5.00000000e-01  5.00000000e-01  8.00000000e-01 -6.10712445e-04  6.10717524e-04  8.00494016e-13 -5.07948439e-09  2.03824379e-19 
 5.10000000e-01  5.10000000e-01  8.00000000e-01 -6.13219556e-04  6.13224638e-04  8.20569469e-13 -5.08216605e-09  4.49890877e-18 
 5.20000000e-01  5.20000000e-01  8.00000000e-01 -6.15728363e-04  6.15733447e-04  8.40794435e-13 -5.08486192e-09  1.33741508e-20 
 5.30000000e-01  5.30000000e-01  8.00000000e-01 -6.18239261e-04  6.18244348e-04  8.61168946e-13 -5.08757122e-09  6.96696695e-19 
 5.40000000e-01  5.40000000e-01  8.00000000e-01 -6.20752631e-04  6.20757720e-04  8.81693076e-13 -5.09029327e-09  7.87644473e-19 
 5.50000000e-01  5.50000000e-01  8.00000000e-01 -6.23268843e-04  6.23273935e-04  9.02366935e-13 -5.09302744e-09  7.15061105e-18 
 5.60000000e-01  5.60000000e-01  8.00000000e-01 -6.25788263e-04  6.25793357e-04  9.23190662e-13 -5.09577317e-09  2.05279994e-18 
 5.70000000e-01  5.70000000e-01  8.00000000e-01 -6.28311255e-04  6.28316352e-04  9.44164426e-13 -5.09852994e-09  4.74486306e-18 
 5.80000000e-01  5.80000000e-01  8.00000000e-01 -6.30838185e-04  6.30843286e-04  9.65288421e-13 -5.10129725e-09  2.41033892e-18 
 5.90000000e-01  5.90000000e-01  8.00000000e-01 -6.33369428e-04  6.33374531e-04  9.86562864e-13 -5.10407468e-09  3.93948580e-18 
 6.00000000e-01  6.00000000e-01  8.00000000e-01 -6.35905363e-04  6.35910469e-04  1.00798799e-12 -5.10686182e-09  2.83557922e-20 
 6.10000000e-01  6.10000000e-01  8.00000000e-01 -6.38446383e-04  6.38451491e-04  1.02956406e-12 -5.10965829e-09  4.73084043e-18 
 6.20000000e-01  6.20000000e-01  8.00000000e-01 -6.40992893e-04  6.40998004e-04  1.05129134e-12 -5.11246375e-09  2.94430852e-18 
 6.30000000e-01  6.30000000e-01  8.00000000e-01 -6.43545315e-04  6.43550429e-04  1.07317012e-12 -5.11527790e-09  1.65674047e-18 
 6.40000000e-01  6.40000000e-01  8.00000000e-01 -6.46104086e-04  6.46109203e-04  1.09520070e-12 -5.11810043e-09  2.22144706e-18 
 6.50000000e-01  6.50000000e-01  8.00000000e-01 -6.48669664e-04  6.48674783e-04  1.11738339e-12 -5.12093106e-09  2.30583093e-18 
 6.60000000e-01  6.60000000e-01  8.00000000e-01 -6.51242523e-04  6.51247646e-04  1.13971852e-12 -5.12376955e-09  3.46240396e-18 
 6.70000000e-01  6.70000000e-01  8.00000000e-01 -6.53823162e-04  6.53828287e-04  1.16220642e-12 -5.12661567e-09  4.53177702e-18 
 6.80000000e-01  6.80000000e-01  8.00000000e-01 -6.56412097e-04  6.56417225e-04  1.18484744e-12 -5.12946919e-09  7.60539101e-20 
 6.90000000e-01  6.90000000e-01  8.00000000e-01 -6.59009870e-04  6.59015001e-04  1.20764192e-12 -5.13232989e-09  3.76016238e-18 
 7.00000000e-01  7.00000000e-01  8.00000000e-01 -6.61617042e-04  6.61622176e-04  1.23059022e-12 -5.13519762e-09  1.79326866e-18 
 7.10000000e-01  7.10000000e-01  8.00000000e-01 -6.64234199e-04  6.64239336e-04  1.25369272e-12 -5.13807217e-09  2.86460584e-18 
 7.20000000e-01  7.20000000e-01  8.00000000e-01 -6.66861950e-04  6.66867089e-04  1.27694979e-12 -5.14095338e-09  4.22937541e-18 
 7.30000000e-01  7.30000000e-01  8.00000000e-01 -6.69500923e-04  6.69506066e-04  1.30036181e-12 -5.14384110e-09  9.45643833e-19 
 7.40000000e-01  7.40000000e-01  8.00000000e-01 -6.72151773e-04  6.72156919e-04  1.32392915e-12 -5.14673519e-09  4.86707758e-18 
 7.50000000e-01  7.50000000e-01  8.00000000e-01 -6.74815175e-04  6.74820324e-04  1.34765222e-12 -5.14963549e-09  1.05880227e-18 
 7.60000000e-01  7.60000000e-01  8.00000000e-01 -6.77491826e-04  6.77496978e-04  1.37153140e-12 -5.15254188e-09  9.03101034e-19 
 7.70000000e-01  7.70000000e-01  8.00000000e-01 -6.80182446e-04  6.80187600e-04  1.39556709e-12 -5.15545424e-09  4.60545362e-18 
 7.80000000e-01  7.80000000e-01  8.00000000e-01 -6.82887772e-04  6.82892929e-04  1.41975970e-12 -5.15837247e-09  3.04408966e-18 
 7.90000000e-01  7.90000000e-01  8.00000000e-01 -6.85608566e-04  6.85613726e-04  1.44410963e-12 -5.16129644e-09  2.55741168e-18 
 8.00000000e-01  8.00000000e-01  8.00000000e-01 -6.88345606e-04  6.88350769e-04  1.46861730e-12 -5.16422605e-09  3.00551590e-18 
 8.10000000e-01  8.10000000e-01  8.00000000e-01 -6.91099692e-04  6.91104857e-04  1.49328311e-12 -5.16716122e-09  4.15736978e-18 
 8.20000000e-01  8.20000000e-01  8.00000000e-01 -6.93871638e-04  6.93876807e-04  1.51810748e-12 -5.17010184e-09  2.39013831e-18 
 8.30000000e-01  8.30000000e-01  8.00000000e-01 -6.96662280e-04  6.96667452e-04  1.54309082e-12 -5.17304783e-09  1.38195580e-18 
 8.40000000e-01  8.40000000e-01  8.00000000e-01 -6.99472468e-04  6.99477642e-04  1.56823357e-12 -5.17599912e-09  6.90022568e-19 
 8.50000000e-01  8.50000000e-01  8.00000000e-01 -7.02303066e-04  7.02308244e-04  1.59353613e-12 -5.17895562e-09  1.80095598e-18 
 8.60000000e-01  8.60000000e-01  8.00000000e-01 -7.05154957e-04  7.05160138e-04  1.61899894e-12 -5.18191726e-09  1.12881802e-18 
 8.70000000e-01  8.70000000e-01  8.00000000e-01 -7.08029035e-04  7.08034219e-04  1.64462243e-12 -5.18488396e-09  2.22288188e-18 
 8.80000000e-01  8.80000000e-01  8.00000000e-01 -7.10926208e-04  7.10931394e-04  1.67040701e-12 -5.18785567e-09  3.61070928e-18 
 8.90000000e-01  8.90000000e-01  8.00000000e-01 -7.13847395e-04  7.13852584e-04  1.69635312e-12 -5.19083233e-09  1.72982449e-18 
 9.00000000e-01  9.00000000e-01  8.00000000e-01 -7.16793528e-04  7.16798720e-04  1.72246120e-12 -5.19381386e-09  1.25367690e-18 
 9.10000000e-01  9.10000000e-01  8.00000000e-01 -7.19765549e-04  7.19770744e-04  1.74873167e-12 -5.19680021e-09  1.16448195e-18 
 9.20000000e-01  9.20000000e-01  8.00000000e-01 -7.22764409e-04  7.22769607e-04  1.77516496e-12 -5.19979133e-09  9.90029303e-19 
 9.30000000e-01  9.30000000e-01  8.00000000e-01 -7.25791069e-04  7.25796270e-04  1.80176152e-12 -5.20278717e-09  1.21050217e-18 
 9.40000000e-01  9.40000000e-01  8.00000000e-01 -7.28846495e-04  7.28851699e-04  1.82852178e-12 -5.20578767e-09  2.53013431e-18 
 9.50000000e-01  9.50000000e-01  8.00000000e-01 -7.31931665e-04  7.31936872e-04  1.85544618e-12 -5.20879279e-09  2.83301059e-19 
 9.60000000e-01  9.60000000e-01  8.00000000e-01 -7.35047559e-04  7.35052769e-04  1.88253515e-12 -5.21180249e-09  1.13448187e-19 
 9.70000000e-01  9.70000000e-01  8.00000000e-01 -7.38195164e-04  7.38200377e-04  1.90978913e-12 -5.21481671e-09  2.56853387e-18 
 9.80000000e-01  9.80000000e-01  8.00000000e-01 -7.41375474e-04  7.41380690e-04  1.93720857e-12 -5.21783542e-09  5.57012620e-18 
 9.90000000e-01  9.90000000e-01  8.00000000e-01 -7.44589483e-04  7.44594702e-04  1.96479391e-12 -5.22085858e-09  3.59554265e-18 
 1.00000000e+00  1.00000000e+00  8.00000000e-01 -7.47838192e-04  7.47843414e-04  1.99254557e-12 -5.22388615e-09  1.42265496e-18 
 1.01000000e+00  1.01000000e+00  8.00000000e-01 -7.51122603e-04  7.51127828e-04  2.02046402e-12 -5.22691810e-09  3.97634449e-18 
 1.02000000e+00  1.02000000e+00  8.00000000e-01 -7.54443721e-04  7.54448949e-04  2.04854968e-12 -5.22995438e-09  1.75095314e-18 
 1.03000000e+00  1.03000000e+00  8.00000000e-01 -7.57802552e-04  7.57807783e-04  2.07680301e-12 -5.23299496e-09  7.35206553e-19 
 1.04000000e+00  1.04000000e+00  8.00000000e-01 -7.61200104e-04  7.61205337e-04  2.94178469e-12 -5.23603981e-09  5.05642439e-18 
 1.05000000e+00  1.05000000e+00  8.00000000e-01 -7.64637383e-04  7.64642617e-04  4.19983603e-12 -5.23908891e-09  1.97788455e-18 
 1.06000000e+00  1.06000000e+00  8.00000000e-01 -7.68115396e-04  7.68120633e-04  5.99172329e-12 -5.24214222e-09  1.41024668e-18 
 1.07000000e+00  1.07000000e+00  8.00000000e-01 -7.71635152e-04  7.71640389e-04  8.52489640e-12 -5.24519971e-09  2.37776832e-18 
 1.08000000e+00  1.08000000e+00  8.00000000e-01 -7.75197654e-04  7.75202890e-04  1.20800289e-11 -5.24826135e-09  1.75860884e-18 
 1.09000000e+00  1.09000000e+00  8.00000000e-01 -7.78803907e-04  7.78809142e-04  1.70342692e-11 -5.25132711e-09  4.54544398e-18 
 1.10000000e+00  1.10000000e+00  8.00000000e-01 -7.82454913e-04  7.82460144e-04  2.38910484e-11 -5.25439698e-09  4.77060693e-18 
 1.11000000e+00  1.11000000e+00  8.00000000e-01 -7.86151672e-04  7.86156896e-04  3.33180607e-11 -5.25747093e-09  2.27310883e-18 
 1.12000000e+00  1.12000000e+00  8.00000000e-01 -7.89895179e-04  7.89900393e-04  4.61953634e-11 -5.26054893e-09  1.90219458e-18 
 1.13000000e+00  1.13000000e+00  8.00000000e-01 -7.93686429e-04  7.93691629e-04  6.36759461e-11 -5.26363095e-09  3.87249329e-18 
 1.14000000e+00  1.14000000e+00  8.00000000e-01 -7.97526412e-04  7.97531591e-04  8.72615688e-11 -5.26671698e-09  8.98773508e-19 
 1.15000000e+00  1.15000000e+00  8.00000000e-01 -8.01416115e-04  8.01421266e-04  1.18897208e-10 -5.26980699e-09  1.52234754e-18 
 1.16000000e+00  1.16000000e+00  8.00000000e-01 -8.05356521e-04  8.05361633e-04  1.61088056e-10 -5.27290097e-09  1.63268211e-19 
 1.17000000e+00  1.17000000e+00  8.00000000e-01 -8.09348609e-04  8.09353668e-04  2.17043720e-10 -5.27599889e-09  1.19039466e-18 
 1.18000000e+00  1.18000000e+00  8.00000000e-01 -8.13393355e-04  8.13398343e-04  2.90855071e-10 -5.27910073e-09  1.83455570e-18 
 1.19000000e+00  1.19000000e+00  8.00000000e-01 -8.17491729e-04  8.17496624e-04  3.87710090e-10 -5.28220648e-09  6.84197687e-19 
 1.20000000e+00  1.20000000e+00  8.00000000e-01 -8.21644699e-04  8.21649470e-04  5.14156097e-10 -5.28531611e-09  3.29844442e-18 
 0.00000000e+00  0.00000000e+00  1.00000000e+00  1.60420041e-08  1.60420041e-08  6.25443251e-12 -3.20902627e-08  6.28134767e-18 
 1.00000000e-02  1.00000000e-02  1.00000000e+00 -1.41015231e-04  1.41047289e-04  6.28785173e-12 -3.20652545e-08  3.28851867e-18 
 2.00000000e-02  2.00000000e-02  1.00000000e+00 -2.77427093e-04  2.77459025e-04  6.32068303e-12 -3.19386667e-08  3.62389998e-18 
 3.00000000e-02  3.00000000e-02  1.00000000e+00 -4.09212872e-04  4.09244657e-04  6.35328101e-12 -3.17921876e-08  3.83855386e-18 
 4.00000000e-02  4.00000000e-02  1.00000000e+00 -5.36369546e-04  5.36401189e-04  6.38589513e-12 -3.16494788e-08  7.12162295e-19 
 5.00000000e-02  5.00000000e-02  1.00000000e+00 -6.58896250e-04  6.58927756e-04  6.41870486e-12 -3.15122314e-08  2.72139611e-18 
 6.00000000e-02  6.00000000e-02  1.00000000e+00 -7.76793417e-04  7.76824790e-04  6.45184379e-12 -3.13794651e-08  1.34878610e-18 
 7.00000000e-02  7.00000000e-02  1.00000000e+00 -8.90062268e-04  8.90093512e-04  6.48541627e-12 -3.12502902e-08  4.43461056e-18 
 8.00000000e-02  8.00000000e-02  1.00000000e+00 -9.98704501e-04  9.98735618e-04  6.51950907e-12 -3.11241292e-08  2.35028427e-18 
 9.00000000e-02  9.00000000e-02  1.00000000e+00 -1.10272211e-03  1.10275310e-03  6.55419961e-12 -3.10006394e-08  1.02473635e-18 
 1.00000000e-01  1.00000000e-01  1.00000000e+00 -1.20211730e-03  1.20214817e-03  6.58956209e-12 -3.08796359e-08  1.00507876e-17 
 1.10000000e-01  1.10000000e-01  1.00000000e+00 -1.29689253e-03  1.29692329e-03  6.62567213e-12 -3.07610419e-08  9.73841282e-19 
 1.20000000e-01  1.20000000e-01  1.00000000e+00 -1.38705065e-03  1.38708129e-03  6.66261062e-12 -3.06448592e-08  1.35352660e-18 
 1.30000000e-01  1.30000000e-01  1.00000000e+00 -1.47259517e-03  1.47262570e-03  6.70046703e-12 -3.05311523e-08  5.66384865e-18 
 1.40000000e-01  1.40000000e-01  1.00000000e+00 -1.55353079e-03  1.55356120e-03  6.73934243e-12 -3.04200393e-08  2.87643291e-18 
 1.50000000e-01  1.50000000e-01  1.00000000e+00 -1.62986414e-03  1.62989445e-03  6.77935240e-12 -3.03116888e-08  2.02269223e-18 
 1.60000000e-01  1.60000000e-01  1.00000000e+00 -1.70160499e-03  1.70163519e-03  6.82062975e-12 -3.02063180e-08  2.34966055e-18 
 1.70000000e-01  1.70000000e-01  1.00000000e+00 -1.76876789e-03  1.76879799e-03  6.86332699e-12 -3.01041940e-08  6.73418467e-19 
 1.80000000e-01  1.80000000e-01  1.00000000e+00 -1.83137464e-03  1.83140464e-03  6.90761823e-12 -3.00056339e-08  3.81764750e-18 
 1.90000000e-01  1.90000000e-01  1.00000000e+00 -1.88945756e-03  1.88948747e-03  6.95369997e-12 -2.99110032e-08  1.93797674e-18 
 2.00000000e-01  2.00000000e-01  1.00000000e+00 -1.94306383e-03  1.94309365e-03  7.00179015e-12 -2.98207121e-08  4.94495236e-19 
 2.10000000e-01  2.10000000e-01  1.00000000e+00 -1.99226096e-03  1.99229069e-03  7.05212435e-12 -2.97352053e-08  2.75788421e-18 
 2.20000000e-01  2.20000000e-01  1.00000000e+00 -2.03714314e-03  2.03717278e-03  7.10494845e-12 -2.96549449e-08  3.34178228e-18 
 2.30000000e-01  2.30000000e-01  1.00000000e+00 -2.07783791e-03  2.07786749e-03  7.16050668e-12 -2.95803843e-08  3.35303364e-18 
 2.40000000e-01  2.40000000e-01  1.00000000e+00 -2.11451215e-03  2.11454165e-03  7.21902557e-12 -2.95119339e-08  9.38628705e-18 
 2.50000000e-01  2.50000000e-01  1.00000000e+00 -2.14737571e-03  2.14740515e-03  7.28069488e-12 -2.94499214e-08  2.86824037e-18 
 2.60000000e-01  2.60000000e-01  1.00000000e+00 -2.17668121e-03  2.17671060e-03  7.34564866e-12 -2.93945536e-08  4.94091690e-18 
 2.70000000e-01  2.70000000e-01  1.00000000e+00 -2.20271883e-03  2.20274816e-03  7.41395037e-12 -2.93458869e-08  4.49350005e-18 
 2.80000000e-01  2.80000000e-01  1.00000000e+00 -2.22580601e-03  2.22583531e-03  7.48558579e-12 -2.93038155e-08  2.74721682e-18 
 2.90000000e-01  2.90000000e-01  1.00000000e+00 -2.24627366e-03  2.24630292e-03  7.56046560e-12 -2.92680798e-08  3.79021661e-18 
 3.00000000e-01  3.00000000e-01  1.00000000e+00 -2.26445120e-03  2.26448043e-03  7.63843694e-12 -2.92382925e-08  1.04444866e-18 
 3.10000000e-01  3.10000000e-01  1.00000000e+00 -2.28065305e-03  2.28068226e-03  7.71930081e-12 -2.92139772e-08  6.85873319e-18 
 3.20000000e-01  3.20000000e-01  1.00000000e+00 -2.29516859e-03  2.29519778e-03  7.80283129e-12 -2.91946095e-08  4.32725831e-18 
 3.30000000e-01  3.30000000e-01  1.00000000e+00 -2.30825605e-03  2.30828522e-03  7.88879301e-12 -2.91796531e-08  1.82260721e-18 
 3.40000000e-01  3.40000000e-01  1.00000000e+00 -2.32014033e-03  2.32016949e-03  7.97695496e-12 -2.91685886e-08  2.67649891e-18 
 3.50000000e-01  3.50000000e-01  1.00000000e+00 -2.33101366e-03  2.33104281e-03  8.06709988e-12 -2.91609319e-08  1.79491743e-18 
 3.60000000e-01  3.60000000e-01  1.00000000e+00 -2.34103810e-03  2.34106724e-03  8.15902962e-12 -2.91562444e-08  1.99022906e-18 
 3.70000000e-01  3.70000000e-01  1.00000000e+00 -2.35034900e-03  2.35037815e-03  8.25256745e-12 -2.91541372e-08  2.15606353e-18 
 3.80000000e-01  3.80000000e-01  1.00000000e+00 -2.35905879e-03  2.35908794e-03  8.34755822e-12 -2.91542700e-08  6.40717331e-18 
 3.90000000e-01  3.90000000e-01  1.00000000e+00 -2.36726056e-03  2.36728971e-03  8.44386719e-12 -2.91563483e-08  3.08870574e-18 
 4.00000000e-01  4.00000000e-01  1.00000000e+00 -2.37503133e-03  2.37506048e-03  8.54137817e-12 -2.91601186e-08  3.40700580e-18 
 4.10000000e-01  4.10000000e-01  1.00000000e+00 -2.38243490e-03  2.38246406e-03  8.63999146e-12 -2.91653637e-08  1.76979251e-18 
 4.20000000e-01  4.20000000e-01  1.00000000e+00 -2.38952421e-03  2.38955337e-03  8.73962169e-12 -2.91718978e-08  1.91856313e-18 
 4.30000000e-01  4.30000000e-01  1.00000000e+00 -2.39634332e-03  2.39637249e-03  8.84019580e-12 -2.91795620e-08  1.86898683e-18 
 4.40000000e-01  4.40000000e-01  1.00000000e+00 -2.40292908e-03  2.40295826e-03  8.94165130e-12 -2.91882201e-08  1.67387827e-18 
 4.50000000e-01  4.50000000e-01  1.00000000e+00 -2.40931235e-03  2.40934154e-03  9.04393464e-12 -2.91977556e-08  4.10778463e-18 
 4.60000000e-01  4.60000000e-01  1.00000000e+00 -2.41551918e-03  2.41554838e-03  9.14699990e-12 -2.92080683e-08  9.68823996e-19 
 4.70000000e-01  4.70000000e-01  1.00000000e+00 -2.42157157e-03  2.42160078e-03  9.25080757e-12 -2.92190717e-08  8.81420547e-19 
 4.80000000e-01  4.80000000e-01  1.00000000e+00 -2.42748825e-03  2.42751747e-03  9.35532364e-12 -2.92306913e-08  5.04179866e-18 
 4.90000000e-01  4.90000000e-01  1.00000000e+00 -2.43328519e-03  2.43331442e-03  9.46051874e-12 -2.92428625e-08  4.38246880e-19 
 5.00000000e-01  5.00000000e-01  1.00000000e+00 -2.43897610e-03  2.43900534e-03  9.56636741e-12 -2.92555290e-08  4.08037906e-18 
 5.10000000e-01  5.10000000e-01  1.00000000e+00 -2.44457277e-03  2.44460203e-03  9.67284759e-12 -2.92686419e-08  1.73003253e-18 
 5.20000000e-01  5.20000000e-01  1.00000000e+00 -2.45008543e-03  2.45011470e-03  9.77994008e-12 -2.92821582e-08  6.30377904e-18 
 5.30000000e-01  5.30000000e-01  1.00000000e+00 -2.45552293e-03  2.45555221e-03  9.88762815e-12 -2.92960404e-08  2.49494788e-18 
 5.40000000e-01  5.40000000e-01  1.00000000e+00 -2.46089301e-03  2.46092231e-03  9.99589718e-12 -2.93102554e-08  2.44127730e-18 
 5.50000000e-01  5.50000000e-01  1.00000000e+00 -2.46620245e-03  2.46623177e-03  1.01047344e-11 -2.93247738e-08  3.86403519e-19 
 5.60000000e-01  5.60000000e-01  1.00000000e+00 -2.47145720e-03  2.47148653e-03  1.02141285e-11 -2.93395698e-08  1.37902014e-18 
 5.70000000e-01  5.70000000e-01  1.00000000e+00 -2.47666253e-03  2.47669188e-03  1.03240697e-11 -2.93546203e-08  6.91772298e-18 
 5.80000000e-01  5.80000000e-01  1.00000000e+00 -2.48182311e-03  2.48185247e-03  1.04345494e-11 -2.93699049e-08  3.56693263e-19 
 5.90000000e-01  5.90000000e-01  1.00000000e+00 -2.48694310e-03  2.48697247e-03  1.05455599e-11 -2.93854053e-08  2.79284599e-18 
 6.00000000e-01  6.00000000e-01  1.00000000e+00 -2.49202622e-03  2.49205561e-03  1.06570945e-11 -2.94011050e-08  1.20250278e-18 
 6.10000000e-01  6.10000000e-01  1.00000000e+00 -2.49707585e-03  2.49710526e-03  1.07691472e-11 -2.94169893e-08  1.21728989e-18 
 6.20000000e-01  6.20000000e-01  1.00000000e+00 -2.50209502e-03  2.50212444e-03  1.08817129e-11 -2.94330451e-08  1.46418937e-18 
 6.30000000e-01  6.30000000e-01  1.00000000e+00 -2.50708652e-03  2.50711596e-03  1.09947869e-11 -2.94492602e-08  1.90396519e-18 
 6.40000000e-01  6.40000000e-01  1.00000000e+00 -2.51205291e-03  2.51208236e-03  1.11083653e-11 -2.94656240e-08  4.15840813e-18 
 6.50000000e-01  6.50000000e-01  1.00000000e+00 -2.51699655e-03  2.51702602e-03  1.12224443e-11 -2.94821267e-08  5.23325030e-19 
 6.60000000e-01  6.60000000e-01  1.00000000e+00 -2.52191966e-03  2.52194915e-03  1.13370210e-11 -2.94987593e-08  4.55990376e-18 
 6.70000000e-01  6.70000000e-01  1.00000000e+00 -2.52682433e-03  2.52685384e-03  1.14520924e-11 -2.95155138e-08  1.39643300e-18 
 6.80000000e-01  6.80000000e-01  1.00000000e+00 -2.53171256e-03  2.53174208e-03  1.15676563e-11 -2.95323827e-08  5.48728222e-18 
 6.90000000e-01  6.90000000e-01  1.00000000e+00 -2.53658626e-03  2.53661579e-03  1.16837104e-11 -2.95493594e-08  8.48729488e-19 
 7.00000000e-01  7.00000000e-01  1.00000000e+00 -2.54144728e-03  2.54147684e-03  1.18002531e-11 -2.95664377e-08  2.12885498e-18 
 7.10000000e-01  7.10000000e-01  1.00000000e+00 -2.54629746e-03  2.54632704e-03  1.19172826e-11 -2.95836119e-08  2.23384804e-18 
 7.20000000e-01  7.20000000e-01  1.00000000e+00 -2.55113860e-03  2.55116819e-03  1.20347977e-11 -2.96008769e-08  2.51928259e-18 
 7.30000000e-01  7.30000000e-01  1.00000000e+00 -2.55597248e-03  2.55600209e-03  1.21527972e-11 -2.96182278e-08  1.06609956e-18 
 7.40000000e-01  7.40000000e-01  1.00000000e+00 -2.56080092e-03  2.56083054e-03  1.22712801e-11 -2.96356603e-08  1.12067727e-18 
 7.50000000e-01  7.50000000e-01  1.00000000e+00 -2.56562572e-03  2.56565536e-03  1.23902456e-11 -2.96531703e-08  5.73012543e-18 
 7.60000000e-01  7.60000000e-01  1.00000000e+00 -2.57044874e-03  2.57047839e-03  1.25096931e-11 -2.96707541e-08  3.75258439e-18 
 7.70000000e-01  7.70000000e-01  1.00000000e+00 -2.57527185e-03  2.57530152e-03  1.26296220e-11 -2.96884081e-08  2.01032685e-18 
 7.80000000e-01  7.80000000e-01  1.00000000e+00 -2.58009698e-03  2.58012667e-03  1.27500320e-11 -2.97061293e-08  3.54966116e-18 
 7.90000000e-01  7.90000000e-01  1.00000000e+00 -2.58492609e-03  2.58495580e-03  1.28709228e-11 -2.97239145e-08  2.00865245e-18 
 8.00000000e-01  8.00000000e-01  1.00000000e+00 -2.58976122e-03  2.58979094e-03  1.29922942e-11 -2.97417611e-08  1.21520169e-18 
 8.10000000e-01  8.10000000e-01  1.00000000e+00 -2.59460443e-03  2.59463418e-03  1.31141462e-11 -2.97596665e-08  7.25995006e-19 
 8.20000000e-01  8.20000000e-01  1.00000000e+00 -2.59945788e-03  2.59948764e-03  1.32364787e-11 -2.97776281e-08  4.77675192e-18 
 8.30000000e-01  8.30000000e-01  1.00000000e+00 -2.60432376e-03  2.60435354e-03  1.33592920e-11 -2.97956439e-08  1.29423558e-18 
 8.40000000e-01  8.40000000e-01  1.00000000e+00 -2.60920435e-03  2.60923415e-03  1.34825861e-11 -2.98137118e-08  5.09141063e-19 
 8.50000000e-01  8.50000000e-01  1.00000000e+00 -2.61410196e-03  2.61413178e-03  1.36063613e-11 -2.98318297e-08  1.30640030e-18 
 8.60000000e-01  8.60000000e-01  1.00000000e+00 -2.61901900e-03  2.61904884e-03  1.37306179e-11 -2.98499958e-08  9.60112964e-20 
 8.70000000e-01  8.70000000e-01  1.00000000e+00 -2.62395793e-03  2.62398779e-03  1.38553563e-11 -2.98682085e-08  2.00069534e-18 
 8.80000000e-01  8.80000000e-01  1.00000000e+00 -2.62892127e-03  2.62895115e-03  1.39805769e-11 -2.98864661e-08  1.50573287e-18 
 8.90000000e-01  8.90000000e-01  1.00000000e+00 -2.63391161e-03  2.63394150e-03  1.41062802e-11 -2.99047672e-08  5.02440647e-18 
 9.00000000e-01  9.00000000e-01  1.00000000e+00 -2.63893158e-03  2.63896149e-03  1.42324667e-11 -2.99231103e-08  4.31394807e-18 
 9.10000000e-01  9.10000000e-01  1.00000000e+00 -2.64398389e-03  2.64401382e-03  1.43591371e-11 -2.99414940e-08  3.41815856e-18 
 9.20000000e-01  9.20000000e-01  1.00000000e+00 -2.64907130e-03  2.64910125e-03  1.44862919e-11 -2.99599173e-08  5.15756004e-19 
 9.30000000e-01  9.30000000e-01  1.00000000e+00 -2.65419662e-03  2.65422658e-03  1.46139317e-11 -2.99783788e-08  5.09681475e-18 
 9.40000000e-01  9.40000000e-01  1.00000000e+00 -2.65936271e-03  2.65939269e-03  1.47420573e-11 -2.99968774e-08  2.69272313e-18 
 9.50000000e-01  9.50000000e-01  1.00000000e+00 -2.66457247e-03  2.66460247e-03  1.48706694e-11 -3.00154122e-08  2.98353752e-18 
 9.60000000e-01  9.60000000e-01  1.00000000e+00 -2.66982886e-03  2.66985888e-03  1.49997688e-11 -3.00339821e-08  5.20815775e-18 
 9.70000000e-01  9.70000000e-01  1.00000000e+00 -2.67513486e-03  2.67516490e-03  1.51293562e-11 -3.00525862e-08  3.37040115e-18 
 9.80000000e-01  9.80000000e-01  1.00000000e+00 -2.68049352e-03  2.68052357e-03  1.52594325e-11 -3.00712236e-08  1.18535971e-19 
 9.90000000e-01  9.90000000e-01  1.00000000e+00 -2.68590787e-03  2.68593795e-03  1.53899985e-11 -3.00898935e-08  5.39617427e-18 
 1.00000000e+00  1.00000000e+00  1.00000000e+00 -2.69138103e-03  2.69141113e-03  1.55210551e-11 -3.01085951e-08  1.70754639e-19 
 1.01000000e+00  1.01000000e+00  1.00000000e+00 -2.69691611e-03  2.69694622e-03  1.56526032e-11 -3.01273276e-08  4.18668783e-18 
 1.02000000e+00  1.02000000e+00  1.00000000e+00 -2.70251624e-03  2.70254637e-03  1.57846437e-11 -3.01460904e-08  8.08758504e-18 
 1.03000000e+00  1.03000000e+00  1.00000000e+00 -2.70818459e-03  2.70821474e-03  1.59171776e-11 -3.01648827e-08  4.91545873e-18 
 1.04000000e+00  1.04000000e+00  1.00000000e+00 -2.71392433e-03  2.71395450e-03  1.60502058e-11 -3.01837040e-08  4.69487962e-18 
 1.05000000e+00  1.05000000e+00  1.00000000e+00 -2.71973866e-03  2.71976885e-03  1.61837293e-11 -3.02025536e-08  3.85705184e-18 
 1.06000000e+00  1.06000000e+00  1.00000000e+00 -2.72563078e-03  2.72566099e-03  1.63177492e-11 -3.02214310e-08  1.65975298e-18 
 1.07000000e+00  1.07000000e+00  1.00000000e+00 -2.73160389e-03  2.73163412e-03  1.64522664e-11 -3.02403355e-08  1.45303601e-18 
 1.08000000e+00  1.08000000e+00  1.00000000e+00 -2.73766121e-03  2.73769145e-03  1.65872819e-11 -3.02592668e-08  1.70040834e-18 
 1.09000000e+00  1.09000000e+00  1.00000000e+00 -2.74380594e-03  2.74383620e-03  1.67227970e-11 -3.02782242e-08  3.23306410e-18 
 1.10000000e+00  1.10000000e+00  1.00000000e+00 -2.75004129e-03  2.75007157e-03  1.68588125e-11 -3.02972074e-08  5.65641866e-18 
 1.11000000e+00  1.11000000e+00  1.00000000e+00 -2.75637047e-03  2.75640077e-03  1.69953297e-11 -3.03162158e-08  2.55823810e-18 
 1.12000000e+00  1.12000000e+00  1.00000000e+00 -2.76279667e-03  2.76282699e-03  1.71323495e-11 -3.03352490e-08  3.22508079e-18 
 1.13000000e+00  1.13000000e+00  1.00000000e+00 -2.76932307e-03  2.76935341e-03  1.72698733e-11 -3.03543067e-08  3.23238270e-18 
 1.14000000e+00  1.14000000e+00  1.00000000e+00 -2.77595286e-03  2.77598322e-03  1.74079020e-11 -3.03733884e-08  6.48494191e-18 
 1.15000000e+00  1.15000000e+00  1.00000000e+00 -2.78268919e-03  2.78271957e-03  1.75464368e-11 -3.03924937e-08  3.72238894e-18 
 1.16000000e+00  1.16000000e+00  1.00000000e+00 -2.78953520e-03  2.78956559e-03  1.76854789e-11 -3.04116224e-08  2.67469905e-18 
 1.17000000e+00  1.17000000e+00  1.00000000e+00 -2.79649400e-03  2.79652442e-03  1.80723870e-11 -3.04307740e-08  4.28364566e-18 
 1.18000000e+00  1.18000000e+00  1.00000000e+00 -2.80356872e-03  2.80359914e-03  2.14646167e-11 -3.04499483e-08  1.62694308e-18 
 1.19000000e+00  1.19000000e+00  1.00000000e+00 -2.81076241e-03  2.81079285e-03  2.62983352e-11 -3.04691449e-08  5.35497104e-18 
 1.20000000e+00  1.20000000e+00  1.00000000e+00 -2.81807813e-03  2.81810859e-03  3.31424898e-11 -3.04883635e-08  2.32228524e-18 
 0.00000000e+00  0.00000000e+00  1.20000000e+00  5.59881003e-08  5.59881003e-08  2.96904157e-10 -1.12273105e-07  5.86721225e-19 
 1.00000000e-02  1.00000000e-02  1.20000000e+00 -1.85460971e-04  1.85572854e-04  2.98287331e-10 -1.12180961e-07  7.10043825e-18 
 2.00000000e-02  2.00000000e-02  1.20000000e+00 -3.67164314e-04  3.67275742e-04  2.99676056e-10 -1.11728598e-07  5.86517232e-18 
 3.00000000e-02  3.00000000e-02  1.20000000e+00 -5.45049385e-04  5.45160292e-04  3.01070661e-10 -1.11208034e-07  1.81005042e-18 
 4.00000000e-02  4.00000000e-02  1.20000000e+00 -7.19112797e-04  7.19223195e-04  3.02471397e-10 -1.10700666e-07  6.73775057e-19 
 5.00000000e-02  5.00000000e-02  1.20000000e+00 -8.89351968e-04  8.89461876e-04  3.03878460e-10 -1.10211548e-07  3.30238170e-18 
 6.00000000e-02  6.00000000e-02  1.20000000e+00 -1.05576482e-03  1.05587426e-03  3.05291999e-10 -1.09736885e-07  6.56309639e-18 
 7.00000000e-02  7.00000000e-02  1.20000000e+00 -1.21834959e-03  1.21845856e-03  3.06712128e-10 -1.09273327e-07  3.01875341e-18 
 8.00000000e-02  8.00000000e-02  1.20000000e+00 -1.37710465e-03  1.37721316e-03  3.08138943e-10 -1.08818627e-07  1.19253440e-18 
 9.00000000e-02  9.00000000e-02  1.20000000e+00 -1.53202842e-03  1.53213648e-03  3.09572526e-10 -1.08371337e-07  4.47600039e-18 
 1.00000000e-01  1.00000000e-01  1.20000000e+00 -1.68311922e-03  1.68322683e-03  3.11012950e-10 -1.07930519e-07  4.93973237e-19 
 1.10000000e-01  1.10000000e-01  1.20000000e+00 -1.83037522e-03  1.83048241e-03  3.12460284e-10 -1.07495560e-07  4.45827117e-18 
 1.20000000e-01  1.20000000e-01  1.20000000e+00 -1.97379437e-03  1.97390112e-03  3.13914595e-10 -1.07066063e-07  1.23055184e-17 
 1.30000000e-01  1.30000000e-01  1.20000000e+00 -2.11337423e-03  2.11348056e-03  3.15375951e-10 -1.06641775e-07  1.76098791e-19 
 1.40000000e-01  1.40000000e-01  1.20000000e+00 -2.24911201e-03  2.24921792e-03  3.16844421e-10 -1.06222545e-07  1.78309121e-21 
 1.50000000e-01  1.50000000e-01  1.20000000e+00 -2.38100441e-03  2.38110990e-03  3.18320077e-10 -1.05808300e-07  5.22269224e-18 
 1.60000000e-01  1.60000000e-01  1.20000000e+00 -2.50904756e-03  2.50915264e-03  3.19802995e-10 -1.05399028e-07  2.65401117e-18 
 1.70000000e-01  1.70000000e-01  1.20000000e+00 -2.63323696e-03  2.63334164e-03  3.21293256e-10 -1.04994768e-07  1.70344685e-18 
 1.80000000e-01  1.80000000e-01  1.20000000e+00 -2.75356741e-03  2.75367168e-03  3.22790948e-10 -1.04595603e-07  1.13003191e-18 
 1.90000000e-01  1.90000000e-01  1.20000000e+00 -2.87003289e-03  2.87013677e-03  3.24296164e-10 -1.04201657e-07  1.62780268e-18 
 2.00000000e-01  2.00000000e-01  1.20000000e+00 -2.98262653e-03  2.98273001e-03  3.25809009e-10 -1.03813097e-07  1.35793619e-18 
 2.10000000e-01  2.10000000e-01  1.20000000e+00 -3.09134054e-03  3.09144364e-03  3.27329594e-10 -1.03430131e-07  2.56338169e-18 
 2.20000000e-01  2.20000000e-01  1.20000000e+00 -3.19616618e-03  3.19626890e-03  3.28858043e-10 -1.03053012e-07  5.40306115e-18 
 2.30000000e-01  2.30000000e-01  1.20000000e+00 -3.29709374e-03  3.29719609e-03  3.30394494e-10 -1.02682040e-07  4.16554720e-18 
 2.40000000e-01  2.40000000e-01  1.20000000e+00 -3.39411258e-03  3.39421457e-03  3.31939097e-10 -1.02317567e-07  2.83580375e-18 
 2.50000000e-01  2.50000000e-01  1.20000000e+00 -3.48721129e-03  3.48731292e-03  3.33492020e-10 -1.01960001e-07  3.74643102e-18 
 2.60000000e-01  2.60000000e-01  1.20000000e+00 -3.57637786e-03  3.57647913e-03  3.35053450e-10 -1.01609812e-07  6.05226548e-19 
 2.70000000e-01  2.70000000e-01  1.20000000e+00 -3.66160009e-03  3.66170103e-03  3.36623593e-10 -1.01267540e-07  5.39368030e-18 
 2.80000000e-01  2.80000000e-01  1.20000000e+00 -3.74286621e-03  3.74296681e-03  3.38202679e-10 -1.00933796e-07  1.41181791e-18 
 2.90000000e-01  2.90000000e-01  1.20000000e+00 -3.82016572e-03  3.82026599e-03  3.39790962e-10 -1.00609268e-07  4.26459743e-18 
 3.00000000e-01  3.00000000e-01  1.20000000e+00 -3.89349068e-03  3.89359063e-03  3.41388721e-10 -1.00294722e-07  5.22219676e-18 
 3.10000000e-01  3.10000000e-01  1.20000000e+00 -3.96283743e-03  3.96293708e-03  3.42996260e-10 -9.99910033e-08  2.90786457e-18 
 3.20000000e-01  3.20000000e-01  1.20000000e+00 -4.02820891e-03  4.02830827e-03  3.44613905e-10 -9.96990253e-08  2.28751101e-18 
 3.30000000e-01  3.30000000e-01  1.20000000e+00 -4.08961758e-03  4.08971665e-03  3.46242006e-10 -9.94197577e-08  1.95087270e-18 
 3.40000000e-01  3.40000000e-01  1.20000000e+00 -4.14708893e-03  4.14718773e-03  3.47880923e-10 -9.91542020e-08  4.55515206e-18 
 3.50000000e-01  3.50000000e-01  1.20000000e+00 -4.20066555e-03  4.20076410e-03  3.49531019e-10 -9.89033578e-08  1.46050400e-18 
 3.60000000e-01  3.60000000e-01  1.20000000e+00 -4.25041142e-03  4.25050973e-03  3.51192650e-10 -9.86681776e-08  3.23363430e-18 
 3.70000000e-01  3.70000000e-01  1.20000000e+00 -4.29641587e-03  4.29651397e-03  3.52866144e-10 -9.84495127e-08  1.54446883e-18 
 3.80000000e-01  3.80000000e-01  1.20000000e+00 -4.33879680e-03  4.33889469e-03  3.54551787e-10 -9.82480559e-08  6.99276342e-18 
 3.90000000e-01  3.90000000e-01  1.20000000e+00 -4.37770220e-03  4.37779991e-03  3.56249804e-10 -9.80642844e-08  6.27323070e-18 
 4.00000000e-01  4.00000000e-01  1.20000000e+00 -4.41330958e-03  4.41340712e-03  3.57960343e-10 -9.78984158e-08  4.74227557e-18 
 4.10000000e-01  4.10000000e-01  1.20000000e+00 -4.44582284e-03  4.44592024e-03  3.59683471e-10 -9.77503815e-08  2.44909051e-18 
 4.20000000e-01  4.20000000e-01  1.20000000e+00 -4.47546690e-03  4.47556416e-03  3.61419164e-10 -9.76198242e-08  8.81633618e-18 
 4.30000000e-01  4.30000000e-01  1.20000000e+00 -4.50248041e-03  4.50257756e-03  3.63167322e-10 -9.75061205e-08  6.17957684e-18 
 4.40000000e-01  4.40000000e-01  1.20000000e+00 -4.52710785e-03  4.52720490e-03  3.64927770e-10 -9.74084237e-08  1.06372212e-17 
 4.50000000e-01  4.50000000e-01  1.20000000e+00 -4.54959163e-03  4.54968859e-03  3.66700282e-10 -9.73257198e-08  3.33946720e-18 
 4.60000000e-01  4.60000000e-01  1.20000000e+00 -4.57016533e-03  4.57026222e-03  3.68484596e-10 -9.72568887e-08  3.14318484e-18 
 4.70000000e-01  4.70000000e-01  1.20000000e+00 -4.58904853e-03  4.58914536e-03  3.70280429e-10 -9.72007608e-08  1.97710296e-18 
 4.80000000e-01  4.80000000e-01  1.20000000e+00 -4.60644332e-03  4.60654011e-03  3.72087495e-10 -9.71561669e-08  3.61944215e-18 
 4.90000000e-01  4.90000000e-01  1.20000000e+00 -4.62253252e-03  4.62262927e-03  3.73905513e-10 -9.71219749e-08  1.15260081e-18 
 5.00000000e-01  5.00000000e-01  1.20000000e+00 -4.63747923e-03  4.63757595e-03  3.75734220e-10 -9.70971171e-08  8.07457752e-18 
 5.10000000e-01  5.10000000e-01  1.20000000e+00 -4.65142738e-03  4.65152408e-03  3.77573370e-10 -9.70806052e-08  8.47236671e-18 
 5.20000000e-01  5.20000000e-01  1.20000000e+00 -4.66450293e-03  4.66459963e-03  3.79422743e-10 -9.70715388e-08  1.48897013e-18 
 5.30000000e-01  5.30000000e-01  1.20000000e+00 -4.67681552e-03  4.67691221e-03  3.81282143e-10 -9.70691063e-08  3.93540219e-18 
 5.40000000e-01  5.40000000e-01  1.20000000e+00 -4.68846013e-03  4.68855682e-03  3.83151397e-10 -9.70725828e-08  2.01924295e-18 
 5.50000000e-01  5.50000000e-01  1.20000000e+00 -4.69951889e-03  4.69961558e-03  3.85030354e-10 -9.70813246e-08  1.24189030e-18 
 5.60000000e-01  5.60000000e-01  1.20000000e+00 -4.71006269e-03  4.71015940e-03  3.86918886e-10 -9.70947626e-08  5.76874611e-18 
 5.70000000e-01  5.70000000e-01  1.20000000e+00 -4.72015275e-03  4.72024948e-03  3.88816882e-10 -9.71123949e-08  3.25220730e-18 
 5.80000000e-01  5.80000000e-01  1.20000000e+00 -4.72984195e-03  4.72993869e-03  3.90724249e-10 -9.71337798e-08  5.08435869e-19 
 5.90000000e-01  5.90000000e-01  1.20000000e+00 -4.73917601e-03  4.73927277e-03  3.92640910e-10 -9.71585288e-08  2.40135133e-18 
 6.00000000e-01  6.00000000e-01  1.20000000e+00 -4.74819454e-03  4.74829134e-03  3.94566801e-10 -9.71863001e-08  7.31025157e-18 
 6.10000000e-01  6.10000000e-01  1.20000000e+00 -4.75693195e-03  4.75702877e-03  3.96501868e-10 -9.72167928e-08  2.72702593e-18 
 6.20000000e-01  6.20000000e-01  1.20000000e+00 -4.76541815e-03  4.76551500e-03  3.98446070e-10 -9.72497417e-08  1.33497738e-18 
 6.30000000e-01  6.30000000e-01  1.20000000e+00 -4.77367925e-03  4.77377613e-03  4.00399374e-10 -9.72849130e-08  1.32413015e-18 
 6.40000000e-01  6.40000000e-01  1.20000000e+00 -4.78173807e-03  4.78183499e-03  4.02361755e-10 -9.73220998e-08  4.07059457e-19 
 6.50000000e-01  6.50000000e-01  1.20000000e+00 -4.78961466e-03  4.78971162e-03  4.04333194e-10 -9.73611192e-08  4.59236557e-18 
 6.60000000e-01  6.60000000e-01  1.20000000e+00 -4.79732662e-03  4.79742362e-03  4.06313681e-10 -9.74018086e-08  2.02159385e-18 
 6.70000000e-01  6.70000000e-01  1.20000000e+00 -4.80488949e-03  4.80498653e-03  4.08303208e-10 -9.74440237e-08  7.91853435e-18 
 6.80000000e-01  6.80000000e-01  1.20000000e+00 -4.81231704e-03  4.81241411e-03  4.10301774e-10 -9.74876358e-08  3.27642498e-18 
 6.90000000e-01  6.90000000e-01  1.20000000e+00 -4.81962145e-03  4.81971857e-03  4.12309380e-10 -9.75325301e-08  2.66174975e-18 
 7.00000000e-01  7.00000000e-01  1.20000000e+00 -4.82681362e-03  4.82691078e-03  4.14326034e-10 -9.75786039e-08  4.06548419e-18 
 7.10000000e-01  7.10000000e-01  1.20000000e+00 -4.83390325e-03  4.83400046e-03  4.16351744e-10 -9.76257650e-08  2.95635685e-18 
 7.20000000e-01  7.20000000e-01  1.20000000e+00 -4.84089908e-03  4.84099633e-03  4.18386521e-10 -9.76739307e-08  1.28401902e-19 
 7.30000000e-01  7.30000000e-01  1.20000000e+00 -4.84780896e-03  4.84790626e-03  4.20430382e-10 -9.77230265e-08  1.03938814e-17 
 7.40000000e-01  7.40000000e-01  1.20000000e+00 -4.85464002e-03  4.85473737e-03  4.22483343e-10 -9.77729852e-08  6.50731273e-18 
 7.50000000e-01  7.50000000e-01  1.20000000e+00 -4.86139872e-03  4.86149612e-03  4.24545422e-10 -9.78237458e-08  2.38458588e-18 
 7.60000000e-01  7.60000000e-01  1.20000000e+00 -4.86809100e-03  4.86818845e-03  4.26616641e-10 -9.78752535e-08  6.93689999e-19 
 7.70000000e-01  7.70000000e-01  1.20000000e+00 -4.87472232e-03  4.87481982e-03  4.28697022e-10 -9.79274582e-08  9.70786901e-18 
 7.80000000e-01  7.80000000e-01  1.20000000e+00 -4.88129773e-03  4.88139528e-03  4.30786589e-10 -9.79803145e-08  1.93353158e-19 
 7.90000000e-01  7.90000000e-01  1.20000000e+00 -4.88782198e-03  4.88791959e-03  4.32885367e-10 -9.80337810e-08  8.63499011e-18 
 8.00000000e-01  8.00000000e-01  1.20000000e+00 -4.89429952e-03  4.89439718e-03  4.34993383e-10 -9.80878200e-08  5.62268473e-18 
 8.10000000e-01  8.10000000e-01  1.20000000e+00 -4.90073458e-03  4.90083229e-03  4.37110664e-10 -9.81423968e-08  2.47227193e-18 
 8.20000000e-01  8.20000000e-01  1.20000000e+00 -4.90713121e-03  4.90722897e-03  4.39237238e-10 -9.81974800e-08  3.52833451e-18 
 8.30000000e-01  8.30000000e-01  1.20000000e+00 -4.91349334e-03  4.91359115e-03  4.41373135e-10 -9.82530405e-08  1.46431119e-17 
 8.40000000e-01  8.40000000e-01  1.20000000e+00 -4.91982477e-03  4.91992264e-03  4.43518386e-10 -9.83090516e-08  6.90235610e-18 
 8.50000000e-01  8.50000000e-01  1.20000000e+00 -4.92612925e-03  4.92622717e-03  4.45673021e-10 -9.83654889e-08  5.68484519e-18 
 8.60000000e-01  8.60000000e-01  1.20000000e+00 -4.93241050e-03  4.93250847e-03  4.47837073e-10 -9.84223299e-08  4.10316563e-18 
 8.70000000e-01  8.70000000e-01  1.20000000e+00 -4.93867220e-03  4.93877023e-03  4.50010574e-10 -9.84795535e-08  5.30269115e-18 
 8.80000000e-01  8.80000000e-01  1.20000000e+00 -4.94491806e-03  4.94501615e-03  4.52193556e-10 -9.85371407e-08  3.01031472e-18 
 8.90000000e-01  8.90000000e-01  1.20000000e+00 -4.95115182e-03  4.95124996e-03  4.54386055e-10 -9.85950736e-08  2.72054513e-18 
 9.00000000e-01  9.00000000e-01  1.20000000e+00 -4.95737724e-03  4.95747544e-03  4.56588103e-10 -9.86533357e-08  3.06219233e-18 
 9.10000000e-01  9.10000000e-01  1.20000000e+00 -4.96359817e-03  4.96369642e-03  4.58799736e-10 -9.87119117e-08  4.75023490e-18 
 9.20000000e-01  9.20000000e-01  1.20000000e+00 -4.96981852e-03  4.96991683e-03  4.61020988e-10 -9.87707874e-08  1.25320313e-18 
 9.30000000e-01  9.30000000e-01  1.20000000e+00 -4.97604228e-03  4.97614064e-03  4.63251896e-10 -9.88299496e-08  2.23969744e-18 
 9.40000000e-01  9.40000000e-01  1.20000000e+00 -4.98227353e-03  4.98237195e-03  4.65492496e-10 -9.88893859e-08  4.38644356e-18 
 9.50000000e-01  9.50000000e-01  1.20000000e+00 -4.98851646e-03  4.98861494e-03  4.67742824e-10 -9.89490848e-08  1.34864220e-18 
 9.60000000e-01  9.60000000e-01  1.20000000e+00 -4.99477536e-03  4.99487389e-03  4.70002917e-10 -9.90090358e-08  1.64122467e-18 
 9.70000000e-01  9.70000000e-01  1.20000000e+00 -5.00105460e-03  5.00115320e-03  4.72272812e-10 -9.90692288e-08  4.33281589e-18 
 9.80000000e-01  9.80000000e-01  1.20000000e+00 -5.00735869e-03  5.00745734e-03  4.74552547e-10 -9.91296544e-08  5.66956002e-18 
 9.90000000e-01  9.90000000e-01  1.20000000e+00 -5.01369223e-03  5.01379094e-03  4.76842160e-10 -9.91903039e-08  1.53904276e-17 
 1.00000000e+00  1.00000000e+00  1.20000000e+00 -5.02005993e-03  5.02015870e-03  4.79141689e-10 -9.92511691e-08  2.17637744e-18 
 1.01000000e+00  1.01000000e+00  1.20000000e+00 -5.02646661e-03  5.02656544e-03  4.81451172e-10 -9.93122423e-08  7.24675171e-18 
 1.02000000e+00  1.02000000e+00  1.20000000e+00 -5.03291719e-03  5.03301607e-03  4.83770649e-10 -9.93735164e-08  2.13074023e-18 
 1.03000000e+00  1.03000000e+00  1.20000000e+00 -5.03941668e-03  5.03951563e-03  4.86100159e-10 -9.94349844e-08  8.97414947e-18 
 1.04000000e+00  1.04000000e+00  1.20000000e+00 -5.04597021e-03  5.04606922e-03  4.88439741e-10 -9.94966401e-08  4.68821156e-19 
 1.05000000e+00  1.05000000e+00  1.20000000e+00 -5.05258299e-03  5.05268205e-03  4.90789434e-10 -9.95584775e-08  6.13388566e-18 
 1.06000000e+00  1.06000000e+00  1.20000000e+00 -5.05926030e-03  5.05935943e-03  4.93149280e-10 -9.96204909e-08  5.37530293e-19 
 1.07000000e+00  1.07000000e+00  1.20000000e+00 -5.06600753e-03  5.06610671e-03  4.95519317e-10 -9.96826750e-08  5.22659302e-18 
 1.08000000e+00  1.08000000e+00  1.20000000e+00 -5.07283012e-03  5.07292937e-03  4.97899588e-10 -9.97450248e-08  9.97472078e-19 
 1.09000000e+00  1.09000000e+00  1.20000000e+00 -5.07973360e-03  5.07983291e-03  5.00290131e-10 -9.98075355e-08  7.13428803e-20 
 1.10000000e+00  1.10000000e+00  1.20000000e+00 -5.08672355e-03  5.08682292e-03  5.02690990e-10 -9.98702028e-08  2.60782874e-18 
 1.11000000e+00  1.11000000e+00  1.20000000e+00 -5.09380562e-03  5.09390505e-03  5.05102203e-10 -9.99330222e-08  5.95920083e-18 
 1.12000000e+00  1.12000000e+00  1.20000000e+00 -5.10098549e-03  5.10108498e-03  5.07523814e-10 -9.99959899e-08  3.73590023e-18 
 1.13000000e+00  1.13000000e+00  1.20000000e+00 -5.10826891e-03  5.10836846e-03  5.09955864e-10 -1.00059102e-07  4.67594923e-18 
 1.14000000e+00  1.14000000e+00  1.20000000e+00 -5.11566163e-03  5.11576124e-03  5.12398394e-10 -1.00122355e-07  1.35487414e-17 
 1.15000000e+00  1.15000000e+00  1.20000000e+00 -5.12316948e-03  5.12326915e-03  5.14851447e-10 -1.00185746e-07  8.48195033e-18 
 1.16000000e+00  1.16000000e+00  1.20000000e+00 -5.13079827e-03  5.13089800e-03  5.17315066e-10 -1.00249270e-07  3.47700666e-18 
 1.17000000e+00  1.17000000e+00  1.20000000e+00 -5.13855385e-03  5.13865365e-03  5.19789292e-10 -1.00312926e-07  4.51074575e-18 
 1.18000000e+00  1.18000000e+00  1.20000000e+00 -5.14644208e-03  5.14654194e-03  5.22274169e-10 -1.00376711e-07  7.80313707e-18 
 1.19000000e+00  1.19000000e+00  1.20000000e+00 -5.15446883e-03  5.15456874e-03  5.24769740e-10 -1.00440620e-07  8.49316669e-18 
 1.20000000e+00  1.20000000e+00  1.20000000e+00 -5.16263995e-03  5.16273992e-03  5.27276048e-10 -1.00504653e-07  4.97760328e-18 
