v-sweep v(drain_iv) v(gate_iv) id is ib ig kcl
 0.0000000000e+00  0.0000000000e+00  0.0000000000e+00  -1.2814048574e-21  -1.2814048574e-21  -3.0395532253e-33  2.5628097148e-21  5.5728459162e-37
 1.0000000000e+00  1.0000000000e-02  0.0000000000e+00  3.8263577463e-10  -3.8263576463e-10  -1.0000000000e-17  1.9522584328e-21  5.0049404932e-26
 2.0000000000e+00  2.0000000000e-02  0.0000000000e+00  5.4360708273e-10  -5.4360706273e-10  -2.0000000000e-17  1.7409982209e-21  1.2785136176e-25
 3.0000000000e+00  3.0000000000e-02  0.0000000000e+00  5.9964057844e-10  -5.9964054844e-10  -3.0000000000e-17  1.7003054890e-21  3.7379446763e-26
 4.0000000000e+00  4.0000000000e-02  0.0000000000e+00  6.3075824855e-10  -6.3075820855e-10  -4.0000000000e-17  1.7030471348e-21  6.0487962179e-26
 5.0000000000e+00  5.0000000000e-02  0.0000000000e+00  6.5572344730e-10  -6.5572339730e-10  -5.0000000000e-17  1.7206956784e-21  3.0793043687e-26
 6.0000000000e+00  6.0000000000e-02  0.0000000000e+00  6.7910480454e-10  -6.7910474454e-10  -6.0000000000e-17  1.7462563615e-21  3.5247328299e-26
 7.0000000000e+00  7.0000000000e-02  0.0000000000e+00  7.0229638991e-10  -7.0229631991e-10  -7.0000000000e-17  1.7774269752e-21  7.9046106026e-26
 8.0000000000e+00  8.0000000000e-02  0.0000000000e+00  7.2580954178e-10  -7.2580946178e-10  -8.0000000000e-17  1.8132008970e-21  3.6127154728e-26
 9.0000000000e+00  9.0000000000e-02  0.0000000000e+00  7.4985798419e-10  -7.4985789419e-10  -9.0000000000e-17  1.8530240841e-21  2.3551503955e-26
 1.0000000000e+01  1.0000000000e-01  0.0000000000e+00  7.7453973379e-10  -7.7453963379e-10  -1.0000000000e-16  1.8965403136e-21  4.9437715715e-26
 1.1000000000e+01  1.1000000000e-01  0.0000000000e+00  7.9990321464e-10  -7.9990310465e-10  -1.1000000000e-16  1.9434997807e-21  9.1309281599e-26
 1.2000000000e+01  1.2000000000e-01  0.0000000000e+00  8.2597433273e-10  -8.2597421274e-10  -1.2000000000e-16  1.9937204135e-21  2.6057382250e-26
 1.3000000000e+01  1.3000000000e-01  0.0000000000e+00  8.5276858537e-10  -8.5276845537e-10  -1.3000000000e-16  2.0470685202e-21  6.5573323189e-26
 1.4000000000e+01  1.4000000000e-01  0.0000000000e+00  8.8029682203e-10  -8.8029668203e-10  -1.4000000000e-16  2.1034474692e-21  3.4003997231e-26
 1.5000000000e+01  1.5000000000e-01  0.0000000000e+00  9.0856809175e-10  -9.0856794176e-10  -1.5000000000e-16  2.1627901866e-21  7.1071067401e-26
 1.6000000000e+01  1.6000000000e-01  0.0000000000e+00  9.3759107242e-10  -9.3759091242e-10  -1.6000000000e-16  2.2250537475e-21  1.7634319935e-25
 1.7000000000e+01  1.7000000000e-01  0.0000000000e+00  9.6737478188e-10  -9.6737461188e-10  -1.7000000000e-16  2.2902152733e-21  9.6063068347e-26
 1.8000000000e+01  1.8000000000e-01  0.0000000000e+00  9.9792891426e-10  -9.9792873426e-10  -1.8000000000e-16  2.3582687300e-21  4.8322241743e-26
 1.9000000000e+01  1.9000000000e-01  0.0000000000e+00  1.0292639803e-09  -1.0292637903e-09  -1.9000000000e-16  2.4292223918e-21  8.0801989607e-25
 2.0000000000e+01  2.0000000000e-01  0.0000000000e+00  1.0613913449e-09  -1.0613911449e-09  -2.0000000000e-16  2.5030968152e-21  1.1227305061e-25
 2.1000000000e+01  2.1000000000e-01  0.0000000000e+00  1.0943232124e-09  -1.0943230024e-09  -2.1000000000e-16  2.5799232121e-21  5.5431579480e-26
 2.2000000000e+01  2.2000000000e-01  0.0000000000e+00  1.1280725885e-09  -1.1280723685e-09  -2.2000000000e-16  2.6597421424e-21  3.1759890101e-25
 2.3000000000e+01  2.3000000000e-01  0.0000000000e+00  1.1626532327e-09  -1.1626530027e-09  -2.3000000000e-16  2.7426024601e-21  6.9639674358e-25
 2.4000000000e+01  2.4000000000e-01  0.0000000000e+00  1.1980796085e-09  -1.1980793685e-09  -2.4000000000e-16  2.8285604651e-21  3.6179927057e-25
 2.5000000000e+01  2.5000000000e-01  0.0000000000e+00  1.2343668376e-09  -1.2343665876e-09  -2.5000000000e-16  2.9176792207e-21  3.2719598557e-25
 2.6000000000e+01  2.6000000000e-01  0.0000000000e+00  1.2715306579e-09  -1.2715303979e-09  -2.6000000000e-16  3.0100280051e-21  9.9167186705e-25
 2.7000000000e+01  2.7000000000e-01  0.0000000000e+00  1.3095873869e-09  -1.3095871169e-09  -2.7000000000e-16  3.1056818733e-21  4.1901559854e-25
 2.8000000000e+01  2.8000000000e-01  0.0000000000e+00  1.3485538904e-09  -1.3485536104e-09  -2.8000000000e-16  3.2047213079e-21  1.8310561085e-25
 2.9000000000e+01  2.9000000000e-01  0.0000000000e+00  1.3884475559e-09  -1.3884472660e-09  -2.9000000000e-16  3.3072319443e-21  2.1528374021e-25
 3.0000000000e+01  3.0000000000e-01  0.0000000000e+00  1.4292862707e-09  -1.4292859708e-09  -3.0000000000e-16  3.4133043560e-21  4.5313565694e-25
 3.1000000000e+01  3.1000000000e-01  0.0000000000e+00  1.4710884037e-09  -1.4710880937e-09  -3.1000000000e-16  3.5230338913e-21  5.4129663164e-27
 3.2000000000e+01  3.2000000000e-01  0.0000000000e+00  1.5138727906e-09  -1.5138724706e-09  -3.2000000000e-16  3.6365205513e-21  4.0749783490e-25
 3.3000000000e+01  3.3000000000e-01  0.0000000000e+00  1.5576587225e-09  -1.5576583925e-09  -3.3000000000e-16  3.7538689038e-21  6.0643435570e-26
 3.4000000000e+01  3.4000000000e-01  0.0000000000e+00  1.6024659367e-09  -1.6024655967e-09  -3.4000000000e-16  3.8751880275e-21  1.2107910490e-25
 3.5000000000e+01  3.5000000000e-01  0.0000000000e+00  1.6483146093e-09  -1.6483142594e-09  -3.5000000000e-16  4.0005914798e-21  3.6915825813e-25
 3.6000000000e+01  3.6000000000e-01  0.0000000000e+00  1.6952253514e-09  -1.6952249914e-09  -3.6000000000e-16  4.1301972895e-21  2.4103452674e-25
 3.7000000000e+01  3.7000000000e-01  0.0000000000e+00  1.7432192041e-09  -1.7432188341e-09  -3.7000000000e-16  4.2641279650e-21  6.2142024771e-27
 3.8000000000e+01  3.8000000000e-01  0.0000000000e+00  1.7923176376e-09  -1.7923172576e-09  -3.8000000000e-16  4.4025105216e-21  5.0096222286e-25
 3.9000000000e+01  3.9000000000e-01  0.0000000000e+00  1.8425425507e-09  -1.8425421607e-09  -3.9000000000e-16  4.5454765208e-21  4.0927415244e-25
 4.0000000000e+01  4.0000000000e-01  0.0000000000e+00  1.8939162698e-09  -1.8939158698e-09  -4.0000000000e-16  4.6931621245e-21  2.8090188056e-25
 4.1000000000e+01  4.1000000000e-01  0.0000000000e+00  1.9464615511e-09  -1.9464611411e-09  -4.1000000000e-16  4.8457081590e-21  3.6371358947e-25
 4.2000000000e+01  4.2000000000e-01  0.0000000000e+00  2.0002015820e-09  -2.0002011620e-09  -4.2000000000e-16  5.0032601899e-21  9.6541616024e-25
 4.3000000000e+01  4.3000000000e-01  0.0000000000e+00  2.0551599842e-09  -2.0551595542e-09  -4.3000000000e-16  5.1659686062e-21  1.3304612483e-25
 4.4000000000e+01  4.4000000000e-01  0.0000000000e+00  2.1113608162e-09  -2.1113603762e-09  -4.4000000000e-16  5.3339887128e-21  1.9284049955e-25
 4.5000000000e+01  4.5000000000e-01  0.0000000000e+00  2.1688285778e-09  -2.1688281278e-09  -4.5000000000e-16  5.5074808311e-21  5.7088729723e-25
 4.6000000000e+01  4.6000000000e-01  0.0000000000e+00  2.2275882135e-09  -2.2275877535e-09  -4.6000000000e-16  5.6866104076e-21  2.7455978401e-25
 4.7000000000e+01  4.7000000000e-01  0.0000000000e+00  2.2876651176e-09  -2.2876646476e-09  -4.7000000000e-16  5.8715481275e-21  4.5323717347e-25
 4.8000000000e+01  4.8000000000e-01  0.0000000000e+00  2.3490851390e-09  -2.3490846590e-09  -4.8000000000e-16  6.0624700374e-21  5.4777949056e-25
 4.9000000000e+01  4.9000000000e-01  0.0000000000e+00  2.4118745866e-09  -2.4118740966e-09  -4.9000000000e-16  6.2595576738e-21  6.3657751975e-25
 5.0000000000e+01  5.0000000000e-01  0.0000000000e+00  2.4760602343e-09  -2.4760597343e-09  -5.0000000000e-16  6.4629981952e-21  1.7542590203e-26
 5.1000000000e+01  5.1000000000e-01  0.0000000000e+00  2.5416693278e-09  -2.5416688178e-09  -5.1000000000e-16  6.6729845248e-21  2.9732512644e-25
 5.2000000000e+01  5.2000000000e-01  0.0000000000e+00  2.6087295897e-09  -2.6087290697e-09  -5.2000000000e-16  6.8897154951e-21  3.6321621267e-26
 5.3000000000e+01  5.3000000000e-01  0.0000000000e+00  2.6772692263e-09  -2.6772686963e-09  -5.3000000000e-16  7.1133959998e-21  5.5677151880e-25
 5.4000000000e+01  5.4000000000e-01  0.0000000000e+00  2.7473169345e-09  -2.7473163945e-09  -5.4000000000e-16  7.3442371518e-21  3.8705756138e-26
 5.5000000000e+01  5.5000000000e-01  0.0000000000e+00  2.8189019071e-09  -2.8189013572e-09  -5.5000000000e-16  7.5824564467e-21  5.4584263982e-25
 5.6000000000e+01  5.6000000000e-01  0.0000000000e+00  2.8920538418e-09  -2.8920532818e-09  -5.6000000000e-16  7.8282779306e-21  2.6794341038e-25
 5.7000000000e+01  5.7000000000e-01  0.0000000000e+00  2.9668029460e-09  -2.9668023760e-09  -5.7000000000e-16  8.0819323763e-21  2.2929474805e-25
 5.8000000000e+01  5.8000000000e-01  0.0000000000e+00  3.0431799461e-09  -3.0431793661e-09  -5.8000000000e-16  8.3436574620e-21  1.0520051817e-26
 5.9000000000e+01  5.9000000000e-01  0.0000000000e+00  3.1212160931e-09  -3.1212155031e-09  -5.9000000000e-16  8.6136979584e-21  6.2032057561e-25
 6.0000000000e+01  6.0000000000e-01  0.0000000000e+00  3.2009431718e-09  -3.2009425718e-09  -6.0000000000e-16  8.8923059202e-21  5.2087134647e-25
 6.1000000000e+01  6.1000000000e-01  0.0000000000e+00  3.2823935066e-09  -3.2823928966e-09  -6.1000000000e-16  9.1797408840e-21  2.7981665448e-25
 6.2000000000e+01  6.2000000000e-01  0.0000000000e+00  3.3655999712e-09  -3.3655993512e-09  -6.2000000000e-16  9.4762700715e-21  3.7006530026e-25
 6.3000000000e+01  6.3000000000e-01  0.0000000000e+00  3.4505959956e-09  -3.4505953656e-09  -6.3000000000e-16  9.7821685996e-21  1.2903011285e-24
 6.4000000000e+01  6.4000000000e-01  0.0000000000e+00  3.5374155740e-09  -3.5374149340e-09  -6.4000000000e-16  1.0097719696e-20  1.3101362471e-25
 6.5000000000e+01  6.5000000000e-01  0.0000000000e+00  3.6260932736e-09  -3.6260926236e-09  -6.5000000000e-16  1.0423214921e-20  7.0718668444e-25
 6.6000000000e+01  6.6000000000e-01  0.0000000000e+00  3.7166642428e-09  -3.7166635828e-09  -6.6000000000e-16  1.0758954396e-20  1.3809631374e-25
 6.7000000000e+01  6.7000000000e-01  0.0000000000e+00  3.8091642193e-09  -3.8091635493e-09  -6.7000000000e-16  1.1105247038e-20  2.3081350251e-25
 6.8000000000e+01  6.8000000000e-01  0.0000000000e+00  3.9036295392e-09  -3.9036288592e-09  -6.8000000000e-16  1.1462410803e-20  1.0968282583e-25
 6.9000000000e+01  6.9000000000e-01  0.0000000000e+00  4.0000971459e-09  -4.0000964559e-09  -6.9000000000e-16  1.1830772931e-20  5.1646723465e-27
 7.0000000000e+01  7.0000000000e-01  0.0000000000e+00  4.0986045982e-09  -4.0986038982e-09  -7.0000000000e-16  1.2210670201e-20  5.3967946678e-26
 7.1000000000e+01  7.1000000000e-01  0.0000000000e+00  4.1991900798e-09  -4.1991893698e-09  -7.1000000000e-16  1.2602449197e-20  4.1288299387e-25
 7.2000000000e+01  7.2000000000e-01  0.0000000000e+00  4.3018924088e-09  -4.3018916888e-09  -7.2000000000e-16  1.3006466573e-20  2.2188231517e-25
 7.3000000000e+01  7.3000000000e-01  0.0000000000e+00  4.4067510459e-09  -4.4067503159e-09  -7.3000000000e-16  1.3423089331e-20  1.6679122777e-25
 7.4000000000e+01  7.4000000000e-01  0.0000000000e+00  4.5138061053e-09  -4.5138053653e-09  -7.4000000000e-16  1.3852695106e-20  3.0359154165e-25
 7.5000000000e+01  7.5000000000e-01  0.0000000000e+00  4.6230983621e-09  -4.6230976122e-09  -7.5000000000e-16  1.4295672455e-20  5.7707630546e-25
 7.6000000000e+01  7.6000000000e-01  0.0000000000e+00  4.7346692644e-09  -4.7346685044e-09  -7.6000000000e-16  1.4752421159e-20  5.5984551253e-25
 7.7000000000e+01  7.7000000000e-01  0.0000000000e+00  4.8485609411e-09  -4.8485601711e-09  -7.7000000000e-16  1.5223352528e-20  9.9115146538e-25
 7.8000000000e+01  7.8000000000e-01  0.0000000000e+00  4.9648162123e-09  -4.9648154324e-09  -7.8000000000e-16  1.5708889720e-20  1.1712154751e-24
 7.9000000000e+01  7.9000000000e-01  0.0000000000e+00  5.0834786001e-09  -5.0834778101e-09  -7.9000000000e-16  1.6209468062e-20  4.5498045747e-25
 8.0000000000e+01  8.0000000000e-01  0.0000000000e+00  5.2045923380e-09  -5.2045915380e-09  -8.0000000000e-16  1.6725535384e-20  1.0265438085e-24
 8.1000000000e+01  8.1000000000e-01  0.0000000000e+00  5.3282023806e-09  -5.3282015706e-09  -8.1000000000e-16  1.7257552359e-20  6.5021219163e-25
 8.2000000000e+01  8.2000000000e-01  0.0000000000e+00  5.4543544159e-09  -5.4543535959e-09  -8.2000000000e-16  1.7805992858e-20  3.4484364218e-26
 8.3000000000e+01  8.3000000000e-01  0.0000000000e+00  5.5830948737e-09  -5.5830940437e-09  -8.3000000000e-16  1.8371344303e-20  5.6784663287e-25
 8.4000000000e+01  8.4000000000e-01  0.0000000000e+00  5.7144709378e-09  -5.7144700978e-09  -8.4000000000e-16  1.8954108040e-20  1.3528645036e-24
 8.5000000000e+01  8.5000000000e-01  0.0000000000e+00  5.8485305555e-09  -5.8485297055e-09  -8.5000000000e-16  1.9554799720e-20  5.2200267162e-25
 8.6000000000e+01  8.6000000000e-01  0.0000000000e+00  5.9853224499e-09  -5.9853215899e-09  -8.6000000000e-16  2.0173949683e-20  1.7029113737e-24
 8.7000000000e+01  8.7000000000e-01  0.0000000000e+00  6.1248961301e-09  -6.1248952601e-09  -8.7000000000e-16  2.0812103358e-20  1.8663640435e-25
 8.8000000000e+01  8.8000000000e-01  0.0000000000e+00  6.2673019027e-09  -6.2673010227e-09  -8.8000000000e-16  2.1469821676e-20  6.9304980398e-25
 8.9000000000e+01  8.9000000000e-01  0.0000000000e+00  6.4125908827e-09  -6.4125899927e-09  -8.9000000000e-16  2.2147681485e-20  4.5639922380e-25
 9.0000000000e+01  9.0000000000e-01  0.0000000000e+00  6.5608150055e-09  -6.5608141055e-09  -9.0000000000e-16  2.2846275983e-20  6.6260628114e-25
 9.1000000000e+01  9.1000000000e-01  0.0000000000e+00  6.7120270386e-09  -6.7120261286e-09  -9.1000000000e-16  2.3566215161e-20  3.4766480600e-26
 9.2000000000e+01  9.2000000000e-01  0.0000000000e+00  6.8662805928e-09  -6.8662796728e-09  -9.2000000000e-16  2.4308126253e-20  2.6691996197e-25
 9.3000000000e+01  9.3000000000e-01  0.0000000000e+00  7.0236301347e-09  -7.0236292047e-09  -9.3000000000e-16  2.5072654207e-20  2.1608911789e-25
 9.4000000000e+01  9.4000000000e-01  0.0000000000e+00  7.1841309980e-09  -7.1841300581e-09  -9.4000000000e-16  2.5860462153e-20  4.6322504000e-26
 9.5000000000e+01  9.5000000000e-01  0.0000000000e+00  7.3478393965e-09  -7.3478384465e-09  -9.5000000000e-16  2.6672231901e-20  9.2418881022e-25
 9.6000000000e+01  9.6000000000e-01  0.0000000000e+00  7.5148124361e-09  -7.5148114762e-09  -9.6000000000e-16  2.7508664440e-20  9.1489169002e-25
 9.7000000000e+01  9.7000000000e-01  0.0000000000e+00  7.6851081271e-09  -7.6851071571e-09  -9.7000000000e-16  2.8370480449e-20  1.0078950381e-24
 9.8000000000e+01  9.8000000000e-01  0.0000000000e+00  7.8587853967e-09  -7.8587844167e-09  -9.8000000000e-16  2.9258420831e-20  3.2633400712e-26
 9.9000000000e+01  9.9000000000e-01  0.0000000000e+00  8.0359041030e-09  -8.0359031131e-09  -9.9000000000e-16  3.0173247248e-20  1.6494332110e-25
 1.0000000000e+02  1.0000000000e+00  0.0000000000e+00  8.2165250461e-09  -8.2165240461e-09  -1.0000000000e-15  3.1115742683e-20  8.1764288978e-25
 1.0100000000e+02  1.0100000000e+00  0.0000000000e+00  8.4007099822e-09  -8.4007089722e-09  -1.0100000000e-15  3.2086712004e-20  5.3376301000e-25
 1.0200000000e+02  1.0200000000e+00  0.0000000000e+00  8.5885216373e-09  -8.5885206174e-09  -1.0200000000e-15  3.3086982550e-20  2.4646913743e-25
 1.0300000000e+02  1.0300000000e+00  0.0000000000e+00  8.7800237195e-09  -8.7800226895e-09  -1.0300000000e-15  3.4117404727e-20  2.6551511902e-24
 1.0400000000e+02  1.0400000000e+00  0.0000000000e+00  8.9752809330e-09  -8.9752798931e-09  -1.0400000000e-15  3.5178852628e-20  1.8654785471e-25
 1.0500000000e+02  1.0500000000e+00  0.0000000000e+00  9.1743589923e-09  -9.1743579423e-09  -1.0500000000e-15  3.6272224655e-20  1.3643171862e-25
 1.0600000000e+02  1.0600000000e+00  0.0000000000e+00  9.3773246355e-09  -9.3773235755e-09  -1.0600000000e-15  3.7398444168e-20  6.9915006536e-25
 1.0700000000e+02  1.0700000000e+00  0.0000000000e+00  9.5842456380e-09  -9.5842445681e-09  -1.0700000000e-15  3.8558460148e-20  5.5262546310e-25
 1.0800000000e+02  1.0800000000e+00  0.0000000000e+00  9.7951908278e-09  -9.7951897478e-09  -1.0800000000e-15  3.9753247869e-20  2.0303061029e-24
 1.0900000000e+02  1.0900000000e+00  0.0000000000e+00  1.0010230098e-08  -1.0010229008e-08  -1.0900000000e-15  4.0983809602e-20  4.1418836145e-24
 1.1000000000e+02  1.1000000000e+00  0.0000000000e+00  1.0229434425e-08  -1.0229433325e-08  -1.1000000000e-15  4.2251175318e-20  2.4503039319e-24
 1.1100000000e+02  1.1100000000e+00  0.0000000000e+00  1.0452875878e-08  -1.0452874768e-08  -1.1100000000e-15  4.3556403428e-20  4.3922745739e-24
 1.1200000000e+02  1.1200000000e+00  0.0000000000e+00  1.0680627637e-08  -1.0680626517e-08  -1.1200000000e-15  4.4900581523e-20  1.2453526230e-24
 1.1300000000e+02  1.1300000000e+00  0.0000000000e+00  1.0912764009e-08  -1.0912762879e-08  -1.1300000000e-15  4.6284827148e-20  5.5914794256e-24
 1.1400000000e+02  1.1400000000e+00  0.0000000000e+00  1.1149360440e-08  -1.1149359300e-08  -1.1400000000e-15  4.7710288586e-20  1.3177901700e-25
 1.1500000000e+02  1.1500000000e+00  0.0000000000e+00  1.1390493532e-08  -1.1390492382e-08  -1.1500000000e-15  4.9178145664e-20  3.1640668567e-24
 1.1600000000e+02  1.1600000000e+00  0.0000000000e+00  1.1636241058e-08  -1.1636239898e-08  -1.1600000000e-15  5.0689610580e-20  6.3882449143e-25
 1.1700000000e+02  1.1700000000e+00  0.0000000000e+00  1.1886681980e-08  -1.1886680810e-08  -1.1700000000e-15  5.2245928749e-20  2.8911659485e-24
 1.1800000000e+02  1.1800000000e+00  0.0000000000e+00  1.2141896461e-08  -1.2141895281e-08  -1.1800000000e-15  5.3848379673e-20  9.5563836737e-24
 1.1900000000e+02  1.1900000000e+00  0.0000000000e+00  1.2401965884e-08  -1.2401964694e-08  -1.1900000000e-15  5.5498277828e-20  1.6863674814e-24
 1.2000000000e+02  1.2000000000e+00  0.0000000000e+00  1.2666972865e-08  -1.2666971665e-08  -1.2000000000e-15  5.7196973577e-20  2.1818324777e-24
 1.2100000000e+02  0.0000000000e+00  2.0000000000e-01  -3.5155935938e-16  -3.5155935938e-16  -2.5165016996e-17  7.2828373576e-16  7.3955709864e-32
 1.2200000000e+02  1.0000000000e-02  2.0000000000e-01  1.9593855743e-07  -1.9593855796e-07  -3.5165016996e-17  5.6935310003e-16  5.0584955267e-24
 1.2300000000e+02  2.0000000000e-02  2.0000000000e-01  2.8625817271e-07  -2.8625817317e-07  -4.5165016995e-17  5.0618221199e-16  1.3757662636e-22
 1.2400000000e+02  3.0000000000e-02  2.0000000000e-01  3.1788211349e-07  -3.1788211392e-07  -5.5165016995e-17  4.9152682239e-16  2.4186978130e-23
 1.2500000000e+02  4.0000000000e-02  2.0000000000e-01  3.3424943039e-07  -3.3424943082e-07  -6.5165016995e-17  4.8983989876e-16  1.5294314535e-23
 1.2600000000e+02  5.0000000000e-02  2.0000000000e-01  3.4664877318e-07  -3.4664877359e-07  -7.5165016995e-17  4.9225064460e-16  3.9869867895e-23
 1.2700000000e+02  6.0000000000e-02  2.0000000000e-01  3.5785975485e-07  -3.5785975527e-07  -8.5165016995e-17  4.9657261538e-16  9.8620071732e-24
 1.2800000000e+02  7.0000000000e-02  2.0000000000e-01  3.6872424788e-07  -3.6872424829e-07  -9.5165016995e-17  5.0210438175e-16  3.8818695517e-23
 1.2900000000e+02  8.0000000000e-02  2.0000000000e-01  3.7954859707e-07  -3.7954859747e-07  -1.0516501700e-16  5.0855052882e-16  4.6739240740e-23
 1.3000000000e+02  9.0000000000e-02  2.0000000000e-01  3.9046005160e-07  -3.9046005200e-07  -1.1516501700e-16  5.1575384057e-16  3.4142462288e-24
 1.3100000000e+02  1.0000000000e-01  2.0000000000e-01  4.0151646373e-07  -4.0151646413e-07  -1.2516501700e-16  5.2361484110e-16  1.9997355217e-23
 1.3200000000e+02  1.1000000000e-01  2.0000000000e-01  4.1274574505e-07  -4.1274574545e-07  -1.3516501700e-16  5.3206326172e-16  4.6161234380e-23
 1.3300000000e+02  1.2000000000e-01  2.0000000000e-01  4.2416188819e-07  -4.2416188858e-07  -1.4516501700e-16  5.4104624241e-16  4.2109666785e-24
 1.3400000000e+02  1.3000000000e-01  2.0000000000e-01  4.3577210268e-07  -4.3577210307e-07  -1.5516501700e-16  5.5052265345e-16  3.2002781286e-23
 1.3500000000e+02  1.4000000000e-01  2.0000000000e-01  4.4758021844e-07  -4.4758021883e-07  -1.6516501700e-16  5.6045993428e-16  1.1260380343e-22
 1.3600000000e+02  1.5000000000e-01  2.0000000000e-01  4.5958838953e-07  -4.5958838993e-07  -1.7516501700e-16  5.7083210008e-16  5.8970971022e-23
 1.3700000000e+02  1.6000000000e-01  2.0000000000e-01  4.7179797375e-07  -4.7179797415e-07  -1.8516501700e-16  5.8161836189e-16  5.5490658753e-23
 1.3800000000e+02  1.7000000000e-01  2.0000000000e-01  4.8420999326e-07  -4.8420999365e-07  -1.9516501700e-16  5.9280211058e-16  1.7595554275e-23
 1.3900000000e+02  1.8000000000e-01  2.0000000000e-01  4.9682537485e-07  -4.9682537525e-07  -2.0516501700e-16  6.0437013911e-16  2.3614482789e-23
 1.4000000000e+02  1.9000000000e-01  2.0000000000e-01  5.0964507185e-07  -5.0964507225e-07  -2.1516501700e-16  6.1631203320e-16  4.7444595726e-23
 1.4100000000e+02  2.0000000000e-01  2.0000000000e-01  5.2267012142e-07  -5.2267012182e-07  -2.2516501700e-16  6.2861968682e-16  4.0209033785e-23
 1.4200000000e+02  2.1000000000e-01  2.0000000000e-01  5.3590166701e-07  -5.3590166742e-07  -2.3516501700e-16  6.4128691320e-16  1.4698141041e-23
 1.4300000000e+02  2.2000000000e-01  2.0000000000e-01  5.4934096212e-07  -5.4934096253e-07  -2.4516501700e-16  6.5430913044e-16  1.1011503138e-23
 1.4400000000e+02  2.3000000000e-01  2.0000000000e-01  5.6298936442e-07  -5.6298936483e-07  -2.5516501700e-16  6.6768310584e-16  8.5476643401e-23
 1.4500000000e+02  2.4000000000e-01  2.0000000000e-01  5.7684832550e-07  -5.7684832592e-07  -2.6516501700e-16  6.8140674710e-16  1.0508305678e-24
 1.4600000000e+02  2.5000000000e-01  2.0000000000e-01  5.9091937894e-07  -5.9091937936e-07  -2.7516501700e-16  6.9547893101e-16  7.1964968637e-23
 1.4700000000e+02  2.6000000000e-01  2.0000000000e-01  6.0520412827e-07  -6.0520412869e-07  -2.8516501700e-16  7.0989936229e-16  5.0046463652e-23
 1.4800000000e+02  2.7000000000e-01  2.0000000000e-01  6.1970423555e-07  -6.1970423598e-07  -2.9516501700e-16  7.2466845680e-16  7.4455528732e-23
 1.4900000000e+02  2.8000000000e-01  2.0000000000e-01  6.3442141106e-07  -6.3442141149e-07  -3.0516501700e-16  7.3978724455e-16  1.2686076656e-23
 1.5000000000e+02  2.9000000000e-01  2.0000000000e-01  6.4935740404e-07  -6.4935740448e-07  -3.1516501700e-16  7.5525728878e-16  1.3462860939e-24
 1.5100000000e+02  3.0000000000e-01  2.0000000000e-01  6.6451399462e-07  -6.6451399506e-07  -3.2516501700e-16  7.7108061823e-16  2.3406068030e-23
 1.5200000000e+02  3.1000000000e-01  2.0000000000e-01  6.7989298673e-07  -6.7989298718e-07  -3.3516501700e-16  7.8725967018e-16  2.9068789829e-23
 1.5300000000e+02  3.2000000000e-01  2.0000000000e-01  6.9549620209e-07  -6.9549620255e-07  -3.4516501700e-16  8.0379724238e-16  1.0777783916e-23
 1.5400000000e+02  3.3000000000e-01  2.0000000000e-01  7.1132547489e-07  -7.1132547535e-07  -3.5516501700e-16  8.2069645236e-16  9.9729711091e-24
 1.5500000000e+02  3.4000000000e-01  2.0000000000e-01  7.2738264732e-07  -7.2738264780e-07  -3.6516501700e-16  8.3796070283e-16  3.3981662607e-27
 1.5600000000e+02  3.5000000000e-01  2.0000000000e-01  7.4366956570e-07  -7.4366956618e-07  -3.7516501700e-16  8.5559365208e-16  1.7732692073e-23
 1.5700000000e+02  3.6000000000e-01  2.0000000000e-01  7.6018807711e-07  -7.6018807760e-07  -3.8516501700e-16  8.7359918874e-16  3.4251513138e-23
 1.5800000000e+02  3.7000000000e-01  2.0000000000e-01  7.7694002652e-07  -7.7694002701e-07  -3.9516501700e-16  8.9198140998e-16  8.8434861244e-23
 1.5900000000e+02  3.8000000000e-01  2.0000000000e-01  7.9392725432e-07  -7.9392725482e-07  -4.0516501700e-16  9.1074460275e-16  1.9096797795e-23
 1.6000000000e+02  3.9000000000e-01  2.0000000000e-01  8.1115159414e-07  -8.1115159466e-07  -4.1516501700e-16  9.2989322752e-16  5.3115060935e-23
 1.6100000000e+02  4.0000000000e-01  2.0000000000e-01  8.2861487103e-07  -8.2861487155e-07  -4.2516501700e-16  9.4943190418e-16  1.3211036787e-22
 1.6200000000e+02  4.1000000000e-01  2.0000000000e-01  8.4631889975e-07  -8.4631890028e-07  -4.3516501700e-16  9.6936539971e-16  3.7165754697e-24
 1.6300000000e+02  4.2000000000e-01  2.0000000000e-01  8.6426548338e-07  -8.6426548393e-07  -4.4516501700e-16  9.8969861739e-16  5.8596699762e-23
 1.6400000000e+02  4.3000000000e-01  2.0000000000e-01  8.8245641208e-07  -8.8245641263e-07  -4.5516501700e-16  1.0104365874e-15  1.3703780726e-22
 1.6500000000e+02  4.4000000000e-01  2.0000000000e-01  9.0089346191e-07  -9.0089346248e-07  -4.6516501700e-16  1.0315844584e-15  6.6679744391e-23
 1.6600000000e+02  4.5000000000e-01  2.0000000000e-01  9.1957839389e-07  -9.1957839447e-07  -4.7516501700e-16  1.0531474902e-15  1.2480586131e-23
 1.6700000000e+02  4.6000000000e-01  2.0000000000e-01  9.3851295309e-07  -9.3851295368e-07  -4.8516501700e-16  1.0751310472e-15  6.5070324867e-23
 1.6800000000e+02  4.7000000000e-01  2.0000000000e-01  9.5769886782e-07  -9.5769886842e-07  -4.9516501700e-16  1.0975405929e-15  1.6311459016e-22
 1.6900000000e+02  4.8000000000e-01  2.0000000000e-01  9.7713784890e-07  -9.7713784951e-07  -5.0516501700e-16  1.1203816840e-15  1.2024236822e-22
 1.7000000000e+02  4.9000000000e-01  2.0000000000e-01  9.9683158902e-07  -9.9683158965e-07  -5.1516501700e-16  1.1436599663e-15  1.0234091721e-22
 1.7100000000e+02  5.0000000000e-01  2.0000000000e-01  1.0167817621e-06  -1.0167817628e-06  -5.2516501700e-16  1.1673811705e-15  2.1980746958e-22
 1.7200000000e+02  5.1000000000e-01  2.0000000000e-01  1.0369900229e-06  -1.0369900235e-06  -5.3516501700e-16  1.1915511081e-15  1.4320626241e-22
 1.7300000000e+02  5.2000000000e-01  2.0000000000e-01  1.0574580060e-06  -1.0574580067e-06  -5.4516501700e-16  1.2161756681e-15  6.7943252855e-22
 1.7400000000e+02  5.3000000000e-01  2.0000000000e-01  1.0781873261e-06  -1.0781873268e-06  -5.5516501700e-16  1.2412608142e-15  2.5481502627e-22
 1.7500000000e+02  5.4000000000e-01  2.0000000000e-01  1.0991795769e-06  -1.0991795776e-06  -5.6516501700e-16  1.2668125813e-15  6.2268789374e-22
 1.7600000000e+02  5.5000000000e-01  2.0000000000e-01  1.1204363310e-06  -1.1204363317e-06  -5.7516501700e-16  1.2928370736e-15  1.1313974340e-22
 1.7700000000e+02  5.6000000000e-01  2.0000000000e-01  1.1419591393e-06  -1.1419591400e-06  -5.8516501700e-16  1.3193404616e-15  5.3192477555e-22
 1.7800000000e+02  5.7000000000e-01  2.0000000000e-01  1.1637495309e-06  -1.1637495317e-06  -5.9516501700e-16  1.3463289802e-15  1.0102936111e-22
 1.7900000000e+02  5.8000000000e-01  2.0000000000e-01  1.1858090126e-06  -1.1858090133e-06  -6.0516501700e-16  1.3738089267e-15  1.6170619113e-22
 1.8000000000e+02  5.9000000000e-01  2.0000000000e-01  1.2081390684e-06  -1.2081390692e-06  -6.1516501700e-16  1.4017866586e-15  4.9229486728e-22
 1.8100000000e+02  6.0000000000e-01  2.0000000000e-01  1.2307411594e-06  -1.2307411602e-06  -6.2516501700e-16  1.4302685922e-15  3.9408982030e-22
 1.8200000000e+02  6.1000000000e-01  2.0000000000e-01  1.2536167236e-06  -1.2536167244e-06  -6.3516501700e-16  1.4592612006e-15  8.0553686338e-22
 1.8300000000e+02  6.2000000000e-01  2.0000000000e-01  1.2767671750e-06  -1.2767671758e-06  -6.4516501700e-16  1.4887710121e-15  6.8641462489e-23
 1.8400000000e+02  6.3000000000e-01  2.0000000000e-01  1.3001939041e-06  -1.3001939050e-06  -6.5516501700e-16  1.5188046090e-15  4.9495849587e-22
 1.8500000000e+02  6.4000000000e-01  2.0000000000e-01  1.3238982772e-06  -1.3238982781e-06  -6.6516501700e-16  1.5493686262e-15  5.3194337640e-22
 1.8600000000e+02  6.5000000000e-01  2.0000000000e-01  1.3478816361e-06  -1.3478816370e-06  -6.7516501700e-16  1.5804697494e-15  2.7000166603e-22
 1.8700000000e+02  6.6000000000e-01  2.0000000000e-01  1.3721452980e-06  -1.3721452989e-06  -6.8516501700e-16  1.6121147143e-15  6.7381997667e-22
 1.8800000000e+02  6.7000000000e-01  2.0000000000e-01  1.3966905551e-06  -1.3966905561e-06  -6.9516501700e-16  1.6443103054e-15  1.9000144309e-22
 1.8900000000e+02  6.8000000000e-01  2.0000000000e-01  1.4215186747e-06  -1.4215186757e-06  -7.0516501700e-16  1.6770633543e-15  2.3988711899e-22
 1.9000000000e+02  6.9000000000e-01  2.0000000000e-01  1.4466308987e-06  -1.4466308997e-06  -7.1516501700e-16  1.7103807392e-15  3.4521673829e-22
 1.9100000000e+02  7.0000000000e-01  2.0000000000e-01  1.4720284433e-06  -1.4720284443e-06  -7.2516501700e-16  1.7442693835e-15  4.8762322314e-22
 1.9200000000e+02  7.1000000000e-01  2.0000000000e-01  1.4977124991e-06  -1.4977125001e-06  -7.3516501700e-16  1.7787362547e-15  8.8192492073e-22
 1.9300000000e+02  7.2000000000e-01  2.0000000000e-01  1.5236842307e-06  -1.5236842318e-06  -7.4516501700e-16  1.8137883636e-15  6.1946116391e-22
 1.9400000000e+02  7.3000000000e-01  2.0000000000e-01  1.5499447766e-06  -1.5499447777e-06  -7.5516501700e-16  1.8494327632e-15  3.5408999100e-22
 1.9500000000e+02  7.4000000000e-01  2.0000000000e-01  1.5764952490e-06  -1.5764952501e-06  -7.6516501700e-16  1.8856765477e-15  4.4391842222e-22
 1.9600000000e+02  7.5000000000e-01  2.0000000000e-01  1.6033367336e-06  -1.6033367348e-06  -7.7516501700e-16  1.9225268517e-15  1.9648604115e-22
 1.9700000000e+02  7.6000000000e-01  2.0000000000e-01  1.6304702896e-06  -1.6304702908e-06  -7.8516501700e-16  1.9599908492e-15  1.8353988765e-22
 1.9800000000e+02  7.7000000000e-01  2.0000000000e-01  1.6578969492e-06  -1.6578969504e-06  -7.9516501700e-16  1.9980757526e-15  1.3982077886e-22
 1.9900000000e+02  7.8000000000e-01  2.0000000000e-01  1.6856177181e-06  -1.6856177193e-06  -8.0516501700e-16  2.0367888120e-15  8.3204390611e-22
 2.0000000000e+02  7.9000000000e-01  2.0000000000e-01  1.7136335745e-06  -1.7136335757e-06  -8.1516501700e-16  2.0761373144e-15  2.7808154594e-22
 2.0100000000e+02  8.0000000000e-01  2.0000000000e-01  1.7419454698e-06  -1.7419454711e-06  -8.2516501700e-16  2.1161285826e-15  4.0808679569e-22
 2.0200000000e+02  8.1000000000e-01  2.0000000000e-01  1.7705543280e-06  -1.7705543293e-06  -8.3516501700e-16  2.1567699746e-15  9.4793278391e-24
 2.0300000000e+02  8.2000000000e-01  2.0000000000e-01  1.7994610459e-06  -1.7994610472e-06  -8.4516501700e-16  2.1980688826e-15  2.7665556656e-23
 2.0400000000e+02  8.3000000000e-01  2.0000000000e-01  1.8286664926e-06  -1.8286664940e-06  -8.5516501700e-16  2.2400327324e-15  2.3664426455e-22
 2.0500000000e+02  8.4000000000e-01  2.0000000000e-01  1.8581715099e-06  -1.8581715113e-06  -8.6516501700e-16  2.2826689826e-15  1.6594071542e-22
 2.0600000000e+02  8.5000000000e-01  2.0000000000e-01  1.8879769119e-06  -1.8879769133e-06  -8.7516501700e-16  2.3259851235e-15  5.1582461968e-23
 2.0700000000e+02  8.6000000000e-01  2.0000000000e-01  1.9180834850e-06  -1.9180834865e-06  -8.8516501700e-16  2.3699886768e-15  5.3280145994e-22
 2.0800000000e+02  8.7000000000e-01  2.0000000000e-01  1.9484919881e-06  -1.9484919896e-06  -8.9516501700e-16  2.4146871944e-15  1.2720694762e-22
 2.0900000000e+02  8.8000000000e-01  2.0000000000e-01  1.9792031520e-06  -1.9792031536e-06  -9.0516501700e-16  2.4600882581e-15  2.9592057321e-22
 2.1000000000e+02  8.9000000000e-01  2.0000000000e-01  2.0102176801e-06  -2.0102176817e-06  -9.1516501700e-16  2.5061994785e-15  3.8415659127e-22
 2.1100000000e+02  9.0000000000e-01  2.0000000000e-01  2.0415362476e-06  -2.0415362492e-06  -9.2516501700e-16  2.5530284943e-15  4.3962647507e-22
 2.1200000000e+02  9.1000000000e-01  2.0000000000e-01  2.0731595021e-06  -2.0731595038e-06  -9.3516501700e-16  2.6005829718e-15  1.4887261322e-23
 2.1300000000e+02  9.2000000000e-01  2.0000000000e-01  2.1050880633e-06  -2.1050880650e-06  -9.4516501700e-16  2.6488706040e-15  3.8949586515e-22
 2.1400000000e+02  9.3000000000e-01  2.0000000000e-01  2.1373225229e-06  -2.1373225247e-06  -9.5516501700e-16  2.6978991099e-15  1.0441772867e-21
 2.1500000000e+02  9.4000000000e-01  2.0000000000e-01  2.1698634451e-06  -2.1698634468e-06  -9.6516501700e-16  2.7476762340e-15  1.0107923443e-21
 2.1600000000e+02  9.5000000000e-01  2.0000000000e-01  2.2027113658e-06  -2.2027113677e-06  -9.7516501700e-16  2.7982097454e-15  5.6709516555e-22
 2.1700000000e+02  9.6000000000e-01  2.0000000000e-01  2.2358667936e-06  -2.2358667955e-06  -9.8516501700e-16  2.8495074369e-15  8.1389953337e-22
 2.1800000000e+02  9.7000000000e-01  2.0000000000e-01  2.2693302090e-06  -2.2693302109e-06  -9.9516501700e-16  2.9015771251e-15  7.1113985596e-22
 2.1900000000e+02  9.8000000000e-01  2.0000000000e-01  2.3031020649e-06  -2.3031020669e-06  -1.0051650170e-15  2.9544266488e-15  4.6667130252e-22
 2.2000000000e+02  9.9000000000e-01  2.0000000000e-01  2.3371827866e-06  -2.3371827886e-06  -1.0151650170e-15  3.0080638689e-15  1.5713542278e-22
 2.2100000000e+02  1.0000000000e+00  2.0000000000e-01  2.3715727716e-06  -2.3715727736e-06  -1.0251650170e-15  3.0624966678e-15  5.7219158644e-22
 2.2200000000e+02  1.0100000000e+00  2.0000000000e-01  2.4062723900e-06  -2.4062723921e-06  -1.0351650170e-15  3.1177329482e-15  2.1243923539e-22
 2.2300000000e+02  1.0200000000e+00  2.0000000000e-01  2.4412819845e-06  -2.4412819867e-06  -1.0451650170e-15  3.1737806333e-15  2.0304719826e-22
 2.2400000000e+02  1.0300000000e+00  2.0000000000e-01  2.4766018704e-06  -2.4766018725e-06  -1.0551650170e-15  3.2306476652e-15  3.5113749023e-22
 2.2500000000e+02  1.0400000000e+00  2.0000000000e-01  2.5122323355e-06  -2.5122323377e-06  -1.0651650170e-15  3.2883420051e-15  1.0462799112e-22
 2.2600000000e+02  1.0500000000e+00  2.0000000000e-01  2.5481736408e-06  -2.5481736430e-06  -1.0751650170e-15  3.3468716323e-15  1.7383287592e-22
 2.2700000000e+02  1.0600000000e+00  2.0000000000e-01  2.5844260199e-06  -2.5844260222e-06  -1.0851650170e-15  3.4062445437e-15  4.5756791690e-22
 2.2800000000e+02  1.0700000000e+00  2.0000000000e-01  2.6209896796e-06  -2.6209896820e-06  -1.0951650170e-15  3.4664687529e-15  1.5177476484e-22
 2.2900000000e+02  1.0800000000e+00  2.0000000000e-01  2.6578648000e-06  -2.6578648024e-06  -1.1051650170e-15  3.5275522903e-15  5.2257857578e-22
 2.3000000000e+02  1.0900000000e+00  2.0000000000e-01  2.6950515342e-06  -2.6950515366e-06  -1.1151650170e-15  3.5895032016e-15  9.0838349900e-22
 2.3100000000e+02  1.1000000000e+00  2.0000000000e-01  2.7325500090e-06  -2.7325500115e-06  -1.1251650170e-15  3.6523295481e-15  2.2834437754e-22
 2.3200000000e+02  1.1100000000e+00  2.0000000000e-01  2.7703603247e-06  -2.7703603272e-06  -1.1351650170e-15  3.7160394055e-15  5.7359105724e-22
 2.3300000000e+02  1.1200000000e+00  2.0000000000e-01  2.8084825553e-06  -2.8084825579e-06  -1.1451650170e-15  3.7806408637e-15  1.7039391313e-22
 2.3400000000e+02  1.1300000000e+00  2.0000000000e-01  2.8469167488e-06  -2.8469167515e-06  -1.1551650170e-15  3.8461420260e-15  3.4586548626e-22
 2.3500000000e+02  1.1400000000e+00  2.0000000000e-01  2.8856629272e-06  -2.8856629300e-06  -1.1651650170e-15  3.9125510088e-15  1.0099760058e-22
 2.3600000000e+02  1.1500000000e+00  2.0000000000e-01  2.9247210869e-06  -2.9247210897e-06  -1.1751650170e-15  3.9798759409e-15  1.0293814323e-21
 2.3700000000e+02  1.1600000000e+00  2.0000000000e-01  2.9640911984e-06  -2.9640912013e-06  -1.1851650170e-15  4.0481249630e-15  1.9271187775e-23
 2.3800000000e+02  1.1700000000e+00  2.0000000000e-01  3.0037732071e-06  -3.0037732101e-06  -1.1951650170e-15  4.1173062274e-15  6.1391199977e-23
 2.3900000000e+02  1.1800000000e+00  2.0000000000e-01  3.0437670332e-06  -3.0437670362e-06  -1.2051650170e-15  4.1874278969e-15  3.6693694040e-22
 2.4000000000e+02  1.1900000000e+00  2.0000000000e-01  3.0840725716e-06  -3.0840725747e-06  -1.2151650170e-15  4.2584981451e-15  7.7075198132e-22
 2.4100000000e+02  1.2000000000e+00  2.0000000000e-01  3.1246896927e-06  -3.1246896959e-06  -1.2251650170e-15  4.3305251552e-15  1.3423178494e-22
 2.4200000000e+02  0.0000000000e+00  4.0000000000e-01  -3.7598591529e-13  -3.7598591529e-13  -3.7592946216e-18  7.5197558988e-13  1.0257117698e-28
 2.4300000000e+02  1.0000000000e-02  4.0000000000e-01  2.6729087574e-06  -2.6729094455e-06  -1.3759294544e-17  6.8811458236e-13  7.1208255927e-23
 2.4400000000e+02  2.0000000000e-02  4.0000000000e-01  5.2242680246e-06  -5.2242686536e-06  -2.3759294473e-17  6.2909267956e-13  7.5062773424e-22
 2.4500000000e+02  3.0000000000e-02  4.0000000000e-01  7.5517652784e-06  -7.5517658552e-06  -3.3759294410e-17  5.7678700004e-13  6.3686418336e-22
 2.4600000000e+02  4.0000000000e-02  4.0000000000e-01  9.4748798832e-06  -9.4748804180e-06  -4.3759294360e-17  5.3481477243e-13  9.3774150499e-22
 2.4700000000e+02  5.0000000000e-02  4.0000000000e-01  1.0812489832e-05  -1.0812490338e-05  -5.3759294326e-17  5.0686960910e-13  4.0128642233e-22
 2.4800000000e+02  6.0000000000e-02  4.0000000000e-01  1.1596257858e-05  -1.1596258350e-05  -6.3759294308e-17  4.9194809523e-13  3.9242311118e-21
 2.4900000000e+02  7.0000000000e-02  4.0000000000e-01  1.2049844130e-05  -1.2049844615e-05  -7.3759294299e-17  4.8480465660e-13  3.6726945389e-21
 2.5000000000e+02  8.0000000000e-02  4.0000000000e-01  1.2351102135e-05  -1.2351102616e-05  -8.3759294295e-17  4.8132262737e-13  7.8080058393e-21
 2.5100000000e+02  9.0000000000e-02  4.0000000000e-01  1.2583707271e-05  -1.2583707750e-05  -9.3759294293e-17  4.7956717733e-13  8.2066849837e-21
 2.5200000000e+02  1.0000000000e-01  4.0000000000e-01  1.2782571123e-05  -1.2782571602e-05  -1.0375929429e-16  4.7872415723e-13  7.8792284184e-21
 2.5300000000e+02  1.1000000000e-01  4.0000000000e-01  1.2962866554e-05  -1.2962867033e-05  -1.1375929429e-16  4.7843067455e-13  4.9177607552e-21
 2.5400000000e+02  1.2000000000e-01  4.0000000000e-01  1.3131764221e-05  -1.3131764699e-05  -1.2375929429e-16  4.7850727187e-13  2.0640913731e-21
 2.5500000000e+02  1.3000000000e-01  4.0000000000e-01  1.3292964014e-05  -1.3292964492e-05  -1.3375929429e-16  4.7885473723e-13  2.3604022842e-21
 2.5600000000e+02  1.4000000000e-01  4.0000000000e-01  1.3448537551e-05  -1.3448538030e-05  -1.4375929429e-16  4.7941245148e-13  3.4432652881e-21
 2.5700000000e+02  1.5000000000e-01  4.0000000000e-01  1.3599734069e-05  -1.3599734549e-05  -1.5375929429e-16  4.8014015565e-13  6.4349679101e-21
 2.5800000000e+02  1.6000000000e-01  4.0000000000e-01  1.3747359018e-05  -1.3747359499e-05  -1.6375929429e-16  4.8100930033e-13  5.1127723060e-22
 2.5900000000e+02  1.7000000000e-01  4.0000000000e-01  1.3891963785e-05  -1.3891964266e-05  -1.7375929430e-16  4.8199860736e-13  1.4560090252e-21
 2.6000000000e+02  1.8000000000e-01  4.0000000000e-01  1.4033946360e-05  -1.4033946842e-05  -1.8375929430e-16  4.8309161819e-13  9.9875315320e-21
 2.6100000000e+02  1.9000000000e-01  4.0000000000e-01  1.4173607510e-05  -1.4173607994e-05  -1.9375929430e-16  4.8427524406e-13  6.2200226104e-21
 2.6200000000e+02  2.0000000000e-01  4.0000000000e-01  1.4311183565e-05  -1.4311184051e-05  -2.0375929430e-16  4.8553885474e-13  5.8649214865e-21
 2.6300000000e+02  2.1000000000e-01  4.0000000000e-01  1.4446866343e-05  -1.4446866829e-05  -2.1375929430e-16  4.8687367461e-13  5.2214018976e-21
 2.6400000000e+02  2.2000000000e-01  4.0000000000e-01  1.4580815720e-05  -1.4580816208e-05  -2.2375929430e-16  4.8827236413e-13  4.5455152394e-21
 2.6500000000e+02  2.3000000000e-01  4.0000000000e-01  1.4713167847e-05  -1.4713168336e-05  -2.3375929431e-16  4.8972871889e-13  2.6795688132e-22
 2.6600000000e+02  2.4000000000e-01  4.0000000000e-01  1.4844040682e-05  -1.4844041173e-05  -2.4375929431e-16  4.9123744676e-13  2.3306948675e-21
 2.6700000000e+02  2.5000000000e-01  4.0000000000e-01  1.4973537847e-05  -1.4973538339e-05  -2.5375929431e-16  4.9279399861e-13  5.0352681908e-22
 2.6800000000e+02  2.6000000000e-01  4.0000000000e-01  1.5101751385e-05  -1.5101751879e-05  -2.6375929431e-16  4.9439443736e-13  1.6403976768e-21
 2.6900000000e+02  2.7000000000e-01  4.0000000000e-01  1.5228763792e-05  -1.5228764287e-05  -2.7375929431e-16  4.9603533489e-13  6.7914400170e-21
 2.7000000000e+02  2.8000000000e-01  4.0000000000e-01  1.5354649547e-05  -1.5354650045e-05  -2.8375929432e-16  4.9771368986e-13  6.8422127925e-21
 2.7100000000e+02  2.9000000000e-01  4.0000000000e-01  1.5479476301e-05  -1.5479476800e-05  -2.9375929432e-16  4.9942686144e-13  1.7124905195e-21
 2.7200000000e+02  3.0000000000e-01  4.0000000000e-01  1.5603305805e-05  -1.5603306306e-05  -3.0375929432e-16  5.0117251529e-13  6.4313652805e-21
 2.7300000000e+02  3.1000000000e-01  4.0000000000e-01  1.5726194666e-05  -1.5726195168e-05  -3.1375929432e-16  5.0294857918e-13  5.4490235928e-22
 2.7400000000e+02  3.2000000000e-01  4.0000000000e-01  1.5848194961e-05  -1.5848195466e-05  -3.2375929432e-16  5.0475320633e-13  4.7274958781e-21
 2.7500000000e+02  3.3000000000e-01  4.0000000000e-01  1.5969354750e-05  -1.5969355257e-05  -3.3375929433e-16  5.0658474476e-13  6.2819093811e-21
 2.7600000000e+02  3.4000000000e-01  4.0000000000e-01  1.6089718505e-05  -1.6089719013e-05  -3.4375929433e-16  5.0844171162e-13  4.2478760243e-21
 2.7700000000e+02  3.5000000000e-01  4.0000000000e-01  1.6209327476e-05  -1.6209327986e-05  -3.5375929433e-16  5.1032277159e-13  2.3184056594e-21
 2.7800000000e+02  3.6000000000e-01  4.0000000000e-01  1.6328220009e-05  -1.6328220520e-05  -3.6375929433e-16  5.1222671849e-13  2.8924233778e-21
 2.7900000000e+02  3.7000000000e-01  4.0000000000e-01  1.6446431817e-05  -1.6446432330e-05  -3.7375929433e-16  5.1415245969e-13  9.6679283855e-21
 2.8000000000e+02  3.8000000000e-01  4.0000000000e-01  1.6563996222e-05  -1.6563996737e-05  -3.8375929434e-16  5.1609900266e-13  7.6274640222e-21
 2.8100000000e+02  3.9000000000e-01  4.0000000000e-01  1.6680944364e-05  -1.6680944882e-05  -3.9375929434e-16  5.1806544355e-13  3.9974458464e-21
 2.8200000000e+02  4.0000000000e-01  4.0000000000e-01  1.6797305389e-05  -1.6797305909e-05  -4.0375929434e-16  5.2005095722e-13  3.7257901104e-21
 2.8300000000e+02  4.1000000000e-01  4.0000000000e-01  1.6913106614e-05  -1.6913107135e-05  -4.1375929434e-16  5.2205478864e-13  2.2722279315e-22
 2.8400000000e+02  4.2000000000e-01  4.0000000000e-01  1.7028373673e-05  -1.7028374197e-05  -4.2375929435e-16  5.2407624544e-13  2.2816810943e-21
 2.8500000000e+02  4.3000000000e-01  4.0000000000e-01  1.7143130657e-05  -1.7143131182e-05  -4.3375929435e-16  5.2611469135e-13  7.1484626313e-21
 2.8600000000e+02  4.4000000000e-01  4.0000000000e-01  1.7257400223e-05  -1.7257400751e-05  -4.4375929435e-16  5.2816954056e-13  7.2887608250e-21
 2.8700000000e+02  4.5000000000e-01  4.0000000000e-01  1.7371203715e-05  -1.7371204244e-05  -4.5375929435e-16  5.3024025261e-13  2.3486889678e-21
 2.8800000000e+02  4.6000000000e-01  4.0000000000e-01  1.7484561249e-05  -1.7484561780e-05  -4.6375929436e-16  5.3232632805e-13  3.3504239325e-21
 2.8900000000e+02  4.7000000000e-01  4.0000000000e-01  1.7597491811e-05  -1.7597492345e-05  -4.7375929436e-16  5.3442730452e-13  5.6391092523e-21
 2.9000000000e+02  4.8000000000e-01  4.0000000000e-01  1.7710013336e-05  -1.7710013872e-05  -4.8375929436e-16  5.3654275327e-13  3.8145538191e-21
 2.9100000000e+02  4.9000000000e-01  4.0000000000e-01  1.7822142778e-05  -1.7822143317e-05  -4.9375929436e-16  5.3867227615e-13  3.8571468979e-21
 2.9200000000e+02  5.0000000000e-01  4.0000000000e-01  1.7933896183e-05  -1.7933896723e-05  -5.0375929437e-16  5.4081550279e-13  5.9730873306e-21
 2.9300000000e+02  5.1000000000e-01  4.0000000000e-01  1.8045288743e-05  -1.8045289286e-05  -5.1375929437e-16  5.4297208826e-13  8.2729765242e-21
 2.9400000000e+02  5.2000000000e-01  4.0000000000e-01  1.8156334864e-05  -1.8156335408e-05  -5.2375929437e-16  5.4514171082e-13  1.7507831705e-21
 2.9500000000e+02  5.3000000000e-01  4.0000000000e-01  1.8267048206e-05  -1.8267048752e-05  -5.3375929437e-16  5.4732407000e-13  2.6353389851e-21
 2.9600000000e+02  5.4000000000e-01  4.0000000000e-01  1.8377441738e-05  -1.8377442287e-05  -5.4375929438e-16  5.4951888483e-13  5.7695780574e-21
 2.9700000000e+02  5.5000000000e-01  4.0000000000e-01  1.8487527781e-05  -1.8487528332e-05  -5.5375929438e-16  5.5172589225e-13  1.4787632302e-21
 2.9800000000e+02  5.6000000000e-01  4.0000000000e-01  1.8597318048e-05  -1.8597318601e-05  -5.6375929438e-16  5.5394484573e-13  4.8322297744e-21
 2.9900000000e+02  5.7000000000e-01  4.0000000000e-01  1.8706823680e-05  -1.8706824235e-05  -5.7375929438e-16  5.5617551390e-13  3.3369194580e-21
 3.0000000000e+02  5.8000000000e-01  4.0000000000e-01  1.8816055284e-05  -1.8816055842e-05  -5.8375929439e-16  5.5841767946e-13  8.7056881234e-23
 3.0100000000e+02  5.9000000000e-01  4.0000000000e-01  1.8925022962e-05  -1.8925023522e-05  -5.9375929439e-16  5.6067113808e-13  9.8692618236e-21
 3.0200000000e+02  6.0000000000e-01  4.0000000000e-01  1.9033736344e-05  -1.9033736906e-05  -6.0375929439e-16  5.6293569745e-13  1.4821684600e-21
 3.0300000000e+02  6.1000000000e-01  4.0000000000e-01  1.9142204613e-05  -1.9142205177e-05  -6.1375929440e-16  5.6521117640e-13  3.6326579391e-21
 3.0400000000e+02  6.2000000000e-01  4.0000000000e-01  1.9250436531e-05  -1.9250437098e-05  -6.2375929440e-16  5.6749740409e-13  2.5829094822e-21
 3.0500000000e+02  6.3000000000e-01  4.0000000000e-01  1.9358440466e-05  -1.9358441035e-05  -6.3375929440e-16  5.6979421930e-13  1.7542720996e-21
 3.0600000000e+02  6.4000000000e-01  4.0000000000e-01  1.9466224409e-05  -1.9466224981e-05  -6.4375929440e-16  5.7210146976e-13  4.8608468967e-22
 3.0700000000e+02  6.5000000000e-01  4.0000000000e-01  1.9573796001e-05  -1.9573796575e-05  -6.5375929441e-16  5.7441901153e-13  9.2786722938e-21
 3.0800000000e+02  6.6000000000e-01  4.0000000000e-01  1.9681162547e-05  -1.9681163123e-05  -6.6375929441e-16  5.7674670842e-13  1.2015078926e-21
 3.0900000000e+02  6.7000000000e-01  4.0000000000e-01  1.9788331037e-05  -1.9788331615e-05  -6.7375929441e-16  5.7908443154e-13  8.3535455348e-22
 3.1000000000e+02  6.8000000000e-01  4.0000000000e-01  1.9895308161e-05  -1.9895308742e-05  -6.8375929442e-16  5.8143205874e-13  6.1963550710e-23
 3.1100000000e+02  6.9000000000e-01  4.0000000000e-01  2.0002100328e-05  -2.0002100911e-05  -6.9375929442e-16  5.8378947425e-13  7.4968937291e-21
 3.1200000000e+02  7.0000000000e-01  4.0000000000e-01  2.0108713678e-05  -2.0108714264e-05  -7.0375929442e-16  5.8615656822e-13  7.2336971752e-21
 3.1300000000e+02  7.1000000000e-01  4.0000000000e-01  2.0215154097e-05  -2.0215154685e-05  -7.1375929442e-16  5.8853323639e-13  2.4127597229e-21
 3.1400000000e+02  7.2000000000e-01  4.0000000000e-01  2.0321427228e-05  -2.0321427819e-05  -7.2375929443e-16  5.9091937973e-13  1.0219195689e-20
 3.1500000000e+02  7.3000000000e-01  4.0000000000e-01  2.0427538488e-05  -2.0427539080e-05  -7.3375929443e-16  5.9331490411e-13  5.2184177332e-21
 3.1600000000e+02  7.4000000000e-01  4.0000000000e-01  2.0533493073e-05  -2.0533493668e-05  -7.4375929443e-16  5.9571972003e-13  1.5025856837e-21
 3.1700000000e+02  7.5000000000e-01  4.0000000000e-01  2.0639295975e-05  -2.0639296572e-05  -7.5375929444e-16  5.9813374234e-13  5.3945882727e-21
 3.1800000000e+02  7.6000000000e-01  4.0000000000e-01  2.0744951987e-05  -2.0744952587e-05  -7.6375929444e-16  6.0055688997e-13  6.5714523515e-21
 3.1900000000e+02  7.7000000000e-01  4.0000000000e-01  2.0850465718e-05  -2.0850466320e-05  -7.7375929444e-16  6.0298908572e-13  3.1823063285e-21
 3.2000000000e+02  7.8000000000e-01  4.0000000000e-01  2.0955841594e-05  -2.0955842199e-05  -7.8375929444e-16  6.0543025601e-13  3.7967124615e-21
 3.2100000000e+02  7.9000000000e-01  4.0000000000e-01  2.1061083877e-05  -2.1061084484e-05  -7.9375929445e-16  6.0788033071e-13  2.7658517795e-21
 3.2200000000e+02  8.0000000000e-01  4.0000000000e-01  2.1166196662e-05  -2.1166197271e-05  -8.0375929445e-16  6.1033924293e-13  6.3393885762e-21
 3.2300000000e+02  8.1000000000e-01  4.0000000000e-01  2.1271183893e-05  -2.1271184505e-05  -8.1375929445e-16  6.1280692885e-13  6.8387144975e-23
 3.2400000000e+02  8.2000000000e-01  4.0000000000e-01  2.1376049366e-05  -2.1376049980e-05  -8.2375929446e-16  6.1528332755e-13  8.0903093990e-21
 3.2500000000e+02  8.3000000000e-01  4.0000000000e-01  2.1480796736e-05  -2.1480797353e-05  -8.3375929446e-16  6.1776838084e-13  6.1843861036e-22
 3.2600000000e+02  8.4000000000e-01  4.0000000000e-01  2.1585429526e-05  -2.1585430145e-05  -8.4375929446e-16  6.2026203316e-13  3.5191296425e-21
 3.2700000000e+02  8.5000000000e-01  4.0000000000e-01  2.1689951128e-05  -2.1689951750e-05  -8.5375929446e-16  6.2276423140e-13  3.5562777309e-21
 3.2800000000e+02  8.6000000000e-01  4.0000000000e-01  2.1794364813e-05  -2.1794365438e-05  -8.6375929447e-16  6.2527492478e-13  4.9576715901e-21
 3.2900000000e+02  8.7000000000e-01  4.0000000000e-01  2.1898673737e-05  -2.1898674363e-05  -8.7375929447e-16  6.2779406476e-13  2.9590960413e-21
 3.3000000000e+02  8.8000000000e-01  4.0000000000e-01  2.2002880939e-05  -2.2002881569e-05  -8.8375929447e-16  6.3032160491e-13  4.8329747777e-21
 3.3100000000e+02  8.9000000000e-01  4.0000000000e-01  2.2106989357e-05  -2.2106989989e-05  -8.9375929448e-16  6.3285750078e-13  1.5205529837e-21
 3.3200000000e+02  9.0000000000e-01  4.0000000000e-01  2.2211001822e-05  -2.2211002457e-05  -9.0375929448e-16  6.3540170985e-13  9.9827147701e-21
 3.3300000000e+02  9.1000000000e-01  4.0000000000e-01  2.2314921069e-05  -2.2314921706e-05  -9.1375929448e-16  6.3795419139e-13  1.6471512356e-22
 3.3400000000e+02  9.2000000000e-01  4.0000000000e-01  2.2418749737e-05  -2.2418750377e-05  -9.2375929449e-16  6.4051490643e-13  7.6132296119e-21
 3.3500000000e+02  9.3000000000e-01  4.0000000000e-01  2.2522490378e-05  -2.2522491021e-05  -9.3375929449e-16  6.4308381759e-13  1.6326316841e-21
 3.3600000000e+02  9.4000000000e-01  4.0000000000e-01  2.2626145455e-05  -2.2626146100e-05  -9.4375929449e-16  6.4566088912e-13  1.0184062196e-21
 3.3700000000e+02  9.5000000000e-01  4.0000000000e-01  2.2729717349e-05  -2.2729717997e-05  -9.5375929450e-16  6.4824608670e-13  1.7834300448e-21
 3.3800000000e+02  9.6000000000e-01  4.0000000000e-01  2.2833208361e-05  -2.2833209011e-05  -9.6375929450e-16  6.5083937749e-13  1.1410671665e-21
 3.3900000000e+02  9.7000000000e-01  4.0000000000e-01  2.2936620717e-05  -2.2936621369e-05  -9.7375929450e-16  6.5344072996e-13  8.7774543344e-21
 3.4000000000e+02  9.8000000000e-01  4.0000000000e-01  2.3039956568e-05  -2.3039957223e-05  -9.8375929450e-16  6.5605011391e-13  5.6963167189e-21
 3.4100000000e+02  9.9000000000e-01  4.0000000000e-01  2.3143217995e-05  -2.3143218653e-05  -9.9375929451e-16  6.5866750037e-13  3.2878306779e-21
 3.4200000000e+02  1.0000000000e+00  4.0000000000e-01  2.3246407013e-05  -2.3246407673e-05  -1.0037592945e-15  6.6129286155e-13  4.5553691650e-21
 3.4300000000e+02  1.0100000000e+00  4.0000000000e-01  2.3349525570e-05  -2.3349526233e-05  -1.0137592945e-15  6.6392617080e-13  1.4426261995e-21
 3.4400000000e+02  1.0200000000e+00  4.0000000000e-01  2.3452575553e-05  -2.3452576218e-05  -1.0237592945e-15  6.6656740255e-13  3.7687707923e-21
 3.4500000000e+02  1.0300000000e+00  4.0000000000e-01  2.3555558788e-05  -2.3555559456e-05  -1.0337592945e-15  6.6921653226e-13  5.8197042209e-21
 3.4600000000e+02  1.0400000000e+00  4.0000000000e-01  2.3658477043e-05  -2.3658477714e-05  -1.0437592945e-15  6.7187353639e-13  4.8851504530e-21
 3.4700000000e+02  1.0500000000e+00  4.0000000000e-01  2.3761332032e-05  -2.3761332706e-05  -1.0537592945e-15  6.7453839235e-13  2.0904483235e-21
 3.4800000000e+02  1.0600000000e+00  4.0000000000e-01  2.3864125414e-05  -2.3864126090e-05  -1.0637592945e-15  6.7721107846e-13  5.2851388279e-22
 3.4900000000e+02  1.0700000000e+00  4.0000000000e-01  2.3966858797e-05  -2.3966859476e-05  -1.0737592945e-15  6.7989157391e-13  3.3250352893e-21
 3.5000000000e+02  1.0800000000e+00  4.0000000000e-01  2.4069533739e-05  -2.4069534420e-05  -1.0837592945e-15  6.8257985872e-13  2.9322058366e-21
 3.5100000000e+02  1.0900000000e+00  4.0000000000e-01  2.4172151751e-05  -2.4172152435e-05  -1.0937592945e-15  6.8527591374e-13  5.5767732583e-21
 3.5200000000e+02  1.1000000000e+00  4.0000000000e-01  2.4274714296e-05  -2.4274714983e-05  -1.1037592945e-15  6.8797972056e-13  2.8914238390e-22
 3.5300000000e+02  1.1100000000e+00  4.0000000000e-01  2.4377222797e-05  -2.4377223486e-05  -1.1137592945e-15  6.9069126152e-13  8.1532347463e-22
 3.5400000000e+02  1.1200000000e+00  4.0000000000e-01  2.4479678628e-05  -2.4479679320e-05  -1.1237592945e-15  6.9341051967e-13  3.7072500689e-22
 3.5500000000e+02  1.1300000000e+00  4.0000000000e-01  2.4582083127e-05  -2.4582083822e-05  -1.1337592946e-15  6.9613747875e-13  3.7094995550e-22
 3.5600000000e+02  1.1400000000e+00  4.0000000000e-01  2.4684437589e-05  -2.4684438287e-05  -1.1437592946e-15  6.9887212315e-13  3.3075640170e-21
 3.5700000000e+02  1.1500000000e+00  4.0000000000e-01  2.4786743273e-05  -2.4786743974e-05  -1.1537592946e-15  7.0161443788e-13  1.8712647137e-22
 3.5800000000e+02  1.1600000000e+00  4.0000000000e-01  2.4889001399e-05  -2.4889002102e-05  -1.1637592946e-15  7.0436440857e-13  8.6505597138e-21
 3.5900000000e+02  1.1700000000e+00  4.0000000000e-01  2.4991213152e-05  -2.4991213858e-05  -1.1737592946e-15  7.0712202142e-13  7.6893215897e-21
 3.6000000000e+02  1.1800000000e+00  4.0000000000e-01  2.5093379682e-05  -2.5093380390e-05  -1.1837592946e-15  7.0988726320e-13  4.8409001797e-21
 3.6100000000e+02  1.1900000000e+00  4.0000000000e-01  2.5195502106e-05  -2.5195502817e-05  -1.1937592946e-15  7.1266012122e-13  1.1149510214e-21
 3.6200000000e+02  1.2000000000e+00  4.0000000000e-01  2.5297581509e-05  -2.5297582223e-05  -1.2037592946e-15  7.1544058331e-13  5.3831148861e-21
 3.6300000000e+02  0.0000000000e+00  6.0000000000e-01  -4.0520156967e-12  -4.0520156967e-12  -4.2129604208e-19  8.1040318146e-12  7.1834211364e-28
 3.6400000000e+02  1.0000000000e-02  6.0000000000e-01  3.5060189381e-06  -3.5060267103e-06  -1.0421254659e-17  7.7722927500e-12  9.4337067443e-22
 3.6500000000e+02  2.0000000000e-02  6.0000000000e-01  6.9914431547e-06  -6.9914506047e-06  -2.0421223095e-17  7.4499544366e-12  4.2162082383e-22
 3.6600000000e+02  3.0000000000e-02  6.0000000000e-01  1.0450948495e-05  -1.0450955632e-05  -3.0421199047e-17  7.1371042432e-12  7.9050031408e-21
 3.6700000000e+02  4.0000000000e-02  6.0000000000e-01  1.3876541153e-05  -1.3876547987e-05  -4.0421180623e-17  6.8340239024e-12  1.0074143206e-20
 3.6800000000e+02  5.0000000000e-02  6.0000000000e-01  1.7256498478e-05  -1.7256505019e-05  -5.0421166597e-17  6.5412644918e-12  9.2367798236e-21
 3.6900000000e+02  6.0000000000e-02  6.0000000000e-01  2.0573713424e-05  -2.0573719683e-05  -6.0421155913e-17  6.2597704613e-12  1.2397083101e-21
 3.7000000000e+02  7.0000000000e-02  6.0000000000e-01  2.3803075027e-05  -2.3803081018e-05  -7.0421147693e-17  5.9910837352e-12  1.8282184374e-21
 3.7100000000e+02  8.0000000000e-02  6.0000000000e-01  2.6907415482e-05  -2.6907421220e-05  -8.0421141418e-17  5.7376689066e-12  4.2702418966e-21
 3.7200000000e+02  9.0000000000e-02  6.0000000000e-01  2.9831830880e-05  -2.9831836383e-05  -9.0421136741e-17  5.5033798093e-12  8.4832811790e-21
 3.7300000000e+02  1.0000000000e-01  6.0000000000e-01  3.2498214582e-05  -3.2498219876e-05  -1.0042113323e-16  5.2939221062e-12  4.2830388194e-21
 3.7400000000e+02  1.1000000000e-01  6.0000000000e-01  3.4808772052e-05  -3.4808777169e-05  -1.1042113071e-16  5.1165934582e-12  1.2618804605e-20
 3.7500000000e+02  1.2000000000e-01  6.0000000000e-01  3.6677384437e-05  -3.6677389415e-05  -1.2042112900e-16  4.9777441992e-12  2.8981028344e-21
 3.7600000000e+02  1.3000000000e-01  6.0000000000e-01  3.8089364890e-05  -3.8089369768e-05  -1.3042112789e-16  4.8779165138e-12  9.6028850820e-21
 3.7700000000e+02  1.4000000000e-01  6.0000000000e-01  3.9124608207e-05  -3.9124613017e-05  -1.4042112715e-16  4.8100195445e-12  1.9029059667e-21
 3.7800000000e+02  1.5000000000e-01  6.0000000000e-01  3.9902103997e-05  -3.9902108761e-05  -1.5042112673e-16  4.7639405308e-12  5.3344409997e-21
 3.7900000000e+02  1.6000000000e-01  6.0000000000e-01  4.0519605629e-05  -4.0519610360e-05  -1.6042112639e-16  4.7314659852e-12  6.8215943606e-21
 3.8000000000e+02  1.7000000000e-01  6.0000000000e-01  4.1039139742e-05  -4.1039144449e-05  -1.7042112619e-16  4.7074007380e-12  2.6047533017e-21
 3.8100000000e+02  1.8000000000e-01  6.0000000000e-01  4.1496477266e-05  -4.1496481954e-05  -1.8042112601e-16  4.6887418463e-12  1.0007918223e-20
 3.8200000000e+02  1.9000000000e-01  6.0000000000e-01  4.1912013123e-05  -4.1912017796e-05  -1.9042112586e-16  4.6737637873e-12  4.2857029940e-21
 3.8300000000e+02  2.0000000000e-01  6.0000000000e-01  4.2297698393e-05  -4.2297703054e-05  -2.0042112576e-16  4.6614421788e-12  1.0930563108e-21
 3.8400000000e+02  2.1000000000e-01  6.0000000000e-01  4.2660846857e-05  -4.2660851508e-05  -2.1042112567e-16  4.6511383658e-12  6.7855757216e-21
 3.8500000000e+02  2.2000000000e-01  6.0000000000e-01  4.3006155976e-05  -4.3006160618e-05  -2.2042112559e-16  4.6424333692e-12  3.4425181433e-21
 3.8600000000e+02  2.3000000000e-01  6.0000000000e-01  4.3336792698e-05  -4.3336797332e-05  -2.3042112551e-16  4.6350382850e-12  7.0072594965e-21
 3.8700000000e+02  2.4000000000e-01  6.0000000000e-01  4.3654992332e-05  -4.3654996960e-05  -2.4042112548e-16  4.6287448197e-12  2.1757772648e-21
 3.8800000000e+02  2.5000000000e-01  6.0000000000e-01  4.3962400182e-05  -4.3962404805e-05  -2.5042112542e-16  4.6233968767e-12  1.0443624424e-21
 3.8900000000e+02  2.6000000000e-01  6.0000000000e-01  4.4260273295e-05  -4.4260277914e-05  -2.6042112539e-16  4.6188735817e-12  9.5160712519e-21
 3.9000000000e+02  2.7000000000e-01  6.0000000000e-01  4.4549603744e-05  -4.4549608359e-05  -2.7042112534e-16  4.6150787422e-12  1.0968518677e-20
 3.9100000000e+02  2.8000000000e-01  6.0000000000e-01  4.4831196470e-05  -4.4831201082e-05  -2.8042112532e-16  4.6119340529e-12  3.9613348765e-21
 3.9200000000e+02  2.9000000000e-01  6.0000000000e-01  4.5105719998e-05  -4.5105724607e-05  -2.9042112531e-16  4.6093745632e-12  2.2860189940e-21
 3.9300000000e+02  3.0000000000e-01  6.0000000000e-01  4.5373740469e-05  -4.5373745076e-05  -3.0042112530e-16  4.6073455529e-12  7.7524879600e-21
 3.9400000000e+02  3.1000000000e-01  6.0000000000e-01  4.5635745127e-05  -4.5635749733e-05  -3.1042112529e-16  4.6058003162e-12  3.8541052171e-21
 3.9500000000e+02  3.2000000000e-01  6.0000000000e-01  4.5892158968e-05  -4.5892163572e-05  -3.2042112525e-16  4.6046985472e-12  4.8597755265e-21
 3.9600000000e+02  3.3000000000e-01  6.0000000000e-01  4.6143356828e-05  -4.6143361432e-05  -3.3042112525e-16  4.6040051358e-12  5.6089865673e-22
 3.9700000000e+02  3.4000000000e-01  6.0000000000e-01  4.6389672381e-05  -4.6389676984e-05  -3.4042112525e-16  4.6036892509e-12  2.2889952623e-22
 3.9800000000e+02  3.5000000000e-01  6.0000000000e-01  4.6631404965e-05  -4.6631409569e-05  -3.5042112525e-16  4.6037236292e-12  1.6575894842e-20
 3.9900000000e+02  3.6000000000e-01  6.0000000000e-01  4.6868824884e-05  -4.6868829487e-05  -3.6042112525e-16  4.6040840136e-12  1.2429356449e-20
 4.0000000000e+02  3.7000000000e-01  6.0000000000e-01  4.7102177581e-05  -4.7102182185e-05  -3.7042112525e-16  4.6047487051e-12  3.9611158833e-21
 4.0100000000e+02  3.8000000000e-01  6.0000000000e-01  4.7331687000e-05  -4.7331691606e-05  -3.8042112529e-16  4.6056981988e-12  9.3268328790e-21
 4.0200000000e+02  3.9000000000e-01  6.0000000000e-01  4.7557558314e-05  -4.7557562921e-05  -3.9042112530e-16  4.6069148854e-12  7.2783551464e-22
 4.0300000000e+02  4.0000000000e-01  6.0000000000e-01  4.7779980183e-05  -4.7779984791e-05  -4.0042112530e-16  4.6083828049e-12  1.0867553195e-21
 4.0400000000e+02  4.1000000000e-01  6.0000000000e-01  4.7999126638e-05  -4.7999131248e-05  -4.1042112531e-16  4.6100874400e-12  1.0708350959e-21
 4.0500000000e+02  4.2000000000e-01  6.0000000000e-01  4.8215158675e-05  -4.8215163287e-05  -4.2042112532e-16  4.6120155425e-12  1.3214313658e-21
 4.0600000000e+02  4.3000000000e-01  6.0000000000e-01  4.8428225614e-05  -4.8428230227e-05  -4.3042112533e-16  4.6141549858e-12  5.6756192497e-21
 4.0700000000e+02  4.4000000000e-01  6.0000000000e-01  4.8638466264e-05  -4.8638470880e-05  -4.4042112538e-16  4.6164946390e-12  4.7608449990e-21
 4.0800000000e+02  4.5000000000e-01  6.0000000000e-01  4.8846009939e-05  -4.8846014557e-05  -4.5042112539e-16  4.6190242590e-12  3.9174653770e-21
 4.0900000000e+02  4.6000000000e-01  6.0000000000e-01  4.9050977337e-05  -4.9050981959e-05  -4.6042112541e-16  4.6217343966e-12  3.8226778360e-21
 4.1000000000e+02  4.7000000000e-01  6.0000000000e-01  4.9253481321e-05  -4.9253485945e-05  -4.7042112542e-16  4.6246163158e-12  6.5832788426e-21
 4.1100000000e+02  4.8000000000e-01  6.0000000000e-01  4.9453627597e-05  -4.9453632224e-05  -4.8042112547e-16  4.6276619225e-12  1.0213996507e-20
 4.1200000000e+02  4.9000000000e-01  6.0000000000e-01  4.9651515321e-05  -4.9651519952e-05  -4.9042112549e-16  4.6308637028e-12  1.2581054721e-20
 4.1300000000e+02  5.0000000000e-01  6.0000000000e-01  4.9847237647e-05  -4.9847242280e-05  -5.0042112551e-16  4.6342146683e-12  2.5025557665e-21
 4.1400000000e+02  5.1000000000e-01  6.0000000000e-01  5.0040882198e-05  -5.0040886835e-05  -5.1042112556e-16  4.6377083080e-12  6.0851183115e-21
 4.1500000000e+02  5.2000000000e-01  6.0000000000e-01  5.0232531509e-05  -5.0232536150e-05  -5.2042112558e-16  4.6413385452e-12  7.9537852135e-21
 4.1600000000e+02  5.3000000000e-01  6.0000000000e-01  5.0422263415e-05  -5.0422268059e-05  -5.3042112560e-16  4.6450997003e-12  1.0882451431e-20
 4.1700000000e+02  5.4000000000e-01  6.0000000000e-01  5.0610151397e-05  -5.0610156046e-05  -5.4042112565e-16  4.6489864561e-12  5.2967433585e-21
 4.1800000000e+02  5.5000000000e-01  6.0000000000e-01  5.0796264913e-05  -5.0796269565e-05  -5.5042112568e-16  4.6529938281e-12  8.3746508319e-21
 4.1900000000e+02  5.6000000000e-01  6.0000000000e-01  5.0980669674e-05  -5.0980674331e-05  -5.6042112573e-16  4.6571171371e-12  6.9696701996e-21
 4.2000000000e+02  5.7000000000e-01  6.0000000000e-01  5.1163427920e-05  -5.1163432580e-05  -5.7042112576e-16  4.6613519848e-12  3.4771860568e-21
 4.2100000000e+02  5.8000000000e-01  6.0000000000e-01  5.1344598650e-05  -5.1344603315e-05  -5.8042112581e-16  4.6656942322e-12  1.1020817822e-20
 4.2200000000e+02  5.9000000000e-01  6.0000000000e-01  5.1524237849e-05  -5.1524242518e-05  -5.9042112584e-16  4.6701399789e-12  3.4928330176e-22
 4.2300000000e+02  6.0000000000e-01  6.0000000000e-01  5.1702398685e-05  -5.1702403359e-05  -6.0042112586e-16  4.6746855460e-12  4.2048825725e-21
 4.2400000000e+02  6.1000000000e-01  6.0000000000e-01  5.1879131695e-05  -5.1879136374e-05  -6.1042112592e-16  4.6793274593e-12  2.5661326726e-21
 4.2500000000e+02  6.2000000000e-01  6.0000000000e-01  5.2054484954e-05  -5.2054489637e-05  -6.2042112595e-16  4.6840624347e-12  4.4746412717e-21
 4.2600000000e+02  6.3000000000e-01  6.0000000000e-01  5.2228504230e-05  -5.2228508918e-05  -6.3042112601e-16  4.6888873642e-12  1.9265217216e-20
 4.2700000000e+02  6.4000000000e-01  6.0000000000e-01  5.2401233130e-05  -5.2401237823e-05  -6.4042112604e-16  4.6937993044e-12  3.5869657524e-21
 4.2800000000e+02  6.5000000000e-01  6.0000000000e-01  5.2572713230e-05  -5.2572717928e-05  -6.5042112610e-16  4.6987954645e-12  7.7983985725e-22
 4.2900000000e+02  6.6000000000e-01  6.0000000000e-01  5.2742984200e-05  -5.2742988903e-05  -6.6042112613e-16  4.7038731964e-12  7.5702296528e-21
 4.3000000000e+02  6.7000000000e-01  6.0000000000e-01  5.2912083916e-05  -5.2912088624e-05  -6.7042112620e-16  4.7090299852e-12  6.2330690530e-21
 4.3100000000e+02  6.8000000000e-01  6.0000000000e-01  5.3080048564e-05  -5.3080053277e-05  -6.8042112622e-16  4.7142634403e-12  1.3507913756e-20
 4.3200000000e+02  6.9000000000e-01  6.0000000000e-01  5.3246912741e-05  -5.3246917460e-05  -6.9042112629e-16  4.7195712876e-12  1.7859568904e-21
 4.3300000000e+02  7.0000000000e-01  6.0000000000e-01  5.3412709543e-05  -5.3412714267e-05  -7.0042112636e-16  4.7249513622e-12  2.7034200640e-21
 4.3400000000e+02  7.1000000000e-01  6.0000000000e-01  5.3577470649e-05  -5.3577475379e-05  -7.1042112639e-16  4.7304016014e-12  5.8726560368e-23
 4.3500000000e+02  7.2000000000e-01  6.0000000000e-01  5.3741226403e-05  -5.3741231138e-05  -7.2042112646e-16  4.7359200388e-12  1.2725735736e-20
 4.3600000000e+02  7.3000000000e-01  6.0000000000e-01  5.3904005881e-05  -5.3904010622e-05  -7.3042112649e-16  4.7415047979e-12  7.5452326184e-21
 4.3700000000e+02  7.4000000000e-01  6.0000000000e-01  5.4065836965e-05  -5.4065841712e-05  -7.4042112656e-16  4.7471540874e-12  4.3944415434e-21
 4.3800000000e+02  7.5000000000e-01  6.0000000000e-01  5.4226746405e-05  -5.4226751157e-05  -7.5042112659e-16  4.7528661957e-12  1.6522561744e-22
 4.3900000000e+02  7.6000000000e-01  6.0000000000e-01  5.4386759876e-05  -5.4386764634e-05  -7.6042112666e-16  4.7586394869e-12  1.1381341374e-20
 4.4000000000e+02  7.7000000000e-01  6.0000000000e-01  5.4545902037e-05  -5.4545906801e-05  -7.7042112673e-16  4.7644723957e-12  4.4249646096e-21
 4.4100000000e+02  7.8000000000e-01  6.0000000000e-01  5.4704196582e-05  -5.4704201351e-05  -7.8042112677e-16  4.7703634241e-12  6.4406316635e-21
 4.4200000000e+02  7.9000000000e-01  6.0000000000e-01  5.4861666287e-05  -5.4861671063e-05  -7.9042112684e-16  4.7763111373e-12  5.1504879595e-21
 4.4300000000e+02  8.0000000000e-01  6.0000000000e-01  5.5018333060e-05  -5.5018337842e-05  -8.0042112691e-16  4.7823141605e-12  5.9726341010e-21
 4.4400000000e+02  8.1000000000e-01  6.0000000000e-01  5.5174217981e-05  -5.5174222768e-05  -8.1042112695e-16  4.7883711755e-12  8.2721367177e-21
 4.4500000000e+02  8.2000000000e-01  6.0000000000e-01  5.5329341341e-05  -5.5329346134e-05  -8.2042112702e-16  4.7944809176e-12  7.9096020782e-21
 4.4600000000e+02  8.3000000000e-01  6.0000000000e-01  5.5483722684e-05  -5.5483727483e-05  -8.3042112706e-16  4.8006421731e-12  6.2317029590e-21
 4.4700000000e+02  8.4000000000e-01  6.0000000000e-01  5.5637380840e-05  -5.5637385646e-05  -8.4042112713e-16  4.8068537763e-12  2.0144183829e-20
 4.4800000000e+02  8.5000000000e-01  6.0000000000e-01  5.5790333961e-05  -5.5790338773e-05  -8.5042112721e-16  4.8131146075e-12  7.5692912253e-22
 4.4900000000e+02  8.6000000000e-01  6.0000000000e-01  5.5942599549e-05  -5.5942604367e-05  -8.6042112725e-16  4.8194235900e-12  1.5994806934e-20
 4.5000000000e+02  8.7000000000e-01  6.0000000000e-01  5.6094194488e-05  -5.6094199313e-05  -8.7042112733e-16  4.8257796887e-12  3.3757285512e-21
 4.5100000000e+02  8.8000000000e-01  6.0000000000e-01  5.6245135076e-05  -5.6245139907e-05  -8.8042112740e-16  4.8321819074e-12  3.5291902905e-21
 4.5200000000e+02  8.9000000000e-01  6.0000000000e-01  5.6395437042e-05  -5.6395441880e-05  -8.9042112748e-16  4.8386292873e-12  5.2116076712e-22
 4.5300000000e+02  9.0000000000e-01  6.0000000000e-01  5.6545115582e-05  -5.6545120427e-05  -9.0042112752e-16  4.8451209051e-12  6.5323354975e-21
 4.5400000000e+02  9.1000000000e-01  6.0000000000e-01  5.6694185377e-05  -5.6694190227e-05  -9.1042112760e-16  4.8516558713e-12  1.2986984721e-20
 4.5500000000e+02  9.2000000000e-01  6.0000000000e-01  5.6842660613e-05  -5.6842665471e-05  -9.2042112768e-16  4.8582333284e-12  4.7245972346e-21
 4.5600000000e+02  9.3000000000e-01  6.0000000000e-01  5.6990555010e-05  -5.6990559874e-05  -9.3042112772e-16  4.8648524500e-12  1.2770771131e-20
 4.5700000000e+02  9.4000000000e-01  6.0000000000e-01  5.7137881836e-05  -5.7137886707e-05  -9.4042112781e-16  4.8715124385e-12  1.3731501966e-20
 4.5800000000e+02  9.5000000000e-01  6.0000000000e-01  5.7284653927e-05  -5.7284658804e-05  -9.5042112789e-16  4.8782125245e-12  2.8156210965e-21
 4.5900000000e+02  9.6000000000e-01  6.0000000000e-01  5.7430883708e-05  -5.7430888592e-05  -9.6042112797e-16  4.8849519654e-12  2.7151489228e-21
 4.6000000000e+02  9.7000000000e-01  6.0000000000e-01  5.7576583206e-05  -5.7576588097e-05  -9.7042112801e-16  4.8917300437e-12  4.5784058452e-21
 4.6100000000e+02  9.8000000000e-01  6.0000000000e-01  5.7721764070e-05  -5.7721768968e-05  -9.8042112810e-16  4.8985460667e-12  4.1280587500e-21
 4.6200000000e+02  9.9000000000e-01  6.0000000000e-01  5.7866437586e-05  -5.7866442490e-05  -9.9042112818e-16  4.9053993648e-12  1.3074969156e-20
 4.6300000000e+02  1.0000000000e+00  6.0000000000e-01  5.8010614688e-05  -5.8010619599e-05  -1.0004211283e-15  4.9122892905e-12  1.5136087669e-20
 4.6400000000e+02  1.0100000000e+00  6.0000000000e-01  5.8154305977e-05  -5.8154310895e-05  -1.0104211283e-15  4.9192152180e-12  3.5546060574e-21
 4.6500000000e+02  1.0200000000e+00  6.0000000000e-01  5.8297521731e-05  -5.8297526656e-05  -1.0204211284e-15  4.9261765418e-12  1.4615253192e-20
 4.6600000000e+02  1.0300000000e+00  6.0000000000e-01  5.8440271918e-05  -5.8440276850e-05  -1.0304211285e-15  4.9331726758e-12  8.4696717446e-21
 4.6700000000e+02  1.0400000000e+00  6.0000000000e-01  5.8582566210e-05  -5.8582571150e-05  -1.0404211286e-15  4.9402030528e-12  2.8100860930e-22
 4.6800000000e+02  1.0500000000e+00  6.0000000000e-01  5.8724413994e-05  -5.8724418940e-05  -1.0504211286e-15  4.9472671237e-12  1.1488961791e-21
 4.6900000000e+02  1.0600000000e+00  6.0000000000e-01  5.8865824378e-05  -5.8865829332e-05  -1.0604211287e-15  4.9543643566e-12  1.9430012046e-20
 4.7000000000e+02  1.0700000000e+00  6.0000000000e-01  5.9006806211e-05  -5.9006811171e-05  -1.0704211288e-15  4.9614942360e-12  8.5863786070e-22
 4.7100000000e+02  1.0800000000e+00  6.0000000000e-01  5.9147368083e-05  -5.9147373050e-05  -1.0804211289e-15  4.9686562624e-12  8.9421635985e-21
 4.7200000000e+02  1.0900000000e+00  6.0000000000e-01  5.9287518340e-05  -5.9287523315e-05  -1.0904211290e-15  4.9758499516e-12  6.5183012642e-22
 4.7300000000e+02  1.1000000000e+00  6.0000000000e-01  5.9427265094e-05  -5.9427270076e-05  -1.1004211291e-15  4.9830748341e-12  7.9412241091e-21
 4.7400000000e+02  1.1100000000e+00  6.0000000000e-01  5.9566616228e-05  -5.9566621217e-05  -1.1104211291e-15  4.9903304545e-12  2.2753033986e-21
 4.7500000000e+02  1.1200000000e+00  6.0000000000e-01  5.9705579405e-05  -5.9705584401e-05  -1.1204211292e-15  4.9976163708e-12  1.0886051965e-20
 4.7600000000e+02  1.1300000000e+00  6.0000000000e-01  5.9844162078e-05  -5.9844167082e-05  -1.1304211293e-15  5.0049321542e-12  4.9407563491e-21
 4.7700000000e+02  1.1400000000e+00  6.0000000000e-01  5.9982371496e-05  -5.9982376507e-05  -1.1404211294e-15  5.0122773885e-12  1.5980587692e-21
 4.7800000000e+02  1.1500000000e+00  6.0000000000e-01  6.0120214711e-05  -6.0120219729e-05  -1.1504211295e-15  5.0196516692e-12  5.0114819175e-21
 4.7900000000e+02  1.1600000000e+00  6.0000000000e-01  6.0257698586e-05  -6.0257703612e-05  -1.1604211296e-15  5.0270546040e-12  9.1075498784e-22
 4.8000000000e+02  1.1700000000e+00  6.0000000000e-01  6.0394829800e-05  -6.0394834833e-05  -1.1704211297e-15  5.0344858114e-12  1.1970872456e-20
 4.8100000000e+02  1.1800000000e+00  6.0000000000e-01  6.0531614857e-05  -6.0531619897e-05  -1.1804211298e-15  5.0419449207e-12  4.9404542935e-21
 4.8200000000e+02  1.1900000000e+00  6.0000000000e-01  6.0668060087e-05  -6.0668065136e-05  -1.1904211299e-15  5.0494315717e-12  1.4950380134e-21
 4.8300000000e+02  1.2000000000e+00  6.0000000000e-01  6.0804171660e-05  -6.0804176716e-05  -1.2004211299e-15  5.0569454144e-12  1.3127081764e-20
 4.8400000000e+02  0.0000000000e+00  8.0000000000e-01  -1.5240300066e-11  -1.5240300066e-11  -2.3843623718e-17  3.0480623976e-11  4.8384259769e-27
 4.8500000000e+02  1.0000000000e-02  8.0000000000e-01  3.7002754941e-06  -3.7003051620e-06  -2.7641143693e-17  2.9667900808e-11  6.6123010968e-22
 4.8600000000e+02  2.0000000000e-02  8.0000000000e-01  7.3952440894e-06  -7.3952729595e-06  -3.3062415558e-17  2.8870194060e-11  2.6851521421e-22
 4.8700000000e+02  3.0000000000e-02  8.0000000000e-01  1.1083788370e-05  -1.1083816457e-05  -3.9680827100e-17  2.8087401382e-11  8.3108502146e-22
 4.8800000000e+02  4.0000000000e-02  8.0000000000e-01  1.4764503882e-05  -1.4764531201e-05  -4.7182160572e-17  2.7319468180e-11  1.3122088939e-21
 4.8900000000e+02  5.0000000000e-02  8.0000000000e-01  1.8435623146e-05  -1.8435649712e-05  -5.5335160836e-17  2.6566395473e-11  3.1164891300e-21
 4.9000000000e+02  6.0000000000e-02  8.0000000000e-01  2.2094937143e-05  -2.2094962971e-05  -6.3969324317e-17  2.5828250749e-11  1.4017395366e-21
 4.9100000000e+02  7.0000000000e-02  8.0000000000e-01  2.5739689242e-05  -2.5739714347e-05  -7.2958848027e-17  2.5105183317e-11  4.9138443013e-21
 4.9200000000e+02  8.0000000000e-02  8.0000000000e-01  2.9366434514e-05  -2.9366458912e-05  -8.2210989544e-17  2.4397445611e-11  8.2539364407e-21
 4.9300000000e+02  9.0000000000e-02  8.0000000000e-01  3.2970847837e-05  -3.2970871542e-05  -9.1657263494e-17  2.3705423192e-11  6.3028988792e-21
 4.9400000000e+02  1.0000000000e-01  8.0000000000e-01  3.6547460689e-05  -3.6547483719e-05  -1.0124711725e-16  2.3029677060e-11  6.8115488688e-22
 4.9500000000e+02  1.1000000000e-01  8.0000000000e-01  4.0089296639e-05  -4.0089319010e-05  -1.1094323909e-16  2.2371003577e-11  6.3801977591e-21
 4.9600000000e+02  1.2000000000e-01  8.0000000000e-01  4.3587363301e-05  -4.3587385032e-05  -1.2071802427e-16  2.1730519554e-11  9.6338811193e-21
 4.9700000000e+02  1.3000000000e-01  8.0000000000e-01  4.7029943512e-05  -4.7029964622e-05  -1.3055110298e-16  2.1109782732e-11  8.5599959151e-22
 4.9800000000e+02  1.4000000000e-01  8.0000000000e-01  5.0401615526e-05  -5.0401636037e-05  -1.4042740442e-16  2.0510960292e-11  1.9678705050e-21
 4.9900000000e+02  1.5000000000e-01  8.0000000000e-01  5.3681938846e-05  -5.3681958783e-05  -1.5033578681e-16  1.9937056780e-11  2.6421089008e-21
 5.0000000000e+02  1.6000000000e-01  8.0000000000e-01  5.6843820197e-05  -5.6843839589e-05  -1.6026806322e-16  1.9392198828e-11  1.3711452401e-20
 5.0100000000e+02  1.7000000000e-01  8.0000000000e-01  5.9851848951e-05  -5.9851867833e-05  -1.7021815885e-16  1.8881924664e-11  9.3301348058e-21
 5.0200000000e+02  1.8000000000e-01  8.0000000000e-01  6.2661597984e-05  -6.2661616397e-05  -1.8018158644e-16  1.8413300073e-11  5.0316943541e-22
 5.0300000000e+02  1.9000000000e-01  8.0000000000e-01  6.5222191997e-05  -6.5222209991e-05  -1.9015503425e-16  1.7994451338e-11  8.7699777715e-21
 5.0400000000e+02  2.0000000000e-01  8.0000000000e-01  6.7485490326e-05  -6.7485507959e-05  -2.0013599503e-16  1.7632928486e-11  1.6167887027e-20
 5.0500000000e+02  2.1000000000e-01  8.0000000000e-01  6.9422580471e-05  -6.9422597804e-05  -2.1012250740e-16  1.7332802422e-11  2.2517926558e-21
 5.0600000000e+02  2.2000000000e-01  8.0000000000e-01  7.1039172474e-05  -7.1039189566e-05  -2.2011301787e-16  1.7092021921e-11  2.4859255733e-21
 5.0700000000e+02  2.3000000000e-01  8.0000000000e-01  7.2375703757e-05  -7.2375720659e-05  -2.3010629452e-16  1.6902527989e-11  2.6330420114e-21
 5.0800000000e+02  2.4000000000e-01  8.0000000000e-01  7.3490417806e-05  -7.3490434559e-05  -2.4010142431e-16  1.6753344920e-11  1.8735618158e-21
 5.0900000000e+02  2.5000000000e-01  8.0000000000e-01  7.4440096318e-05  -7.4440112952e-05  -2.5009777760e-16  1.6633990605e-11  7.1836913888e-21
 5.1000000000e+02  2.6000000000e-01  8.0000000000e-01  7.5270047018e-05  -7.5270063554e-05  -2.6009494685e-16  1.6536185562e-11  6.2334022110e-21
 5.1100000000e+02  2.7000000000e-01  8.0000000000e-01  7.6012847818e-05  -7.6012864272e-05  -2.7009267561e-16  1.6454007304e-11  7.9145116632e-21
 5.1200000000e+02  2.8000000000e-01  8.0000000000e-01  7.6690877328e-05  -7.6690893712e-05  -2.8009079160e-16  1.6383395647e-11  2.5069041820e-21
 5.1300000000e+02  2.9000000000e-01  8.0000000000e-01  7.7319344740e-05  -7.7319361061e-05  -2.9008920102e-16  1.6321590027e-11  5.2384881585e-21
 5.1400000000e+02  3.0000000000e-01  8.0000000000e-01  7.7908681662e-05  -7.7908697928e-05  -3.0008782271e-16  1.6266693689e-11  1.2891183228e-20
 5.1500000000e+02  3.1000000000e-01  8.0000000000e-01  7.8466190703e-05  -7.8466206920e-05  -3.1008662321e-16  1.6217374047e-11  1.3807388870e-20
 5.1600000000e+02  3.2000000000e-01  8.0000000000e-01  7.8997114107e-05  -7.8997130279e-05  -3.2008555768e-16  1.6172671321e-11  2.9893577551e-21
 5.1700000000e+02  3.3000000000e-01  8.0000000000e-01  7.9505320359e-05  -7.9505336491e-05  -3.3008460594e-16  1.6131874952e-11  3.8756806686e-21
 5.1800000000e+02  3.4000000000e-01  8.0000000000e-01  7.9993743692e-05  -7.9993759786e-05  -3.4008375175e-16  1.6094444724e-11  5.4593305911e-21
 5.1900000000e+02  3.5000000000e-01  8.0000000000e-01  8.0464668873e-05  -8.0464684933e-05  -3.5008297717e-16  1.6059959581e-11  8.6657073904e-21
 5.2000000000e+02  3.6000000000e-01  8.0000000000e-01  8.0919918674e-05  -8.0919934702e-05  -3.6008227515e-16  1.6028083820e-11  7.1222337020e-21
 5.2100000000e+02  3.7000000000e-01  8.0000000000e-01  8.1360979538e-05  -8.1360995536e-05  -3.7008163132e-16  1.5998544315e-11  1.2502042316e-20
 5.2200000000e+02  3.8000000000e-01  8.0000000000e-01  8.1789087476e-05  -8.1789103446e-05  -3.8008104542e-16  1.5971114857e-11  4.0527160663e-21
 5.2300000000e+02  3.9000000000e-01  8.0000000000e-01  8.2205287930e-05  -8.2205303876e-05  -3.9008050502e-16  1.5945605145e-11  1.4343773096e-22
 5.2400000000e+02  4.0000000000e-01  8.0000000000e-01  8.2610478338e-05  -8.2610494260e-05  -4.0008000698e-16  1.5921852906e-11  3.6936942983e-21
 5.2500000000e+02  4.1000000000e-01  8.0000000000e-01  8.3005438966e-05  -8.3005454865e-05  -4.1007955280e-16  1.5899718127e-11  3.8205186062e-22
 5.2600000000e+02  4.2000000000e-01  8.0000000000e-01  8.3390855673e-05  -8.3390871552e-05  -4.2007913174e-16  1.5879078760e-11  9.3479425432e-21
 5.2700000000e+02  4.3000000000e-01  8.0000000000e-01  8.3767337027e-05  -8.3767352887e-05  -4.3007874183e-16  1.5859827475e-11  3.6638270834e-21
 5.2800000000e+02  4.4000000000e-01  8.0000000000e-01  8.4135427380e-05  -8.4135443221e-05  -4.4007838137e-16  1.5841869147e-11  1.7222381875e-21
 5.2900000000e+02  4.5000000000e-01  8.0000000000e-01  8.4495617037e-05  -8.4495632862e-05  -4.5007804883e-16  1.5825118896e-11  6.7627079090e-22
 5.3000000000e+02  4.6000000000e-01  8.0000000000e-01  8.4848350278e-05  -8.4848366087e-05  -4.6007774288e-16  1.5809500535e-11  6.6776951447e-21
 5.3100000000e+02  4.7000000000e-01  8.0000000000e-01  8.5194031777e-05  -8.5194047571e-05  -4.7007745825e-16  1.5794945316e-11  1.3475906247e-20
 5.3200000000e+02  4.8000000000e-01  8.0000000000e-01  8.5533031808e-05  -8.5533047589e-05  -4.8007719797e-16  1.5781390911e-11  5.7622905540e-21
 5.3300000000e+02  4.9000000000e-01  8.0000000000e-01  8.5865690530e-05  -8.5865706299e-05  -4.9007695300e-16  1.5768780579e-11  6.8076916002e-21
 5.3400000000e+02  5.0000000000e-01  8.0000000000e-01  8.6192321533e-05  -8.6192337289e-05  -5.0007673061e-16  1.5757062472e-11  1.1414320914e-21
 5.3500000000e+02  5.1000000000e-01  8.0000000000e-01  8.6513214821e-05  -8.6513230566e-05  -5.1007652199e-16  1.5746189046e-11  2.1601991827e-21
 5.3600000000e+02  5.2000000000e-01  8.0000000000e-01  8.6828639342e-05  -8.6828655078e-05  -5.2007633050e-16  1.5736116575e-11  1.9689996679e-21
 5.3700000000e+02  5.3000000000e-01  8.0000000000e-01  8.7138845148e-05  -8.7138860874e-05  -5.3007615554e-16  1.5726804731e-11  1.9124514000e-21
 5.3800000000e+02  5.4000000000e-01  8.0000000000e-01  8.7444065250e-05  -8.7444080968e-05  -5.4007599653e-16  1.5718216219e-11  7.5299856035e-22
 5.3900000000e+02  5.5000000000e-01  8.0000000000e-01  8.7744517238e-05  -8.7744532948e-05  -5.5007584902e-16  1.5710316472e-11  4.6169319842e-21
 5.4000000000e+02  5.6000000000e-01  8.0000000000e-01  8.8040404688e-05  -8.8040420390e-05  -5.6007571255e-16  1.5703073380e-11  8.3984671658e-22
 5.4100000000e+02  5.7000000000e-01  8.0000000000e-01  8.8331918400e-05  -8.8331934096e-05  -5.7007559067e-16  1.5696457053e-11  4.4284521441e-21
 5.4200000000e+02  5.8000000000e-01  8.0000000000e-01  8.8619237494e-05  -8.8619253184e-05  -5.8007547906e-16  1.5690439617e-11  4.6869362515e-22
 5.4300000000e+02  5.9000000000e-01  8.0000000000e-01  8.8902530376e-05  -8.8902546061e-05  -5.9007538132e-16  1.5684995029e-11  6.9427697559e-21
 5.4400000000e+02  6.0000000000e-01  8.0000000000e-01  8.9181955608e-05  -8.9181971287e-05  -6.0007528925e-16  1.5680098920e-11  7.8141982744e-21
 5.4500000000e+02  6.1000000000e-01  8.0000000000e-01  8.9457662676e-05  -8.9457678351e-05  -6.1007521043e-16  1.5675728449e-11  1.8844313705e-21
 5.4600000000e+02  6.2000000000e-01  8.0000000000e-01  8.9729792691e-05  -8.9729808362e-05  -6.2007514067e-16  1.5671862176e-11  5.5739712397e-21
 5.4700000000e+02  6.3000000000e-01  8.0000000000e-01  8.9998479012e-05  -8.9998494680e-05  -6.3007507580e-16  1.5668479949e-11  3.7139642781e-21
 5.4800000000e+02  6.4000000000e-01  8.0000000000e-01  9.0263847812e-05  -9.0263863477e-05  -6.4007502345e-16  1.5665562802e-11  6.9423730292e-22
 5.4900000000e+02  6.5000000000e-01  8.0000000000e-01  9.0526018594e-05  -9.0526034256e-05  -6.5007497948e-16  1.5663092861e-11  5.4680565242e-21
 5.5000000000e+02  6.6000000000e-01  8.0000000000e-01  9.0785104655e-05  -9.0785120315e-05  -6.6007494369e-16  1.5661053263e-11  1.1956249695e-21
 5.5100000000e+02  6.7000000000e-01  8.0000000000e-01  9.1041213514e-05  -9.1041229173e-05  -6.7007491202e-16  1.5659428078e-11  5.7060870869e-21
 5.5200000000e+02  6.8000000000e-01  8.0000000000e-01  9.1294447298e-05  -9.1294462956e-05  -6.8007489210e-16  1.5658202246e-11  3.3314528383e-21
 5.5300000000e+02  6.9000000000e-01  8.0000000000e-01  9.1544903099e-05  -9.1544918756e-05  -6.9007487598e-16  1.5657361509e-11  6.0954595532e-22
 5.5400000000e+02  7.0000000000e-01  8.0000000000e-01  9.1792673299e-05  -9.1792688955e-05  -7.0007486742e-16  1.5656892360e-11  2.2302302194e-22
 5.5500000000e+02  7.1000000000e-01  8.0000000000e-01  9.2037845870e-05  -9.2037861526e-05  -7.1007486629e-16  1.5656781987e-11  6.1815654279e-22
 5.5600000000e+02  7.2000000000e-01  8.0000000000e-01  9.2280504649e-05  -9.2280520305e-05  -7.2007486857e-16  1.5657018230e-11  2.4272136750e-21
 5.5700000000e+02  7.3000000000e-01  8.0000000000e-01  9.2520729594e-05  -9.2520745251e-05  -7.3007487804e-16  1.5657589534e-11  1.0494888657e-20
 5.5800000000e+02  7.4000000000e-01  8.0000000000e-01  9.2758597018e-05  -9.2758612676e-05  -7.4007489461e-16  1.5658484914e-11  3.2283731756e-21
 5.5900000000e+02  7.5000000000e-01  8.0000000000e-01  9.2994179803e-05  -9.2994195462e-05  -7.5007491818e-16  1.5659693912e-11  3.6629677050e-21
 5.6000000000e+02  7.6000000000e-01  8.0000000000e-01  9.3227547607e-05  -9.3227563267e-05  -7.6007494474e-16  1.5661206573e-11  7.0129285739e-21
 5.6100000000e+02  7.7000000000e-01  8.0000000000e-01  9.3458767042e-05  -9.3458782705e-05  -7.7007497814e-16  1.5663013403e-11  1.1242307546e-20
 5.6200000000e+02  7.8000000000e-01  8.0000000000e-01  9.3687901857e-05  -9.3687917521e-05  -7.8007501437e-16  1.5665105351e-11  1.0924434652e-20
 5.6300000000e+02  7.9000000000e-01  8.0000000000e-01  9.3915013089e-05  -9.3915028756e-05  -7.9007506120e-16  1.5667473775e-11  1.0814301788e-20
 5.6400000000e+02  8.0000000000e-01  8.0000000000e-01  9.4140159220e-05  -9.4140174889e-05  -8.0007510681e-16  1.5670110422e-11  2.0628245653e-21
 5.6500000000e+02  8.1000000000e-01  8.0000000000e-01  9.4363396313e-05  -9.4363411985e-05  -8.1007515896e-16  1.5673007404e-11  1.0916073559e-20
 5.6600000000e+02  8.2000000000e-01  8.0000000000e-01  9.4584778142e-05  -9.4584793817e-05  -8.2007521762e-16  1.5676157176e-11  1.4607564889e-20
 5.6700000000e+02  8.3000000000e-01  8.0000000000e-01  9.4804356314e-05  -9.4804371993e-05  -8.3007527879e-16  1.5679552518e-11  1.0359414427e-20
 5.6800000000e+02  8.4000000000e-01  8.0000000000e-01  9.5022180384e-05  -9.5022196066e-05  -8.4007534636e-16  1.5683186517e-11  2.0885021183e-21
 5.6900000000e+02  8.5000000000e-01  8.0000000000e-01  9.5238297959e-05  -9.5238313645e-05  -8.5007541634e-16  1.5687052549e-11  9.8743950090e-22
 5.7000000000e+02  8.6000000000e-01  8.0000000000e-01  9.5452754796e-05  -9.5452770487e-05  -8.6007549264e-16  1.5691144263e-11  5.8957298384e-21
 5.7100000000e+02  8.7000000000e-01  8.0000000000e-01  9.5665594901e-05  -9.5665610596e-05  -8.7007557126e-16  1.5695455570e-11  2.6494166192e-21
 5.7200000000e+02  8.8000000000e-01  8.0000000000e-01  9.5876860610e-05  -9.5876876309e-05  -8.8007565613e-16  1.5699980622e-11  1.9715425105e-21
 5.7300000000e+02  8.9000000000e-01  8.0000000000e-01  9.6086592674e-05  -9.6086608378e-05  -8.9007574325e-16  1.5704713807e-11  5.7195215686e-21
 5.7400000000e+02  9.0000000000e-01  8.0000000000e-01  9.6294830336e-05  -9.6294846045e-05  -9.0007583655e-16  1.5709649734e-11  5.1118083951e-21
 5.7500000000e+02  9.1000000000e-01  8.0000000000e-01  9.6501611403e-05  -9.6501627117e-05  -9.1007593205e-16  1.5714783218e-11  3.0901548221e-22
 5.7600000000e+02  9.2000000000e-01  8.0000000000e-01  9.6706972315e-05  -9.6706988034e-05  -9.2007602970e-16  1.5720109276e-11  1.1670100184e-20
 5.7700000000e+02  9.3000000000e-01  8.0000000000e-01  9.6910948207e-05  -9.6910963932e-05  -9.3007613346e-16  1.5725623113e-11  4.3524172617e-21
 5.7800000000e+02  9.4000000000e-01  8.0000000000e-01  9.7113572973e-05  -9.7113588703e-05  -9.4007624332e-16  1.5731320113e-11  2.0828197464e-21
 5.7900000000e+02  9.5000000000e-01  8.0000000000e-01  9.7314879318e-05  -9.7314895054e-05  -9.5007635127e-16  1.5737195831e-11  6.7320504305e-21
 5.8000000000e+02  9.6000000000e-01  8.0000000000e-01  9.7514898819e-05  -9.7514914561e-05  -9.6007646527e-16  1.5743245988e-11  4.6693332378e-21
 5.8100000000e+02  9.7000000000e-01  8.0000000000e-01  9.7713661968e-05  -9.7713677716e-05  -9.7007658533e-16  1.5749466454e-11  1.2259089835e-20
 5.8200000000e+02  9.8000000000e-01  8.0000000000e-01  9.7911198225e-05  -9.7911213980e-05  -9.8007670741e-16  1.5755853253e-11  8.1083452218e-21
 5.8300000000e+02  9.9000000000e-01  8.0000000000e-01  9.8107536064e-05  -9.8107551826e-05  -9.9007683151e-16  1.5762402546e-11  1.0184387255e-20
 5.8400000000e+02  1.0000000000e+00  8.0000000000e-01  9.8302703012e-05  -9.8302718780e-05  -1.0000769616e-15  1.5769110630e-11  5.3821568603e-21
 5.8500000000e+02  1.0100000000e+00  8.0000000000e-01  9.8496725692e-05  -9.8496741467e-05  -1.0100770937e-15  1.5775973930e-11  1.5733466648e-21
 5.8600000000e+02  1.0200000000e+00  8.0000000000e-01  9.8689629862e-05  -9.8689645644e-05  -1.0200772278e-15  1.5782988994e-11  4.9400856438e-21
 5.8700000000e+02  1.0300000000e+00  8.0000000000e-01  9.8881440450e-05  -9.8881456239e-05  -1.0300773679e-15  1.5790152487e-11  4.5554326811e-22
 5.8800000000e+02  1.0400000000e+00  8.0000000000e-01  9.9072181591e-05  -9.9072197388e-05  -1.0400775099e-15  1.5797461186e-11  1.1932907103e-20
 5.8900000000e+02  1.0500000000e+00  8.0000000000e-01  9.9261876657e-05  -9.9261892461e-05  -1.0500776538e-15  1.5804911975e-11  1.0734293379e-20
 5.9000000000e+02  1.0600000000e+00  8.0000000000e-01  9.9450548290e-05  -9.9450564102e-05  -1.0600778038e-15  1.5812501842e-11  8.4024443972e-21
 5.9100000000e+02  1.0700000000e+00  8.0000000000e-01  9.9638218431e-05  -9.9638234250e-05  -1.0700779557e-15  1.5820227870e-11  4.8589502828e-22
 5.9200000000e+02  1.0800000000e+00  8.0000000000e-01  9.9824908348e-05  -9.9824924175e-05  -1.0800781095e-15  1.5828087241e-11  4.3032413766e-21
 5.9300000000e+02  1.0900000000e+00  8.0000000000e-01  1.0001063866e-04  -1.0001065450e-04  -1.0900782693e-15  1.5836077222e-11  6.8031359856e-20
 5.9400000000e+02  1.1000000000e+00  8.0000000000e-01  1.0019542938e-04  -1.0019544522e-04  -1.1000784311e-15  1.5844195169e-11  1.1187569057e-21
 5.9500000000e+02  1.1100000000e+00  8.0000000000e-01  1.0037929990e-04  -1.0037931575e-04  -1.1100785947e-15  1.5852438523e-11  5.2304206003e-20
 5.9600000000e+02  1.1200000000e+00  8.0000000000e-01  1.0056226906e-04  -1.0056228492e-04  -1.1200787602e-15  1.5860804799e-11  8.7673118941e-20
 5.9700000000e+02  1.1300000000e+00  8.0000000000e-01  1.0074435514e-04  -1.0074437101e-04  -1.1300789318e-15  1.5869291595e-11  8.1824148869e-21
 5.9800000000e+02  1.1400000000e+00  8.0000000000e-01  1.0092557589e-04  -1.0092559177e-04  -1.1400791053e-15  1.5877896576e-11  9.6844445084e-21
 5.9900000000e+02  1.1500000000e+00  8.0000000000e-01  1.0110594855e-04  -1.0110596444e-04  -1.1500792849e-15  1.5886617482e-11  9.4803708868e-21
 6.0000000000e+02  1.1600000000e+00  8.0000000000e-01  1.0128548987e-04  -1.0128550576e-04  -1.1600794663e-15  1.5895452119e-11  4.0178109852e-20
 6.0100000000e+02  1.1700000000e+00  8.0000000000e-01  1.0146421612e-04  -1.0146423203e-04  -1.1700796497e-15  1.5904398358e-11  2.7091059477e-20
 6.0200000000e+02  1.1800000000e+00  8.0000000000e-01  1.0164214313e-04  -1.0164215905e-04  -1.1800798350e-15  1.5913454133e-11  3.5954312016e-20
 6.0300000000e+02  1.1900000000e+00  8.0000000000e-01  1.0181928628e-04  -1.0181930220e-04  -1.1900800263e-15  1.5922617437e-11  4.0879925262e-20
 6.0400000000e+02  1.2000000000e+00  8.0000000000e-01  1.0199566052e-04  -1.0199567645e-04  -1.2000802196e-15  1.5931886323e-11  4.2923772671e-20
 6.0500000000e+02  0.0000000000e+00  1.0000000000e+00  -3.8613480849e-11  -3.8613480849e-11  -7.4147315820e-12  8.4641693280e-11  3.2311742678e-27
 6.0600000000e+02  1.0000000000e-02  1.0000000000e+00  3.7478106529e-06  -3.7478863228e-06  -5.3982198241e-12  8.1068104286e-11  4.0944632528e-23
 6.0700000000e+02  2.0000000000e-02  1.0000000000e+00  7.4945591316e-06  -7.4946332671e-06  -3.9313632043e-12  7.8066877859e-11  1.2369823670e-22
 6.0800000000e+02  3.0000000000e-02  1.0000000000e+00  1.1239788490e-05  -1.1239861114e-05  -2.8640344507e-12  7.5487686770e-11  1.0887562864e-22
 6.0900000000e+02  4.0000000000e-02  1.0000000000e+00  1.4983002338e-05  -1.4983073473e-05  -2.0871957700e-12  7.3221317495e-11  4.7707165231e-21
 6.1000000000e+02  5.0000000000e-02  1.0000000000e+00  1.8723616728e-05  -1.8723686395e-05  -1.5216271550e-12  7.1188400342e-11  7.1213748003e-22
 6.1100000000e+02  6.0000000000e-02  1.0000000000e+00  2.2460948725e-05  -2.2461016947e-05  -1.1097546460e-12  6.9331240078e-11  1.3578943217e-21
 6.1200000000e+02  7.0000000000e-02  1.0000000000e+00  2.6194202583e-05  -2.6194269381e-05  -8.0972376797e-13  6.7607892426e-11  2.6173860584e-21
 6.1300000000e+02  8.0000000000e-02  1.0000000000e+00  2.9922452908e-05  -2.9922518304e-05  -5.9109910990e-13  6.5987867586e-11  3.8786613023e-21
 6.1400000000e+02  9.0000000000e-02  1.0000000000e+00  3.3644624049e-05  -3.3644688066e-05  -4.3174319849e-13  6.4449014151e-11  3.1422347824e-21
 6.1500000000e+02  1.0000000000e-01  1.0000000000e+00  3.7359464716e-05  -3.7359527376e-05  -3.1554982371e-13  6.2975258892e-11  1.1033023615e-20
 6.1600000000e+02  1.1000000000e-01  1.0000000000e+00  4.1065516250e-05  -4.1065577574e-05  -2.3079817558e-13  6.1554969219e-11  5.8149776213e-21
 6.1700000000e+02  1.2000000000e-01  1.0000000000e+00  4.4761074506e-05  -4.4761134517e-05  -1.6895655733e-13  6.0179767225e-11  1.8144660110e-21
 6.1800000000e+02  1.3000000000e-01  1.0000000000e+00  4.8444139490e-05  -4.8444198210e-05  -1.2381320072e-13  5.8843674347e-11  5.6660537081e-21
 6.1900000000e+02  1.4000000000e-01  1.0000000000e+00  5.2112354443e-05  -5.2112411895e-05  -9.0844357326e-14  5.7542496671e-11  5.4224557451e-21
 6.2000000000e+02  1.5000000000e-01  1.0000000000e+00  5.5762927522e-05  -5.5762983728e-05  -6.6754797556e-14  5.6273387869e-11  5.5306986316e-22
 6.2100000000e+02  1.6000000000e-01  1.0000000000e+00  5.9392532424e-05  -5.9392587410e-05  -4.9143520688e-14  5.5034543809e-11  1.6039891557e-21
 6.2200000000e+02  1.7000000000e-01  1.0000000000e+00  6.2997181511e-05  -6.2997235300e-05  -3.6260687189e-14  5.3824996858e-11  2.8554584042e-21
 6.2300000000e+02  1.8000000000e-01  1.0000000000e+00  6.6572063478e-05  -6.6572116096e-05  -2.6830657520e-14  5.2644487226e-11  1.4982516183e-20
 6.2400000000e+02  1.9000000000e-01  1.0000000000e+00  7.0111335791e-05  -7.0111387265e-05  -1.9923206741e-14  5.1493396463e-11  8.4929053464e-22
 6.2500000000e+02  2.0000000000e-01  1.0000000000e+00  7.3607860617e-05  -7.3607910975e-05  -1.4859817312e-14  5.0372733500e-11  4.6408941257e-21
 6.2600000000e+02  2.1000000000e-01  1.0000000000e+00  7.7052873025e-05  -7.7052922298e-05  -1.1145393213e-14  4.9284166952e-11  3.8816692463e-21
 6.2700000000e+02  2.2000000000e-01  1.0000000000e+00  8.0435574492e-05  -8.0435622714e-05  -8.4185665375e-15  4.8230098770e-11  6.1947025770e-22
 6.2800000000e+02  2.3000000000e-01  1.0000000000e+00  8.3742658668e-05  -8.3742705876e-05  -6.4154707599e-15  4.7213771397e-11  4.9475876940e-21
 6.2900000000e+02  2.4000000000e-01  1.0000000000e+00  8.6957810269e-05  -8.6957856503e-05  -4.9433578272e-15  4.6239391035e-11  9.8617752516e-21
 6.3000000000e+02  2.5000000000e-01  1.0000000000e+00  9.0061288206e-05  -9.0061333515e-05  -3.8613560276e-15  4.5312227971e-11  8.7297223975e-21
 6.3100000000e+02  2.6000000000e-01  1.0000000000e+00  9.3029829416e-05  -9.3029873851e-05  -3.0664094728e-15  4.4438616018e-11  5.2324975055e-21
 6.3200000000e+02  2.7000000000e-01  1.0000000000e+00  9.5837288142e-05  -9.5837331765e-05  -2.4830078685e-15  4.3625718626e-11  6.9812927528e-21
 6.3300000000e+02  2.8000000000e-01  1.0000000000e+00  9.8456572891e-05  -9.8456615769e-05  -2.0556587957e-15  4.2880887290e-11  1.8956485246e-21
 6.3400000000e+02  2.9000000000e-01  1.0000000000e+00  1.0086330976e-04  -1.0086335197e-04  -1.7433664352e-15  4.2210488854e-11  1.6827984685e-20
 6.3500000000e+02  3.0000000000e-01  1.0000000000e+00  1.0304089051e-04  -1.0304093213e-04  -1.5156358912e-15  4.1618330846e-11  4.5978859884e-21
 6.3600000000e+02  3.1000000000e-01  1.0000000000e+00  1.0498520149e-04  -1.0498524259e-04  -1.3496434199e-15  4.1104241134e-11  1.2908772091e-20
 6.3700000000e+02  3.2000000000e-01  1.0000000000e+00  1.0670649044e-04  -1.0670653110e-04  -1.2283147945e-15  4.0663596339e-11  2.0403874471e-20
 6.3800000000e+02  3.3000000000e-01  1.0000000000e+00  1.0822697818e-04  -1.0822701846e-04  -1.1390063896e-15  4.0288194173e-11  6.1609085245e-20
 6.3900000000e+02  3.4000000000e-01  1.0000000000e+00  1.0957545438e-04  -1.0957549434e-04  -1.0725382808e-15  3.9968027219e-11  1.9134033228e-20
 6.4000000000e+02  3.5000000000e-01  1.0000000000e+00  1.1078165098e-04  -1.1078169067e-04  -1.0223900034e-15  3.9693058958e-11  5.8639724839e-20
 6.4100000000e+02  3.6000000000e-01  1.0000000000e+00  1.1187243068e-04  -1.1187247014e-04  -9.8400682428e-16  3.9454380056e-11  5.3457028772e-20
 6.4200000000e+02  3.7000000000e-01  1.0000000000e+00  1.1287014968e-04  -1.1287018892e-04  -9.5423914070e-16  3.9244664110e-11  2.7432839050e-20
 6.4300000000e+02  3.8000000000e-01  1.0000000000e+00  1.1379253770e-04  -1.1379257676e-04  -9.3090220163e-16  3.9058151675e-11  3.6489041025e-20
 6.4400000000e+02  3.9000000000e-01  1.0000000000e+00  1.1465330724e-04  -1.1465334612e-04  -9.1247069674e-16  3.8890418650e-11  1.9206286132e-20
 6.4500000000e+02  4.0000000000e-01  1.0000000000e+00  1.1546296476e-04  -1.1546300349e-04  -8.9786049640e-16  3.8738094053e-11  1.1402058637e-20
 6.4600000000e+02  4.1000000000e-01  1.0000000000e+00  1.1622956502e-04  -1.1622960362e-04  -8.8629365228e-16  3.8598607046e-11  5.1493692018e-20
 6.4700000000e+02  4.2000000000e-01  1.0000000000e+00  1.1695933341e-04  -1.1695937188e-04  -8.7719387978e-16  3.8469978954e-11  6.3474431895e-20
 6.4800000000e+02  4.3000000000e-01  1.0000000000e+00  1.1765713469e-04  -1.1765717304e-04  -8.7012897736e-16  3.8350670922e-11  1.3475131190e-20
 6.4900000000e+02  4.4000000000e-01  1.0000000000e+00  1.1832682381e-04  -1.1832686205e-04  -8.6476873442e-16  3.8239469322e-11  6.4160839407e-20
 6.5000000000e+02  4.5000000000e-01  1.0000000000e+00  1.1897150110e-04  -1.1897153923e-04  -8.6085597387e-16  3.8135403095e-11  6.4892270009e-20
 6.5100000000e+02  4.6000000000e-01  1.0000000000e+00  1.1959369760e-04  -1.1959373564e-04  -8.5818583074e-16  3.8037683890e-11  5.9877927820e-21
 6.5200000000e+02  4.7000000000e-01  1.0000000000e+00  1.2019551000e-04  -1.2019554795e-04  -8.5659446803e-16  3.7945662599e-11  1.5354443247e-20
 6.5300000000e+02  4.8000000000e-01  1.0000000000e+00  1.2077869935e-04  -1.2077873720e-04  -8.5594645078e-16  3.7858797569e-11  8.0711985081e-20
 6.5400000000e+02  4.9000000000e-01  1.0000000000e+00  1.2134476395e-04  -1.2134480173e-04  -8.5613047419e-16  3.7776631159e-11  2.1023525216e-20
 6.5500000000e+02  5.0000000000e-01  1.0000000000e+00  1.2189499371e-04  -1.2189503140e-04  -8.5705425680e-16  3.7698772263e-11  1.1947209034e-20
 6.5600000000e+02  5.1000000000e-01  1.0000000000e+00  1.2243051100e-04  -1.2243054862e-04  -8.5863778995e-16  3.7624883134e-11  4.7976360017e-21
 6.5700000000e+02  5.2000000000e-01  1.0000000000e+00  1.2295230189e-04  -1.2295233944e-04  -8.6081528310e-16  3.7554669351e-11  5.6941728249e-20
 6.5800000000e+02  5.3000000000e-01  1.0000000000e+00  1.2346124014e-04  -1.2346127763e-04  -8.6352764503e-16  3.7487872068e-11  7.3935175284e-20
 6.5900000000e+02  5.4000000000e-01  1.0000000000e+00  1.2395810594e-04  -1.2395814336e-04  -8.6672520814e-16  3.7424261985e-11  4.2155717391e-20
 6.6000000000e+02  5.5000000000e-01  1.0000000000e+00  1.2444360064e-04  -1.2444363800e-04  -8.7036478302e-16  3.7363634579e-11  1.8772442691e-20
 6.6100000000e+02  5.6000000000e-01  1.0000000000e+00  1.2491835857e-04  -1.2491839587e-04  -8.7440702460e-16  3.7305806311e-11  2.8036150539e-20
 6.6200000000e+02  5.7000000000e-01  1.0000000000e+00  1.2538295647e-04  -1.2538299372e-04  -8.7881896247e-16  3.7250611567e-11  4.4479619798e-20
 6.6300000000e+02  5.8000000000e-01  1.0000000000e+00  1.2583792125e-04  -1.2583795845e-04  -8.8357036570e-16  3.7197900171e-11  8.3321321143e-20
 6.6400000000e+02  5.9000000000e-01  1.0000000000e+00  1.2628373632e-04  -1.2628377347e-04  -8.8863459156e-16  3.7147535340e-11  2.5064684731e-20
 6.6500000000e+02  6.0000000000e-01  1.0000000000e+00  1.2672084686e-04  -1.2672088396e-04  -8.9398763523e-16  3.7099391991e-11  1.7124073058e-20
 6.6600000000e+02  6.1000000000e-01  1.0000000000e+00  1.2714966423e-04  -1.2714970128e-04  -8.9960785640e-16  3.7053355329e-11  2.6584571232e-20
 6.6700000000e+02  6.2000000000e-01  1.0000000000e+00  1.2757056971e-04  -1.2757060672e-04  -9.0547692481e-16  3.7009319654e-11  7.5547102012e-20
 6.6800000000e+02  6.3000000000e-01  1.0000000000e+00  1.2798391767e-04  -1.2798395463e-04  -9.1157606950e-16  3.6967187346e-11  8.0340442744e-20
 6.6900000000e+02  6.4000000000e-01  1.0000000000e+00  1.2839003828e-04  -1.2839007520e-04  -9.1789121942e-16  3.6926868008e-11  2.6305547311e-20
 6.7000000000e+02  6.5000000000e-01  1.0000000000e+00  1.2878923987e-04  -1.2878927675e-04  -9.2440698689e-16  3.6888277717e-11  3.7797907408e-21
 6.7100000000e+02  6.6000000000e-01  1.0000000000e+00  1.2918181098e-04  -1.2918184783e-04  -9.3111064830e-16  3.6851338384e-11  2.8144860227e-20
 6.7200000000e+02  6.7000000000e-01  1.0000000000e+00  1.2956802212e-04  -1.2956805894e-04  -9.3799028486e-16  3.6815977192e-11  1.2183224834e-20
 6.7300000000e+02  6.8000000000e-01  1.0000000000e+00  1.2994812739e-04  -1.2994816417e-04  -9.4503526750e-16  3.6782126112e-11  2.4772730665e-20
 6.7400000000e+02  6.9000000000e-01  1.0000000000e+00  1.3032236580e-04  -1.3032240254e-04  -9.5223504430e-16  3.6749721463e-11  2.5970567132e-20
 6.7500000000e+02  7.0000000000e-01  1.0000000000e+00  1.3069096254e-04  -1.3069099925e-04  -9.5958133225e-16  3.6718703546e-11  3.3994626555e-20
 6.7600000000e+02  7.1000000000e-01  1.0000000000e+00  1.3105413008e-04  -1.3105416677e-04  -9.6706523467e-16  3.6689016292e-11  8.0926612632e-21
 6.7700000000e+02  7.2000000000e-01  1.0000000000e+00  1.3141206916e-04  -1.3141210582e-04  -9.7467888467e-16  3.6660606974e-11  1.5591167989e-20
 6.7800000000e+02  7.3000000000e-01  1.0000000000e+00  1.3176496963e-04  -1.3176500626e-04  -9.8241538834e-16  3.6633425934e-11  8.7780038717e-20
 6.7900000000e+02  7.4000000000e-01  1.0000000000e+00  1.3211301128e-04  -1.3211304789e-04  -9.9026822610e-16  3.6607426342e-11  1.5998047844e-20
 6.8000000000e+02  7.5000000000e-01  1.0000000000e+00  1.3245636457e-04  -1.3245640115e-04  -9.9823122008e-16  3.6582563983e-11  4.1477870128e-20
 6.8100000000e+02  7.6000000000e-01  1.0000000000e+00  1.3279519126e-04  -1.3279522781e-04  -1.0062990487e-15  3.6558797059e-11  2.4423712770e-20
 6.8200000000e+02  7.7000000000e-01  1.0000000000e+00  1.3312964499e-04  -1.3312968153e-04  -1.0144655846e-15  3.6536086015e-11  4.9905434071e-20
 6.8300000000e+02  7.8000000000e-01  1.0000000000e+00  1.3345987187e-04  -1.3345990839e-04  -1.0227265901e-15  3.6514393377e-11  7.2762499307e-20
 6.8400000000e+02  7.9000000000e-01  1.0000000000e+00  1.3378601094e-04  -1.3378604743e-04  -1.0310769774e-15  3.6493683609e-11  6.2995918673e-20
 6.8500000000e+02  8.0000000000e-01  1.0000000000e+00  1.3410819461e-04  -1.3410823109e-04  -1.0395134876e-15  3.6473922981e-11  2.9852955104e-20
 6.8600000000e+02  8.1000000000e-01  1.0000000000e+00  1.3442654914e-04  -1.3442658559e-04  -1.0480309096e-15  3.6455079440e-11  1.9777740151e-20
 6.8700000000e+02  8.2000000000e-01  1.0000000000e+00  1.3474119493e-04  -1.3474123136e-04  -1.0566263568e-15  3.6437122513e-11  2.2933503368e-21
 6.8800000000e+02  8.3000000000e-01  1.0000000000e+00  1.3505224696e-04  -1.3505228338e-04  -1.0652965670e-15  3.6420023192e-11  1.4763995493e-20
 6.8900000000e+02  8.4000000000e-01  1.0000000000e+00  1.3535981506e-04  -1.3535985147e-04  -1.0740373698e-15  3.6403753849e-11  4.3209473119e-21
 6.9000000000e+02  8.5000000000e-01  1.0000000000e+00  1.3566400426e-04  -1.3566404064e-04  -1.0828468545e-15  3.6388288148e-11  1.3008380442e-20
 6.9100000000e+02  8.6000000000e-01  1.0000000000e+00  1.3596491499e-04  -1.3596495136e-04  -1.0917211230e-15  3.6373600963e-11  4.3116760085e-20
 6.9200000000e+02  8.7000000000e-01  1.0000000000e+00  1.3626264344e-04  -1.3626267979e-04  -1.1006579806e-15  3.6359668309e-11  3.5479638535e-20
 6.9300000000e+02  8.8000000000e-01  1.0000000000e+00  1.3655728171e-04  -1.3655731805e-04  -1.1096553377e-15  3.6346467274e-11  1.3882602130e-20
 6.9400000000e+02  8.9000000000e-01  1.0000000000e+00  1.3684891809e-04  -1.3684895443e-04  -1.1187101574e-15  3.6333975952e-11  2.7351591428e-20
 6.9500000000e+02  9.0000000000e-01  1.0000000000e+00  1.3713763726e-04  -1.3713767358e-04  -1.1278205453e-15  3.6322173390e-11  2.1146489090e-20
 6.9600000000e+02  9.1000000000e-01  1.0000000000e+00  1.3742352046e-04  -1.3742355677e-04  -1.1369841709e-15  3.6311039532e-11  4.6667685051e-20
 6.9700000000e+02  9.2000000000e-01  1.0000000000e+00  1.3770664568e-04  -1.3770668198e-04  -1.1461993055e-15  3.6300555169e-11  6.9575173233e-20
 6.9800000000e+02  9.3000000000e-01  1.0000000000e+00  1.3798708785e-04  -1.3798712414e-04  -1.1554637752e-15  3.6290701891e-11  2.7036405783e-20
 6.9900000000e+02  9.4000000000e-01  1.0000000000e+00  1.3826491898e-04  -1.3826495526e-04  -1.1647765128e-15  3.6281462049e-11  1.6007466214e-20
 7.0000000000e+02  9.5000000000e-01  1.0000000000e+00  1.3854020830e-04  -1.3854024457e-04  -1.1741354783e-15  3.6272818707e-11  5.6257016214e-20
 7.0100000000e+02  9.6000000000e-01  1.0000000000e+00  1.3881302242e-04  -1.3881305869e-04  -1.1835386945e-15  3.6264755608e-11  4.5894166735e-20
 7.0200000000e+02  9.7000000000e-01  1.0000000000e+00  1.3908342545e-04  -1.3908346171e-04  -1.1929852733e-15  3.6257257140e-11  2.3076594639e-20
 7.0300000000e+02  9.8000000000e-01  1.0000000000e+00  1.3935147912e-04  -1.3935151537e-04  -1.2024733468e-15  3.6250308300e-11  7.6961607315e-20
 7.0400000000e+02  9.9000000000e-01  1.0000000000e+00  1.3961724288e-04  -1.3961727913e-04  -1.2120021265e-15  3.6243894666e-11  4.6780357539e-20
 7.0500000000e+02  1.0000000000e+00  1.0000000000e+00  1.3988077406e-04  -1.3988081030e-04  -1.2215698404e-15  3.6238002364e-11  7.5554146269e-21
 7.0600000000e+02  1.0100000000e+00  1.0000000000e+00  1.4014212791e-04  -1.4014216414e-04  -1.2311757876e-15  3.6232618045e-11  2.6285185448e-20
 7.0700000000e+02  1.0200000000e+00  1.0000000000e+00  1.4040135773e-04  -1.4040139396e-04  -1.2408182805e-15  3.6227728857e-11  2.9326644692e-20
 7.0800000000e+02  1.0300000000e+00  1.0000000000e+00  1.4065851495e-04  -1.4065855117e-04  -1.2504966954e-15  3.6223322421e-11  6.0558364336e-21
 7.0900000000e+02  1.0400000000e+00  1.0000000000e+00  1.4091364921e-04  -1.4091368543e-04  -1.2602099307e-15  3.6219386810e-11  1.1762153843e-20
 7.1000000000e+02  1.0500000000e+00  1.0000000000e+00  1.4116680847e-04  -1.4116684469e-04  -1.2699564070e-15  3.6215910524e-11  3.9560486782e-20
 7.1100000000e+02  1.0600000000e+00  1.0000000000e+00  1.4141803905e-04  -1.4141807526e-04  -1.2797361106e-15  3.6212882476e-11  4.0068782207e-20
 7.1200000000e+02  1.0700000000e+00  1.0000000000e+00  1.4166738570e-04  -1.4166742191e-04  -1.2895480336e-15  3.6210291968e-11  1.6105882525e-20
 7.1300000000e+02  1.0800000000e+00  1.0000000000e+00  1.4191489170e-04  -1.4191492791e-04  -1.2993911960e-15  3.6208128674e-11  2.8579414938e-22
 7.1400000000e+02  1.0900000000e+00  1.0000000000e+00  1.4216059892e-04  -1.4216063512e-04  -1.3092641335e-15  3.6206382625e-11  5.1476325952e-20
 7.1500000000e+02  1.1000000000e+00  1.0000000000e+00  1.4240454784e-04  -1.4240458404e-04  -1.3191669380e-15  3.6205044192e-11  2.9985155836e-20
 7.1600000000e+02  1.1100000000e+00  1.0000000000e+00  1.4264677764e-04  -1.4264681384e-04  -1.3290987031e-15  3.6204104072e-11  4.3698274472e-20
 7.1700000000e+02  1.1200000000e+00  1.0000000000e+00  1.4288732627e-04  -1.4288736248e-04  -1.3390590547e-15  3.6203553272e-11  2.6860827308e-20
 7.1800000000e+02  1.1300000000e+00  1.0000000000e+00  1.4312623047e-04  -1.4312626667e-04  -1.3490466185e-15  3.6203383097e-11  5.7931909316e-20
 7.1900000000e+02  1.1400000000e+00  1.0000000000e+00  1.4336352583e-04  -1.4336356203e-04  -1.3590615704e-15  3.6203585135e-11  3.9214647203e-20
 7.2000000000e+02  1.1500000000e+00  1.0000000000e+00  1.4359924682e-04  -1.4359928303e-04  -1.3691025740e-15  3.6204151249e-11  5.3523412544e-20
 7.2100000000e+02  1.1600000000e+00  1.0000000000e+00  1.4383342689e-04  -1.4383346310e-04  -1.3791693307e-15  3.6205073562e-11  5.8110018712e-22
 7.2200000000e+02  1.1700000000e+00  1.0000000000e+00  1.4406609845e-04  -1.4406613465e-04  -1.3892615582e-15  3.6206344449e-11  8.3382651515e-20
 7.2300000000e+02  1.1800000000e+00  1.0000000000e+00  1.4429729292e-04  -1.4429732913e-04  -1.3993784795e-15  3.6207956522e-11  2.2783513751e-20
 7.2400000000e+02  1.1900000000e+00  1.0000000000e+00  1.4452704082e-04  -1.4452707703e-04  -1.4095198427e-15  3.6209902627e-11  7.9072428595e-21
 7.2500000000e+02  1.2000000000e+00  1.0000000000e+00  1.4475537174e-04  -1.4475540795e-04  -1.4196848993e-15  3.6212175829e-11  4.3524278925e-20
 7.2600000000e+02  0.0000000000e+00  1.2000000000e+00  -8.0453187600e-11  -8.0453187600e-11  -3.5433174558e-06  3.5434783622e-06  8.4703294725e-22
 7.2700000000e+02  1.0000000000e-02  1.2000000000e+00  3.7472701909e-06  -3.7474284246e-06  -2.5566128227e-06  2.5567710564e-06  0.0000000000e+00
 7.2800000000e+02  2.0000000000e-02  1.2000000000e+00  7.4951015220e-06  -7.4952571169e-06  -1.8450508499e-06  1.8452064448e-06  6.3527471044e-22
 7.2900000000e+02  3.0000000000e-02  1.2000000000e+00  1.1243199441e-05  -1.1243352430e-05  -1.3318097999e-06  1.3319627895e-06  2.5410988418e-21
 7.3000000000e+02  4.0000000000e-02  1.2000000000e+00  1.4991319180e-05  -1.4991469598e-05  -9.6154468299e-07  9.6169510047e-07  7.8350547621e-21
 7.3100000000e+02  5.0000000000e-02  1.2000000000e+00  1.8739182784e-05  -1.8739330662e-05  -6.9437492173e-07  6.9452280004e-07  4.5528020915e-21
 7.3200000000e+02  6.0000000000e-02  1.2000000000e+00  2.2486476207e-05  -2.2486621579e-05  -5.0155764902e-07  5.0170302084e-07  2.1175823681e-21
 7.3300000000e+02  7.0000000000e-02  1.2000000000e+00  2.6232845977e-05  -2.6232988875e-05  -3.6237326795e-07  3.6251616572e-07  3.4940109074e-21
 7.3400000000e+02  8.0000000000e-02  1.2000000000e+00  2.9977895328e-05  -2.9978035784e-05  -2.6188308655e-07  2.6202354249e-07  3.3881317890e-21
 7.3500000000e+02  9.0000000000e-02  1.2000000000e+00  3.3721179710e-05  -3.3721317757e-05  -1.8931447001e-07  1.8945251615e-07  1.5881867761e-22
 7.3600000000e+02  1.0000000000e-01  1.2000000000e+00  3.7462201579e-05  -3.7462337247e-05  -1.3689765299e-07  1.3703332117e-07  1.4823076577e-21
 7.3700000000e+02  1.1000000000e-01  1.2000000000e+00  4.1200404295e-05  -4.1200537617e-05  -9.9027713574e-08  9.9161035522e-08  7.7027058641e-21
 7.3800000000e+02  1.2000000000e-01  1.2000000000e+00  4.4935165001e-05  -4.4935296009e-05  -7.1660694396e-08  7.1791701715e-08  2.5543337316e-21
 7.3900000000e+02  1.3000000000e-01  1.2000000000e+00  4.8665786252e-05  -4.8665914977e-05  -5.1878367702e-08  5.2007091917e-08  6.4784785575e-21
 7.4000000000e+02  1.4000000000e-01  1.2000000000e+00  5.2391486164e-05  -5.2391612637e-05  -3.7574491193e-08  3.7700963790e-08  2.6205081806e-21
 7.4100000000e+02  1.5000000000e-01  1.2000000000e+00  5.6111386786e-05  -5.6111511039e-05  -2.7228602794e-08  2.7352855261e-08  8.7614970482e-21
 7.4200000000e+02  1.6000000000e-01  1.2000000000e+00  5.9824500329e-05  -5.9824622393e-05  -1.9742902309e-08  1.9864966184e-08  1.1693025139e-20
 7.4300000000e+02  1.7000000000e-01  1.2000000000e+00  6.3529712806e-05  -6.3529832713e-05  -1.4324606204e-08  1.4444513132e-08  1.4773445740e-21
 7.4400000000e+02  1.8000000000e-01  1.2000000000e+00  6.7225764206e-05  -6.7225881988e-05  -1.0401085577e-08  1.0518867375e-08  1.2204222758e-20
 7.4500000000e+02  1.9000000000e-01  1.2000000000e+00  7.0911226455e-05  -7.0911342143e-05  -7.5586407547e-09  7.6743294839e-09  2.3161057151e-22
 7.4600000000e+02  2.0000000000e-01  1.2000000000e+00  7.4584473857e-05  -7.4584587485e-05  -5.4983248717e-09  5.6119529275e-09  3.0175548746e-21
 7.4700000000e+02  2.1000000000e-01  1.2000000000e+00  7.8243650667e-05  -7.8243762267e-05  -4.0040606027e-09  4.1156608181e-09  1.9521462456e-22
 7.4800000000e+02  2.2000000000e-01  1.2000000000e+00  8.1886630617e-05  -8.1886740223e-05  -2.9196276507e-09  3.0292334184e-09  3.1259155348e-21
 7.4900000000e+02  2.3000000000e-01  1.2000000000e+00  8.5510968491e-05  -8.5511076136e-05  -2.1320493474e-09  2.2396947657e-09  1.4328836161e-20
 7.5000000000e+02  2.4000000000e-01  1.2000000000e+00  8.9113841845e-05  -8.9113947565e-05  -1.5595971475e-09  1.6653171935e-09  3.5670095965e-21
 7.5100000000e+02  2.5000000000e-01  1.2000000000e+00  9.2691981000e-05  -9.2692084831e-05  -1.1431278016e-09  1.2469585382e-09  9.9693875376e-21
 7.5200000000e+02  2.6000000000e-01  1.2000000000e+00  9.6241585284e-05  -9.6241687263e-05  -8.3982617985e-10  9.4180500323e-10  1.1864458321e-20
 7.5300000000e+02  2.7000000000e-01  1.2000000000e+00  9.9758223596e-05  -9.9758323762e-05  -6.1868482762e-10  7.1885076253e-10  1.2838877083e-20
 7.5400000000e+02  2.8000000000e-01  1.2000000000e+00  1.0323671786e-04  -1.0323681625e-04  -4.5723749754e-10  5.5563154883e-10  1.8650131079e-20
 7.5500000000e+02  2.9000000000e-01  1.2000000000e+00  1.0667100926e-04  -1.0667110593e-04  -3.3919829483e-10  4.3586386298e-10  4.6685453387e-20
 7.5600000000e+02  3.0000000000e-01  1.2000000000e+00  1.1005400993e-04  -1.1005410491e-04  -2.5275493814e-10  3.4773830524e-10  6.8416625452e-21
 7.5700000000e+02  3.1000000000e-01  1.2000000000e+00  1.1337744790e-04  -1.1337754125e-04  -1.8933456169e-10  2.8268544937e-10  1.8291832626e-20
 7.5800000000e+02  3.2000000000e-01  1.2000000000e+00  1.1663172200e-04  -1.1663181377e-04  -1.4271096775e-10  2.3448315972e-10  2.1394070116e-20
 7.5900000000e+02  3.3000000000e-01  1.2000000000e+00  1.1980579745e-04  -1.1980588770e-04  -1.0835863345e-10  1.9861063855e-10  2.3092427010e-21
 7.6000000000e+02  3.4000000000e-01  1.2000000000e+00  1.2288719292e-04  -1.2288728172e-04  -8.2985090492e-11  1.7178079579e-10  1.4712699664e-21
 7.6100000000e+02  3.5000000000e-01  1.2000000000e+00  1.2586213447e-04  -1.2586222188e-04  -6.4192266503e-11  1.5160149126e-10  6.5361317537e-20
 7.6200000000e+02  3.6000000000e-01  1.2000000000e+00  1.2871597249e-04  -1.2871605859e-04  -5.0231108348e-11  1.3632992223e-10  1.2143172951e-20
 7.6300000000e+02  3.7000000000e-01  1.2000000000e+00  1.3143395775e-04  -1.3143404262e-04  -3.9823733687e-11  1.2469435792e-10  3.6908708459e-20
 7.6400000000e+02  3.8000000000e-01  1.2000000000e+00  1.3400242173e-04  -1.3400250546e-04  -3.2034521691e-11  1.1576461678e-10  8.1805254525e-21
 7.6500000000e+02  3.9000000000e-01  1.2000000000e+00  1.3641028125e-04  -1.3641036393e-04  -2.6176772966e-11  1.0885796886e-10  5.5872011410e-21
 7.6600000000e+02  4.0000000000e-01  1.2000000000e+00  1.3865059994e-04  -1.3865068166e-04  -2.1745244477e-11  1.0347091595e-10  2.9918431285e-20
 7.6700000000e+02  4.1000000000e-01  1.2000000000e+00  1.4072177831e-04  -1.4072185918e-04  -1.8367517138e-11  9.9230028275e-11  3.2833509467e-20
 7.6800000000e+02  4.2000000000e-01  1.2000000000e+00  1.4262794682e-04  -1.4262802691e-04  -1.5768942859e-11  9.5856790520e-11  1.5886543270e-20
 7.6900000000e+02  4.3000000000e-01  1.2000000000e+00  1.4437837650e-04  -1.4437845590e-04  -1.3747244731e-11  9.3142601830e-11  2.3920189234e-21
 7.7000000000e+02  4.4000000000e-01  1.2000000000e+00  1.4598609145e-04  -1.4598617023e-04  -1.2153880919e-11  9.0930920883e-11  5.9583381795e-20
 7.7100000000e+02  4.5000000000e-01  1.2000000000e+00  1.4746613675e-04  -1.4746621497e-04  -1.0880149648e-11  8.9104287299e-11  4.6551920264e-20
 7.7200000000e+02  4.6000000000e-01  1.2000000000e+00  1.4883397561e-04  -1.4883405333e-04  -9.8467168868e-12  8.7574660584e-11  9.5689082056e-20
 7.7300000000e+02  4.7000000000e-01  1.2000000000e+00  1.5010430845e-04  -1.5010438573e-04  -8.9957189905e-12  8.6276091892e-11  9.3440599972e-21
 7.7400000000e+02  4.8000000000e-01  1.2000000000e+00  1.5129038304e-04  -1.5129045991e-04  -8.2848599236e-12  8.5159128144e-11  7.0018780595e-20
 7.7500000000e+02  4.9000000000e-01  1.2000000000e+00  1.5240371440e-04  -1.5240379090e-04  -7.6830653876e-12  8.4186563836e-11  6.1104358531e-20
 7.7600000000e+02  5.0000000000e-01  1.2000000000e+00  1.5345408029e-04  -1.5345415646e-04  -7.1673264878e-12  8.3330248007e-11  3.6860150372e-20
 7.7700000000e+02  5.1000000000e-01  1.2000000000e+00  1.5444966973e-04  -1.5444974558e-04  -6.7204232545e-12  8.2568700877e-11  4.0188892371e-20
 7.7800000000e+02  5.2000000000e-01  1.2000000000e+00  1.5539729001e-04  -1.5539736556e-04  -6.3293723631e-12  8.1885434791e-11  1.8043642092e-20
 7.7900000000e+02  5.3000000000e-01  1.2000000000e+00  1.5630259550e-04  -1.5630267078e-04  -5.9841894156e-12  8.1267580877e-11  6.9783441248e-20
 7.8000000000e+02  5.4000000000e-01  1.2000000000e+00  1.5717028738e-04  -1.5717036241e-04  -5.6771459962e-12  8.0705034756e-11  6.2492802999e-20
 7.8100000000e+02  5.5000000000e-01  1.2000000000e+00  1.5800429237e-04  -1.5800436716e-04  -5.4021712770e-12  8.0189758699e-11  3.4513747552e-21
 7.8200000000e+02  5.6000000000e-01  1.2000000000e+00  1.5880791012e-04  -1.5880798468e-04  -5.1544376811e-12  7.9715286842e-11  6.0624499264e-20
 7.8300000000e+02  5.7000000000e-01  1.2000000000e+00  1.5958393301e-04  -1.5958400735e-04  -4.9300596974e-12  7.9276359339e-11  4.4431219812e-20
 7.8400000000e+02  5.8000000000e-01  1.2000000000e+00  1.6033474230e-04  -1.6033481645e-04  -4.7258747879e-12  7.8868651860e-11  8.4671571864e-20
 7.8500000000e+02  5.9000000000e-01  1.2000000000e+00  1.6106238474e-04  -1.6106245869e-04  -4.5392814011e-12  7.8488572937e-11  4.8354971243e-20
 7.8600000000e+02  6.0000000000e-01  1.2000000000e+00  1.6176863337e-04  -1.6176870714e-04  -4.3681186783e-12  7.8133111565e-11  6.1718473896e-21
 7.8700000000e+02  6.1000000000e-01  1.2000000000e+00  1.6245503599e-04  -1.6245510958e-04  -4.2105751175e-12  7.7799720483e-11  4.5467125397e-20
 7.8800000000e+02  6.2000000000e-01  1.2000000000e+00  1.6312295367e-04  -1.6312302709e-04  -4.0651192937e-12  7.7486226763e-11  5.9258046975e-20
 7.8900000000e+02  6.3000000000e-01  1.2000000000e+00  1.6377359159e-04  -1.6377366485e-04  -3.9304468671e-12  7.7190762794e-11  9.0159625231e-21
 7.9000000000e+02  6.4000000000e-01  1.2000000000e+00  1.6440802384e-04  -1.6440809695e-04  -3.8054387140e-12  7.6911711585e-11  7.2209085386e-20
 7.9100000000e+02  6.5000000000e-01  1.2000000000e+00  1.6502721349e-04  -1.6502728645e-04  -3.6891283985e-12  7.6647663906e-11  2.7098242997e-23
 7.9200000000e+02  6.6000000000e-01  1.2000000000e+00  1.6563202882e-04  -1.6563210164e-04  -3.5806767495e-12  7.6397384503e-11  4.1962420110e-20
 7.9300000000e+02  6.7000000000e-01  1.2000000000e+00  1.6622325670e-04  -1.6622332938e-04  -3.4793506374e-12  7.6159784054e-11  2.1947298042e-20
 7.9400000000e+02  6.8000000000e-01  1.2000000000e+00  1.6680161357e-04  -1.6680168611e-04  -3.3845065511e-12  7.5933897148e-11  8.3955592922e-20
 7.9500000000e+02  6.9000000000e-01  1.2000000000e+00  1.6736775451e-04  -1.6736782693e-04  -3.2955770505e-12  7.5718864119e-11  5.2945477099e-20
 7.9600000000e+02  7.0000000000e-01  1.2000000000e+00  1.6792228091e-04  -1.6792235321e-04  -3.2120595814e-12  7.5513916014e-11  7.2151833825e-20
 7.9700000000e+02  7.1000000000e-01  1.2000000000e+00  1.6846574680e-04  -1.6846581898e-04  -3.1335072465e-12  7.5318362155e-11  2.6954329726e-20
 7.9800000000e+02  7.2000000000e-01  1.2000000000e+00  1.6899866427e-04  -1.6899873634e-04  -3.0595212169e-12  7.5131579839e-11  6.7147366885e-20
 7.9900000000e+02  7.3000000000e-01  1.2000000000e+00  1.6952150806e-04  -1.6952158003e-04  -2.9897444321e-12  7.4953005746e-11  3.5980288695e-20
 8.0000000000e+02  7.4000000000e-01  1.2000000000e+00  1.7003471952e-04  -1.7003479138e-04  -2.9238562035e-12  7.4782128591e-11  9.8238320226e-21
 8.0100000000e+02  7.5000000000e-01  1.2000000000e+00  1.7053870993e-04  -1.7053878169e-04  -2.8615673888e-12  7.4618482625e-11  6.1101250141e-20
 8.0200000000e+02  7.6000000000e-01  1.2000000000e+00  1.7103386351e-04  -1.7103393517e-04  -2.8026167879e-12  7.4461642582e-11  7.5782540772e-20
 8.0300000000e+02  7.7000000000e-01  1.2000000000e+00  1.7152053990e-04  -1.7152061147e-04  -2.7467679721e-12  7.4311219269e-11  8.2458533338e-21
 8.0400000000e+02  7.8000000000e-01  1.2000000000e+00  1.7199907645e-04  -1.7199914792e-04  -2.6938061155e-12  7.4166855301e-11  2.7035309416e-20
 8.0500000000e+02  7.9000000000e-01  1.2000000000e+00  1.7246979012e-04  -1.7246986151e-04  -2.6435356146e-12  7.4028221777e-11  3.1432943249e-20
 8.0600000000e+02  8.0000000000e-01  1.2000000000e+00  1.7293297928e-04  -1.7293305058e-04  -2.5957782377e-12  7.3895015587e-11  5.2023633178e-20
 8.0700000000e+02  8.1000000000e-01  1.2000000000e+00  1.7338892519e-04  -1.7338899640e-04  -2.5503707707e-12  7.3766956328e-11  5.8339495216e-20
 8.0800000000e+02  8.2000000000e-01  1.2000000000e+00  1.7383789337e-04  -1.7383796451e-04  -2.5071641148e-12  7.3643784742e-11  8.2528463219e-20
 8.0900000000e+02  8.3000000000e-01  1.2000000000e+00  1.7428013488e-04  -1.7428020594e-04  -2.4660211101e-12  7.3525259965e-11  4.2215921888e-20
 8.1000000000e+02  8.4000000000e-01  1.2000000000e+00  1.7471588734e-04  -1.7471595832e-04  -2.4268159237e-12  7.3411158392e-11  6.7929752113e-20
 8.1100000000e+02  8.5000000000e-01  1.2000000000e+00  1.7514537596e-04  -1.7514544687e-04  -2.3894325798e-12  7.3301271748e-11  3.0897433063e-20
 8.1200000000e+02  8.6000000000e-01  1.2000000000e+00  1.7556881441e-04  -1.7556888526e-04  -2.3537641224e-12  7.3195405829e-11  9.0482051994e-20
 8.1300000000e+02  8.7000000000e-01  1.2000000000e+00  1.7598640567e-04  -1.7598647644e-04  -2.3197118602e-12  7.3093379376e-11  1.7739453692e-20
 8.1400000000e+02  8.8000000000e-01  1.2000000000e+00  1.7639834269e-04  -1.7639841340e-04  -2.2871843488e-12  7.2995022714e-11  3.6790245533e-20
 8.1500000000e+02  8.9000000000e-01  1.2000000000e+00  1.7680480913e-04  -1.7680487978e-04  -2.2560970339e-12  7.2900177087e-11  5.0344024769e-20
 8.1600000000e+02  9.0000000000e-01  1.2000000000e+00  1.7720597992e-04  -1.7720605050e-04  -2.2263714434e-12  7.2808693577e-11  2.9014809571e-20
 8.1700000000e+02  9.1000000000e-01  1.2000000000e+00  1.7760202183e-04  -1.7760209235e-04  -2.1979345216e-12  7.2720432176e-11  4.4707583763e-20
 8.1800000000e+02  9.2000000000e-01  1.2000000000e+00  1.7799309400e-04  -1.7799316446e-04  -2.1707186649e-12  7.2635261593e-11  7.2029488643e-20
 8.1900000000e+02  9.3000000000e-01  1.2000000000e+00  1.7837934839e-04  -1.7837941880e-04  -2.1446606432e-12  7.2553057963e-11  8.1366164195e-20
 8.2000000000e+02  9.4000000000e-01  1.2000000000e+00  1.7876093021e-04  -1.7876100056e-04  -2.1197016274e-12  7.2473704678e-11  4.5290966219e-20
 8.2100000000e+02  9.5000000000e-01  1.2000000000e+00  1.7913797834e-04  -1.7913804864e-04  -2.0957867515e-12  7.2397091772e-11  1.3898837952e-20
 8.2200000000e+02  9.6000000000e-01  1.2000000000e+00  1.7951062568e-04  -1.7951069593e-04  -2.0728647055e-12  7.2323115347e-11  3.7842522669e-20
 8.2300000000e+02  9.7000000000e-01  1.2000000000e+00  1.7987899949e-04  -1.7987906969e-04  -2.0508875138e-12  7.2251677202e-11  8.4598491588e-21
 8.2400000000e+02  9.8000000000e-01  1.2000000000e+00  1.8024322172e-04  -1.8024329188e-04  -2.0298103325e-12  7.2182684489e-11  5.9562098454e-20
 8.2500000000e+02  9.9000000000e-01  1.2000000000e+00  1.8060340931e-04  -1.8060347942e-04  -2.0095910304e-12  7.2116049162e-11  3.1184611754e-20
 8.2600000000e+02  1.0000000000e+00  1.2000000000e+00  1.8095967444e-04  -1.8095974450e-04  -1.9901902584e-12  7.2051687932e-11  2.7105574531e-20
 8.2700000000e+02  1.0100000000e+00  1.2000000000e+00  1.8131212479e-04  -1.8131219481e-04  -1.9715709073e-12  7.1989521606e-11  2.1827883130e-20
 8.2800000000e+02  1.0200000000e+00  1.2000000000e+00  1.8166086379e-04  -1.8166093376e-04  -1.9536981287e-12  7.1929475010e-11  8.0930749326e-20
 8.2900000000e+02  1.0300000000e+00  1.2000000000e+00  1.8200599083e-04  -1.8200606077e-04  -1.9365393614e-12  7.1871476919e-11  5.7568888426e-20
 8.3000000000e+02  1.0400000000e+00  1.2000000000e+00  1.8234760149e-04  -1.8234767138e-04  -1.9200636789e-12  7.1815459311e-11  3.5593893163e-20
 8.3100000000e+02  1.0500000000e+00  1.2000000000e+00  1.8268578769e-04  -1.8268585754e-04  -1.9042421462e-12  7.1761357643e-11  1.0653811640e-20
 8.3200000000e+02  1.0600000000e+00  1.2000000000e+00  1.8302063790e-04  -1.8302070772e-04  -1.8890473417e-12  7.1709110296e-11  2.5704557967e-20
 8.3300000000e+02  1.0700000000e+00  1.2000000000e+00  1.8335223734e-04  -1.8335230712e-04  -1.8744536485e-12  7.1658658789e-11  3.3534114079e-20
 8.3400000000e+02  1.0800000000e+00  1.2000000000e+00  1.8368066805e-04  -1.8368073780e-04  -1.8604365697e-12  7.1609947032e-11  6.8671545715e-20
 8.3500000000e+02  1.0900000000e+00  1.2000000000e+00  1.8400600915e-04  -1.8400607887e-04  -1.8469731826e-12  7.1562921711e-11  1.9935435253e-20
 8.3600000000e+02  1.1000000000e+00  1.2000000000e+00  1.8432833690e-04  -1.8432840658e-04  -1.8340417693e-12  7.1517531863e-11  3.9277269865e-21
 8.3700000000e+02  1.1100000000e+00  1.2000000000e+00  1.8464772485e-04  -1.8464779450e-04  -1.8216217550e-12  7.1473728755e-11  1.3630207817e-21
 8.3800000000e+02  1.1200000000e+00  1.2000000000e+00  1.8496424400e-04  -1.8496431362e-04  -1.8096935769e-12  7.1431465701e-11  4.5539270046e-20
 8.3900000000e+02  1.1300000000e+00  1.2000000000e+00  1.8527796288e-04  -1.8527803247e-04  -1.7982389267e-12  7.1390698258e-11  4.0024318568e-20
 8.4000000000e+02  1.1400000000e+00  1.2000000000e+00  1.8558894767e-04  -1.8558901724e-04  -1.7872403311e-12  7.1351383753e-11  2.2380713622e-20
 8.4100000000e+02  1.1500000000e+00  1.2000000000e+00  1.8589726231e-04  -1.8589733185e-04  -1.7766811820e-12  7.1313481278e-11  1.1243261130e-19
 8.4200000000e+02  1.1600000000e+00  1.2000000000e+00  1.8620296861e-04  -1.8620303812e-04  -1.7665457674e-12  7.1276951672e-11  1.1856247099e-19
 8.4300000000e+02  1.1700000000e+00  1.2000000000e+00  1.8650612630e-04  -1.8650619578e-04  -1.7568191595e-12  7.1241757376e-11  1.3733192611e-20
 8.4400000000e+02  1.1800000000e+00  1.2000000000e+00  1.8680679318e-04  -1.8680686264e-04  -1.7474871789e-12  7.1207862355e-11  4.7080981227e-20
 8.4500000000e+02  1.1900000000e+00  1.2000000000e+00  1.8710502516e-04  -1.8710509459e-04  -1.7385363608e-12  7.1175232033e-11  3.2670495716e-20
 8.4600000000e+02  1.2000000000e+00  1.2000000000e+00  1.8740087635e-04  -1.8740094576e-04  -1.7299539245e-12  7.1143833231e-11  1.2911586178e-20
