time v(gate_qs) v(drain_qs) id_qs
0.000000e+00 0.000000e+00 0.000000e+00 1.200000e+00 -1.235000e-12
1.000000e-10 1.000000e-10 6.000000e-03 1.200000e+00 6.861974e-07
2.000000e-10 2.000000e-10 1.200000e-02 1.200000e+00 6.861974e-07
3.000000e-10 3.000000e-10 1.800000e-02 1.200000e+00 6.861974e-07
4.000000e-10 4.000000e-10 2.400000e-02 1.200000e+00 6.861974e-07
5.000000e-10 5.000000e-10 3.000000e-02 1.200000e+00 6.861974e-07
6.000000e-10 6.000000e-10 3.600000e-02 1.200000e+00 6.861973e-07
7.000000e-10 7.000000e-10 4.200000e-02 1.200000e+00 6.861973e-07
8.000000e-10 8.000000e-10 4.800000e-02 1.200000e+00 6.861973e-07
9.000000e-10 9.000000e-10 5.400000e-02 1.200000e+00 6.861972e-07
1.000000e-09 1.000000e-09 6.000000e-02 1.200000e+00 6.861972e-07
1.100000e-09 1.100000e-09 6.600000e-02 1.200000e+00 6.861971e-07
1.200000e-09 1.200000e-09 7.200000e-02 1.200000e+00 6.861970e-07
1.300000e-09 1.300000e-09 7.800000e-02 1.200000e+00 6.861968e-07
1.400000e-09 1.400000e-09 8.400000e-02 1.200000e+00 6.861967e-07
1.500000e-09 1.500000e-09 9.000000e-02 1.200000e+00 6.861965e-07
1.600000e-09 1.600000e-09 9.600000e-02 1.200000e+00 6.861964e-07
1.700000e-09 1.700000e-09 1.020000e-01 1.200000e+00 6.861963e-07
1.800000e-09 1.800000e-09 1.080000e-01 1.200000e+00 6.861961e-07
1.900000e-09 1.900000e-09 1.140000e-01 1.200000e+00 6.861960e-07
2.000000e-09 2.000000e-09 1.200000e-01 1.200000e+00 6.861943e-07
2.100000e-09 2.100000e-09 1.260000e-01 1.200000e+00 6.861921e-07
2.200000e-09 2.200000e-09 1.320000e-01 1.200000e+00 6.861900e-07
2.300000e-09 2.300000e-09 1.380000e-01 1.200000e+00 6.861878e-07
2.400000e-09 2.400000e-09 1.440000e-01 1.200000e+00 6.861856e-07
2.500000e-09 2.500000e-09 1.500000e-01 1.200000e+00 6.861834e-07
2.600000e-09 2.600000e-09 1.560000e-01 1.200000e+00 6.861812e-07
2.700000e-09 2.700000e-09 1.620000e-01 1.200000e+00 6.861791e-07
2.800000e-09 2.800000e-09 1.680000e-01 1.200000e+00 6.861769e-07
2.900000e-09 2.900000e-09 1.740000e-01 1.200000e+00 6.861747e-07
3.000000e-09 3.000000e-09 1.800000e-01 1.200000e+00 6.861725e-07
3.100000e-09 3.100000e-09 1.860000e-01 1.200000e+00 6.861704e-07
3.200000e-09 3.200000e-09 1.920000e-01 1.200000e+00 6.861682e-07
3.300000e-09 3.300000e-09 1.980000e-01 1.200000e+00 6.861660e-07
3.400000e-09 3.400000e-09 2.040000e-01 1.200000e+00 6.861638e-07
3.500000e-09 3.500000e-09 2.100000e-01 1.200000e+00 6.861617e-07
3.600000e-09 3.600000e-09 2.160000e-01 1.200000e+00 6.856120e-07
3.700000e-09 3.700000e-09 2.220000e-01 1.200000e+00 6.848327e-07
3.800000e-09 3.800000e-09 2.280000e-01 1.200000e+00 6.840534e-07
3.900000e-09 3.900000e-09 2.340000e-01 1.200000e+00 6.832742e-07
4.000000e-09 4.000000e-09 2.400000e-01 1.200000e+00 6.824949e-07
4.100000e-09 4.100000e-09 2.460000e-01 1.200000e+00 6.817156e-07
4.200000e-09 4.200000e-09 2.520000e-01 1.200000e+00 6.809363e-07
4.300000e-09 4.300000e-09 2.580000e-01 1.200000e+00 6.801570e-07
4.400000e-09 4.400000e-09 2.640000e-01 1.200000e+00 6.793778e-07
4.500000e-09 4.500000e-09 2.700000e-01 1.200000e+00 6.785985e-07
4.600000e-09 4.600000e-09 2.760000e-01 1.200000e+00 6.778192e-07
4.700000e-09 4.700000e-09 2.820000e-01 1.200000e+00 6.770399e-07
4.800000e-09 4.800000e-09 2.880000e-01 1.200000e+00 6.762606e-07
4.900000e-09 4.900000e-09 2.940000e-01 1.200000e+00 6.754813e-07
5.000000e-09 5.000000e-09 3.000000e-01 1.200000e+00 6.747021e-07
5.100000e-09 5.100000e-09 3.060000e-01 1.200000e+00 6.739228e-07
5.200000e-09 5.200000e-09 3.120000e-01 1.200000e+00 6.731435e-07
5.300000e-09 5.300000e-09 3.180000e-01 1.200000e+00 6.723642e-07
5.400000e-09 5.400000e-09 3.240000e-01 1.200000e+00 6.715849e-07
5.500000e-09 5.500000e-09 3.300000e-01 1.200000e+00 6.708057e-07
5.600000e-09 5.600000e-09 3.360000e-01 1.200000e+00 6.700264e-07
5.700000e-09 5.700000e-09 3.420000e-01 1.200000e+00 6.692471e-07
5.800000e-09 5.800000e-09 3.480000e-01 1.200000e+00 6.684678e-07
5.900000e-09 5.900000e-09 3.540000e-01 1.200000e+00 6.676885e-07
6.000000e-09 6.000000e-09 3.600000e-01 1.200000e+00 6.669093e-07
6.100000e-09 6.100000e-09 3.660000e-01 1.200000e+00 6.661300e-07
6.200000e-09 6.200000e-09 3.720000e-01 1.200000e+00 6.653507e-07
6.300000e-09 6.300000e-09 3.780000e-01 1.200000e+00 6.645714e-07
6.400000e-09 6.400000e-09 3.840000e-01 1.200000e+00 6.637921e-07
6.500000e-09 6.500000e-09 3.900000e-01 1.200000e+00 6.630129e-07
6.600000e-09 6.600000e-09 3.960000e-01 1.200000e+00 6.622336e-07
6.700000e-09 6.700000e-09 4.020000e-01 1.200000e+00 6.614543e-07
6.800000e-09 6.800000e-09 4.080000e-01 1.200000e+00 6.606750e-07
6.900000e-09 6.900000e-09 4.140000e-01 1.200000e+00 6.598957e-07
7.000000e-09 7.000000e-09 4.200000e-01 1.200000e+00 6.446536e-07
7.100000e-09 7.100000e-09 4.260000e-01 1.200000e+00 6.277379e-07
7.200000e-09 7.200000e-09 4.320000e-01 1.200000e+00 6.108221e-07
7.300000e-09 7.300000e-09 4.380000e-01 1.200000e+00 5.939064e-07
7.400000e-09 7.400000e-09 4.440000e-01 1.200000e+00 5.769907e-07
7.500000e-09 7.500000e-09 4.500000e-01 1.200000e+00 5.600750e-07
7.600000e-09 7.600000e-09 4.560000e-01 1.200000e+00 5.431593e-07
7.700000e-09 7.700000e-09 4.620000e-01 1.200000e+00 5.262436e-07
7.800000e-09 7.800000e-09 4.680000e-01 1.200000e+00 5.093279e-07
7.900000e-09 7.900000e-09 4.740000e-01 1.200000e+00 4.924122e-07
8.000000e-09 8.000000e-09 4.800000e-01 1.200000e+00 4.754964e-07
8.100000e-09 8.100000e-09 4.860000e-01 1.200000e+00 4.585807e-07
8.200000e-09 8.200000e-09 4.920000e-01 1.200000e+00 3.980449e-07
8.300000e-09 8.300000e-09 4.980000e-01 1.200000e+00 1.451174e-07
8.400000e-09 8.400000e-09 5.040000e-01 1.200000e+00 -1.078101e-07
8.500000e-09 8.500000e-09 5.100000e-01 1.200000e+00 -3.607375e-07
8.600000e-09 8.600000e-09 5.160000e-01 1.200000e+00 -6.136650e-07
8.700000e-09 8.700000e-09 5.220000e-01 1.200000e+00 -8.665925e-07
8.800000e-09 8.800000e-09 5.280000e-01 1.200000e+00 -1.119500e-06
8.900000e-09 8.900000e-09 5.340000e-01 1.200000e+00 -1.372400e-06
9.000000e-09 9.000000e-09 5.400000e-01 1.200000e+00 -1.625400e-06
9.100000e-09 9.100000e-09 5.460000e-01 1.200000e+00 -1.878300e-06
9.200000e-09 9.200000e-09 5.520000e-01 1.200000e+00 -2.131200e-06
9.300000e-09 9.300000e-09 5.580000e-01 1.200000e+00 -2.384200e-06
9.400000e-09 9.400000e-09 5.640000e-01 1.200000e+00 -2.637100e-06
9.500000e-09 9.500000e-09 5.700000e-01 1.200000e+00 -2.890000e-06
9.600000e-09 9.600000e-09 5.760000e-01 1.200000e+00 -3.142900e-06
9.700000e-09 9.700000e-09 5.820000e-01 1.200000e+00 -3.395900e-06
9.800000e-09 9.800000e-09 5.880000e-01 1.200000e+00 -3.648800e-06
9.900000e-09 9.900000e-09 5.940000e-01 1.200000e+00 -3.901700e-06
1.000000e-08 1.000000e-08 6.000000e-01 1.200000e+00 -4.154600e-06
1.010000e-08 1.010000e-08 6.060000e-01 1.200000e+00 -4.407600e-06
1.020000e-08 1.020000e-08 6.120000e-01 1.200000e+00 -4.660500e-06
1.030000e-08 1.030000e-08 6.180000e-01 1.200000e+00 -4.913400e-06
1.040000e-08 1.040000e-08 6.240000e-01 1.200000e+00 -5.837000e-06
1.050000e-08 1.050000e-08 6.300000e-01 1.200000e+00 -6.856500e-06
1.060000e-08 1.060000e-08 6.360000e-01 1.200000e+00 -7.876000e-06
1.070000e-08 1.070000e-08 6.420000e-01 1.200000e+00 -8.895600e-06
1.080000e-08 1.080000e-08 6.480000e-01 1.200000e+00 -9.915100e-06
1.090000e-08 1.090000e-08 6.540000e-01 1.200000e+00 -1.093460e-05
1.100000e-08 1.100000e-08 6.600000e-01 1.200000e+00 -1.195410e-05
1.110000e-08 1.110000e-08 6.660000e-01 1.200000e+00 -1.297370e-05
1.120000e-08 1.120000e-08 6.720000e-01 1.200000e+00 -1.467910e-05
1.130000e-08 1.130000e-08 6.780000e-01 1.200000e+00 -1.662350e-05
1.140000e-08 1.140000e-08 6.840000e-01 1.200000e+00 -1.856780e-05
1.150000e-08 1.150000e-08 6.900000e-01 1.200000e+00 -2.051210e-05
1.160000e-08 1.160000e-08 6.960000e-01 1.200000e+00 -2.249310e-05
1.170000e-08 1.170000e-08 7.020000e-01 1.200000e+00 -2.471130e-05
1.180000e-08 1.180000e-08 7.080000e-01 1.200000e+00 -2.692940e-05
1.190000e-08 1.190000e-08 7.140000e-01 1.200000e+00 -2.914760e-05
1.200000e-08 1.200000e-08 7.200000e-01 1.200000e+00 -3.181230e-05
1.210000e-08 1.210000e-08 7.260000e-01 1.200000e+00 -3.480240e-05
1.220000e-08 1.220000e-08 7.320000e-01 1.200000e+00 -3.774510e-05
1.230000e-08 1.230000e-08 7.380000e-01 1.200000e+00 -4.050920e-05
1.240000e-08 1.240000e-08 7.440000e-01 1.200000e+00 -4.357340e-05
1.250000e-08 1.250000e-08 7.500000e-01 1.200000e+00 -4.721380e-05
1.260000e-08 1.260000e-08 7.560000e-01 1.200000e+00 -5.022160e-05
1.270000e-08 1.270000e-08 7.620000e-01 1.200000e+00 -5.415150e-05
1.280000e-08 1.280000e-08 7.680000e-01 1.200000e+00 -5.743770e-05
1.290000e-08 1.290000e-08 7.740000e-01 1.200000e+00 -6.140030e-05
1.300000e-08 1.300000e-08 7.800000e-01 1.200000e+00 -6.534290e-05
1.310000e-08 1.310000e-08 7.860000e-01 1.200000e+00 -6.940060e-05
1.320000e-08 1.320000e-08 7.920000e-01 1.200000e+00 -7.361750e-05
1.330000e-08 1.330000e-08 7.980000e-01 1.200000e+00 -7.783430e-05
1.340000e-08 1.340000e-08 8.040000e-01 1.200000e+00 -8.242100e-05
1.350000e-08 1.350000e-08 8.100000e-01 1.200000e+00 -8.703620e-05
1.360000e-08 1.360000e-08 8.160000e-01 1.200000e+00 -9.165130e-05
1.370000e-08 1.370000e-08 8.220000e-01 1.200000e+00 -9.626640e-05
1.380000e-08 1.380000e-08 8.280000e-01 1.200000e+00 -1.012332e-04
1.390000e-08 1.390000e-08 8.340000e-01 1.200000e+00 -1.064960e-04
1.400000e-08 1.400000e-08 8.400000e-01 1.200000e+00 -1.117588e-04
1.410000e-08 1.410000e-08 8.460000e-01 1.200000e+00 -1.170216e-04
1.420000e-08 1.420000e-08 8.520000e-01 1.200000e+00 -1.222844e-04
1.430000e-08 1.430000e-08 8.580000e-01 1.200000e+00 -1.275472e-04
1.440000e-08 1.440000e-08 8.640000e-01 1.200000e+00 -1.328100e-04
1.450000e-08 1.450000e-08 8.700000e-01 1.200000e+00 -1.383293e-04
1.460000e-08 1.460000e-08 8.760000e-01 1.200000e+00 -1.444681e-04
1.470000e-08 1.470000e-08 8.820000e-01 1.200000e+00 -1.506069e-04
1.480000e-08 1.480000e-08 8.880000e-01 1.200000e+00 -1.567457e-04
1.490000e-08 1.490000e-08 8.940000e-01 1.200000e+00 -1.628845e-04
1.500000e-08 1.500000e-08 9.000000e-01 1.200000e+00 -1.690232e-04
1.510000e-08 1.510000e-08 9.060000e-01 1.200000e+00 -1.751620e-04
1.520000e-08 1.520000e-08 9.120000e-01 1.200000e+00 -1.813008e-04
1.530000e-08 1.530000e-08 9.180000e-01 1.200000e+00 -1.874396e-04
1.540000e-08 1.540000e-08 9.240000e-01 1.200000e+00 -1.935783e-04
1.550000e-08 1.550000e-08 9.300000e-01 1.200000e+00 -2.003084e-04
1.560000e-08 1.560000e-08 9.360000e-01 1.200000e+00 -2.074698e-04
1.570000e-08 1.570000e-08 9.420000e-01 1.200000e+00 -2.146312e-04
1.580000e-08 1.580000e-08 9.480000e-01 1.200000e+00 -2.217926e-04
1.590000e-08 1.590000e-08 9.540000e-01 1.200000e+00 -2.289540e-04
1.600000e-08 1.600000e-08 9.600000e-01 1.200000e+00 -2.361154e-04
1.610000e-08 1.610000e-08 9.660000e-01 1.200000e+00 -2.432768e-04
1.620000e-08 1.620000e-08 9.720000e-01 1.200000e+00 -2.504382e-04
1.630000e-08 1.630000e-08 9.780000e-01 1.200000e+00 -2.575996e-04
1.640000e-08 1.640000e-08 9.840000e-01 1.200000e+00 -2.647610e-04
1.650000e-08 1.650000e-08 9.900000e-01 1.200000e+00 -2.719225e-04
1.660000e-08 1.660000e-08 9.960000e-01 1.200000e+00 -2.790839e-04
1.670000e-08 1.670000e-08 1.002000e+00 1.200000e+00 -2.869576e-04
1.680000e-08 1.680000e-08 1.008000e+00 1.200000e+00 -2.952651e-04
1.690000e-08 1.690000e-08 1.014000e+00 1.200000e+00 -3.035727e-04
1.700000e-08 1.700000e-08 1.020000e+00 1.200000e+00 -3.118803e-04
1.710000e-08 1.710000e-08 1.026000e+00 1.200000e+00 -3.201879e-04
1.720000e-08 1.720000e-08 1.032000e+00 1.200000e+00 -3.284954e-04
1.730000e-08 1.730000e-08 1.038000e+00 1.200000e+00 -3.368030e-04
1.740000e-08 1.740000e-08 1.044000e+00 1.200000e+00 -3.451106e-04
1.750000e-08 1.750000e-08 1.050000e+00 1.200000e+00 -3.534182e-04
1.760000e-08 1.760000e-08 1.056000e+00 1.200000e+00 -3.617258e-04
1.770000e-08 1.770000e-08 1.062000e+00 1.200000e+00 -3.700333e-04
1.780000e-08 1.780000e-08 1.068000e+00 1.200000e+00 -3.783409e-04
1.790000e-08 1.790000e-08 1.074000e+00 1.200000e+00 -3.866485e-04
1.800000e-08 1.800000e-08 1.080000e+00 1.200000e+00 -3.949561e-04
1.810000e-08 1.810000e-08 1.086000e+00 1.200000e+00 -4.032636e-04
1.820000e-08 1.820000e-08 1.092000e+00 1.200000e+00 -4.128337e-04
1.830000e-08 1.830000e-08 1.098000e+00 1.200000e+00 -4.224458e-04
1.840000e-08 1.840000e-08 1.104000e+00 1.200000e+00 -4.320579e-04
1.850000e-08 1.850000e-08 1.110000e+00 1.200000e+00 -4.416699e-04
1.860000e-08 1.860000e-08 1.116000e+00 1.200000e+00 -4.512820e-04
1.870000e-08 1.870000e-08 1.122000e+00 1.200000e+00 -4.608941e-04
1.880000e-08 1.880000e-08 1.128000e+00 1.200000e+00 -4.705062e-04
1.890000e-08 1.890000e-08 1.134000e+00 1.200000e+00 -4.801183e-04
1.900000e-08 1.900000e-08 1.140000e+00 1.200000e+00 -4.897304e-04
1.910000e-08 1.910000e-08 1.146000e+00 1.200000e+00 -4.993425e-04
1.920000e-08 1.920000e-08 1.152000e+00 1.200000e+00 -5.089546e-04
1.930000e-08 1.930000e-08 1.158000e+00 1.200000e+00 -5.185666e-04
1.940000e-08 1.940000e-08 1.164000e+00 1.200000e+00 -5.281787e-04
1.950000e-08 1.950000e-08 1.170000e+00 1.200000e+00 -5.377908e-04
1.960000e-08 1.960000e-08 1.176000e+00 1.200000e+00 -5.474029e-04
1.970000e-08 1.970000e-08 1.182000e+00 1.200000e+00 -5.570150e-04
1.980000e-08 1.980000e-08 1.188000e+00 1.200000e+00 -5.666271e-04
1.990000e-08 1.990000e-08 1.194000e+00 1.200000e+00 -5.762392e-04
2.000000e-08 2.000000e-08 1.200000e+00 1.200000e+00 -5.858513e-04
2.010000e-08 2.010000e-08 1.200000e+00 1.200000e+00 -5.877368e-04
2.020000e-08 2.020000e-08 1.200000e+00 1.200000e+00 -5.880865e-04
2.030000e-08 2.030000e-08 1.200000e+00 1.200000e+00 -5.880865e-04
2.040000e-08 2.040000e-08 1.200000e+00 1.200000e+00 -5.880865e-04
2.050000e-08 2.050000e-08 1.200000e+00 1.200000e+00 -5.880865e-04
2.060000e-08 2.060000e-08 1.200000e+00 1.200000e+00 -5.880865e-04
2.070000e-08 2.070000e-08 1.200000e+00 1.200000e+00 -5.880865e-04
2.080000e-08 2.080000e-08 1.200000e+00 1.200000e+00 -5.880865e-04
2.090000e-08 2.090000e-08 1.200000e+00 1.200000e+00 -5.880865e-04
2.100000e-08 2.100000e-08 1.200000e+00 1.200000e+00 -5.880865e-04
2.110000e-08 2.110000e-08 1.200000e+00 1.200000e+00 -5.880865e-04
2.120000e-08 2.120000e-08 1.200000e+00 1.200000e+00 -5.880865e-04
2.130000e-08 2.130000e-08 1.200000e+00 1.200000e+00 -5.880865e-04
2.140000e-08 2.140000e-08 1.200000e+00 1.200000e+00 -5.880865e-04
2.150000e-08 2.150000e-08 1.200000e+00 1.200000e+00 -5.880865e-04
2.160000e-08 2.160000e-08 1.200000e+00 1.200000e+00 -5.880865e-04
2.170000e-08 2.170000e-08 1.200000e+00 1.200000e+00 -5.880865e-04
2.180000e-08 2.180000e-08 1.200000e+00 1.200000e+00 -5.880865e-04
2.190000e-08 2.190000e-08 1.200000e+00 1.200000e+00 -5.880865e-04
2.200000e-08 2.200000e-08 1.200000e+00 1.200000e+00 -5.880865e-04
2.210000e-08 2.210000e-08 1.200000e+00 1.200000e+00 -5.880865e-04
2.220000e-08 2.220000e-08 1.200000e+00 1.200000e+00 -5.880865e-04
2.230000e-08 2.230000e-08 1.200000e+00 1.200000e+00 -5.880865e-04
2.240000e-08 2.240000e-08 1.200000e+00 1.200000e+00 -5.880865e-04
2.250000e-08 2.250000e-08 1.200000e+00 1.200000e+00 -5.880865e-04
2.260000e-08 2.260000e-08 1.200000e+00 1.200000e+00 -5.880865e-04
2.270000e-08 2.270000e-08 1.200000e+00 1.200000e+00 -5.880865e-04
2.280000e-08 2.280000e-08 1.200000e+00 1.200000e+00 -5.880865e-04
2.290000e-08 2.290000e-08 1.200000e+00 1.200000e+00 -5.880865e-04
2.300000e-08 2.300000e-08 1.200000e+00 1.200000e+00 -5.880865e-04
2.310000e-08 2.310000e-08 1.200000e+00 1.200000e+00 -5.880865e-04
2.320000e-08 2.320000e-08 1.200000e+00 1.200000e+00 -5.880865e-04
2.330000e-08 2.330000e-08 1.200000e+00 1.200000e+00 -5.880865e-04
2.340000e-08 2.340000e-08 1.200000e+00 1.200000e+00 -5.880865e-04
2.350000e-08 2.350000e-08 1.200000e+00 1.200000e+00 -5.880865e-04
2.360000e-08 2.360000e-08 1.200000e+00 1.200000e+00 -5.880865e-04
2.370000e-08 2.370000e-08 1.200000e+00 1.200000e+00 -5.880865e-04
2.380000e-08 2.380000e-08 1.200000e+00 1.200000e+00 -5.880865e-04
2.390000e-08 2.390000e-08 1.200000e+00 1.200000e+00 -5.880865e-04
2.400000e-08 2.400000e-08 1.200000e+00 1.200000e+00 -5.880865e-04
2.410000e-08 2.410000e-08 1.200000e+00 1.200000e+00 -5.880865e-04
2.420000e-08 2.420000e-08 1.200000e+00 1.200000e+00 -5.880865e-04
2.430000e-08 2.430000e-08 1.200000e+00 1.200000e+00 -5.880865e-04
2.440000e-08 2.440000e-08 1.200000e+00 1.200000e+00 -5.880865e-04
2.450000e-08 2.450000e-08 1.200000e+00 1.200000e+00 -5.880865e-04
2.460000e-08 2.460000e-08 1.200000e+00 1.200000e+00 -5.880865e-04
2.470000e-08 2.470000e-08 1.200000e+00 1.200000e+00 -5.880865e-04
2.480000e-08 2.480000e-08 1.200000e+00 1.200000e+00 -5.880865e-04
2.490000e-08 2.490000e-08 1.200000e+00 1.200000e+00 -5.880865e-04
2.500000e-08 2.500000e-08 1.200000e+00 1.200000e+00 -5.880865e-04
2.510000e-08 2.510000e-08 1.200000e+00 1.200000e+00 -5.880865e-04
2.520000e-08 2.520000e-08 1.200000e+00 1.200000e+00 -5.880865e-04
2.530000e-08 2.530000e-08 1.200000e+00 1.200000e+00 -5.880865e-04
2.540000e-08 2.540000e-08 1.200000e+00 1.200000e+00 -5.880865e-04
2.550000e-08 2.550000e-08 1.200000e+00 1.200000e+00 -5.880865e-04
2.560000e-08 2.560000e-08 1.200000e+00 1.200000e+00 -5.880865e-04
2.570000e-08 2.570000e-08 1.200000e+00 1.200000e+00 -5.880865e-04
2.580000e-08 2.580000e-08 1.200000e+00 1.200000e+00 -5.880865e-04
2.590000e-08 2.590000e-08 1.200000e+00 1.200000e+00 -5.880865e-04
2.600000e-08 2.600000e-08 1.200000e+00 1.200000e+00 -5.880865e-04
2.610000e-08 2.610000e-08 1.200000e+00 1.200000e+00 -5.880865e-04
2.620000e-08 2.620000e-08 1.200000e+00 1.200000e+00 -5.880865e-04
2.630000e-08 2.630000e-08 1.200000e+00 1.200000e+00 -5.880865e-04
2.640000e-08 2.640000e-08 1.200000e+00 1.200000e+00 -5.880865e-04
2.650000e-08 2.650000e-08 1.200000e+00 1.200000e+00 -5.880865e-04
2.660000e-08 2.660000e-08 1.200000e+00 1.200000e+00 -5.880865e-04
2.670000e-08 2.670000e-08 1.200000e+00 1.200000e+00 -5.880865e-04
2.680000e-08 2.680000e-08 1.200000e+00 1.200000e+00 -5.880865e-04
2.690000e-08 2.690000e-08 1.200000e+00 1.200000e+00 -5.880865e-04
2.700000e-08 2.700000e-08 1.200000e+00 1.200000e+00 -5.880865e-04
2.710000e-08 2.710000e-08 1.200000e+00 1.200000e+00 -5.880865e-04
2.720000e-08 2.720000e-08 1.200000e+00 1.200000e+00 -5.880865e-04
2.730000e-08 2.730000e-08 1.200000e+00 1.200000e+00 -5.880865e-04
2.740000e-08 2.740000e-08 1.200000e+00 1.200000e+00 -5.880865e-04
2.750000e-08 2.750000e-08 1.200000e+00 1.200000e+00 -5.880865e-04
2.760000e-08 2.760000e-08 1.200000e+00 1.200000e+00 -5.880865e-04
2.770000e-08 2.770000e-08 1.200000e+00 1.200000e+00 -5.880865e-04
2.780000e-08 2.780000e-08 1.200000e+00 1.200000e+00 -5.880865e-04
2.790000e-08 2.790000e-08 1.200000e+00 1.200000e+00 -5.880865e-04
2.800000e-08 2.800000e-08 1.200000e+00 1.200000e+00 -5.880865e-04
2.810000e-08 2.810000e-08 1.200000e+00 1.200000e+00 -5.880865e-04
2.820000e-08 2.820000e-08 1.200000e+00 1.200000e+00 -5.880865e-04
2.830000e-08 2.830000e-08 1.200000e+00 1.200000e+00 -5.880865e-04
2.840000e-08 2.840000e-08 1.200000e+00 1.200000e+00 -5.880865e-04
2.850000e-08 2.850000e-08 1.200000e+00 1.200000e+00 -5.880865e-04
2.860000e-08 2.860000e-08 1.200000e+00 1.200000e+00 -5.880865e-04
2.870000e-08 2.870000e-08 1.200000e+00 1.200000e+00 -5.880865e-04
2.880000e-08 2.880000e-08 1.200000e+00 1.200000e+00 -5.880865e-04
2.890000e-08 2.890000e-08 1.200000e+00 1.200000e+00 -5.880865e-04
2.900000e-08 2.900000e-08 1.200000e+00 1.200000e+00 -5.880865e-04
2.910000e-08 2.910000e-08 1.200000e+00 1.200000e+00 -5.880865e-04
2.920000e-08 2.920000e-08 1.200000e+00 1.200000e+00 -5.880865e-04
2.930000e-08 2.930000e-08 1.200000e+00 1.200000e+00 -5.880865e-04
2.940000e-08 2.940000e-08 1.200000e+00 1.200000e+00 -5.880865e-04
2.950000e-08 2.950000e-08 1.200000e+00 1.200000e+00 -5.880865e-04
2.960000e-08 2.960000e-08 1.200000e+00 1.200000e+00 -5.880865e-04
2.970000e-08 2.970000e-08 1.200000e+00 1.200000e+00 -5.880865e-04
2.980000e-08 2.980000e-08 1.200000e+00 1.200000e+00 -5.880865e-04
2.990000e-08 2.990000e-08 1.200000e+00 1.200000e+00 -5.880865e-04
3.000000e-08 3.000000e-08 1.200000e+00 1.200000e+00 -5.880865e-04
3.010000e-08 3.010000e-08 1.200000e+00 1.200000e+00 -5.880865e-04
3.020000e-08 3.020000e-08 1.200000e+00 1.200000e+00 -5.880865e-04
3.030000e-08 3.030000e-08 1.200000e+00 1.200000e+00 -5.880865e-04
3.040000e-08 3.040000e-08 1.200000e+00 1.200000e+00 -5.880865e-04
3.050000e-08 3.050000e-08 1.200000e+00 1.200000e+00 -5.880865e-04
3.060000e-08 3.060000e-08 1.200000e+00 1.200000e+00 -5.880865e-04
3.070000e-08 3.070000e-08 1.200000e+00 1.200000e+00 -5.880865e-04
3.080000e-08 3.080000e-08 1.200000e+00 1.200000e+00 -5.880865e-04
3.090000e-08 3.090000e-08 1.200000e+00 1.200000e+00 -5.880865e-04
3.100000e-08 3.100000e-08 1.200000e+00 1.200000e+00 -5.880865e-04
3.110000e-08 3.110000e-08 1.200000e+00 1.200000e+00 -5.880865e-04
3.120000e-08 3.120000e-08 1.200000e+00 1.200000e+00 -5.880865e-04
3.130000e-08 3.130000e-08 1.200000e+00 1.200000e+00 -5.880865e-04
3.140000e-08 3.140000e-08 1.200000e+00 1.200000e+00 -5.880865e-04
3.150000e-08 3.150000e-08 1.200000e+00 1.200000e+00 -5.880865e-04
3.160000e-08 3.160000e-08 1.200000e+00 1.200000e+00 -5.880865e-04
3.170000e-08 3.170000e-08 1.200000e+00 1.200000e+00 -5.880865e-04
3.180000e-08 3.180000e-08 1.200000e+00 1.200000e+00 -5.880865e-04
3.190000e-08 3.190000e-08 1.200000e+00 1.200000e+00 -5.880865e-04
3.200000e-08 3.200000e-08 1.200000e+00 1.200000e+00 -5.880865e-04
3.210000e-08 3.210000e-08 1.200000e+00 1.200000e+00 -5.880865e-04
3.220000e-08 3.220000e-08 1.200000e+00 1.200000e+00 -5.880865e-04
3.230000e-08 3.230000e-08 1.200000e+00 1.200000e+00 -5.880865e-04
3.240000e-08 3.240000e-08 1.200000e+00 1.200000e+00 -5.880865e-04
3.250000e-08 3.250000e-08 1.200000e+00 1.200000e+00 -5.880865e-04
3.260000e-08 3.260000e-08 1.200000e+00 1.200000e+00 -5.880865e-04
3.270000e-08 3.270000e-08 1.200000e+00 1.200000e+00 -5.880865e-04
3.280000e-08 3.280000e-08 1.200000e+00 1.200000e+00 -5.880865e-04
3.290000e-08 3.290000e-08 1.200000e+00 1.200000e+00 -5.880865e-04
3.300000e-08 3.300000e-08 1.200000e+00 1.200000e+00 -5.880865e-04
3.310000e-08 3.310000e-08 1.200000e+00 1.200000e+00 -5.880865e-04
3.320000e-08 3.320000e-08 1.200000e+00 1.200000e+00 -5.880865e-04
3.330000e-08 3.330000e-08 1.200000e+00 1.200000e+00 -5.880865e-04
3.340000e-08 3.340000e-08 1.200000e+00 1.200000e+00 -5.880865e-04
3.350000e-08 3.350000e-08 1.200000e+00 1.200000e+00 -5.880865e-04
3.360000e-08 3.360000e-08 1.200000e+00 1.200000e+00 -5.880865e-04
3.370000e-08 3.370000e-08 1.200000e+00 1.200000e+00 -5.880865e-04
3.380000e-08 3.380000e-08 1.200000e+00 1.200000e+00 -5.880865e-04
3.390000e-08 3.390000e-08 1.200000e+00 1.200000e+00 -5.880865e-04
3.400000e-08 3.400000e-08 1.200000e+00 1.200000e+00 -5.880865e-04
3.410000e-08 3.410000e-08 1.200000e+00 1.200000e+00 -5.880865e-04
3.420000e-08 3.420000e-08 1.200000e+00 1.200000e+00 -5.880865e-04
3.430000e-08 3.430000e-08 1.200000e+00 1.200000e+00 -5.880865e-04
3.440000e-08 3.440000e-08 1.200000e+00 1.200000e+00 -5.880865e-04
3.450000e-08 3.450000e-08 1.200000e+00 1.200000e+00 -5.880865e-04
3.460000e-08 3.460000e-08 1.200000e+00 1.200000e+00 -5.880865e-04
3.470000e-08 3.470000e-08 1.200000e+00 1.200000e+00 -5.880865e-04
3.480000e-08 3.480000e-08 1.200000e+00 1.200000e+00 -5.880865e-04
3.490000e-08 3.490000e-08 1.200000e+00 1.200000e+00 -5.880865e-04
3.500000e-08 3.500000e-08 1.200000e+00 1.200000e+00 -5.880865e-04
3.510000e-08 3.510000e-08 1.200000e+00 1.200000e+00 -5.880865e-04
3.520000e-08 3.520000e-08 1.200000e+00 1.200000e+00 -5.880865e-04
3.530000e-08 3.530000e-08 1.200000e+00 1.200000e+00 -5.880865e-04
3.540000e-08 3.540000e-08 1.200000e+00 1.200000e+00 -5.880865e-04
3.550000e-08 3.550000e-08 1.200000e+00 1.200000e+00 -5.880865e-04
3.560000e-08 3.560000e-08 1.200000e+00 1.200000e+00 -5.880865e-04
3.570000e-08 3.570000e-08 1.200000e+00 1.200000e+00 -5.880865e-04
3.580000e-08 3.580000e-08 1.200000e+00 1.200000e+00 -5.880865e-04
3.590000e-08 3.590000e-08 1.200000e+00 1.200000e+00 -5.880865e-04
3.600000e-08 3.600000e-08 1.200000e+00 1.200000e+00 -5.880865e-04
3.610000e-08 3.610000e-08 1.200000e+00 1.200000e+00 -5.880865e-04
3.620000e-08 3.620000e-08 1.200000e+00 1.200000e+00 -5.880865e-04
3.630000e-08 3.630000e-08 1.200000e+00 1.200000e+00 -5.880865e-04
3.640000e-08 3.640000e-08 1.200000e+00 1.200000e+00 -5.880865e-04
3.650000e-08 3.650000e-08 1.200000e+00 1.200000e+00 -5.880865e-04
3.660000e-08 3.660000e-08 1.200000e+00 1.200000e+00 -5.880865e-04
3.670000e-08 3.670000e-08 1.200000e+00 1.200000e+00 -5.880865e-04
3.680000e-08 3.680000e-08 1.200000e+00 1.200000e+00 -5.880865e-04
3.690000e-08 3.690000e-08 1.200000e+00 1.200000e+00 -5.880865e-04
3.700000e-08 3.700000e-08 1.200000e+00 1.200000e+00 -5.880865e-04
3.710000e-08 3.710000e-08 1.200000e+00 1.200000e+00 -5.880865e-04
3.720000e-08 3.720000e-08 1.200000e+00 1.200000e+00 -5.880865e-04
3.730000e-08 3.730000e-08 1.200000e+00 1.200000e+00 -5.880865e-04
3.740000e-08 3.740000e-08 1.200000e+00 1.200000e+00 -5.880865e-04
3.750000e-08 3.750000e-08 1.200000e+00 1.200000e+00 -5.880865e-04
3.760000e-08 3.760000e-08 1.200000e+00 1.200000e+00 -5.880865e-04
3.770000e-08 3.770000e-08 1.200000e+00 1.200000e+00 -5.880865e-04
3.780000e-08 3.780000e-08 1.200000e+00 1.200000e+00 -5.880865e-04
3.790000e-08 3.790000e-08 1.200000e+00 1.200000e+00 -5.880865e-04
3.800000e-08 3.800000e-08 1.200000e+00 1.200000e+00 -5.880865e-04
3.810000e-08 3.810000e-08 1.200000e+00 1.200000e+00 -5.880865e-04
3.820000e-08 3.820000e-08 1.200000e+00 1.200000e+00 -5.880865e-04
3.830000e-08 3.830000e-08 1.200000e+00 1.200000e+00 -5.880865e-04
3.840000e-08 3.840000e-08 1.200000e+00 1.200000e+00 -5.880865e-04
3.850000e-08 3.850000e-08 1.200000e+00 1.200000e+00 -5.880865e-04
3.860000e-08 3.860000e-08 1.200000e+00 1.200000e+00 -5.880865e-04
3.870000e-08 3.870000e-08 1.200000e+00 1.200000e+00 -5.880865e-04
3.880000e-08 3.880000e-08 1.200000e+00 1.200000e+00 -5.880865e-04
3.890000e-08 3.890000e-08 1.200000e+00 1.200000e+00 -5.880865e-04
3.900000e-08 3.900000e-08 1.200000e+00 1.200000e+00 -5.880865e-04
3.910000e-08 3.910000e-08 1.200000e+00 1.200000e+00 -5.880865e-04
3.920000e-08 3.920000e-08 1.200000e+00 1.200000e+00 -5.880865e-04
3.930000e-08 3.930000e-08 1.200000e+00 1.200000e+00 -5.880865e-04
3.940000e-08 3.940000e-08 1.200000e+00 1.200000e+00 -5.880865e-04
3.950000e-08 3.950000e-08 1.200000e+00 1.200000e+00 -5.880865e-04
3.960000e-08 3.960000e-08 1.200000e+00 1.200000e+00 -5.880865e-04
3.970000e-08 3.970000e-08 1.200000e+00 1.200000e+00 -5.880865e-04
3.980000e-08 3.980000e-08 1.200000e+00 1.200000e+00 -5.880865e-04
3.990000e-08 3.990000e-08 1.200000e+00 1.200000e+00 -5.880865e-04
4.000000e-08 4.000000e-08 1.200000e+00 1.200000e+00 -5.880865e-04
4.010000e-08 4.010000e-08 1.200000e+00 1.200000e+00 -5.880865e-04
4.020000e-08 4.020000e-08 1.200000e+00 1.200000e+00 -5.880865e-04
4.030000e-08 4.030000e-08 1.200000e+00 1.200000e+00 -5.880865e-04
4.040000e-08 4.040000e-08 1.200000e+00 1.200000e+00 -5.880865e-04
4.050000e-08 4.050000e-08 1.200000e+00 1.200000e+00 -5.880865e-04
4.060000e-08 4.060000e-08 1.200000e+00 1.200000e+00 -5.880865e-04
4.070000e-08 4.070000e-08 1.200000e+00 1.200000e+00 -5.880865e-04
4.080000e-08 4.080000e-08 1.200000e+00 1.200000e+00 -5.880865e-04
4.090000e-08 4.090000e-08 1.200000e+00 1.200000e+00 -5.880865e-04
4.100000e-08 4.100000e-08 1.200000e+00 1.200000e+00 -5.880865e-04
4.110000e-08 4.110000e-08 1.200000e+00 1.200000e+00 -5.880865e-04
4.120000e-08 4.120000e-08 1.200000e+00 1.200000e+00 -5.880865e-04
4.130000e-08 4.130000e-08 1.200000e+00 1.200000e+00 -5.880865e-04
4.140000e-08 4.140000e-08 1.200000e+00 1.200000e+00 -5.880865e-04
4.150000e-08 4.150000e-08 1.200000e+00 1.200000e+00 -5.880865e-04
4.160000e-08 4.160000e-08 1.200000e+00 1.200000e+00 -5.880865e-04
4.170000e-08 4.170000e-08 1.200000e+00 1.200000e+00 -5.880865e-04
4.180000e-08 4.180000e-08 1.200000e+00 1.200000e+00 -5.880865e-04
4.190000e-08 4.190000e-08 1.200000e+00 1.200000e+00 -5.880865e-04
4.200000e-08 4.200000e-08 1.200000e+00 1.200000e+00 -5.880865e-04
4.210000e-08 4.210000e-08 1.200000e+00 1.200000e+00 -5.880865e-04
4.220000e-08 4.220000e-08 1.200000e+00 1.200000e+00 -5.880865e-04
4.230000e-08 4.230000e-08 1.200000e+00 1.200000e+00 -5.880865e-04
4.240000e-08 4.240000e-08 1.200000e+00 1.200000e+00 -5.880865e-04
4.250000e-08 4.250000e-08 1.200000e+00 1.200000e+00 -5.880865e-04
4.260000e-08 4.260000e-08 1.200000e+00 1.200000e+00 -5.880865e-04
4.270000e-08 4.270000e-08 1.200000e+00 1.200000e+00 -5.880865e-04
4.280000e-08 4.280000e-08 1.200000e+00 1.200000e+00 -5.880865e-04
4.290000e-08 4.290000e-08 1.200000e+00 1.200000e+00 -5.880865e-04
4.300000e-08 4.300000e-08 1.200000e+00 1.200000e+00 -5.880865e-04
4.310000e-08 4.310000e-08 1.200000e+00 1.200000e+00 -5.880865e-04
4.320000e-08 4.320000e-08 1.200000e+00 1.200000e+00 -5.880865e-04
4.330000e-08 4.330000e-08 1.200000e+00 1.200000e+00 -5.880865e-04
4.340000e-08 4.340000e-08 1.200000e+00 1.200000e+00 -5.880865e-04
4.350000e-08 4.350000e-08 1.200000e+00 1.200000e+00 -5.880865e-04
4.360000e-08 4.360000e-08 1.200000e+00 1.200000e+00 -5.880865e-04
4.370000e-08 4.370000e-08 1.200000e+00 1.200000e+00 -5.880865e-04
4.380000e-08 4.380000e-08 1.200000e+00 1.200000e+00 -5.880865e-04
4.390000e-08 4.390000e-08 1.200000e+00 1.200000e+00 -5.880865e-04
4.400000e-08 4.400000e-08 1.200000e+00 1.200000e+00 -5.880865e-04
4.410000e-08 4.410000e-08 1.200000e+00 1.200000e+00 -5.880865e-04
4.420000e-08 4.420000e-08 1.200000e+00 1.200000e+00 -5.880865e-04
4.430000e-08 4.430000e-08 1.200000e+00 1.200000e+00 -5.880865e-04
4.440000e-08 4.440000e-08 1.200000e+00 1.200000e+00 -5.880865e-04
4.450000e-08 4.450000e-08 1.200000e+00 1.200000e+00 -5.880865e-04
4.460000e-08 4.460000e-08 1.200000e+00 1.200000e+00 -5.880865e-04
4.470000e-08 4.470000e-08 1.200000e+00 1.200000e+00 -5.880865e-04
4.480000e-08 4.480000e-08 1.200000e+00 1.200000e+00 -5.880865e-04
4.490000e-08 4.490000e-08 1.200000e+00 1.200000e+00 -5.880865e-04
4.500000e-08 4.500000e-08 1.200000e+00 1.200000e+00 -5.880865e-04
4.510000e-08 4.510000e-08 1.200000e+00 1.200000e+00 -5.880865e-04
4.520000e-08 4.520000e-08 1.200000e+00 1.200000e+00 -5.880865e-04
4.530000e-08 4.530000e-08 1.200000e+00 1.200000e+00 -5.880865e-04
4.540000e-08 4.540000e-08 1.200000e+00 1.200000e+00 -5.880865e-04
4.550000e-08 4.550000e-08 1.200000e+00 1.200000e+00 -5.880865e-04
4.560000e-08 4.560000e-08 1.200000e+00 1.200000e+00 -5.880865e-04
4.570000e-08 4.570000e-08 1.200000e+00 1.200000e+00 -5.880865e-04
4.580000e-08 4.580000e-08 1.200000e+00 1.200000e+00 -5.880865e-04
4.590000e-08 4.590000e-08 1.200000e+00 1.200000e+00 -5.880865e-04
4.600000e-08 4.600000e-08 1.200000e+00 1.200000e+00 -5.880865e-04
4.610000e-08 4.610000e-08 1.200000e+00 1.200000e+00 -5.880865e-04
4.620000e-08 4.620000e-08 1.200000e+00 1.200000e+00 -5.880865e-04
4.630000e-08 4.630000e-08 1.200000e+00 1.200000e+00 -5.880865e-04
4.640000e-08 4.640000e-08 1.200000e+00 1.200000e+00 -5.880865e-04
4.650000e-08 4.650000e-08 1.200000e+00 1.200000e+00 -5.880865e-04
4.660000e-08 4.660000e-08 1.200000e+00 1.200000e+00 -5.880865e-04
4.670000e-08 4.670000e-08 1.200000e+00 1.200000e+00 -5.880865e-04
4.680000e-08 4.680000e-08 1.200000e+00 1.200000e+00 -5.880865e-04
4.690000e-08 4.690000e-08 1.200000e+00 1.200000e+00 -5.880865e-04
4.700000e-08 4.700000e-08 1.200000e+00 1.200000e+00 -5.880865e-04
4.710000e-08 4.710000e-08 1.200000e+00 1.200000e+00 -5.880865e-04
4.720000e-08 4.720000e-08 1.200000e+00 1.200000e+00 -5.880865e-04
4.730000e-08 4.730000e-08 1.200000e+00 1.200000e+00 -5.880865e-04
4.740000e-08 4.740000e-08 1.200000e+00 1.200000e+00 -5.880865e-04
4.750000e-08 4.750000e-08 1.200000e+00 1.200000e+00 -5.880865e-04
4.760000e-08 4.760000e-08 1.200000e+00 1.200000e+00 -5.880865e-04
4.770000e-08 4.770000e-08 1.200000e+00 1.200000e+00 -5.880865e-04
4.780000e-08 4.780000e-08 1.200000e+00 1.200000e+00 -5.880865e-04
4.790000e-08 4.790000e-08 1.200000e+00 1.200000e+00 -5.880865e-04
4.800000e-08 4.800000e-08 1.200000e+00 1.200000e+00 -5.880865e-04
4.810000e-08 4.810000e-08 1.200000e+00 1.200000e+00 -5.880865e-04
4.820000e-08 4.820000e-08 1.200000e+00 1.200000e+00 -5.880865e-04
4.830000e-08 4.830000e-08 1.200000e+00 1.200000e+00 -5.880865e-04
4.840000e-08 4.840000e-08 1.200000e+00 1.200000e+00 -5.880865e-04
4.850000e-08 4.850000e-08 1.200000e+00 1.200000e+00 -5.880865e-04
4.860000e-08 4.860000e-08 1.200000e+00 1.200000e+00 -5.880865e-04
4.870000e-08 4.870000e-08 1.200000e+00 1.200000e+00 -5.880865e-04
4.880000e-08 4.880000e-08 1.200000e+00 1.200000e+00 -5.880865e-04
4.890000e-08 4.890000e-08 1.200000e+00 1.200000e+00 -5.880865e-04
4.900000e-08 4.900000e-08 1.200000e+00 1.200000e+00 -5.880865e-04
4.910000e-08 4.910000e-08 1.200000e+00 1.200000e+00 -5.880865e-04
4.920000e-08 4.920000e-08 1.200000e+00 1.200000e+00 -5.880865e-04
4.930000e-08 4.930000e-08 1.200000e+00 1.200000e+00 -5.880865e-04
4.940000e-08 4.940000e-08 1.200000e+00 1.200000e+00 -5.880865e-04
4.950000e-08 4.950000e-08 1.200000e+00 1.200000e+00 -5.880865e-04
4.960000e-08 4.960000e-08 1.200000e+00 1.200000e+00 -5.880865e-04
4.970000e-08 4.970000e-08 1.200000e+00 1.200000e+00 -5.880865e-04
4.980000e-08 4.980000e-08 1.200000e+00 1.200000e+00 -5.880865e-04
4.990000e-08 4.990000e-08 1.200000e+00 1.200000e+00 -5.880865e-04
5.000000e-08 5.000000e-08 1.200000e+00 1.200000e+00 -5.880865e-04
5.010000e-08 5.010000e-08 1.200000e+00 1.200000e+00 -5.880865e-04
5.020000e-08 5.020000e-08 1.200000e+00 1.200000e+00 -5.880865e-04
5.030000e-08 5.030000e-08 1.200000e+00 1.200000e+00 -5.880865e-04
5.040000e-08 5.040000e-08 1.200000e+00 1.200000e+00 -5.880865e-04
5.050000e-08 5.050000e-08 1.200000e+00 1.200000e+00 -5.880865e-04
5.060000e-08 5.060000e-08 1.200000e+00 1.200000e+00 -5.880865e-04
5.070000e-08 5.070000e-08 1.200000e+00 1.200000e+00 -5.880865e-04
5.080000e-08 5.080000e-08 1.200000e+00 1.200000e+00 -5.880865e-04
5.090000e-08 5.090000e-08 1.200000e+00 1.200000e+00 -5.880865e-04
5.100000e-08 5.100000e-08 1.200000e+00 1.200000e+00 -5.880865e-04
5.110000e-08 5.110000e-08 1.200000e+00 1.200000e+00 -5.880865e-04
5.120000e-08 5.120000e-08 1.200000e+00 1.200000e+00 -5.880865e-04
5.130000e-08 5.130000e-08 1.200000e+00 1.200000e+00 -5.880865e-04
5.140000e-08 5.140000e-08 1.200000e+00 1.200000e+00 -5.880865e-04
5.150000e-08 5.150000e-08 1.200000e+00 1.200000e+00 -5.880865e-04
5.160000e-08 5.160000e-08 1.200000e+00 1.200000e+00 -5.880865e-04
5.170000e-08 5.170000e-08 1.200000e+00 1.200000e+00 -5.880865e-04
5.180000e-08 5.180000e-08 1.200000e+00 1.200000e+00 -5.880865e-04
5.190000e-08 5.190000e-08 1.200000e+00 1.200000e+00 -5.880865e-04
5.200000e-08 5.200000e-08 1.200000e+00 1.200000e+00 -5.880865e-04
5.210000e-08 5.210000e-08 1.200000e+00 1.200000e+00 -5.880865e-04
5.220000e-08 5.220000e-08 1.200000e+00 1.200000e+00 -5.880865e-04
5.230000e-08 5.230000e-08 1.200000e+00 1.200000e+00 -5.880865e-04
5.240000e-08 5.240000e-08 1.200000e+00 1.200000e+00 -5.880865e-04
5.250000e-08 5.250000e-08 1.200000e+00 1.200000e+00 -5.880865e-04
5.260000e-08 5.260000e-08 1.200000e+00 1.200000e+00 -5.880865e-04
5.270000e-08 5.270000e-08 1.200000e+00 1.200000e+00 -5.880865e-04
5.280000e-08 5.280000e-08 1.200000e+00 1.200000e+00 -5.880865e-04
5.290000e-08 5.290000e-08 1.200000e+00 1.200000e+00 -5.880865e-04
5.300000e-08 5.300000e-08 1.200000e+00 1.200000e+00 -5.880865e-04
5.310000e-08 5.310000e-08 1.200000e+00 1.200000e+00 -5.880865e-04
5.320000e-08 5.320000e-08 1.200000e+00 1.200000e+00 -5.880865e-04
5.330000e-08 5.330000e-08 1.200000e+00 1.200000e+00 -5.880865e-04
5.340000e-08 5.340000e-08 1.200000e+00 1.200000e+00 -5.880865e-04
5.350000e-08 5.350000e-08 1.200000e+00 1.200000e+00 -5.880865e-04
5.360000e-08 5.360000e-08 1.200000e+00 1.200000e+00 -5.880865e-04
5.370000e-08 5.370000e-08 1.200000e+00 1.200000e+00 -5.880865e-04
5.380000e-08 5.380000e-08 1.200000e+00 1.200000e+00 -5.880865e-04
5.390000e-08 5.390000e-08 1.200000e+00 1.200000e+00 -5.880865e-04
5.400000e-08 5.400000e-08 1.200000e+00 1.200000e+00 -5.880865e-04
5.410000e-08 5.410000e-08 1.200000e+00 1.200000e+00 -5.880865e-04
5.420000e-08 5.420000e-08 1.200000e+00 1.200000e+00 -5.880865e-04
5.430000e-08 5.430000e-08 1.200000e+00 1.200000e+00 -5.880865e-04
5.440000e-08 5.440000e-08 1.200000e+00 1.200000e+00 -5.880865e-04
5.450000e-08 5.450000e-08 1.200000e+00 1.200000e+00 -5.880865e-04
5.460000e-08 5.460000e-08 1.200000e+00 1.200000e+00 -5.880865e-04
5.470000e-08 5.470000e-08 1.200000e+00 1.200000e+00 -5.880865e-04
5.480000e-08 5.480000e-08 1.200000e+00 1.200000e+00 -5.880865e-04
5.490000e-08 5.490000e-08 1.200000e+00 1.200000e+00 -5.880865e-04
5.500000e-08 5.500000e-08 1.200000e+00 1.200000e+00 -5.880865e-04
5.510000e-08 5.510000e-08 1.200000e+00 1.200000e+00 -5.880865e-04
5.520000e-08 5.520000e-08 1.200000e+00 1.200000e+00 -5.880865e-04
5.530000e-08 5.530000e-08 1.200000e+00 1.200000e+00 -5.880865e-04
5.540000e-08 5.540000e-08 1.200000e+00 1.200000e+00 -5.880865e-04
5.550000e-08 5.550000e-08 1.200000e+00 1.200000e+00 -5.880865e-04
5.560000e-08 5.560000e-08 1.200000e+00 1.200000e+00 -5.880865e-04
5.570000e-08 5.570000e-08 1.200000e+00 1.200000e+00 -5.880865e-04
5.580000e-08 5.580000e-08 1.200000e+00 1.200000e+00 -5.880865e-04
5.590000e-08 5.590000e-08 1.200000e+00 1.200000e+00 -5.880865e-04
5.600000e-08 5.600000e-08 1.200000e+00 1.200000e+00 -5.880865e-04
5.610000e-08 5.610000e-08 1.200000e+00 1.200000e+00 -5.880865e-04
5.620000e-08 5.620000e-08 1.200000e+00 1.200000e+00 -5.880865e-04
5.630000e-08 5.630000e-08 1.200000e+00 1.200000e+00 -5.880865e-04
5.640000e-08 5.640000e-08 1.200000e+00 1.200000e+00 -5.880865e-04
5.650000e-08 5.650000e-08 1.200000e+00 1.200000e+00 -5.880865e-04
5.660000e-08 5.660000e-08 1.200000e+00 1.200000e+00 -5.880865e-04
5.670000e-08 5.670000e-08 1.200000e+00 1.200000e+00 -5.880865e-04
5.680000e-08 5.680000e-08 1.200000e+00 1.200000e+00 -5.880865e-04
5.690000e-08 5.690000e-08 1.200000e+00 1.200000e+00 -5.880865e-04
5.700000e-08 5.700000e-08 1.200000e+00 1.200000e+00 -5.880865e-04
5.710000e-08 5.710000e-08 1.200000e+00 1.200000e+00 -5.880865e-04
5.720000e-08 5.720000e-08 1.200000e+00 1.200000e+00 -5.880865e-04
5.730000e-08 5.730000e-08 1.200000e+00 1.200000e+00 -5.880865e-04
5.740000e-08 5.740000e-08 1.200000e+00 1.200000e+00 -5.880865e-04
5.750000e-08 5.750000e-08 1.200000e+00 1.200000e+00 -5.880865e-04
5.760000e-08 5.760000e-08 1.200000e+00 1.200000e+00 -5.880865e-04
5.770000e-08 5.770000e-08 1.200000e+00 1.200000e+00 -5.880865e-04
5.780000e-08 5.780000e-08 1.200000e+00 1.200000e+00 -5.880865e-04
5.790000e-08 5.790000e-08 1.200000e+00 1.200000e+00 -5.880865e-04
5.800000e-08 5.800000e-08 1.200000e+00 1.200000e+00 -5.880865e-04
5.810000e-08 5.810000e-08 1.200000e+00 1.200000e+00 -5.880865e-04
5.820000e-08 5.820000e-08 1.200000e+00 1.200000e+00 -5.880865e-04
5.830000e-08 5.830000e-08 1.200000e+00 1.200000e+00 -5.880865e-04
5.840000e-08 5.840000e-08 1.200000e+00 1.200000e+00 -5.880865e-04
5.850000e-08 5.850000e-08 1.200000e+00 1.200000e+00 -5.880865e-04
5.860000e-08 5.860000e-08 1.200000e+00 1.200000e+00 -5.880865e-04
5.870000e-08 5.870000e-08 1.200000e+00 1.200000e+00 -5.880865e-04
5.880000e-08 5.880000e-08 1.200000e+00 1.200000e+00 -5.880865e-04
5.890000e-08 5.890000e-08 1.200000e+00 1.200000e+00 -5.880865e-04
5.900000e-08 5.900000e-08 1.200000e+00 1.200000e+00 -5.880865e-04
5.910000e-08 5.910000e-08 1.200000e+00 1.200000e+00 -5.880865e-04
5.920000e-08 5.920000e-08 1.200000e+00 1.200000e+00 -5.880865e-04
5.930000e-08 5.930000e-08 1.200000e+00 1.200000e+00 -5.880865e-04
5.940000e-08 5.940000e-08 1.200000e+00 1.200000e+00 -5.880865e-04
5.950000e-08 5.950000e-08 1.200000e+00 1.200000e+00 -5.880865e-04
5.960000e-08 5.960000e-08 1.200000e+00 1.200000e+00 -5.880865e-04
5.970000e-08 5.970000e-08 1.200000e+00 1.200000e+00 -5.880865e-04
5.980000e-08 5.980000e-08 1.200000e+00 1.200000e+00 -5.880865e-04
5.990000e-08 5.990000e-08 1.200000e+00 1.200000e+00 -5.880865e-04
6.000000e-08 6.000000e-08 1.200000e+00 1.200000e+00 -5.880865e-04
6.010000e-08 6.010000e-08 1.200000e+00 1.200000e+00 -5.880865e-04
6.020000e-08 6.020000e-08 1.200000e+00 1.200000e+00 -5.880865e-04
6.030000e-08 6.030000e-08 1.200000e+00 1.200000e+00 -5.880865e-04
6.040000e-08 6.040000e-08 1.200000e+00 1.200000e+00 -5.880865e-04
6.050000e-08 6.050000e-08 1.200000e+00 1.200000e+00 -5.880865e-04
6.060000e-08 6.060000e-08 1.200000e+00 1.200000e+00 -5.880865e-04
6.070000e-08 6.070000e-08 1.200000e+00 1.200000e+00 -5.880865e-04
6.080000e-08 6.080000e-08 1.200000e+00 1.200000e+00 -5.880865e-04
6.090000e-08 6.090000e-08 1.200000e+00 1.200000e+00 -5.880865e-04
6.100000e-08 6.100000e-08 1.200000e+00 1.200000e+00 -5.880865e-04
6.110000e-08 6.110000e-08 1.200000e+00 1.200000e+00 -5.880865e-04
6.120000e-08 6.120000e-08 1.200000e+00 1.200000e+00 -5.880865e-04
6.130000e-08 6.130000e-08 1.200000e+00 1.200000e+00 -5.880865e-04
6.140000e-08 6.140000e-08 1.200000e+00 1.200000e+00 -5.880865e-04
6.150000e-08 6.150000e-08 1.200000e+00 1.200000e+00 -5.880865e-04
6.160000e-08 6.160000e-08 1.200000e+00 1.200000e+00 -5.880865e-04
6.170000e-08 6.170000e-08 1.200000e+00 1.200000e+00 -5.880865e-04
6.180000e-08 6.180000e-08 1.200000e+00 1.200000e+00 -5.880865e-04
6.190000e-08 6.190000e-08 1.200000e+00 1.200000e+00 -5.880865e-04
6.200000e-08 6.200000e-08 1.200000e+00 1.200000e+00 -5.880865e-04
6.210000e-08 6.210000e-08 1.200000e+00 1.200000e+00 -5.880865e-04
6.220000e-08 6.220000e-08 1.200000e+00 1.200000e+00 -5.880865e-04
6.230000e-08 6.230000e-08 1.200000e+00 1.200000e+00 -5.880865e-04
6.240000e-08 6.240000e-08 1.200000e+00 1.200000e+00 -5.880865e-04
6.250000e-08 6.250000e-08 1.200000e+00 1.200000e+00 -5.880865e-04
6.260000e-08 6.260000e-08 1.200000e+00 1.200000e+00 -5.880865e-04
6.270000e-08 6.270000e-08 1.200000e+00 1.200000e+00 -5.880865e-04
6.280000e-08 6.280000e-08 1.200000e+00 1.200000e+00 -5.880865e-04
6.290000e-08 6.290000e-08 1.200000e+00 1.200000e+00 -5.880865e-04
6.300000e-08 6.300000e-08 1.200000e+00 1.200000e+00 -5.880865e-04
6.310000e-08 6.310000e-08 1.200000e+00 1.200000e+00 -5.880865e-04
6.320000e-08 6.320000e-08 1.200000e+00 1.200000e+00 -5.880865e-04
6.330000e-08 6.330000e-08 1.200000e+00 1.200000e+00 -5.880865e-04
6.340000e-08 6.340000e-08 1.200000e+00 1.200000e+00 -5.880865e-04
6.350000e-08 6.350000e-08 1.200000e+00 1.200000e+00 -5.880865e-04
6.360000e-08 6.360000e-08 1.200000e+00 1.200000e+00 -5.880865e-04
6.370000e-08 6.370000e-08 1.200000e+00 1.200000e+00 -5.880865e-04
6.380000e-08 6.380000e-08 1.200000e+00 1.200000e+00 -5.880865e-04
6.390000e-08 6.390000e-08 1.200000e+00 1.200000e+00 -5.880865e-04
6.400000e-08 6.400000e-08 1.200000e+00 1.200000e+00 -5.880865e-04
6.410000e-08 6.410000e-08 1.200000e+00 1.200000e+00 -5.880865e-04
6.420000e-08 6.420000e-08 1.200000e+00 1.200000e+00 -5.880865e-04
6.430000e-08 6.430000e-08 1.200000e+00 1.200000e+00 -5.880865e-04
6.440000e-08 6.440000e-08 1.200000e+00 1.200000e+00 -5.880865e-04
6.450000e-08 6.450000e-08 1.200000e+00 1.200000e+00 -5.880865e-04
6.460000e-08 6.460000e-08 1.200000e+00 1.200000e+00 -5.880865e-04
6.470000e-08 6.470000e-08 1.200000e+00 1.200000e+00 -5.880865e-04
6.480000e-08 6.480000e-08 1.200000e+00 1.200000e+00 -5.880865e-04
6.490000e-08 6.490000e-08 1.200000e+00 1.200000e+00 -5.880865e-04
6.500000e-08 6.500000e-08 1.200000e+00 1.200000e+00 -5.880865e-04
6.510000e-08 6.510000e-08 1.200000e+00 1.200000e+00 -5.880865e-04
6.520000e-08 6.520000e-08 1.200000e+00 1.200000e+00 -5.880865e-04
6.530000e-08 6.530000e-08 1.200000e+00 1.200000e+00 -5.880865e-04
6.540000e-08 6.540000e-08 1.200000e+00 1.200000e+00 -5.880865e-04
6.550000e-08 6.550000e-08 1.200000e+00 1.200000e+00 -5.880865e-04
6.560000e-08 6.560000e-08 1.200000e+00 1.200000e+00 -5.880865e-04
6.570000e-08 6.570000e-08 1.200000e+00 1.200000e+00 -5.880865e-04
6.580000e-08 6.580000e-08 1.200000e+00 1.200000e+00 -5.880865e-04
6.590000e-08 6.590000e-08 1.200000e+00 1.200000e+00 -5.880865e-04
6.600000e-08 6.600000e-08 1.200000e+00 1.200000e+00 -5.880865e-04
6.610000e-08 6.610000e-08 1.200000e+00 1.200000e+00 -5.880865e-04
6.620000e-08 6.620000e-08 1.200000e+00 1.200000e+00 -5.880865e-04
6.630000e-08 6.630000e-08 1.200000e+00 1.200000e+00 -5.880865e-04
6.640000e-08 6.640000e-08 1.200000e+00 1.200000e+00 -5.880865e-04
6.650000e-08 6.650000e-08 1.200000e+00 1.200000e+00 -5.880865e-04
6.660000e-08 6.660000e-08 1.200000e+00 1.200000e+00 -5.880865e-04
6.670000e-08 6.670000e-08 1.200000e+00 1.200000e+00 -5.880865e-04
6.680000e-08 6.680000e-08 1.200000e+00 1.200000e+00 -5.880865e-04
6.690000e-08 6.690000e-08 1.200000e+00 1.200000e+00 -5.880865e-04
6.700000e-08 6.700000e-08 1.200000e+00 1.200000e+00 -5.880865e-04
6.710000e-08 6.710000e-08 1.200000e+00 1.200000e+00 -5.880865e-04
6.720000e-08 6.720000e-08 1.200000e+00 1.200000e+00 -5.880865e-04
6.730000e-08 6.730000e-08 1.200000e+00 1.200000e+00 -5.880865e-04
6.740000e-08 6.740000e-08 1.200000e+00 1.200000e+00 -5.880865e-04
6.750000e-08 6.750000e-08 1.200000e+00 1.200000e+00 -5.880865e-04
6.760000e-08 6.760000e-08 1.200000e+00 1.200000e+00 -5.880865e-04
6.770000e-08 6.770000e-08 1.200000e+00 1.200000e+00 -5.880865e-04
6.780000e-08 6.780000e-08 1.200000e+00 1.200000e+00 -5.880865e-04
6.790000e-08 6.790000e-08 1.200000e+00 1.200000e+00 -5.880865e-04
6.800000e-08 6.800000e-08 1.200000e+00 1.200000e+00 -5.880865e-04
6.810000e-08 6.810000e-08 1.200000e+00 1.200000e+00 -5.880865e-04
6.820000e-08 6.820000e-08 1.200000e+00 1.200000e+00 -5.880865e-04
6.830000e-08 6.830000e-08 1.200000e+00 1.200000e+00 -5.880865e-04
6.840000e-08 6.840000e-08 1.200000e+00 1.200000e+00 -5.880865e-04
6.850000e-08 6.850000e-08 1.200000e+00 1.200000e+00 -5.880865e-04
6.860000e-08 6.860000e-08 1.200000e+00 1.200000e+00 -5.880865e-04
6.870000e-08 6.870000e-08 1.200000e+00 1.200000e+00 -5.880865e-04
6.880000e-08 6.880000e-08 1.200000e+00 1.200000e+00 -5.880865e-04
6.890000e-08 6.890000e-08 1.200000e+00 1.200000e+00 -5.880865e-04
6.900000e-08 6.900000e-08 1.200000e+00 1.200000e+00 -5.880865e-04
6.910000e-08 6.910000e-08 1.200000e+00 1.200000e+00 -5.880865e-04
6.920000e-08 6.920000e-08 1.200000e+00 1.200000e+00 -5.880865e-04
6.930000e-08 6.930000e-08 1.200000e+00 1.200000e+00 -5.880865e-04
6.940000e-08 6.940000e-08 1.200000e+00 1.200000e+00 -5.880865e-04
6.950000e-08 6.950000e-08 1.200000e+00 1.200000e+00 -5.880865e-04
6.960000e-08 6.960000e-08 1.200000e+00 1.200000e+00 -5.880865e-04
6.970000e-08 6.970000e-08 1.200000e+00 1.200000e+00 -5.880865e-04
6.980000e-08 6.980000e-08 1.200000e+00 1.200000e+00 -5.880865e-04
6.990000e-08 6.990000e-08 1.200000e+00 1.200000e+00 -5.880865e-04
7.000000e-08 7.000000e-08 1.200000e+00 1.200000e+00 -5.880865e-04
7.010000e-08 7.010000e-08 1.200000e+00 1.200000e+00 -5.880865e-04
7.020000e-08 7.020000e-08 1.200000e+00 1.200000e+00 -5.880865e-04
7.030000e-08 7.030000e-08 1.200000e+00 1.200000e+00 -5.880865e-04
7.040000e-08 7.040000e-08 1.200000e+00 1.200000e+00 -5.880865e-04
7.050000e-08 7.050000e-08 1.200000e+00 1.200000e+00 -5.880865e-04
7.060000e-08 7.060000e-08 1.200000e+00 1.200000e+00 -5.880865e-04
7.070000e-08 7.070000e-08 1.200000e+00 1.200000e+00 -5.880865e-04
7.080000e-08 7.080000e-08 1.200000e+00 1.200000e+00 -5.880865e-04
7.090000e-08 7.090000e-08 1.200000e+00 1.200000e+00 -5.880865e-04
7.100000e-08 7.100000e-08 1.200000e+00 1.200000e+00 -5.880865e-04
7.110000e-08 7.110000e-08 1.200000e+00 1.200000e+00 -5.880865e-04
7.120000e-08 7.120000e-08 1.200000e+00 1.200000e+00 -5.880865e-04
7.130000e-08 7.130000e-08 1.200000e+00 1.200000e+00 -5.880865e-04
7.140000e-08 7.140000e-08 1.200000e+00 1.200000e+00 -5.880865e-04
7.150000e-08 7.150000e-08 1.200000e+00 1.200000e+00 -5.880865e-04
7.160000e-08 7.160000e-08 1.200000e+00 1.200000e+00 -5.880865e-04
7.170000e-08 7.170000e-08 1.200000e+00 1.200000e+00 -5.880865e-04
7.180000e-08 7.180000e-08 1.200000e+00 1.200000e+00 -5.880865e-04
7.190000e-08 7.190000e-08 1.200000e+00 1.200000e+00 -5.880865e-04
7.200000e-08 7.200000e-08 1.200000e+00 1.200000e+00 -5.880865e-04
7.210000e-08 7.210000e-08 1.200000e+00 1.200000e+00 -5.880865e-04
7.220000e-08 7.220000e-08 1.200000e+00 1.200000e+00 -5.880865e-04
7.230000e-08 7.230000e-08 1.200000e+00 1.200000e+00 -5.880865e-04
7.240000e-08 7.240000e-08 1.200000e+00 1.200000e+00 -5.880865e-04
7.250000e-08 7.250000e-08 1.200000e+00 1.200000e+00 -5.880865e-04
7.260000e-08 7.260000e-08 1.200000e+00 1.200000e+00 -5.880865e-04
7.270000e-08 7.270000e-08 1.200000e+00 1.200000e+00 -5.880865e-04
7.280000e-08 7.280000e-08 1.200000e+00 1.200000e+00 -5.880865e-04
7.290000e-08 7.290000e-08 1.200000e+00 1.200000e+00 -5.880865e-04
7.300000e-08 7.300000e-08 1.200000e+00 1.200000e+00 -5.880865e-04
7.310000e-08 7.310000e-08 1.200000e+00 1.200000e+00 -5.880865e-04
7.320000e-08 7.320000e-08 1.200000e+00 1.200000e+00 -5.880865e-04
7.330000e-08 7.330000e-08 1.200000e+00 1.200000e+00 -5.880865e-04
7.340000e-08 7.340000e-08 1.200000e+00 1.200000e+00 -5.880865e-04
7.350000e-08 7.350000e-08 1.200000e+00 1.200000e+00 -5.880865e-04
7.360000e-08 7.360000e-08 1.200000e+00 1.200000e+00 -5.880865e-04
7.370000e-08 7.370000e-08 1.200000e+00 1.200000e+00 -5.880865e-04
7.380000e-08 7.380000e-08 1.200000e+00 1.200000e+00 -5.880865e-04
7.390000e-08 7.390000e-08 1.200000e+00 1.200000e+00 -5.880865e-04
7.400000e-08 7.400000e-08 1.200000e+00 1.200000e+00 -5.880865e-04
7.410000e-08 7.410000e-08 1.200000e+00 1.200000e+00 -5.880865e-04
7.420000e-08 7.420000e-08 1.200000e+00 1.200000e+00 -5.880865e-04
7.430000e-08 7.430000e-08 1.200000e+00 1.200000e+00 -5.880865e-04
7.440000e-08 7.440000e-08 1.200000e+00 1.200000e+00 -5.880865e-04
7.450000e-08 7.450000e-08 1.200000e+00 1.200000e+00 -5.880865e-04
7.460000e-08 7.460000e-08 1.200000e+00 1.200000e+00 -5.880865e-04
7.470000e-08 7.470000e-08 1.200000e+00 1.200000e+00 -5.880865e-04
7.480000e-08 7.480000e-08 1.200000e+00 1.200000e+00 -5.880865e-04
7.490000e-08 7.490000e-08 1.200000e+00 1.200000e+00 -5.880865e-04
7.500000e-08 7.500000e-08 1.200000e+00 1.200000e+00 -5.880865e-04
7.510000e-08 7.510000e-08 1.200000e+00 1.200000e+00 -5.880865e-04
7.520000e-08 7.520000e-08 1.200000e+00 1.200000e+00 -5.880865e-04
7.530000e-08 7.530000e-08 1.200000e+00 1.200000e+00 -5.880865e-04
7.540000e-08 7.540000e-08 1.200000e+00 1.200000e+00 -5.880865e-04
7.550000e-08 7.550000e-08 1.200000e+00 1.200000e+00 -5.880865e-04
7.560000e-08 7.560000e-08 1.200000e+00 1.200000e+00 -5.880865e-04
7.570000e-08 7.570000e-08 1.200000e+00 1.200000e+00 -5.880865e-04
7.580000e-08 7.580000e-08 1.200000e+00 1.200000e+00 -5.880865e-04
7.590000e-08 7.590000e-08 1.200000e+00 1.200000e+00 -5.880865e-04
7.600000e-08 7.600000e-08 1.200000e+00 1.200000e+00 -5.880865e-04
7.610000e-08 7.610000e-08 1.200000e+00 1.200000e+00 -5.880865e-04
7.620000e-08 7.620000e-08 1.200000e+00 1.200000e+00 -5.880865e-04
7.630000e-08 7.630000e-08 1.200000e+00 1.200000e+00 -5.880865e-04
7.640000e-08 7.640000e-08 1.200000e+00 1.200000e+00 -5.880865e-04
7.650000e-08 7.650000e-08 1.200000e+00 1.200000e+00 -5.880865e-04
7.660000e-08 7.660000e-08 1.200000e+00 1.200000e+00 -5.880865e-04
7.670000e-08 7.670000e-08 1.200000e+00 1.200000e+00 -5.880865e-04
7.680000e-08 7.680000e-08 1.200000e+00 1.200000e+00 -5.880865e-04
7.690000e-08 7.690000e-08 1.200000e+00 1.200000e+00 -5.880865e-04
7.700000e-08 7.700000e-08 1.200000e+00 1.200000e+00 -5.880865e-04
7.710000e-08 7.710000e-08 1.200000e+00 1.200000e+00 -5.880865e-04
7.720000e-08 7.720000e-08 1.200000e+00 1.200000e+00 -5.880865e-04
7.730000e-08 7.730000e-08 1.200000e+00 1.200000e+00 -5.880865e-04
7.740000e-08 7.740000e-08 1.200000e+00 1.200000e+00 -5.880865e-04
7.750000e-08 7.750000e-08 1.200000e+00 1.200000e+00 -5.880865e-04
7.760000e-08 7.760000e-08 1.200000e+00 1.200000e+00 -5.880865e-04
7.770000e-08 7.770000e-08 1.200000e+00 1.200000e+00 -5.880865e-04
7.780000e-08 7.780000e-08 1.200000e+00 1.200000e+00 -5.880865e-04
7.790000e-08 7.790000e-08 1.200000e+00 1.200000e+00 -5.880865e-04
7.800000e-08 7.800000e-08 1.200000e+00 1.200000e+00 -5.880865e-04
7.810000e-08 7.810000e-08 1.200000e+00 1.200000e+00 -5.880865e-04
7.820000e-08 7.820000e-08 1.200000e+00 1.200000e+00 -5.880865e-04
7.830000e-08 7.830000e-08 1.200000e+00 1.200000e+00 -5.880865e-04
7.840000e-08 7.840000e-08 1.200000e+00 1.200000e+00 -5.880865e-04
7.850000e-08 7.850000e-08 1.200000e+00 1.200000e+00 -5.880865e-04
7.860000e-08 7.860000e-08 1.200000e+00 1.200000e+00 -5.880865e-04
7.870000e-08 7.870000e-08 1.200000e+00 1.200000e+00 -5.880865e-04
7.880000e-08 7.880000e-08 1.200000e+00 1.200000e+00 -5.880865e-04
7.890000e-08 7.890000e-08 1.200000e+00 1.200000e+00 -5.880865e-04
7.900000e-08 7.900000e-08 1.200000e+00 1.200000e+00 -5.880865e-04
7.910000e-08 7.910000e-08 1.200000e+00 1.200000e+00 -5.880865e-04
7.920000e-08 7.920000e-08 1.200000e+00 1.200000e+00 -5.880865e-04
7.930000e-08 7.930000e-08 1.200000e+00 1.200000e+00 -5.880865e-04
7.940000e-08 7.940000e-08 1.200000e+00 1.200000e+00 -5.880865e-04
7.950000e-08 7.950000e-08 1.200000e+00 1.200000e+00 -5.880865e-04
7.960000e-08 7.960000e-08 1.200000e+00 1.200000e+00 -5.880865e-04
7.970000e-08 7.970000e-08 1.200000e+00 1.200000e+00 -5.880865e-04
7.980000e-08 7.980000e-08 1.200000e+00 1.200000e+00 -5.880865e-04
7.990000e-08 7.990000e-08 1.200000e+00 1.200000e+00 -5.880865e-04
8.000000e-08 8.000000e-08 1.200000e+00 1.200000e+00 -5.880865e-04
8.010000e-08 8.010000e-08 1.200000e+00 1.200000e+00 -5.880865e-04
8.020000e-08 8.020000e-08 1.200000e+00 1.200000e+00 -5.880865e-04
8.030000e-08 8.030000e-08 1.200000e+00 1.200000e+00 -5.880865e-04
8.040000e-08 8.040000e-08 1.200000e+00 1.200000e+00 -5.880865e-04
8.050000e-08 8.050000e-08 1.200000e+00 1.200000e+00 -5.880865e-04
8.060000e-08 8.060000e-08 1.200000e+00 1.200000e+00 -5.880865e-04
8.070000e-08 8.070000e-08 1.200000e+00 1.200000e+00 -5.880865e-04
8.080000e-08 8.080000e-08 1.200000e+00 1.200000e+00 -5.880865e-04
8.090000e-08 8.090000e-08 1.200000e+00 1.200000e+00 -5.880865e-04
8.100000e-08 8.100000e-08 1.200000e+00 1.200000e+00 -5.880865e-04
8.110000e-08 8.110000e-08 1.200000e+00 1.200000e+00 -5.880865e-04
8.120000e-08 8.120000e-08 1.200000e+00 1.200000e+00 -5.880865e-04
8.130000e-08 8.130000e-08 1.200000e+00 1.200000e+00 -5.880865e-04
8.140000e-08 8.140000e-08 1.200000e+00 1.200000e+00 -5.880865e-04
8.150000e-08 8.150000e-08 1.200000e+00 1.200000e+00 -5.880865e-04
8.160000e-08 8.160000e-08 1.200000e+00 1.200000e+00 -5.880865e-04
8.170000e-08 8.170000e-08 1.200000e+00 1.200000e+00 -5.880865e-04
8.180000e-08 8.180000e-08 1.200000e+00 1.200000e+00 -5.880865e-04
8.190000e-08 8.190000e-08 1.200000e+00 1.200000e+00 -5.880865e-04
8.200000e-08 8.200000e-08 1.200000e+00 1.200000e+00 -5.880865e-04
8.210000e-08 8.210000e-08 1.200000e+00 1.200000e+00 -5.880865e-04
8.220000e-08 8.220000e-08 1.200000e+00 1.200000e+00 -5.880865e-04
8.230000e-08 8.230000e-08 1.200000e+00 1.200000e+00 -5.880865e-04
8.240000e-08 8.240000e-08 1.200000e+00 1.200000e+00 -5.880865e-04
8.250000e-08 8.250000e-08 1.200000e+00 1.200000e+00 -5.880865e-04
8.260000e-08 8.260000e-08 1.200000e+00 1.200000e+00 -5.880865e-04
8.270000e-08 8.270000e-08 1.200000e+00 1.200000e+00 -5.880865e-04
8.280000e-08 8.280000e-08 1.200000e+00 1.200000e+00 -5.880865e-04
8.290000e-08 8.290000e-08 1.200000e+00 1.200000e+00 -5.880865e-04
8.300000e-08 8.300000e-08 1.200000e+00 1.200000e+00 -5.880865e-04
8.310000e-08 8.310000e-08 1.200000e+00 1.200000e+00 -5.880865e-04
8.320000e-08 8.320000e-08 1.200000e+00 1.200000e+00 -5.880865e-04
8.330000e-08 8.330000e-08 1.200000e+00 1.200000e+00 -5.880865e-04
8.340000e-08 8.340000e-08 1.200000e+00 1.200000e+00 -5.880865e-04
8.350000e-08 8.350000e-08 1.200000e+00 1.200000e+00 -5.880865e-04
8.360000e-08 8.360000e-08 1.200000e+00 1.200000e+00 -5.880865e-04
8.370000e-08 8.370000e-08 1.200000e+00 1.200000e+00 -5.880865e-04
8.380000e-08 8.380000e-08 1.200000e+00 1.200000e+00 -5.880865e-04
8.390000e-08 8.390000e-08 1.200000e+00 1.200000e+00 -5.880865e-04
8.400000e-08 8.400000e-08 1.200000e+00 1.200000e+00 -5.880865e-04
8.410000e-08 8.410000e-08 1.200000e+00 1.200000e+00 -5.880865e-04
8.420000e-08 8.420000e-08 1.200000e+00 1.200000e+00 -5.880865e-04
8.430000e-08 8.430000e-08 1.200000e+00 1.200000e+00 -5.880865e-04
8.440000e-08 8.440000e-08 1.200000e+00 1.200000e+00 -5.880865e-04
8.450000e-08 8.450000e-08 1.200000e+00 1.200000e+00 -5.880865e-04
8.460000e-08 8.460000e-08 1.200000e+00 1.200000e+00 -5.880865e-04
8.470000e-08 8.470000e-08 1.200000e+00 1.200000e+00 -5.880865e-04
8.480000e-08 8.480000e-08 1.200000e+00 1.200000e+00 -5.880865e-04
8.490000e-08 8.490000e-08 1.200000e+00 1.200000e+00 -5.880865e-04
8.500000e-08 8.500000e-08 1.200000e+00 1.200000e+00 -5.880865e-04
8.510000e-08 8.510000e-08 1.200000e+00 1.200000e+00 -5.880865e-04
8.520000e-08 8.520000e-08 1.200000e+00 1.200000e+00 -5.880865e-04
8.530000e-08 8.530000e-08 1.200000e+00 1.200000e+00 -5.880865e-04
8.540000e-08 8.540000e-08 1.200000e+00 1.200000e+00 -5.880865e-04
8.550000e-08 8.550000e-08 1.200000e+00 1.200000e+00 -5.880865e-04
8.560000e-08 8.560000e-08 1.200000e+00 1.200000e+00 -5.880865e-04
8.570000e-08 8.570000e-08 1.200000e+00 1.200000e+00 -5.880865e-04
8.580000e-08 8.580000e-08 1.200000e+00 1.200000e+00 -5.880865e-04
8.590000e-08 8.590000e-08 1.200000e+00 1.200000e+00 -5.880865e-04
8.600000e-08 8.600000e-08 1.200000e+00 1.200000e+00 -5.880865e-04
8.610000e-08 8.610000e-08 1.200000e+00 1.200000e+00 -5.880865e-04
8.620000e-08 8.620000e-08 1.200000e+00 1.200000e+00 -5.880865e-04
8.630000e-08 8.630000e-08 1.200000e+00 1.200000e+00 -5.880865e-04
8.640000e-08 8.640000e-08 1.200000e+00 1.200000e+00 -5.880865e-04
8.650000e-08 8.650000e-08 1.200000e+00 1.200000e+00 -5.880865e-04
8.660000e-08 8.660000e-08 1.200000e+00 1.200000e+00 -5.880865e-04
8.670000e-08 8.670000e-08 1.200000e+00 1.200000e+00 -5.880865e-04
8.680000e-08 8.680000e-08 1.200000e+00 1.200000e+00 -5.880865e-04
8.690000e-08 8.690000e-08 1.200000e+00 1.200000e+00 -5.880865e-04
8.700000e-08 8.700000e-08 1.200000e+00 1.200000e+00 -5.880865e-04
8.710000e-08 8.710000e-08 1.200000e+00 1.200000e+00 -5.880865e-04
8.720000e-08 8.720000e-08 1.200000e+00 1.200000e+00 -5.880865e-04
8.730000e-08 8.730000e-08 1.200000e+00 1.200000e+00 -5.880865e-04
8.740000e-08 8.740000e-08 1.200000e+00 1.200000e+00 -5.880865e-04
8.750000e-08 8.750000e-08 1.200000e+00 1.200000e+00 -5.880865e-04
8.760000e-08 8.760000e-08 1.200000e+00 1.200000e+00 -5.880865e-04
8.770000e-08 8.770000e-08 1.200000e+00 1.200000e+00 -5.880865e-04
8.780000e-08 8.780000e-08 1.200000e+00 1.200000e+00 -5.880865e-04
8.790000e-08 8.790000e-08 1.200000e+00 1.200000e+00 -5.880865e-04
8.800000e-08 8.800000e-08 1.200000e+00 1.200000e+00 -5.880865e-04
8.810000e-08 8.810000e-08 1.200000e+00 1.200000e+00 -5.880865e-04
8.820000e-08 8.820000e-08 1.200000e+00 1.200000e+00 -5.880865e-04
8.830000e-08 8.830000e-08 1.200000e+00 1.200000e+00 -5.880865e-04
8.840000e-08 8.840000e-08 1.200000e+00 1.200000e+00 -5.880865e-04
8.850000e-08 8.850000e-08 1.200000e+00 1.200000e+00 -5.880865e-04
8.860000e-08 8.860000e-08 1.200000e+00 1.200000e+00 -5.880865e-04
8.870000e-08 8.870000e-08 1.200000e+00 1.200000e+00 -5.880865e-04
8.880000e-08 8.880000e-08 1.200000e+00 1.200000e+00 -5.880865e-04
8.890000e-08 8.890000e-08 1.200000e+00 1.200000e+00 -5.880865e-04
8.900000e-08 8.900000e-08 1.200000e+00 1.200000e+00 -5.880865e-04
8.910000e-08 8.910000e-08 1.200000e+00 1.200000e+00 -5.880865e-04
8.920000e-08 8.920000e-08 1.200000e+00 1.200000e+00 -5.880865e-04
8.930000e-08 8.930000e-08 1.200000e+00 1.200000e+00 -5.880865e-04
8.940000e-08 8.940000e-08 1.200000e+00 1.200000e+00 -5.880865e-04
8.950000e-08 8.950000e-08 1.200000e+00 1.200000e+00 -5.880865e-04
8.960000e-08 8.960000e-08 1.200000e+00 1.200000e+00 -5.880865e-04
8.970000e-08 8.970000e-08 1.200000e+00 1.200000e+00 -5.880865e-04
8.980000e-08 8.980000e-08 1.200000e+00 1.200000e+00 -5.880865e-04
8.990000e-08 8.990000e-08 1.200000e+00 1.200000e+00 -5.880865e-04
9.000000e-08 9.000000e-08 1.200000e+00 1.200000e+00 -5.880865e-04
9.010000e-08 9.010000e-08 1.200000e+00 1.200000e+00 -5.880865e-04
9.020000e-08 9.020000e-08 1.200000e+00 1.200000e+00 -5.880865e-04
9.030000e-08 9.030000e-08 1.200000e+00 1.200000e+00 -5.880865e-04
9.040000e-08 9.040000e-08 1.200000e+00 1.200000e+00 -5.880865e-04
9.050000e-08 9.050000e-08 1.200000e+00 1.200000e+00 -5.880865e-04
9.060000e-08 9.060000e-08 1.200000e+00 1.200000e+00 -5.880865e-04
9.070000e-08 9.070000e-08 1.200000e+00 1.200000e+00 -5.880865e-04
9.080000e-08 9.080000e-08 1.200000e+00 1.200000e+00 -5.880865e-04
9.090000e-08 9.090000e-08 1.200000e+00 1.200000e+00 -5.880865e-04
9.100000e-08 9.100000e-08 1.200000e+00 1.200000e+00 -5.880865e-04
9.110000e-08 9.110000e-08 1.200000e+00 1.200000e+00 -5.880865e-04
9.120000e-08 9.120000e-08 1.200000e+00 1.200000e+00 -5.880865e-04
9.130000e-08 9.130000e-08 1.200000e+00 1.200000e+00 -5.880865e-04
9.140000e-08 9.140000e-08 1.200000e+00 1.200000e+00 -5.880865e-04
9.150000e-08 9.150000e-08 1.200000e+00 1.200000e+00 -5.880865e-04
9.160000e-08 9.160000e-08 1.200000e+00 1.200000e+00 -5.880865e-04
9.170000e-08 9.170000e-08 1.200000e+00 1.200000e+00 -5.880865e-04
9.180000e-08 9.180000e-08 1.200000e+00 1.200000e+00 -5.880865e-04
9.190000e-08 9.190000e-08 1.200000e+00 1.200000e+00 -5.880865e-04
9.200000e-08 9.200000e-08 1.200000e+00 1.200000e+00 -5.880865e-04
9.210000e-08 9.210000e-08 1.200000e+00 1.200000e+00 -5.880865e-04
9.220000e-08 9.220000e-08 1.200000e+00 1.200000e+00 -5.880865e-04
9.230000e-08 9.230000e-08 1.200000e+00 1.200000e+00 -5.880865e-04
9.240000e-08 9.240000e-08 1.200000e+00 1.200000e+00 -5.880865e-04
9.250000e-08 9.250000e-08 1.200000e+00 1.200000e+00 -5.880865e-04
9.260000e-08 9.260000e-08 1.200000e+00 1.200000e+00 -5.880865e-04
9.270000e-08 9.270000e-08 1.200000e+00 1.200000e+00 -5.880865e-04
9.280000e-08 9.280000e-08 1.200000e+00 1.200000e+00 -5.880865e-04
9.290000e-08 9.290000e-08 1.200000e+00 1.200000e+00 -5.880865e-04
9.300000e-08 9.300000e-08 1.200000e+00 1.200000e+00 -5.880865e-04
9.310000e-08 9.310000e-08 1.200000e+00 1.200000e+00 -5.880865e-04
9.320000e-08 9.320000e-08 1.200000e+00 1.200000e+00 -5.880865e-04
9.330000e-08 9.330000e-08 1.200000e+00 1.200000e+00 -5.880865e-04
9.340000e-08 9.340000e-08 1.200000e+00 1.200000e+00 -5.880865e-04
9.350000e-08 9.350000e-08 1.200000e+00 1.200000e+00 -5.880865e-04
9.360000e-08 9.360000e-08 1.200000e+00 1.200000e+00 -5.880865e-04
9.370000e-08 9.370000e-08 1.200000e+00 1.200000e+00 -5.880865e-04
9.380000e-08 9.380000e-08 1.200000e+00 1.200000e+00 -5.880865e-04
9.390000e-08 9.390000e-08 1.200000e+00 1.200000e+00 -5.880865e-04
9.400000e-08 9.400000e-08 1.200000e+00 1.200000e+00 -5.880865e-04
9.410000e-08 9.410000e-08 1.200000e+00 1.200000e+00 -5.880865e-04
9.420000e-08 9.420000e-08 1.200000e+00 1.200000e+00 -5.880865e-04
9.430000e-08 9.430000e-08 1.200000e+00 1.200000e+00 -5.880865e-04
9.440000e-08 9.440000e-08 1.200000e+00 1.200000e+00 -5.880865e-04
9.450000e-08 9.450000e-08 1.200000e+00 1.200000e+00 -5.880865e-04
9.460000e-08 9.460000e-08 1.200000e+00 1.200000e+00 -5.880865e-04
9.470000e-08 9.470000e-08 1.200000e+00 1.200000e+00 -5.880865e-04
9.480000e-08 9.480000e-08 1.200000e+00 1.200000e+00 -5.880865e-04
9.490000e-08 9.490000e-08 1.200000e+00 1.200000e+00 -5.880865e-04
9.500000e-08 9.500000e-08 1.200000e+00 1.200000e+00 -5.880865e-04
9.510000e-08 9.510000e-08 1.200000e+00 1.200000e+00 -5.880865e-04
9.520000e-08 9.520000e-08 1.200000e+00 1.200000e+00 -5.880865e-04
9.530000e-08 9.530000e-08 1.200000e+00 1.200000e+00 -5.880865e-04
9.540000e-08 9.540000e-08 1.200000e+00 1.200000e+00 -5.880865e-04
9.550000e-08 9.550000e-08 1.200000e+00 1.200000e+00 -5.880865e-04
9.560000e-08 9.560000e-08 1.200000e+00 1.200000e+00 -5.880865e-04
9.570000e-08 9.570000e-08 1.200000e+00 1.200000e+00 -5.880865e-04
9.580000e-08 9.580000e-08 1.200000e+00 1.200000e+00 -5.880865e-04
9.590000e-08 9.590000e-08 1.200000e+00 1.200000e+00 -5.880865e-04
9.600000e-08 9.600000e-08 1.200000e+00 1.200000e+00 -5.880865e-04
9.610000e-08 9.610000e-08 1.200000e+00 1.200000e+00 -5.880865e-04
9.620000e-08 9.620000e-08 1.200000e+00 1.200000e+00 -5.880865e-04
9.630000e-08 9.630000e-08 1.200000e+00 1.200000e+00 -5.880865e-04
9.640000e-08 9.640000e-08 1.200000e+00 1.200000e+00 -5.880865e-04
9.650000e-08 9.650000e-08 1.200000e+00 1.200000e+00 -5.880865e-04
9.660000e-08 9.660000e-08 1.200000e+00 1.200000e+00 -5.880865e-04
9.670000e-08 9.670000e-08 1.200000e+00 1.200000e+00 -5.880865e-04
9.680000e-08 9.680000e-08 1.200000e+00 1.200000e+00 -5.880865e-04
9.690000e-08 9.690000e-08 1.200000e+00 1.200000e+00 -5.880865e-04
9.700000e-08 9.700000e-08 1.200000e+00 1.200000e+00 -5.880865e-04
9.710000e-08 9.710000e-08 1.200000e+00 1.200000e+00 -5.880865e-04
9.720000e-08 9.720000e-08 1.200000e+00 1.200000e+00 -5.880865e-04
9.730000e-08 9.730000e-08 1.200000e+00 1.200000e+00 -5.880865e-04
9.740000e-08 9.740000e-08 1.200000e+00 1.200000e+00 -5.880865e-04
9.750000e-08 9.750000e-08 1.200000e+00 1.200000e+00 -5.880865e-04
9.760000e-08 9.760000e-08 1.200000e+00 1.200000e+00 -5.880865e-04
9.770000e-08 9.770000e-08 1.200000e+00 1.200000e+00 -5.880865e-04
9.780000e-08 9.780000e-08 1.200000e+00 1.200000e+00 -5.880865e-04
9.790000e-08 9.790000e-08 1.200000e+00 1.200000e+00 -5.880865e-04
9.800000e-08 9.800000e-08 1.200000e+00 1.200000e+00 -5.880865e-04
9.810000e-08 9.810000e-08 1.200000e+00 1.200000e+00 -5.880865e-04
9.820000e-08 9.820000e-08 1.200000e+00 1.200000e+00 -5.880865e-04
9.830000e-08 9.830000e-08 1.200000e+00 1.200000e+00 -5.880865e-04
9.840000e-08 9.840000e-08 1.200000e+00 1.200000e+00 -5.880865e-04
9.850000e-08 9.850000e-08 1.200000e+00 1.200000e+00 -5.880865e-04
9.860000e-08 9.860000e-08 1.200000e+00 1.200000e+00 -5.880865e-04
9.870000e-08 9.870000e-08 1.200000e+00 1.200000e+00 -5.880865e-04
9.880000e-08 9.880000e-08 1.200000e+00 1.200000e+00 -5.880865e-04
9.890000e-08 9.890000e-08 1.200000e+00 1.200000e+00 -5.880865e-04
9.900000e-08 9.900000e-08 1.200000e+00 1.200000e+00 -5.880865e-04
9.910000e-08 9.910000e-08 1.200000e+00 1.200000e+00 -5.880865e-04
9.920000e-08 9.920000e-08 1.200000e+00 1.200000e+00 -5.880865e-04
9.930000e-08 9.930000e-08 1.200000e+00 1.200000e+00 -5.880865e-04
9.940000e-08 9.940000e-08 1.200000e+00 1.200000e+00 -5.880865e-04
9.950000e-08 9.950000e-08 1.200000e+00 1.200000e+00 -5.880865e-04
9.960000e-08 9.960000e-08 1.200000e+00 1.200000e+00 -5.880865e-04
9.970000e-08 9.970000e-08 1.200000e+00 1.200000e+00 -5.880865e-04
9.980000e-08 9.980000e-08 1.200000e+00 1.200000e+00 -5.880865e-04
9.990000e-08 9.990000e-08 1.200000e+00 1.200000e+00 -5.880865e-04
1.000000e-07 1.000000e-07 1.200000e+00 1.200000e+00 -5.880865e-04
1.001000e-07 1.001000e-07 1.200000e+00 1.200000e+00 -5.880865e-04
1.002000e-07 1.002000e-07 1.200000e+00 1.200000e+00 -5.880865e-04
1.003000e-07 1.003000e-07 1.200000e+00 1.200000e+00 -5.880865e-04
1.004000e-07 1.004000e-07 1.200000e+00 1.200000e+00 -5.880865e-04
1.005000e-07 1.005000e-07 1.200000e+00 1.200000e+00 -5.880865e-04
1.006000e-07 1.006000e-07 1.200000e+00 1.200000e+00 -5.880865e-04
1.007000e-07 1.007000e-07 1.200000e+00 1.200000e+00 -5.880865e-04
1.008000e-07 1.008000e-07 1.200000e+00 1.200000e+00 -5.880865e-04
1.009000e-07 1.009000e-07 1.200000e+00 1.200000e+00 -5.880865e-04
1.010000e-07 1.010000e-07 1.200000e+00 1.200000e+00 -5.880865e-04
1.011000e-07 1.011000e-07 1.200000e+00 1.200000e+00 -5.880865e-04
1.012000e-07 1.012000e-07 1.200000e+00 1.200000e+00 -5.880865e-04
1.013000e-07 1.013000e-07 1.200000e+00 1.200000e+00 -5.880865e-04
1.014000e-07 1.014000e-07 1.200000e+00 1.200000e+00 -5.880865e-04
1.015000e-07 1.015000e-07 1.200000e+00 1.200000e+00 -5.880865e-04
1.016000e-07 1.016000e-07 1.200000e+00 1.200000e+00 -5.880865e-04
1.017000e-07 1.017000e-07 1.200000e+00 1.200000e+00 -5.880865e-04
1.018000e-07 1.018000e-07 1.200000e+00 1.200000e+00 -5.880865e-04
1.019000e-07 1.019000e-07 1.200000e+00 1.200000e+00 -5.880865e-04
1.020000e-07 1.020000e-07 1.200000e+00 1.200000e+00 -5.880865e-04
1.021000e-07 1.021000e-07 1.200000e+00 1.200000e+00 -5.880865e-04
1.022000e-07 1.022000e-07 1.200000e+00 1.200000e+00 -5.880865e-04
1.023000e-07 1.023000e-07 1.200000e+00 1.200000e+00 -5.880865e-04
1.024000e-07 1.024000e-07 1.200000e+00 1.200000e+00 -5.880865e-04
1.025000e-07 1.025000e-07 1.200000e+00 1.200000e+00 -5.880865e-04
1.026000e-07 1.026000e-07 1.200000e+00 1.200000e+00 -5.880865e-04
1.027000e-07 1.027000e-07 1.200000e+00 1.200000e+00 -5.880865e-04
1.028000e-07 1.028000e-07 1.200000e+00 1.200000e+00 -5.880865e-04
1.029000e-07 1.029000e-07 1.200000e+00 1.200000e+00 -5.880865e-04
1.030000e-07 1.030000e-07 1.200000e+00 1.200000e+00 -5.880865e-04
1.031000e-07 1.031000e-07 1.200000e+00 1.200000e+00 -5.880865e-04
1.032000e-07 1.032000e-07 1.200000e+00 1.200000e+00 -5.880865e-04
1.033000e-07 1.033000e-07 1.200000e+00 1.200000e+00 -5.880865e-04
1.034000e-07 1.034000e-07 1.200000e+00 1.200000e+00 -5.880865e-04
1.035000e-07 1.035000e-07 1.200000e+00 1.200000e+00 -5.880865e-04
1.036000e-07 1.036000e-07 1.200000e+00 1.200000e+00 -5.880865e-04
1.037000e-07 1.037000e-07 1.200000e+00 1.200000e+00 -5.880865e-04
1.038000e-07 1.038000e-07 1.200000e+00 1.200000e+00 -5.880865e-04
1.039000e-07 1.039000e-07 1.200000e+00 1.200000e+00 -5.880865e-04
1.040000e-07 1.040000e-07 1.200000e+00 1.200000e+00 -5.880865e-04
1.041000e-07 1.041000e-07 1.200000e+00 1.200000e+00 -5.880865e-04
1.042000e-07 1.042000e-07 1.200000e+00 1.200000e+00 -5.880865e-04
1.043000e-07 1.043000e-07 1.200000e+00 1.200000e+00 -5.880865e-04
1.044000e-07 1.044000e-07 1.200000e+00 1.200000e+00 -5.880865e-04
1.045000e-07 1.045000e-07 1.200000e+00 1.200000e+00 -5.880865e-04
1.046000e-07 1.046000e-07 1.200000e+00 1.200000e+00 -5.880865e-04
1.047000e-07 1.047000e-07 1.200000e+00 1.200000e+00 -5.880865e-04
1.048000e-07 1.048000e-07 1.200000e+00 1.200000e+00 -5.880865e-04
1.049000e-07 1.049000e-07 1.200000e+00 1.200000e+00 -5.880865e-04
1.050000e-07 1.050000e-07 1.200000e+00 1.200000e+00 -5.880865e-04
1.051000e-07 1.051000e-07 1.200000e+00 1.200000e+00 -5.880865e-04
1.052000e-07 1.052000e-07 1.200000e+00 1.200000e+00 -5.880865e-04
1.053000e-07 1.053000e-07 1.200000e+00 1.200000e+00 -5.880865e-04
1.054000e-07 1.054000e-07 1.200000e+00 1.200000e+00 -5.880865e-04
1.055000e-07 1.055000e-07 1.200000e+00 1.200000e+00 -5.880865e-04
1.056000e-07 1.056000e-07 1.200000e+00 1.200000e+00 -5.880865e-04
1.057000e-07 1.057000e-07 1.200000e+00 1.200000e+00 -5.880865e-04
1.058000e-07 1.058000e-07 1.200000e+00 1.200000e+00 -5.880865e-04
1.059000e-07 1.059000e-07 1.200000e+00 1.200000e+00 -5.880865e-04
1.060000e-07 1.060000e-07 1.200000e+00 1.200000e+00 -5.880865e-04
1.061000e-07 1.061000e-07 1.200000e+00 1.200000e+00 -5.880865e-04
1.062000e-07 1.062000e-07 1.200000e+00 1.200000e+00 -5.880865e-04
1.063000e-07 1.063000e-07 1.200000e+00 1.200000e+00 -5.880865e-04
1.064000e-07 1.064000e-07 1.200000e+00 1.200000e+00 -5.880865e-04
1.065000e-07 1.065000e-07 1.200000e+00 1.200000e+00 -5.880865e-04
1.066000e-07 1.066000e-07 1.200000e+00 1.200000e+00 -5.880865e-04
1.067000e-07 1.067000e-07 1.200000e+00 1.200000e+00 -5.880865e-04
1.068000e-07 1.068000e-07 1.200000e+00 1.200000e+00 -5.880865e-04
1.069000e-07 1.069000e-07 1.200000e+00 1.200000e+00 -5.880865e-04
1.070000e-07 1.070000e-07 1.200000e+00 1.200000e+00 -5.880865e-04
1.071000e-07 1.071000e-07 1.200000e+00 1.200000e+00 -5.880865e-04
1.072000e-07 1.072000e-07 1.200000e+00 1.200000e+00 -5.880865e-04
1.073000e-07 1.073000e-07 1.200000e+00 1.200000e+00 -5.880865e-04
1.074000e-07 1.074000e-07 1.200000e+00 1.200000e+00 -5.880865e-04
1.075000e-07 1.075000e-07 1.200000e+00 1.200000e+00 -5.880865e-04
1.076000e-07 1.076000e-07 1.200000e+00 1.200000e+00 -5.880865e-04
1.077000e-07 1.077000e-07 1.200000e+00 1.200000e+00 -5.880865e-04
1.078000e-07 1.078000e-07 1.200000e+00 1.200000e+00 -5.880865e-04
1.079000e-07 1.079000e-07 1.200000e+00 1.200000e+00 -5.880865e-04
1.080000e-07 1.080000e-07 1.200000e+00 1.200000e+00 -5.880865e-04
1.081000e-07 1.081000e-07 1.200000e+00 1.200000e+00 -5.880865e-04
1.082000e-07 1.082000e-07 1.200000e+00 1.200000e+00 -5.880865e-04
1.083000e-07 1.083000e-07 1.200000e+00 1.200000e+00 -5.880865e-04
1.084000e-07 1.084000e-07 1.200000e+00 1.200000e+00 -5.880865e-04
1.085000e-07 1.085000e-07 1.200000e+00 1.200000e+00 -5.880865e-04
1.086000e-07 1.086000e-07 1.200000e+00 1.200000e+00 -5.880865e-04
1.087000e-07 1.087000e-07 1.200000e+00 1.200000e+00 -5.880865e-04
1.088000e-07 1.088000e-07 1.200000e+00 1.200000e+00 -5.880865e-04
1.089000e-07 1.089000e-07 1.200000e+00 1.200000e+00 -5.880865e-04
1.090000e-07 1.090000e-07 1.200000e+00 1.200000e+00 -5.880865e-04
1.091000e-07 1.091000e-07 1.200000e+00 1.200000e+00 -5.880865e-04
1.092000e-07 1.092000e-07 1.200000e+00 1.200000e+00 -5.880865e-04
1.093000e-07 1.093000e-07 1.200000e+00 1.200000e+00 -5.880865e-04
1.094000e-07 1.094000e-07 1.200000e+00 1.200000e+00 -5.880865e-04
1.095000e-07 1.095000e-07 1.200000e+00 1.200000e+00 -5.880865e-04
1.096000e-07 1.096000e-07 1.200000e+00 1.200000e+00 -5.880865e-04
1.097000e-07 1.097000e-07 1.200000e+00 1.200000e+00 -5.880865e-04
1.098000e-07 1.098000e-07 1.200000e+00 1.200000e+00 -5.880865e-04
1.099000e-07 1.099000e-07 1.200000e+00 1.200000e+00 -5.880865e-04
1.100000e-07 1.100000e-07 1.200000e+00 1.200000e+00 -5.880865e-04
1.101000e-07 1.101000e-07 1.200000e+00 1.200000e+00 -5.880865e-04
1.102000e-07 1.102000e-07 1.200000e+00 1.200000e+00 -5.880865e-04
1.103000e-07 1.103000e-07 1.200000e+00 1.200000e+00 -5.880865e-04
1.104000e-07 1.104000e-07 1.200000e+00 1.200000e+00 -5.880865e-04
1.105000e-07 1.105000e-07 1.200000e+00 1.200000e+00 -5.880865e-04
1.106000e-07 1.106000e-07 1.200000e+00 1.200000e+00 -5.880865e-04
1.107000e-07 1.107000e-07 1.200000e+00 1.200000e+00 -5.880865e-04
1.108000e-07 1.108000e-07 1.200000e+00 1.200000e+00 -5.880865e-04
1.109000e-07 1.109000e-07 1.200000e+00 1.200000e+00 -5.880865e-04
1.110000e-07 1.110000e-07 1.200000e+00 1.200000e+00 -5.880865e-04
1.111000e-07 1.111000e-07 1.200000e+00 1.200000e+00 -5.880865e-04
1.112000e-07 1.112000e-07 1.200000e+00 1.200000e+00 -5.880865e-04
1.113000e-07 1.113000e-07 1.200000e+00 1.200000e+00 -5.880865e-04
1.114000e-07 1.114000e-07 1.200000e+00 1.200000e+00 -5.880865e-04
1.115000e-07 1.115000e-07 1.200000e+00 1.200000e+00 -5.880865e-04
1.116000e-07 1.116000e-07 1.200000e+00 1.200000e+00 -5.880865e-04
1.117000e-07 1.117000e-07 1.200000e+00 1.200000e+00 -5.880865e-04
1.118000e-07 1.118000e-07 1.200000e+00 1.200000e+00 -5.880865e-04
1.119000e-07 1.119000e-07 1.200000e+00 1.200000e+00 -5.880865e-04
1.120000e-07 1.120000e-07 1.200000e+00 1.200000e+00 -5.880865e-04
1.121000e-07 1.121000e-07 1.200000e+00 1.200000e+00 -5.880865e-04
1.122000e-07 1.122000e-07 1.200000e+00 1.200000e+00 -5.880865e-04
1.123000e-07 1.123000e-07 1.200000e+00 1.200000e+00 -5.880865e-04
1.124000e-07 1.124000e-07 1.200000e+00 1.200000e+00 -5.880865e-04
1.125000e-07 1.125000e-07 1.200000e+00 1.200000e+00 -5.880865e-04
1.126000e-07 1.126000e-07 1.200000e+00 1.200000e+00 -5.880865e-04
1.127000e-07 1.127000e-07 1.200000e+00 1.200000e+00 -5.880865e-04
1.128000e-07 1.128000e-07 1.200000e+00 1.200000e+00 -5.880865e-04
1.129000e-07 1.129000e-07 1.200000e+00 1.200000e+00 -5.880865e-04
1.130000e-07 1.130000e-07 1.200000e+00 1.200000e+00 -5.880865e-04
1.131000e-07 1.131000e-07 1.200000e+00 1.200000e+00 -5.880865e-04
1.132000e-07 1.132000e-07 1.200000e+00 1.200000e+00 -5.880865e-04
1.133000e-07 1.133000e-07 1.200000e+00 1.200000e+00 -5.880865e-04
1.134000e-07 1.134000e-07 1.200000e+00 1.200000e+00 -5.880865e-04
1.135000e-07 1.135000e-07 1.200000e+00 1.200000e+00 -5.880865e-04
1.136000e-07 1.136000e-07 1.200000e+00 1.200000e+00 -5.880865e-04
1.137000e-07 1.137000e-07 1.200000e+00 1.200000e+00 -5.880865e-04
1.138000e-07 1.138000e-07 1.200000e+00 1.200000e+00 -5.880865e-04
1.139000e-07 1.139000e-07 1.200000e+00 1.200000e+00 -5.880865e-04
1.140000e-07 1.140000e-07 1.200000e+00 1.200000e+00 -5.880865e-04
1.141000e-07 1.141000e-07 1.200000e+00 1.200000e+00 -5.880865e-04
1.142000e-07 1.142000e-07 1.200000e+00 1.200000e+00 -5.880865e-04
1.143000e-07 1.143000e-07 1.200000e+00 1.200000e+00 -5.880865e-04
1.144000e-07 1.144000e-07 1.200000e+00 1.200000e+00 -5.880865e-04
1.145000e-07 1.145000e-07 1.200000e+00 1.200000e+00 -5.880865e-04
1.146000e-07 1.146000e-07 1.200000e+00 1.200000e+00 -5.880865e-04
1.147000e-07 1.147000e-07 1.200000e+00 1.200000e+00 -5.880865e-04
1.148000e-07 1.148000e-07 1.200000e+00 1.200000e+00 -5.880865e-04
1.149000e-07 1.149000e-07 1.200000e+00 1.200000e+00 -5.880865e-04
1.150000e-07 1.150000e-07 1.200000e+00 1.200000e+00 -5.880865e-04
1.151000e-07 1.151000e-07 1.200000e+00 1.200000e+00 -5.880865e-04
1.152000e-07 1.152000e-07 1.200000e+00 1.200000e+00 -5.880865e-04
1.153000e-07 1.153000e-07 1.200000e+00 1.200000e+00 -5.880865e-04
1.154000e-07 1.154000e-07 1.200000e+00 1.200000e+00 -5.880865e-04
1.155000e-07 1.155000e-07 1.200000e+00 1.200000e+00 -5.880865e-04
1.156000e-07 1.156000e-07 1.200000e+00 1.200000e+00 -5.880865e-04
1.157000e-07 1.157000e-07 1.200000e+00 1.200000e+00 -5.880865e-04
1.158000e-07 1.158000e-07 1.200000e+00 1.200000e+00 -5.880865e-04
1.159000e-07 1.159000e-07 1.200000e+00 1.200000e+00 -5.880865e-04
1.160000e-07 1.160000e-07 1.200000e+00 1.200000e+00 -5.880865e-04
1.161000e-07 1.161000e-07 1.200000e+00 1.200000e+00 -5.880865e-04
1.162000e-07 1.162000e-07 1.200000e+00 1.200000e+00 -5.880865e-04
1.163000e-07 1.163000e-07 1.200000e+00 1.200000e+00 -5.880865e-04
1.164000e-07 1.164000e-07 1.200000e+00 1.200000e+00 -5.880865e-04
1.165000e-07 1.165000e-07 1.200000e+00 1.200000e+00 -5.880865e-04
1.166000e-07 1.166000e-07 1.200000e+00 1.200000e+00 -5.880865e-04
1.167000e-07 1.167000e-07 1.200000e+00 1.200000e+00 -5.880865e-04
1.168000e-07 1.168000e-07 1.200000e+00 1.200000e+00 -5.880865e-04
1.169000e-07 1.169000e-07 1.200000e+00 1.200000e+00 -5.880865e-04
1.170000e-07 1.170000e-07 1.200000e+00 1.200000e+00 -5.880865e-04
1.171000e-07 1.171000e-07 1.200000e+00 1.200000e+00 -5.880865e-04
1.172000e-07 1.172000e-07 1.200000e+00 1.200000e+00 -5.880865e-04
1.173000e-07 1.173000e-07 1.200000e+00 1.200000e+00 -5.880865e-04
1.174000e-07 1.174000e-07 1.200000e+00 1.200000e+00 -5.880865e-04
1.175000e-07 1.175000e-07 1.200000e+00 1.200000e+00 -5.880865e-04
1.176000e-07 1.176000e-07 1.200000e+00 1.200000e+00 -5.880865e-04
1.177000e-07 1.177000e-07 1.200000e+00 1.200000e+00 -5.880865e-04
1.178000e-07 1.178000e-07 1.200000e+00 1.200000e+00 -5.880865e-04
1.179000e-07 1.179000e-07 1.200000e+00 1.200000e+00 -5.880865e-04
1.180000e-07 1.180000e-07 1.200000e+00 1.200000e+00 -5.880865e-04
1.181000e-07 1.181000e-07 1.200000e+00 1.200000e+00 -5.880865e-04
1.182000e-07 1.182000e-07 1.200000e+00 1.200000e+00 -5.880865e-04
1.183000e-07 1.183000e-07 1.200000e+00 1.200000e+00 -5.880865e-04
1.184000e-07 1.184000e-07 1.200000e+00 1.200000e+00 -5.880865e-04
1.185000e-07 1.185000e-07 1.200000e+00 1.200000e+00 -5.880865e-04
1.186000e-07 1.186000e-07 1.200000e+00 1.200000e+00 -5.880865e-04
1.187000e-07 1.187000e-07 1.200000e+00 1.200000e+00 -5.880865e-04
1.188000e-07 1.188000e-07 1.200000e+00 1.200000e+00 -5.880865e-04
1.189000e-07 1.189000e-07 1.200000e+00 1.200000e+00 -5.880865e-04
1.190000e-07 1.190000e-07 1.200000e+00 1.200000e+00 -5.880865e-04
1.191000e-07 1.191000e-07 1.200000e+00 1.200000e+00 -5.880865e-04
1.192000e-07 1.192000e-07 1.200000e+00 1.200000e+00 -5.880865e-04
1.193000e-07 1.193000e-07 1.200000e+00 1.200000e+00 -5.880865e-04
1.194000e-07 1.194000e-07 1.200000e+00 1.200000e+00 -5.880865e-04
1.195000e-07 1.195000e-07 1.200000e+00 1.200000e+00 -5.880865e-04
1.196000e-07 1.196000e-07 1.200000e+00 1.200000e+00 -5.880865e-04
1.197000e-07 1.197000e-07 1.200000e+00 1.200000e+00 -5.880865e-04
1.198000e-07 1.198000e-07 1.200000e+00 1.200000e+00 -5.880865e-04
1.199000e-07 1.199000e-07 1.200000e+00 1.200000e+00 -5.880865e-04
1.200000e-07 1.200000e-07 1.200000e+00 1.200000e+00 -5.880865e-04
1.201000e-07 1.201000e-07 1.194000e+00 1.200000e+00 -5.783551e-04
1.202000e-07 1.202000e-07 1.188000e+00 1.200000e+00 -5.686237e-04
1.203000e-07 1.203000e-07 1.182000e+00 1.200000e+00 -5.588923e-04
1.204000e-07 1.204000e-07 1.176000e+00 1.200000e+00 -5.491609e-04
1.205000e-07 1.205000e-07 1.170000e+00 1.200000e+00 -5.394295e-04
1.206000e-07 1.206000e-07 1.164000e+00 1.200000e+00 -5.296981e-04
1.207000e-07 1.207000e-07 1.158000e+00 1.200000e+00 -5.199650e-04
1.208000e-07 1.208000e-07 1.152000e+00 1.200000e+00 -5.102174e-04
1.209000e-07 1.209000e-07 1.146000e+00 1.200000e+00 -5.005471e-04
1.210000e-07 1.210000e-07 1.140000e+00 1.200000e+00 -4.910896e-04
1.211000e-07 1.211000e-07 1.134000e+00 1.200000e+00 -4.816321e-04
1.212000e-07 1.212000e-07 1.128000e+00 1.200000e+00 -4.721746e-04
1.213000e-07 1.213000e-07 1.122000e+00 1.200000e+00 -4.627171e-04
1.214000e-07 1.214000e-07 1.116000e+00 1.200000e+00 -4.532596e-04
1.215000e-07 1.215000e-07 1.110000e+00 1.200000e+00 -4.439484e-04
1.216000e-07 1.216000e-07 1.104000e+00 1.200000e+00 -4.348743e-04
1.217000e-07 1.217000e-07 1.098000e+00 1.200000e+00 -4.258001e-04
1.218000e-07 1.218000e-07 1.092000e+00 1.200000e+00 -4.167260e-04
1.219000e-07 1.219000e-07 1.086000e+00 1.200000e+00 -4.077010e-04
1.220000e-07 1.220000e-07 1.080000e+00 1.200000e+00 -3.993531e-04
1.221000e-07 1.221000e-07 1.074000e+00 1.200000e+00 -3.910052e-04
1.222000e-07 1.222000e-07 1.068000e+00 1.200000e+00 -3.826573e-04
1.223000e-07 1.223000e-07 1.062000e+00 1.200000e+00 -3.743094e-04
1.224000e-07 1.224000e-07 1.056000e+00 1.200000e+00 -3.659615e-04
1.225000e-07 1.225000e-07 1.050000e+00 1.200000e+00 -3.576135e-04
1.226000e-07 1.226000e-07 1.044000e+00 1.200000e+00 -3.492656e-04
1.227000e-07 1.227000e-07 1.038000e+00 1.200000e+00 -3.409177e-04
1.228000e-07 1.228000e-07 1.032000e+00 1.200000e+00 -3.325698e-04
1.229000e-07 1.229000e-07 1.026000e+00 1.200000e+00 -3.242219e-04
1.230000e-07 1.230000e-07 1.020000e+00 1.200000e+00 -3.158740e-04
1.231000e-07 1.231000e-07 1.014000e+00 1.200000e+00 -3.075260e-04
1.232000e-07 1.232000e-07 1.008000e+00 1.200000e+00 -2.991781e-04
1.233000e-07 1.233000e-07 1.002000e+00 1.200000e+00 -2.912580e-04
1.234000e-07 1.234000e-07 9.960000e-01 1.200000e+00 -2.845376e-04
1.235000e-07 1.235000e-07 9.900000e-01 1.200000e+00 -2.778173e-04
1.236000e-07 1.236000e-07 9.840000e-01 1.200000e+00 -2.710969e-04
1.237000e-07 1.237000e-07 9.780000e-01 1.200000e+00 -2.643766e-04
1.238000e-07 1.238000e-07 9.720000e-01 1.200000e+00 -2.576562e-04
1.239000e-07 1.239000e-07 9.660000e-01 1.200000e+00 -2.509359e-04
1.240000e-07 1.240000e-07 9.600000e-01 1.200000e+00 -2.442155e-04
1.241000e-07 1.241000e-07 9.540000e-01 1.200000e+00 -2.374952e-04
1.242000e-07 1.242000e-07 9.480000e-01 1.200000e+00 -2.307749e-04
1.243000e-07 1.243000e-07 9.420000e-01 1.200000e+00 -2.240545e-04
1.244000e-07 1.244000e-07 9.360000e-01 1.200000e+00 -2.173342e-04
1.245000e-07 1.245000e-07 9.300000e-01 1.200000e+00 -2.106138e-04
1.246000e-07 1.246000e-07 9.240000e-01 1.200000e+00 -2.038935e-04
1.247000e-07 1.247000e-07 9.180000e-01 1.200000e+00 -1.971731e-04
1.248000e-07 1.248000e-07 9.120000e-01 1.200000e+00 -1.904528e-04
1.249000e-07 1.249000e-07 9.060000e-01 1.200000e+00 -1.837324e-04
1.250000e-07 1.250000e-07 9.000000e-01 1.200000e+00 -1.770121e-04
1.251000e-07 1.251000e-07 8.940000e-01 1.200000e+00 -1.702917e-04
1.252000e-07 1.252000e-07 8.880000e-01 1.200000e+00 -1.635714e-04
1.253000e-07 1.253000e-07 8.820000e-01 1.200000e+00 -1.568511e-04
1.254000e-07 1.254000e-07 8.760000e-01 1.200000e+00 -1.501307e-04
1.255000e-07 1.255000e-07 8.700000e-01 1.200000e+00 -1.434104e-04
1.256000e-07 1.256000e-07 8.640000e-01 1.200000e+00 -1.370490e-04
1.257000e-07 1.257000e-07 8.580000e-01 1.200000e+00 -1.328218e-04
1.258000e-07 1.258000e-07 8.520000e-01 1.200000e+00 -1.285945e-04
1.259000e-07 1.259000e-07 8.460000e-01 1.200000e+00 -1.243673e-04
1.260000e-07 1.260000e-07 8.400000e-01 1.200000e+00 -1.201401e-04
1.261000e-07 1.261000e-07 8.340000e-01 1.200000e+00 -1.159128e-04
1.262000e-07 1.262000e-07 8.280000e-01 1.200000e+00 -1.116856e-04
1.263000e-07 1.263000e-07 8.220000e-01 1.200000e+00 -1.074584e-04
1.264000e-07 1.264000e-07 8.160000e-01 1.200000e+00 -1.032311e-04
1.265000e-07 1.265000e-07 8.100000e-01 1.200000e+00 -9.900390e-05
1.266000e-07 1.266000e-07 8.040000e-01 1.200000e+00 -9.477670e-05
1.267000e-07 1.267000e-07 7.980000e-01 1.200000e+00 -9.054950e-05
1.268000e-07 1.268000e-07 7.920000e-01 1.200000e+00 -8.632220e-05
1.269000e-07 1.269000e-07 7.860000e-01 1.200000e+00 -8.209500e-05
1.270000e-07 1.270000e-07 7.800000e-01 1.200000e+00 -7.786780e-05
1.271000e-07 1.271000e-07 7.740000e-01 1.200000e+00 -7.364050e-05
1.272000e-07 1.272000e-07 7.680000e-01 1.200000e+00 -6.941330e-05
1.273000e-07 1.273000e-07 7.620000e-01 1.200000e+00 -6.518610e-05
1.274000e-07 1.274000e-07 7.560000e-01 1.200000e+00 -6.095880e-05
1.275000e-07 1.275000e-07 7.500000e-01 1.200000e+00 -5.673160e-05
1.276000e-07 1.276000e-07 7.440000e-01 1.200000e+00 -5.250440e-05
1.277000e-07 1.277000e-07 7.380000e-01 1.200000e+00 -4.827710e-05
1.278000e-07 1.278000e-07 7.320000e-01 1.200000e+00 -4.404990e-05
1.279000e-07 1.279000e-07 7.260000e-01 1.200000e+00 -3.982270e-05
1.280000e-07 1.280000e-07 7.200000e-01 1.200000e+00 -3.618940e-05
1.281000e-07 1.281000e-07 7.140000e-01 1.200000e+00 -3.470380e-05
1.282000e-07 1.282000e-07 7.080000e-01 1.200000e+00 -3.321820e-05
1.283000e-07 1.283000e-07 7.020000e-01 1.200000e+00 -3.173260e-05
1.284000e-07 1.284000e-07 6.960000e-01 1.200000e+00 -3.024700e-05
1.285000e-07 1.285000e-07 6.900000e-01 1.200000e+00 -2.876140e-05
1.286000e-07 1.286000e-07 6.840000e-01 1.200000e+00 -2.727580e-05
1.287000e-07 1.287000e-07 6.780000e-01 1.200000e+00 -2.579010e-05
1.288000e-07 1.288000e-07 6.720000e-01 1.200000e+00 -2.430450e-05
1.289000e-07 1.289000e-07 6.660000e-01 1.200000e+00 -2.281890e-05
1.290000e-07 1.290000e-07 6.600000e-01 1.200000e+00 -2.133330e-05
1.291000e-07 1.291000e-07 6.540000e-01 1.200000e+00 -1.984770e-05
1.292000e-07 1.292000e-07 6.480000e-01 1.200000e+00 -1.836210e-05
1.293000e-07 1.293000e-07 6.420000e-01 1.200000e+00 -1.687640e-05
1.294000e-07 1.294000e-07 6.360000e-01 1.200000e+00 -1.539080e-05
1.295000e-07 1.295000e-07 6.300000e-01 1.200000e+00 -1.390520e-05
1.296000e-07 1.296000e-07 6.240000e-01 1.200000e+00 -1.241960e-05
1.297000e-07 1.297000e-07 6.180000e-01 1.200000e+00 -1.093400e-05
1.298000e-07 1.298000e-07 6.120000e-01 1.200000e+00 -9.448400e-06
1.299000e-07 1.299000e-07 6.060000e-01 1.200000e+00 -7.962700e-06
1.300000e-07 1.300000e-07 6.000000e-01 1.200000e+00 -6.477100e-06
1.301000e-07 1.301000e-07 5.940000e-01 1.200000e+00 -4.991500e-06
1.302000e-07 1.302000e-07 5.880000e-01 1.200000e+00 -4.491900e-06
1.303000e-07 1.303000e-07 5.820000e-01 1.200000e+00 -4.303200e-06
1.304000e-07 1.304000e-07 5.760000e-01 1.200000e+00 -4.114500e-06
1.305000e-07 1.305000e-07 5.700000e-01 1.200000e+00 -3.925900e-06
1.306000e-07 1.306000e-07 5.640000e-01 1.200000e+00 -3.737200e-06
1.307000e-07 1.307000e-07 5.580000e-01 1.200000e+00 -3.548600e-06
1.308000e-07 1.308000e-07 5.520000e-01 1.200000e+00 -3.359900e-06
1.309000e-07 1.309000e-07 5.460000e-01 1.200000e+00 -3.171200e-06
1.310000e-07 1.310000e-07 5.400000e-01 1.200000e+00 -2.982600e-06
1.311000e-07 1.311000e-07 5.340000e-01 1.200000e+00 -2.793900e-06
1.312000e-07 1.312000e-07 5.280000e-01 1.200000e+00 -2.605300e-06
1.313000e-07 1.313000e-07 5.220000e-01 1.200000e+00 -2.416600e-06
1.314000e-07 1.314000e-07 5.160000e-01 1.200000e+00 -2.227900e-06
1.315000e-07 1.315000e-07 5.100000e-01 1.200000e+00 -2.039300e-06
1.316000e-07 1.316000e-07 5.040000e-01 1.200000e+00 -1.850600e-06
1.317000e-07 1.317000e-07 4.980000e-01 1.200000e+00 -1.662000e-06
1.318000e-07 1.318000e-07 4.920000e-01 1.200000e+00 -1.473300e-06
1.319000e-07 1.319000e-07 4.860000e-01 1.200000e+00 -1.284600e-06
1.320000e-07 1.320000e-07 4.800000e-01 1.200000e+00 -1.096000e-06
1.321000e-07 1.321000e-07 4.740000e-01 1.200000e+00 -9.073276e-07
1.322000e-07 1.322000e-07 4.680000e-01 1.200000e+00 -7.186675e-07
1.323000e-07 1.323000e-07 4.620000e-01 1.200000e+00 -5.300075e-07
1.324000e-07 1.324000e-07 4.560000e-01 1.200000e+00 -4.819848e-07
1.325000e-07 1.325000e-07 4.500000e-01 1.200000e+00 -5.218224e-07
1.326000e-07 1.326000e-07 4.440000e-01 1.200000e+00 -5.616600e-07
1.327000e-07 1.327000e-07 4.380000e-01 1.200000e+00 -6.014976e-07
1.328000e-07 1.328000e-07 4.320000e-01 1.200000e+00 -6.413352e-07
1.329000e-07 1.329000e-07 4.260000e-01 1.200000e+00 -6.811728e-07
1.330000e-07 1.330000e-07 4.200000e-01 1.200000e+00 -7.210103e-07
1.331000e-07 1.331000e-07 4.140000e-01 1.200000e+00 -7.608479e-07
1.332000e-07 1.332000e-07 4.080000e-01 1.200000e+00 -8.006855e-07
1.333000e-07 1.333000e-07 4.020000e-01 1.200000e+00 -8.405231e-07
1.334000e-07 1.334000e-07 3.960000e-01 1.200000e+00 -8.803607e-07
1.335000e-07 1.335000e-07 3.900000e-01 1.200000e+00 -9.201983e-07
1.336000e-07 1.336000e-07 3.840000e-01 1.200000e+00 -9.600358e-07
1.337000e-07 1.337000e-07 3.780000e-01 1.200000e+00 -9.998734e-07
1.338000e-07 1.338000e-07 3.720000e-01 1.200000e+00 -1.026300e-06
1.339000e-07 1.339000e-07 3.660000e-01 1.200000e+00 -9.778816e-07
1.340000e-07 1.340000e-07 3.600000e-01 1.200000e+00 -9.295057e-07
1.341000e-07 1.341000e-07 3.540000e-01 1.200000e+00 -8.811297e-07
1.342000e-07 1.342000e-07 3.480000e-01 1.200000e+00 -8.327538e-07
1.343000e-07 1.343000e-07 3.420000e-01 1.200000e+00 -7.843778e-07
1.344000e-07 1.344000e-07 3.360000e-01 1.200000e+00 -7.360019e-07
1.345000e-07 1.345000e-07 3.300000e-01 1.200000e+00 -6.876259e-07
1.346000e-07 1.346000e-07 3.240000e-01 1.200000e+00 -6.392500e-07
1.347000e-07 1.347000e-07 3.180000e-01 1.200000e+00 -5.908740e-07
1.348000e-07 1.348000e-07 3.120000e-01 1.200000e+00 -5.424981e-07
1.349000e-07 1.349000e-07 3.060000e-01 1.200000e+00 -4.941222e-07
1.350000e-07 1.350000e-07 3.000000e-01 1.200000e+00 -4.457462e-07
1.351000e-07 1.351000e-07 2.940000e-01 1.200000e+00 -3.973703e-07
1.352000e-07 1.352000e-07 2.880000e-01 1.200000e+00 -3.489943e-07
1.353000e-07 1.353000e-07 2.820000e-01 1.200000e+00 -4.050735e-07
1.354000e-07 1.354000e-07 2.760000e-01 1.200000e+00 -4.659908e-07
1.355000e-07 1.355000e-07 2.700000e-01 1.200000e+00 -5.269080e-07
1.356000e-07 1.356000e-07 2.640000e-01 1.200000e+00 -5.878253e-07
1.357000e-07 1.357000e-07 2.580000e-01 1.200000e+00 -6.487426e-07
1.358000e-07 1.358000e-07 2.520000e-01 1.200000e+00 -7.096598e-07
1.359000e-07 1.359000e-07 2.460000e-01 1.200000e+00 -7.705771e-07
1.360000e-07 1.360000e-07 2.400000e-01 1.200000e+00 -8.314944e-07
1.361000e-07 1.361000e-07 2.340000e-01 1.200000e+00 -8.924116e-07
1.362000e-07 1.362000e-07 2.280000e-01 1.200000e+00 -9.533289e-07
1.363000e-07 1.363000e-07 2.220000e-01 1.200000e+00 -1.014200e-06
1.364000e-07 1.364000e-07 2.160000e-01 1.200000e+00 -9.672441e-07
1.365000e-07 1.365000e-07 2.100000e-01 1.200000e+00 -8.942116e-07
1.366000e-07 1.366000e-07 2.040000e-01 1.200000e+00 -8.211791e-07
1.367000e-07 1.367000e-07 1.980000e-01 1.200000e+00 -7.481466e-07
1.368000e-07 1.368000e-07 1.920000e-01 1.200000e+00 -6.751141e-07
1.369000e-07 1.369000e-07 1.860000e-01 1.200000e+00 -6.020816e-07
1.370000e-07 1.370000e-07 1.800000e-01 1.200000e+00 -5.290491e-07
1.371000e-07 1.371000e-07 1.740000e-01 1.200000e+00 -4.560166e-07
1.372000e-07 1.372000e-07 1.680000e-01 1.200000e+00 -3.829841e-07
1.373000e-07 1.373000e-07 1.620000e-01 1.200000e+00 -3.893546e-07
1.374000e-07 1.374000e-07 1.560000e-01 1.200000e+00 -4.755198e-07
1.375000e-07 1.375000e-07 1.500000e-01 1.200000e+00 -5.616850e-07
1.376000e-07 1.376000e-07 1.440000e-01 1.200000e+00 -6.478503e-07
1.377000e-07 1.377000e-07 1.380000e-01 1.200000e+00 -7.340155e-07
1.378000e-07 1.378000e-07 1.320000e-01 1.200000e+00 -8.201808e-07
1.379000e-07 1.379000e-07 1.260000e-01 1.200000e+00 -9.063460e-07
1.380000e-07 1.380000e-07 1.200000e-01 1.200000e+00 -9.925112e-07
1.381000e-07 1.381000e-07 1.140000e-01 1.200000e+00 -9.622472e-07
1.382000e-07 1.382000e-07 1.080000e-01 1.200000e+00 -8.578480e-07
1.383000e-07 1.383000e-07 1.020000e-01 1.200000e+00 -7.534487e-07
1.384000e-07 1.384000e-07 9.600000e-02 1.200000e+00 -6.490495e-07
1.385000e-07 1.385000e-07 9.000000e-02 1.200000e+00 -5.446502e-07
1.386000e-07 1.386000e-07 8.400000e-02 1.200000e+00 -4.402510e-07
1.387000e-07 1.387000e-07 7.800000e-02 1.200000e+00 -3.589333e-07
1.388000e-07 1.388000e-07 7.200000e-02 1.200000e+00 -4.836323e-07
1.389000e-07 1.389000e-07 6.600000e-02 1.200000e+00 -6.083313e-07
1.390000e-07 1.390000e-07 6.000000e-02 1.200000e+00 -7.330302e-07
1.391000e-07 1.391000e-07 5.400000e-02 1.200000e+00 -8.577292e-07
1.392000e-07 1.392000e-07 4.800000e-02 1.200000e+00 -9.824282e-07
1.393000e-07 1.393000e-07 4.200000e-02 1.200000e+00 -9.289038e-07
1.394000e-07 1.394000e-07 3.600000e-02 1.200000e+00 -7.795563e-07
1.395000e-07 1.395000e-07 3.000000e-02 1.200000e+00 -6.302088e-07
1.396000e-07 1.396000e-07 2.400000e-02 1.200000e+00 -4.808613e-07
1.397000e-07 1.397000e-07 1.800000e-02 1.200000e+00 -3.681817e-07
1.398000e-07 1.398000e-07 1.200000e-02 1.200000e+00 -5.874646e-07
1.399000e-07 1.399000e-07 6.000000e-03 1.200000e+00 -8.067474e-07
1.400000e-07 1.400000e-07 0.000000e+00 1.200000e+00 -1.026000e-06
1.401000e-07 1.401000e-07 0.000000e+00 1.200000e+00 -1.235000e-12
1.402000e-07 1.402000e-07 0.000000e+00 1.200000e+00 -1.235000e-12
1.403000e-07 1.403000e-07 0.000000e+00 1.200000e+00 -1.235000e-12
1.404000e-07 1.404000e-07 0.000000e+00 1.200000e+00 -1.235000e-12
1.405000e-07 1.405000e-07 0.000000e+00 1.200000e+00 -1.235000e-12
1.406000e-07 1.406000e-07 0.000000e+00 1.200000e+00 -1.235000e-12
1.407000e-07 1.407000e-07 0.000000e+00 1.200000e+00 -1.235000e-12
1.408000e-07 1.408000e-07 0.000000e+00 1.200000e+00 -1.235000e-12
1.409000e-07 1.409000e-07 0.000000e+00 1.200000e+00 -1.235000e-12
1.410000e-07 1.410000e-07 0.000000e+00 1.200000e+00 -1.235000e-12
1.411000e-07 1.411000e-07 0.000000e+00 1.200000e+00 -1.235000e-12
1.412000e-07 1.412000e-07 0.000000e+00 1.200000e+00 -1.235000e-12
1.413000e-07 1.413000e-07 0.000000e+00 1.200000e+00 -1.235000e-12
1.414000e-07 1.414000e-07 0.000000e+00 1.200000e+00 -1.235000e-12
1.415000e-07 1.415000e-07 0.000000e+00 1.200000e+00 -1.235000e-12
1.416000e-07 1.416000e-07 0.000000e+00 1.200000e+00 -1.235000e-12
1.417000e-07 1.417000e-07 0.000000e+00 1.200000e+00 -1.235000e-12
1.418000e-07 1.418000e-07 0.000000e+00 1.200000e+00 -1.235000e-12
1.419000e-07 1.419000e-07 0.000000e+00 1.200000e+00 -1.235000e-12
1.420000e-07 1.420000e-07 0.000000e+00 1.200000e+00 -1.235000e-12
1.421000e-07 1.421000e-07 0.000000e+00 1.200000e+00 -1.235000e-12
1.422000e-07 1.422000e-07 0.000000e+00 1.200000e+00 -1.235000e-12
1.423000e-07 1.423000e-07 0.000000e+00 1.200000e+00 -1.235000e-12
1.424000e-07 1.424000e-07 0.000000e+00 1.200000e+00 -1.235000e-12
1.425000e-07 1.425000e-07 0.000000e+00 1.200000e+00 -1.235000e-12
1.426000e-07 1.426000e-07 0.000000e+00 1.200000e+00 -1.235000e-12
1.427000e-07 1.427000e-07 0.000000e+00 1.200000e+00 -1.235000e-12
1.428000e-07 1.428000e-07 0.000000e+00 1.200000e+00 -1.235000e-12
1.429000e-07 1.429000e-07 0.000000e+00 1.200000e+00 -1.235000e-12
1.430000e-07 1.430000e-07 0.000000e+00 1.200000e+00 -1.235000e-12
1.431000e-07 1.431000e-07 0.000000e+00 1.200000e+00 -1.235000e-12
1.432000e-07 1.432000e-07 0.000000e+00 1.200000e+00 -1.235000e-12
1.433000e-07 1.433000e-07 0.000000e+00 1.200000e+00 -1.235000e-12
1.434000e-07 1.434000e-07 0.000000e+00 1.200000e+00 -1.235000e-12
1.435000e-07 1.435000e-07 0.000000e+00 1.200000e+00 -1.235000e-12
1.436000e-07 1.436000e-07 0.000000e+00 1.200000e+00 -1.235000e-12
1.437000e-07 1.437000e-07 0.000000e+00 1.200000e+00 -1.235000e-12
1.438000e-07 1.438000e-07 0.000000e+00 1.200000e+00 -1.235000e-12
1.439000e-07 1.439000e-07 0.000000e+00 1.200000e+00 -1.235000e-12
1.440000e-07 1.440000e-07 0.000000e+00 1.200000e+00 -1.235000e-12
1.441000e-07 1.441000e-07 0.000000e+00 1.200000e+00 -1.235000e-12
1.442000e-07 1.442000e-07 0.000000e+00 1.200000e+00 -1.235000e-12
1.443000e-07 1.443000e-07 0.000000e+00 1.200000e+00 -1.235000e-12
1.444000e-07 1.444000e-07 0.000000e+00 1.200000e+00 -1.235000e-12
1.445000e-07 1.445000e-07 0.000000e+00 1.200000e+00 -1.235000e-12
1.446000e-07 1.446000e-07 0.000000e+00 1.200000e+00 -1.235000e-12
1.447000e-07 1.447000e-07 0.000000e+00 1.200000e+00 -1.235000e-12
1.448000e-07 1.448000e-07 0.000000e+00 1.200000e+00 -1.235000e-12
1.449000e-07 1.449000e-07 0.000000e+00 1.200000e+00 -1.235000e-12
1.450000e-07 1.450000e-07 0.000000e+00 1.200000e+00 -1.235000e-12
1.451000e-07 1.451000e-07 0.000000e+00 1.200000e+00 -1.235000e-12
1.452000e-07 1.452000e-07 0.000000e+00 1.200000e+00 -1.235000e-12
1.453000e-07 1.453000e-07 0.000000e+00 1.200000e+00 -1.235000e-12
1.454000e-07 1.454000e-07 0.000000e+00 1.200000e+00 -1.235000e-12
1.455000e-07 1.455000e-07 0.000000e+00 1.200000e+00 -1.235000e-12
1.456000e-07 1.456000e-07 0.000000e+00 1.200000e+00 -1.235000e-12
1.457000e-07 1.457000e-07 0.000000e+00 1.200000e+00 -1.235000e-12
1.458000e-07 1.458000e-07 0.000000e+00 1.200000e+00 -1.235000e-12
1.459000e-07 1.459000e-07 0.000000e+00 1.200000e+00 -1.235000e-12
1.460000e-07 1.460000e-07 0.000000e+00 1.200000e+00 -1.235000e-12
1.461000e-07 1.461000e-07 0.000000e+00 1.200000e+00 -1.235000e-12
1.462000e-07 1.462000e-07 0.000000e+00 1.200000e+00 -1.235000e-12
1.463000e-07 1.463000e-07 0.000000e+00 1.200000e+00 -1.235000e-12
1.464000e-07 1.464000e-07 0.000000e+00 1.200000e+00 -1.235000e-12
1.465000e-07 1.465000e-07 0.000000e+00 1.200000e+00 -1.235000e-12
1.466000e-07 1.466000e-07 0.000000e+00 1.200000e+00 -1.235000e-12
1.467000e-07 1.467000e-07 0.000000e+00 1.200000e+00 -1.235000e-12
1.468000e-07 1.468000e-07 0.000000e+00 1.200000e+00 -1.235000e-12
1.469000e-07 1.469000e-07 0.000000e+00 1.200000e+00 -1.235000e-12
1.470000e-07 1.470000e-07 0.000000e+00 1.200000e+00 -1.235000e-12
1.471000e-07 1.471000e-07 0.000000e+00 1.200000e+00 -1.235000e-12
1.472000e-07 1.472000e-07 0.000000e+00 1.200000e+00 -1.235000e-12
1.473000e-07 1.473000e-07 0.000000e+00 1.200000e+00 -1.235000e-12
1.474000e-07 1.474000e-07 0.000000e+00 1.200000e+00 -1.235000e-12
1.475000e-07 1.475000e-07 0.000000e+00 1.200000e+00 -1.235000e-12
1.476000e-07 1.476000e-07 0.000000e+00 1.200000e+00 -1.235000e-12
1.477000e-07 1.477000e-07 0.000000e+00 1.200000e+00 -1.235000e-12
1.478000e-07 1.478000e-07 0.000000e+00 1.200000e+00 -1.235000e-12
1.479000e-07 1.479000e-07 0.000000e+00 1.200000e+00 -1.235000e-12
1.480000e-07 1.480000e-07 0.000000e+00 1.200000e+00 -1.235000e-12
1.481000e-07 1.481000e-07 0.000000e+00 1.200000e+00 -1.235000e-12
1.482000e-07 1.482000e-07 0.000000e+00 1.200000e+00 -1.235000e-12
1.483000e-07 1.483000e-07 0.000000e+00 1.200000e+00 -1.235000e-12
1.484000e-07 1.484000e-07 0.000000e+00 1.200000e+00 -1.235000e-12
1.485000e-07 1.485000e-07 0.000000e+00 1.200000e+00 -1.235000e-12
1.486000e-07 1.486000e-07 0.000000e+00 1.200000e+00 -1.235000e-12
1.487000e-07 1.487000e-07 0.000000e+00 1.200000e+00 -1.235000e-12
1.488000e-07 1.488000e-07 0.000000e+00 1.200000e+00 -1.235000e-12
1.489000e-07 1.489000e-07 0.000000e+00 1.200000e+00 -1.235000e-12
1.490000e-07 1.490000e-07 0.000000e+00 1.200000e+00 -1.235000e-12
1.491000e-07 1.491000e-07 0.000000e+00 1.200000e+00 -1.235000e-12
1.492000e-07 1.492000e-07 0.000000e+00 1.200000e+00 -1.235000e-12
1.493000e-07 1.493000e-07 0.000000e+00 1.200000e+00 -1.235000e-12
1.494000e-07 1.494000e-07 0.000000e+00 1.200000e+00 -1.235000e-12
1.495000e-07 1.495000e-07 0.000000e+00 1.200000e+00 -1.235000e-12
1.496000e-07 1.496000e-07 0.000000e+00 1.200000e+00 -1.235000e-12
1.497000e-07 1.497000e-07 0.000000e+00 1.200000e+00 -1.235000e-12
1.498000e-07 1.498000e-07 0.000000e+00 1.200000e+00 -1.235000e-12
1.499000e-07 1.499000e-07 0.000000e+00 1.200000e+00 -1.235000e-12
1.500000e-07 1.500000e-07 0.000000e+00 1.200000e+00 -1.235000e-12
1.501000e-07 1.501000e-07 0.000000e+00 1.200000e+00 -1.235000e-12
1.502000e-07 1.502000e-07 0.000000e+00 1.200000e+00 -1.235000e-12
1.503000e-07 1.503000e-07 0.000000e+00 1.200000e+00 -1.235000e-12
1.504000e-07 1.504000e-07 0.000000e+00 1.200000e+00 -1.235000e-12
1.505000e-07 1.505000e-07 0.000000e+00 1.200000e+00 -1.235000e-12
1.506000e-07 1.506000e-07 0.000000e+00 1.200000e+00 -1.235000e-12
1.507000e-07 1.507000e-07 0.000000e+00 1.200000e+00 -1.235000e-12
1.508000e-07 1.508000e-07 0.000000e+00 1.200000e+00 -1.235000e-12
1.509000e-07 1.509000e-07 0.000000e+00 1.200000e+00 -1.235000e-12
1.510000e-07 1.510000e-07 0.000000e+00 1.200000e+00 -1.235000e-12
1.511000e-07 1.511000e-07 0.000000e+00 1.200000e+00 -1.235000e-12
1.512000e-07 1.512000e-07 0.000000e+00 1.200000e+00 -1.235000e-12
1.513000e-07 1.513000e-07 0.000000e+00 1.200000e+00 -1.235000e-12
1.514000e-07 1.514000e-07 0.000000e+00 1.200000e+00 -1.235000e-12
1.515000e-07 1.515000e-07 0.000000e+00 1.200000e+00 -1.235000e-12
1.516000e-07 1.516000e-07 0.000000e+00 1.200000e+00 -1.235000e-12
1.517000e-07 1.517000e-07 0.000000e+00 1.200000e+00 -1.235000e-12
1.518000e-07 1.518000e-07 0.000000e+00 1.200000e+00 -1.235000e-12
1.519000e-07 1.519000e-07 0.000000e+00 1.200000e+00 -1.235000e-12
1.520000e-07 1.520000e-07 0.000000e+00 1.200000e+00 -1.235000e-12
1.521000e-07 1.521000e-07 0.000000e+00 1.200000e+00 -1.235000e-12
1.522000e-07 1.522000e-07 0.000000e+00 1.200000e+00 -1.235000e-12
1.523000e-07 1.523000e-07 0.000000e+00 1.200000e+00 -1.235000e-12
1.524000e-07 1.524000e-07 0.000000e+00 1.200000e+00 -1.235000e-12
1.525000e-07 1.525000e-07 0.000000e+00 1.200000e+00 -1.235000e-12
1.526000e-07 1.526000e-07 0.000000e+00 1.200000e+00 -1.235000e-12
1.527000e-07 1.527000e-07 0.000000e+00 1.200000e+00 -1.235000e-12
1.528000e-07 1.528000e-07 0.000000e+00 1.200000e+00 -1.235000e-12
1.529000e-07 1.529000e-07 0.000000e+00 1.200000e+00 -1.235000e-12
1.530000e-07 1.530000e-07 0.000000e+00 1.200000e+00 -1.235000e-12
1.531000e-07 1.531000e-07 0.000000e+00 1.200000e+00 -1.235000e-12
1.532000e-07 1.532000e-07 0.000000e+00 1.200000e+00 -1.235000e-12
1.533000e-07 1.533000e-07 0.000000e+00 1.200000e+00 -1.235000e-12
1.534000e-07 1.534000e-07 0.000000e+00 1.200000e+00 -1.235000e-12
1.535000e-07 1.535000e-07 0.000000e+00 1.200000e+00 -1.235000e-12
1.536000e-07 1.536000e-07 0.000000e+00 1.200000e+00 -1.235000e-12
1.537000e-07 1.537000e-07 0.000000e+00 1.200000e+00 -1.235000e-12
1.538000e-07 1.538000e-07 0.000000e+00 1.200000e+00 -1.235000e-12
1.539000e-07 1.539000e-07 0.000000e+00 1.200000e+00 -1.235000e-12
1.540000e-07 1.540000e-07 0.000000e+00 1.200000e+00 -1.235000e-12
1.541000e-07 1.541000e-07 0.000000e+00 1.200000e+00 -1.235000e-12
1.542000e-07 1.542000e-07 0.000000e+00 1.200000e+00 -1.235000e-12
1.543000e-07 1.543000e-07 0.000000e+00 1.200000e+00 -1.235000e-12
1.544000e-07 1.544000e-07 0.000000e+00 1.200000e+00 -1.235000e-12
1.545000e-07 1.545000e-07 0.000000e+00 1.200000e+00 -1.235000e-12
1.546000e-07 1.546000e-07 0.000000e+00 1.200000e+00 -1.235000e-12
1.547000e-07 1.547000e-07 0.000000e+00 1.200000e+00 -1.235000e-12
1.548000e-07 1.548000e-07 0.000000e+00 1.200000e+00 -1.235000e-12
1.549000e-07 1.549000e-07 0.000000e+00 1.200000e+00 -1.235000e-12
1.550000e-07 1.550000e-07 0.000000e+00 1.200000e+00 -1.235000e-12
1.551000e-07 1.551000e-07 0.000000e+00 1.200000e+00 -1.235000e-12
1.552000e-07 1.552000e-07 0.000000e+00 1.200000e+00 -1.235000e-12
1.553000e-07 1.553000e-07 0.000000e+00 1.200000e+00 -1.235000e-12
1.554000e-07 1.554000e-07 0.000000e+00 1.200000e+00 -1.235000e-12
1.555000e-07 1.555000e-07 0.000000e+00 1.200000e+00 -1.235000e-12
1.556000e-07 1.556000e-07 0.000000e+00 1.200000e+00 -1.235000e-12
1.557000e-07 1.557000e-07 0.000000e+00 1.200000e+00 -1.235000e-12
1.558000e-07 1.558000e-07 0.000000e+00 1.200000e+00 -1.235000e-12
1.559000e-07 1.559000e-07 0.000000e+00 1.200000e+00 -1.235000e-12
1.560000e-07 1.560000e-07 0.000000e+00 1.200000e+00 -1.235000e-12
1.561000e-07 1.561000e-07 0.000000e+00 1.200000e+00 -1.235000e-12
1.562000e-07 1.562000e-07 0.000000e+00 1.200000e+00 -1.235000e-12
1.563000e-07 1.563000e-07 0.000000e+00 1.200000e+00 -1.235000e-12
1.564000e-07 1.564000e-07 0.000000e+00 1.200000e+00 -1.235000e-12
1.565000e-07 1.565000e-07 0.000000e+00 1.200000e+00 -1.235000e-12
1.566000e-07 1.566000e-07 0.000000e+00 1.200000e+00 -1.235000e-12
1.567000e-07 1.567000e-07 0.000000e+00 1.200000e+00 -1.235000e-12
1.568000e-07 1.568000e-07 0.000000e+00 1.200000e+00 -1.235000e-12
1.569000e-07 1.569000e-07 0.000000e+00 1.200000e+00 -1.235000e-12
1.570000e-07 1.570000e-07 0.000000e+00 1.200000e+00 -1.235000e-12
1.571000e-07 1.571000e-07 0.000000e+00 1.200000e+00 -1.235000e-12
1.572000e-07 1.572000e-07 0.000000e+00 1.200000e+00 -1.235000e-12
1.573000e-07 1.573000e-07 0.000000e+00 1.200000e+00 -1.235000e-12
1.574000e-07 1.574000e-07 0.000000e+00 1.200000e+00 -1.235000e-12
1.575000e-07 1.575000e-07 0.000000e+00 1.200000e+00 -1.235000e-12
1.576000e-07 1.576000e-07 0.000000e+00 1.200000e+00 -1.235000e-12
1.577000e-07 1.577000e-07 0.000000e+00 1.200000e+00 -1.235000e-12
1.578000e-07 1.578000e-07 0.000000e+00 1.200000e+00 -1.235000e-12
1.579000e-07 1.579000e-07 0.000000e+00 1.200000e+00 -1.235000e-12
1.580000e-07 1.580000e-07 0.000000e+00 1.200000e+00 -1.235000e-12
1.581000e-07 1.581000e-07 0.000000e+00 1.200000e+00 -1.235000e-12
1.582000e-07 1.582000e-07 0.000000e+00 1.200000e+00 -1.235000e-12
1.583000e-07 1.583000e-07 0.000000e+00 1.200000e+00 -1.235000e-12
1.584000e-07 1.584000e-07 0.000000e+00 1.200000e+00 -1.235000e-12
1.585000e-07 1.585000e-07 0.000000e+00 1.200000e+00 -1.235000e-12
1.586000e-07 1.586000e-07 0.000000e+00 1.200000e+00 -1.235000e-12
1.587000e-07 1.587000e-07 0.000000e+00 1.200000e+00 -1.235000e-12
1.588000e-07 1.588000e-07 0.000000e+00 1.200000e+00 -1.235000e-12
1.589000e-07 1.589000e-07 0.000000e+00 1.200000e+00 -1.235000e-12
1.590000e-07 1.590000e-07 0.000000e+00 1.200000e+00 -1.235000e-12
1.591000e-07 1.591000e-07 0.000000e+00 1.200000e+00 -1.235000e-12
1.592000e-07 1.592000e-07 0.000000e+00 1.200000e+00 -1.235000e-12
1.593000e-07 1.593000e-07 0.000000e+00 1.200000e+00 -1.235000e-12
1.594000e-07 1.594000e-07 0.000000e+00 1.200000e+00 -1.235000e-12
1.595000e-07 1.595000e-07 0.000000e+00 1.200000e+00 -1.235000e-12
1.596000e-07 1.596000e-07 0.000000e+00 1.200000e+00 -1.235000e-12
1.597000e-07 1.597000e-07 0.000000e+00 1.200000e+00 -1.235000e-12
1.598000e-07 1.598000e-07 0.000000e+00 1.200000e+00 -1.235000e-12
1.599000e-07 1.599000e-07 0.000000e+00 1.200000e+00 -1.235000e-12
1.600000e-07 1.600000e-07 0.000000e+00 1.200000e+00 -1.235000e-12
1.601000e-07 1.601000e-07 0.000000e+00 1.200000e+00 -1.235000e-12
1.602000e-07 1.602000e-07 0.000000e+00 1.200000e+00 -1.235000e-12
1.603000e-07 1.603000e-07 0.000000e+00 1.200000e+00 -1.235000e-12
1.604000e-07 1.604000e-07 0.000000e+00 1.200000e+00 -1.235000e-12
1.605000e-07 1.605000e-07 0.000000e+00 1.200000e+00 -1.235000e-12
1.606000e-07 1.606000e-07 0.000000e+00 1.200000e+00 -1.235000e-12
1.607000e-07 1.607000e-07 0.000000e+00 1.200000e+00 -1.235000e-12
1.608000e-07 1.608000e-07 0.000000e+00 1.200000e+00 -1.235000e-12
1.609000e-07 1.609000e-07 0.000000e+00 1.200000e+00 -1.235000e-12
1.610000e-07 1.610000e-07 0.000000e+00 1.200000e+00 -1.235000e-12
1.611000e-07 1.611000e-07 0.000000e+00 1.200000e+00 -1.235000e-12
1.612000e-07 1.612000e-07 0.000000e+00 1.200000e+00 -1.235000e-12
1.613000e-07 1.613000e-07 0.000000e+00 1.200000e+00 -1.235000e-12
1.614000e-07 1.614000e-07 0.000000e+00 1.200000e+00 -1.235000e-12
1.615000e-07 1.615000e-07 0.000000e+00 1.200000e+00 -1.235000e-12
1.616000e-07 1.616000e-07 0.000000e+00 1.200000e+00 -1.235000e-12
1.617000e-07 1.617000e-07 0.000000e+00 1.200000e+00 -1.235000e-12
1.618000e-07 1.618000e-07 0.000000e+00 1.200000e+00 -1.235000e-12
1.619000e-07 1.619000e-07 0.000000e+00 1.200000e+00 -1.235000e-12
1.620000e-07 1.620000e-07 0.000000e+00 1.200000e+00 -1.235000e-12
1.621000e-07 1.621000e-07 0.000000e+00 1.200000e+00 -1.235000e-12
1.622000e-07 1.622000e-07 0.000000e+00 1.200000e+00 -1.235000e-12
1.623000e-07 1.623000e-07 0.000000e+00 1.200000e+00 -1.235000e-12
1.624000e-07 1.624000e-07 0.000000e+00 1.200000e+00 -1.235000e-12
1.625000e-07 1.625000e-07 0.000000e+00 1.200000e+00 -1.235000e-12
1.626000e-07 1.626000e-07 0.000000e+00 1.200000e+00 -1.235000e-12
1.627000e-07 1.627000e-07 0.000000e+00 1.200000e+00 -1.235000e-12
1.628000e-07 1.628000e-07 0.000000e+00 1.200000e+00 -1.235000e-12
1.629000e-07 1.629000e-07 0.000000e+00 1.200000e+00 -1.235000e-12
1.630000e-07 1.630000e-07 0.000000e+00 1.200000e+00 -1.235000e-12
1.631000e-07 1.631000e-07 0.000000e+00 1.200000e+00 -1.235000e-12
1.632000e-07 1.632000e-07 0.000000e+00 1.200000e+00 -1.235000e-12
1.633000e-07 1.633000e-07 0.000000e+00 1.200000e+00 -1.235000e-12
1.634000e-07 1.634000e-07 0.000000e+00 1.200000e+00 -1.235000e-12
1.635000e-07 1.635000e-07 0.000000e+00 1.200000e+00 -1.235000e-12
1.636000e-07 1.636000e-07 0.000000e+00 1.200000e+00 -1.235000e-12
1.637000e-07 1.637000e-07 0.000000e+00 1.200000e+00 -1.235000e-12
1.638000e-07 1.638000e-07 0.000000e+00 1.200000e+00 -1.235000e-12
1.639000e-07 1.639000e-07 0.000000e+00 1.200000e+00 -1.235000e-12
1.640000e-07 1.640000e-07 0.000000e+00 1.200000e+00 -1.235000e-12
1.641000e-07 1.641000e-07 0.000000e+00 1.200000e+00 -1.235000e-12
1.642000e-07 1.642000e-07 0.000000e+00 1.200000e+00 -1.235000e-12
1.643000e-07 1.643000e-07 0.000000e+00 1.200000e+00 -1.235000e-12
1.644000e-07 1.644000e-07 0.000000e+00 1.200000e+00 -1.235000e-12
1.645000e-07 1.645000e-07 0.000000e+00 1.200000e+00 -1.235000e-12
1.646000e-07 1.646000e-07 0.000000e+00 1.200000e+00 -1.235000e-12
1.647000e-07 1.647000e-07 0.000000e+00 1.200000e+00 -1.235000e-12
1.648000e-07 1.648000e-07 0.000000e+00 1.200000e+00 -1.235000e-12
1.649000e-07 1.649000e-07 0.000000e+00 1.200000e+00 -1.235000e-12
1.650000e-07 1.650000e-07 0.000000e+00 1.200000e+00 -1.235000e-12
1.651000e-07 1.651000e-07 0.000000e+00 1.200000e+00 -1.235000e-12
1.652000e-07 1.652000e-07 0.000000e+00 1.200000e+00 -1.235000e-12
1.653000e-07 1.653000e-07 0.000000e+00 1.200000e+00 -1.235000e-12
1.654000e-07 1.654000e-07 0.000000e+00 1.200000e+00 -1.235000e-12
1.655000e-07 1.655000e-07 0.000000e+00 1.200000e+00 -1.235000e-12
1.656000e-07 1.656000e-07 0.000000e+00 1.200000e+00 -1.235000e-12
1.657000e-07 1.657000e-07 0.000000e+00 1.200000e+00 -1.235000e-12
1.658000e-07 1.658000e-07 0.000000e+00 1.200000e+00 -1.235000e-12
1.659000e-07 1.659000e-07 0.000000e+00 1.200000e+00 -1.235000e-12
1.660000e-07 1.660000e-07 0.000000e+00 1.200000e+00 -1.235000e-12
1.661000e-07 1.661000e-07 0.000000e+00 1.200000e+00 -1.235000e-12
1.662000e-07 1.662000e-07 0.000000e+00 1.200000e+00 -1.235000e-12
1.663000e-07 1.663000e-07 0.000000e+00 1.200000e+00 -1.235000e-12
1.664000e-07 1.664000e-07 0.000000e+00 1.200000e+00 -1.235000e-12
1.665000e-07 1.665000e-07 0.000000e+00 1.200000e+00 -1.235000e-12
1.666000e-07 1.666000e-07 0.000000e+00 1.200000e+00 -1.235000e-12
1.667000e-07 1.667000e-07 0.000000e+00 1.200000e+00 -1.235000e-12
1.668000e-07 1.668000e-07 0.000000e+00 1.200000e+00 -1.235000e-12
1.669000e-07 1.669000e-07 0.000000e+00 1.200000e+00 -1.235000e-12
1.670000e-07 1.670000e-07 0.000000e+00 1.200000e+00 -1.235000e-12
1.671000e-07 1.671000e-07 0.000000e+00 1.200000e+00 -1.235000e-12
1.672000e-07 1.672000e-07 0.000000e+00 1.200000e+00 -1.235000e-12
1.673000e-07 1.673000e-07 0.000000e+00 1.200000e+00 -1.235000e-12
1.674000e-07 1.674000e-07 0.000000e+00 1.200000e+00 -1.235000e-12
1.675000e-07 1.675000e-07 0.000000e+00 1.200000e+00 -1.235000e-12
1.676000e-07 1.676000e-07 0.000000e+00 1.200000e+00 -1.235000e-12
1.677000e-07 1.677000e-07 0.000000e+00 1.200000e+00 -1.235000e-12
1.678000e-07 1.678000e-07 0.000000e+00 1.200000e+00 -1.235000e-12
1.679000e-07 1.679000e-07 0.000000e+00 1.200000e+00 -1.235000e-12
1.680000e-07 1.680000e-07 0.000000e+00 1.200000e+00 -1.235000e-12
1.681000e-07 1.681000e-07 0.000000e+00 1.200000e+00 -1.235000e-12
1.682000e-07 1.682000e-07 0.000000e+00 1.200000e+00 -1.235000e-12
1.683000e-07 1.683000e-07 0.000000e+00 1.200000e+00 -1.235000e-12
1.684000e-07 1.684000e-07 0.000000e+00 1.200000e+00 -1.235000e-12
1.685000e-07 1.685000e-07 0.000000e+00 1.200000e+00 -1.235000e-12
1.686000e-07 1.686000e-07 0.000000e+00 1.200000e+00 -1.235000e-12
1.687000e-07 1.687000e-07 0.000000e+00 1.200000e+00 -1.235000e-12
1.688000e-07 1.688000e-07 0.000000e+00 1.200000e+00 -1.235000e-12
1.689000e-07 1.689000e-07 0.000000e+00 1.200000e+00 -1.235000e-12
1.690000e-07 1.690000e-07 0.000000e+00 1.200000e+00 -1.235000e-12
1.691000e-07 1.691000e-07 0.000000e+00 1.200000e+00 -1.235000e-12
1.692000e-07 1.692000e-07 0.000000e+00 1.200000e+00 -1.235000e-12
1.693000e-07 1.693000e-07 0.000000e+00 1.200000e+00 -1.235000e-12
1.694000e-07 1.694000e-07 0.000000e+00 1.200000e+00 -1.235000e-12
1.695000e-07 1.695000e-07 0.000000e+00 1.200000e+00 -1.235000e-12
1.696000e-07 1.696000e-07 0.000000e+00 1.200000e+00 -1.235000e-12
1.697000e-07 1.697000e-07 0.000000e+00 1.200000e+00 -1.235000e-12
1.698000e-07 1.698000e-07 0.000000e+00 1.200000e+00 -1.235000e-12
1.699000e-07 1.699000e-07 0.000000e+00 1.200000e+00 -1.235000e-12
1.700000e-07 1.700000e-07 0.000000e+00 1.200000e+00 -1.235000e-12
1.701000e-07 1.701000e-07 0.000000e+00 1.200000e+00 -1.235000e-12
1.702000e-07 1.702000e-07 0.000000e+00 1.200000e+00 -1.235000e-12
1.703000e-07 1.703000e-07 0.000000e+00 1.200000e+00 -1.235000e-12
1.704000e-07 1.704000e-07 0.000000e+00 1.200000e+00 -1.235000e-12
1.705000e-07 1.705000e-07 0.000000e+00 1.200000e+00 -1.235000e-12
1.706000e-07 1.706000e-07 0.000000e+00 1.200000e+00 -1.235000e-12
1.707000e-07 1.707000e-07 0.000000e+00 1.200000e+00 -1.235000e-12
1.708000e-07 1.708000e-07 0.000000e+00 1.200000e+00 -1.235000e-12
1.709000e-07 1.709000e-07 0.000000e+00 1.200000e+00 -1.235000e-12
1.710000e-07 1.710000e-07 0.000000e+00 1.200000e+00 -1.235000e-12
1.711000e-07 1.711000e-07 0.000000e+00 1.200000e+00 -1.235000e-12
1.712000e-07 1.712000e-07 0.000000e+00 1.200000e+00 -1.235000e-12
1.713000e-07 1.713000e-07 0.000000e+00 1.200000e+00 -1.235000e-12
1.714000e-07 1.714000e-07 0.000000e+00 1.200000e+00 -1.235000e-12
1.715000e-07 1.715000e-07 0.000000e+00 1.200000e+00 -1.235000e-12
1.716000e-07 1.716000e-07 0.000000e+00 1.200000e+00 -1.235000e-12
1.717000e-07 1.717000e-07 0.000000e+00 1.200000e+00 -1.235000e-12
1.718000e-07 1.718000e-07 0.000000e+00 1.200000e+00 -1.235000e-12
1.719000e-07 1.719000e-07 0.000000e+00 1.200000e+00 -1.235000e-12
1.720000e-07 1.720000e-07 0.000000e+00 1.200000e+00 -1.235000e-12
1.721000e-07 1.721000e-07 0.000000e+00 1.200000e+00 -1.235000e-12
1.722000e-07 1.722000e-07 0.000000e+00 1.200000e+00 -1.235000e-12
1.723000e-07 1.723000e-07 0.000000e+00 1.200000e+00 -1.235000e-12
1.724000e-07 1.724000e-07 0.000000e+00 1.200000e+00 -1.235000e-12
1.725000e-07 1.725000e-07 0.000000e+00 1.200000e+00 -1.235000e-12
1.726000e-07 1.726000e-07 0.000000e+00 1.200000e+00 -1.235000e-12
1.727000e-07 1.727000e-07 0.000000e+00 1.200000e+00 -1.235000e-12
1.728000e-07 1.728000e-07 0.000000e+00 1.200000e+00 -1.235000e-12
1.729000e-07 1.729000e-07 0.000000e+00 1.200000e+00 -1.235000e-12
1.730000e-07 1.730000e-07 0.000000e+00 1.200000e+00 -1.235000e-12
1.731000e-07 1.731000e-07 0.000000e+00 1.200000e+00 -1.235000e-12
1.732000e-07 1.732000e-07 0.000000e+00 1.200000e+00 -1.235000e-12
1.733000e-07 1.733000e-07 0.000000e+00 1.200000e+00 -1.235000e-12
1.734000e-07 1.734000e-07 0.000000e+00 1.200000e+00 -1.235000e-12
1.735000e-07 1.735000e-07 0.000000e+00 1.200000e+00 -1.235000e-12
1.736000e-07 1.736000e-07 0.000000e+00 1.200000e+00 -1.235000e-12
1.737000e-07 1.737000e-07 0.000000e+00 1.200000e+00 -1.235000e-12
1.738000e-07 1.738000e-07 0.000000e+00 1.200000e+00 -1.235000e-12
1.739000e-07 1.739000e-07 0.000000e+00 1.200000e+00 -1.235000e-12
1.740000e-07 1.740000e-07 0.000000e+00 1.200000e+00 -1.235000e-12
1.741000e-07 1.741000e-07 0.000000e+00 1.200000e+00 -1.235000e-12
1.742000e-07 1.742000e-07 0.000000e+00 1.200000e+00 -1.235000e-12
1.743000e-07 1.743000e-07 0.000000e+00 1.200000e+00 -1.235000e-12
1.744000e-07 1.744000e-07 0.000000e+00 1.200000e+00 -1.235000e-12
1.745000e-07 1.745000e-07 0.000000e+00 1.200000e+00 -1.235000e-12
1.746000e-07 1.746000e-07 0.000000e+00 1.200000e+00 -1.235000e-12
1.747000e-07 1.747000e-07 0.000000e+00 1.200000e+00 -1.235000e-12
1.748000e-07 1.748000e-07 0.000000e+00 1.200000e+00 -1.235000e-12
1.749000e-07 1.749000e-07 0.000000e+00 1.200000e+00 -1.235000e-12
1.750000e-07 1.750000e-07 0.000000e+00 1.200000e+00 -1.235000e-12
1.751000e-07 1.751000e-07 0.000000e+00 1.200000e+00 -1.235000e-12
1.752000e-07 1.752000e-07 0.000000e+00 1.200000e+00 -1.235000e-12
1.753000e-07 1.753000e-07 0.000000e+00 1.200000e+00 -1.235000e-12
1.754000e-07 1.754000e-07 0.000000e+00 1.200000e+00 -1.235000e-12
1.755000e-07 1.755000e-07 0.000000e+00 1.200000e+00 -1.235000e-12
1.756000e-07 1.756000e-07 0.000000e+00 1.200000e+00 -1.235000e-12
1.757000e-07 1.757000e-07 0.000000e+00 1.200000e+00 -1.235000e-12
1.758000e-07 1.758000e-07 0.000000e+00 1.200000e+00 -1.235000e-12
1.759000e-07 1.759000e-07 0.000000e+00 1.200000e+00 -1.235000e-12
1.760000e-07 1.760000e-07 0.000000e+00 1.200000e+00 -1.235000e-12
1.761000e-07 1.761000e-07 0.000000e+00 1.200000e+00 -1.235000e-12
1.762000e-07 1.762000e-07 0.000000e+00 1.200000e+00 -1.235000e-12
1.763000e-07 1.763000e-07 0.000000e+00 1.200000e+00 -1.235000e-12
1.764000e-07 1.764000e-07 0.000000e+00 1.200000e+00 -1.235000e-12
1.765000e-07 1.765000e-07 0.000000e+00 1.200000e+00 -1.235000e-12
1.766000e-07 1.766000e-07 0.000000e+00 1.200000e+00 -1.235000e-12
1.767000e-07 1.767000e-07 0.000000e+00 1.200000e+00 -1.235000e-12
1.768000e-07 1.768000e-07 0.000000e+00 1.200000e+00 -1.235000e-12
1.769000e-07 1.769000e-07 0.000000e+00 1.200000e+00 -1.235000e-12
1.770000e-07 1.770000e-07 0.000000e+00 1.200000e+00 -1.235000e-12
1.771000e-07 1.771000e-07 0.000000e+00 1.200000e+00 -1.235000e-12
1.772000e-07 1.772000e-07 0.000000e+00 1.200000e+00 -1.235000e-12
1.773000e-07 1.773000e-07 0.000000e+00 1.200000e+00 -1.235000e-12
1.774000e-07 1.774000e-07 0.000000e+00 1.200000e+00 -1.235000e-12
1.775000e-07 1.775000e-07 0.000000e+00 1.200000e+00 -1.235000e-12
1.776000e-07 1.776000e-07 0.000000e+00 1.200000e+00 -1.235000e-12
1.777000e-07 1.777000e-07 0.000000e+00 1.200000e+00 -1.235000e-12
1.778000e-07 1.778000e-07 0.000000e+00 1.200000e+00 -1.235000e-12
1.779000e-07 1.779000e-07 0.000000e+00 1.200000e+00 -1.235000e-12
1.780000e-07 1.780000e-07 0.000000e+00 1.200000e+00 -1.235000e-12
1.781000e-07 1.781000e-07 0.000000e+00 1.200000e+00 -1.235000e-12
1.782000e-07 1.782000e-07 0.000000e+00 1.200000e+00 -1.235000e-12
1.783000e-07 1.783000e-07 0.000000e+00 1.200000e+00 -1.235000e-12
1.784000e-07 1.784000e-07 0.000000e+00 1.200000e+00 -1.235000e-12
1.785000e-07 1.785000e-07 0.000000e+00 1.200000e+00 -1.235000e-12
1.786000e-07 1.786000e-07 0.000000e+00 1.200000e+00 -1.235000e-12
1.787000e-07 1.787000e-07 0.000000e+00 1.200000e+00 -1.235000e-12
1.788000e-07 1.788000e-07 0.000000e+00 1.200000e+00 -1.235000e-12
1.789000e-07 1.789000e-07 0.000000e+00 1.200000e+00 -1.235000e-12
1.790000e-07 1.790000e-07 0.000000e+00 1.200000e+00 -1.235000e-12
1.791000e-07 1.791000e-07 0.000000e+00 1.200000e+00 -1.235000e-12
1.792000e-07 1.792000e-07 0.000000e+00 1.200000e+00 -1.235000e-12
1.793000e-07 1.793000e-07 0.000000e+00 1.200000e+00 -1.235000e-12
1.794000e-07 1.794000e-07 0.000000e+00 1.200000e+00 -1.235000e-12
1.795000e-07 1.795000e-07 0.000000e+00 1.200000e+00 -1.235000e-12
1.796000e-07 1.796000e-07 0.000000e+00 1.200000e+00 -1.235000e-12
1.797000e-07 1.797000e-07 0.000000e+00 1.200000e+00 -1.235000e-12
1.798000e-07 1.798000e-07 0.000000e+00 1.200000e+00 -1.235000e-12
1.799000e-07 1.799000e-07 0.000000e+00 1.200000e+00 -1.235000e-12
1.800000e-07 1.800000e-07 0.000000e+00 1.200000e+00 -1.235000e-12
1.801000e-07 1.801000e-07 0.000000e+00 1.200000e+00 -1.235000e-12
1.802000e-07 1.802000e-07 0.000000e+00 1.200000e+00 -1.235000e-12
1.803000e-07 1.803000e-07 0.000000e+00 1.200000e+00 -1.235000e-12
1.804000e-07 1.804000e-07 0.000000e+00 1.200000e+00 -1.235000e-12
1.805000e-07 1.805000e-07 0.000000e+00 1.200000e+00 -1.235000e-12
1.806000e-07 1.806000e-07 0.000000e+00 1.200000e+00 -1.235000e-12
1.807000e-07 1.807000e-07 0.000000e+00 1.200000e+00 -1.235000e-12
1.808000e-07 1.808000e-07 0.000000e+00 1.200000e+00 -1.235000e-12
1.809000e-07 1.809000e-07 0.000000e+00 1.200000e+00 -1.235000e-12
1.810000e-07 1.810000e-07 0.000000e+00 1.200000e+00 -1.235000e-12
1.811000e-07 1.811000e-07 0.000000e+00 1.200000e+00 -1.235000e-12
1.812000e-07 1.812000e-07 0.000000e+00 1.200000e+00 -1.235000e-12
1.813000e-07 1.813000e-07 0.000000e+00 1.200000e+00 -1.235000e-12
1.814000e-07 1.814000e-07 0.000000e+00 1.200000e+00 -1.235000e-12
1.815000e-07 1.815000e-07 0.000000e+00 1.200000e+00 -1.235000e-12
1.816000e-07 1.816000e-07 0.000000e+00 1.200000e+00 -1.235000e-12
1.817000e-07 1.817000e-07 0.000000e+00 1.200000e+00 -1.235000e-12
1.818000e-07 1.818000e-07 0.000000e+00 1.200000e+00 -1.235000e-12
1.819000e-07 1.819000e-07 0.000000e+00 1.200000e+00 -1.235000e-12
1.820000e-07 1.820000e-07 0.000000e+00 1.200000e+00 -1.235000e-12
1.821000e-07 1.821000e-07 0.000000e+00 1.200000e+00 -1.235000e-12
1.822000e-07 1.822000e-07 0.000000e+00 1.200000e+00 -1.235000e-12
1.823000e-07 1.823000e-07 0.000000e+00 1.200000e+00 -1.235000e-12
1.824000e-07 1.824000e-07 0.000000e+00 1.200000e+00 -1.235000e-12
1.825000e-07 1.825000e-07 0.000000e+00 1.200000e+00 -1.235000e-12
1.826000e-07 1.826000e-07 0.000000e+00 1.200000e+00 -1.235000e-12
1.827000e-07 1.827000e-07 0.000000e+00 1.200000e+00 -1.235000e-12
1.828000e-07 1.828000e-07 0.000000e+00 1.200000e+00 -1.235000e-12
1.829000e-07 1.829000e-07 0.000000e+00 1.200000e+00 -1.235000e-12
1.830000e-07 1.830000e-07 0.000000e+00 1.200000e+00 -1.235000e-12
1.831000e-07 1.831000e-07 0.000000e+00 1.200000e+00 -1.235000e-12
1.832000e-07 1.832000e-07 0.000000e+00 1.200000e+00 -1.235000e-12
1.833000e-07 1.833000e-07 0.000000e+00 1.200000e+00 -1.235000e-12
1.834000e-07 1.834000e-07 0.000000e+00 1.200000e+00 -1.235000e-12
1.835000e-07 1.835000e-07 0.000000e+00 1.200000e+00 -1.235000e-12
1.836000e-07 1.836000e-07 0.000000e+00 1.200000e+00 -1.235000e-12
1.837000e-07 1.837000e-07 0.000000e+00 1.200000e+00 -1.235000e-12
1.838000e-07 1.838000e-07 0.000000e+00 1.200000e+00 -1.235000e-12
1.839000e-07 1.839000e-07 0.000000e+00 1.200000e+00 -1.235000e-12
1.840000e-07 1.840000e-07 0.000000e+00 1.200000e+00 -1.235000e-12
1.841000e-07 1.841000e-07 0.000000e+00 1.200000e+00 -1.235000e-12
1.842000e-07 1.842000e-07 0.000000e+00 1.200000e+00 -1.235000e-12
1.843000e-07 1.843000e-07 0.000000e+00 1.200000e+00 -1.235000e-12
1.844000e-07 1.844000e-07 0.000000e+00 1.200000e+00 -1.235000e-12
1.845000e-07 1.845000e-07 0.000000e+00 1.200000e+00 -1.235000e-12
1.846000e-07 1.846000e-07 0.000000e+00 1.200000e+00 -1.235000e-12
1.847000e-07 1.847000e-07 0.000000e+00 1.200000e+00 -1.235000e-12
1.848000e-07 1.848000e-07 0.000000e+00 1.200000e+00 -1.235000e-12
1.849000e-07 1.849000e-07 0.000000e+00 1.200000e+00 -1.235000e-12
1.850000e-07 1.850000e-07 0.000000e+00 1.200000e+00 -1.235000e-12
1.851000e-07 1.851000e-07 0.000000e+00 1.200000e+00 -1.235000e-12
1.852000e-07 1.852000e-07 0.000000e+00 1.200000e+00 -1.235000e-12
1.853000e-07 1.853000e-07 0.000000e+00 1.200000e+00 -1.235000e-12
1.854000e-07 1.854000e-07 0.000000e+00 1.200000e+00 -1.235000e-12
1.855000e-07 1.855000e-07 0.000000e+00 1.200000e+00 -1.235000e-12
1.856000e-07 1.856000e-07 0.000000e+00 1.200000e+00 -1.235000e-12
1.857000e-07 1.857000e-07 0.000000e+00 1.200000e+00 -1.235000e-12
1.858000e-07 1.858000e-07 0.000000e+00 1.200000e+00 -1.235000e-12
1.859000e-07 1.859000e-07 0.000000e+00 1.200000e+00 -1.235000e-12
1.860000e-07 1.860000e-07 0.000000e+00 1.200000e+00 -1.235000e-12
1.861000e-07 1.861000e-07 0.000000e+00 1.200000e+00 -1.235000e-12
1.862000e-07 1.862000e-07 0.000000e+00 1.200000e+00 -1.235000e-12
1.863000e-07 1.863000e-07 0.000000e+00 1.200000e+00 -1.235000e-12
1.864000e-07 1.864000e-07 0.000000e+00 1.200000e+00 -1.235000e-12
1.865000e-07 1.865000e-07 0.000000e+00 1.200000e+00 -1.235000e-12
1.866000e-07 1.866000e-07 0.000000e+00 1.200000e+00 -1.235000e-12
1.867000e-07 1.867000e-07 0.000000e+00 1.200000e+00 -1.235000e-12
1.868000e-07 1.868000e-07 0.000000e+00 1.200000e+00 -1.235000e-12
1.869000e-07 1.869000e-07 0.000000e+00 1.200000e+00 -1.235000e-12
1.870000e-07 1.870000e-07 0.000000e+00 1.200000e+00 -1.235000e-12
1.871000e-07 1.871000e-07 0.000000e+00 1.200000e+00 -1.235000e-12
1.872000e-07 1.872000e-07 0.000000e+00 1.200000e+00 -1.235000e-12
1.873000e-07 1.873000e-07 0.000000e+00 1.200000e+00 -1.235000e-12
1.874000e-07 1.874000e-07 0.000000e+00 1.200000e+00 -1.235000e-12
1.875000e-07 1.875000e-07 0.000000e+00 1.200000e+00 -1.235000e-12
1.876000e-07 1.876000e-07 0.000000e+00 1.200000e+00 -1.235000e-12
1.877000e-07 1.877000e-07 0.000000e+00 1.200000e+00 -1.235000e-12
1.878000e-07 1.878000e-07 0.000000e+00 1.200000e+00 -1.235000e-12
1.879000e-07 1.879000e-07 0.000000e+00 1.200000e+00 -1.235000e-12
1.880000e-07 1.880000e-07 0.000000e+00 1.200000e+00 -1.235000e-12
1.881000e-07 1.881000e-07 0.000000e+00 1.200000e+00 -1.235000e-12
1.882000e-07 1.882000e-07 0.000000e+00 1.200000e+00 -1.235000e-12
1.883000e-07 1.883000e-07 0.000000e+00 1.200000e+00 -1.235000e-12
1.884000e-07 1.884000e-07 0.000000e+00 1.200000e+00 -1.235000e-12
1.885000e-07 1.885000e-07 0.000000e+00 1.200000e+00 -1.235000e-12
1.886000e-07 1.886000e-07 0.000000e+00 1.200000e+00 -1.235000e-12
1.887000e-07 1.887000e-07 0.000000e+00 1.200000e+00 -1.235000e-12
1.888000e-07 1.888000e-07 0.000000e+00 1.200000e+00 -1.235000e-12
1.889000e-07 1.889000e-07 0.000000e+00 1.200000e+00 -1.235000e-12
1.890000e-07 1.890000e-07 0.000000e+00 1.200000e+00 -1.235000e-12
1.891000e-07 1.891000e-07 0.000000e+00 1.200000e+00 -1.235000e-12
1.892000e-07 1.892000e-07 0.000000e+00 1.200000e+00 -1.235000e-12
1.893000e-07 1.893000e-07 0.000000e+00 1.200000e+00 -1.235000e-12
1.894000e-07 1.894000e-07 0.000000e+00 1.200000e+00 -1.235000e-12
1.895000e-07 1.895000e-07 0.000000e+00 1.200000e+00 -1.235000e-12
1.896000e-07 1.896000e-07 0.000000e+00 1.200000e+00 -1.235000e-12
1.897000e-07 1.897000e-07 0.000000e+00 1.200000e+00 -1.235000e-12
1.898000e-07 1.898000e-07 0.000000e+00 1.200000e+00 -1.235000e-12
1.899000e-07 1.899000e-07 0.000000e+00 1.200000e+00 -1.235000e-12
1.900000e-07 1.900000e-07 0.000000e+00 1.200000e+00 -1.235000e-12
1.901000e-07 1.901000e-07 0.000000e+00 1.200000e+00 -1.235000e-12
1.902000e-07 1.902000e-07 0.000000e+00 1.200000e+00 -1.235000e-12
1.903000e-07 1.903000e-07 0.000000e+00 1.200000e+00 -1.235000e-12
1.904000e-07 1.904000e-07 0.000000e+00 1.200000e+00 -1.235000e-12
1.905000e-07 1.905000e-07 0.000000e+00 1.200000e+00 -1.235000e-12
1.906000e-07 1.906000e-07 0.000000e+00 1.200000e+00 -1.235000e-12
1.907000e-07 1.907000e-07 0.000000e+00 1.200000e+00 -1.235000e-12
1.908000e-07 1.908000e-07 0.000000e+00 1.200000e+00 -1.235000e-12
1.909000e-07 1.909000e-07 0.000000e+00 1.200000e+00 -1.235000e-12
1.910000e-07 1.910000e-07 0.000000e+00 1.200000e+00 -1.235000e-12
1.911000e-07 1.911000e-07 0.000000e+00 1.200000e+00 -1.235000e-12
1.912000e-07 1.912000e-07 0.000000e+00 1.200000e+00 -1.235000e-12
1.913000e-07 1.913000e-07 0.000000e+00 1.200000e+00 -1.235000e-12
1.914000e-07 1.914000e-07 0.000000e+00 1.200000e+00 -1.235000e-12
1.915000e-07 1.915000e-07 0.000000e+00 1.200000e+00 -1.235000e-12
1.916000e-07 1.916000e-07 0.000000e+00 1.200000e+00 -1.235000e-12
1.917000e-07 1.917000e-07 0.000000e+00 1.200000e+00 -1.235000e-12
1.918000e-07 1.918000e-07 0.000000e+00 1.200000e+00 -1.235000e-12
1.919000e-07 1.919000e-07 0.000000e+00 1.200000e+00 -1.235000e-12
1.920000e-07 1.920000e-07 0.000000e+00 1.200000e+00 -1.235000e-12
1.921000e-07 1.921000e-07 0.000000e+00 1.200000e+00 -1.235000e-12
1.922000e-07 1.922000e-07 0.000000e+00 1.200000e+00 -1.235000e-12
1.923000e-07 1.923000e-07 0.000000e+00 1.200000e+00 -1.235000e-12
1.924000e-07 1.924000e-07 0.000000e+00 1.200000e+00 -1.235000e-12
1.925000e-07 1.925000e-07 0.000000e+00 1.200000e+00 -1.235000e-12
1.926000e-07 1.926000e-07 0.000000e+00 1.200000e+00 -1.235000e-12
1.927000e-07 1.927000e-07 0.000000e+00 1.200000e+00 -1.235000e-12
1.928000e-07 1.928000e-07 0.000000e+00 1.200000e+00 -1.235000e-12
1.929000e-07 1.929000e-07 0.000000e+00 1.200000e+00 -1.235000e-12
1.930000e-07 1.930000e-07 0.000000e+00 1.200000e+00 -1.235000e-12
1.931000e-07 1.931000e-07 0.000000e+00 1.200000e+00 -1.235000e-12
1.932000e-07 1.932000e-07 0.000000e+00 1.200000e+00 -1.235000e-12
1.933000e-07 1.933000e-07 0.000000e+00 1.200000e+00 -1.235000e-12
1.934000e-07 1.934000e-07 0.000000e+00 1.200000e+00 -1.235000e-12
1.935000e-07 1.935000e-07 0.000000e+00 1.200000e+00 -1.235000e-12
1.936000e-07 1.936000e-07 0.000000e+00 1.200000e+00 -1.235000e-12
1.937000e-07 1.937000e-07 0.000000e+00 1.200000e+00 -1.235000e-12
1.938000e-07 1.938000e-07 0.000000e+00 1.200000e+00 -1.235000e-12
1.939000e-07 1.939000e-07 0.000000e+00 1.200000e+00 -1.235000e-12
1.940000e-07 1.940000e-07 0.000000e+00 1.200000e+00 -1.235000e-12
1.941000e-07 1.941000e-07 0.000000e+00 1.200000e+00 -1.235000e-12
1.942000e-07 1.942000e-07 0.000000e+00 1.200000e+00 -1.235000e-12
1.943000e-07 1.943000e-07 0.000000e+00 1.200000e+00 -1.235000e-12
1.944000e-07 1.944000e-07 0.000000e+00 1.200000e+00 -1.235000e-12
1.945000e-07 1.945000e-07 0.000000e+00 1.200000e+00 -1.235000e-12
1.946000e-07 1.946000e-07 0.000000e+00 1.200000e+00 -1.235000e-12
1.947000e-07 1.947000e-07 0.000000e+00 1.200000e+00 -1.235000e-12
1.948000e-07 1.948000e-07 0.000000e+00 1.200000e+00 -1.235000e-12
1.949000e-07 1.949000e-07 0.000000e+00 1.200000e+00 -1.235000e-12
1.950000e-07 1.950000e-07 0.000000e+00 1.200000e+00 -1.235000e-12
1.951000e-07 1.951000e-07 0.000000e+00 1.200000e+00 -1.235000e-12
1.952000e-07 1.952000e-07 0.000000e+00 1.200000e+00 -1.235000e-12
1.953000e-07 1.953000e-07 0.000000e+00 1.200000e+00 -1.235000e-12
1.954000e-07 1.954000e-07 0.000000e+00 1.200000e+00 -1.235000e-12
1.955000e-07 1.955000e-07 0.000000e+00 1.200000e+00 -1.235000e-12
1.956000e-07 1.956000e-07 0.000000e+00 1.200000e+00 -1.235000e-12
1.957000e-07 1.957000e-07 0.000000e+00 1.200000e+00 -1.235000e-12
1.958000e-07 1.958000e-07 0.000000e+00 1.200000e+00 -1.235000e-12
1.959000e-07 1.959000e-07 0.000000e+00 1.200000e+00 -1.235000e-12
1.960000e-07 1.960000e-07 0.000000e+00 1.200000e+00 -1.235000e-12
1.961000e-07 1.961000e-07 0.000000e+00 1.200000e+00 -1.235000e-12
1.962000e-07 1.962000e-07 0.000000e+00 1.200000e+00 -1.235000e-12
1.963000e-07 1.963000e-07 0.000000e+00 1.200000e+00 -1.235000e-12
1.964000e-07 1.964000e-07 0.000000e+00 1.200000e+00 -1.235000e-12
1.965000e-07 1.965000e-07 0.000000e+00 1.200000e+00 -1.235000e-12
1.966000e-07 1.966000e-07 0.000000e+00 1.200000e+00 -1.235000e-12
1.967000e-07 1.967000e-07 0.000000e+00 1.200000e+00 -1.235000e-12
1.968000e-07 1.968000e-07 0.000000e+00 1.200000e+00 -1.235000e-12
1.969000e-07 1.969000e-07 0.000000e+00 1.200000e+00 -1.235000e-12
1.970000e-07 1.970000e-07 0.000000e+00 1.200000e+00 -1.235000e-12
1.971000e-07 1.971000e-07 0.000000e+00 1.200000e+00 -1.235000e-12
1.972000e-07 1.972000e-07 0.000000e+00 1.200000e+00 -1.235000e-12
1.973000e-07 1.973000e-07 0.000000e+00 1.200000e+00 -1.235000e-12
1.974000e-07 1.974000e-07 0.000000e+00 1.200000e+00 -1.235000e-12
1.975000e-07 1.975000e-07 0.000000e+00 1.200000e+00 -1.235000e-12
1.976000e-07 1.976000e-07 0.000000e+00 1.200000e+00 -1.235000e-12
1.977000e-07 1.977000e-07 0.000000e+00 1.200000e+00 -1.235000e-12
1.978000e-07 1.978000e-07 0.000000e+00 1.200000e+00 -1.235000e-12
1.979000e-07 1.979000e-07 0.000000e+00 1.200000e+00 -1.235000e-12
1.980000e-07 1.980000e-07 0.000000e+00 1.200000e+00 -1.235000e-12
1.981000e-07 1.981000e-07 0.000000e+00 1.200000e+00 -1.235000e-12
1.982000e-07 1.982000e-07 0.000000e+00 1.200000e+00 -1.235000e-12
1.983000e-07 1.983000e-07 0.000000e+00 1.200000e+00 -1.235000e-12
1.984000e-07 1.984000e-07 0.000000e+00 1.200000e+00 -1.235000e-12
1.985000e-07 1.985000e-07 0.000000e+00 1.200000e+00 -1.235000e-12
1.986000e-07 1.986000e-07 0.000000e+00 1.200000e+00 -1.235000e-12
1.987000e-07 1.987000e-07 0.000000e+00 1.200000e+00 -1.235000e-12
1.988000e-07 1.988000e-07 0.000000e+00 1.200000e+00 -1.235000e-12
1.989000e-07 1.989000e-07 0.000000e+00 1.200000e+00 -1.235000e-12
1.990000e-07 1.990000e-07 0.000000e+00 1.200000e+00 -1.235000e-12
1.991000e-07 1.991000e-07 0.000000e+00 1.200000e+00 -1.235000e-12
1.992000e-07 1.992000e-07 0.000000e+00 1.200000e+00 -1.235000e-12
1.993000e-07 1.993000e-07 0.000000e+00 1.200000e+00 -1.235000e-12
1.994000e-07 1.994000e-07 0.000000e+00 1.200000e+00 -1.235000e-12
1.995000e-07 1.995000e-07 0.000000e+00 1.200000e+00 -1.235000e-12
1.996000e-07 1.996000e-07 0.000000e+00 1.200000e+00 -1.235000e-12
1.997000e-07 1.997000e-07 0.000000e+00 1.200000e+00 -1.235000e-12
1.998000e-07 1.998000e-07 0.000000e+00 1.200000e+00 -1.235000e-12
1.999000e-07 1.999000e-07 0.000000e+00 1.200000e+00 -1.235000e-12
2.000000e-07 2.000000e-07 0.000000e+00 1.200000e+00 -1.235000e-12
2.001000e-07 2.001000e-07 6.000000e-03 1.200000e+00 2.795715e-07
2.002000e-07 2.002000e-07 1.200000e-02 1.200000e+00 5.591441e-07
2.003000e-07 2.003000e-07 1.800000e-02 1.200000e+00 6.861974e-07
2.004000e-07 2.004000e-07 2.400000e-02 1.200000e+00 6.861974e-07
2.005000e-07 2.005000e-07 3.000000e-02 1.200000e+00 6.861974e-07
2.006000e-07 2.006000e-07 3.600000e-02 1.200000e+00 6.861973e-07
2.007000e-07 2.007000e-07 4.200000e-02 1.200000e+00 6.861973e-07
2.008000e-07 2.008000e-07 4.800000e-02 1.200000e+00 6.861973e-07
2.009000e-07 2.009000e-07 5.400000e-02 1.200000e+00 6.861972e-07
2.010000e-07 2.010000e-07 6.000000e-02 1.200000e+00 6.861972e-07
2.011000e-07 2.011000e-07 6.600000e-02 1.200000e+00 6.861971e-07
2.012000e-07 2.012000e-07 7.200000e-02 1.200000e+00 6.861971e-07
2.013000e-07 2.013000e-07 7.800000e-02 1.200000e+00 6.861970e-07
2.014000e-07 2.014000e-07 8.400000e-02 1.200000e+00 6.861969e-07
2.015000e-07 2.015000e-07 9.000000e-02 1.200000e+00 6.861968e-07
2.016000e-07 2.016000e-07 9.600000e-02 1.200000e+00 6.861966e-07
2.017000e-07 2.017000e-07 1.020000e-01 1.200000e+00 6.861965e-07
2.018000e-07 2.018000e-07 1.080000e-01 1.200000e+00 6.861962e-07
2.019000e-07 2.019000e-07 1.140000e-01 1.200000e+00 6.861958e-07
2.020000e-07 2.020000e-07 1.200000e-01 1.200000e+00 6.861954e-07
2.021000e-07 2.021000e-07 1.260000e-01 1.200000e+00 6.861950e-07
2.022000e-07 2.022000e-07 1.320000e-01 1.200000e+00 6.861946e-07
2.023000e-07 2.023000e-07 1.380000e-01 1.200000e+00 6.861941e-07
2.024000e-07 2.024000e-07 1.440000e-01 1.200000e+00 6.861933e-07
2.025000e-07 2.025000e-07 1.500000e-01 1.200000e+00 6.861917e-07
2.026000e-07 2.026000e-07 1.560000e-01 1.200000e+00 6.861900e-07
2.027000e-07 2.027000e-07 1.620000e-01 1.200000e+00 6.861884e-07
2.028000e-07 2.028000e-07 1.680000e-01 1.200000e+00 6.861867e-07
2.029000e-07 2.029000e-07 1.740000e-01 1.200000e+00 6.861851e-07
2.030000e-07 2.030000e-07 1.800000e-01 1.200000e+00 6.861834e-07
2.031000e-07 2.031000e-07 1.860000e-01 1.200000e+00 6.861818e-07
2.032000e-07 2.032000e-07 1.920000e-01 1.200000e+00 6.861738e-07
2.033000e-07 2.033000e-07 1.980000e-01 1.200000e+00 6.861638e-07
2.034000e-07 2.034000e-07 2.040000e-01 1.200000e+00 6.861537e-07
2.035000e-07 2.035000e-07 2.100000e-01 1.200000e+00 6.861436e-07
2.036000e-07 2.036000e-07 2.160000e-01 1.200000e+00 6.861336e-07
2.037000e-07 2.037000e-07 2.220000e-01 1.200000e+00 6.861235e-07
2.038000e-07 2.038000e-07 2.280000e-01 1.200000e+00 6.861134e-07
2.039000e-07 2.039000e-07 2.340000e-01 1.200000e+00 6.861033e-07
2.040000e-07 2.040000e-07 2.400000e-01 1.200000e+00 6.860933e-07
2.041000e-07 2.041000e-07 2.460000e-01 1.200000e+00 6.860832e-07
2.042000e-07 2.042000e-07 2.520000e-01 1.200000e+00 6.860000e-07
2.043000e-07 2.043000e-07 2.580000e-01 1.200000e+00 6.858889e-07
2.044000e-07 2.044000e-07 2.640000e-01 1.200000e+00 6.857779e-07
2.045000e-07 2.045000e-07 2.700000e-01 1.200000e+00 6.856668e-07
2.046000e-07 2.046000e-07 2.760000e-01 1.200000e+00 6.855557e-07
2.047000e-07 2.047000e-07 2.820000e-01 1.200000e+00 6.854447e-07
2.048000e-07 2.048000e-07 2.880000e-01 1.200000e+00 6.853336e-07
2.049000e-07 2.049000e-07 2.940000e-01 1.200000e+00 6.852226e-07
2.050000e-07 2.050000e-07 3.000000e-01 1.200000e+00 6.851115e-07
2.051000e-07 2.051000e-07 3.060000e-01 1.200000e+00 6.850004e-07
2.052000e-07 2.052000e-07 3.120000e-01 1.200000e+00 6.848894e-07
2.053000e-07 2.053000e-07 3.180000e-01 1.200000e+00 6.847783e-07
2.054000e-07 2.054000e-07 3.240000e-01 1.200000e+00 6.846672e-07
2.055000e-07 2.055000e-07 3.300000e-01 1.200000e+00 6.834854e-07
2.056000e-07 2.056000e-07 3.360000e-01 1.200000e+00 6.810604e-07
2.057000e-07 2.057000e-07 3.420000e-01 1.200000e+00 6.786354e-07
2.058000e-07 2.058000e-07 3.480000e-01 1.200000e+00 6.762104e-07
2.059000e-07 2.059000e-07 3.540000e-01 1.200000e+00 6.737854e-07
2.060000e-07 2.060000e-07 3.600000e-01 1.200000e+00 6.713605e-07
2.061000e-07 2.061000e-07 3.660000e-01 1.200000e+00 6.689355e-07
2.062000e-07 2.062000e-07 3.720000e-01 1.200000e+00 6.665105e-07
2.063000e-07 2.063000e-07 3.780000e-01 1.200000e+00 6.640855e-07
2.064000e-07 2.064000e-07 3.840000e-01 1.200000e+00 6.616605e-07
2.065000e-07 2.065000e-07 3.900000e-01 1.200000e+00 6.592355e-07
2.066000e-07 2.066000e-07 3.960000e-01 1.200000e+00 6.568105e-07
2.067000e-07 2.067000e-07 4.020000e-01 1.200000e+00 6.543855e-07
2.068000e-07 2.068000e-07 4.080000e-01 1.200000e+00 6.519605e-07
2.069000e-07 2.069000e-07 4.140000e-01 1.200000e+00 6.495355e-07
2.070000e-07 2.070000e-07 4.200000e-01 1.200000e+00 6.471106e-07
2.071000e-07 2.071000e-07 4.260000e-01 1.200000e+00 6.446856e-07
2.072000e-07 2.072000e-07 4.320000e-01 1.200000e+00 6.406895e-07
2.073000e-07 2.073000e-07 4.380000e-01 1.200000e+00 5.620684e-07
2.074000e-07 2.074000e-07 4.440000e-01 1.200000e+00 4.834473e-07
2.075000e-07 2.075000e-07 4.500000e-01 1.200000e+00 4.048262e-07
2.076000e-07 2.076000e-07 4.560000e-01 1.200000e+00 3.262052e-07
2.077000e-07 2.077000e-07 4.620000e-01 1.200000e+00 2.475841e-07
2.078000e-07 2.078000e-07 4.680000e-01 1.200000e+00 1.689630e-07
2.079000e-07 2.079000e-07 4.740000e-01 1.200000e+00 9.034190e-08
2.080000e-07 2.080000e-07 4.800000e-01 1.200000e+00 1.172090e-08
2.081000e-07 2.081000e-07 4.860000e-01 1.200000e+00 -6.690020e-08
2.082000e-07 2.082000e-07 4.920000e-01 1.200000e+00 -1.455213e-07
2.083000e-07 2.083000e-07 4.980000e-01 1.200000e+00 -2.241423e-07
2.084000e-07 2.084000e-07 5.040000e-01 1.200000e+00 -3.027634e-07
2.085000e-07 2.085000e-07 5.100000e-01 1.200000e+00 -3.813845e-07
2.086000e-07 2.086000e-07 5.160000e-01 1.200000e+00 -4.600056e-07
2.087000e-07 2.087000e-07 5.220000e-01 1.200000e+00 -5.386266e-07
2.088000e-07 2.088000e-07 5.280000e-01 1.200000e+00 -6.172477e-07
2.089000e-07 2.089000e-07 5.340000e-01 1.200000e+00 -6.958688e-07
2.090000e-07 2.090000e-07 5.400000e-01 1.200000e+00 -7.744899e-07
2.091000e-07 2.091000e-07 5.460000e-01 1.200000e+00 -8.531109e-07
2.092000e-07 2.092000e-07 5.520000e-01 1.200000e+00 -9.317320e-07
2.093000e-07 2.093000e-07 5.580000e-01 1.200000e+00 -1.010400e-06
2.094000e-07 2.094000e-07 5.640000e-01 1.200000e+00 -1.089000e-06
2.095000e-07 2.095000e-07 5.700000e-01 1.200000e+00 -1.632800e-06
2.096000e-07 2.096000e-07 5.760000e-01 1.200000e+00 -3.325900e-06
2.097000e-07 2.097000e-07 5.820000e-01 1.200000e+00 -5.018900e-06
2.098000e-07 2.098000e-07 5.880000e-01 1.200000e+00 -6.712000e-06
2.099000e-07 2.099000e-07 5.940000e-01 1.200000e+00 -8.405000e-06
2.100000e-07 2.100000e-07 6.000000e-01 1.200000e+00 -1.009810e-05
2.101000e-07 2.101000e-07 6.060000e-01 1.200000e+00 -1.179120e-05
2.102000e-07 2.102000e-07 6.120000e-01 1.200000e+00 -1.348420e-05
2.103000e-07 2.103000e-07 6.180000e-01 1.200000e+00 -1.517730e-05
2.104000e-07 2.104000e-07 6.240000e-01 1.200000e+00 -1.687040e-05
2.105000e-07 2.105000e-07 6.300000e-01 1.200000e+00 -1.856340e-05
2.106000e-07 2.106000e-07 6.360000e-01 1.200000e+00 -2.025650e-05
2.107000e-07 2.107000e-07 6.420000e-01 1.200000e+00 -2.194960e-05
2.108000e-07 2.108000e-07 6.480000e-01 1.200000e+00 -2.364260e-05
2.109000e-07 2.109000e-07 6.540000e-01 1.200000e+00 -2.533570e-05
2.110000e-07 2.110000e-07 6.600000e-01 1.200000e+00 -2.702880e-05
2.111000e-07 2.111000e-07 6.660000e-01 1.200000e+00 -2.872180e-05
2.112000e-07 2.112000e-07 6.720000e-01 1.200000e+00 -3.041490e-05
2.113000e-07 2.113000e-07 6.780000e-01 1.200000e+00 -3.210800e-05
2.114000e-07 2.114000e-07 6.840000e-01 1.200000e+00 -3.380100e-05
2.115000e-07 2.115000e-07 6.900000e-01 1.200000e+00 -3.549410e-05
2.116000e-07 2.116000e-07 6.960000e-01 1.200000e+00 -3.718720e-05
2.117000e-07 2.117000e-07 7.020000e-01 1.200000e+00 -3.888020e-05
2.118000e-07 2.118000e-07 7.080000e-01 1.200000e+00 -4.057330e-05
2.119000e-07 2.119000e-07 7.140000e-01 1.200000e+00 -4.226640e-05
2.120000e-07 2.120000e-07 7.200000e-01 1.200000e+00 -4.395940e-05
2.121000e-07 2.121000e-07 7.260000e-01 1.200000e+00 -4.565250e-05
2.122000e-07 2.122000e-07 7.320000e-01 1.200000e+00 -4.734550e-05
2.123000e-07 2.123000e-07 7.380000e-01 1.200000e+00 -4.903860e-05
2.124000e-07 2.124000e-07 7.440000e-01 1.200000e+00 -5.073170e-05
2.125000e-07 2.125000e-07 7.500000e-01 1.200000e+00 -5.242470e-05
2.126000e-07 2.126000e-07 7.560000e-01 1.200000e+00 -5.411780e-05
2.127000e-07 2.127000e-07 7.620000e-01 1.200000e+00 -5.581090e-05
2.128000e-07 2.128000e-07 7.680000e-01 1.200000e+00 -5.750390e-05
2.129000e-07 2.129000e-07 7.740000e-01 1.200000e+00 -6.172980e-05
2.130000e-07 2.130000e-07 7.800000e-01 1.200000e+00 -6.646350e-05
2.131000e-07 2.131000e-07 7.860000e-01 1.200000e+00 -7.119710e-05
2.132000e-07 2.132000e-07 7.920000e-01 1.200000e+00 -7.593080e-05
2.133000e-07 2.133000e-07 7.980000e-01 1.200000e+00 -8.066440e-05
2.134000e-07 2.134000e-07 8.040000e-01 1.200000e+00 -8.539810e-05
2.135000e-07 2.135000e-07 8.100000e-01 1.200000e+00 -9.013180e-05
2.136000e-07 2.136000e-07 8.160000e-01 1.200000e+00 -9.486540e-05
2.137000e-07 2.137000e-07 8.220000e-01 1.200000e+00 -9.959910e-05
2.138000e-07 2.138000e-07 8.280000e-01 1.200000e+00 -1.043327e-04
2.139000e-07 2.139000e-07 8.340000e-01 1.200000e+00 -1.090664e-04
2.140000e-07 2.140000e-07 8.400000e-01 1.200000e+00 -1.138001e-04
2.141000e-07 2.141000e-07 8.460000e-01 1.200000e+00 -1.185337e-04
2.142000e-07 2.142000e-07 8.520000e-01 1.200000e+00 -1.232674e-04
2.143000e-07 2.143000e-07 8.580000e-01 1.200000e+00 -1.280010e-04
2.144000e-07 2.144000e-07 8.640000e-01 1.200000e+00 -1.332007e-04
2.145000e-07 2.145000e-07 8.700000e-01 1.200000e+00 -1.394154e-04
2.146000e-07 2.146000e-07 8.760000e-01 1.200000e+00 -1.456302e-04
2.147000e-07 2.147000e-07 8.820000e-01 1.200000e+00 -1.518449e-04
2.148000e-07 2.148000e-07 8.880000e-01 1.200000e+00 -1.580597e-04
2.149000e-07 2.149000e-07 8.940000e-01 1.200000e+00 -1.642744e-04
2.150000e-07 2.150000e-07 9.000000e-01 1.200000e+00 -1.704892e-04
2.151000e-07 2.151000e-07 9.060000e-01 1.200000e+00 -1.767039e-04
2.152000e-07 2.152000e-07 9.120000e-01 1.200000e+00 -1.829187e-04
2.153000e-07 2.153000e-07 9.180000e-01 1.200000e+00 -1.891334e-04
2.154000e-07 2.154000e-07 9.240000e-01 1.200000e+00 -1.953482e-04
2.155000e-07 2.155000e-07 9.300000e-01 1.200000e+00 -2.015629e-04
2.156000e-07 2.156000e-07 9.360000e-01 1.200000e+00 -2.077777e-04
2.157000e-07 2.157000e-07 9.420000e-01 1.200000e+00 -2.139924e-04
2.158000e-07 2.158000e-07 9.480000e-01 1.200000e+00 -2.202072e-04
2.159000e-07 2.159000e-07 9.540000e-01 1.200000e+00 -2.273955e-04
2.160000e-07 2.160000e-07 9.600000e-01 1.200000e+00 -2.349687e-04
2.161000e-07 2.161000e-07 9.660000e-01 1.200000e+00 -2.425419e-04
2.162000e-07 2.162000e-07 9.720000e-01 1.200000e+00 -2.501151e-04
2.163000e-07 2.163000e-07 9.780000e-01 1.200000e+00 -2.576883e-04
2.164000e-07 2.164000e-07 9.840000e-01 1.200000e+00 -2.652616e-04
2.165000e-07 2.165000e-07 9.900000e-01 1.200000e+00 -2.728348e-04
2.166000e-07 2.166000e-07 9.960000e-01 1.200000e+00 -2.804080e-04
2.167000e-07 2.167000e-07 1.002000e+00 1.200000e+00 -2.879812e-04
2.168000e-07 2.168000e-07 1.008000e+00 1.200000e+00 -2.955544e-04
2.169000e-07 2.169000e-07 1.014000e+00 1.200000e+00 -3.031276e-04
2.170000e-07 2.170000e-07 1.020000e+00 1.200000e+00 -3.107008e-04
2.171000e-07 2.171000e-07 1.026000e+00 1.200000e+00 -3.189105e-04
2.172000e-07 2.172000e-07 1.032000e+00 1.200000e+00 -3.271933e-04
2.173000e-07 2.173000e-07 1.038000e+00 1.200000e+00 -3.354761e-04
2.174000e-07 2.174000e-07 1.044000e+00 1.200000e+00 -3.437590e-04
2.175000e-07 2.175000e-07 1.050000e+00 1.200000e+00 -3.520418e-04
2.176000e-07 2.176000e-07 1.056000e+00 1.200000e+00 -3.603246e-04
2.177000e-07 2.177000e-07 1.062000e+00 1.200000e+00 -3.686075e-04
2.178000e-07 2.178000e-07 1.068000e+00 1.200000e+00 -3.768903e-04
2.179000e-07 2.179000e-07 1.074000e+00 1.200000e+00 -3.851744e-04
2.180000e-07 2.180000e-07 1.080000e+00 1.200000e+00 -3.943184e-04
2.181000e-07 2.181000e-07 1.086000e+00 1.200000e+00 -4.034623e-04
2.182000e-07 2.182000e-07 1.092000e+00 1.200000e+00 -4.126063e-04
2.183000e-07 2.183000e-07 1.098000e+00 1.200000e+00 -4.217502e-04
2.184000e-07 2.184000e-07 1.104000e+00 1.200000e+00 -4.308942e-04
2.185000e-07 2.185000e-07 1.110000e+00 1.200000e+00 -4.400381e-04
2.186000e-07 2.186000e-07 1.116000e+00 1.200000e+00 -4.491821e-04
2.187000e-07 2.187000e-07 1.122000e+00 1.200000e+00 -4.584780e-04
2.188000e-07 2.188000e-07 1.128000e+00 1.200000e+00 -4.678534e-04
2.189000e-07 2.189000e-07 1.134000e+00 1.200000e+00 -4.772289e-04
2.190000e-07 2.190000e-07 1.140000e+00 1.200000e+00 -4.866043e-04
2.191000e-07 2.191000e-07 1.146000e+00 1.200000e+00 -4.959797e-04
2.192000e-07 2.192000e-07 1.152000e+00 1.200000e+00 -5.053551e-04
2.193000e-07 2.193000e-07 1.158000e+00 1.200000e+00 -5.153511e-04
2.194000e-07 2.194000e-07 1.164000e+00 1.200000e+00 -5.254421e-04
2.195000e-07 2.195000e-07 1.170000e+00 1.200000e+00 -5.355330e-04
2.196000e-07 2.196000e-07 1.176000e+00 1.200000e+00 -5.456240e-04
2.197000e-07 2.197000e-07 1.182000e+00 1.200000e+00 -5.556688e-04
2.198000e-07 2.198000e-07 1.188000e+00 1.200000e+00 -5.655866e-04
2.199000e-07 2.199000e-07 1.194000e+00 1.200000e+00 -5.755043e-04
2.200000e-07 2.200000e-07 1.200000e+00 1.200000e+00 -5.854221e-04
2.201000e-07 2.201000e-07 1.200000e+00 1.200000e+00 -5.880865e-04
2.202000e-07 2.202000e-07 1.200000e+00 1.200000e+00 -5.880865e-04
2.203000e-07 2.203000e-07 1.200000e+00 1.200000e+00 -5.880865e-04
2.204000e-07 2.204000e-07 1.200000e+00 1.200000e+00 -5.880865e-04
2.205000e-07 2.205000e-07 1.200000e+00 1.200000e+00 -5.880865e-04
2.206000e-07 2.206000e-07 1.200000e+00 1.200000e+00 -5.880865e-04
2.207000e-07 2.207000e-07 1.200000e+00 1.200000e+00 -5.880865e-04
2.208000e-07 2.208000e-07 1.200000e+00 1.200000e+00 -5.880865e-04
2.209000e-07 2.209000e-07 1.200000e+00 1.200000e+00 -5.880865e-04
2.210000e-07 2.210000e-07 1.200000e+00 1.200000e+00 -5.880865e-04
2.211000e-07 2.211000e-07 1.200000e+00 1.200000e+00 -5.880865e-04
2.212000e-07 2.212000e-07 1.200000e+00 1.200000e+00 -5.880865e-04
2.213000e-07 2.213000e-07 1.200000e+00 1.200000e+00 -5.880865e-04
2.214000e-07 2.214000e-07 1.200000e+00 1.200000e+00 -5.880865e-04
2.215000e-07 2.215000e-07 1.200000e+00 1.200000e+00 -5.880865e-04
2.216000e-07 2.216000e-07 1.200000e+00 1.200000e+00 -5.880865e-04
2.217000e-07 2.217000e-07 1.200000e+00 1.200000e+00 -5.880865e-04
2.218000e-07 2.218000e-07 1.200000e+00 1.200000e+00 -5.880865e-04
2.219000e-07 2.219000e-07 1.200000e+00 1.200000e+00 -5.880865e-04
2.220000e-07 2.220000e-07 1.200000e+00 1.200000e+00 -5.880865e-04
2.221000e-07 2.221000e-07 1.200000e+00 1.200000e+00 -5.880865e-04
2.222000e-07 2.222000e-07 1.200000e+00 1.200000e+00 -5.880865e-04
2.223000e-07 2.223000e-07 1.200000e+00 1.200000e+00 -5.880865e-04
2.224000e-07 2.224000e-07 1.200000e+00 1.200000e+00 -5.880865e-04
2.225000e-07 2.225000e-07 1.200000e+00 1.200000e+00 -5.880865e-04
2.226000e-07 2.226000e-07 1.200000e+00 1.200000e+00 -5.880865e-04
2.227000e-07 2.227000e-07 1.200000e+00 1.200000e+00 -5.880865e-04
2.228000e-07 2.228000e-07 1.200000e+00 1.200000e+00 -5.880865e-04
2.229000e-07 2.229000e-07 1.200000e+00 1.200000e+00 -5.880865e-04
2.230000e-07 2.230000e-07 1.200000e+00 1.200000e+00 -5.880865e-04
2.231000e-07 2.231000e-07 1.200000e+00 1.200000e+00 -5.880865e-04
2.232000e-07 2.232000e-07 1.200000e+00 1.200000e+00 -5.880865e-04
2.233000e-07 2.233000e-07 1.200000e+00 1.200000e+00 -5.880865e-04
2.234000e-07 2.234000e-07 1.200000e+00 1.200000e+00 -5.880865e-04
2.235000e-07 2.235000e-07 1.200000e+00 1.200000e+00 -5.880865e-04
2.236000e-07 2.236000e-07 1.200000e+00 1.200000e+00 -5.880865e-04
2.237000e-07 2.237000e-07 1.200000e+00 1.200000e+00 -5.880865e-04
2.238000e-07 2.238000e-07 1.200000e+00 1.200000e+00 -5.880865e-04
2.239000e-07 2.239000e-07 1.200000e+00 1.200000e+00 -5.880865e-04
2.240000e-07 2.240000e-07 1.200000e+00 1.200000e+00 -5.880865e-04
2.241000e-07 2.241000e-07 1.200000e+00 1.200000e+00 -5.880865e-04
2.242000e-07 2.242000e-07 1.200000e+00 1.200000e+00 -5.880865e-04
2.243000e-07 2.243000e-07 1.200000e+00 1.200000e+00 -5.880865e-04
2.244000e-07 2.244000e-07 1.200000e+00 1.200000e+00 -5.880865e-04
2.245000e-07 2.245000e-07 1.200000e+00 1.200000e+00 -5.880865e-04
2.246000e-07 2.246000e-07 1.200000e+00 1.200000e+00 -5.880865e-04
2.247000e-07 2.247000e-07 1.200000e+00 1.200000e+00 -5.880865e-04
2.248000e-07 2.248000e-07 1.200000e+00 1.200000e+00 -5.880865e-04
2.249000e-07 2.249000e-07 1.200000e+00 1.200000e+00 -5.880865e-04
2.250000e-07 2.250000e-07 1.200000e+00 1.200000e+00 -5.880865e-04
2.251000e-07 2.251000e-07 1.200000e+00 1.200000e+00 -5.880865e-04
2.252000e-07 2.252000e-07 1.200000e+00 1.200000e+00 -5.880865e-04
2.253000e-07 2.253000e-07 1.200000e+00 1.200000e+00 -5.880865e-04
2.254000e-07 2.254000e-07 1.200000e+00 1.200000e+00 -5.880865e-04
2.255000e-07 2.255000e-07 1.200000e+00 1.200000e+00 -5.880865e-04
2.256000e-07 2.256000e-07 1.200000e+00 1.200000e+00 -5.880865e-04
2.257000e-07 2.257000e-07 1.200000e+00 1.200000e+00 -5.880865e-04
2.258000e-07 2.258000e-07 1.200000e+00 1.200000e+00 -5.880865e-04
2.259000e-07 2.259000e-07 1.200000e+00 1.200000e+00 -5.880865e-04
2.260000e-07 2.260000e-07 1.200000e+00 1.200000e+00 -5.880865e-04
2.261000e-07 2.261000e-07 1.200000e+00 1.200000e+00 -5.880865e-04
2.262000e-07 2.262000e-07 1.200000e+00 1.200000e+00 -5.880865e-04
2.263000e-07 2.263000e-07 1.200000e+00 1.200000e+00 -5.880865e-04
2.264000e-07 2.264000e-07 1.200000e+00 1.200000e+00 -5.880865e-04
2.265000e-07 2.265000e-07 1.200000e+00 1.200000e+00 -5.880865e-04
2.266000e-07 2.266000e-07 1.200000e+00 1.200000e+00 -5.880865e-04
2.267000e-07 2.267000e-07 1.200000e+00 1.200000e+00 -5.880865e-04
2.268000e-07 2.268000e-07 1.200000e+00 1.200000e+00 -5.880865e-04
2.269000e-07 2.269000e-07 1.200000e+00 1.200000e+00 -5.880865e-04
2.270000e-07 2.270000e-07 1.200000e+00 1.200000e+00 -5.880865e-04
2.271000e-07 2.271000e-07 1.200000e+00 1.200000e+00 -5.880865e-04
2.272000e-07 2.272000e-07 1.200000e+00 1.200000e+00 -5.880865e-04
2.273000e-07 2.273000e-07 1.200000e+00 1.200000e+00 -5.880865e-04
2.274000e-07 2.274000e-07 1.200000e+00 1.200000e+00 -5.880865e-04
2.275000e-07 2.275000e-07 1.200000e+00 1.200000e+00 -5.880865e-04
2.276000e-07 2.276000e-07 1.200000e+00 1.200000e+00 -5.880865e-04
2.277000e-07 2.277000e-07 1.200000e+00 1.200000e+00 -5.880865e-04
2.278000e-07 2.278000e-07 1.200000e+00 1.200000e+00 -5.880865e-04
2.279000e-07 2.279000e-07 1.200000e+00 1.200000e+00 -5.880865e-04
2.280000e-07 2.280000e-07 1.200000e+00 1.200000e+00 -5.880865e-04
2.281000e-07 2.281000e-07 1.200000e+00 1.200000e+00 -5.880865e-04
2.282000e-07 2.282000e-07 1.200000e+00 1.200000e+00 -5.880865e-04
2.283000e-07 2.283000e-07 1.200000e+00 1.200000e+00 -5.880865e-04
2.284000e-07 2.284000e-07 1.200000e+00 1.200000e+00 -5.880865e-04
2.285000e-07 2.285000e-07 1.200000e+00 1.200000e+00 -5.880865e-04
2.286000e-07 2.286000e-07 1.200000e+00 1.200000e+00 -5.880865e-04
2.287000e-07 2.287000e-07 1.200000e+00 1.200000e+00 -5.880865e-04
2.288000e-07 2.288000e-07 1.200000e+00 1.200000e+00 -5.880865e-04
2.289000e-07 2.289000e-07 1.200000e+00 1.200000e+00 -5.880865e-04
2.290000e-07 2.290000e-07 1.200000e+00 1.200000e+00 -5.880865e-04
2.291000e-07 2.291000e-07 1.200000e+00 1.200000e+00 -5.880865e-04
2.292000e-07 2.292000e-07 1.200000e+00 1.200000e+00 -5.880865e-04
2.293000e-07 2.293000e-07 1.200000e+00 1.200000e+00 -5.880865e-04
2.294000e-07 2.294000e-07 1.200000e+00 1.200000e+00 -5.880865e-04
2.295000e-07 2.295000e-07 1.200000e+00 1.200000e+00 -5.880865e-04
2.296000e-07 2.296000e-07 1.200000e+00 1.200000e+00 -5.880865e-04
2.297000e-07 2.297000e-07 1.200000e+00 1.200000e+00 -5.880865e-04
2.298000e-07 2.298000e-07 1.200000e+00 1.200000e+00 -5.880865e-04
2.299000e-07 2.299000e-07 1.200000e+00 1.200000e+00 -5.880865e-04
2.300000e-07 2.300000e-07 1.200000e+00 1.200000e+00 -5.880865e-04
2.301000e-07 2.301000e-07 1.200000e+00 1.200000e+00 -5.880865e-04
2.302000e-07 2.302000e-07 1.200000e+00 1.200000e+00 -5.880865e-04
2.303000e-07 2.303000e-07 1.200000e+00 1.200000e+00 -5.880865e-04
2.304000e-07 2.304000e-07 1.200000e+00 1.200000e+00 -5.880865e-04
2.305000e-07 2.305000e-07 1.200000e+00 1.200000e+00 -5.880865e-04
2.306000e-07 2.306000e-07 1.200000e+00 1.200000e+00 -5.880865e-04
2.307000e-07 2.307000e-07 1.200000e+00 1.200000e+00 -5.880865e-04
2.308000e-07 2.308000e-07 1.200000e+00 1.200000e+00 -5.880865e-04
2.309000e-07 2.309000e-07 1.200000e+00 1.200000e+00 -5.880865e-04
2.310000e-07 2.310000e-07 1.200000e+00 1.200000e+00 -5.880865e-04
2.311000e-07 2.311000e-07 1.200000e+00 1.200000e+00 -5.880865e-04
2.312000e-07 2.312000e-07 1.200000e+00 1.200000e+00 -5.880865e-04
2.313000e-07 2.313000e-07 1.200000e+00 1.200000e+00 -5.880865e-04
2.314000e-07 2.314000e-07 1.200000e+00 1.200000e+00 -5.880865e-04
2.315000e-07 2.315000e-07 1.200000e+00 1.200000e+00 -5.880865e-04
2.316000e-07 2.316000e-07 1.200000e+00 1.200000e+00 -5.880865e-04
2.317000e-07 2.317000e-07 1.200000e+00 1.200000e+00 -5.880865e-04
2.318000e-07 2.318000e-07 1.200000e+00 1.200000e+00 -5.880865e-04
2.319000e-07 2.319000e-07 1.200000e+00 1.200000e+00 -5.880865e-04
2.320000e-07 2.320000e-07 1.200000e+00 1.200000e+00 -5.880865e-04
2.321000e-07 2.321000e-07 1.200000e+00 1.200000e+00 -5.880865e-04
2.322000e-07 2.322000e-07 1.200000e+00 1.200000e+00 -5.880865e-04
2.323000e-07 2.323000e-07 1.200000e+00 1.200000e+00 -5.880865e-04
2.324000e-07 2.324000e-07 1.200000e+00 1.200000e+00 -5.880865e-04
2.325000e-07 2.325000e-07 1.200000e+00 1.200000e+00 -5.880865e-04
2.326000e-07 2.326000e-07 1.200000e+00 1.200000e+00 -5.880865e-04
2.327000e-07 2.327000e-07 1.200000e+00 1.200000e+00 -5.880865e-04
2.328000e-07 2.328000e-07 1.200000e+00 1.200000e+00 -5.880865e-04
2.329000e-07 2.329000e-07 1.200000e+00 1.200000e+00 -5.880865e-04
2.330000e-07 2.330000e-07 1.200000e+00 1.200000e+00 -5.880865e-04
2.331000e-07 2.331000e-07 1.200000e+00 1.200000e+00 -5.880865e-04
2.332000e-07 2.332000e-07 1.200000e+00 1.200000e+00 -5.880865e-04
2.333000e-07 2.333000e-07 1.200000e+00 1.200000e+00 -5.880865e-04
2.334000e-07 2.334000e-07 1.200000e+00 1.200000e+00 -5.880865e-04
2.335000e-07 2.335000e-07 1.200000e+00 1.200000e+00 -5.880865e-04
2.336000e-07 2.336000e-07 1.200000e+00 1.200000e+00 -5.880865e-04
2.337000e-07 2.337000e-07 1.200000e+00 1.200000e+00 -5.880865e-04
2.338000e-07 2.338000e-07 1.200000e+00 1.200000e+00 -5.880865e-04
2.339000e-07 2.339000e-07 1.200000e+00 1.200000e+00 -5.880865e-04
2.340000e-07 2.340000e-07 1.200000e+00 1.200000e+00 -5.880865e-04
2.341000e-07 2.341000e-07 1.200000e+00 1.200000e+00 -5.880865e-04
2.342000e-07 2.342000e-07 1.200000e+00 1.200000e+00 -5.880865e-04
2.343000e-07 2.343000e-07 1.200000e+00 1.200000e+00 -5.880865e-04
2.344000e-07 2.344000e-07 1.200000e+00 1.200000e+00 -5.880865e-04
2.345000e-07 2.345000e-07 1.200000e+00 1.200000e+00 -5.880865e-04
2.346000e-07 2.346000e-07 1.200000e+00 1.200000e+00 -5.880865e-04
2.347000e-07 2.347000e-07 1.200000e+00 1.200000e+00 -5.880865e-04
2.348000e-07 2.348000e-07 1.200000e+00 1.200000e+00 -5.880865e-04
2.349000e-07 2.349000e-07 1.200000e+00 1.200000e+00 -5.880865e-04
2.350000e-07 2.350000e-07 1.200000e+00 1.200000e+00 -5.880865e-04
2.351000e-07 2.351000e-07 1.200000e+00 1.200000e+00 -5.880865e-04
2.352000e-07 2.352000e-07 1.200000e+00 1.200000e+00 -5.880865e-04
2.353000e-07 2.353000e-07 1.200000e+00 1.200000e+00 -5.880865e-04
2.354000e-07 2.354000e-07 1.200000e+00 1.200000e+00 -5.880865e-04
2.355000e-07 2.355000e-07 1.200000e+00 1.200000e+00 -5.880865e-04
2.356000e-07 2.356000e-07 1.200000e+00 1.200000e+00 -5.880865e-04
2.357000e-07 2.357000e-07 1.200000e+00 1.200000e+00 -5.880865e-04
2.358000e-07 2.358000e-07 1.200000e+00 1.200000e+00 -5.880865e-04
2.359000e-07 2.359000e-07 1.200000e+00 1.200000e+00 -5.880865e-04
2.360000e-07 2.360000e-07 1.200000e+00 1.200000e+00 -5.880865e-04
2.361000e-07 2.361000e-07 1.200000e+00 1.200000e+00 -5.880865e-04
2.362000e-07 2.362000e-07 1.200000e+00 1.200000e+00 -5.880865e-04
2.363000e-07 2.363000e-07 1.200000e+00 1.200000e+00 -5.880865e-04
2.364000e-07 2.364000e-07 1.200000e+00 1.200000e+00 -5.880865e-04
2.365000e-07 2.365000e-07 1.200000e+00 1.200000e+00 -5.880865e-04
2.366000e-07 2.366000e-07 1.200000e+00 1.200000e+00 -5.880865e-04
2.367000e-07 2.367000e-07 1.200000e+00 1.200000e+00 -5.880865e-04
2.368000e-07 2.368000e-07 1.200000e+00 1.200000e+00 -5.880865e-04
2.369000e-07 2.369000e-07 1.200000e+00 1.200000e+00 -5.880865e-04
2.370000e-07 2.370000e-07 1.200000e+00 1.200000e+00 -5.880865e-04
2.371000e-07 2.371000e-07 1.200000e+00 1.200000e+00 -5.880865e-04
2.372000e-07 2.372000e-07 1.200000e+00 1.200000e+00 -5.880865e-04
2.373000e-07 2.373000e-07 1.200000e+00 1.200000e+00 -5.880865e-04
2.374000e-07 2.374000e-07 1.200000e+00 1.200000e+00 -5.880865e-04
2.375000e-07 2.375000e-07 1.200000e+00 1.200000e+00 -5.880865e-04
2.376000e-07 2.376000e-07 1.200000e+00 1.200000e+00 -5.880865e-04
2.377000e-07 2.377000e-07 1.200000e+00 1.200000e+00 -5.880865e-04
2.378000e-07 2.378000e-07 1.200000e+00 1.200000e+00 -5.880865e-04
2.379000e-07 2.379000e-07 1.200000e+00 1.200000e+00 -5.880865e-04
2.380000e-07 2.380000e-07 1.200000e+00 1.200000e+00 -5.880865e-04
2.381000e-07 2.381000e-07 1.200000e+00 1.200000e+00 -5.880865e-04
2.382000e-07 2.382000e-07 1.200000e+00 1.200000e+00 -5.880865e-04
2.383000e-07 2.383000e-07 1.200000e+00 1.200000e+00 -5.880865e-04
2.384000e-07 2.384000e-07 1.200000e+00 1.200000e+00 -5.880865e-04
2.385000e-07 2.385000e-07 1.200000e+00 1.200000e+00 -5.880865e-04
2.386000e-07 2.386000e-07 1.200000e+00 1.200000e+00 -5.880865e-04
2.387000e-07 2.387000e-07 1.200000e+00 1.200000e+00 -5.880865e-04
2.388000e-07 2.388000e-07 1.200000e+00 1.200000e+00 -5.880865e-04
2.389000e-07 2.389000e-07 1.200000e+00 1.200000e+00 -5.880865e-04
2.390000e-07 2.390000e-07 1.200000e+00 1.200000e+00 -5.880865e-04
2.391000e-07 2.391000e-07 1.200000e+00 1.200000e+00 -5.880865e-04
2.392000e-07 2.392000e-07 1.200000e+00 1.200000e+00 -5.880865e-04
2.393000e-07 2.393000e-07 1.200000e+00 1.200000e+00 -5.880865e-04
2.394000e-07 2.394000e-07 1.200000e+00 1.200000e+00 -5.880865e-04
2.395000e-07 2.395000e-07 1.200000e+00 1.200000e+00 -5.880865e-04
2.396000e-07 2.396000e-07 1.200000e+00 1.200000e+00 -5.880865e-04
2.397000e-07 2.397000e-07 1.200000e+00 1.200000e+00 -5.880865e-04
2.398000e-07 2.398000e-07 1.200000e+00 1.200000e+00 -5.880865e-04
2.399000e-07 2.399000e-07 1.200000e+00 1.200000e+00 -5.880865e-04
2.400000e-07 2.400000e-07 1.200000e+00 1.200000e+00 -5.880865e-04
2.401000e-07 2.401000e-07 1.200000e+00 1.200000e+00 -5.880865e-04
2.402000e-07 2.402000e-07 1.200000e+00 1.200000e+00 -5.880865e-04
2.403000e-07 2.403000e-07 1.200000e+00 1.200000e+00 -5.880865e-04
2.404000e-07 2.404000e-07 1.200000e+00 1.200000e+00 -5.880865e-04
2.405000e-07 2.405000e-07 1.200000e+00 1.200000e+00 -5.880865e-04
2.406000e-07 2.406000e-07 1.200000e+00 1.200000e+00 -5.880865e-04
2.407000e-07 2.407000e-07 1.200000e+00 1.200000e+00 -5.880865e-04
2.408000e-07 2.408000e-07 1.200000e+00 1.200000e+00 -5.880865e-04
2.409000e-07 2.409000e-07 1.200000e+00 1.200000e+00 -5.880865e-04
2.410000e-07 2.410000e-07 1.200000e+00 1.200000e+00 -5.880865e-04
2.411000e-07 2.411000e-07 1.200000e+00 1.200000e+00 -5.880865e-04
2.412000e-07 2.412000e-07 1.200000e+00 1.200000e+00 -5.880865e-04
2.413000e-07 2.413000e-07 1.200000e+00 1.200000e+00 -5.880865e-04
2.414000e-07 2.414000e-07 1.200000e+00 1.200000e+00 -5.880865e-04
2.415000e-07 2.415000e-07 1.200000e+00 1.200000e+00 -5.880865e-04
2.416000e-07 2.416000e-07 1.200000e+00 1.200000e+00 -5.880865e-04
2.417000e-07 2.417000e-07 1.200000e+00 1.200000e+00 -5.880865e-04
2.418000e-07 2.418000e-07 1.200000e+00 1.200000e+00 -5.880865e-04
2.419000e-07 2.419000e-07 1.200000e+00 1.200000e+00 -5.880865e-04
2.420000e-07 2.420000e-07 1.200000e+00 1.200000e+00 -5.880865e-04
2.421000e-07 2.421000e-07 1.200000e+00 1.200000e+00 -5.880865e-04
2.422000e-07 2.422000e-07 1.200000e+00 1.200000e+00 -5.880865e-04
2.423000e-07 2.423000e-07 1.200000e+00 1.200000e+00 -5.880865e-04
2.424000e-07 2.424000e-07 1.200000e+00 1.200000e+00 -5.880865e-04
2.425000e-07 2.425000e-07 1.200000e+00 1.200000e+00 -5.880865e-04
2.426000e-07 2.426000e-07 1.200000e+00 1.200000e+00 -5.880865e-04
2.427000e-07 2.427000e-07 1.200000e+00 1.200000e+00 -5.880865e-04
2.428000e-07 2.428000e-07 1.200000e+00 1.200000e+00 -5.880865e-04
2.429000e-07 2.429000e-07 1.200000e+00 1.200000e+00 -5.880865e-04
2.430000e-07 2.430000e-07 1.200000e+00 1.200000e+00 -5.880865e-04
2.431000e-07 2.431000e-07 1.200000e+00 1.200000e+00 -5.880865e-04
2.432000e-07 2.432000e-07 1.200000e+00 1.200000e+00 -5.880865e-04
2.433000e-07 2.433000e-07 1.200000e+00 1.200000e+00 -5.880865e-04
2.434000e-07 2.434000e-07 1.200000e+00 1.200000e+00 -5.880865e-04
2.435000e-07 2.435000e-07 1.200000e+00 1.200000e+00 -5.880865e-04
2.436000e-07 2.436000e-07 1.200000e+00 1.200000e+00 -5.880865e-04
2.437000e-07 2.437000e-07 1.200000e+00 1.200000e+00 -5.880865e-04
2.438000e-07 2.438000e-07 1.200000e+00 1.200000e+00 -5.880865e-04
2.439000e-07 2.439000e-07 1.200000e+00 1.200000e+00 -5.880865e-04
2.440000e-07 2.440000e-07 1.200000e+00 1.200000e+00 -5.880865e-04
2.441000e-07 2.441000e-07 1.200000e+00 1.200000e+00 -5.880865e-04
2.442000e-07 2.442000e-07 1.200000e+00 1.200000e+00 -5.880865e-04
2.443000e-07 2.443000e-07 1.200000e+00 1.200000e+00 -5.880865e-04
2.444000e-07 2.444000e-07 1.200000e+00 1.200000e+00 -5.880865e-04
2.445000e-07 2.445000e-07 1.200000e+00 1.200000e+00 -5.880865e-04
2.446000e-07 2.446000e-07 1.200000e+00 1.200000e+00 -5.880865e-04
2.447000e-07 2.447000e-07 1.200000e+00 1.200000e+00 -5.880865e-04
2.448000e-07 2.448000e-07 1.200000e+00 1.200000e+00 -5.880865e-04
2.449000e-07 2.449000e-07 1.200000e+00 1.200000e+00 -5.880865e-04
2.450000e-07 2.450000e-07 1.200000e+00 1.200000e+00 -5.880865e-04
2.451000e-07 2.451000e-07 1.200000e+00 1.200000e+00 -5.880865e-04
2.452000e-07 2.452000e-07 1.200000e+00 1.200000e+00 -5.880865e-04
2.453000e-07 2.453000e-07 1.200000e+00 1.200000e+00 -5.880865e-04
2.454000e-07 2.454000e-07 1.200000e+00 1.200000e+00 -5.880865e-04
2.455000e-07 2.455000e-07 1.200000e+00 1.200000e+00 -5.880865e-04
2.456000e-07 2.456000e-07 1.200000e+00 1.200000e+00 -5.880865e-04
2.457000e-07 2.457000e-07 1.200000e+00 1.200000e+00 -5.880865e-04
2.458000e-07 2.458000e-07 1.200000e+00 1.200000e+00 -5.880865e-04
2.459000e-07 2.459000e-07 1.200000e+00 1.200000e+00 -5.880865e-04
2.460000e-07 2.460000e-07 1.200000e+00 1.200000e+00 -5.880865e-04
2.461000e-07 2.461000e-07 1.200000e+00 1.200000e+00 -5.880865e-04
2.462000e-07 2.462000e-07 1.200000e+00 1.200000e+00 -5.880865e-04
2.463000e-07 2.463000e-07 1.200000e+00 1.200000e+00 -5.880865e-04
2.464000e-07 2.464000e-07 1.200000e+00 1.200000e+00 -5.880865e-04
2.465000e-07 2.465000e-07 1.200000e+00 1.200000e+00 -5.880865e-04
2.466000e-07 2.466000e-07 1.200000e+00 1.200000e+00 -5.880865e-04
2.467000e-07 2.467000e-07 1.200000e+00 1.200000e+00 -5.880865e-04
2.468000e-07 2.468000e-07 1.200000e+00 1.200000e+00 -5.880865e-04
2.469000e-07 2.469000e-07 1.200000e+00 1.200000e+00 -5.880865e-04
2.470000e-07 2.470000e-07 1.200000e+00 1.200000e+00 -5.880865e-04
2.471000e-07 2.471000e-07 1.200000e+00 1.200000e+00 -5.880865e-04
2.472000e-07 2.472000e-07 1.200000e+00 1.200000e+00 -5.880865e-04
2.473000e-07 2.473000e-07 1.200000e+00 1.200000e+00 -5.880865e-04
2.474000e-07 2.474000e-07 1.200000e+00 1.200000e+00 -5.880865e-04
2.475000e-07 2.475000e-07 1.200000e+00 1.200000e+00 -5.880865e-04
2.476000e-07 2.476000e-07 1.200000e+00 1.200000e+00 -5.880865e-04
2.477000e-07 2.477000e-07 1.200000e+00 1.200000e+00 -5.880865e-04
2.478000e-07 2.478000e-07 1.200000e+00 1.200000e+00 -5.880865e-04
2.479000e-07 2.479000e-07 1.200000e+00 1.200000e+00 -5.880865e-04
2.480000e-07 2.480000e-07 1.200000e+00 1.200000e+00 -5.880865e-04
2.481000e-07 2.481000e-07 1.200000e+00 1.200000e+00 -5.880865e-04
2.482000e-07 2.482000e-07 1.200000e+00 1.200000e+00 -5.880865e-04
2.483000e-07 2.483000e-07 1.200000e+00 1.200000e+00 -5.880865e-04
2.484000e-07 2.484000e-07 1.200000e+00 1.200000e+00 -5.880865e-04
2.485000e-07 2.485000e-07 1.200000e+00 1.200000e+00 -5.880865e-04
2.486000e-07 2.486000e-07 1.200000e+00 1.200000e+00 -5.880865e-04
2.487000e-07 2.487000e-07 1.200000e+00 1.200000e+00 -5.880865e-04
2.488000e-07 2.488000e-07 1.200000e+00 1.200000e+00 -5.880865e-04
2.489000e-07 2.489000e-07 1.200000e+00 1.200000e+00 -5.880865e-04
2.490000e-07 2.490000e-07 1.200000e+00 1.200000e+00 -5.880865e-04
2.491000e-07 2.491000e-07 1.200000e+00 1.200000e+00 -5.880865e-04
2.492000e-07 2.492000e-07 1.200000e+00 1.200000e+00 -5.880865e-04
2.493000e-07 2.493000e-07 1.200000e+00 1.200000e+00 -5.880865e-04
2.494000e-07 2.494000e-07 1.200000e+00 1.200000e+00 -5.880865e-04
2.495000e-07 2.495000e-07 1.200000e+00 1.200000e+00 -5.880865e-04
2.496000e-07 2.496000e-07 1.200000e+00 1.200000e+00 -5.880865e-04
2.497000e-07 2.497000e-07 1.200000e+00 1.200000e+00 -5.880865e-04
2.498000e-07 2.498000e-07 1.200000e+00 1.200000e+00 -5.880865e-04
2.499000e-07 2.499000e-07 1.200000e+00 1.200000e+00 -5.880865e-04
2.500000e-07 2.500000e-07 1.200000e+00 1.200000e+00 -5.880865e-04
2.501000e-07 2.501000e-07 1.200000e+00 1.200000e+00 -5.880865e-04
2.502000e-07 2.502000e-07 1.200000e+00 1.200000e+00 -5.880865e-04
2.503000e-07 2.503000e-07 1.200000e+00 1.200000e+00 -5.880865e-04
2.504000e-07 2.504000e-07 1.200000e+00 1.200000e+00 -5.880865e-04
2.505000e-07 2.505000e-07 1.200000e+00 1.200000e+00 -5.880865e-04
2.506000e-07 2.506000e-07 1.200000e+00 1.200000e+00 -5.880865e-04
2.507000e-07 2.507000e-07 1.200000e+00 1.200000e+00 -5.880865e-04
2.508000e-07 2.508000e-07 1.200000e+00 1.200000e+00 -5.880865e-04
2.509000e-07 2.509000e-07 1.200000e+00 1.200000e+00 -5.880865e-04
2.510000e-07 2.510000e-07 1.200000e+00 1.200000e+00 -5.880865e-04
2.511000e-07 2.511000e-07 1.200000e+00 1.200000e+00 -5.880865e-04
2.512000e-07 2.512000e-07 1.200000e+00 1.200000e+00 -5.880865e-04
2.513000e-07 2.513000e-07 1.200000e+00 1.200000e+00 -5.880865e-04
2.514000e-07 2.514000e-07 1.200000e+00 1.200000e+00 -5.880865e-04
2.515000e-07 2.515000e-07 1.200000e+00 1.200000e+00 -5.880865e-04
2.516000e-07 2.516000e-07 1.200000e+00 1.200000e+00 -5.880865e-04
2.517000e-07 2.517000e-07 1.200000e+00 1.200000e+00 -5.880865e-04
2.518000e-07 2.518000e-07 1.200000e+00 1.200000e+00 -5.880865e-04
2.519000e-07 2.519000e-07 1.200000e+00 1.200000e+00 -5.880865e-04
2.520000e-07 2.520000e-07 1.200000e+00 1.200000e+00 -5.880865e-04
2.521000e-07 2.521000e-07 1.200000e+00 1.200000e+00 -5.880865e-04
2.522000e-07 2.522000e-07 1.200000e+00 1.200000e+00 -5.880865e-04
2.523000e-07 2.523000e-07 1.200000e+00 1.200000e+00 -5.880865e-04
2.524000e-07 2.524000e-07 1.200000e+00 1.200000e+00 -5.880865e-04
2.525000e-07 2.525000e-07 1.200000e+00 1.200000e+00 -5.880865e-04
2.526000e-07 2.526000e-07 1.200000e+00 1.200000e+00 -5.880865e-04
2.527000e-07 2.527000e-07 1.200000e+00 1.200000e+00 -5.880865e-04
2.528000e-07 2.528000e-07 1.200000e+00 1.200000e+00 -5.880865e-04
2.529000e-07 2.529000e-07 1.200000e+00 1.200000e+00 -5.880865e-04
2.530000e-07 2.530000e-07 1.200000e+00 1.200000e+00 -5.880865e-04
2.531000e-07 2.531000e-07 1.200000e+00 1.200000e+00 -5.880865e-04
2.532000e-07 2.532000e-07 1.200000e+00 1.200000e+00 -5.880865e-04
2.533000e-07 2.533000e-07 1.200000e+00 1.200000e+00 -5.880865e-04
2.534000e-07 2.534000e-07 1.200000e+00 1.200000e+00 -5.880865e-04
2.535000e-07 2.535000e-07 1.200000e+00 1.200000e+00 -5.880865e-04
2.536000e-07 2.536000e-07 1.200000e+00 1.200000e+00 -5.880865e-04
2.537000e-07 2.537000e-07 1.200000e+00 1.200000e+00 -5.880865e-04
2.538000e-07 2.538000e-07 1.200000e+00 1.200000e+00 -5.880865e-04
2.539000e-07 2.539000e-07 1.200000e+00 1.200000e+00 -5.880865e-04
2.540000e-07 2.540000e-07 1.200000e+00 1.200000e+00 -5.880865e-04
2.541000e-07 2.541000e-07 1.200000e+00 1.200000e+00 -5.880865e-04
2.542000e-07 2.542000e-07 1.200000e+00 1.200000e+00 -5.880865e-04
2.543000e-07 2.543000e-07 1.200000e+00 1.200000e+00 -5.880865e-04
2.544000e-07 2.544000e-07 1.200000e+00 1.200000e+00 -5.880865e-04
2.545000e-07 2.545000e-07 1.200000e+00 1.200000e+00 -5.880865e-04
2.546000e-07 2.546000e-07 1.200000e+00 1.200000e+00 -5.880865e-04
2.547000e-07 2.547000e-07 1.200000e+00 1.200000e+00 -5.880865e-04
2.548000e-07 2.548000e-07 1.200000e+00 1.200000e+00 -5.880865e-04
2.549000e-07 2.549000e-07 1.200000e+00 1.200000e+00 -5.880865e-04
2.550000e-07 2.550000e-07 1.200000e+00 1.200000e+00 -5.880865e-04
2.551000e-07 2.551000e-07 1.200000e+00 1.200000e+00 -5.880865e-04
2.552000e-07 2.552000e-07 1.200000e+00 1.200000e+00 -5.880865e-04
2.553000e-07 2.553000e-07 1.200000e+00 1.200000e+00 -5.880865e-04
2.554000e-07 2.554000e-07 1.200000e+00 1.200000e+00 -5.880865e-04
2.555000e-07 2.555000e-07 1.200000e+00 1.200000e+00 -5.880865e-04
2.556000e-07 2.556000e-07 1.200000e+00 1.200000e+00 -5.880865e-04
2.557000e-07 2.557000e-07 1.200000e+00 1.200000e+00 -5.880865e-04
2.558000e-07 2.558000e-07 1.200000e+00 1.200000e+00 -5.880865e-04
2.559000e-07 2.559000e-07 1.200000e+00 1.200000e+00 -5.880865e-04
2.560000e-07 2.560000e-07 1.200000e+00 1.200000e+00 -5.880865e-04
2.561000e-07 2.561000e-07 1.200000e+00 1.200000e+00 -5.880865e-04
2.562000e-07 2.562000e-07 1.200000e+00 1.200000e+00 -5.880865e-04
2.563000e-07 2.563000e-07 1.200000e+00 1.200000e+00 -5.880865e-04
2.564000e-07 2.564000e-07 1.200000e+00 1.200000e+00 -5.880865e-04
2.565000e-07 2.565000e-07 1.200000e+00 1.200000e+00 -5.880865e-04
2.566000e-07 2.566000e-07 1.200000e+00 1.200000e+00 -5.880865e-04
2.567000e-07 2.567000e-07 1.200000e+00 1.200000e+00 -5.880865e-04
2.568000e-07 2.568000e-07 1.200000e+00 1.200000e+00 -5.880865e-04
2.569000e-07 2.569000e-07 1.200000e+00 1.200000e+00 -5.880865e-04
2.570000e-07 2.570000e-07 1.200000e+00 1.200000e+00 -5.880865e-04
2.571000e-07 2.571000e-07 1.200000e+00 1.200000e+00 -5.880865e-04
2.572000e-07 2.572000e-07 1.200000e+00 1.200000e+00 -5.880865e-04
2.573000e-07 2.573000e-07 1.200000e+00 1.200000e+00 -5.880865e-04
2.574000e-07 2.574000e-07 1.200000e+00 1.200000e+00 -5.880865e-04
2.575000e-07 2.575000e-07 1.200000e+00 1.200000e+00 -5.880865e-04
2.576000e-07 2.576000e-07 1.200000e+00 1.200000e+00 -5.880865e-04
2.577000e-07 2.577000e-07 1.200000e+00 1.200000e+00 -5.880865e-04
2.578000e-07 2.578000e-07 1.200000e+00 1.200000e+00 -5.880865e-04
2.579000e-07 2.579000e-07 1.200000e+00 1.200000e+00 -5.880865e-04
2.580000e-07 2.580000e-07 1.200000e+00 1.200000e+00 -5.880865e-04
2.581000e-07 2.581000e-07 1.200000e+00 1.200000e+00 -5.880865e-04
2.582000e-07 2.582000e-07 1.200000e+00 1.200000e+00 -5.880865e-04
2.583000e-07 2.583000e-07 1.200000e+00 1.200000e+00 -5.880865e-04
2.584000e-07 2.584000e-07 1.200000e+00 1.200000e+00 -5.880865e-04
2.585000e-07 2.585000e-07 1.200000e+00 1.200000e+00 -5.880865e-04
2.586000e-07 2.586000e-07 1.200000e+00 1.200000e+00 -5.880865e-04
2.587000e-07 2.587000e-07 1.200000e+00 1.200000e+00 -5.880865e-04
2.588000e-07 2.588000e-07 1.200000e+00 1.200000e+00 -5.880865e-04
2.589000e-07 2.589000e-07 1.200000e+00 1.200000e+00 -5.880865e-04
2.590000e-07 2.590000e-07 1.200000e+00 1.200000e+00 -5.880865e-04
2.591000e-07 2.591000e-07 1.200000e+00 1.200000e+00 -5.880865e-04
2.592000e-07 2.592000e-07 1.200000e+00 1.200000e+00 -5.880865e-04
2.593000e-07 2.593000e-07 1.200000e+00 1.200000e+00 -5.880865e-04
2.594000e-07 2.594000e-07 1.200000e+00 1.200000e+00 -5.880865e-04
2.595000e-07 2.595000e-07 1.200000e+00 1.200000e+00 -5.880865e-04
2.596000e-07 2.596000e-07 1.200000e+00 1.200000e+00 -5.880865e-04
2.597000e-07 2.597000e-07 1.200000e+00 1.200000e+00 -5.880865e-04
2.598000e-07 2.598000e-07 1.200000e+00 1.200000e+00 -5.880865e-04
2.599000e-07 2.599000e-07 1.200000e+00 1.200000e+00 -5.880865e-04
2.600000e-07 2.600000e-07 1.200000e+00 1.200000e+00 -5.880865e-04
2.601000e-07 2.601000e-07 1.200000e+00 1.200000e+00 -5.880865e-04
2.602000e-07 2.602000e-07 1.200000e+00 1.200000e+00 -5.880865e-04
2.603000e-07 2.603000e-07 1.200000e+00 1.200000e+00 -5.880865e-04
2.604000e-07 2.604000e-07 1.200000e+00 1.200000e+00 -5.880865e-04
2.605000e-07 2.605000e-07 1.200000e+00 1.200000e+00 -5.880865e-04
2.606000e-07 2.606000e-07 1.200000e+00 1.200000e+00 -5.880865e-04
2.607000e-07 2.607000e-07 1.200000e+00 1.200000e+00 -5.880865e-04
2.608000e-07 2.608000e-07 1.200000e+00 1.200000e+00 -5.880865e-04
2.609000e-07 2.609000e-07 1.200000e+00 1.200000e+00 -5.880865e-04
2.610000e-07 2.610000e-07 1.200000e+00 1.200000e+00 -5.880865e-04
2.611000e-07 2.611000e-07 1.200000e+00 1.200000e+00 -5.880865e-04
2.612000e-07 2.612000e-07 1.200000e+00 1.200000e+00 -5.880865e-04
2.613000e-07 2.613000e-07 1.200000e+00 1.200000e+00 -5.880865e-04
2.614000e-07 2.614000e-07 1.200000e+00 1.200000e+00 -5.880865e-04
2.615000e-07 2.615000e-07 1.200000e+00 1.200000e+00 -5.880865e-04
2.616000e-07 2.616000e-07 1.200000e+00 1.200000e+00 -5.880865e-04
2.617000e-07 2.617000e-07 1.200000e+00 1.200000e+00 -5.880865e-04
2.618000e-07 2.618000e-07 1.200000e+00 1.200000e+00 -5.880865e-04
2.619000e-07 2.619000e-07 1.200000e+00 1.200000e+00 -5.880865e-04
2.620000e-07 2.620000e-07 1.200000e+00 1.200000e+00 -5.880865e-04
2.621000e-07 2.621000e-07 1.200000e+00 1.200000e+00 -5.880865e-04
2.622000e-07 2.622000e-07 1.200000e+00 1.200000e+00 -5.880865e-04
2.623000e-07 2.623000e-07 1.200000e+00 1.200000e+00 -5.880865e-04
2.624000e-07 2.624000e-07 1.200000e+00 1.200000e+00 -5.880865e-04
2.625000e-07 2.625000e-07 1.200000e+00 1.200000e+00 -5.880865e-04
2.626000e-07 2.626000e-07 1.200000e+00 1.200000e+00 -5.880865e-04
2.627000e-07 2.627000e-07 1.200000e+00 1.200000e+00 -5.880865e-04
2.628000e-07 2.628000e-07 1.200000e+00 1.200000e+00 -5.880865e-04
2.629000e-07 2.629000e-07 1.200000e+00 1.200000e+00 -5.880865e-04
2.630000e-07 2.630000e-07 1.200000e+00 1.200000e+00 -5.880865e-04
2.631000e-07 2.631000e-07 1.200000e+00 1.200000e+00 -5.880865e-04
2.632000e-07 2.632000e-07 1.200000e+00 1.200000e+00 -5.880865e-04
2.633000e-07 2.633000e-07 1.200000e+00 1.200000e+00 -5.880865e-04
2.634000e-07 2.634000e-07 1.200000e+00 1.200000e+00 -5.880865e-04
2.635000e-07 2.635000e-07 1.200000e+00 1.200000e+00 -5.880865e-04
2.636000e-07 2.636000e-07 1.200000e+00 1.200000e+00 -5.880865e-04
2.637000e-07 2.637000e-07 1.200000e+00 1.200000e+00 -5.880865e-04
2.638000e-07 2.638000e-07 1.200000e+00 1.200000e+00 -5.880865e-04
2.639000e-07 2.639000e-07 1.200000e+00 1.200000e+00 -5.880865e-04
2.640000e-07 2.640000e-07 1.200000e+00 1.200000e+00 -5.880865e-04
2.641000e-07 2.641000e-07 1.200000e+00 1.200000e+00 -5.880865e-04
2.642000e-07 2.642000e-07 1.200000e+00 1.200000e+00 -5.880865e-04
2.643000e-07 2.643000e-07 1.200000e+00 1.200000e+00 -5.880865e-04
2.644000e-07 2.644000e-07 1.200000e+00 1.200000e+00 -5.880865e-04
2.645000e-07 2.645000e-07 1.200000e+00 1.200000e+00 -5.880865e-04
2.646000e-07 2.646000e-07 1.200000e+00 1.200000e+00 -5.880865e-04
2.647000e-07 2.647000e-07 1.200000e+00 1.200000e+00 -5.880865e-04
2.648000e-07 2.648000e-07 1.200000e+00 1.200000e+00 -5.880865e-04
2.649000e-07 2.649000e-07 1.200000e+00 1.200000e+00 -5.880865e-04
2.650000e-07 2.650000e-07 1.200000e+00 1.200000e+00 -5.880865e-04
2.651000e-07 2.651000e-07 1.200000e+00 1.200000e+00 -5.880865e-04
2.652000e-07 2.652000e-07 1.200000e+00 1.200000e+00 -5.880865e-04
2.653000e-07 2.653000e-07 1.200000e+00 1.200000e+00 -5.880865e-04
2.654000e-07 2.654000e-07 1.200000e+00 1.200000e+00 -5.880865e-04
2.655000e-07 2.655000e-07 1.200000e+00 1.200000e+00 -5.880865e-04
2.656000e-07 2.656000e-07 1.200000e+00 1.200000e+00 -5.880865e-04
2.657000e-07 2.657000e-07 1.200000e+00 1.200000e+00 -5.880865e-04
2.658000e-07 2.658000e-07 1.200000e+00 1.200000e+00 -5.880865e-04
2.659000e-07 2.659000e-07 1.200000e+00 1.200000e+00 -5.880865e-04
2.660000e-07 2.660000e-07 1.200000e+00 1.200000e+00 -5.880865e-04
2.661000e-07 2.661000e-07 1.200000e+00 1.200000e+00 -5.880865e-04
2.662000e-07 2.662000e-07 1.200000e+00 1.200000e+00 -5.880865e-04
2.663000e-07 2.663000e-07 1.200000e+00 1.200000e+00 -5.880865e-04
2.664000e-07 2.664000e-07 1.200000e+00 1.200000e+00 -5.880865e-04
2.665000e-07 2.665000e-07 1.200000e+00 1.200000e+00 -5.880865e-04
2.666000e-07 2.666000e-07 1.200000e+00 1.200000e+00 -5.880865e-04
2.667000e-07 2.667000e-07 1.200000e+00 1.200000e+00 -5.880865e-04
2.668000e-07 2.668000e-07 1.200000e+00 1.200000e+00 -5.880865e-04
2.669000e-07 2.669000e-07 1.200000e+00 1.200000e+00 -5.880865e-04
2.670000e-07 2.670000e-07 1.200000e+00 1.200000e+00 -5.880865e-04
2.671000e-07 2.671000e-07 1.200000e+00 1.200000e+00 -5.880865e-04
2.672000e-07 2.672000e-07 1.200000e+00 1.200000e+00 -5.880865e-04
2.673000e-07 2.673000e-07 1.200000e+00 1.200000e+00 -5.880865e-04
2.674000e-07 2.674000e-07 1.200000e+00 1.200000e+00 -5.880865e-04
2.675000e-07 2.675000e-07 1.200000e+00 1.200000e+00 -5.880865e-04
2.676000e-07 2.676000e-07 1.200000e+00 1.200000e+00 -5.880865e-04
2.677000e-07 2.677000e-07 1.200000e+00 1.200000e+00 -5.880865e-04
2.678000e-07 2.678000e-07 1.200000e+00 1.200000e+00 -5.880865e-04
2.679000e-07 2.679000e-07 1.200000e+00 1.200000e+00 -5.880865e-04
2.680000e-07 2.680000e-07 1.200000e+00 1.200000e+00 -5.880865e-04
2.681000e-07 2.681000e-07 1.200000e+00 1.200000e+00 -5.880865e-04
2.682000e-07 2.682000e-07 1.200000e+00 1.200000e+00 -5.880865e-04
2.683000e-07 2.683000e-07 1.200000e+00 1.200000e+00 -5.880865e-04
2.684000e-07 2.684000e-07 1.200000e+00 1.200000e+00 -5.880865e-04
2.685000e-07 2.685000e-07 1.200000e+00 1.200000e+00 -5.880865e-04
2.686000e-07 2.686000e-07 1.200000e+00 1.200000e+00 -5.880865e-04
2.687000e-07 2.687000e-07 1.200000e+00 1.200000e+00 -5.880865e-04
2.688000e-07 2.688000e-07 1.200000e+00 1.200000e+00 -5.880865e-04
2.689000e-07 2.689000e-07 1.200000e+00 1.200000e+00 -5.880865e-04
2.690000e-07 2.690000e-07 1.200000e+00 1.200000e+00 -5.880865e-04
2.691000e-07 2.691000e-07 1.200000e+00 1.200000e+00 -5.880865e-04
2.692000e-07 2.692000e-07 1.200000e+00 1.200000e+00 -5.880865e-04
2.693000e-07 2.693000e-07 1.200000e+00 1.200000e+00 -5.880865e-04
2.694000e-07 2.694000e-07 1.200000e+00 1.200000e+00 -5.880865e-04
2.695000e-07 2.695000e-07 1.200000e+00 1.200000e+00 -5.880865e-04
2.696000e-07 2.696000e-07 1.200000e+00 1.200000e+00 -5.880865e-04
2.697000e-07 2.697000e-07 1.200000e+00 1.200000e+00 -5.880865e-04
2.698000e-07 2.698000e-07 1.200000e+00 1.200000e+00 -5.880865e-04
2.699000e-07 2.699000e-07 1.200000e+00 1.200000e+00 -5.880865e-04
2.700000e-07 2.700000e-07 1.200000e+00 1.200000e+00 -5.880865e-04
2.701000e-07 2.701000e-07 1.200000e+00 1.200000e+00 -5.880865e-04
2.702000e-07 2.702000e-07 1.200000e+00 1.200000e+00 -5.880865e-04
2.703000e-07 2.703000e-07 1.200000e+00 1.200000e+00 -5.880865e-04
2.704000e-07 2.704000e-07 1.200000e+00 1.200000e+00 -5.880865e-04
2.705000e-07 2.705000e-07 1.200000e+00 1.200000e+00 -5.880865e-04
2.706000e-07 2.706000e-07 1.200000e+00 1.200000e+00 -5.880865e-04
2.707000e-07 2.707000e-07 1.200000e+00 1.200000e+00 -5.880865e-04
2.708000e-07 2.708000e-07 1.200000e+00 1.200000e+00 -5.880865e-04
2.709000e-07 2.709000e-07 1.200000e+00 1.200000e+00 -5.880865e-04
2.710000e-07 2.710000e-07 1.200000e+00 1.200000e+00 -5.880865e-04
2.711000e-07 2.711000e-07 1.200000e+00 1.200000e+00 -5.880865e-04
2.712000e-07 2.712000e-07 1.200000e+00 1.200000e+00 -5.880865e-04
2.713000e-07 2.713000e-07 1.200000e+00 1.200000e+00 -5.880865e-04
2.714000e-07 2.714000e-07 1.200000e+00 1.200000e+00 -5.880865e-04
2.715000e-07 2.715000e-07 1.200000e+00 1.200000e+00 -5.880865e-04
2.716000e-07 2.716000e-07 1.200000e+00 1.200000e+00 -5.880865e-04
2.717000e-07 2.717000e-07 1.200000e+00 1.200000e+00 -5.880865e-04
2.718000e-07 2.718000e-07 1.200000e+00 1.200000e+00 -5.880865e-04
2.719000e-07 2.719000e-07 1.200000e+00 1.200000e+00 -5.880865e-04
2.720000e-07 2.720000e-07 1.200000e+00 1.200000e+00 -5.880865e-04
2.721000e-07 2.721000e-07 1.200000e+00 1.200000e+00 -5.880865e-04
2.722000e-07 2.722000e-07 1.200000e+00 1.200000e+00 -5.880865e-04
2.723000e-07 2.723000e-07 1.200000e+00 1.200000e+00 -5.880865e-04
2.724000e-07 2.724000e-07 1.200000e+00 1.200000e+00 -5.880865e-04
2.725000e-07 2.725000e-07 1.200000e+00 1.200000e+00 -5.880865e-04
2.726000e-07 2.726000e-07 1.200000e+00 1.200000e+00 -5.880865e-04
2.727000e-07 2.727000e-07 1.200000e+00 1.200000e+00 -5.880865e-04
2.728000e-07 2.728000e-07 1.200000e+00 1.200000e+00 -5.880865e-04
2.729000e-07 2.729000e-07 1.200000e+00 1.200000e+00 -5.880865e-04
2.730000e-07 2.730000e-07 1.200000e+00 1.200000e+00 -5.880865e-04
2.731000e-07 2.731000e-07 1.200000e+00 1.200000e+00 -5.880865e-04
2.732000e-07 2.732000e-07 1.200000e+00 1.200000e+00 -5.880865e-04
2.733000e-07 2.733000e-07 1.200000e+00 1.200000e+00 -5.880865e-04
2.734000e-07 2.734000e-07 1.200000e+00 1.200000e+00 -5.880865e-04
2.735000e-07 2.735000e-07 1.200000e+00 1.200000e+00 -5.880865e-04
2.736000e-07 2.736000e-07 1.200000e+00 1.200000e+00 -5.880865e-04
2.737000e-07 2.737000e-07 1.200000e+00 1.200000e+00 -5.880865e-04
2.738000e-07 2.738000e-07 1.200000e+00 1.200000e+00 -5.880865e-04
2.739000e-07 2.739000e-07 1.200000e+00 1.200000e+00 -5.880865e-04
2.740000e-07 2.740000e-07 1.200000e+00 1.200000e+00 -5.880865e-04
2.741000e-07 2.741000e-07 1.200000e+00 1.200000e+00 -5.880865e-04
2.742000e-07 2.742000e-07 1.200000e+00 1.200000e+00 -5.880865e-04
2.743000e-07 2.743000e-07 1.200000e+00 1.200000e+00 -5.880865e-04
2.744000e-07 2.744000e-07 1.200000e+00 1.200000e+00 -5.880865e-04
2.745000e-07 2.745000e-07 1.200000e+00 1.200000e+00 -5.880865e-04
2.746000e-07 2.746000e-07 1.200000e+00 1.200000e+00 -5.880865e-04
2.747000e-07 2.747000e-07 1.200000e+00 1.200000e+00 -5.880865e-04
2.748000e-07 2.748000e-07 1.200000e+00 1.200000e+00 -5.880865e-04
2.749000e-07 2.749000e-07 1.200000e+00 1.200000e+00 -5.880865e-04
2.750000e-07 2.750000e-07 1.200000e+00 1.200000e+00 -5.880865e-04
2.751000e-07 2.751000e-07 1.200000e+00 1.200000e+00 -5.880865e-04
2.752000e-07 2.752000e-07 1.200000e+00 1.200000e+00 -5.880865e-04
2.753000e-07 2.753000e-07 1.200000e+00 1.200000e+00 -5.880865e-04
2.754000e-07 2.754000e-07 1.200000e+00 1.200000e+00 -5.880865e-04
2.755000e-07 2.755000e-07 1.200000e+00 1.200000e+00 -5.880865e-04
2.756000e-07 2.756000e-07 1.200000e+00 1.200000e+00 -5.880865e-04
2.757000e-07 2.757000e-07 1.200000e+00 1.200000e+00 -5.880865e-04
2.758000e-07 2.758000e-07 1.200000e+00 1.200000e+00 -5.880865e-04
2.759000e-07 2.759000e-07 1.200000e+00 1.200000e+00 -5.880865e-04
2.760000e-07 2.760000e-07 1.200000e+00 1.200000e+00 -5.880865e-04
2.761000e-07 2.761000e-07 1.200000e+00 1.200000e+00 -5.880865e-04
2.762000e-07 2.762000e-07 1.200000e+00 1.200000e+00 -5.880865e-04
2.763000e-07 2.763000e-07 1.200000e+00 1.200000e+00 -5.880865e-04
2.764000e-07 2.764000e-07 1.200000e+00 1.200000e+00 -5.880865e-04
2.765000e-07 2.765000e-07 1.200000e+00 1.200000e+00 -5.880865e-04
2.766000e-07 2.766000e-07 1.200000e+00 1.200000e+00 -5.880865e-04
2.767000e-07 2.767000e-07 1.200000e+00 1.200000e+00 -5.880865e-04
2.768000e-07 2.768000e-07 1.200000e+00 1.200000e+00 -5.880865e-04
2.769000e-07 2.769000e-07 1.200000e+00 1.200000e+00 -5.880865e-04
2.770000e-07 2.770000e-07 1.200000e+00 1.200000e+00 -5.880865e-04
2.771000e-07 2.771000e-07 1.200000e+00 1.200000e+00 -5.880865e-04
2.772000e-07 2.772000e-07 1.200000e+00 1.200000e+00 -5.880865e-04
2.773000e-07 2.773000e-07 1.200000e+00 1.200000e+00 -5.880865e-04
2.774000e-07 2.774000e-07 1.200000e+00 1.200000e+00 -5.880865e-04
2.775000e-07 2.775000e-07 1.200000e+00 1.200000e+00 -5.880865e-04
2.776000e-07 2.776000e-07 1.200000e+00 1.200000e+00 -5.880865e-04
2.777000e-07 2.777000e-07 1.200000e+00 1.200000e+00 -5.880865e-04
2.778000e-07 2.778000e-07 1.200000e+00 1.200000e+00 -5.880865e-04
2.779000e-07 2.779000e-07 1.200000e+00 1.200000e+00 -5.880865e-04
2.780000e-07 2.780000e-07 1.200000e+00 1.200000e+00 -5.880865e-04
2.781000e-07 2.781000e-07 1.200000e+00 1.200000e+00 -5.880865e-04
2.782000e-07 2.782000e-07 1.200000e+00 1.200000e+00 -5.880865e-04
2.783000e-07 2.783000e-07 1.200000e+00 1.200000e+00 -5.880865e-04
2.784000e-07 2.784000e-07 1.200000e+00 1.200000e+00 -5.880865e-04
2.785000e-07 2.785000e-07 1.200000e+00 1.200000e+00 -5.880865e-04
2.786000e-07 2.786000e-07 1.200000e+00 1.200000e+00 -5.880865e-04
2.787000e-07 2.787000e-07 1.200000e+00 1.200000e+00 -5.880865e-04
2.788000e-07 2.788000e-07 1.200000e+00 1.200000e+00 -5.880865e-04
2.789000e-07 2.789000e-07 1.200000e+00 1.200000e+00 -5.880865e-04
2.790000e-07 2.790000e-07 1.200000e+00 1.200000e+00 -5.880865e-04
2.791000e-07 2.791000e-07 1.200000e+00 1.200000e+00 -5.880865e-04
2.792000e-07 2.792000e-07 1.200000e+00 1.200000e+00 -5.880865e-04
2.793000e-07 2.793000e-07 1.200000e+00 1.200000e+00 -5.880865e-04
2.794000e-07 2.794000e-07 1.200000e+00 1.200000e+00 -5.880865e-04
2.795000e-07 2.795000e-07 1.200000e+00 1.200000e+00 -5.880865e-04
2.796000e-07 2.796000e-07 1.200000e+00 1.200000e+00 -5.880865e-04
2.797000e-07 2.797000e-07 1.200000e+00 1.200000e+00 -5.880865e-04
2.798000e-07 2.798000e-07 1.200000e+00 1.200000e+00 -5.880865e-04
2.799000e-07 2.799000e-07 1.200000e+00 1.200000e+00 -5.880865e-04
2.800000e-07 2.800000e-07 1.200000e+00 1.200000e+00 -5.880865e-04
2.801000e-07 2.801000e-07 1.200000e+00 1.200000e+00 -5.880865e-04
2.802000e-07 2.802000e-07 1.200000e+00 1.200000e+00 -5.880865e-04
2.803000e-07 2.803000e-07 1.200000e+00 1.200000e+00 -5.880865e-04
2.804000e-07 2.804000e-07 1.200000e+00 1.200000e+00 -5.880865e-04
2.805000e-07 2.805000e-07 1.200000e+00 1.200000e+00 -5.880865e-04
2.806000e-07 2.806000e-07 1.200000e+00 1.200000e+00 -5.880865e-04
2.807000e-07 2.807000e-07 1.200000e+00 1.200000e+00 -5.880865e-04
2.808000e-07 2.808000e-07 1.200000e+00 1.200000e+00 -5.880865e-04
2.809000e-07 2.809000e-07 1.200000e+00 1.200000e+00 -5.880865e-04
2.810000e-07 2.810000e-07 1.200000e+00 1.200000e+00 -5.880865e-04
2.811000e-07 2.811000e-07 1.200000e+00 1.200000e+00 -5.880865e-04
2.812000e-07 2.812000e-07 1.200000e+00 1.200000e+00 -5.880865e-04
2.813000e-07 2.813000e-07 1.200000e+00 1.200000e+00 -5.880865e-04
2.814000e-07 2.814000e-07 1.200000e+00 1.200000e+00 -5.880865e-04
2.815000e-07 2.815000e-07 1.200000e+00 1.200000e+00 -5.880865e-04
2.816000e-07 2.816000e-07 1.200000e+00 1.200000e+00 -5.880865e-04
2.817000e-07 2.817000e-07 1.200000e+00 1.200000e+00 -5.880865e-04
2.818000e-07 2.818000e-07 1.200000e+00 1.200000e+00 -5.880865e-04
2.819000e-07 2.819000e-07 1.200000e+00 1.200000e+00 -5.880865e-04
2.820000e-07 2.820000e-07 1.200000e+00 1.200000e+00 -5.880865e-04
2.821000e-07 2.821000e-07 1.200000e+00 1.200000e+00 -5.880865e-04
2.822000e-07 2.822000e-07 1.200000e+00 1.200000e+00 -5.880865e-04
2.823000e-07 2.823000e-07 1.200000e+00 1.200000e+00 -5.880865e-04
2.824000e-07 2.824000e-07 1.200000e+00 1.200000e+00 -5.880865e-04
2.825000e-07 2.825000e-07 1.200000e+00 1.200000e+00 -5.880865e-04
2.826000e-07 2.826000e-07 1.200000e+00 1.200000e+00 -5.880865e-04
2.827000e-07 2.827000e-07 1.200000e+00 1.200000e+00 -5.880865e-04
2.828000e-07 2.828000e-07 1.200000e+00 1.200000e+00 -5.880865e-04
2.829000e-07 2.829000e-07 1.200000e+00 1.200000e+00 -5.880865e-04
2.830000e-07 2.830000e-07 1.200000e+00 1.200000e+00 -5.880865e-04
2.831000e-07 2.831000e-07 1.200000e+00 1.200000e+00 -5.880865e-04
2.832000e-07 2.832000e-07 1.200000e+00 1.200000e+00 -5.880865e-04
2.833000e-07 2.833000e-07 1.200000e+00 1.200000e+00 -5.880865e-04
2.834000e-07 2.834000e-07 1.200000e+00 1.200000e+00 -5.880865e-04
2.835000e-07 2.835000e-07 1.200000e+00 1.200000e+00 -5.880865e-04
2.836000e-07 2.836000e-07 1.200000e+00 1.200000e+00 -5.880865e-04
2.837000e-07 2.837000e-07 1.200000e+00 1.200000e+00 -5.880865e-04
2.838000e-07 2.838000e-07 1.200000e+00 1.200000e+00 -5.880865e-04
2.839000e-07 2.839000e-07 1.200000e+00 1.200000e+00 -5.880865e-04
2.840000e-07 2.840000e-07 1.200000e+00 1.200000e+00 -5.880865e-04
2.841000e-07 2.841000e-07 1.200000e+00 1.200000e+00 -5.880865e-04
2.842000e-07 2.842000e-07 1.200000e+00 1.200000e+00 -5.880865e-04
2.843000e-07 2.843000e-07 1.200000e+00 1.200000e+00 -5.880865e-04
2.844000e-07 2.844000e-07 1.200000e+00 1.200000e+00 -5.880865e-04
2.845000e-07 2.845000e-07 1.200000e+00 1.200000e+00 -5.880865e-04
2.846000e-07 2.846000e-07 1.200000e+00 1.200000e+00 -5.880865e-04
2.847000e-07 2.847000e-07 1.200000e+00 1.200000e+00 -5.880865e-04
2.848000e-07 2.848000e-07 1.200000e+00 1.200000e+00 -5.880865e-04
2.849000e-07 2.849000e-07 1.200000e+00 1.200000e+00 -5.880865e-04
2.850000e-07 2.850000e-07 1.200000e+00 1.200000e+00 -5.880865e-04
2.851000e-07 2.851000e-07 1.200000e+00 1.200000e+00 -5.880865e-04
2.852000e-07 2.852000e-07 1.200000e+00 1.200000e+00 -5.880865e-04
2.853000e-07 2.853000e-07 1.200000e+00 1.200000e+00 -5.880865e-04
2.854000e-07 2.854000e-07 1.200000e+00 1.200000e+00 -5.880865e-04
2.855000e-07 2.855000e-07 1.200000e+00 1.200000e+00 -5.880865e-04
2.856000e-07 2.856000e-07 1.200000e+00 1.200000e+00 -5.880865e-04
2.857000e-07 2.857000e-07 1.200000e+00 1.200000e+00 -5.880865e-04
2.858000e-07 2.858000e-07 1.200000e+00 1.200000e+00 -5.880865e-04
2.859000e-07 2.859000e-07 1.200000e+00 1.200000e+00 -5.880865e-04
2.860000e-07 2.860000e-07 1.200000e+00 1.200000e+00 -5.880865e-04
2.861000e-07 2.861000e-07 1.200000e+00 1.200000e+00 -5.880865e-04
2.862000e-07 2.862000e-07 1.200000e+00 1.200000e+00 -5.880865e-04
2.863000e-07 2.863000e-07 1.200000e+00 1.200000e+00 -5.880865e-04
2.864000e-07 2.864000e-07 1.200000e+00 1.200000e+00 -5.880865e-04
2.865000e-07 2.865000e-07 1.200000e+00 1.200000e+00 -5.880865e-04
2.866000e-07 2.866000e-07 1.200000e+00 1.200000e+00 -5.880865e-04
2.867000e-07 2.867000e-07 1.200000e+00 1.200000e+00 -5.880865e-04
2.868000e-07 2.868000e-07 1.200000e+00 1.200000e+00 -5.880865e-04
2.869000e-07 2.869000e-07 1.200000e+00 1.200000e+00 -5.880865e-04
2.870000e-07 2.870000e-07 1.200000e+00 1.200000e+00 -5.880865e-04
2.871000e-07 2.871000e-07 1.200000e+00 1.200000e+00 -5.880865e-04
2.872000e-07 2.872000e-07 1.200000e+00 1.200000e+00 -5.880865e-04
2.873000e-07 2.873000e-07 1.200000e+00 1.200000e+00 -5.880865e-04
2.874000e-07 2.874000e-07 1.200000e+00 1.200000e+00 -5.880865e-04
2.875000e-07 2.875000e-07 1.200000e+00 1.200000e+00 -5.880865e-04
2.876000e-07 2.876000e-07 1.200000e+00 1.200000e+00 -5.880865e-04
2.877000e-07 2.877000e-07 1.200000e+00 1.200000e+00 -5.880865e-04
2.878000e-07 2.878000e-07 1.200000e+00 1.200000e+00 -5.880865e-04
2.879000e-07 2.879000e-07 1.200000e+00 1.200000e+00 -5.880865e-04
2.880000e-07 2.880000e-07 1.200000e+00 1.200000e+00 -5.880865e-04
2.881000e-07 2.881000e-07 1.200000e+00 1.200000e+00 -5.880865e-04
2.882000e-07 2.882000e-07 1.200000e+00 1.200000e+00 -5.880865e-04
2.883000e-07 2.883000e-07 1.200000e+00 1.200000e+00 -5.880865e-04
2.884000e-07 2.884000e-07 1.200000e+00 1.200000e+00 -5.880865e-04
2.885000e-07 2.885000e-07 1.200000e+00 1.200000e+00 -5.880865e-04
2.886000e-07 2.886000e-07 1.200000e+00 1.200000e+00 -5.880865e-04
2.887000e-07 2.887000e-07 1.200000e+00 1.200000e+00 -5.880865e-04
2.888000e-07 2.888000e-07 1.200000e+00 1.200000e+00 -5.880865e-04
2.889000e-07 2.889000e-07 1.200000e+00 1.200000e+00 -5.880865e-04
2.890000e-07 2.890000e-07 1.200000e+00 1.200000e+00 -5.880865e-04
2.891000e-07 2.891000e-07 1.200000e+00 1.200000e+00 -5.880865e-04
2.892000e-07 2.892000e-07 1.200000e+00 1.200000e+00 -5.880865e-04
2.893000e-07 2.893000e-07 1.200000e+00 1.200000e+00 -5.880865e-04
2.894000e-07 2.894000e-07 1.200000e+00 1.200000e+00 -5.880865e-04
2.895000e-07 2.895000e-07 1.200000e+00 1.200000e+00 -5.880865e-04
2.896000e-07 2.896000e-07 1.200000e+00 1.200000e+00 -5.880865e-04
2.897000e-07 2.897000e-07 1.200000e+00 1.200000e+00 -5.880865e-04
2.898000e-07 2.898000e-07 1.200000e+00 1.200000e+00 -5.880865e-04
2.899000e-07 2.899000e-07 1.200000e+00 1.200000e+00 -5.880865e-04
2.900000e-07 2.900000e-07 1.200000e+00 1.200000e+00 -5.880865e-04
2.901000e-07 2.901000e-07 1.200000e+00 1.200000e+00 -5.880865e-04
2.902000e-07 2.902000e-07 1.200000e+00 1.200000e+00 -5.880865e-04
2.903000e-07 2.903000e-07 1.200000e+00 1.200000e+00 -5.880865e-04
2.904000e-07 2.904000e-07 1.200000e+00 1.200000e+00 -5.880865e-04
2.905000e-07 2.905000e-07 1.200000e+00 1.200000e+00 -5.880865e-04
2.906000e-07 2.906000e-07 1.200000e+00 1.200000e+00 -5.880865e-04
2.907000e-07 2.907000e-07 1.200000e+00 1.200000e+00 -5.880865e-04
2.908000e-07 2.908000e-07 1.200000e+00 1.200000e+00 -5.880865e-04
2.909000e-07 2.909000e-07 1.200000e+00 1.200000e+00 -5.880865e-04
2.910000e-07 2.910000e-07 1.200000e+00 1.200000e+00 -5.880865e-04
2.911000e-07 2.911000e-07 1.200000e+00 1.200000e+00 -5.880865e-04
2.912000e-07 2.912000e-07 1.200000e+00 1.200000e+00 -5.880865e-04
2.913000e-07 2.913000e-07 1.200000e+00 1.200000e+00 -5.880865e-04
2.914000e-07 2.914000e-07 1.200000e+00 1.200000e+00 -5.880865e-04
2.915000e-07 2.915000e-07 1.200000e+00 1.200000e+00 -5.880865e-04
2.916000e-07 2.916000e-07 1.200000e+00 1.200000e+00 -5.880865e-04
2.917000e-07 2.917000e-07 1.200000e+00 1.200000e+00 -5.880865e-04
2.918000e-07 2.918000e-07 1.200000e+00 1.200000e+00 -5.880865e-04
2.919000e-07 2.919000e-07 1.200000e+00 1.200000e+00 -5.880865e-04
2.920000e-07 2.920000e-07 1.200000e+00 1.200000e+00 -5.880865e-04
2.921000e-07 2.921000e-07 1.200000e+00 1.200000e+00 -5.880865e-04
2.922000e-07 2.922000e-07 1.200000e+00 1.200000e+00 -5.880865e-04
2.923000e-07 2.923000e-07 1.200000e+00 1.200000e+00 -5.880865e-04
2.924000e-07 2.924000e-07 1.200000e+00 1.200000e+00 -5.880865e-04
2.925000e-07 2.925000e-07 1.200000e+00 1.200000e+00 -5.880865e-04
2.926000e-07 2.926000e-07 1.200000e+00 1.200000e+00 -5.880865e-04
2.927000e-07 2.927000e-07 1.200000e+00 1.200000e+00 -5.880865e-04
2.928000e-07 2.928000e-07 1.200000e+00 1.200000e+00 -5.880865e-04
2.929000e-07 2.929000e-07 1.200000e+00 1.200000e+00 -5.880865e-04
2.930000e-07 2.930000e-07 1.200000e+00 1.200000e+00 -5.880865e-04
2.931000e-07 2.931000e-07 1.200000e+00 1.200000e+00 -5.880865e-04
2.932000e-07 2.932000e-07 1.200000e+00 1.200000e+00 -5.880865e-04
2.933000e-07 2.933000e-07 1.200000e+00 1.200000e+00 -5.880865e-04
2.934000e-07 2.934000e-07 1.200000e+00 1.200000e+00 -5.880865e-04
2.935000e-07 2.935000e-07 1.200000e+00 1.200000e+00 -5.880865e-04
2.936000e-07 2.936000e-07 1.200000e+00 1.200000e+00 -5.880865e-04
2.937000e-07 2.937000e-07 1.200000e+00 1.200000e+00 -5.880865e-04
2.938000e-07 2.938000e-07 1.200000e+00 1.200000e+00 -5.880865e-04
2.939000e-07 2.939000e-07 1.200000e+00 1.200000e+00 -5.880865e-04
2.940000e-07 2.940000e-07 1.200000e+00 1.200000e+00 -5.880865e-04
2.941000e-07 2.941000e-07 1.200000e+00 1.200000e+00 -5.880865e-04
2.942000e-07 2.942000e-07 1.200000e+00 1.200000e+00 -5.880865e-04
2.943000e-07 2.943000e-07 1.200000e+00 1.200000e+00 -5.880865e-04
2.944000e-07 2.944000e-07 1.200000e+00 1.200000e+00 -5.880865e-04
2.945000e-07 2.945000e-07 1.200000e+00 1.200000e+00 -5.880865e-04
2.946000e-07 2.946000e-07 1.200000e+00 1.200000e+00 -5.880865e-04
2.947000e-07 2.947000e-07 1.200000e+00 1.200000e+00 -5.880865e-04
2.948000e-07 2.948000e-07 1.200000e+00 1.200000e+00 -5.880865e-04
2.949000e-07 2.949000e-07 1.200000e+00 1.200000e+00 -5.880865e-04
2.950000e-07 2.950000e-07 1.200000e+00 1.200000e+00 -5.880865e-04
2.951000e-07 2.951000e-07 1.200000e+00 1.200000e+00 -5.880865e-04
2.952000e-07 2.952000e-07 1.200000e+00 1.200000e+00 -5.880865e-04
2.953000e-07 2.953000e-07 1.200000e+00 1.200000e+00 -5.880865e-04
2.954000e-07 2.954000e-07 1.200000e+00 1.200000e+00 -5.880865e-04
2.955000e-07 2.955000e-07 1.200000e+00 1.200000e+00 -5.880865e-04
2.956000e-07 2.956000e-07 1.200000e+00 1.200000e+00 -5.880865e-04
2.957000e-07 2.957000e-07 1.200000e+00 1.200000e+00 -5.880865e-04
2.958000e-07 2.958000e-07 1.200000e+00 1.200000e+00 -5.880865e-04
2.959000e-07 2.959000e-07 1.200000e+00 1.200000e+00 -5.880865e-04
2.960000e-07 2.960000e-07 1.200000e+00 1.200000e+00 -5.880865e-04
2.961000e-07 2.961000e-07 1.200000e+00 1.200000e+00 -5.880865e-04
2.962000e-07 2.962000e-07 1.200000e+00 1.200000e+00 -5.880865e-04
2.963000e-07 2.963000e-07 1.200000e+00 1.200000e+00 -5.880865e-04
2.964000e-07 2.964000e-07 1.200000e+00 1.200000e+00 -5.880865e-04
2.965000e-07 2.965000e-07 1.200000e+00 1.200000e+00 -5.880865e-04
2.966000e-07 2.966000e-07 1.200000e+00 1.200000e+00 -5.880865e-04
2.967000e-07 2.967000e-07 1.200000e+00 1.200000e+00 -5.880865e-04
2.968000e-07 2.968000e-07 1.200000e+00 1.200000e+00 -5.880865e-04
2.969000e-07 2.969000e-07 1.200000e+00 1.200000e+00 -5.880865e-04
2.970000e-07 2.970000e-07 1.200000e+00 1.200000e+00 -5.880865e-04
2.971000e-07 2.971000e-07 1.200000e+00 1.200000e+00 -5.880865e-04
2.972000e-07 2.972000e-07 1.200000e+00 1.200000e+00 -5.880865e-04
2.973000e-07 2.973000e-07 1.200000e+00 1.200000e+00 -5.880865e-04
2.974000e-07 2.974000e-07 1.200000e+00 1.200000e+00 -5.880865e-04
2.975000e-07 2.975000e-07 1.200000e+00 1.200000e+00 -5.880865e-04
2.976000e-07 2.976000e-07 1.200000e+00 1.200000e+00 -5.880865e-04
2.977000e-07 2.977000e-07 1.200000e+00 1.200000e+00 -5.880865e-04
2.978000e-07 2.978000e-07 1.200000e+00 1.200000e+00 -5.880865e-04
2.979000e-07 2.979000e-07 1.200000e+00 1.200000e+00 -5.880865e-04
2.980000e-07 2.980000e-07 1.200000e+00 1.200000e+00 -5.880865e-04
2.981000e-07 2.981000e-07 1.200000e+00 1.200000e+00 -5.880865e-04
2.982000e-07 2.982000e-07 1.200000e+00 1.200000e+00 -5.880865e-04
2.983000e-07 2.983000e-07 1.200000e+00 1.200000e+00 -5.880865e-04
2.984000e-07 2.984000e-07 1.200000e+00 1.200000e+00 -5.880865e-04
2.985000e-07 2.985000e-07 1.200000e+00 1.200000e+00 -5.880865e-04
2.986000e-07 2.986000e-07 1.200000e+00 1.200000e+00 -5.880865e-04
2.987000e-07 2.987000e-07 1.200000e+00 1.200000e+00 -5.880865e-04
2.988000e-07 2.988000e-07 1.200000e+00 1.200000e+00 -5.880865e-04
2.989000e-07 2.989000e-07 1.200000e+00 1.200000e+00 -5.880865e-04
2.990000e-07 2.990000e-07 1.200000e+00 1.200000e+00 -5.880865e-04
2.991000e-07 2.991000e-07 1.200000e+00 1.200000e+00 -5.880865e-04
2.992000e-07 2.992000e-07 1.200000e+00 1.200000e+00 -5.880865e-04
2.993000e-07 2.993000e-07 1.200000e+00 1.200000e+00 -5.880865e-04
2.994000e-07 2.994000e-07 1.200000e+00 1.200000e+00 -5.880865e-04
2.995000e-07 2.995000e-07 1.200000e+00 1.200000e+00 -5.880865e-04
2.996000e-07 2.996000e-07 1.200000e+00 1.200000e+00 -5.880865e-04
2.997000e-07 2.997000e-07 1.200000e+00 1.200000e+00 -5.880865e-04
2.998000e-07 2.998000e-07 1.200000e+00 1.200000e+00 -5.880865e-04
2.999000e-07 2.999000e-07 1.200000e+00 1.200000e+00 -5.880865e-04
3.000000e-07 3.000000e-07 1.200000e+00 1.200000e+00 -5.880865e-04
3.001000e-07 3.001000e-07 1.200000e+00 1.200000e+00 -5.880865e-04
3.002000e-07 3.002000e-07 1.200000e+00 1.200000e+00 -5.880865e-04
3.003000e-07 3.003000e-07 1.200000e+00 1.200000e+00 -5.880865e-04
3.004000e-07 3.004000e-07 1.200000e+00 1.200000e+00 -5.880865e-04
3.005000e-07 3.005000e-07 1.200000e+00 1.200000e+00 -5.880865e-04
3.006000e-07 3.006000e-07 1.200000e+00 1.200000e+00 -5.880865e-04
3.007000e-07 3.007000e-07 1.200000e+00 1.200000e+00 -5.880865e-04
3.008000e-07 3.008000e-07 1.200000e+00 1.200000e+00 -5.880865e-04
3.009000e-07 3.009000e-07 1.200000e+00 1.200000e+00 -5.880865e-04
3.010000e-07 3.010000e-07 1.200000e+00 1.200000e+00 -5.880865e-04
3.011000e-07 3.011000e-07 1.200000e+00 1.200000e+00 -5.880865e-04
3.012000e-07 3.012000e-07 1.200000e+00 1.200000e+00 -5.880865e-04
3.013000e-07 3.013000e-07 1.200000e+00 1.200000e+00 -5.880865e-04
3.014000e-07 3.014000e-07 1.200000e+00 1.200000e+00 -5.880865e-04
3.015000e-07 3.015000e-07 1.200000e+00 1.200000e+00 -5.880865e-04
3.016000e-07 3.016000e-07 1.200000e+00 1.200000e+00 -5.880865e-04
3.017000e-07 3.017000e-07 1.200000e+00 1.200000e+00 -5.880865e-04
3.018000e-07 3.018000e-07 1.200000e+00 1.200000e+00 -5.880865e-04
3.019000e-07 3.019000e-07 1.200000e+00 1.200000e+00 -5.880865e-04
3.020000e-07 3.020000e-07 1.200000e+00 1.200000e+00 -5.880865e-04
3.021000e-07 3.021000e-07 1.200000e+00 1.200000e+00 -5.880865e-04
3.022000e-07 3.022000e-07 1.200000e+00 1.200000e+00 -5.880865e-04
3.023000e-07 3.023000e-07 1.200000e+00 1.200000e+00 -5.880865e-04
3.024000e-07 3.024000e-07 1.200000e+00 1.200000e+00 -5.880865e-04
3.025000e-07 3.025000e-07 1.200000e+00 1.200000e+00 -5.880865e-04
3.026000e-07 3.026000e-07 1.200000e+00 1.200000e+00 -5.880865e-04
3.027000e-07 3.027000e-07 1.200000e+00 1.200000e+00 -5.880865e-04
3.028000e-07 3.028000e-07 1.200000e+00 1.200000e+00 -5.880865e-04
3.029000e-07 3.029000e-07 1.200000e+00 1.200000e+00 -5.880865e-04
3.030000e-07 3.030000e-07 1.200000e+00 1.200000e+00 -5.880865e-04
3.031000e-07 3.031000e-07 1.200000e+00 1.200000e+00 -5.880865e-04
3.032000e-07 3.032000e-07 1.200000e+00 1.200000e+00 -5.880865e-04
3.033000e-07 3.033000e-07 1.200000e+00 1.200000e+00 -5.880865e-04
3.034000e-07 3.034000e-07 1.200000e+00 1.200000e+00 -5.880865e-04
3.035000e-07 3.035000e-07 1.200000e+00 1.200000e+00 -5.880865e-04
3.036000e-07 3.036000e-07 1.200000e+00 1.200000e+00 -5.880865e-04
3.037000e-07 3.037000e-07 1.200000e+00 1.200000e+00 -5.880865e-04
3.038000e-07 3.038000e-07 1.200000e+00 1.200000e+00 -5.880865e-04
3.039000e-07 3.039000e-07 1.200000e+00 1.200000e+00 -5.880865e-04
3.040000e-07 3.040000e-07 1.200000e+00 1.200000e+00 -5.880865e-04
3.041000e-07 3.041000e-07 1.200000e+00 1.200000e+00 -5.880865e-04
3.042000e-07 3.042000e-07 1.200000e+00 1.200000e+00 -5.880865e-04
3.043000e-07 3.043000e-07 1.200000e+00 1.200000e+00 -5.880865e-04
3.044000e-07 3.044000e-07 1.200000e+00 1.200000e+00 -5.880865e-04
3.045000e-07 3.045000e-07 1.200000e+00 1.200000e+00 -5.880865e-04
3.046000e-07 3.046000e-07 1.200000e+00 1.200000e+00 -5.880865e-04
3.047000e-07 3.047000e-07 1.200000e+00 1.200000e+00 -5.880865e-04
3.048000e-07 3.048000e-07 1.200000e+00 1.200000e+00 -5.880865e-04
3.049000e-07 3.049000e-07 1.200000e+00 1.200000e+00 -5.880865e-04
3.050000e-07 3.050000e-07 1.200000e+00 1.200000e+00 -5.880865e-04
3.051000e-07 3.051000e-07 1.200000e+00 1.200000e+00 -5.880865e-04
3.052000e-07 3.052000e-07 1.200000e+00 1.200000e+00 -5.880865e-04
3.053000e-07 3.053000e-07 1.200000e+00 1.200000e+00 -5.880865e-04
3.054000e-07 3.054000e-07 1.200000e+00 1.200000e+00 -5.880865e-04
3.055000e-07 3.055000e-07 1.200000e+00 1.200000e+00 -5.880865e-04
3.056000e-07 3.056000e-07 1.200000e+00 1.200000e+00 -5.880865e-04
3.057000e-07 3.057000e-07 1.200000e+00 1.200000e+00 -5.880865e-04
3.058000e-07 3.058000e-07 1.200000e+00 1.200000e+00 -5.880865e-04
3.059000e-07 3.059000e-07 1.200000e+00 1.200000e+00 -5.880865e-04
3.060000e-07 3.060000e-07 1.200000e+00 1.200000e+00 -5.880865e-04
3.061000e-07 3.061000e-07 1.200000e+00 1.200000e+00 -5.880865e-04
3.062000e-07 3.062000e-07 1.200000e+00 1.200000e+00 -5.880865e-04
3.063000e-07 3.063000e-07 1.200000e+00 1.200000e+00 -5.880865e-04
3.064000e-07 3.064000e-07 1.200000e+00 1.200000e+00 -5.880865e-04
3.065000e-07 3.065000e-07 1.200000e+00 1.200000e+00 -5.880865e-04
3.066000e-07 3.066000e-07 1.200000e+00 1.200000e+00 -5.880865e-04
3.067000e-07 3.067000e-07 1.200000e+00 1.200000e+00 -5.880865e-04
3.068000e-07 3.068000e-07 1.200000e+00 1.200000e+00 -5.880865e-04
3.069000e-07 3.069000e-07 1.200000e+00 1.200000e+00 -5.880865e-04
3.070000e-07 3.070000e-07 1.200000e+00 1.200000e+00 -5.880865e-04
3.071000e-07 3.071000e-07 1.200000e+00 1.200000e+00 -5.880865e-04
3.072000e-07 3.072000e-07 1.200000e+00 1.200000e+00 -5.880865e-04
3.073000e-07 3.073000e-07 1.200000e+00 1.200000e+00 -5.880865e-04
3.074000e-07 3.074000e-07 1.200000e+00 1.200000e+00 -5.880865e-04
3.075000e-07 3.075000e-07 1.200000e+00 1.200000e+00 -5.880865e-04
3.076000e-07 3.076000e-07 1.200000e+00 1.200000e+00 -5.880865e-04
3.077000e-07 3.077000e-07 1.200000e+00 1.200000e+00 -5.880865e-04
3.078000e-07 3.078000e-07 1.200000e+00 1.200000e+00 -5.880865e-04
3.079000e-07 3.079000e-07 1.200000e+00 1.200000e+00 -5.880865e-04
3.080000e-07 3.080000e-07 1.200000e+00 1.200000e+00 -5.880865e-04
3.081000e-07 3.081000e-07 1.200000e+00 1.200000e+00 -5.880865e-04
3.082000e-07 3.082000e-07 1.200000e+00 1.200000e+00 -5.880865e-04
3.083000e-07 3.083000e-07 1.200000e+00 1.200000e+00 -5.880865e-04
3.084000e-07 3.084000e-07 1.200000e+00 1.200000e+00 -5.880865e-04
3.085000e-07 3.085000e-07 1.200000e+00 1.200000e+00 -5.880865e-04
3.086000e-07 3.086000e-07 1.200000e+00 1.200000e+00 -5.880865e-04
3.087000e-07 3.087000e-07 1.200000e+00 1.200000e+00 -5.880865e-04
3.088000e-07 3.088000e-07 1.200000e+00 1.200000e+00 -5.880865e-04
3.089000e-07 3.089000e-07 1.200000e+00 1.200000e+00 -5.880865e-04
3.090000e-07 3.090000e-07 1.200000e+00 1.200000e+00 -5.880865e-04
3.091000e-07 3.091000e-07 1.200000e+00 1.200000e+00 -5.880865e-04
3.092000e-07 3.092000e-07 1.200000e+00 1.200000e+00 -5.880865e-04
3.093000e-07 3.093000e-07 1.200000e+00 1.200000e+00 -5.880865e-04
3.094000e-07 3.094000e-07 1.200000e+00 1.200000e+00 -5.880865e-04
3.095000e-07 3.095000e-07 1.200000e+00 1.200000e+00 -5.880865e-04
3.096000e-07 3.096000e-07 1.200000e+00 1.200000e+00 -5.880865e-04
3.097000e-07 3.097000e-07 1.200000e+00 1.200000e+00 -5.880865e-04
3.098000e-07 3.098000e-07 1.200000e+00 1.200000e+00 -5.880865e-04
3.099000e-07 3.099000e-07 1.200000e+00 1.200000e+00 -5.880865e-04
3.100000e-07 3.100000e-07 1.200000e+00 1.200000e+00 -5.880865e-04
3.101000e-07 3.101000e-07 1.200000e+00 1.200000e+00 -5.880865e-04
3.102000e-07 3.102000e-07 1.200000e+00 1.200000e+00 -5.880865e-04
3.103000e-07 3.103000e-07 1.200000e+00 1.200000e+00 -5.880865e-04
3.104000e-07 3.104000e-07 1.200000e+00 1.200000e+00 -5.880865e-04
3.105000e-07 3.105000e-07 1.200000e+00 1.200000e+00 -5.880865e-04
3.106000e-07 3.106000e-07 1.200000e+00 1.200000e+00 -5.880865e-04
3.107000e-07 3.107000e-07 1.200000e+00 1.200000e+00 -5.880865e-04
3.108000e-07 3.108000e-07 1.200000e+00 1.200000e+00 -5.880865e-04
3.109000e-07 3.109000e-07 1.200000e+00 1.200000e+00 -5.880865e-04
3.110000e-07 3.110000e-07 1.200000e+00 1.200000e+00 -5.880865e-04
3.111000e-07 3.111000e-07 1.200000e+00 1.200000e+00 -5.880865e-04
3.112000e-07 3.112000e-07 1.200000e+00 1.200000e+00 -5.880865e-04
3.113000e-07 3.113000e-07 1.200000e+00 1.200000e+00 -5.880865e-04
3.114000e-07 3.114000e-07 1.200000e+00 1.200000e+00 -5.880865e-04
3.115000e-07 3.115000e-07 1.200000e+00 1.200000e+00 -5.880865e-04
3.116000e-07 3.116000e-07 1.200000e+00 1.200000e+00 -5.880865e-04
3.117000e-07 3.117000e-07 1.200000e+00 1.200000e+00 -5.880865e-04
3.118000e-07 3.118000e-07 1.200000e+00 1.200000e+00 -5.880865e-04
3.119000e-07 3.119000e-07 1.200000e+00 1.200000e+00 -5.880865e-04
3.120000e-07 3.120000e-07 1.200000e+00 1.200000e+00 -5.880865e-04
3.121000e-07 3.121000e-07 1.200000e+00 1.200000e+00 -5.880865e-04
3.122000e-07 3.122000e-07 1.200000e+00 1.200000e+00 -5.880865e-04
3.123000e-07 3.123000e-07 1.200000e+00 1.200000e+00 -5.880865e-04
3.124000e-07 3.124000e-07 1.200000e+00 1.200000e+00 -5.880865e-04
3.125000e-07 3.125000e-07 1.200000e+00 1.200000e+00 -5.880865e-04
3.126000e-07 3.126000e-07 1.200000e+00 1.200000e+00 -5.880865e-04
3.127000e-07 3.127000e-07 1.200000e+00 1.200000e+00 -5.880865e-04
3.128000e-07 3.128000e-07 1.200000e+00 1.200000e+00 -5.880865e-04
3.129000e-07 3.129000e-07 1.200000e+00 1.200000e+00 -5.880865e-04
3.130000e-07 3.130000e-07 1.200000e+00 1.200000e+00 -5.880865e-04
3.131000e-07 3.131000e-07 1.200000e+00 1.200000e+00 -5.880865e-04
3.132000e-07 3.132000e-07 1.200000e+00 1.200000e+00 -5.880865e-04
3.133000e-07 3.133000e-07 1.200000e+00 1.200000e+00 -5.880865e-04
3.134000e-07 3.134000e-07 1.200000e+00 1.200000e+00 -5.880865e-04
3.135000e-07 3.135000e-07 1.200000e+00 1.200000e+00 -5.880865e-04
3.136000e-07 3.136000e-07 1.200000e+00 1.200000e+00 -5.880865e-04
3.137000e-07 3.137000e-07 1.200000e+00 1.200000e+00 -5.880865e-04
3.138000e-07 3.138000e-07 1.200000e+00 1.200000e+00 -5.880865e-04
3.139000e-07 3.139000e-07 1.200000e+00 1.200000e+00 -5.880865e-04
3.140000e-07 3.140000e-07 1.200000e+00 1.200000e+00 -5.880865e-04
3.141000e-07 3.141000e-07 1.200000e+00 1.200000e+00 -5.880865e-04
3.142000e-07 3.142000e-07 1.200000e+00 1.200000e+00 -5.880865e-04
3.143000e-07 3.143000e-07 1.200000e+00 1.200000e+00 -5.880865e-04
3.144000e-07 3.144000e-07 1.200000e+00 1.200000e+00 -5.880865e-04
3.145000e-07 3.145000e-07 1.200000e+00 1.200000e+00 -5.880865e-04
3.146000e-07 3.146000e-07 1.200000e+00 1.200000e+00 -5.880865e-04
3.147000e-07 3.147000e-07 1.200000e+00 1.200000e+00 -5.880865e-04
3.148000e-07 3.148000e-07 1.200000e+00 1.200000e+00 -5.880865e-04
3.149000e-07 3.149000e-07 1.200000e+00 1.200000e+00 -5.880865e-04
3.150000e-07 3.150000e-07 1.200000e+00 1.200000e+00 -5.880865e-04
3.151000e-07 3.151000e-07 1.200000e+00 1.200000e+00 -5.880865e-04
3.152000e-07 3.152000e-07 1.200000e+00 1.200000e+00 -5.880865e-04
3.153000e-07 3.153000e-07 1.200000e+00 1.200000e+00 -5.880865e-04
3.154000e-07 3.154000e-07 1.200000e+00 1.200000e+00 -5.880865e-04
3.155000e-07 3.155000e-07 1.200000e+00 1.200000e+00 -5.880865e-04
3.156000e-07 3.156000e-07 1.200000e+00 1.200000e+00 -5.880865e-04
3.157000e-07 3.157000e-07 1.200000e+00 1.200000e+00 -5.880865e-04
3.158000e-07 3.158000e-07 1.200000e+00 1.200000e+00 -5.880865e-04
3.159000e-07 3.159000e-07 1.200000e+00 1.200000e+00 -5.880865e-04
3.160000e-07 3.160000e-07 1.200000e+00 1.200000e+00 -5.880865e-04
3.161000e-07 3.161000e-07 1.200000e+00 1.200000e+00 -5.880865e-04
3.162000e-07 3.162000e-07 1.200000e+00 1.200000e+00 -5.880865e-04
3.163000e-07 3.163000e-07 1.200000e+00 1.200000e+00 -5.880865e-04
3.164000e-07 3.164000e-07 1.200000e+00 1.200000e+00 -5.880865e-04
3.165000e-07 3.165000e-07 1.200000e+00 1.200000e+00 -5.880865e-04
3.166000e-07 3.166000e-07 1.200000e+00 1.200000e+00 -5.880865e-04
3.167000e-07 3.167000e-07 1.200000e+00 1.200000e+00 -5.880865e-04
3.168000e-07 3.168000e-07 1.200000e+00 1.200000e+00 -5.880865e-04
3.169000e-07 3.169000e-07 1.200000e+00 1.200000e+00 -5.880865e-04
3.170000e-07 3.170000e-07 1.200000e+00 1.200000e+00 -5.880865e-04
3.171000e-07 3.171000e-07 1.200000e+00 1.200000e+00 -5.880865e-04
3.172000e-07 3.172000e-07 1.200000e+00 1.200000e+00 -5.880865e-04
3.173000e-07 3.173000e-07 1.200000e+00 1.200000e+00 -5.880865e-04
3.174000e-07 3.174000e-07 1.200000e+00 1.200000e+00 -5.880865e-04
3.175000e-07 3.175000e-07 1.200000e+00 1.200000e+00 -5.880865e-04
3.176000e-07 3.176000e-07 1.200000e+00 1.200000e+00 -5.880865e-04
3.177000e-07 3.177000e-07 1.200000e+00 1.200000e+00 -5.880865e-04
3.178000e-07 3.178000e-07 1.200000e+00 1.200000e+00 -5.880865e-04
3.179000e-07 3.179000e-07 1.200000e+00 1.200000e+00 -5.880865e-04
3.180000e-07 3.180000e-07 1.200000e+00 1.200000e+00 -5.880865e-04
3.181000e-07 3.181000e-07 1.200000e+00 1.200000e+00 -5.880865e-04
3.182000e-07 3.182000e-07 1.200000e+00 1.200000e+00 -5.880865e-04
3.183000e-07 3.183000e-07 1.200000e+00 1.200000e+00 -5.880865e-04
3.184000e-07 3.184000e-07 1.200000e+00 1.200000e+00 -5.880865e-04
3.185000e-07 3.185000e-07 1.200000e+00 1.200000e+00 -5.880865e-04
3.186000e-07 3.186000e-07 1.200000e+00 1.200000e+00 -5.880865e-04
3.187000e-07 3.187000e-07 1.200000e+00 1.200000e+00 -5.880865e-04
3.188000e-07 3.188000e-07 1.200000e+00 1.200000e+00 -5.880865e-04
3.189000e-07 3.189000e-07 1.200000e+00 1.200000e+00 -5.880865e-04
3.190000e-07 3.190000e-07 1.200000e+00 1.200000e+00 -5.880865e-04
3.191000e-07 3.191000e-07 1.200000e+00 1.200000e+00 -5.880865e-04
3.192000e-07 3.192000e-07 1.200000e+00 1.200000e+00 -5.880865e-04
3.193000e-07 3.193000e-07 1.200000e+00 1.200000e+00 -5.880865e-04
3.194000e-07 3.194000e-07 1.200000e+00 1.200000e+00 -5.880865e-04
3.195000e-07 3.195000e-07 1.200000e+00 1.200000e+00 -5.880865e-04
3.196000e-07 3.196000e-07 1.200000e+00 1.200000e+00 -5.880865e-04
3.197000e-07 3.197000e-07 1.200000e+00 1.200000e+00 -5.880865e-04
3.198000e-07 3.198000e-07 1.200000e+00 1.200000e+00 -5.880865e-04
3.199000e-07 3.199000e-07 1.200000e+00 1.200000e+00 -5.880865e-04
3.200000e-07 3.200000e-07 1.200000e+00 1.200000e+00 -5.880865e-04
3.201000e-07 3.201000e-07 1.194000e+00 1.200000e+00 -5.783576e-04
3.202000e-07 3.202000e-07 1.188000e+00 1.200000e+00 -5.686287e-04
3.203000e-07 3.203000e-07 1.182000e+00 1.200000e+00 -5.588998e-04
3.204000e-07 3.204000e-07 1.176000e+00 1.200000e+00 -5.491709e-04
3.205000e-07 3.205000e-07 1.170000e+00 1.200000e+00 -5.394420e-04
3.206000e-07 3.206000e-07 1.164000e+00 1.200000e+00 -5.297131e-04
3.207000e-07 3.207000e-07 1.158000e+00 1.200000e+00 -5.199740e-04
3.208000e-07 3.208000e-07 1.152000e+00 1.200000e+00 -5.102114e-04
3.209000e-07 3.209000e-07 1.146000e+00 1.200000e+00 -5.005880e-04
3.210000e-07 3.210000e-07 1.140000e+00 1.200000e+00 -4.911110e-04
3.211000e-07 3.211000e-07 1.134000e+00 1.200000e+00 -4.816339e-04
3.212000e-07 3.212000e-07 1.128000e+00 1.200000e+00 -4.721569e-04
3.213000e-07 3.213000e-07 1.122000e+00 1.200000e+00 -4.626799e-04
3.214000e-07 3.214000e-07 1.116000e+00 1.200000e+00 -4.532028e-04
3.215000e-07 3.215000e-07 1.110000e+00 1.200000e+00 -4.439825e-04
3.216000e-07 3.216000e-07 1.104000e+00 1.200000e+00 -4.348811e-04
3.217000e-07 3.217000e-07 1.098000e+00 1.200000e+00 -4.257797e-04
3.218000e-07 3.218000e-07 1.092000e+00 1.200000e+00 -4.166783e-04
3.219000e-07 3.219000e-07 1.086000e+00 1.200000e+00 -4.079119e-04
3.220000e-07 3.220000e-07 1.080000e+00 1.200000e+00 -3.995168e-04
3.221000e-07 3.221000e-07 1.074000e+00 1.200000e+00 -3.911217e-04
3.222000e-07 3.222000e-07 1.068000e+00 1.200000e+00 -3.827266e-04
3.223000e-07 3.223000e-07 1.062000e+00 1.200000e+00 -3.743314e-04
3.224000e-07 3.224000e-07 1.056000e+00 1.200000e+00 -3.659363e-04
3.225000e-07 3.225000e-07 1.050000e+00 1.200000e+00 -3.575412e-04
3.226000e-07 3.226000e-07 1.044000e+00 1.200000e+00 -3.491461e-04
3.227000e-07 3.227000e-07 1.038000e+00 1.200000e+00 -3.407509e-04
3.228000e-07 3.228000e-07 1.032000e+00 1.200000e+00 -3.323558e-04
3.229000e-07 3.229000e-07 1.026000e+00 1.200000e+00 -3.239607e-04
3.230000e-07 3.230000e-07 1.020000e+00 1.200000e+00 -3.155656e-04
3.231000e-07 3.231000e-07 1.014000e+00 1.200000e+00 -3.071704e-04
3.232000e-07 3.232000e-07 1.008000e+00 1.200000e+00 -2.987834e-04
3.233000e-07 3.233000e-07 1.002000e+00 1.200000e+00 -2.919812e-04
3.234000e-07 3.234000e-07 9.960000e-01 1.200000e+00 -2.851791e-04
3.235000e-07 3.235000e-07 9.900000e-01 1.200000e+00 -2.783769e-04
3.236000e-07 3.236000e-07 9.840000e-01 1.200000e+00 -2.715748e-04
3.237000e-07 3.237000e-07 9.780000e-01 1.200000e+00 -2.647726e-04
3.238000e-07 3.238000e-07 9.720000e-01 1.200000e+00 -2.579705e-04
3.239000e-07 3.239000e-07 9.660000e-01 1.200000e+00 -2.511683e-04
3.240000e-07 3.240000e-07 9.600000e-01 1.200000e+00 -2.443661e-04
3.241000e-07 3.241000e-07 9.540000e-01 1.200000e+00 -2.375640e-04
3.242000e-07 3.242000e-07 9.480000e-01 1.200000e+00 -2.307618e-04
3.243000e-07 3.243000e-07 9.420000e-01 1.200000e+00 -2.239597e-04
3.244000e-07 3.244000e-07 9.360000e-01 1.200000e+00 -2.171575e-04
3.245000e-07 3.245000e-07 9.300000e-01 1.200000e+00 -2.103554e-04
3.246000e-07 3.246000e-07 9.240000e-01 1.200000e+00 -2.035532e-04
3.247000e-07 3.247000e-07 9.180000e-01 1.200000e+00 -1.967510e-04
3.248000e-07 3.248000e-07 9.120000e-01 1.200000e+00 -1.899489e-04
3.249000e-07 3.249000e-07 9.060000e-01 1.200000e+00 -1.831467e-04
3.250000e-07 3.250000e-07 9.000000e-01 1.200000e+00 -1.763446e-04
3.251000e-07 3.251000e-07 8.940000e-01 1.200000e+00 -1.695424e-04
3.252000e-07 3.252000e-07 8.880000e-01 1.200000e+00 -1.627403e-04
3.253000e-07 3.253000e-07 8.820000e-01 1.200000e+00 -1.559381e-04
3.254000e-07 3.254000e-07 8.760000e-01 1.200000e+00 -1.491359e-04
3.255000e-07 3.255000e-07 8.700000e-01 1.200000e+00 -1.426727e-04
3.256000e-07 3.256000e-07 8.640000e-01 1.200000e+00 -1.383327e-04
3.257000e-07 3.257000e-07 8.580000e-01 1.200000e+00 -1.339927e-04
3.258000e-07 3.258000e-07 8.520000e-01 1.200000e+00 -1.296527e-04
3.259000e-07 3.259000e-07 8.460000e-01 1.200000e+00 -1.253126e-04
3.260000e-07 3.260000e-07 8.400000e-01 1.200000e+00 -1.209726e-04
3.261000e-07 3.261000e-07 8.340000e-01 1.200000e+00 -1.166326e-04
3.262000e-07 3.262000e-07 8.280000e-01 1.200000e+00 -1.122926e-04
3.263000e-07 3.263000e-07 8.220000e-01 1.200000e+00 -1.079526e-04
3.264000e-07 3.264000e-07 8.160000e-01 1.200000e+00 -1.036126e-04
3.265000e-07 3.265000e-07 8.100000e-01 1.200000e+00 -9.927260e-05
3.266000e-07 3.266000e-07 8.040000e-01 1.200000e+00 -9.493250e-05
3.267000e-07 3.267000e-07 7.980000e-01 1.200000e+00 -9.059250e-05
3.268000e-07 3.268000e-07 7.920000e-01 1.200000e+00 -8.625250e-05
3.269000e-07 3.269000e-07 7.860000e-01 1.200000e+00 -8.191250e-05
3.270000e-07 3.270000e-07 7.800000e-01 1.200000e+00 -7.757250e-05
3.271000e-07 3.271000e-07 7.740000e-01 1.200000e+00 -7.323250e-05
3.272000e-07 3.272000e-07 7.680000e-01 1.200000e+00 -6.889240e-05
3.273000e-07 3.273000e-07 7.620000e-01 1.200000e+00 -6.455240e-05
3.274000e-07 3.274000e-07 7.560000e-01 1.200000e+00 -6.021240e-05
3.275000e-07 3.275000e-07 7.500000e-01 1.200000e+00 -5.587240e-05
3.276000e-07 3.276000e-07 7.440000e-01 1.200000e+00 -5.153240e-05
3.277000e-07 3.277000e-07 7.380000e-01 1.200000e+00 -4.719240e-05
3.278000e-07 3.278000e-07 7.320000e-01 1.200000e+00 -4.285240e-05
3.279000e-07 3.279000e-07 7.260000e-01 1.200000e+00 -3.885150e-05
3.280000e-07 3.280000e-07 7.200000e-01 1.200000e+00 -3.727790e-05
3.281000e-07 3.281000e-07 7.140000e-01 1.200000e+00 -3.570440e-05
3.282000e-07 3.282000e-07 7.080000e-01 1.200000e+00 -3.413090e-05
3.283000e-07 3.283000e-07 7.020000e-01 1.200000e+00 -3.255740e-05
3.284000e-07 3.284000e-07 6.960000e-01 1.200000e+00 -3.098380e-05
3.285000e-07 3.285000e-07 6.900000e-01 1.200000e+00 -2.941030e-05
3.286000e-07 3.286000e-07 6.840000e-01 1.200000e+00 -2.783680e-05
3.287000e-07 3.287000e-07 6.780000e-01 1.200000e+00 -2.626330e-05
3.288000e-07 3.288000e-07 6.720000e-01 1.200000e+00 -2.468970e-05
3.289000e-07 3.289000e-07 6.660000e-01 1.200000e+00 -2.311620e-05
3.290000e-07 3.290000e-07 6.600000e-01 1.200000e+00 -2.154270e-05
3.291000e-07 3.291000e-07 6.540000e-01 1.200000e+00 -1.996920e-05
3.292000e-07 3.292000e-07 6.480000e-01 1.200000e+00 -1.839560e-05
3.293000e-07 3.293000e-07 6.420000e-01 1.200000e+00 -1.682210e-05
3.294000e-07 3.294000e-07 6.360000e-01 1.200000e+00 -1.524860e-05
3.295000e-07 3.295000e-07 6.300000e-01 1.200000e+00 -1.367510e-05
3.296000e-07 3.296000e-07 6.240000e-01 1.200000e+00 -1.210150e-05
3.297000e-07 3.297000e-07 6.180000e-01 1.200000e+00 -1.052800e-05
3.298000e-07 3.298000e-07 6.120000e-01 1.200000e+00 -8.954500e-06
3.299000e-07 3.299000e-07 6.060000e-01 1.200000e+00 -7.381000e-06
3.300000e-07 3.300000e-07 6.000000e-01 1.200000e+00 -5.807500e-06
3.301000e-07 3.301000e-07 5.940000e-01 1.200000e+00 -4.959500e-06
3.302000e-07 3.302000e-07 5.880000e-01 1.200000e+00 -4.746500e-06
3.303000e-07 3.303000e-07 5.820000e-01 1.200000e+00 -4.533600e-06
3.304000e-07 3.304000e-07 5.760000e-01 1.200000e+00 -4.320700e-06
3.305000e-07 3.305000e-07 5.700000e-01 1.200000e+00 -4.107800e-06
3.306000e-07 3.306000e-07 5.640000e-01 1.200000e+00 -3.894800e-06
3.307000e-07 3.307000e-07 5.580000e-01 1.200000e+00 -3.681900e-06
3.308000e-07 3.308000e-07 5.520000e-01 1.200000e+00 -3.469000e-06
3.309000e-07 3.309000e-07 5.460000e-01 1.200000e+00 -3.256100e-06
3.310000e-07 3.310000e-07 5.400000e-01 1.200000e+00 -3.043100e-06
3.311000e-07 3.311000e-07 5.340000e-01 1.200000e+00 -2.830200e-06
3.312000e-07 3.312000e-07 5.280000e-01 1.200000e+00 -2.617300e-06
3.313000e-07 3.313000e-07 5.220000e-01 1.200000e+00 -2.404400e-06
3.314000e-07 3.314000e-07 5.160000e-01 1.200000e+00 -2.191400e-06
3.315000e-07 3.315000e-07 5.100000e-01 1.200000e+00 -1.978500e-06
3.316000e-07 3.316000e-07 5.040000e-01 1.200000e+00 -1.765600e-06
3.317000e-07 3.317000e-07 4.980000e-01 1.200000e+00 -1.552700e-06
3.318000e-07 3.318000e-07 4.920000e-01 1.200000e+00 -1.339700e-06
3.319000e-07 3.319000e-07 4.860000e-01 1.200000e+00 -1.126800e-06
3.320000e-07 3.320000e-07 4.800000e-01 1.200000e+00 -9.139002e-07
3.321000e-07 3.321000e-07 4.740000e-01 1.200000e+00 -7.009759e-07
3.322000e-07 3.322000e-07 4.680000e-01 1.200000e+00 -4.880517e-07
3.323000e-07 3.323000e-07 4.620000e-01 1.200000e+00 -4.853517e-07
3.324000e-07 3.324000e-07 4.560000e-01 1.200000e+00 -5.271034e-07
3.325000e-07 3.325000e-07 4.500000e-01 1.200000e+00 -5.688552e-07
3.326000e-07 3.326000e-07 4.440000e-01 1.200000e+00 -6.106070e-07
3.327000e-07 3.327000e-07 4.380000e-01 1.200000e+00 -6.523587e-07
3.328000e-07 3.328000e-07 4.320000e-01 1.200000e+00 -6.941105e-07
3.329000e-07 3.329000e-07 4.260000e-01 1.200000e+00 -7.358622e-07
3.330000e-07 3.330000e-07 4.200000e-01 1.200000e+00 -7.776140e-07
3.331000e-07 3.331000e-07 4.140000e-01 1.200000e+00 -8.193658e-07
3.332000e-07 3.332000e-07 4.080000e-01 1.200000e+00 -8.611175e-07
3.333000e-07 3.333000e-07 4.020000e-01 1.200000e+00 -9.028693e-07
3.334000e-07 3.334000e-07 3.960000e-01 1.200000e+00 -9.446210e-07
3.335000e-07 3.335000e-07 3.900000e-01 1.200000e+00 -9.863728e-07
3.336000e-07 3.336000e-07 3.840000e-01 1.200000e+00 -1.028100e-06
3.337000e-07 3.337000e-07 3.780000e-01 1.200000e+00 -1.065300e-06
3.338000e-07 3.338000e-07 3.720000e-01 1.200000e+00 -1.011100e-06
3.339000e-07 3.339000e-07 3.660000e-01 1.200000e+00 -9.568954e-07
3.340000e-07 3.340000e-07 3.600000e-01 1.200000e+00 -9.026846e-07
3.341000e-07 3.341000e-07 3.540000e-01 1.200000e+00 -8.484738e-07
3.342000e-07 3.342000e-07 3.480000e-01 1.200000e+00 -7.942630e-07
3.343000e-07 3.343000e-07 3.420000e-01 1.200000e+00 -7.400522e-07
3.344000e-07 3.344000e-07 3.360000e-01 1.200000e+00 -6.858413e-07
3.345000e-07 3.345000e-07 3.300000e-01 1.200000e+00 -6.316305e-07
3.346000e-07 3.346000e-07 3.240000e-01 1.200000e+00 -5.774197e-07
3.347000e-07 3.347000e-07 3.180000e-01 1.200000e+00 -5.232089e-07
3.348000e-07 3.348000e-07 3.120000e-01 1.200000e+00 -4.689981e-07
3.349000e-07 3.349000e-07 3.060000e-01 1.200000e+00 -4.147873e-07
3.350000e-07 3.350000e-07 3.000000e-01 1.200000e+00 -3.605765e-07
3.351000e-07 3.351000e-07 2.940000e-01 1.200000e+00 -3.238469e-07
3.352000e-07 3.352000e-07 2.880000e-01 1.200000e+00 -3.913866e-07
3.353000e-07 3.353000e-07 2.820000e-01 1.200000e+00 -4.589262e-07
3.354000e-07 3.354000e-07 2.760000e-01 1.200000e+00 -5.264659e-07
3.355000e-07 3.355000e-07 2.700000e-01 1.200000e+00 -5.940055e-07
3.356000e-07 3.356000e-07 2.640000e-01 1.200000e+00 -6.615452e-07
3.357000e-07 3.357000e-07 2.580000e-01 1.200000e+00 -7.290848e-07
3.358000e-07 3.358000e-07 2.520000e-01 1.200000e+00 -7.966244e-07
3.359000e-07 3.359000e-07 2.460000e-01 1.200000e+00 -8.641641e-07
3.360000e-07 3.360000e-07 2.400000e-01 1.200000e+00 -9.317037e-07
3.361000e-07 3.361000e-07 2.340000e-01 1.200000e+00 -9.992434e-07
3.362000e-07 3.362000e-07 2.280000e-01 1.200000e+00 -1.049500e-06
3.363000e-07 3.363000e-07 2.220000e-01 1.200000e+00 -9.682721e-07
3.364000e-07 3.364000e-07 2.160000e-01 1.200000e+00 -8.870557e-07
3.365000e-07 3.365000e-07 2.100000e-01 1.200000e+00 -8.058393e-07
3.366000e-07 3.366000e-07 2.040000e-01 1.200000e+00 -7.246230e-07
3.367000e-07 3.367000e-07 1.980000e-01 1.200000e+00 -6.434066e-07
3.368000e-07 3.368000e-07 1.920000e-01 1.200000e+00 -5.621902e-07
3.369000e-07 3.369000e-07 1.860000e-01 1.200000e+00 -4.809739e-07
3.370000e-07 3.370000e-07 1.800000e-01 1.200000e+00 -3.997575e-07
3.371000e-07 3.371000e-07 1.740000e-01 1.200000e+00 -3.185411e-07
3.372000e-07 3.372000e-07 1.680000e-01 1.200000e+00 -4.041834e-07
3.373000e-07 3.373000e-07 1.620000e-01 1.200000e+00 -5.007509e-07
3.374000e-07 3.374000e-07 1.560000e-01 1.200000e+00 -5.973183e-07
3.375000e-07 3.375000e-07 1.500000e-01 1.200000e+00 -6.938858e-07
3.376000e-07 3.376000e-07 1.440000e-01 1.200000e+00 -7.904533e-07
3.377000e-07 3.377000e-07 1.380000e-01 1.200000e+00 -8.870208e-07
3.378000e-07 3.378000e-07 1.320000e-01 1.200000e+00 -9.835883e-07
3.379000e-07 3.379000e-07 1.260000e-01 1.200000e+00 -1.033000e-06
3.380000e-07 3.380000e-07 1.200000e-01 1.200000e+00 -9.159244e-07
3.381000e-07 3.381000e-07 1.140000e-01 1.200000e+00 -7.988086e-07
3.382000e-07 3.382000e-07 1.080000e-01 1.200000e+00 -6.816927e-07
3.383000e-07 3.383000e-07 1.020000e-01 1.200000e+00 -5.645769e-07
3.384000e-07 3.384000e-07 9.600000e-02 1.200000e+00 -4.474610e-07
3.385000e-07 3.385000e-07 9.000000e-02 1.200000e+00 -3.303452e-07
3.386000e-07 3.386000e-07 8.400000e-02 1.200000e+00 -4.338887e-07
3.387000e-07 3.387000e-07 7.800000e-02 1.200000e+00 -5.744009e-07
3.388000e-07 3.388000e-07 7.200000e-02 1.200000e+00 -7.149131e-07
3.389000e-07 3.389000e-07 6.600000e-02 1.200000e+00 -8.554252e-07
3.390000e-07 3.390000e-07 6.000000e-02 1.200000e+00 -9.959374e-07
3.391000e-07 3.391000e-07 5.400000e-02 1.200000e+00 -9.655789e-07
3.392000e-07 3.392000e-07 4.800000e-02 1.200000e+00 -7.966455e-07
3.393000e-07 3.393000e-07 4.200000e-02 1.200000e+00 -6.277120e-07
3.394000e-07 3.394000e-07 3.600000e-02 1.200000e+00 -4.587786e-07
3.395000e-07 3.395000e-07 3.000000e-02 1.200000e+00 -3.420719e-07
3.396000e-07 3.396000e-07 2.400000e-02 1.200000e+00 -5.455084e-07
3.397000e-07 3.397000e-07 1.800000e-02 1.200000e+00 -7.489449e-07
3.398000e-07 3.398000e-07 1.200000e-02 1.200000e+00 -9.523814e-07
3.399000e-07 3.399000e-07 6.000000e-03 1.200000e+00 -8.182958e-07
3.400000e-07 3.400000e-07 1.998400e-15 1.200000e+00 -3.135388e-07
3.401000e-07 3.401000e-07 0.000000e+00 1.200000e+00 -1.235000e-12
3.402000e-07 3.402000e-07 0.000000e+00 1.200000e+00 -1.235000e-12
3.403000e-07 3.403000e-07 0.000000e+00 1.200000e+00 -1.235000e-12
3.404000e-07 3.404000e-07 0.000000e+00 1.200000e+00 -1.235000e-12
3.405000e-07 3.405000e-07 0.000000e+00 1.200000e+00 -1.235000e-12
3.406000e-07 3.406000e-07 0.000000e+00 1.200000e+00 -1.235000e-12
3.407000e-07 3.407000e-07 0.000000e+00 1.200000e+00 -1.235000e-12
3.408000e-07 3.408000e-07 0.000000e+00 1.200000e+00 -1.235000e-12
3.409000e-07 3.409000e-07 0.000000e+00 1.200000e+00 -1.235000e-12
3.410000e-07 3.410000e-07 0.000000e+00 1.200000e+00 -1.235000e-12
3.411000e-07 3.411000e-07 0.000000e+00 1.200000e+00 -1.235000e-12
3.412000e-07 3.412000e-07 0.000000e+00 1.200000e+00 -1.235000e-12
3.413000e-07 3.413000e-07 0.000000e+00 1.200000e+00 -1.235000e-12
3.414000e-07 3.414000e-07 0.000000e+00 1.200000e+00 -1.235000e-12
3.415000e-07 3.415000e-07 0.000000e+00 1.200000e+00 -1.235000e-12
3.416000e-07 3.416000e-07 0.000000e+00 1.200000e+00 -1.235000e-12
3.417000e-07 3.417000e-07 0.000000e+00 1.200000e+00 -1.235000e-12
3.418000e-07 3.418000e-07 0.000000e+00 1.200000e+00 -1.235000e-12
3.419000e-07 3.419000e-07 0.000000e+00 1.200000e+00 -1.235000e-12
3.420000e-07 3.420000e-07 0.000000e+00 1.200000e+00 -1.235000e-12
3.421000e-07 3.421000e-07 0.000000e+00 1.200000e+00 -1.235000e-12
3.422000e-07 3.422000e-07 0.000000e+00 1.200000e+00 -1.235000e-12
3.423000e-07 3.423000e-07 0.000000e+00 1.200000e+00 -1.235000e-12
3.424000e-07 3.424000e-07 0.000000e+00 1.200000e+00 -1.235000e-12
3.425000e-07 3.425000e-07 0.000000e+00 1.200000e+00 -1.235000e-12
3.426000e-07 3.426000e-07 0.000000e+00 1.200000e+00 -1.235000e-12
3.427000e-07 3.427000e-07 0.000000e+00 1.200000e+00 -1.235000e-12
3.428000e-07 3.428000e-07 0.000000e+00 1.200000e+00 -1.235000e-12
3.429000e-07 3.429000e-07 0.000000e+00 1.200000e+00 -1.235000e-12
3.430000e-07 3.430000e-07 0.000000e+00 1.200000e+00 -1.235000e-12
3.431000e-07 3.431000e-07 0.000000e+00 1.200000e+00 -1.235000e-12
3.432000e-07 3.432000e-07 0.000000e+00 1.200000e+00 -1.235000e-12
3.433000e-07 3.433000e-07 0.000000e+00 1.200000e+00 -1.235000e-12
3.434000e-07 3.434000e-07 0.000000e+00 1.200000e+00 -1.235000e-12
3.435000e-07 3.435000e-07 0.000000e+00 1.200000e+00 -1.235000e-12
3.436000e-07 3.436000e-07 0.000000e+00 1.200000e+00 -1.235000e-12
3.437000e-07 3.437000e-07 0.000000e+00 1.200000e+00 -1.235000e-12
3.438000e-07 3.438000e-07 0.000000e+00 1.200000e+00 -1.235000e-12
3.439000e-07 3.439000e-07 0.000000e+00 1.200000e+00 -1.235000e-12
3.440000e-07 3.440000e-07 0.000000e+00 1.200000e+00 -1.235000e-12
3.441000e-07 3.441000e-07 0.000000e+00 1.200000e+00 -1.235000e-12
3.442000e-07 3.442000e-07 0.000000e+00 1.200000e+00 -1.235000e-12
3.443000e-07 3.443000e-07 0.000000e+00 1.200000e+00 -1.235000e-12
3.444000e-07 3.444000e-07 0.000000e+00 1.200000e+00 -1.235000e-12
3.445000e-07 3.445000e-07 0.000000e+00 1.200000e+00 -1.235000e-12
3.446000e-07 3.446000e-07 0.000000e+00 1.200000e+00 -1.235000e-12
3.447000e-07 3.447000e-07 0.000000e+00 1.200000e+00 -1.235000e-12
3.448000e-07 3.448000e-07 0.000000e+00 1.200000e+00 -1.235000e-12
3.449000e-07 3.449000e-07 0.000000e+00 1.200000e+00 -1.235000e-12
3.450000e-07 3.450000e-07 0.000000e+00 1.200000e+00 -1.235000e-12
3.451000e-07 3.451000e-07 0.000000e+00 1.200000e+00 -1.235000e-12
3.452000e-07 3.452000e-07 0.000000e+00 1.200000e+00 -1.235000e-12
3.453000e-07 3.453000e-07 0.000000e+00 1.200000e+00 -1.235000e-12
3.454000e-07 3.454000e-07 0.000000e+00 1.200000e+00 -1.235000e-12
3.455000e-07 3.455000e-07 0.000000e+00 1.200000e+00 -1.235000e-12
3.456000e-07 3.456000e-07 0.000000e+00 1.200000e+00 -1.235000e-12
3.457000e-07 3.457000e-07 0.000000e+00 1.200000e+00 -1.235000e-12
3.458000e-07 3.458000e-07 0.000000e+00 1.200000e+00 -1.235000e-12
3.459000e-07 3.459000e-07 0.000000e+00 1.200000e+00 -1.235000e-12
3.460000e-07 3.460000e-07 0.000000e+00 1.200000e+00 -1.235000e-12
3.461000e-07 3.461000e-07 0.000000e+00 1.200000e+00 -1.235000e-12
3.462000e-07 3.462000e-07 0.000000e+00 1.200000e+00 -1.235000e-12
3.463000e-07 3.463000e-07 0.000000e+00 1.200000e+00 -1.235000e-12
3.464000e-07 3.464000e-07 0.000000e+00 1.200000e+00 -1.235000e-12
3.465000e-07 3.465000e-07 0.000000e+00 1.200000e+00 -1.235000e-12
3.466000e-07 3.466000e-07 0.000000e+00 1.200000e+00 -1.235000e-12
3.467000e-07 3.467000e-07 0.000000e+00 1.200000e+00 -1.235000e-12
3.468000e-07 3.468000e-07 0.000000e+00 1.200000e+00 -1.235000e-12
3.469000e-07 3.469000e-07 0.000000e+00 1.200000e+00 -1.235000e-12
3.470000e-07 3.470000e-07 0.000000e+00 1.200000e+00 -1.235000e-12
3.471000e-07 3.471000e-07 0.000000e+00 1.200000e+00 -1.235000e-12
3.472000e-07 3.472000e-07 0.000000e+00 1.200000e+00 -1.235000e-12
3.473000e-07 3.473000e-07 0.000000e+00 1.200000e+00 -1.235000e-12
3.474000e-07 3.474000e-07 0.000000e+00 1.200000e+00 -1.235000e-12
3.475000e-07 3.475000e-07 0.000000e+00 1.200000e+00 -1.235000e-12
3.476000e-07 3.476000e-07 0.000000e+00 1.200000e+00 -1.235000e-12
3.477000e-07 3.477000e-07 0.000000e+00 1.200000e+00 -1.235000e-12
3.478000e-07 3.478000e-07 0.000000e+00 1.200000e+00 -1.235000e-12
3.479000e-07 3.479000e-07 0.000000e+00 1.200000e+00 -1.235000e-12
3.480000e-07 3.480000e-07 0.000000e+00 1.200000e+00 -1.235000e-12
3.481000e-07 3.481000e-07 0.000000e+00 1.200000e+00 -1.235000e-12
3.482000e-07 3.482000e-07 0.000000e+00 1.200000e+00 -1.235000e-12
3.483000e-07 3.483000e-07 0.000000e+00 1.200000e+00 -1.235000e-12
3.484000e-07 3.484000e-07 0.000000e+00 1.200000e+00 -1.235000e-12
3.485000e-07 3.485000e-07 0.000000e+00 1.200000e+00 -1.235000e-12
3.486000e-07 3.486000e-07 0.000000e+00 1.200000e+00 -1.235000e-12
3.487000e-07 3.487000e-07 0.000000e+00 1.200000e+00 -1.235000e-12
3.488000e-07 3.488000e-07 0.000000e+00 1.200000e+00 -1.235000e-12
3.489000e-07 3.489000e-07 0.000000e+00 1.200000e+00 -1.235000e-12
3.490000e-07 3.490000e-07 0.000000e+00 1.200000e+00 -1.235000e-12
3.491000e-07 3.491000e-07 0.000000e+00 1.200000e+00 -1.235000e-12
3.492000e-07 3.492000e-07 0.000000e+00 1.200000e+00 -1.235000e-12
3.493000e-07 3.493000e-07 0.000000e+00 1.200000e+00 -1.235000e-12
3.494000e-07 3.494000e-07 0.000000e+00 1.200000e+00 -1.235000e-12
3.495000e-07 3.495000e-07 0.000000e+00 1.200000e+00 -1.235000e-12
3.496000e-07 3.496000e-07 0.000000e+00 1.200000e+00 -1.235000e-12
3.497000e-07 3.497000e-07 0.000000e+00 1.200000e+00 -1.235000e-12
3.498000e-07 3.498000e-07 0.000000e+00 1.200000e+00 -1.235000e-12
3.499000e-07 3.499000e-07 0.000000e+00 1.200000e+00 -1.235000e-12
3.500000e-07 3.500000e-07 0.000000e+00 1.200000e+00 -1.235000e-12
3.501000e-07 3.501000e-07 0.000000e+00 1.200000e+00 -1.235000e-12
3.502000e-07 3.502000e-07 0.000000e+00 1.200000e+00 -1.235000e-12
3.503000e-07 3.503000e-07 0.000000e+00 1.200000e+00 -1.235000e-12
3.504000e-07 3.504000e-07 0.000000e+00 1.200000e+00 -1.235000e-12
3.505000e-07 3.505000e-07 0.000000e+00 1.200000e+00 -1.235000e-12
3.506000e-07 3.506000e-07 0.000000e+00 1.200000e+00 -1.235000e-12
3.507000e-07 3.507000e-07 0.000000e+00 1.200000e+00 -1.235000e-12
3.508000e-07 3.508000e-07 0.000000e+00 1.200000e+00 -1.235000e-12
3.509000e-07 3.509000e-07 0.000000e+00 1.200000e+00 -1.235000e-12
3.510000e-07 3.510000e-07 0.000000e+00 1.200000e+00 -1.235000e-12
3.511000e-07 3.511000e-07 0.000000e+00 1.200000e+00 -1.235000e-12
3.512000e-07 3.512000e-07 0.000000e+00 1.200000e+00 -1.235000e-12
3.513000e-07 3.513000e-07 0.000000e+00 1.200000e+00 -1.235000e-12
3.514000e-07 3.514000e-07 0.000000e+00 1.200000e+00 -1.235000e-12
3.515000e-07 3.515000e-07 0.000000e+00 1.200000e+00 -1.235000e-12
3.516000e-07 3.516000e-07 0.000000e+00 1.200000e+00 -1.235000e-12
3.517000e-07 3.517000e-07 0.000000e+00 1.200000e+00 -1.235000e-12
3.518000e-07 3.518000e-07 0.000000e+00 1.200000e+00 -1.235000e-12
3.519000e-07 3.519000e-07 0.000000e+00 1.200000e+00 -1.235000e-12
3.520000e-07 3.520000e-07 0.000000e+00 1.200000e+00 -1.235000e-12
3.521000e-07 3.521000e-07 0.000000e+00 1.200000e+00 -1.235000e-12
3.522000e-07 3.522000e-07 0.000000e+00 1.200000e+00 -1.235000e-12
3.523000e-07 3.523000e-07 0.000000e+00 1.200000e+00 -1.235000e-12
3.524000e-07 3.524000e-07 0.000000e+00 1.200000e+00 -1.235000e-12
3.525000e-07 3.525000e-07 0.000000e+00 1.200000e+00 -1.235000e-12
3.526000e-07 3.526000e-07 0.000000e+00 1.200000e+00 -1.235000e-12
3.527000e-07 3.527000e-07 0.000000e+00 1.200000e+00 -1.235000e-12
3.528000e-07 3.528000e-07 0.000000e+00 1.200000e+00 -1.235000e-12
3.529000e-07 3.529000e-07 0.000000e+00 1.200000e+00 -1.235000e-12
3.530000e-07 3.530000e-07 0.000000e+00 1.200000e+00 -1.235000e-12
3.531000e-07 3.531000e-07 0.000000e+00 1.200000e+00 -1.235000e-12
3.532000e-07 3.532000e-07 0.000000e+00 1.200000e+00 -1.235000e-12
3.533000e-07 3.533000e-07 0.000000e+00 1.200000e+00 -1.235000e-12
3.534000e-07 3.534000e-07 0.000000e+00 1.200000e+00 -1.235000e-12
3.535000e-07 3.535000e-07 0.000000e+00 1.200000e+00 -1.235000e-12
3.536000e-07 3.536000e-07 0.000000e+00 1.200000e+00 -1.235000e-12
3.537000e-07 3.537000e-07 0.000000e+00 1.200000e+00 -1.235000e-12
3.538000e-07 3.538000e-07 0.000000e+00 1.200000e+00 -1.235000e-12
3.539000e-07 3.539000e-07 0.000000e+00 1.200000e+00 -1.235000e-12
3.540000e-07 3.540000e-07 0.000000e+00 1.200000e+00 -1.235000e-12
3.541000e-07 3.541000e-07 0.000000e+00 1.200000e+00 -1.235000e-12
3.542000e-07 3.542000e-07 0.000000e+00 1.200000e+00 -1.235000e-12
3.543000e-07 3.543000e-07 0.000000e+00 1.200000e+00 -1.235000e-12
3.544000e-07 3.544000e-07 0.000000e+00 1.200000e+00 -1.235000e-12
3.545000e-07 3.545000e-07 0.000000e+00 1.200000e+00 -1.235000e-12
3.546000e-07 3.546000e-07 0.000000e+00 1.200000e+00 -1.235000e-12
3.547000e-07 3.547000e-07 0.000000e+00 1.200000e+00 -1.235000e-12
3.548000e-07 3.548000e-07 0.000000e+00 1.200000e+00 -1.235000e-12
3.549000e-07 3.549000e-07 0.000000e+00 1.200000e+00 -1.235000e-12
3.550000e-07 3.550000e-07 0.000000e+00 1.200000e+00 -1.235000e-12
3.551000e-07 3.551000e-07 0.000000e+00 1.200000e+00 -1.235000e-12
3.552000e-07 3.552000e-07 0.000000e+00 1.200000e+00 -1.235000e-12
3.553000e-07 3.553000e-07 0.000000e+00 1.200000e+00 -1.235000e-12
3.554000e-07 3.554000e-07 0.000000e+00 1.200000e+00 -1.235000e-12
3.555000e-07 3.555000e-07 0.000000e+00 1.200000e+00 -1.235000e-12
3.556000e-07 3.556000e-07 0.000000e+00 1.200000e+00 -1.235000e-12
3.557000e-07 3.557000e-07 0.000000e+00 1.200000e+00 -1.235000e-12
3.558000e-07 3.558000e-07 0.000000e+00 1.200000e+00 -1.235000e-12
3.559000e-07 3.559000e-07 0.000000e+00 1.200000e+00 -1.235000e-12
3.560000e-07 3.560000e-07 0.000000e+00 1.200000e+00 -1.235000e-12
3.561000e-07 3.561000e-07 0.000000e+00 1.200000e+00 -1.235000e-12
3.562000e-07 3.562000e-07 0.000000e+00 1.200000e+00 -1.235000e-12
3.563000e-07 3.563000e-07 0.000000e+00 1.200000e+00 -1.235000e-12
3.564000e-07 3.564000e-07 0.000000e+00 1.200000e+00 -1.235000e-12
3.565000e-07 3.565000e-07 0.000000e+00 1.200000e+00 -1.235000e-12
3.566000e-07 3.566000e-07 0.000000e+00 1.200000e+00 -1.235000e-12
3.567000e-07 3.567000e-07 0.000000e+00 1.200000e+00 -1.235000e-12
3.568000e-07 3.568000e-07 0.000000e+00 1.200000e+00 -1.235000e-12
3.569000e-07 3.569000e-07 0.000000e+00 1.200000e+00 -1.235000e-12
3.570000e-07 3.570000e-07 0.000000e+00 1.200000e+00 -1.235000e-12
3.571000e-07 3.571000e-07 0.000000e+00 1.200000e+00 -1.235000e-12
3.572000e-07 3.572000e-07 0.000000e+00 1.200000e+00 -1.235000e-12
3.573000e-07 3.573000e-07 0.000000e+00 1.200000e+00 -1.235000e-12
3.574000e-07 3.574000e-07 0.000000e+00 1.200000e+00 -1.235000e-12
3.575000e-07 3.575000e-07 0.000000e+00 1.200000e+00 -1.235000e-12
3.576000e-07 3.576000e-07 0.000000e+00 1.200000e+00 -1.235000e-12
3.577000e-07 3.577000e-07 0.000000e+00 1.200000e+00 -1.235000e-12
3.578000e-07 3.578000e-07 0.000000e+00 1.200000e+00 -1.235000e-12
3.579000e-07 3.579000e-07 0.000000e+00 1.200000e+00 -1.235000e-12
3.580000e-07 3.580000e-07 0.000000e+00 1.200000e+00 -1.235000e-12
3.581000e-07 3.581000e-07 0.000000e+00 1.200000e+00 -1.235000e-12
3.582000e-07 3.582000e-07 0.000000e+00 1.200000e+00 -1.235000e-12
3.583000e-07 3.583000e-07 0.000000e+00 1.200000e+00 -1.235000e-12
3.584000e-07 3.584000e-07 0.000000e+00 1.200000e+00 -1.235000e-12
3.585000e-07 3.585000e-07 0.000000e+00 1.200000e+00 -1.235000e-12
3.586000e-07 3.586000e-07 0.000000e+00 1.200000e+00 -1.235000e-12
3.587000e-07 3.587000e-07 0.000000e+00 1.200000e+00 -1.235000e-12
3.588000e-07 3.588000e-07 0.000000e+00 1.200000e+00 -1.235000e-12
3.589000e-07 3.589000e-07 0.000000e+00 1.200000e+00 -1.235000e-12
3.590000e-07 3.590000e-07 0.000000e+00 1.200000e+00 -1.235000e-12
3.591000e-07 3.591000e-07 0.000000e+00 1.200000e+00 -1.235000e-12
3.592000e-07 3.592000e-07 0.000000e+00 1.200000e+00 -1.235000e-12
3.593000e-07 3.593000e-07 0.000000e+00 1.200000e+00 -1.235000e-12
3.594000e-07 3.594000e-07 0.000000e+00 1.200000e+00 -1.235000e-12
3.595000e-07 3.595000e-07 0.000000e+00 1.200000e+00 -1.235000e-12
3.596000e-07 3.596000e-07 0.000000e+00 1.200000e+00 -1.235000e-12
3.597000e-07 3.597000e-07 0.000000e+00 1.200000e+00 -1.235000e-12
3.598000e-07 3.598000e-07 0.000000e+00 1.200000e+00 -1.235000e-12
3.599000e-07 3.599000e-07 0.000000e+00 1.200000e+00 -1.235000e-12
3.600000e-07 3.600000e-07 0.000000e+00 1.200000e+00 -1.235000e-12
3.601000e-07 3.601000e-07 0.000000e+00 1.200000e+00 -1.235000e-12
3.602000e-07 3.602000e-07 0.000000e+00 1.200000e+00 -1.235000e-12
3.603000e-07 3.603000e-07 0.000000e+00 1.200000e+00 -1.235000e-12
3.604000e-07 3.604000e-07 0.000000e+00 1.200000e+00 -1.235000e-12
3.605000e-07 3.605000e-07 0.000000e+00 1.200000e+00 -1.235000e-12
3.606000e-07 3.606000e-07 0.000000e+00 1.200000e+00 -1.235000e-12
3.607000e-07 3.607000e-07 0.000000e+00 1.200000e+00 -1.235000e-12
3.608000e-07 3.608000e-07 0.000000e+00 1.200000e+00 -1.235000e-12
3.609000e-07 3.609000e-07 0.000000e+00 1.200000e+00 -1.235000e-12
3.610000e-07 3.610000e-07 0.000000e+00 1.200000e+00 -1.235000e-12
3.611000e-07 3.611000e-07 0.000000e+00 1.200000e+00 -1.235000e-12
3.612000e-07 3.612000e-07 0.000000e+00 1.200000e+00 -1.235000e-12
3.613000e-07 3.613000e-07 0.000000e+00 1.200000e+00 -1.235000e-12
3.614000e-07 3.614000e-07 0.000000e+00 1.200000e+00 -1.235000e-12
3.615000e-07 3.615000e-07 0.000000e+00 1.200000e+00 -1.235000e-12
3.616000e-07 3.616000e-07 0.000000e+00 1.200000e+00 -1.235000e-12
3.617000e-07 3.617000e-07 0.000000e+00 1.200000e+00 -1.235000e-12
3.618000e-07 3.618000e-07 0.000000e+00 1.200000e+00 -1.235000e-12
3.619000e-07 3.619000e-07 0.000000e+00 1.200000e+00 -1.235000e-12
3.620000e-07 3.620000e-07 0.000000e+00 1.200000e+00 -1.235000e-12
3.621000e-07 3.621000e-07 0.000000e+00 1.200000e+00 -1.235000e-12
3.622000e-07 3.622000e-07 0.000000e+00 1.200000e+00 -1.235000e-12
3.623000e-07 3.623000e-07 0.000000e+00 1.200000e+00 -1.235000e-12
3.624000e-07 3.624000e-07 0.000000e+00 1.200000e+00 -1.235000e-12
3.625000e-07 3.625000e-07 0.000000e+00 1.200000e+00 -1.235000e-12
3.626000e-07 3.626000e-07 0.000000e+00 1.200000e+00 -1.235000e-12
3.627000e-07 3.627000e-07 0.000000e+00 1.200000e+00 -1.235000e-12
3.628000e-07 3.628000e-07 0.000000e+00 1.200000e+00 -1.235000e-12
3.629000e-07 3.629000e-07 0.000000e+00 1.200000e+00 -1.235000e-12
3.630000e-07 3.630000e-07 0.000000e+00 1.200000e+00 -1.235000e-12
3.631000e-07 3.631000e-07 0.000000e+00 1.200000e+00 -1.235000e-12
3.632000e-07 3.632000e-07 0.000000e+00 1.200000e+00 -1.235000e-12
3.633000e-07 3.633000e-07 0.000000e+00 1.200000e+00 -1.235000e-12
3.634000e-07 3.634000e-07 0.000000e+00 1.200000e+00 -1.235000e-12
3.635000e-07 3.635000e-07 0.000000e+00 1.200000e+00 -1.235000e-12
3.636000e-07 3.636000e-07 0.000000e+00 1.200000e+00 -1.235000e-12
3.637000e-07 3.637000e-07 0.000000e+00 1.200000e+00 -1.235000e-12
3.638000e-07 3.638000e-07 0.000000e+00 1.200000e+00 -1.235000e-12
3.639000e-07 3.639000e-07 0.000000e+00 1.200000e+00 -1.235000e-12
3.640000e-07 3.640000e-07 0.000000e+00 1.200000e+00 -1.235000e-12
3.641000e-07 3.641000e-07 0.000000e+00 1.200000e+00 -1.235000e-12
3.642000e-07 3.642000e-07 0.000000e+00 1.200000e+00 -1.235000e-12
3.643000e-07 3.643000e-07 0.000000e+00 1.200000e+00 -1.235000e-12
3.644000e-07 3.644000e-07 0.000000e+00 1.200000e+00 -1.235000e-12
3.645000e-07 3.645000e-07 0.000000e+00 1.200000e+00 -1.235000e-12
3.646000e-07 3.646000e-07 0.000000e+00 1.200000e+00 -1.235000e-12
3.647000e-07 3.647000e-07 0.000000e+00 1.200000e+00 -1.235000e-12
3.648000e-07 3.648000e-07 0.000000e+00 1.200000e+00 -1.235000e-12
3.649000e-07 3.649000e-07 0.000000e+00 1.200000e+00 -1.235000e-12
3.650000e-07 3.650000e-07 0.000000e+00 1.200000e+00 -1.235000e-12
3.651000e-07 3.651000e-07 0.000000e+00 1.200000e+00 -1.235000e-12
3.652000e-07 3.652000e-07 0.000000e+00 1.200000e+00 -1.235000e-12
3.653000e-07 3.653000e-07 0.000000e+00 1.200000e+00 -1.235000e-12
3.654000e-07 3.654000e-07 0.000000e+00 1.200000e+00 -1.235000e-12
3.655000e-07 3.655000e-07 0.000000e+00 1.200000e+00 -1.235000e-12
3.656000e-07 3.656000e-07 0.000000e+00 1.200000e+00 -1.235000e-12
3.657000e-07 3.657000e-07 0.000000e+00 1.200000e+00 -1.235000e-12
3.658000e-07 3.658000e-07 0.000000e+00 1.200000e+00 -1.235000e-12
3.659000e-07 3.659000e-07 0.000000e+00 1.200000e+00 -1.235000e-12
3.660000e-07 3.660000e-07 0.000000e+00 1.200000e+00 -1.235000e-12
3.661000e-07 3.661000e-07 0.000000e+00 1.200000e+00 -1.235000e-12
3.662000e-07 3.662000e-07 0.000000e+00 1.200000e+00 -1.235000e-12
3.663000e-07 3.663000e-07 0.000000e+00 1.200000e+00 -1.235000e-12
3.664000e-07 3.664000e-07 0.000000e+00 1.200000e+00 -1.235000e-12
3.665000e-07 3.665000e-07 0.000000e+00 1.200000e+00 -1.235000e-12
3.666000e-07 3.666000e-07 0.000000e+00 1.200000e+00 -1.235000e-12
3.667000e-07 3.667000e-07 0.000000e+00 1.200000e+00 -1.235000e-12
3.668000e-07 3.668000e-07 0.000000e+00 1.200000e+00 -1.235000e-12
3.669000e-07 3.669000e-07 0.000000e+00 1.200000e+00 -1.235000e-12
3.670000e-07 3.670000e-07 0.000000e+00 1.200000e+00 -1.235000e-12
3.671000e-07 3.671000e-07 0.000000e+00 1.200000e+00 -1.235000e-12
3.672000e-07 3.672000e-07 0.000000e+00 1.200000e+00 -1.235000e-12
3.673000e-07 3.673000e-07 0.000000e+00 1.200000e+00 -1.235000e-12
3.674000e-07 3.674000e-07 0.000000e+00 1.200000e+00 -1.235000e-12
3.675000e-07 3.675000e-07 0.000000e+00 1.200000e+00 -1.235000e-12
3.676000e-07 3.676000e-07 0.000000e+00 1.200000e+00 -1.235000e-12
3.677000e-07 3.677000e-07 0.000000e+00 1.200000e+00 -1.235000e-12
3.678000e-07 3.678000e-07 0.000000e+00 1.200000e+00 -1.235000e-12
3.679000e-07 3.679000e-07 0.000000e+00 1.200000e+00 -1.235000e-12
3.680000e-07 3.680000e-07 0.000000e+00 1.200000e+00 -1.235000e-12
3.681000e-07 3.681000e-07 0.000000e+00 1.200000e+00 -1.235000e-12
3.682000e-07 3.682000e-07 0.000000e+00 1.200000e+00 -1.235000e-12
3.683000e-07 3.683000e-07 0.000000e+00 1.200000e+00 -1.235000e-12
3.684000e-07 3.684000e-07 0.000000e+00 1.200000e+00 -1.235000e-12
3.685000e-07 3.685000e-07 0.000000e+00 1.200000e+00 -1.235000e-12
3.686000e-07 3.686000e-07 0.000000e+00 1.200000e+00 -1.235000e-12
3.687000e-07 3.687000e-07 0.000000e+00 1.200000e+00 -1.235000e-12
3.688000e-07 3.688000e-07 0.000000e+00 1.200000e+00 -1.235000e-12
3.689000e-07 3.689000e-07 0.000000e+00 1.200000e+00 -1.235000e-12
3.690000e-07 3.690000e-07 0.000000e+00 1.200000e+00 -1.235000e-12
3.691000e-07 3.691000e-07 0.000000e+00 1.200000e+00 -1.235000e-12
3.692000e-07 3.692000e-07 0.000000e+00 1.200000e+00 -1.235000e-12
3.693000e-07 3.693000e-07 0.000000e+00 1.200000e+00 -1.235000e-12
3.694000e-07 3.694000e-07 0.000000e+00 1.200000e+00 -1.235000e-12
3.695000e-07 3.695000e-07 0.000000e+00 1.200000e+00 -1.235000e-12
3.696000e-07 3.696000e-07 0.000000e+00 1.200000e+00 -1.235000e-12
3.697000e-07 3.697000e-07 0.000000e+00 1.200000e+00 -1.235000e-12
3.698000e-07 3.698000e-07 0.000000e+00 1.200000e+00 -1.235000e-12
3.699000e-07 3.699000e-07 0.000000e+00 1.200000e+00 -1.235000e-12
3.700000e-07 3.700000e-07 0.000000e+00 1.200000e+00 -1.235000e-12
3.701000e-07 3.701000e-07 0.000000e+00 1.200000e+00 -1.235000e-12
3.702000e-07 3.702000e-07 0.000000e+00 1.200000e+00 -1.235000e-12
3.703000e-07 3.703000e-07 0.000000e+00 1.200000e+00 -1.235000e-12
3.704000e-07 3.704000e-07 0.000000e+00 1.200000e+00 -1.235000e-12
3.705000e-07 3.705000e-07 0.000000e+00 1.200000e+00 -1.235000e-12
3.706000e-07 3.706000e-07 0.000000e+00 1.200000e+00 -1.235000e-12
3.707000e-07 3.707000e-07 0.000000e+00 1.200000e+00 -1.235000e-12
3.708000e-07 3.708000e-07 0.000000e+00 1.200000e+00 -1.235000e-12
3.709000e-07 3.709000e-07 0.000000e+00 1.200000e+00 -1.235000e-12
3.710000e-07 3.710000e-07 0.000000e+00 1.200000e+00 -1.235000e-12
3.711000e-07 3.711000e-07 0.000000e+00 1.200000e+00 -1.235000e-12
3.712000e-07 3.712000e-07 0.000000e+00 1.200000e+00 -1.235000e-12
3.713000e-07 3.713000e-07 0.000000e+00 1.200000e+00 -1.235000e-12
3.714000e-07 3.714000e-07 0.000000e+00 1.200000e+00 -1.235000e-12
3.715000e-07 3.715000e-07 0.000000e+00 1.200000e+00 -1.235000e-12
3.716000e-07 3.716000e-07 0.000000e+00 1.200000e+00 -1.235000e-12
3.717000e-07 3.717000e-07 0.000000e+00 1.200000e+00 -1.235000e-12
3.718000e-07 3.718000e-07 0.000000e+00 1.200000e+00 -1.235000e-12
3.719000e-07 3.719000e-07 0.000000e+00 1.200000e+00 -1.235000e-12
3.720000e-07 3.720000e-07 0.000000e+00 1.200000e+00 -1.235000e-12
3.721000e-07 3.721000e-07 0.000000e+00 1.200000e+00 -1.235000e-12
3.722000e-07 3.722000e-07 0.000000e+00 1.200000e+00 -1.235000e-12
3.723000e-07 3.723000e-07 0.000000e+00 1.200000e+00 -1.235000e-12
3.724000e-07 3.724000e-07 0.000000e+00 1.200000e+00 -1.235000e-12
3.725000e-07 3.725000e-07 0.000000e+00 1.200000e+00 -1.235000e-12
3.726000e-07 3.726000e-07 0.000000e+00 1.200000e+00 -1.235000e-12
3.727000e-07 3.727000e-07 0.000000e+00 1.200000e+00 -1.235000e-12
3.728000e-07 3.728000e-07 0.000000e+00 1.200000e+00 -1.235000e-12
3.729000e-07 3.729000e-07 0.000000e+00 1.200000e+00 -1.235000e-12
3.730000e-07 3.730000e-07 0.000000e+00 1.200000e+00 -1.235000e-12
3.731000e-07 3.731000e-07 0.000000e+00 1.200000e+00 -1.235000e-12
3.732000e-07 3.732000e-07 0.000000e+00 1.200000e+00 -1.235000e-12
3.733000e-07 3.733000e-07 0.000000e+00 1.200000e+00 -1.235000e-12
3.734000e-07 3.734000e-07 0.000000e+00 1.200000e+00 -1.235000e-12
3.735000e-07 3.735000e-07 0.000000e+00 1.200000e+00 -1.235000e-12
3.736000e-07 3.736000e-07 0.000000e+00 1.200000e+00 -1.235000e-12
3.737000e-07 3.737000e-07 0.000000e+00 1.200000e+00 -1.235000e-12
3.738000e-07 3.738000e-07 0.000000e+00 1.200000e+00 -1.235000e-12
3.739000e-07 3.739000e-07 0.000000e+00 1.200000e+00 -1.235000e-12
3.740000e-07 3.740000e-07 0.000000e+00 1.200000e+00 -1.235000e-12
3.741000e-07 3.741000e-07 0.000000e+00 1.200000e+00 -1.235000e-12
3.742000e-07 3.742000e-07 0.000000e+00 1.200000e+00 -1.235000e-12
3.743000e-07 3.743000e-07 0.000000e+00 1.200000e+00 -1.235000e-12
3.744000e-07 3.744000e-07 0.000000e+00 1.200000e+00 -1.235000e-12
3.745000e-07 3.745000e-07 0.000000e+00 1.200000e+00 -1.235000e-12
3.746000e-07 3.746000e-07 0.000000e+00 1.200000e+00 -1.235000e-12
3.747000e-07 3.747000e-07 0.000000e+00 1.200000e+00 -1.235000e-12
3.748000e-07 3.748000e-07 0.000000e+00 1.200000e+00 -1.235000e-12
3.749000e-07 3.749000e-07 0.000000e+00 1.200000e+00 -1.235000e-12
3.750000e-07 3.750000e-07 0.000000e+00 1.200000e+00 -1.235000e-12
3.751000e-07 3.751000e-07 0.000000e+00 1.200000e+00 -1.235000e-12
3.752000e-07 3.752000e-07 0.000000e+00 1.200000e+00 -1.235000e-12
3.753000e-07 3.753000e-07 0.000000e+00 1.200000e+00 -1.235000e-12
3.754000e-07 3.754000e-07 0.000000e+00 1.200000e+00 -1.235000e-12
3.755000e-07 3.755000e-07 0.000000e+00 1.200000e+00 -1.235000e-12
3.756000e-07 3.756000e-07 0.000000e+00 1.200000e+00 -1.235000e-12
3.757000e-07 3.757000e-07 0.000000e+00 1.200000e+00 -1.235000e-12
3.758000e-07 3.758000e-07 0.000000e+00 1.200000e+00 -1.235000e-12
3.759000e-07 3.759000e-07 0.000000e+00 1.200000e+00 -1.235000e-12
3.760000e-07 3.760000e-07 0.000000e+00 1.200000e+00 -1.235000e-12
3.761000e-07 3.761000e-07 0.000000e+00 1.200000e+00 -1.235000e-12
3.762000e-07 3.762000e-07 0.000000e+00 1.200000e+00 -1.235000e-12
3.763000e-07 3.763000e-07 0.000000e+00 1.200000e+00 -1.235000e-12
3.764000e-07 3.764000e-07 0.000000e+00 1.200000e+00 -1.235000e-12
3.765000e-07 3.765000e-07 0.000000e+00 1.200000e+00 -1.235000e-12
3.766000e-07 3.766000e-07 0.000000e+00 1.200000e+00 -1.235000e-12
3.767000e-07 3.767000e-07 0.000000e+00 1.200000e+00 -1.235000e-12
3.768000e-07 3.768000e-07 0.000000e+00 1.200000e+00 -1.235000e-12
3.769000e-07 3.769000e-07 0.000000e+00 1.200000e+00 -1.235000e-12
3.770000e-07 3.770000e-07 0.000000e+00 1.200000e+00 -1.235000e-12
3.771000e-07 3.771000e-07 0.000000e+00 1.200000e+00 -1.235000e-12
3.772000e-07 3.772000e-07 0.000000e+00 1.200000e+00 -1.235000e-12
3.773000e-07 3.773000e-07 0.000000e+00 1.200000e+00 -1.235000e-12
3.774000e-07 3.774000e-07 0.000000e+00 1.200000e+00 -1.235000e-12
3.775000e-07 3.775000e-07 0.000000e+00 1.200000e+00 -1.235000e-12
3.776000e-07 3.776000e-07 0.000000e+00 1.200000e+00 -1.235000e-12
3.777000e-07 3.777000e-07 0.000000e+00 1.200000e+00 -1.235000e-12
3.778000e-07 3.778000e-07 0.000000e+00 1.200000e+00 -1.235000e-12
3.779000e-07 3.779000e-07 0.000000e+00 1.200000e+00 -1.235000e-12
3.780000e-07 3.780000e-07 0.000000e+00 1.200000e+00 -1.235000e-12
3.781000e-07 3.781000e-07 0.000000e+00 1.200000e+00 -1.235000e-12
3.782000e-07 3.782000e-07 0.000000e+00 1.200000e+00 -1.235000e-12
3.783000e-07 3.783000e-07 0.000000e+00 1.200000e+00 -1.235000e-12
3.784000e-07 3.784000e-07 0.000000e+00 1.200000e+00 -1.235000e-12
3.785000e-07 3.785000e-07 0.000000e+00 1.200000e+00 -1.235000e-12
3.786000e-07 3.786000e-07 0.000000e+00 1.200000e+00 -1.235000e-12
3.787000e-07 3.787000e-07 0.000000e+00 1.200000e+00 -1.235000e-12
3.788000e-07 3.788000e-07 0.000000e+00 1.200000e+00 -1.235000e-12
3.789000e-07 3.789000e-07 0.000000e+00 1.200000e+00 -1.235000e-12
3.790000e-07 3.790000e-07 0.000000e+00 1.200000e+00 -1.235000e-12
3.791000e-07 3.791000e-07 0.000000e+00 1.200000e+00 -1.235000e-12
3.792000e-07 3.792000e-07 0.000000e+00 1.200000e+00 -1.235000e-12
3.793000e-07 3.793000e-07 0.000000e+00 1.200000e+00 -1.235000e-12
3.794000e-07 3.794000e-07 0.000000e+00 1.200000e+00 -1.235000e-12
3.795000e-07 3.795000e-07 0.000000e+00 1.200000e+00 -1.235000e-12
3.796000e-07 3.796000e-07 0.000000e+00 1.200000e+00 -1.235000e-12
3.797000e-07 3.797000e-07 0.000000e+00 1.200000e+00 -1.235000e-12
3.798000e-07 3.798000e-07 0.000000e+00 1.200000e+00 -1.235000e-12
3.799000e-07 3.799000e-07 0.000000e+00 1.200000e+00 -1.235000e-12
3.800000e-07 3.800000e-07 0.000000e+00 1.200000e+00 -1.235000e-12
3.801000e-07 3.801000e-07 0.000000e+00 1.200000e+00 -1.235000e-12
3.802000e-07 3.802000e-07 0.000000e+00 1.200000e+00 -1.235000e-12
3.803000e-07 3.803000e-07 0.000000e+00 1.200000e+00 -1.235000e-12
3.804000e-07 3.804000e-07 0.000000e+00 1.200000e+00 -1.235000e-12
3.805000e-07 3.805000e-07 0.000000e+00 1.200000e+00 -1.235000e-12
3.806000e-07 3.806000e-07 0.000000e+00 1.200000e+00 -1.235000e-12
3.807000e-07 3.807000e-07 0.000000e+00 1.200000e+00 -1.235000e-12
3.808000e-07 3.808000e-07 0.000000e+00 1.200000e+00 -1.235000e-12
3.809000e-07 3.809000e-07 0.000000e+00 1.200000e+00 -1.235000e-12
3.810000e-07 3.810000e-07 0.000000e+00 1.200000e+00 -1.235000e-12
3.811000e-07 3.811000e-07 0.000000e+00 1.200000e+00 -1.235000e-12
3.812000e-07 3.812000e-07 0.000000e+00 1.200000e+00 -1.235000e-12
3.813000e-07 3.813000e-07 0.000000e+00 1.200000e+00 -1.235000e-12
3.814000e-07 3.814000e-07 0.000000e+00 1.200000e+00 -1.235000e-12
3.815000e-07 3.815000e-07 0.000000e+00 1.200000e+00 -1.235000e-12
3.816000e-07 3.816000e-07 0.000000e+00 1.200000e+00 -1.235000e-12
3.817000e-07 3.817000e-07 0.000000e+00 1.200000e+00 -1.235000e-12
3.818000e-07 3.818000e-07 0.000000e+00 1.200000e+00 -1.235000e-12
3.819000e-07 3.819000e-07 0.000000e+00 1.200000e+00 -1.235000e-12
3.820000e-07 3.820000e-07 0.000000e+00 1.200000e+00 -1.235000e-12
3.821000e-07 3.821000e-07 0.000000e+00 1.200000e+00 -1.235000e-12
3.822000e-07 3.822000e-07 0.000000e+00 1.200000e+00 -1.235000e-12
3.823000e-07 3.823000e-07 0.000000e+00 1.200000e+00 -1.235000e-12
3.824000e-07 3.824000e-07 0.000000e+00 1.200000e+00 -1.235000e-12
3.825000e-07 3.825000e-07 0.000000e+00 1.200000e+00 -1.235000e-12
3.826000e-07 3.826000e-07 0.000000e+00 1.200000e+00 -1.235000e-12
3.827000e-07 3.827000e-07 0.000000e+00 1.200000e+00 -1.235000e-12
3.828000e-07 3.828000e-07 0.000000e+00 1.200000e+00 -1.235000e-12
3.829000e-07 3.829000e-07 0.000000e+00 1.200000e+00 -1.235000e-12
3.830000e-07 3.830000e-07 0.000000e+00 1.200000e+00 -1.235000e-12
3.831000e-07 3.831000e-07 0.000000e+00 1.200000e+00 -1.235000e-12
3.832000e-07 3.832000e-07 0.000000e+00 1.200000e+00 -1.235000e-12
3.833000e-07 3.833000e-07 0.000000e+00 1.200000e+00 -1.235000e-12
3.834000e-07 3.834000e-07 0.000000e+00 1.200000e+00 -1.235000e-12
3.835000e-07 3.835000e-07 0.000000e+00 1.200000e+00 -1.235000e-12
3.836000e-07 3.836000e-07 0.000000e+00 1.200000e+00 -1.235000e-12
3.837000e-07 3.837000e-07 0.000000e+00 1.200000e+00 -1.235000e-12
3.838000e-07 3.838000e-07 0.000000e+00 1.200000e+00 -1.235000e-12
3.839000e-07 3.839000e-07 0.000000e+00 1.200000e+00 -1.235000e-12
3.840000e-07 3.840000e-07 0.000000e+00 1.200000e+00 -1.235000e-12
3.841000e-07 3.841000e-07 0.000000e+00 1.200000e+00 -1.235000e-12
3.842000e-07 3.842000e-07 0.000000e+00 1.200000e+00 -1.235000e-12
3.843000e-07 3.843000e-07 0.000000e+00 1.200000e+00 -1.235000e-12
3.844000e-07 3.844000e-07 0.000000e+00 1.200000e+00 -1.235000e-12
3.845000e-07 3.845000e-07 0.000000e+00 1.200000e+00 -1.235000e-12
3.846000e-07 3.846000e-07 0.000000e+00 1.200000e+00 -1.235000e-12
3.847000e-07 3.847000e-07 0.000000e+00 1.200000e+00 -1.235000e-12
3.848000e-07 3.848000e-07 0.000000e+00 1.200000e+00 -1.235000e-12
3.849000e-07 3.849000e-07 0.000000e+00 1.200000e+00 -1.235000e-12
3.850000e-07 3.850000e-07 0.000000e+00 1.200000e+00 -1.235000e-12
3.851000e-07 3.851000e-07 0.000000e+00 1.200000e+00 -1.235000e-12
3.852000e-07 3.852000e-07 0.000000e+00 1.200000e+00 -1.235000e-12
3.853000e-07 3.853000e-07 0.000000e+00 1.200000e+00 -1.235000e-12
3.854000e-07 3.854000e-07 0.000000e+00 1.200000e+00 -1.235000e-12
3.855000e-07 3.855000e-07 0.000000e+00 1.200000e+00 -1.235000e-12
3.856000e-07 3.856000e-07 0.000000e+00 1.200000e+00 -1.235000e-12
3.857000e-07 3.857000e-07 0.000000e+00 1.200000e+00 -1.235000e-12
3.858000e-07 3.858000e-07 0.000000e+00 1.200000e+00 -1.235000e-12
3.859000e-07 3.859000e-07 0.000000e+00 1.200000e+00 -1.235000e-12
3.860000e-07 3.860000e-07 0.000000e+00 1.200000e+00 -1.235000e-12
3.861000e-07 3.861000e-07 0.000000e+00 1.200000e+00 -1.235000e-12
3.862000e-07 3.862000e-07 0.000000e+00 1.200000e+00 -1.235000e-12
3.863000e-07 3.863000e-07 0.000000e+00 1.200000e+00 -1.235000e-12
3.864000e-07 3.864000e-07 0.000000e+00 1.200000e+00 -1.235000e-12
3.865000e-07 3.865000e-07 0.000000e+00 1.200000e+00 -1.235000e-12
3.866000e-07 3.866000e-07 0.000000e+00 1.200000e+00 -1.235000e-12
3.867000e-07 3.867000e-07 0.000000e+00 1.200000e+00 -1.235000e-12
3.868000e-07 3.868000e-07 0.000000e+00 1.200000e+00 -1.235000e-12
3.869000e-07 3.869000e-07 0.000000e+00 1.200000e+00 -1.235000e-12
3.870000e-07 3.870000e-07 0.000000e+00 1.200000e+00 -1.235000e-12
3.871000e-07 3.871000e-07 0.000000e+00 1.200000e+00 -1.235000e-12
3.872000e-07 3.872000e-07 0.000000e+00 1.200000e+00 -1.235000e-12
3.873000e-07 3.873000e-07 0.000000e+00 1.200000e+00 -1.235000e-12
3.874000e-07 3.874000e-07 0.000000e+00 1.200000e+00 -1.235000e-12
3.875000e-07 3.875000e-07 0.000000e+00 1.200000e+00 -1.235000e-12
3.876000e-07 3.876000e-07 0.000000e+00 1.200000e+00 -1.235000e-12
3.877000e-07 3.877000e-07 0.000000e+00 1.200000e+00 -1.235000e-12
3.878000e-07 3.878000e-07 0.000000e+00 1.200000e+00 -1.235000e-12
3.879000e-07 3.879000e-07 0.000000e+00 1.200000e+00 -1.235000e-12
3.880000e-07 3.880000e-07 0.000000e+00 1.200000e+00 -1.235000e-12
3.881000e-07 3.881000e-07 0.000000e+00 1.200000e+00 -1.235000e-12
3.882000e-07 3.882000e-07 0.000000e+00 1.200000e+00 -1.235000e-12
3.883000e-07 3.883000e-07 0.000000e+00 1.200000e+00 -1.235000e-12
3.884000e-07 3.884000e-07 0.000000e+00 1.200000e+00 -1.235000e-12
3.885000e-07 3.885000e-07 0.000000e+00 1.200000e+00 -1.235000e-12
3.886000e-07 3.886000e-07 0.000000e+00 1.200000e+00 -1.235000e-12
3.887000e-07 3.887000e-07 0.000000e+00 1.200000e+00 -1.235000e-12
3.888000e-07 3.888000e-07 0.000000e+00 1.200000e+00 -1.235000e-12
3.889000e-07 3.889000e-07 0.000000e+00 1.200000e+00 -1.235000e-12
3.890000e-07 3.890000e-07 0.000000e+00 1.200000e+00 -1.235000e-12
3.891000e-07 3.891000e-07 0.000000e+00 1.200000e+00 -1.235000e-12
3.892000e-07 3.892000e-07 0.000000e+00 1.200000e+00 -1.235000e-12
3.893000e-07 3.893000e-07 0.000000e+00 1.200000e+00 -1.235000e-12
3.894000e-07 3.894000e-07 0.000000e+00 1.200000e+00 -1.235000e-12
3.895000e-07 3.895000e-07 0.000000e+00 1.200000e+00 -1.235000e-12
3.896000e-07 3.896000e-07 0.000000e+00 1.200000e+00 -1.235000e-12
3.897000e-07 3.897000e-07 0.000000e+00 1.200000e+00 -1.235000e-12
3.898000e-07 3.898000e-07 0.000000e+00 1.200000e+00 -1.235000e-12
3.899000e-07 3.899000e-07 0.000000e+00 1.200000e+00 -1.235000e-12
3.900000e-07 3.900000e-07 0.000000e+00 1.200000e+00 -1.235000e-12
3.901000e-07 3.901000e-07 0.000000e+00 1.200000e+00 -1.235000e-12
3.902000e-07 3.902000e-07 0.000000e+00 1.200000e+00 -1.235000e-12
3.903000e-07 3.903000e-07 0.000000e+00 1.200000e+00 -1.235000e-12
3.904000e-07 3.904000e-07 0.000000e+00 1.200000e+00 -1.235000e-12
3.905000e-07 3.905000e-07 0.000000e+00 1.200000e+00 -1.235000e-12
3.906000e-07 3.906000e-07 0.000000e+00 1.200000e+00 -1.235000e-12
3.907000e-07 3.907000e-07 0.000000e+00 1.200000e+00 -1.235000e-12
3.908000e-07 3.908000e-07 0.000000e+00 1.200000e+00 -1.235000e-12
3.909000e-07 3.909000e-07 0.000000e+00 1.200000e+00 -1.235000e-12
3.910000e-07 3.910000e-07 0.000000e+00 1.200000e+00 -1.235000e-12
3.911000e-07 3.911000e-07 0.000000e+00 1.200000e+00 -1.235000e-12
3.912000e-07 3.912000e-07 0.000000e+00 1.200000e+00 -1.235000e-12
3.913000e-07 3.913000e-07 0.000000e+00 1.200000e+00 -1.235000e-12
3.914000e-07 3.914000e-07 0.000000e+00 1.200000e+00 -1.235000e-12
3.915000e-07 3.915000e-07 0.000000e+00 1.200000e+00 -1.235000e-12
3.916000e-07 3.916000e-07 0.000000e+00 1.200000e+00 -1.235000e-12
3.917000e-07 3.917000e-07 0.000000e+00 1.200000e+00 -1.235000e-12
3.918000e-07 3.918000e-07 0.000000e+00 1.200000e+00 -1.235000e-12
3.919000e-07 3.919000e-07 0.000000e+00 1.200000e+00 -1.235000e-12
3.920000e-07 3.920000e-07 0.000000e+00 1.200000e+00 -1.235000e-12
3.921000e-07 3.921000e-07 0.000000e+00 1.200000e+00 -1.235000e-12
3.922000e-07 3.922000e-07 0.000000e+00 1.200000e+00 -1.235000e-12
3.923000e-07 3.923000e-07 0.000000e+00 1.200000e+00 -1.235000e-12
3.924000e-07 3.924000e-07 0.000000e+00 1.200000e+00 -1.235000e-12
3.925000e-07 3.925000e-07 0.000000e+00 1.200000e+00 -1.235000e-12
3.926000e-07 3.926000e-07 0.000000e+00 1.200000e+00 -1.235000e-12
3.927000e-07 3.927000e-07 0.000000e+00 1.200000e+00 -1.235000e-12
3.928000e-07 3.928000e-07 0.000000e+00 1.200000e+00 -1.235000e-12
3.929000e-07 3.929000e-07 0.000000e+00 1.200000e+00 -1.235000e-12
3.930000e-07 3.930000e-07 0.000000e+00 1.200000e+00 -1.235000e-12
3.931000e-07 3.931000e-07 0.000000e+00 1.200000e+00 -1.235000e-12
3.932000e-07 3.932000e-07 0.000000e+00 1.200000e+00 -1.235000e-12
3.933000e-07 3.933000e-07 0.000000e+00 1.200000e+00 -1.235000e-12
3.934000e-07 3.934000e-07 0.000000e+00 1.200000e+00 -1.235000e-12
3.935000e-07 3.935000e-07 0.000000e+00 1.200000e+00 -1.235000e-12
3.936000e-07 3.936000e-07 0.000000e+00 1.200000e+00 -1.235000e-12
3.937000e-07 3.937000e-07 0.000000e+00 1.200000e+00 -1.235000e-12
3.938000e-07 3.938000e-07 0.000000e+00 1.200000e+00 -1.235000e-12
3.939000e-07 3.939000e-07 0.000000e+00 1.200000e+00 -1.235000e-12
3.940000e-07 3.940000e-07 0.000000e+00 1.200000e+00 -1.235000e-12
3.941000e-07 3.941000e-07 0.000000e+00 1.200000e+00 -1.235000e-12
3.942000e-07 3.942000e-07 0.000000e+00 1.200000e+00 -1.235000e-12
3.943000e-07 3.943000e-07 0.000000e+00 1.200000e+00 -1.235000e-12
3.944000e-07 3.944000e-07 0.000000e+00 1.200000e+00 -1.235000e-12
3.945000e-07 3.945000e-07 0.000000e+00 1.200000e+00 -1.235000e-12
3.946000e-07 3.946000e-07 0.000000e+00 1.200000e+00 -1.235000e-12
3.947000e-07 3.947000e-07 0.000000e+00 1.200000e+00 -1.235000e-12
3.948000e-07 3.948000e-07 0.000000e+00 1.200000e+00 -1.235000e-12
3.949000e-07 3.949000e-07 0.000000e+00 1.200000e+00 -1.235000e-12
3.950000e-07 3.950000e-07 0.000000e+00 1.200000e+00 -1.235000e-12
3.951000e-07 3.951000e-07 0.000000e+00 1.200000e+00 -1.235000e-12
3.952000e-07 3.952000e-07 0.000000e+00 1.200000e+00 -1.235000e-12
3.953000e-07 3.953000e-07 0.000000e+00 1.200000e+00 -1.235000e-12
3.954000e-07 3.954000e-07 0.000000e+00 1.200000e+00 -1.235000e-12
3.955000e-07 3.955000e-07 0.000000e+00 1.200000e+00 -1.235000e-12
3.956000e-07 3.956000e-07 0.000000e+00 1.200000e+00 -1.235000e-12
3.957000e-07 3.957000e-07 0.000000e+00 1.200000e+00 -1.235000e-12
3.958000e-07 3.958000e-07 0.000000e+00 1.200000e+00 -1.235000e-12
3.959000e-07 3.959000e-07 0.000000e+00 1.200000e+00 -1.235000e-12
3.960000e-07 3.960000e-07 0.000000e+00 1.200000e+00 -1.235000e-12
3.961000e-07 3.961000e-07 0.000000e+00 1.200000e+00 -1.235000e-12
3.962000e-07 3.962000e-07 0.000000e+00 1.200000e+00 -1.235000e-12
3.963000e-07 3.963000e-07 0.000000e+00 1.200000e+00 -1.235000e-12
3.964000e-07 3.964000e-07 0.000000e+00 1.200000e+00 -1.235000e-12
3.965000e-07 3.965000e-07 0.000000e+00 1.200000e+00 -1.235000e-12
3.966000e-07 3.966000e-07 0.000000e+00 1.200000e+00 -1.235000e-12
3.967000e-07 3.967000e-07 0.000000e+00 1.200000e+00 -1.235000e-12
3.968000e-07 3.968000e-07 0.000000e+00 1.200000e+00 -1.235000e-12
3.969000e-07 3.969000e-07 0.000000e+00 1.200000e+00 -1.235000e-12
3.970000e-07 3.970000e-07 0.000000e+00 1.200000e+00 -1.235000e-12
3.971000e-07 3.971000e-07 0.000000e+00 1.200000e+00 -1.235000e-12
3.972000e-07 3.972000e-07 0.000000e+00 1.200000e+00 -1.235000e-12
3.973000e-07 3.973000e-07 0.000000e+00 1.200000e+00 -1.235000e-12
3.974000e-07 3.974000e-07 0.000000e+00 1.200000e+00 -1.235000e-12
3.975000e-07 3.975000e-07 0.000000e+00 1.200000e+00 -1.235000e-12
3.976000e-07 3.976000e-07 0.000000e+00 1.200000e+00 -1.235000e-12
3.977000e-07 3.977000e-07 0.000000e+00 1.200000e+00 -1.235000e-12
3.978000e-07 3.978000e-07 0.000000e+00 1.200000e+00 -1.235000e-12
3.979000e-07 3.979000e-07 0.000000e+00 1.200000e+00 -1.235000e-12
3.980000e-07 3.980000e-07 0.000000e+00 1.200000e+00 -1.235000e-12
3.981000e-07 3.981000e-07 0.000000e+00 1.200000e+00 -1.235000e-12
3.982000e-07 3.982000e-07 0.000000e+00 1.200000e+00 -1.235000e-12
3.983000e-07 3.983000e-07 0.000000e+00 1.200000e+00 -1.235000e-12
3.984000e-07 3.984000e-07 0.000000e+00 1.200000e+00 -1.235000e-12
3.985000e-07 3.985000e-07 0.000000e+00 1.200000e+00 -1.235000e-12
3.986000e-07 3.986000e-07 0.000000e+00 1.200000e+00 -1.235000e-12
3.987000e-07 3.987000e-07 0.000000e+00 1.200000e+00 -1.235000e-12
3.988000e-07 3.988000e-07 0.000000e+00 1.200000e+00 -1.235000e-12
3.989000e-07 3.989000e-07 0.000000e+00 1.200000e+00 -1.235000e-12
3.990000e-07 3.990000e-07 0.000000e+00 1.200000e+00 -1.235000e-12
3.991000e-07 3.991000e-07 0.000000e+00 1.200000e+00 -1.235000e-12
3.992000e-07 3.992000e-07 0.000000e+00 1.200000e+00 -1.235000e-12
3.993000e-07 3.993000e-07 0.000000e+00 1.200000e+00 -1.235000e-12
3.994000e-07 3.994000e-07 0.000000e+00 1.200000e+00 -1.235000e-12
3.995000e-07 3.995000e-07 0.000000e+00 1.200000e+00 -1.235000e-12
3.996000e-07 3.996000e-07 0.000000e+00 1.200000e+00 -1.235000e-12
3.997000e-07 3.997000e-07 0.000000e+00 1.200000e+00 -1.235000e-12
3.998000e-07 3.998000e-07 0.000000e+00 1.200000e+00 -1.235000e-12
3.999000e-07 3.999000e-07 0.000000e+00 1.200000e+00 -1.235000e-12
4.000000e-07 4.000000e-07 0.000000e+00 1.200000e+00 -1.235000e-12
4.001000e-07 4.001000e-07 6.000000e-03 1.200000e+00 9.149190e-08
4.002000e-07 4.002000e-07 1.200000e-02 1.200000e+00 1.829850e-07
4.003000e-07 4.003000e-07 1.800000e-02 1.200000e+00 2.744782e-07
4.004000e-07 4.004000e-07 2.400000e-02 1.200000e+00 3.659713e-07
4.005000e-07 4.005000e-07 3.000000e-02 1.200000e+00 4.574645e-07
4.006000e-07 4.006000e-07 3.600000e-02 1.200000e+00 5.489576e-07
4.007000e-07 4.007000e-07 4.200000e-02 1.200000e+00 6.404507e-07
4.008000e-07 4.008000e-07 4.800000e-02 1.200000e+00 6.861973e-07
4.009000e-07 4.009000e-07 5.400000e-02 1.200000e+00 6.861972e-07
4.010000e-07 4.010000e-07 6.000000e-02 1.200000e+00 6.861972e-07
4.011000e-07 4.011000e-07 6.600000e-02 1.200000e+00 6.861971e-07
4.012000e-07 4.012000e-07 7.200000e-02 1.200000e+00 6.861971e-07
4.013000e-07 4.013000e-07 7.800000e-02 1.200000e+00 6.861969e-07
4.014000e-07 4.014000e-07 8.400000e-02 1.200000e+00 6.861967e-07
4.015000e-07 4.015000e-07 9.000000e-02 1.200000e+00 6.861965e-07
4.016000e-07 4.016000e-07 9.600000e-02 1.200000e+00 6.861963e-07
4.017000e-07 4.017000e-07 1.020000e-01 1.200000e+00 6.861961e-07
4.018000e-07 4.018000e-07 1.080000e-01 1.200000e+00 6.861959e-07
4.019000e-07 4.019000e-07 1.140000e-01 1.200000e+00 6.861957e-07
4.020000e-07 4.020000e-07 1.200000e-01 1.200000e+00 6.861955e-07
4.021000e-07 4.021000e-07 1.260000e-01 1.200000e+00 6.861953e-07
4.022000e-07 4.022000e-07 1.320000e-01 1.200000e+00 6.861947e-07
4.023000e-07 4.023000e-07 1.380000e-01 1.200000e+00 6.861940e-07
4.024000e-07 4.024000e-07 1.440000e-01 1.200000e+00 6.861934e-07
4.025000e-07 4.025000e-07 1.500000e-01 1.200000e+00 6.861927e-07
4.026000e-07 4.026000e-07 1.560000e-01 1.200000e+00 6.861911e-07
4.027000e-07 4.027000e-07 1.620000e-01 1.200000e+00 6.861888e-07
4.028000e-07 4.028000e-07 1.680000e-01 1.200000e+00 6.861864e-07
4.029000e-07 4.029000e-07 1.740000e-01 1.200000e+00 6.861841e-07
4.030000e-07 4.030000e-07 1.800000e-01 1.200000e+00 6.861817e-07
4.031000e-07 4.031000e-07 1.860000e-01 1.200000e+00 6.861793e-07
4.032000e-07 4.032000e-07 1.920000e-01 1.200000e+00 6.861770e-07
4.033000e-07 4.033000e-07 1.980000e-01 1.200000e+00 6.861746e-07
4.034000e-07 4.034000e-07 2.040000e-01 1.200000e+00 6.861642e-07
4.035000e-07 4.035000e-07 2.100000e-01 1.200000e+00 6.861535e-07
4.036000e-07 4.036000e-07 2.160000e-01 1.200000e+00 6.861428e-07
4.037000e-07 4.037000e-07 2.220000e-01 1.200000e+00 6.861321e-07
4.038000e-07 4.038000e-07 2.280000e-01 1.200000e+00 6.861214e-07
4.039000e-07 4.039000e-07 2.340000e-01 1.200000e+00 6.861108e-07
4.040000e-07 4.040000e-07 2.400000e-01 1.200000e+00 6.861001e-07
4.041000e-07 4.041000e-07 2.460000e-01 1.200000e+00 6.860818e-07
4.042000e-07 4.042000e-07 2.520000e-01 1.200000e+00 6.860313e-07
4.043000e-07 4.043000e-07 2.580000e-01 1.200000e+00 6.859807e-07
4.044000e-07 4.044000e-07 2.640000e-01 1.200000e+00 6.859301e-07
4.045000e-07 4.045000e-07 2.700000e-01 1.200000e+00 6.858795e-07
4.046000e-07 4.046000e-07 2.760000e-01 1.200000e+00 6.858290e-07
4.047000e-07 4.047000e-07 2.820000e-01 1.200000e+00 6.857784e-07
4.048000e-07 4.048000e-07 2.880000e-01 1.200000e+00 6.857278e-07
4.049000e-07 4.049000e-07 2.940000e-01 1.200000e+00 6.856236e-07
4.050000e-07 4.050000e-07 3.000000e-01 1.200000e+00 6.853305e-07
4.051000e-07 4.051000e-07 3.060000e-01 1.200000e+00 6.850375e-07
4.052000e-07 4.052000e-07 3.120000e-01 1.200000e+00 6.847445e-07
4.053000e-07 4.053000e-07 3.180000e-01 1.200000e+00 6.844515e-07
4.054000e-07 4.054000e-07 3.240000e-01 1.200000e+00 6.841584e-07
4.055000e-07 4.055000e-07 3.300000e-01 1.200000e+00 6.838654e-07
4.056000e-07 4.056000e-07 3.360000e-01 1.200000e+00 6.835724e-07
4.057000e-07 4.057000e-07 3.420000e-01 1.200000e+00 6.832793e-07
4.058000e-07 4.058000e-07 3.480000e-01 1.200000e+00 6.829863e-07
4.059000e-07 4.059000e-07 3.540000e-01 1.200000e+00 6.816745e-07
4.060000e-07 4.060000e-07 3.600000e-01 1.200000e+00 6.797175e-07
4.061000e-07 4.061000e-07 3.660000e-01 1.200000e+00 6.777604e-07
4.062000e-07 4.062000e-07 3.720000e-01 1.200000e+00 6.758033e-07
4.063000e-07 4.063000e-07 3.780000e-01 1.200000e+00 6.738463e-07
4.064000e-07 4.064000e-07 3.840000e-01 1.200000e+00 6.718892e-07
4.065000e-07 4.065000e-07 3.900000e-01 1.200000e+00 6.699321e-07
4.066000e-07 4.066000e-07 3.960000e-01 1.200000e+00 6.679751e-07
4.067000e-07 4.067000e-07 4.020000e-01 1.200000e+00 6.660180e-07
4.068000e-07 4.068000e-07 4.080000e-01 1.200000e+00 6.640610e-07
4.069000e-07 4.069000e-07 4.140000e-01 1.200000e+00 6.581431e-07
4.070000e-07 4.070000e-07 4.200000e-01 1.200000e+00 6.443240e-07
4.071000e-07 4.071000e-07 4.260000e-01 1.200000e+00 6.305048e-07
4.072000e-07 4.072000e-07 4.320000e-01 1.200000e+00 6.166857e-07
4.073000e-07 4.073000e-07 4.380000e-01 1.200000e+00 6.028666e-07
4.074000e-07 4.074000e-07 4.440000e-01 1.200000e+00 5.890475e-07
4.075000e-07 4.075000e-07 4.500000e-01 1.200000e+00 5.752283e-07
4.076000e-07 4.076000e-07 4.560000e-01 1.200000e+00 5.614092e-07
4.077000e-07 4.077000e-07 4.620000e-01 1.200000e+00 5.475901e-07
4.078000e-07 4.078000e-07 4.680000e-01 1.200000e+00 5.337710e-07
4.079000e-07 4.079000e-07 4.740000e-01 1.200000e+00 5.199519e-07
4.080000e-07 4.080000e-07 4.800000e-01 1.200000e+00 5.061327e-07
4.081000e-07 4.081000e-07 4.860000e-01 1.200000e+00 4.233437e-07
4.082000e-07 4.082000e-07 4.920000e-01 1.200000e+00 3.300278e-07
4.083000e-07 4.083000e-07 4.980000e-01 1.200000e+00 2.367119e-07
4.084000e-07 4.084000e-07 5.040000e-01 1.200000e+00 1.433959e-07
4.085000e-07 4.085000e-07 5.100000e-01 1.200000e+00 5.008000e-08
4.086000e-07 4.086000e-07 5.160000e-01 1.200000e+00 -4.323600e-08
4.087000e-07 4.087000e-07 5.220000e-01 1.200000e+00 -1.365519e-07
4.088000e-07 4.088000e-07 5.280000e-01 1.200000e+00 -2.298679e-07
4.089000e-07 4.089000e-07 5.340000e-01 1.200000e+00 -3.231838e-07
4.090000e-07 4.090000e-07 5.400000e-01 1.200000e+00 -4.164997e-07
4.091000e-07 4.091000e-07 5.460000e-01 1.200000e+00 -5.098157e-07
4.092000e-07 4.092000e-07 5.520000e-01 1.200000e+00 -6.031316e-07
4.093000e-07 4.093000e-07 5.580000e-01 1.200000e+00 -7.409043e-07
4.094000e-07 4.094000e-07 5.640000e-01 1.200000e+00 -1.290000e-06
4.095000e-07 4.095000e-07 5.700000e-01 1.200000e+00 -1.839200e-06
4.096000e-07 4.096000e-07 5.760000e-01 1.200000e+00 -2.388300e-06
4.097000e-07 4.097000e-07 5.820000e-01 1.200000e+00 -2.937400e-06
4.098000e-07 4.098000e-07 5.880000e-01 1.200000e+00 -3.486600e-06
4.099000e-07 4.099000e-07 5.940000e-01 1.200000e+00 -4.035700e-06
4.100000e-07 4.100000e-07 6.000000e-01 1.200000e+00 -4.584800e-06
4.101000e-07 4.101000e-07 6.060000e-01 1.200000e+00 -5.134000e-06
4.102000e-07 4.102000e-07 6.120000e-01 1.200000e+00 -5.683100e-06
4.103000e-07 4.103000e-07 6.180000e-01 1.200000e+00 -6.232200e-06
4.104000e-07 4.104000e-07 6.240000e-01 1.200000e+00 -6.781400e-06
4.105000e-07 4.105000e-07 6.300000e-01 1.200000e+00 -7.330500e-06
4.106000e-07 4.106000e-07 6.360000e-01 1.200000e+00 -7.879600e-06
4.107000e-07 4.107000e-07 6.420000e-01 1.200000e+00 -8.428700e-06
4.108000e-07 4.108000e-07 6.480000e-01 1.200000e+00 -9.493500e-06
4.109000e-07 4.109000e-07 6.540000e-01 1.200000e+00 -1.143360e-05
4.110000e-07 4.110000e-07 6.600000e-01 1.200000e+00 -1.337370e-05
4.111000e-07 4.111000e-07 6.660000e-01 1.200000e+00 -1.531380e-05
4.112000e-07 4.112000e-07 6.720000e-01 1.200000e+00 -1.725380e-05
4.113000e-07 4.113000e-07 6.780000e-01 1.200000e+00 -1.919390e-05
4.114000e-07 4.114000e-07 6.840000e-01 1.200000e+00 -2.113400e-05
4.115000e-07 4.115000e-07 6.900000e-01 1.200000e+00 -2.307410e-05
4.116000e-07 4.116000e-07 6.960000e-01 1.200000e+00 -2.501420e-05
4.117000e-07 4.117000e-07 7.020000e-01 1.200000e+00 -2.695430e-05
4.118000e-07 4.118000e-07 7.080000e-01 1.200000e+00 -2.889440e-05
4.119000e-07 4.119000e-07 7.140000e-01 1.200000e+00 -3.083450e-05
4.120000e-07 4.120000e-07 7.200000e-01 1.200000e+00 -3.277460e-05
4.121000e-07 4.121000e-07 7.260000e-01 1.200000e+00 -3.471470e-05
4.122000e-07 4.122000e-07 7.320000e-01 1.200000e+00 -3.792200e-05
4.123000e-07 4.123000e-07 7.380000e-01 1.200000e+00 -4.158440e-05
4.124000e-07 4.124000e-07 7.440000e-01 1.200000e+00 -4.524670e-05
4.125000e-07 4.125000e-07 7.500000e-01 1.200000e+00 -4.890910e-05
4.126000e-07 4.126000e-07 7.560000e-01 1.200000e+00 -5.257140e-05
4.127000e-07 4.127000e-07 7.620000e-01 1.200000e+00 -5.623380e-05
4.128000e-07 4.128000e-07 7.680000e-01 1.200000e+00 -5.989610e-05
4.129000e-07 4.129000e-07 7.740000e-01 1.200000e+00 -6.355840e-05
4.130000e-07 4.130000e-07 7.800000e-01 1.200000e+00 -6.722080e-05
4.131000e-07 4.131000e-07 7.860000e-01 1.200000e+00 -7.088310e-05
4.132000e-07 4.132000e-07 7.920000e-01 1.200000e+00 -7.454550e-05
4.133000e-07 4.133000e-07 7.980000e-01 1.200000e+00 -7.820780e-05
4.134000e-07 4.134000e-07 8.040000e-01 1.200000e+00 -8.286960e-05
4.135000e-07 4.135000e-07 8.100000e-01 1.200000e+00 -8.805600e-05
4.136000e-07 4.136000e-07 8.160000e-01 1.200000e+00 -9.324240e-05
4.137000e-07 4.137000e-07 8.220000e-01 1.200000e+00 -9.842880e-05
4.138000e-07 4.138000e-07 8.280000e-01 1.200000e+00 -1.036152e-04
4.139000e-07 4.139000e-07 8.340000e-01 1.200000e+00 -1.088016e-04
4.140000e-07 4.140000e-07 8.400000e-01 1.200000e+00 -1.139880e-04
4.141000e-07 4.141000e-07 8.460000e-01 1.200000e+00 -1.191744e-04
4.142000e-07 4.142000e-07 8.520000e-01 1.200000e+00 -1.243608e-04
4.143000e-07 4.143000e-07 8.580000e-01 1.200000e+00 -1.295472e-04
4.144000e-07 4.144000e-07 8.640000e-01 1.200000e+00 -1.347336e-04
4.145000e-07 4.145000e-07 8.700000e-01 1.200000e+00 -1.399200e-04
4.146000e-07 4.146000e-07 8.760000e-01 1.200000e+00 -1.451064e-04
4.147000e-07 4.147000e-07 8.820000e-01 1.200000e+00 -1.502928e-04
4.148000e-07 4.148000e-07 8.880000e-01 1.200000e+00 -1.556329e-04
4.149000e-07 4.149000e-07 8.940000e-01 1.200000e+00 -1.624902e-04
4.150000e-07 4.150000e-07 9.000000e-01 1.200000e+00 -1.693475e-04
4.151000e-07 4.151000e-07 9.060000e-01 1.200000e+00 -1.762047e-04
4.152000e-07 4.152000e-07 9.120000e-01 1.200000e+00 -1.830620e-04
4.153000e-07 4.153000e-07 9.180000e-01 1.200000e+00 -1.899193e-04
4.154000e-07 4.154000e-07 9.240000e-01 1.200000e+00 -1.967766e-04
4.155000e-07 4.155000e-07 9.300000e-01 1.200000e+00 -2.036339e-04
4.156000e-07 4.156000e-07 9.360000e-01 1.200000e+00 -2.104912e-04
4.157000e-07 4.157000e-07 9.420000e-01 1.200000e+00 -2.173485e-04
4.158000e-07 4.158000e-07 9.480000e-01 1.200000e+00 -2.242057e-04
4.159000e-07 4.159000e-07 9.540000e-01 1.200000e+00 -2.310630e-04
4.160000e-07 4.160000e-07 9.600000e-01 1.200000e+00 -2.379203e-04
4.161000e-07 4.161000e-07 9.660000e-01 1.200000e+00 -2.447776e-04
4.162000e-07 4.162000e-07 9.720000e-01 1.200000e+00 -2.516349e-04
4.163000e-07 4.163000e-07 9.780000e-01 1.200000e+00 -2.584922e-04
4.164000e-07 4.164000e-07 9.840000e-01 1.200000e+00 -2.653494e-04
4.165000e-07 4.165000e-07 9.900000e-01 1.200000e+00 -2.722067e-04
4.166000e-07 4.166000e-07 9.960000e-01 1.200000e+00 -2.790640e-04
4.167000e-07 4.167000e-07 1.002000e+00 1.200000e+00 -2.873720e-04
4.168000e-07 4.168000e-07 1.008000e+00 1.200000e+00 -2.957434e-04
4.169000e-07 4.169000e-07 1.014000e+00 1.200000e+00 -3.041148e-04
4.170000e-07 4.170000e-07 1.020000e+00 1.200000e+00 -3.124862e-04
4.171000e-07 4.171000e-07 1.026000e+00 1.200000e+00 -3.208575e-04
4.172000e-07 4.172000e-07 1.032000e+00 1.200000e+00 -3.292289e-04
4.173000e-07 4.173000e-07 1.038000e+00 1.200000e+00 -3.376003e-04
4.174000e-07 4.174000e-07 1.044000e+00 1.200000e+00 -3.459717e-04
4.175000e-07 4.175000e-07 1.050000e+00 1.200000e+00 -3.543431e-04
4.176000e-07 4.176000e-07 1.056000e+00 1.200000e+00 -3.627145e-04
4.177000e-07 4.177000e-07 1.062000e+00 1.200000e+00 -3.710859e-04
4.178000e-07 4.178000e-07 1.068000e+00 1.200000e+00 -3.794572e-04
4.179000e-07 4.179000e-07 1.074000e+00 1.200000e+00 -3.878286e-04
4.180000e-07 4.180000e-07 1.080000e+00 1.200000e+00 -3.962000e-04
4.181000e-07 4.181000e-07 1.086000e+00 1.200000e+00 -4.045714e-04
4.182000e-07 4.182000e-07 1.092000e+00 1.200000e+00 -4.129428e-04
4.183000e-07 4.183000e-07 1.098000e+00 1.200000e+00 -4.213142e-04
4.184000e-07 4.184000e-07 1.104000e+00 1.200000e+00 -4.305266e-04
4.185000e-07 4.185000e-07 1.110000e+00 1.200000e+00 -4.402433e-04
4.186000e-07 4.186000e-07 1.116000e+00 1.200000e+00 -4.499600e-04
4.187000e-07 4.187000e-07 1.122000e+00 1.200000e+00 -4.596767e-04
4.188000e-07 4.188000e-07 1.128000e+00 1.200000e+00 -4.693934e-04
4.189000e-07 4.189000e-07 1.134000e+00 1.200000e+00 -4.791101e-04
4.190000e-07 4.190000e-07 1.140000e+00 1.200000e+00 -4.888268e-04
4.191000e-07 4.191000e-07 1.146000e+00 1.200000e+00 -4.985435e-04
4.192000e-07 4.192000e-07 1.152000e+00 1.200000e+00 -5.082602e-04
4.193000e-07 4.193000e-07 1.158000e+00 1.200000e+00 -5.179769e-04
4.194000e-07 4.194000e-07 1.164000e+00 1.200000e+00 -5.276936e-04
4.195000e-07 4.195000e-07 1.170000e+00 1.200000e+00 -5.374103e-04
4.196000e-07 4.196000e-07 1.176000e+00 1.200000e+00 -5.471270e-04
4.197000e-07 4.197000e-07 1.182000e+00 1.200000e+00 -5.568437e-04
4.198000e-07 4.198000e-07 1.188000e+00 1.200000e+00 -5.665604e-04
4.199000e-07 4.199000e-07 1.194000e+00 1.200000e+00 -5.762771e-04
4.200000e-07 4.200000e-07 1.200000e+00 1.200000e+00 -5.859938e-04
4.201000e-07 4.201000e-07 1.200000e+00 1.200000e+00 -5.867755e-04
4.202000e-07 4.202000e-07 1.200000e+00 1.200000e+00 -5.875572e-04
4.203000e-07 4.203000e-07 1.200000e+00 1.200000e+00 -5.880865e-04
4.204000e-07 4.204000e-07 1.200000e+00 1.200000e+00 -5.880865e-04
4.205000e-07 4.205000e-07 1.200000e+00 1.200000e+00 -5.880865e-04
4.206000e-07 4.206000e-07 1.200000e+00 1.200000e+00 -5.880865e-04
4.207000e-07 4.207000e-07 1.200000e+00 1.200000e+00 -5.880865e-04
4.208000e-07 4.208000e-07 1.200000e+00 1.200000e+00 -5.880865e-04
4.209000e-07 4.209000e-07 1.200000e+00 1.200000e+00 -5.880865e-04
4.210000e-07 4.210000e-07 1.200000e+00 1.200000e+00 -5.880865e-04
4.211000e-07 4.211000e-07 1.200000e+00 1.200000e+00 -5.880865e-04
4.212000e-07 4.212000e-07 1.200000e+00 1.200000e+00 -5.880865e-04
4.213000e-07 4.213000e-07 1.200000e+00 1.200000e+00 -5.880865e-04
4.214000e-07 4.214000e-07 1.200000e+00 1.200000e+00 -5.880865e-04
4.215000e-07 4.215000e-07 1.200000e+00 1.200000e+00 -5.880865e-04
4.216000e-07 4.216000e-07 1.200000e+00 1.200000e+00 -5.880865e-04
4.217000e-07 4.217000e-07 1.200000e+00 1.200000e+00 -5.880865e-04
4.218000e-07 4.218000e-07 1.200000e+00 1.200000e+00 -5.880865e-04
4.219000e-07 4.219000e-07 1.200000e+00 1.200000e+00 -5.880865e-04
4.220000e-07 4.220000e-07 1.200000e+00 1.200000e+00 -5.880865e-04
4.221000e-07 4.221000e-07 1.200000e+00 1.200000e+00 -5.880865e-04
4.222000e-07 4.222000e-07 1.200000e+00 1.200000e+00 -5.880865e-04
4.223000e-07 4.223000e-07 1.200000e+00 1.200000e+00 -5.880865e-04
4.224000e-07 4.224000e-07 1.200000e+00 1.200000e+00 -5.880865e-04
4.225000e-07 4.225000e-07 1.200000e+00 1.200000e+00 -5.880865e-04
4.226000e-07 4.226000e-07 1.200000e+00 1.200000e+00 -5.880865e-04
4.227000e-07 4.227000e-07 1.200000e+00 1.200000e+00 -5.880865e-04
4.228000e-07 4.228000e-07 1.200000e+00 1.200000e+00 -5.880865e-04
4.229000e-07 4.229000e-07 1.200000e+00 1.200000e+00 -5.880865e-04
4.230000e-07 4.230000e-07 1.200000e+00 1.200000e+00 -5.880865e-04
4.231000e-07 4.231000e-07 1.200000e+00 1.200000e+00 -5.880865e-04
4.232000e-07 4.232000e-07 1.200000e+00 1.200000e+00 -5.880865e-04
4.233000e-07 4.233000e-07 1.200000e+00 1.200000e+00 -5.880865e-04
4.234000e-07 4.234000e-07 1.200000e+00 1.200000e+00 -5.880865e-04
4.235000e-07 4.235000e-07 1.200000e+00 1.200000e+00 -5.880865e-04
4.236000e-07 4.236000e-07 1.200000e+00 1.200000e+00 -5.880865e-04
4.237000e-07 4.237000e-07 1.200000e+00 1.200000e+00 -5.880865e-04
4.238000e-07 4.238000e-07 1.200000e+00 1.200000e+00 -5.880865e-04
4.239000e-07 4.239000e-07 1.200000e+00 1.200000e+00 -5.880865e-04
4.240000e-07 4.240000e-07 1.200000e+00 1.200000e+00 -5.880865e-04
4.241000e-07 4.241000e-07 1.200000e+00 1.200000e+00 -5.880865e-04
4.242000e-07 4.242000e-07 1.200000e+00 1.200000e+00 -5.880865e-04
4.243000e-07 4.243000e-07 1.200000e+00 1.200000e+00 -5.880865e-04
4.244000e-07 4.244000e-07 1.200000e+00 1.200000e+00 -5.880865e-04
4.245000e-07 4.245000e-07 1.200000e+00 1.200000e+00 -5.880865e-04
4.246000e-07 4.246000e-07 1.200000e+00 1.200000e+00 -5.880865e-04
4.247000e-07 4.247000e-07 1.200000e+00 1.200000e+00 -5.880865e-04
4.248000e-07 4.248000e-07 1.200000e+00 1.200000e+00 -5.880865e-04
4.249000e-07 4.249000e-07 1.200000e+00 1.200000e+00 -5.880865e-04
4.250000e-07 4.250000e-07 1.200000e+00 1.200000e+00 -5.880865e-04
4.251000e-07 4.251000e-07 1.200000e+00 1.200000e+00 -5.880865e-04
4.252000e-07 4.252000e-07 1.200000e+00 1.200000e+00 -5.880865e-04
4.253000e-07 4.253000e-07 1.200000e+00 1.200000e+00 -5.880865e-04
4.254000e-07 4.254000e-07 1.200000e+00 1.200000e+00 -5.880865e-04
4.255000e-07 4.255000e-07 1.200000e+00 1.200000e+00 -5.880865e-04
4.256000e-07 4.256000e-07 1.200000e+00 1.200000e+00 -5.880865e-04
4.257000e-07 4.257000e-07 1.200000e+00 1.200000e+00 -5.880865e-04
4.258000e-07 4.258000e-07 1.200000e+00 1.200000e+00 -5.880865e-04
4.259000e-07 4.259000e-07 1.200000e+00 1.200000e+00 -5.880865e-04
4.260000e-07 4.260000e-07 1.200000e+00 1.200000e+00 -5.880865e-04
4.261000e-07 4.261000e-07 1.200000e+00 1.200000e+00 -5.880865e-04
4.262000e-07 4.262000e-07 1.200000e+00 1.200000e+00 -5.880865e-04
4.263000e-07 4.263000e-07 1.200000e+00 1.200000e+00 -5.880865e-04
4.264000e-07 4.264000e-07 1.200000e+00 1.200000e+00 -5.880865e-04
4.265000e-07 4.265000e-07 1.200000e+00 1.200000e+00 -5.880865e-04
4.266000e-07 4.266000e-07 1.200000e+00 1.200000e+00 -5.880865e-04
4.267000e-07 4.267000e-07 1.200000e+00 1.200000e+00 -5.880865e-04
4.268000e-07 4.268000e-07 1.200000e+00 1.200000e+00 -5.880865e-04
4.269000e-07 4.269000e-07 1.200000e+00 1.200000e+00 -5.880865e-04
4.270000e-07 4.270000e-07 1.200000e+00 1.200000e+00 -5.880865e-04
4.271000e-07 4.271000e-07 1.200000e+00 1.200000e+00 -5.880865e-04
4.272000e-07 4.272000e-07 1.200000e+00 1.200000e+00 -5.880865e-04
4.273000e-07 4.273000e-07 1.200000e+00 1.200000e+00 -5.880865e-04
4.274000e-07 4.274000e-07 1.200000e+00 1.200000e+00 -5.880865e-04
4.275000e-07 4.275000e-07 1.200000e+00 1.200000e+00 -5.880865e-04
4.276000e-07 4.276000e-07 1.200000e+00 1.200000e+00 -5.880865e-04
4.277000e-07 4.277000e-07 1.200000e+00 1.200000e+00 -5.880865e-04
4.278000e-07 4.278000e-07 1.200000e+00 1.200000e+00 -5.880865e-04
4.279000e-07 4.279000e-07 1.200000e+00 1.200000e+00 -5.880865e-04
4.280000e-07 4.280000e-07 1.200000e+00 1.200000e+00 -5.880865e-04
4.281000e-07 4.281000e-07 1.200000e+00 1.200000e+00 -5.880865e-04
4.282000e-07 4.282000e-07 1.200000e+00 1.200000e+00 -5.880865e-04
4.283000e-07 4.283000e-07 1.200000e+00 1.200000e+00 -5.880865e-04
4.284000e-07 4.284000e-07 1.200000e+00 1.200000e+00 -5.880865e-04
4.285000e-07 4.285000e-07 1.200000e+00 1.200000e+00 -5.880865e-04
4.286000e-07 4.286000e-07 1.200000e+00 1.200000e+00 -5.880865e-04
4.287000e-07 4.287000e-07 1.200000e+00 1.200000e+00 -5.880865e-04
4.288000e-07 4.288000e-07 1.200000e+00 1.200000e+00 -5.880865e-04
4.289000e-07 4.289000e-07 1.200000e+00 1.200000e+00 -5.880865e-04
4.290000e-07 4.290000e-07 1.200000e+00 1.200000e+00 -5.880865e-04
4.291000e-07 4.291000e-07 1.200000e+00 1.200000e+00 -5.880865e-04
4.292000e-07 4.292000e-07 1.200000e+00 1.200000e+00 -5.880865e-04
4.293000e-07 4.293000e-07 1.200000e+00 1.200000e+00 -5.880865e-04
4.294000e-07 4.294000e-07 1.200000e+00 1.200000e+00 -5.880865e-04
4.295000e-07 4.295000e-07 1.200000e+00 1.200000e+00 -5.880865e-04
4.296000e-07 4.296000e-07 1.200000e+00 1.200000e+00 -5.880865e-04
4.297000e-07 4.297000e-07 1.200000e+00 1.200000e+00 -5.880865e-04
4.298000e-07 4.298000e-07 1.200000e+00 1.200000e+00 -5.880865e-04
4.299000e-07 4.299000e-07 1.200000e+00 1.200000e+00 -5.880865e-04
4.300000e-07 4.300000e-07 1.200000e+00 1.200000e+00 -5.880865e-04
4.301000e-07 4.301000e-07 1.200000e+00 1.200000e+00 -5.880865e-04
4.302000e-07 4.302000e-07 1.200000e+00 1.200000e+00 -5.880865e-04
4.303000e-07 4.303000e-07 1.200000e+00 1.200000e+00 -5.880865e-04
4.304000e-07 4.304000e-07 1.200000e+00 1.200000e+00 -5.880865e-04
4.305000e-07 4.305000e-07 1.200000e+00 1.200000e+00 -5.880865e-04
4.306000e-07 4.306000e-07 1.200000e+00 1.200000e+00 -5.880865e-04
4.307000e-07 4.307000e-07 1.200000e+00 1.200000e+00 -5.880865e-04
4.308000e-07 4.308000e-07 1.200000e+00 1.200000e+00 -5.880865e-04
4.309000e-07 4.309000e-07 1.200000e+00 1.200000e+00 -5.880865e-04
4.310000e-07 4.310000e-07 1.200000e+00 1.200000e+00 -5.880865e-04
4.311000e-07 4.311000e-07 1.200000e+00 1.200000e+00 -5.880865e-04
4.312000e-07 4.312000e-07 1.200000e+00 1.200000e+00 -5.880865e-04
4.313000e-07 4.313000e-07 1.200000e+00 1.200000e+00 -5.880865e-04
4.314000e-07 4.314000e-07 1.200000e+00 1.200000e+00 -5.880865e-04
4.315000e-07 4.315000e-07 1.200000e+00 1.200000e+00 -5.880865e-04
4.316000e-07 4.316000e-07 1.200000e+00 1.200000e+00 -5.880865e-04
4.317000e-07 4.317000e-07 1.200000e+00 1.200000e+00 -5.880865e-04
4.318000e-07 4.318000e-07 1.200000e+00 1.200000e+00 -5.880865e-04
4.319000e-07 4.319000e-07 1.200000e+00 1.200000e+00 -5.880865e-04
4.320000e-07 4.320000e-07 1.200000e+00 1.200000e+00 -5.880865e-04
4.321000e-07 4.321000e-07 1.200000e+00 1.200000e+00 -5.880865e-04
4.322000e-07 4.322000e-07 1.200000e+00 1.200000e+00 -5.880865e-04
4.323000e-07 4.323000e-07 1.200000e+00 1.200000e+00 -5.880865e-04
4.324000e-07 4.324000e-07 1.200000e+00 1.200000e+00 -5.880865e-04
4.325000e-07 4.325000e-07 1.200000e+00 1.200000e+00 -5.880865e-04
4.326000e-07 4.326000e-07 1.200000e+00 1.200000e+00 -5.880865e-04
4.327000e-07 4.327000e-07 1.200000e+00 1.200000e+00 -5.880865e-04
4.328000e-07 4.328000e-07 1.200000e+00 1.200000e+00 -5.880865e-04
4.329000e-07 4.329000e-07 1.200000e+00 1.200000e+00 -5.880865e-04
4.330000e-07 4.330000e-07 1.200000e+00 1.200000e+00 -5.880865e-04
4.331000e-07 4.331000e-07 1.200000e+00 1.200000e+00 -5.880865e-04
4.332000e-07 4.332000e-07 1.200000e+00 1.200000e+00 -5.880865e-04
4.333000e-07 4.333000e-07 1.200000e+00 1.200000e+00 -5.880865e-04
4.334000e-07 4.334000e-07 1.200000e+00 1.200000e+00 -5.880865e-04
4.335000e-07 4.335000e-07 1.200000e+00 1.200000e+00 -5.880865e-04
4.336000e-07 4.336000e-07 1.200000e+00 1.200000e+00 -5.880865e-04
4.337000e-07 4.337000e-07 1.200000e+00 1.200000e+00 -5.880865e-04
4.338000e-07 4.338000e-07 1.200000e+00 1.200000e+00 -5.880865e-04
4.339000e-07 4.339000e-07 1.200000e+00 1.200000e+00 -5.880865e-04
4.340000e-07 4.340000e-07 1.200000e+00 1.200000e+00 -5.880865e-04
4.341000e-07 4.341000e-07 1.200000e+00 1.200000e+00 -5.880865e-04
4.342000e-07 4.342000e-07 1.200000e+00 1.200000e+00 -5.880865e-04
4.343000e-07 4.343000e-07 1.200000e+00 1.200000e+00 -5.880865e-04
4.344000e-07 4.344000e-07 1.200000e+00 1.200000e+00 -5.880865e-04
4.345000e-07 4.345000e-07 1.200000e+00 1.200000e+00 -5.880865e-04
4.346000e-07 4.346000e-07 1.200000e+00 1.200000e+00 -5.880865e-04
4.347000e-07 4.347000e-07 1.200000e+00 1.200000e+00 -5.880865e-04
4.348000e-07 4.348000e-07 1.200000e+00 1.200000e+00 -5.880865e-04
4.349000e-07 4.349000e-07 1.200000e+00 1.200000e+00 -5.880865e-04
4.350000e-07 4.350000e-07 1.200000e+00 1.200000e+00 -5.880865e-04
4.351000e-07 4.351000e-07 1.200000e+00 1.200000e+00 -5.880865e-04
4.352000e-07 4.352000e-07 1.200000e+00 1.200000e+00 -5.880865e-04
4.353000e-07 4.353000e-07 1.200000e+00 1.200000e+00 -5.880865e-04
4.354000e-07 4.354000e-07 1.200000e+00 1.200000e+00 -5.880865e-04
4.355000e-07 4.355000e-07 1.200000e+00 1.200000e+00 -5.880865e-04
4.356000e-07 4.356000e-07 1.200000e+00 1.200000e+00 -5.880865e-04
4.357000e-07 4.357000e-07 1.200000e+00 1.200000e+00 -5.880865e-04
4.358000e-07 4.358000e-07 1.200000e+00 1.200000e+00 -5.880865e-04
4.359000e-07 4.359000e-07 1.200000e+00 1.200000e+00 -5.880865e-04
4.360000e-07 4.360000e-07 1.200000e+00 1.200000e+00 -5.880865e-04
4.361000e-07 4.361000e-07 1.200000e+00 1.200000e+00 -5.880865e-04
4.362000e-07 4.362000e-07 1.200000e+00 1.200000e+00 -5.880865e-04
4.363000e-07 4.363000e-07 1.200000e+00 1.200000e+00 -5.880865e-04
4.364000e-07 4.364000e-07 1.200000e+00 1.200000e+00 -5.880865e-04
4.365000e-07 4.365000e-07 1.200000e+00 1.200000e+00 -5.880865e-04
4.366000e-07 4.366000e-07 1.200000e+00 1.200000e+00 -5.880865e-04
4.367000e-07 4.367000e-07 1.200000e+00 1.200000e+00 -5.880865e-04
4.368000e-07 4.368000e-07 1.200000e+00 1.200000e+00 -5.880865e-04
4.369000e-07 4.369000e-07 1.200000e+00 1.200000e+00 -5.880865e-04
4.370000e-07 4.370000e-07 1.200000e+00 1.200000e+00 -5.880865e-04
4.371000e-07 4.371000e-07 1.200000e+00 1.200000e+00 -5.880865e-04
4.372000e-07 4.372000e-07 1.200000e+00 1.200000e+00 -5.880865e-04
4.373000e-07 4.373000e-07 1.200000e+00 1.200000e+00 -5.880865e-04
4.374000e-07 4.374000e-07 1.200000e+00 1.200000e+00 -5.880865e-04
4.375000e-07 4.375000e-07 1.200000e+00 1.200000e+00 -5.880865e-04
4.376000e-07 4.376000e-07 1.200000e+00 1.200000e+00 -5.880865e-04
4.377000e-07 4.377000e-07 1.200000e+00 1.200000e+00 -5.880865e-04
4.378000e-07 4.378000e-07 1.200000e+00 1.200000e+00 -5.880865e-04
4.379000e-07 4.379000e-07 1.200000e+00 1.200000e+00 -5.880865e-04
4.380000e-07 4.380000e-07 1.200000e+00 1.200000e+00 -5.880865e-04
4.381000e-07 4.381000e-07 1.200000e+00 1.200000e+00 -5.880865e-04
4.382000e-07 4.382000e-07 1.200000e+00 1.200000e+00 -5.880865e-04
4.383000e-07 4.383000e-07 1.200000e+00 1.200000e+00 -5.880865e-04
4.384000e-07 4.384000e-07 1.200000e+00 1.200000e+00 -5.880865e-04
4.385000e-07 4.385000e-07 1.200000e+00 1.200000e+00 -5.880865e-04
4.386000e-07 4.386000e-07 1.200000e+00 1.200000e+00 -5.880865e-04
4.387000e-07 4.387000e-07 1.200000e+00 1.200000e+00 -5.880865e-04
4.388000e-07 4.388000e-07 1.200000e+00 1.200000e+00 -5.880865e-04
4.389000e-07 4.389000e-07 1.200000e+00 1.200000e+00 -5.880865e-04
4.390000e-07 4.390000e-07 1.200000e+00 1.200000e+00 -5.880865e-04
4.391000e-07 4.391000e-07 1.200000e+00 1.200000e+00 -5.880865e-04
4.392000e-07 4.392000e-07 1.200000e+00 1.200000e+00 -5.880865e-04
4.393000e-07 4.393000e-07 1.200000e+00 1.200000e+00 -5.880865e-04
4.394000e-07 4.394000e-07 1.200000e+00 1.200000e+00 -5.880865e-04
4.395000e-07 4.395000e-07 1.200000e+00 1.200000e+00 -5.880865e-04
4.396000e-07 4.396000e-07 1.200000e+00 1.200000e+00 -5.880865e-04
4.397000e-07 4.397000e-07 1.200000e+00 1.200000e+00 -5.880865e-04
4.398000e-07 4.398000e-07 1.200000e+00 1.200000e+00 -5.880865e-04
4.399000e-07 4.399000e-07 1.200000e+00 1.200000e+00 -5.880865e-04
4.400000e-07 4.400000e-07 1.200000e+00 1.200000e+00 -5.880865e-04
4.401000e-07 4.401000e-07 1.200000e+00 1.200000e+00 -5.880865e-04
4.402000e-07 4.402000e-07 1.200000e+00 1.200000e+00 -5.880865e-04
4.403000e-07 4.403000e-07 1.200000e+00 1.200000e+00 -5.880865e-04
4.404000e-07 4.404000e-07 1.200000e+00 1.200000e+00 -5.880865e-04
4.405000e-07 4.405000e-07 1.200000e+00 1.200000e+00 -5.880865e-04
4.406000e-07 4.406000e-07 1.200000e+00 1.200000e+00 -5.880865e-04
4.407000e-07 4.407000e-07 1.200000e+00 1.200000e+00 -5.880865e-04
4.408000e-07 4.408000e-07 1.200000e+00 1.200000e+00 -5.880865e-04
4.409000e-07 4.409000e-07 1.200000e+00 1.200000e+00 -5.880865e-04
4.410000e-07 4.410000e-07 1.200000e+00 1.200000e+00 -5.880865e-04
4.411000e-07 4.411000e-07 1.200000e+00 1.200000e+00 -5.880865e-04
4.412000e-07 4.412000e-07 1.200000e+00 1.200000e+00 -5.880865e-04
4.413000e-07 4.413000e-07 1.200000e+00 1.200000e+00 -5.880865e-04
4.414000e-07 4.414000e-07 1.200000e+00 1.200000e+00 -5.880865e-04
4.415000e-07 4.415000e-07 1.200000e+00 1.200000e+00 -5.880865e-04
4.416000e-07 4.416000e-07 1.200000e+00 1.200000e+00 -5.880865e-04
4.417000e-07 4.417000e-07 1.200000e+00 1.200000e+00 -5.880865e-04
4.418000e-07 4.418000e-07 1.200000e+00 1.200000e+00 -5.880865e-04
4.419000e-07 4.419000e-07 1.200000e+00 1.200000e+00 -5.880865e-04
4.420000e-07 4.420000e-07 1.200000e+00 1.200000e+00 -5.880865e-04
4.421000e-07 4.421000e-07 1.200000e+00 1.200000e+00 -5.880865e-04
4.422000e-07 4.422000e-07 1.200000e+00 1.200000e+00 -5.880865e-04
4.423000e-07 4.423000e-07 1.200000e+00 1.200000e+00 -5.880865e-04
4.424000e-07 4.424000e-07 1.200000e+00 1.200000e+00 -5.880865e-04
4.425000e-07 4.425000e-07 1.200000e+00 1.200000e+00 -5.880865e-04
4.426000e-07 4.426000e-07 1.200000e+00 1.200000e+00 -5.880865e-04
4.427000e-07 4.427000e-07 1.200000e+00 1.200000e+00 -5.880865e-04
4.428000e-07 4.428000e-07 1.200000e+00 1.200000e+00 -5.880865e-04
4.429000e-07 4.429000e-07 1.200000e+00 1.200000e+00 -5.880865e-04
4.430000e-07 4.430000e-07 1.200000e+00 1.200000e+00 -5.880865e-04
4.431000e-07 4.431000e-07 1.200000e+00 1.200000e+00 -5.880865e-04
4.432000e-07 4.432000e-07 1.200000e+00 1.200000e+00 -5.880865e-04
4.433000e-07 4.433000e-07 1.200000e+00 1.200000e+00 -5.880865e-04
4.434000e-07 4.434000e-07 1.200000e+00 1.200000e+00 -5.880865e-04
4.435000e-07 4.435000e-07 1.200000e+00 1.200000e+00 -5.880865e-04
4.436000e-07 4.436000e-07 1.200000e+00 1.200000e+00 -5.880865e-04
4.437000e-07 4.437000e-07 1.200000e+00 1.200000e+00 -5.880865e-04
4.438000e-07 4.438000e-07 1.200000e+00 1.200000e+00 -5.880865e-04
4.439000e-07 4.439000e-07 1.200000e+00 1.200000e+00 -5.880865e-04
4.440000e-07 4.440000e-07 1.200000e+00 1.200000e+00 -5.880865e-04
4.441000e-07 4.441000e-07 1.200000e+00 1.200000e+00 -5.880865e-04
4.442000e-07 4.442000e-07 1.200000e+00 1.200000e+00 -5.880865e-04
4.443000e-07 4.443000e-07 1.200000e+00 1.200000e+00 -5.880865e-04
4.444000e-07 4.444000e-07 1.200000e+00 1.200000e+00 -5.880865e-04
4.445000e-07 4.445000e-07 1.200000e+00 1.200000e+00 -5.880865e-04
4.446000e-07 4.446000e-07 1.200000e+00 1.200000e+00 -5.880865e-04
4.447000e-07 4.447000e-07 1.200000e+00 1.200000e+00 -5.880865e-04
4.448000e-07 4.448000e-07 1.200000e+00 1.200000e+00 -5.880865e-04
4.449000e-07 4.449000e-07 1.200000e+00 1.200000e+00 -5.880865e-04
4.450000e-07 4.450000e-07 1.200000e+00 1.200000e+00 -5.880865e-04
4.451000e-07 4.451000e-07 1.200000e+00 1.200000e+00 -5.880865e-04
4.452000e-07 4.452000e-07 1.200000e+00 1.200000e+00 -5.880865e-04
4.453000e-07 4.453000e-07 1.200000e+00 1.200000e+00 -5.880865e-04
4.454000e-07 4.454000e-07 1.200000e+00 1.200000e+00 -5.880865e-04
4.455000e-07 4.455000e-07 1.200000e+00 1.200000e+00 -5.880865e-04
4.456000e-07 4.456000e-07 1.200000e+00 1.200000e+00 -5.880865e-04
4.457000e-07 4.457000e-07 1.200000e+00 1.200000e+00 -5.880865e-04
4.458000e-07 4.458000e-07 1.200000e+00 1.200000e+00 -5.880865e-04
4.459000e-07 4.459000e-07 1.200000e+00 1.200000e+00 -5.880865e-04
4.460000e-07 4.460000e-07 1.200000e+00 1.200000e+00 -5.880865e-04
4.461000e-07 4.461000e-07 1.200000e+00 1.200000e+00 -5.880865e-04
4.462000e-07 4.462000e-07 1.200000e+00 1.200000e+00 -5.880865e-04
4.463000e-07 4.463000e-07 1.200000e+00 1.200000e+00 -5.880865e-04
4.464000e-07 4.464000e-07 1.200000e+00 1.200000e+00 -5.880865e-04
4.465000e-07 4.465000e-07 1.200000e+00 1.200000e+00 -5.880865e-04
4.466000e-07 4.466000e-07 1.200000e+00 1.200000e+00 -5.880865e-04
4.467000e-07 4.467000e-07 1.200000e+00 1.200000e+00 -5.880865e-04
4.468000e-07 4.468000e-07 1.200000e+00 1.200000e+00 -5.880865e-04
4.469000e-07 4.469000e-07 1.200000e+00 1.200000e+00 -5.880865e-04
4.470000e-07 4.470000e-07 1.200000e+00 1.200000e+00 -5.880865e-04
4.471000e-07 4.471000e-07 1.200000e+00 1.200000e+00 -5.880865e-04
4.472000e-07 4.472000e-07 1.200000e+00 1.200000e+00 -5.880865e-04
4.473000e-07 4.473000e-07 1.200000e+00 1.200000e+00 -5.880865e-04
4.474000e-07 4.474000e-07 1.200000e+00 1.200000e+00 -5.880865e-04
4.475000e-07 4.475000e-07 1.200000e+00 1.200000e+00 -5.880865e-04
4.476000e-07 4.476000e-07 1.200000e+00 1.200000e+00 -5.880865e-04
4.477000e-07 4.477000e-07 1.200000e+00 1.200000e+00 -5.880865e-04
4.478000e-07 4.478000e-07 1.200000e+00 1.200000e+00 -5.880865e-04
4.479000e-07 4.479000e-07 1.200000e+00 1.200000e+00 -5.880865e-04
4.480000e-07 4.480000e-07 1.200000e+00 1.200000e+00 -5.880865e-04
4.481000e-07 4.481000e-07 1.200000e+00 1.200000e+00 -5.880865e-04
4.482000e-07 4.482000e-07 1.200000e+00 1.200000e+00 -5.880865e-04
4.483000e-07 4.483000e-07 1.200000e+00 1.200000e+00 -5.880865e-04
4.484000e-07 4.484000e-07 1.200000e+00 1.200000e+00 -5.880865e-04
4.485000e-07 4.485000e-07 1.200000e+00 1.200000e+00 -5.880865e-04
4.486000e-07 4.486000e-07 1.200000e+00 1.200000e+00 -5.880865e-04
4.487000e-07 4.487000e-07 1.200000e+00 1.200000e+00 -5.880865e-04
4.488000e-07 4.488000e-07 1.200000e+00 1.200000e+00 -5.880865e-04
4.489000e-07 4.489000e-07 1.200000e+00 1.200000e+00 -5.880865e-04
4.490000e-07 4.490000e-07 1.200000e+00 1.200000e+00 -5.880865e-04
4.491000e-07 4.491000e-07 1.200000e+00 1.200000e+00 -5.880865e-04
4.492000e-07 4.492000e-07 1.200000e+00 1.200000e+00 -5.880865e-04
4.493000e-07 4.493000e-07 1.200000e+00 1.200000e+00 -5.880865e-04
4.494000e-07 4.494000e-07 1.200000e+00 1.200000e+00 -5.880865e-04
4.495000e-07 4.495000e-07 1.200000e+00 1.200000e+00 -5.880865e-04
4.496000e-07 4.496000e-07 1.200000e+00 1.200000e+00 -5.880865e-04
4.497000e-07 4.497000e-07 1.200000e+00 1.200000e+00 -5.880865e-04
4.498000e-07 4.498000e-07 1.200000e+00 1.200000e+00 -5.880865e-04
4.499000e-07 4.499000e-07 1.200000e+00 1.200000e+00 -5.880865e-04
4.500000e-07 4.500000e-07 1.200000e+00 1.200000e+00 -5.880865e-04
4.501000e-07 4.501000e-07 1.200000e+00 1.200000e+00 -5.880865e-04
4.502000e-07 4.502000e-07 1.200000e+00 1.200000e+00 -5.880865e-04
4.503000e-07 4.503000e-07 1.200000e+00 1.200000e+00 -5.880865e-04
4.504000e-07 4.504000e-07 1.200000e+00 1.200000e+00 -5.880865e-04
4.505000e-07 4.505000e-07 1.200000e+00 1.200000e+00 -5.880865e-04
4.506000e-07 4.506000e-07 1.200000e+00 1.200000e+00 -5.880865e-04
4.507000e-07 4.507000e-07 1.200000e+00 1.200000e+00 -5.880865e-04
4.508000e-07 4.508000e-07 1.200000e+00 1.200000e+00 -5.880865e-04
4.509000e-07 4.509000e-07 1.200000e+00 1.200000e+00 -5.880865e-04
4.510000e-07 4.510000e-07 1.200000e+00 1.200000e+00 -5.880865e-04
4.511000e-07 4.511000e-07 1.200000e+00 1.200000e+00 -5.880865e-04
4.512000e-07 4.512000e-07 1.200000e+00 1.200000e+00 -5.880865e-04
4.513000e-07 4.513000e-07 1.200000e+00 1.200000e+00 -5.880865e-04
4.514000e-07 4.514000e-07 1.200000e+00 1.200000e+00 -5.880865e-04
4.515000e-07 4.515000e-07 1.200000e+00 1.200000e+00 -5.880865e-04
4.516000e-07 4.516000e-07 1.200000e+00 1.200000e+00 -5.880865e-04
4.517000e-07 4.517000e-07 1.200000e+00 1.200000e+00 -5.880865e-04
4.518000e-07 4.518000e-07 1.200000e+00 1.200000e+00 -5.880865e-04
4.519000e-07 4.519000e-07 1.200000e+00 1.200000e+00 -5.880865e-04
4.520000e-07 4.520000e-07 1.200000e+00 1.200000e+00 -5.880865e-04
4.521000e-07 4.521000e-07 1.200000e+00 1.200000e+00 -5.880865e-04
4.522000e-07 4.522000e-07 1.200000e+00 1.200000e+00 -5.880865e-04
4.523000e-07 4.523000e-07 1.200000e+00 1.200000e+00 -5.880865e-04
4.524000e-07 4.524000e-07 1.200000e+00 1.200000e+00 -5.880865e-04
4.525000e-07 4.525000e-07 1.200000e+00 1.200000e+00 -5.880865e-04
4.526000e-07 4.526000e-07 1.200000e+00 1.200000e+00 -5.880865e-04
4.527000e-07 4.527000e-07 1.200000e+00 1.200000e+00 -5.880865e-04
4.528000e-07 4.528000e-07 1.200000e+00 1.200000e+00 -5.880865e-04
4.529000e-07 4.529000e-07 1.200000e+00 1.200000e+00 -5.880865e-04
4.530000e-07 4.530000e-07 1.200000e+00 1.200000e+00 -5.880865e-04
4.531000e-07 4.531000e-07 1.200000e+00 1.200000e+00 -5.880865e-04
4.532000e-07 4.532000e-07 1.200000e+00 1.200000e+00 -5.880865e-04
4.533000e-07 4.533000e-07 1.200000e+00 1.200000e+00 -5.880865e-04
4.534000e-07 4.534000e-07 1.200000e+00 1.200000e+00 -5.880865e-04
4.535000e-07 4.535000e-07 1.200000e+00 1.200000e+00 -5.880865e-04
4.536000e-07 4.536000e-07 1.200000e+00 1.200000e+00 -5.880865e-04
4.537000e-07 4.537000e-07 1.200000e+00 1.200000e+00 -5.880865e-04
4.538000e-07 4.538000e-07 1.200000e+00 1.200000e+00 -5.880865e-04
4.539000e-07 4.539000e-07 1.200000e+00 1.200000e+00 -5.880865e-04
4.540000e-07 4.540000e-07 1.200000e+00 1.200000e+00 -5.880865e-04
4.541000e-07 4.541000e-07 1.200000e+00 1.200000e+00 -5.880865e-04
4.542000e-07 4.542000e-07 1.200000e+00 1.200000e+00 -5.880865e-04
4.543000e-07 4.543000e-07 1.200000e+00 1.200000e+00 -5.880865e-04
4.544000e-07 4.544000e-07 1.200000e+00 1.200000e+00 -5.880865e-04
4.545000e-07 4.545000e-07 1.200000e+00 1.200000e+00 -5.880865e-04
4.546000e-07 4.546000e-07 1.200000e+00 1.200000e+00 -5.880865e-04
4.547000e-07 4.547000e-07 1.200000e+00 1.200000e+00 -5.880865e-04
4.548000e-07 4.548000e-07 1.200000e+00 1.200000e+00 -5.880865e-04
4.549000e-07 4.549000e-07 1.200000e+00 1.200000e+00 -5.880865e-04
4.550000e-07 4.550000e-07 1.200000e+00 1.200000e+00 -5.880865e-04
4.551000e-07 4.551000e-07 1.200000e+00 1.200000e+00 -5.880865e-04
4.552000e-07 4.552000e-07 1.200000e+00 1.200000e+00 -5.880865e-04
4.553000e-07 4.553000e-07 1.200000e+00 1.200000e+00 -5.880865e-04
4.554000e-07 4.554000e-07 1.200000e+00 1.200000e+00 -5.880865e-04
4.555000e-07 4.555000e-07 1.200000e+00 1.200000e+00 -5.880865e-04
4.556000e-07 4.556000e-07 1.200000e+00 1.200000e+00 -5.880865e-04
4.557000e-07 4.557000e-07 1.200000e+00 1.200000e+00 -5.880865e-04
4.558000e-07 4.558000e-07 1.200000e+00 1.200000e+00 -5.880865e-04
4.559000e-07 4.559000e-07 1.200000e+00 1.200000e+00 -5.880865e-04
4.560000e-07 4.560000e-07 1.200000e+00 1.200000e+00 -5.880865e-04
4.561000e-07 4.561000e-07 1.200000e+00 1.200000e+00 -5.880865e-04
4.562000e-07 4.562000e-07 1.200000e+00 1.200000e+00 -5.880865e-04
4.563000e-07 4.563000e-07 1.200000e+00 1.200000e+00 -5.880865e-04
4.564000e-07 4.564000e-07 1.200000e+00 1.200000e+00 -5.880865e-04
4.565000e-07 4.565000e-07 1.200000e+00 1.200000e+00 -5.880865e-04
4.566000e-07 4.566000e-07 1.200000e+00 1.200000e+00 -5.880865e-04
4.567000e-07 4.567000e-07 1.200000e+00 1.200000e+00 -5.880865e-04
4.568000e-07 4.568000e-07 1.200000e+00 1.200000e+00 -5.880865e-04
4.569000e-07 4.569000e-07 1.200000e+00 1.200000e+00 -5.880865e-04
4.570000e-07 4.570000e-07 1.200000e+00 1.200000e+00 -5.880865e-04
4.571000e-07 4.571000e-07 1.200000e+00 1.200000e+00 -5.880865e-04
4.572000e-07 4.572000e-07 1.200000e+00 1.200000e+00 -5.880865e-04
4.573000e-07 4.573000e-07 1.200000e+00 1.200000e+00 -5.880865e-04
4.574000e-07 4.574000e-07 1.200000e+00 1.200000e+00 -5.880865e-04
4.575000e-07 4.575000e-07 1.200000e+00 1.200000e+00 -5.880865e-04
4.576000e-07 4.576000e-07 1.200000e+00 1.200000e+00 -5.880865e-04
4.577000e-07 4.577000e-07 1.200000e+00 1.200000e+00 -5.880865e-04
4.578000e-07 4.578000e-07 1.200000e+00 1.200000e+00 -5.880865e-04
4.579000e-07 4.579000e-07 1.200000e+00 1.200000e+00 -5.880865e-04
4.580000e-07 4.580000e-07 1.200000e+00 1.200000e+00 -5.880865e-04
4.581000e-07 4.581000e-07 1.200000e+00 1.200000e+00 -5.880865e-04
4.582000e-07 4.582000e-07 1.200000e+00 1.200000e+00 -5.880865e-04
4.583000e-07 4.583000e-07 1.200000e+00 1.200000e+00 -5.880865e-04
4.584000e-07 4.584000e-07 1.200000e+00 1.200000e+00 -5.880865e-04
4.585000e-07 4.585000e-07 1.200000e+00 1.200000e+00 -5.880865e-04
4.586000e-07 4.586000e-07 1.200000e+00 1.200000e+00 -5.880865e-04
4.587000e-07 4.587000e-07 1.200000e+00 1.200000e+00 -5.880865e-04
4.588000e-07 4.588000e-07 1.200000e+00 1.200000e+00 -5.880865e-04
4.589000e-07 4.589000e-07 1.200000e+00 1.200000e+00 -5.880865e-04
4.590000e-07 4.590000e-07 1.200000e+00 1.200000e+00 -5.880865e-04
4.591000e-07 4.591000e-07 1.200000e+00 1.200000e+00 -5.880865e-04
4.592000e-07 4.592000e-07 1.200000e+00 1.200000e+00 -5.880865e-04
4.593000e-07 4.593000e-07 1.200000e+00 1.200000e+00 -5.880865e-04
4.594000e-07 4.594000e-07 1.200000e+00 1.200000e+00 -5.880865e-04
4.595000e-07 4.595000e-07 1.200000e+00 1.200000e+00 -5.880865e-04
4.596000e-07 4.596000e-07 1.200000e+00 1.200000e+00 -5.880865e-04
4.597000e-07 4.597000e-07 1.200000e+00 1.200000e+00 -5.880865e-04
4.598000e-07 4.598000e-07 1.200000e+00 1.200000e+00 -5.880865e-04
4.599000e-07 4.599000e-07 1.200000e+00 1.200000e+00 -5.880865e-04
4.600000e-07 4.600000e-07 1.200000e+00 1.200000e+00 -5.880865e-04
4.601000e-07 4.601000e-07 1.200000e+00 1.200000e+00 -5.880865e-04
4.602000e-07 4.602000e-07 1.200000e+00 1.200000e+00 -5.880865e-04
4.603000e-07 4.603000e-07 1.200000e+00 1.200000e+00 -5.880865e-04
4.604000e-07 4.604000e-07 1.200000e+00 1.200000e+00 -5.880865e-04
4.605000e-07 4.605000e-07 1.200000e+00 1.200000e+00 -5.880865e-04
4.606000e-07 4.606000e-07 1.200000e+00 1.200000e+00 -5.880865e-04
4.607000e-07 4.607000e-07 1.200000e+00 1.200000e+00 -5.880865e-04
4.608000e-07 4.608000e-07 1.200000e+00 1.200000e+00 -5.880865e-04
4.609000e-07 4.609000e-07 1.200000e+00 1.200000e+00 -5.880865e-04
4.610000e-07 4.610000e-07 1.200000e+00 1.200000e+00 -5.880865e-04
4.611000e-07 4.611000e-07 1.200000e+00 1.200000e+00 -5.880865e-04
4.612000e-07 4.612000e-07 1.200000e+00 1.200000e+00 -5.880865e-04
4.613000e-07 4.613000e-07 1.200000e+00 1.200000e+00 -5.880865e-04
4.614000e-07 4.614000e-07 1.200000e+00 1.200000e+00 -5.880865e-04
4.615000e-07 4.615000e-07 1.200000e+00 1.200000e+00 -5.880865e-04
4.616000e-07 4.616000e-07 1.200000e+00 1.200000e+00 -5.880865e-04
4.617000e-07 4.617000e-07 1.200000e+00 1.200000e+00 -5.880865e-04
4.618000e-07 4.618000e-07 1.200000e+00 1.200000e+00 -5.880865e-04
4.619000e-07 4.619000e-07 1.200000e+00 1.200000e+00 -5.880865e-04
4.620000e-07 4.620000e-07 1.200000e+00 1.200000e+00 -5.880865e-04
4.621000e-07 4.621000e-07 1.200000e+00 1.200000e+00 -5.880865e-04
4.622000e-07 4.622000e-07 1.200000e+00 1.200000e+00 -5.880865e-04
4.623000e-07 4.623000e-07 1.200000e+00 1.200000e+00 -5.880865e-04
4.624000e-07 4.624000e-07 1.200000e+00 1.200000e+00 -5.880865e-04
4.625000e-07 4.625000e-07 1.200000e+00 1.200000e+00 -5.880865e-04
4.626000e-07 4.626000e-07 1.200000e+00 1.200000e+00 -5.880865e-04
4.627000e-07 4.627000e-07 1.200000e+00 1.200000e+00 -5.880865e-04
4.628000e-07 4.628000e-07 1.200000e+00 1.200000e+00 -5.880865e-04
4.629000e-07 4.629000e-07 1.200000e+00 1.200000e+00 -5.880865e-04
4.630000e-07 4.630000e-07 1.200000e+00 1.200000e+00 -5.880865e-04
4.631000e-07 4.631000e-07 1.200000e+00 1.200000e+00 -5.880865e-04
4.632000e-07 4.632000e-07 1.200000e+00 1.200000e+00 -5.880865e-04
4.633000e-07 4.633000e-07 1.200000e+00 1.200000e+00 -5.880865e-04
4.634000e-07 4.634000e-07 1.200000e+00 1.200000e+00 -5.880865e-04
4.635000e-07 4.635000e-07 1.200000e+00 1.200000e+00 -5.880865e-04
4.636000e-07 4.636000e-07 1.200000e+00 1.200000e+00 -5.880865e-04
4.637000e-07 4.637000e-07 1.200000e+00 1.200000e+00 -5.880865e-04
4.638000e-07 4.638000e-07 1.200000e+00 1.200000e+00 -5.880865e-04
4.639000e-07 4.639000e-07 1.200000e+00 1.200000e+00 -5.880865e-04
4.640000e-07 4.640000e-07 1.200000e+00 1.200000e+00 -5.880865e-04
4.641000e-07 4.641000e-07 1.200000e+00 1.200000e+00 -5.880865e-04
4.642000e-07 4.642000e-07 1.200000e+00 1.200000e+00 -5.880865e-04
4.643000e-07 4.643000e-07 1.200000e+00 1.200000e+00 -5.880865e-04
4.644000e-07 4.644000e-07 1.200000e+00 1.200000e+00 -5.880865e-04
4.645000e-07 4.645000e-07 1.200000e+00 1.200000e+00 -5.880865e-04
4.646000e-07 4.646000e-07 1.200000e+00 1.200000e+00 -5.880865e-04
4.647000e-07 4.647000e-07 1.200000e+00 1.200000e+00 -5.880865e-04
4.648000e-07 4.648000e-07 1.200000e+00 1.200000e+00 -5.880865e-04
4.649000e-07 4.649000e-07 1.200000e+00 1.200000e+00 -5.880865e-04
4.650000e-07 4.650000e-07 1.200000e+00 1.200000e+00 -5.880865e-04
4.651000e-07 4.651000e-07 1.200000e+00 1.200000e+00 -5.880865e-04
4.652000e-07 4.652000e-07 1.200000e+00 1.200000e+00 -5.880865e-04
4.653000e-07 4.653000e-07 1.200000e+00 1.200000e+00 -5.880865e-04
4.654000e-07 4.654000e-07 1.200000e+00 1.200000e+00 -5.880865e-04
4.655000e-07 4.655000e-07 1.200000e+00 1.200000e+00 -5.880865e-04
4.656000e-07 4.656000e-07 1.200000e+00 1.200000e+00 -5.880865e-04
4.657000e-07 4.657000e-07 1.200000e+00 1.200000e+00 -5.880865e-04
4.658000e-07 4.658000e-07 1.200000e+00 1.200000e+00 -5.880865e-04
4.659000e-07 4.659000e-07 1.200000e+00 1.200000e+00 -5.880865e-04
4.660000e-07 4.660000e-07 1.200000e+00 1.200000e+00 -5.880865e-04
4.661000e-07 4.661000e-07 1.200000e+00 1.200000e+00 -5.880865e-04
4.662000e-07 4.662000e-07 1.200000e+00 1.200000e+00 -5.880865e-04
4.663000e-07 4.663000e-07 1.200000e+00 1.200000e+00 -5.880865e-04
4.664000e-07 4.664000e-07 1.200000e+00 1.200000e+00 -5.880865e-04
4.665000e-07 4.665000e-07 1.200000e+00 1.200000e+00 -5.880865e-04
4.666000e-07 4.666000e-07 1.200000e+00 1.200000e+00 -5.880865e-04
4.667000e-07 4.667000e-07 1.200000e+00 1.200000e+00 -5.880865e-04
4.668000e-07 4.668000e-07 1.200000e+00 1.200000e+00 -5.880865e-04
4.669000e-07 4.669000e-07 1.200000e+00 1.200000e+00 -5.880865e-04
4.670000e-07 4.670000e-07 1.200000e+00 1.200000e+00 -5.880865e-04
4.671000e-07 4.671000e-07 1.200000e+00 1.200000e+00 -5.880865e-04
4.672000e-07 4.672000e-07 1.200000e+00 1.200000e+00 -5.880865e-04
4.673000e-07 4.673000e-07 1.200000e+00 1.200000e+00 -5.880865e-04
4.674000e-07 4.674000e-07 1.200000e+00 1.200000e+00 -5.880865e-04
4.675000e-07 4.675000e-07 1.200000e+00 1.200000e+00 -5.880865e-04
4.676000e-07 4.676000e-07 1.200000e+00 1.200000e+00 -5.880865e-04
4.677000e-07 4.677000e-07 1.200000e+00 1.200000e+00 -5.880865e-04
4.678000e-07 4.678000e-07 1.200000e+00 1.200000e+00 -5.880865e-04
4.679000e-07 4.679000e-07 1.200000e+00 1.200000e+00 -5.880865e-04
4.680000e-07 4.680000e-07 1.200000e+00 1.200000e+00 -5.880865e-04
4.681000e-07 4.681000e-07 1.200000e+00 1.200000e+00 -5.880865e-04
4.682000e-07 4.682000e-07 1.200000e+00 1.200000e+00 -5.880865e-04
4.683000e-07 4.683000e-07 1.200000e+00 1.200000e+00 -5.880865e-04
4.684000e-07 4.684000e-07 1.200000e+00 1.200000e+00 -5.880865e-04
4.685000e-07 4.685000e-07 1.200000e+00 1.200000e+00 -5.880865e-04
4.686000e-07 4.686000e-07 1.200000e+00 1.200000e+00 -5.880865e-04
4.687000e-07 4.687000e-07 1.200000e+00 1.200000e+00 -5.880865e-04
4.688000e-07 4.688000e-07 1.200000e+00 1.200000e+00 -5.880865e-04
4.689000e-07 4.689000e-07 1.200000e+00 1.200000e+00 -5.880865e-04
4.690000e-07 4.690000e-07 1.200000e+00 1.200000e+00 -5.880865e-04
4.691000e-07 4.691000e-07 1.200000e+00 1.200000e+00 -5.880865e-04
4.692000e-07 4.692000e-07 1.200000e+00 1.200000e+00 -5.880865e-04
4.693000e-07 4.693000e-07 1.200000e+00 1.200000e+00 -5.880865e-04
4.694000e-07 4.694000e-07 1.200000e+00 1.200000e+00 -5.880865e-04
4.695000e-07 4.695000e-07 1.200000e+00 1.200000e+00 -5.880865e-04
4.696000e-07 4.696000e-07 1.200000e+00 1.200000e+00 -5.880865e-04
4.697000e-07 4.697000e-07 1.200000e+00 1.200000e+00 -5.880865e-04
4.698000e-07 4.698000e-07 1.200000e+00 1.200000e+00 -5.880865e-04
4.699000e-07 4.699000e-07 1.200000e+00 1.200000e+00 -5.880865e-04
4.700000e-07 4.700000e-07 1.200000e+00 1.200000e+00 -5.880865e-04
4.701000e-07 4.701000e-07 1.200000e+00 1.200000e+00 -5.880865e-04
4.702000e-07 4.702000e-07 1.200000e+00 1.200000e+00 -5.880865e-04
4.703000e-07 4.703000e-07 1.200000e+00 1.200000e+00 -5.880865e-04
4.704000e-07 4.704000e-07 1.200000e+00 1.200000e+00 -5.880865e-04
4.705000e-07 4.705000e-07 1.200000e+00 1.200000e+00 -5.880865e-04
4.706000e-07 4.706000e-07 1.200000e+00 1.200000e+00 -5.880865e-04
4.707000e-07 4.707000e-07 1.200000e+00 1.200000e+00 -5.880865e-04
4.708000e-07 4.708000e-07 1.200000e+00 1.200000e+00 -5.880865e-04
4.709000e-07 4.709000e-07 1.200000e+00 1.200000e+00 -5.880865e-04
4.710000e-07 4.710000e-07 1.200000e+00 1.200000e+00 -5.880865e-04
4.711000e-07 4.711000e-07 1.200000e+00 1.200000e+00 -5.880865e-04
4.712000e-07 4.712000e-07 1.200000e+00 1.200000e+00 -5.880865e-04
4.713000e-07 4.713000e-07 1.200000e+00 1.200000e+00 -5.880865e-04
4.714000e-07 4.714000e-07 1.200000e+00 1.200000e+00 -5.880865e-04
4.715000e-07 4.715000e-07 1.200000e+00 1.200000e+00 -5.880865e-04
4.716000e-07 4.716000e-07 1.200000e+00 1.200000e+00 -5.880865e-04
4.717000e-07 4.717000e-07 1.200000e+00 1.200000e+00 -5.880865e-04
4.718000e-07 4.718000e-07 1.200000e+00 1.200000e+00 -5.880865e-04
4.719000e-07 4.719000e-07 1.200000e+00 1.200000e+00 -5.880865e-04
4.720000e-07 4.720000e-07 1.200000e+00 1.200000e+00 -5.880865e-04
4.721000e-07 4.721000e-07 1.200000e+00 1.200000e+00 -5.880865e-04
4.722000e-07 4.722000e-07 1.200000e+00 1.200000e+00 -5.880865e-04
4.723000e-07 4.723000e-07 1.200000e+00 1.200000e+00 -5.880865e-04
4.724000e-07 4.724000e-07 1.200000e+00 1.200000e+00 -5.880865e-04
4.725000e-07 4.725000e-07 1.200000e+00 1.200000e+00 -5.880865e-04
4.726000e-07 4.726000e-07 1.200000e+00 1.200000e+00 -5.880865e-04
4.727000e-07 4.727000e-07 1.200000e+00 1.200000e+00 -5.880865e-04
4.728000e-07 4.728000e-07 1.200000e+00 1.200000e+00 -5.880865e-04
4.729000e-07 4.729000e-07 1.200000e+00 1.200000e+00 -5.880865e-04
4.730000e-07 4.730000e-07 1.200000e+00 1.200000e+00 -5.880865e-04
4.731000e-07 4.731000e-07 1.200000e+00 1.200000e+00 -5.880865e-04
4.732000e-07 4.732000e-07 1.200000e+00 1.200000e+00 -5.880865e-04
4.733000e-07 4.733000e-07 1.200000e+00 1.200000e+00 -5.880865e-04
4.734000e-07 4.734000e-07 1.200000e+00 1.200000e+00 -5.880865e-04
4.735000e-07 4.735000e-07 1.200000e+00 1.200000e+00 -5.880865e-04
4.736000e-07 4.736000e-07 1.200000e+00 1.200000e+00 -5.880865e-04
4.737000e-07 4.737000e-07 1.200000e+00 1.200000e+00 -5.880865e-04
4.738000e-07 4.738000e-07 1.200000e+00 1.200000e+00 -5.880865e-04
4.739000e-07 4.739000e-07 1.200000e+00 1.200000e+00 -5.880865e-04
4.740000e-07 4.740000e-07 1.200000e+00 1.200000e+00 -5.880865e-04
4.741000e-07 4.741000e-07 1.200000e+00 1.200000e+00 -5.880865e-04
4.742000e-07 4.742000e-07 1.200000e+00 1.200000e+00 -5.880865e-04
4.743000e-07 4.743000e-07 1.200000e+00 1.200000e+00 -5.880865e-04
4.744000e-07 4.744000e-07 1.200000e+00 1.200000e+00 -5.880865e-04
4.745000e-07 4.745000e-07 1.200000e+00 1.200000e+00 -5.880865e-04
4.746000e-07 4.746000e-07 1.200000e+00 1.200000e+00 -5.880865e-04
4.747000e-07 4.747000e-07 1.200000e+00 1.200000e+00 -5.880865e-04
4.748000e-07 4.748000e-07 1.200000e+00 1.200000e+00 -5.880865e-04
4.749000e-07 4.749000e-07 1.200000e+00 1.200000e+00 -5.880865e-04
4.750000e-07 4.750000e-07 1.200000e+00 1.200000e+00 -5.880865e-04
4.751000e-07 4.751000e-07 1.200000e+00 1.200000e+00 -5.880865e-04
4.752000e-07 4.752000e-07 1.200000e+00 1.200000e+00 -5.880865e-04
4.753000e-07 4.753000e-07 1.200000e+00 1.200000e+00 -5.880865e-04
4.754000e-07 4.754000e-07 1.200000e+00 1.200000e+00 -5.880865e-04
4.755000e-07 4.755000e-07 1.200000e+00 1.200000e+00 -5.880865e-04
4.756000e-07 4.756000e-07 1.200000e+00 1.200000e+00 -5.880865e-04
4.757000e-07 4.757000e-07 1.200000e+00 1.200000e+00 -5.880865e-04
4.758000e-07 4.758000e-07 1.200000e+00 1.200000e+00 -5.880865e-04
4.759000e-07 4.759000e-07 1.200000e+00 1.200000e+00 -5.880865e-04
4.760000e-07 4.760000e-07 1.200000e+00 1.200000e+00 -5.880865e-04
4.761000e-07 4.761000e-07 1.200000e+00 1.200000e+00 -5.880865e-04
4.762000e-07 4.762000e-07 1.200000e+00 1.200000e+00 -5.880865e-04
4.763000e-07 4.763000e-07 1.200000e+00 1.200000e+00 -5.880865e-04
4.764000e-07 4.764000e-07 1.200000e+00 1.200000e+00 -5.880865e-04
4.765000e-07 4.765000e-07 1.200000e+00 1.200000e+00 -5.880865e-04
4.766000e-07 4.766000e-07 1.200000e+00 1.200000e+00 -5.880865e-04
4.767000e-07 4.767000e-07 1.200000e+00 1.200000e+00 -5.880865e-04
4.768000e-07 4.768000e-07 1.200000e+00 1.200000e+00 -5.880865e-04
4.769000e-07 4.769000e-07 1.200000e+00 1.200000e+00 -5.880865e-04
4.770000e-07 4.770000e-07 1.200000e+00 1.200000e+00 -5.880865e-04
4.771000e-07 4.771000e-07 1.200000e+00 1.200000e+00 -5.880865e-04
4.772000e-07 4.772000e-07 1.200000e+00 1.200000e+00 -5.880865e-04
4.773000e-07 4.773000e-07 1.200000e+00 1.200000e+00 -5.880865e-04
4.774000e-07 4.774000e-07 1.200000e+00 1.200000e+00 -5.880865e-04
4.775000e-07 4.775000e-07 1.200000e+00 1.200000e+00 -5.880865e-04
4.776000e-07 4.776000e-07 1.200000e+00 1.200000e+00 -5.880865e-04
4.777000e-07 4.777000e-07 1.200000e+00 1.200000e+00 -5.880865e-04
4.778000e-07 4.778000e-07 1.200000e+00 1.200000e+00 -5.880865e-04
4.779000e-07 4.779000e-07 1.200000e+00 1.200000e+00 -5.880865e-04
4.780000e-07 4.780000e-07 1.200000e+00 1.200000e+00 -5.880865e-04
4.781000e-07 4.781000e-07 1.200000e+00 1.200000e+00 -5.880865e-04
4.782000e-07 4.782000e-07 1.200000e+00 1.200000e+00 -5.880865e-04
4.783000e-07 4.783000e-07 1.200000e+00 1.200000e+00 -5.880865e-04
4.784000e-07 4.784000e-07 1.200000e+00 1.200000e+00 -5.880865e-04
4.785000e-07 4.785000e-07 1.200000e+00 1.200000e+00 -5.880865e-04
4.786000e-07 4.786000e-07 1.200000e+00 1.200000e+00 -5.880865e-04
4.787000e-07 4.787000e-07 1.200000e+00 1.200000e+00 -5.880865e-04
4.788000e-07 4.788000e-07 1.200000e+00 1.200000e+00 -5.880865e-04
4.789000e-07 4.789000e-07 1.200000e+00 1.200000e+00 -5.880865e-04
4.790000e-07 4.790000e-07 1.200000e+00 1.200000e+00 -5.880865e-04
4.791000e-07 4.791000e-07 1.200000e+00 1.200000e+00 -5.880865e-04
4.792000e-07 4.792000e-07 1.200000e+00 1.200000e+00 -5.880865e-04
4.793000e-07 4.793000e-07 1.200000e+00 1.200000e+00 -5.880865e-04
4.794000e-07 4.794000e-07 1.200000e+00 1.200000e+00 -5.880865e-04
4.795000e-07 4.795000e-07 1.200000e+00 1.200000e+00 -5.880865e-04
4.796000e-07 4.796000e-07 1.200000e+00 1.200000e+00 -5.880865e-04
4.797000e-07 4.797000e-07 1.200000e+00 1.200000e+00 -5.880865e-04
4.798000e-07 4.798000e-07 1.200000e+00 1.200000e+00 -5.880865e-04
4.799000e-07 4.799000e-07 1.200000e+00 1.200000e+00 -5.880865e-04
4.800000e-07 4.800000e-07 1.200000e+00 1.200000e+00 -5.880865e-04
4.801000e-07 4.801000e-07 1.200000e+00 1.200000e+00 -5.880865e-04
4.802000e-07 4.802000e-07 1.200000e+00 1.200000e+00 -5.880865e-04
4.803000e-07 4.803000e-07 1.200000e+00 1.200000e+00 -5.880865e-04
4.804000e-07 4.804000e-07 1.200000e+00 1.200000e+00 -5.880865e-04
4.805000e-07 4.805000e-07 1.200000e+00 1.200000e+00 -5.880865e-04
4.806000e-07 4.806000e-07 1.200000e+00 1.200000e+00 -5.880865e-04
4.807000e-07 4.807000e-07 1.200000e+00 1.200000e+00 -5.880865e-04
4.808000e-07 4.808000e-07 1.200000e+00 1.200000e+00 -5.880865e-04
4.809000e-07 4.809000e-07 1.200000e+00 1.200000e+00 -5.880865e-04
4.810000e-07 4.810000e-07 1.200000e+00 1.200000e+00 -5.880865e-04
4.811000e-07 4.811000e-07 1.200000e+00 1.200000e+00 -5.880865e-04
4.812000e-07 4.812000e-07 1.200000e+00 1.200000e+00 -5.880865e-04
4.813000e-07 4.813000e-07 1.200000e+00 1.200000e+00 -5.880865e-04
4.814000e-07 4.814000e-07 1.200000e+00 1.200000e+00 -5.880865e-04
4.815000e-07 4.815000e-07 1.200000e+00 1.200000e+00 -5.880865e-04
4.816000e-07 4.816000e-07 1.200000e+00 1.200000e+00 -5.880865e-04
4.817000e-07 4.817000e-07 1.200000e+00 1.200000e+00 -5.880865e-04
4.818000e-07 4.818000e-07 1.200000e+00 1.200000e+00 -5.880865e-04
4.819000e-07 4.819000e-07 1.200000e+00 1.200000e+00 -5.880865e-04
4.820000e-07 4.820000e-07 1.200000e+00 1.200000e+00 -5.880865e-04
4.821000e-07 4.821000e-07 1.200000e+00 1.200000e+00 -5.880865e-04
4.822000e-07 4.822000e-07 1.200000e+00 1.200000e+00 -5.880865e-04
4.823000e-07 4.823000e-07 1.200000e+00 1.200000e+00 -5.880865e-04
4.824000e-07 4.824000e-07 1.200000e+00 1.200000e+00 -5.880865e-04
4.825000e-07 4.825000e-07 1.200000e+00 1.200000e+00 -5.880865e-04
4.826000e-07 4.826000e-07 1.200000e+00 1.200000e+00 -5.880865e-04
4.827000e-07 4.827000e-07 1.200000e+00 1.200000e+00 -5.880865e-04
4.828000e-07 4.828000e-07 1.200000e+00 1.200000e+00 -5.880865e-04
4.829000e-07 4.829000e-07 1.200000e+00 1.200000e+00 -5.880865e-04
4.830000e-07 4.830000e-07 1.200000e+00 1.200000e+00 -5.880865e-04
4.831000e-07 4.831000e-07 1.200000e+00 1.200000e+00 -5.880865e-04
4.832000e-07 4.832000e-07 1.200000e+00 1.200000e+00 -5.880865e-04
4.833000e-07 4.833000e-07 1.200000e+00 1.200000e+00 -5.880865e-04
4.834000e-07 4.834000e-07 1.200000e+00 1.200000e+00 -5.880865e-04
4.835000e-07 4.835000e-07 1.200000e+00 1.200000e+00 -5.880865e-04
4.836000e-07 4.836000e-07 1.200000e+00 1.200000e+00 -5.880865e-04
4.837000e-07 4.837000e-07 1.200000e+00 1.200000e+00 -5.880865e-04
4.838000e-07 4.838000e-07 1.200000e+00 1.200000e+00 -5.880865e-04
4.839000e-07 4.839000e-07 1.200000e+00 1.200000e+00 -5.880865e-04
4.840000e-07 4.840000e-07 1.200000e+00 1.200000e+00 -5.880865e-04
4.841000e-07 4.841000e-07 1.200000e+00 1.200000e+00 -5.880865e-04
4.842000e-07 4.842000e-07 1.200000e+00 1.200000e+00 -5.880865e-04
4.843000e-07 4.843000e-07 1.200000e+00 1.200000e+00 -5.880865e-04
4.844000e-07 4.844000e-07 1.200000e+00 1.200000e+00 -5.880865e-04
4.845000e-07 4.845000e-07 1.200000e+00 1.200000e+00 -5.880865e-04
4.846000e-07 4.846000e-07 1.200000e+00 1.200000e+00 -5.880865e-04
4.847000e-07 4.847000e-07 1.200000e+00 1.200000e+00 -5.880865e-04
4.848000e-07 4.848000e-07 1.200000e+00 1.200000e+00 -5.880865e-04
4.849000e-07 4.849000e-07 1.200000e+00 1.200000e+00 -5.880865e-04
4.850000e-07 4.850000e-07 1.200000e+00 1.200000e+00 -5.880865e-04
4.851000e-07 4.851000e-07 1.200000e+00 1.200000e+00 -5.880865e-04
4.852000e-07 4.852000e-07 1.200000e+00 1.200000e+00 -5.880865e-04
4.853000e-07 4.853000e-07 1.200000e+00 1.200000e+00 -5.880865e-04
4.854000e-07 4.854000e-07 1.200000e+00 1.200000e+00 -5.880865e-04
4.855000e-07 4.855000e-07 1.200000e+00 1.200000e+00 -5.880865e-04
4.856000e-07 4.856000e-07 1.200000e+00 1.200000e+00 -5.880865e-04
4.857000e-07 4.857000e-07 1.200000e+00 1.200000e+00 -5.880865e-04
4.858000e-07 4.858000e-07 1.200000e+00 1.200000e+00 -5.880865e-04
4.859000e-07 4.859000e-07 1.200000e+00 1.200000e+00 -5.880865e-04
4.860000e-07 4.860000e-07 1.200000e+00 1.200000e+00 -5.880865e-04
4.861000e-07 4.861000e-07 1.200000e+00 1.200000e+00 -5.880865e-04
4.862000e-07 4.862000e-07 1.200000e+00 1.200000e+00 -5.880865e-04
4.863000e-07 4.863000e-07 1.200000e+00 1.200000e+00 -5.880865e-04
4.864000e-07 4.864000e-07 1.200000e+00 1.200000e+00 -5.880865e-04
4.865000e-07 4.865000e-07 1.200000e+00 1.200000e+00 -5.880865e-04
4.866000e-07 4.866000e-07 1.200000e+00 1.200000e+00 -5.880865e-04
4.867000e-07 4.867000e-07 1.200000e+00 1.200000e+00 -5.880865e-04
4.868000e-07 4.868000e-07 1.200000e+00 1.200000e+00 -5.880865e-04
4.869000e-07 4.869000e-07 1.200000e+00 1.200000e+00 -5.880865e-04
4.870000e-07 4.870000e-07 1.200000e+00 1.200000e+00 -5.880865e-04
4.871000e-07 4.871000e-07 1.200000e+00 1.200000e+00 -5.880865e-04
4.872000e-07 4.872000e-07 1.200000e+00 1.200000e+00 -5.880865e-04
4.873000e-07 4.873000e-07 1.200000e+00 1.200000e+00 -5.880865e-04
4.874000e-07 4.874000e-07 1.200000e+00 1.200000e+00 -5.880865e-04
4.875000e-07 4.875000e-07 1.200000e+00 1.200000e+00 -5.880865e-04
4.876000e-07 4.876000e-07 1.200000e+00 1.200000e+00 -5.880865e-04
4.877000e-07 4.877000e-07 1.200000e+00 1.200000e+00 -5.880865e-04
4.878000e-07 4.878000e-07 1.200000e+00 1.200000e+00 -5.880865e-04
4.879000e-07 4.879000e-07 1.200000e+00 1.200000e+00 -5.880865e-04
4.880000e-07 4.880000e-07 1.200000e+00 1.200000e+00 -5.880865e-04
4.881000e-07 4.881000e-07 1.200000e+00 1.200000e+00 -5.880865e-04
4.882000e-07 4.882000e-07 1.200000e+00 1.200000e+00 -5.880865e-04
4.883000e-07 4.883000e-07 1.200000e+00 1.200000e+00 -5.880865e-04
4.884000e-07 4.884000e-07 1.200000e+00 1.200000e+00 -5.880865e-04
4.885000e-07 4.885000e-07 1.200000e+00 1.200000e+00 -5.880865e-04
4.886000e-07 4.886000e-07 1.200000e+00 1.200000e+00 -5.880865e-04
4.887000e-07 4.887000e-07 1.200000e+00 1.200000e+00 -5.880865e-04
4.888000e-07 4.888000e-07 1.200000e+00 1.200000e+00 -5.880865e-04
4.889000e-07 4.889000e-07 1.200000e+00 1.200000e+00 -5.880865e-04
4.890000e-07 4.890000e-07 1.200000e+00 1.200000e+00 -5.880865e-04
4.891000e-07 4.891000e-07 1.200000e+00 1.200000e+00 -5.880865e-04
4.892000e-07 4.892000e-07 1.200000e+00 1.200000e+00 -5.880865e-04
4.893000e-07 4.893000e-07 1.200000e+00 1.200000e+00 -5.880865e-04
4.894000e-07 4.894000e-07 1.200000e+00 1.200000e+00 -5.880865e-04
4.895000e-07 4.895000e-07 1.200000e+00 1.200000e+00 -5.880865e-04
4.896000e-07 4.896000e-07 1.200000e+00 1.200000e+00 -5.880865e-04
4.897000e-07 4.897000e-07 1.200000e+00 1.200000e+00 -5.880865e-04
4.898000e-07 4.898000e-07 1.200000e+00 1.200000e+00 -5.880865e-04
4.899000e-07 4.899000e-07 1.200000e+00 1.200000e+00 -5.880865e-04
4.900000e-07 4.900000e-07 1.200000e+00 1.200000e+00 -5.880865e-04
4.901000e-07 4.901000e-07 1.200000e+00 1.200000e+00 -5.880865e-04
4.902000e-07 4.902000e-07 1.200000e+00 1.200000e+00 -5.880865e-04
4.903000e-07 4.903000e-07 1.200000e+00 1.200000e+00 -5.880865e-04
4.904000e-07 4.904000e-07 1.200000e+00 1.200000e+00 -5.880865e-04
4.905000e-07 4.905000e-07 1.200000e+00 1.200000e+00 -5.880865e-04
4.906000e-07 4.906000e-07 1.200000e+00 1.200000e+00 -5.880865e-04
4.907000e-07 4.907000e-07 1.200000e+00 1.200000e+00 -5.880865e-04
4.908000e-07 4.908000e-07 1.200000e+00 1.200000e+00 -5.880865e-04
4.909000e-07 4.909000e-07 1.200000e+00 1.200000e+00 -5.880865e-04
4.910000e-07 4.910000e-07 1.200000e+00 1.200000e+00 -5.880865e-04
4.911000e-07 4.911000e-07 1.200000e+00 1.200000e+00 -5.880865e-04
4.912000e-07 4.912000e-07 1.200000e+00 1.200000e+00 -5.880865e-04
4.913000e-07 4.913000e-07 1.200000e+00 1.200000e+00 -5.880865e-04
4.914000e-07 4.914000e-07 1.200000e+00 1.200000e+00 -5.880865e-04
4.915000e-07 4.915000e-07 1.200000e+00 1.200000e+00 -5.880865e-04
4.916000e-07 4.916000e-07 1.200000e+00 1.200000e+00 -5.880865e-04
4.917000e-07 4.917000e-07 1.200000e+00 1.200000e+00 -5.880865e-04
4.918000e-07 4.918000e-07 1.200000e+00 1.200000e+00 -5.880865e-04
4.919000e-07 4.919000e-07 1.200000e+00 1.200000e+00 -5.880865e-04
4.920000e-07 4.920000e-07 1.200000e+00 1.200000e+00 -5.880865e-04
4.921000e-07 4.921000e-07 1.200000e+00 1.200000e+00 -5.880865e-04
4.922000e-07 4.922000e-07 1.200000e+00 1.200000e+00 -5.880865e-04
4.923000e-07 4.923000e-07 1.200000e+00 1.200000e+00 -5.880865e-04
4.924000e-07 4.924000e-07 1.200000e+00 1.200000e+00 -5.880865e-04
4.925000e-07 4.925000e-07 1.200000e+00 1.200000e+00 -5.880865e-04
4.926000e-07 4.926000e-07 1.200000e+00 1.200000e+00 -5.880865e-04
4.927000e-07 4.927000e-07 1.200000e+00 1.200000e+00 -5.880865e-04
4.928000e-07 4.928000e-07 1.200000e+00 1.200000e+00 -5.880865e-04
4.929000e-07 4.929000e-07 1.200000e+00 1.200000e+00 -5.880865e-04
4.930000e-07 4.930000e-07 1.200000e+00 1.200000e+00 -5.880865e-04
4.931000e-07 4.931000e-07 1.200000e+00 1.200000e+00 -5.880865e-04
4.932000e-07 4.932000e-07 1.200000e+00 1.200000e+00 -5.880865e-04
4.933000e-07 4.933000e-07 1.200000e+00 1.200000e+00 -5.880865e-04
4.934000e-07 4.934000e-07 1.200000e+00 1.200000e+00 -5.880865e-04
4.935000e-07 4.935000e-07 1.200000e+00 1.200000e+00 -5.880865e-04
4.936000e-07 4.936000e-07 1.200000e+00 1.200000e+00 -5.880865e-04
4.937000e-07 4.937000e-07 1.200000e+00 1.200000e+00 -5.880865e-04
4.938000e-07 4.938000e-07 1.200000e+00 1.200000e+00 -5.880865e-04
4.939000e-07 4.939000e-07 1.200000e+00 1.200000e+00 -5.880865e-04
4.940000e-07 4.940000e-07 1.200000e+00 1.200000e+00 -5.880865e-04
4.941000e-07 4.941000e-07 1.200000e+00 1.200000e+00 -5.880865e-04
4.942000e-07 4.942000e-07 1.200000e+00 1.200000e+00 -5.880865e-04
4.943000e-07 4.943000e-07 1.200000e+00 1.200000e+00 -5.880865e-04
4.944000e-07 4.944000e-07 1.200000e+00 1.200000e+00 -5.880865e-04
4.945000e-07 4.945000e-07 1.200000e+00 1.200000e+00 -5.880865e-04
4.946000e-07 4.946000e-07 1.200000e+00 1.200000e+00 -5.880865e-04
4.947000e-07 4.947000e-07 1.200000e+00 1.200000e+00 -5.880865e-04
4.948000e-07 4.948000e-07 1.200000e+00 1.200000e+00 -5.880865e-04
4.949000e-07 4.949000e-07 1.200000e+00 1.200000e+00 -5.880865e-04
4.950000e-07 4.950000e-07 1.200000e+00 1.200000e+00 -5.880865e-04
4.951000e-07 4.951000e-07 1.200000e+00 1.200000e+00 -5.880865e-04
4.952000e-07 4.952000e-07 1.200000e+00 1.200000e+00 -5.880865e-04
4.953000e-07 4.953000e-07 1.200000e+00 1.200000e+00 -5.880865e-04
4.954000e-07 4.954000e-07 1.200000e+00 1.200000e+00 -5.880865e-04
4.955000e-07 4.955000e-07 1.200000e+00 1.200000e+00 -5.880865e-04
4.956000e-07 4.956000e-07 1.200000e+00 1.200000e+00 -5.880865e-04
4.957000e-07 4.957000e-07 1.200000e+00 1.200000e+00 -5.880865e-04
4.958000e-07 4.958000e-07 1.200000e+00 1.200000e+00 -5.880865e-04
4.959000e-07 4.959000e-07 1.200000e+00 1.200000e+00 -5.880865e-04
4.960000e-07 4.960000e-07 1.200000e+00 1.200000e+00 -5.880865e-04
4.961000e-07 4.961000e-07 1.200000e+00 1.200000e+00 -5.880865e-04
4.962000e-07 4.962000e-07 1.200000e+00 1.200000e+00 -5.880865e-04
4.963000e-07 4.963000e-07 1.200000e+00 1.200000e+00 -5.880865e-04
4.964000e-07 4.964000e-07 1.200000e+00 1.200000e+00 -5.880865e-04
4.965000e-07 4.965000e-07 1.200000e+00 1.200000e+00 -5.880865e-04
4.966000e-07 4.966000e-07 1.200000e+00 1.200000e+00 -5.880865e-04
4.967000e-07 4.967000e-07 1.200000e+00 1.200000e+00 -5.880865e-04
4.968000e-07 4.968000e-07 1.200000e+00 1.200000e+00 -5.880865e-04
4.969000e-07 4.969000e-07 1.200000e+00 1.200000e+00 -5.880865e-04
4.970000e-07 4.970000e-07 1.200000e+00 1.200000e+00 -5.880865e-04
4.971000e-07 4.971000e-07 1.200000e+00 1.200000e+00 -5.880865e-04
4.972000e-07 4.972000e-07 1.200000e+00 1.200000e+00 -5.880865e-04
4.973000e-07 4.973000e-07 1.200000e+00 1.200000e+00 -5.880865e-04
4.974000e-07 4.974000e-07 1.200000e+00 1.200000e+00 -5.880865e-04
4.975000e-07 4.975000e-07 1.200000e+00 1.200000e+00 -5.880865e-04
4.976000e-07 4.976000e-07 1.200000e+00 1.200000e+00 -5.880865e-04
4.977000e-07 4.977000e-07 1.200000e+00 1.200000e+00 -5.880865e-04
4.978000e-07 4.978000e-07 1.200000e+00 1.200000e+00 -5.880865e-04
4.979000e-07 4.979000e-07 1.200000e+00 1.200000e+00 -5.880865e-04
4.980000e-07 4.980000e-07 1.200000e+00 1.200000e+00 -5.880865e-04
4.981000e-07 4.981000e-07 1.200000e+00 1.200000e+00 -5.880865e-04
4.982000e-07 4.982000e-07 1.200000e+00 1.200000e+00 -5.880865e-04
4.983000e-07 4.983000e-07 1.200000e+00 1.200000e+00 -5.880865e-04
4.984000e-07 4.984000e-07 1.200000e+00 1.200000e+00 -5.880865e-04
4.985000e-07 4.985000e-07 1.200000e+00 1.200000e+00 -5.880865e-04
4.986000e-07 4.986000e-07 1.200000e+00 1.200000e+00 -5.880865e-04
4.987000e-07 4.987000e-07 1.200000e+00 1.200000e+00 -5.880865e-04
4.988000e-07 4.988000e-07 1.200000e+00 1.200000e+00 -5.880865e-04
4.989000e-07 4.989000e-07 1.200000e+00 1.200000e+00 -5.880865e-04
4.990000e-07 4.990000e-07 1.200000e+00 1.200000e+00 -5.880865e-04
4.991000e-07 4.991000e-07 1.200000e+00 1.200000e+00 -5.880865e-04
4.992000e-07 4.992000e-07 1.200000e+00 1.200000e+00 -5.880865e-04
4.993000e-07 4.993000e-07 1.200000e+00 1.200000e+00 -5.880865e-04
4.994000e-07 4.994000e-07 1.200000e+00 1.200000e+00 -5.880865e-04
4.995000e-07 4.995000e-07 1.200000e+00 1.200000e+00 -5.880865e-04
4.996000e-07 4.996000e-07 1.200000e+00 1.200000e+00 -5.880865e-04
4.997000e-07 4.997000e-07 1.200000e+00 1.200000e+00 -5.880865e-04
4.998000e-07 4.998000e-07 1.200000e+00 1.200000e+00 -5.880865e-04
4.999000e-07 4.999000e-07 1.200000e+00 1.200000e+00 -5.880865e-04
5.000000e-07 5.000000e-07 1.200000e+00 1.200000e+00 -5.880865e-04