 v-sweep         v(drain_iv)     v(gate_iv)      id              is              ib              ig              kcl            
 0.00000000e+00  0.00000000e+00  0.00000000e+00 -2.16464621e-28 -1.69396260e-27  1.91042723e-27  0.00000000e+00  7.17464814e-43 
-1.00000000e-02 -1.00000000e-02  0.00000000e+00  8.59788976e-12 -7.78045543e-13 -7.81984486e-12  0.00000000e+00  6.37789845e-19 
-2.00000000e-02 -2.00000000e-02  0.00000000e+00  1.35656764e-11 -1.30486430e-12 -1.22608112e-11  0.00000000e+00  8.32576212e-19 
-3.00000000e-02 -3.00000000e-02  0.00000000e+00  1.81906087e-11 -1.77613626e-12 -1.64144733e-11  0.00000000e+00  8.41120083e-19 
-4.00000000e-02 -4.00000000e-02  0.00000000e+00  2.17730833e-11 -2.13711006e-12 -1.96359665e-11  0.00000000e+00  6.80466594e-18 
-5.00000000e-02 -5.00000000e-02  0.00000000e+00  2.45353460e-11 -2.40085436e-12 -2.21344894e-11  0.00000000e+00  2.18478427e-18 
-6.00000000e-02 -6.00000000e-02  0.00000000e+00  2.66572042e-11 -2.58490959e-12 -2.40722923e-11  0.00000000e+00  2.34135633e-18 
-7.00000000e-02 -7.00000000e-02  0.00000000e+00  2.82844165e-11 -2.70921928e-12 -2.55752127e-11  0.00000000e+00  1.55132203e-17 
-8.00000000e-02 -8.00000000e-02  0.00000000e+00  2.95333480e-11 -2.79250661e-12 -2.67408477e-11  0.00000000e+00  6.29624274e-18 
-9.00000000e-02 -9.00000000e-02  0.00000000e+00  3.04943570e-11 -2.84944433e-12 -2.76448913e-11  0.00000000e+00  2.14222015e-17 
-1.00000000e-01 -1.00000000e-01  0.00000000e+00  3.12360693e-11 -2.89003907e-12 -2.83460503e-11  0.00000000e+00  2.00848526e-17 
-1.10000000e-01 -1.10000000e-01  0.00000000e+00  3.18103877e-11 -2.92055540e-12 -2.88898564e-11  0.00000000e+00  2.41187570e-17 
-1.20000000e-01 -1.20000000e-01  0.00000000e+00  3.22563642e-11 -2.94476662e-12 -2.93116229e-11  0.00000000e+00  2.52746618e-17 
-1.30000000e-01 -1.30000000e-01  0.00000000e+00  3.26036420e-11 -2.96493214e-12 -2.96387382e-11  0.00000000e+00  2.83014148e-17 
-1.40000000e-01 -1.40000000e-01  0.00000000e+00  3.28748140e-11 -2.98242299e-12 -2.98924440e-11  0.00000000e+00  5.29932138e-17 
-1.50000000e-01 -1.50000000e-01  0.00000000e+00  3.30873107e-11 -2.99809058e-12 -3.00892150e-11  0.00000000e+00  5.09332046e-18 
-1.60000000e-01 -1.60000000e-01  0.00000000e+00  3.32543437e-11 -3.01247810e-12 -3.02418286e-11  0.00000000e+00  3.70293320e-17 
-1.70000000e-01 -1.70000000e-01  0.00000000e+00  3.33860717e-11 -3.02594189e-12 -3.03601947e-11  0.00000000e+00  6.48649752e-17 
-1.80000000e-01 -1.80000000e-01  0.00000000e+00  3.34907657e-11 -3.03872215e-12 -3.04519991e-11  0.00000000e+00  4.44929310e-17 
-1.90000000e-01 -1.90000000e-01  0.00000000e+00  3.35741990e-11 -3.05098497e-12 -3.05232028e-11  0.00000000e+00  1.11613863e-17 
-2.00000000e-01 -2.00000000e-01  0.00000000e+00  3.36413120e-11 -3.06284797e-12 -3.05784292e-11  0.00000000e+00  3.47883622e-17 
-2.10000000e-01 -2.10000000e-01  0.00000000e+00  3.36956019e-11 -3.07439627e-12 -3.06212638e-11  0.00000000e+00  5.82314052e-17 
-2.20000000e-01 -2.20000000e-01  0.00000000e+00  3.37401773e-11 -3.08569276e-12 -3.06544877e-11  0.00000000e+00  3.11781039e-18 
-2.30000000e-01 -2.30000000e-01  0.00000000e+00  3.37770367e-11 -3.09678473e-12 -3.06802576e-11  0.00000000e+00  5.62868829e-18 
-2.40000000e-01 -2.40000000e-01  0.00000000e+00  3.38079564e-11 -3.10770836e-12 -3.07002465e-11  0.00000000e+00  1.58899913e-18 
-2.50000000e-01 -2.50000000e-01  0.00000000e+00  3.38342687e-11 -3.11849178e-12 -3.07157517e-11  0.00000000e+00  2.52809620e-17 
-2.60000000e-01 -2.60000000e-01  0.00000000e+00  3.38568618e-11 -3.12915716e-12 -3.07277794e-11  0.00000000e+00  7.47783211e-17 
-2.70000000e-01 -2.70000000e-01  0.00000000e+00  3.38768458e-11 -3.13972219e-12 -3.07371101e-11  0.00000000e+00  1.35128516e-17 
-2.80000000e-01 -2.80000000e-01  0.00000000e+00  3.38945538e-11 -3.15020121e-12 -3.07443490e-11  0.00000000e+00  3.63291160e-18 
-2.90000000e-01 -2.90000000e-01  0.00000000e+00  3.39105966e-11 -3.16060590e-12 -3.07499656e-11  0.00000000e+00  2.50634925e-17 
-3.00000000e-01 -3.00000000e-01  0.00000000e+00  3.39253070e-11 -3.17094595e-12 -3.07543239e-11  0.00000000e+00  3.71173927e-17 
-3.10000000e-01 -3.10000000e-01  0.00000000e+00  3.39388517e-11 -3.18122941e-12 -3.07577064e-11  0.00000000e+00  8.41131910e-17 
-3.20000000e-01 -3.20000000e-01  0.00000000e+00  3.39517303e-11 -3.19146307e-12 -3.07603321e-11  0.00000000e+00  6.48197790e-17 
-3.30000000e-01 -3.30000000e-01  0.00000000e+00  3.39641648e-11 -3.20165269e-12 -3.07623707e-11  0.00000000e+00  1.41428010e-16 
-3.40000000e-01 -3.40000000e-01  0.00000000e+00  3.39758222e-11 -3.21180320e-12 -3.07639541e-11  0.00000000e+00  6.49030918e-17 
-3.50000000e-01 -3.50000000e-01  0.00000000e+00  3.39869244e-11 -3.22191883e-12 -3.07651843e-11  0.00000000e+00  1.78762050e-16 
-3.60000000e-01 -3.60000000e-01  0.00000000e+00  3.39981376e-11 -3.23200326e-12 -3.07661407e-11  0.00000000e+00  6.35171209e-18 
-3.70000000e-01 -3.70000000e-01  0.00000000e+00  3.40090178e-11 -3.24205970e-12 -3.07668847e-11  0.00000000e+00  7.33798507e-17 
-3.80000000e-01 -3.80000000e-01  0.00000000e+00  3.40195649e-11 -3.25209095e-12 -3.07674640e-11  0.00000000e+00  9.95356538e-18 
-3.90000000e-01 -3.90000000e-01  0.00000000e+00  3.40298900e-11 -3.26209951e-12 -3.07679156e-11  0.00000000e+00  1.25058367e-16 
-4.00000000e-01 -4.00000000e-01  0.00000000e+00  3.40403261e-11 -3.27208757e-12 -3.07682680e-11  0.00000000e+00  2.94610774e-17 
-4.10000000e-01 -4.10000000e-01  0.00000000e+00  3.40505402e-11 -3.28205710e-12 -3.07685436e-11  0.00000000e+00  6.05184851e-17 
-4.20000000e-01 -4.20000000e-01  0.00000000e+00  3.40608652e-11 -3.29200983e-12 -3.07687596e-11  0.00000000e+00  9.58362225e-17 
-4.30000000e-01 -4.30000000e-01  0.00000000e+00  3.40708572e-11 -3.30194736e-12 -3.07689293e-11  0.00000000e+00  1.94375633e-17 
-4.40000000e-01 -4.40000000e-01  0.00000000e+00  3.40808493e-11 -3.31187109e-12 -3.07690632e-11  0.00000000e+00  8.50678737e-17 
-4.50000000e-01 -4.50000000e-01  0.00000000e+00  3.40909523e-11 -3.32178232e-12 -3.07691693e-11  0.00000000e+00  6.35529185e-19 
-4.60000000e-01 -4.60000000e-01  0.00000000e+00  3.41009443e-11 -3.33168221e-12 -3.07692539e-11  0.00000000e+00  8.21963295e-18 
-4.70000000e-01 -4.70000000e-01  0.00000000e+00  3.41109363e-11 -3.34157183e-12 -3.07693217e-11  0.00000000e+00  4.28024588e-17 
-4.80000000e-01 -4.80000000e-01  0.00000000e+00  3.41208173e-11 -3.35145215e-12 -3.07693765e-11  0.00000000e+00  1.13648747e-17 
-4.90000000e-01 -4.90000000e-01  0.00000000e+00  3.41306983e-11 -3.36132406e-12 -3.07694213e-11  0.00000000e+00  4.70631708e-17 
-5.00000000e-01 -5.00000000e-01  0.00000000e+00  3.41406903e-11 -3.37118839e-12 -3.07694582e-11  0.00000000e+00  4.36522834e-17 
-5.10000000e-01 -5.10000000e-01  0.00000000e+00  3.41506823e-11 -3.38104588e-12 -3.07694892e-11  0.00000000e+00  1.47252619e-16 
-5.20000000e-01 -5.20000000e-01  0.00000000e+00  3.41603412e-11 -3.39089723e-12 -3.07695154e-11  0.00000000e+00  7.13849714e-17 
-5.30000000e-01 -5.30000000e-01  0.00000000e+00  3.41703332e-11 -3.40074310e-12 -3.07695380e-11  0.00000000e+00  5.21739811e-17 
-5.40000000e-01 -5.40000000e-01  0.00000000e+00  3.41802142e-11 -3.41058408e-12 -3.07695577e-11  0.00000000e+00  7.24239135e-17 
-5.50000000e-01 -5.50000000e-01  0.00000000e+00  3.41897621e-11 -3.42042072e-12 -3.07695753e-11  0.00000000e+00  2.33870684e-16 
-5.60000000e-01 -5.60000000e-01  0.00000000e+00  3.41997541e-11 -3.43025355e-12 -3.07695911e-11  0.00000000e+00  9.05642696e-17 
-5.70000000e-01 -5.70000000e-01  0.00000000e+00  3.42096351e-11 -3.44008306e-12 -3.07696057e-11  0.00000000e+00  5.36340205e-17 
-5.80000000e-01 -5.80000000e-01  0.00000000e+00  3.42195161e-11 -3.44990968e-12 -3.07696192e-11  0.00000000e+00  1.28062336e-17 
-5.90000000e-01 -5.90000000e-01  0.00000000e+00  3.42293971e-11 -3.45973386e-12 -3.07696320e-11  0.00000000e+00  3.12655689e-17 
-6.00000000e-01 -6.00000000e-01  0.00000000e+00  3.42390560e-11 -3.46955598e-12 -3.07696441e-11  0.00000000e+00  1.44038998e-16 
-6.10000000e-01 -6.10000000e-01  0.00000000e+00  3.42490480e-11 -3.47937642e-12 -3.07696557e-11  0.00000000e+00  1.58798103e-17 
-6.20000000e-01 -6.20000000e-01  0.00000000e+00  3.42590400e-11 -3.48919553e-12 -3.07696670e-11  0.00000000e+00  1.77496355e-16 
-6.30000000e-01 -6.30000000e-01  0.00000000e+00  3.42685880e-11 -3.49901365e-12 -3.07696780e-11  0.00000000e+00  1.03692937e-16 
-6.40000000e-01 -6.40000000e-01  0.00000000e+00  3.42783579e-11 -3.50883108e-12 -3.07696888e-11  0.00000000e+00  1.61931208e-16 
-6.50000000e-01 -6.50000000e-01  0.00000000e+00  3.42883499e-11 -3.51864813e-12 -3.07696994e-11  0.00000000e+00  2.43629203e-18 
-6.60000000e-01 -6.60000000e-01  0.00000000e+00  3.42983419e-11 -3.52846506e-12 -3.07697098e-11  0.00000000e+00  1.67046941e-16 
-6.70000000e-01 -6.70000000e-01  0.00000000e+00  3.43081119e-11 -3.53828215e-12 -3.07697202e-11  0.00000000e+00  1.09561656e-16 
-6.80000000e-01 -6.80000000e-01  0.00000000e+00  3.43178819e-11 -3.54809965e-12 -3.07697305e-11  0.00000000e+00  5.17510521e-17 
-6.90000000e-01 -6.90000000e-01  0.00000000e+00  3.43274298e-11 -3.55791778e-12 -3.07697407e-11  0.00000000e+00  2.28685445e-16 
-7.00000000e-01 -7.00000000e-01  0.00000000e+00  3.43376438e-11 -3.56773679e-12 -3.07697509e-11  0.00000000e+00  1.56190574e-16 
-7.10000000e-01 -7.10000000e-01  0.00000000e+00  3.43471918e-11 -3.57755689e-12 -3.07697610e-11  0.00000000e+00  1.26114277e-16 
-7.20000000e-01 -7.20000000e-01  0.00000000e+00  3.43571838e-11 -3.58737827e-12 -3.07697711e-11  0.00000000e+00  3.44100328e-17 
-7.30000000e-01 -7.30000000e-01  0.00000000e+00  3.43669537e-11 -3.59720114e-12 -3.07697812e-11  0.00000000e+00  2.85716932e-17 
-7.40000000e-01 -7.40000000e-01  0.00000000e+00  3.43765016e-11 -3.60702567e-12 -3.07697912e-11  0.00000000e+00  3.15250365e-16 
-7.50000000e-01 -7.50000000e-01  0.00000000e+00  3.43864937e-11 -3.61685205e-12 -3.07698013e-11  0.00000000e+00  1.59673447e-16 
-7.60000000e-01 -7.60000000e-01  0.00000000e+00  3.43964857e-11 -3.62668045e-12 -3.07698113e-11  0.00000000e+00  6.10257842e-18 
-7.70000000e-01 -7.70000000e-01  0.00000000e+00  3.44062556e-11 -3.63651103e-12 -3.07698213e-11  0.00000000e+00  7.67466626e-17 
-7.80000000e-01 -7.80000000e-01  0.00000000e+00  3.44162476e-11 -3.64634395e-12 -3.07698314e-11  0.00000000e+00  7.23267422e-17 
-7.90000000e-01 -7.90000000e-01  0.00000000e+00  3.44260176e-11 -3.65617934e-12 -3.07698414e-11  0.00000000e+00  3.12128347e-18 
-8.00000000e-01 -8.00000000e-01  0.00000000e+00  3.44360096e-11 -3.66601736e-12 -3.07698514e-11  0.00000000e+00  1.40855263e-16 
-8.10000000e-01 -8.10000000e-01  0.00000000e+00  3.44457796e-11 -3.67585813e-12 -3.07698614e-11  0.00000000e+00  6.00300528e-17 
-8.20000000e-01 -8.20000000e-01  0.00000000e+00  3.44555495e-11 -3.68570180e-12 -3.07698714e-11  0.00000000e+00  2.36836588e-17 
-8.30000000e-01 -8.30000000e-01  0.00000000e+00  3.44655415e-11 -3.69554849e-12 -3.07698814e-11  0.00000000e+00  1.11632686e-16 
-8.40000000e-01 -8.40000000e-01  0.00000000e+00  3.44753115e-11 -3.70539831e-12 -3.07698914e-11  0.00000000e+00  2.17689454e-17 
-8.50000000e-01 -8.50000000e-01  0.00000000e+00  3.44855255e-11 -3.71525138e-12 -3.07699014e-11  0.00000000e+00  3.72742709e-16 
-8.60000000e-01 -8.60000000e-01  0.00000000e+00  3.44948514e-11 -3.72510782e-12 -3.07699114e-11  0.00000000e+00  1.67825357e-16 
-8.70000000e-01 -8.70000000e-01  0.00000000e+00  3.45046214e-11 -3.73496773e-12 -3.07699214e-11  0.00000000e+00  2.67775086e-16 
-8.80000000e-01 -8.80000000e-01  0.00000000e+00  3.45146134e-11 -3.74483122e-12 -3.07699314e-11  0.00000000e+00  1.49254584e-16 
-8.90000000e-01 -8.90000000e-01  0.00000000e+00  3.45246054e-11 -3.75469838e-12 -3.07699414e-11  0.00000000e+00  3.44080885e-17 
-9.00000000e-01 -9.00000000e-01  0.00000000e+00  3.45343754e-11 -3.76456931e-12 -3.07699514e-11  0.00000000e+00  1.45376271e-16 
-9.10000000e-01 -9.10000000e-01  0.00000000e+00  3.45445894e-11 -3.77444410e-12 -3.07699614e-11  0.00000000e+00  1.83882022e-16 
-9.20000000e-01 -9.20000000e-01  0.00000000e+00  3.45541373e-11 -3.78432284e-12 -3.07699714e-11  0.00000000e+00  1.56945597e-16 
-9.30000000e-01 -9.30000000e-01  0.00000000e+00  3.45641293e-11 -3.79420563e-12 -3.07699814e-11  0.00000000e+00  5.77224279e-17 
-9.40000000e-01 -9.40000000e-01  0.00000000e+00  3.45743434e-11 -3.80409253e-12 -3.07699914e-11  0.00000000e+00  2.59423555e-16 
-9.50000000e-01 -9.50000000e-01  0.00000000e+00  3.45838913e-11 -3.81398364e-12 -3.07700014e-11  0.00000000e+00  9.37666206e-17 
-9.60000000e-01 -9.60000000e-01  0.00000000e+00  3.45941054e-11 -3.82387903e-12 -3.07700114e-11  0.00000000e+00  2.14896771e-16 
-9.70000000e-01 -9.70000000e-01  0.00000000e+00  3.46038753e-11 -3.83377877e-12 -3.07700214e-11  0.00000000e+00  7.51153633e-17 
-9.80000000e-01 -9.80000000e-01  0.00000000e+00  3.46136453e-11 -3.84368294e-12 -3.07700314e-11  0.00000000e+00  6.90946011e-17 
-9.90000000e-01 -9.90000000e-01  0.00000000e+00  3.46236373e-11 -3.85359162e-12 -3.07700414e-11  0.00000000e+00  4.24090092e-18 
-1.00000000e+00 -1.00000000e+00  0.00000000e+00  3.46336293e-11 -3.86350486e-12 -3.07700514e-11  0.00000000e+00  7.30088629e-17 
-1.01000000e+00 -1.01000000e+00  0.00000000e+00  3.46436213e-11 -3.87342273e-12 -3.07700614e-11  0.00000000e+00  1.37142999e-16 
-1.02000000e+00 -1.02000000e+00  0.00000000e+00  3.46536133e-11 -3.88334530e-12 -3.07700714e-11  0.00000000e+00  1.96579066e-16 
-1.03000000e+00 -1.03000000e+00  0.00000000e+00  3.46631612e-11 -3.89327263e-12 -3.07700814e-11  0.00000000e+00  1.92834505e-16 
-1.04000000e+00 -1.04000000e+00  0.00000000e+00  3.46733753e-11 -3.90320478e-12 -3.07700914e-11  0.00000000e+00  7.90648925e-17 
-1.05000000e+00 -1.05000000e+00  0.00000000e+00  3.46833673e-11 -3.91314182e-12 -3.07701014e-11  0.00000000e+00  1.24040112e-16 
-1.06000000e+00 -1.06000000e+00  0.00000000e+00  3.46933593e-11 -3.92308378e-12 -3.07701114e-11  0.00000000e+00  1.64078784e-16 
-1.07000000e+00 -1.07000000e+00  0.00000000e+00  3.47033513e-11 -3.93303074e-12 -3.07701214e-11  0.00000000e+00  1.99125553e-16 
-1.08000000e+00 -1.08000000e+00  0.00000000e+00  3.47128992e-11 -3.94298275e-12 -3.07701314e-11  0.00000000e+00  2.14962566e-16 
-1.09000000e+00 -1.09000000e+00  0.00000000e+00  3.47228912e-11 -3.95293985e-12 -3.07701414e-11  0.00000000e+00  1.90059441e-16 
-1.10000000e+00 -1.10000000e+00  0.00000000e+00  3.47328832e-11 -3.96290211e-12 -3.07701514e-11  0.00000000e+00  1.70305142e-16 
-1.11000000e+00 -1.11000000e+00  0.00000000e+00  3.47430973e-11 -3.97286956e-12 -3.07701614e-11  0.00000000e+00  6.62954925e-17 
-1.12000000e+00 -1.12000000e+00  0.00000000e+00  3.47533113e-11 -3.98284226e-12 -3.07701714e-11  0.00000000e+00  2.97649751e-16 
-1.13000000e+00 -1.13000000e+00  0.00000000e+00  3.47633033e-11 -3.99282025e-12 -3.07701814e-11  0.00000000e+00  3.01666164e-16 
-1.14000000e+00 -1.14000000e+00  0.00000000e+00  3.47730733e-11 -4.00280358e-12 -3.07701914e-11  0.00000000e+00  7.82991378e-17 
-1.15000000e+00 -1.15000000e+00  0.00000000e+00  3.47828433e-11 -4.01279229e-12 -3.07702014e-11  0.00000000e+00  1.50451152e-16 
-1.16000000e+00 -1.16000000e+00  0.00000000e+00  3.47930573e-11 -4.02278643e-12 -3.07702114e-11  0.00000000e+00  5.94612157e-17 
-1.17000000e+00 -1.17000000e+00  0.00000000e+00  3.48028273e-11 -4.03278604e-12 -3.07702214e-11  0.00000000e+00  1.80184350e-16 
-1.18000000e+00 -1.18000000e+00  0.00000000e+00  3.48130413e-11 -4.04279116e-12 -3.07702314e-11  0.00000000e+00  1.87494035e-17 
-1.19000000e+00 -1.19000000e+00  0.00000000e+00  3.48230333e-11 -4.05280182e-12 -3.07702414e-11  0.00000000e+00  9.91139927e-18 
-1.20000000e+00 -1.20000000e+00  0.00000000e+00  3.48330254e-11 -4.06281808e-12 -3.07702514e-11  0.00000000e+00  4.41613193e-17 
 0.00000000e+00  0.00000000e+00 -2.00000000e-01 -2.72161949e-26  2.76793773e-26 -4.63182320e-28  0.00000000e+00  4.86445718e-37 
-1.00000000e-02 -1.00000000e-02 -2.00000000e-01  4.64877997e-11 -3.95825541e-11 -6.90524763e-12  0.00000000e+00  2.02630393e-18 
-2.00000000e-02 -2.00000000e-02 -2.00000000e-01  8.45351011e-11 -7.22742853e-11 -1.22608113e-11  0.00000000e+00  4.52681847e-18 
-3.00000000e-02 -3.00000000e-02 -2.00000000e-01  1.14789851e-10 -9.83753736e-11 -1.64144734e-11  0.00000000e+00  4.15742052e-18 
-4.00000000e-02 -4.00000000e-02 -2.00000000e-01  1.38002457e-10 -1.18366505e-10 -1.96359666e-11  0.00000000e+00  1.44888266e-17 
-5.00000000e-02 -5.00000000e-02 -2.00000000e-01  1.55106261e-10 -1.32971755e-10 -2.21344896e-11  0.00000000e+00  1.69833890e-17 
-6.00000000e-02 -6.00000000e-02 -2.00000000e-01  1.67235031e-10 -1.43162749e-10 -2.40722925e-11  0.00000000e+00  1.05428062e-17 
-7.00000000e-02 -7.00000000e-02 -2.00000000e-01  1.75619352e-10 -1.50044156e-10 -2.55752129e-11  0.00000000e+00  1.60839006e-17 
-8.00000000e-02 -8.00000000e-02 -2.00000000e-01  1.81393900e-10 -1.54653063e-10 -2.67408479e-11  0.00000000e+00  1.07246598e-17 
-9.00000000e-02 -9.00000000e-02 -2.00000000e-01  1.85447130e-10 -1.57802244e-10 -2.76448915e-11  0.00000000e+00  5.50061252e-18 
-1.00000000e-01 -1.00000000e-01 -2.00000000e-01  1.88392080e-10 -1.60046029e-10 -2.83460505e-11  0.00000000e+00  1.19908231e-20 
-1.10000000e-01 -1.10000000e-01 -2.00000000e-01  1.90621324e-10 -1.61731462e-10 -2.88898566e-11  0.00000000e+00  5.89666500e-18 
-1.20000000e-01 -1.20000000e-01 -2.00000000e-01  1.92379224e-10 -1.63067578e-10 -2.93116231e-11  0.00000000e+00  2.29343442e-17 
-1.30000000e-01 -1.30000000e-01 -2.00000000e-01  1.93818295e-10 -1.64179544e-10 -2.96387384e-11  0.00000000e+00  1.19842039e-17 
-1.40000000e-01 -1.40000000e-01 -2.00000000e-01  1.95035738e-10 -1.65143316e-10 -2.98924442e-11  0.00000000e+00  2.25789431e-17 
-1.50000000e-01 -1.50000000e-01 -2.00000000e-01  1.96095279e-10 -1.66006057e-10 -3.00892152e-11  0.00000000e+00  6.47693199e-18 
-1.60000000e-01 -1.60000000e-01 -2.00000000e-01  1.97039607e-10 -1.66797859e-10 -3.02418288e-11  0.00000000e+00  8.08223181e-17 
-1.70000000e-01 -1.70000000e-01 -2.00000000e-01  1.97898642e-10 -1.67538461e-10 -3.03601949e-11  0.00000000e+00  1.39142117e-17 
-1.80000000e-01 -1.80000000e-01 -2.00000000e-01  1.98693118e-10 -1.68241169e-10 -3.04519993e-11  0.00000000e+00  5.07945582e-17 
-1.90000000e-01 -1.90000000e-01 -2.00000000e-01  1.99438410e-10 -1.68915184e-10 -3.05232031e-11  0.00000000e+00  2.34579173e-17 
-2.00000000e-01 -2.00000000e-01 -2.00000000e-01  2.00145456e-10 -1.69567020e-10 -3.05784294e-11  0.00000000e+00  6.16555045e-18 
-2.10000000e-01 -2.10000000e-01 -2.00000000e-01  2.00822692e-10 -1.70201394e-10 -3.06212641e-11  0.00000000e+00  3.36909964e-17 
-2.20000000e-01 -2.20000000e-01 -2.00000000e-01  2.01476280e-10 -1.70821788e-10 -3.06544879e-11  0.00000000e+00  4.24373245e-18 
-2.30000000e-01 -2.30000000e-01 -2.00000000e-01  2.02111106e-10 -1.71430822e-10 -3.06802579e-11  0.00000000e+00  2.61320347e-17 
-2.40000000e-01 -2.40000000e-01 -2.00000000e-01  2.02730721e-10 -1.72030500e-10 -3.07002467e-11  0.00000000e+00  2.51991206e-17 
-2.50000000e-01 -2.50000000e-01 -2.00000000e-01  2.03338069e-10 -1.72622379e-10 -3.07157519e-11  0.00000000e+00  6.27248299e-17 
-2.60000000e-01 -2.60000000e-01 -2.00000000e-01  2.03935480e-10 -1.73207689e-10 -3.07277796e-11  0.00000000e+00  1.08937548e-17 
-2.70000000e-01 -2.70000000e-01 -2.00000000e-01  2.04524508e-10 -1.73787409e-10 -3.07371103e-11  0.00000000e+00  1.12059251e-17 
-2.80000000e-01 -2.80000000e-01 -2.00000000e-01  2.05106598e-10 -1.74362333e-10 -3.07443492e-11  0.00000000e+00  8.39364792e-17 
-2.90000000e-01 -2.90000000e-01 -2.00000000e-01  2.05683082e-10 -1.74933109e-10 -3.07499658e-11  0.00000000e+00  7.23853757e-18 
-3.00000000e-01 -3.00000000e-01 -2.00000000e-01  2.06254569e-10 -1.75500272e-10 -3.07543242e-11  0.00000000e+00  2.67050023e-17 
-3.10000000e-01 -3.10000000e-01 -2.00000000e-01  2.06822004e-10 -1.76064268e-10 -3.07577067e-11  0.00000000e+00  2.88494550e-17 
-3.20000000e-01 -3.20000000e-01 -2.00000000e-01  2.07385775e-10 -1.76625475e-10 -3.07603323e-11  0.00000000e+00  3.24301076e-17 
-3.30000000e-01 -3.30000000e-01 -2.00000000e-01  2.07946549e-10 -1.77184211e-10 -3.07623709e-11  0.00000000e+00  3.32192858e-17 
-3.40000000e-01 -3.40000000e-01 -2.00000000e-01  2.08504658e-10 -1.77740749e-10 -3.07639543e-11  0.00000000e+00  4.49024545e-17 
-3.50000000e-01 -3.50000000e-01 -2.00000000e-01  2.09060547e-10 -1.78295322e-10 -3.07651846e-11  0.00000000e+00  3.95894499e-17 
-3.60000000e-01 -3.60000000e-01 -2.00000000e-01  2.09614215e-10 -1.78848136e-10 -3.07661410e-11  0.00000000e+00  6.25735902e-17 
-3.70000000e-01 -3.70000000e-01 -2.00000000e-01  2.10166329e-10 -1.79399368e-10 -3.07668850e-11  0.00000000e+00  7.56995556e-17 
-3.80000000e-01 -3.80000000e-01 -2.00000000e-01  2.10716666e-10 -1.79949173e-10 -3.07674643e-11  0.00000000e+00  2.88991293e-17 
-3.90000000e-01 -3.90000000e-01 -2.00000000e-01  2.11265561e-10 -1.80497689e-10 -3.07679158e-11  0.00000000e+00  4.43026464e-17 
-4.00000000e-01 -4.00000000e-01 -2.00000000e-01  2.11813234e-10 -1.81045038e-10 -3.07682682e-11  0.00000000e+00  7.23656062e-17 
-4.10000000e-01 -4.10000000e-01 -2.00000000e-01  2.12359796e-10 -1.81591328e-10 -3.07685438e-11  0.00000000e+00  7.50233736e-17 
-4.20000000e-01 -4.20000000e-01 -2.00000000e-01  2.12905360e-10 -1.82136656e-10 -3.07687598e-11  0.00000000e+00  5.55884319e-17 
-4.30000000e-01 -4.30000000e-01 -2.00000000e-01  2.13450146e-10 -1.82681109e-10 -3.07689296e-11  0.00000000e+00  1.07386312e-16 
-4.40000000e-01 -4.40000000e-01 -2.00000000e-01  2.13993934e-10 -1.83224767e-10 -3.07690635e-11  0.00000000e+00  1.02819250e-16 
-4.50000000e-01 -4.50000000e-01 -2.00000000e-01  2.14536722e-10 -1.83767701e-10 -3.07691696e-11  0.00000000e+00  1.48538633e-16 
-4.60000000e-01 -4.60000000e-01 -2.00000000e-01  2.15079177e-10 -1.84309974e-10 -3.07692541e-11  0.00000000e+00  5.14659624e-17 
-4.70000000e-01 -4.70000000e-01 -2.00000000e-01  2.15620855e-10 -1.84851646e-10 -3.07693219e-11  0.00000000e+00  1.13822001e-16 
-4.80000000e-01 -4.80000000e-01 -2.00000000e-01  2.16162310e-10 -1.85392772e-10 -3.07693768e-11  0.00000000e+00  1.61889866e-16 
-4.90000000e-01 -4.90000000e-01 -2.00000000e-01  2.16702989e-10 -1.85933399e-10 -3.07694215e-11  0.00000000e+00  1.68276899e-16 
-5.00000000e-01 -5.00000000e-01 -2.00000000e-01  2.17243001e-10 -1.86473574e-10 -3.07694585e-11  0.00000000e+00  3.12715441e-17 
-5.10000000e-01 -5.10000000e-01 -2.00000000e-01  2.17782903e-10 -1.87013339e-10 -3.07694894e-11  0.00000000e+00  7.47940102e-17 
-5.20000000e-01 -5.20000000e-01 -2.00000000e-01  2.18322249e-10 -1.87552731e-10 -3.07695156e-11  0.00000000e+00  2.40726035e-18 
-5.30000000e-01 -5.30000000e-01 -2.00000000e-01  2.18861262e-10 -1.88091787e-10 -3.07695382e-11  0.00000000e+00  6.31931652e-17 
-5.40000000e-01 -5.40000000e-01 -2.00000000e-01  2.19400054e-10 -1.88630541e-10 -3.07695580e-11  0.00000000e+00  4.49730934e-17 
-5.50000000e-01 -5.50000000e-01 -2.00000000e-01  2.19938623e-10 -1.89169022e-10 -3.07695755e-11  0.00000000e+00  2.55953833e-17 
-5.60000000e-01 -5.60000000e-01 -2.00000000e-01  2.20476859e-10 -1.89707259e-10 -3.07695914e-11  0.00000000e+00  8.27195493e-18 
-5.70000000e-01 -5.70000000e-01 -2.00000000e-01  2.21014984e-10 -1.90245280e-10 -3.07696060e-11  0.00000000e+00  9.79118516e-17 
-5.80000000e-01 -5.80000000e-01 -2.00000000e-01  2.21552665e-10 -1.90783110e-10 -3.07696195e-11  0.00000000e+00  6.39099729e-17 
-5.90000000e-01 -5.90000000e-01 -2.00000000e-01  2.22090346e-10 -1.91320771e-10 -3.07696322e-11  0.00000000e+00  5.68030981e-17 
-6.00000000e-01 -6.00000000e-01 -2.00000000e-01  2.22627916e-10 -1.91858286e-10 -3.07696444e-11  0.00000000e+00  1.39807126e-17 
-6.10000000e-01 -6.10000000e-01 -2.00000000e-01  2.23165264e-10 -1.92395675e-10 -3.07696560e-11  0.00000000e+00  6.72811854e-17 
-6.20000000e-01 -6.20000000e-01 -2.00000000e-01  2.23702834e-10 -1.92932959e-10 -3.07696673e-11  0.00000000e+00  2.07824801e-16 
-6.30000000e-01 -6.30000000e-01 -2.00000000e-01  2.24239738e-10 -1.93470155e-10 -3.07696783e-11  0.00000000e+00  9.52492693e-17 
-6.40000000e-01 -6.40000000e-01 -2.00000000e-01  2.24776864e-10 -1.94007280e-10 -3.07696890e-11  0.00000000e+00  1.05675457e-16 
-6.50000000e-01 -6.50000000e-01 -2.00000000e-01  2.25314212e-10 -1.94544352e-10 -3.07696996e-11  0.00000000e+00  1.60169832e-16 
-6.60000000e-01 -6.60000000e-01 -2.00000000e-01  2.25851116e-10 -1.95081385e-10 -3.07697101e-11  0.00000000e+00  2.06749932e-17 
-6.70000000e-01 -6.70000000e-01 -2.00000000e-01  2.26388241e-10 -1.95618394e-10 -3.07697205e-11  0.00000000e+00  1.27327154e-16 
-6.80000000e-01 -6.80000000e-01 -2.00000000e-01  2.26925145e-10 -1.96155392e-10 -3.07697307e-11  0.00000000e+00  2.21597913e-17 
-6.90000000e-01 -6.90000000e-01 -2.00000000e-01  2.27462049e-10 -1.96692394e-10 -3.07697410e-11  0.00000000e+00  8.59453878e-17 
-7.00000000e-01 -7.00000000e-01 -2.00000000e-01  2.27998953e-10 -1.97229411e-10 -3.07697511e-11  0.00000000e+00  2.09487287e-16 
-7.10000000e-01 -7.10000000e-01 -2.00000000e-01  2.28536301e-10 -1.97766456e-10 -3.07697613e-11  0.00000000e+00  8.37422475e-17 
-7.20000000e-01 -7.20000000e-01 -2.00000000e-01  2.29073205e-10 -1.98303539e-10 -3.07697714e-11  0.00000000e+00  1.05740091e-16 
-7.30000000e-01 -7.30000000e-01 -2.00000000e-01  2.29610553e-10 -1.98840672e-10 -3.07697814e-11  0.00000000e+00  9.94777463e-17 
-7.40000000e-01 -7.40000000e-01 -2.00000000e-01  2.30147901e-10 -1.99377864e-10 -3.07697915e-11  0.00000000e+00  2.45042869e-16 
-7.50000000e-01 -7.50000000e-01 -2.00000000e-01  2.30685027e-10 -1.99915126e-10 -3.07698015e-11  0.00000000e+00  9.91183219e-17 
-7.60000000e-01 -7.60000000e-01 -2.00000000e-01  2.31222153e-10 -2.00452467e-10 -3.07698116e-11  0.00000000e+00  1.25602438e-16 
-7.70000000e-01 -7.70000000e-01 -2.00000000e-01  2.31759945e-10 -2.00989895e-10 -3.07698216e-11  0.00000000e+00  2.28077923e-16 
-7.80000000e-01 -7.80000000e-01 -2.00000000e-01  2.32297293e-10 -2.01527419e-10 -3.07698316e-11  0.00000000e+00  4.13890033e-17 
-7.90000000e-01 -7.90000000e-01 -2.00000000e-01  2.32835085e-10 -2.02065049e-10 -3.07698417e-11  0.00000000e+00  1.94328120e-16 
-8.00000000e-01 -8.00000000e-01 -2.00000000e-01  2.33372655e-10 -2.02602790e-10 -3.07698517e-11  0.00000000e+00  1.29250016e-17 
-8.10000000e-01 -8.10000000e-01 -2.00000000e-01  2.33910669e-10 -2.03140651e-10 -3.07698617e-11  0.00000000e+00  1.55802055e-16 
-8.20000000e-01 -8.20000000e-01 -2.00000000e-01  2.34448683e-10 -2.03678639e-10 -3.07698717e-11  0.00000000e+00  1.71665205e-16 
-8.30000000e-01 -8.30000000e-01 -2.00000000e-01  2.34986475e-10 -2.04216761e-10 -3.07698817e-11  0.00000000e+00  1.68445675e-16 
-8.40000000e-01 -8.40000000e-01 -2.00000000e-01  2.35524933e-10 -2.04755024e-10 -3.07698917e-11  0.00000000e+00  1.70058972e-17 
-8.50000000e-01 -8.50000000e-01 -2.00000000e-01  2.36063169e-10 -2.05293434e-10 -3.07699017e-11  0.00000000e+00  1.66541439e-16 
-8.60000000e-01 -8.60000000e-01 -2.00000000e-01  2.36602293e-10 -2.05831997e-10 -3.07699117e-11  0.00000000e+00  3.84997179e-16 
-8.70000000e-01 -8.70000000e-01 -2.00000000e-01  2.37140974e-10 -2.06370718e-10 -3.07699217e-11  0.00000000e+00  3.33448208e-16 
-8.80000000e-01 -8.80000000e-01 -2.00000000e-01  2.37679876e-10 -2.06909605e-10 -3.07699317e-11  0.00000000e+00  3.39259428e-16 
-8.90000000e-01 -8.90000000e-01 -2.00000000e-01  2.38218556e-10 -2.07448661e-10 -3.07699417e-11  0.00000000e+00  4.71350597e-17 
-9.00000000e-01 -9.00000000e-01 -2.00000000e-01  2.38757680e-10 -2.07987893e-10 -3.07699517e-11  0.00000000e+00  1.64880238e-16 
-9.10000000e-01 -9.10000000e-01 -2.00000000e-01  2.39297249e-10 -2.08527306e-10 -3.07699617e-11  0.00000000e+00  1.90662730e-17 
-9.20000000e-01 -9.20000000e-01 -2.00000000e-01  2.39836817e-10 -2.09066904e-10 -3.07699717e-11  0.00000000e+00  5.86930589e-17 
-9.30000000e-01 -9.30000000e-01 -2.00000000e-01  2.40377052e-10 -2.09606692e-10 -3.07699817e-11  0.00000000e+00  3.77633013e-16 
-9.40000000e-01 -9.40000000e-01 -2.00000000e-01  2.40916842e-10 -2.10146675e-10 -3.07699917e-11  0.00000000e+00  1.75110927e-16 
-9.50000000e-01 -9.50000000e-01 -2.00000000e-01  2.41456855e-10 -2.10686857e-10 -3.07700017e-11  0.00000000e+00  4.54849632e-18 
-9.60000000e-01 -9.60000000e-01 -2.00000000e-01  2.41997311e-10 -2.11227243e-10 -3.07700117e-11  0.00000000e+00  5.64238204e-17 
-9.70000000e-01 -9.70000000e-01 -2.00000000e-01  2.42537990e-10 -2.11767836e-10 -3.07700217e-11  0.00000000e+00  1.31848842e-16 
-9.80000000e-01 -9.80000000e-01 -2.00000000e-01  2.43078668e-10 -2.12308641e-10 -3.07700317e-11  0.00000000e+00  4.31864425e-18 
-9.90000000e-01 -9.90000000e-01 -2.00000000e-01  2.43619569e-10 -2.12849661e-10 -3.07700417e-11  0.00000000e+00  1.33905967e-16 
-1.00000000e+00 -1.00000000e+00 -2.00000000e-01  2.44160914e-10 -2.13390901e-10 -3.07700517e-11  0.00000000e+00  3.86176926e-17 
-1.01000000e+00 -1.01000000e+00 -2.00000000e-01  2.44702258e-10 -2.13932363e-10 -3.07700617e-11  0.00000000e+00  1.66175297e-16 
-1.02000000e+00 -1.02000000e+00 -2.00000000e-01  2.45244047e-10 -2.14474052e-10 -3.07700717e-11  0.00000000e+00  7.60093236e-17 
-1.03000000e+00 -1.03000000e+00 -2.00000000e-01  2.45786058e-10 -2.15015970e-10 -3.07700817e-11  0.00000000e+00  6.42290283e-18 
-1.04000000e+00 -1.04000000e+00 -2.00000000e-01  2.46328291e-10 -2.15558122e-10 -3.07700917e-11  0.00000000e+00  7.78116814e-17 
-1.05000000e+00 -1.05000000e+00 -2.00000000e-01  2.46870524e-10 -2.16100509e-10 -3.07701017e-11  0.00000000e+00  8.70988069e-17 
-1.06000000e+00 -1.06000000e+00 -2.00000000e-01  2.47413645e-10 -2.16643137e-10 -3.07701117e-11  0.00000000e+00  3.96752945e-16 
-1.07000000e+00 -1.07000000e+00 -2.00000000e-01  2.47955878e-10 -2.17186006e-10 -3.07701217e-11  0.00000000e+00  2.50016184e-16 
-1.08000000e+00 -1.08000000e+00 -2.00000000e-01  2.48499443e-10 -2.17729121e-10 -3.07701317e-11  0.00000000e+00  1.90100422e-16 
-1.09000000e+00 -1.09000000e+00 -2.00000000e-01  2.49042342e-10 -2.18272485e-10 -3.07701417e-11  0.00000000e+00  2.84154990e-16 
-1.10000000e+00 -1.10000000e+00 -2.00000000e-01  2.49586352e-10 -2.18816099e-10 -3.07701517e-11  0.00000000e+00  1.00798499e-16 
-1.11000000e+00 -1.11000000e+00 -2.00000000e-01  2.50130139e-10 -2.19359967e-10 -3.07701617e-11  0.00000000e+00  9.99398492e-18 
-1.12000000e+00 -1.12000000e+00 -2.00000000e-01  2.50674148e-10 -2.19904091e-10 -3.07701717e-11  0.00000000e+00  1.15104707e-16 
-1.13000000e+00 -1.13000000e+00 -2.00000000e-01  2.51218824e-10 -2.20448475e-10 -3.07701817e-11  0.00000000e+00  1.67037515e-16 
-1.14000000e+00 -1.14000000e+00 -2.00000000e-01  2.51763277e-10 -2.20993119e-10 -3.07701917e-11  0.00000000e+00  3.42439285e-17 
-1.15000000e+00 -1.15000000e+00 -2.00000000e-01  2.52307952e-10 -2.21538028e-10 -3.07702017e-11  0.00000000e+00  2.77280020e-16 
-1.16000000e+00 -1.16000000e+00 -2.00000000e-01  2.52853960e-10 -2.22083202e-10 -3.07702117e-11  0.00000000e+00  5.45795221e-16 
-1.17000000e+00 -1.17000000e+00 -2.00000000e-01  2.53399079e-10 -2.22628646e-10 -3.07702217e-11  0.00000000e+00  2.12239848e-16 
-1.18000000e+00 -1.18000000e+00 -2.00000000e-01  2.53944421e-10 -2.23174359e-10 -3.07702317e-11  0.00000000e+00  1.69960693e-16 
-1.19000000e+00 -1.19000000e+00 -2.00000000e-01  2.54490873e-10 -2.23720346e-10 -3.07702417e-11  0.00000000e+00  2.85191200e-16 
-1.20000000e+00 -1.20000000e+00 -2.00000000e-01  2.55036881e-10 -2.24266608e-10 -3.07702517e-11  0.00000000e+00  2.12568511e-17 
 0.00000000e+00  0.00000000e+00 -4.00000000e-01 -3.01757840e-25  3.00209517e-25  1.54832295e-27  0.00000000e+00  3.37735799e-38 
-1.00000000e-02 -1.00000000e-02 -4.00000000e-01  1.17405722e-09 -1.16715197e-09 -6.90524878e-12  0.00000000e+00  2.32677627e-18 
-2.00000000e-02 -2.00000000e-02 -4.00000000e-01  2.14374004e-09 -2.13147922e-09 -1.22608136e-11  0.00000000e+00  7.67386461e-18 
-3.00000000e-02 -3.00000000e-02 -4.00000000e-01  2.91821354e-09 -2.90179906e-09 -1.64144767e-11  0.00000000e+00  5.41869275e-19 
-4.00000000e-02 -4.00000000e-02 -4.00000000e-01  3.51182770e-09 -3.49219172e-09 -1.96359707e-11  0.00000000e+00  1.33876713e-17 
-5.00000000e-02 -5.00000000e-02 -4.00000000e-01  3.94598287e-09 -3.92384838e-09 -2.21344944e-11  0.00000000e+00  3.95745781e-18 
-6.00000000e-02 -6.00000000e-02 -4.00000000e-01  4.24930187e-09 -4.22522958e-09 -2.40722977e-11  0.00000000e+00  1.35523670e-17 
-7.00000000e-02 -7.00000000e-02 -4.00000000e-01  4.45434135e-09 -4.42876614e-09 -2.55752185e-11  0.00000000e+00  3.16217241e-18 
-8.00000000e-02 -8.00000000e-02 -4.00000000e-01  4.59173879e-09 -4.56499797e-09 -2.67408537e-11  0.00000000e+00  2.82770574e-17 
-9.00000000e-02 -9.00000000e-02 -4.00000000e-01  4.68557826e-09 -4.65793338e-09 -2.76448975e-11  0.00000000e+00  2.32875634e-17 
-1.00000000e-01 -1.00000000e-01 -4.00000000e-01  4.75233408e-09 -4.72398808e-09 -2.83460567e-11  0.00000000e+00  5.74216270e-17 
-1.10000000e-01 -1.10000000e-01 -4.00000000e-01  4.80234691e-09 -4.77345709e-09 -2.88898629e-11  0.00000000e+00  4.83243179e-17 
-1.20000000e-01 -1.20000000e-01 -4.00000000e-01  4.84185936e-09 -4.81254772e-09 -2.93116295e-11  0.00000000e+00  1.29514473e-17 
-1.30000000e-01 -1.30000000e-01 -4.00000000e-01  4.87461729e-09 -4.84497854e-09 -2.96387448e-11  0.00000000e+00  8.80735200e-18 
-1.40000000e-01 -1.40000000e-01 -4.00000000e-01  4.90289878e-09 -4.87300636e-09 -2.98924507e-11  0.00000000e+00  2.77863125e-17 
-1.50000000e-01 -1.50000000e-01 -4.00000000e-01  4.92812163e-09 -4.89803246e-09 -3.00892217e-11  0.00000000e+00  4.81962455e-17 
-1.60000000e-01 -1.60000000e-01 -4.00000000e-01  4.95119246e-09 -4.92095068e-09 -3.02418354e-11  0.00000000e+00  5.70342564e-17 
-1.70000000e-01 -1.70000000e-01 -4.00000000e-01  4.97270741e-09 -4.94234724e-09 -3.03602015e-11  0.00000000e+00  3.20978273e-17 
-1.80000000e-01 -1.80000000e-01 -4.00000000e-01  4.99306912e-09 -4.96261719e-09 -3.04520059e-11  0.00000000e+00  7.08674910e-17 
-1.90000000e-01 -1.90000000e-01 -4.00000000e-01  5.01255681e-09 -4.98203361e-09 -3.05232097e-11  0.00000000e+00  1.37359066e-18 
-2.00000000e-01 -2.00000000e-01 -4.00000000e-01  5.03136827e-09 -5.00078982e-09 -3.05784361e-11  0.00000000e+00  1.25521745e-17 
-2.10000000e-01 -2.10000000e-01 -4.00000000e-01  5.04964709e-09 -5.01902572e-09 -3.06212708e-11  0.00000000e+00  9.84229805e-17 
-2.20000000e-01 -2.20000000e-01 -4.00000000e-01  5.06749903e-09 -5.03684460e-09 -3.06544947e-11  0.00000000e+00  6.43828099e-17 
-2.30000000e-01 -2.30000000e-01 -4.00000000e-01  5.08500442e-09 -5.05432414e-09 -3.06802646e-11  0.00000000e+00  8.84355428e-18 
-2.40000000e-01 -2.40000000e-01 -4.00000000e-01  5.10222403e-09 -5.07152377e-09 -3.07002535e-11  0.00000000e+00  5.94278746e-18 
-2.50000000e-01 -2.50000000e-01 -4.00000000e-01  5.11920545e-09 -5.08848966e-09 -3.07157587e-11  0.00000000e+00  3.28176507e-17 
-2.60000000e-01 -2.60000000e-01 -4.00000000e-01  5.13598603e-09 -5.10525819e-09 -3.07277865e-11  0.00000000e+00  5.34807030e-17 
-2.70000000e-01 -2.70000000e-01 -4.00000000e-01  5.15259552e-09 -5.12185842e-09 -3.07371172e-11  0.00000000e+00  1.86758366e-17 
-2.80000000e-01 -2.80000000e-01 -4.00000000e-01  5.16905818e-09 -5.13831385e-09 -3.07443561e-11  0.00000000e+00  2.17001598e-17 
-2.90000000e-01 -2.90000000e-01 -4.00000000e-01  5.18539367e-09 -5.15464367e-09 -3.07499727e-11  0.00000000e+00  2.23902640e-17 
-3.00000000e-01 -3.00000000e-01 -4.00000000e-01  5.20161814e-09 -5.17086376e-09 -3.07543311e-11  0.00000000e+00  4.11272495e-17 
-3.10000000e-01 -3.10000000e-01 -4.00000000e-01  5.21774501e-09 -5.18698734e-09 -3.07577136e-11  0.00000000e+00  4.26927023e-17 
-3.20000000e-01 -3.20000000e-01 -4.00000000e-01  5.23378585e-09 -5.20302554e-09 -3.07603393e-11  0.00000000e+00  3.25630666e-17 
-3.30000000e-01 -3.30000000e-01 -4.00000000e-01  5.24975019e-09 -5.21898781e-09 -3.07623779e-11  0.00000000e+00  6.16267375e-18 
-3.40000000e-01 -3.40000000e-01 -4.00000000e-01  5.26564614e-09 -5.23488221e-09 -3.07639613e-11  0.00000000e+00  2.71714584e-17 
-3.50000000e-01 -3.50000000e-01 -4.00000000e-01  5.28148081e-09 -5.25071570e-09 -3.07651916e-11  0.00000000e+00  8.11475899e-17 
-3.60000000e-01 -3.60000000e-01 -4.00000000e-01  5.29726041e-09 -5.26649430e-09 -3.07661480e-11  0.00000000e+00  4.36415756e-17 
-3.70000000e-01 -3.70000000e-01 -4.00000000e-01  5.31299016e-09 -5.28222328e-09 -3.07668921e-11  0.00000000e+00  1.37741740e-17 
-3.80000000e-01 -3.80000000e-01 -4.00000000e-01  5.32867461e-09 -5.29790724e-09 -3.07674714e-11  0.00000000e+00  9.78281928e-17 
-3.90000000e-01 -3.90000000e-01 -4.00000000e-01  5.34431810e-09 -5.31355025e-09 -3.07679229e-11  0.00000000e+00  6.93273478e-17 
-4.00000000e-01 -4.00000000e-01 -4.00000000e-01  5.35992417e-09 -5.32915590e-09 -3.07682754e-11  0.00000000e+00  8.88776767e-18 
-4.10000000e-01 -4.10000000e-01 -4.00000000e-01  5.37549594e-09 -5.34472743e-09 -3.07685510e-11  0.00000000e+00  4.05494570e-17 
-4.20000000e-01 -4.20000000e-01 -4.00000000e-01  5.39103640e-09 -5.36026768e-09 -3.07687670e-11  0.00000000e+00  5.59208306e-17 
-4.30000000e-01 -4.30000000e-01 -4.00000000e-01  5.40654810e-09 -5.37577926e-09 -3.07689368e-11  0.00000000e+00  9.46983431e-17 
-4.40000000e-01 -4.40000000e-01 -4.00000000e-01  5.42203360e-09 -5.39126447e-09 -3.07690707e-11  0.00000000e+00  5.98265286e-17 
-4.50000000e-01 -4.50000000e-01 -4.00000000e-01  5.43749457e-09 -5.40672543e-09 -3.07691768e-11  0.00000000e+00  4.06320415e-17 
-4.60000000e-01 -4.60000000e-01 -4.00000000e-01  5.45293333e-09 -5.42216405e-09 -3.07692614e-11  0.00000000e+00  1.69328212e-17 
-4.70000000e-01 -4.70000000e-01 -4.00000000e-01  5.46835144e-09 -5.43758207e-09 -3.07693292e-11  0.00000000e+00  3.97660956e-17 
-4.80000000e-01 -4.80000000e-01 -4.00000000e-01  5.48375045e-09 -5.45298108e-09 -3.07693841e-11  0.00000000e+00  1.37383702e-17 
-4.90000000e-01 -4.90000000e-01 -4.00000000e-01  5.49913193e-09 -5.46836255e-09 -3.07694289e-11  0.00000000e+00  5.13740099e-17 
-5.00000000e-01 -5.00000000e-01 -4.00000000e-01  5.51449719e-09 -5.48372781e-09 -3.07694659e-11  0.00000000e+00  8.40701647e-17 
-5.10000000e-01 -5.10000000e-01 -4.00000000e-01  5.52984758e-09 -5.49907810e-09 -3.07694968e-11  0.00000000e+00  1.67188479e-17 
-5.20000000e-01 -5.20000000e-01 -4.00000000e-01  5.54518409e-09 -5.51441456e-09 -3.07695230e-11  0.00000000e+00  7.59719918e-18 
-5.30000000e-01 -5.30000000e-01 -4.00000000e-01  5.56050794e-09 -5.52973824e-09 -3.07695456e-11  0.00000000e+00  1.52999310e-16 
-5.40000000e-01 -5.40000000e-01 -4.00000000e-01  5.57581981e-09 -5.54505014e-09 -3.07695654e-11  0.00000000e+00  1.05168432e-16 
-5.50000000e-01 -5.50000000e-01 -4.00000000e-01  5.59112057e-09 -5.56035114e-09 -3.07695830e-11  0.00000000e+00  1.58943257e-16 
-5.60000000e-01 -5.60000000e-01 -4.00000000e-01  5.60641156e-09 -5.57564211e-09 -3.07695989e-11  0.00000000e+00  1.55618112e-16 
-5.70000000e-01 -5.70000000e-01 -4.00000000e-01  5.62169356e-09 -5.59092384e-09 -3.07696135e-11  0.00000000e+00  1.00644679e-16 
-5.80000000e-01 -5.80000000e-01 -4.00000000e-01  5.63696678e-09 -5.60619706e-09 -3.07696270e-11  0.00000000e+00  9.20083366e-17 
-5.90000000e-01 -5.90000000e-01 -4.00000000e-01  5.65223224e-09 -5.62146247e-09 -3.07696398e-11  0.00000000e+00  1.25017352e-16 
-6.00000000e-01 -6.00000000e-01 -4.00000000e-01  5.66749048e-09 -5.63672072e-09 -3.07696519e-11  0.00000000e+00  1.05303661e-16 
-6.10000000e-01 -6.10000000e-01 -4.00000000e-01  5.68274217e-09 -5.65197241e-09 -3.07696636e-11  0.00000000e+00  8.90763992e-17 
-6.20000000e-01 -6.20000000e-01 -4.00000000e-01  5.69798764e-09 -5.66721813e-09 -3.07696749e-11  0.00000000e+00  1.64204629e-16 
-6.30000000e-01 -6.30000000e-01 -4.00000000e-01  5.71322811e-09 -5.68245840e-09 -3.07696859e-11  0.00000000e+00  2.65038798e-17 
-6.40000000e-01 -6.40000000e-01 -4.00000000e-01  5.72846348e-09 -5.69769374e-09 -3.07696967e-11  0.00000000e+00  4.07675213e-17 
-6.50000000e-01 -6.50000000e-01 -4.00000000e-01  5.74369441e-09 -5.71292464e-09 -3.07697073e-11  0.00000000e+00  6.37322869e-17 
-6.60000000e-01 -6.60000000e-01 -4.00000000e-01  5.75892112e-09 -5.72815154e-09 -3.07697178e-11  0.00000000e+00  1.37253209e-16 
-6.70000000e-01 -6.70000000e-01 -4.00000000e-01  5.77414450e-09 -5.74337487e-09 -3.07697282e-11  0.00000000e+00  1.04351573e-16 
-6.80000000e-01 -6.80000000e-01 -4.00000000e-01  5.78936499e-09 -5.75859505e-09 -3.07697385e-11  0.00000000e+00  1.98783114e-16 
-6.90000000e-01 -6.90000000e-01 -4.00000000e-01  5.80458193e-09 -5.77381246e-09 -3.07697487e-11  0.00000000e+00  2.80724535e-16 
-7.00000000e-01 -7.00000000e-01 -4.00000000e-01  5.81979731e-09 -5.78902746e-09 -3.07697589e-11  0.00000000e+00  8.83284375e-17 
-7.10000000e-01 -7.10000000e-01 -4.00000000e-01  5.83501025e-09 -5.80424041e-09 -3.07697690e-11  0.00000000e+00  6.87778685e-17 
-7.20000000e-01 -7.20000000e-01 -4.00000000e-01  5.85022142e-09 -5.81945164e-09 -3.07697792e-11  0.00000000e+00  5.23025196e-18 
-7.30000000e-01 -7.30000000e-01 -4.00000000e-01  5.86543103e-09 -5.83466147e-09 -3.07697893e-11  0.00000000e+00  2.27757769e-16 
-7.40000000e-01 -7.40000000e-01 -4.00000000e-01  5.88063975e-09 -5.84987019e-09 -3.07697994e-11  0.00000000e+00  2.33919965e-16 
-7.50000000e-01 -7.50000000e-01 -4.00000000e-01  5.89584803e-09 -5.86507809e-09 -3.07698094e-11  0.00000000e+00  1.33042723e-16 
-7.60000000e-01 -7.60000000e-01 -4.00000000e-01  5.91105542e-09 -5.88028545e-09 -3.07698195e-11  0.00000000e+00  1.54762962e-16 
-7.70000000e-01 -7.70000000e-01 -4.00000000e-01  5.92626215e-09 -5.89549253e-09 -3.07698295e-11  0.00000000e+00  2.08740121e-16 
-7.80000000e-01 -7.80000000e-01 -4.00000000e-01  5.94146954e-09 -5.91069957e-09 -3.07698396e-11  0.00000000e+00  1.24292281e-16 
-7.90000000e-01 -7.90000000e-01 -4.00000000e-01  5.95667693e-09 -5.92590683e-09 -3.07698496e-11  0.00000000e+00  2.48052844e-16 
-8.00000000e-01 -8.00000000e-01 -4.00000000e-01  5.97188454e-09 -5.94111453e-09 -3.07698596e-11  0.00000000e+00  1.55115100e-16 
-8.10000000e-01 -8.10000000e-01 -4.00000000e-01  5.98709260e-09 -5.95632288e-09 -3.07698697e-11  0.00000000e+00  1.52328366e-16 
-8.20000000e-01 -8.20000000e-01 -4.00000000e-01  6.00230199e-09 -5.97153211e-09 -3.07698797e-11  0.00000000e+00  3.12477090e-18 
-8.30000000e-01 -8.30000000e-01 -4.00000000e-01  6.01751227e-09 -5.98674240e-09 -3.07698897e-11  0.00000000e+00  2.48204599e-17 
-8.40000000e-01 -8.40000000e-01 -4.00000000e-01  6.03272388e-09 -6.00195396e-09 -3.07698998e-11  0.00000000e+00  1.38220366e-17 
-8.50000000e-01 -8.50000000e-01 -4.00000000e-01  6.04793682e-09 -6.01716698e-09 -3.07699098e-11  0.00000000e+00  6.73867440e-17 
-8.60000000e-01 -8.60000000e-01 -4.00000000e-01  6.06315176e-09 -6.03238162e-09 -3.07699198e-11  0.00000000e+00  2.18504540e-16 
-8.70000000e-01 -8.70000000e-01 -4.00000000e-01  6.07836803e-09 -6.04759807e-09 -3.07699298e-11  0.00000000e+00  3.30569983e-17 
-8.80000000e-01 -8.80000000e-01 -4.00000000e-01  6.09358652e-09 -6.06281649e-09 -3.07699399e-11  0.00000000e+00  9.86640799e-17 
-8.90000000e-01 -8.90000000e-01 -4.00000000e-01  6.10880724e-09 -6.07803703e-09 -3.07699499e-11  0.00000000e+00  2.55730196e-16 
-9.00000000e-01 -9.00000000e-01 -4.00000000e-01  6.12402973e-09 -6.09325986e-09 -3.07699599e-11  0.00000000e+00  9.35527491e-17 
-9.10000000e-01 -9.10000000e-01 -4.00000000e-01  6.13925533e-09 -6.10848512e-09 -3.07699699e-11  0.00000000e+00  2.34949681e-16 
-9.20000000e-01 -9.20000000e-01 -4.00000000e-01  6.15448292e-09 -6.12371296e-09 -3.07699799e-11  0.00000000e+00  1.18058509e-17 
-9.30000000e-01 -9.30000000e-01 -4.00000000e-01  6.16971363e-09 -6.13894350e-09 -3.07699900e-11  0.00000000e+00  1.38637315e-16 
-9.40000000e-01 -9.40000000e-01 -4.00000000e-01  6.18494655e-09 -6.15417689e-09 -3.07700000e-11  0.00000000e+00  3.34850711e-16 
-9.50000000e-01 -9.50000000e-01 -4.00000000e-01  6.20018326e-09 -6.16941325e-09 -3.07700100e-11  0.00000000e+00  6.32142147e-18 
-9.60000000e-01 -9.60000000e-01 -4.00000000e-01  6.21542262e-09 -6.18465271e-09 -3.07700200e-11  0.00000000e+00  1.09989079e-16 
-9.70000000e-01 -9.70000000e-01 -4.00000000e-01  6.23066576e-09 -6.19989539e-09 -3.07700300e-11  0.00000000e+00  3.44552514e-16 
-9.80000000e-01 -9.80000000e-01 -4.00000000e-01  6.24591157e-09 -6.21514139e-09 -3.07700401e-11  0.00000000e+00  1.31244444e-16 
-9.90000000e-01 -9.90000000e-01 -4.00000000e-01  6.26116070e-09 -6.23039085e-09 -3.07700501e-11  0.00000000e+00  1.95809044e-16 
-1.00000000e+00 -1.00000000e+00 -4.00000000e-01  6.27641406e-09 -6.24564385e-09 -3.07700601e-11  0.00000000e+00  1.43175914e-16 
-1.01000000e+00 -1.01000000e+00 -4.00000000e-01  6.29167074e-09 -6.26090051e-09 -3.07700701e-11  0.00000000e+00  1.55101995e-16 
-1.02000000e+00 -1.02000000e+00 -4.00000000e-01  6.30693098e-09 -6.27616094e-09 -3.07700802e-11  0.00000000e+00  3.95783088e-17 
-1.03000000e+00 -1.03000000e+00 -4.00000000e-01  6.32219543e-09 -6.29142522e-09 -3.07700902e-11  0.00000000e+00  1.26859001e-16 
-1.04000000e+00 -1.04000000e+00 -4.00000000e-01  6.33746366e-09 -6.30669345e-09 -3.07701002e-11  0.00000000e+00  1.14963015e-16 
-1.05000000e+00 -1.05000000e+00 -4.00000000e-01  6.35273567e-09 -6.32196573e-09 -3.07701102e-11  0.00000000e+00  1.67706864e-16 
-1.06000000e+00 -1.06000000e+00 -4.00000000e-01  6.36801234e-09 -6.33724214e-09 -3.07701202e-11  0.00000000e+00  7.73861865e-17 
-1.07000000e+00 -1.07000000e+00 -4.00000000e-01  6.38329278e-09 -6.35252278e-09 -3.07701303e-11  0.00000000e+00  1.24894358e-16 
-1.08000000e+00 -1.08000000e+00 -4.00000000e-01  6.39857789e-09 -6.36780772e-09 -3.07701403e-11  0.00000000e+00  2.92495258e-17 
-1.09000000e+00 -1.09000000e+00 -4.00000000e-01  6.41386677e-09 -6.38309705e-09 -3.07701503e-11  0.00000000e+00  4.30270195e-16 
-1.10000000e+00 -1.10000000e+00 -4.00000000e-01  6.42916076e-09 -6.39839085e-09 -3.07701603e-11  0.00000000e+00  2.50722121e-16 
-1.11000000e+00 -1.11000000e+00 -4.00000000e-01  6.44445919e-09 -6.41368919e-09 -3.07701703e-11  0.00000000e+00  1.75494891e-16 
-1.12000000e+00 -1.12000000e+00 -4.00000000e-01  6.45976272e-09 -6.42899216e-09 -3.07701804e-11  0.00000000e+00  3.86481131e-16 
-1.13000000e+00 -1.13000000e+00 -4.00000000e-01  6.47507004e-09 -6.44429982e-09 -3.07701904e-11  0.00000000e+00  2.99831318e-17 
-1.14000000e+00 -1.14000000e+00 -4.00000000e-01  6.49038223e-09 -6.45961224e-09 -3.07702004e-11  0.00000000e+00  2.05696724e-16 
-1.15000000e+00 -1.15000000e+00 -4.00000000e-01  6.50569998e-09 -6.47492949e-09 -3.07702104e-11  0.00000000e+00  2.76595915e-16 
-1.16000000e+00 -1.16000000e+00 -4.00000000e-01  6.52102194e-09 -6.49025165e-09 -3.07702205e-11  0.00000000e+00  7.74903580e-17 
-1.17000000e+00 -1.17000000e+00 -4.00000000e-01  6.53634902e-09 -6.50557877e-09 -3.07702305e-11  0.00000000e+00  1.98690198e-17 
-1.18000000e+00 -1.18000000e+00 -4.00000000e-01  6.55168075e-09 -6.52091092e-09 -3.07702405e-11  0.00000000e+00  4.03910842e-16 
-1.19000000e+00 -1.19000000e+00 -4.00000000e-01  6.56701871e-09 -6.53624816e-09 -3.07702505e-11  0.00000000e+00  2.98584455e-16 
-1.20000000e+00 -1.20000000e+00 -4.00000000e-01  6.58236110e-09 -6.55159055e-09 -3.07702605e-11  0.00000000e+00  2.90738221e-16 
 0.00000000e+00  0.00000000e+00 -6.00000000e-01 -5.23791839e-33 -1.50824410e-33  6.74616249e-33  0.00000000e+00  0.00000000e+00 
-1.00000000e-02 -1.00000000e-02 -6.00000000e-01  1.39674906e-08 -1.39605853e-08 -6.90526177e-12  0.00000000e+00  5.61707757e-18 
-2.00000000e-02 -2.00000000e-02 -6.00000000e-01  2.55782531e-08 -2.55659923e-08 -1.22608393e-11  0.00000000e+00  2.30794570e-18 
-3.00000000e-02 -3.00000000e-02 -6.00000000e-01  3.49275651e-08 -3.49111506e-08 -1.64145140e-11  0.00000000e+00  7.50757393e-18 
-4.00000000e-02 -4.00000000e-02 -6.00000000e-01  4.21666038e-08 -4.21469678e-08 -1.96360177e-11  0.00000000e+00  1.21522599e-17 
-5.00000000e-02 -5.00000000e-02 -6.00000000e-01  4.75238894e-08 -4.75017548e-08 -2.21345490e-11  0.00000000e+00  1.32327029e-17 
-6.00000000e-02 -6.00000000e-02 -6.00000000e-01  5.13116386e-08 -5.12875662e-08 -2.40723582e-11  0.00000000e+00  2.92978408e-17 
-7.00000000e-02 -7.00000000e-02 -6.00000000e-01  5.38961977e-08 -5.38706224e-08 -2.55752832e-11  0.00000000e+00  1.08901395e-17 
-8.00000000e-02 -8.00000000e-02 -6.00000000e-01  5.56354402e-08 -5.56086993e-08 -2.67409215e-11  0.00000000e+00  1.61937770e-17 
-9.00000000e-02 -9.00000000e-02 -6.00000000e-01  5.68212251e-08 -5.67935801e-08 -2.76449675e-11  0.00000000e+00  2.22951017e-17 
-1.00000000e-01 -1.00000000e-01 -6.00000000e-01  5.76592813e-08 -5.76309352e-08 -2.83461282e-11  0.00000000e+00  4.64912059e-17 
-1.10000000e-01 -1.10000000e-01 -6.00000000e-01  5.82814226e-08 -5.82525327e-08 -2.88899356e-11  0.00000000e+00  7.89902421e-18 
-1.20000000e-01 -1.20000000e-01 -6.00000000e-01  5.87681604e-08 -5.87388487e-08 -2.93117032e-11  0.00000000e+00  2.10853848e-17 
-1.30000000e-01 -1.30000000e-01 -6.00000000e-01  5.91680468e-08 -5.91384080e-08 -2.96388193e-11  0.00000000e+00  9.60332072e-18 
-1.40000000e-01 -1.40000000e-01 -6.00000000e-01  5.95106208e-08 -5.94807282e-08 -2.98925259e-11  0.00000000e+00  8.00771902e-18 
-1.50000000e-01 -1.50000000e-01 -6.00000000e-01  5.98142230e-08 -5.97841337e-08 -3.00892975e-11  0.00000000e+00  1.06308349e-17 
-1.60000000e-01 -1.60000000e-01 -6.00000000e-01  6.00905353e-08 -6.00602935e-08 -3.02419116e-11  0.00000000e+00  7.06833146e-17 
-1.70000000e-01 -1.70000000e-01 -6.00000000e-01  6.03472030e-08 -6.03168428e-08 -3.03602781e-11  0.00000000e+00  1.22943291e-16 
-1.80000000e-01 -1.80000000e-01 -6.00000000e-01  6.05893645e-08 -6.05589124e-08 -3.04520830e-11  0.00000000e+00  1.53385895e-17 
-1.90000000e-01 -1.90000000e-01 -6.00000000e-01  6.08205624e-08 -6.07900391e-08 -3.05232871e-11  0.00000000e+00  2.31634836e-17 
-2.00000000e-01 -2.00000000e-01 -6.00000000e-01  6.10432979e-08 -6.10127194e-08 -3.05785138e-11  0.00000000e+00  7.60307244e-18 
-2.10000000e-01 -2.10000000e-01 -6.00000000e-01  6.12593765e-08 -6.12287550e-08 -3.06213488e-11  0.00000000e+00  7.30009886e-17 
-2.20000000e-01 -2.20000000e-01 -6.00000000e-01  6.14701272e-08 -6.14394727e-08 -3.06545730e-11  0.00000000e+00  3.02534571e-17 
-2.30000000e-01 -2.30000000e-01 -6.00000000e-01  6.16765480e-08 -6.16458676e-08 -3.06803432e-11  0.00000000e+00  9.76966485e-17 
-2.40000000e-01 -2.40000000e-01 -6.00000000e-01  6.18793997e-08 -6.18486994e-08 -3.07003324e-11  0.00000000e+00  7.90972216e-17 
-2.50000000e-01 -2.50000000e-01 -6.00000000e-01  6.20792728e-08 -6.20485570e-08 -3.07158379e-11  0.00000000e+00  1.83046622e-17 
-2.60000000e-01 -2.60000000e-01 -6.00000000e-01  6.22766314e-08 -6.22459035e-08 -3.07278659e-11  0.00000000e+00  6.05491802e-18 
-2.70000000e-01 -2.70000000e-01 -6.00000000e-01  6.24718454e-08 -6.24411081e-08 -3.07371968e-11  0.00000000e+00  6.47131190e-17 
-2.80000000e-01 -2.80000000e-01 -6.00000000e-01  6.26652131e-08 -6.26344688e-08 -3.07444360e-11  0.00000000e+00  1.13189795e-16 
-2.90000000e-01 -2.90000000e-01 -6.00000000e-01  6.28569786e-08 -6.28262286e-08 -3.07500529e-11  0.00000000e+00  4.64329656e-17 
-3.00000000e-01 -3.00000000e-01 -6.00000000e-01  6.30473424e-08 -6.30165880e-08 -3.07544115e-11  0.00000000e+00  5.60247663e-17 
-3.10000000e-01 -3.10000000e-01 -6.00000000e-01  6.32364719e-08 -6.32057142e-08 -3.07577943e-11  0.00000000e+00  4.56913347e-17 
-3.20000000e-01 -3.20000000e-01 -6.00000000e-01  6.34245078e-08 -6.33937473e-08 -3.07604202e-11  0.00000000e+00  6.90577221e-19 
-3.30000000e-01 -3.30000000e-01 -6.00000000e-01  6.36115688e-08 -6.35808064e-08 -3.07624591e-11  0.00000000e+00  3.14408347e-17 
-3.40000000e-01 -3.40000000e-01 -6.00000000e-01  6.37977567e-08 -6.37669928e-08 -3.07640427e-11  0.00000000e+00  1.09099091e-16 
-3.50000000e-01 -3.50000000e-01 -6.00000000e-01  6.39831592e-08 -6.39523940e-08 -3.07652732e-11  0.00000000e+00  7.40508652e-17 
-3.60000000e-01 -3.60000000e-01 -6.00000000e-01  6.41678517e-08 -6.41370856e-08 -3.07662299e-11  0.00000000e+00  1.36680339e-16 
-3.70000000e-01 -3.70000000e-01 -6.00000000e-01  6.43519004e-08 -6.43211335e-08 -3.07669742e-11  0.00000000e+00  8.78720958e-17 
-3.80000000e-01 -3.80000000e-01 -6.00000000e-01  6.45353631e-08 -6.45045954e-08 -3.07675537e-11  0.00000000e+00  1.08715568e-16 
-3.90000000e-01 -3.90000000e-01 -6.00000000e-01  6.47182902e-08 -6.46875222e-08 -3.07680055e-11  0.00000000e+00  8.04394531e-17 
-4.00000000e-01 -4.00000000e-01 -6.00000000e-01  6.49007275e-08 -6.48699591e-08 -3.07683582e-11  0.00000000e+00  2.88961666e-17 
-4.10000000e-01 -4.10000000e-01 -6.00000000e-01  6.50827149e-08 -6.50519462e-08 -3.07686340e-11  0.00000000e+00  8.27747371e-17 
-4.20000000e-01 -4.20000000e-01 -6.00000000e-01  6.52642881e-08 -6.52335192e-08 -3.07688503e-11  0.00000000e+00  3.63290779e-18 
-4.30000000e-01 -4.30000000e-01 -6.00000000e-01  6.54454796e-08 -6.54147105e-08 -3.07690203e-11  0.00000000e+00  4.71457937e-17 
-4.40000000e-01 -4.40000000e-01 -6.00000000e-01  6.56263184e-08 -6.55955491e-08 -3.07691544e-11  0.00000000e+00  1.57442842e-16 
-4.50000000e-01 -4.50000000e-01 -6.00000000e-01  6.58068303e-08 -6.57760611e-08 -3.07692608e-11  0.00000000e+00  5.77457096e-17 
-4.60000000e-01 -4.60000000e-01 -6.00000000e-01  6.59870399e-08 -6.59562705e-08 -3.07693455e-11  0.00000000e+00  1.02189773e-16 
-4.70000000e-01 -4.70000000e-01 -6.00000000e-01  6.61669682e-08 -6.61361989e-08 -3.07694136e-11  0.00000000e+00  8.42146015e-17 
-4.80000000e-01 -4.80000000e-01 -6.00000000e-01  6.63466356e-08 -6.63158662e-08 -3.07694687e-11  0.00000000e+00  1.40093388e-17 
-4.90000000e-01 -4.90000000e-01 -6.00000000e-01  6.65260601e-08 -6.64952905e-08 -3.07695137e-11  0.00000000e+00  1.37680398e-16 
-5.00000000e-01 -5.00000000e-01 -6.00000000e-01  6.67052580e-08 -6.66744884e-08 -3.07695509e-11  0.00000000e+00  9.72313054e-18 
-5.10000000e-01 -5.10000000e-01 -6.00000000e-01  6.68842451e-08 -6.68534754e-08 -3.07695821e-11  0.00000000e+00  1.16296630e-16 
-5.20000000e-01 -5.20000000e-01 -6.00000000e-01  6.70630352e-08 -6.70322657e-08 -3.07696086e-11  0.00000000e+00  6.82107154e-17 
-5.30000000e-01 -5.30000000e-01 -6.00000000e-01  6.72416419e-08 -6.72108723e-08 -3.07696314e-11  0.00000000e+00  9.58994818e-18 
-5.40000000e-01 -5.40000000e-01 -6.00000000e-01  6.74200772e-08 -6.73893074e-08 -3.07696514e-11  0.00000000e+00  1.15229209e-16 
-5.50000000e-01 -5.50000000e-01 -6.00000000e-01  6.75983521e-08 -6.75675824e-08 -3.07696692e-11  0.00000000e+00  1.02695194e-16 
-5.60000000e-01 -5.60000000e-01 -6.00000000e-01  6.77764773e-08 -6.77457077e-08 -3.07696853e-11  0.00000000e+00  2.58493753e-17 
-5.70000000e-01 -5.70000000e-01 -6.00000000e-01  6.79544628e-08 -6.79236931e-08 -3.07697001e-11  0.00000000e+00  1.48490919e-17 
-5.80000000e-01 -5.80000000e-01 -6.00000000e-01  6.81323177e-08 -6.81015479e-08 -3.07697139e-11  0.00000000e+00  4.40601962e-17 
-5.90000000e-01 -5.90000000e-01 -6.00000000e-01  6.83100502e-08 -6.82792806e-08 -3.07697269e-11  0.00000000e+00  1.97490692e-16 
-6.00000000e-01 -6.00000000e-01 -6.00000000e-01  6.84876691e-08 -6.84568993e-08 -3.07697393e-11  0.00000000e+00  1.21243892e-17 
-6.10000000e-01 -6.10000000e-01 -6.00000000e-01  6.86651812e-08 -6.86344116e-08 -3.07697511e-11  0.00000000e+00  1.11513575e-16 
-6.20000000e-01 -6.20000000e-01 -6.00000000e-01  6.88425943e-08 -6.88118244e-08 -3.07697627e-11  0.00000000e+00  9.80475075e-17 
-6.30000000e-01 -6.30000000e-01 -6.00000000e-01  6.90199145e-08 -6.89891446e-08 -3.07697739e-11  0.00000000e+00  5.73556905e-17 
-6.40000000e-01 -6.40000000e-01 -6.00000000e-01  6.91971482e-08 -6.91663784e-08 -3.07697849e-11  0.00000000e+00  9.86937833e-18 
-6.50000000e-01 -6.50000000e-01 -6.00000000e-01  6.93743016e-08 -6.93435318e-08 -3.07697958e-11  0.00000000e+00  2.68440221e-18 
-6.60000000e-01 -6.60000000e-01 -6.00000000e-01  6.95513804e-08 -6.95206105e-08 -3.07698065e-11  0.00000000e+00  1.66170952e-16 
-6.70000000e-01 -6.70000000e-01 -6.00000000e-01  6.97283895e-08 -6.96976196e-08 -3.07698171e-11  0.00000000e+00  7.74285666e-17 
-6.80000000e-01 -6.80000000e-01 -6.00000000e-01  6.99053344e-08 -6.98745643e-08 -3.07698276e-11  0.00000000e+00  2.39024157e-16 
-6.90000000e-01 -6.90000000e-01 -6.00000000e-01  7.00822194e-08 -7.00514494e-08 -3.07698381e-11  0.00000000e+00  8.75486128e-17 
-7.00000000e-01 -7.00000000e-01 -6.00000000e-01  7.02590495e-08 -7.02282794e-08 -3.07698485e-11  0.00000000e+00  1.90550239e-16 
-7.10000000e-01 -7.10000000e-01 -6.00000000e-01  7.04358285e-08 -7.04050586e-08 -3.07698589e-11  0.00000000e+00  9.53237820e-18 
-7.20000000e-01 -7.20000000e-01 -6.00000000e-01  7.06125616e-08 -7.05817912e-08 -3.07698692e-11  0.00000000e+00  5.49351380e-16 
-7.30000000e-01 -7.30000000e-01 -6.00000000e-01  7.07892505e-08 -7.07584809e-08 -3.07698795e-11  0.00000000e+00  3.18600953e-16 
-7.40000000e-01 -7.40000000e-01 -6.00000000e-01  7.09659016e-08 -7.09351316e-08 -3.07698898e-11  0.00000000e+00  1.24482525e-16 
-7.50000000e-01 -7.50000000e-01 -6.00000000e-01  7.11425168e-08 -7.11117468e-08 -3.07699001e-11  0.00000000e+00  1.07248289e-16 
-7.60000000e-01 -7.60000000e-01 -6.00000000e-01  7.13191000e-08 -7.12883298e-08 -3.07699104e-11  0.00000000e+00  2.40798520e-16 
-7.70000000e-01 -7.70000000e-01 -6.00000000e-01  7.14956543e-08 -7.14648840e-08 -3.07699207e-11  0.00000000e+00  4.00126720e-16 
-7.80000000e-01 -7.80000000e-01 -6.00000000e-01  7.16721829e-08 -7.16414123e-08 -3.07699309e-11  0.00000000e+00  6.03139406e-16 
-7.90000000e-01 -7.90000000e-01 -6.00000000e-01  7.18486877e-08 -7.18179178e-08 -3.07699412e-11  0.00000000e+00  1.08042750e-16 
-8.00000000e-01 -8.00000000e-01 -6.00000000e-01  7.20251736e-08 -7.19944033e-08 -3.07699515e-11  0.00000000e+00  3.21871821e-16 
-8.10000000e-01 -8.10000000e-01 -6.00000000e-01  7.22016413e-08 -7.21708715e-08 -3.07699617e-11  0.00000000e+00  1.51349462e-16 
-8.20000000e-01 -8.20000000e-01 -6.00000000e-01  7.23780953e-08 -7.23473250e-08 -3.07699720e-11  0.00000000e+00  3.15392566e-16 
-8.30000000e-01 -8.30000000e-01 -6.00000000e-01  7.25545366e-08 -7.25237663e-08 -3.07699822e-11  0.00000000e+00  3.40840733e-16 
-8.40000000e-01 -8.40000000e-01 -6.00000000e-01  7.27309675e-08 -7.27001977e-08 -3.07699925e-11  0.00000000e+00  2.45565783e-16 
-8.50000000e-01 -8.50000000e-01 -6.00000000e-01  7.29073919e-08 -7.28766216e-08 -3.07700027e-11  0.00000000e+00  2.57012652e-16 
-8.60000000e-01 -8.60000000e-01 -6.00000000e-01  7.30838103e-08 -7.30530402e-08 -3.07700130e-11  0.00000000e+00  8.66899729e-17 
-8.70000000e-01 -8.70000000e-01 -6.00000000e-01  7.32602257e-08 -7.32294556e-08 -3.07700232e-11  0.00000000e+00  9.33031012e-18 
-8.80000000e-01 -8.80000000e-01 -6.00000000e-01  7.34366399e-08 -7.34058699e-08 -3.07700335e-11  0.00000000e+00  1.65361443e-17 
-8.90000000e-01 -8.90000000e-01 -6.00000000e-01  7.36130550e-08 -7.35822849e-08 -3.07700437e-11  0.00000000e+00  4.43391622e-17 
-9.00000000e-01 -9.00000000e-01 -6.00000000e-01  7.37894730e-08 -7.37587026e-08 -3.07700540e-11  0.00000000e+00  3.00061076e-16 
-9.10000000e-01 -9.10000000e-01 -6.00000000e-01  7.39658947e-08 -7.39351249e-08 -3.07700642e-11  0.00000000e+00  1.82256549e-16 
-9.20000000e-01 -9.20000000e-01 -6.00000000e-01  7.41423241e-08 -7.41115534e-08 -3.07700745e-11  0.00000000e+00  6.16925715e-16 
-9.30000000e-01 -9.30000000e-01 -6.00000000e-01  7.43187600e-08 -7.42879898e-08 -3.07700847e-11  0.00000000e+00  1.16858141e-16 
-9.40000000e-01 -9.40000000e-01 -6.00000000e-01  7.44952058e-08 -7.44644359e-08 -3.07700949e-11  0.00000000e+00  2.06742174e-16 
-9.50000000e-01 -9.50000000e-01 -6.00000000e-01  7.46716635e-08 -7.46408931e-08 -3.07701052e-11  0.00000000e+00  2.90508713e-16 
-9.60000000e-01 -9.60000000e-01 -6.00000000e-01  7.48481332e-08 -7.48173630e-08 -3.07701154e-11  0.00000000e+00  8.67460218e-17 
-9.70000000e-01 -9.70000000e-01 -6.00000000e-01  7.50246172e-08 -7.49938471e-08 -3.07701257e-11  0.00000000e+00  6.77444011e-17 
-9.80000000e-01 -9.80000000e-01 -6.00000000e-01  7.52011169e-08 -7.51703468e-08 -3.07701359e-11  0.00000000e+00  3.94604356e-17 
-9.90000000e-01 -9.90000000e-01 -6.00000000e-01  7.53776337e-08 -7.53468634e-08 -3.07701462e-11  0.00000000e+00  1.30193997e-16 
-1.00000000e+00 -1.00000000e+00 -6.00000000e-01  7.55541687e-08 -7.55233983e-08 -3.07701564e-11  0.00000000e+00  2.22813085e-16 
-1.01000000e+00 -1.01000000e+00 -6.00000000e-01  7.57307232e-08 -7.56999528e-08 -3.07701667e-11  0.00000000e+00  2.85096896e-16 
-1.02000000e+00 -1.02000000e+00 -6.00000000e-01  7.59072984e-08 -7.58765281e-08 -3.07701769e-11  0.00000000e+00  1.82910982e-16 
-1.03000000e+00 -1.03000000e+00 -6.00000000e-01  7.60838959e-08 -7.60531254e-08 -3.07701872e-11  0.00000000e+00  2.65633148e-16 
-1.04000000e+00 -1.04000000e+00 -6.00000000e-01  7.62605161e-08 -7.62297459e-08 -3.07701974e-11  0.00000000e+00  3.22195523e-17 
-1.05000000e+00 -1.05000000e+00 -6.00000000e-01  7.64371610e-08 -7.64063907e-08 -3.07702076e-11  0.00000000e+00  1.28035632e-16 
-1.06000000e+00 -1.06000000e+00 -6.00000000e-01  7.66138311e-08 -7.65830609e-08 -3.07702179e-11  0.00000000e+00  9.91582052e-17 
-1.07000000e+00 -1.07000000e+00 -6.00000000e-01  7.67905277e-08 -7.67597576e-08 -3.07702281e-11  0.00000000e+00  1.58118891e-16 
-1.08000000e+00 -1.08000000e+00 -6.00000000e-01  7.69672521e-08 -7.69364819e-08 -3.07702384e-11  0.00000000e+00  3.02022734e-17 
-1.09000000e+00 -1.09000000e+00 -6.00000000e-01  7.71440047e-08 -7.71132346e-08 -3.07702486e-11  0.00000000e+00  9.06549940e-17 
-1.10000000e+00 -1.10000000e+00 -6.00000000e-01  7.73207871e-08 -7.72900168e-08 -3.07702589e-11  0.00000000e+00  6.24647812e-17 
-1.11000000e+00 -1.11000000e+00 -6.00000000e-01  7.74975999e-08 -7.74668294e-08 -3.07702691e-11  0.00000000e+00  2.12791305e-16 
-1.12000000e+00 -1.12000000e+00 -6.00000000e-01  7.76744438e-08 -7.76436734e-08 -3.07702794e-11  0.00000000e+00  1.10690957e-16 
-1.13000000e+00 -1.13000000e+00 -6.00000000e-01  7.78513198e-08 -7.78205496e-08 -3.07702896e-11  0.00000000e+00  2.32851376e-17 
-1.14000000e+00 -1.14000000e+00 -6.00000000e-01  7.80282288e-08 -7.79974589e-08 -3.07702999e-11  0.00000000e+00  3.87573215e-16 
-1.15000000e+00 -1.15000000e+00 -6.00000000e-01  7.82051723e-08 -7.81744021e-08 -3.07703101e-11  0.00000000e+00  4.62379753e-17 
-1.16000000e+00 -1.16000000e+00 -6.00000000e-01  7.83821501e-08 -7.83513800e-08 -3.07703203e-11  0.00000000e+00  2.60550719e-16 
-1.17000000e+00 -1.17000000e+00 -6.00000000e-01  7.85591638e-08 -7.85283936e-08 -3.07703306e-11  0.00000000e+00  4.89494981e-17 
-1.18000000e+00 -1.18000000e+00 -6.00000000e-01  7.87362138e-08 -7.87054434e-08 -3.07703408e-11  0.00000000e+00  3.73713439e-17 
-1.19000000e+00 -1.19000000e+00 -6.00000000e-01  7.89133008e-08 -7.88825303e-08 -3.07703511e-11  0.00000000e+00  1.34122392e-16 
-1.20000000e+00 -1.20000000e+00 -6.00000000e-01  7.90904258e-08 -7.90596550e-08 -3.07703613e-11  0.00000000e+00  3.97044789e-16 
 0.00000000e+00  0.00000000e+00 -8.00000000e-01 -1.35082015e-31 -3.89661662e-32  1.74048181e-31  0.00000000e+00  2.18952885e-47 
-1.00000000e-02 -1.00000000e-02 -8.00000000e-01  1.13926199e-07 -1.13919294e-07 -6.90536331e-12  0.00000000e+00  1.77610924e-18 
-2.00000000e-02 -2.00000000e-02 -8.00000000e-01  2.12189807e-07 -2.12177546e-07 -1.22610446e-11  0.00000000e+00  1.98392245e-18 
-3.00000000e-02 -3.00000000e-02 -8.00000000e-01  2.95162302e-07 -2.95145887e-07 -1.64148172e-11  0.00000000e+00  5.71555459e-18 
-4.00000000e-02 -4.00000000e-02 -8.00000000e-01  3.63410899e-07 -3.63391263e-07 -1.96364082e-11  0.00000000e+00  2.55563252e-18 
-5.00000000e-02 -5.00000000e-02 -8.00000000e-01  4.17798441e-07 -4.17776306e-07 -2.21350136e-11  0.00000000e+00  1.86818995e-17 
-6.00000000e-02 -6.00000000e-02 -8.00000000e-01  4.59591856e-07 -4.59567784e-07 -2.40728829e-11  0.00000000e+00  3.97565487e-18 
-7.00000000e-02 -7.00000000e-02 -8.00000000e-01  4.90517154e-07 -4.90491578e-07 -2.55758546e-11  0.00000000e+00  2.85438710e-17 
-8.00000000e-02 -8.00000000e-02 -8.00000000e-01  5.12668207e-07 -5.12641465e-07 -2.67415279e-11  0.00000000e+00  2.60428871e-18 
-9.00000000e-02 -9.00000000e-02 -8.00000000e-01  5.28238048e-07 -5.28210403e-07 -2.76455997e-11  0.00000000e+00  2.76036837e-17 
-1.00000000e-01 -1.00000000e-01 -8.00000000e-01  5.39191753e-07 -5.39163406e-07 -2.83467793e-11  0.00000000e+00  1.06621012e-17 
-1.10000000e-01 -1.10000000e-01 -8.00000000e-01  5.47060482e-07 -5.47031591e-07 -2.88906007e-11  0.00000000e+00  3.08732940e-17 
-1.20000000e-01 -1.20000000e-01 -8.00000000e-01  5.52917946e-07 -5.52888634e-07 -2.93123788e-11  0.00000000e+00  3.27175371e-18 
-1.30000000e-01 -1.30000000e-01 -8.00000000e-01  5.57469074e-07 -5.57439434e-07 -2.96395032e-11  0.00000000e+00  3.44769526e-17 
-1.40000000e-01 -1.40000000e-01 -8.00000000e-01  5.61162239e-07 -5.61132346e-07 -2.98932163e-11  0.00000000e+00  6.45228954e-17 
-1.50000000e-01 -1.50000000e-01 -8.00000000e-01  5.64280616e-07 -5.64250526e-07 -3.00899933e-11  0.00000000e+00  1.02816301e-17 
-1.60000000e-01 -1.60000000e-01 -8.00000000e-01  5.67004535e-07 -5.66974293e-07 -3.02426121e-11  0.00000000e+00  2.55780008e-17 
-1.70000000e-01 -1.70000000e-01 -8.00000000e-01  5.69450790e-07 -5.69420429e-07 -3.03609826e-11  0.00000000e+00  1.61654374e-17 
-1.80000000e-01 -1.80000000e-01 -8.00000000e-01  5.71696638e-07 -5.71666185e-07 -3.04527909e-11  0.00000000e+00  5.89031623e-17 
-1.90000000e-01 -1.90000000e-01 -8.00000000e-01  5.73794350e-07 -5.73763826e-07 -3.05239982e-11  0.00000000e+00  3.00497009e-17 
-2.00000000e-01 -2.00000000e-01 -8.00000000e-01  5.75780101e-07 -5.75749522e-07 -3.05792278e-11  0.00000000e+00  2.51551034e-17 
-2.10000000e-01 -2.10000000e-01 -8.00000000e-01  5.77679483e-07 -5.77648860e-07 -3.06220655e-11  0.00000000e+00  1.21258786e-16 
-2.20000000e-01 -2.20000000e-01 -8.00000000e-01  5.79510974e-07 -5.79480318e-07 -3.06552922e-11  0.00000000e+00  1.22145949e-17 
-2.30000000e-01 -2.30000000e-01 -8.00000000e-01  5.81288181e-07 -5.81257500e-07 -3.06810648e-11  0.00000000e+00  3.77809827e-17 
-2.40000000e-01 -2.40000000e-01 -8.00000000e-01  5.83021305e-07 -5.82990603e-07 -3.07010563e-11  0.00000000e+00  2.92645297e-17 
-2.50000000e-01 -2.50000000e-01 -8.00000000e-01  5.84718120e-07 -5.84687404e-07 -3.07165639e-11  0.00000000e+00  1.61436849e-17 
-2.60000000e-01 -2.60000000e-01 -8.00000000e-01  5.86384648e-07 -5.86353919e-07 -3.07285941e-11  0.00000000e+00  4.09196664e-17 
-2.70000000e-01 -2.70000000e-01 -8.00000000e-01  5.88025614e-07 -5.87994876e-07 -3.07379271e-11  0.00000000e+00  1.91966217e-18 
-2.80000000e-01 -2.80000000e-01 -8.00000000e-01  5.89644781e-07 -5.89614036e-07 -3.07451684e-11  0.00000000e+00  4.93731595e-17 
-2.90000000e-01 -2.90000000e-01 -8.00000000e-01  5.91245179e-07 -5.91214428e-07 -3.07507873e-11  0.00000000e+00  1.12430584e-16 
-3.00000000e-01 -3.00000000e-01 -8.00000000e-01  5.92829278e-07 -5.92798523e-07 -3.07551479e-11  0.00000000e+00  5.60477007e-19 
-3.10000000e-01 -3.10000000e-01 -8.00000000e-01  5.94399109e-07 -5.94368351e-07 -3.07585326e-11  0.00000000e+00  8.95045904e-18 
-3.20000000e-01 -3.20000000e-01 -8.00000000e-01  5.95956365e-07 -5.95925604e-07 -3.07611604e-11  0.00000000e+00  2.27829891e-17 
-3.30000000e-01 -3.30000000e-01 -8.00000000e-01  5.97502462e-07 -5.97471699e-07 -3.07632012e-11  0.00000000e+00  1.38540691e-17 
-3.40000000e-01 -3.40000000e-01 -8.00000000e-01  5.99038600e-07 -5.99007836e-07 -3.07647867e-11  0.00000000e+00  1.28898330e-16 
-3.50000000e-01 -3.50000000e-01 -8.00000000e-01  6.00565804e-07 -6.00535038e-07 -3.07660191e-11  0.00000000e+00  5.89608196e-17 
-3.60000000e-01 -3.60000000e-01 -8.00000000e-01  6.02084952e-07 -6.02054185e-07 -3.07669776e-11  0.00000000e+00  2.57368412e-17 
-3.70000000e-01 -3.70000000e-01 -8.00000000e-01  6.03596804e-07 -6.03566036e-07 -3.07677237e-11  0.00000000e+00  2.52207459e-17 
-3.80000000e-01 -3.80000000e-01 -8.00000000e-01  6.05102021e-07 -6.05071253e-07 -3.07683051e-11  0.00000000e+00  7.58378746e-17 
-3.90000000e-01 -3.90000000e-01 -8.00000000e-01  6.06601184e-07 -6.06570415e-07 -3.07687587e-11  0.00000000e+00  2.00657983e-17 
-4.00000000e-01 -4.00000000e-01 -8.00000000e-01  6.08094801e-07 -6.08064032e-07 -3.07691133e-11  0.00000000e+00  1.73440626e-16 
-4.10000000e-01 -4.10000000e-01 -8.00000000e-01  6.09583324e-07 -6.09552555e-07 -3.07693909e-11  0.00000000e+00  1.77238549e-17 
-4.20000000e-01 -4.20000000e-01 -8.00000000e-01  6.11067155e-07 -6.11036385e-07 -3.07696090e-11  0.00000000e+00  6.30774533e-17 
-4.30000000e-01 -4.30000000e-01 -8.00000000e-01  6.12546651e-07 -6.12515881e-07 -3.07697808e-11  0.00000000e+00  2.68923352e-17 
-4.40000000e-01 -4.40000000e-01 -8.00000000e-01  6.14022134e-07 -6.13991364e-07 -3.07699167e-11  0.00000000e+00  5.46182068e-18 
-4.50000000e-01 -4.50000000e-01 -8.00000000e-01  6.15493894e-07 -6.15463124e-07 -3.07700249e-11  0.00000000e+00  1.10789219e-16 
-4.60000000e-01 -4.60000000e-01 -8.00000000e-01  6.16962192e-07 -6.16931422e-07 -3.07701115e-11  0.00000000e+00  1.44873360e-16 
-4.70000000e-01 -4.70000000e-01 -8.00000000e-01  6.18427265e-07 -6.18396495e-07 -3.07701813e-11  0.00000000e+00  9.07873130e-17 
-4.80000000e-01 -4.80000000e-01 -8.00000000e-01  6.19889331e-07 -6.19858561e-07 -3.07702382e-11  0.00000000e+00  2.75397055e-17 
-4.90000000e-01 -4.90000000e-01 -8.00000000e-01  6.21348585e-07 -6.21317815e-07 -3.07702850e-11  0.00000000e+00  1.26970501e-16 
-5.00000000e-01 -5.00000000e-01 -8.00000000e-01  6.22805208e-07 -6.22774438e-07 -3.07703240e-11  0.00000000e+00  5.47125463e-18 
-5.10000000e-01 -5.10000000e-01 -8.00000000e-01  6.24259367e-07 -6.24228597e-07 -3.07703569e-11  0.00000000e+00  7.24683514e-17 
-5.20000000e-01 -5.20000000e-01 -8.00000000e-01  6.25711213e-07 -6.25680443e-07 -3.07703851e-11  0.00000000e+00  4.12759090e-17 
-5.30000000e-01 -5.30000000e-01 -8.00000000e-01  6.27160888e-07 -6.27130118e-07 -3.07704097e-11  0.00000000e+00  7.16952348e-17 
-5.40000000e-01 -5.40000000e-01 -8.00000000e-01  6.28608522e-07 -6.28577752e-07 -3.07704315e-11  0.00000000e+00  4.40590039e-17 
-5.50000000e-01 -5.50000000e-01 -8.00000000e-01  6.30054235e-07 -6.30023465e-07 -3.07704511e-11  0.00000000e+00  1.75469899e-16 
-5.60000000e-01 -5.60000000e-01 -8.00000000e-01  6.31498140e-07 -6.31467370e-07 -3.07704690e-11  0.00000000e+00  1.37346260e-16 
-5.70000000e-01 -5.70000000e-01 -8.00000000e-01  6.32940341e-07 -6.32909570e-07 -3.07704855e-11  0.00000000e+00  1.54575409e-16 
-5.80000000e-01 -5.80000000e-01 -8.00000000e-01  6.34380935e-07 -6.34350164e-07 -3.07705010e-11  0.00000000e+00  1.73923835e-16 
-5.90000000e-01 -5.90000000e-01 -8.00000000e-01  6.35820013e-07 -6.35789243e-07 -3.07705158e-11  0.00000000e+00  2.25338431e-16 
-6.00000000e-01 -6.00000000e-01 -8.00000000e-01  6.37257661e-07 -6.37226890e-07 -3.07705299e-11  0.00000000e+00  1.88813411e-16 
-6.10000000e-01 -6.10000000e-01 -8.00000000e-01  6.38693957e-07 -6.38663187e-07 -3.07705435e-11  0.00000000e+00  1.78223400e-16 
-6.20000000e-01 -6.20000000e-01 -8.00000000e-01  6.40128977e-07 -6.40098207e-07 -3.07705568e-11  0.00000000e+00  9.13332979e-17 
-6.30000000e-01 -6.30000000e-01 -8.00000000e-01  6.41562792e-07 -6.41532021e-07 -3.07705698e-11  0.00000000e+00  1.60414939e-17 
-6.40000000e-01 -6.40000000e-01 -8.00000000e-01  6.42995466e-07 -6.42964696e-07 -3.07705826e-11  0.00000000e+00  2.63507309e-16 
-6.50000000e-01 -6.50000000e-01 -8.00000000e-01  6.44427063e-07 -6.44396293e-07 -3.07705951e-11  0.00000000e+00  3.14788021e-17 
-6.60000000e-01 -6.60000000e-01 -8.00000000e-01  6.45857642e-07 -6.45826872e-07 -3.07706076e-11  0.00000000e+00  1.20834353e-16 
-6.70000000e-01 -6.70000000e-01 -8.00000000e-01  6.47287258e-07 -6.47256488e-07 -3.07706199e-11  0.00000000e+00  5.55036446e-17 
-6.80000000e-01 -6.80000000e-01 -8.00000000e-01  6.48715965e-07 -6.48685194e-07 -3.07706322e-11  0.00000000e+00  1.41840158e-16 
-6.90000000e-01 -6.90000000e-01 -8.00000000e-01  6.50143810e-07 -6.50113040e-07 -3.07706444e-11  0.00000000e+00  8.14592051e-17 
-7.00000000e-01 -7.00000000e-01 -8.00000000e-01  6.51570843e-07 -6.51540073e-07 -3.07706566e-11  0.00000000e+00  4.28690301e-17 
-7.10000000e-01 -7.10000000e-01 -8.00000000e-01  6.52997108e-07 -6.52966337e-07 -3.07706687e-11  0.00000000e+00  1.61754641e-17 
-7.20000000e-01 -7.20000000e-01 -8.00000000e-01  6.54422647e-07 -6.54391877e-07 -3.07706808e-11  0.00000000e+00  1.24141902e-16 
-7.30000000e-01 -7.30000000e-01 -8.00000000e-01  6.55847502e-07 -6.55816731e-07 -3.07706928e-11  0.00000000e+00  7.56401555e-17 
-7.40000000e-01 -7.40000000e-01 -8.00000000e-01  6.57271710e-07 -6.57240939e-07 -3.07707049e-11  0.00000000e+00  2.21927384e-16 
-7.50000000e-01 -7.50000000e-01 -8.00000000e-01  6.58695309e-07 -6.58664538e-07 -3.07707169e-11  0.00000000e+00  1.94876176e-16 
-7.60000000e-01 -7.60000000e-01 -8.00000000e-01  6.60118333e-07 -6.60087562e-07 -3.07707289e-11  0.00000000e+00  3.00385200e-17 
-7.70000000e-01 -7.70000000e-01 -8.00000000e-01  6.61540816e-07 -6.61510045e-07 -3.07707409e-11  0.00000000e+00  3.57058708e-17 
-7.80000000e-01 -7.80000000e-01 -8.00000000e-01  6.62962790e-07 -6.62932019e-07 -3.07707529e-11  0.00000000e+00  2.71075484e-17 
-7.90000000e-01 -7.90000000e-01 -8.00000000e-01  6.64384285e-07 -6.64353514e-07 -3.07707649e-11  0.00000000e+00  9.82412747e-17 
-8.00000000e-01 -8.00000000e-01 -8.00000000e-01  6.65805331e-07 -6.65774560e-07 -3.07707769e-11  0.00000000e+00  4.10479500e-19 
-8.10000000e-01 -8.10000000e-01 -8.00000000e-01  6.67225955e-07 -6.67195184e-07 -3.07707889e-11  0.00000000e+00  8.51513412e-17 
-8.20000000e-01 -8.20000000e-01 -8.00000000e-01  6.68646185e-07 -6.68615414e-07 -3.07708008e-11  0.00000000e+00  2.43681707e-16 
-8.30000000e-01 -8.30000000e-01 -8.00000000e-01  6.70066046e-07 -6.70035275e-07 -3.07708128e-11  0.00000000e+00  8.04827428e-17 
-8.40000000e-01 -8.40000000e-01 -8.00000000e-01  6.71485562e-07 -6.71454791e-07 -3.07708248e-11  0.00000000e+00  5.29105728e-17 
-8.50000000e-01 -8.50000000e-01 -8.00000000e-01  6.72904757e-07 -6.72873986e-07 -3.07708368e-11  0.00000000e+00  5.51914773e-17 
-8.60000000e-01 -8.60000000e-01 -8.00000000e-01  6.74323654e-07 -6.74292883e-07 -3.07708488e-11  0.00000000e+00  7.66725807e-17 
-8.70000000e-01 -8.70000000e-01 -8.00000000e-01  6.75742274e-07 -6.75711503e-07 -3.07708607e-11  0.00000000e+00  3.35586190e-16 
-8.80000000e-01 -8.80000000e-01 -8.00000000e-01  6.77160639e-07 -6.77129868e-07 -3.07708727e-11  0.00000000e+00  3.47288261e-16 
-8.90000000e-01 -8.90000000e-01 -8.00000000e-01  6.78578769e-07 -6.78547998e-07 -3.07708847e-11  0.00000000e+00  1.21016965e-16 
-9.00000000e-01 -9.00000000e-01 -8.00000000e-01  6.79996682e-07 -6.79965911e-07 -3.07708966e-11  0.00000000e+00  9.10291056e-17 
-9.10000000e-01 -9.10000000e-01 -8.00000000e-01  6.81414399e-07 -6.81383628e-07 -3.07709086e-11  0.00000000e+00  3.52917409e-16 
-9.20000000e-01 -9.20000000e-01 -8.00000000e-01  6.82831935e-07 -6.82801164e-07 -3.07709206e-11  0.00000000e+00  7.89840197e-17 
-9.30000000e-01 -9.30000000e-01 -8.00000000e-01  6.84249310e-07 -6.84218539e-07 -3.07709326e-11  0.00000000e+00  4.71771072e-17 
-9.40000000e-01 -9.40000000e-01 -8.00000000e-01  6.85666539e-07 -6.85635768e-07 -3.07709445e-11  0.00000000e+00  2.57242154e-16 
-9.50000000e-01 -9.50000000e-01 -8.00000000e-01  6.87083639e-07 -6.87052868e-07 -3.07709565e-11  0.00000000e+00  1.58856923e-16 
-9.60000000e-01 -9.60000000e-01 -8.00000000e-01  6.88500625e-07 -6.88469854e-07 -3.07709685e-11  0.00000000e+00  1.93988214e-16 
-9.70000000e-01 -9.70000000e-01 -8.00000000e-01  6.89917513e-07 -6.89886742e-07 -3.07709804e-11  0.00000000e+00  1.75164427e-16 
-9.80000000e-01 -9.80000000e-01 -8.00000000e-01  6.91334316e-07 -6.91303545e-07 -3.07709924e-11  0.00000000e+00  2.21206237e-16 
-9.90000000e-01 -9.90000000e-01 -8.00000000e-01  6.92751048e-07 -6.92720277e-07 -3.07710044e-11  0.00000000e+00  7.33924769e-17 
-1.00000000e+00 -1.00000000e+00 -8.00000000e-01  6.94167724e-07 -6.94136953e-07 -3.07710164e-11  0.00000000e+00  2.60200958e-16 
-1.01000000e+00 -1.01000000e+00 -8.00000000e-01  6.95584357e-07 -6.95553586e-07 -3.07710283e-11  0.00000000e+00  1.10337897e-16 
-1.02000000e+00 -1.02000000e+00 -8.00000000e-01  6.97000958e-07 -6.96970187e-07 -3.07710403e-11  0.00000000e+00  3.06942607e-16 
-1.03000000e+00 -1.03000000e+00 -8.00000000e-01  6.98417541e-07 -6.98386770e-07 -3.07710523e-11  0.00000000e+00  2.29487963e-16 
-1.04000000e+00 -1.04000000e+00 -8.00000000e-01  6.99834117e-07 -6.99803346e-07 -3.07710642e-11  0.00000000e+00  2.05471974e-16 
-1.05000000e+00 -1.05000000e+00 -8.00000000e-01  7.01250698e-07 -7.01219927e-07 -3.07710762e-11  0.00000000e+00  1.87729746e-16 
-1.06000000e+00 -1.06000000e+00 -8.00000000e-01  7.02667294e-07 -7.02636523e-07 -3.07710882e-11  0.00000000e+00  2.15596447e-16 
-1.07000000e+00 -1.07000000e+00 -8.00000000e-01  7.04083917e-07 -7.04053146e-07 -3.07711001e-11  0.00000000e+00  2.07685780e-16 
-1.08000000e+00 -1.08000000e+00 -8.00000000e-01  7.05500577e-07 -7.05469806e-07 -3.07711121e-11  0.00000000e+00  1.97968334e-16 
-1.09000000e+00 -1.09000000e+00 -8.00000000e-01  7.06917284e-07 -7.06886513e-07 -3.07711241e-11  0.00000000e+00  1.27166852e-16 
-1.10000000e+00 -1.10000000e+00 -8.00000000e-01  7.08334049e-07 -7.08303278e-07 -3.07711360e-11  0.00000000e+00  7.72934081e-17 
-1.11000000e+00 -1.11000000e+00 -8.00000000e-01  7.09750880e-07 -7.09720109e-07 -3.07711480e-11  0.00000000e+00  6.18393447e-17 
-1.12000000e+00 -1.12000000e+00 -8.00000000e-01  7.11167787e-07 -7.11137016e-07 -3.07711600e-11  0.00000000e+00  2.59071547e-16 
-1.13000000e+00 -1.13000000e+00 -8.00000000e-01  7.12584779e-07 -7.12554008e-07 -3.07711720e-11  0.00000000e+00  8.71769311e-17 
-1.14000000e+00 -1.14000000e+00 -8.00000000e-01  7.14001865e-07 -7.13971094e-07 -3.07711839e-11  0.00000000e+00  7.26245758e-18 
-1.15000000e+00 -1.15000000e+00 -8.00000000e-01  7.15419052e-07 -7.15388281e-07 -3.07711959e-11  0.00000000e+00  1.68191109e-16 
-1.16000000e+00 -1.16000000e+00 -8.00000000e-01  7.16836351e-07 -7.16805580e-07 -3.07712079e-11  0.00000000e+00  4.66267280e-18 
-1.17000000e+00 -1.17000000e+00 -8.00000000e-01  7.18253768e-07 -7.18222997e-07 -3.07712198e-11  0.00000000e+00  6.11863091e-18 
-1.18000000e+00 -1.18000000e+00 -8.00000000e-01  7.19671311e-07 -7.19640540e-07 -3.07712318e-11  0.00000000e+00  2.18536790e-16 
-1.19000000e+00 -1.19000000e+00 -8.00000000e-01  7.21088988e-07 -7.21058217e-07 -3.07712438e-11  0.00000000e+00  2.52759096e-16 
-1.20000000e+00 -1.20000000e+00 -8.00000000e-01  7.22506807e-07 -7.22476035e-07 -3.07712557e-11  0.00000000e+00  2.63851656e-16 
 0.00000000e+00  0.00000000e+00 -1.00000000e+00  3.72969174e-30  1.07537485e-30 -4.80506660e-30  0.00000000e+00  1.40129846e-45 
-1.00000000e-02 -1.00000000e-02 -1.00000000e+00  6.35515799e-07 -6.35508893e-07 -6.90589311e-12  0.00000000e+00  7.62659214e-18 
-2.00000000e-02 -2.00000000e-02 -1.00000000e+00  1.22543667e-06 -1.22542441e-06 -1.22621588e-11  0.00000000e+00  1.14668325e-17 
-3.00000000e-02 -3.00000000e-02 -1.00000000e+00  1.77001429e-06 -1.76999787e-06 -1.64165351e-11  0.00000000e+00  1.78104833e-18 
-4.00000000e-02 -4.00000000e-02 -1.00000000e+00  2.26955222e-06 -2.26953258e-06 -1.96387247e-11  0.00000000e+00  1.03883746e-17 
-5.00000000e-02 -5.00000000e-02 -1.00000000e+00  2.72442729e-06 -2.72440515e-06 -2.21379071e-11  0.00000000e+00  1.15795930e-18 
-6.00000000e-02 -6.00000000e-02 -1.00000000e+00  3.13512032e-06 -3.13509624e-06 -2.40763204e-11  0.00000000e+00  1.49401488e-17 
-7.00000000e-02 -7.00000000e-02 -1.00000000e+00  3.50226016e-06 -3.50223458e-06 -2.55797950e-11  0.00000000e+00  2.25245413e-17 
-8.00000000e-02 -8.00000000e-02 -1.00000000e+00  3.82668578e-06 -3.82665903e-06 -2.67459243e-11  0.00000000e+00  5.25767659e-17 
-9.00000000e-02 -9.00000000e-02 -1.00000000e+00  4.10953096e-06 -4.10950331e-06 -2.76504013e-11  0.00000000e+00  1.95645112e-17 
-1.00000000e-01 -1.00000000e-01 -1.00000000e+00  4.35233327e-06 -4.35230491e-06 -2.83519336e-11  0.00000000e+00  3.94663127e-18 
-1.10000000e-01 -1.10000000e-01 -1.00000000e+00  4.55715975e-06 -4.55713086e-06 -2.88960554e-11  0.00000000e+00  1.28010366e-17 
-1.20000000e-01 -1.20000000e-01 -1.00000000e+00  4.72672400e-06 -4.72669468e-06 -2.93180838e-11  0.00000000e+00  1.35854110e-17 
-1.30000000e-01 -1.30000000e-01 -1.00000000e+00  4.86444449e-06 -4.86441484e-06 -2.96454122e-11  0.00000000e+00  6.70019744e-18 
-1.40000000e-01 -1.40000000e-01 -1.00000000e+00  4.97437998e-06 -4.97435008e-06 -2.98992886e-11  0.00000000e+00  4.56825386e-18 
-1.50000000e-01 -1.50000000e-01 -1.00000000e+00  5.06100091e-06 -5.06097081e-06 -3.00961944e-11  0.00000000e+00  2.35192890e-19 
-1.60000000e-01 -1.60000000e-01 -1.00000000e+00  5.12882888e-06 -5.12879863e-06 -3.02489137e-11  0.00000000e+00  2.93944911e-17 
-1.70000000e-01 -1.70000000e-01 -1.00000000e+00  5.18205544e-06 -5.18202508e-06 -3.03673629e-11  0.00000000e+00  3.28607732e-17 
-1.80000000e-01 -1.80000000e-01 -1.00000000e+00  5.22426559e-06 -5.22423513e-06 -3.04592333e-11  0.00000000e+00  6.03325484e-17 
-1.90000000e-01 -1.90000000e-01 -1.00000000e+00  5.25832634e-06 -5.25829581e-06 -3.05304900e-11  0.00000000e+00  7.18056325e-17 
-2.00000000e-01 -2.00000000e-01 -1.00000000e+00  5.28641748e-06 -5.28638690e-06 -3.05857599e-11  0.00000000e+00  2.33580656e-17 
-2.10000000e-01 -2.10000000e-01 -1.00000000e+00  5.31014113e-06 -5.31011050e-06 -3.06286310e-11  0.00000000e+00  3.44652046e-17 
-2.20000000e-01 -2.20000000e-01 -1.00000000e+00  5.33065215e-06 -5.33062149e-06 -3.06618860e-11  0.00000000e+00  7.59382011e-17 
-2.30000000e-01 -2.30000000e-01 -1.00000000e+00  5.34877633e-06 -5.34874564e-06 -3.06876833e-11  0.00000000e+00  2.69716770e-17 
-2.40000000e-01 -2.40000000e-01 -1.00000000e+00  5.36510427e-06 -5.36507356e-06 -3.07076965e-11  0.00000000e+00  6.07348358e-17 
-2.50000000e-01 -2.50000000e-01 -1.00000000e+00  5.38006079e-06 -5.38003007e-06 -3.07232237e-11  0.00000000e+00  1.06599990e-16 
-2.60000000e-01 -2.60000000e-01 -1.00000000e+00  5.39395440e-06 -5.39392367e-06 -3.07352718e-11  0.00000000e+00  1.09447925e-17 
-2.70000000e-01 -2.70000000e-01 -1.00000000e+00  5.40701171e-06 -5.40698097e-06 -3.07446214e-11  0.00000000e+00  7.06625630e-17 
-2.80000000e-01 -2.80000000e-01 -1.00000000e+00  5.41940132e-06 -5.41937057e-06 -3.07518781e-11  0.00000000e+00  7.09374780e-17 
-2.90000000e-01 -2.90000000e-01 -1.00000000e+00  5.43125033e-06 -5.43121958e-06 -3.07575117e-11  0.00000000e+00  5.17276486e-17 
-3.00000000e-01 -3.00000000e-01 -1.00000000e+00  5.44265583e-06 -5.44262507e-06 -3.07618862e-11  0.00000000e+00  1.17778368e-16 
-3.10000000e-01 -3.10000000e-01 -1.00000000e+00  5.45369294e-06 -5.45366218e-06 -3.07652843e-11  0.00000000e+00  1.10716725e-17 
-3.20000000e-01 -3.20000000e-01 -1.00000000e+00  5.46442053e-06 -5.46438976e-06 -3.07679251e-11  0.00000000e+00  8.06978643e-17 
-3.30000000e-01 -3.30000000e-01 -1.00000000e+00  5.47488527e-06 -5.47485450e-06 -3.07699784e-11  0.00000000e+00  1.81140166e-16 
-3.40000000e-01 -3.40000000e-01 -1.00000000e+00  5.48512460e-06 -5.48509383e-06 -3.07715762e-11  0.00000000e+00  1.53908924e-16 
-3.50000000e-01 -3.50000000e-01 -1.00000000e+00  5.49516888e-06 -5.49513811e-06 -3.07728205e-11  0.00000000e+00  6.20858574e-17 
-3.60000000e-01 -3.60000000e-01 -1.00000000e+00  5.50504296e-06 -5.50501219e-06 -3.07737907e-11  0.00000000e+00  1.46793767e-17 
-3.70000000e-01 -3.70000000e-01 -1.00000000e+00  5.51476739e-06 -5.51473662e-06 -3.07745483e-11  0.00000000e+00  1.37514000e-16 
-3.80000000e-01 -3.80000000e-01 -1.00000000e+00  5.52435933e-06 -5.52432855e-06 -3.07751409e-11  0.00000000e+00  1.41244936e-16 
-3.90000000e-01 -3.90000000e-01 -1.00000000e+00  5.53383319e-06 -5.53380241e-06 -3.07756057e-11  0.00000000e+00  2.07242625e-17 
-4.00000000e-01 -4.00000000e-01 -1.00000000e+00  5.54320122e-06 -5.54317044e-06 -3.07759711e-11  0.00000000e+00  1.06544270e-17 
-4.10000000e-01 -4.10000000e-01 -1.00000000e+00  5.55247387e-06 -5.55244309e-06 -3.07762596e-11  0.00000000e+00  1.86095291e-16 
-4.20000000e-01 -4.20000000e-01 -1.00000000e+00  5.56166013e-06 -5.56162935e-06 -3.07764884e-11  0.00000000e+00  1.70023847e-17 
-4.30000000e-01 -4.30000000e-01 -1.00000000e+00  5.57076779e-06 -5.57073701e-06 -3.07766708e-11  0.00000000e+00  5.64332279e-17 
-4.40000000e-01 -4.40000000e-01 -1.00000000e+00  5.57980363e-06 -5.57977285e-06 -3.07768173e-11  0.00000000e+00  2.50817446e-16 
-4.50000000e-01 -4.50000000e-01 -1.00000000e+00  5.58877360e-06 -5.58874282e-06 -3.07769359e-11  0.00000000e+00  2.66297894e-16 
-4.60000000e-01 -4.60000000e-01 -1.00000000e+00  5.59768294e-06 -5.59765216e-06 -3.07770328e-11  0.00000000e+00  5.93556563e-18 
-4.70000000e-01 -4.70000000e-01 -1.00000000e+00  5.60653627e-06 -5.60650550e-06 -3.07771129e-11  0.00000000e+00  2.10967783e-17 
-4.80000000e-01 -4.80000000e-01 -1.00000000e+00  5.61533773e-06 -5.61530696e-06 -3.07771800e-11  0.00000000e+00  1.55659571e-16 
-4.90000000e-01 -4.90000000e-01 -1.00000000e+00  5.62409101e-06 -5.62406023e-06 -3.07772369e-11  0.00000000e+00  9.49025115e-17 
-5.00000000e-01 -5.00000000e-01 -1.00000000e+00  5.63279940e-06 -5.63276862e-06 -3.07772860e-11  0.00000000e+00  5.37958109e-17 
-5.10000000e-01 -5.10000000e-01 -1.00000000e+00  5.64146588e-06 -5.64143510e-06 -3.07773289e-11  0.00000000e+00  2.41220230e-17 
-5.20000000e-01 -5.20000000e-01 -1.00000000e+00  5.65009315e-06 -5.65006237e-06 -3.07773671e-11  0.00000000e+00  1.16490991e-16 
-5.30000000e-01 -5.30000000e-01 -1.00000000e+00  5.65868365e-06 -5.65865287e-06 -3.07774016e-11  0.00000000e+00  1.12319724e-16 
-5.40000000e-01 -5.40000000e-01 -1.00000000e+00  5.66723960e-06 -5.66720883e-06 -3.07774333e-11  0.00000000e+00  2.69389010e-17 
-5.50000000e-01 -5.50000000e-01 -1.00000000e+00  5.67576304e-06 -5.67573226e-06 -3.07774627e-11  0.00000000e+00  7.67505905e-17 
-5.60000000e-01 -5.60000000e-01 -1.00000000e+00  5.68425581e-06 -5.68422503e-06 -3.07774904e-11  0.00000000e+00  7.75079150e-17 
-5.70000000e-01 -5.70000000e-01 -1.00000000e+00  5.69271962e-06 -5.69268885e-06 -3.07775167e-11  0.00000000e+00  1.36997216e-16 
-5.80000000e-01 -5.80000000e-01 -1.00000000e+00  5.70115605e-06 -5.70112528e-06 -3.07775419e-11  0.00000000e+00  1.51119496e-16 
-5.90000000e-01 -5.90000000e-01 -1.00000000e+00  5.70956655e-06 -5.70953577e-06 -3.07775663e-11  0.00000000e+00  3.25071330e-17 
-6.00000000e-01 -6.00000000e-01 -1.00000000e+00  5.71795245e-06 -5.71792167e-06 -3.07775901e-11  0.00000000e+00  9.14963514e-19 
-6.10000000e-01 -6.10000000e-01 -1.00000000e+00  5.72631499e-06 -5.72628421e-06 -3.07776134e-11  0.00000000e+00  3.65460846e-17 
-6.20000000e-01 -6.20000000e-01 -1.00000000e+00  5.73465533e-06 -5.73462455e-06 -3.07776362e-11  0.00000000e+00  1.71944357e-16 
-6.30000000e-01 -6.30000000e-01 -1.00000000e+00  5.74297455e-06 -5.74294377e-06 -3.07776588e-11  0.00000000e+00  5.79364530e-17 
-6.40000000e-01 -6.40000000e-01 -1.00000000e+00  5.75127364e-06 -5.75124286e-06 -3.07776811e-11  0.00000000e+00  1.01071416e-16 
-6.50000000e-01 -6.50000000e-01 -1.00000000e+00  5.75955353e-06 -5.75952275e-06 -3.07777032e-11  0.00000000e+00  2.22690092e-16 
-6.60000000e-01 -6.60000000e-01 -1.00000000e+00  5.76781511e-06 -5.76778433e-06 -3.07777251e-11  0.00000000e+00  1.24401858e-16 
-6.70000000e-01 -6.70000000e-01 -1.00000000e+00  5.77605919e-06 -5.77602841e-06 -3.07777469e-11  0.00000000e+00  1.02673798e-16 
-6.80000000e-01 -6.80000000e-01 -1.00000000e+00  5.78428655e-06 -5.78425577e-06 -3.07777686e-11  0.00000000e+00  4.91039404e-17 
-6.90000000e-01 -6.90000000e-01 -1.00000000e+00  5.79249789e-06 -5.79246712e-06 -3.07777903e-11  0.00000000e+00  5.22737314e-16 
-7.00000000e-01 -7.00000000e-01 -1.00000000e+00  5.80069392e-06 -5.80066314e-06 -3.07778118e-11  0.00000000e+00  1.14908151e-16 
-7.10000000e-01 -7.10000000e-01 -1.00000000e+00  5.80887526e-06 -5.80884448e-06 -3.07778333e-11  0.00000000e+00  2.44011980e-16 
-7.20000000e-01 -7.20000000e-01 -1.00000000e+00  5.81704253e-06 -5.81701175e-06 -3.07778548e-11  0.00000000e+00  2.17628795e-17 
-7.30000000e-01 -7.30000000e-01 -1.00000000e+00  5.82519629e-06 -5.82516551e-06 -3.07778762e-11  0.00000000e+00  9.83096393e-17 
-7.40000000e-01 -7.40000000e-01 -1.00000000e+00  5.83333708e-06 -5.83330630e-06 -3.07778975e-11  0.00000000e+00  1.77836238e-17 
-7.50000000e-01 -7.50000000e-01 -1.00000000e+00  5.84146543e-06 -5.84143465e-06 -3.07779189e-11  0.00000000e+00  2.49694632e-16 
-7.60000000e-01 -7.60000000e-01 -1.00000000e+00  5.84958181e-06 -5.84955103e-06 -3.07779402e-11  0.00000000e+00  4.56339853e-18 
-7.70000000e-01 -7.70000000e-01 -1.00000000e+00  5.85768668e-06 -5.85765590e-06 -3.07779615e-11  0.00000000e+00  6.37103413e-17 
-7.80000000e-01 -7.80000000e-01 -1.00000000e+00  5.86578049e-06 -5.86574971e-06 -3.07779827e-11  0.00000000e+00  6.38138169e-17 
-7.90000000e-01 -7.90000000e-01 -1.00000000e+00  5.87386365e-06 -5.87383287e-06 -3.07780040e-11  0.00000000e+00  1.14817601e-17 
-8.00000000e-01 -8.00000000e-01 -1.00000000e+00  5.88193656e-06 -5.88190578e-06 -3.07780252e-11  0.00000000e+00  9.17354260e-17 
-8.10000000e-01 -8.10000000e-01 -1.00000000e+00  5.88999959e-06 -5.88996881e-06 -3.07780464e-11  0.00000000e+00  1.72548846e-16 
-8.20000000e-01 -8.20000000e-01 -1.00000000e+00  5.89805310e-06 -5.89802233e-06 -3.07780676e-11  0.00000000e+00  2.23294450e-17 
-8.30000000e-01 -8.30000000e-01 -1.00000000e+00  5.90609745e-06 -5.90606667e-06 -3.07780888e-11  0.00000000e+00  8.05572491e-17 
-8.40000000e-01 -8.40000000e-01 -1.00000000e+00  5.91413295e-06 -5.91410217e-06 -3.07781100e-11  0.00000000e+00  8.75005216e-18 
-8.50000000e-01 -8.50000000e-01 -1.00000000e+00  5.92215992e-06 -5.92212914e-06 -3.07781311e-11  0.00000000e+00  1.53297718e-16 
-8.60000000e-01 -8.60000000e-01 -1.00000000e+00  5.93017866e-06 -5.93014789e-06 -3.07781523e-11  0.00000000e+00  1.00328759e-17 
-8.70000000e-01 -8.70000000e-01 -1.00000000e+00  5.93818946e-06 -5.93815869e-06 -3.07781734e-11  0.00000000e+00  1.69500393e-16 
-8.80000000e-01 -8.80000000e-01 -1.00000000e+00  5.94619260e-06 -5.94616182e-06 -3.07781945e-11  0.00000000e+00  2.50118630e-16 
-8.90000000e-01 -8.90000000e-01 -1.00000000e+00  5.95418832e-06 -5.95415754e-06 -3.07782156e-11  0.00000000e+00  4.14585972e-16 
-9.00000000e-01 -9.00000000e-01 -1.00000000e+00  5.96217690e-06 -5.96214612e-06 -3.07782367e-11  0.00000000e+00  7.78158048e-17 
-9.10000000e-01 -9.10000000e-01 -1.00000000e+00  5.97015856e-06 -5.97012779e-06 -3.07782578e-11  0.00000000e+00  2.85850603e-17 
-9.20000000e-01 -9.20000000e-01 -1.00000000e+00  5.97813355e-06 -5.97810278e-06 -3.07782789e-11  0.00000000e+00  1.56056569e-16 
-9.30000000e-01 -9.30000000e-01 -1.00000000e+00  5.98610209e-06 -5.98607131e-06 -3.07783000e-11  0.00000000e+00  1.29530067e-16 
-9.40000000e-01 -9.40000000e-01 -1.00000000e+00  5.99406439e-06 -5.99403361e-06 -3.07783210e-11  0.00000000e+00  4.36061689e-16 
-9.50000000e-01 -9.50000000e-01 -1.00000000e+00  6.00202066e-06 -6.00198988e-06 -3.07783421e-11  0.00000000e+00  2.12744660e-16 
-9.60000000e-01 -9.60000000e-01 -1.00000000e+00  6.00997110e-06 -6.00994032e-06 -3.07783631e-11  0.00000000e+00  2.42378102e-16 
-9.70000000e-01 -9.70000000e-01 -1.00000000e+00  6.01791589e-06 -6.01788511e-06 -3.07783842e-11  0.00000000e+00  1.50358404e-16 
-9.80000000e-01 -9.80000000e-01 -1.00000000e+00  6.02585523e-06 -6.02582445e-06 -3.07784052e-11  0.00000000e+00  8.14327363e-17 
-9.90000000e-01 -9.90000000e-01 -1.00000000e+00  6.03378929e-06 -6.03375851e-06 -3.07784262e-11  0.00000000e+00  4.19941800e-19 
-1.00000000e+00 -1.00000000e+00 -1.00000000e+00  6.04171825e-06 -6.04168747e-06 -3.07784472e-11  0.00000000e+00  1.05070762e-16 
-1.01000000e+00 -1.01000000e+00 -1.00000000e+00  6.04964226e-06 -6.04961148e-06 -3.07784682e-11  0.00000000e+00  1.11539336e-17 
-1.02000000e+00 -1.02000000e+00 -1.00000000e+00  6.05756149e-06 -6.05753072e-06 -3.07784892e-11  0.00000000e+00  6.07088078e-17 
-1.03000000e+00 -1.03000000e+00 -1.00000000e+00  6.06547610e-06 -6.06544532e-06 -3.07785102e-11  0.00000000e+00  6.46487344e-17 
-1.04000000e+00 -1.04000000e+00 -1.00000000e+00  6.07338623e-06 -6.07335545e-06 -3.07785312e-11  0.00000000e+00  1.81598625e-16 
-1.05000000e+00 -1.05000000e+00 -1.00000000e+00  6.08129202e-06 -6.08126124e-06 -3.07785522e-11  0.00000000e+00  9.22747059e-17 
-1.06000000e+00 -1.06000000e+00 -1.00000000e+00  6.08919361e-06 -6.08916284e-06 -3.07785732e-11  0.00000000e+00  9.57738433e-17 
-1.07000000e+00 -1.07000000e+00 -1.00000000e+00  6.09709115e-06 -6.09706037e-06 -3.07785941e-11  0.00000000e+00  3.90343796e-17 
-1.08000000e+00 -1.08000000e+00 -1.00000000e+00  6.10498475e-06 -6.10495398e-06 -3.07786151e-11  0.00000000e+00  1.45545133e-17 
-1.09000000e+00 -1.09000000e+00 -1.00000000e+00  6.11287455e-06 -6.11284378e-06 -3.07786361e-11  0.00000000e+00  2.16709323e-16 
-1.10000000e+00 -1.10000000e+00 -1.00000000e+00  6.12076067e-06 -6.12072989e-06 -3.07786570e-11  0.00000000e+00  3.39213236e-16 
-1.11000000e+00 -1.11000000e+00 -1.00000000e+00  6.12864322e-06 -6.12861244e-06 -3.07786780e-11  0.00000000e+00  1.01757002e-16 
-1.12000000e+00 -1.12000000e+00 -1.00000000e+00  6.13652232e-06 -6.13649155e-06 -3.07786989e-11  0.00000000e+00  5.73377696e-16 
-1.13000000e+00 -1.13000000e+00 -1.00000000e+00  6.14439809e-06 -6.14436731e-06 -3.07787199e-11  0.00000000e+00  1.52985304e-16 
-1.14000000e+00 -1.14000000e+00 -1.00000000e+00  6.15227062e-06 -6.15223984e-06 -3.07787408e-11  0.00000000e+00  1.49070112e-16 
-1.15000000e+00 -1.15000000e+00 -1.00000000e+00  6.16014002e-06 -6.16010924e-06 -3.07787617e-11  0.00000000e+00  1.80329426e-17 
-1.16000000e+00 -1.16000000e+00 -1.00000000e+00  6.16800640e-06 -6.16797562e-06 -3.07787826e-11  0.00000000e+00  8.42736959e-17 
-1.17000000e+00 -1.17000000e+00 -1.00000000e+00  6.17586984e-06 -6.17583906e-06 -3.07788036e-11  0.00000000e+00  5.62466304e-16 
-1.18000000e+00 -1.18000000e+00 -1.00000000e+00  6.18373046e-06 -6.18369968e-06 -3.07788245e-11  0.00000000e+00  2.51271623e-16 
-1.19000000e+00 -1.19000000e+00 -1.00000000e+00  6.19158833e-06 -6.19155755e-06 -3.07788454e-11  0.00000000e+00  2.89294644e-16 
-1.20000000e+00 -1.20000000e+00 -1.00000000e+00  6.19944356e-06 -6.19941278e-06 -3.07788663e-11  0.00000000e+00  3.80221717e-18 
 0.00000000e+00  0.00000000e+00 -1.20000000e+00  6.01622123e-30  1.73361896e-30 -7.74984020e-30  0.00000000e+00  0.00000000e+00 
-1.00000000e-02 -1.00000000e-02 -1.20000000e+00  1.75062411e-06 -1.75061721e-06 -6.90702560e-12  0.00000000e+00  4.93033892e-19 
-2.00000000e-02 -2.00000000e-02 -1.20000000e+00  3.43839236e-06 -3.43838009e-06 -1.22645918e-11  0.00000000e+00  3.34665876e-18 
-3.00000000e-02 -3.00000000e-02 -1.20000000e+00  5.06347215e-06 -5.06345573e-06 -1.64203699e-11  0.00000000e+00  1.25364966e-18 
-4.00000000e-02 -4.00000000e-02 -1.20000000e+00  6.62603496e-06 -6.62601531e-06 -1.96440166e-11  0.00000000e+00  2.30691825e-18 
-5.00000000e-02 -5.00000000e-02 -1.20000000e+00  8.12625724e-06 -8.12623509e-06 -2.21446797e-11  0.00000000e+00  1.02811862e-17 
-6.00000000e-02 -6.00000000e-02 -1.20000000e+00  9.56432174e-06 -9.56429766e-06 -2.40845755e-11  0.00000000e+00  1.95792254e-17 
-7.00000000e-02 -7.00000000e-02 -1.20000000e+00  1.09404190e-05 -1.09403935e-05 -2.55895199e-11  0.00000000e+00  9.85270247e-19 
-8.00000000e-02 -8.00000000e-02 -1.20000000e+00  1.22547495e-05 -1.22547227e-05 -2.67570963e-11  0.00000000e+00  2.46821899e-17 
-9.00000000e-02 -9.00000000e-02 -1.20000000e+00  1.35075257e-05 -1.35074980e-05 -2.76629911e-11  0.00000000e+00  4.74840943e-17 
-1.00000000e-01 -1.00000000e-01 -1.20000000e+00  1.46989755e-05 -1.46989472e-05 -2.83659068e-11  0.00000000e+00  2.39404777e-17 
-1.10000000e-01 -1.10000000e-01 -1.20000000e+00  1.58293466e-05 -1.58293177e-05 -2.89113734e-11  0.00000000e+00  3.11619805e-18 
-1.20000000e-01 -1.20000000e-01 -1.20000000e+00  1.68989108e-05 -1.68988814e-05 -2.93347040e-11  0.00000000e+00  9.28163200e-18 
-1.30000000e-01 -1.30000000e-01 -1.20000000e+00  1.79079714e-05 -1.79079417e-05 -2.96632879e-11  0.00000000e+00  3.24768632e-17 
-1.40000000e-01 -1.40000000e-01 -1.20000000e+00  1.88568717e-05 -1.88568418e-05 -2.99183680e-11  0.00000000e+00  9.38636202e-18 
-1.50000000e-01 -1.50000000e-01 -1.20000000e+00  1.97460061e-05 -1.97459759e-05 -3.01164209e-11  0.00000000e+00  5.06006816e-18 
-1.60000000e-01 -1.60000000e-01 -1.20000000e+00  2.05758347e-05 -2.05758044e-05 -3.02702256e-11  0.00000000e+00  1.54633755e-18 
-1.70000000e-01 -1.70000000e-01 -1.20000000e+00  2.13469025e-05 -2.13468721e-05 -3.03896940e-11  0.00000000e+00  1.86398819e-17 
-1.80000000e-01 -1.80000000e-01 -1.20000000e+00  2.20598634e-05 -2.20598329e-05 -3.04825141e-11  0.00000000e+00  5.08879012e-19 
-1.90000000e-01 -1.90000000e-01 -1.20000000e+00  2.27155113e-05 -2.27154807e-05 -3.05546489e-11  0.00000000e+00  1.94541170e-17 
-2.00000000e-01 -2.00000000e-01 -1.20000000e+00  2.33148194e-05 -2.33147888e-05 -3.06107239e-11  0.00000000e+00  3.82159612e-17 
-2.10000000e-01 -2.10000000e-01 -1.20000000e+00  2.38589875e-05 -2.38589568e-05 -3.06543272e-11  0.00000000e+00  1.77971377e-17 
-2.20000000e-01 -2.20000000e-01 -1.20000000e+00  2.43494975e-05 -2.43494669e-05 -3.06882425e-11  0.00000000e+00  3.28734437e-18 
-2.30000000e-01 -2.30000000e-01 -1.20000000e+00  2.47881756e-05 -2.47881449e-05 -3.07146296e-11  0.00000000e+00  1.53600620e-17 
-2.40000000e-01 -2.40000000e-01 -1.20000000e+00  2.51772521e-05 -2.51772214e-05 -3.07351650e-11  0.00000000e+00  4.17767013e-17 
-2.50000000e-01 -2.50000000e-01 -1.20000000e+00  2.55194118e-05 -2.55193811e-05 -3.07511502e-11  0.00000000e+00  6.10530563e-17 
-2.60000000e-01 -2.60000000e-01 -1.20000000e+00  2.58178165e-05 -2.58177858e-05 -3.07635961e-11  0.00000000e+00  7.69858693e-17 
-2.70000000e-01 -2.70000000e-01 -1.20000000e+00  2.60760842e-05 -2.60760535e-05 -3.07732883e-11  0.00000000e+00  2.67860439e-17 
-2.80000000e-01 -2.80000000e-01 -1.20000000e+00  2.62982113e-05 -2.62981805e-05 -3.07808379e-11  0.00000000e+00  2.64164414e-17 
-2.90000000e-01 -2.90000000e-01 -1.20000000e+00  2.64884353e-05 -2.64884045e-05 -3.07867203e-11  0.00000000e+00  3.53408727e-17 
-3.00000000e-01 -3.00000000e-01 -1.20000000e+00  2.66510557e-05 -2.66510249e-05 -3.07913057e-11  0.00000000e+00  2.22754876e-17 
-3.10000000e-01 -3.10000000e-01 -1.20000000e+00  2.67902412e-05 -2.67902104e-05 -3.07948825e-11  0.00000000e+00  2.66241278e-17 
-3.20000000e-01 -3.20000000e-01 -1.20000000e+00  2.69098601e-05 -2.69098293e-05 -3.07976749e-11  0.00000000e+00  8.20715778e-17 
-3.30000000e-01 -3.30000000e-01 -1.20000000e+00  2.70133616e-05 -2.70133308e-05 -3.07998578e-11  0.00000000e+00  1.51839781e-16 
-3.40000000e-01 -3.40000000e-01 -1.20000000e+00  2.71037157e-05 -2.71036849e-05 -3.08015670e-11  0.00000000e+00  1.59678258e-16 
-3.50000000e-01 -3.50000000e-01 -1.20000000e+00  2.71834089e-05 -2.71833780e-05 -3.08029082e-11  0.00000000e+00  4.16856201e-17 
-3.60000000e-01 -3.60000000e-01 -1.20000000e+00  2.72544777e-05 -2.72544469e-05 -3.08039635e-11  0.00000000e+00  1.25183106e-17 
-3.70000000e-01 -3.70000000e-01 -1.20000000e+00  2.73185648e-05 -2.73185340e-05 -3.08047966e-11  0.00000000e+00  1.82444006e-17 
-3.80000000e-01 -3.80000000e-01 -1.20000000e+00  2.73769816e-05 -2.73769508e-05 -3.08054570e-11  0.00000000e+00  1.58239820e-16 
-3.90000000e-01 -3.90000000e-01 -1.20000000e+00  2.74307692e-05 -2.74307384e-05 -3.08059833e-11  0.00000000e+00  1.01435927e-16 
-4.00000000e-01 -4.00000000e-01 -1.20000000e+00  2.74807530e-05 -2.74807222e-05 -3.08064051e-11  0.00000000e+00  1.61303893e-18 
-4.10000000e-01 -4.10000000e-01 -1.20000000e+00  2.75275878e-05 -2.75275570e-05 -3.08067457e-11  0.00000000e+00  2.50928048e-17 
-4.20000000e-01 -4.20000000e-01 -1.20000000e+00  2.75717948e-05 -2.75717640e-05 -3.08070230e-11  0.00000000e+00  1.61590473e-16 
-4.30000000e-01 -4.30000000e-01 -1.20000000e+00  2.76137908e-05 -2.76137600e-05 -3.08072510e-11  0.00000000e+00  2.25404886e-17 
-4.40000000e-01 -4.40000000e-01 -1.20000000e+00  2.76539113e-05 -2.76538805e-05 -3.08074406e-11  0.00000000e+00  1.85801873e-17 
-4.50000000e-01 -4.50000000e-01 -1.20000000e+00  2.76924277e-05 -2.76923969e-05 -3.08076001e-11  0.00000000e+00  2.39608652e-17 
-4.60000000e-01 -4.60000000e-01 -1.20000000e+00  2.77295615e-05 -2.77295307e-05 -3.08077361e-11  0.00000000e+00  4.11555914e-18 
-4.70000000e-01 -4.70000000e-01 -1.20000000e+00  2.77654946e-05 -2.77654638e-05 -3.08078537e-11  0.00000000e+00  2.68763158e-17 
-4.80000000e-01 -4.80000000e-01 -1.20000000e+00  2.78003774e-05 -2.78003466e-05 -3.08079569e-11  0.00000000e+00  7.71690777e-17 
-4.90000000e-01 -4.90000000e-01 -1.20000000e+00  2.78343354e-05 -2.78343046e-05 -3.08080487e-11  0.00000000e+00  6.78293297e-18 
-5.00000000e-01 -5.00000000e-01 -1.20000000e+00  2.78674738e-05 -2.78674430e-05 -3.08081316e-11  0.00000000e+00  1.79410161e-16 
-5.10000000e-01 -5.10000000e-01 -1.20000000e+00  2.78998816e-05 -2.78998508e-05 -3.08082074e-11  0.00000000e+00  1.81654898e-16 
-5.20000000e-01 -5.20000000e-01 -1.20000000e+00  2.79316344e-05 -2.79316036e-05 -3.08082776e-11  0.00000000e+00  4.94572148e-17 
-5.30000000e-01 -5.30000000e-01 -1.20000000e+00  2.79627969e-05 -2.79627661e-05 -3.08083434e-11  0.00000000e+00  1.11434865e-16 
-5.40000000e-01 -5.40000000e-01 -1.20000000e+00  2.79934251e-05 -2.79933943e-05 -3.08084056e-11  0.00000000e+00  1.38636932e-16 
-5.50000000e-01 -5.50000000e-01 -1.20000000e+00  2.80235672e-05 -2.80235364e-05 -3.08084649e-11  0.00000000e+00  2.25103481e-16 
-5.60000000e-01 -5.60000000e-01 -1.20000000e+00  2.80532653e-05 -2.80532345e-05 -3.08085219e-11  0.00000000e+00  7.84152358e-17 
-5.70000000e-01 -5.70000000e-01 -1.20000000e+00  2.80825565e-05 -2.80825257e-05 -3.08085771e-11  0.00000000e+00  1.01771963e-16 
-5.80000000e-01 -5.80000000e-01 -1.20000000e+00  2.81114730e-05 -2.81114422e-05 -3.08086306e-11  0.00000000e+00  9.17398046e-18 
-5.90000000e-01 -5.90000000e-01 -1.20000000e+00  2.81400438e-05 -2.81400129e-05 -3.08086830e-11  0.00000000e+00  1.89841288e-16 
-6.00000000e-01 -6.00000000e-01 -1.20000000e+00  2.81682942e-05 -2.81682634e-05 -3.08087342e-11  0.00000000e+00  1.22357832e-16 
-6.10000000e-01 -6.10000000e-01 -1.20000000e+00  2.81962471e-05 -2.81962162e-05 -3.08087846e-11  0.00000000e+00  1.07249561e-16 
-6.20000000e-01 -6.20000000e-01 -1.20000000e+00  2.82239228e-05 -2.82238920e-05 -3.08088342e-11  0.00000000e+00  3.03173230e-18 
-6.30000000e-01 -6.30000000e-01 -1.20000000e+00  2.82513398e-05 -2.82513089e-05 -3.08088832e-11  0.00000000e+00  3.68568972e-16 
-6.40000000e-01 -6.40000000e-01 -1.20000000e+00  2.82785145e-05 -2.82784837e-05 -3.08089316e-11  0.00000000e+00  4.50908817e-16 
-6.50000000e-01 -6.50000000e-01 -1.20000000e+00  2.83054619e-05 -2.83054311e-05 -3.08089795e-11  0.00000000e+00  2.47799985e-16 
-6.60000000e-01 -6.60000000e-01 -1.20000000e+00  2.83321958e-05 -2.83321650e-05 -3.08090270e-11  0.00000000e+00  1.62530000e-17 
-6.70000000e-01 -6.70000000e-01 -1.20000000e+00  2.83587284e-05 -2.83586976e-05 -3.08090741e-11  0.00000000e+00  5.16987815e-17 
-6.80000000e-01 -6.80000000e-01 -1.20000000e+00  2.83850711e-05 -2.83850403e-05 -3.08091209e-11  0.00000000e+00  1.86702631e-16 
-6.90000000e-01 -6.90000000e-01 -1.20000000e+00  2.84112344e-05 -2.84112035e-05 -3.08091674e-11  0.00000000e+00  3.99988861e-17 
-7.00000000e-01 -7.00000000e-01 -1.20000000e+00  2.84372277e-05 -2.84371969e-05 -3.08092136e-11  0.00000000e+00  1.40083191e-16 
-7.10000000e-01 -7.10000000e-01 -1.20000000e+00  2.84630598e-05 -2.84630290e-05 -3.08092595e-11  0.00000000e+00  8.97831492e-18 
-7.20000000e-01 -7.20000000e-01 -1.20000000e+00  2.84887390e-05 -2.84887082e-05 -3.08093051e-11  0.00000000e+00  8.99704633e-17 
-7.30000000e-01 -7.30000000e-01 -1.20000000e+00  2.85142726e-05 -2.85142418e-05 -3.08093506e-11  0.00000000e+00  4.20884341e-17 
-7.40000000e-01 -7.40000000e-01 -1.20000000e+00  2.85396676e-05 -2.85396368e-05 -3.08093958e-11  0.00000000e+00  2.27153513e-16 
-7.50000000e-01 -7.50000000e-01 -1.20000000e+00  2.85649306e-05 -2.85648998e-05 -3.08094409e-11  0.00000000e+00  4.22511895e-16 
-7.60000000e-01 -7.60000000e-01 -1.20000000e+00  2.85900675e-05 -2.85900367e-05 -3.08094857e-11  0.00000000e+00  1.02273460e-16 
-7.70000000e-01 -7.70000000e-01 -1.20000000e+00  2.86150840e-05 -2.86150532e-05 -3.08095304e-11  0.00000000e+00  1.36466443e-16 
-7.80000000e-01 -7.80000000e-01 -1.20000000e+00  2.86399853e-05 -2.86399545e-05 -3.08095749e-11  0.00000000e+00  1.48358660e-17 
-7.90000000e-01 -7.90000000e-01 -1.20000000e+00  2.86647763e-05 -2.86647454e-05 -3.08096193e-11  0.00000000e+00  2.05018087e-16 
-8.00000000e-01 -8.00000000e-01 -1.20000000e+00  2.86894615e-05 -2.86894307e-05 -3.08096635e-11  0.00000000e+00  5.00199305e-17 
-8.10000000e-01 -8.10000000e-01 -1.20000000e+00  2.87140454e-05 -2.87140146e-05 -3.08097076e-11  0.00000000e+00  1.75158172e-16 
-8.20000000e-01 -8.20000000e-01 -1.20000000e+00  2.87385320e-05 -2.87385012e-05 -3.08097515e-11  0.00000000e+00  5.13381781e-17 
-8.30000000e-01 -8.30000000e-01 -1.20000000e+00  2.87629250e-05 -2.87628942e-05 -3.08097953e-11  0.00000000e+00  6.51874180e-17 
-8.40000000e-01 -8.40000000e-01 -1.20000000e+00  2.87872282e-05 -2.87871974e-05 -3.08098390e-11  0.00000000e+00  1.23434042e-16 
-8.50000000e-01 -8.50000000e-01 -1.20000000e+00  2.88114448e-05 -2.88114140e-05 -3.08098825e-11  0.00000000e+00  1.25246323e-16 
-8.60000000e-01 -8.60000000e-01 -1.20000000e+00  2.88355781e-05 -2.88355473e-05 -3.08099259e-11  0.00000000e+00  2.11761674e-16 
-8.70000000e-01 -8.70000000e-01 -1.20000000e+00  2.88596312e-05 -2.88596003e-05 -3.08099693e-11  0.00000000e+00  1.73461776e-16 
-8.80000000e-01 -8.80000000e-01 -1.20000000e+00  2.88836068e-05 -2.88835760e-05 -3.08100125e-11  0.00000000e+00  6.81203175e-17 
-8.90000000e-01 -8.90000000e-01 -1.20000000e+00  2.89075077e-05 -2.89074769e-05 -3.08100556e-11  0.00000000e+00  1.71717512e-16 
-9.00000000e-01 -9.00000000e-01 -1.20000000e+00  2.89313365e-05 -2.89313057e-05 -3.08100986e-11  0.00000000e+00  8.98874767e-17 
-9.10000000e-01 -9.10000000e-01 -1.20000000e+00  2.89550957e-05 -2.89550649e-05 -3.08101415e-11  0.00000000e+00  2.58177551e-16 
-9.20000000e-01 -9.20000000e-01 -1.20000000e+00  2.89787876e-05 -2.89787568e-05 -3.08101843e-11  0.00000000e+00  1.24684678e-16 
-9.30000000e-01 -9.30000000e-01 -1.20000000e+00  2.90024143e-05 -2.90023835e-05 -3.08102271e-11  0.00000000e+00  1.44388429e-17 
-9.40000000e-01 -9.40000000e-01 -1.20000000e+00  2.90259781e-05 -2.90259473e-05 -3.08102697e-11  0.00000000e+00  2.51975207e-16 
-9.50000000e-01 -9.50000000e-01 -1.20000000e+00  2.90494809e-05 -2.90494501e-05 -3.08103122e-11  0.00000000e+00  3.14397174e-16 
-9.60000000e-01 -9.60000000e-01 -1.20000000e+00  2.90729246e-05 -2.90728938e-05 -3.08103547e-11  0.00000000e+00  1.03725891e-16 
-9.70000000e-01 -9.70000000e-01 -1.20000000e+00  2.90963111e-05 -2.90962803e-05 -3.08103971e-11  0.00000000e+00  4.08489188e-16 
-9.80000000e-01 -9.80000000e-01 -1.20000000e+00  2.91196421e-05 -2.91196113e-05 -3.08104394e-11  0.00000000e+00  1.05602331e-16 
-9.90000000e-01 -9.90000000e-01 -1.20000000e+00  2.91429194e-05 -2.91428886e-05 -3.08104817e-11  0.00000000e+00  6.31287321e-17 
-1.00000000e+00 -1.00000000e+00 -1.20000000e+00  2.91661444e-05 -2.91661136e-05 -3.08105239e-11  0.00000000e+00  3.29428230e-16 
-1.01000000e+00 -1.01000000e+00 -1.20000000e+00  2.91893188e-05 -2.91892880e-05 -3.08105660e-11  0.00000000e+00  2.07527000e-16 
-1.02000000e+00 -1.02000000e+00 -1.20000000e+00  2.92124440e-05 -2.92124132e-05 -3.08106080e-11  0.00000000e+00  5.87420539e-17 
-1.03000000e+00 -1.03000000e+00 -1.20000000e+00  2.92355215e-05 -2.92354906e-05 -3.08106499e-11  0.00000000e+00  4.19556475e-16 
-1.04000000e+00 -1.04000000e+00 -1.20000000e+00  2.92585525e-05 -2.92585217e-05 -3.08106919e-11  0.00000000e+00  7.94854647e-17 
-1.05000000e+00 -1.05000000e+00 -1.20000000e+00  2.92815383e-05 -2.92815075e-05 -3.08107337e-11  0.00000000e+00  1.25783290e-16 
-1.06000000e+00 -1.06000000e+00 -1.20000000e+00  2.93044803e-05 -2.93044495e-05 -3.08107755e-11  0.00000000e+00  2.66203530e-16 
-1.07000000e+00 -1.07000000e+00 -1.20000000e+00  2.93273797e-05 -2.93273489e-05 -3.08108172e-11  0.00000000e+00  4.04663817e-16 
-1.08000000e+00 -1.08000000e+00 -1.20000000e+00  2.93502375e-05 -2.93502066e-05 -3.08108588e-11  0.00000000e+00  1.04541021e-16 
-1.09000000e+00 -1.09000000e+00 -1.20000000e+00  2.93730548e-05 -2.93730240e-05 -3.08109005e-11  0.00000000e+00  9.19246086e-17 
-1.10000000e+00 -1.10000000e+00 -1.20000000e+00  2.93958328e-05 -2.93958020e-05 -3.08109420e-11  0.00000000e+00  3.51917668e-16 
-1.11000000e+00 -1.11000000e+00 -1.20000000e+00  2.94185725e-05 -2.94185417e-05 -3.08109835e-11  0.00000000e+00  4.30405007e-16 
-1.12000000e+00 -1.12000000e+00 -1.20000000e+00  2.94412749e-05 -2.94412441e-05 -3.08110249e-11  0.00000000e+00  1.48902478e-16 
-1.13000000e+00 -1.13000000e+00 -1.20000000e+00  2.94639409e-05 -2.94639101e-05 -3.08110663e-11  0.00000000e+00  2.74748541e-16 
-1.14000000e+00 -1.14000000e+00 -1.20000000e+00  2.94865714e-05 -2.94865406e-05 -3.08111077e-11  0.00000000e+00  5.54886691e-16 
-1.15000000e+00 -1.15000000e+00 -1.20000000e+00  2.95091673e-05 -2.95091365e-05 -3.08111490e-11  0.00000000e+00  3.57567594e-16 
-1.16000000e+00 -1.16000000e+00 -1.20000000e+00  2.95317295e-05 -2.95316987e-05 -3.08111902e-11  0.00000000e+00  3.44536092e-16 
-1.17000000e+00 -1.17000000e+00 -1.20000000e+00  2.95542589e-05 -2.95542281e-05 -3.08112314e-11  0.00000000e+00  1.97896188e-16 
-1.18000000e+00 -1.18000000e+00 -1.20000000e+00  2.95767561e-05 -2.95767253e-05 -3.08112726e-11  0.00000000e+00  1.49200631e-16 
-1.19000000e+00 -1.19000000e+00 -1.20000000e+00  2.95992221e-05 -2.95991913e-05 -3.08113137e-11  0.00000000e+00  2.60869328e-16 
-1.20000000e+00 -1.20000000e+00 -1.20000000e+00  2.96216575e-05 -2.96216266e-05 -3.08113548e-11  0.00000000e+00  3.54220020e-16 
