$ /usr/bin/timeout --kill-after=10 300 /usr/bin/python -m spice_model_benchmark.cli /home/duhaochen/website-trial-v1/data/spice-benchmark/3bf81dfcf52803200b940fc696343cc5/model.lib --simulator ngspice --modes dc transient ac noise --output-dir /home/duhaochen/website-trial-v1/data/spice-benchmark/3bf81dfcf52803200b940fc696343cc5 --dpi 150 --log-level WARNING
SPICE Model Benchmark: /home/duhaochen/website-trial-v1/data/spice-benchmark/3bf81dfcf52803200b940fc696343cc5/model.lib
Simulators: ngspice
Modes: dc, transient, ac, noise
------------------------------------------------------------

============================================================
  Running: NGSPICE
  Output:  /home/duhaochen/website-trial-v1/data/spice-benchmark/3bf81dfcf52803200b940fc696343cc5/ngspice
============================================================
[WARNING]: Simulation warnings: Warning: Model issue on line 6 :
  .model nmos nmos a0=1.1 a1=0.000000e+00 a2=1.0 ags=-0.01 alpha0=0.000000 ...
unrecognized parameter (cta) - ignored
unrecognized parameter (ctp) - ignored
unrecognized parameter (n) - ignored
unrecognized parameter (php) - ignored
unrecognized parameter (pta) - ignored
unrecognized parameter (ptp) - ignored
unrecognized parameter (tref) - ignored
unrecognized parameter (binflag) - ignored
unrecognized parameter (xl) - ignored
unrecognized parameter (xw) - ignored

Fatal error: BSIM3v1: mosfet nmos, model m2: Effective channel length <= 0
doAnalyses: no such parameter on this device or parameter is missing

dc simulation(s) aborted
Warning from checkvalid: vector i(vds_iv) is not available or has zero length.
Error: RHS "i(vds_iv)" invalid
Warning from checkvalid: vector i(vs_iv) is not available or has zero length.
Error: RHS "i(vs_iv)" invalid
Warning from checkvalid: vector i(vgs_iv) is not available or has zero length.
Error: RHS "i(vgs_iv)" invalid
Warning from checkvalid: vector i(vb_iv) is not available or has zero length.
Error: RHS "i(vb_iv)" invalid
Warning from checkvalid: vector id is not available or has zero length.
Error: RHS "abs(id + is + ig + ib)" invalid
Error: no such vector drain_iv
  in term: v(drain_iv)

Fatal error: BSIM3v1: mosfet nmos, model m2: Effective channel length <= 0
doAnalyses: no such parameter on this device or parameter is missing

dc simulation(s) aborted
Warning from checkvalid: vector i(vds_iv) is not available or has zero length.
Error: RHS "i(vds_iv)" invalid
Warning from checkvalid: vector i(vs_iv) is not available or has zero length.
Error: RHS "i(vs_iv)" invalid
Warning from checkvalid: vector i(vgs_iv) is not available or has zero length.
Error: RHS "i(vgs_iv)" invalid
Warning from checkvalid: vector i(vb_iv) is not available or has zero length.
Error: RHS "i(vb_iv)" invalid
Warning from checkvalid: vector id is not available or has zero length.
Error: RHS "abs(id + is + ig + ib)" invalid
Error: no such vector drain_iv
  in term: v(drain_iv)

Fatal error: BSIM3v1: mosfet nmos, model m2: Effective channel length <= 0
doAnalyses: no such parameter on this device or parameter is missing

dc simulation(s) aborted
Warning from checkvalid: vector i(vds_iv) is not available or has zero length.
Error: RHS "i(vds_iv)" invalid
Warning from checkvalid: vector i(vs_iv) is not available or has zero length.
Error: RHS "i(vs_iv)" invalid
Warning from checkvalid: vector i(vgs_iv) is not available or has zero length.
Error: RHS "i(vgs_iv)" invalid
Warning from checkvalid: vector i(vb_iv) is not available or has zero length.
Error: RHS "i(vb_iv)" invalid
Warning from checkvalid: vector id is not available or has zero length.
Error: RHS "abs(id + is + ig + ib)" invalid
Error: no such vector drain_iv
  in term: v(drain_iv)

Fatal error: BSIM3v1: mosfet nmos, model m2: Effective channel length <= 0
doAnalyses: no such parameter on this device or parameter is missing

dc simulation(s) aborted
Warning from checkvalid: vector i(vds_iv) is not available or has zero length.
Error: RHS "i(vds_iv)" invalid
Warning from checkvalid: vector i(vs_iv) is not available or has zero length.
Error: RHS "i(vs_iv)" invalid
Warning from checkvalid: vector i(vgs_iv) is not available or has zero length.
Error: RHS "i(vgs_iv)" invalid
Warning from checkvalid: vector i(vb_iv) is not available or has zero length.
Error: RHS "i(vb_iv)" invalid
Warning from checkvalid: vector id is not available or has zero length.
Error: RHS "abs(id + is + ig + ib)" invalid
Error: no such vector drain_iv
  in term: v(drain_iv)

Fatal error: BSIM3v1: mosfet nmos, model m2: Effective channel length <= 0
doAnalyses: no such parameter on this device or parameter is missing

dc simulation(s) aborted
Warning from checkvalid: vector i(vds_iv) is not available or has zero length.
Error: RHS "i(vds_iv)" invalid
Warning from checkvalid: vector i(vs_iv) is not available or has zero length.
Error: RHS "i(vs_iv)" invalid
Warning from checkvalid: vector i(vgs_iv) is not available or has zero length.
Error: RHS "i(vgs_iv)" invalid
Warning from checkvalid: vector i(vb_iv) is not available or has zero length.
Error: RHS "i(vb_iv)" invalid
Warning from checkvalid: vector id is not available or has zero length.
Error: RHS "abs(id + is + ig + ib)" invalid
Error: no such vector drain_iv
  in term: v(drain_iv)

Fatal error: BSIM3v1: mosfet nmos, model m2: Effective channel length <= 0
doAnalyses: no such parameter on this device or parameter is missing

dc simulation(s) aborted
Warning from checkvalid: vector i(vds_iv) is not available or has zero length.
Error: RHS "i(vds_iv)" invalid
Warning from checkvalid: vector i(vs_iv) is not available or has zero length.
Error: RHS "i(vs_iv)" invalid
Warning from checkvalid: vector i(vgs_iv) is not available or has zero length.
Error: RHS "i(vgs_iv)" invalid
Warning from checkvalid: vector i(vb_iv) is not available or has zero length.
Error: RHS "i(vb_iv)" invalid
Warning from checkvalid: vector id is not available or has zero length.
Error: RHS "abs(id + is + ig + ib)" invalid
Error: no such vector drain_iv
  in term: v(drain_iv)

Fatal error: BSIM3v1: mosfet nmos, model m2: Effective channel length <= 0
doAnalyses: no such parameter on this device or parameter is missing

op simulation(s) aborted
Warning from checkvalid: vector i(vds_bias) is not available or has zero length.
Error: RHS "i(vds_bias)" invalid
Warning from checkvalid: vector i(vs_bias) is not available or has zero length.
Error: RHS "i(vs_bias)" invalid
Warning from checkvalid: vector i(vgs_bias) is not available or has zero length.
Error: RHS "i(vgs_bias)" invalid
Warning from checkvalid: vector i(vb_bias) is not available or has zero length.
Error: RHS "i(vb_bias)" invalid
Error: &v(drain_bias): no such variable.
Error: &v(gate_bias): no such variable.
Error: &id_bias: no such variable.
Error: &ig_bias: no such variable.
Error: &is_bias: no such variable.
Error: &ib_bias: no such variable.
Fatal error: BSIM3v1: mosfet nmos, model m2: Effective channel length <= 0
doAnalyses: no such parameter on this device or parameter is missing

op simulation(s) aborted
Warning from checkvalid: vector i(vds_bias) is not available or has zero length.
Error: RHS "i(vds_bias)" invalid
Warning from checkvalid: vector i(vs_bias) is not available or has zero length.
Error: RHS "i(vs_bias)" invalid
Warning from checkvalid: vector i(vgs_bias) is not available or has zero length.
Error: RHS "i(vgs_bias)" invalid
Warning from checkvalid: vector i(vb_bias) is not available or has zero length.
Error: RHS "i(vb_bias)" invalid
Error: &v(drain_bias): no such variable.
Error: &v(gate_bias): no such variable.
Error: &id_bias: no such variable.
Error: &ig_bias: no such variable.
Error: &is_bias: no such variable.
Error: &ib_bias: no such variable.
Fatal error: BSIM3v1: mosfet nmos, model m2: Effective channel length <= 0
doAnalyses: no such parameter on this device or parameter is missing

op simulation(s) aborted
Warning from checkvalid: vector i(vds_bias) is not available or has zero length.
Error: RHS "i(vds_bias)" invalid
Warning from checkvalid: vector i(vs_bias) is not available or has zero length.
Error: RHS "i(vs_bias)" invalid
Warning from checkvalid: vector i(vgs_bias) is not available or has zero length.
Error: RHS "i(vgs_bias)" invalid
Warning from checkvalid: vector i(vb_bias) is not available or has zero length.
Error: RHS "i(vb_bias)" invalid
Error: &v(drain_bias): no such variable.
Error: &v(gate_bias): no such variable.
Error: &id_bias: no such variable.
Error: &ig_bias: no such variable.
Error: &is_bias: no such variable.
Error: &ib_bias: no such variable.
Fatal error: BSIM3v1: mosfet nmos, model m2: Effective channel length <= 0
doAnalyses: no such parameter on this device or parameter is missing

op simulation(s) aborted
Warning from checkvalid: vector i(vds_bias) is not available or has zero length.
Error: RHS "i(vds_bias)" invalid
Warning from checkvalid: vector i(vs_bias) is not available or has zero length.
Error: RHS "i(vs_bias)" invalid
Warning from checkvalid: vector i(vgs_bias) is not available or has zero length.
Error: RHS "i(vgs_bias)" invalid
Warning from checkvalid: vector i(vb_bias) is not available or has zero length.
Error: RHS "i(vb_bias)" invalid
Error: &v(drain_bias): no such variable.
Error: &v(gate_bias): no such variable.
Error: &id_bias: no such variable.
Error: &ig_bias: no such variable.
Error: &is_bias: no such variable.
Error: &ib_bias: no such variable.
Fatal error: BSIM3v1: mosfet nmos, model m2: Effective channel length <= 0
doAnalyses: no such parameter on this device or parameter is missing

op simulation(s) aborted
Warning from checkvalid: vector i(vds_bias) is not available or has zero length.
Error: RHS "i(vds_bias)" invalid
Warning from checkvalid: vector i(vs_bias) is not available or has zero length.
Error: RHS "i(vs_bias)" invalid
Warning from checkvalid: vector i(vgs_bias) is not available or has zero length.
Error: RHS "i(vgs_bias)" invalid
Warning from checkvalid: vector i(vb_bias) is not available or has zero length.
Error: RHS "i(vb_bias)" invalid
Error: &v(drain_bias): no such variable.
Error: &v(gate_bias): no such variable.
Error: &id_bias: no such variable.
Error: &ig_bias: no such variable.
Error: &is_bias: no such variable.
Error: &ib_bias: no such variable.
Fatal error: BSIM3v1: mosfet nmos, model m2: Effective channel length <= 0
doAnalyses: no such parameter on this device or parameter is missing

op simulation(s) aborted
Warning from checkvalid: vector i(vds_bias) is not available or has zero length.
Error: RHS "i(vds_bias)" invalid
Warning from checkvalid: vector i(vs_bias) is not available or has zero length.
Error: RHS "i(vs_bias)" invalid
Warning from checkvalid: vector i(vgs_bias) is not available or has zero length.
Error: RHS "i(vgs_bias)" invalid
Warning from checkvalid: vector i(vb_bias) is not available or has zero length.
Error: RHS "i(vb_bias)" invalid
Error: &v(drain_bias): no such variable.
Error: &v(gate_bias): no such variable.
Error: &id_bias: no such variable.
Error: &ig_bias: no such variable.
Error: &is_bias: no such variable.
Error: &ib_bias: no such variable.
Fatal error: BSIM3v1: mosfet nmos, model m2: Effective channel length <= 0
doAnalyses: no such parameter on this device or parameter is missing

op simulation(s) aborted
Warning from checkvalid: vector i(vds_bias) is not available or has zero length.
Error: RHS "i(vds_bias)" invalid
Warning from checkvalid: vector i(vs_bias) is not available or has zero length.
Error: RHS "i(vs_bias)" invalid
Warning from checkvalid: vector i(vgs_bias) is not available or has zero length.
Error: RHS "i(vgs_bias)" invalid
Warning from checkvalid: vector i(vb_bias) is not available or has zero length.
Error: RHS "i(vb_bias)" invalid
Error: &v(drain_bias): no such variable.
Error: &v(gate_bias): no such variable.
Error: &id_bias: no such variable.
Error: &ig_bias: no such variable.
Error: &is_bias: no such variable.
Error: &ib_bias: no such variable.
Fatal error: BSIM3v1: mosfet nmos, model m2: Effective channel length <= 0
doAnalyses: no such parameter on this device or parameter is missing

op simulation(s) aborted
Warning from checkvalid: vector i(vds_bias) is not available or has zero length.
Error: RHS "i(vds_bias)" invalid
Warning from checkvalid: vector i(vs_bias) is not available or has zero length.
Error: RHS "i(vs_bias)" invalid
Warning from checkvalid: vector i(vgs_bias) is not available or has zero length.
Error: RHS "i(vgs_bias)" invalid
Warning from checkvalid: vector i(vb_bias) is not available or has zero length.
Error: RHS "i(vb_bias)" invalid
Error: &v(drain_bias): no such variable.
Error: &v(gate_bias): no such variable.
Error: &id_bias: no such variable.
Error: &ig_bias: no such variable.
Error: &is_bias: no such variable.
Error: &ib_bias: no such variable.
Fatal error: BSIM3v1: mosfet nmos, model m2: Effective channel length <= 0
doAnalyses: no such parameter on this device or parameter is missing

op simulation(s) aborted
Warning from checkvalid: vector i(vds_bias) is not available or has zero length.
Error: RHS "i(vds_bias)" invalid
Warning from checkvalid: vector i(vs_bias) is not available or has zero length.
Error: RHS "i(vs_bias)" invalid
Warning from checkvalid: vector i(vgs_bias) is not available or has zero length.
Error: RHS "i(vgs_bias)" invalid
Warning from checkvalid: vector i(vb_bias) is not available or has zero length.
Error: RHS "i(vb_bias)" invalid
Error: &v(drain_bias): no such variable.
Error: &v(gate_bias): no such variable.
Error: &id_bias: no such variable.
Error: &ig_bias: no such variable.
Error: &is_bias: no such variable.
Error: &ib_bias: no such variable.

[WARNING]: Simulation warnings: Warning: Model issue on line 6 :
  .model nmos nmos a0=1.1 a1=0.000000e+00 a2=1.0 ags=-0.01 alpha0=0.000000 ...
unrecognized parameter (cta) - ignored
unrecognized parameter (ctp) - ignored
unrecognized parameter (n) - ignored
unrecognized parameter (php) - ignored
unrecognized parameter (pta) - ignored
unrecognized parameter (ptp) - ignored
unrecognized parameter (tref) - ignored
unrecognized parameter (binflag) - ignored
unrecognized parameter (xl) - ignored
unrecognized parameter (xw) - ignored

Fatal error: BSIM3v1: mosfet nmos, model m3: Effective channel length <= 0
doAnalyses: no such parameter on this device or parameter is missing

ac simulation(s) aborted
Warning from checkvalid: vector i(vg) is not available or has zero length.
Error: RHS "-imag(i(vg))/(2*3.14159*1e3)" invalid
Fatal error: BSIM3v1: mosfet nmos, model m3: Effective channel length <= 0
doAnalyses: no such parameter on this device or parameter is missing

ac simulation(s) aborted
Warning from checkvalid: vector i(vg) is not available or has zero length.
Error: RHS "-imag(i(vg))/(2*3.14159*1e4)" invalid
Fatal error: BSIM3v1: mosfet nmos, model m3: Effective channel length <= 0
doAnalyses: no such parameter on this device or parameter is missing

ac simulation(s) aborted
Warning from checkvalid: vector i(vg) is not available or has zero length.
Error: RHS "-imag(i(vg))/(2*3.14159*1e5)" invalid
Fatal error: BSIM3v1: mosfet nmos, model m3: Effective channel length <= 0
doAnalyses: no such parameter on this device or parameter is missing

ac simulation(s) aborted
Warning from checkvalid: vector i(vg) is not available or has zero length.
Error: RHS "-imag(i(vg))/(2*3.14159*1e6)" invalid
Warning from checkvalid: vector i(vb) is not available or has zero length.
Error: RHS "-imag(i(vb))/(2*3.14159*1e6)" invalid
Warning from checkvalid: vector i(vs) is not available or has zero length.
Error: RHS "-imag(i(vs))/(2*3.14159*1e6)" invalid
Warning from checkvalid: vector i(vd) is not available or has zero length.
Error: RHS "-imag(i(vd))/(2*3.14159*1e6)" invalid
Fatal error: BSIM3v1: mosfet nmos, model m3: Effective channel length <= 0
doAnalyses: no such parameter on this device or parameter is missing

ac simulation(s) aborted
Warning from checkvalid: vector i(vg) is not available or has zero length.
Error: RHS "-imag(i(vg))/(2*3.14159*1e6)" invalid
Warning from checkvalid: vector i(vd) is not available or has zero length.
Error: RHS "-imag(i(vd))/(2*3.14159*1e6)" invalid
Warning from checkvalid: vector i(vs) is not available or has zero length.
Error: RHS "-imag(i(vs))/(2*3.14159*1e6)" invalid
Warning from checkvalid: vector i(vb) is not available or has zero length.
Error: RHS "-imag(i(vb))/(2*3.14159*1e6)" invalid
Error: &cgg_m: no such variable.
Error:  cgg_s equals what?.
Error: &cdg_m: no such variable.
Error:  cdg_s equals what?.
Error: &csg_m: no such variable.
Error:  csg_s equals what?.
Error: &cbg_m: no such variable.
Error:  cbg_s equals what?.
Fatal error: BSIM3v1: mosfet nmos, model m3: Effective channel length <= 0
doAnalyses: no such parameter on this device or parameter is missing

ac simulation(s) aborted
Warning from checkvalid: vector i(vg) is not available or has zero length.
Error: RHS "-imag(i(vg))/(2*3.14159*1e6)" invalid
Warning from checkvalid: vector i(vd) is not available or has zero length.
Error: RHS "-imag(i(vd))/(2*3.14159*1e6)" invalid
Warning from checkvalid: vector i(vs) is not available or has zero length.
Error: RHS "-imag(i(vs))/(2*3.14159*1e6)" invalid
Warning from checkvalid: vector i(vb) is not available or has zero length.
Error: RHS "-imag(i(vb))/(2*3.14159*1e6)" invalid
Error: &cgd_m: no such variable.
Error:  cgd_s equals what?.
Error: &cdd_m: no such variable.
Error:  cdd_s equals what?.
Error: &csd_m: no such variable.
Error:  csd_s equals what?.
Error: &cbd_m: no such variable.
Error:  cbd_s equals what?.
Fatal error: BSIM3v1: mosfet nmos, model m3: Effective channel length <= 0
doAnalyses: no such parameter on this device or parameter is missing

ac simulation(s) aborted
Warning from checkvalid: vector i(vg) is not available or has zero length.
Error: RHS "-imag(i(vg))/(2*3.14159*1e6)" invalid
Warning from checkvalid: vector i(vd) is not available or has zero length.
Error: RHS "-imag(i(vd))/(2*3.14159*1e6)" invalid
Warning from checkvalid: vector i(vs) is not available or has zero length.
Error: RHS "-imag(i(vs))/(2*3.14159*1e6)" invalid
Warning from checkvalid: vector i(vb) is not available or has zero length.
Error: RHS "-imag(i(vb))/(2*3.14159*1e6)" invalid
Error: &cgs_m: no such variable.
Error:  cgs_s equals what?.
Error: &cds_m: no such variable.
Error:  cds_s equals what?.
Error: &css_m: no such variable.
Error:  css_s equals what?.
Error: &cbs_m: no such variable.
Error:  cbs_s equals what?.
Fatal error: BSIM3v1: mosfet nmos, model m3: Effective channel length <= 0
doAnalyses: no such parameter on this device or parameter is missing

ac simulation(s) aborted
Warning from checkvalid: vector i(vg) is not available or has zero length.
Error: RHS "-imag(i(vg))/(2*3.14159*1e6)" invalid
Warning from checkvalid: vector i(vd) is not available or has zero length.
Error: RHS "-imag(i(vd))/(2*3.14159*1e6)" invalid
Warning from checkvalid: vector i(vs) is not available or has zero length.
Error: RHS "-imag(i(vs))/(2*3.14159*1e6)" invalid
Warning from checkvalid: vector i(vb) is not available or has zero length.
Error: RHS "-imag(i(vb))/(2*3.14159*1e6)" invalid
Error: &cgb_m: no such variable.
Error:  cgb_s equals what?.
Error: &cdb_m: no such variable.
Error:  cdb_s equals what?.
Error: &csb_m: no such variable.
Error:  csb_s equals what?.
Error: &cbb_m: no such variable.
Error:  cbb_s equals what?.
Error: cgg_s: no such variable.
Error: cdg_s: no such variable.
Error: csg_s: no such variable.
Error: cbg_s: no such variable.
Error: cgd_s: no such variable.
Error: cdd_s: no such variable.
Error: csd_s: no such variable.
Error: cbd_s: no such variable.
Error: cgs_s: no such variable.
Error: cds_s: no such variable.
Error: css_s: no such variable.
Error: cbs_s: no such variable.
Error: cgb_s: no such variable.
Error: cdb_s: no such variable.
Error: csb_s: no such variable.
Error: cbb_s: no such variable.
Fatal error: BSIM3v1: mosfet nmos, model m3: Effective channel length <= 0
doAnalyses: no such parameter on this device or parameter is missing

ac simulation(s) aborted
Warning from checkvalid: vector i(vg) is not available or has zero length.
Error: RHS "-imag(i(vg))/(2*3.14159*1e3)" invalid
Fatal error: BSIM3v1: mosfet nmos, model m3: Effective channel length <= 0
doAnalyses: no such parameter on this device or parameter is missing

ac simulation(s) aborted
Warning from checkvalid: vector i(vg) is not available or has zero length.
Error: RHS "-imag(i(vg))/(2*3.14159*1e4)" invalid
Fatal error: BSIM3v1: mosfet nmos, model m3: Effective channel length <= 0
doAnalyses: no such parameter on this device or parameter is missing

ac simulation(s) aborted
Warning from checkvalid: vector i(vg) is not available or has zero length.
Error: RHS "-imag(i(vg))/(2*3.14159*1e5)" invalid
Fatal error: BSIM3v1: mosfet nmos, model m3: Effective channel length <= 0
doAnalyses: no such parameter on this device or parameter is missing

ac simulation(s) aborted
Warning from checkvalid: vector i(vg) is not available or has zero length.
Error: RHS "-imag(i(vg))/(2*3.14159*1e6)" invalid
Warning from checkvalid: vector i(vb) is not available or has zero length.
Error: RHS "-imag(i(vb))/(2*3.14159*1e6)" invalid
Warning from checkvalid: vector i(vs) is not available or has zero length.
Error: RHS "-imag(i(vs))/(2*3.14159*1e6)" invalid
Warning from checkvalid: vector i(vd) is not available or has zero length.
Error: RHS "-imag(i(vd))/(2*3.14159*1e6)" invalid
Fatal error: BSIM3v1: mosfet nmos, model m3: Effective channel length <= 0
doAnalyses: no such parameter on this device or parameter is missing

ac simulation(s) aborted
Warning from checkvalid: vector i(vg) is not available or has zero length.
Error: RHS "-imag(i(vg))/(2*3.14159*1e6)" invalid
Warning from checkvalid: vector i(vd) is not available or has zero length.
Error: RHS "-imag(i(vd))/(2*3.14159*1e6)" invalid
Warning from checkvalid: vector i(vs) is not available or has zero length.
Error: RHS "-imag(i(vs))/(2*3.14159*1e6)" invalid
Warning from checkvalid: vector i(vb) is not available or has zero length.
Error: RHS "-imag(i(vb))/(2*3.14159*1e6)" invalid
Error: &cgg_m: no such variable.
Error:  cgg_s equals what?.
Error: &cdg_m: no such variable.
Error:  cdg_s equals what?.
Error: &csg_m: no such variable.
Error:  csg_s equals what?.
Error: &cbg_m: no such variable.
Error:  cbg_s equals what?.
Fatal error: BSIM3v1: mosfet nmos, model m3: Effective channel length <= 0
doAnalyses: no such parameter on this device or parameter is missing

ac simulation(s) aborted
Warning from checkvalid: vector i(vg) is not available or has zero length.
Error: RHS "-imag(i(vg))/(2*3.14159*1e6)" invalid
Warning from checkvalid: vector i(vd) is not available or has zero length.
Error: RHS "-imag(i(vd))/(2*3.14159*1e6)" invalid
Warning from checkvalid: vector i(vs) is not available or has zero length.
Error: RHS "-imag(i(vs))/(2*3.14159*1e6)" invalid
Warning from checkvalid: vector i(vb) is not available or has zero length.
Error: RHS "-imag(i(vb))/(2*3.14159*1e6)" invalid
Error: &cgd_m: no such variable.
Error:  cgd_s equals what?.
Error: &cdd_m: no such variable.
Error:  cdd_s equals what?.
Error: &csd_m: no such variable.
Error:  csd_s equals what?.
Error: &cbd_m: no such variable.
Error:  cbd_s equals what?.
Fatal error: BSIM3v1: mosfet nmos, model m3: Effective channel length <= 0
doAnalyses: no such parameter on this device or parameter is missing

ac simulation(s) aborted
Warning from checkvalid: vector i(vg) is not available or has zero length.
Error: RHS "-imag(i(vg))/(2*3.14159*1e6)" invalid
Warning from checkvalid: vector i(vd) is not available or has zero length.
Error: RHS "-imag(i(vd))/(2*3.14159*1e6)" invalid
Warning from checkvalid: vector i(vs) is not available or has zero length.
Error: RHS "-imag(i(vs))/(2*3.14159*1e6)" invalid
Warning from checkvalid: vector i(vb) is not available or has zero length.
Error: RHS "-imag(i(vb))/(2*3.14159*1e6)" invalid
Error: &cgs_m: no such variable.
Error:  cgs_s equals what?.
Error: &cds_m: no such variable.
Error:  cds_s equals what?.
Error: &css_m: no such variable.
Error:  css_s equals what?.
Error: &cbs_m: no such variable.
Error:  cbs_s equals what?.
Fatal error: BSIM3v1: mosfet nmos, model m3: Effective channel length <= 0
doAnalyses: no such parameter on this device or parameter is missing

ac simulation(s) aborted
Warning from checkvalid: vector i(vg) is not available or has zero length.
Error: RHS "-imag(i(vg))/(2*3.14159*1e6)" invalid
Warning from checkvalid: vector i(vd) is not available or has zero length.
Error: RHS "-imag(i(vd))/(2*3.14159*1e6)" invalid
Warning from checkvalid: vector i(vs) is not available or has zero length.
Error: RHS "-imag(i(vs))/(2*3.14159*1e6)" invalid
Warning from checkvalid: vector i(vb) is not available or has zero length.
Error: RHS "-imag(i(vb))/(2*3.14159*1e6)" invalid
Error: &cgb_m: no such variable.
Error:  cgb_s equals what?.
Error: &cdb_m: no such variable.
Error:  cdb_s equals what?.
Error: &csb_m: no such variable.
Error:  csb_s equals what?.
Error: &cbb_m: no such variable.
Error:  cbb_s equals what?.
Error: cgg_s: no such variable.
Error: cdg_s: no such variable.
Error: csg_s: no such variable.
Error: cbg_s: no such variable.
Error: cgd_s: no such variable.
Error: cdd_s: no such variable.
Error: csd_s: no such variable.
Error: cbd_s: no such variable.
Error: cgs_s: no such variable.
Error: cds_s: no such variable.
Error: css_s: no such variable.
Error: cbs_s: no such variable.
Error: cgb_s: no such variable.
Error: cdb_s: no such variable.
Error: csb_s: no such variable.
Error: cbb_s: no such variable.
Fatal error: BSIM3v1: mosfet nmos, model m3: Effective channel length <= 0
doAnalyses: no such parameter on this device or parameter is missing

ac simulation(s) aborted
Warning from checkvalid: vector i(vg) is not available or has zero length.
Error: RHS "-imag(i(vg))/(2*3.14159*1e3)" invalid
Fatal error: BSIM3v1: mosfet nmos, model m3: Effective channel length <= 0
doAnalyses: no such parameter on this device or parameter is missing

ac simulation(s) aborted
Warning from checkvalid: vector i(vg) is not available or has zero length.
Error: RHS "-imag(i(vg))/(2*3.14159*1e4)" invalid
Fatal error: BSIM3v1: mosfet nmos, model m3: Effective channel length <= 0
doAnalyses: no such parameter on this device or parameter is missing

ac simulation(s) aborted
Warning from checkvalid: vector i(vg) is not available or has zero length.
Error: RHS "-imag(i(vg))/(2*3.14159*1e5)" invalid
Fatal error: BSIM3v1: mosfet nmos, model m3: Effective channel length <= 0
doAnalyses: no such parameter on this device or parameter is missing

ac simulation(s) aborted
Warning from checkvalid: vector i(vg) is not available or has zero length.
Error: RHS "-imag(i(vg))/(2*3.14159*1e6)" invalid
Warning from checkvalid: vector i(vb) is not available or has zero length.
Error: RHS "-imag(i(vb))/(2*3.14159*1e6)" invalid
Warning from checkvalid: vector i(vs) is not available or has zero length.
Error: RHS "-imag(i(vs))/(2*3.14159*1e6)" invalid
Warning from checkvalid: vector i(vd) is not available or has zero length.
Error: RHS "-imag(i(vd))/(2*3.14159*1e6)" invalid
Fatal error: BSIM3v1: mosfet nmos, model m3: Effective channel length <= 0
doAnalyses: no such parameter on this device or parameter is missing

ac simulation(s) aborted
Warning from checkvalid: vector i(vg) is not available or has zero length.
Error: RHS "-imag(i(vg))/(2*3.14159*1e6)" invalid
Warning from checkvalid: vector i(vd) is not available or has zero length.
Error: RHS "-imag(i(vd))/(2*3.14159*1e6)" invalid
Warning from checkvalid: vector i(vs) is not available or has zero length.
Error: RHS "-imag(i(vs))/(2*3.14159*1e6)" invalid
Warning from checkvalid: vector i(vb) is not available or has zero length.
Error: RHS "-imag(i(vb))/(2*3.14159*1e6)" invalid
Error: &cgg_m: no such variable.
Error:  cgg_s equals what?.
Error: &cdg_m: no such variable.
Error:  cdg_s equals what?.
Error: &csg_m: no such variable.
Error:  csg_s equals what?.
Error: &cbg_m: no such variable.
Error:  cbg_s equals what?.
Fatal error: BSIM3v1: mosfet nmos, model m3: Effective channel length <= 0
doAnalyses: no such parameter on this device or parameter is missing

ac simulation(s) aborted
Warning from checkvalid: vector i(vg) is not available or has zero length.
Error: RHS "-imag(i(vg))/(2*3.14159*1e6)" invalid
Warning from checkvalid: vector i(vd) is not available or has zero length.
Error: RHS "-imag(i(vd))/(2*3.14159*1e6)" invalid
Warning from checkvalid: vector i(vs) is not available or has zero length.
Error: RHS "-imag(i(vs))/(2*3.14159*1e6)" invalid
Warning from checkvalid: vector i(vb) is not available or has zero length.
Error: RHS "-imag(i(vb))/(2*3.14159*1e6)" invalid
Error: &cgd_m: no such variable.
Error:  cgd_s equals what?.
Error: &cdd_m: no such variable.
Error:  cdd_s equals what?.
Error: &csd_m: no such variable.
Error:  csd_s equals what?.
Error: &cbd_m: no such variable.
Error:  cbd_s equals what?.
Fatal error: BSIM3v1: mosfet nmos, model m3: Effective channel length <= 0
doAnalyses: no such parameter on this device or parameter is missing

ac simulation(s) aborted
Warning from checkvalid: vector i(vg) is not available or has zero length.
Error: RHS "-imag(i(vg))/(2*3.14159*1e6)" invalid
Warning from checkvalid: vector i(vd) is not available or has zero length.
Error: RHS "-imag(i(vd))/(2*3.14159*1e6)" invalid
Warning from checkvalid: vector i(vs) is not available or has zero length.
Error: RHS "-imag(i(vs))/(2*3.14159*1e6)" invalid
Warning from checkvalid: vector i(vb) is not available or has zero length.
Error: RHS "-imag(i(vb))/(2*3.14159*1e6)" invalid
Error: &cgs_m: no such variable.
Error:  cgs_s equals what?.
Error: &cds_m: no such variable.
Error:  cds_s equals what?.
Error: &css_m: no such variable.
Error:  css_s equals what?.
Error: &cbs_m: no such variable.
Error:  cbs_s equals what?.
Fatal error: BSIM3v1: mosfet nmos, model m3: Effective channel length <= 0
doAnalyses: no such parameter on this device or parameter is missing

ac simulation(s) aborted
Warning from checkvalid: vector i(vg) is not available or has zero length.
Error: RHS "-imag(i(vg))/(2*3.14159*1e6)" invalid
Warning from checkvalid: vector i(vd) is not available or has zero length.
Error: RHS "-imag(i(vd))/(2*3.14159*1e6)" invalid
Warning from checkvalid: vector i(vs) is not available or has zero length.
Error: RHS "-imag(i(vs))/(2*3.14159*1e6)" invalid
Warning from checkvalid: vector i(vb) is not available or has zero length.
Error: RHS "-imag(i(vb))/(2*3.14159*1e6)" invalid
Error: &cgb_m: no such variable.
Error:  cgb_s equals what?.
Error: &cdb_m: no such variable.
Error:  cdb_s equals what?.
Error: &csb_m: no such variable.
Error:  csb_s equals what?.
Error: &cbb_m: no such variable.
Error:  cbb_s equals what?.
Error: cgg_s: no such variable.
Error: cdg_s: no such variable.
Error: csg_s: no such variable.
Error: cbg_s: no such variable.
Error: cgd_s: no such variable.
Error: cdd_s: no such variable.
Error: csd_s: no such variable.
Error: cbd_s: no such variable.
Error: cgs_s: no such variable.
Error: cds_s: no such variable.
Error: css_s: no such variable.
Error: cbs_s: no such variable.
Error: cgb_s: no such variable.
Error: cdb_s: no such variable.
Error: csb_s: no such variable.
Error: cbb_s: no such variable.
Fatal error: BSIM3v1: mosfet nmos, model m3: Effective channel length <= 0
doAnalyses: no such parameter on this device or parameter is missing

ac simulation(s) aborted
Warning from checkvalid: vector i(vg) is not available or has zero length.
Error: RHS "-imag(i(vg))/(2*3.14159*1e3)" invalid
Fatal error: BSIM3v1: mosfet nmos, model m3: Effective channel length <= 0
doAnalyses: no such parameter on this device or parameter is missing

ac simulation(s) aborted
Warning from checkvalid: vector i(vg) is not available or has zero length.
Error: RHS "-imag(i(vg))/(2*3.14159*1e4)" invalid
Fatal error: BSIM3v1: mosfet nmos, model m3: Effective channel length <= 0
doAnalyses: no such parameter on this device or parameter is missing

ac simulation(s) aborted
Warning from checkvalid: vector i(vg) is not available or has zero length.
Error: RHS "-imag(i(vg))/(2*3.14159*1e5)" invalid
Fatal error: BSIM3v1: mosfet nmos, model m3: Effective channel length <= 0
doAnalyses: no such parameter on this device or parameter is missing

ac simulation(s) aborted
Warning from checkvalid: vector i(vg) is not available or has zero length.
Error: RHS "-imag(i(vg))/(2*3.14159*1e6)" invalid
Warning from checkvalid: vector i(vb) is not available or has zero length.
Error: RHS "-imag(i(vb))/(2*3.14159*1e6)" invalid
Warning from checkvalid: vector i(vs) is not available or has zero length.
Error: RHS "-imag(i(vs))/(2*3.14159*1e6)" invalid
Warning from checkvalid: vector i(vd) is not available or has zero length.
Error: RHS "-imag(i(vd))/(2*3.14159*1e6)" invalid
Fatal error: BSIM3v1: mosfet nmos, model m3: Effective channel length <= 0
doAnalyses: no such parameter on this device or parameter is missing

ac simulation(s) aborted
Warning from checkvalid: vector i(vg) is not available or has zero length.
Error: RHS "-imag(i(vg))/(2*3.14159*1e6)" invalid
Warning from checkvalid: vector i(vd) is not available or has zero length.
Error: RHS "-imag(i(vd))/(2*3.14159*1e6)" invalid
Warning from checkvalid: vector i(vs) is not available or has zero length.
Error: RHS "-imag(i(vs))/(2*3.14159*1e6)" invalid
Warning from checkvalid: vector i(vb) is not available or has zero length.
Error: RHS "-imag(i(vb))/(2*3.14159*1e6)" invalid
Error: &cgg_m: no such variable.
Error:  cgg_s equals what?.
Error: &cdg_m: no such variable.
Error:  cdg_s equals what?.
Error: &csg_m: no such variable.
Error:  csg_s equals what?.
Error: &cbg_m: no such variable.
Error:  cbg_s equals what?.
Fatal error: BSIM3v1: mosfet nmos, model m3: Effective channel length <= 0
doAnalyses: no such parameter on this device or parameter is missing

ac simulation(s) aborted
Warning from checkvalid: vector i(vg) is not available or has zero length.
Error: RHS "-imag(i(vg))/(2*3.14159*1e6)" invalid
Warning from checkvalid: vector i(vd) is not available or has zero length.
Error: RHS "-imag(i(vd))/(2*3.14159*1e6)" invalid
Warning from checkvalid: vector i(vs) is not available or has zero length.
Error: RHS "-imag(i(vs))/(2*3.14159*1e6)" invalid
Warning from checkvalid: vector i(vb) is not available or has zero length.
Error: RHS "-imag(i(vb))/(2*3.14159*1e6)" invalid
Error: &cgd_m: no such variable.
Error:  cgd_s equals what?.
Error: &cdd_m: no such variable.
Error:  cdd_s equals what?.
Error: &csd_m: no such variable.
Error:  csd_s equals what?.
Error: &cbd_m: no such variable.
Error:  cbd_s equals what?.
Fatal error: BSIM3v1: mosfet nmos, model m3: Effective channel length <= 0
doAnalyses: no such parameter on this device or parameter is missing

ac simulation(s) aborted
Warning from checkvalid: vector i(vg) is not available or has zero length.
Error: RHS "-imag(i(vg))/(2*3.14159*1e6)" invalid
Warning from checkvalid: vector i(vd) is not available or has zero length.
Error: RHS "-imag(i(vd))/(2*3.14159*1e6)" invalid
Warning from checkvalid: vector i(vs) is not available or has zero length.
Error: RHS "-imag(i(vs))/(2*3.14159*1e6)" invalid
Warning from checkvalid: vector i(vb) is not available or has zero length.
Error: RHS "-imag(i(vb))/(2*3.14159*1e6)" invalid
Error: &cgs_m: no such variable.
Error:  cgs_s equals what?.
Error: &cds_m: no such variable.
Error:  cds_s equals what?.
Error: &css_m: no such variable.
Error:  css_s equals what?.
Error: &cbs_m: no such variable.
Error:  cbs_s equals what?.
Fatal error: BSIM3v1: mosfet nmos, model m3: Effective channel length <= 0
doAnalyses: no such parameter on this device or parameter is missing

ac simulation(s) aborted
Warning from checkvalid: vector i(vg) is not available or has zero length.
Error: RHS "-imag(i(vg))/(2*3.14159*1e6)" invalid
Warning from checkvalid: vector i(vd) is not available or has zero length.
Error: RHS "-imag(i(vd))/(2*3.14159*1e6)" invalid
Warning from checkvalid: vector i(vs) is not available or has zero length.
Error: RHS "-imag(i(vs))/(2*3.14159*1e6)" invalid
Warning from checkvalid: vector i(vb) is not available or has zero length.
Error: RHS "-imag(i(vb))/(2*3.14159*1e6)" invalid
Error: &cgb_m: no such variable.
Error:  cgb_s equals what?.
Error: &cdb_m: no such variable.
Error:  cdb_s equals what?.
Error: &csb_m: no such variable.
Error:  csb_s equals what?.
Error: &cbb_m: no such variable.
Error:  cbb_s equals what?.
Error: cgg_s: no such variable.
Error: cdg_s: no such variable.
Error: csg_s: no such variable.
Error: cbg_s: no such variable.
Error: cgd_s: no such variable.
Error: cdd_s: no such variable.
Error: csd_s: no such variable.
Error: cbd_s: no such variable.
Error: cgs_s: no such variable.
Error: cds_s: no such variable.
Error: css_s: no such variable.
Error: cbs_s: no such variable.
Error: cgb_s: no such variable.
Error: cdb_s: no such variable.
Error: csb_s: no such variable.
Error: cbb_s: no such variable.
Fatal error: BSIM3v1: mosfet nmos, model m3: Effective channel length <= 0
doAnalyses: no such parameter on this device or parameter is missing

ac simulation(s) aborted
Warning from checkvalid: vector i(vg) is not available or has zero length.
Error: RHS "-imag(i(vg))/(2*3.14159*1e3)" invalid
Fatal error: BSIM3v1: mosfet nmos, model m3: Effective channel length <= 0
doAnalyses: no such parameter on this device or parameter is missing

ac simulation(s) aborted
Warning from checkvalid: vector i(vg) is not available or has zero length.
Error: RHS "-imag(i(vg))/(2*3.14159*1e4)" invalid
Fatal error: BSIM3v1: mosfet nmos, model m3: Effective channel length <= 0
doAnalyses: no such parameter on this device or parameter is missing

ac simulation(s) aborted
Warning from checkvalid: vector i(vg) is not available or has zero length.
Error: RHS "-imag(i(vg))/(2*3.14159*1e5)" invalid
Fatal error: BSIM3v1: mosfet nmos, model m3: Effective channel length <= 0
doAnalyses: no such parameter on this device or parameter is missing

ac simulation(s) aborted
Warning from checkvalid: vector i(vg) is not available or has zero length.
Error: RHS "-imag(i(vg))/(2*3.14159*1e6)" invalid
Warning from checkvalid: vector i(vb) is not available or has zero length.
Error: RHS "-imag(i(vb))/(2*3.14159*1e6)" invalid
Warning from checkvalid: vector i(vs) is not available or has zero length.
Error: RHS "-imag(i(vs))/(2*3.14159*1e6)" invalid
Warning from checkvalid: vector i(vd) is not available or has zero length.
Error: RHS "-imag(i(vd))/(2*3.14159*1e6)" invalid
Fatal error: BSIM3v1: mosfet nmos, model m3: Effective channel length <= 0
doAnalyses: no such parameter on this device or parameter is missing

ac simulation(s) aborted
Warning from checkvalid: vector i(vg) is not available or has zero length.
Error: RHS "-imag(i(vg))/(2*3.14159*1e6)" invalid
Warning from checkvalid: vector i(vd) is not available or has zero length.
Error: RHS "-imag(i(vd))/(2*3.14159*1e6)" invalid
Warning from checkvalid: vector i(vs) is not available or has zero length.
Error: RHS "-imag(i(vs))/(2*3.14159*1e6)" invalid
Warning from checkvalid: vector i(vb) is not available or has zero length.
Error: RHS "-imag(i(vb))/(2*3.14159*1e6)" invalid
Error: &cgg_m: no such variable.
Error:  cgg_s equals what?.
Error: &cdg_m: no such variable.
Error:  cdg_s equals what?.
Error: &csg_m: no such variable.
Error:  csg_s equals what?.
Error: &cbg_m: no such variable.
Error:  cbg_s equals what?.
Fatal error: BSIM3v1: mosfet nmos, model m3: Effective channel length <= 0
doAnalyses: no such parameter on this device or parameter is missing

ac simulation(s) aborted
Warning from checkvalid: vector i(vg) is not available or has zero length.
Error: RHS "-imag(i(vg))/(2*3.14159*1e6)" invalid
Warning from checkvalid: vector i(vd) is not available or has zero length.
Error: RHS "-imag(i(vd))/(2*3.14159*1e6)" invalid
Warning from checkvalid: vector i(vs) is not available or has zero length.
Error: RHS "-imag(i(vs))/(2*3.14159*1e6)" invalid
Warning from checkvalid: vector i(vb) is not available or has zero length.
Error: RHS "-imag(i(vb))/(2*3.14159*1e6)" invalid
Error: &cgd_m: no such variable.
Error:  cgd_s equals what?.
Error: &cdd_m: no such variable.
Error:  cdd_s equals what?.
Error: &csd_m: no such variable.
Error:  csd_s equals what?.
Error: &cbd_m: no such variable.
Error:  cbd_s equals what?.
Fatal error: BSIM3v1: mosfet nmos, model m3: Effective channel length <= 0
doAnalyses: no such parameter on this device or parameter is missing

ac simulation(s) aborted
Warning from checkvalid: vector i(vg) is not available or has zero length.
Error: RHS "-imag(i(vg))/(2*3.14159*1e6)" invalid
Warning from checkvalid: vector i(vd) is not available or has zero length.
Error: RHS "-imag(i(vd))/(2*3.14159*1e6)" invalid
Warning from checkvalid: vector i(vs) is not available or has zero length.
Error: RHS "-imag(i(vs))/(2*3.14159*1e6)" invalid
Warning from checkvalid: vector i(vb) is not available or has zero length.
Error: RHS "-imag(i(vb))/(2*3.14159*1e6)" invalid
Error: &cgs_m: no such variable.
Error:  cgs_s equals what?.
Error: &cds_m: no such variable.
Error:  cds_s equals what?.
Error: &css_m: no such variable.
Error:  css_s equals what?.
Error: &cbs_m: no such variable.
Error:  cbs_s equals what?.
Fatal error: BSIM3v1: mosfet nmos, model m3: Effective channel length <= 0
doAnalyses: no such parameter on this device or parameter is missing

ac simulation(s) aborted
Warning from checkvalid: vector i(vg) is not available or has zero length.
Error: RHS "-imag(i(vg))/(2*3.14159*1e6)" invalid
Warning from checkvalid: vector i(vd) is not available or has zero length.
Error: RHS "-imag(i(vd))/(2*3.14159*1e6)" invalid
Warning from checkvalid: vector i(vs) is not available or has zero length.
Error: RHS "-imag(i(vs))/(2*3.14159*1e6)" invalid
Warning from checkvalid: vector i(vb) is not available or has zero length.
Error: RHS "-imag(i(vb))/(2*3.14159*1e6)" invalid
Error: &cgb_m: no such variable.
Error:  cgb_s equals what?.
Error: &cdb_m: no such variable.
Error:  cdb_s equals what?.
Error: &csb_m: no such variable.
Error:  csb_s equals what?.
Error: &cbb_m: no such variable.
Error:  cbb_s equals what?.
Error: cgg_s: no such variable.
Error: cdg_s: no such variable.
Error: csg_s: no such variable.
Error: cbg_s: no such variable.
Error: cgd_s: no such variable.
Error: cdd_s: no such variable.
Error: csd_s: no such variable.
Error: cbd_s: no such variable.
Error: cgs_s: no such variable.
Error: cds_s: no such variable.
Error: css_s: no such variable.
Error: cbs_s: no such variable.
Error: cgb_s: no such variable.
Error: cdb_s: no such variable.
Error: csb_s: no such variable.
Error: cbb_s: no such variable.
Fatal error: BSIM3v1: mosfet nmos, model m3: Effective channel length <= 0
doAnalyses: no such parameter on this device or parameter is missing

ac simulation(s) aborted
Warning from checkvalid: vector i(vg) is not available or has zero length.
Error: RHS "-imag(i(vg))/(2*3.14159*1e3)" invalid
Fatal error: BSIM3v1: mosfet nmos, model m3: Effective channel length <= 0
doAnalyses: no such parameter on this device or parameter is missing

ac simulation(s) aborted
Warning from checkvalid: vector i(vg) is not available or has zero length.
Error: RHS "-imag(i(vg))/(2*3.14159*1e4)" invalid
Fatal error: BSIM3v1: mosfet nmos, model m3: Effective channel length <= 0
doAnalyses: no such parameter on this device or parameter is missing

ac simulation(s) aborted
Warning from checkvalid: vector i(vg) is not available or has zero length.
Error: RHS "-imag(i(vg))/(2*3.14159*1e5)" invalid
Fatal error: BSIM3v1: mosfet nmos, model m3: Effective channel length <= 0
doAnalyses: no such parameter on this device or parameter is missing

ac simulation(s) aborted
Warning from checkvalid: vector i(vg) is not available or has zero length.
Error: RHS "-imag(i(vg))/(2*3.14159*1e6)" invalid
Warning from checkvalid: vector i(vb) is not available or has zero length.
Error: RHS "-imag(i(vb))/(2*3.14159*1e6)" invalid
Warning from checkvalid: vector i(vs) is not available or has zero length.
Error: RHS "-imag(i(vs))/(2*3.14159*1e6)" invalid
Warning from checkvalid: vector i(vd) is not available or has zero length.
Error: RHS "-imag(i(vd))/(2*3.14159*1e6)" invalid
Fatal error: BSIM3v1: mosfet nmos, model m3: Effective channel length <= 0
doAnalyses: no such parameter on this device or parameter is missing

ac simulation(s) aborted
Warning from checkvalid: vector i(vg) is not available or has zero length.
Error: RHS "-imag(i(vg))/(2*3.14159*1e6)" invalid
Warning from checkvalid: vector i(vd) is not available or has zero length.
Error: RHS "-imag(i(vd))/(2*3.14159*1e6)" invalid
Warning from checkvalid: vector i(vs) is not available or has zero length.
Error: RHS "-imag(i(vs))/(2*3.14159*1e6)" invalid
Warning from checkvalid: vector i(vb) is not available or has zero length.
Error: RHS "-imag(i(vb))/(2*3.14159*1e6)" invalid
Error: &cgg_m: no such variable.
Error:  cgg_s equals what?.
Error: &cdg_m: no such variable.
Error:  cdg_s equals what?.
Error: &csg_m: no such variable.
Error:  csg_s equals what?.
Error: &cbg_m: no such variable.
Error:  cbg_s equals what?.
Fatal error: BSIM3v1: mosfet nmos, model m3: Effective channel length <= 0
doAnalyses: no such parameter on this device or parameter is missing

ac simulation(s) aborted
Warning from checkvalid: vector i(vg) is not available or has zero length.
Error: RHS "-imag(i(vg))/(2*3.14159*1e6)" invalid
Warning from checkvalid: vector i(vd) is not available or has zero length.
Error: RHS "-imag(i(vd))/(2*3.14159*1e6)" invalid
Warning from checkvalid: vector i(vs) is not available or has zero length.
Error: RHS "-imag(i(vs))/(2*3.14159*1e6)" invalid
Warning from checkvalid: vector i(vb) is not available or has zero length.
Error: RHS "-imag(i(vb))/(2*3.14159*1e6)" invalid
Error: &cgd_m: no such variable.
Error:  cgd_s equals what?.
Error: &cdd_m: no such variable.
Error:  cdd_s equals what?.
Error: &csd_m: no such variable.
Error:  csd_s equals what?.
Error: &cbd_m: no such variable.
Error:  cbd_s equals what?.
Fatal error: BSIM3v1: mosfet nmos, model m3: Effective channel length <= 0
doAnalyses: no such parameter on this device or parameter is missing

ac simulation(s) aborted
Warning from checkvalid: vector i(vg) is not available or has zero length.
Error: RHS "-imag(i(vg))/(2*3.14159*1e6)" invalid
Warning from checkvalid: vector i(vd) is not available or has zero length.
Error: RHS "-imag(i(vd))/(2*3.14159*1e6)" invalid
Warning from checkvalid: vector i(vs) is not available or has zero length.
Error: RHS "-imag(i(vs))/(2*3.14159*1e6)" invalid
Warning from checkvalid: vector i(vb) is not available or has zero length.
Error: RHS "-imag(i(vb))/(2*3.14159*1e6)" invalid
Error: &cgs_m: no such variable.
Error:  cgs_s equals what?.
Error: &cds_m: no such variable.
Error:  cds_s equals what?.
Error: &css_m: no such variable.
Error:  css_s equals what?.
Error: &cbs_m: no such variable.
Error:  cbs_s equals what?.
Fatal error: BSIM3v1: mosfet nmos, model m3: Effective channel length <= 0
doAnalyses: no such parameter on this device or parameter is missing

ac simulation(s) aborted
Warning from checkvalid: vector i(vg) is not available or has zero length.
Error: RHS "-imag(i(vg))/(2*3.14159*1e6)" invalid
Warning from checkvalid: vector i(vd) is not available or has zero length.
Error: RHS "-imag(i(vd))/(2*3.14159*1e6)" invalid
Warning from checkvalid: vector i(vs) is not available or has zero length.
Error: RHS "-imag(i(vs))/(2*3.14159*1e6)" invalid
Warning from checkvalid: vector i(vb) is not available or has zero length.
Error: RHS "-imag(i(vb))/(2*3.14159*1e6)" invalid
Error: &cgb_m: no such variable.
Error:  cgb_s equals what?.
Error: &cdb_m: no such variable.
Error:  cdb_s equals what?.
Error: &csb_m: no such variable.
Error:  csb_s equals what?.
Error: &cbb_m: no such variable.
Error:  cbb_s equals what?.
Error: cgg_s: no such variable.
Error: cdg_s: no such variable.
Error: csg_s: no such variable.
Error: cbg_s: no such variable.
Error: cgd_s: no such variable.
Error: cdd_s: no such variable.
Error: csd_s: no such variable.
Error: cbd_s: no such variable.
Error: cgs_s: no such variable.
Error: cds_s: no such variable.
Error: css_s: no such variable.
Error: cbs_s: no such variable.
Error: cgb_s: no such variable.
Error: cdb_s: no such variable.
Error: csb_s: no such variable.
Error: cbb_s: no such variable.
Fatal error: BSIM3v1: mosfet nmos, model m3: Effective channel length <= 0
doAnalyses: no such parameter on this device or parameter is missing

ac simulation(s) aborted
Warning from checkvalid: vector i(vg) is not available or has zero length.
Error: RHS "-imag(i(vg))/(2*3.14159*1e3)" invalid
Fatal error: BSIM3v1: mosfet nmos, model m3: Effective channel length <= 0
doAnalyses: no such parameter on this device or parameter is missing

ac simulation(s) aborted
Warning from checkvalid: vector i(vg) is not available or has zero length.
Error: RHS "-imag(i(vg))/(2*3.14159*1e4)" invalid
Fatal error: BSIM3v1: mosfet nmos, model m3: Effective channel length <= 0
doAnalyses: no such parameter on this device or parameter is missing

ac simulation(s) aborted
Warning from checkvalid: vector i(vg) is not available or has zero length.
Error: RHS "-imag(i(vg))/(2*3.14159*1e5)" invalid
Fatal error: BSIM3v1: mosfet nmos, model m3: Effective channel length <= 0
doAnalyses: no such parameter on this device or parameter is missing

ac simulation(s) aborted
Warning from checkvalid: vector i(vg) is not available or has zero length.
Error: RHS "-imag(i(vg))/(2*3.14159*1e6)" invalid
Warning from checkvalid: vector i(vb) is not available or has zero length.
Error: RHS "-imag(i(vb))/(2*3.14159*1e6)" invalid
Warning from checkvalid: vector i(vs) is not available or has zero length.
Error: RHS "-imag(i(vs))/(2*3.14159*1e6)" invalid
Warning from checkvalid: vector i(vd) is not available or has zero length.
Error: RHS "-imag(i(vd))/(2*3.14159*1e6)" invalid
Fatal error: BSIM3v1: mosfet nmos, model m3: Effective channel length <= 0
doAnalyses: no such parameter on this device or parameter is missing

ac simulation(s) aborted
Warning from checkvalid: vector i(vg) is not available or has zero length.
Error: RHS "-imag(i(vg))/(2*3.14159*1e6)" invalid
Warning from checkvalid: vector i(vd) is not available or has zero length.
Error: RHS "-imag(i(vd))/(2*3.14159*1e6)" invalid
Warning from checkvalid: vector i(vs) is not available or has zero length.
Error: RHS "-imag(i(vs))/(2*3.14159*1e6)" invalid
Warning from checkvalid: vector i(vb) is not available or has zero length.
Error: RHS "-imag(i(vb))/(2*3.14159*1e6)" invalid
Error: &cgg_m: no such variable.
Error:  cgg_s equals what?.
Error: &cdg_m: no such variable.
Error:  cdg_s equals what?.
Error: &csg_m: no such variable.
Error:  csg_s equals what?.
Error: &cbg_m: no such variable.
Error:  cbg_s equals what?.
Fatal error: BSIM3v1: mosfet nmos, model m3: Effective channel length <= 0
doAnalyses: no such parameter on this device or parameter is missing

ac simulation(s) aborted
Warning from checkvalid: vector i(vg) is not available or has zero length.
Error: RHS "-imag(i(vg))/(2*3.14159*1e6)" invalid
Warning from checkvalid: vector i(vd) is not available or has zero length.
Error: RHS "-imag(i(vd))/(2*3.14159*1e6)" invalid
Warning from checkvalid: vector i(vs) is not available or has zero length.
Error: RHS "-imag(i(vs))/(2*3.14159*1e6)" invalid
Warning from checkvalid: vector i(vb) is not available or has zero length.
Error: RHS "-imag(i(vb))/(2*3.14159*1e6)" invalid
Error: &cgd_m: no such variable.
Error:  cgd_s equals what?.
Error: &cdd_m: no such variable.
Error:  cdd_s equals what?.
Error: &csd_m: no such variable.
Error:  csd_s equals what?.
Error: &cbd_m: no such variable.
Error:  cbd_s equals what?.
Fatal error: BSIM3v1: mosfet nmos, model m3: Effective channel length <= 0
doAnalyses: no such parameter on this device or parameter is missing

ac simulation(s) aborted
Warning from checkvalid: vector i(vg) is not available or has zero length.
Error: RHS "-imag(i(vg))/(2*3.14159*1e6)" invalid
Warning from checkvalid: vector i(vd) is not available or has zero length.
Error: RHS "-imag(i(vd))/(2*3.14159*1e6)" invalid
Warning from checkvalid: vector i(vs) is not available or has zero length.
Error: RHS "-imag(i(vs))/(2*3.14159*1e6)" invalid
Warning from checkvalid: vector i(vb) is not available or has zero length.
Error: RHS "-imag(i(vb))/(2*3.14159*1e6)" invalid
Error: &cgs_m: no such variable.
Error:  cgs_s equals what?.
Error: &cds_m: no such variable.
Error:  cds_s equals what?.
Error: &css_m: no such variable.
Error:  css_s equals what?.
Error: &cbs_m: no such variable.
Error:  cbs_s equals what?.
Fatal error: BSIM3v1: mosfet nmos, model m3: Effective channel length <= 0
doAnalyses: no such parameter on this device or parameter is missing

ac simulation(s) aborted
Warning from checkvalid: vector i(vg) is not available or has zero length.
Error: RHS "-imag(i(vg))/(2*3.14159*1e6)" invalid
Warning from checkvalid: vector i(vd) is not available or has zero length.
Error: RHS "-imag(i(vd))/(2*3.14159*1e6)" invalid
Warning from checkvalid: vector i(vs) is not available or has zero length.
Error: RHS "-imag(i(vs))/(2*3.14159*1e6)" invalid
Warning from checkvalid: vector i(vb) is not available or has zero length.
Error: RHS "-imag(i(vb))/(2*3.14159*1e6)" invalid
Error: &cgb_m: no such variable.
Error:  cgb_s equals what?.
Error: &cdb_m: no such variable.
Error:  cdb_s equals what?.
Error: &csb_m: no such variable.
Error:  csb_s equals what?.
Error: &cbb_m: no such variable.
Error:  cbb_s equals what?.
Error: cgg_s: no such variable.
Error: cdg_s: no such variable.
Error: csg_s: no such variable.
Error: cbg_s: no such variable.
Error: cgd_s: no such variable.
Error: cdd_s: no such variable.
Error: csd_s: no such variable.
Error: cbd_s: no such variable.
Error: cgs_s: no such variable.
Error: cds_s: no such variable.
Error: css_s: no such variable.
Error: cbs_s: no such variable.
Error: cgb_s: no such variable.
Error: cdb_s: no such variable.
Error: csb_s: no such variable.
Error: cbb_s: no such variable.
Fatal error: BSIM3v1: mosfet nmos, model m3: Effective channel length <= 0
doAnalyses: no such parameter on this device or parameter is missing

ac simulation(s) aborted
Warning from checkvalid: vector i(vg) is not available or has zero length.
Error: RHS "-imag(i(vg))/(2*3.14159*1e3)" invalid
Fatal error: BSIM3v1: mosfet nmos, model m3: Effective channel length <= 0
doAnalyses: no such parameter on this device or parameter is missing

ac simulation(s) aborted
Warning from checkvalid: vector i(vg) is not available or has zero length.
Error: RHS "-imag(i(vg))/(2*3.14159*1e4)" invalid
Fatal error: BSIM3v1: mosfet nmos, model m3: Effective channel length <= 0
doAnalyses: no such parameter on this device or parameter is missing

ac simulation(s) aborted
Warning from checkvalid: vector i(vg) is not available or has zero length.
Error: RHS "-imag(i(vg))/(2*3.14159*1e5)" invalid
Fatal error: BSIM3v1: mosfet nmos, model m3: Effective channel length <= 0
doAnalyses: no such parameter on this device or parameter is missing

ac simulation(s) aborted
Warning from checkvalid: vector i(vg) is not available or has zero length.
Error: RHS "-imag(i(vg))/(2*3.14159*1e6)" invalid
Warning from checkvalid: vector i(vb) is not available or has zero length.
Error: RHS "-imag(i(vb))/(2*3.14159*1e6)" invalid
Warning from checkvalid: vector i(vs) is not available or has zero length.
Error: RHS "-imag(i(vs))/(2*3.14159*1e6)" invalid
Warning from checkvalid: vector i(vd) is not available or has zero length.
Error: RHS "-imag(i(vd))/(2*3.14159*1e6)" invalid
Fatal error: BSIM3v1: mosfet nmos, model m3: Effective channel length <= 0
doAnalyses: no such parameter on this device or parameter is missing

ac simulation(s) aborted
Warning from checkvalid: vector i(vg) is not available or has zero length.
Error: RHS "-imag(i(vg))/(2*3.14159*1e6)" invalid
Warning from checkvalid: vector i(vd) is not available or has zero length.
Error: RHS "-imag(i(vd))/(2*3.14159*1e6)" invalid
Warning from checkvalid: vector i(vs) is not available or has zero length.
Error: RHS "-imag(i(vs))/(2*3.14159*1e6)" invalid
Warning from checkvalid: vector i(vb) is not available or has zero length.
Error: RHS "-imag(i(vb))/(2*3.14159*1e6)" invalid
Error: &cgg_m: no such variable.
Error:  cgg_s equals what?.
Error: &cdg_m: no such variable.
Error:  cdg_s equals what?.
Error: &csg_m: no such variable.
Error:  csg_s equals what?.
Error: &cbg_m: no such variable.
Error:  cbg_s equals what?.
Fatal error: BSIM3v1: mosfet nmos, model m3: Effective channel length <= 0
doAnalyses: no such parameter on this device or parameter is missing

ac simulation(s) aborted
Warning from checkvalid: vector i(vg) is not available or has zero length.
Error: RHS "-imag(i(vg))/(2*3.14159*1e6)" invalid
Warning from checkvalid: vector i(vd) is not available or has zero length.
Error: RHS "-imag(i(vd))/(2*3.14159*1e6)" invalid
Warning from checkvalid: vector i(vs) is not available or has zero length.
Error: RHS "-imag(i(vs))/(2*3.14159*1e6)" invalid
Warning from checkvalid: vector i(vb) is not available or has zero length.
Error: RHS "-imag(i(vb))/(2*3.14159*1e6)" invalid
Error: &cgd_m: no such variable.
Error:  cgd_s equals what?.
Error: &cdd_m: no such variable.
Error:  cdd_s equals what?.
Error: &csd_m: no such variable.
Error:  csd_s equals what?.
Error: &cbd_m: no such variable.
Error:  cbd_s equals what?.
Fatal error: BSIM3v1: mosfet nmos, model m3: Effective channel length <= 0
doAnalyses: no such parameter on this device or parameter is missing

ac simulation(s) aborted
Warning from checkvalid: vector i(vg) is not available or has zero length.
Error: RHS "-imag(i(vg))/(2*3.14159*1e6)" invalid
Warning from checkvalid: vector i(vd) is not available or has zero length.
Error: RHS "-imag(i(vd))/(2*3.14159*1e6)" invalid
Warning from checkvalid: vector i(vs) is not available or has zero length.
Error: RHS "-imag(i(vs))/(2*3.14159*1e6)" invalid
Warning from checkvalid: vector i(vb) is not available or has zero length.
Error: RHS "-imag(i(vb))/(2*3.14159*1e6)" invalid
Error: &cgs_m: no such variable.
Error:  cgs_s equals what?.
Error: &cds_m: no such variable.
Error:  cds_s equals what?.
Error: &css_m: no such variable.
Error:  css_s equals what?.
Error: &cbs_m: no such variable.
Error:  cbs_s equals what?.
Fatal error: BSIM3v1: mosfet nmos, model m3: Effective channel length <= 0
doAnalyses: no such parameter on this device or parameter is missing

ac simulation(s) aborted
Warning from checkvalid: vector i(vg) is not available or has zero length.
Error: RHS "-imag(i(vg))/(2*3.14159*1e6)" invalid
Warning from checkvalid: vector i(vd) is not available or has zero length.
Error: RHS "-imag(i(vd))/(2*3.14159*1e6)" invalid
Warning from checkvalid: vector i(vs) is not available or has zero length.
Error: RHS "-imag(i(vs))/(2*3.14159*1e6)" invalid
Warning from checkvalid: vector i(vb) is not available or has zero length.
Error: RHS "-imag(i(vb))/(2*3.14159*1e6)" invalid
Error: &cgb_m: no such variable.
Error:  cgb_s equals what?.
Error: &cdb_m: no such variable.
Error:  cdb_s equals what?.
Error: &csb_m: no such variable.
Error:  csb_s equals what?.
Error: &cbb_m: no such variable.
Error:  cbb_s equals what?.
Error: cgg_s: no such variable.
Error: cdg_s: no such variable.
Error: csg_s: no such variable.
Error: cbg_s: no such variable.
Error: cgd_s: no such variable.
Error: cdd_s: no such variable.
Error: csd_s: no such variable.
Error: cbd_s: no such variable.
Error: cgs_s: no such variable.
Error: cds_s: no such variable.
Error: css_s: no such variable.
Error: cbs_s: no such variable.
Error: cgb_s: no such variable.
Error: cdb_s: no such variable.
Error: csb_s: no such variable.
Error: cbb_s: no such variable.
Fatal error: BSIM3v1: mosfet nmos, model m3: Effective channel length <= 0
doAnalyses: no such parameter on this device or parameter is missing

ac simulation(s) aborted
Warning from checkvalid: vector i(vg) is not available or has zero length.
Error: RHS "-imag(i(vg))/(2*3.14159*1e3)" invalid
Fatal error: BSIM3v1: mosfet nmos, model m3: Effective channel length <= 0
doAnalyses: no such parameter on this device or parameter is missing

ac simulation(s) aborted
Warning from checkvalid: vector i(vg) is not available or has zero length.
Error: RHS "-imag(i(vg))/(2*3.14159*1e4)" invalid
Fatal error: BSIM3v1: mosfet nmos, model m3: Effective channel length <= 0
doAnalyses: no such parameter on this device or parameter is missing

ac simulation(s) aborted
Warning from checkvalid: vector i(vg) is not available or has zero length.
Error: RHS "-imag(i(vg))/(2*3.14159*1e5)" invalid
Fatal error: BSIM3v1: mosfet nmos, model m3: Effective channel length <= 0
doAnalyses: no such parameter on this device or parameter is missing

ac simulation(s) aborted
Warning from checkvalid: vector i(vg) is not available or has zero length.
Error: RHS "-imag(i(vg))/(2*3.14159*1e6)" invalid
Warning from checkvalid: vector i(vb) is not available or has zero length.
Error: RHS "-imag(i(vb))/(2*3.14159*1e6)" invalid
Warning from checkvalid: vector i(vs) is not available or has zero length.
Error: RHS "-imag(i(vs))/(2*3.14159*1e6)" invalid
Warning from checkvalid: vector i(vd) is not available or has zero length.
Error: RHS "-imag(i(vd))/(2*3.14159*1e6)" invalid
Fatal error: BSIM3v1: mosfet nmos, model m3: Effective channel length <= 0
doAnalyses: no such parameter on this device or parameter is missing

ac simulation(s) aborted
Warning from checkvalid: vector i(vg) is not available or has zero length.
Error: RHS "-imag(i(vg))/(2*3.14159*1e6)" invalid
Warning from checkvalid: vector i(vd) is not available or has zero length.
Error: RHS "-imag(i(vd))/(2*3.14159*1e6)" invalid
Warning from checkvalid: vector i(vs) is not available or has zero length.
Error: RHS "-imag(i(vs))/(2*3.14159*1e6)" invalid
Warning from checkvalid: vector i(vb) is not available or has zero length.
Error: RHS "-imag(i(vb))/(2*3.14159*1e6)" invalid
Error: &cgg_m: no such variable.
Error:  cgg_s equals what?.
Error: &cdg_m: no such variable.
Error:  cdg_s equals what?.
Error: &csg_m: no such variable.
Error:  csg_s equals what?.
Error: &cbg_m: no such variable.
Error:  cbg_s equals what?.
Fatal error: BSIM3v1: mosfet nmos, model m3: Effective channel length <= 0
doAnalyses: no such parameter on this device or parameter is missing

ac simulation(s) aborted
Warning from checkvalid: vector i(vg) is not available or has zero length.
Error: RHS "-imag(i(vg))/(2*3.14159*1e6)" invalid
Warning from checkvalid: vector i(vd) is not available or has zero length.
Error: RHS "-imag(i(vd))/(2*3.14159*1e6)" invalid
Warning from checkvalid: vector i(vs) is not available or has zero length.
Error: RHS "-imag(i(vs))/(2*3.14159*1e6)" invalid
Warning from checkvalid: vector i(vb) is not available or has zero length.
Error: RHS "-imag(i(vb))/(2*3.14159*1e6)" invalid
Error: &cgd_m: no such variable.
Error:  cgd_s equals what?.
Error: &cdd_m: no such variable.
Error:  cdd_s equals what?.
Error: &csd_m: no such variable.
Error:  csd_s equals what?.
Error: &cbd_m: no such variable.
Error:  cbd_s equals what?.
Fatal error: BSIM3v1: mosfet nmos, model m3: Effective channel length <= 0
doAnalyses: no such parameter on this device or parameter is missing

ac simulation(s) aborted
Warning from checkvalid: vector i(vg) is not available or has zero length.
Error: RHS "-imag(i(vg))/(2*3.14159*1e6)" invalid
Warning from checkvalid: vector i(vd) is not available or has zero length.
Error: RHS "-imag(i(vd))/(2*3.14159*1e6)" invalid
Warning from checkvalid: vector i(vs) is not available or has zero length.
Error: RHS "-imag(i(vs))/(2*3.14159*1e6)" invalid
Warning from checkvalid: vector i(vb) is not available or has zero length.
Error: RHS "-imag(i(vb))/(2*3.14159*1e6)" invalid
Error: &cgs_m: no such variable.
Error:  cgs_s equals what?.
Error: &cds_m: no such variable.
Error:  cds_s equals what?.
Error: &css_m: no such variable.
Error:  css_s equals what?.
Error: &cbs_m: no such variable.
Error:  cbs_s equals what?.
Fatal error: BSIM3v1: mosfet nmos, model m3: Effective channel length <= 0
doAnalyses: no such parameter on this device or parameter is missing

ac simulation(s) aborted
Warning from checkvalid: vector i(vg) is not available or has zero length.
Error: RHS "-imag(i(vg))/(2*3.14159*1e6)" invalid
Warning from checkvalid: vector i(vd) is not available or has zero length.
Error: RHS "-imag(i(vd))/(2*3.14159*1e6)" invalid
Warning from checkvalid: vector i(vs) is not available or has zero length.
Error: RHS "-imag(i(vs))/(2*3.14159*1e6)" invalid
Warning from checkvalid: vector i(vb) is not available or has zero length.
Error: RHS "-imag(i(vb))/(2*3.14159*1e6)" invalid
Error: &cgb_m: no such variable.
Error:  cgb_s equals what?.
Error: &cdb_m: no such variable.
Error:  cdb_s equals what?.
Error: &csb_m: no such variable.
Error:  csb_s equals what?.
Error: &cbb_m: no such variable.
Error:  cbb_s equals what?.
Error: cgg_s: no such variable.
Error: cdg_s: no such variable.
Error: csg_s: no such variable.
Error: cbg_s: no such variable.
Error: cgd_s: no such variable.
Error: cdd_s: no such variable.
Error: csd_s: no such variable.
Error: cbd_s: no such variable.
Error: cgs_s: no such variable.
Error: cds_s: no such variable.
Error: css_s: no such variable.
Error: cbs_s: no such variable.
Error: cgb_s: no such variable.
Error: cdb_s: no such variable.
Error: csb_s: no such variable.
Error: cbb_s: no such variable.
Fatal error: BSIM3v1: mosfet nmos, model m3: Effective channel length <= 0
doAnalyses: no such parameter on this device or parameter is missing

ac simulation(s) aborted
Warning from checkvalid: vector i(vg) is not available or has zero length.
Error: RHS "-imag(i(vg))/(2*3.14159*1e3)" invalid
Fatal error: BSIM3v1: mosfet nmos, model m3: Effective channel length <= 0
doAnalyses: no such parameter on this device or parameter is missing

ac simulation(s) aborted
Warning from checkvalid: vector i(vg) is not available or has zero length.
Error: RHS "-imag(i(vg))/(2*3.14159*1e4)" invalid
Fatal error: BSIM3v1: mosfet nmos, model m3: Effective channel length <= 0
doAnalyses: no such parameter on this device or parameter is missing

ac simulation(s) aborted
Warning from checkvalid: vector i(vg) is not available or has zero length.
Error: RHS "-imag(i(vg))/(2*3.14159*1e5)" invalid
Fatal error: BSIM3v1: mosfet nmos, model m3: Effective channel length <= 0
doAnalyses: no such parameter on this device or parameter is missing

ac simulation(s) aborted
Warning from checkvalid: vector i(vg) is not available or has zero length.
Error: RHS "-imag(i(vg))/(2*3.14159*1e6)" invalid
Warning from checkvalid: vector i(vb) is not available or has zero length.
Error: RHS "-imag(i(vb))/(2*3.14159*1e6)" invalid
Warning from checkvalid: vector i(vs) is not available or has zero length.
Error: RHS "-imag(i(vs))/(2*3.14159*1e6)" invalid
Warning from checkvalid: vector i(vd) is not available or has zero length.
Error: RHS "-imag(i(vd))/(2*3.14159*1e6)" invalid
Fatal error: BSIM3v1: mosfet nmos, model m3: Effective channel length <= 0
doAnalyses: no such parameter on this device or parameter is missing

ac simulation(s) aborted
Warning from checkvalid: vector i(vg) is not available or has zero length.
Error: RHS "-imag(i(vg))/(2*3.14159*1e6)" invalid
Warning from checkvalid: vector i(vd) is not available or has zero length.
Error: RHS "-imag(i(vd))/(2*3.14159*1e6)" invalid
Warning from checkvalid: vector i(vs) is not available or has zero length.
Error: RHS "-imag(i(vs))/(2*3.14159*1e6)" invalid
Warning from checkvalid: vector i(vb) is not available or has zero length.
Error: RHS "-imag(i(vb))/(2*3.14159*1e6)" invalid
Error: &cgg_m: no such variable.
Error:  cgg_s equals what?.
Error: &cdg_m: no such variable.
Error:  cdg_s equals what?.
Error: &csg_m: no such variable.
Error:  csg_s equals what?.
Error: &cbg_m: no such variable.
Error:  cbg_s equals what?.
Fatal error: BSIM3v1: mosfet nmos, model m3: Effective channel length <= 0
doAnalyses: no such parameter on this device or parameter is missing

ac simulation(s) aborted
Warning from checkvalid: vector i(vg) is not available or has zero length.
Error: RHS "-imag(i(vg))/(2*3.14159*1e6)" invalid
Warning from checkvalid: vector i(vd) is not available or has zero length.
Error: RHS "-imag(i(vd))/(2*3.14159*1e6)" invalid
Warning from checkvalid: vector i(vs) is not available or has zero length.
Error: RHS "-imag(i(vs))/(2*3.14159*1e6)" invalid
Warning from checkvalid: vector i(vb) is not available or has zero length.
Error: RHS "-imag(i(vb))/(2*3.14159*1e6)" invalid
Error: &cgd_m: no such variable.
Error:  cgd_s equals what?.
Error: &cdd_m: no such variable.
Error:  cdd_s equals what?.
Error: &csd_m: no such variable.
Error:  csd_s equals what?.
Error: &cbd_m: no such variable.
Error:  cbd_s equals what?.
Fatal error: BSIM3v1: mosfet nmos, model m3: Effective channel length <= 0
doAnalyses: no such parameter on this device or parameter is missing

ac simulation(s) aborted
Warning from checkvalid: vector i(vg) is not available or has zero length.
Error: RHS "-imag(i(vg))/(2*3.14159*1e6)" invalid
Warning from checkvalid: vector i(vd) is not available or has zero length.
Error: RHS "-imag(i(vd))/(2*3.14159*1e6)" invalid
Warning from checkvalid: vector i(vs) is not available or has zero length.
Error: RHS "-imag(i(vs))/(2*3.14159*1e6)" invalid
Warning from checkvalid: vector i(vb) is not available or has zero length.
Error: RHS "-imag(i(vb))/(2*3.14159*1e6)" invalid
Error: &cgs_m: no such variable.
Error:  cgs_s equals what?.
Error: &cds_m: no such variable.
Error:  cds_s equals what?.
Error: &css_m: no such variable.
Error:  css_s equals what?.
Error: &cbs_m: no such variable.
Error:  cbs_s equals what?.
Fatal error: BSIM3v1: mosfet nmos, model m3: Effective channel length <= 0
doAnalyses: no such parameter on this device or parameter is missing

ac simulation(s) aborted
Warning from checkvalid: vector i(vg) is not available or has zero length.
Error: RHS "-imag(i(vg))/(2*3.14159*1e6)" invalid
Warning from checkvalid: vector i(vd) is not available or has zero length.
Error: RHS "-imag(i(vd))/(2*3.14159*1e6)" invalid
Warning from checkvalid: vector i(vs) is not available or has zero length.
Error: RHS "-imag(i(vs))/(2*3.14159*1e6)" invalid
Warning from checkvalid: vector i(vb) is not available or has zero length.
Error: RHS "-imag(i(vb))/(2*3.14159*1e6)" invalid
Error: &cgb_m: no such variable.
Error:  cgb_s equals what?.
Error: &cdb_m: no such variable.
Error:  cdb_s equals what?.
Error: &csb_m: no such variable.
Error:  csb_s equals what?.
Error: &cbb_m: no such variable.
Error:  cbb_s equals what?.
Error: cgg_s: no such variable.
Error: cdg_s: no such variable.
Error: csg_s: no such variable.
Error: cbg_s: no such variable.
Error: cgd_s: no such variable.
Error: cdd_s: no such variable.
Error: csd_s: no such variable.
Error: cbd_s: no such variable.
Error: cgs_s: no such variable.
Error: cds_s: no such variable.
Error: css_s: no such variable.
Error: cbs_s: no such variable.
Error: cgb_s: no such variable.
Error: cdb_s: no such variable.
Error: csb_s: no such variable.
Error: cbb_s: no such variable.
Fatal error: BSIM3v1: mosfet nmos, model m3: Effective channel length <= 0
doAnalyses: no such parameter on this device or parameter is missing

ac simulation(s) aborted
Warning from checkvalid: vector i(vg) is not available or has zero length.
Error: RHS "-imag(i(vg))/(2*3.14159*1e3)" invalid
Fatal error: BSIM3v1: mosfet nmos, model m3: Effective channel length <= 0
doAnalyses: no such parameter on this device or parameter is missing

ac simulation(s) aborted
Warning from checkvalid: vector i(vg) is not available or has zero length.
Error: RHS "-imag(i(vg))/(2*3.14159*1e4)" invalid
Fatal error: BSIM3v1: mosfet nmos, model m3: Effective channel length <= 0
doAnalyses: no such parameter on this device or parameter is missing

ac simulation(s) aborted
Warning from checkvalid: vector i(vg) is not available or has zero length.
Error: RHS "-imag(i(vg))/(2*3.14159*1e5)" invalid
Fatal error: BSIM3v1: mosfet nmos, model m3: Effective channel length <= 0
doAnalyses: no such parameter on this device or parameter is missing

ac simulation(s) aborted
Warning from checkvalid: vector i(vg) is not available or has zero length.
Error: RHS "-imag(i(vg))/(2*3.14159*1e6)" invalid
Warning from checkvalid: vector i(vb) is not available or has zero length.
Error: RHS "-imag(i(vb))/(2*3.14159*1e6)" invalid
Warning from checkvalid: vector i(vs) is not available or has zero length.
Error: RHS "-imag(i(vs))/(2*3.14159*1e6)" invalid
Warning from checkvalid: vector i(vd) is not available or has zero length.
Error: RHS "-imag(i(vd))/(2*3.14159*1e6)" invalid
Fatal error: BSIM3v1: mosfet nmos, model m3: Effective channel length <= 0
doAnalyses: no such parameter on this device or parameter is missing

ac simulation(s) aborted
Warning from checkvalid: vector i(vg) is not available or has zero length.
Error: RHS "-imag(i(vg))/(2*3.14159*1e6)" invalid
Warning from checkvalid: vector i(vd) is not available or has zero length.
Error: RHS "-imag(i(vd))/(2*3.14159*1e6)" invalid
Warning from checkvalid: vector i(vs) is not available or has zero length.
Error: RHS "-imag(i(vs))/(2*3.14159*1e6)" invalid
Warning from checkvalid: vector i(vb) is not available or has zero length.
Error: RHS "-imag(i(vb))/(2*3.14159*1e6)" invalid
Error: &cgg_m: no such variable.
Error:  cgg_s equals what?.
Error: &cdg_m: no such variable.
Error:  cdg_s equals what?.
Error: &csg_m: no such variable.
Error:  csg_s equals what?.
Error: &cbg_m: no such variable.
Error:  cbg_s equals what?.
Fatal error: BSIM3v1: mosfet nmos, model m3: Effective channel length <= 0
doAnalyses: no such parameter on this device or parameter is missing

ac simulation(s) aborted
Warning from checkvalid: vector i(vg) is not available or has zero length.
Error: RHS "-imag(i(vg))/(2*3.14159*1e6)" invalid
Warning from checkvalid: vector i(vd) is not available or has zero length.
Error: RHS "-imag(i(vd))/(2*3.14159*1e6)" invalid
Warning from checkvalid: vector i(vs) is not available or has zero length.
Error: RHS "-imag(i(vs))/(2*3.14159*1e6)" invalid
Warning from checkvalid: vector i(vb) is not available or has zero length.
Error: RHS "-imag(i(vb))/(2*3.14159*1e6)" invalid
Error: &cgd_m: no such variable.
Error:  cgd_s equals what?.
Error: &cdd_m: no such variable.
Error:  cdd_s equals what?.
Error: &csd_m: no such variable.
Error:  csd_s equals what?.
Error: &cbd_m: no such variable.
Error:  cbd_s equals what?.
Fatal error: BSIM3v1: mosfet nmos, model m3: Effective channel length <= 0
doAnalyses: no such parameter on this device or parameter is missing

ac simulation(s) aborted
Warning from checkvalid: vector i(vg) is not available or has zero length.
Error: RHS "-imag(i(vg))/(2*3.14159*1e6)" invalid
Warning from checkvalid: vector i(vd) is not available or has zero length.
Error: RHS "-imag(i(vd))/(2*3.14159*1e6)" invalid
Warning from checkvalid: vector i(vs) is not available or has zero length.
Error: RHS "-imag(i(vs))/(2*3.14159*1e6)" invalid
Warning from checkvalid: vector i(vb) is not available or has zero length.
Error: RHS "-imag(i(vb))/(2*3.14159*1e6)" invalid
Error: &cgs_m: no such variable.
Error:  cgs_s equals what?.
Error: &cds_m: no such variable.
Error:  cds_s equals what?.
Error: &css_m: no such variable.
Error:  css_s equals what?.
Error: &cbs_m: no such variable.
Error:  cbs_s equals what?.
Fatal error: BSIM3v1: mosfet nmos, model m3: Effective channel length <= 0
doAnalyses: no such parameter on this device or parameter is missing

ac simulation(s) aborted
Warning from checkvalid: vector i(vg) is not available or has zero length.
Error: RHS "-imag(i(vg))/(2*3.14159*1e6)" invalid
Warning from checkvalid: vector i(vd) is not available or has zero length.
Error: RHS "-imag(i(vd))/(2*3.14159*1e6)" invalid
Warning from checkvalid: vector i(vs) is not available or has zero length.
Error: RHS "-imag(i(vs))/(2*3.14159*1e6)" invalid
Warning from checkvalid: vector i(vb) is not available or has zero length.
Error: RHS "-imag(i(vb))/(2*3.14159*1e6)" invalid
Error: &cgb_m: no such variable.
Error:  cgb_s equals what?.
Error: &cdb_m: no such variable.
Error:  cdb_s equals what?.
Error: &csb_m: no such variable.
Error:  csb_s equals what?.
Error: &cbb_m: no such variable.
Error:  cbb_s equals what?.
Error: cgg_s: no such variable.
Error: cdg_s: no such variable.
Error: csg_s: no such variable.
Error: cbg_s: no such variable.
Error: cgd_s: no such variable.
Error: cdd_s: no such variable.
Error: csd_s: no such variable.
Error: cbd_s: no such variable.
Error: cgs_s: no such variable.
Error: cds_s: no such variable.
Error: css_s: no such variable.
Error: cbs_s: no such variable.
Error: cgb_s: no such variable.
Error: cdb_s: no such variable.
Error: csb_s: no such variable.
Error: cbb_s: no such variable.
Fatal error: BSIM3v1: mosfet nmos, model m3: Effective channel length <= 0
doAnalyses: no such parameter on this device or parameter is missing

ac simulation(s) aborted
Warning from checkvalid: vector i(vg) is not available or has zero length.
Error: RHS "-imag(i(vg))/(2*3.14159*1e3)" invalid
Fatal error: BSIM3v1: mosfet nmos, model m3: Effective channel length <= 0
doAnalyses: no such parameter on this device or parameter is missing

ac simulation(s) aborted
Warning from checkvalid: vector i(vg) is not available or has zero length.
Error: RHS "-imag(i(vg))/(2*3.14159*1e4)" invalid
Fatal error: BSIM3v1: mosfet nmos, model m3: Effective channel length <= 0
doAnalyses: no such parameter on this device or parameter is missing

ac simulation(s) aborted
Warning from checkvalid: vector i(vg) is not available or has zero length.
Error: RHS "-imag(i(vg))/(2*3.14159*1e5)" invalid
Fatal error: BSIM3v1: mosfet nmos, model m3: Effective channel length <= 0
doAnalyses: no such parameter on this device or parameter is missing

ac simulation(s) aborted
Warning from checkvalid: vector i(vg) is not available or has zero length.
Error: RHS "-imag(i(vg))/(2*3.14159*1e6)" invalid
Warning from checkvalid: vector i(vb) is not available or has zero length.
Error: RHS "-imag(i(vb))/(2*3.14159*1e6)" invalid
Warning from checkvalid: vector i(vs) is not available or has zero length.
Error: RHS "-imag(i(vs))/(2*3.14159*1e6)" invalid
Warning from checkvalid: vector i(vd) is not available or has zero length.
Error: RHS "-imag(i(vd))/(2*3.14159*1e6)" invalid
Fatal error: BSIM3v1: mosfet nmos, model m3: Effective channel length <= 0
doAnalyses: no such parameter on this device or parameter is missing

ac simulation(s) aborted
Warning from checkvalid: vector i(vg) is not available or has zero length.
Error: RHS "-imag(i(vg))/(2*3.14159*1e6)" invalid
Warning from checkvalid: vector i(vd) is not available or has zero length.
Error: RHS "-imag(i(vd))/(2*3.14159*1e6)" invalid
Warning from checkvalid: vector i(vs) is not available or has zero length.
Error: RHS "-imag(i(vs))/(2*3.14159*1e6)" invalid
Warning from checkvalid: vector i(vb) is not available or has zero length.
Error: RHS "-imag(i(vb))/(2*3.14159*1e6)" invalid
Error: &cgg_m: no such variable.
Error:  cgg_s equals what?.
Error: &cdg_m: no such variable.
Error:  cdg_s equals what?.
Error: &csg_m: no such variable.
Error:  csg_s equals what?.
Error: &cbg_m: no such variable.
Error:  cbg_s equals what?.
Fatal error: BSIM3v1: mosfet nmos, model m3: Effective channel length <= 0
doAnalyses: no such parameter on this device or parameter is missing

ac simulation(s) aborted
Warning from checkvalid: vector i(vg) is not available or has zero length.
Error: RHS "-imag(i(vg))/(2*3.14159*1e6)" invalid
Warning from checkvalid: vector i(vd) is not available or has zero length.
Error: RHS "-imag(i(vd))/(2*3.14159*1e6)" invalid
Warning from checkvalid: vector i(vs) is not available or has zero length.
Error: RHS "-imag(i(vs))/(2*3.14159*1e6)" invalid
Warning from checkvalid: vector i(vb) is not available or has zero length.
Error: RHS "-imag(i(vb))/(2*3.14159*1e6)" invalid
Error: &cgd_m: no such variable.
Error:  cgd_s equals what?.
Error: &cdd_m: no such variable.
Error:  cdd_s equals what?.
Error: &csd_m: no such variable.
Error:  csd_s equals what?.
Error: &cbd_m: no such variable.
Error:  cbd_s equals what?.
Fatal error: BSIM3v1: mosfet nmos, model m3: Effective channel length <= 0
doAnalyses: no such parameter on this device or parameter is missing

ac simulation(s) aborted
Warning from checkvalid: vector i(vg) is not available or has zero length.
Error: RHS "-imag(i(vg))/(2*3.14159*1e6)" invalid
Warning from checkvalid: vector i(vd) is not available or has zero length.
Error: RHS "-imag(i(vd))/(2*3.14159*1e6)" invalid
Warning from checkvalid: vector i(vs) is not available or has zero length.
Error: RHS "-imag(i(vs))/(2*3.14159*1e6)" invalid
Warning from checkvalid: vector i(vb) is not available or has zero length.
Error: RHS "-imag(i(vb))/(2*3.14159*1e6)" invalid
Error: &cgs_m: no such variable.
Error:  cgs_s equals what?.
Error: &cds_m: no such variable.
Error:  cds_s equals what?.
Error: &css_m: no such variable.
Error:  css_s equals what?.
Error: &cbs_m: no such variable.
Error:  cbs_s equals what?.
Fatal error: BSIM3v1: mosfet nmos, model m3: Effective channel length <= 0
doAnalyses: no such parameter on this device or parameter is missing

ac simulation(s) aborted
Warning from checkvalid: vector i(vg) is not available or has zero length.
Error: RHS "-imag(i(vg))/(2*3.14159*1e6)" invalid
Warning from checkvalid: vector i(vd) is not available or has zero length.
Error: RHS "-imag(i(vd))/(2*3.14159*1e6)" invalid
Warning from checkvalid: vector i(vs) is not available or has zero length.
Error: RHS "-imag(i(vs))/(2*3.14159*1e6)" invalid
Warning from checkvalid: vector i(vb) is not available or has zero length.
Error: RHS "-imag(i(vb))/(2*3.14159*1e6)" invalid
Error: &cgb_m: no such variable.
Error:  cgb_s equals what?.
Error: &cdb_m: no such variable.
Error:  cdb_s equals what?.
Error: &csb_m: no such variable.
Error:  csb_s equals what?.
Error: &cbb_m: no such variable.
Error:  cbb_s equals what?.
Error: cgg_s: no such variable.
Error: cdg_s: no such variable.
Error: csg_s: no such variable.
Error: cbg_s: no such variable.
Error: cgd_s: no such variable.
Error: cdd_s: no such variable.
Error: csd_s: no such variable.
Error: cbd_s: no such variable.
Error: cgs_s: no such variable.
Error: cds_s: no such variable.
Error: css_s: no such variable.
Error: cbs_s: no such variable.
Error: cgb_s: no such variable.
Error: cdb_s: no such variable.
Error: csb_s: no such variable.
Error: cbb_s: no such variable.
Fatal error: BSIM3v1: mosfet nmos, model m3: Effective channel length <= 0
doAnalyses: no such parameter on this device or parameter is missing

ac simulation(s) aborted
Warning from checkvalid: vector i(vg) is not available or has zero length.
Error: RHS "-imag(i(vg))/(2*3.14159*1e3)" invalid
Fatal error: BSIM3v1: mosfet nmos, model m3: Effective channel length <= 0
doAnalyses: no such parameter on this device or parameter is missing

ac simulation(s) aborted
Warning from checkvalid: vector i(vg) is not available or has zero length.
Error: RHS "-imag(i(vg))/(2*3.14159*1e4)" invalid
Fatal error: BSIM3v1: mosfet nmos, model m3: Effective channel length <= 0
doAnalyses: no such parameter on this device or parameter is missing

ac simulation(s) aborted
Warning from checkvalid: vector i(vg) is not available or has zero length.
Error: RHS "-imag(i(vg))/(2*3.14159*1e5)" invalid
Fatal error: BSIM3v1: mosfet nmos, model m3: Effective channel length <= 0
doAnalyses: no such parameter on this device or parameter is missing

ac simulation(s) aborted
Warning from checkvalid: vector i(vg) is not available or has zero length.
Error: RHS "-imag(i(vg))/(2*3.14159*1e6)" invalid
Warning from checkvalid: vector i(vb) is not available or has zero length.
Error: RHS "-imag(i(vb))/(2*3.14159*1e6)" invalid
Warning from checkvalid: vector i(vs) is not available or has zero length.
Error: RHS "-imag(i(vs))/(2*3.14159*1e6)" invalid
Warning from checkvalid: vector i(vd) is not available or has zero length.
Error: RHS "-imag(i(vd))/(2*3.14159*1e6)" invalid
Fatal error: BSIM3v1: mosfet nmos, model m3: Effective channel length <= 0
doAnalyses: no such parameter on this device or parameter is missing

ac simulation(s) aborted
Warning from checkvalid: vector i(vg) is not available or has zero length.
Error: RHS "-imag(i(vg))/(2*3.14159*1e6)" invalid
Warning from checkvalid: vector i(vd) is not available or has zero length.
Error: RHS "-imag(i(vd))/(2*3.14159*1e6)" invalid
Warning from checkvalid: vector i(vs) is not available or has zero length.
Error: RHS "-imag(i(vs))/(2*3.14159*1e6)" invalid
Warning from checkvalid: vector i(vb) is not available or has zero length.
Error: RHS "-imag(i(vb))/(2*3.14159*1e6)" invalid
Error: &cgg_m: no such variable.
Error:  cgg_s equals what?.
Error: &cdg_m: no such variable.
Error:  cdg_s equals what?.
Error: &csg_m: no such variable.
Error:  csg_s equals what?.
Error: &cbg_m: no such variable.
Error:  cbg_s equals what?.
Fatal error: BSIM3v1: mosfet nmos, model m3: Effective channel length <= 0
doAnalyses: no such parameter on this device or parameter is missing

ac simulation(s) aborted
Warning from checkvalid: vector i(vg) is not available or has zero length.
Error: RHS "-imag(i(vg))/(2*3.14159*1e6)" invalid
Warning from checkvalid: vector i(vd) is not available or has zero length.
Error: RHS "-imag(i(vd))/(2*3.14159*1e6)" invalid
Warning from checkvalid: vector i(vs) is not available or has zero length.
Error: RHS "-imag(i(vs))/(2*3.14159*1e6)" invalid
Warning from checkvalid: vector i(vb) is not available or has zero length.
Error: RHS "-imag(i(vb))/(2*3.14159*1e6)" invalid
Error: &cgd_m: no such variable.
Error:  cgd_s equals what?.
Error: &cdd_m: no such variable.
Error:  cdd_s equals what?.
Error: &csd_m: no such variable.
Error:  csd_s equals what?.
Error: &cbd_m: no such variable.
Error:  cbd_s equals what?.
Fatal error: BSIM3v1: mosfet nmos, model m3: Effective channel length <= 0
doAnalyses: no such parameter on this device or parameter is missing

ac simulation(s) aborted
Warning from checkvalid: vector i(vg) is not available or has zero length.
Error: RHS "-imag(i(vg))/(2*3.14159*1e6)" invalid
Warning from checkvalid: vector i(vd) is not available or has zero length.
Error: RHS "-imag(i(vd))/(2*3.14159*1e6)" invalid
Warning from checkvalid: vector i(vs) is not available or has zero length.
Error: RHS "-imag(i(vs))/(2*3.14159*1e6)" invalid
Warning from checkvalid: vector i(vb) is not available or has zero length.
Error: RHS "-imag(i(vb))/(2*3.14159*1e6)" invalid
Error: &cgs_m: no such variable.
Error:  cgs_s equals what?.
Error: &cds_m: no such variable.
Error:  cds_s equals what?.
Error: &css_m: no such variable.
Error:  css_s equals what?.
Error: &cbs_m: no such variable.
Error:  cbs_s equals what?.
Fatal error: BSIM3v1: mosfet nmos, model m3: Effective channel length <= 0
doAnalyses: no such parameter on this device or parameter is missing

ac simulation(s) aborted
Warning from checkvalid: vector i(vg) is not available or has zero length.
Error: RHS "-imag(i(vg))/(2*3.14159*1e6)" invalid
Warning from checkvalid: vector i(vd) is not available or has zero length.
Error: RHS "-imag(i(vd))/(2*3.14159*1e6)" invalid
Warning from checkvalid: vector i(vs) is not available or has zero length.
Error: RHS "-imag(i(vs))/(2*3.14159*1e6)" invalid
Warning from checkvalid: vector i(vb) is not available or has zero length.
Error: RHS "-imag(i(vb))/(2*3.14159*1e6)" invalid
Error: &cgb_m: no such variable.
Error:  cgb_s equals what?.
Error: &cdb_m: no such variable.
Error:  cdb_s equals what?.
Error: &csb_m: no such variable.
Error:  csb_s equals what?.
Error: &cbb_m: no such variable.
Error:  cbb_s equals what?.
Error: cgg_s: no such variable.
Error: cdg_s: no such variable.
Error: csg_s: no such variable.
Error: cbg_s: no such variable.
Error: cgd_s: no such variable.
Error: cdd_s: no such variable.
Error: csd_s: no such variable.
Error: cbd_s: no such variable.
Error: cgs_s: no such variable.
Error: cds_s: no such variable.
Error: css_s: no such variable.
Error: cbs_s: no such variable.
Error: cgb_s: no such variable.
Error: cdb_s: no such variable.
Error: csb_s: no such variable.
Error: cbb_s: no such variable.
Fatal error: BSIM3v1: mosfet nmos, model m3: Effective channel length <= 0
doAnalyses: no such parameter on this device or parameter is missing

ac simulation(s) aborted
Warning from checkvalid: vector i(vg) is not available or has zero length.
Error: RHS "-imag(i(vg))/(2*3.14159*1e3)" invalid
Fatal error: BSIM3v1: mosfet nmos, model m3: Effective channel length <= 0
doAnalyses: no such parameter on this device or parameter is missing

ac simulation(s) aborted
Warning from checkvalid: vector i(vg) is not available or has zero length.
Error: RHS "-imag(i(vg))/(2*3.14159*1e4)" invalid
Fatal error: BSIM3v1: mosfet nmos, model m3: Effective channel length <= 0
doAnalyses: no such parameter on this device or parameter is missing

ac simulation(s) aborted
Warning from checkvalid: vector i(vg) is not available or has zero length.
Error: RHS "-imag(i(vg))/(2*3.14159*1e5)" invalid
Fatal error: BSIM3v1: mosfet nmos, model m3: Effective channel length <= 0
doAnalyses: no such parameter on this device or parameter is missing

ac simulation(s) aborted
Warning from checkvalid: vector i(vg) is not available or has zero length.
Error: RHS "-imag(i(vg))/(2*3.14159*1e6)" invalid
Warning from checkvalid: vector i(vb) is not available or has zero length.
Error: RHS "-imag(i(vb))/(2*3.14159*1e6)" invalid
Warning from checkvalid: vector i(vs) is not available or has zero length.
Error: RHS "-imag(i(vs))/(2*3.14159*1e6)" invalid
Warning from checkvalid: vector i(vd) is not available or has zero length.
Error: RHS "-imag(i(vd))/(2*3.14159*1e6)" invalid
Fatal error: BSIM3v1: mosfet nmos, model m3: Effective channel length <= 0
doAnalyses: no such parameter on this device or parameter is missing

ac simulation(s) aborted
Warning from checkvalid: vector i(vg) is not available or has zero length.
Error: RHS "-imag(i(vg))/(2*3.14159*1e6)" invalid
Warning from checkvalid: vector i(vd) is not available or has zero length.
Error: RHS "-imag(i(vd))/(2*3.14159*1e6)" invalid
Warning from checkvalid: vector i(vs) is not available or has zero length.
Error: RHS "-imag(i(vs))/(2*3.14159*1e6)" invalid
Warning from checkvalid: vector i(vb) is not available or has zero length.
Error: RHS "-imag(i(vb))/(2*3.14159*1e6)" invalid
Error: &cgg_m: no such variable.
Error:  cgg_s equals what?.
Error: &cdg_m: no such variable.
Error:  cdg_s equals what?.
Error: &csg_m: no such variable.
Error:  csg_s equals what?.
Error: &cbg_m: no such variable.
Error:  cbg_s equals what?.
Fatal error: BSIM3v1: mosfet nmos, model m3: Effective channel length <= 0
doAnalyses: no such parameter on this device or parameter is missing

ac simulation(s) aborted
Warning from checkvalid: vector i(vg) is not available or has zero length.
Error: RHS "-imag(i(vg))/(2*3.14159*1e6)" invalid
Warning from checkvalid: vector i(vd) is not available or has zero length.
Error: RHS "-imag(i(vd))/(2*3.14159*1e6)" invalid
Warning from checkvalid: vector i(vs) is not available or has zero length.
Error: RHS "-imag(i(vs))/(2*3.14159*1e6)" invalid
Warning from checkvalid: vector i(vb) is not available or has zero length.
Error: RHS "-imag(i(vb))/(2*3.14159*1e6)" invalid
Error: &cgd_m: no such variable.
Error:  cgd_s equals what?.
Error: &cdd_m: no such variable.
Error:  cdd_s equals what?.
Error: &csd_m: no such variable.
Error:  csd_s equals what?.
Error: &cbd_m: no such variable.
Error:  cbd_s equals what?.
Fatal error: BSIM3v1: mosfet nmos, model m3: Effective channel length <= 0
doAnalyses: no such parameter on this device or parameter is missing

ac simulation(s) aborted
Warning from checkvalid: vector i(vg) is not available or has zero length.
Error: RHS "-imag(i(vg))/(2*3.14159*1e6)" invalid
Warning from checkvalid: vector i(vd) is not available or has zero length.
Error: RHS "-imag(i(vd))/(2*3.14159*1e6)" invalid
Warning from checkvalid: vector i(vs) is not available or has zero length.
Error: RHS "-imag(i(vs))/(2*3.14159*1e6)" invalid
Warning from checkvalid: vector i(vb) is not available or has zero length.
Error: RHS "-imag(i(vb))/(2*3.14159*1e6)" invalid
Error: &cgs_m: no such variable.
Error:  cgs_s equals what?.
Error: &cds_m: no such variable.
Error:  cds_s equals what?.
Error: &css_m: no such variable.
Error:  css_s equals what?.
Error: &cbs_m: no such variable.
Error:  cbs_s equals what?.
Fatal error: BSIM3v1: mosfet nmos, model m3: Effective channel length <= 0
doAnalyses: no such parameter on this device or parameter is missing

ac simulation(s) aborted
Warning from checkvalid: vector i(vg) is not available or has zero length.
Error: RHS "-imag(i(vg))/(2*3.14159*1e6)" invalid
Warning from checkvalid: vector i(vd) is not available or has zero length.
Error: RHS "-imag(i(vd))/(2*3.14159*1e6)" invalid
Warning from checkvalid: vector i(vs) is not available or has zero length.
Error: RHS "-imag(i(vs))/(2*3.14159*1e6)" invalid
Warning from checkvalid: vector i(vb) is not available or has zero length.
Error: RHS "-imag(i(vb))/(2*3.14159*1e6)" invalid
Error: &cgb_m: no such variable.
Error:  cgb_s equals what?.
Error: &cdb_m: no such variable.
Error:  cdb_s equals what?.
Error: &csb_m: no such variable.
Error:  csb_s equals what?.
Error: &cbb_m: no such variable.
Error:  cbb_s equals what?.
Error: cgg_s: no such variable.
Error: cdg_s: no such variable.
Error: csg_s: no such variable.
Error: cbg_s: no such variable.
Error: cgd_s: no such variable.
Error: cdd_s: no such variable.
Error: csd_s: no such variable.
Error: cbd_s: no such variable.
Error: cgs_s: no such variable.
Error: cds_s: no such variable.
Error: css_s: no such variable.
Error: cbs_s: no such variable.
Error: cgb_s: no such variable.
Error: cdb_s: no such variable.
Error: csb_s: no such variable.
Error: cbb_s: no such variable.
Fatal error: BSIM3v1: mosfet nmos, model m3: Effective channel length <= 0
doAnalyses: no such parameter on this device or parameter is missing

ac simulation(s) aborted
Warning from checkvalid: vector i(vg) is not available or has zero length.
Error: RHS "-imag(i(vg))/(2*3.14159*1e3)" invalid
Fatal error: BSIM3v1: mosfet nmos, model m3: Effective channel length <= 0
doAnalyses: no such parameter on this device or parameter is missing

ac simulation(s) aborted
Warning from checkvalid: vector i(vg) is not available or has zero length.
Error: RHS "-imag(i(vg))/(2*3.14159*1e4)" invalid
Fatal error: BSIM3v1: mosfet nmos, model m3: Effective channel length <= 0
doAnalyses: no such parameter on this device or parameter is missing

ac simulation(s) aborted
Warning from checkvalid: vector i(vg) is not available or has zero length.
Error: RHS "-imag(i(vg))/(2*3.14159*1e5)" invalid
Fatal error: BSIM3v1: mosfet nmos, model m3: Effective channel length <= 0
doAnalyses: no such parameter on this device or parameter is missing

ac simulation(s) aborted
Warning from checkvalid: vector i(vg) is not available or has zero length.
Error: RHS "-imag(i(vg))/(2*3.14159*1e6)" invalid
Warning from checkvalid: vector i(vb) is not available or has zero length.
Error: RHS "-imag(i(vb))/(2*3.14159*1e6)" invalid
Warning from checkvalid: vector i(vs) is not available or has zero length.
Error: RHS "-imag(i(vs))/(2*3.14159*1e6)" invalid
Warning from checkvalid: vector i(vd) is not available or has zero length.
Error: RHS "-imag(i(vd))/(2*3.14159*1e6)" invalid
Fatal error: BSIM3v1: mosfet nmos, model m3: Effective channel length <= 0
doAnalyses: no such parameter on this device or parameter is missing

ac simulation(s) aborted
Warning from checkvalid: vector i(vg) is not available or has zero length.
Error: RHS "-imag(i(vg))/(2*3.14159*1e6)" invalid
Warning from checkvalid: vector i(vd) is not available or has zero length.
Error: RHS "-imag(i(vd))/(2*3.14159*1e6)" invalid
Warning from checkvalid: vector i(vs) is not available or has zero length.
Error: RHS "-imag(i(vs))/(2*3.14159*1e6)" invalid
Warning from checkvalid: vector i(vb) is not available or has zero length.
Error: RHS "-imag(i(vb))/(2*3.14159*1e6)" invalid
Error: &cgg_m: no such variable.
Error:  cgg_s equals what?.
Error: &cdg_m: no such variable.
Error:  cdg_s equals what?.
Error: &csg_m: no such variable.
Error:  csg_s equals what?.
Error: &cbg_m: no such variable.
Error:  cbg_s equals what?.
Fatal error: BSIM3v1: mosfet nmos, model m3: Effective channel length <= 0
doAnalyses: no such parameter on this device or parameter is missing

ac simulation(s) aborted
Warning from checkvalid: vector i(vg) is not available or has zero length.
Error: RHS "-imag(i(vg))/(2*3.14159*1e6)" invalid
Warning from checkvalid: vector i(vd) is not available or has zero length.
Error: RHS "-imag(i(vd))/(2*3.14159*1e6)" invalid
Warning from checkvalid: vector i(vs) is not available or has zero length.
Error: RHS "-imag(i(vs))/(2*3.14159*1e6)" invalid
Warning from checkvalid: vector i(vb) is not available or has zero length.
Error: RHS "-imag(i(vb))/(2*3.14159*1e6)" invalid
Error: &cgd_m: no such variable.
Error:  cgd_s equals what?.
Error: &cdd_m: no such variable.
Error:  cdd_s equals what?.
Error: &csd_m: no such variable.
Error:  csd_s equals what?.
Error: &cbd_m: no such variable.
Error:  cbd_s equals what?.
Fatal error: BSIM3v1: mosfet nmos, model m3: Effective channel length <= 0
doAnalyses: no such parameter on this device or parameter is missing

ac simulation(s) aborted
Warning from checkvalid: vector i(vg) is not available or has zero length.
Error: RHS "-imag(i(vg))/(2*3.14159*1e6)" invalid
Warning from checkvalid: vector i(vd) is not available or has zero length.
Error: RHS "-imag(i(vd))/(2*3.14159*1e6)" invalid
Warning from checkvalid: vector i(vs) is not available or has zero length.
Error: RHS "-imag(i(vs))/(2*3.14159*1e6)" invalid
Warning from checkvalid: vector i(vb) is not available or has zero length.
Error: RHS "-imag(i(vb))/(2*3.14159*1e6)" invalid
Error: &cgs_m: no such variable.
Error:  cgs_s equals what?.
Error: &cds_m: no such variable.
Error:  cds_s equals what?.
Error: &css_m: no such variable.
Error:  css_s equals what?.
Error: &cbs_m: no such variable.
Error:  cbs_s equals what?.
Fatal error: BSIM3v1: mosfet nmos, model m3: Effective channel length <= 0
doAnalyses: no such parameter on this device or parameter is missing

ac simulation(s) aborted
Warning from checkvalid: vector i(vg) is not available or has zero length.
Error: RHS "-imag(i(vg))/(2*3.14159*1e6)" invalid
Warning from checkvalid: vector i(vd) is not available or has zero length.
Error: RHS "-imag(i(vd))/(2*3.14159*1e6)" invalid
Warning from checkvalid: vector i(vs) is not available or has zero length.
Error: RHS "-imag(i(vs))/(2*3.14159*1e6)" invalid
Warning from checkvalid: vector i(vb) is not available or has zero length.
Error: RHS "-imag(i(vb))/(2*3.14159*1e6)" invalid
Error: &cgb_m: no such variable.
Error:  cgb_s equals what?.
Error: &cdb_m: no such variable.
Error:  cdb_s equals what?.
Error: &csb_m: no such variable.
Error:  csb_s equals what?.
Error: &cbb_m: no such variable.
Error:  cbb_s equals what?.
Error: cgg_s: no such variable.
Error: cdg_s: no such variable.
Error: csg_s: no such variable.
Error: cbg_s: no such variable.
Error: cgd_s: no such variable.
Error: cdd_s: no such variable.
Error: csd_s: no such variable.
Error: cbd_s: no such variable.
Error: cgs_s: no such variable.
Error: cds_s: no such variable.
Error: css_s: no such variable.
Error: cbs_s: no such variable.
Error: cgb_s: no such variable.
Error: cdb_s: no such variable.
Error: csb_s: no such variable.
Error: cbb_s: no such variable.
Fatal error: BSIM3v1: mosfet nmos, model m3: Effective channel length <= 0
doAnalyses: no such parameter on this device or parameter is missing

ac simulation(s) aborted
Warning from checkvalid: vector i(vg) is not available or has zero length.
Error: RHS "-imag(i(vg))/(2*3.14159*1e3)" invalid
Fatal error: BSIM3v1: mosfet nmos, model m3: Effective channel length <= 0
doAnalyses: no such parameter on this device or parameter is missing

ac simulation(s) aborted
Warning from checkvalid: vector i(vg) is not available or has zero length.
Error: RHS "-imag(i(vg))/(2*3.14159*1e4)" invalid
Fatal error: BSIM3v1: mosfet nmos, model m3: Effective channel length <= 0
doAnalyses: no such parameter on this device or parameter is missing

ac simulation(s) aborted
Warning from checkvalid: vector i(vg) is not available or has zero length.
Error: RHS "-imag(i(vg))/(2*3.14159*1e5)" invalid
Fatal error: BSIM3v1: mosfet nmos, model m3: Effective channel length <= 0
doAnalyses: no such parameter on this device or parameter is missing

ac simulation(s) aborted
Warning from checkvalid: vector i(vg) is not available or has zero length.
Error: RHS "-imag(i(vg))/(2*3.14159*1e6)" invalid
Warning from checkvalid: vector i(vb) is not available or has zero length.
Error: RHS "-imag(i(vb))/(2*3.14159*1e6)" invalid
Warning from checkvalid: vector i(vs) is not available or has zero length.
Error: RHS "-imag(i(vs))/(2*3.14159*1e6)" invalid
Warning from checkvalid: vector i(vd) is not available or has zero length.
Error: RHS "-imag(i(vd))/(2*3.14159*1e6)" invalid
Fatal error: BSIM3v1: mosfet nmos, model m3: Effective channel length <= 0
doAnalyses: no such parameter on this device or parameter is missing

ac simulation(s) aborted
Warning from checkvalid: vector i(vg) is not available or has zero length.
Error: RHS "-imag(i(vg))/(2*3.14159*1e6)" invalid
Warning from checkvalid: vector i(vd) is not available or has zero length.
Error: RHS "-imag(i(vd))/(2*3.14159*1e6)" invalid
Warning from checkvalid: vector i(vs) is not available or has zero length.
Error: RHS "-imag(i(vs))/(2*3.14159*1e6)" invalid
Warning from checkvalid: vector i(vb) is not available or has zero length.
Error: RHS "-imag(i(vb))/(2*3.14159*1e6)" invalid
Error: &cgg_m: no such variable.
Error:  cgg_s equals what?.
Error: &cdg_m: no such variable.
Error:  cdg_s equals what?.
Error: &csg_m: no such variable.
Error:  csg_s equals what?.
Error: &cbg_m: no such variable.
Error:  cbg_s equals what?.
Fatal error: BSIM3v1: mosfet nmos, model m3: Effective channel length <= 0
doAnalyses: no such parameter on this device or parameter is missing

ac simulation(s) aborted
Warning from checkvalid: vector i(vg) is not available or has zero length.
Error: RHS "-imag(i(vg))/(2*3.14159*1e6)" invalid
Warning from checkvalid: vector i(vd) is not available or has zero length.
Error: RHS "-imag(i(vd))/(2*3.14159*1e6)" invalid
Warning from checkvalid: vector i(vs) is not available or has zero length.
Error: RHS "-imag(i(vs))/(2*3.14159*1e6)" invalid
Warning from checkvalid: vector i(vb) is not available or has zero length.
Error: RHS "-imag(i(vb))/(2*3.14159*1e6)" invalid
Error: &cgd_m: no such variable.
Error:  cgd_s equals what?.
Error: &cdd_m: no such variable.
Error:  cdd_s equals what?.
Error: &csd_m: no such variable.
Error:  csd_s equals what?.
Error: &cbd_m: no such variable.
Error:  cbd_s equals what?.
Fatal error: BSIM3v1: mosfet nmos, model m3: Effective channel length <= 0
doAnalyses: no such parameter on this device or parameter is missing

ac simulation(s) aborted
Warning from checkvalid: vector i(vg) is not available or has zero length.
Error: RHS "-imag(i(vg))/(2*3.14159*1e6)" invalid
Warning from checkvalid: vector i(vd) is not available or has zero length.
Error: RHS "-imag(i(vd))/(2*3.14159*1e6)" invalid
Warning from checkvalid: vector i(vs) is not available or has zero length.
Error: RHS "-imag(i(vs))/(2*3.14159*1e6)" invalid
Warning from checkvalid: vector i(vb) is not available or has zero length.
Error: RHS "-imag(i(vb))/(2*3.14159*1e6)" invalid
Error: &cgs_m: no such variable.
Error:  cgs_s equals what?.
Error: &cds_m: no such variable.
Error:  cds_s equals what?.
Error: &css_m: no such variable.
Error:  css_s equals what?.
Error: &cbs_m: no such variable.
Error:  cbs_s equals what?.
Fatal error: BSIM3v1: mosfet nmos, model m3: Effective channel length <= 0
doAnalyses: no such parameter on this device or parameter is missing

ac simulation(s) aborted
Warning from checkvalid: vector i(vg) is not available or has zero length.
Error: RHS "-imag(i(vg))/(2*3.14159*1e6)" invalid
Warning from checkvalid: vector i(vd) is not available or has zero length.
Error: RHS "-imag(i(vd))/(2*3.14159*1e6)" invalid
Warning from checkvalid: vector i(vs) is not available or has zero length.
Error: RHS "-imag(i(vs))/(2*3.14159*1e6)" invalid
Warning from checkvalid: vector i(vb) is not available or has zero length.
Error: RHS "-imag(i(vb))/(2*3.14159*1e6)" invalid
Error: &cgb_m: no such variable.
Error:  cgb_s equals what?.
Error: &cdb_m: no such variable.
Error:  cdb_s equals what?.
Error: &csb_m: no such variable.
Error:  csb_s equals what?.
Error: &cbb_m: no such variable.
Error:  cbb_s equals what?.
Error: cgg_s: no such variable.
Error: cdg_s: no such variable.
Error: csg_s: no such variable.
Error: cbg_s: no such variable.
Error: cgd_s: no such variable.
Error: cdd_s: no such variable.
Error: csd_s: no such variable.
Error: cbd_s: no such variable.
Error: cgs_s: no such variable.
Error: cds_s: no such variable.
Error: css_s: no such variable.
Error: cbs_s: no such variable.
Error: cgb_s: no such variable.
Error: cdb_s: no such variable.
Error: csb_s: no such variable.
Error: cbb_s: no such variable.
Fatal error: BSIM3v1: mosfet nmos, model m3: Effective channel length <= 0
doAnalyses: no such parameter on this device or parameter is missing

ac simulation(s) aborted
Warning from checkvalid: vector i(vg) is not available or has zero length.
Error: RHS "-imag(i(vg))/(2*3.14159*1e3)" invalid
Fatal error: BSIM3v1: mosfet nmos, model m3: Effective channel length <= 0
doAnalyses: no such parameter on this device or parameter is missing

ac simulation(s) aborted
Warning from checkvalid: vector i(vg) is not available or has zero length.
Error: RHS "-imag(i(vg))/(2*3.14159*1e4)" invalid
Fatal error: BSIM3v1: mosfet nmos, model m3: Effective channel length <= 0
doAnalyses: no such parameter on this device or parameter is missing

ac simulation(s) aborted
Warning from checkvalid: vector i(vg) is not available or has zero length.
Error: RHS "-imag(i(vg))/(2*3.14159*1e5)" invalid
Fatal error: BSIM3v1: mosfet nmos, model m3: Effective channel length <= 0
doAnalyses: no such parameter on this device or parameter is missing

ac simulation(s) aborted
Warning from checkvalid: vector i(vg) is not available or has zero length.
Error: RHS "-imag(i(vg))/(2*3.14159*1e6)" invalid
Warning from checkvalid: vector i(vb) is not available or has zero length.
Error: RHS "-imag(i(vb))/(2*3.14159*1e6)" invalid
Warning from checkvalid: vector i(vs) is not available or has zero length.
Error: RHS "-imag(i(vs))/(2*3.14159*1e6)" invalid
Warning from checkvalid: vector i(vd) is not available or has zero length.
Error: RHS "-imag(i(vd))/(2*3.14159*1e6)" invalid
Fatal error: BSIM3v1: mosfet nmos, model m3: Effective channel length <= 0
doAnalyses: no such parameter on this device or parameter is missing

ac simulation(s) aborted
Warning from checkvalid: vector i(vg) is not available or has zero length.
Error: RHS "-imag(i(vg))/(2*3.14159*1e6)" invalid
Warning from checkvalid: vector i(vd) is not available or has zero length.
Error: RHS "-imag(i(vd))/(2*3.14159*1e6)" invalid
Warning from checkvalid: vector i(vs) is not available or has zero length.
Error: RHS "-imag(i(vs))/(2*3.14159*1e6)" invalid
Warning from checkvalid: vector i(vb) is not available or has zero length.
Error: RHS "-imag(i(vb))/(2*3.14159*1e6)" invalid
Error: &cgg_m: no such variable.
Error:  cgg_s equals what?.
Error: &cdg_m: no such variable.
Error:  cdg_s equals what?.
Error: &csg_m: no such variable.
Error:  csg_s equals what?.
Error: &cbg_m: no such variable.
Error:  cbg_s equals what?.
Fatal error: BSIM3v1: mosfet nmos, model m3: Effective channel length <= 0
doAnalyses: no such parameter on this device or parameter is missing

ac simulation(s) aborted
Warning from checkvalid: vector i(vg) is not available or has zero length.
Error: RHS "-imag(i(vg))/(2*3.14159*1e6)" invalid
Warning from checkvalid: vector i(vd) is not available or has zero length.
Error: RHS "-imag(i(vd))/(2*3.14159*1e6)" invalid
Warning from checkvalid: vector i(vs) is not available or has zero length.
Error: RHS "-imag(i(vs))/(2*3.14159*1e6)" invalid
Warning from checkvalid: vector i(vb) is not available or has zero length.
Error: RHS "-imag(i(vb))/(2*3.14159*1e6)" invalid
Error: &cgd_m: no such variable.
Error:  cgd_s equals what?.
Error: &cdd_m: no such variable.
Error:  cdd_s equals what?.
Error: &csd_m: no such variable.
Error:  csd_s equals what?.
Error: &cbd_m: no such variable.
Error:  cbd_s equals what?.
Fatal error: BSIM3v1: mosfet nmos, model m3: Effective channel length <= 0
doAnalyses: no such parameter on this device or parameter is missing

ac simulation(s) aborted
Warning from checkvalid: vector i(vg) is not available or has zero length.
Error: RHS "-imag(i(vg))/(2*3.14159*1e6)" invalid
Warning from checkvalid: vector i(vd) is not available or has zero length.
Error: RHS "-imag(i(vd))/(2*3.14159*1e6)" invalid
Warning from checkvalid: vector i(vs) is not available or has zero length.
Error: RHS "-imag(i(vs))/(2*3.14159*1e6)" invalid
Warning from checkvalid: vector i(vb) is not available or has zero length.
Error: RHS "-imag(i(vb))/(2*3.14159*1e6)" invalid
Error: &cgs_m: no such variable.
Error:  cgs_s equals what?.
Error: &cds_m: no such variable.
Error:  cds_s equals what?.
Error: &css_m: no such variable.
Error:  css_s equals what?.
Error: &cbs_m: no such variable.
Error:  cbs_s equals what?.
Fatal error: BSIM3v1: mosfet nmos, model m3: Effective channel length <= 0
doAnalyses: no such parameter on this device or parameter is missing

ac simulation(s) aborted
Warning from checkvalid: vector i(vg) is not available or has zero length.
Error: RHS "-imag(i(vg))/(2*3.14159*1e6)" invalid
Warning from checkvalid: vector i(vd) is not available or has zero length.
Error: RHS "-imag(i(vd))/(2*3.14159*1e6)" invalid
Warning from checkvalid: vector i(vs) is not available or has zero length.
Error: RHS "-imag(i(vs))/(2*3.14159*1e6)" invalid
Warning from checkvalid: vector i(vb) is not available or has zero length.
Error: RHS "-imag(i(vb))/(2*3.14159*1e6)" invalid
Error: &cgb_m: no such variable.
Error:  cgb_s equals what?.
Error: &cdb_m: no such variable.
Error:  cdb_s equals what?.
Error: &csb_m: no such variable.
Error:  csb_s equals what?.
Error: &cbb_m: no such variable.
Error:  cbb_s equals what?.
Error: cgg_s: no such variable.
Error: cdg_s: no such variable.
Error: csg_s: no such variable.
Error: cbg_s: no such variable.
Error: cgd_s: no such variable.
Error: cdd_s: no such variable.
Error: csd_s: no such variable.
Error: cbd_s: no such variable.
Error: cgs_s: no such variable.
Error: cds_s: no such variable.
Error: css_s: no such variable.
Error: cbs_s: no such variable.
Error: cgb_s: no such variable.
Error: cdb_s: no such variable.
Error: csb_s: no such variable.
Error: cbb_s: no such variable.
Fatal error: BSIM3v1: mosfet nmos, model m3: Effective channel length <= 0
doAnalyses: no such parameter on this device or parameter is missing

ac simulation(s) aborted
Warning from checkvalid: vector i(vg) is not available or has zero length.
Error: RHS "-imag(i(vg))/(2*3.14159*1e3)" invalid
Fatal error: BSIM3v1: mosfet nmos, model m3: Effective channel length <= 0
doAnalyses: no such parameter on this device or parameter is missing

ac simulation(s) aborted
Warning from checkvalid: vector i(vg) is not available or has zero length.
Error: RHS "-imag(i(vg))/(2*3.14159*1e4)" invalid
Fatal error: BSIM3v1: mosfet nmos, model m3: Effective channel length <= 0
doAnalyses: no such parameter on this device or parameter is missing

ac simulation(s) aborted
Warning from checkvalid: vector i(vg) is not available or has zero length.
Error: RHS "-imag(i(vg))/(2*3.14159*1e5)" invalid
Fatal error: BSIM3v1: mosfet nmos, model m3: Effective channel length <= 0
doAnalyses: no such parameter on this device or parameter is missing

ac simulation(s) aborted
Warning from checkvalid: vector i(vg) is not available or has zero length.
Error: RHS "-imag(i(vg))/(2*3.14159*1e6)" invalid
Warning from checkvalid: vector i(vb) is not available or has zero length.
Error: RHS "-imag(i(vb))/(2*3.14159*1e6)" invalid
Warning from checkvalid: vector i(vs) is not available or has zero length.
Error: RHS "-imag(i(vs))/(2*3.14159*1e6)" invalid
Warning from checkvalid: vector i(vd) is not available or has zero length.
Error: RHS "-imag(i(vd))/(2*3.14159*1e6)" invalid
Fatal error: BSIM3v1: mosfet nmos, model m3: Effective channel length <= 0
doAnalyses: no such parameter on this device or parameter is missing

ac simulation(s) aborted
Warning from checkvalid: vector i(vg) is not available or has zero length.
Error: RHS "-imag(i(vg))/(2*3.14159*1e6)" invalid
Warning from checkvalid: vector i(vd) is not available or has zero length.
Error: RHS "-imag(i(vd))/(2*3.14159*1e6)" invalid
Warning from checkvalid: vector i(vs) is not available or has zero length.
Error: RHS "-imag(i(vs))/(2*3.14159*1e6)" invalid
Warning from checkvalid: vector i(vb) is not available or has zero length.
Error: RHS "-imag(i(vb))/(2*3.14159*1e6)" invalid
Error: &cgg_m: no such variable.
Error:  cgg_s equals what?.
Error: &cdg_m: no such variable.
Error:  cdg_s equals what?.
Error: &csg_m: no such variable.
Error:  csg_s equals what?.
Error: &cbg_m: no such variable.
Error:  cbg_s equals what?.
Fatal error: BSIM3v1: mosfet nmos, model m3: Effective channel length <= 0
doAnalyses: no such parameter on this device or parameter is missing

ac simulation(s) aborted
Warning from checkvalid: vector i(vg) is not available or has zero length.
Error: RHS "-imag(i(vg))/(2*3.14159*1e6)" invalid
Warning from checkvalid: vector i(vd) is not available or has zero length.
Error: RHS "-imag(i(vd))/(2*3.14159*1e6)" invalid
Warning from checkvalid: vector i(vs) is not available or has zero length.
Error: RHS "-imag(i(vs))/(2*3.14159*1e6)" invalid
Warning from checkvalid: vector i(vb) is not available or has zero length.
Error: RHS "-imag(i(vb))/(2*3.14159*1e6)" invalid
Error: &cgd_m: no such variable.
Error:  cgd_s equals what?.
Error: &cdd_m: no such variable.
Error:  cdd_s equals what?.
Error: &csd_m: no such variable.
Error:  csd_s equals what?.
Error: &cbd_m: no such variable.
Error:  cbd_s equals what?.
Fatal error: BSIM3v1: mosfet nmos, model m3: Effective channel length <= 0
doAnalyses: no such parameter on this device or parameter is missing

ac simulation(s) aborted
Warning from checkvalid: vector i(vg) is not available or has zero length.
Error: RHS "-imag(i(vg))/(2*3.14159*1e6)" invalid
Warning from checkvalid: vector i(vd) is not available or has zero length.
Error: RHS "-imag(i(vd))/(2*3.14159*1e6)" invalid
Warning from checkvalid: vector i(vs) is not available or has zero length.
Error: RHS "-imag(i(vs))/(2*3.14159*1e6)" invalid
Warning from checkvalid: vector i(vb) is not available or has zero length.
Error: RHS "-imag(i(vb))/(2*3.14159*1e6)" invalid
Error: &cgs_m: no such variable.
Error:  cgs_s equals what?.
Error: &cds_m: no such variable.
Error:  cds_s equals what?.
Error: &css_m: no such variable.
Error:  css_s equals what?.
Error: &cbs_m: no such variable.
Error:  cbs_s equals what?.
Fatal error: BSIM3v1: mosfet nmos, model m3: Effective channel length <= 0
doAnalyses: no such parameter on this device or parameter is missing

ac simulation(s) aborted
Warning from checkvalid: vector i(vg) is not available or has zero length.
Error: RHS "-imag(i(vg))/(2*3.14159*1e6)" invalid
Warning from checkvalid: vector i(vd) is not available or has zero length.
Error: RHS "-imag(i(vd))/(2*3.14159*1e6)" invalid
Warning from checkvalid: vector i(vs) is not available or has zero length.
Error: RHS "-imag(i(vs))/(2*3.14159*1e6)" invalid
Warning from checkvalid: vector i(vb) is not available or has zero length.
Error: RHS "-imag(i(vb))/(2*3.14159*1e6)" invalid
Error: &cgb_m: no such variable.
Error:  cgb_s equals what?.
Error: &cdb_m: no such variable.
Error:  cdb_s equals what?.
Error: &csb_m: no such variable.
Error:  csb_s equals what?.
Error: &cbb_m: no such variable.
Error:  cbb_s equals what?.
Error: cgg_s: no such variable.
Error: cdg_s: no such variable.
Error: csg_s: no such variable.
Error: cbg_s: no such variable.
Error: cgd_s: no such variable.
Error: cdd_s: no such variable.
Error: csd_s: no such variable.
Error: cbd_s: no such variable.
Error: cgs_s: no such variable.
Error: cds_s: no such variable.
Error: css_s: no such variable.
Error: cbs_s: no such variable.
Error: cgb_s: no such variable.
Error: cdb_s: no such variable.
Error: csb_s: no such variable.
Error: cbb_s: no such variable.
Fatal error: BSIM3v1: mosfet nmos, model m3: Effective channel length <= 0
doAnalyses: no such parameter on this device or parameter is missing

ac simulation(s) aborted
Warning from checkvalid: vector i(vg) is not available or has zero length.
Error: RHS "-imag(i(vg))/(2*3.14159*1e3)" invalid
Fatal error: BSIM3v1: mosfet nmos, model m3: Effective channel length <= 0
doAnalyses: no such parameter on this device or parameter is missing

ac simulation(s) aborted
Warning from checkvalid: vector i(vg) is not available or has zero length.
Error: RHS "-imag(i(vg))/(2*3.14159*1e4)" invalid
Fatal error: BSIM3v1: mosfet nmos, model m3: Effective channel length <= 0
doAnalyses: no such parameter on this device or parameter is missing

ac simulation(s) aborted
Warning from checkvalid: vector i(vg) is not available or has zero length.
Error: RHS "-imag(i(vg))/(2*3.14159*1e5)" invalid
Fatal error: BSIM3v1: mosfet nmos, model m3: Effective channel length <= 0
doAnalyses: no such parameter on this device or parameter is missing

ac simulation(s) aborted
Warning from checkvalid: vector i(vg) is not available or has zero length.
Error: RHS "-imag(i(vg))/(2*3.14159*1e6)" invalid
Warning from checkvalid: vector i(vb) is not available or has zero length.
Error: RHS "-imag(i(vb))/(2*3.14159*1e6)" invalid
Warning from checkvalid: vector i(vs) is not available or has zero length.
Error: RHS "-imag(i(vs))/(2*3.14159*1e6)" invalid
Warning from checkvalid: vector i(vd) is not available or has zero length.
Error: RHS "-imag(i(vd))/(2*3.14159*1e6)" invalid
Fatal error: BSIM3v1: mosfet nmos, model m3: Effective channel length <= 0
doAnalyses: no such parameter on this device or parameter is missing

ac simulation(s) aborted
Warning from checkvalid: vector i(vg) is not available or has zero length.
Error: RHS "-imag(i(vg))/(2*3.14159*1e6)" invalid
Warning from checkvalid: vector i(vd) is not available or has zero length.
Error: RHS "-imag(i(vd))/(2*3.14159*1e6)" invalid
Warning from checkvalid: vector i(vs) is not available or has zero length.
Error: RHS "-imag(i(vs))/(2*3.14159*1e6)" invalid
Warning from checkvalid: vector i(vb) is not available or has zero length.
Error: RHS "-imag(i(vb))/(2*3.14159*1e6)" invalid
Error: &cgg_m: no such variable.
Error:  cgg_s equals what?.
Error: &cdg_m: no such variable.
Error:  cdg_s equals what?.
Error: &csg_m: no such variable.
Error:  csg_s equals what?.
Error: &cbg_m: no such variable.
Error:  cbg_s equals what?.
Fatal error: BSIM3v1: mosfet nmos, model m3: Effective channel length <= 0
doAnalyses: no such parameter on this device or parameter is missing

ac simulation(s) aborted
Warning from checkvalid: vector i(vg) is not available or has zero length.
Error: RHS "-imag(i(vg))/(2*3.14159*1e6)" invalid
Warning from checkvalid: vector i(vd) is not available or has zero length.
Error: RHS "-imag(i(vd))/(2*3.14159*1e6)" invalid
Warning from checkvalid: vector i(vs) is not available or has zero length.
Error: RHS "-imag(i(vs))/(2*3.14159*1e6)" invalid
Warning from checkvalid: vector i(vb) is not available or has zero length.
Error: RHS "-imag(i(vb))/(2*3.14159*1e6)" invalid
Error: &cgd_m: no such variable.
Error:  cgd_s equals what?.
Error: &cdd_m: no such variable.
Error:  cdd_s equals what?.
Error: &csd_m: no such variable.
Error:  csd_s equals what?.
Error: &cbd_m: no such variable.
Error:  cbd_s equals what?.
Fatal error: BSIM3v1: mosfet nmos, model m3: Effective channel length <= 0
doAnalyses: no such parameter on this device or parameter is missing

ac simulation(s) aborted
Warning from checkvalid: vector i(vg) is not available or has zero length.
Error: RHS "-imag(i(vg))/(2*3.14159*1e6)" invalid
Warning from checkvalid: vector i(vd) is not available or has zero length.
Error: RHS "-imag(i(vd))/(2*3.14159*1e6)" invalid
Warning from checkvalid: vector i(vs) is not available or has zero length.
Error: RHS "-imag(i(vs))/(2*3.14159*1e6)" invalid
Warning from checkvalid: vector i(vb) is not available or has zero length.
Error: RHS "-imag(i(vb))/(2*3.14159*1e6)" invalid
Error: &cgs_m: no such variable.
Error:  cgs_s equals what?.
Error: &cds_m: no such variable.
Error:  cds_s equals what?.
Error: &css_m: no such variable.
Error:  css_s equals what?.
Error: &cbs_m: no such variable.
Error:  cbs_s equals what?.
Fatal error: BSIM3v1: mosfet nmos, model m3: Effective channel length <= 0
doAnalyses: no such parameter on this device or parameter is missing

ac simulation(s) aborted
Warning from checkvalid: vector i(vg) is not available or has zero length.
Error: RHS "-imag(i(vg))/(2*3.14159*1e6)" invalid
Warning from checkvalid: vector i(vd) is not available or has zero length.
Error: RHS "-imag(i(vd))/(2*3.14159*1e6)" invalid
Warning from checkvalid: vector i(vs) is not available or has zero length.
Error: RHS "-imag(i(vs))/(2*3.14159*1e6)" invalid
Warning from checkvalid: vector i(vb) is not available or has zero length.
Error: RHS "-imag(i(vb))/(2*3.14159*1e6)" invalid
Error: &cgb_m: no such variable.
Error:  cgb_s equals what?.
Error: &cdb_m: no such variable.
Error:  cdb_s equals what?.
Error: &csb_m: no such variable.
Error:  csb_s equals what?.
Error: &cbb_m: no such variable.
Error:  cbb_s equals what?.
Error: cgg_s: no such variable.
Error: cdg_s: no such variable.
Error: csg_s: no such variable.
Error: cbg_s: no such variable.
Error: cgd_s: no such variable.
Error: cdd_s: no such variable.
Error: csd_s: no such variable.
Error: cbd_s: no such variable.
Error: cgs_s: no such variable.
Error: cds_s: no such variable.
Error: css_s: no such variable.
Error: cbs_s: no such variable.
Error: cgb_s: no such variable.
Error: cdb_s: no such variable.
Error: csb_s: no such variable.
Error: cbb_s: no such variable.
Fatal error: BSIM3v1: mosfet nmos, model m3: Effective channel length <= 0
doAnalyses: no such parameter on this device or parameter is missing

ac simulation(s) aborted
Warning from checkvalid: vector i(vg) is not available or has zero length.
Error: RHS "-imag(i(vg))/(2*3.14159*1e3)" invalid
Fatal error: BSIM3v1: mosfet nmos, model m3: Effective channel length <= 0
doAnalyses: no such parameter on this device or parameter is missing

ac simulation(s) aborted
Warning from checkvalid: vector i(vg) is not available or has zero length.
Error: RHS "-imag(i(vg))/(2*3.14159*1e4)" invalid
Fatal error: BSIM3v1: mosfet nmos, model m3: Effective channel length <= 0
doAnalyses: no such parameter on this device or parameter is missing

ac simulation(s) aborted
Warning from checkvalid: vector i(vg) is not available or has zero length.
Error: RHS "-imag(i(vg))/(2*3.14159*1e5)" invalid
Fatal error: BSIM3v1: mosfet nmos, model m3: Effective channel length <= 0
doAnalyses: no such parameter on this device or parameter is missing

ac simulation(s) aborted
Warning from checkvalid: vector i(vg) is not available or has zero length.
Error: RHS "-imag(i(vg))/(2*3.14159*1e6)" invalid
Warning from checkvalid: vector i(vb) is not available or has zero length.
Error: RHS "-imag(i(vb))/(2*3.14159*1e6)" invalid
Warning from checkvalid: vector i(vs) is not available or has zero length.
Error: RHS "-imag(i(vs))/(2*3.14159*1e6)" invalid
Warning from checkvalid: vector i(vd) is not available or has zero length.
Error: RHS "-imag(i(vd))/(2*3.14159*1e6)" invalid
Fatal error: BSIM3v1: mosfet nmos, model m3: Effective channel length <= 0
doAnalyses: no such parameter on this device or parameter is missing

ac simulation(s) aborted
Warning from checkvalid: vector i(vg) is not available or has zero length.
Error: RHS "-imag(i(vg))/(2*3.14159*1e6)" invalid
Warning from checkvalid: vector i(vd) is not available or has zero length.
Error: RHS "-imag(i(vd))/(2*3.14159*1e6)" invalid
Warning from checkvalid: vector i(vs) is not available or has zero length.
Error: RHS "-imag(i(vs))/(2*3.14159*1e6)" invalid
Warning from checkvalid: vector i(vb) is not available or has zero length.
Error: RHS "-imag(i(vb))/(2*3.14159*1e6)" invalid
Error: &cgg_m: no such variable.
Error:  cgg_s equals what?.
Error: &cdg_m: no such variable.
Error:  cdg_s equals what?.
Error: &csg_m: no such variable.
Error:  csg_s equals what?.
Error: &cbg_m: no such variable.
Error:  cbg_s equals what?.
Fatal error: BSIM3v1: mosfet nmos, model m3: Effective channel length <= 0
doAnalyses: no such parameter on this device or parameter is missing

ac simulation(s) aborted
Warning from checkvalid: vector i(vg) is not available or has zero length.
Error: RHS "-imag(i(vg))/(2*3.14159*1e6)" invalid
Warning from checkvalid: vector i(vd) is not available or has zero length.
Error: RHS "-imag(i(vd))/(2*3.14159*1e6)" invalid
Warning from checkvalid: vector i(vs) is not available or has zero length.
Error: RHS "-imag(i(vs))/(2*3.14159*1e6)" invalid
Warning from checkvalid: vector i(vb) is not available or has zero length.
Error: RHS "-imag(i(vb))/(2*3.14159*1e6)" invalid
Error: &cgd_m: no such variable.
Error:  cgd_s equals what?.
Error: &cdd_m: no such variable.
Error:  cdd_s equals what?.
Error: &csd_m: no such variable.
Error:  csd_s equals what?.
Error: &cbd_m: no such variable.
Error:  cbd_s equals what?.
Fatal error: BSIM3v1: mosfet nmos, model m3: Effective channel length <= 0
doAnalyses: no such parameter on this device or parameter is missing

ac simulation(s) aborted
Warning from checkvalid: vector i(vg) is not available or has zero length.
Error: RHS "-imag(i(vg))/(2*3.14159*1e6)" invalid
Warning from checkvalid: vector i(vd) is not available or has zero length.
Error: RHS "-imag(i(vd))/(2*3.14159*1e6)" invalid
Warning from checkvalid: vector i(vs) is not available or has zero length.
Error: RHS "-imag(i(vs))/(2*3.14159*1e6)" invalid
Warning from checkvalid: vector i(vb) is not available or has zero length.
Error: RHS "-imag(i(vb))/(2*3.14159*1e6)" invalid
Error: &cgs_m: no such variable.
Error:  cgs_s equals what?.
Error: &cds_m: no such variable.
Error:  cds_s equals what?.
Error: &css_m: no such variable.
Error:  css_s equals what?.
Error: &cbs_m: no such variable.
Error:  cbs_s equals what?.
Fatal error: BSIM3v1: mosfet nmos, model m3: Effective channel length <= 0
doAnalyses: no such parameter on this device or parameter is missing

ac simulation(s) aborted
Warning from checkvalid: vector i(vg) is not available or has zero length.
Error: RHS "-imag(i(vg))/(2*3.14159*1e6)" invalid
Warning from checkvalid: vector i(vd) is not available or has zero length.
Error: RHS "-imag(i(vd))/(2*3.14159*1e6)" invalid
Warning from checkvalid: vector i(vs) is not available or has zero length.
Error: RHS "-imag(i(vs))/(2*3.14159*1e6)" invalid
Warning from checkvalid: vector i(vb) is not available or has zero length.
Error: RHS "-imag(i(vb))/(2*3.14159*1e6)" invalid
Error: &cgb_m: no such variable.
Error:  cgb_s equals what?.
Error: &cdb_m: no such variable.
Error:  cdb_s equals what?.
Error: &csb_m: no such variable.
Error:  csb_s equals what?.
Error: &cbb_m: no such variable.
Error:  cbb_s equals what?.
Error: cgg_s: no such variable.
Error: cdg_s: no such variable.
Error: csg_s: no such variable.
Error: cbg_s: no such variable.
Error: cgd_s: no such variable.
Error: cdd_s: no such variable.
Error: csd_s: no such variable.
Error: cbd_s: no such variable.
Error: cgs_s: no such variable.
Error: cds_s: no such variable.
Error: css_s: no such variable.
Error: cbs_s: no such variable.
Error: cgb_s: no such variable.
Error: cdb_s: no such variable.
Error: csb_s: no such variable.
Error: cbb_s: no such variable.
Fatal error: BSIM3v1: mosfet nmos, model m3: Effective channel length <= 0
doAnalyses: no such parameter on this device or parameter is missing

ac simulation(s) aborted
Warning from checkvalid: vector i(vg) is not available or has zero length.
Error: RHS "-imag(i(vg))/(2*3.14159*1e3)" invalid
Fatal error: BSIM3v1: mosfet nmos, model m3: Effective channel length <= 0
doAnalyses: no such parameter on this device or parameter is missing

ac simulation(s) aborted
Warning from checkvalid: vector i(vg) is not available or has zero length.
Error: RHS "-imag(i(vg))/(2*3.14159*1e4)" invalid
Fatal error: BSIM3v1: mosfet nmos, model m3: Effective channel length <= 0
doAnalyses: no such parameter on this device or parameter is missing

ac simulation(s) aborted
Warning from checkvalid: vector i(vg) is not available or has zero length.
Error: RHS "-imag(i(vg))/(2*3.14159*1e5)" invalid
Fatal error: BSIM3v1: mosfet nmos, model m3: Effective channel length <= 0
doAnalyses: no such parameter on this device or parameter is missing

ac simulation(s) aborted
Warning from checkvalid: vector i(vg) is not available or has zero length.
Error: RHS "-imag(i(vg))/(2*3.14159*1e6)" invalid
Warning from checkvalid: vector i(vb) is not available or has zero length.
Error: RHS "-imag(i(vb))/(2*3.14159*1e6)" invalid
Warning from checkvalid: vector i(vs) is not available or has zero length.
Error: RHS "-imag(i(vs))/(2*3.14159*1e6)" invalid
Warning from checkvalid: vector i(vd) is not available or has zero length.
Error: RHS "-imag(i(vd))/(2*3.14159*1e6)" invalid
Fatal error: BSIM3v1: mosfet nmos, model m3: Effective channel length <= 0
doAnalyses: no such parameter on this device or parameter is missing

ac simulation(s) aborted
Warning from checkvalid: vector i(vg) is not available or has zero length.
Error: RHS "-imag(i(vg))/(2*3.14159*1e6)" invalid
Warning from checkvalid: vector i(vd) is not available or has zero length.
Error: RHS "-imag(i(vd))/(2*3.14159*1e6)" invalid
Warning from checkvalid: vector i(vs) is not available or has zero length.
Error: RHS "-imag(i(vs))/(2*3.14159*1e6)" invalid
Warning from checkvalid: vector i(vb) is not available or has zero length.
Error: RHS "-imag(i(vb))/(2*3.14159*1e6)" invalid
Error: &cgg_m: no such variable.
Error:  cgg_s equals what?.
Error: &cdg_m: no such variable.
Error:  cdg_s equals what?.
Error: &csg_m: no such variable.
Error:  csg_s equals what?.
Error: &cbg_m: no such variable.
Error:  cbg_s equals what?.
Fatal error: BSIM3v1: mosfet nmos, model m3: Effective channel length <= 0
doAnalyses: no such parameter on this device or parameter is missing

ac simulation(s) aborted
Warning from checkvalid: vector i(vg) is not available or has zero length.
Error: RHS "-imag(i(vg))/(2*3.14159*1e6)" invalid
Warning from checkvalid: vector i(vd) is not available or has zero length.
Error: RHS "-imag(i(vd))/(2*3.14159*1e6)" invalid
Warning from checkvalid: vector i(vs) is not available or has zero length.
Error: RHS "-imag(i(vs))/(2*3.14159*1e6)" invalid
Warning from checkvalid: vector i(vb) is not available or has zero length.
Error: RHS "-imag(i(vb))/(2*3.14159*1e6)" invalid
Error: &cgd_m: no such variable.
Error:  cgd_s equals what?.
Error: &cdd_m: no such variable.
Error:  cdd_s equals what?.
Error: &csd_m: no such variable.
Error:  csd_s equals what?.
Error: &cbd_m: no such variable.
Error:  cbd_s equals what?.
Fatal error: BSIM3v1: mosfet nmos, model m3: Effective channel length <= 0
doAnalyses: no such parameter on this device or parameter is missing

ac simulation(s) aborted
Warning from checkvalid: vector i(vg) is not available or has zero length.
Error: RHS "-imag(i(vg))/(2*3.14159*1e6)" invalid
Warning from checkvalid: vector i(vd) is not available or has zero length.
Error: RHS "-imag(i(vd))/(2*3.14159*1e6)" invalid
Warning from checkvalid: vector i(vs) is not available or has zero length.
Error: RHS "-imag(i(vs))/(2*3.14159*1e6)" invalid
Warning from checkvalid: vector i(vb) is not available or has zero length.
Error: RHS "-imag(i(vb))/(2*3.14159*1e6)" invalid
Error: &cgs_m: no such variable.
Error:  cgs_s equals what?.
Error: &cds_m: no such variable.
Error:  cds_s equals what?.
Error: &css_m: no such variable.
Error:  css_s equals what?.
Error: &cbs_m: no such variable.
Error:  cbs_s equals what?.
Fatal error: BSIM3v1: mosfet nmos, model m3: Effective channel length <= 0
doAnalyses: no such parameter on this device or parameter is missing

ac simulation(s) aborted
Warning from checkvalid: vector i(vg) is not available or has zero length.
Error: RHS "-imag(i(vg))/(2*3.14159*1e6)" invalid
Warning from checkvalid: vector i(vd) is not available or has zero length.
Error: RHS "-imag(i(vd))/(2*3.14159*1e6)" invalid
Warning from checkvalid: vector i(vs) is not available or has zero length.
Error: RHS "-imag(i(vs))/(2*3.14159*1e6)" invalid
Warning from checkvalid: vector i(vb) is not available or has zero length.
Error: RHS "-imag(i(vb))/(2*3.14159*1e6)" invalid
Error: &cgb_m: no such variable.
Error:  cgb_s equals what?.
Error: &cdb_m: no such variable.
Error:  cdb_s equals what?.
Error: &csb_m: no such variable.
Error:  csb_s equals what?.
Error: &cbb_m: no such variable.
Error:  cbb_s equals what?.
Error: cgg_s: no such variable.
Error: cdg_s: no such variable.
Error: csg_s: no such variable.
Error: cbg_s: no such variable.
Error: cgd_s: no such variable.
Error: cdd_s: no such variable.
Error: csd_s: no such variable.
Error: cbd_s: no such variable.
Error: cgs_s: no such variable.
Error: cds_s: no such variable.
Error: css_s: no such variable.
Error: cbs_s: no such variable.
Error: cgb_s: no such variable.
Error: cdb_s: no such variable.
Error: csb_s: no such variable.
Error: cbb_s: no such variable.
Fatal error: BSIM3v1: mosfet nmos, model m3: Effective channel length <= 0
doAnalyses: no such parameter on this device or parameter is missing

ac simulation(s) aborted
Warning from checkvalid: vector i(vg) is not available or has zero length.
Error: RHS "-imag(i(vg))/(2*3.14159*1e3)" invalid
Fatal error: BSIM3v1: mosfet nmos, model m3: Effective channel length <= 0
doAnalyses: no such parameter on this device or parameter is missing

ac simulation(s) aborted
Warning from checkvalid: vector i(vg) is not available or has zero length.
Error: RHS "-imag(i(vg))/(2*3.14159*1e4)" invalid
Fatal error: BSIM3v1: mosfet nmos, model m3: Effective channel length <= 0
doAnalyses: no such parameter on this device or parameter is missing

ac simulation(s) aborted
Warning from checkvalid: vector i(vg) is not available or has zero length.
Error: RHS "-imag(i(vg))/(2*3.14159*1e5)" invalid
Fatal error: BSIM3v1: mosfet nmos, model m3: Effective channel length <= 0
doAnalyses: no such parameter on this device or parameter is missing

ac simulation(s) aborted
Warning from checkvalid: vector i(vg) is not available or has zero length.
Error: RHS "-imag(i(vg))/(2*3.14159*1e6)" invalid
Warning from checkvalid: vector i(vb) is not available or has zero length.
Error: RHS "-imag(i(vb))/(2*3.14159*1e6)" invalid
Warning from checkvalid: vector i(vs) is not available or has zero length.
Error: RHS "-imag(i(vs))/(2*3.14159*1e6)" invalid
Warning from checkvalid: vector i(vd) is not available or has zero length.
Error: RHS "-imag(i(vd))/(2*3.14159*1e6)" invalid
Fatal error: BSIM3v1: mosfet nmos, model m3: Effective channel length <= 0
doAnalyses: no such parameter on this device or parameter is missing

ac simulation(s) aborted
Warning from checkvalid: vector i(vg) is not available or has zero length.
Error: RHS "-imag(i(vg))/(2*3.14159*1e6)" invalid
Warning from checkvalid: vector i(vd) is not available or has zero length.
Error: RHS "-imag(i(vd))/(2*3.14159*1e6)" invalid
Warning from checkvalid: vector i(vs) is not available or has zero length.
Error: RHS "-imag(i(vs))/(2*3.14159*1e6)" invalid
Warning from checkvalid: vector i(vb) is not available or has zero length.
Error: RHS "-imag(i(vb))/(2*3.14159*1e6)" invalid
Error: &cgg_m: no such variable.
Error:  cgg_s equals what?.
Error: &cdg_m: no such variable.
Error:  cdg_s equals what?.
Error: &csg_m: no such variable.
Error:  csg_s equals what?.
Error: &cbg_m: no such variable.
Error:  cbg_s equals what?.
Fatal error: BSIM3v1: mosfet nmos, model m3: Effective channel length <= 0
doAnalyses: no such parameter on this device or parameter is missing

ac simulation(s) aborted
Warning from checkvalid: vector i(vg) is not available or has zero length.
Error: RHS "-imag(i(vg))/(2*3.14159*1e6)" invalid
Warning from checkvalid: vector i(vd) is not available or has zero length.
Error: RHS "-imag(i(vd))/(2*3.14159*1e6)" invalid
Warning from checkvalid: vector i(vs) is not available or has zero length.
Error: RHS "-imag(i(vs))/(2*3.14159*1e6)" invalid
Warning from checkvalid: vector i(vb) is not available or has zero length.
Error: RHS "-imag(i(vb))/(2*3.14159*1e6)" invalid
Error: &cgd_m: no such variable.
Error:  cgd_s equals what?.
Error: &cdd_m: no such variable.
Error:  cdd_s equals what?.
Error: &csd_m: no such variable.
Error:  csd_s equals what?.
Error: &cbd_m: no such variable.
Error:  cbd_s equals what?.
Fatal error: BSIM3v1: mosfet nmos, model m3: Effective channel length <= 0
doAnalyses: no such parameter on this device or parameter is missing

ac simulation(s) aborted
Warning from checkvalid: vector i(vg) is not available or has zero length.
Error: RHS "-imag(i(vg))/(2*3.14159*1e6)" invalid
Warning from checkvalid: vector i(vd) is not available or has zero length.
Error: RHS "-imag(i(vd))/(2*3.14159*1e6)" invalid
Warning from checkvalid: vector i(vs) is not available or has zero length.
Error: RHS "-imag(i(vs))/(2*3.14159*1e6)" invalid
Warning from checkvalid: vector i(vb) is not available or has zero length.
Error: RHS "-imag(i(vb))/(2*3.14159*1e6)" invalid
Error: &cgs_m: no such variable.
Error:  cgs_s equals what?.
Error: &cds_m: no such variable.
Error:  cds_s equals what?.
Error: &css_m: no such variable.
Error:  css_s equals what?.
Error: &cbs_m: no such variable.
Error:  cbs_s equals what?.
Fatal error: BSIM3v1: mosfet nmos, model m3: Effective channel length <= 0
doAnalyses: no such parameter on this device or parameter is missing

ac simulation(s) aborted
Warning from checkvalid: vector i(vg) is not available or has zero length.
Error: RHS "-imag(i(vg))/(2*3.14159*1e6)" invalid
Warning from checkvalid: vector i(vd) is not available or has zero length.
Error: RHS "-imag(i(vd))/(2*3.14159*1e6)" invalid
Warning from checkvalid: vector i(vs) is not available or has zero length.
Error: RHS "-imag(i(vs))/(2*3.14159*1e6)" invalid
Warning from checkvalid: vector i(vb) is not available or has zero length.
Error: RHS "-imag(i(vb))/(2*3.14159*1e6)" invalid
Error: &cgb_m: no such variable.
Error:  cgb_s equals what?.
Error: &cdb_m: no such variable.
Error:  cdb_s equals what?.
Error: &csb_m: no such variable.
Error:  csb_s equals what?.
Error: &cbb_m: no such variable.
Error:  cbb_s equals what?.
Error: cgg_s: no such variable.
Error: cdg_s: no such variable.
Error: csg_s: no such variable.
Error: cbg_s: no such variable.
Error: cgd_s: no such variable.
Error: cdd_s: no such variable.
Error: csd_s: no such variable.
Error: cbd_s: no such variable.
Error: cgs_s: no such variable.
Error: cds_s: no such variable.
Error: css_s: no such variable.
Error: cbs_s: no such variable.
Error: cgb_s: no such variable.
Error: cdb_s: no such variable.
Error: csb_s: no such variable.
Error: cbb_s: no such variable.
Fatal error: BSIM3v1: mosfet nmos, model m3: Effective channel length <= 0
doAnalyses: no such parameter on this device or parameter is missing

ac simulation(s) aborted
Warning from checkvalid: vector i(vg) is not available or has zero length.
Error: RHS "-imag(i(vg))/(2*3.14159*1e3)" invalid
Fatal error: BSIM3v1: mosfet nmos, model m3: Effective channel length <= 0
doAnalyses: no such parameter on this device or parameter is missing

ac simulation(s) aborted
Warning from checkvalid: vector i(vg) is not available or has zero length.
Error: RHS "-imag(i(vg))/(2*3.14159*1e4)" invalid
Fatal error: BSIM3v1: mosfet nmos, model m3: Effective channel length <= 0
doAnalyses: no such parameter on this device or parameter is missing

ac simulation(s) aborted
Warning from checkvalid: vector i(vg) is not available or has zero length.
Error: RHS "-imag(i(vg))/(2*3.14159*1e5)" invalid
Fatal error: BSIM3v1: mosfet nmos, model m3: Effective channel length <= 0
doAnalyses: no such parameter on this device or parameter is missing

ac simulation(s) aborted
Warning from checkvalid: vector i(vg) is not available or has zero length.
Error: RHS "-imag(i(vg))/(2*3.14159*1e6)" invalid
Warning from checkvalid: vector i(vb) is not available or has zero length.
Error: RHS "-imag(i(vb))/(2*3.14159*1e6)" invalid
Warning from checkvalid: vector i(vs) is not available or has zero length.
Error: RHS "-imag(i(vs))/(2*3.14159*1e6)" invalid
Warning from checkvalid: vector i(vd) is not available or has zero length.
Error: RHS "-imag(i(vd))/(2*3.14159*1e6)" invalid
Fatal error: BSIM3v1: mosfet nmos, model m3: Effective channel length <= 0
doAnalyses: no such parameter on this device or parameter is missing

ac simulation(s) aborted
Warning from checkvalid: vector i(vg) is not available or has zero length.
Error: RHS "-imag(i(vg))/(2*3.14159*1e6)" invalid
Warning from checkvalid: vector i(vd) is not available or has zero length.
Error: RHS "-imag(i(vd))/(2*3.14159*1e6)" invalid
Warning from checkvalid: vector i(vs) is not available or has zero length.
Error: RHS "-imag(i(vs))/(2*3.14159*1e6)" invalid
Warning from checkvalid: vector i(vb) is not available or has zero length.
Error: RHS "-imag(i(vb))/(2*3.14159*1e6)" invalid
Error: &cgg_m: no such variable.
Error:  cgg_s equals what?.
Error: &cdg_m: no such variable.
Error:  cdg_s equals what?.
Error: &csg_m: no such variable.
Error:  csg_s equals what?.
Error: &cbg_m: no such variable.
Error:  cbg_s equals what?.
Fatal error: BSIM3v1: mosfet nmos, model m3: Effective channel length <= 0
doAnalyses: no such parameter on this device or parameter is missing

ac simulation(s) aborted
Warning from checkvalid: vector i(vg) is not available or has zero length.
Error: RHS "-imag(i(vg))/(2*3.14159*1e6)" invalid
Warning from checkvalid: vector i(vd) is not available or has zero length.
Error: RHS "-imag(i(vd))/(2*3.14159*1e6)" invalid
Warning from checkvalid: vector i(vs) is not available or has zero length.
Error: RHS "-imag(i(vs))/(2*3.14159*1e6)" invalid
Warning from checkvalid: vector i(vb) is not available or has zero length.
Error: RHS "-imag(i(vb))/(2*3.14159*1e6)" invalid
Error: &cgd_m: no such variable.
Error:  cgd_s equals what?.
Error: &cdd_m: no such variable.
Error:  cdd_s equals what?.
Error: &csd_m: no such variable.
Error:  csd_s equals what?.
Error: &cbd_m: no such variable.
Error:  cbd_s equals what?.
Fatal error: BSIM3v1: mosfet nmos, model m3: Effective channel length <= 0
doAnalyses: no such parameter on this device or parameter is missing

ac simulation(s) aborted
Warning from checkvalid: vector i(vg) is not available or has zero length.
Error: RHS "-imag(i(vg))/(2*3.14159*1e6)" invalid
Warning from checkvalid: vector i(vd) is not available or has zero length.
Error: RHS "-imag(i(vd))/(2*3.14159*1e6)" invalid
Warning from checkvalid: vector i(vs) is not available or has zero length.
Error: RHS "-imag(i(vs))/(2*3.14159*1e6)" invalid
Warning from checkvalid: vector i(vb) is not available or has zero length.
Error: RHS "-imag(i(vb))/(2*3.14159*1e6)" invalid
Error: &cgs_m: no such variable.
Error:  cgs_s equals what?.
Error: &cds_m: no such variable.
Error:  cds_s equals what?.
Error: &css_m: no such variable.
Error:  css_s equals what?.
Error: &cbs_m: no such variable.
Error:  cbs_s equals what?.
Fatal error: BSIM3v1: mosfet nmos, model m3: Effective channel length <= 0
doAnalyses: no such parameter on this device or parameter is missing

ac simulation(s) aborted
Warning from checkvalid: vector i(vg) is not available or has zero length.
Error: RHS "-imag(i(vg))/(2*3.14159*1e6)" invalid
Warning from checkvalid: vector i(vd) is not available or has zero length.
Error: RHS "-imag(i(vd))/(2*3.14159*1e6)" invalid
Warning from checkvalid: vector i(vs) is not available or has zero length.
Error: RHS "-imag(i(vs))/(2*3.14159*1e6)" invalid
Warning from checkvalid: vector i(vb) is not available or has zero length.
Error: RHS "-imag(i(vb))/(2*3.14159*1e6)" invalid
Error: &cgb_m: no such variable.
Error:  cgb_s equals what?.
Error: &cdb_m: no such variable.
Error:  cdb_s equals what?.
Error: &csb_m: no such variable.
Error:  csb_s equals what?.
Error: &cbb_m: no such variable.
Error:  cbb_s equals what?.
Error: cgg_s: no such variable.
Error: cdg_s: no such variable.
Error: csg_s: no such variable.
Error: cbg_s: no such variable.
Error: cgd_s: no such variable.
Error: cdd_s: no such variable.
Error: csd_s: no such variable.
Error: cbd_s: no such variable.
Error: cgs_s: no such variable.
Error: cds_s: no such variable.
Error: css_s: no such variable.
Error: cbs_s: no such variable.
Error: cgb_s: no such variable.
Error: cdb_s: no such variable.
Error: csb_s: no such variable.
Error: cbb_s: no such variable.
Fatal error: BSIM3v1: mosfet nmos, model m3: Effective channel length <= 0
doAnalyses: no such parameter on this device or parameter is missing

ac simulation(s) aborted
Warning from checkvalid: vector i(vg) is not available or has zero length.
Error: RHS "-imag(i(vg))/(2*3.14159*1e3)" invalid
Fatal error: BSIM3v1: mosfet nmos, model m3: Effective channel length <= 0
doAnalyses: no such parameter on this device or parameter is missing

ac simulation(s) aborted
Warning from checkvalid: vector i(vg) is not available or has zero length.
Error: RHS "-imag(i(vg))/(2*3.14159*1e4)" invalid
Fatal error: BSIM3v1: mosfet nmos, model m3: Effective channel length <= 0
doAnalyses: no such parameter on this device or parameter is missing

ac simulation(s) aborted
Warning from checkvalid: vector i(vg) is not available or has zero length.
Error: RHS "-imag(i(vg))/(2*3.14159*1e5)" invalid
Fatal error: BSIM3v1: mosfet nmos, model m3: Effective channel length <= 0
doAnalyses: no such parameter on this device or parameter is missing

ac simulation(s) aborted
Warning from checkvalid: vector i(vg) is not available or has zero length.
Error: RHS "-imag(i(vg))/(2*3.14159*1e6)" invalid
Warning from checkvalid: vector i(vb) is not available or has zero length.
Error: RHS "-imag(i(vb))/(2*3.14159*1e6)" invalid
Warning from checkvalid: vector i(vs) is not available or has zero length.
Error: RHS "-imag(i(vs))/(2*3.14159*1e6)" invalid
Warning from checkvalid: vector i(vd) is not available or has zero length.
Error: RHS "-imag(i(vd))/(2*3.14159*1e6)" invalid
Fatal error: BSIM3v1: mosfet nmos, model m3: Effective channel length <= 0
doAnalyses: no such parameter on this device or parameter is missing

ac simulation(s) aborted
Warning from checkvalid: vector i(vg) is not available or has zero length.
Error: RHS "-imag(i(vg))/(2*3.14159*1e6)" invalid
Warning from checkvalid: vector i(vd) is not available or has zero length.
Error: RHS "-imag(i(vd))/(2*3.14159*1e6)" invalid
Warning from checkvalid: vector i(vs) is not available or has zero length.
Error: RHS "-imag(i(vs))/(2*3.14159*1e6)" invalid
Warning from checkvalid: vector i(vb) is not available or has zero length.
Error: RHS "-imag(i(vb))/(2*3.14159*1e6)" invalid
Error: &cgg_m: no such variable.
Error:  cgg_s equals what?.
Error: &cdg_m: no such variable.
Error:  cdg_s equals what?.
Error: &csg_m: no such variable.
Error:  csg_s equals what?.
Error: &cbg_m: no such variable.
Error:  cbg_s equals what?.
Fatal error: BSIM3v1: mosfet nmos, model m3: Effective channel length <= 0
doAnalyses: no such parameter on this device or parameter is missing

ac simulation(s) aborted
Warning from checkvalid: vector i(vg) is not available or has zero length.
Error: RHS "-imag(i(vg))/(2*3.14159*1e6)" invalid
Warning from checkvalid: vector i(vd) is not available or has zero length.
Error: RHS "-imag(i(vd))/(2*3.14159*1e6)" invalid
Warning from checkvalid: vector i(vs) is not available or has zero length.
Error: RHS "-imag(i(vs))/(2*3.14159*1e6)" invalid
Warning from checkvalid: vector i(vb) is not available or has zero length.
Error: RHS "-imag(i(vb))/(2*3.14159*1e6)" invalid
Error: &cgd_m: no such variable.
Error:  cgd_s equals what?.
Error: &cdd_m: no such variable.
Error:  cdd_s equals what?.
Error: &csd_m: no such variable.
Error:  csd_s equals what?.
Error: &cbd_m: no such variable.
Error:  cbd_s equals what?.
Fatal error: BSIM3v1: mosfet nmos, model m3: Effective channel length <= 0
doAnalyses: no such parameter on this device or parameter is missing

ac simulation(s) aborted
Warning from checkvalid: vector i(vg) is not available or has zero length.
Error: RHS "-imag(i(vg))/(2*3.14159*1e6)" invalid
Warning from checkvalid: vector i(vd) is not available or has zero length.
Error: RHS "-imag(i(vd))/(2*3.14159*1e6)" invalid
Warning from checkvalid: vector i(vs) is not available or has zero length.
Error: RHS "-imag(i(vs))/(2*3.14159*1e6)" invalid
Warning from checkvalid: vector i(vb) is not available or has zero length.
Error: RHS "-imag(i(vb))/(2*3.14159*1e6)" invalid
Error: &cgs_m: no such variable.
Error:  cgs_s equals what?.
Error: &cds_m: no such variable.
Error:  cds_s equals what?.
Error: &css_m: no such variable.
Error:  css_s equals what?.
Error: &cbs_m: no such variable.
Error:  cbs_s equals what?.
Fatal error: BSIM3v1: mosfet nmos, model m3: Effective channel length <= 0
doAnalyses: no such parameter on this device or parameter is missing

ac simulation(s) aborted
Warning from checkvalid: vector i(vg) is not available or has zero length.
Error: RHS "-imag(i(vg))/(2*3.14159*1e6)" invalid
Warning from checkvalid: vector i(vd) is not available or has zero length.
Error: RHS "-imag(i(vd))/(2*3.14159*1e6)" invalid
Warning from checkvalid: vector i(vs) is not available or has zero length.
Error: RHS "-imag(i(vs))/(2*3.14159*1e6)" invalid
Warning from checkvalid: vector i(vb) is not available or has zero length.
Error: RHS "-imag(i(vb))/(2*3.14159*1e6)" invalid
Error: &cgb_m: no such variable.
Error:  cgb_s equals what?.
Error: &cdb_m: no such variable.
Error:  cdb_s equals what?.
Error: &csb_m: no such variable.
Error:  csb_s equals what?.
Error: &cbb_m: no such variable.
Error:  cbb_s equals what?.
Error: cgg_s: no such variable.
Error: cdg_s: no such variable.
Error: csg_s: no such variable.
Error: cbg_s: no such variable.
Error: cgd_s: no such variable.
Error: cdd_s: no such variable.
Error: csd_s: no such variable.
Error: cbd_s: no such variable.
Error: cgs_s: no such variable.
Error: cds_s: no such variable.
Error: css_s: no such variable.
Error: cbs_s: no such variable.
Error: cgb_s: no such variable.
Error: cdb_s: no such variable.
Error: csb_s: no such variable.
Error: cbb_s: no such variable.
Fatal error: BSIM3v1: mosfet nmos, model m3: Effective channel length <= 0
doAnalyses: no such parameter on this device or parameter is missing

ac simulation(s) aborted
Warning from checkvalid: vector i(vg) is not available or has zero length.
Error: RHS "-imag(i(vg))/(2*3.14159*1e3)" invalid
Fatal error: BSIM3v1: mosfet nmos, model m3: Effective channel length <= 0
doAnalyses: no such parameter on this device or parameter is missing

ac simulation(s) aborted
Warning from checkvalid: vector i(vg) is not available or has zero length.
Error: RHS "-imag(i(vg))/(2*3.14159*1e4)" invalid
Fatal error: BSIM3v1: mosfet nmos, model m3: Effective channel length <= 0
doAnalyses: no such parameter on this device or parameter is missing

ac simulation(s) aborted
Warning from checkvalid: vector i(vg) is not available or has zero length.
Error: RHS "-imag(i(vg))/(2*3.14159*1e5)" invalid
Fatal error: BSIM3v1: mosfet nmos, model m3: Effective channel length <= 0
doAnalyses: no such parameter on this device or parameter is missing

ac simulation(s) aborted
Warning from checkvalid: vector i(vg) is not available or has zero length.
Error: RHS "-imag(i(vg))/(2*3.14159*1e6)" invalid
Warning from checkvalid: vector i(vb) is not available or has zero length.
Error: RHS "-imag(i(vb))/(2*3.14159*1e6)" invalid
Warning from checkvalid: vector i(vs) is not available or has zero length.
Error: RHS "-imag(i(vs))/(2*3.14159*1e6)" invalid
Warning from checkvalid: vector i(vd) is not available or has zero length.
Error: RHS "-imag(i(vd))/(2*3.14159*1e6)" invalid
Fatal error: BSIM3v1: mosfet nmos, model m3: Effective channel length <= 0
doAnalyses: no such parameter on this device or parameter is missing

ac simulation(s) aborted
Warning from checkvalid: vector i(vg) is not available or has zero length.
Error: RHS "-imag(i(vg))/(2*3.14159*1e6)" invalid
Warning from checkvalid: vector i(vd) is not available or has zero length.
Error: RHS "-imag(i(vd))/(2*3.14159*1e6)" invalid
Warning from checkvalid: vector i(vs) is not available or has zero length.
Error: RHS "-imag(i(vs))/(2*3.14159*1e6)" invalid
Warning from checkvalid: vector i(vb) is not available or has zero length.
Error: RHS "-imag(i(vb))/(2*3.14159*1e6)" invalid
Error: &cgg_m: no such variable.
Error:  cgg_s equals what?.
Error: &cdg_m: no such variable.
Error:  cdg_s equals what?.
Error: &csg_m: no such variable.
Error:  csg_s equals what?.
Error: &cbg_m: no such variable.
Error:  cbg_s equals what?.
Fatal error: BSIM3v1: mosfet nmos, model m3: Effective channel length <= 0
doAnalyses: no such parameter on this device or parameter is missing

ac simulation(s) aborted
Warning from checkvalid: vector i(vg) is not available or has zero length.
Error: RHS "-imag(i(vg))/(2*3.14159*1e6)" invalid
Warning from checkvalid: vector i(vd) is not available or has zero length.
Error: RHS "-imag(i(vd))/(2*3.14159*1e6)" invalid
Warning from checkvalid: vector i(vs) is not available or has zero length.
Error: RHS "-imag(i(vs))/(2*3.14159*1e6)" invalid
Warning from checkvalid: vector i(vb) is not available or has zero length.
Error: RHS "-imag(i(vb))/(2*3.14159*1e6)" invalid
Error: &cgd_m: no such variable.
Error:  cgd_s equals what?.
Error: &cdd_m: no such variable.
Error:  cdd_s equals what?.
Error: &csd_m: no such variable.
Error:  csd_s equals what?.
Error: &cbd_m: no such variable.
Error:  cbd_s equals what?.
Fatal error: BSIM3v1: mosfet nmos, model m3: Effective channel length <= 0
doAnalyses: no such parameter on this device or parameter is missing

ac simulation(s) aborted
Warning from checkvalid: vector i(vg) is not available or has zero length.
Error: RHS "-imag(i(vg))/(2*3.14159*1e6)" invalid
Warning from checkvalid: vector i(vd) is not available or has zero length.
Error: RHS "-imag(i(vd))/(2*3.14159*1e6)" invalid
Warning from checkvalid: vector i(vs) is not available or has zero length.
Error: RHS "-imag(i(vs))/(2*3.14159*1e6)" invalid
Warning from checkvalid: vector i(vb) is not available or has zero length.
Error: RHS "-imag(i(vb))/(2*3.14159*1e6)" invalid
Error: &cgs_m: no such variable.
Error:  cgs_s equals what?.
Error: &cds_m: no such variable.
Error:  cds_s equals what?.
Error: &css_m: no such variable.
Error:  css_s equals what?.
Error: &cbs_m: no such variable.
Error:  cbs_s equals what?.
Fatal error: BSIM3v1: mosfet nmos, model m3: Effective channel length <= 0
doAnalyses: no such parameter on this device or parameter is missing

ac simulation(s) aborted
Warning from checkvalid: vector i(vg) is not available or has zero length.
Error: RHS "-imag(i(vg))/(2*3.14159*1e6)" invalid
Warning from checkvalid: vector i(vd) is not available or has zero length.
Error: RHS "-imag(i(vd))/(2*3.14159*1e6)" invalid
Warning from checkvalid: vector i(vs) is not available or has zero length.
Error: RHS "-imag(i(vs))/(2*3.14159*1e6)" invalid
Warning from checkvalid: vector i(vb) is not available or has zero length.
Error: RHS "-imag(i(vb))/(2*3.14159*1e6)" invalid
Error: &cgb_m: no such variable.
Error:  cgb_s equals what?.
Error: &cdb_m: no such variable.
Error:  cdb_s equals what?.
Error: &csb_m: no such variable.
Error:  csb_s equals what?.
Error: &cbb_m: no such variable.
Error:  cbb_s equals what?.
Error: cgg_s: no such variable.
Error: cdg_s: no such variable.
Error: csg_s: no such variable.
Error: cbg_s: no such variable.
Error: cgd_s: no such variable.
Error: cdd_s: no such variable.
Error: csd_s: no such variable.
Error: cbd_s: no such variable.
Error: cgs_s: no such variable.
Error: cds_s: no such variable.
Error: css_s: no such variable.
Error: cbs_s: no such variable.
Error: cgb_s: no such variable.
Error: cdb_s: no such variable.
Error: csb_s: no such variable.
Error: cbb_s: no such variable.
Fatal error: BSIM3v1: mosfet nmos, model m3: Effective channel length <= 0
doAnalyses: no such parameter on this device or parameter is missing

ac simulation(s) aborted
Warning from checkvalid: vector i(vg) is not available or has zero length.
Error: RHS "-imag(i(vg))/(2*3.14159*1e3)" invalid
Fatal error: BSIM3v1: mosfet nmos, model m3: Effective channel length <= 0
doAnalyses: no such parameter on this device or parameter is missing

ac simulation(s) aborted
Warning from checkvalid: vector i(vg) is not available or has zero length.
Error: RHS "-imag(i(vg))/(2*3.14159*1e4)" invalid
Fatal error: BSIM3v1: mosfet nmos, model m3: Effective channel length <= 0
doAnalyses: no such parameter on this device or parameter is missing

ac simulation(s) aborted
Warning from checkvalid: vector i(vg) is not available or has zero length.
Error: RHS "-imag(i(vg))/(2*3.14159*1e5)" invalid
Fatal error: BSIM3v1: mosfet nmos, model m3: Effective channel length <= 0
doAnalyses: no such parameter on this device or parameter is missing

ac simulation(s) aborted
Warning from checkvalid: vector i(vg) is not available or has zero length.
Error: RHS "-imag(i(vg))/(2*3.14159*1e6)" invalid
Warning from checkvalid: vector i(vb) is not available or has zero length.
Error: RHS "-imag(i(vb))/(2*3.14159*1e6)" invalid
Warning from checkvalid: vector i(vs) is not available or has zero length.
Error: RHS "-imag(i(vs))/(2*3.14159*1e6)" invalid
Warning from checkvalid: vector i(vd) is not available or has zero length.
Error: RHS "-imag(i(vd))/(2*3.14159*1e6)" invalid
Fatal error: BSIM3v1: mosfet nmos, model m3: Effective channel length <= 0
doAnalyses: no such parameter on this device or parameter is missing

ac simulation(s) aborted
Warning from checkvalid: vector i(vg) is not available or has zero length.
Error: RHS "-imag(i(vg))/(2*3.14159*1e6)" invalid
Warning from checkvalid: vector i(vd) is not available or has zero length.
Error: RHS "-imag(i(vd))/(2*3.14159*1e6)" invalid
Warning from checkvalid: vector i(vs) is not available or has zero length.
Error: RHS "-imag(i(vs))/(2*3.14159*1e6)" invalid
Warning from checkvalid: vector i(vb) is not available or has zero length.
Error: RHS "-imag(i(vb))/(2*3.14159*1e6)" invalid
Error: &cgg_m: no such variable.
Error:  cgg_s equals what?.
Error: &cdg_m: no such variable.
Error:  cdg_s equals what?.
Error: &csg_m: no such variable.
Error:  csg_s equals what?.
Error: &cbg_m: no such variable.
Error:  cbg_s equals what?.
Fatal error: BSIM3v1: mosfet nmos, model m3: Effective channel length <= 0
doAnalyses: no such parameter on this device or parameter is missing

ac simulation(s) aborted
Warning from checkvalid: vector i(vg) is not available or has zero length.
Error: RHS "-imag(i(vg))/(2*3.14159*1e6)" invalid
Warning from checkvalid: vector i(vd) is not available or has zero length.
Error: RHS "-imag(i(vd))/(2*3.14159*1e6)" invalid
Warning from checkvalid: vector i(vs) is not available or has zero length.
Error: RHS "-imag(i(vs))/(2*3.14159*1e6)" invalid
Warning from checkvalid: vector i(vb) is not available or has zero length.
Error: RHS "-imag(i(vb))/(2*3.14159*1e6)" invalid
Error: &cgd_m: no such variable.
Error:  cgd_s equals what?.
Error: &cdd_m: no such variable.
Error:  cdd_s equals what?.
Error: &csd_m: no such variable.
Error:  csd_s equals what?.
Error: &cbd_m: no such variable.
Error:  cbd_s equals what?.
Fatal error: BSIM3v1: mosfet nmos, model m3: Effective channel length <= 0
doAnalyses: no such parameter on this device or parameter is missing

ac simulation(s) aborted
Warning from checkvalid: vector i(vg) is not available or has zero length.
Error: RHS "-imag(i(vg))/(2*3.14159*1e6)" invalid
Warning from checkvalid: vector i(vd) is not available or has zero length.
Error: RHS "-imag(i(vd))/(2*3.14159*1e6)" invalid
Warning from checkvalid: vector i(vs) is not available or has zero length.
Error: RHS "-imag(i(vs))/(2*3.14159*1e6)" invalid
Warning from checkvalid: vector i(vb) is not available or has zero length.
Error: RHS "-imag(i(vb))/(2*3.14159*1e6)" invalid
Error: &cgs_m: no such variable.
Error:  cgs_s equals what?.
Error: &cds_m: no such variable.
Error:  cds_s equals what?.
Error: &css_m: no such variable.
Error:  css_s equals what?.
Error: &cbs_m: no such variable.
Error:  cbs_s equals what?.
Fatal error: BSIM3v1: mosfet nmos, model m3: Effective channel length <= 0
doAnalyses: no such parameter on this device or parameter is missing

ac simulation(s) aborted
Warning from checkvalid: vector i(vg) is not available or has zero length.
Error: RHS "-imag(i(vg))/(2*3.14159*1e6)" invalid
Warning from checkvalid: vector i(vd) is not available or has zero length.
Error: RHS "-imag(i(vd))/(2*3.14159*1e6)" invalid
Warning from checkvalid: vector i(vs) is not available or has zero length.
Error: RHS "-imag(i(vs))/(2*3.14159*1e6)" invalid
Warning from checkvalid: vector i(vb) is not available or has zero length.
Error: RHS "-imag(i(vb))/(2*3.14159*1e6)" invalid
Error: &cgb_m: no such variable.
Error:  cgb_s equals what?.
Error: &cdb_m: no such variable.
Error:  cdb_s equals what?.
Error: &csb_m: no such variable.
Error:  csb_s equals what?.
Error: &cbb_m: no such variable.
Error:  cbb_s equals what?.
Error: cgg_s: no such variable.
Error: cdg_s: no such variable.
Error: csg_s: no such variable.
Error: cbg_s: no such variable.
Error: cgd_s: no such variable.
Error: cdd_s: no such variable.
Error: csd_s: no such variable.
Error: cbd_s: no such variable.
Error: cgs_s: no such variable.
Error: cds_s: no such variable.
Error: css_s: no such variable.
Error: cbs_s: no such variable.
Error: cgb_s: no such variable.
Error: cdb_s: no such variable.
Error: csb_s: no such variable.
Error: cbb_s: no such variable.
Fatal error: BSIM3v1: mosfet nmos, model m3: Effective channel length <= 0
doAnalyses: no such parameter on this device or parameter is missing

ac simulation(s) aborted
Warning from checkvalid: vector i(vg) is not available or has zero length.
Error: RHS "-imag(i(vg))/(2*3.14159*1e3)" invalid
Fatal error: BSIM3v1: mosfet nmos, model m3: Effective channel length <= 0
doAnalyses: no such parameter on this device or parameter is missing

ac simulation(s) aborted
Warning from checkvalid: vector i(vg) is not available or has zero length.
Error: RHS "-imag(i(vg))/(2*3.14159*1e4)" invalid
Fatal error: BSIM3v1: mosfet nmos, model m3: Effective channel length <= 0
doAnalyses: no such parameter on this device or parameter is missing

ac simulation(s) aborted
Warning from checkvalid: vector i(vg) is not available or has zero length.
Error: RHS "-imag(i(vg))/(2*3.14159*1e5)" invalid
Fatal error: BSIM3v1: mosfet nmos, model m3: Effective channel length <= 0
doAnalyses: no such parameter on this device or parameter is missing

ac simulation(s) aborted
Warning from checkvalid: vector i(vg) is not available or has zero length.
Error: RHS "-imag(i(vg))/(2*3.14159*1e6)" invalid
Warning from checkvalid: vector i(vb) is not available or has zero length.
Error: RHS "-imag(i(vb))/(2*3.14159*1e6)" invalid
Warning from checkvalid: vector i(vs) is not available or has zero length.
Error: RHS "-imag(i(vs))/(2*3.14159*1e6)" invalid
Warning from checkvalid: vector i(vd) is not available or has zero length.
Error: RHS "-imag(i(vd))/(2*3.14159*1e6)" invalid
Fatal error: BSIM3v1: mosfet nmos, model m3: Effective channel length <= 0
doAnalyses: no such parameter on this device or parameter is missing

ac simulation(s) aborted
Warning from checkvalid: vector i(vg) is not available or has zero length.
Error: RHS "-imag(i(vg))/(2*3.14159*1e6)" invalid
Warning from checkvalid: vector i(vd) is not available or has zero length.
Error: RHS "-imag(i(vd))/(2*3.14159*1e6)" invalid
Warning from checkvalid: vector i(vs) is not available or has zero length.
Error: RHS "-imag(i(vs))/(2*3.14159*1e6)" invalid
Warning from checkvalid: vector i(vb) is not available or has zero length.
Error: RHS "-imag(i(vb))/(2*3.14159*1e6)" invalid
Error: &cgg_m: no such variable.
Error:  cgg_s equals what?.
Error: &cdg_m: no such variable.
Error:  cdg_s equals what?.
Error: &csg_m: no such variable.
Error:  csg_s equals what?.
Error: &cbg_m: no such variable.
Error:  cbg_s equals what?.
Fatal error: BSIM3v1: mosfet nmos, model m3: Effective channel length <= 0
doAnalyses: no such parameter on this device or parameter is missing

ac simulation(s) aborted
Warning from checkvalid: vector i(vg) is not available or has zero length.
Error: RHS "-imag(i(vg))/(2*3.14159*1e6)" invalid
Warning from checkvalid: vector i(vd) is not available or has zero length.
Error: RHS "-imag(i(vd))/(2*3.14159*1e6)" invalid
Warning from checkvalid: vector i(vs) is not available or has zero length.
Error: RHS "-imag(i(vs))/(2*3.14159*1e6)" invalid
Warning from checkvalid: vector i(vb) is not available or has zero length.
Error: RHS "-imag(i(vb))/(2*3.14159*1e6)" invalid
Error: &cgd_m: no such variable.
Error:  cgd_s equals what?.
Error: &cdd_m: no such variable.
Error:  cdd_s equals what?.
Error: &csd_m: no such variable.
Error:  csd_s equals what?.
Error: &cbd_m: no such variable.
Error:  cbd_s equals what?.
Fatal error: BSIM3v1: mosfet nmos, model m3: Effective channel length <= 0
doAnalyses: no such parameter on this device or parameter is missing

ac simulation(s) aborted
Warning from checkvalid: vector i(vg) is not available or has zero length.
Error: RHS "-imag(i(vg))/(2*3.14159*1e6)" invalid
Warning from checkvalid: vector i(vd) is not available or has zero length.
Error: RHS "-imag(i(vd))/(2*3.14159*1e6)" invalid
Warning from checkvalid: vector i(vs) is not available or has zero length.
Error: RHS "-imag(i(vs))/(2*3.14159*1e6)" invalid
Warning from checkvalid: vector i(vb) is not available or has zero length.
Error: RHS "-imag(i(vb))/(2*3.14159*1e6)" invalid
Error: &cgs_m: no such variable.
Error:  cgs_s equals what?.
Error: &cds_m: no such variable.
Error:  cds_s equals what?.
Error: &css_m: no such variable.
Error:  css_s equals what?.
Error: &cbs_m: no such variable.
Error:  cbs_s equals what?.
Fatal error: BSIM3v1: mosfet nmos, model m3: Effective channel length <= 0
doAnalyses: no such parameter on this device or parameter is missing

ac simulation(s) aborted
Warning from checkvalid: vector i(vg) is not available or has zero length.
Error: RHS "-imag(i(vg))/(2*3.14159*1e6)" invalid
Warning from checkvalid: vector i(vd) is not available or has zero length.
Error: RHS "-imag(i(vd))/(2*3.14159*1e6)" invalid
Warning from checkvalid: vector i(vs) is not available or has zero length.
Error: RHS "-imag(i(vs))/(2*3.14159*1e6)" invalid
Warning from checkvalid: vector i(vb) is not available or has zero length.
Error: RHS "-imag(i(vb))/(2*3.14159*1e6)" invalid
Error: &cgb_m: no such variable.
Error:  cgb_s equals what?.
Error: &cdb_m: no such variable.
Error:  cdb_s equals what?.
Error: &csb_m: no such variable.
Error:  csb_s equals what?.
Error: &cbb_m: no such variable.
Error:  cbb_s equals what?.
Error: cgg_s: no such variable.
Error: cdg_s: no such variable.
Error: csg_s: no such variable.
Error: cbg_s: no such variable.
Error: cgd_s: no such variable.
Error: cdd_s: no such variable.
Error: csd_s: no such variable.
Error: cbd_s: no such variable.
Error: cgs_s: no such variable.
Error: cds_s: no such variable.
Error: css_s: no such variable.
Error: cbs_s: no such variable.
Error: cgb_s: no such variable.
Error: cdb_s: no such variable.
Error: csb_s: no such variable.
Error: cbb_s: no such variable.
Fatal error: BSIM3v1: mosfet nmos, model m3: Effective channel length <= 0
doAnalyses: no such parameter on this device or parameter is missing

ac simulation(s) aborted
Warning from checkvalid: vector i(vg) is not available or has zero length.
Error: RHS "-imag(i(vg))/(2*3.14159*1e3)" invalid
Fatal error: BSIM3v1: mosfet nmos, model m3: Effective channel length <= 0
doAnalyses: no such parameter on this device or parameter is missing

ac simulation(s) aborted
Warning from checkvalid: vector i(vg) is not available or has zero length.
Error: RHS "-imag(i(vg))/(2*3.14159*1e4)" invalid
Fatal error: BSIM3v1: mosfet nmos, model m3: Effective channel length <= 0
doAnalyses: no such parameter on this device or parameter is missing

ac simulation(s) aborted
Warning from checkvalid: vector i(vg) is not available or has zero length.
Error: RHS "-imag(i(vg))/(2*3.14159*1e5)" invalid
Fatal error: BSIM3v1: mosfet nmos, model m3: Effective channel length <= 0
doAnalyses: no such parameter on this device or parameter is missing

ac simulation(s) aborted
Warning from checkvalid: vector i(vg) is not available or has zero length.
Error: RHS "-imag(i(vg))/(2*3.14159*1e6)" invalid
Warning from checkvalid: vector i(vb) is not available or has zero length.
Error: RHS "-imag(i(vb))/(2*3.14159*1e6)" invalid
Warning from checkvalid: vector i(vs) is not available or has zero length.
Error: RHS "-imag(i(vs))/(2*3.14159*1e6)" invalid
Warning from checkvalid: vector i(vd) is not available or has zero length.
Error: RHS "-imag(i(vd))/(2*3.14159*1e6)" invalid
Fatal error: BSIM3v1: mosfet nmos, model m3: Effective channel length <= 0
doAnalyses: no such parameter on this device or parameter is missing

ac simulation(s) aborted
Warning from checkvalid: vector i(vg) is not available or has zero length.
Error: RHS "-imag(i(vg))/(2*3.14159*1e6)" invalid
Warning from checkvalid: vector i(vd) is not available or has zero length.
Error: RHS "-imag(i(vd))/(2*3.14159*1e6)" invalid
Warning from checkvalid: vector i(vs) is not available or has zero length.
Error: RHS "-imag(i(vs))/(2*3.14159*1e6)" invalid
Warning from checkvalid: vector i(vb) is not available or has zero length.
Error: RHS "-imag(i(vb))/(2*3.14159*1e6)" invalid
Error: &cgg_m: no such variable.
Error:  cgg_s equals what?.
Error: &cdg_m: no such variable.
Error:  cdg_s equals what?.
Error: &csg_m: no such variable.
Error:  csg_s equals what?.
Error: &cbg_m: no such variable.
Error:  cbg_s equals what?.
Fatal error: BSIM3v1: mosfet nmos, model m3: Effective channel length <= 0
doAnalyses: no such parameter on this device or parameter is missing

ac simulation(s) aborted
Warning from checkvalid: vector i(vg) is not available or has zero length.
Error: RHS "-imag(i(vg))/(2*3.14159*1e6)" invalid
Warning from checkvalid: vector i(vd) is not available or has zero length.
Error: RHS "-imag(i(vd))/(2*3.14159*1e6)" invalid
Warning from checkvalid: vector i(vs) is not available or has zero length.
Error: RHS "-imag(i(vs))/(2*3.14159*1e6)" invalid
Warning from checkvalid: vector i(vb) is not available or has zero length.
Error: RHS "-imag(i(vb))/(2*3.14159*1e6)" invalid
Error: &cgd_m: no such variable.
Error:  cgd_s equals what?.
Error: &cdd_m: no such variable.
Error:  cdd_s equals what?.
Error: &csd_m: no such variable.
Error:  csd_s equals what?.
Error: &cbd_m: no such variable.
Error:  cbd_s equals what?.
Fatal error: BSIM3v1: mosfet nmos, model m3: Effective channel length <= 0
doAnalyses: no such parameter on this device or parameter is missing

ac simulation(s) aborted
Warning from checkvalid: vector i(vg) is not available or has zero length.
Error: RHS "-imag(i(vg))/(2*3.14159*1e6)" invalid
Warning from checkvalid: vector i(vd) is not available or has zero length.
Error: RHS "-imag(i(vd))/(2*3.14159*1e6)" invalid
Warning from checkvalid: vector i(vs) is not available or has zero length.
Error: RHS "-imag(i(vs))/(2*3.14159*1e6)" invalid
Warning from checkvalid: vector i(vb) is not available or has zero length.
Error: RHS "-imag(i(vb))/(2*3.14159*1e6)" invalid
Error: &cgs_m: no such variable.
Error:  cgs_s equals what?.
Error: &cds_m: no such variable.
Error:  cds_s equals what?.
Error: &css_m: no such variable.
Error:  css_s equals what?.
Error: &cbs_m: no such variable.
Error:  cbs_s equals what?.
Fatal error: BSIM3v1: mosfet nmos, model m3: Effective channel length <= 0
doAnalyses: no such parameter on this device or parameter is missing

ac simulation(s) aborted
Warning from checkvalid: vector i(vg) is not available or has zero length.
Error: RHS "-imag(i(vg))/(2*3.14159*1e6)" invalid
Warning from checkvalid: vector i(vd) is not available or has zero length.
Error: RHS "-imag(i(vd))/(2*3.14159*1e6)" invalid
Warning from checkvalid: vector i(vs) is not available or has zero length.
Error: RHS "-imag(i(vs))/(2*3.14159*1e6)" invalid
Warning from checkvalid: vector i(vb) is not available or has zero length.
Error: RHS "-imag(i(vb))/(2*3.14159*1e6)" invalid
Error: &cgb_m: no such variable.
Error:  cgb_s equals what?.
Error: &cdb_m: no such variable.
Error:  cdb_s equals what?.
Error: &csb_m: no such variable.
Error:  csb_s equals what?.
Error: &cbb_m: no such variable.
Error:  cbb_s equals what?.
Error: cgg_s: no such variable.
Error: cdg_s: no such variable.
Error: csg_s: no such variable.
Error: cbg_s: no such variable.
Error: cgd_s: no such variable.
Error: cdd_s: no such variable.
Error: csd_s: no such variable.
Error: cbd_s: no such variable.
Error: cgs_s: no such variable.
Error: cds_s: no such variable.
Error: css_s: no such variable.
Error: cbs_s: no such variable.
Error: cgb_s: no such variable.
Error: cdb_s: no such variable.
Error: csb_s: no such variable.
Error: cbb_s: no such variable.
Fatal error: BSIM3v1: mosfet nmos, model m3: Effective channel length <= 0
doAnalyses: no such parameter on this device or parameter is missing

ac simulation(s) aborted
Warning from checkvalid: vector i(vg) is not available or has zero length.
Error: RHS "-imag(i(vg))/(2*3.14159*1e3)" invalid
Fatal error: BSIM3v1: mosfet nmos, model m3: Effective channel length <= 0
doAnalyses: no such parameter on this device or parameter is missing

ac simulation(s) aborted
Warning from checkvalid: vector i(vg) is not available or has zero length.
Error: RHS "-imag(i(vg))/(2*3.14159*1e4)" invalid
Fatal error: BSIM3v1: mosfet nmos, model m3: Effective channel length <= 0
doAnalyses: no such parameter on this device or parameter is missing

ac simulation(s) aborted
Warning from checkvalid: vector i(vg) is not available or has zero length.
Error: RHS "-imag(i(vg))/(2*3.14159*1e5)" invalid
Fatal error: BSIM3v1: mosfet nmos, model m3: Effective channel length <= 0
doAnalyses: no such parameter on this device or parameter is missing

ac simulation(s) aborted
Warning from checkvalid: vector i(vg) is not available or has zero length.
Error: RHS "-imag(i(vg))/(2*3.14159*1e6)" invalid
Warning from checkvalid: vector i(vb) is not available or has zero length.
Error: RHS "-imag(i(vb))/(2*3.14159*1e6)" invalid
Warning from checkvalid: vector i(vs) is not available or has zero length.
Error: RHS "-imag(i(vs))/(2*3.14159*1e6)" invalid
Warning from checkvalid: vector i(vd) is not available or has zero length.
Error: RHS "-imag(i(vd))/(2*3.14159*1e6)" invalid
Fatal error: BSIM3v1: mosfet nmos, model m3: Effective channel length <= 0
doAnalyses: no such parameter on this device or parameter is missing

ac simulation(s) aborted
Warning from checkvalid: vector i(vg) is not available or has zero length.
Error: RHS "-imag(i(vg))/(2*3.14159*1e6)" invalid
Warning from checkvalid: vector i(vd) is not available or has zero length.
Error: RHS "-imag(i(vd))/(2*3.14159*1e6)" invalid
Warning from checkvalid: vector i(vs) is not available or has zero length.
Error: RHS "-imag(i(vs))/(2*3.14159*1e6)" invalid
Warning from checkvalid: vector i(vb) is not available or has zero length.
Error: RHS "-imag(i(vb))/(2*3.14159*1e6)" invalid
Error: &cgg_m: no such variable.
Error:  cgg_s equals what?.
Error: &cdg_m: no such variable.
Error:  cdg_s equals what?.
Error: &csg_m: no such variable.
Error:  csg_s equals what?.
Error: &cbg_m: no such variable.
Error:  cbg_s equals what?.
Fatal error: BSIM3v1: mosfet nmos, model m3: Effective channel length <= 0
doAnalyses: no such parameter on this device or parameter is missing

ac simulation(s) aborted
Warning from checkvalid: vector i(vg) is not available or has zero length.
Error: RHS "-imag(i(vg))/(2*3.14159*1e6)" invalid
Warning from checkvalid: vector i(vd) is not available or has zero length.
Error: RHS "-imag(i(vd))/(2*3.14159*1e6)" invalid
Warning from checkvalid: vector i(vs) is not available or has zero length.
Error: RHS "-imag(i(vs))/(2*3.14159*1e6)" invalid
Warning from checkvalid: vector i(vb) is not available or has zero length.
Error: RHS "-imag(i(vb))/(2*3.14159*1e6)" invalid
Error: &cgd_m: no such variable.
Error:  cgd_s equals what?.
Error: &cdd_m: no such variable.
Error:  cdd_s equals what?.
Error: &csd_m: no such variable.
Error:  csd_s equals what?.
Error: &cbd_m: no such variable.
Error:  cbd_s equals what?.
Fatal error: BSIM3v1: mosfet nmos, model m3: Effective channel length <= 0
doAnalyses: no such parameter on this device or parameter is missing

ac simulation(s) aborted
Warning from checkvalid: vector i(vg) is not available or has zero length.
Error: RHS "-imag(i(vg))/(2*3.14159*1e6)" invalid
Warning from checkvalid: vector i(vd) is not available or has zero length.
Error: RHS "-imag(i(vd))/(2*3.14159*1e6)" invalid
Warning from checkvalid: vector i(vs) is not available or has zero length.
Error: RHS "-imag(i(vs))/(2*3.14159*1e6)" invalid
Warning from checkvalid: vector i(vb) is not available or has zero length.
Error: RHS "-imag(i(vb))/(2*3.14159*1e6)" invalid
Error: &cgs_m: no such variable.
Error:  cgs_s equals what?.
Error: &cds_m: no such variable.
Error:  cds_s equals what?.
Error: &css_m: no such variable.
Error:  css_s equals what?.
Error: &cbs_m: no such variable.
Error:  cbs_s equals what?.
Fatal error: BSIM3v1: mosfet nmos, model m3: Effective channel length <= 0
doAnalyses: no such parameter on this device or parameter is missing

ac simulation(s) aborted
Warning from checkvalid: vector i(vg) is not available or has zero length.
Error: RHS "-imag(i(vg))/(2*3.14159*1e6)" invalid
Warning from checkvalid: vector i(vd) is not available or has zero length.
Error: RHS "-imag(i(vd))/(2*3.14159*1e6)" invalid
Warning from checkvalid: vector i(vs) is not available or has zero length.
Error: RHS "-imag(i(vs))/(2*3.14159*1e6)" invalid
Warning from checkvalid: vector i(vb) is not available or has zero length.
Error: RHS "-imag(i(vb))/(2*3.14159*1e6)" invalid
Error: &cgb_m: no such variable.
Error:  cgb_s equals what?.
Error: &cdb_m: no such variable.
Error:  cdb_s equals what?.
Error: &csb_m: no such variable.
Error:  csb_s equals what?.
Error: &cbb_m: no such variable.
Error:  cbb_s equals what?.
Error: cgg_s: no such variable.
Error: cdg_s: no such variable.
Error: csg_s: no such variable.
Error: cbg_s: no such variable.
Error: cgd_s: no such variable.
Error: cdd_s: no such variable.
Error: csd_s: no such variable.
Error: cbd_s: no such variable.
Error: cgs_s: no such variable.
Error: cds_s: no such variable.
Error: css_s: no such variable.
Error: cbs_s: no such variable.
Error: cgb_s: no such variable.
Error: cdb_s: no such variable.
Error: csb_s: no such variable.
Error: cbb_s: no such variable.
Fatal error: BSIM3v1: mosfet nmos, model m3: Effective channel length <= 0
doAnalyses: no such parameter on this device or parameter is missing

ac simulation(s) aborted
Warning from checkvalid: vector i(vg) is not available or has zero length.
Error: RHS "-imag(i(vg))/(2*3.14159*1e3)" invalid
Fatal error: BSIM3v1: mosfet nmos, model m3: Effective channel length <= 0
doAnalyses: no such parameter on this device or parameter is missing

ac simulation(s) aborted
Warning from checkvalid: vector i(vg) is not available or has zero length.
Error: RHS "-imag(i(vg))/(2*3.14159*1e4)" invalid
Fatal error: BSIM3v1: mosfet nmos, model m3: Effective channel length <= 0
doAnalyses: no such parameter on this device or parameter is missing

ac simulation(s) aborted
Warning from checkvalid: vector i(vg) is not available or has zero length.
Error: RHS "-imag(i(vg))/(2*3.14159*1e5)" invalid
Fatal error: BSIM3v1: mosfet nmos, model m3: Effective channel length <= 0
doAnalyses: no such parameter on this device or parameter is missing

ac simulation(s) aborted
Warning from checkvalid: vector i(vg) is not available or has zero length.
Error: RHS "-imag(i(vg))/(2*3.14159*1e6)" invalid
Warning from checkvalid: vector i(vb) is not available or has zero length.
Error: RHS "-imag(i(vb))/(2*3.14159*1e6)" invalid
Warning from checkvalid: vector i(vs) is not available or has zero length.
Error: RHS "-imag(i(vs))/(2*3.14159*1e6)" invalid
Warning from checkvalid: vector i(vd) is not available or has zero length.
Error: RHS "-imag(i(vd))/(2*3.14159*1e6)" invalid
Fatal error: BSIM3v1: mosfet nmos, model m3: Effective channel length <= 0
doAnalyses: no such parameter on this device or parameter is missing

ac simulation(s) aborted
Warning from checkvalid: vector i(vg) is not available or has zero length.
Error: RHS "-imag(i(vg))/(2*3.14159*1e6)" invalid
Warning from checkvalid: vector i(vd) is not available or has zero length.
Error: RHS "-imag(i(vd))/(2*3.14159*1e6)" invalid
Warning from checkvalid: vector i(vs) is not available or has zero length.
Error: RHS "-imag(i(vs))/(2*3.14159*1e6)" invalid
Warning from checkvalid: vector i(vb) is not available or has zero length.
Error: RHS "-imag(i(vb))/(2*3.14159*1e6)" invalid
Error: &cgg_m: no such variable.
Error:  cgg_s equals what?.
Error: &cdg_m: no such variable.
Error:  cdg_s equals what?.
Error: &csg_m: no such variable.
Error:  csg_s equals what?.
Error: &cbg_m: no such variable.
Error:  cbg_s equals what?.
Fatal error: BSIM3v1: mosfet nmos, model m3: Effective channel length <= 0
doAnalyses: no such parameter on this device or parameter is missing

ac simulation(s) aborted
Warning from checkvalid: vector i(vg) is not available or has zero length.
Error: RHS "-imag(i(vg))/(2*3.14159*1e6)" invalid
Warning from checkvalid: vector i(vd) is not available or has zero length.
Error: RHS "-imag(i(vd))/(2*3.14159*1e6)" invalid
Warning from checkvalid: vector i(vs) is not available or has zero length.
Error: RHS "-imag(i(vs))/(2*3.14159*1e6)" invalid
Warning from checkvalid: vector i(vb) is not available or has zero length.
Error: RHS "-imag(i(vb))/(2*3.14159*1e6)" invalid
Error: &cgd_m: no such variable.
Error:  cgd_s equals what?.
Error: &cdd_m: no such variable.
Error:  cdd_s equals what?.
Error: &csd_m: no such variable.
Error:  csd_s equals what?.
Error: &cbd_m: no such variable.
Error:  cbd_s equals what?.
Fatal error: BSIM3v1: mosfet nmos, model m3: Effective channel length <= 0
doAnalyses: no such parameter on this device or parameter is missing

ac simulation(s) aborted
Warning from checkvalid: vector i(vg) is not available or has zero length.
Error: RHS "-imag(i(vg))/(2*3.14159*1e6)" invalid
Warning from checkvalid: vector i(vd) is not available or has zero length.
Error: RHS "-imag(i(vd))/(2*3.14159*1e6)" invalid
Warning from checkvalid: vector i(vs) is not available or has zero length.
Error: RHS "-imag(i(vs))/(2*3.14159*1e6)" invalid
Warning from checkvalid: vector i(vb) is not available or has zero length.
Error: RHS "-imag(i(vb))/(2*3.14159*1e6)" invalid
Error: &cgs_m: no such variable.
Error:  cgs_s equals what?.
Error: &cds_m: no such variable.
Error:  cds_s equals what?.
Error: &css_m: no such variable.
Error:  css_s equals what?.
Error: &cbs_m: no such variable.
Error:  cbs_s equals what?.
Fatal error: BSIM3v1: mosfet nmos, model m3: Effective channel length <= 0
doAnalyses: no such parameter on this device or parameter is missing

ac simulation(s) aborted
Warning from checkvalid: vector i(vg) is not available or has zero length.
Error: RHS "-imag(i(vg))/(2*3.14159*1e6)" invalid
Warning from checkvalid: vector i(vd) is not available or has zero length.
Error: RHS "-imag(i(vd))/(2*3.14159*1e6)" invalid
Warning from checkvalid: vector i(vs) is not available or has zero length.
Error: RHS "-imag(i(vs))/(2*3.14159*1e6)" invalid
Warning from checkvalid: vector i(vb) is not available or has zero length.
Error: RHS "-imag(i(vb))/(2*3.14159*1e6)" invalid
Error: &cgb_m: no such variable.
Error:  cgb_s equals what?.
Error: &cdb_m: no such variable.
Error:  cdb_s equals what?.
Error: &csb_m: no such variable.
Error:  csb_s equals what?.
Error: &cbb_m: no such variable.
Error:  cbb_s equals what?.
Error: cgg_s: no such variable.
Error: cdg_s: no such variable.
Error: csg_s: no such variable.
Error: cbg_s: no such variable.
Error: cgd_s: no such variable.
Error: cdd_s: no such variable.
Error: csd_s: no such variable.
Error: cbd_s: no such variable.
Error: cgs_s: no such variable.
Error: cds_s: no such variable.
Error: css_s: no such variable.
Error: cbs_s: no such variable.
Error: cgb_s: no such variable.
Error: cdb_s: no such variable.
Error: csb_s: no such variable.
Error: cbb_s: no such variable.
Fatal error: BSIM3v1: mosfet nmos, model m3: Effective channel length <= 0
doAnalyses: no such parameter on this device or parameter is missing

ac simulation(s) aborted
Warning from checkvalid: vector i(vg) is not available or has zero length.
Error: RHS "-imag(i(vg))/(2*3.14159*1e3)" invalid
Fatal error: BSIM3v1: mosfet nmos, model m3: Effective channel length <= 0
doAnalyses: no such parameter on this device or parameter is missing

ac simulation(s) aborted
Warning from checkvalid: vector i(vg) is not available or has zero length.
Error: RHS "-imag(i(vg))/(2*3.14159*1e4)" invalid
Fatal error: BSIM3v1: mosfet nmos, model m3: Effective channel length <= 0
doAnalyses: no such parameter on this device or parameter is missing

ac simulation(s) aborted
Warning from checkvalid: vector i(vg) is not available or has zero length.
Error: RHS "-imag(i(vg))/(2*3.14159*1e5)" invalid
Fatal error: BSIM3v1: mosfet nmos, model m3: Effective channel length <= 0
doAnalyses: no such parameter on this device or parameter is missing

ac simulation(s) aborted
Warning from checkvalid: vector i(vg) is not available or has zero length.
Error: RHS "-imag(i(vg))/(2*3.14159*1e6)" invalid
Warning from checkvalid: vector i(vb) is not available or has zero length.
Error: RHS "-imag(i(vb))/(2*3.14159*1e6)" invalid
Warning from checkvalid: vector i(vs) is not available or has zero length.
Error: RHS "-imag(i(vs))/(2*3.14159*1e6)" invalid
Warning from checkvalid: vector i(vd) is not available or has zero length.
Error: RHS "-imag(i(vd))/(2*3.14159*1e6)" invalid
Fatal error: BSIM3v1: mosfet nmos, model m3: Effective channel length <= 0
doAnalyses: no such parameter on this device or parameter is missing

ac simulation(s) aborted
Warning from checkvalid: vector i(vg) is not available or has zero length.
Error: RHS "-imag(i(vg))/(2*3.14159*1e6)" invalid
Warning from checkvalid: vector i(vd) is not available or has zero length.
Error: RHS "-imag(i(vd))/(2*3.14159*1e6)" invalid
Warning from checkvalid: vector i(vs) is not available or has zero length.
Error: RHS "-imag(i(vs))/(2*3.14159*1e6)" invalid
Warning from checkvalid: vector i(vb) is not available or has zero length.
Error: RHS "-imag(i(vb))/(2*3.14159*1e6)" invalid
Error: &cgg_m: no such variable.
Error:  cgg_s equals what?.
Error: &cdg_m: no such variable.
Error:  cdg_s equals what?.
Error: &csg_m: no such variable.
Error:  csg_s equals what?.
Error: &cbg_m: no such variable.
Error:  cbg_s equals what?.
Fatal error: BSIM3v1: mosfet nmos, model m3: Effective channel length <= 0
doAnalyses: no such parameter on this device or parameter is missing

ac simulation(s) aborted
Warning from checkvalid: vector i(vg) is not available or has zero length.
Error: RHS "-imag(i(vg))/(2*3.14159*1e6)" invalid
Warning from checkvalid: vector i(vd) is not available or has zero length.
Error: RHS "-imag(i(vd))/(2*3.14159*1e6)" invalid
Warning from checkvalid: vector i(vs) is not available or has zero length.
Error: RHS "-imag(i(vs))/(2*3.14159*1e6)" invalid
Warning from checkvalid: vector i(vb) is not available or has zero length.
Error: RHS "-imag(i(vb))/(2*3.14159*1e6)" invalid
Error: &cgd_m: no such variable.
Error:  cgd_s equals what?.
Error: &cdd_m: no such variable.
Error:  cdd_s equals what?.
Error: &csd_m: no such variable.
Error:  csd_s equals what?.
Error: &cbd_m: no such variable.
Error:  cbd_s equals what?.
Fatal error: BSIM3v1: mosfet nmos, model m3: Effective channel length <= 0
doAnalyses: no such parameter on this device or parameter is missing

ac simulation(s) aborted
Warning from checkvalid: vector i(vg) is not available or has zero length.
Error: RHS "-imag(i(vg))/(2*3.14159*1e6)" invalid
Warning from checkvalid: vector i(vd) is not available or has zero length.
Error: RHS "-imag(i(vd))/(2*3.14159*1e6)" invalid
Warning from checkvalid: vector i(vs) is not available or has zero length.
Error: RHS "-imag(i(vs))/(2*3.14159*1e6)" invalid
Warning from checkvalid: vector i(vb) is not available or has zero length.
Error: RHS "-imag(i(vb))/(2*3.14159*1e6)" invalid
Error: &cgs_m: no such variable.
Error:  cgs_s equals what?.
Error: &cds_m: no such variable.
Error:  cds_s equals what?.
Error: &css_m: no such variable.
Error:  css_s equals what?.
Error: &cbs_m: no such variable.
Error:  cbs_s equals what?.
Fatal error: BSIM3v1: mosfet nmos, model m3: Effective channel length <= 0
doAnalyses: no such parameter on this device or parameter is missing

ac simulation(s) aborted
Warning from checkvalid: vector i(vg) is not available or has zero length.
Error: RHS "-imag(i(vg))/(2*3.14159*1e6)" invalid
Warning from checkvalid: vector i(vd) is not available or has zero length.
Error: RHS "-imag(i(vd))/(2*3.14159*1e6)" invalid
Warning from checkvalid: vector i(vs) is not available or has zero length.
Error: RHS "-imag(i(vs))/(2*3.14159*1e6)" invalid
Warning from checkvalid: vector i(vb) is not available or has zero length.
Error: RHS "-imag(i(vb))/(2*3.14159*1e6)" invalid
Error: &cgb_m: no such variable.
Error:  cgb_s equals what?.
Error: &cdb_m: no such variable.
Error:  cdb_s equals what?.
Error: &csb_m: no such variable.
Error:  csb_s equals what?.
Error: &cbb_m: no such variable.
Error:  cbb_s equals what?.
Error: cgg_s: no such variable.
Error: cdg_s: no such variable.
Error: csg_s: no such variable.
Error: cbg_s: no such variable.
Error: cgd_s: no such variable.
Error: cdd_s: no such variable.
Error: csd_s: no such variable.
Error: cbd_s: no such variable.
Error: cgs_s: no such variable.
Error: cds_s: no such variable.
Error: css_s: no such variable.
Error: cbs_s: no such variable.
Error: cgb_s: no such variable.
Error: cdb_s: no such variable.
Error: csb_s: no such variable.
Error: cbb_s: no such variable.
Fatal error: BSIM3v1: mosfet nmos, model m3: Effective channel length <= 0
doAnalyses: no such parameter on this device or parameter is missing

ac simulation(s) aborted
Warning from checkvalid: vector i(vg) is not available or has zero length.
Error: RHS "-imag(i(vg))/(2*3.14159*1e3)" invalid
Fatal error: BSIM3v1: mosfet nmos, model m3: Effective channel length <= 0
doAnalyses: no such parameter on this device or parameter is missing

ac simulation(s) aborted
Warning from checkvalid: vector i(vg) is not available or has zero length.
Error: RHS "-imag(i(vg))/(2*3.14159*1e4)" invalid
Fatal error: BSIM3v1: mosfet nmos, model m3: Effective channel length <= 0
doAnalyses: no such parameter on this device or parameter is missing

ac simulation(s) aborted
Warning from checkvalid: vector i(vg) is not available or has zero length.
Error: RHS "-imag(i(vg))/(2*3.14159*1e5)" invalid
Fatal error: BSIM3v1: mosfet nmos, model m3: Effective channel length <= 0
doAnalyses: no such parameter on this device or parameter is missing

ac simulation(s) aborted
Warning from checkvalid: vector i(vg) is not available or has zero length.
Error: RHS "-imag(i(vg))/(2*3.14159*1e6)" invalid
Warning from checkvalid: vector i(vb) is not available or has zero length.
Error: RHS "-imag(i(vb))/(2*3.14159*1e6)" invalid
Warning from checkvalid: vector i(vs) is not available or has zero length.
Error: RHS "-imag(i(vs))/(2*3.14159*1e6)" invalid
Warning from checkvalid: vector i(vd) is not available or has zero length.
Error: RHS "-imag(i(vd))/(2*3.14159*1e6)" invalid
Fatal error: BSIM3v1: mosfet nmos, model m3: Effective channel length <= 0
doAnalyses: no such parameter on this device or parameter is missing

ac simulation(s) aborted
Warning from checkvalid: vector i(vg) is not available or has zero length.
Error: RHS "-imag(i(vg))/(2*3.14159*1e6)" invalid
Warning from checkvalid: vector i(vd) is not available or has zero length.
Error: RHS "-imag(i(vd))/(2*3.14159*1e6)" invalid
Warning from checkvalid: vector i(vs) is not available or has zero length.
Error: RHS "-imag(i(vs))/(2*3.14159*1e6)" invalid
Warning from checkvalid: vector i(vb) is not available or has zero length.
Error: RHS "-imag(i(vb))/(2*3.14159*1e6)" invalid
Error: &cgg_m: no such variable.
Error:  cgg_s equals what?.
Error: &cdg_m: no such variable.
Error:  cdg_s equals what?.
Error: &csg_m: no such variable.
Error:  csg_s equals what?.
Error: &cbg_m: no such variable.
Error:  cbg_s equals what?.
Fatal error: BSIM3v1: mosfet nmos, model m3: Effective channel length <= 0
doAnalyses: no such parameter on this device or parameter is missing

ac simulation(s) aborted
Warning from checkvalid: vector i(vg) is not available or has zero length.
Error: RHS "-imag(i(vg))/(2*3.14159*1e6)" invalid
Warning from checkvalid: vector i(vd) is not available or has zero length.
Error: RHS "-imag(i(vd))/(2*3.14159*1e6)" invalid
Warning from checkvalid: vector i(vs) is not available or has zero length.
Error: RHS "-imag(i(vs))/(2*3.14159*1e6)" invalid
Warning from checkvalid: vector i(vb) is not available or has zero length.
Error: RHS "-imag(i(vb))/(2*3.14159*1e6)" invalid
Error: &cgd_m: no such variable.
Error:  cgd_s equals what?.
Error: &cdd_m: no such variable.
Error:  cdd_s equals what?.
Error: &csd_m: no such variable.
Error:  csd_s equals what?.
Error: &cbd_m: no such variable.
Error:  cbd_s equals what?.
Fatal error: BSIM3v1: mosfet nmos, model m3: Effective channel length <= 0
doAnalyses: no such parameter on this device or parameter is missing

ac simulation(s) aborted
Warning from checkvalid: vector i(vg) is not available or has zero length.
Error: RHS "-imag(i(vg))/(2*3.14159*1e6)" invalid
Warning from checkvalid: vector i(vd) is not available or has zero length.
Error: RHS "-imag(i(vd))/(2*3.14159*1e6)" invalid
Warning from checkvalid: vector i(vs) is not available or has zero length.
Error: RHS "-imag(i(vs))/(2*3.14159*1e6)" invalid
Warning from checkvalid: vector i(vb) is not available or has zero length.
Error: RHS "-imag(i(vb))/(2*3.14159*1e6)" invalid
Error: &cgs_m: no such variable.
Error:  cgs_s equals what?.
Error: &cds_m: no such variable.
Error:  cds_s equals what?.
Error: &css_m: no such variable.
Error:  css_s equals what?.
Error: &cbs_m: no such variable.
Error:  cbs_s equals what?.
Fatal error: BSIM3v1: mosfet nmos, model m3: Effective channel length <= 0
doAnalyses: no such parameter on this device or parameter is missing

ac simulation(s) aborted
Warning from checkvalid: vector i(vg) is not available or has zero length.
Error: RHS "-imag(i(vg))/(2*3.14159*1e6)" invalid
Warning from checkvalid: vector i(vd) is not available or has zero length.
Error: RHS "-imag(i(vd))/(2*3.14159*1e6)" invalid
Warning from checkvalid: vector i(vs) is not available or has zero length.
Error: RHS "-imag(i(vs))/(2*3.14159*1e6)" invalid
Warning from checkvalid: vector i(vb) is not available or has zero length.
Error: RHS "-imag(i(vb))/(2*3.14159*1e6)" invalid
Error: &cgb_m: no such variable.
Error:  cgb_s equals what?.
Error: &cdb_m: no such variable.
Error:  cdb_s equals what?.
Error: &csb_m: no such variable.
Error:  csb_s equals what?.
Error: &cbb_m: no such variable.
Error:  cbb_s equals what?.
Error: cgg_s: no such variable.
Error: cdg_s: no such variable.
Error: csg_s: no such variable.
Error: cbg_s: no such variable.
Error: cgd_s: no such variable.
Error: cdd_s: no such variable.
Error: csd_s: no such variable.
Error: cbd_s: no such variable.
Error: cgs_s: no such variable.
Error: cds_s: no such variable.
Error: css_s: no such variable.
Error: cbs_s: no such variable.
Error: cgb_s: no such variable.
Error: cdb_s: no such variable.
Error: csb_s: no such variable.
Error: cbb_s: no such variable.
Fatal error: BSIM3v1: mosfet nmos, model m3: Effective channel length <= 0
doAnalyses: no such parameter on this device or parameter is missing

ac simulation(s) aborted
Warning from checkvalid: vector i(vg) is not available or has zero length.
Error: RHS "-imag(i(vg))/(2*3.14159*1e3)" invalid
Fatal error: BSIM3v1: mosfet nmos, model m3: Effective channel length <= 0
doAnalyses: no such parameter on this device or parameter is missing

ac simulation(s) aborted
Warning from checkvalid: vector i(vg) is not available or has zero length.
Error: RHS "-imag(i(vg))/(2*3.14159*1e4)" invalid
Fatal error: BSIM3v1: mosfet nmos, model m3: Effective channel length <= 0
doAnalyses: no such parameter on this device or parameter is missing

ac simulation(s) aborted
Warning from checkvalid: vector i(vg) is not available or has zero length.
Error: RHS "-imag(i(vg))/(2*3.14159*1e5)" invalid
Fatal error: BSIM3v1: mosfet nmos, model m3: Effective channel length <= 0
doAnalyses: no such parameter on this device or parameter is missing

ac simulation(s) aborted
Warning from checkvalid: vector i(vg) is not available or has zero length.
Error: RHS "-imag(i(vg))/(2*3.14159*1e6)" invalid
Warning from checkvalid: vector i(vb) is not available or has zero length.
Error: RHS "-imag(i(vb))/(2*3.14159*1e6)" invalid
Warning from checkvalid: vector i(vs) is not available or has zero length.
Error: RHS "-imag(i(vs))/(2*3.14159*1e6)" invalid
Warning from checkvalid: vector i(vd) is not available or has zero length.
Error: RHS "-imag(i(vd))/(2*3.14159*1e6)" invalid
Fatal error: BSIM3v1: mosfet nmos, model m3: Effective channel length <= 0
doAnalyses: no such parameter on this device or parameter is missing

ac simulation(s) aborted
Warning from checkvalid: vector i(vg) is not available or has zero length.
Error: RHS "-imag(i(vg))/(2*3.14159*1e6)" invalid
Warning from checkvalid: vector i(vd) is not available or has zero length.
Error: RHS "-imag(i(vd))/(2*3.14159*1e6)" invalid
Warning from checkvalid: vector i(vs) is not available or has zero length.
Error: RHS "-imag(i(vs))/(2*3.14159*1e6)" invalid
Warning from checkvalid: vector i(vb) is not available or has zero length.
Error: RHS "-imag(i(vb))/(2*3.14159*1e6)" invalid
Error: &cgg_m: no such variable.
Error:  cgg_s equals what?.
Error: &cdg_m: no such variable.
Error:  cdg_s equals what?.
Error: &csg_m: no such variable.
Error:  csg_s equals what?.
Error: &cbg_m: no such variable.
Error:  cbg_s equals what?.
Fatal error: BSIM3v1: mosfet nmos, model m3: Effective channel length <= 0
doAnalyses: no such parameter on this device or parameter is missing

ac simulation(s) aborted
Warning from checkvalid: vector i(vg) is not available or has zero length.
Error: RHS "-imag(i(vg))/(2*3.14159*1e6)" invalid
Warning from checkvalid: vector i(vd) is not available or has zero length.
Error: RHS "-imag(i(vd))/(2*3.14159*1e6)" invalid
Warning from checkvalid: vector i(vs) is not available or has zero length.
Error: RHS "-imag(i(vs))/(2*3.14159*1e6)" invalid
Warning from checkvalid: vector i(vb) is not available or has zero length.
Error: RHS "-imag(i(vb))/(2*3.14159*1e6)" invalid
Error: &cgd_m: no such variable.
Error:  cgd_s equals what?.
Error: &cdd_m: no such variable.
Error:  cdd_s equals what?.
Error: &csd_m: no such variable.
Error:  csd_s equals what?.
Error: &cbd_m: no such variable.
Error:  cbd_s equals what?.
Fatal error: BSIM3v1: mosfet nmos, model m3: Effective channel length <= 0
doAnalyses: no such parameter on this device or parameter is missing

ac simulation(s) aborted
Warning from checkvalid: vector i(vg) is not available or has zero length.
Error: RHS "-imag(i(vg))/(2*3.14159*1e6)" invalid
Warning from checkvalid: vector i(vd) is not available or has zero length.
Error: RHS "-imag(i(vd))/(2*3.14159*1e6)" invalid
Warning from checkvalid: vector i(vs) is not available or has zero length.
Error: RHS "-imag(i(vs))/(2*3.14159*1e6)" invalid
Warning from checkvalid: vector i(vb) is not available or has zero length.
Error: RHS "-imag(i(vb))/(2*3.14159*1e6)" invalid
Error: &cgs_m: no such variable.
Error:  cgs_s equals what?.
Error: &cds_m: no such variable.
Error:  cds_s equals what?.
Error: &css_m: no such variable.
Error:  css_s equals what?.
Error: &cbs_m: no such variable.
Error:  cbs_s equals what?.
Fatal error: BSIM3v1: mosfet nmos, model m3: Effective channel length <= 0
doAnalyses: no such parameter on this device or parameter is missing

ac simulation(s) aborted
Warning from checkvalid: vector i(vg) is not available or has zero length.
Error: RHS "-imag(i(vg))/(2*3.14159*1e6)" invalid
Warning from checkvalid: vector i(vd) is not available or has zero length.
Error: RHS "-imag(i(vd))/(2*3.14159*1e6)" invalid
Warning from checkvalid: vector i(vs) is not available or has zero length.
Error: RHS "-imag(i(vs))/(2*3.14159*1e6)" invalid
Warning from checkvalid: vector i(vb) is not available or has zero length.
Error: RHS "-imag(i(vb))/(2*3.14159*1e6)" invalid
Error: &cgb_m: no such variable.
Error:  cgb_s equals what?.
Error: &cdb_m: no such variable.
Error:  cdb_s equals what?.
Error: &csb_m: no such variable.
Error:  csb_s equals what?.
Error: &cbb_m: no such variable.
Error:  cbb_s equals what?.
Error: cgg_s: no such variable.
Error: cdg_s: no such variable.
Error: csg_s: no such variable.
Error: cbg_s: no such variable.
Error: cgd_s: no such variable.
Error: cdd_s: no such variable.
Error: csd_s: no such variable.
Error: cbd_s: no such variable.
Error: cgs_s: no such variable.
Error: cds_s: no such variable.
Error: css_s: no such variable.
Error: cbs_s: no such variable.
Error: cgb_s: no such variable.
Error: cdb_s: no such variable.
Error: csb_s: no such variable.
Error: cbb_s: no such variable.
Fatal error: BSIM3v1: mosfet nmos, model m3: Effective channel length <= 0
doAnalyses: no such parameter on this device or parameter is missing

ac simulation(s) aborted
Warning from checkvalid: vector i(vg) is not available or has zero length.
Error: RHS "-imag(i(vg))/(2*3.14159*1e3)" invalid
Fatal error: BSIM3v1: mosfet nmos, model m3: Effective channel length <= 0
doAnalyses: no such parameter on this device or parameter is missing

ac simulation(s) aborted
Warning from checkvalid: vector i(vg) is not available or has zero length.
Error: RHS "-imag(i(vg))/(2*3.14159*1e4)" invalid
Fatal error: BSIM3v1: mosfet nmos, model m3: Effective channel length <= 0
doAnalyses: no such parameter on this device or parameter is missing

ac simulation(s) aborted
Warning from checkvalid: vector i(vg) is not available or has zero length.
Error: RHS "-imag(i(vg))/(2*3.14159*1e5)" invalid
Fatal error: BSIM3v1: mosfet nmos, model m3: Effective channel length <= 0
doAnalyses: no such parameter on this device or parameter is missing

ac simulation(s) aborted
Warning from checkvalid: vector i(vg) is not available or has zero length.
Error: RHS "-imag(i(vg))/(2*3.14159*1e6)" invalid
Warning from checkvalid: vector i(vb) is not available or has zero length.
Error: RHS "-imag(i(vb))/(2*3.14159*1e6)" invalid
Warning from checkvalid: vector i(vs) is not available or has zero length.
Error: RHS "-imag(i(vs))/(2*3.14159*1e6)" invalid
Warning from checkvalid: vector i(vd) is not available or has zero length.
Error: RHS "-imag(i(vd))/(2*3.14159*1e6)" invalid
Fatal error: BSIM3v1: mosfet nmos, model m3: Effective channel length <= 0
doAnalyses: no such parameter on this device or parameter is missing

ac simulation(s) aborted
Warning from checkvalid: vector i(vg) is not available or has zero length.
Error: RHS "-imag(i(vg))/(2*3.14159*1e6)" invalid
Warning from checkvalid: vector i(vd) is not available or has zero length.
Error: RHS "-imag(i(vd))/(2*3.14159*1e6)" invalid
Warning from checkvalid: vector i(vs) is not available or has zero length.
Error: RHS "-imag(i(vs))/(2*3.14159*1e6)" invalid
Warning from checkvalid: vector i(vb) is not available or has zero length.
Error: RHS "-imag(i(vb))/(2*3.14159*1e6)" invalid
Error: &cgg_m: no such variable.
Error:  cgg_s equals what?.
Error: &cdg_m: no such variable.
Error:  cdg_s equals what?.
Error: &csg_m: no such variable.
Error:  csg_s equals what?.
Error: &cbg_m: no such variable.
Error:  cbg_s equals what?.
Fatal error: BSIM3v1: mosfet nmos, model m3: Effective channel length <= 0
doAnalyses: no such parameter on this device or parameter is missing

ac simulation(s) aborted
Warning from checkvalid: vector i(vg) is not available or has zero length.
Error: RHS "-imag(i(vg))/(2*3.14159*1e6)" invalid
Warning from checkvalid: vector i(vd) is not available or has zero length.
Error: RHS "-imag(i(vd))/(2*3.14159*1e6)" invalid
Warning from checkvalid: vector i(vs) is not available or has zero length.
Error: RHS "-imag(i(vs))/(2*3.14159*1e6)" invalid
Warning from checkvalid: vector i(vb) is not available or has zero length.
Error: RHS "-imag(i(vb))/(2*3.14159*1e6)" invalid
Error: &cgd_m: no such variable.
Error:  cgd_s equals what?.
Error: &cdd_m: no such variable.
Error:  cdd_s equals what?.
Error: &csd_m: no such variable.
Error:  csd_s equals what?.
Error: &cbd_m: no such variable.
Error:  cbd_s equals what?.
Fatal error: BSIM3v1: mosfet nmos, model m3: Effective channel length <= 0
doAnalyses: no such parameter on this device or parameter is missing

ac simulation(s) aborted
Warning from checkvalid: vector i(vg) is not available or has zero length.
Error: RHS "-imag(i(vg))/(2*3.14159*1e6)" invalid
Warning from checkvalid: vector i(vd) is not available or has zero length.
Error: RHS "-imag(i(vd))/(2*3.14159*1e6)" invalid
Warning from checkvalid: vector i(vs) is not available or has zero length.
Error: RHS "-imag(i(vs))/(2*3.14159*1e6)" invalid
Warning from checkvalid: vector i(vb) is not available or has zero length.
Error: RHS "-imag(i(vb))/(2*3.14159*1e6)" invalid
Error: &cgs_m: no such variable.
Error:  cgs_s equals what?.
Error: &cds_m: no such variable.
Error:  cds_s equals what?.
Error: &css_m: no such variable.
Error:  css_s equals what?.
Error: &cbs_m: no such variable.
Error:  cbs_s equals what?.
Fatal error: BSIM3v1: mosfet nmos, model m3: Effective channel length <= 0
doAnalyses: no such parameter on this device or parameter is missing

ac simulation(s) aborted
Warning from checkvalid: vector i(vg) is not available or has zero length.
Error: RHS "-imag(i(vg))/(2*3.14159*1e6)" invalid
Warning from checkvalid: vector i(vd) is not available or has zero length.
Error: RHS "-imag(i(vd))/(2*3.14159*1e6)" invalid
Warning from checkvalid: vector i(vs) is not available or has zero length.
Error: RHS "-imag(i(vs))/(2*3.14159*1e6)" invalid
Warning from checkvalid: vector i(vb) is not available or has zero length.
Error: RHS "-imag(i(vb))/(2*3.14159*1e6)" invalid
Error: &cgb_m: no such variable.
Error:  cgb_s equals what?.
Error: &cdb_m: no such variable.
Error:  cdb_s equals what?.
Error: &csb_m: no such variable.
Error:  csb_s equals what?.
Error: &cbb_m: no such variable.
Error:  cbb_s equals what?.
Error: cgg_s: no such variable.
Error: cdg_s: no such variable.
Error: csg_s: no such variable.
Error: cbg_s: no such variable.
Error: cgd_s: no such variable.
Error: cdd_s: no such variable.
Error: csd_s: no such variable.
Error: cbd_s: no such variable.
Error: cgs_s: no such variable.
Error: cds_s: no such variable.
Error: css_s: no such variable.
Error: cbs_s: no such variable.
Error: cgb_s: no such variable.
Error: cdb_s: no such variable.
Error: csb_s: no such variable.
Error: cbb_s: no such variable.
Fatal error: BSIM3v1: mosfet nmos, model m3: Effective channel length <= 0
doAnalyses: no such parameter on this device or parameter is missing

ac simulation(s) aborted
Warning from checkvalid: vector i(vg) is not available or has zero length.
Error: RHS "-imag(i(vg))/(2*3.14159*1e3)" invalid
Fatal error: BSIM3v1: mosfet nmos, model m3: Effective channel length <= 0
doAnalyses: no such parameter on this device or parameter is missing

ac simulation(s) aborted
Warning from checkvalid: vector i(vg) is not available or has zero length.
Error: RHS "-imag(i(vg))/(2*3.14159*1e4)" invalid
Fatal error: BSIM3v1: mosfet nmos, model m3: Effective channel length <= 0
doAnalyses: no such parameter on this device or parameter is missing

ac simulation(s) aborted
Warning from checkvalid: vector i(vg) is not available or has zero length.
Error: RHS "-imag(i(vg))/(2*3.14159*1e5)" invalid
Fatal error: BSIM3v1: mosfet nmos, model m3: Effective channel length <= 0
doAnalyses: no such parameter on this device or parameter is missing

ac simulation(s) aborted
Warning from checkvalid: vector i(vg) is not available or has zero length.
Error: RHS "-imag(i(vg))/(2*3.14159*1e6)" invalid
Warning from checkvalid: vector i(vb) is not available or has zero length.
Error: RHS "-imag(i(vb))/(2*3.14159*1e6)" invalid
Warning from checkvalid: vector i(vs) is not available or has zero length.
Error: RHS "-imag(i(vs))/(2*3.14159*1e6)" invalid
Warning from checkvalid: vector i(vd) is not available or has zero length.
Error: RHS "-imag(i(vd))/(2*3.14159*1e6)" invalid
Fatal error: BSIM3v1: mosfet nmos, model m3: Effective channel length <= 0
doAnalyses: no such parameter on this device or parameter is missing

ac simulation(s) aborted
Warning from checkvalid: vector i(vg) is not available or has zero length.
Error: RHS "-imag(i(vg))/(2*3.14159*1e6)" invalid
Warning from checkvalid: vector i(vd) is not available or has zero length.
Error: RHS "-imag(i(vd))/(2*3.14159*1e6)" invalid
Warning from checkvalid: vector i(vs) is not available or has zero length.
Error: RHS "-imag(i(vs))/(2*3.14159*1e6)" invalid
Warning from checkvalid: vector i(vb) is not available or has zero length.
Error: RHS "-imag(i(vb))/(2*3.14159*1e6)" invalid
Error: &cgg_m: no such variable.
Error:  cgg_s equals what?.
Error: &cdg_m: no such variable.
Error:  cdg_s equals what?.
Error: &csg_m: no such variable.
Error:  csg_s equals what?.
Error: &cbg_m: no such variable.
Error:  cbg_s equals what?.
Fatal error: BSIM3v1: mosfet nmos, model m3: Effective channel length <= 0
doAnalyses: no such parameter on this device or parameter is missing

ac simulation(s) aborted
Warning from checkvalid: vector i(vg) is not available or has zero length.
Error: RHS "-imag(i(vg))/(2*3.14159*1e6)" invalid
Warning from checkvalid: vector i(vd) is not available or has zero length.
Error: RHS "-imag(i(vd))/(2*3.14159*1e6)" invalid
Warning from checkvalid: vector i(vs) is not available or has zero length.
Error: RHS "-imag(i(vs))/(2*3.14159*1e6)" invalid
Warning from checkvalid: vector i(vb) is not available or has zero length.
Error: RHS "-imag(i(vb))/(2*3.14159*1e6)" invalid
Error: &cgd_m: no such variable.
Error:  cgd_s equals what?.
Error: &cdd_m: no such variable.
Error:  cdd_s equals what?.
Error: &csd_m: no such variable.
Error:  csd_s equals what?.
Error: &cbd_m: no such variable.
Error:  cbd_s equals what?.
Fatal error: BSIM3v1: mosfet nmos, model m3: Effective channel length <= 0
doAnalyses: no such parameter on this device or parameter is missing

ac simulation(s) aborted
Warning from checkvalid: vector i(vg) is not available or has zero length.
Error: RHS "-imag(i(vg))/(2*3.14159*1e6)" invalid
Warning from checkvalid: vector i(vd) is not available or has zero length.
Error: RHS "-imag(i(vd))/(2*3.14159*1e6)" invalid
Warning from checkvalid: vector i(vs) is not available or has zero length.
Error: RHS "-imag(i(vs))/(2*3.14159*1e6)" invalid
Warning from checkvalid: vector i(vb) is not available or has zero length.
Error: RHS "-imag(i(vb))/(2*3.14159*1e6)" invalid
Error: &cgs_m: no such variable.
Error:  cgs_s equals what?.
Error: &cds_m: no such variable.
Error:  cds_s equals what?.
Error: &css_m: no such variable.
Error:  css_s equals what?.
Error: &cbs_m: no such variable.
Error:  cbs_s equals what?.
Fatal error: BSIM3v1: mosfet nmos, model m3: Effective channel length <= 0
doAnalyses: no such parameter on this device or parameter is missing

ac simulation(s) aborted
Warning from checkvalid: vector i(vg) is not available or has zero length.
Error: RHS "-imag(i(vg))/(2*3.14159*1e6)" invalid
Warning from checkvalid: vector i(vd) is not available or has zero length.
Error: RHS "-imag(i(vd))/(2*3.14159*1e6)" invalid
Warning from checkvalid: vector i(vs) is not available or has zero length.
Error: RHS "-imag(i(vs))/(2*3.14159*1e6)" invalid
Warning from checkvalid: vector i(vb) is not available or has zero length.
Error: RHS "-imag(i(vb))/(2*3.14159*1e6)" invalid
Error: &cgb_m: no such variable.
Error:  cgb_s equals what?.
Error: &cdb_m: no such variable.
Error:  cdb_s equals what?.
Error: &csb_m: no such variable.
Error:  csb_s equals what?.
Error: &cbb_m: no such variable.
Error:  cbb_s equals what?.
Error: cgg_s: no such variable.
Error: cdg_s: no such variable.
Error: csg_s: no such variable.
Error: cbg_s: no such variable.
Error: cgd_s: no such variable.
Error: cdd_s: no such variable.
Error: csd_s: no such variable.
Error: cbd_s: no such variable.
Error: cgs_s: no such variable.
Error: cds_s: no such variable.
Error: css_s: no such variable.
Error: cbs_s: no such variable.
Error: cgb_s: no such variable.
Error: cdb_s: no such variable.
Error: csb_s: no such variable.
Error: cbb_s: no such variable.
Fatal error: BSIM3v1: mosfet nmos, model m3: Effective channel length <= 0
doAnalyses: no such parameter on this device or parameter is missing

ac simulation(s) aborted
Warning from checkvalid: vector i(vg) is not available or has zero length.
Error: RHS "-imag(i(vg))/(2*3.14159*1e3)" invalid
Fatal error: BSIM3v1: mosfet nmos, model m3: Effective channel length <= 0
doAnalyses: no such parameter on this device or parameter is missing

ac simulation(s) aborted
Warning from checkvalid: vector i(vg) is not available or has zero length.
Error: RHS "-imag(i(vg))/(2*3.14159*1e4)" invalid
Fatal error: BSIM3v1: mosfet nmos, model m3: Effective channel length <= 0
doAnalyses: no such parameter on this device or parameter is missing

ac simulation(s) aborted
Warning from checkvalid: vector i(vg) is not available or has zero length.
Error: RHS "-imag(i(vg))/(2*3.14159*1e5)" invalid
Fatal error: BSIM3v1: mosfet nmos, model m3: Effective channel length <= 0
doAnalyses: no such parameter on this device or parameter is missing

ac simulation(s) aborted
Warning from checkvalid: vector i(vg) is not available or has zero length.
Error: RHS "-imag(i(vg))/(2*3.14159*1e6)" invalid
Warning from checkvalid: vector i(vb) is not available or has zero length.
Error: RHS "-imag(i(vb))/(2*3.14159*1e6)" invalid
Warning from checkvalid: vector i(vs) is not available or has zero length.
Error: RHS "-imag(i(vs))/(2*3.14159*1e6)" invalid
Warning from checkvalid: vector i(vd) is not available or has zero length.
Error: RHS "-imag(i(vd))/(2*3.14159*1e6)" invalid
Fatal error: BSIM3v1: mosfet nmos, model m3: Effective channel length <= 0
doAnalyses: no such parameter on this device or parameter is missing

ac simulation(s) aborted
Warning from checkvalid: vector i(vg) is not available or has zero length.
Error: RHS "-imag(i(vg))/(2*3.14159*1e6)" invalid
Warning from checkvalid: vector i(vd) is not available or has zero length.
Error: RHS "-imag(i(vd))/(2*3.14159*1e6)" invalid
Warning from checkvalid: vector i(vs) is not available or has zero length.
Error: RHS "-imag(i(vs))/(2*3.14159*1e6)" invalid
Warning from checkvalid: vector i(vb) is not available or has zero length.
Error: RHS "-imag(i(vb))/(2*3.14159*1e6)" invalid
Error: &cgg_m: no such variable.
Error:  cgg_s equals what?.
Error: &cdg_m: no such variable.
Error:  cdg_s equals what?.
Error: &csg_m: no such variable.
Error:  csg_s equals what?.
Error: &cbg_m: no such variable.
Error:  cbg_s equals what?.
Fatal error: BSIM3v1: mosfet nmos, model m3: Effective channel length <= 0
doAnalyses: no such parameter on this device or parameter is missing

ac simulation(s) aborted
Warning from checkvalid: vector i(vg) is not available or has zero length.
Error: RHS "-imag(i(vg))/(2*3.14159*1e6)" invalid
Warning from checkvalid: vector i(vd) is not available or has zero length.
Error: RHS "-imag(i(vd))/(2*3.14159*1e6)" invalid
Warning from checkvalid: vector i(vs) is not available or has zero length.
Error: RHS "-imag(i(vs))/(2*3.14159*1e6)" invalid
Warning from checkvalid: vector i(vb) is not available or has zero length.
Error: RHS "-imag(i(vb))/(2*3.14159*1e6)" invalid
Error: &cgd_m: no such variable.
Error:  cgd_s equals what?.
Error: &cdd_m: no such variable.
Error:  cdd_s equals what?.
Error: &csd_m: no such variable.
Error:  csd_s equals what?.
Error: &cbd_m: no such variable.
Error:  cbd_s equals what?.
Fatal error: BSIM3v1: mosfet nmos, model m3: Effective channel length <= 0
doAnalyses: no such parameter on this device or parameter is missing

ac simulation(s) aborted
Warning from checkvalid: vector i(vg) is not available or has zero length.
Error: RHS "-imag(i(vg))/(2*3.14159*1e6)" invalid
Warning from checkvalid: vector i(vd) is not available or has zero length.
Error: RHS "-imag(i(vd))/(2*3.14159*1e6)" invalid
Warning from checkvalid: vector i(vs) is not available or has zero length.
Error: RHS "-imag(i(vs))/(2*3.14159*1e6)" invalid
Warning from checkvalid: vector i(vb) is not available or has zero length.
Error: RHS "-imag(i(vb))/(2*3.14159*1e6)" invalid
Error: &cgs_m: no such variable.
Error:  cgs_s equals what?.
Error: &cds_m: no such variable.
Error:  cds_s equals what?.
Error: &css_m: no such variable.
Error:  css_s equals what?.
Error: &cbs_m: no such variable.
Error:  cbs_s equals what?.
Fatal error: BSIM3v1: mosfet nmos, model m3: Effective channel length <= 0
doAnalyses: no such parameter on this device or parameter is missing

ac simulation(s) aborted
Warning from checkvalid: vector i(vg) is not available or has zero length.
Error: RHS "-imag(i(vg))/(2*3.14159*1e6)" invalid
Warning from checkvalid: vector i(vd) is not available or has zero length.
Error: RHS "-imag(i(vd))/(2*3.14159*1e6)" invalid
Warning from checkvalid: vector i(vs) is not available or has zero length.
Error: RHS "-imag(i(vs))/(2*3.14159*1e6)" invalid
Warning from checkvalid: vector i(vb) is not available or has zero length.
Error: RHS "-imag(i(vb))/(2*3.14159*1e6)" invalid
Error: &cgb_m: no such variable.
Error:  cgb_s equals what?.
Error: &cdb_m: no such variable.
Error:  cdb_s equals what?.
Error: &csb_m: no such variable.
Error:  csb_s equals what?.
Error: &cbb_m: no such variable.
Error:  cbb_s equals what?.
Error: cgg_s: no such variable.
Error: cdg_s: no such variable.
Error: csg_s: no such variable.
Error: cbg_s: no such variable.
Error: cgd_s: no such variable.
Error: cdd_s: no such variable.
Error: csd_s: no such variable.
Error: cbd_s: no such variable.
Error: cgs_s: no such variable.
Error: cds_s: no such variable.
Error: css_s: no such variable.
Error: cbs_s: no such variable.
Error: cgb_s: no such variable.
Error: cdb_s: no such variable.
Error: csb_s: no such variable.
Error: cbb_s: no such variable.
Fatal error: BSIM3v1: mosfet nmos, model m3: Effective channel length <= 0
doAnalyses: no such parameter on this device or parameter is missing

ac simulation(s) aborted
Warning from checkvalid: vector i(vg) is not available or has zero length.
Error: RHS "-imag(i(vg))/(2*3.14159*1e3)" invalid
Fatal error: BSIM3v1: mosfet nmos, model m3: Effective channel length <= 0
doAnalyses: no such parameter on this device or parameter is missing

ac simulation(s) aborted
Warning from checkvalid: vector i(vg) is not available or has zero length.
Error: RHS "-imag(i(vg))/(2*3.14159*1e4)" invalid
Fatal error: BSIM3v1: mosfet nmos, model m3: Effective channel length <= 0
doAnalyses: no such parameter on this device or parameter is missing

ac simulation(s) aborted
Warning from checkvalid: vector i(vg) is not available or has zero length.
Error: RHS "-imag(i(vg))/(2*3.14159*1e5)" invalid
Fatal error: BSIM3v1: mosfet nmos, model m3: Effective channel length <= 0
doAnalyses: no such parameter on this device or parameter is missing

ac simulation(s) aborted
Warning from checkvalid: vector i(vg) is not available or has zero length.
Error: RHS "-imag(i(vg))/(2*3.14159*1e6)" invalid
Warning from checkvalid: vector i(vb) is not available or has zero length.
Error: RHS "-imag(i(vb))/(2*3.14159*1e6)" invalid
Warning from checkvalid: vector i(vs) is not available or has zero length.
Error: RHS "-imag(i(vs))/(2*3.14159*1e6)" invalid
Warning from checkvalid: vector i(vd) is not available or has zero length.
Error: RHS "-imag(i(vd))/(2*3.14159*1e6)" invalid
Fatal error: BSIM3v1: mosfet nmos, model m3: Effective channel length <= 0
doAnalyses: no such parameter on this device or parameter is missing

ac simulation(s) aborted
Warning from checkvalid: vector i(vg) is not available or has zero length.
Error: RHS "-imag(i(vg))/(2*3.14159*1e6)" invalid
Warning from checkvalid: vector i(vd) is not available or has zero length.
Error: RHS "-imag(i(vd))/(2*3.14159*1e6)" invalid
Warning from checkvalid: vector i(vs) is not available or has zero length.
Error: RHS "-imag(i(vs))/(2*3.14159*1e6)" invalid
Warning from checkvalid: vector i(vb) is not available or has zero length.
Error: RHS "-imag(i(vb))/(2*3.14159*1e6)" invalid
Error: &cgg_m: no such variable.
Error:  cgg_s equals what?.
Error: &cdg_m: no such variable.
Error:  cdg_s equals what?.
Error: &csg_m: no such variable.
Error:  csg_s equals what?.
Error: &cbg_m: no such variable.
Error:  cbg_s equals what?.
Fatal error: BSIM3v1: mosfet nmos, model m3: Effective channel length <= 0
doAnalyses: no such parameter on this device or parameter is missing

ac simulation(s) aborted
Warning from checkvalid: vector i(vg) is not available or has zero length.
Error: RHS "-imag(i(vg))/(2*3.14159*1e6)" invalid
Warning from checkvalid: vector i(vd) is not available or has zero length.
Error: RHS "-imag(i(vd))/(2*3.14159*1e6)" invalid
Warning from checkvalid: vector i(vs) is not available or has zero length.
Error: RHS "-imag(i(vs))/(2*3.14159*1e6)" invalid
Warning from checkvalid: vector i(vb) is not available or has zero length.
Error: RHS "-imag(i(vb))/(2*3.14159*1e6)" invalid
Error: &cgd_m: no such variable.
Error:  cgd_s equals what?.
Error: &cdd_m: no such variable.
Error:  cdd_s equals what?.
Error: &csd_m: no such variable.
Error:  csd_s equals what?.
Error: &cbd_m: no such variable.
Error:  cbd_s equals what?.
Fatal error: BSIM3v1: mosfet nmos, model m3: Effective channel length <= 0
doAnalyses: no such parameter on this device or parameter is missing

ac simulation(s) aborted
Warning from checkvalid: vector i(vg) is not available or has zero length.
Error: RHS "-imag(i(vg))/(2*3.14159*1e6)" invalid
Warning from checkvalid: vector i(vd) is not available or has zero length.
Error: RHS "-imag(i(vd))/(2*3.14159*1e6)" invalid
Warning from checkvalid: vector i(vs) is not available or has zero length.
Error: RHS "-imag(i(vs))/(2*3.14159*1e6)" invalid
Warning from checkvalid: vector i(vb) is not available or has zero length.
Error: RHS "-imag(i(vb))/(2*3.14159*1e6)" invalid
Error: &cgs_m: no such variable.
Error:  cgs_s equals what?.
Error: &cds_m: no such variable.
Error:  cds_s equals what?.
Error: &css_m: no such variable.
Error:  css_s equals what?.
Error: &cbs_m: no such variable.
Error:  cbs_s equals what?.
Fatal error: BSIM3v1: mosfet nmos, model m3: Effective channel length <= 0
doAnalyses: no such parameter on this device or parameter is missing

ac simulation(s) aborted
Warning from checkvalid: vector i(vg) is not available or has zero length.
Error: RHS "-imag(i(vg))/(2*3.14159*1e6)" invalid
Warning from checkvalid: vector i(vd) is not available or has zero length.
Error: RHS "-imag(i(vd))/(2*3.14159*1e6)" invalid
Warning from checkvalid: vector i(vs) is not available or has zero length.
Error: RHS "-imag(i(vs))/(2*3.14159*1e6)" invalid
Warning from checkvalid: vector i(vb) is not available or has zero length.
Error: RHS "-imag(i(vb))/(2*3.14159*1e6)" invalid
Error: &cgb_m: no such variable.
Error:  cgb_s equals what?.
Error: &cdb_m: no such variable.
Error:  cdb_s equals what?.
Error: &csb_m: no such variable.
Error:  csb_s equals what?.
Error: &cbb_m: no such variable.
Error:  cbb_s equals what?.
Error: cgg_s: no such variable.
Error: cdg_s: no such variable.
Error: csg_s: no such variable.
Error: cbg_s: no such variable.
Error: cgd_s: no such variable.
Error: cdd_s: no such variable.
Error: csd_s: no such variable.
Error: cbd_s: no such variable.
Error: cgs_s: no such variable.
Error: cds_s: no such variable.
Error: css_s: no such variable.
Error: cbs_s: no such variable.
Error: cgb_s: no such variable.
Error: cdb_s: no such variable.
Error: csb_s: no such variable.
Error: cbb_s: no such variable.
Fatal error: BSIM3v1: mosfet nmos, model m3: Effective channel length <= 0
doAnalyses: no such parameter on this device or parameter is missing

ac simulation(s) aborted
Warning from checkvalid: vector i(vg) is not available or has zero length.
Error: RHS "-imag(i(vg))/(2*3.14159*1e3)" invalid
Fatal error: BSIM3v1: mosfet nmos, model m3: Effective channel length <= 0
doAnalyses: no such parameter on this device or parameter is missing

ac simulation(s) aborted
Warning from checkvalid: vector i(vg) is not available or has zero length.
Error: RHS "-imag(i(vg))/(2*3.14159*1e4)" invalid
Fatal error: BSIM3v1: mosfet nmos, model m3: Effective channel length <= 0
doAnalyses: no such parameter on this device or parameter is missing

ac simulation(s) aborted
Warning from checkvalid: vector i(vg) is not available or has zero length.
Error: RHS "-imag(i(vg))/(2*3.14159*1e5)" invalid
Fatal error: BSIM3v1: mosfet nmos, model m3: Effective channel length <= 0
doAnalyses: no such parameter on this device or parameter is missing

ac simulation(s) aborted
Warning from checkvalid: vector i(vg) is not available or has zero length.
Error: RHS "-imag(i(vg))/(2*3.14159*1e6)" invalid
Warning from checkvalid: vector i(vb) is not available or has zero length.
Error: RHS "-imag(i(vb))/(2*3.14159*1e6)" invalid
Warning from checkvalid: vector i(vs) is not available or has zero length.
Error: RHS "-imag(i(vs))/(2*3.14159*1e6)" invalid
Warning from checkvalid: vector i(vd) is not available or has zero length.
Error: RHS "-imag(i(vd))/(2*3.14159*1e6)" invalid
Fatal error: BSIM3v1: mosfet nmos, model m3: Effective channel length <= 0
doAnalyses: no such parameter on this device or parameter is missing

ac simulation(s) aborted
Warning from checkvalid: vector i(vg) is not available or has zero length.
Error: RHS "-imag(i(vg))/(2*3.14159*1e6)" invalid
Warning from checkvalid: vector i(vd) is not available or has zero length.
Error: RHS "-imag(i(vd))/(2*3.14159*1e6)" invalid
Warning from checkvalid: vector i(vs) is not available or has zero length.
Error: RHS "-imag(i(vs))/(2*3.14159*1e6)" invalid
Warning from checkvalid: vector i(vb) is not available or has zero length.
Error: RHS "-imag(i(vb))/(2*3.14159*1e6)" invalid
Error: &cgg_m: no such variable.
Error:  cgg_s equals what?.
Error: &cdg_m: no such variable.
Error:  cdg_s equals what?.
Error: &csg_m: no such variable.
Error:  csg_s equals what?.
Error: &cbg_m: no such variable.
Error:  cbg_s equals what?.
Fatal error: BSIM3v1: mosfet nmos, model m3: Effective channel length <= 0
doAnalyses: no such parameter on this device or parameter is missing

ac simulation(s) aborted
Warning from checkvalid: vector i(vg) is not available or has zero length.
Error: RHS "-imag(i(vg))/(2*3.14159*1e6)" invalid
Warning from checkvalid: vector i(vd) is not available or has zero length.
Error: RHS "-imag(i(vd))/(2*3.14159*1e6)" invalid
Warning from checkvalid: vector i(vs) is not available or has zero length.
Error: RHS "-imag(i(vs))/(2*3.14159*1e6)" invalid
Warning from checkvalid: vector i(vb) is not available or has zero length.
Error: RHS "-imag(i(vb))/(2*3.14159*1e6)" invalid
Error: &cgd_m: no such variable.
Error:  cgd_s equals what?.
Error: &cdd_m: no such variable.
Error:  cdd_s equals what?.
Error: &csd_m: no such variable.
Error:  csd_s equals what?.
Error: &cbd_m: no such variable.
Error:  cbd_s equals what?.
Fatal error: BSIM3v1: mosfet nmos, model m3: Effective channel length <= 0
doAnalyses: no such parameter on this device or parameter is missing

ac simulation(s) aborted
Warning from checkvalid: vector i(vg) is not available or has zero length.
Error: RHS "-imag(i(vg))/(2*3.14159*1e6)" invalid
Warning from checkvalid: vector i(vd) is not available or has zero length.
Error: RHS "-imag(i(vd))/(2*3.14159*1e6)" invalid
Warning from checkvalid: vector i(vs) is not available or has zero length.
Error: RHS "-imag(i(vs))/(2*3.14159*1e6)" invalid
Warning from checkvalid: vector i(vb) is not available or has zero length.
Error: RHS "-imag(i(vb))/(2*3.14159*1e6)" invalid
Error: &cgs_m: no such variable.
Error:  cgs_s equals what?.
Error: &cds_m: no such variable.
Error:  cds_s equals what?.
Error: &css_m: no such variable.
Error:  css_s equals what?.
Error: &cbs_m: no such variable.
Error:  cbs_s equals what?.
Fatal error: BSIM3v1: mosfet nmos, model m3: Effective channel length <= 0
doAnalyses: no such parameter on this device or parameter is missing

ac simulation(s) aborted
Warning from checkvalid: vector i(vg) is not available or has zero length.
Error: RHS "-imag(i(vg))/(2*3.14159*1e6)" invalid
Warning from checkvalid: vector i(vd) is not available or has zero length.
Error: RHS "-imag(i(vd))/(2*3.14159*1e6)" invalid
Warning from checkvalid: vector i(vs) is not available or has zero length.
Error: RHS "-imag(i(vs))/(2*3.14159*1e6)" invalid
Warning from checkvalid: vector i(vb) is not available or has zero length.
Error: RHS "-imag(i(vb))/(2*3.14159*1e6)" invalid
Error: &cgb_m: no such variable.
Error:  cgb_s equals what?.
Error: &cdb_m: no such variable.
Error:  cdb_s equals what?.
Error: &csb_m: no such variable.
Error:  csb_s equals what?.
Error: &cbb_m: no such variable.
Error:  cbb_s equals what?.
Error: cgg_s: no such variable.
Error: cdg_s: no such variable.
Error: csg_s: no such variable.
Error: cbg_s: no such variable.
Error: cgd_s: no such variable.
Error: cdd_s: no such variable.
Error: csd_s: no such variable.
Error: cbd_s: no such variable.
Error: cgs_s: no such variable.
Error: cds_s: no such variable.
Error: css_s: no such variable.
Error: cbs_s: no such variable.
Error: cgb_s: no such variable.
Error: cdb_s: no such variable.
Error: csb_s: no such variable.
Error: cbb_s: no such variable.
Fatal error: BSIM3v1: mosfet nmos, model m3: Effective channel length <= 0
doAnalyses: no such parameter on this device or parameter is missing

ac simulation(s) aborted
Warning from checkvalid: vector i(vg) is not available or has zero length.
Error: RHS "-imag(i(vg))/(2*3.14159*1e3)" invalid
Fatal error: BSIM3v1: mosfet nmos, model m3: Effective channel length <= 0
doAnalyses: no such parameter on this device or parameter is missing

ac simulation(s) aborted
Warning from checkvalid: vector i(vg) is not available or has zero length.
Error: RHS "-imag(i(vg))/(2*3.14159*1e4)" invalid
Fatal error: BSIM3v1: mosfet nmos, model m3: Effective channel length <= 0
doAnalyses: no such parameter on this device or parameter is missing

ac simulation(s) aborted
Warning from checkvalid: vector i(vg) is not available or has zero length.
Error: RHS "-imag(i(vg))/(2*3.14159*1e5)" invalid
Fatal error: BSIM3v1: mosfet nmos, model m3: Effective channel length <= 0
doAnalyses: no such parameter on this device or parameter is missing

ac simulation(s) aborted
Warning from checkvalid: vector i(vg) is not available or has zero length.
Error: RHS "-imag(i(vg))/(2*3.14159*1e6)" invalid
Warning from checkvalid: vector i(vb) is not available or has zero length.
Error: RHS "-imag(i(vb))/(2*3.14159*1e6)" invalid
Warning from checkvalid: vector i(vs) is not available or has zero length.
Error: RHS "-imag(i(vs))/(2*3.14159*1e6)" invalid
Warning from checkvalid: vector i(vd) is not available or has zero length.
Error: RHS "-imag(i(vd))/(2*3.14159*1e6)" invalid
Fatal error: BSIM3v1: mosfet nmos, model m3: Effective channel length <= 0
doAnalyses: no such parameter on this device or parameter is missing

ac simulation(s) aborted
Warning from checkvalid: vector i(vg) is not available or has zero length.
Error: RHS "-imag(i(vg))/(2*3.14159*1e6)" invalid
Warning from checkvalid: vector i(vd) is not available or has zero length.
Error: RHS "-imag(i(vd))/(2*3.14159*1e6)" invalid
Warning from checkvalid: vector i(vs) is not available or has zero length.
Error: RHS "-imag(i(vs))/(2*3.14159*1e6)" invalid
Warning from checkvalid: vector i(vb) is not available or has zero length.
Error: RHS "-imag(i(vb))/(2*3.14159*1e6)" invalid
Error: &cgg_m: no such variable.
Error:  cgg_s equals what?.
Error: &cdg_m: no such variable.
Error:  cdg_s equals what?.
Error: &csg_m: no such variable.
Error:  csg_s equals what?.
Error: &cbg_m: no such variable.
Error:  cbg_s equals what?.
Fatal error: BSIM3v1: mosfet nmos, model m3: Effective channel length <= 0
doAnalyses: no such parameter on this device or parameter is missing

ac simulation(s) aborted
Warning from checkvalid: vector i(vg) is not available or has zero length.
Error: RHS "-imag(i(vg))/(2*3.14159*1e6)" invalid
Warning from checkvalid: vector i(vd) is not available or has zero length.
Error: RHS "-imag(i(vd))/(2*3.14159*1e6)" invalid
Warning from checkvalid: vector i(vs) is not available or has zero length.
Error: RHS "-imag(i(vs))/(2*3.14159*1e6)" invalid
Warning from checkvalid: vector i(vb) is not available or has zero length.
Error: RHS "-imag(i(vb))/(2*3.14159*1e6)" invalid
Error: &cgd_m: no such variable.
Error:  cgd_s equals what?.
Error: &cdd_m: no such variable.
Error:  cdd_s equals what?.
Error: &csd_m: no such variable.
Error:  csd_s equals what?.
Error: &cbd_m: no such variable.
Error:  cbd_s equals what?.
Fatal error: BSIM3v1: mosfet nmos, model m3: Effective channel length <= 0
doAnalyses: no such parameter on this device or parameter is missing

ac simulation(s) aborted
Warning from checkvalid: vector i(vg) is not available or has zero length.
Error: RHS "-imag(i(vg))/(2*3.14159*1e6)" invalid
Warning from checkvalid: vector i(vd) is not available or has zero length.
Error: RHS "-imag(i(vd))/(2*3.14159*1e6)" invalid
Warning from checkvalid: vector i(vs) is not available or has zero length.
Error: RHS "-imag(i(vs))/(2*3.14159*1e6)" invalid
Warning from checkvalid: vector i(vb) is not available or has zero length.
Error: RHS "-imag(i(vb))/(2*3.14159*1e6)" invalid
Error: &cgs_m: no such variable.
Error:  cgs_s equals what?.
Error: &cds_m: no such variable.
Error:  cds_s equals what?.
Error: &css_m: no such variable.
Error:  css_s equals what?.
Error: &cbs_m: no such variable.
Error:  cbs_s equals what?.
Fatal error: BSIM3v1: mosfet nmos, model m3: Effective channel length <= 0
doAnalyses: no such parameter on this device or parameter is missing

ac simulation(s) aborted
Warning from checkvalid: vector i(vg) is not available or has zero length.
Error: RHS "-imag(i(vg))/(2*3.14159*1e6)" invalid
Warning from checkvalid: vector i(vd) is not available or has zero length.
Error: RHS "-imag(i(vd))/(2*3.14159*1e6)" invalid
Warning from checkvalid: vector i(vs) is not available or has zero length.
Error: RHS "-imag(i(vs))/(2*3.14159*1e6)" invalid
Warning from checkvalid: vector i(vb) is not available or has zero length.
Error: RHS "-imag(i(vb))/(2*3.14159*1e6)" invalid
Error: &cgb_m: no such variable.
Error:  cgb_s equals what?.
Error: &cdb_m: no such variable.
Error:  cdb_s equals what?.
Error: &csb_m: no such variable.
Error:  csb_s equals what?.
Error: &cbb_m: no such variable.
Error:  cbb_s equals what?.
Error: cgg_s: no such variable.
Error: cdg_s: no such variable.
Error: csg_s: no such variable.
Error: cbg_s: no such variable.
Error: cgd_s: no such variable.
Error: cdd_s: no such variable.
Error: csd_s: no such variable.
Error: cbd_s: no such variable.
Error: cgs_s: no such variable.
Error: cds_s: no such variable.
Error: css_s: no such variable.
Error: cbs_s: no such variable.
Error: cgb_s: no such variable.
Error: cdb_s: no such variable.
Error: csb_s: no such variable.
Error: cbb_s: no such variable.
Fatal error: BSIM3v1: mosfet nmos, model m3: Effective channel length <= 0
doAnalyses: no such parameter on this device or parameter is missing

ac simulation(s) aborted
Warning from checkvalid: vector i(vg) is not available or has zero length.
Error: RHS "-imag(i(vg))/(2*3.14159*1e3)" invalid
Fatal error: BSIM3v1: mosfet nmos, model m3: Effective channel length <= 0
doAnalyses: no such parameter on this device or parameter is missing

ac simulation(s) aborted
Warning from checkvalid: vector i(vg) is not available or has zero length.
Error: RHS "-imag(i(vg))/(2*3.14159*1e4)" invalid
Fatal error: BSIM3v1: mosfet nmos, model m3: Effective channel length <= 0
doAnalyses: no such parameter on this device or parameter is missing

ac simulation(s) aborted
Warning from checkvalid: vector i(vg) is not available or has zero length.
Error: RHS "-imag(i(vg))/(2*3.14159*1e5)" invalid
Fatal error: BSIM3v1: mosfet nmos, model m3: Effective channel length <= 0
doAnalyses: no such parameter on this device or parameter is missing

ac simulation(s) aborted
Warning from checkvalid: vector i(vg) is not available or has zero length.
Error: RHS "-imag(i(vg))/(2*3.14159*1e6)" invalid
Warning from checkvalid: vector i(vb) is not available or has zero length.
Error: RHS "-imag(i(vb))/(2*3.14159*1e6)" invalid
Warning from checkvalid: vector i(vs) is not available or has zero length.
Error: RHS "-imag(i(vs))/(2*3.14159*1e6)" invalid
Warning from checkvalid: vector i(vd) is not available or has zero length.
Error: RHS "-imag(i(vd))/(2*3.14159*1e6)" invalid
Fatal error: BSIM3v1: mosfet nmos, model m3: Effective channel length <= 0
doAnalyses: no such parameter on this device or parameter is missing

ac simulation(s) aborted
Warning from checkvalid: vector i(vg) is not available or has zero length.
Error: RHS "-imag(i(vg))/(2*3.14159*1e6)" invalid
Warning from checkvalid: vector i(vd) is not available or has zero length.
Error: RHS "-imag(i(vd))/(2*3.14159*1e6)" invalid
Warning from checkvalid: vector i(vs) is not available or has zero length.
Error: RHS "-imag(i(vs))/(2*3.14159*1e6)" invalid
Warning from checkvalid: vector i(vb) is not available or has zero length.
Error: RHS "-imag(i(vb))/(2*3.14159*1e6)" invalid
Error: &cgg_m: no such variable.
Error:  cgg_s equals what?.
Error: &cdg_m: no such variable.
Error:  cdg_s equals what?.
Error: &csg_m: no such variable.
Error:  csg_s equals what?.
Error: &cbg_m: no such variable.
Error:  cbg_s equals what?.
Fatal error: BSIM3v1: mosfet nmos, model m3: Effective channel length <= 0
doAnalyses: no such parameter on this device or parameter is missing

ac simulation(s) aborted
Warning from checkvalid: vector i(vg) is not available or has zero length.
Error: RHS "-imag(i(vg))/(2*3.14159*1e6)" invalid
Warning from checkvalid: vector i(vd) is not available or has zero length.
Error: RHS "-imag(i(vd))/(2*3.14159*1e6)" invalid
Warning from checkvalid: vector i(vs) is not available or has zero length.
Error: RHS "-imag(i(vs))/(2*3.14159*1e6)" invalid
Warning from checkvalid: vector i(vb) is not available or has zero length.
Error: RHS "-imag(i(vb))/(2*3.14159*1e6)" invalid
Error: &cgd_m: no such variable.
Error:  cgd_s equals what?.
Error: &cdd_m: no such variable.
Error:  cdd_s equals what?.
Error: &csd_m: no such variable.
Error:  csd_s equals what?.
Error: &cbd_m: no such variable.
Error:  cbd_s equals what?.
Fatal error: BSIM3v1: mosfet nmos, model m3: Effective channel length <= 0
doAnalyses: no such parameter on this device or parameter is missing

ac simulation(s) aborted
Warning from checkvalid: vector i(vg) is not available or has zero length.
Error: RHS "-imag(i(vg))/(2*3.14159*1e6)" invalid
Warning from checkvalid: vector i(vd) is not available or has zero length.
Error: RHS "-imag(i(vd))/(2*3.14159*1e6)" invalid
Warning from checkvalid: vector i(vs) is not available or has zero length.
Error: RHS "-imag(i(vs))/(2*3.14159*1e6)" invalid
Warning from checkvalid: vector i(vb) is not available or has zero length.
Error: RHS "-imag(i(vb))/(2*3.14159*1e6)" invalid
Error: &cgs_m: no such variable.
Error:  cgs_s equals what?.
Error: &cds_m: no such variable.
Error:  cds_s equals what?.
Error: &css_m: no such variable.
Error:  css_s equals what?.
Error: &cbs_m: no such variable.
Error:  cbs_s equals what?.
Fatal error: BSIM3v1: mosfet nmos, model m3: Effective channel length <= 0
doAnalyses: no such parameter on this device or parameter is missing

ac simulation(s) aborted
Warning from checkvalid: vector i(vg) is not available or has zero length.
Error: RHS "-imag(i(vg))/(2*3.14159*1e6)" invalid
Warning from checkvalid: vector i(vd) is not available or has zero length.
Error: RHS "-imag(i(vd))/(2*3.14159*1e6)" invalid
Warning from checkvalid: vector i(vs) is not available or has zero length.
Error: RHS "-imag(i(vs))/(2*3.14159*1e6)" invalid
Warning from checkvalid: vector i(vb) is not available or has zero length.
Error: RHS "-imag(i(vb))/(2*3.14159*1e6)" invalid
Error: &cgb_m: no such variable.
Error:  cgb_s equals what?.
Error: &cdb_m: no such variable.
Error:  cdb_s equals what?.
Error: &csb_m: no such variable.
Error:  csb_s equals what?.
Error: &cbb_m: no such variable.
Error:  cbb_s equals what?.
Error: cgg_s: no such variable.
Error: cdg_s: no such variable.
Error: csg_s: no such variable.
Error: cbg_s: no such variable.
Error: cgd_s: no such variable.
Error: cdd_s: no such variable.
Error: csd_s: no such variable.
Error: cbd_s: no such variable.
Error: cgs_s: no such variable.
Error: cds_s: no such variable.
Error: css_s: no such variable.
Error: cbs_s: no such variable.
Error: cgb_s: no such variable.
Error: cdb_s: no such variable.
Error: csb_s: no such variable.
Error: cbb_s: no such variable.
Fatal error: BSIM3v1: mosfet nmos, model m3: Effective channel length <= 0
doAnalyses: no such parameter on this device or parameter is missing

ac simulation(s) aborted
Warning from checkvalid: vector i(vg) is not available or has zero length.
Error: RHS "-imag(i(vg))/(2*3.14159*1e3)" invalid
Fatal error: BSIM3v1: mosfet nmos, model m3: Effective channel length <= 0
doAnalyses: no such parameter on this device or parameter is missing

ac simulation(s) aborted
Warning from checkvalid: vector i(vg) is not available or has zero length.
Error: RHS "-imag(i(vg))/(2*3.14159*1e4)" invalid
Fatal error: BSIM3v1: mosfet nmos, model m3: Effective channel length <= 0
doAnalyses: no such parameter on this device or parameter is missing

ac simulation(s) aborted
Warning from checkvalid: vector i(vg) is not available or has zero length.
Error: RHS "-imag(i(vg))/(2*3.14159*1e5)" invalid
Fatal error: BSIM3v1: mosfet nmos, model m3: Effective channel length <= 0
doAnalyses: no such parameter on this device or parameter is missing

ac simulation(s) aborted
Warning from checkvalid: vector i(vg) is not available or has zero length.
Error: RHS "-imag(i(vg))/(2*3.14159*1e6)" invalid
Warning from checkvalid: vector i(vb) is not available or has zero length.
Error: RHS "-imag(i(vb))/(2*3.14159*1e6)" invalid
Warning from checkvalid: vector i(vs) is not available or has zero length.
Error: RHS "-imag(i(vs))/(2*3.14159*1e6)" invalid
Warning from checkvalid: vector i(vd) is not available or has zero length.
Error: RHS "-imag(i(vd))/(2*3.14159*1e6)" invalid
Fatal error: BSIM3v1: mosfet nmos, model m3: Effective channel length <= 0
doAnalyses: no such parameter on this device or parameter is missing

ac simulation(s) aborted
Warning from checkvalid: vector i(vg) is not available or has zero length.
Error: RHS "-imag(i(vg))/(2*3.14159*1e6)" invalid
Warning from checkvalid: vector i(vd) is not available or has zero length.
Error: RHS "-imag(i(vd))/(2*3.14159*1e6)" invalid
Warning from checkvalid: vector i(vs) is not available or has zero length.
Error: RHS "-imag(i(vs))/(2*3.14159*1e6)" invalid
Warning from checkvalid: vector i(vb) is not available or has zero length.
Error: RHS "-imag(i(vb))/(2*3.14159*1e6)" invalid
Error: &cgg_m: no such variable.
Error:  cgg_s equals what?.
Error: &cdg_m: no such variable.
Error:  cdg_s equals what?.
Error: &csg_m: no such variable.
Error:  csg_s equals what?.
Error: &cbg_m: no such variable.
Error:  cbg_s equals what?.
Fatal error: BSIM3v1: mosfet nmos, model m3: Effective channel length <= 0
doAnalyses: no such parameter on this device or parameter is missing

ac simulation(s) aborted
Warning from checkvalid: vector i(vg) is not available or has zero length.
Error: RHS "-imag(i(vg))/(2*3.14159*1e6)" invalid
Warning from checkvalid: vector i(vd) is not available or has zero length.
Error: RHS "-imag(i(vd))/(2*3.14159*1e6)" invalid
Warning from checkvalid: vector i(vs) is not available or has zero length.
Error: RHS "-imag(i(vs))/(2*3.14159*1e6)" invalid
Warning from checkvalid: vector i(vb) is not available or has zero length.
Error: RHS "-imag(i(vb))/(2*3.14159*1e6)" invalid
Error: &cgd_m: no such variable.
Error:  cgd_s equals what?.
Error: &cdd_m: no such variable.
Error:  cdd_s equals what?.
Error: &csd_m: no such variable.
Error:  csd_s equals what?.
Error: &cbd_m: no such variable.
Error:  cbd_s equals what?.
Fatal error: BSIM3v1: mosfet nmos, model m3: Effective channel length <= 0
doAnalyses: no such parameter on this device or parameter is missing

ac simulation(s) aborted
Warning from checkvalid: vector i(vg) is not available or has zero length.
Error: RHS "-imag(i(vg))/(2*3.14159*1e6)" invalid
Warning from checkvalid: vector i(vd) is not available or has zero length.
Error: RHS "-imag(i(vd))/(2*3.14159*1e6)" invalid
Warning from checkvalid: vector i(vs) is not available or has zero length.
Error: RHS "-imag(i(vs))/(2*3.14159*1e6)" invalid
Warning from checkvalid: vector i(vb) is not available or has zero length.
Error: RHS "-imag(i(vb))/(2*3.14159*1e6)" invalid
Error: &cgs_m: no such variable.
Error:  cgs_s equals what?.
Error: &cds_m: no such variable.
Error:  cds_s equals what?.
Error: &css_m: no such variable.
Error:  css_s equals what?.
Error: &cbs_m: no such variable.
Error:  cbs_s equals what?.
Fatal error: BSIM3v1: mosfet nmos, model m3: Effective channel length <= 0
doAnalyses: no such parameter on this device or parameter is missing

ac simulation(s) aborted
Warning from checkvalid: vector i(vg) is not available or has zero length.
Error: RHS "-imag(i(vg))/(2*3.14159*1e6)" invalid
Warning from checkvalid: vector i(vd) is not available or has zero length.
Error: RHS "-imag(i(vd))/(2*3.14159*1e6)" invalid
Warning from checkvalid: vector i(vs) is not available or has zero length.
Error: RHS "-imag(i(vs))/(2*3.14159*1e6)" invalid
Warning from checkvalid: vector i(vb) is not available or has zero length.
Error: RHS "-imag(i(vb))/(2*3.14159*1e6)" invalid
Error: &cgb_m: no such variable.
Error:  cgb_s equals what?.
Error: &cdb_m: no such variable.
Error:  cdb_s equals what?.
Error: &csb_m: no such variable.
Error:  csb_s equals what?.
Error: &cbb_m: no such variable.
Error:  cbb_s equals what?.
Error: cgg_s: no such variable.
Error: cdg_s: no such variable.
Error: csg_s: no such variable.
Error: cbg_s: no such variable.
Error: cgd_s: no such variable.
Error: cdd_s: no such variable.
Error: csd_s: no such variable.
Error: cbd_s: no such variable.
Error: cgs_s: no such variable.
Error: cds_s: no such variable.
Error: css_s: no such variable.
Error: cbs_s: no such variable.
Error: cgb_s: no such variable.
Error: cdb_s: no such variable.
Error: csb_s: no such variable.
Error: cbb_s: no such variable.
Fatal error: BSIM3v1: mosfet nmos, model m3: Effective channel length <= 0
doAnalyses: no such parameter on this device or parameter is missing

ac simulation(s) aborted
Warning from checkvalid: vector i(vgs) is not available or has zero length.
Error: RHS "(-i(vgs)) / v(gate_in2)" invalid
Warning from checkvalid: vector i(vds) is not available or has zero length.
Error: RHS "(-i(vds)) / v(gate_in2)" invalid
Fatal error: BSIM3v1: mosfet nmos, model m3: Effective channel length <= 0
doAnalyses: no such parameter on this device or parameter is missing

ac simulation(s) aborted
Warning from checkvalid: vector i(vgs) is not available or has zero length.
Error: RHS "(-i(vgs)) / v(drain_in2)" invalid
Warning from checkvalid: vector i(vds) is not available or has zero length.
Error: RHS "(-i(vds)) / v(drain_in2)" invalid
Warning from checkvalid: vector ac1.y11 is not available or has zero length.
Error: RHS "1 + 50*ac1.y11" invalid
Warning from checkvalid: vector y12 is not available or has zero length.
Error: RHS "50*y12" invalid
Warning from checkvalid: vector ac1.y21 is not available or has zero length.
Error: RHS "50*ac1.y21" invalid
Warning from checkvalid: vector y22 is not available or has zero length.
Error: RHS "1 + 50*y22" invalid
Warning from checkvalid: vector ac1.y11 is not available or has zero length.
Error: RHS "1 - 50*ac1.y11" invalid
Warning from checkvalid: vector y12 is not available or has zero length.
Error: RHS "-50*y12" invalid
Warning from checkvalid: vector ac1.y21 is not available or has zero length.
Error: RHS "-50*ac1.y21" invalid
Warning from checkvalid: vector y22 is not available or has zero length.
Error: RHS "1 - 50*y22" invalid
Warning from checkvalid: vector a11 is not available or has zero length.
Error: RHS "a11*a22 - a12*a21" invalid
Warning from checkvalid: vector b11 is not available or has zero length.
Error: RHS "(b11*a22 - b12*a21) / deta" invalid
Warning from checkvalid: vector b11 is not available or has zero length.
Error: RHS "(-b11*a12 + b12*a11) / deta" invalid
Warning from checkvalid: vector b21 is not available or has zero length.
Error: RHS "(b21*a22 - b22*a21) / deta" invalid
Warning from checkvalid: vector b21 is not available or has zero length.
Error: RHS "(-b21*a12 + b22*a11) / deta" invalid
Warning from checkvalid: vector s11 is not available or has zero length.
Error: RHS "abs(s11)" invalid
Warning from checkvalid: vector s11 is not available or has zero length.
Error: RHS "180/3.141592653589793*ph(s11)" invalid
Warning from checkvalid: vector s12 is not available or has zero length.
Error: RHS "abs(s12)" invalid
Warning from checkvalid: vector s12 is not available or has zero length.
Error: RHS "180/3.141592653589793*ph(s12)" invalid
Warning from checkvalid: vector s21 is not available or has zero length.
Error: RHS "abs(s21)" invalid
Warning from checkvalid: vector s21 is not available or has zero length.
Error: RHS "180/3.141592653589793*ph(s21)" invalid
Warning from checkvalid: vector s22 is not available or has zero length.
Error: RHS "abs(s22)" invalid
Warning from checkvalid: vector s22 is not available or has zero length.
Error: RHS "180/3.141592653589793*ph(s22)" invalid
Error: &s11_m: no such variable.
Error: &s11_p: no such variable.
Error: &s12_m: no such variable.
Error: &s12_p: no such variable.
Error: &s21_m: no such variable.
Error: &s21_p: no such variable.
Error: &s22_m: no such variable.
Error: &s22_p: no such variable.
Fatal error: BSIM3v1: mosfet nmos, model m3: Effective channel length <= 0
doAnalyses: no such parameter on this device or parameter is missing

ac simulation(s) aborted
Warning from checkvalid: vector i(vgs) is not available or has zero length.
Error: RHS "(-i(vgs)) / v(gate_in2)" invalid
Warning from checkvalid: vector i(vds) is not available or has zero length.
Error: RHS "(-i(vds)) / v(gate_in2)" invalid
Fatal error: BSIM3v1: mosfet nmos, model m3: Effective channel length <= 0
doAnalyses: no such parameter on this device or parameter is missing

ac simulation(s) aborted
Warning from checkvalid: vector i(vgs) is not available or has zero length.
Error: RHS "(-i(vgs)) / v(drain_in2)" invalid
Warning from checkvalid: vector i(vds) is not available or has zero length.
Error: RHS "(-i(vds)) / v(drain_in2)" invalid
Warning from checkvalid: vector ac1.y11 is not available or has zero length.
Error: RHS "1 + 50*ac1.y11" invalid
Warning from checkvalid: vector y12 is not available or has zero length.
Error: RHS "50*y12" invalid
Warning from checkvalid: vector ac1.y21 is not available or has zero length.
Error: RHS "50*ac1.y21" invalid
Warning from checkvalid: vector y22 is not available or has zero length.
Error: RHS "1 + 50*y22" invalid
Warning from checkvalid: vector ac1.y11 is not available or has zero length.
Error: RHS "1 - 50*ac1.y11" invalid
Warning from checkvalid: vector y12 is not available or has zero length.
Error: RHS "-50*y12" invalid
Warning from checkvalid: vector ac1.y21 is not available or has zero length.
Error: RHS "-50*ac1.y21" invalid
Warning from checkvalid: vector y22 is not available or has zero length.
Error: RHS "1 - 50*y22" invalid
Warning from checkvalid: vector a11 is not available or has zero length.
Error: RHS "a11*a22 - a12*a21" invalid
Warning from checkvalid: vector b11 is not available or has zero length.
Error: RHS "(b11*a22 - b12*a21) / deta" invalid
Warning from checkvalid: vector b11 is not available or has zero length.
Error: RHS "(-b11*a12 + b12*a11) / deta" invalid
Warning from checkvalid: vector b21 is not available or has zero length.
Error: RHS "(b21*a22 - b22*a21) / deta" invalid
Warning from checkvalid: vector b21 is not available or has zero length.
Error: RHS "(-b21*a12 + b22*a11) / deta" invalid
Warning from checkvalid: vector s11 is not available or has zero length.
Error: RHS "abs(s11)" invalid
Warning from checkvalid: vector s11 is not available or has zero length.
Error: RHS "180/3.141592653589793*ph(s11)" invalid
Warning from checkvalid: vector s12 is not available or has zero length.
Error: RHS "abs(s12)" invalid
Warning from checkvalid: vector s12 is not available or has zero length.
Error: RHS "180/3.141592653589793*ph(s12)" invalid
Warning from checkvalid: vector s21 is not available or has zero length.
Error: RHS "abs(s21)" invalid
Warning from checkvalid: vector s21 is not available or has zero length.
Error: RHS "180/3.141592653589793*ph(s21)" invalid
Warning from checkvalid: vector s22 is not available or has zero length.
Error: RHS "abs(s22)" invalid
Warning from checkvalid: vector s22 is not available or has zero length.
Error: RHS "180/3.141592653589793*ph(s22)" invalid
Error: &s11_m: no such variable.
Error: &s11_p: no such variable.
Error: &s12_m: no such variable.
Error: &s12_p: no such variable.
Error: &s21_m: no such variable.
Error: &s21_p: no such variable.
Error: &s22_m: no such variable.
Error: &s22_p: no such variable.
Fatal error: BSIM3v1: mosfet nmos, model m3: Effective channel length <= 0
doAnalyses: no such parameter on this device or parameter is missing

ac simulation(s) aborted
Warning from checkvalid: vector i(vgs) is not available or has zero length.
Error: RHS "(-i(vgs)) / v(gate_in2)" invalid
Warning from checkvalid: vector i(vds) is not available or has zero length.
Error: RHS "(-i(vds)) / v(gate_in2)" invalid
Fatal error: BSIM3v1: mosfet nmos, model m3: Effective channel length <= 0
doAnalyses: no such parameter on this device or parameter is missing

ac simulation(s) aborted
Warning from checkvalid: vector i(vgs) is not available or has zero length.
Error: RHS "(-i(vgs)) / v(drain_in2)" invalid
Warning from checkvalid: vector i(vds) is not available or has zero length.
Error: RHS "(-i(vds)) / v(drain_in2)" invalid
Warning from checkvalid: vector ac1.y11 is not available or has zero length.
Error: RHS "1 + 50*ac1.y11" invalid
Warning from checkvalid: vector y12 is not available or has zero length.
Error: RHS "50*y12" invalid
Warning from checkvalid: vector ac1.y21 is not available or has zero length.
Error: RHS "50*ac1.y21" invalid
Warning from checkvalid: vector y22 is not available or has zero length.
Error: RHS "1 + 50*y22" invalid
Warning from checkvalid: vector ac1.y11 is not available or has zero length.
Error: RHS "1 - 50*ac1.y11" invalid
Warning from checkvalid: vector y12 is not available or has zero length.
Error: RHS "-50*y12" invalid
Warning from checkvalid: vector ac1.y21 is not available or has zero length.
Error: RHS "-50*ac1.y21" invalid
Warning from checkvalid: vector y22 is not available or has zero length.
Error: RHS "1 - 50*y22" invalid
Warning from checkvalid: vector a11 is not available or has zero length.
Error: RHS "a11*a22 - a12*a21" invalid
Warning from checkvalid: vector b11 is not available or has zero length.
Error: RHS "(b11*a22 - b12*a21) / deta" invalid
Warning from checkvalid: vector b11 is not available or has zero length.
Error: RHS "(-b11*a12 + b12*a11) / deta" invalid
Warning from checkvalid: vector b21 is not available or has zero length.
Error: RHS "(b21*a22 - b22*a21) / deta" invalid
Warning from checkvalid: vector b21 is not available or has zero length.
Error: RHS "(-b21*a12 + b22*a11) / deta" invalid
Warning from checkvalid: vector s11 is not available or has zero length.
Error: RHS "abs(s11)" invalid
Warning from checkvalid: vector s11 is not available or has zero length.
Error: RHS "180/3.141592653589793*ph(s11)" invalid
Warning from checkvalid: vector s12 is not available or has zero length.
Error: RHS "abs(s12)" invalid
Warning from checkvalid: vector s12 is not available or has zero length.
Error: RHS "180/3.141592653589793*ph(s12)" invalid
Warning from checkvalid: vector s21 is not available or has zero length.
Error: RHS "abs(s21)" invalid
Warning from checkvalid: vector s21 is not available or has zero length.
Error: RHS "180/3.141592653589793*ph(s21)" invalid
Warning from checkvalid: vector s22 is not available or has zero length.
Error: RHS "abs(s22)" invalid
Warning from checkvalid: vector s22 is not available or has zero length.
Error: RHS "180/3.141592653589793*ph(s22)" invalid
Error: &s11_m: no such variable.
Error: &s11_p: no such variable.
Error: &s12_m: no such variable.
Error: &s12_p: no such variable.
Error: &s21_m: no such variable.
Error: &s21_p: no such variable.
Error: &s22_m: no such variable.
Error: &s22_p: no such variable.
Fatal error: BSIM3v1: mosfet nmos, model m3: Effective channel length <= 0
doAnalyses: no such parameter on this device or parameter is missing

ac simulation(s) aborted
Warning from checkvalid: vector i(vgs) is not available or has zero length.
Error: RHS "(-i(vgs)) / v(gate_in2)" invalid
Warning from checkvalid: vector i(vds) is not available or has zero length.
Error: RHS "(-i(vds)) / v(gate_in2)" invalid
Fatal error: BSIM3v1: mosfet nmos, model m3: Effective channel length <= 0
doAnalyses: no such parameter on this device or parameter is missing

ac simulation(s) aborted
Warning from checkvalid: vector i(vgs) is not available or has zero length.
Error: RHS "(-i(vgs)) / v(drain_in2)" invalid
Warning from checkvalid: vector i(vds) is not available or has zero length.
Error: RHS "(-i(vds)) / v(drain_in2)" invalid
Warning from checkvalid: vector ac1.y11 is not available or has zero length.
Error: RHS "1 + 50*ac1.y11" invalid
Warning from checkvalid: vector y12 is not available or has zero length.
Error: RHS "50*y12" invalid
Warning from checkvalid: vector ac1.y21 is not available or has zero length.
Error: RHS "50*ac1.y21" invalid
Warning from checkvalid: vector y22 is not available or has zero length.
Error: RHS "1 + 50*y22" invalid
Warning from checkvalid: vector ac1.y11 is not available or has zero length.
Error: RHS "1 - 50*ac1.y11" invalid
Warning from checkvalid: vector y12 is not available or has zero length.
Error: RHS "-50*y12" invalid
Warning from checkvalid: vector ac1.y21 is not available or has zero length.
Error: RHS "-50*ac1.y21" invalid
Warning from checkvalid: vector y22 is not available or has zero length.
Error: RHS "1 - 50*y22" invalid
Warning from checkvalid: vector a11 is not available or has zero length.
Error: RHS "a11*a22 - a12*a21" invalid
Warning from checkvalid: vector b11 is not available or has zero length.
Error: RHS "(b11*a22 - b12*a21) / deta" invalid
Warning from checkvalid: vector b11 is not available or has zero length.
Error: RHS "(-b11*a12 + b12*a11) / deta" invalid
Warning from checkvalid: vector b21 is not available or has zero length.
Error: RHS "(b21*a22 - b22*a21) / deta" invalid
Warning from checkvalid: vector b21 is not available or has zero length.
Error: RHS "(-b21*a12 + b22*a11) / deta" invalid
Warning from checkvalid: vector s11 is not available or has zero length.
Error: RHS "abs(s11)" invalid
Warning from checkvalid: vector s11 is not available or has zero length.
Error: RHS "180/3.141592653589793*ph(s11)" invalid
Warning from checkvalid: vector s12 is not available or has zero length.
Error: RHS "abs(s12)" invalid
Warning from checkvalid: vector s12 is not available or has zero length.
Error: RHS "180/3.141592653589793*ph(s12)" invalid
Warning from checkvalid: vector s21 is not available or has zero length.
Error: RHS "abs(s21)" invalid
Warning from checkvalid: vector s21 is not available or has zero length.
Error: RHS "180/3.141592653589793*ph(s21)" invalid
Warning from checkvalid: vector s22 is not available or has zero length.
Error: RHS "abs(s22)" invalid
Warning from checkvalid: vector s22 is not available or has zero length.
Error: RHS "180/3.141592653589793*ph(s22)" invalid
Error: &s11_m: no such variable.
Error: &s11_p: no such variable.
Error: &s12_m: no such variable.
Error: &s12_p: no such variable.
Error: &s21_m: no such variable.
Error: &s21_p: no such variable.
Error: &s22_m: no such variable.
Error: &s22_p: no such variable.
Fatal error: BSIM3v1: mosfet nmos, model m3: Effective channel length <= 0
doAnalyses: no such parameter on this device or parameter is missing

ac simulation(s) aborted
Warning from checkvalid: vector gate_1 is not available or has zero length.
Error: RHS "180/3.14159*ph(v(gate_1))" invalid
Warning from checkvalid: vector i(vd) is not available or has zero length.
Error: RHS "180/3.14159*ph(i(vd))" invalid
Warning from checkvalid: vector vg_phase_1 is not available or has zero length.
Error: RHS "vg_phase_1 - id_phase_1" invalid
Error: &vg_phase_1: no such variable.
Error: &id_phase_1: no such variable.
Error: &phase_diff_1: no such variable.
Fatal error: BSIM3v1: mosfet nmos, model m3: Effective channel length <= 0
doAnalyses: no such parameter on this device or parameter is missing

ac simulation(s) aborted
Warning from checkvalid: vector gate_1 is not available or has zero length.
Error: RHS "180/3.14159*ph(v(gate_1))" invalid
Warning from checkvalid: vector i(vd) is not available or has zero length.
Error: RHS "180/3.14159*ph(i(vd))" invalid
Warning from checkvalid: vector vg_phase_2 is not available or has zero length.
Error: RHS "vg_phase_2 - id_phase_2" invalid
Error: &vg_phase_2: no such variable.
Error: &id_phase_2: no such variable.
Error: &phase_diff_2: no such variable.
Fatal error: BSIM3v1: mosfet nmos, model m3: Effective channel length <= 0
doAnalyses: no such parameter on this device or parameter is missing

ac simulation(s) aborted
Warning from checkvalid: vector gate_1 is not available or has zero length.
Error: RHS "180/3.14159*ph(v(gate_1))" invalid
Warning from checkvalid: vector i(vd) is not available or has zero length.
Error: RHS "180/3.14159*ph(i(vd))" invalid
Warning from checkvalid: vector vg_phase_3 is not available or has zero length.
Error: RHS "vg_phase_3 - id_phase_3" invalid
Error: &vg_phase_3: no such variable.
Error: &id_phase_3: no such variable.
Error: &phase_diff_3: no such variable.
Fatal error: BSIM3v1: mosfet nmos, model m3: Effective channel length <= 0
doAnalyses: no such parameter on this device or parameter is missing

ac simulation(s) aborted
Warning from checkvalid: vector gate_1 is not available or has zero length.
Error: RHS "180/3.14159*ph(v(gate_1))" invalid
Warning from checkvalid: vector i(vd) is not available or has zero length.
Error: RHS "180/3.14159*ph(i(vd))" invalid
Warning from checkvalid: vector vg_phase_4 is not available or has zero length.
Error: RHS "vg_phase_4 - id_phase_4" invalid
Error: &vg_phase_4: no such variable.
Error: &id_phase_4: no such variable.
Error: &phase_diff_4: no such variable.
Fatal error: BSIM3v1: mosfet nmos, model m3: Effective channel length <= 0
doAnalyses: no such parameter on this device or parameter is missing

tran simulation(s) aborted

Error: no such function as i,
    or i(VGQ) is not available.
Error during 'write': no writable vector found.

[WARNING]: Simulation warnings: Warning: Model issue on line 6 :
  .model nmos nmos a0=1.1 a1=0.000000e+00 a2=1.0 ags=-0.01 alpha0=0.000000 ...
unrecognized parameter (cta) - ignored
unrecognized parameter (ctp) - ignored
unrecognized parameter (n) - ignored
unrecognized parameter (php) - ignored
unrecognized parameter (pta) - ignored
unrecognized parameter (ptp) - ignored
unrecognized parameter (tref) - ignored
unrecognized parameter (binflag) - ignored
unrecognized parameter (xl) - ignored
unrecognized parameter (xw) - ignored

Warning: Model issue on line 29 :
  .model pmos pmos a0=2.1199999 a1=0.000000e+00 a2=0.4 acm=0 ags=-0.1 alph ...
unrecognized parameter (acm) - ignored
unrecognized parameter (cta) - ignored
unrecognized parameter (ctp) - ignored
unrecognized parameter (n) - ignored
unrecognized parameter (php) - ignored
unrecognized parameter (pta) - ignored
unrecognized parameter (ptp) - ignored
unrecognized parameter (tref) - ignored
unrecognized parameter (binflag) - ignored
unrecognized parameter (ldif) - ignored
unrecognized parameter (rd) - ignored
unrecognized parameter (rdc) - ignored
unrecognized parameter (rs) - ignored
unrecognized parameter (rsc) - ignored
unrecognized parameter (xl) - ignored
unrecognized parameter (xw) - ignored

Fatal error: BSIM3v1: mosfet pmos, model m_power_p: Effective channel length <= 0
doAnalyses: no such parameter on this device or parameter is missing

tran simulation(s) aborted

Error: no such function as i,
    or i(Vds_tran) is not available.
Fatal error: BSIM3v1: mosfet pmos, model m_power_p: Effective channel length <= 0
doAnalyses: no such parameter on this device or parameter is missing

tran simulation(s) aborted

Error: no such function as i,
    or i(Vdd_inv) is not available.
Warning from checkvalid: vector vdd_inv is not available or has zero length.
Error: RHS "-v(vdd_inv)*i(vdd_inv)" invalid
Error: no such vector time
Fatal error: BSIM3v1: mosfet pmos, model m_power_p: Effective channel length <= 0
doAnalyses: no such parameter on this device or parameter is missing

tran simulation(s) aborted
Error: no such vector time
Fatal error: BSIM3v1: mosfet pmos, model m_power_p: Effective channel length <= 0
doAnalyses: no such parameter on this device or parameter is missing

tran simulation(s) aborted
Warning from checkvalid: vector vdd_power is not available or has zero length.
Error: RHS "-v(vdd_power)*i(vdd_power)" invalid
Warning from checkvalid: vector power_diss is not available or has zero length.
Error: RHS "integ(power_diss)" invalid
Error: no such vector time
Fatal error: BSIM3v1: mosfet pmos, model m_power_p: Effective channel length <= 0
doAnalyses: no such parameter on this device or parameter is missing

tran simulation(s) aborted
Warning from checkvalid: vector vdd_power is not available or has zero length.
Error: RHS "-v(vdd_power)*i(vdd_power)" invalid
Warning from checkvalid: vector power_diss is not available or has zero length.
Error: RHS "integ(power_diss)" invalid
Error: no such vector time
Fatal error: BSIM3v1: mosfet pmos, model m_power_p: Effective channel length <= 0
doAnalyses: no such parameter on this device or parameter is missing

tran simulation(s) aborted
Warning from checkvalid: vector i(vds_qs) is not available or has zero length.
Error: RHS "i(vds_qs)" invalid
Error: no such vector time
Fatal error: BSIM3v1: mosfet pmos, model m_power_p: Effective channel length <= 0
doAnalyses: no such parameter on this device or parameter is missing

tran simulation(s) aborted
Warning from checkvalid: vector i(vg_charge) is not available or has zero length.
Error: RHS "i(vg_charge)" invalid
Warning from checkvalid: vector i(vd_charge) is not available or has zero length.
Error: RHS "i(vd_charge)" invalid
Warning from checkvalid: vector i(vs_charge) is not available or has zero length.
Error: RHS "i(vs_charge)" invalid
Warning from checkvalid: vector i(vb_charge) is not available or has zero length.
Error: RHS "i(vb_charge)" invalid
Warning from checkvalid: vector ig_charge is not available or has zero length.
Error: RHS "ig_charge + id_charge + is_charge + ib_charge" invalid
Warning from checkvalid: vector ig_charge is not available or has zero length.
Error: RHS "integ(ig_charge)" invalid
Warning from checkvalid: vector id_charge is not available or has zero length.
Error: RHS "integ(id_charge)" invalid
Warning from checkvalid: vector is_charge is not available or has zero length.
Error: RHS "integ(is_charge)" invalid
Warning from checkvalid: vector ib_charge is not available or has zero length.
Error: RHS "integ(ib_charge)" invalid
Warning from checkvalid: vector qg_approx is not available or has zero length.
Error: RHS "qg_approx + qd_approx + qs_approx + qb_approx" invalid
Error: no such vector time

[WARNING]: Simulation warnings: Warning: Model issue on line 6 :
  .model nmos nmos a0=1.1 a1=0.000000e+00 a2=1.0 ags=-0.01 alpha0=0.000000 ...
unrecognized parameter (cta) - ignored
unrecognized parameter (ctp) - ignored
unrecognized parameter (n) - ignored
unrecognized parameter (php) - ignored
unrecognized parameter (pta) - ignored
unrecognized parameter (ptp) - ignored
unrecognized parameter (tref) - ignored
unrecognized parameter (binflag) - ignored
unrecognized parameter (xl) - ignored
unrecognized parameter (xw) - ignored

Fatal error: BSIM3v1: mosfet nmos, model m_shot: Effective channel length <= 0
doAnalyses: no such parameter on this device or parameter is missing

noise simulation(s) aborted
Error: no such plot named noise1
Warning from checkvalid: vector inoise_spectrum is not available or has zero length.
Error: RHS "inoise_spectrum" invalid
Warning from checkvalid: vector frequency is not available or has zero length.
Error: RHS "frequency" invalid
Warning from checkvalid: vector freq is not available or has zero length.
Error during 'write': no writable vector found.
Fatal error: BSIM3v1: mosfet nmos, model m_shot: Effective channel length <= 0
doAnalyses: no such parameter on this device or parameter is missing

noise simulation(s) aborted
Error: no such plot named noise1
Warning from checkvalid: vector inoise_spectrum is not available or has zero length.
Error: RHS "inoise_spectrum" invalid
Warning from checkvalid: vector frequency is not available or has zero length.
Error: RHS "frequency" invalid
Warning from checkvalid: vector freq is not available or has zero length.
Error during 'write': no writable vector found.
Fatal error: BSIM3v1: mosfet nmos, model m_shot: Effective channel length <= 0
doAnalyses: no such parameter on this device or parameter is missing

noise simulation(s) aborted
Error: no such plot named noise1
Warning from checkvalid: vector inoise_spectrum is not available or has zero length.
Error: RHS "inoise_spectrum" invalid
Warning from checkvalid: vector frequency is not available or has zero length.
Error: RHS "frequency" invalid
Warning from checkvalid: vector freq is not available or has zero length.
Error during 'write': no writable vector found.
Fatal error: BSIM3v1: mosfet nmos, model m_shot: Effective channel length <= 0
doAnalyses: no such parameter on this device or parameter is missing

noise simulation(s) aborted
Error: no such plot named noise1
Warning from checkvalid: vector inoise_spectrum is not available or has zero length.
Error: RHS "inoise_spectrum" invalid
Warning from checkvalid: vector frequency is not available or has zero length.
Error: RHS "frequency" invalid
Warning from checkvalid: vector freq is not available or has zero length.
Error during 'write': no writable vector found.
Fatal error: BSIM3v1: mosfet nmos, model m_shot: Effective channel length <= 0
doAnalyses: no such parameter on this device or parameter is missing

noise simulation(s) aborted
Error: no such plot named noise1
Warning from checkvalid: vector inoise_spectrum is not available or has zero length.
Error: RHS "inoise_spectrum" invalid
Warning from checkvalid: vector frequency is not available or has zero length.
Error: RHS "frequency" invalid
Warning from checkvalid: vector freq is not available or has zero length.
Error during 'write': no writable vector found.
Fatal error: BSIM3v1: mosfet nmos, model m_shot: Effective channel length <= 0
doAnalyses: no such parameter on this device or parameter is missing

noise simulation(s) aborted
Error: no such plot named noise1
Warning from checkvalid: vector inoise_spectrum is not available or has zero length.
Error: RHS "inoise_spectrum" invalid
Warning from checkvalid: vector frequency is not available or has zero length.
Error: RHS "frequency" invalid
Warning from checkvalid: vector freq is not available or has zero length.
Error during 'write': no writable vector found.
Fatal error: BSIM3v1: mosfet nmos, model m_shot: Effective channel length <= 0
doAnalyses: no such parameter on this device or parameter is missing

noise simulation(s) aborted
Error: no such plot named noise1
Warning from checkvalid: vector inoise_spectrum is not available or has zero length.
Error: RHS "inoise_spectrum" invalid
Warning from checkvalid: vector frequency is not available or has zero length.
Error: RHS "frequency" invalid
Warning from checkvalid: vector freq is not available or has zero length.
Error during 'write': no writable vector found.
Fatal error: BSIM3v1: mosfet nmos, model m_shot: Effective channel length <= 0
doAnalyses: no such parameter on this device or parameter is missing

noise simulation(s) aborted
Error: no such plot named noise1
Warning from checkvalid: vector inoise_spectrum is not available or has zero length.
Error: RHS "inoise_spectrum" invalid
Warning from checkvalid: vector frequency is not available or has zero length.
Error: RHS "frequency" invalid
Warning from checkvalid: vector freq is not available or has zero length.
Error during 'write': no writable vector found.
Fatal error: BSIM3v1: mosfet nmos, model m_shot: Effective channel length <= 0
doAnalyses: no such parameter on this device or parameter is missing

noise simulation(s) aborted
Error: no such plot named noise1
Warning from checkvalid: vector inoise_spectrum is not available or has zero length.
Error: RHS "inoise_spectrum" invalid
Warning from checkvalid: vector frequency is not available or has zero length.
Error: RHS "frequency" invalid
Warning from checkvalid: vector freq is not available or has zero length.
Error during 'write': no writable vector found.
Fatal error: BSIM3v1: mosfet nmos, model m_shot: Effective channel length <= 0
doAnalyses: no such parameter on this device or parameter is missing

noise simulation(s) aborted
Error: no such plot named noise1
Warning from checkvalid: vector inoise_spectrum is not available or has zero length.
Error: RHS "inoise_spectrum" invalid
Warning from checkvalid: vector frequency is not available or has zero length.
Error: RHS "frequency" invalid
Warning from checkvalid: vector freq is not available or has zero length.
Error during 'write': no writable vector found.
Fatal error: BSIM3v1: mosfet nmos, model m_shot: Effective channel length <= 0
doAnalyses: no such parameter on this device or parameter is missing

noise simulation(s) aborted
Error: no such plot named noise1
Warning from checkvalid: vector inoise_spectrum is not available or has zero length.
Error: RHS "inoise_spectrum" invalid
Warning from checkvalid: vector frequency is not available or has zero length.
Error: RHS "frequency" invalid
Warning from checkvalid: vector freq is not available or has zero length.
Error during 'write': no writable vector found.
Fatal error: BSIM3v1: mosfet nmos, model m_shot: Effective channel length <= 0
doAnalyses: no such parameter on this device or parameter is missing

noise simulation(s) aborted
Error: no such plot named noise1
Warning from checkvalid: vector inoise_spectrum is not available or has zero length.
Error: RHS "inoise_spectrum" invalid
Warning from checkvalid: vector frequency is not available or has zero length.
Error: RHS "frequency" invalid
Warning from checkvalid: vector freq is not available or has zero length.
Error during 'write': no writable vector found.
Fatal error: BSIM3v1: mosfet nmos, model m_shot: Effective channel length <= 0
doAnalyses: no such parameter on this device or parameter is missing

noise simulation(s) aborted
Error: no such plot named noise1
Warning from checkvalid: vector inoise_spectrum is not available or has zero length.
Error: RHS "inoise_spectrum" invalid
Warning from checkvalid: vector frequency is not available or has zero length.
Error: RHS "frequency" invalid
Warning from checkvalid: vector freq is not available or has zero length.
Error during 'write': no writable vector found.
Fatal error: BSIM3v1: mosfet nmos, model m_shot: Effective channel length <= 0
doAnalyses: no such parameter on this device or parameter is missing

noise simulation(s) aborted
Error: no such plot named noise1
Warning from checkvalid: vector inoise_spectrum is not available or has zero length.
Error: RHS "inoise_spectrum" invalid
Warning from checkvalid: vector frequency is not available or has zero length.
Error: RHS "frequency" invalid
Warning from checkvalid: vector freq is not available or has zero length.
Error during 'write': no writable vector found.

[WARNING]: IV data file not found: iv_data_-40.txt
[ERROR]: Error parsing data file None: stat: path should be string, bytes, os.PathLike or integer, not NoneType
[WARNING]: IV data file not found: iv_data_0.txt
[ERROR]: Error parsing data file None: stat: path should be string, bytes, os.PathLike or integer, not NoneType
[WARNING]: IV data file not found: iv_data_25.txt
[ERROR]: Error parsing data file None: stat: path should be string, bytes, os.PathLike or integer, not NoneType
[WARNING]: IV data file not found: iv_data_50.txt
[ERROR]: Error parsing data file None: stat: path should be string, bytes, os.PathLike or integer, not NoneType
[WARNING]: IV data file not found: iv_data_100.txt
[ERROR]: Error parsing data file None: stat: path should be string, bytes, os.PathLike or integer, not NoneType
[WARNING]: IV data file not found: iv_data_150.txt
[ERROR]: Error parsing data file None: stat: path should be string, bytes, os.PathLike or integer, not NoneType
[ERROR]: No valid data found in any IV data file
[WARNING]: Temperature data file not found: iv_data_-40.txt
[ERROR]: Error parsing data file None: stat: path should be string, bytes, os.PathLike or integer, not NoneType
[WARNING]: Temperature data file not found: iv_data_0.txt
[ERROR]: Error parsing data file None: stat: path should be string, bytes, os.PathLike or integer, not NoneType
[WARNING]: Temperature data file not found: iv_data_25.txt
[ERROR]: Error parsing data file None: stat: path should be string, bytes, os.PathLike or integer, not NoneType
[WARNING]: Temperature data file not found: iv_data_50.txt
[ERROR]: Error parsing data file None: stat: path should be string, bytes, os.PathLike or integer, not NoneType
[WARNING]: Temperature data file not found: iv_data_100.txt
[ERROR]: Error parsing data file None: stat: path should be string, bytes, os.PathLike or integer, not NoneType
[WARNING]: Temperature data file not found: iv_data_150.txt
[ERROR]: Error parsing data file None: stat: path should be string, bytes, os.PathLike or integer, not NoneType
[ERROR]: No valid temperature data found
/home/duhaochen/spice_model_benchmark/src/spice_model_benchmark/data_reader.py:137: UserWarning: loadtxt: input contained no data: "/home/duhaochen/website-trial-v1/data/spice-benchmark/3bf81dfcf52803200b940fc696343cc5/ngspice/data/bias_point_data.txt"
  data = np.loadtxt(file_path, skiprows=skiprows)
[WARNING]: Data file /home/duhaochen/website-trial-v1/data/spice-benchmark/3bf81dfcf52803200b940fc696343cc5/ngspice/data/bias_point_data.txt has incorrect format. Expected at least 6 columns.
[WARNING]: Data is None during parsing process
[ERROR]: Missing or empty DC Operating Points
[ERROR]: Error in MOSFET simulation: DC Operating Point Analysis failed
Traceback (most recent call last):
  File "/home/duhaochen/spice_model_benchmark/src/spice_model_benchmark/mosfet_simulation.py", line 285, in run
    raise ValueError("DC Operating Point Analysis failed")
ValueError: DC Operating Point Analysis failed

  ngspice: ✗ FAIL  (1.1s)

✗ Benchmark failed: /home/duhaochen/website-trial-v1/data/spice-benchmark/3bf81dfcf52803200b940fc696343cc5/ngspice
