v-sweep v(drain_iv) v(gate_iv) id is ib ig kcl
0.0000000000e+00 0.0000000000e+00 0.0000000000e+00 0.0000000000e+00 0.0000000000e+00 0.0000000000e+00 0.0000000000e+00 0.0000000000e+00
1.0000000000e-02 1.0000000000e-02 0.0000000000e+00 -2.0000000000e-14 1.0000000000e-14 1.0000000000e-14 0.0000000000e+00 0.0000000000e+00
2.0000000000e-02 2.0000000000e-02 0.0000000000e+00 -4.0000000000e-14 2.0000000000e-14 2.0000000000e-14 0.0000000000e+00 0.0000000000e+00
3.0000000000e-02 3.0000000000e-02 0.0000000000e+00 -6.0000000000e-14 3.0000000000e-14 3.0000000000e-14 0.0000000000e+00 0.0000000000e+00
4.0000000000e-02 4.0000000000e-02 0.0000000000e+00 -8.0000000000e-14 4.0000000000e-14 4.0000000000e-14 0.0000000000e+00 0.0000000000e+00
5.0000000000e-02 5.0000000000e-02 0.0000000000e+00 -1.0000000000e-13 5.0000000000e-14 5.0000000000e-14 0.0000000000e+00 0.0000000000e+00
6.0000000000e-02 6.0000000000e-02 0.0000000000e+00 -1.2000000000e-13 6.0000000000e-14 6.0000000000e-14 0.0000000000e+00 0.0000000000e+00
7.0000000000e-02 7.0000000000e-02 0.0000000000e+00 -1.4000000000e-13 7.0000000000e-14 7.0000000000e-14 0.0000000000e+00 0.0000000000e+00
8.0000000000e-02 8.0000000000e-02 0.0000000000e+00 -1.6000000000e-13 8.0000000000e-14 8.0000000000e-14 0.0000000000e+00 0.0000000000e+00
9.0000000000e-02 9.0000000000e-02 0.0000000000e+00 -1.8000000000e-13 9.0000000000e-14 9.0000000000e-14 0.0000000000e+00 0.0000000000e+00
1.0000000000e-01 1.0000000000e-01 0.0000000000e+00 -2.0000000000e-13 1.0000000000e-13 1.0000000000e-13 0.0000000000e+00 0.0000000000e+00
1.1000000000e-01 1.1000000000e-01 0.0000000000e+00 -2.2000000000e-13 1.1000000000e-13 1.1000000000e-13 0.0000000000e+00 0.0000000000e+00
1.2000000000e-01 1.2000000000e-01 0.0000000000e+00 -2.4000000000e-13 1.2000000000e-13 1.2000000000e-13 0.0000000000e+00 0.0000000000e+00
1.3000000000e-01 1.3000000000e-01 0.0000000000e+00 -2.6000000000e-13 1.3000000000e-13 1.3000000000e-13 0.0000000000e+00 0.0000000000e+00
1.4000000000e-01 1.4000000000e-01 0.0000000000e+00 -2.8000000000e-13 1.4000000000e-13 1.4000000000e-13 0.0000000000e+00 0.0000000000e+00
1.5000000000e-01 1.5000000000e-01 0.0000000000e+00 -3.0000000000e-13 1.5000000000e-13 1.5000000000e-13 0.0000000000e+00 0.0000000000e+00
1.6000000000e-01 1.6000000000e-01 0.0000000000e+00 -3.2000000000e-13 1.6000000000e-13 1.6000000000e-13 0.0000000000e+00 0.0000000000e+00
1.7000000000e-01 1.7000000000e-01 0.0000000000e+00 -3.4000000000e-13 1.7000000000e-13 1.7000000000e-13 0.0000000000e+00 0.0000000000e+00
1.8000000000e-01 1.8000000000e-01 0.0000000000e+00 -3.6000000000e-13 1.8000000000e-13 1.8000000000e-13 0.0000000000e+00 0.0000000000e+00
1.9000000000e-01 1.9000000000e-01 0.0000000000e+00 -3.8000000000e-13 1.9000000000e-13 1.9000000000e-13 0.0000000000e+00 0.0000000000e+00
2.0000000000e-01 2.0000000000e-01 0.0000000000e+00 -4.0000000000e-13 2.0000000000e-13 2.0000000000e-13 0.0000000000e+00 0.0000000000e+00
2.1000000000e-01 2.1000000000e-01 0.0000000000e+00 -4.2000000000e-13 2.1000000000e-13 2.1000000000e-13 0.0000000000e+00 0.0000000000e+00
2.2000000000e-01 2.2000000000e-01 0.0000000000e+00 -4.4000000000e-13 2.2000000000e-13 2.2000000000e-13 0.0000000000e+00 0.0000000000e+00
2.3000000000e-01 2.3000000000e-01 0.0000000000e+00 -4.6000000000e-13 2.3000000000e-13 2.3000000000e-13 0.0000000000e+00 0.0000000000e+00
2.4000000000e-01 2.4000000000e-01 0.0000000000e+00 -4.8000000000e-13 2.4000000000e-13 2.4000000000e-13 0.0000000000e+00 0.0000000000e+00
2.5000000000e-01 2.5000000000e-01 0.0000000000e+00 -5.0000000000e-13 2.5000000000e-13 2.5000000000e-13 0.0000000000e+00 0.0000000000e+00
2.6000000000e-01 2.6000000000e-01 0.0000000000e+00 -5.2000000000e-13 2.6000000000e-13 2.6000000000e-13 0.0000000000e+00 0.0000000000e+00
2.7000000000e-01 2.7000000000e-01 0.0000000000e+00 -5.4000000000e-13 2.7000000000e-13 2.7000000000e-13 0.0000000000e+00 0.0000000000e+00
2.8000000000e-01 2.8000000000e-01 0.0000000000e+00 -5.6000000000e-13 2.8000000000e-13 2.8000000000e-13 0.0000000000e+00 0.0000000000e+00
2.9000000000e-01 2.9000000000e-01 0.0000000000e+00 -5.8000000000e-13 2.9000000000e-13 2.9000000000e-13 0.0000000000e+00 0.0000000000e+00
3.0000000000e-01 3.0000000000e-01 0.0000000000e+00 -6.0000000000e-13 3.0000000000e-13 3.0000000000e-13 0.0000000000e+00 0.0000000000e+00
3.1000000000e-01 3.1000000000e-01 0.0000000000e+00 -6.2000000000e-13 3.1000000000e-13 3.1000000000e-13 0.0000000000e+00 0.0000000000e+00
3.2000000000e-01 3.2000000000e-01 0.0000000000e+00 -6.4000000000e-13 3.2000000000e-13 3.2000000000e-13 0.0000000000e+00 0.0000000000e+00
3.3000000000e-01 3.3000000000e-01 0.0000000000e+00 -6.6000000000e-13 3.3000000000e-13 3.3000000000e-13 0.0000000000e+00 0.0000000000e+00
3.4000000000e-01 3.4000000000e-01 0.0000000000e+00 -6.8000000000e-13 3.4000000000e-13 3.4000000000e-13 0.0000000000e+00 0.0000000000e+00
3.5000000000e-01 3.5000000000e-01 0.0000000000e+00 -7.0000000000e-13 3.5000000000e-13 3.5000000000e-13 0.0000000000e+00 0.0000000000e+00
3.6000000000e-01 3.6000000000e-01 0.0000000000e+00 -7.2000000000e-13 3.6000000000e-13 3.6000000000e-13 0.0000000000e+00 0.0000000000e+00
3.7000000000e-01 3.7000000000e-01 0.0000000000e+00 -7.4000000000e-13 3.7000000000e-13 3.7000000000e-13 0.0000000000e+00 0.0000000000e+00
3.8000000000e-01 3.8000000000e-01 0.0000000000e+00 -7.6000000000e-13 3.8000000000e-13 3.8000000000e-13 0.0000000000e+00 0.0000000000e+00
3.9000000000e-01 3.9000000000e-01 0.0000000000e+00 -7.8000000000e-13 3.9000000000e-13 3.9000000000e-13 0.0000000000e+00 0.0000000000e+00
4.0000000000e-01 4.0000000000e-01 0.0000000000e+00 -8.0000000000e-13 4.0000000000e-13 4.0000000000e-13 0.0000000000e+00 0.0000000000e+00
4.1000000000e-01 4.1000000000e-01 0.0000000000e+00 -8.2000000000e-13 4.1000000000e-13 4.1000000000e-13 0.0000000000e+00 0.0000000000e+00
4.2000000000e-01 4.2000000000e-01 0.0000000000e+00 -8.4000000000e-13 4.2000000000e-13 4.2000000000e-13 0.0000000000e+00 0.0000000000e+00
4.3000000000e-01 4.3000000000e-01 0.0000000000e+00 -8.6000000000e-13 4.3000000000e-13 4.3000000000e-13 0.0000000000e+00 0.0000000000e+00
4.4000000000e-01 4.4000000000e-01 0.0000000000e+00 -8.8000000000e-13 4.4000000000e-13 4.4000000000e-13 0.0000000000e+00 0.0000000000e+00
4.5000000000e-01 4.5000000000e-01 0.0000000000e+00 -9.0000000000e-13 4.5000000000e-13 4.5000000000e-13 0.0000000000e+00 0.0000000000e+00
4.6000000000e-01 4.6000000000e-01 0.0000000000e+00 -9.2000000000e-13 4.6000000000e-13 4.6000000000e-13 0.0000000000e+00 0.0000000000e+00
4.7000000000e-01 4.7000000000e-01 0.0000000000e+00 -9.4000000000e-13 4.7000000000e-13 4.7000000000e-13 0.0000000000e+00 0.0000000000e+00
4.8000000000e-01 4.8000000000e-01 0.0000000000e+00 -9.6000000000e-13 4.8000000000e-13 4.8000000000e-13 0.0000000000e+00 0.0000000000e+00
4.9000000000e-01 4.9000000000e-01 0.0000000000e+00 -9.8000000000e-13 4.9000000000e-13 4.9000000000e-13 0.0000000000e+00 0.0000000000e+00
5.0000000000e-01 5.0000000000e-01 0.0000000000e+00 -1.0000000000e-12 5.0000000000e-13 5.0000000000e-13 0.0000000000e+00 0.0000000000e+00
5.1000000000e-01 5.1000000000e-01 0.0000000000e+00 -1.0200000000e-12 5.1000000000e-13 5.1000000000e-13 0.0000000000e+00 0.0000000000e+00
5.2000000000e-01 5.2000000000e-01 0.0000000000e+00 -1.0400000000e-12 5.2000000000e-13 5.2000000000e-13 0.0000000000e+00 0.0000000000e+00
5.3000000000e-01 5.3000000000e-01 0.0000000000e+00 -1.0600000000e-12 5.3000000000e-13 5.3000000000e-13 0.0000000000e+00 0.0000000000e+00
5.4000000000e-01 5.4000000000e-01 0.0000000000e+00 -1.0800000000e-12 5.4000000000e-13 5.4000000000e-13 0.0000000000e+00 0.0000000000e+00
5.5000000000e-01 5.5000000000e-01 0.0000000000e+00 -1.1000000000e-12 5.5000000000e-13 5.5000000000e-13 0.0000000000e+00 0.0000000000e+00
5.6000000000e-01 5.6000000000e-01 0.0000000000e+00 -1.1200000000e-12 5.6000000000e-13 5.6000000000e-13 0.0000000000e+00 0.0000000000e+00
5.7000000000e-01 5.7000000000e-01 0.0000000000e+00 -1.1400000000e-12 5.7000000000e-13 5.7000000000e-13 0.0000000000e+00 2.0194839174e-28
5.8000000000e-01 5.8000000000e-01 0.0000000000e+00 -1.1600000000e-12 5.8000000000e-13 5.8000000000e-13 0.0000000000e+00 2.0194839174e-28
5.9000000000e-01 5.9000000000e-01 0.0000000000e+00 -1.1800000000e-12 5.9000000000e-13 5.9000000000e-13 0.0000000000e+00 2.0194839174e-28
6.0000000000e-01 6.0000000000e-01 0.0000000000e+00 -1.2000000000e-12 6.0000000000e-13 6.0000000000e-13 0.0000000000e+00 2.0194839174e-28
6.1000000000e-01 6.1000000000e-01 0.0000000000e+00 -1.2200000000e-12 6.1000000000e-13 6.1000000000e-13 0.0000000000e+00 2.0194839174e-28
6.2000000000e-01 6.2000000000e-01 0.0000000000e+00 -1.2400000000e-12 6.2000000000e-13 6.2000000000e-13 0.0000000000e+00 2.0194839174e-28
6.3000000000e-01 6.3000000000e-01 0.0000000000e+00 -1.2600000000e-12 6.3000000000e-13 6.3000000000e-13 0.0000000000e+00 0.0000000000e+00
6.4000000000e-01 6.4000000000e-01 0.0000000000e+00 -1.2800000000e-12 6.4000000000e-13 6.4000000000e-13 0.0000000000e+00 2.0194839174e-28
6.5000000000e-01 6.5000000000e-01 0.0000000000e+00 -1.3000000000e-12 6.5000000000e-13 6.5000000000e-13 0.0000000000e+00 0.0000000000e+00
6.6000000000e-01 6.6000000000e-01 0.0000000000e+00 -1.3200000000e-12 6.6000000000e-13 6.6000000000e-13 0.0000000000e+00 0.0000000000e+00
6.7000000000e-01 6.7000000000e-01 0.0000000000e+00 -1.3400000000e-12 6.7000000000e-13 6.7000000000e-13 0.0000000000e+00 0.0000000000e+00
6.8000000000e-01 6.8000000000e-01 0.0000000000e+00 -1.3600000000e-12 6.8000000000e-13 6.8000000000e-13 0.0000000000e+00 0.0000000000e+00
6.9000000000e-01 6.9000000000e-01 0.0000000000e+00 -1.3800000000e-12 6.9000000000e-13 6.9000000000e-13 0.0000000000e+00 4.0389678347e-28
7.0000000000e-01 7.0000000000e-01 0.0000000000e+00 -1.4000000000e-12 7.0000000000e-13 7.0000000000e-13 0.0000000000e+00 2.0194839174e-28
7.1000000000e-01 7.1000000000e-01 0.0000000000e+00 -1.4200000000e-12 7.1000000000e-13 7.1000000000e-13 0.0000000000e+00 4.0389678347e-28
7.2000000000e-01 7.2000000000e-01 0.0000000000e+00 -1.4400000000e-12 7.2000000000e-13 7.2000000000e-13 0.0000000000e+00 2.0194839174e-28
7.3000000000e-01 7.3000000000e-01 0.0000000000e+00 -1.4600000000e-12 7.3000000000e-13 7.3000000000e-13 0.0000000000e+00 2.0194839174e-28
7.4000000000e-01 7.4000000000e-01 0.0000000000e+00 -1.4800000000e-12 7.4000000000e-13 7.4000000000e-13 0.0000000000e+00 2.0194839174e-28
7.5000000000e-01 7.5000000000e-01 0.0000000000e+00 -1.5000000000e-12 7.5000000000e-13 7.5000000000e-13 0.0000000000e+00 0.0000000000e+00
7.6000000000e-01 7.6000000000e-01 0.0000000000e+00 -1.5200000000e-12 7.6000000000e-13 7.6000000000e-13 0.0000000000e+00 2.0194839174e-28
7.7000000000e-01 7.7000000000e-01 0.0000000000e+00 -1.5400000000e-12 7.7000000000e-13 7.7000000000e-13 0.0000000000e+00 0.0000000000e+00
7.8000000000e-01 7.8000000000e-01 0.0000000000e+00 -1.5600000000e-12 7.8000000000e-13 7.8000000000e-13 0.0000000000e+00 2.0194839174e-28
7.9000000000e-01 7.9000000000e-01 0.0000000000e+00 -1.5800000000e-12 7.9000000000e-13 7.9000000000e-13 0.0000000000e+00 0.0000000000e+00
8.0000000000e-01 8.0000000000e-01 0.0000000000e+00 -1.6000000000e-12 8.0000000000e-13 8.0000000000e-13 0.0000000000e+00 0.0000000000e+00
8.1000000000e-01 8.1000000000e-01 0.0000000000e+00 -1.6200000000e-12 8.1000000000e-13 8.1000000000e-13 0.0000000000e+00 0.0000000000e+00
8.2000000000e-01 8.2000000000e-01 0.0000000000e+00 -1.6400000000e-12 8.2000000000e-13 8.2000000000e-13 0.0000000000e+00 2.0194839174e-28
8.3000000000e-01 8.3000000000e-01 0.0000000000e+00 -1.6600000000e-12 8.3000000000e-13 8.3000000000e-13 0.0000000000e+00 4.0389678347e-28
8.4000000000e-01 8.4000000000e-01 0.0000000000e+00 -1.6800000000e-12 8.4000000000e-13 8.4000000000e-13 0.0000000000e+00 2.0194839174e-28
8.5000000000e-01 8.5000000000e-01 0.0000000000e+00 -1.7000000000e-12 8.5000000000e-13 8.5000000000e-13 0.0000000000e+00 4.0389678347e-28
8.6000000000e-01 8.6000000000e-01 0.0000000000e+00 -1.7200000000e-12 8.6000000000e-13 8.6000000000e-13 0.0000000000e+00 2.0194839174e-28
8.7000000000e-01 8.7000000000e-01 0.0000000000e+00 -1.7400000000e-12 8.7000000000e-13 8.7000000000e-13 0.0000000000e+00 2.0194839174e-28
8.8000000000e-01 8.8000000000e-01 0.0000000000e+00 -1.7600000000e-12 8.8000000000e-13 8.8000000000e-13 0.0000000000e+00 2.0194839174e-28
8.9000000000e-01 8.9000000000e-01 0.0000000000e+00 -1.7800000000e-12 8.9000000000e-13 8.9000000000e-13 0.0000000000e+00 0.0000000000e+00
9.0000000000e-01 9.0000000000e-01 0.0000000000e+00 -1.8000000000e-12 9.0000000000e-13 9.0000000000e-13 0.0000000000e+00 2.0194839174e-28
9.1000000000e-01 9.1000000000e-01 0.0000000000e+00 -1.8200000000e-12 9.1000000000e-13 9.1000000000e-13 0.0000000000e+00 4.0389678347e-28
9.2000000000e-01 9.2000000000e-01 0.0000000000e+00 -1.8400000000e-12 9.2000000000e-13 9.2000000000e-13 0.0000000000e+00 0.0000000000e+00
9.3000000000e-01 9.3000000000e-01 0.0000000000e+00 -1.8600000000e-12 9.3000000000e-13 9.3000000000e-13 0.0000000000e+00 0.0000000000e+00
9.4000000000e-01 9.4000000000e-01 0.0000000000e+00 -1.8800000000e-12 9.4000000000e-13 9.4000000000e-13 0.0000000000e+00 4.0389678347e-28
9.5000000000e-01 9.5000000000e-01 0.0000000000e+00 -1.9000000000e-12 9.5000000000e-13 9.5000000000e-13 0.0000000000e+00 0.0000000000e+00
9.6000000000e-01 9.6000000000e-01 0.0000000000e+00 -1.9200000000e-12 9.6000000000e-13 9.6000000000e-13 0.0000000000e+00 4.0389678347e-28
9.7000000000e-01 9.7000000000e-01 0.0000000000e+00 -1.9400000000e-12 9.7000000000e-13 9.7000000000e-13 0.0000000000e+00 4.0389678347e-28
9.8000000000e-01 9.8000000000e-01 0.0000000000e+00 -1.9600000000e-12 9.8000000000e-13 9.8000000000e-13 0.0000000000e+00 4.0389678347e-28
9.9000000000e-01 9.9000000000e-01 0.0000000000e+00 -1.9800000000e-12 9.9000000000e-13 9.9000000000e-13 0.0000000000e+00 0.0000000000e+00
1.0000000000e+00 1.0000000000e+00 0.0000000000e+00 -2.0000000000e-12 1.0000000000e-12 1.0000000000e-12 0.0000000000e+00 0.0000000000e+00
1.0100000000e+00 1.0100000000e+00 0.0000000000e+00 -2.0200000000e-12 1.0100000000e-12 1.0100000000e-12 0.0000000000e+00 0.0000000000e+00
1.0200000000e+00 1.0200000000e+00 0.0000000000e+00 -2.0400000000e-12 1.0200000000e-12 1.0200000000e-12 0.0000000000e+00 0.0000000000e+00
1.0300000000e+00 1.0300000000e+00 0.0000000000e+00 -2.0600000000e-12 1.0300000000e-12 1.0300000000e-12 0.0000000000e+00 0.0000000000e+00
1.0400000000e+00 1.0400000000e+00 0.0000000000e+00 -2.0800000000e-12 1.0400000000e-12 1.0400000000e-12 0.0000000000e+00 0.0000000000e+00
1.0500000000e+00 1.0500000000e+00 0.0000000000e+00 -2.1000000000e-12 1.0500000000e-12 1.0500000000e-12 0.0000000000e+00 0.0000000000e+00
1.0600000000e+00 1.0600000000e+00 0.0000000000e+00 -2.1200000000e-12 1.0600000000e-12 1.0600000000e-12 0.0000000000e+00 0.0000000000e+00
1.0700000000e+00 1.0700000000e+00 0.0000000000e+00 -2.1400000000e-12 1.0700000000e-12 1.0700000000e-12 0.0000000000e+00 0.0000000000e+00
1.0800000000e+00 1.0800000000e+00 0.0000000000e+00 -2.1600000000e-12 1.0800000000e-12 1.0800000000e-12 0.0000000000e+00 0.0000000000e+00
1.0900000000e+00 1.0900000000e+00 0.0000000000e+00 -2.1800000000e-12 1.0900000000e-12 1.0900000000e-12 0.0000000000e+00 0.0000000000e+00
1.1000000000e+00 1.1000000000e+00 0.0000000000e+00 -2.2000000000e-12 1.1000000000e-12 1.1000000000e-12 0.0000000000e+00 0.0000000000e+00
1.1100000000e+00 1.1100000000e+00 0.0000000000e+00 -2.2200000000e-12 1.1100000000e-12 1.1100000000e-12 0.0000000000e+00 0.0000000000e+00
1.1200000000e+00 1.1200000000e+00 0.0000000000e+00 -2.2400000000e-12 1.1200000000e-12 1.1200000000e-12 0.0000000000e+00 0.0000000000e+00
1.1300000000e+00 1.1300000000e+00 0.0000000000e+00 -2.2600000000e-12 1.1300000000e-12 1.1300000000e-12 0.0000000000e+00 0.0000000000e+00
1.1400000000e+00 1.1400000000e+00 0.0000000000e+00 -2.2800000000e-12 1.1400000000e-12 1.1400000000e-12 0.0000000000e+00 0.0000000000e+00
1.1500000000e+00 1.1500000000e+00 0.0000000000e+00 -2.3000000000e-12 1.1500000000e-12 1.1500000000e-12 0.0000000000e+00 0.0000000000e+00
1.1600000000e+00 1.1600000000e+00 0.0000000000e+00 -2.3200000000e-12 1.1600000000e-12 1.1600000000e-12 0.0000000000e+00 0.0000000000e+00
1.1700000000e+00 1.1700000000e+00 0.0000000000e+00 -2.3400000000e-12 1.1700000000e-12 1.1700000000e-12 0.0000000000e+00 0.0000000000e+00
1.1800000000e+00 1.1800000000e+00 0.0000000000e+00 -2.3600000000e-12 1.1800000000e-12 1.1800000000e-12 0.0000000000e+00 0.0000000000e+00
1.1900000000e+00 1.1900000000e+00 0.0000000000e+00 -2.3800000000e-12 1.1900000000e-12 1.1900000000e-12 0.0000000000e+00 0.0000000000e+00
1.2000000000e+00 1.2000000000e+00 0.0000000000e+00 -2.4000000000e-12 1.2000000000e-12 1.2000000000e-12 0.0000000000e+00 0.0000000000e+00
0.0000000000e+00 0.0000000000e+00 2.0000000000e-01 0.0000000000e+00 0.0000000000e+00 0.0000000000e+00 0.0000000000e+00 0.0000000000e+00
1.0000000000e-02 1.0000000000e-02 2.0000000000e-01 -2.0000400000e-14 1.0000400000e-14 1.0000000000e-14 0.0000000000e+00 3.1554436209e-30
2.0000000000e-02 2.0000000000e-02 2.0000000000e-01 -4.0000700000e-14 2.0000700000e-14 2.0000000000e-14 0.0000000000e+00 3.1554436209e-30
3.0000000000e-02 3.0000000000e-02 2.0000000000e-01 -6.0000900000e-14 3.0000900000e-14 3.0000000000e-14 0.0000000000e+00 0.0000000000e+00
4.0000000000e-02 4.0000000000e-02 2.0000000000e-01 -8.0001100000e-14 4.0001100000e-14 4.0000000000e-14 0.0000000000e+00 6.3108872418e-30
5.0000000000e-02 5.0000000000e-02 2.0000000000e-01 -1.0000110000e-13 5.0001100000e-14 5.0000000000e-14 0.0000000000e+00 0.0000000000e+00
6.0000000000e-02 6.0000000000e-02 2.0000000000e-01 -1.2000120000e-13 6.0001200000e-14 6.0000000000e-14 0.0000000000e+00 1.2621774484e-29
7.0000000000e-02 7.0000000000e-02 2.0000000000e-01 -1.4000130000e-13 7.0001300000e-14 7.0000000000e-14 0.0000000000e+00 1.2621774484e-29
8.0000000000e-02 8.0000000000e-02 2.0000000000e-01 -1.6000130000e-13 8.0001300000e-14 8.0000000000e-14 0.0000000000e+00 2.5243548967e-29
9.0000000000e-02 9.0000000000e-02 2.0000000000e-01 -1.8000130000e-13 9.0001300000e-14 9.0000000000e-14 0.0000000000e+00 1.2621774484e-29
1.0000000000e-01 1.0000000000e-01 2.0000000000e-01 -2.0000140000e-13 1.0000140000e-13 1.0000000000e-13 0.0000000000e+00 1.2621774484e-29
1.1000000000e-01 1.1000000000e-01 2.0000000000e-01 -2.2000140000e-13 1.1000140000e-13 1.1000000000e-13 0.0000000000e+00 2.5243548967e-29
1.2000000000e-01 1.2000000000e-01 2.0000000000e-01 -2.4000140000e-13 1.2000140000e-13 1.2000000000e-13 0.0000000000e+00 5.0487097934e-29
1.3000000000e-01 1.3000000000e-01 2.0000000000e-01 -2.6000150000e-13 1.3000150000e-13 1.3000000000e-13 0.0000000000e+00 5.0487097934e-29
1.4000000000e-01 1.4000000000e-01 2.0000000000e-01 -2.8000150000e-13 1.4000150000e-13 1.4000000000e-13 0.0000000000e+00 2.5243548967e-29
1.5000000000e-01 1.5000000000e-01 2.0000000000e-01 -3.0000150000e-13 1.5000150000e-13 1.5000000000e-13 0.0000000000e+00 2.5243548967e-29
1.6000000000e-01 1.6000000000e-01 2.0000000000e-01 -3.2000160000e-13 1.6000160000e-13 1.6000000000e-13 0.0000000000e+00 2.5243548967e-29
1.7000000000e-01 1.7000000000e-01 2.0000000000e-01 -3.4000160000e-13 1.7000160000e-13 1.7000000000e-13 0.0000000000e+00 2.5243548967e-29
1.8000000000e-01 1.8000000000e-01 2.0000000000e-01 -3.6000160000e-13 1.8000160000e-13 1.8000000000e-13 0.0000000000e+00 2.5243548967e-29
1.9000000000e-01 1.9000000000e-01 2.0000000000e-01 -3.8000170000e-13 1.9000170000e-13 1.9000000000e-13 0.0000000000e+00 2.5243548967e-29
2.0000000000e-01 2.0000000000e-01 2.0000000000e-01 -4.0000170000e-13 2.0000170000e-13 2.0000000000e-13 0.0000000000e+00 2.5243548967e-29
2.1000000000e-01 2.1000000000e-01 2.0000000000e-01 -4.2000170000e-13 2.1000170000e-13 2.1000000000e-13 0.0000000000e+00 2.5243548967e-29
2.2000000000e-01 2.2000000000e-01 2.0000000000e-01 -4.4000180000e-13 2.2000180000e-13 2.2000000000e-13 0.0000000000e+00 2.5243548967e-29
2.3000000000e-01 2.3000000000e-01 2.0000000000e-01 -4.6000180000e-13 2.3000180000e-13 2.3000000000e-13 0.0000000000e+00 5.0487097934e-29
2.4000000000e-01 2.4000000000e-01 2.0000000000e-01 -4.8000180000e-13 2.4000180000e-13 2.4000000000e-13 0.0000000000e+00 5.0487097934e-29
2.5000000000e-01 2.5000000000e-01 2.0000000000e-01 -5.0000190000e-13 2.5000190000e-13 2.5000000000e-13 0.0000000000e+00 5.0487097934e-29
2.6000000000e-01 2.6000000000e-01 2.0000000000e-01 -5.2000190000e-13 2.6000190000e-13 2.6000000000e-13 0.0000000000e+00 0.0000000000e+00
2.7000000000e-01 2.7000000000e-01 2.0000000000e-01 -5.4000190000e-13 2.7000190000e-13 2.7000000000e-13 0.0000000000e+00 0.0000000000e+00
2.8000000000e-01 2.8000000000e-01 2.0000000000e-01 -5.6000200000e-13 2.8000200000e-13 2.8000000000e-13 0.0000000000e+00 5.0487097934e-29
2.9000000000e-01 2.9000000000e-01 2.0000000000e-01 -5.8000200000e-13 2.9000200000e-13 2.9000000000e-13 0.0000000000e+00 5.0487097934e-29
3.0000000000e-01 3.0000000000e-01 2.0000000000e-01 -6.0000200000e-13 3.0000200000e-13 3.0000000000e-13 0.0000000000e+00 5.0487097934e-29
3.1000000000e-01 3.1000000000e-01 2.0000000000e-01 -6.2000210000e-13 3.1000210000e-13 3.1000000000e-13 0.0000000000e+00 5.0487097934e-29
3.2000000000e-01 3.2000000000e-01 2.0000000000e-01 -6.4000210000e-13 3.2000210000e-13 3.2000000000e-13 0.0000000000e+00 5.0487097934e-29
3.3000000000e-01 3.3000000000e-01 2.0000000000e-01 -6.6000210000e-13 3.3000210000e-13 3.3000000000e-13 0.0000000000e+00 1.0097419587e-28
3.4000000000e-01 3.4000000000e-01 2.0000000000e-01 -6.8000220000e-13 3.4000220000e-13 3.4000000000e-13 0.0000000000e+00 5.0487097934e-29
3.5000000000e-01 3.5000000000e-01 2.0000000000e-01 -7.0000220000e-13 3.5000220000e-13 3.5000000000e-13 0.0000000000e+00 5.0487097934e-29
3.6000000000e-01 3.6000000000e-01 2.0000000000e-01 -7.2000230000e-13 3.6000230000e-13 3.6000000000e-13 0.0000000000e+00 5.0487097934e-29
3.7000000000e-01 3.7000000000e-01 2.0000000000e-01 -7.4000230000e-13 3.7000230000e-13 3.7000000000e-13 0.0000000000e+00 5.0487097934e-29
3.8000000000e-01 3.8000000000e-01 2.0000000000e-01 -7.6000230000e-13 3.8000230000e-13 3.8000000000e-13 0.0000000000e+00 5.0487097934e-29
3.9000000000e-01 3.9000000000e-01 2.0000000000e-01 -7.8000240000e-13 3.9000240000e-13 3.9000000000e-13 0.0000000000e+00 1.5146129380e-28
4.0000000000e-01 4.0000000000e-01 2.0000000000e-01 -8.0000240000e-13 4.0000240000e-13 4.0000000000e-13 0.0000000000e+00 5.0487097934e-29
4.1000000000e-01 4.1000000000e-01 2.0000000000e-01 -8.2000250000e-13 4.1000250000e-13 4.1000000000e-13 0.0000000000e+00 0.0000000000e+00
4.2000000000e-01 4.2000000000e-01 2.0000000000e-01 -8.4000250000e-13 4.2000250000e-13 4.2000000000e-13 0.0000000000e+00 5.0487097934e-29
4.3000000000e-01 4.3000000000e-01 2.0000000000e-01 -8.6000250000e-13 4.3000250000e-13 4.3000000000e-13 0.0000000000e+00 5.0487097934e-29
4.4000000000e-01 4.4000000000e-01 2.0000000000e-01 -8.8000260000e-13 4.4000260000e-13 4.4000000000e-13 0.0000000000e+00 0.0000000000e+00
4.5000000000e-01 4.5000000000e-01 2.0000000000e-01 -9.0000260000e-13 4.5000260000e-13 4.5000000000e-13 0.0000000000e+00 5.0487097934e-29
4.6000000000e-01 4.6000000000e-01 2.0000000000e-01 -9.2000270000e-13 4.6000270000e-13 4.6000000000e-13 0.0000000000e+00 0.0000000000e+00
4.7000000000e-01 4.7000000000e-01 2.0000000000e-01 -9.4000270000e-13 4.7000270000e-13 4.7000000000e-13 0.0000000000e+00 1.0097419587e-28
4.8000000000e-01 4.8000000000e-01 2.0000000000e-01 -9.6000280000e-13 4.8000280000e-13 4.8000000000e-13 0.0000000000e+00 1.0097419587e-28
4.9000000000e-01 4.9000000000e-01 2.0000000000e-01 -9.8000280000e-13 4.9000280000e-13 4.9000000000e-13 0.0000000000e+00 0.0000000000e+00
5.0000000000e-01 5.0000000000e-01 2.0000000000e-01 -1.0000000000e-12 5.0000280000e-13 5.0000000000e-13 0.0000000000e+00 2.8000000000e-18
5.1000000000e-01 5.1000000000e-01 2.0000000000e-01 -1.0200000000e-12 5.1000290000e-13 5.1000000000e-13 0.0000000000e+00 2.9000000000e-18
5.2000000000e-01 5.2000000000e-01 2.0000000000e-01 -1.0400000000e-12 5.2000290000e-13 5.2000000000e-13 0.0000000000e+00 2.9000000000e-18
5.3000000000e-01 5.3000000000e-01 2.0000000000e-01 -1.0600000000e-12 5.3000300000e-13 5.3000000000e-13 0.0000000000e+00 3.0000000000e-18
5.4000000000e-01 5.4000000000e-01 2.0000000000e-01 -1.0800000000e-12 5.4000300000e-13 5.4000000000e-13 0.0000000000e+00 3.0000000000e-18
5.5000000000e-01 5.5000000000e-01 2.0000000000e-01 -1.1000000000e-12 5.5000310000e-13 5.5000000000e-13 0.0000000000e+00 3.1000000000e-18
5.6000000000e-01 5.6000000000e-01 2.0000000000e-01 -1.1200000000e-12 5.6000310000e-13 5.6000000000e-13 0.0000000000e+00 3.1000000001e-18
5.7000000000e-01 5.7000000000e-01 2.0000000000e-01 -1.1400000000e-12 5.7000320000e-13 5.7000000000e-13 0.0000000000e+00 3.2000000002e-18
5.8000000000e-01 5.8000000000e-01 2.0000000000e-01 -1.1600000000e-12 5.8000320000e-13 5.8000000000e-13 0.0000000000e+00 3.2000000002e-18
5.9000000000e-01 5.9000000000e-01 2.0000000000e-01 -1.1800000000e-12 5.9000330000e-13 5.9000000000e-13 0.0000000000e+00 3.3000000002e-18
6.0000000000e-01 6.0000000000e-01 2.0000000000e-01 -1.2000000000e-12 6.0000330000e-13 6.0000000000e-13 0.0000000000e+00 3.3000000002e-18
6.1000000000e-01 6.1000000000e-01 2.0000000000e-01 -1.2200000000e-12 6.1000340000e-13 6.1000000000e-13 0.0000000000e+00 3.4000000002e-18
6.2000000000e-01 6.2000000000e-01 2.0000000000e-01 -1.2400000000e-12 6.2000340000e-13 6.2000000000e-13 0.0000000000e+00 3.4000000002e-18
6.3000000000e-01 6.3000000000e-01 2.0000000000e-01 -1.2600000000e-12 6.3000350000e-13 6.3000000000e-13 0.0000000000e+00 3.5000000000e-18
6.4000000000e-01 6.4000000000e-01 2.0000000000e-01 -1.2800000000e-12 6.4000360000e-13 6.4000000000e-13 0.0000000000e+00 3.6000000002e-18
6.5000000000e-01 6.5000000000e-01 2.0000000000e-01 -1.3000000000e-12 6.5000360000e-13 6.5000000000e-13 0.0000000000e+00 3.6000000000e-18
6.6000000000e-01 6.6000000000e-01 2.0000000000e-01 -1.3200000000e-12 6.6000370000e-13 6.6000000000e-13 0.0000000000e+00 3.7000000000e-18
6.7000000000e-01 6.7000000000e-01 2.0000000000e-01 -1.3400000000e-12 6.7000370000e-13 6.7000000000e-13 0.0000000000e+00 3.6999999999e-18
6.8000000000e-01 6.8000000000e-01 2.0000000000e-01 -1.3600000000e-12 6.8000380000e-13 6.8000000000e-13 0.0000000000e+00 3.8000000000e-18
6.9000000000e-01 6.9000000000e-01 2.0000000000e-01 -1.3800000000e-12 6.9000380000e-13 6.9000000000e-13 0.0000000000e+00 3.8000000003e-18
7.0000000000e-01 7.0000000000e-01 2.0000000000e-01 -1.4000000000e-12 7.0000390000e-13 7.0000000000e-13 0.0000000000e+00 3.9000000002e-18
7.1000000000e-01 7.1000000000e-01 2.0000000000e-01 -1.4200000000e-12 7.1000400000e-13 7.1000000000e-13 0.0000000000e+00 4.0000000004e-18
7.2000000000e-01 7.2000000000e-01 2.0000000000e-01 -1.4400000000e-12 7.2000400000e-13 7.2000000000e-13 0.0000000000e+00 4.0000000002e-18
7.3000000000e-01 7.3000000000e-01 2.0000000000e-01 -1.4600000000e-12 7.3000410000e-13 7.3000000000e-13 0.0000000000e+00 4.1000000002e-18
7.4000000000e-01 7.4000000000e-01 2.0000000000e-01 -1.4800000000e-12 7.4000420000e-13 7.4000000000e-13 0.0000000000e+00 4.2000000001e-18
7.5000000000e-01 7.5000000000e-01 2.0000000000e-01 -1.5000000000e-12 7.5000420000e-13 7.5000000000e-13 0.0000000000e+00 4.2000000000e-18
7.6000000000e-01 7.6000000000e-01 2.0000000000e-01 -1.5200000000e-12 7.6000430000e-13 7.6000000000e-13 0.0000000000e+00 4.3000000002e-18
7.7000000000e-01 7.7000000000e-01 2.0000000000e-01 -1.5400000000e-12 7.7000440000e-13 7.7000000000e-13 0.0000000000e+00 4.4000000000e-18
7.8000000000e-01 7.8000000000e-01 2.0000000000e-01 -1.5600000000e-12 7.8000440000e-13 7.8000000000e-13 0.0000000000e+00 4.4000000002e-18
7.9000000000e-01 7.9000000000e-01 2.0000000000e-01 -1.5800000000e-12 7.9000450000e-13 7.9000000000e-13 0.0000000000e+00 4.5000000000e-18
8.0000000000e-01 8.0000000000e-01 2.0000000000e-01 -1.6000000000e-12 8.0000460000e-13 8.0000000000e-13 0.0000000000e+00 4.6000000000e-18
8.1000000000e-01 8.1000000000e-01 2.0000000000e-01 -1.6200000000e-12 8.1000460000e-13 8.1000000000e-13 0.0000000000e+00 4.5999999999e-18
8.2000000000e-01 8.2000000000e-01 2.0000000000e-01 -1.6400000000e-12 8.2000470000e-13 8.2000000000e-13 0.0000000000e+00 4.7000000002e-18
8.3000000000e-01 8.3000000000e-01 2.0000000000e-01 -1.6600000000e-12 8.3000480000e-13 8.3000000000e-13 0.0000000000e+00 4.8000000004e-18
8.4000000000e-01 8.4000000000e-01 2.0000000000e-01 -1.6800000000e-12 8.4000480000e-13 8.4000000000e-13 0.0000000000e+00 4.8000000002e-18
8.5000000000e-01 8.5000000000e-01 2.0000000000e-01 -1.7000000000e-12 8.5000490000e-13 8.5000000000e-13 0.0000000000e+00 4.9000000004e-18
8.6000000000e-01 8.6000000000e-01 2.0000000000e-01 -1.7200000000e-12 8.6000500000e-13 8.6000000000e-13 0.0000000000e+00 5.0000000002e-18
8.7000000000e-01 8.7000000000e-01 2.0000000000e-01 -1.7400000000e-12 8.7000510000e-13 8.7000000000e-13 0.0000000000e+00 5.1000000002e-18
8.8000000000e-01 8.8000000000e-01 2.0000000000e-01 -1.7600000000e-12 8.8000520000e-13 8.8000000000e-13 0.0000000000e+00 5.2000000002e-18
8.9000000000e-01 8.9000000000e-01 2.0000000000e-01 -1.7800000000e-12 8.9000520000e-13 8.9000000000e-13 0.0000000000e+00 5.2000000000e-18
9.0000000000e-01 9.0000000000e-01 2.0000000000e-01 -1.8000000000e-12 9.0000530000e-13 9.0000000000e-13 0.0000000000e+00 5.3000000002e-18
9.1000000000e-01 9.1000000000e-01 2.0000000000e-01 -1.8200000000e-12 9.1000540000e-13 9.1000000000e-13 0.0000000000e+00 5.4000000003e-18
9.2000000000e-01 9.2000000000e-01 2.0000000000e-01 -1.8400000000e-12 9.2000550000e-13 9.2000000000e-13 0.0000000000e+00 5.4999999999e-18
9.3000000000e-01 9.3000000000e-01 2.0000000000e-01 -1.8600000000e-12 9.3000560000e-13 9.3000000000e-13 0.0000000000e+00 5.6000000000e-18
9.4000000000e-01 9.4000000000e-01 2.0000000000e-01 -1.8800000000e-12 9.4000560000e-13 9.4000000000e-13 0.0000000000e+00 5.6000000004e-18
9.5000000000e-01 9.5000000000e-01 2.0000000000e-01 -1.9000000000e-12 9.5000570000e-13 9.5000000000e-13 0.0000000000e+00 5.7000000001e-18
9.6000000000e-01 9.6000000000e-01 2.0000000000e-01 -1.9200000000e-12 9.6000580000e-13 9.6000000000e-13 0.0000000000e+00 5.8000000003e-18
9.7000000000e-01 9.7000000000e-01 2.0000000000e-01 -1.9400000000e-12 9.7000590000e-13 9.7000000000e-13 0.0000000000e+00 5.9000000004e-18
9.8000000000e-01 9.8000000000e-01 2.0000000000e-01 -1.9600000000e-12 9.8000600000e-13 9.8000000000e-13 0.0000000000e+00 6.0000000004e-18
9.9000000000e-01 9.9000000000e-01 2.0000000000e-01 -1.9800000000e-12 9.9000610000e-13 9.9000000000e-13 0.0000000000e+00 6.1000000001e-18
1.0000000000e+00 1.0000000000e+00 2.0000000000e-01 -2.0000000000e-12 1.0000000000e-12 1.0000000000e-12 0.0000000000e+00 0.0000000000e+00
1.0100000000e+00 1.0100000000e+00 2.0000000000e-01 -2.0200000000e-12 1.0100000000e-12 1.0100000000e-12 0.0000000000e+00 0.0000000000e+00
1.0200000000e+00 1.0200000000e+00 2.0000000000e-01 -2.0400000000e-12 1.0200000000e-12 1.0200000000e-12 0.0000000000e+00 0.0000000000e+00
1.0300000000e+00 1.0300000000e+00 2.0000000000e-01 -2.0600000000e-12 1.0300000000e-12 1.0300000000e-12 0.0000000000e+00 0.0000000000e+00
1.0400000000e+00 1.0400000000e+00 2.0000000000e-01 -2.0800000000e-12 1.0400000000e-12 1.0400000000e-12 0.0000000000e+00 0.0000000000e+00
1.0500000000e+00 1.0500000000e+00 2.0000000000e-01 -2.1000000000e-12 1.0500000000e-12 1.0500000000e-12 0.0000000000e+00 0.0000000000e+00
1.0600000000e+00 1.0600000000e+00 2.0000000000e-01 -2.1200000000e-12 1.0600000000e-12 1.0600000000e-12 0.0000000000e+00 0.0000000000e+00
1.0700000000e+00 1.0700000000e+00 2.0000000000e-01 -2.1400000000e-12 1.0700000000e-12 1.0700000000e-12 0.0000000000e+00 0.0000000000e+00
1.0800000000e+00 1.0800000000e+00 2.0000000000e-01 -2.1600000000e-12 1.0800000000e-12 1.0800000000e-12 0.0000000000e+00 0.0000000000e+00
1.0900000000e+00 1.0900000000e+00 2.0000000000e-01 -2.1800000000e-12 1.0900000000e-12 1.0900000000e-12 0.0000000000e+00 0.0000000000e+00
1.1000000000e+00 1.1000000000e+00 2.0000000000e-01 -2.2000000000e-12 1.1000000000e-12 1.1000000000e-12 0.0000000000e+00 0.0000000000e+00
1.1100000000e+00 1.1100000000e+00 2.0000000000e-01 -2.2200000000e-12 1.1100000000e-12 1.1100000000e-12 0.0000000000e+00 0.0000000000e+00
1.1200000000e+00 1.1200000000e+00 2.0000000000e-01 -2.2400000000e-12 1.1200000000e-12 1.1200000000e-12 0.0000000000e+00 0.0000000000e+00
1.1300000000e+00 1.1300000000e+00 2.0000000000e-01 -2.2600000000e-12 1.1300000000e-12 1.1300000000e-12 0.0000000000e+00 0.0000000000e+00
1.1400000000e+00 1.1400000000e+00 2.0000000000e-01 -2.2800000000e-12 1.1400000000e-12 1.1400000000e-12 0.0000000000e+00 0.0000000000e+00
1.1500000000e+00 1.1500000000e+00 2.0000000000e-01 -2.3000000000e-12 1.1500000000e-12 1.1500000000e-12 0.0000000000e+00 0.0000000000e+00
1.1600000000e+00 1.1600000000e+00 2.0000000000e-01 -2.3200000000e-12 1.1600000000e-12 1.1600000000e-12 0.0000000000e+00 0.0000000000e+00
1.1700000000e+00 1.1700000000e+00 2.0000000000e-01 -2.3400000000e-12 1.1700000000e-12 1.1700000000e-12 0.0000000000e+00 0.0000000000e+00
1.1800000000e+00 1.1800000000e+00 2.0000000000e-01 -2.3600000000e-12 1.1800000000e-12 1.1800000000e-12 0.0000000000e+00 0.0000000000e+00
1.1900000000e+00 1.1900000000e+00 2.0000000000e-01 -2.3800000000e-12 1.1900000000e-12 1.1900000000e-12 0.0000000000e+00 0.0000000000e+00
1.2000000000e+00 1.2000000000e+00 2.0000000000e-01 -2.4000000000e-12 1.2000000000e-12 1.2000000000e-12 0.0000000000e+00 0.0000000000e+00
0.0000000000e+00 0.0000000000e+00 4.0000000000e-01 0.0000000000e+00 0.0000000000e+00 0.0000000000e+00 0.0000000000e+00 0.0000000000e+00
1.0000000000e-02 1.0000000000e-02 4.0000000000e-01 -2.0489000000e-14 1.0489000000e-14 1.0000000000e-14 0.0000000000e+00 0.0000000000e+00
2.0000000000e-02 2.0000000000e-02 4.0000000000e-01 -4.0838700000e-14 2.0838700000e-14 2.0000000000e-14 0.0000000000e+00 3.1554436209e-30
3.0000000000e-02 3.0000000000e-02 4.0000000000e-01 -6.1075900000e-14 3.1075900000e-14 3.0000000000e-14 0.0000000000e+00 1.2621774484e-29
4.0000000000e-02 4.0000000000e-02 4.0000000000e-01 -8.1232900000e-14 4.1232900000e-14 4.0000000000e-14 0.0000000000e+00 6.3108872418e-30
5.0000000000e-02 5.0000000000e-02 4.0000000000e-01 -1.0133930000e-13 5.1339300000e-14 5.0000000000e-14 0.0000000000e+00 6.3108872418e-30
6.0000000000e-02 6.0000000000e-02 4.0000000000e-01 -1.2141640000e-13 6.1416400000e-14 6.0000000000e-14 0.0000000000e+00 2.5243548967e-29
7.0000000000e-02 7.0000000000e-02 4.0000000000e-01 -1.4147700000e-13 7.1477000000e-14 7.0000000000e-14 0.0000000000e+00 1.2621774484e-29
8.0000000000e-02 8.0000000000e-02 4.0000000000e-01 -1.6152830000e-13 8.1528300000e-14 8.0000000000e-14 0.0000000000e+00 0.0000000000e+00
9.0000000000e-02 9.0000000000e-02 4.0000000000e-01 -1.8157400000e-13 9.1574000000e-14 9.0000000000e-14 0.0000000000e+00 0.0000000000e+00
1.0000000000e-01 1.0000000000e-01 4.0000000000e-01 -2.0161620000e-13 1.0161620000e-13 1.0000000000e-13 0.0000000000e+00 1.2621774484e-29
1.1000000000e-01 1.1000000000e-01 4.0000000000e-01 -2.2165630000e-13 1.1165630000e-13 1.1000000000e-13 0.0000000000e+00 2.5243548967e-29
1.2000000000e-01 1.2000000000e-01 4.0000000000e-01 -2.4169510000e-13 1.2169510000e-13 1.2000000000e-13 0.0000000000e+00 0.0000000000e+00
1.3000000000e-01 1.3000000000e-01 4.0000000000e-01 -2.6173290000e-13 1.3173290000e-13 1.3000000000e-13 0.0000000000e+00 2.5243548967e-29
1.4000000000e-01 1.4000000000e-01 4.0000000000e-01 -2.8177020000e-13 1.4177020000e-13 1.4000000000e-13 0.0000000000e+00 2.5243548967e-29
1.5000000000e-01 1.5000000000e-01 4.0000000000e-01 -3.0180710000e-13 1.5180710000e-13 1.5000000000e-13 0.0000000000e+00 2.5243548967e-29
1.6000000000e-01 1.6000000000e-01 4.0000000000e-01 -3.2184400000e-13 1.6184400000e-13 1.6000000000e-13 0.0000000000e+00 2.5243548967e-29
1.7000000000e-01 1.7000000000e-01 4.0000000000e-01 -3.4188070000e-13 1.7188070000e-13 1.7000000000e-13 0.0000000000e+00 0.0000000000e+00
1.8000000000e-01 1.8000000000e-01 4.0000000000e-01 -3.6191760000e-13 1.8191760000e-13 1.8000000000e-13 0.0000000000e+00 0.0000000000e+00
1.9000000000e-01 1.9000000000e-01 4.0000000000e-01 -3.8195460000e-13 1.9195460000e-13 1.9000000000e-13 0.0000000000e+00 0.0000000000e+00
2.0000000000e-01 2.0000000000e-01 4.0000000000e-01 -4.0199180000e-13 2.0199180000e-13 2.0000000000e-13 0.0000000000e+00 2.5243548967e-29
2.1000000000e-01 2.1000000000e-01 4.0000000000e-01 -4.2202920000e-13 2.1202920000e-13 2.1000000000e-13 0.0000000000e+00 2.5243548967e-29
2.2000000000e-01 2.2000000000e-01 4.0000000000e-01 -4.4206690000e-13 2.2206690000e-13 2.2000000000e-13 0.0000000000e+00 0.0000000000e+00
2.3000000000e-01 2.3000000000e-01 4.0000000000e-01 -4.6210500000e-13 2.3210500000e-13 2.3000000000e-13 0.0000000000e+00 5.0487097934e-29
2.4000000000e-01 2.4000000000e-01 4.0000000000e-01 -4.8214350000e-13 2.4214350000e-13 2.4000000000e-13 0.0000000000e+00 5.0487097934e-29
2.5000000000e-01 2.5000000000e-01 4.0000000000e-01 -5.0218230000e-13 2.5218230000e-13 2.5000000000e-13 0.0000000000e+00 0.0000000000e+00
2.6000000000e-01 2.6000000000e-01 4.0000000000e-01 -5.2222160000e-13 2.6222160000e-13 2.6000000000e-13 0.0000000000e+00 5.0487097934e-29
2.7000000000e-01 2.7000000000e-01 4.0000000000e-01 -5.4226130000e-13 2.7226130000e-13 2.7000000000e-13 0.0000000000e+00 5.0487097934e-29
2.8000000000e-01 2.8000000000e-01 4.0000000000e-01 -5.6230140000e-13 2.8230140000e-13 2.8000000000e-13 0.0000000000e+00 0.0000000000e+00
2.9000000000e-01 2.9000000000e-01 4.0000000000e-01 -5.8234200000e-13 2.9234200000e-13 2.9000000000e-13 0.0000000000e+00 5.0487097934e-29
3.0000000000e-01 3.0000000000e-01 4.0000000000e-01 -6.0238310000e-13 3.0238310000e-13 3.0000000000e-13 0.0000000000e+00 0.0000000000e+00
3.1000000000e-01 3.1000000000e-01 4.0000000000e-01 -6.2242480000e-13 3.1242480000e-13 3.1000000000e-13 0.0000000000e+00 5.0487097934e-29
3.2000000000e-01 3.2000000000e-01 4.0000000000e-01 -6.4246690000e-13 3.2246690000e-13 3.2000000000e-13 0.0000000000e+00 5.0487097934e-29
3.3000000000e-01 3.3000000000e-01 4.0000000000e-01 -6.6250960000e-13 3.3250960000e-13 3.3000000000e-13 0.0000000000e+00 5.0487097934e-29
3.4000000000e-01 3.4000000000e-01 4.0000000000e-01 -6.8255280000e-13 3.4255280000e-13 3.4000000000e-13 0.0000000000e+00 0.0000000000e+00
3.5000000000e-01 3.5000000000e-01 4.0000000000e-01 -7.0259660000e-13 3.5259660000e-13 3.5000000000e-13 0.0000000000e+00 5.0487097934e-29
3.6000000000e-01 3.6000000000e-01 4.0000000000e-01 -7.2264100000e-13 3.6264100000e-13 3.6000000000e-13 0.0000000000e+00 5.0487097934e-29
3.7000000000e-01 3.7000000000e-01 4.0000000000e-01 -7.4268600000e-13 3.7268600000e-13 3.7000000000e-13 0.0000000000e+00 0.0000000000e+00
3.8000000000e-01 3.8000000000e-01 4.0000000000e-01 -7.6273150000e-13 3.8273150000e-13 3.8000000000e-13 0.0000000000e+00 0.0000000000e+00
3.9000000000e-01 3.9000000000e-01 4.0000000000e-01 -7.8277770000e-13 3.9277770000e-13 3.9000000000e-13 0.0000000000e+00 5.0487097934e-29
4.0000000000e-01 4.0000000000e-01 4.0000000000e-01 -8.0282450000e-13 4.0282450000e-13 4.0000000000e-13 0.0000000000e+00 5.0487097934e-29
4.1000000000e-01 4.1000000000e-01 4.0000000000e-01 -8.2287200000e-13 4.1287200000e-13 4.1000000000e-13 0.0000000000e+00 0.0000000000e+00
4.2000000000e-01 4.2000000000e-01 4.0000000000e-01 -8.4292010000e-13 4.2292010000e-13 4.2000000000e-13 0.0000000000e+00 0.0000000000e+00
4.3000000000e-01 4.3000000000e-01 4.0000000000e-01 -8.6296880000e-13 4.3296880000e-13 4.3000000000e-13 0.0000000000e+00 5.0487097934e-29
4.4000000000e-01 4.4000000000e-01 4.0000000000e-01 -8.8301820000e-13 4.4301820000e-13 4.4000000000e-13 0.0000000000e+00 0.0000000000e+00
4.5000000000e-01 4.5000000000e-01 4.0000000000e-01 -9.0306830000e-13 4.5306830000e-13 4.5000000000e-13 0.0000000000e+00 5.0487097934e-29
4.6000000000e-01 4.6000000000e-01 4.0000000000e-01 -9.2311910000e-13 4.6311910000e-13 4.6000000000e-13 0.0000000000e+00 0.0000000000e+00
4.7000000000e-01 4.7000000000e-01 4.0000000000e-01 -9.4317060000e-13 4.7317060000e-13 4.7000000000e-13 0.0000000000e+00 0.0000000000e+00
4.8000000000e-01 4.8000000000e-01 4.0000000000e-01 -9.6322280000e-13 4.8322280000e-13 4.8000000000e-13 0.0000000000e+00 1.0097419587e-28
4.9000000000e-01 4.9000000000e-01 4.0000000000e-01 -9.8327570000e-13 4.9327570000e-13 4.9000000000e-13 0.0000000000e+00 1.0097419587e-28
5.0000000000e-01 5.0000000000e-01 4.0000000000e-01 -1.0033000000e-12 5.0332940000e-13 5.0000000000e-13 0.0000000000e+00 2.9400000000e-17
5.1000000000e-01 5.1000000000e-01 4.0000000000e-01 -1.0234000000e-12 5.1338380000e-13 5.1000000000e-13 0.0000000000e+00 1.6200000000e-17
5.2000000000e-01 5.2000000000e-01 4.0000000000e-01 -1.0434000000e-12 5.2343900000e-13 5.2000000000e-13 0.0000000000e+00 3.9000000000e-17
5.3000000000e-01 5.3000000000e-01 4.0000000000e-01 -1.0635000000e-12 5.3349500000e-13 5.3000000000e-13 0.0000000000e+00 4.9999999998e-18
5.4000000000e-01 5.4000000000e-01 4.0000000000e-01 -1.0836000000e-12 5.4355170000e-13 5.4000000000e-13 0.0000000000e+00 4.8300000000e-17
5.5000000000e-01 5.5000000000e-01 4.0000000000e-01 -1.1036000000e-12 5.5360920000e-13 5.5000000000e-13 0.0000000000e+00 9.2000000003e-18
5.6000000000e-01 5.6000000000e-01 4.0000000000e-01 -1.1237000000e-12 5.6366760000e-13 5.6000000000e-13 0.0000000000e+00 3.2400000000e-17
5.7000000000e-01 5.7000000000e-01 4.0000000000e-01 -1.1437000000e-12 5.7372670000e-13 5.7000000000e-13 0.0000000000e+00 2.6700000000e-17
5.8000000000e-01 5.8000000000e-01 4.0000000000e-01 -1.1638000000e-12 5.8378670000e-13 5.8000000000e-13 0.0000000000e+00 1.3300000000e-17
5.9000000000e-01 5.9000000000e-01 4.0000000000e-01 -1.1838000000e-12 5.9384750000e-13 5.9000000000e-13 0.0000000000e+00 4.7500000000e-17
6.0000000000e-01 6.0000000000e-01 4.0000000000e-01 -1.2039000000e-12 6.0390920000e-13 6.0000000000e-13 0.0000000000e+00 9.2000000003e-18
6.1000000000e-01 6.1000000000e-01 4.0000000000e-01 -1.2240000000e-12 6.1397170000e-13 6.1000000000e-13 0.0000000000e+00 2.8300000000e-17
6.2000000000e-01 6.2000000000e-01 4.0000000000e-01 -1.2440000000e-12 6.2403510000e-13 6.2000000000e-13 0.0000000000e+00 3.5100000000e-17
6.3000000000e-01 6.3000000000e-01 4.0000000000e-01 -1.2641000000e-12 6.3409950000e-13 6.3000000000e-13 0.0000000000e+00 4.9999999988e-19
6.4000000000e-01 6.4000000000e-01 4.0000000000e-01 -1.2842000000e-12 6.4416470000e-13 6.4000000000e-13 0.0000000000e+00 3.5300000000e-17
6.5000000000e-01 6.5000000000e-01 4.0000000000e-01 -1.3042000000e-12 6.5423080000e-13 6.5000000000e-13 0.0000000000e+00 3.0800000000e-17
6.6000000000e-01 6.6000000000e-01 4.0000000000e-01 -1.3243000000e-12 6.6429780000e-13 6.6000000000e-13 0.0000000000e+00 2.1999999998e-18
6.7000000000e-01 6.7000000000e-01 4.0000000000e-01 -1.3444000000e-12 6.7436580000e-13 6.7000000000e-13 0.0000000000e+00 3.4200000000e-17
6.8000000000e-01 6.8000000000e-01 4.0000000000e-01 -1.3644000000e-12 6.8443480000e-13 6.8000000000e-13 0.0000000000e+00 3.4800000000e-17
6.9000000000e-01 6.9000000000e-01 4.0000000000e-01 -1.3845000000e-12 6.9450470000e-13 6.9000000000e-13 0.0000000000e+00 4.7000000001e-18
7.0000000000e-01 7.0000000000e-01 4.0000000000e-01 -1.4046000000e-12 7.0457560000e-13 7.0000000000e-13 0.0000000000e+00 2.4400000000e-17
7.1000000000e-01 7.1000000000e-01 4.0000000000e-01 -1.4246000000e-12 7.1464750000e-13 7.1000000000e-13 0.0000000000e+00 4.7500000000e-17
7.2000000000e-01 7.2000000000e-01 4.0000000000e-01 -1.4447000000e-12 7.2472040000e-13 7.2000000000e-13 0.0000000000e+00 2.0400000000e-17
7.3000000000e-01 7.3000000000e-01 4.0000000000e-01 -1.4648000000e-12 7.3479430000e-13 7.3000000000e-13 0.0000000000e+00 5.6999999999e-18
7.4000000000e-01 7.4000000000e-01 4.0000000000e-01 -1.4849000000e-12 7.4486930000e-13 7.4000000000e-13 0.0000000000e+00 3.0700000000e-17
7.5000000000e-01 7.5000000000e-01 4.0000000000e-01 -1.5049000000e-12 7.5494530000e-13 7.5000000000e-13 0.0000000000e+00 4.5300000000e-17
7.6000000000e-01 7.6000000000e-01 4.0000000000e-01 -1.5250000000e-12 7.6502230000e-13 7.6000000000e-13 0.0000000000e+00 2.2300000000e-17
7.7000000000e-01 7.7000000000e-01 4.0000000000e-01 -1.5451000000e-12 7.7510050000e-13 7.7000000000e-13 0.0000000000e+00 5.0000000019e-19
7.8000000000e-01 7.8000000000e-01 4.0000000000e-01 -1.5652000000e-12 7.8517970000e-13 7.8000000000e-13 0.0000000000e+00 2.0300000000e-17
7.9000000000e-01 7.9000000000e-01 4.0000000000e-01 -1.5853000000e-12 7.9526010000e-13 7.9000000000e-13 0.0000000000e+00 3.9900000000e-17
8.0000000000e-01 8.0000000000e-01 4.0000000000e-01 -1.6053000000e-12 8.0534150000e-13 8.0000000000e-13 0.0000000000e+00 4.1500000000e-17
8.1000000000e-01 8.1000000000e-01 4.0000000000e-01 -1.6254000000e-12 8.1542410000e-13 8.1000000000e-13 0.0000000000e+00 2.4100000000e-17
8.2000000000e-01 8.2000000000e-01 4.0000000000e-01 -1.6455000000e-12 8.2550790000e-13 8.2000000000e-13 0.0000000000e+00 7.9000000000e-18
8.3000000000e-01 8.3000000000e-01 4.0000000000e-01 -1.6656000000e-12 8.3559280000e-13 8.3000000000e-13 0.0000000000e+00 7.1999999997e-18
8.4000000000e-01 8.4000000000e-01 4.0000000000e-01 -1.6857000000e-12 8.4567890000e-13 8.4000000000e-13 0.0000000000e+00 2.1100000000e-17
8.5000000000e-01 8.5000000000e-01 4.0000000000e-01 -1.7058000000e-12 8.5576630000e-13 8.5000000000e-13 0.0000000000e+00 3.3700000000e-17
8.6000000000e-01 8.6000000000e-01 4.0000000000e-01 -1.7259000000e-12 8.6585480000e-13 8.6000000000e-13 0.0000000000e+00 4.5200000000e-17
8.7000000000e-01 8.7000000000e-01 4.0000000000e-01 -1.7459000000e-12 8.7594460000e-13 8.7000000000e-13 0.0000000000e+00 4.4600000000e-17
8.8000000000e-01 8.8000000000e-01 4.0000000000e-01 -1.7660000000e-12 8.8603560000e-13 8.8000000000e-13 0.0000000000e+00 3.5600000000e-17
8.9000000000e-01 8.9000000000e-01 4.0000000000e-01 -1.7861000000e-12 8.9612790000e-13 8.9000000000e-13 0.0000000000e+00 2.7900000000e-17
9.0000000000e-01 9.0000000000e-01 4.0000000000e-01 -1.8062000000e-12 9.0622140000e-13 9.0000000000e-13 0.0000000000e+00 2.1400000000e-17
9.1000000000e-01 9.1000000000e-01 4.0000000000e-01 -1.8263000000e-12 9.1631630000e-13 9.1000000000e-13 0.0000000000e+00 1.6300000000e-17
9.2000000000e-01 9.2000000000e-01 4.0000000000e-01 -1.8464000000e-12 9.2641250000e-13 9.2000000000e-13 0.0000000000e+00 1.2500000000e-17
9.3000000000e-01 9.3000000000e-01 4.0000000000e-01 -1.8665000000e-12 9.3651000000e-13 9.3000000000e-13 0.0000000000e+00 9.9999999999e-18
9.4000000000e-01 9.4000000000e-01 4.0000000000e-01 -1.8866000000e-12 9.4660890000e-13 9.4000000000e-13 0.0000000000e+00 8.9000000001e-18
9.5000000000e-01 9.5000000000e-01 4.0000000000e-01 -1.9067000000e-12 9.5670910000e-13 9.5000000000e-13 0.0000000000e+00 9.1000000002e-18
9.6000000000e-01 9.6000000000e-01 4.0000000000e-01 -1.9268000000e-12 9.6681080000e-13 9.6000000000e-13 0.0000000000e+00 1.0800000000e-17
9.7000000000e-01 9.7000000000e-01 4.0000000000e-01 -1.9469000000e-12 9.7691380000e-13 9.7000000000e-13 0.0000000000e+00 1.3800000000e-17
9.8000000000e-01 9.8000000000e-01 4.0000000000e-01 -1.9670000000e-12 9.8701830000e-13 9.8000000000e-13 0.0000000000e+00 1.8300000000e-17
9.9000000000e-01 9.9000000000e-01 4.0000000000e-01 -1.9871000000e-12 9.9712420000e-13 9.9000000000e-13 0.0000000000e+00 2.4200000000e-17
1.0000000000e+00 1.0000000000e+00 4.0000000000e-01 -2.0072000000e-12 1.0072000000e-12 1.0000000000e-12 0.0000000000e+00 2.0194839174e-28
1.0100000000e+00 1.0100000000e+00 4.0000000000e-01 -2.0273000000e-12 1.0173000000e-12 1.0100000000e-12 0.0000000000e+00 4.0389678347e-28
1.0200000000e+00 1.0200000000e+00 4.0000000000e-01 -2.0475000000e-12 1.0275000000e-12 1.0200000000e-12 0.0000000000e+00 2.0194839174e-28
1.0300000000e+00 1.0300000000e+00 4.0000000000e-01 -2.0676000000e-12 1.0376000000e-12 1.0300000000e-12 0.0000000000e+00 0.0000000000e+00
1.0400000000e+00 1.0400000000e+00 4.0000000000e-01 -2.0877000000e-12 1.0477000000e-12 1.0400000000e-12 0.0000000000e+00 4.0389678347e-28
1.0500000000e+00 1.0500000000e+00 4.0000000000e-01 -2.1078000000e-12 1.0578000000e-12 1.0500000000e-12 0.0000000000e+00 0.0000000000e+00
1.0600000000e+00 1.0600000000e+00 4.0000000000e-01 -2.1279000000e-12 1.0679000000e-12 1.0600000000e-12 0.0000000000e+00 4.0389678347e-28
1.0700000000e+00 1.0700000000e+00 4.0000000000e-01 -2.1480000000e-12 1.0780000000e-12 1.0700000000e-12 0.0000000000e+00 0.0000000000e+00
1.0800000000e+00 1.0800000000e+00 4.0000000000e-01 -2.1681000000e-12 1.0881000000e-12 1.0800000000e-12 0.0000000000e+00 0.0000000000e+00
1.0900000000e+00 1.0900000000e+00 4.0000000000e-01 -2.1883000000e-12 1.0983000000e-12 1.0900000000e-12 0.0000000000e+00 2.0194839174e-28
1.1000000000e+00 1.1000000000e+00 4.0000000000e-01 -2.2084000000e-12 1.1084000000e-12 1.1000000000e-12 0.0000000000e+00 0.0000000000e+00
1.1100000000e+00 1.1100000000e+00 4.0000000000e-01 -2.2285000000e-12 1.1185000000e-12 1.1100000000e-12 0.0000000000e+00 0.0000000000e+00
1.1200000000e+00 1.1200000000e+00 4.0000000000e-01 -2.2486000000e-12 1.1286000000e-12 1.1200000000e-12 0.0000000000e+00 2.0194839174e-28
1.1300000000e+00 1.1300000000e+00 4.0000000000e-01 -2.2688000000e-12 1.1388000000e-12 1.1300000000e-12 0.0000000000e+00 4.0389678347e-28
1.1400000000e+00 1.1400000000e+00 4.0000000000e-01 -2.2889000000e-12 1.1489000000e-12 1.1400000000e-12 0.0000000000e+00 2.0194839174e-28
1.1500000000e+00 1.1500000000e+00 4.0000000000e-01 -2.3090000000e-12 1.1590000000e-12 1.1500000000e-12 0.0000000000e+00 0.0000000000e+00
1.1600000000e+00 1.1600000000e+00 4.0000000000e-01 -2.3292000000e-12 1.1692000000e-12 1.1600000000e-12 0.0000000000e+00 4.0389678347e-28
1.1700000000e+00 1.1700000000e+00 4.0000000000e-01 -2.3493000000e-12 1.1793000000e-12 1.1700000000e-12 0.0000000000e+00 2.0194839174e-28
1.1800000000e+00 1.1800000000e+00 4.0000000000e-01 -2.3694000000e-12 1.1894000000e-12 1.1800000000e-12 0.0000000000e+00 2.0194839174e-28
1.1900000000e+00 1.1900000000e+00 4.0000000000e-01 -2.3896000000e-12 1.1996000000e-12 1.1900000000e-12 0.0000000000e+00 2.0194839174e-28
1.2000000000e+00 1.2000000000e+00 4.0000000000e-01 -2.4097000000e-12 1.2097000000e-12 1.2000000000e-12 0.0000000000e+00 2.0194839174e-28
0.0000000000e+00 0.0000000000e+00 6.0000000000e-01 0.0000000000e+00 0.0000000000e+00 0.0000000000e+00 0.0000000000e+00 0.0000000000e+00
1.0000000000e-02 1.0000000000e-02 6.0000000000e-01 -5.8901420000e-13 5.7901420000e-13 1.0000000000e-14 0.0000000000e+00 5.6797985176e-29
2.0000000000e-02 2.0000000000e-02 6.0000000000e-01 -1.0158000000e-12 9.9576590000e-13 2.0000000000e-14 0.0000000000e+00 3.4100000000e-17
3.0000000000e-02 3.0000000000e-02 6.0000000000e-01 -1.3117000000e-12 1.2817000000e-12 3.0000000000e-14 0.0000000000e+00 6.9419759659e-29
4.0000000000e-02 4.0000000000e-02 6.0000000000e-01 -1.5143000000e-12 1.4743000000e-12 4.0000000000e-14 0.0000000000e+00 2.5243548967e-29
5.0000000000e-02 5.0000000000e-02 6.0000000000e-01 -1.6580000000e-12 1.6080000000e-12 5.0000000000e-14 0.0000000000e+00 2.1457016622e-28
6.0000000000e-02 6.0000000000e-02 6.0000000000e-01 -1.7677000000e-12 1.7077000000e-12 6.0000000000e-14 0.0000000000e+00 1.3883951932e-28
7.0000000000e-02 7.0000000000e-02 6.0000000000e-01 -1.8582000000e-12 1.7882000000e-12 7.0000000000e-14 0.0000000000e+00 1.0097419587e-28
8.0000000000e-02 8.0000000000e-02 6.0000000000e-01 -1.9378000000e-12 1.8578000000e-12 8.0000000000e-14 0.0000000000e+00 5.0487097934e-29
9.0000000000e-02 9.0000000000e-02 6.0000000000e-01 -2.0108000000e-12 1.9208000000e-12 9.0000000000e-14 0.0000000000e+00 2.1457016622e-28
1.0000000000e-01 1.0000000000e-01 6.0000000000e-01 -2.0799000000e-12 1.9799000000e-12 1.0000000000e-13 0.0000000000e+00 4.2914033244e-28
1.1000000000e-01 1.1000000000e-01 6.0000000000e-01 -2.1465000000e-12 2.0365000000e-12 1.1000000000e-13 0.0000000000e+00 1.2621774484e-28
1.2000000000e-01 1.2000000000e-01 6.0000000000e-01 -2.2115000000e-12 2.0915000000e-12 1.2000000000e-13 0.0000000000e+00 2.7767903864e-28
1.3000000000e-01 1.3000000000e-01 6.0000000000e-01 -2.2754000000e-12 2.1454000000e-12 1.3000000000e-13 0.0000000000e+00 3.5340968554e-28
1.4000000000e-01 1.4000000000e-01 6.0000000000e-01 -2.3387000000e-12 2.1987000000e-12 1.4000000000e-13 0.0000000000e+00 2.0194839174e-28
1.5000000000e-01 1.5000000000e-01 6.0000000000e-01 -2.4016000000e-12 2.2516000000e-12 1.5000000000e-13 0.0000000000e+00 3.5340968554e-28
1.6000000000e-01 1.6000000000e-01 6.0000000000e-01 -2.4643000000e-12 2.3043000000e-12 1.6000000000e-13 0.0000000000e+00 1.0097419587e-28
1.7000000000e-01 1.7000000000e-01 6.0000000000e-01 -2.5270000000e-12 2.3570000000e-12 1.7000000000e-13 0.0000000000e+00 1.2621774484e-28
1.8000000000e-01 1.8000000000e-01 6.0000000000e-01 -2.5897000000e-12 2.4097000000e-12 1.8000000000e-13 0.0000000000e+00 4.2914033244e-28
1.9000000000e-01 1.9000000000e-01 6.0000000000e-01 -2.6526000000e-12 2.4626000000e-12 1.9000000000e-13 0.0000000000e+00 2.2719194070e-28
2.0000000000e-01 2.0000000000e-01 6.0000000000e-01 -2.7158000000e-12 2.5158000000e-12 2.0000000000e-13 0.0000000000e+00 3.5340968554e-28
2.1000000000e-01 2.1000000000e-01 6.0000000000e-01 -2.7793000000e-12 2.5693000000e-12 2.1000000000e-13 0.0000000000e+00 1.0097419587e-28
2.2000000000e-01 2.2000000000e-01 6.0000000000e-01 -2.8430000000e-12 2.6230000000e-12 2.2000000000e-13 0.0000000000e+00 1.5146129380e-28
2.3000000000e-01 2.3000000000e-01 6.0000000000e-01 -2.9072000000e-12 2.6772000000e-12 2.3000000000e-13 0.0000000000e+00 0.0000000000e+00
2.4000000000e-01 2.4000000000e-01 6.0000000000e-01 -2.9718000000e-12 2.7318000000e-12 2.4000000000e-13 0.0000000000e+00 1.5146129380e-28
2.5000000000e-01 2.5000000000e-01 6.0000000000e-01 -3.0369000000e-12 2.7869000000e-12 2.5000000000e-13 0.0000000000e+00 5.0487097934e-29
2.6000000000e-01 2.6000000000e-01 6.0000000000e-01 -3.1024000000e-12 2.8424000000e-12 2.6000000000e-13 0.0000000000e+00 3.0292258760e-28
2.7000000000e-01 2.7000000000e-01 6.0000000000e-01 -3.1684000000e-12 2.8984000000e-12 2.7000000000e-13 0.0000000000e+00 2.5243548967e-28
2.8000000000e-01 2.8000000000e-01 6.0000000000e-01 -3.2350000000e-12 2.9550000000e-12 2.8000000000e-13 0.0000000000e+00 0.0000000000e+00
2.9000000000e-01 2.9000000000e-01 6.0000000000e-01 -3.3021000000e-12 3.0121000000e-12 2.9000000000e-13 0.0000000000e+00 2.5243548967e-28
3.0000000000e-01 3.0000000000e-01 6.0000000000e-01 -3.3697000000e-12 3.0697000000e-12 3.0000000000e-13 0.0000000000e+00 5.0487097934e-28
3.1000000000e-01 3.1000000000e-01 6.0000000000e-01 -3.4380000000e-12 3.1280000000e-12 3.1000000000e-13 0.0000000000e+00 5.0487097934e-29
3.2000000000e-01 3.2000000000e-01 6.0000000000e-01 -3.5069000000e-12 3.1869000000e-12 3.2000000000e-13 0.0000000000e+00 2.0194839174e-28
3.3000000000e-01 3.3000000000e-01 6.0000000000e-01 -3.5763000000e-12 3.2463000000e-12 3.3000000000e-13 0.0000000000e+00 4.0389678347e-28
3.4000000000e-01 3.4000000000e-01 6.0000000000e-01 -3.6465000000e-12 3.3065000000e-12 3.4000000000e-13 0.0000000000e+00 2.5243548967e-28
3.5000000000e-01 3.5000000000e-01 6.0000000000e-01 -3.7172000000e-12 3.3672000000e-12 3.5000000000e-13 0.0000000000e+00 3.0292258760e-28
3.6000000000e-01 3.6000000000e-01 6.0000000000e-01 -3.7887000000e-12 3.4287000000e-12 3.6000000000e-13 0.0000000000e+00 3.5340968554e-28
3.7000000000e-01 3.7000000000e-01 6.0000000000e-01 -3.8608000000e-12 3.4908000000e-12 3.7000000000e-13 0.0000000000e+00 2.0194839174e-28
3.8000000000e-01 3.8000000000e-01 6.0000000000e-01 -3.9336000000e-12 3.5536000000e-12 3.8000000000e-13 0.0000000000e+00 3.5340968554e-28
3.9000000000e-01 3.9000000000e-01 6.0000000000e-01 -4.0071000000e-12 3.6171000000e-12 3.9000000000e-13 0.0000000000e+00 5.0487097934e-28
4.0000000000e-01 4.0000000000e-01 6.0000000000e-01 -4.0813000000e-12 3.6813000000e-12 4.0000000000e-13 0.0000000000e+00 1.0097419587e-28
4.1000000000e-01 4.1000000000e-01 6.0000000000e-01 -4.1563000000e-12 3.7463000000e-12 4.1000000000e-13 0.0000000000e+00 5.0487097934e-29
4.2000000000e-01 4.2000000000e-01 6.0000000000e-01 -4.2320000000e-12 3.8120000000e-12 4.2000000000e-13 0.0000000000e+00 2.0194839174e-28
4.3000000000e-01 4.3000000000e-01 6.0000000000e-01 -4.3085000000e-12 3.8785000000e-12 4.3000000000e-13 0.0000000000e+00 3.5340968554e-28
4.4000000000e-01 4.4000000000e-01 6.0000000000e-01 -4.3857000000e-12 3.9457000000e-12 4.4000000000e-13 0.0000000000e+00 3.0292258760e-28
4.5000000000e-01 4.5000000000e-01 6.0000000000e-01 -4.4637000000e-12 4.0137000000e-12 4.5000000000e-13 0.0000000000e+00 1.5146129380e-28
4.6000000000e-01 4.6000000000e-01 6.0000000000e-01 -4.5426000000e-12 4.0826000000e-12 4.6000000000e-13 0.0000000000e+00 0.0000000000e+00
4.7000000000e-01 4.7000000000e-01 6.0000000000e-01 -4.6222000000e-12 4.1522000000e-12 4.7000000000e-13 0.0000000000e+00 1.0097419587e-27
4.8000000000e-01 4.8000000000e-01 6.0000000000e-01 -4.7027000000e-12 4.2227000000e-12 4.8000000000e-13 0.0000000000e+00 3.0292258760e-28
4.9000000000e-01 4.9000000000e-01 6.0000000000e-01 -4.7840000000e-12 4.2940000000e-12 4.9000000000e-13 0.0000000000e+00 5.0487097934e-28
5.0000000000e-01 5.0000000000e-01 6.0000000000e-01 -4.8661000000e-12 4.3661000000e-12 5.0000000000e-13 0.0000000000e+00 1.0097419587e-28
5.1000000000e-01 5.1000000000e-01 6.0000000000e-01 -4.9491000000e-12 4.4391000000e-12 5.1000000000e-13 0.0000000000e+00 0.0000000000e+00
5.2000000000e-01 5.2000000000e-01 6.0000000000e-01 -5.0330000000e-12 4.5130000000e-12 5.2000000000e-13 0.0000000000e+00 2.0194839174e-28
5.3000000000e-01 5.3000000000e-01 6.0000000000e-01 -5.1178000000e-12 4.5878000000e-12 5.3000000000e-13 0.0000000000e+00 3.0292258760e-28
5.4000000000e-01 5.4000000000e-01 6.0000000000e-01 -5.2034000000e-12 4.6634000000e-12 5.4000000000e-13 0.0000000000e+00 3.0292258760e-28
5.5000000000e-01 5.5000000000e-01 6.0000000000e-01 -5.2900000000e-12 4.7400000000e-12 5.5000000000e-13 0.0000000000e+00 2.0194839174e-28
5.6000000000e-01 5.6000000000e-01 6.0000000000e-01 -5.3776000000e-12 4.8176000000e-12 5.6000000000e-13 0.0000000000e+00 8.0779356695e-28
5.7000000000e-01 5.7000000000e-01 6.0000000000e-01 -5.4660000000e-12 4.8960000000e-12 5.7000000000e-13 0.0000000000e+00 2.0194839174e-28
5.8000000000e-01 5.8000000000e-01 6.0000000000e-01 -5.5554000000e-12 4.9754000000e-12 5.8000000000e-13 0.0000000000e+00 3.0292258760e-28
5.9000000000e-01 5.9000000000e-01 6.0000000000e-01 -5.6458000000e-12 5.0558000000e-12 5.9000000000e-13 0.0000000000e+00 5.0487097934e-28
6.0000000000e-01 6.0000000000e-01 6.0000000000e-01 -5.7372000000e-12 5.1372000000e-12 6.0000000000e-13 0.0000000000e+00 2.0194839174e-28
6.1000000000e-01 6.1000000000e-01 6.0000000000e-01 -5.8295000000e-12 5.2195000000e-12 6.1000000000e-13 0.0000000000e+00 8.0779356695e-28
6.2000000000e-01 6.2000000000e-01 6.0000000000e-01 -5.9229000000e-12 5.3029000000e-12 6.2000000000e-13 0.0000000000e+00 1.0097419587e-28
6.3000000000e-01 6.3000000000e-01 6.0000000000e-01 -6.0173000000e-12 5.3873000000e-12 6.3000000000e-13 0.0000000000e+00 5.0487097934e-28
6.4000000000e-01 6.4000000000e-01 6.0000000000e-01 -6.1127000000e-12 5.4727000000e-12 6.4000000000e-13 0.0000000000e+00 4.0389678347e-28
6.5000000000e-01 6.5000000000e-01 6.0000000000e-01 -6.2092000000e-12 5.5592000000e-12 6.5000000000e-13 0.0000000000e+00 2.0194839174e-28
6.6000000000e-01 6.6000000000e-01 6.0000000000e-01 -6.3068000000e-12 5.6468000000e-12 6.6000000000e-13 0.0000000000e+00 0.0000000000e+00
6.7000000000e-01 6.7000000000e-01 6.0000000000e-01 -6.4054000000e-12 5.7354000000e-12 6.7000000000e-13 0.0000000000e+00 1.0097419587e-28
6.8000000000e-01 6.8000000000e-01 6.0000000000e-01 -6.5051000000e-12 5.8251000000e-12 6.8000000000e-13 0.0000000000e+00 3.0292258760e-28
6.9000000000e-01 6.9000000000e-01 6.0000000000e-01 -6.6060000000e-12 5.9160000000e-12 6.9000000000e-13 0.0000000000e+00 4.0389678347e-28
7.0000000000e-01 7.0000000000e-01 6.0000000000e-01 -6.7080000000e-12 6.0080000000e-12 7.0000000000e-13 0.0000000000e+00 2.0194839174e-28
7.1000000000e-01 7.1000000000e-01 6.0000000000e-01 -6.8111000000e-12 6.1011000000e-12 7.1000000000e-13 0.0000000000e+00 1.0097419587e-28
7.2000000000e-01 7.2000000000e-01 6.0000000000e-01 -6.9154000000e-12 6.1954000000e-12 7.2000000000e-13 0.0000000000e+00 1.0097419587e-28
7.3000000000e-01 7.3000000000e-01 6.0000000000e-01 -7.0208000000e-12 6.2908000000e-12 7.3000000000e-13 0.0000000000e+00 3.0292258760e-28
7.4000000000e-01 7.4000000000e-01 6.0000000000e-01 -7.1274000000e-12 6.3874000000e-12 7.4000000000e-13 0.0000000000e+00 4.0389678347e-28
7.5000000000e-01 7.5000000000e-01 6.0000000000e-01 -7.2353000000e-12 6.4853000000e-12 7.5000000000e-13 0.0000000000e+00 2.0194839174e-28
7.6000000000e-01 7.6000000000e-01 6.0000000000e-01 -7.3444000000e-12 6.5844000000e-12 7.6000000000e-13 0.0000000000e+00 1.5146129380e-27
7.7000000000e-01 7.7000000000e-01 6.0000000000e-01 -7.4547000000e-12 6.6847000000e-12 7.7000000000e-13 0.0000000000e+00 7.0681937108e-28
7.8000000000e-01 7.8000000000e-01 6.0000000000e-01 -7.5662000000e-12 6.7862000000e-12 7.8000000000e-13 0.0000000000e+00 2.0194839174e-28
7.9000000000e-01 7.9000000000e-01 6.0000000000e-01 -7.6791000000e-12 6.8891000000e-12 7.9000000000e-13 0.0000000000e+00 4.0389678347e-28
8.0000000000e-01 8.0000000000e-01 6.0000000000e-01 -7.7932000000e-12 6.9932000000e-12 8.0000000000e-13 0.0000000000e+00 1.0097419587e-27
8.1000000000e-01 8.1000000000e-01 6.0000000000e-01 -7.9086000000e-12 7.0986000000e-12 8.1000000000e-13 0.0000000000e+00 9.0876776281e-28
8.2000000000e-01 8.2000000000e-01 6.0000000000e-01 -8.0254000000e-12 7.2054000000e-12 8.2000000000e-13 0.0000000000e+00 7.0681937108e-28
8.3000000000e-01 8.3000000000e-01 6.0000000000e-01 -8.1435000000e-12 7.3135000000e-12 8.3000000000e-13 0.0000000000e+00 2.0194839174e-28
8.4000000000e-01 8.4000000000e-01 6.0000000000e-01 -8.2630000000e-12 7.4230000000e-12 8.4000000000e-13 0.0000000000e+00 1.2116903504e-27
8.5000000000e-01 8.5000000000e-01 6.0000000000e-01 -8.3838000000e-12 7.5338000000e-12 8.5000000000e-13 0.0000000000e+00 5.0487097934e-28
8.6000000000e-01 8.6000000000e-01 6.0000000000e-01 -8.5061000000e-12 7.6461000000e-12 8.6000000000e-13 0.0000000000e+00 9.0876776281e-28
8.7000000000e-01 8.7000000000e-01 6.0000000000e-01 -8.6297000000e-12 7.7597000000e-12 8.7000000000e-13 0.0000000000e+00 9.0876776281e-28
8.8000000000e-01 8.8000000000e-01 6.0000000000e-01 -8.7548000000e-12 7.8748000000e-12 8.8000000000e-13 0.0000000000e+00 6.0584517521e-28
8.9000000000e-01 8.9000000000e-01 6.0000000000e-01 -8.8813000000e-12 7.9913000000e-12 8.9000000000e-13 0.0000000000e+00 4.0389678347e-28
9.0000000000e-01 9.0000000000e-01 6.0000000000e-01 -9.0094000000e-12 8.1094000000e-12 9.0000000000e-13 0.0000000000e+00 1.9185097215e-27
9.1000000000e-01 9.1000000000e-01 6.0000000000e-01 -9.1389000000e-12 8.2289000000e-12 9.1000000000e-13 0.0000000000e+00 1.4136387422e-27
9.2000000000e-01 9.2000000000e-01 6.0000000000e-01 -9.2699000000e-12 8.3499000000e-12 9.2000000000e-13 0.0000000000e+00 0.0000000000e+00
9.3000000000e-01 9.3000000000e-01 6.0000000000e-01 -9.4025000000e-12 8.4725000000e-12 9.3000000000e-13 0.0000000000e+00 2.0194839174e-28
9.4000000000e-01 9.4000000000e-01 6.0000000000e-01 -9.5366000000e-12 8.5966000000e-12 9.4000000000e-13 0.0000000000e+00 4.0389678347e-28
9.5000000000e-01 9.5000000000e-01 6.0000000000e-01 -9.6722000000e-12 8.7222000000e-12 9.5000000000e-13 0.0000000000e+00 6.0584517521e-28
9.6000000000e-01 9.6000000000e-01 6.0000000000e-01 -9.8095000000e-12 8.8495000000e-12 9.6000000000e-13 0.0000000000e+00 1.0097419587e-27
9.7000000000e-01 9.7000000000e-01 6.0000000000e-01 -9.9484000000e-12 8.9784000000e-12 9.7000000000e-13 0.0000000000e+00 8.0779356695e-28
9.8000000000e-01 9.8000000000e-01 6.0000000000e-01 -1.0088900000e-11 9.1089000000e-12 9.8000000000e-13 0.0000000000e+00 1.0097419587e-27
9.9000000000e-01 9.9000000000e-01 6.0000000000e-01 -1.0231100000e-11 9.2411000000e-12 9.9000000000e-13 0.0000000000e+00 1.2116903504e-27
1.0000000000e+00 1.0000000000e+00 6.0000000000e-01 -1.0375000000e-11 9.3750000000e-12 1.0000000000e-12 0.0000000000e+00 2.0194839174e-28
1.0100000000e+00 1.0100000000e+00 6.0000000000e-01 -1.0520600000e-11 9.5106000000e-12 1.0100000000e-12 0.0000000000e+00 0.0000000000e+00
1.0200000000e+00 1.0200000000e+00 6.0000000000e-01 -1.0667800000e-11 9.6478000000e-12 1.0200000000e-12 0.0000000000e+00 0.0000000000e+00
1.0300000000e+00 1.0300000000e+00 6.0000000000e-01 -1.0816900000e-11 9.7869000000e-12 1.0300000000e-12 0.0000000000e+00 2.0194839174e-28
1.0400000000e+00 1.0400000000e+00 6.0000000000e-01 -1.0967700000e-11 9.9277000000e-12 1.0400000000e-12 0.0000000000e+00 4.0389678347e-28
1.0500000000e+00 1.0500000000e+00 6.0000000000e-01 -1.1120300000e-11 1.0070300000e-11 1.0500000000e-12 0.0000000000e+00 6.0584517521e-28
1.0600000000e+00 1.0600000000e+00 6.0000000000e-01 -1.1274700000e-11 1.0214700000e-11 1.0600000000e-12 0.0000000000e+00 1.0097419587e-27
1.0700000000e+00 1.0700000000e+00 6.0000000000e-01 -1.1431000000e-11 1.0361000000e-11 1.0700000000e-12 0.0000000000e+00 2.4233807008e-27
1.0800000000e+00 1.0800000000e+00 6.0000000000e-01 -1.1589100000e-11 1.0509100000e-11 1.0800000000e-12 0.0000000000e+00 6.0584517521e-28
1.0900000000e+00 1.0900000000e+00 6.0000000000e-01 -1.1749100000e-11 1.0659100000e-11 1.0900000000e-12 0.0000000000e+00 4.0389678347e-28
1.1000000000e+00 1.1000000000e+00 6.0000000000e-01 -1.1911100000e-11 1.0811100000e-11 1.1000000000e-12 0.0000000000e+00 4.0389678347e-28
1.1100000000e+00 1.1100000000e+00 6.0000000000e-01 -1.2075000000e-11 1.0965000000e-11 1.1100000000e-12 0.0000000000e+00 2.0194839174e-28
1.1200000000e+00 1.1200000000e+00 6.0000000000e-01 -1.2240800000e-11 1.1120800000e-11 1.1200000000e-12 0.0000000000e+00 0.0000000000e+00
1.1300000000e+00 1.1300000000e+00 6.0000000000e-01 -1.2408700000e-11 1.1278700000e-11 1.1300000000e-12 0.0000000000e+00 4.0389678347e-28
1.1400000000e+00 1.1400000000e+00 6.0000000000e-01 -1.2578500000e-11 1.1438500000e-11 1.1400000000e-12 0.0000000000e+00 6.0584517521e-28
1.1500000000e+00 1.1500000000e+00 6.0000000000e-01 -1.2750400000e-11 1.1600400000e-11 1.1500000000e-12 0.0000000000e+00 6.0584517521e-28
1.1600000000e+00 1.1600000000e+00 6.0000000000e-01 -1.2924400000e-11 1.1764400000e-11 1.1600000000e-12 0.0000000000e+00 8.0779356695e-28
1.1700000000e+00 1.1700000000e+00 6.0000000000e-01 -1.3100500000e-11 1.1930500000e-11 1.1700000000e-12 0.0000000000e+00 6.0584517521e-28
1.1800000000e+00 1.1800000000e+00 6.0000000000e-01 -1.3278700000e-11 1.2098700000e-11 1.1800000000e-12 0.0000000000e+00 2.8272774843e-27
1.1900000000e+00 1.1900000000e+00 6.0000000000e-01 -1.3459100000e-11 1.2269100000e-11 1.1900000000e-12 0.0000000000e+00 4.0389678347e-28
1.2000000000e+00 1.2000000000e+00 6.0000000000e-01 -1.3641700000e-11 1.2441700000e-11 1.2000000000e-12 0.0000000000e+00 2.0194839174e-28
0.0000000000e+00 0.0000000000e+00 8.0000000000e-01 0.0000000000e+00 0.0000000000e+00 0.0000000000e+00 0.0000000000e+00 0.0000000000e+00
1.0000000000e-02 1.0000000000e-02 8.0000000000e-01 -5.4089070000e-10 5.4088070000e-10 1.0000000000e-14 0.0000000000e+00 1.7613686292e-26
2.0000000000e-02 2.0000000000e-02 8.0000000000e-01 -9.2709490000e-10 9.2707490000e-10 2.0000000000e-14 0.0000000000e+00 1.7156778055e-25
3.0000000000e-02 3.0000000000e-02 8.0000000000e-01 -1.1887000000e-09 1.1886000000e-09 3.0000000000e-14 0.0000000000e+00 7.0000000000e-14
4.0000000000e-02 4.0000000000e-02 8.0000000000e-01 -1.3612000000e-09 1.3611000000e-09 4.0000000000e-14 0.0000000000e+00 6.0000000000e-14
5.0000000000e-02 5.0000000000e-02 8.0000000000e-01 -1.4775000000e-09 1.4774000000e-09 5.0000000000e-14 0.0000000000e+00 5.0000000000e-14
6.0000000000e-02 6.0000000000e-02 8.0000000000e-01 -1.5612000000e-09 1.5611000000e-09 6.0000000000e-14 0.0000000000e+00 4.0000000000e-14
7.0000000000e-02 7.0000000000e-02 8.0000000000e-01 -1.6265000000e-09 1.6265000000e-09 7.0000000000e-14 0.0000000000e+00 7.0000000000e-14
8.0000000000e-02 8.0000000000e-02 8.0000000000e-01 -1.6813000000e-09 1.6812000000e-09 8.0000000000e-14 0.0000000000e+00 2.0000000000e-14
9.0000000000e-02 9.0000000000e-02 8.0000000000e-01 -1.7298000000e-09 1.7297000000e-09 9.0000000000e-14 0.0000000000e+00 1.0000000000e-14
1.0000000000e-01 1.0000000000e-01 8.0000000000e-01 -1.7745000000e-09 1.7744000000e-09 1.0000000000e-13 0.0000000000e+00 3.0670911995e-26
1.1000000000e-01 1.1000000000e-01 8.0000000000e-01 -1.8166000000e-09 1.8165000000e-09 1.1000000000e-13 0.0000000000e+00 1.0000000000e-14
1.2000000000e-01 1.2000000000e-01 8.0000000000e-01 -1.8571000000e-09 1.8570000000e-09 1.2000000000e-13 0.0000000000e+00 2.0000000000e-14
1.3000000000e-01 1.3000000000e-01 8.0000000000e-01 -1.8966000000e-09 1.8965000000e-09 1.3000000000e-13 0.0000000000e+00 3.0000000000e-14
1.4000000000e-01 1.4000000000e-01 8.0000000000e-01 -1.9354000000e-09 1.9352000000e-09 1.4000000000e-13 0.0000000000e+00 6.0000000000e-14
1.5000000000e-01 1.5000000000e-01 8.0000000000e-01 -1.9737000000e-09 1.9735000000e-09 1.5000000000e-13 0.0000000000e+00 5.0000000000e-14
1.6000000000e-01 1.6000000000e-01 8.0000000000e-01 -2.0117000000e-09 2.0115000000e-09 1.6000000000e-13 0.0000000000e+00 4.0000000000e-14
1.7000000000e-01 1.7000000000e-01 8.0000000000e-01 -2.0496000000e-09 2.0494000000e-09 1.7000000000e-13 0.0000000000e+00 3.0000000000e-14
1.8000000000e-01 1.8000000000e-01 8.0000000000e-01 -2.0875000000e-09 2.0873000000e-09 1.8000000000e-13 0.0000000000e+00 2.0000000000e-14
1.9000000000e-01 1.9000000000e-01 8.0000000000e-01 -2.1254000000e-09 2.1252000000e-09 1.9000000000e-13 0.0000000000e+00 1.0000000000e-14
2.0000000000e-01 2.0000000000e-01 8.0000000000e-01 -2.1635000000e-09 2.1633000000e-09 2.0000000000e-13 0.0000000000e+00 6.1341823990e-26
2.1000000000e-01 2.1000000000e-01 8.0000000000e-01 -2.2018000000e-09 2.2016000000e-09 2.1000000000e-13 0.0000000000e+00 1.0000000000e-14
2.2000000000e-01 2.2000000000e-01 8.0000000000e-01 -2.2402000000e-09 2.2400000000e-09 2.2000000000e-13 0.0000000000e+00 2.0000000000e-14
2.3000000000e-01 2.3000000000e-01 8.0000000000e-01 -2.2790000000e-09 2.2788000000e-09 2.3000000000e-13 0.0000000000e+00 3.0000000000e-14
2.4000000000e-01 2.4000000000e-01 8.0000000000e-01 -2.3180000000e-09 2.3178000000e-09 2.4000000000e-13 0.0000000000e+00 4.0000000000e-14
2.5000000000e-01 2.5000000000e-01 8.0000000000e-01 -2.3574000000e-09 2.3571000000e-09 2.5000000000e-13 0.0000000000e+00 5.0000000000e-14
2.6000000000e-01 2.6000000000e-01 8.0000000000e-01 -2.3971000000e-09 2.3968000000e-09 2.6000000000e-13 0.0000000000e+00 4.0000000001e-14
2.7000000000e-01 2.7000000000e-01 8.0000000000e-01 -2.4371000000e-09 2.4369000000e-09 2.7000000000e-13 0.0000000000e+00 7.0000000000e-14
2.8000000000e-01 2.8000000000e-01 8.0000000000e-01 -2.4776000000e-09 2.4773000000e-09 2.8000000000e-13 0.0000000000e+00 2.0000000000e-14
2.9000000000e-01 2.9000000000e-01 8.0000000000e-01 -2.5184000000e-09 2.5182000000e-09 2.9000000000e-13 0.0000000000e+00 9.0000000000e-14
3.0000000000e-01 3.0000000000e-01 8.0000000000e-01 -2.5597000000e-09 2.5594000000e-09 3.0000000000e-13 0.0000000000e+00 9.1987492436e-26
3.1000000000e-01 3.1000000000e-01 8.0000000000e-01 -2.6014000000e-09 2.6011000000e-09 3.1000000000e-13 0.0000000000e+00 1.0000000000e-14
3.2000000000e-01 3.2000000000e-01 8.0000000000e-01 -2.6436000000e-09 2.6433000000e-09 3.2000000000e-13 0.0000000000e+00 2.0000000000e-14
3.3000000000e-01 3.3000000000e-01 8.0000000000e-01 -2.6862000000e-09 2.6859000000e-09 3.3000000000e-13 0.0000000000e+00 3.0000000000e-14
3.4000000000e-01 3.4000000000e-01 8.0000000000e-01 -2.7293000000e-09 2.7290000000e-09 3.4000000000e-13 0.0000000000e+00 4.0000000000e-14
3.5000000000e-01 3.5000000000e-01 8.0000000000e-01 -2.7729000000e-09 2.7725000000e-09 3.5000000000e-13 0.0000000000e+00 5.0000000000e-14
3.6000000000e-01 3.6000000000e-01 8.0000000000e-01 -2.8169000000e-09 2.8166000000e-09 3.6000000000e-13 0.0000000000e+00 6.0000000000e-14
3.7000000000e-01 3.7000000000e-01 8.0000000000e-01 -2.8615000000e-09 2.8611000000e-09 3.7000000000e-13 0.0000000000e+00 3.0000000000e-14
3.8000000000e-01 3.8000000000e-01 8.0000000000e-01 -2.9066000000e-09 2.9062000000e-09 3.8000000000e-13 0.0000000000e+00 2.0000000000e-14
3.9000000000e-01 3.9000000000e-01 8.0000000000e-01 -2.9522000000e-09 2.9518000000e-09 3.9000000000e-13 0.0000000000e+00 1.0000000000e-14
4.0000000000e-01 4.0000000000e-01 8.0000000000e-01 -2.9984000000e-09 2.9980000000e-09 4.0000000000e-13 0.0000000000e+00 2.9090665830e-25
4.1000000000e-01 4.1000000000e-01 8.0000000000e-01 -3.0451000000e-09 3.0447000000e-09 4.1000000000e-13 0.0000000000e+00 1.0000000000e-14
4.2000000000e-01 4.2000000000e-01 8.0000000000e-01 -3.0923000000e-09 3.0919000000e-09 4.2000000000e-13 0.0000000000e+00 2.0000000000e-14
4.3000000000e-01 4.3000000000e-01 8.0000000000e-01 -3.1401000000e-09 3.1397000000e-09 4.3000000000e-13 0.0000000000e+00 3.0000000000e-14
4.4000000000e-01 4.4000000000e-01 8.0000000000e-01 -3.1885000000e-09 3.1881000000e-09 4.4000000000e-13 0.0000000000e+00 4.0000000000e-14
4.5000000000e-01 4.5000000000e-01 8.0000000000e-01 -3.2375000000e-09 3.2370000000e-09 4.5000000000e-13 0.0000000000e+00 5.0000000000e-14
4.6000000000e-01 4.6000000000e-01 8.0000000000e-01 -3.2870000000e-09 3.2865000000e-09 4.6000000000e-13 0.0000000000e+00 4.0000000000e-14
4.7000000000e-01 4.7000000000e-01 8.0000000000e-01 -3.3372000000e-09 3.3367000000e-09 4.7000000000e-13 0.0000000000e+00 3.0000000000e-14
4.8000000000e-01 4.8000000000e-01 8.0000000000e-01 -3.3879000000e-09 3.3874000000e-09 4.8000000000e-13 0.0000000000e+00 2.0000000000e-14
4.9000000000e-01 4.9000000000e-01 8.0000000000e-01 -3.4393000000e-09 3.4388000000e-09 4.9000000000e-13 0.0000000000e+00 9.9999999997e-15
5.0000000000e-01 5.0000000000e-01 8.0000000000e-01 -3.4913000000e-09 3.4908000000e-09 5.0000000000e-13 0.0000000000e+00 2.6021050275e-25
5.1000000000e-01 5.1000000000e-01 8.0000000000e-01 -3.5439000000e-09 3.5434000000e-09 5.1000000000e-13 0.0000000000e+00 1.0000000000e-14
5.2000000000e-01 5.2000000000e-01 8.0000000000e-01 -3.5971000000e-09 3.5966000000e-09 5.2000000000e-13 0.0000000000e+00 2.0000000000e-14
5.3000000000e-01 5.3000000000e-01 8.0000000000e-01 -3.6510000000e-09 3.6505000000e-09 5.3000000000e-13 0.0000000000e+00 3.0000000000e-14
5.4000000000e-01 5.4000000000e-01 8.0000000000e-01 -3.7056000000e-09 3.7050000000e-09 5.4000000000e-13 0.0000000000e+00 6.0000000000e-14
5.5000000000e-01 5.5000000000e-01 8.0000000000e-01 -3.7608000000e-09 3.7603000000e-09 5.5000000000e-13 0.0000000000e+00 4.9999999999e-14
5.6000000000e-01 5.6000000000e-01 8.0000000000e-01 -3.8167000000e-09 3.8161000000e-09 5.6000000000e-13 0.0000000000e+00 3.9999999999e-14
5.7000000000e-01 5.7000000000e-01 8.0000000000e-01 -3.8733000000e-09 3.8727000000e-09 5.7000000000e-13 0.0000000000e+00 2.9999999999e-14
5.8000000000e-01 5.8000000000e-01 8.0000000000e-01 -3.9305000000e-09 3.9300000000e-09 5.8000000000e-13 0.0000000000e+00 8.0000000000e-14
5.9000000000e-01 5.9000000000e-01 8.0000000000e-01 -3.9885000000e-09 3.9879000000e-09 5.9000000000e-13 0.0000000000e+00 1.0000000000e-14
6.0000000000e-01 6.0000000000e-01 8.0000000000e-01 -4.0472000000e-09 4.0466000000e-09 6.0000000000e-13 0.0000000000e+00 1.0111555974e-24
6.1000000000e-01 6.1000000000e-01 8.0000000000e-01 -4.1065000000e-09 4.1059000000e-09 6.1000000000e-13 0.0000000000e+00 9.9999999998e-15
6.2000000000e-01 6.2000000000e-01 8.0000000000e-01 -4.1666000000e-09 4.1660000000e-09 6.2000000000e-13 0.0000000000e+00 2.0000000001e-14
6.3000000000e-01 6.3000000000e-01 8.0000000000e-01 -4.2275000000e-09 4.2268000000e-09 6.3000000000e-13 0.0000000000e+00 7.0000000000e-14
6.4000000000e-01 6.4000000000e-01 8.0000000000e-01 -4.2890000000e-09 4.2884000000e-09 6.4000000000e-13 0.0000000000e+00 4.0000000001e-14
6.5000000000e-01 6.5000000000e-01 8.0000000000e-01 -4.3514000000e-09 4.3507000000e-09 6.5000000000e-13 0.0000000000e+00 5.0000000001e-14
6.6000000000e-01 6.6000000000e-01 8.0000000000e-01 -4.4144000000e-09 4.4138000000e-09 6.6000000000e-13 0.0000000000e+00 6.0000000001e-14
6.7000000000e-01 6.7000000000e-01 8.0000000000e-01 -4.4783000000e-09 4.4776000000e-09 6.7000000000e-13 0.0000000000e+00 3.0000000000e-14
6.8000000000e-01 6.8000000000e-01 8.0000000000e-01 -4.5429000000e-09 4.5422000000e-09 6.8000000000e-13 0.0000000000e+00 2.0000000001e-14
6.9000000000e-01 6.9000000000e-01 8.0000000000e-01 -4.6083000000e-09 4.6076000000e-09 6.9000000000e-13 0.0000000000e+00 1.0000000001e-14
7.0000000000e-01 7.0000000000e-01 8.0000000000e-01 -4.6745000000e-09 4.6738000000e-09 7.0000000000e-13 0.0000000000e+00 6.2826144669e-25
7.1000000000e-01 7.1000000000e-01 8.0000000000e-01 -4.7415000000e-09 4.7408000000e-09 7.1000000000e-13 0.0000000000e+00 9.9999999994e-15
7.2000000000e-01 7.2000000000e-01 8.0000000000e-01 -4.8093000000e-09 4.8086000000e-09 7.2000000000e-13 0.0000000000e+00 1.9999999999e-14
7.3000000000e-01 7.3000000000e-01 8.0000000000e-01 -4.8779000000e-09 4.8772000000e-09 7.3000000000e-13 0.0000000000e+00 3.0000000000e-14
7.4000000000e-01 7.4000000000e-01 8.0000000000e-01 -4.9473000000e-09 4.9466000000e-09 7.4000000000e-13 0.0000000000e+00 3.9999999999e-14
7.5000000000e-01 7.5000000000e-01 8.0000000000e-01 -5.0176000000e-09 5.0169000000e-09 7.5000000000e-13 0.0000000000e+00 4.9999999999e-14
7.6000000000e-01 7.6000000000e-01 8.0000000000e-01 -5.0888000000e-09 5.0880000000e-09 7.6000000000e-13 0.0000000000e+00 3.9999999999e-14
7.7000000000e-01 7.7000000000e-01 8.0000000000e-01 -5.1607000000e-09 5.1600000000e-09 7.7000000000e-13 0.0000000000e+00 6.9999999999e-14
7.8000000000e-01 7.8000000000e-01 8.0000000000e-01 -5.2336000000e-09 5.2328000000e-09 7.8000000000e-13 0.0000000000e+00 2.0000000000e-14
7.9000000000e-01 7.9000000000e-01 8.0000000000e-01 -5.3073000000e-09 5.3065000000e-09 7.9000000000e-13 0.0000000000e+00 9.9999999994e-15
8.0000000000e-01 8.0000000000e-01 8.0000000000e-01 -5.3819000000e-09 5.3811000000e-09 8.0000000000e-13 0.0000000000e+00 2.4536729596e-25
8.1000000000e-01 8.1000000000e-01 8.0000000000e-01 -5.4574000000e-09 5.4566000000e-09 8.1000000000e-13 0.0000000000e+00 1.0000000001e-14
8.2000000000e-01 8.2000000000e-01 8.0000000000e-01 -5.5339000000e-09 5.5330000000e-09 8.2000000000e-13 0.0000000000e+00 8.0000000000e-14
8.3000000000e-01 8.3000000000e-01 8.0000000000e-01 -5.6112000000e-09 5.6104000000e-09 8.3000000000e-13 0.0000000000e+00 3.0000000000e-14
8.4000000000e-01 8.4000000000e-01 8.0000000000e-01 -5.6894000000e-09 5.6886000000e-09 8.4000000000e-13 0.0000000000e+00 4.0000000000e-14
8.5000000000e-01 8.5000000000e-01 8.0000000000e-01 -5.7686000000e-09 5.7678000000e-09 8.5000000000e-13 0.0000000000e+00 5.0000000001e-14
8.6000000000e-01 8.6000000000e-01 8.0000000000e-01 -5.8487000000e-09 5.8479000000e-09 8.6000000000e-13 0.0000000000e+00 6.0000000001e-14
8.7000000000e-01 8.7000000000e-01 8.0000000000e-01 -5.9298000000e-09 5.9290000000e-09 8.7000000000e-13 0.0000000000e+00 7.0000000000e-14
8.8000000000e-01 8.8000000000e-01 8.0000000000e-01 -6.0119000000e-09 6.0110000000e-09 8.8000000000e-13 0.0000000000e+00 1.9999999999e-14
8.9000000000e-01 8.9000000000e-01 8.0000000000e-01 -6.0949000000e-09 6.0940000000e-09 8.9000000000e-13 0.0000000000e+00 9.9999999999e-15
9.0000000000e-01 9.0000000000e-01 8.0000000000e-01 -6.1789000000e-09 6.1780000000e-09 9.0000000000e-13 0.0000000000e+00 1.3762782897e-25
9.1000000000e-01 9.1000000000e-01 8.0000000000e-01 -6.2639000000e-09 6.2630000000e-09 9.1000000000e-13 0.0000000000e+00 1.0000000000e-14
9.2000000000e-01 9.2000000000e-01 8.0000000000e-01 -6.3499000000e-09 6.3490000000e-09 9.2000000000e-13 0.0000000000e+00 2.0000000000e-14
9.3000000000e-01 9.3000000000e-01 8.0000000000e-01 -6.4369000000e-09 6.4360000000e-09 9.3000000000e-13 0.0000000000e+00 3.0000000000e-14
9.4000000000e-01 9.4000000000e-01 8.0000000000e-01 -6.5250000000e-09 6.5240000000e-09 9.4000000000e-13 0.0000000000e+00 6.0000000000e-14
9.5000000000e-01 9.5000000000e-01 8.0000000000e-01 -6.6141000000e-09 6.6131000000e-09 9.5000000000e-13 0.0000000000e+00 4.9999999999e-14
9.6000000000e-01 9.6000000000e-01 8.0000000000e-01 -6.7042000000e-09 6.7033000000e-09 9.6000000000e-13 0.0000000000e+00 5.9999999999e-14
9.7000000000e-01 9.7000000000e-01 8.0000000000e-01 -6.7954000000e-09 6.7944000000e-09 9.7000000000e-13 0.0000000000e+00 2.9999999999e-14
9.8000000000e-01 9.8000000000e-01 8.0000000000e-01 -6.8877000000e-09 6.8867000000e-09 9.8000000000e-13 0.0000000000e+00 1.9999999999e-14
9.9000000000e-01 9.9000000000e-01 8.0000000000e-01 -6.9810000000e-09 6.9801000000e-09 9.9000000000e-13 0.0000000000e+00 9.0000000000e-14
1.0000000000e+00 1.0000000000e+00 8.0000000000e-01 -7.0755000000e-09 7.0745000000e-09 1.0000000000e-12 0.0000000000e+00 3.0675960705e-25
1.0100000000e+00 1.0100000000e+00 8.0000000000e-01 -7.1711000000e-09 7.1700000000e-09 1.0100000000e-12 0.0000000000e+00 9.0000000000e-14
1.0200000000e+00 1.0200000000e+00 8.0000000000e-01 -7.2677000000e-09 7.2667000000e-09 1.0200000000e-12 0.0000000000e+00 2.0000000001e-14
1.0300000000e+00 1.0300000000e+00 8.0000000000e-01 -7.3655000000e-09 7.3645000000e-09 1.0300000000e-12 0.0000000000e+00 3.0000000000e-14
1.0400000000e+00 1.0400000000e+00 8.0000000000e-01 -7.4645000000e-09 7.4634000000e-09 1.0400000000e-12 0.0000000000e+00 6.0000000000e-14
1.0500000000e+00 1.0500000000e+00 8.0000000000e-01 -7.5646000000e-09 7.5635000000e-09 1.0500000000e-12 0.0000000000e+00 5.0000000000e-14
1.0600000000e+00 1.0600000000e+00 8.0000000000e-01 -7.6659000000e-09 7.6648000000e-09 1.0600000000e-12 0.0000000000e+00 4.0000000000e-14
1.0700000000e+00 1.0700000000e+00 8.0000000000e-01 -7.7683000000e-09 7.7672000000e-09 1.0700000000e-12 0.0000000000e+00 3.0000000000e-14
1.0800000000e+00 1.0800000000e+00 8.0000000000e-01 -7.8719000000e-09 7.8709000000e-09 1.0800000000e-12 0.0000000000e+00 8.0000000001e-14
1.0900000000e+00 1.0900000000e+00 8.0000000000e-01 -7.9768000000e-09 7.9757000000e-09 1.0900000000e-12 0.0000000000e+00 9.9999999999e-15
1.1000000000e+00 1.1000000000e+00 8.0000000000e-01 -8.0828000000e-09 8.0817000000e-09 1.1000000000e-12 0.0000000000e+00 1.5780247330e-24
1.1100000000e+00 1.1100000000e+00 8.0000000000e-01 -8.1901000000e-09 8.1890000000e-09 1.1100000000e-12 0.0000000000e+00 1.0000000000e-14
1.1200000000e+00 1.1200000000e+00 8.0000000000e-01 -8.2986000000e-09 8.2975000000e-09 1.1200000000e-12 0.0000000000e+00 2.0000000000e-14
1.1300000000e+00 1.1300000000e+00 8.0000000000e-01 -8.4084000000e-09 8.4073000000e-09 1.1300000000e-12 0.0000000000e+00 3.0000000000e-14
1.1400000000e+00 1.1400000000e+00 8.0000000000e-01 -8.5195000000e-09 8.5183000000e-09 1.1400000000e-12 0.0000000000e+00 6.0000000000e-14
1.1500000000e+00 1.1500000000e+00 8.0000000000e-01 -8.6318000000e-09 8.6307000000e-09 1.1500000000e-12 0.0000000000e+00 5.0000000000e-14
1.1600000000e+00 1.1600000000e+00 8.0000000000e-01 -8.7454000000e-09 8.7443000000e-09 1.1600000000e-12 0.0000000000e+00 6.0000000002e-14
1.1700000000e+00 1.1700000000e+00 8.0000000000e-01 -8.8604000000e-09 8.8592000000e-09 1.1700000000e-12 0.0000000000e+00 3.0000000002e-14
1.1800000000e+00 1.1800000000e+00 8.0000000000e-01 -8.9766000000e-09 8.9755000000e-09 1.1800000000e-12 0.0000000000e+00 8.0000000002e-14
1.1900000000e+00 1.1900000000e+00 8.0000000000e-01 -9.0942000000e-09 9.0930000000e-09 1.1900000000e-12 0.0000000000e+00 1.0000000000e-14
1.2000000000e+00 1.2000000000e+00 8.0000000000e-01 -9.2132000000e-09 9.2120000000e-09 1.2000000000e-12 0.0000000000e+00 3.6815191814e-25
0.0000000000e+00 0.0000000000e+00 1.0000000000e+00 0.0000000000e+00 0.0000000000e+00 0.0000000000e+00 0.0000000000e+00 0.0000000000e+00
1.0000000000e-02 1.0000000000e-02 1.0000000000e+00 -7.9308000000e-08 7.9308000000e-08 1.0000000000e-14 0.0000000000e+00 1.0000000000e-14
2.0000000000e-02 2.0000000000e-02 1.0000000000e+00 -1.4203790000e-07 1.4203790000e-07 2.0000000000e-14 0.0000000000e+00 2.0000000000e-14
3.0000000000e-02 3.0000000000e-02 1.0000000000e+00 -1.9000150000e-07 1.9000150000e-07 3.0000000000e-14 0.0000000000e+00 3.0000000000e-14
4.0000000000e-02 4.0000000000e-02 1.0000000000e+00 -2.2548630000e-07 2.2548630000e-07 4.0000000000e-14 0.0000000000e+00 4.0000000000e-14
5.0000000000e-02 5.0000000000e-02 1.0000000000e+00 -2.5118280000e-07 2.5118280000e-07 5.0000000000e-14 0.0000000000e+00 5.0000000000e-14
6.0000000000e-02 6.0000000000e-02 1.0000000000e+00 -2.6983120000e-07 2.6983110000e-07 6.0000000000e-14 0.0000000000e+00 4.0000000045e-14
7.0000000000e-02 7.0000000000e-02 1.0000000000e+00 -2.8377000000e-07 2.8376990000e-07 7.0000000000e-14 0.0000000000e+00 2.9999999992e-14
8.0000000000e-02 8.0000000000e-02 1.0000000000e+00 -2.9469930000e-07 2.9469930000e-07 8.0000000000e-14 0.0000000000e+00 8.0000000000e-14
9.0000000000e-02 9.0000000000e-02 1.0000000000e+00 -3.0372520000e-07 3.0372510000e-07 9.0000000000e-14 0.0000000000e+00 9.9999999922e-15
1.0000000000e-01 1.0000000000e-01 1.0000000000e+00 -3.1152820000e-07 3.1152810000e-07 1.0000000000e-13 0.0000000000e+00 4.5112014296e-23
1.1000000000e-01 1.1000000000e-01 1.0000000000e+00 -3.1852210000e-07 3.1852200000e-07 1.1000000000e-13 0.0000000000e+00 1.0000000008e-14
1.2000000000e-01 1.2000000000e-01 1.0000000000e+00 -3.2496290000e-07 3.2496280000e-07 1.2000000000e-13 0.0000000000e+00 2.0000000008e-14
1.3000000000e-01 1.3000000000e-01 1.0000000000e+00 -3.3101330000e-07 3.3101310000e-07 1.3000000000e-13 0.0000000000e+00 7.0000000037e-14
1.4000000000e-01 1.4000000000e-01 1.0000000000e+00 -3.3678050000e-07 3.3678030000e-07 1.4000000000e-13 0.0000000000e+00 5.9999999984e-14
1.5000000000e-01 1.5000000000e-01 1.0000000000e+00 -3.4233770000e-07 3.4233750000e-07 1.5000000000e-13 0.0000000000e+00 4.9999999984e-14
1.6000000000e-01 1.6000000000e-01 1.0000000000e+00 -3.4773650000e-07 3.4773630000e-07 1.6000000000e-13 0.0000000000e+00 3.9999999984e-14
1.7000000000e-01 1.7000000000e-01 1.0000000000e+00 -3.5301440000e-07 3.5301420000e-07 1.7000000000e-13 0.0000000000e+00 2.9999999984e-14
1.8000000000e-01 1.8000000000e-01 1.0000000000e+00 -3.5819930000e-07 3.5819910000e-07 1.8000000000e-13 0.0000000000e+00 1.9999999984e-14
1.9000000000e-01 1.9000000000e-01 1.0000000000e+00 -3.6331260000e-07 3.6331240000e-07 1.9000000000e-13 0.0000000000e+00 9.9999999314e-15
2.0000000000e-01 2.0000000000e-01 1.0000000000e+00 -3.6837090000e-07 3.6837070000e-07 2.0000000000e-13 0.0000000000e+00 3.7284469389e-23
2.1000000000e-01 2.1000000000e-01 1.0000000000e+00 -3.7338750000e-07 3.7338730000e-07 2.1000000000e-13 0.0000000000e+00 9.9999999627e-15
2.2000000000e-01 2.2000000000e-01 1.0000000000e+00 -3.7837300000e-07 3.7837280000e-07 2.2000000000e-13 0.0000000000e+00 2.0000000016e-14
2.3000000000e-01 2.3000000000e-01 1.0000000000e+00 -3.8333620000e-07 3.8333590000e-07 2.3000000000e-13 0.0000000000e+00 7.0000000029e-14
2.4000000000e-01 2.4000000000e-01 1.0000000000e+00 -3.8828420000e-07 3.8828390000e-07 2.4000000000e-13 0.0000000000e+00 5.9999999977e-14
2.5000000000e-01 2.5000000000e-01 1.0000000000e+00 -3.9322300000e-07 3.9322280000e-07 2.5000000000e-13 0.0000000000e+00 4.9999999963e-14
2.6000000000e-01 2.6000000000e-01 1.0000000000e+00 -3.9815790000e-07 3.9815760000e-07 2.6000000000e-13 0.0000000000e+00 3.9999999977e-14
2.7000000000e-01 2.7000000000e-01 1.0000000000e+00 -4.0309320000e-07 4.0309290000e-07 2.7000000000e-13 0.0000000000e+00 3.0000000029e-14
2.8000000000e-01 2.8000000000e-01 1.0000000000e+00 -4.0803260000e-07 4.0803230000e-07 2.8000000000e-13 0.0000000000e+00 1.9999999977e-14
2.9000000000e-01 2.9000000000e-01 1.0000000000e+00 -4.1297940000e-07 4.1297910000e-07 2.9000000000e-13 0.0000000000e+00 9.9999999765e-15
3.0000000000e-01 3.0000000000e-01 1.0000000000e+00 -4.1793650000e-07 4.1793620000e-07 3.0000000000e-13 0.0000000000e+00 2.9456899238e-23
3.1000000000e-01 3.1000000000e-01 1.0000000000e+00 -4.2290630000e-07 4.2290600000e-07 3.1000000000e-13 0.0000000000e+00 1.0000000023e-14
3.2000000000e-01 3.2000000000e-01 1.0000000000e+00 -4.2789120000e-07 4.2789090000e-07 3.2000000000e-13 0.0000000000e+00 1.9999999971e-14
3.3000000000e-01 3.3000000000e-01 1.0000000000e+00 -4.3289300000e-07 4.3289270000e-07 3.3000000000e-13 0.0000000000e+00 3.0000000023e-14
3.4000000000e-01 3.4000000000e-01 1.0000000000e+00 -4.3791350000e-07 4.3791320000e-07 3.4000000000e-13 0.0000000000e+00 4.0000000023e-14
3.5000000000e-01 3.5000000000e-01 1.0000000000e+00 -4.4295440000e-07 4.4295410000e-07 3.5000000000e-13 0.0000000000e+00 4.9999999971e-14
3.6000000000e-01 3.6000000000e-01 1.0000000000e+00 -4.4801710000e-07 4.4801670000e-07 3.6000000000e-13 0.0000000000e+00 4.0000000022e-14
3.7000000000e-01 3.7000000000e-01 1.0000000000e+00 -4.5310280000e-07 4.5310240000e-07 3.7000000000e-13 0.0000000000e+00 3.0000000022e-14
3.8000000000e-01 3.8000000000e-01 1.0000000000e+00 -4.5821280000e-07 4.5821240000e-07 3.8000000000e-13 0.0000000000e+00 2.0000000022e-14
3.9000000000e-01 3.9000000000e-01 1.0000000000e+00 -4.6334810000e-07 4.6334770000e-07 3.9000000000e-13 0.0000000000e+00 1.0000000022e-14
4.0000000000e-01 4.0000000000e-01 1.0000000000e+00 -4.6850980000e-07 4.6850940000e-07 4.0000000000e-13 0.0000000000e+00 3.1310179629e-23
4.1000000000e-01 4.1000000000e-01 1.0000000000e+00 -4.7369880000e-07 4.7369840000e-07 4.1000000000e-13 0.0000000000e+00 9.9999999784e-15
4.2000000000e-01 4.2000000000e-01 1.0000000000e+00 -4.7891590000e-07 4.7891550000e-07 4.2000000000e-13 0.0000000000e+00 2.0000000031e-14
4.3000000000e-01 4.3000000000e-01 1.0000000000e+00 -4.8416200000e-07 4.8416160000e-07 4.3000000000e-13 0.0000000000e+00 3.0000000137e-14
4.4000000000e-01 4.4000000000e-01 1.0000000000e+00 -4.8943780000e-07 4.8943730000e-07 4.4000000000e-13 0.0000000000e+00 6.0000000014e-14
4.5000000000e-01 4.5000000000e-01 1.0000000000e+00 -4.9474390000e-07 4.9474350000e-07 4.5000000000e-13 0.0000000000e+00 5.0000000031e-14
4.6000000000e-01 4.6000000000e-01 1.0000000000e+00 -5.0008110000e-07 5.0008060000e-07 4.6000000000e-13 0.0000000000e+00 4.0000000014e-14
4.7000000000e-01 4.7000000000e-01 1.0000000000e+00 -5.0544990000e-07 5.0544950000e-07 4.7000000000e-13 0.0000000000e+00 7.0000000031e-14
4.8000000000e-01 4.8000000000e-01 1.0000000000e+00 -5.1085100000e-07 5.1085050000e-07 4.8000000000e-13 0.0000000000e+00 2.0000000014e-14
4.9000000000e-01 4.9000000000e-01 1.0000000000e+00 -5.1628490000e-07 5.1628440000e-07 4.9000000000e-13 0.0000000000e+00 1.0000000014e-14
5.0000000000e-01 5.0000000000e-01 1.0000000000e+00 -5.2175210000e-07 5.2175160000e-07 5.0000000000e-13 0.0000000000e+00 1.3801859911e-23
5.1000000000e-01 5.1000000000e-01 1.0000000000e+00 -5.2725310000e-07 5.2725260000e-07 5.1000000000e-13 0.0000000000e+00 9.9999999862e-15
5.2000000000e-01 5.2000000000e-01 1.0000000000e+00 -5.3278840000e-07 5.3278790000e-07 5.2000000000e-13 0.0000000000e+00 1.9999999986e-14
5.3000000000e-01 5.3000000000e-01 1.0000000000e+00 -5.3835840000e-07 5.3835790000e-07 5.3000000000e-13 0.0000000000e+00 2.9999999986e-14
5.4000000000e-01 5.4000000000e-01 1.0000000000e+00 -5.4396370000e-07 5.4396310000e-07 5.4000000000e-13 0.0000000000e+00 5.9999999953e-14
5.5000000000e-01 5.5000000000e-01 1.0000000000e+00 -5.4960450000e-07 5.4960390000e-07 5.5000000000e-13 0.0000000000e+00 5.0000000059e-14
5.6000000000e-01 5.6000000000e-01 1.0000000000e+00 -5.5528130000e-07 5.5528080000e-07 5.6000000000e-13 0.0000000000e+00 5.9999999986e-14
5.7000000000e-01 5.7000000000e-01 1.0000000000e+00 -5.6099460000e-07 5.6099400000e-07 5.7000000000e-13 0.0000000000e+00 2.9999999953e-14
5.8000000000e-01 5.8000000000e-01 1.0000000000e+00 -5.6674460000e-07 5.6674400000e-07 5.8000000000e-13 0.0000000000e+00 1.9999999953e-14
5.9000000000e-01 5.9000000000e-01 1.0000000000e+00 -5.7253180000e-07 5.7253120000e-07 5.9000000000e-13 0.0000000000e+00 9.9999999530e-15
6.0000000000e-01 6.0000000000e-01 1.0000000000e+00 -5.7835640000e-07 5.7835580000e-07 6.0000000000e-13 0.0000000000e+00 4.6965319931e-23
6.1000000000e-01 6.1000000000e-01 1.0000000000e+00 -5.8421890000e-07 5.8421830000e-07 6.1000000000e-13 0.0000000000e+00 1.0000000047e-14
6.2000000000e-01 6.2000000000e-01 1.0000000000e+00 -5.9011960000e-07 5.9011900000e-07 6.2000000000e-13 0.0000000000e+00 2.0000000047e-14
6.3000000000e-01 6.3000000000e-01 1.0000000000e+00 -5.9605880000e-07 5.9605820000e-07 6.3000000000e-13 0.0000000000e+00 3.0000000047e-14
6.4000000000e-01 6.4000000000e-01 1.0000000000e+00 -6.0203690000e-07 6.0203620000e-07 6.4000000000e-13 0.0000000000e+00 5.9999999892e-14
6.5000000000e-01 6.5000000000e-01 1.0000000000e+00 -6.0805400000e-07 6.0805340000e-07 6.5000000000e-13 0.0000000000e+00 5.0000000047e-14
6.6000000000e-01 6.6000000000e-01 1.0000000000e+00 -6.1411060000e-07 6.1411000000e-07 6.6000000000e-13 0.0000000000e+00 6.0000000047e-14
6.7000000000e-01 6.7000000000e-01 1.0000000000e+00 -6.2020700000e-07 6.2020630000e-07 6.7000000000e-13 0.0000000000e+00 2.9999999892e-14
6.8000000000e-01 6.8000000000e-01 1.0000000000e+00 -6.2634340000e-07 6.2634270000e-07 6.8000000000e-13 0.0000000000e+00 1.9999999998e-14
6.9000000000e-01 6.9000000000e-01 1.0000000000e+00 -6.3252010000e-07 6.3251940000e-07 6.9000000000e-13 0.0000000000e+00 9.9999999981e-15
7.0000000000e-01 7.0000000000e-01 1.0000000000e+00 -6.3873740000e-07 6.3873670000e-07 7.0000000000e-13 0.0000000000e+00 1.8532803910e-24
7.1000000000e-01 7.1000000000e-01 1.0000000000e+00 -6.4499560000e-07 6.4499490000e-07 7.1000000000e-13 0.0000000000e+00 1.0000000108e-14
7.2000000000e-01 7.2000000000e-01 1.0000000000e+00 -6.5129500000e-07 6.5129430000e-07 7.2000000000e-13 0.0000000000e+00 2.0000000108e-14
7.3000000000e-01 7.3000000000e-01 1.0000000000e+00 -6.5763580000e-07 6.5763500000e-07 7.3000000000e-13 0.0000000000e+00 6.9999999937e-14
7.4000000000e-01 7.4000000000e-01 1.0000000000e+00 -6.6401830000e-07 6.6401750000e-07 7.4000000000e-13 0.0000000000e+00 5.9999999937e-14
7.5000000000e-01 7.5000000000e-01 1.0000000000e+00 -6.7044270000e-07 6.7044200000e-07 7.5000000000e-13 0.0000000000e+00 5.0000000108e-14
7.6000000000e-01 7.6000000000e-01 1.0000000000e+00 -6.7690940000e-07 6.7690860000e-07 7.6000000000e-13 0.0000000000e+00 4.0000000043e-14
7.7000000000e-01 7.7000000000e-01 1.0000000000e+00 -6.8341850000e-07 6.8341780000e-07 7.7000000000e-13 0.0000000000e+00 7.0000000002e-14
7.8000000000e-01 7.8000000000e-01 1.0000000000e+00 -6.8997040000e-07 6.8996960000e-07 7.8000000000e-13 0.0000000000e+00 2.0000000043e-14
7.9000000000e-01 7.9000000000e-01 1.0000000000e+00 -6.9656530000e-07 6.9656450000e-07 7.9000000000e-13 0.0000000000e+00 1.0000000043e-14
8.0000000000e-01 8.0000000000e-01 1.0000000000e+00 -7.0320340000e-07 7.0320260000e-07 8.0000000000e-13 0.0000000000e+00 4.3258759149e-23
8.1000000000e-01 8.1000000000e-01 1.0000000000e+00 -7.0988490000e-07 7.0988410000e-07 8.1000000000e-13 0.0000000000e+00 9.9999999567e-15
8.2000000000e-01 8.2000000000e-01 1.0000000000e+00 -7.1661020000e-07 7.1660940000e-07 8.2000000000e-13 0.0000000000e+00 2.0000000063e-14
8.3000000000e-01 8.3000000000e-01 1.0000000000e+00 -7.2337940000e-07 7.2337860000e-07 8.3000000000e-13 0.0000000000e+00 2.9999999957e-14
8.4000000000e-01 8.4000000000e-01 1.0000000000e+00 -7.3019280000e-07 7.3019200000e-07 8.4000000000e-13 0.0000000000e+00 3.9999999957e-14
8.5000000000e-01 8.5000000000e-01 1.0000000000e+00 -7.3705070000e-07 7.3704990000e-07 8.5000000000e-13 0.0000000000e+00 4.9999999957e-14
8.6000000000e-01 8.6000000000e-01 1.0000000000e+00 -7.4395320000e-07 7.4395240000e-07 8.6000000000e-13 0.0000000000e+00 5.9999999957e-14
8.7000000000e-01 8.7000000000e-01 1.0000000000e+00 -7.5090070000e-07 7.5089980000e-07 8.7000000000e-13 0.0000000000e+00 2.9999999982e-14
8.8000000000e-01 8.8000000000e-01 1.0000000000e+00 -7.5789330000e-07 7.5789240000e-07 8.8000000000e-13 0.0000000000e+00 1.9999999982e-14
8.9000000000e-01 8.9000000000e-01 1.0000000000e+00 -7.6493120000e-07 7.6493030000e-07 8.9000000000e-13 0.0000000000e+00 1.0000000088e-14
9.0000000000e-01 9.0000000000e-01 1.0000000000e+00 -7.7201480000e-07 7.7201390000e-07 9.0000000000e-13 0.0000000000e+00 1.7508420693e-23
9.1000000000e-01 9.1000000000e-01 1.0000000000e+00 -7.7914420000e-07 7.7914320000e-07 9.1000000000e-13 0.0000000000e+00 9.0000000028e-14
9.2000000000e-01 9.2000000000e-01 1.0000000000e+00 -7.8631960000e-07 7.8631870000e-07 9.2000000000e-13 0.0000000000e+00 2.0000000018e-14
9.3000000000e-01 9.3000000000e-01 1.0000000000e+00 -7.9354130000e-07 7.9354040000e-07 9.3000000000e-13 0.0000000000e+00 3.0000000018e-14
9.4000000000e-01 9.4000000000e-01 1.0000000000e+00 -8.0080960000e-07 8.0080860000e-07 9.4000000000e-13 0.0000000000e+00 6.0000000133e-14
9.5000000000e-01 9.5000000000e-01 1.0000000000e+00 -8.0812460000e-07 8.0812360000e-07 9.5000000000e-13 0.0000000000e+00 4.9999999922e-14
9.6000000000e-01 9.6000000000e-01 1.0000000000e+00 -8.1548650000e-07 8.1548560000e-07 9.6000000000e-13 0.0000000000e+00 6.0000000018e-14
9.7000000000e-01 9.7000000000e-01 1.0000000000e+00 -8.2289570000e-07 8.2289470000e-07 9.7000000000e-13 0.0000000000e+00 3.0000000028e-14
9.8000000000e-01 9.8000000000e-01 1.0000000000e+00 -8.3035220000e-07 8.3035130000e-07 9.8000000000e-13 0.0000000000e+00 8.0000000018e-14
9.9000000000e-01 9.9000000000e-01 1.0000000000e+00 -8.3785650000e-07 8.3785550000e-07 9.9000000000e-13 0.0000000000e+00 9.9999999217e-15
1.0000000000e+00 1.0000000000e+00 1.0000000000e+00 -8.4540850000e-07 8.4540750000e-07 1.0000000000e-12 0.0000000000e+00 7.8275398585e-23
1.0100000000e+00 1.0100000000e+00 1.0000000000e+00 -8.5300870000e-07 8.5300770000e-07 1.0100000000e-12 0.0000000000e+00 9.9999999724e-15
1.0200000000e+00 1.0200000000e+00 1.0000000000e+00 -8.6065720000e-07 8.6065620000e-07 1.0200000000e-12 0.0000000000e+00 2.0000000078e-14
1.0300000000e+00 1.0300000000e+00 1.0000000000e+00 -8.6835420000e-07 8.6835320000e-07 1.0300000000e-12 0.0000000000e+00 3.0000000078e-14
1.0400000000e+00 1.0400000000e+00 1.0000000000e+00 -8.7610000000e-07 8.7609900000e-07 1.0400000000e-12 0.0000000000e+00 4.0000000078e-14
1.0500000000e+00 1.0500000000e+00 1.0000000000e+00 -8.8389490000e-07 8.8389380000e-07 1.0500000000e-12 0.0000000000e+00 4.9999999967e-14
1.0600000000e+00 1.0600000000e+00 1.0000000000e+00 -8.9173890000e-07 8.9173780000e-07 1.0600000000e-12 0.0000000000e+00 3.9999999967e-14
1.0700000000e+00 1.0700000000e+00 1.0000000000e+00 -8.9963240000e-07 8.9963130000e-07 1.0700000000e-12 0.0000000000e+00 2.9999999967e-14
1.0800000000e+00 1.0800000000e+00 1.0000000000e+00 -9.0757560000e-07 9.0757460000e-07 1.0800000000e-12 0.0000000000e+00 7.9999999972e-14
1.0900000000e+00 1.0900000000e+00 1.0000000000e+00 -9.1556880000e-07 9.1556770000e-07 1.0900000000e-12 0.0000000000e+00 1.0000000073e-14
1.1000000000e+00 1.1000000000e+00 1.0000000000e+00 -9.2361210000e-07 9.2361100000e-07 1.1000000000e-12 0.0000000000e+00 7.2715557413e-23
1.1100000000e+00 1.1100000000e+00 1.0000000000e+00 -9.3170580000e-07 9.3170470000e-07 1.1100000000e-12 0.0000000000e+00 1.0000000033e-14
1.1200000000e+00 1.1200000000e+00 1.0000000000e+00 -9.3985020000e-07 9.3984910000e-07 1.1200000000e-12 0.0000000000e+00 2.0000000033e-14
1.1300000000e+00 1.1300000000e+00 1.0000000000e+00 -9.4804550000e-07 9.4804440000e-07 1.1300000000e-12 0.0000000000e+00 3.0000000033e-14
1.1400000000e+00 1.1400000000e+00 1.0000000000e+00 -9.5629200000e-07 9.5629080000e-07 1.1400000000e-12 0.0000000000e+00 5.9999999906e-14
1.1500000000e+00 1.1500000000e+00 1.0000000000e+00 -9.6458990000e-07 9.6458870000e-07 1.1500000000e-12 0.0000000000e+00 4.9999999906e-14
1.1600000000e+00 1.1600000000e+00 1.0000000000e+00 -9.7293940000e-07 9.7293830000e-07 1.1600000000e-12 0.0000000000e+00 6.0000000033e-14
1.1700000000e+00 1.1700000000e+00 1.0000000000e+00 -9.8134090000e-07 9.8133970000e-07 1.1700000000e-12 0.0000000000e+00 3.0000000118e-14
1.1800000000e+00 1.1800000000e+00 1.0000000000e+00 -9.8979460000e-07 9.8979340000e-07 1.1800000000e-12 0.0000000000e+00 1.9999999906e-14
1.1900000000e+00 1.1900000000e+00 1.0000000000e+00 -9.9830080000e-07 9.9829960000e-07 1.1900000000e-12 0.0000000000e+00 9.9999999061e-15
1.2000000000e+00 1.2000000000e+00 1.0000000000e+00 -1.0069000000e-06 1.0069000000e-06 1.2000000000e-12 0.0000000000e+00 1.2000000000e-12
0.0000000000e+00 0.0000000000e+00 1.2000000000e+00 0.0000000000e+00 0.0000000000e+00 0.0000000000e+00 0.0000000000e+00 0.0000000000e+00
1.0000000000e-02 1.0000000000e-02 1.2000000000e+00 -7.2187180000e-07 7.2187170000e-07 1.0000000000e-14 0.0000000000e+00 8.9999999939e-14
2.0000000000e-02 2.0000000000e-02 1.2000000000e+00 -1.3886000000e-06 1.3886000000e-06 2.0000000000e-14 0.0000000000e+00 2.0000000000e-14
3.0000000000e-02 3.0000000000e-02 1.2000000000e+00 -2.0027000000e-06 2.0027000000e-06 3.0000000000e-14 0.0000000000e+00 3.0000000000e-14
4.0000000000e-02 4.0000000000e-02 1.2000000000e+00 -2.5663000000e-06 2.5663000000e-06 4.0000000000e-14 0.0000000000e+00 4.0000000000e-14
5.0000000000e-02 5.0000000000e-02 1.2000000000e+00 -3.0817000000e-06 3.0817000000e-06 5.0000000000e-14 0.0000000000e+00 5.0000000000e-14
6.0000000000e-02 6.0000000000e-02 1.2000000000e+00 -3.5511000000e-06 3.5511000000e-06 6.0000000000e-14 0.0000000000e+00 6.0000000000e-14
7.0000000000e-02 7.0000000000e-02 1.2000000000e+00 -3.9765000000e-06 3.9765000000e-06 7.0000000000e-14 0.0000000000e+00 7.0000000000e-14
8.0000000000e-02 8.0000000000e-02 1.2000000000e+00 -4.3603000000e-06 4.3603000000e-06 8.0000000000e-14 0.0000000000e+00 8.0000000000e-14
9.0000000000e-02 9.0000000000e-02 1.2000000000e+00 -4.7045000000e-06 4.7045000000e-06 9.0000000000e-14 0.0000000000e+00 9.0000000000e-14
1.0000000000e-01 1.0000000000e-01 1.2000000000e+00 -5.0116000000e-06 5.0116000000e-06 1.0000000000e-13 0.0000000000e+00 1.0000000000e-13
1.1000000000e-01 1.1000000000e-01 1.2000000000e+00 -5.2841000000e-06 5.2841000000e-06 1.1000000000e-13 0.0000000000e+00 1.1000000000e-13
1.2000000000e-01 1.2000000000e-01 1.2000000000e+00 -5.5248000000e-06 5.5248000000e-06 1.2000000000e-13 0.0000000000e+00 1.2000000000e-13
1.3000000000e-01 1.3000000000e-01 1.2000000000e+00 -5.7366000000e-06 5.7366000000e-06 1.3000000000e-13 0.0000000000e+00 1.3000000000e-13
1.4000000000e-01 1.4000000000e-01 1.2000000000e+00 -5.9228000000e-06 5.9228000000e-06 1.4000000000e-13 0.0000000000e+00 1.4000000000e-13
1.5000000000e-01 1.5000000000e-01 1.2000000000e+00 -6.0866000000e-06 6.0866000000e-06 1.5000000000e-13 0.0000000000e+00 1.5000000000e-13
1.6000000000e-01 1.6000000000e-01 1.2000000000e+00 -6.2314000000e-06 6.2314000000e-06 1.6000000000e-13 0.0000000000e+00 1.6000000000e-13
1.7000000000e-01 1.7000000000e-01 1.2000000000e+00 -6.3601000000e-06 6.3601000000e-06 1.7000000000e-13 0.0000000000e+00 1.7000000000e-13
1.8000000000e-01 1.8000000000e-01 1.2000000000e+00 -6.4754000000e-06 6.4754000000e-06 1.8000000000e-13 0.0000000000e+00 1.8000000000e-13
1.9000000000e-01 1.9000000000e-01 1.2000000000e+00 -6.5798000000e-06 6.5798000000e-06 1.9000000000e-13 0.0000000000e+00 1.9000000000e-13
2.0000000000e-01 2.0000000000e-01 1.2000000000e+00 -6.6751000000e-06 6.6751000000e-06 2.0000000000e-13 0.0000000000e+00 2.0000000000e-13
2.1000000000e-01 2.1000000000e-01 1.2000000000e+00 -6.7629000000e-06 6.7629000000e-06 2.1000000000e-13 0.0000000000e+00 2.1000000000e-13
2.2000000000e-01 2.2000000000e-01 1.2000000000e+00 -6.8444000000e-06 6.8444000000e-06 2.2000000000e-13 0.0000000000e+00 2.2000000000e-13
2.3000000000e-01 2.3000000000e-01 1.2000000000e+00 -6.9207000000e-06 6.9207000000e-06 2.3000000000e-13 0.0000000000e+00 2.3000000000e-13
2.4000000000e-01 2.4000000000e-01 1.2000000000e+00 -6.9926000000e-06 6.9926000000e-06 2.4000000000e-13 0.0000000000e+00 2.4000000000e-13
2.5000000000e-01 2.5000000000e-01 1.2000000000e+00 -7.0608000000e-06 7.0608000000e-06 2.5000000000e-13 0.0000000000e+00 2.5000000000e-13
2.6000000000e-01 2.6000000000e-01 1.2000000000e+00 -7.1257000000e-06 7.1257000000e-06 2.6000000000e-13 0.0000000000e+00 2.6000000000e-13
2.7000000000e-01 2.7000000000e-01 1.2000000000e+00 -7.1879000000e-06 7.1879000000e-06 2.7000000000e-13 0.0000000000e+00 2.7000000000e-13
2.8000000000e-01 2.8000000000e-01 1.2000000000e+00 -7.2477000000e-06 7.2477000000e-06 2.8000000000e-13 0.0000000000e+00 2.8000000000e-13
2.9000000000e-01 2.9000000000e-01 1.2000000000e+00 -7.3054000000e-06 7.3054000000e-06 2.9000000000e-13 0.0000000000e+00 2.9000000000e-13
3.0000000000e-01 3.0000000000e-01 1.2000000000e+00 -7.3613000000e-06 7.3613000000e-06 3.0000000000e-13 0.0000000000e+00 3.0000000000e-13
3.1000000000e-01 3.1000000000e-01 1.2000000000e+00 -7.4155000000e-06 7.4155000000e-06 3.1000000000e-13 0.0000000000e+00 3.1000000000e-13
3.2000000000e-01 3.2000000000e-01 1.2000000000e+00 -7.4683000000e-06 7.4683000000e-06 3.2000000000e-13 0.0000000000e+00 3.2000000000e-13
3.3000000000e-01 3.3000000000e-01 1.2000000000e+00 -7.5199000000e-06 7.5199000000e-06 3.3000000000e-13 0.0000000000e+00 3.3000000000e-13
3.4000000000e-01 3.4000000000e-01 1.2000000000e+00 -7.5703000000e-06 7.5703000000e-06 3.4000000000e-13 0.0000000000e+00 3.4000000000e-13
3.5000000000e-01 3.5000000000e-01 1.2000000000e+00 -7.6197000000e-06 7.6197000000e-06 3.5000000000e-13 0.0000000000e+00 3.5000000000e-13
3.6000000000e-01 3.6000000000e-01 1.2000000000e+00 -7.6681000000e-06 7.6681000000e-06 3.6000000000e-13 0.0000000000e+00 3.6000000000e-13
3.7000000000e-01 3.7000000000e-01 1.2000000000e+00 -7.7158000000e-06 7.7158000000e-06 3.7000000000e-13 0.0000000000e+00 3.7000000000e-13
3.8000000000e-01 3.8000000000e-01 1.2000000000e+00 -7.7627000000e-06 7.7627000000e-06 3.8000000000e-13 0.0000000000e+00 3.8000000000e-13
3.9000000000e-01 3.9000000000e-01 1.2000000000e+00 -7.8089000000e-06 7.8089000000e-06 3.9000000000e-13 0.0000000000e+00 3.9000000000e-13
4.0000000000e-01 4.0000000000e-01 1.2000000000e+00 -7.8545000000e-06 7.8545000000e-06 4.0000000000e-13 0.0000000000e+00 4.0000000000e-13
4.1000000000e-01 4.1000000000e-01 1.2000000000e+00 -7.8995000000e-06 7.8995000000e-06 4.1000000000e-13 0.0000000000e+00 4.1000000000e-13
4.2000000000e-01 4.2000000000e-01 1.2000000000e+00 -7.9441000000e-06 7.9441000000e-06 4.2000000000e-13 0.0000000000e+00 4.2000000000e-13
4.3000000000e-01 4.3000000000e-01 1.2000000000e+00 -7.9881000000e-06 7.9881000000e-06 4.3000000000e-13 0.0000000000e+00 4.3000000000e-13
4.4000000000e-01 4.4000000000e-01 1.2000000000e+00 -8.0318000000e-06 8.0318000000e-06 4.4000000000e-13 0.0000000000e+00 4.4000000000e-13
4.5000000000e-01 4.5000000000e-01 1.2000000000e+00 -8.0750000000e-06 8.0750000000e-06 4.5000000000e-13 0.0000000000e+00 4.5000000000e-13
4.6000000000e-01 4.6000000000e-01 1.2000000000e+00 -8.1179000000e-06 8.1179000000e-06 4.6000000000e-13 0.0000000000e+00 4.6000000000e-13
4.7000000000e-01 4.7000000000e-01 1.2000000000e+00 -8.1605000000e-06 8.1605000000e-06 4.7000000000e-13 0.0000000000e+00 4.7000000000e-13
4.8000000000e-01 4.8000000000e-01 1.2000000000e+00 -8.2028000000e-06 8.2028000000e-06 4.8000000000e-13 0.0000000000e+00 4.8000000000e-13
4.9000000000e-01 4.9000000000e-01 1.2000000000e+00 -8.2447000000e-06 8.2447000000e-06 4.9000000000e-13 0.0000000000e+00 4.9000000000e-13
5.0000000000e-01 5.0000000000e-01 1.2000000000e+00 -8.2865000000e-06 8.2865000000e-06 5.0000000000e-13 0.0000000000e+00 5.0000000000e-13
5.1000000000e-01 5.1000000000e-01 1.2000000000e+00 -8.3280000000e-06 8.3280000000e-06 5.1000000000e-13 0.0000000000e+00 5.1000000000e-13
5.2000000000e-01 5.2000000000e-01 1.2000000000e+00 -8.3693000000e-06 8.3693000000e-06 5.2000000000e-13 0.0000000000e+00 5.2000000000e-13
5.3000000000e-01 5.3000000000e-01 1.2000000000e+00 -8.4103000000e-06 8.4103000000e-06 5.3000000000e-13 0.0000000000e+00 5.3000000000e-13
5.4000000000e-01 5.4000000000e-01 1.2000000000e+00 -8.4512000000e-06 8.4512000000e-06 5.4000000000e-13 0.0000000000e+00 5.4000000000e-13
5.5000000000e-01 5.5000000000e-01 1.2000000000e+00 -8.4920000000e-06 8.4919000000e-06 5.5000000000e-13 0.0000000000e+00 9.9450000002e-11
5.6000000000e-01 5.6000000000e-01 1.2000000000e+00 -8.5325000000e-06 8.5325000000e-06 5.6000000000e-13 0.0000000000e+00 5.6000000000e-13
5.7000000000e-01 5.7000000000e-01 1.2000000000e+00 -8.5729000000e-06 8.5729000000e-06 5.7000000000e-13 0.0000000000e+00 5.7000000000e-13
5.8000000000e-01 5.8000000000e-01 1.2000000000e+00 -8.6132000000e-06 8.6132000000e-06 5.8000000000e-13 0.0000000000e+00 5.8000000000e-13
5.9000000000e-01 5.9000000000e-01 1.2000000000e+00 -8.6534000000e-06 8.6534000000e-06 5.9000000000e-13 0.0000000000e+00 5.9000000000e-13
6.0000000000e-01 6.0000000000e-01 1.2000000000e+00 -8.6934000000e-06 8.6934000000e-06 6.0000000000e-13 0.0000000000e+00 6.0000000000e-13
6.1000000000e-01 6.1000000000e-01 1.2000000000e+00 -8.7334000000e-06 8.7334000000e-06 6.1000000000e-13 0.0000000000e+00 6.1000000000e-13
6.2000000000e-01 6.2000000000e-01 1.2000000000e+00 -8.7732000000e-06 8.7732000000e-06 6.2000000000e-13 0.0000000000e+00 6.2000000000e-13
6.3000000000e-01 6.3000000000e-01 1.2000000000e+00 -8.8130000000e-06 8.8130000000e-06 6.3000000000e-13 0.0000000000e+00 6.3000000000e-13
6.4000000000e-01 6.4000000000e-01 1.2000000000e+00 -8.8527000000e-06 8.8527000000e-06 6.4000000000e-13 0.0000000000e+00 6.4000000000e-13
6.5000000000e-01 6.5000000000e-01 1.2000000000e+00 -8.8923000000e-06 8.8923000000e-06 6.5000000000e-13 0.0000000000e+00 6.5000000000e-13
6.6000000000e-01 6.6000000000e-01 1.2000000000e+00 -8.9318000000e-06 8.9318000000e-06 6.6000000000e-13 0.0000000000e+00 6.6000000000e-13
6.7000000000e-01 6.7000000000e-01 1.2000000000e+00 -8.9713000000e-06 8.9713000000e-06 6.7000000000e-13 0.0000000000e+00 6.7000000000e-13
6.8000000000e-01 6.8000000000e-01 1.2000000000e+00 -9.0107000000e-06 9.0107000000e-06 6.8000000000e-13 0.0000000000e+00 6.8000000000e-13
6.9000000000e-01 6.9000000000e-01 1.2000000000e+00 -9.0501000000e-06 9.0501000000e-06 6.9000000000e-13 0.0000000000e+00 6.9000000000e-13
7.0000000000e-01 7.0000000000e-01 1.2000000000e+00 -9.0894000000e-06 9.0894000000e-06 7.0000000000e-13 0.0000000000e+00 7.0000000000e-13
7.1000000000e-01 7.1000000000e-01 1.2000000000e+00 -9.1287000000e-06 9.1287000000e-06 7.1000000000e-13 0.0000000000e+00 7.1000000000e-13
7.2000000000e-01 7.2000000000e-01 1.2000000000e+00 -9.1679000000e-06 9.1679000000e-06 7.2000000000e-13 0.0000000000e+00 7.2000000000e-13
7.3000000000e-01 7.3000000000e-01 1.2000000000e+00 -9.2071000000e-06 9.2071000000e-06 7.3000000000e-13 0.0000000000e+00 7.3000000000e-13
7.4000000000e-01 7.4000000000e-01 1.2000000000e+00 -9.2463000000e-06 9.2463000000e-06 7.4000000000e-13 0.0000000000e+00 7.4000000000e-13
7.5000000000e-01 7.5000000000e-01 1.2000000000e+00 -9.2854000000e-06 9.2854000000e-06 7.5000000000e-13 0.0000000000e+00 7.5000000000e-13
7.6000000000e-01 7.6000000000e-01 1.2000000000e+00 -9.3246000000e-06 9.3246000000e-06 7.6000000000e-13 0.0000000000e+00 7.6000000000e-13
7.7000000000e-01 7.7000000000e-01 1.2000000000e+00 -9.3637000000e-06 9.3637000000e-06 7.7000000000e-13 0.0000000000e+00 7.7000000000e-13
7.8000000000e-01 7.8000000000e-01 1.2000000000e+00 -9.4028000000e-06 9.4028000000e-06 7.8000000000e-13 0.0000000000e+00 7.8000000000e-13
7.9000000000e-01 7.9000000000e-01 1.2000000000e+00 -9.4418000000e-06 9.4418000000e-06 7.9000000000e-13 0.0000000000e+00 7.9000000000e-13
8.0000000000e-01 8.0000000000e-01 1.2000000000e+00 -9.4809000000e-06 9.4809000000e-06 8.0000000000e-13 0.0000000000e+00 8.0000000000e-13
8.1000000000e-01 8.1000000000e-01 1.2000000000e+00 -9.5199000000e-06 9.5199000000e-06 8.1000000000e-13 0.0000000000e+00 8.1000000000e-13
8.2000000000e-01 8.2000000000e-01 1.2000000000e+00 -9.5590000000e-06 9.5590000000e-06 8.2000000000e-13 0.0000000000e+00 8.2000000000e-13
8.3000000000e-01 8.3000000000e-01 1.2000000000e+00 -9.5980000000e-06 9.5980000000e-06 8.3000000000e-13 0.0000000000e+00 8.3000000000e-13
8.4000000000e-01 8.4000000000e-01 1.2000000000e+00 -9.6371000000e-06 9.6371000000e-06 8.4000000000e-13 0.0000000000e+00 8.4000000000e-13
8.5000000000e-01 8.5000000000e-01 1.2000000000e+00 -9.6761000000e-06 9.6761000000e-06 8.5000000000e-13 0.0000000000e+00 8.5000000000e-13
8.6000000000e-01 8.6000000000e-01 1.2000000000e+00 -9.7151000000e-06 9.7151000000e-06 8.6000000000e-13 0.0000000000e+00 8.6000000000e-13
8.7000000000e-01 8.7000000000e-01 1.2000000000e+00 -9.7542000000e-06 9.7542000000e-06 8.7000000000e-13 0.0000000000e+00 8.7000000000e-13
8.8000000000e-01 8.8000000000e-01 1.2000000000e+00 -9.7932000000e-06 9.7932000000e-06 8.8000000000e-13 0.0000000000e+00 8.8000000000e-13
8.9000000000e-01 8.9000000000e-01 1.2000000000e+00 -9.8323000000e-06 9.8323000000e-06 8.9000000000e-13 0.0000000000e+00 8.9000000000e-13
9.0000000000e-01 9.0000000000e-01 1.2000000000e+00 -9.8714000000e-06 9.8714000000e-06 9.0000000000e-13 0.0000000000e+00 9.0000000000e-13
9.1000000000e-01 9.1000000000e-01 1.2000000000e+00 -9.9104000000e-06 9.9104000000e-06 9.1000000000e-13 0.0000000000e+00 9.1000000000e-13
9.2000000000e-01 9.2000000000e-01 1.2000000000e+00 -9.9495000000e-06 9.9495000000e-06 9.2000000000e-13 0.0000000000e+00 9.2000000000e-13
9.3000000000e-01 9.3000000000e-01 1.2000000000e+00 -9.9886000000e-06 9.9886000000e-06 9.3000000000e-13 0.0000000000e+00 9.3000000000e-13
9.4000000000e-01 9.4000000000e-01 1.2000000000e+00 -1.0027700000e-05 1.0027700000e-05 9.4000000000e-13 0.0000000000e+00 9.4000000000e-13
9.5000000000e-01 9.5000000000e-01 1.2000000000e+00 -1.0066900000e-05 1.0066900000e-05 9.5000000000e-13 0.0000000000e+00 9.5000000000e-13
9.6000000000e-01 9.6000000000e-01 1.2000000000e+00 -1.0106000000e-05 1.0106000000e-05 9.6000000000e-13 0.0000000000e+00 9.6000000000e-13
9.7000000000e-01 9.7000000000e-01 1.2000000000e+00 -1.0145200000e-05 1.0145200000e-05 9.7000000000e-13 0.0000000000e+00 9.7000000000e-13
9.8000000000e-01 9.8000000000e-01 1.2000000000e+00 -1.0184400000e-05 1.0184400000e-05 9.8000000000e-13 0.0000000000e+00 9.8000000000e-13
9.9000000000e-01 9.9000000000e-01 1.2000000000e+00 -1.0223600000e-05 1.0223600000e-05 9.9000000000e-13 0.0000000000e+00 9.9000000000e-13
1.0000000000e+00 1.0000000000e+00 1.2000000000e+00 -1.0262800000e-05 1.0262800000e-05 1.0000000000e-12 0.0000000000e+00 1.0000000000e-12
1.0100000000e+00 1.0100000000e+00 1.2000000000e+00 -1.0302000000e-05 1.0302000000e-05 1.0100000000e-12 0.0000000000e+00 1.0100000000e-12
1.0200000000e+00 1.0200000000e+00 1.2000000000e+00 -1.0341300000e-05 1.0341300000e-05 1.0200000000e-12 0.0000000000e+00 1.0200000000e-12
1.0300000000e+00 1.0300000000e+00 1.2000000000e+00 -1.0380600000e-05 1.0380600000e-05 1.0300000000e-12 0.0000000000e+00 1.0300000000e-12
1.0400000000e+00 1.0400000000e+00 1.2000000000e+00 -1.0419900000e-05 1.0419900000e-05 1.0400000000e-12 0.0000000000e+00 1.0400000000e-12
1.0500000000e+00 1.0500000000e+00 1.2000000000e+00 -1.0459300000e-05 1.0459300000e-05 1.0500000000e-12 0.0000000000e+00 1.0500000000e-12
1.0600000000e+00 1.0600000000e+00 1.2000000000e+00 -1.0498600000e-05 1.0498600000e-05 1.0600000000e-12 0.0000000000e+00 1.0600000000e-12
1.0700000000e+00 1.0700000000e+00 1.2000000000e+00 -1.0538000000e-05 1.0538000000e-05 1.0700000000e-12 0.0000000000e+00 1.0700000000e-12
1.0800000000e+00 1.0800000000e+00 1.2000000000e+00 -1.0577400000e-05 1.0577400000e-05 1.0800000000e-12 0.0000000000e+00 1.0800000000e-12
1.0900000000e+00 1.0900000000e+00 1.2000000000e+00 -1.0616900000e-05 1.0616900000e-05 1.0900000000e-12 0.0000000000e+00 1.0900000000e-12
1.1000000000e+00 1.1000000000e+00 1.2000000000e+00 -1.0656400000e-05 1.0656400000e-05 1.1000000000e-12 0.0000000000e+00 1.1000000000e-12
1.1100000000e+00 1.1100000000e+00 1.2000000000e+00 -1.0695900000e-05 1.0695900000e-05 1.1100000000e-12 0.0000000000e+00 1.1100000000e-12
1.1200000000e+00 1.1200000000e+00 1.2000000000e+00 -1.0735400000e-05 1.0735400000e-05 1.1200000000e-12 0.0000000000e+00 1.1200000000e-12
1.1300000000e+00 1.1300000000e+00 1.2000000000e+00 -1.0775000000e-05 1.0775000000e-05 1.1300000000e-12 0.0000000000e+00 1.1300000000e-12
1.1400000000e+00 1.1400000000e+00 1.2000000000e+00 -1.0814600000e-05 1.0814600000e-05 1.1400000000e-12 0.0000000000e+00 1.1400000000e-12
1.1500000000e+00 1.1500000000e+00 1.2000000000e+00 -1.0854300000e-05 1.0854300000e-05 1.1500000000e-12 0.0000000000e+00 1.1500000000e-12
1.1600000000e+00 1.1600000000e+00 1.2000000000e+00 -1.0893900000e-05 1.0893900000e-05 1.1600000000e-12 0.0000000000e+00 1.1600000000e-12
1.1700000000e+00 1.1700000000e+00 1.2000000000e+00 -1.0933600000e-05 1.0933600000e-05 1.1700000000e-12 0.0000000000e+00 1.1700000000e-12
1.1800000000e+00 1.1800000000e+00 1.2000000000e+00 -1.0973400000e-05 1.0973400000e-05 1.1800000000e-12 0.0000000000e+00 1.1800000000e-12
1.1900000000e+00 1.1900000000e+00 1.2000000000e+00 -1.1013200000e-05 1.1013200000e-05 1.1900000000e-12 0.0000000000e+00 1.1900000000e-12
1.2000000000e+00 1.2000000000e+00 1.2000000000e+00 -1.1053000000e-05 1.1053000000e-05 1.2000000000e-12 0.0000000000e+00 1.2000000000e-12
