v-sweep v(drain_iv) v(gate_iv) id is ib ig kcl
 0.0000000000e+00  0.0000000000e+00  0.0000000000e+00  -0.0000000000e+00  -0.0000000000e+00  -0.0000000000e+00  -0.0000000000e+00  0.0000000000e+00
 1.0000000000e+00  1.0000000000e-02  0.0000000000e+00  1.0007951269e-17  -1.0000000000e-17  -7.9512685686e-21  -0.0000000000e+00  1.5715588346e-31
 2.0000000000e+00  2.0000000000e-02  0.0000000000e+00  2.0007951269e-17  -2.0000000000e-17  -7.9512685686e-21  -0.0000000000e+00  4.7245468948e-34
 3.0000000000e+00  3.0000000000e-02  0.0000000000e+00  3.0007951269e-17  -3.0000000000e-17  -7.9512685686e-21  -0.0000000000e+00  3.5539426005e-33
 4.0000000000e+00  4.0000000000e-02  0.0000000000e+00  4.0007951269e-17  -4.0000000000e-17  -7.9512685686e-21  -0.0000000000e+00  2.6090332215e-33
 5.0000000000e+00  5.0000000000e-02  0.0000000000e+00  5.0007951269e-17  -5.0000000000e-17  -7.9512685686e-21  -0.0000000000e+00  8.7720090436e-33
 6.0000000000e+00  6.0000000000e-02  0.0000000000e+00  6.0007951269e-17  -6.0000000000e-17  -7.9512685686e-21  -0.0000000000e+00  2.6090332215e-33
 7.0000000000e+00  7.0000000000e-02  0.0000000000e+00  7.0007951269e-17  -7.0000000000e-17  -7.9512685686e-21  -0.0000000000e+00  2.6090332215e-33
 8.0000000000e+00  8.0000000000e-02  0.0000000000e+00  8.0007951269e-17  -8.0000000000e-17  -7.9512685686e-21  -0.0000000000e+00  2.6090332215e-33
 9.0000000000e+00  9.0000000000e-02  0.0000000000e+00  9.0007951269e-17  -9.0000000000e-17  -7.9512685686e-21  -0.0000000000e+00  2.6090332215e-33
 1.0000000000e+01  1.0000000000e-01  0.0000000000e+00  1.0000795127e-16  -1.0000000000e-16  -7.9512685686e-21  -0.0000000000e+00  2.7260936510e-32
 1.1000000000e+01  1.1000000000e-01  0.0000000000e+00  1.1000795127e-16  -1.1000000000e-16  -7.9512685686e-21  -0.0000000000e+00  2.7260936510e-32
 1.2000000000e+01  1.2000000000e-01  0.0000000000e+00  1.2000795127e-16  -1.2000000000e-16  -7.9512685686e-21  -0.0000000000e+00  2.7260936510e-32
 1.3000000000e+01  1.3000000000e-01  0.0000000000e+00  1.3000795127e-16  -1.3000000000e-16  -7.9512685686e-21  -0.0000000000e+00  2.7260936510e-32
 1.4000000000e+01  1.4000000000e-01  0.0000000000e+00  1.4000795127e-16  -1.4000000000e-16  -7.9512685686e-21  -0.0000000000e+00  2.7260936510e-32
 1.5000000000e+01  1.5000000000e-01  0.0000000000e+00  1.5000795127e-16  -1.5000000000e-16  -7.9512685686e-21  -0.0000000000e+00  2.7260936510e-32
 1.6000000000e+01  1.6000000000e-01  0.0000000000e+00  1.6000795127e-16  -1.6000000000e-16  -7.9512685686e-21  -0.0000000000e+00  2.7260936510e-32
 1.7000000000e+01  1.7000000000e-01  0.0000000000e+00  1.7000795127e-16  -1.7000000000e-16  -7.9512685686e-21  -0.0000000000e+00  7.1346676643e-32
 1.8000000000e+01  1.8000000000e-01  0.0000000000e+00  1.8000795127e-16  -1.8000000000e-16  -7.9512685686e-21  -0.0000000000e+00  7.1346676643e-32
 1.9000000000e+01  1.9000000000e-01  0.0000000000e+00  1.9000795127e-16  -1.9000000000e-16  -7.9512685686e-21  -0.0000000000e+00  2.7260936510e-32
 2.0000000000e+01  2.0000000000e-01  0.0000000000e+00  2.0000795127e-16  -2.0000000000e-16  -7.9512685686e-21  -0.0000000000e+00  7.1346676643e-32
 2.1000000000e+01  2.1000000000e-01  0.0000000000e+00  2.1000795127e-16  -2.1000000000e-16  -7.9512685686e-21  -0.0000000000e+00  2.7260936510e-32
 2.2000000000e+01  2.2000000000e-01  0.0000000000e+00  2.2000795127e-16  -2.2000000000e-16  -7.9512685686e-21  -0.0000000000e+00  2.7260936510e-32
 2.3000000000e+01  2.3000000000e-01  0.0000000000e+00  2.3000795127e-16  -2.3000000000e-16  -7.9512685686e-21  -0.0000000000e+00  2.7260936510e-32
 2.4000000000e+01  2.4000000000e-01  0.0000000000e+00  2.4000795127e-16  -2.4000000000e-16  -7.9512685686e-21  -0.0000000000e+00  7.1346676643e-32
 2.5000000000e+01  2.5000000000e-01  0.0000000000e+00  2.5000795127e-16  -2.5000000000e-16  -7.9512685686e-21  -0.0000000000e+00  2.7260936510e-32
 2.6000000000e+01  2.6000000000e-01  0.0000000000e+00  2.6000795127e-16  -2.6000000000e-16  -7.9512685686e-21  -0.0000000000e+00  2.7260936510e-32
 2.7000000000e+01  2.7000000000e-01  0.0000000000e+00  2.7000795127e-16  -2.7000000000e-16  -7.9512685686e-21  -0.0000000000e+00  2.7260936510e-32
 2.8000000000e+01  2.8000000000e-01  0.0000000000e+00  2.8000795127e-16  -2.8000000000e-16  -7.9512685686e-21  -0.0000000000e+00  7.1346676643e-32
 2.9000000000e+01  2.9000000000e-01  0.0000000000e+00  2.9000795127e-16  -2.9000000000e-16  -7.9512685686e-21  -0.0000000000e+00  7.1346676643e-32
 3.0000000000e+01  3.0000000000e-01  0.0000000000e+00  3.0000795127e-16  -3.0000000000e-16  -7.9512685686e-21  -0.0000000000e+00  7.1346676643e-32
 3.1000000000e+01  3.1000000000e-01  0.0000000000e+00  3.1000795127e-16  -3.1000000000e-16  -7.9512685686e-21  -0.0000000000e+00  2.7260936510e-32
 3.2000000000e+01  3.2000000000e-01  0.0000000000e+00  3.2000795127e-16  -3.2000000000e-16  -7.9512685686e-21  -0.0000000000e+00  7.1346676643e-32
 3.3000000000e+01  3.3000000000e-01  0.0000000000e+00  3.3000795127e-16  -3.3000000000e-16  -7.9512685686e-21  -0.0000000000e+00  7.1346676643e-32
 3.4000000000e+01  3.4000000000e-01  0.0000000000e+00  3.4000795127e-16  -3.4000000000e-16  -7.9512685686e-21  -0.0000000000e+00  2.7260936510e-32
 3.5000000000e+01  3.5000000000e-01  0.0000000000e+00  3.5000795127e-16  -3.5000000000e-16  -7.9512685686e-21  -0.0000000000e+00  2.7260936510e-32
 3.6000000000e+01  3.6000000000e-01  0.0000000000e+00  3.6000795127e-16  -3.6000000000e-16  -7.9512685686e-21  -0.0000000000e+00  2.7260936510e-32
 3.7000000000e+01  3.7000000000e-01  0.0000000000e+00  3.7000795127e-16  -3.7000000000e-16  -7.9512685686e-21  -0.0000000000e+00  2.7260936510e-32
 3.8000000000e+01  3.8000000000e-01  0.0000000000e+00  3.8000795127e-16  -3.8000000000e-16  -7.9512685686e-21  -0.0000000000e+00  7.1346676643e-32
 3.9000000000e+01  3.9000000000e-01  0.0000000000e+00  3.9000795127e-16  -3.9000000000e-16  -7.9512685686e-21  -0.0000000000e+00  7.1346676643e-32
 4.0000000000e+01  4.0000000000e-01  0.0000000000e+00  4.0000795127e-16  -4.0000000000e-16  -7.9512685686e-21  -0.0000000000e+00  7.1346676643e-32
 4.1000000000e+01  4.1000000000e-01  0.0000000000e+00  4.1000795127e-16  -4.1000000000e-16  -7.9512685686e-21  -0.0000000000e+00  2.7260936510e-32
 4.2000000000e+01  4.2000000000e-01  0.0000000000e+00  4.2000795127e-16  -4.2000000000e-16  -7.9512685686e-21  -0.0000000000e+00  7.1346676643e-32
 4.3000000000e+01  4.3000000000e-01  0.0000000000e+00  4.3000795127e-16  -4.3000000000e-16  -7.9512685686e-21  -0.0000000000e+00  7.1346676643e-32
 4.4000000000e+01  4.4000000000e-01  0.0000000000e+00  4.4000795127e-16  -4.4000000000e-16  -7.9512685686e-21  -0.0000000000e+00  7.1346676643e-32
 4.5000000000e+01  4.5000000000e-01  0.0000000000e+00  4.5000795127e-16  -4.5000000000e-16  -7.9512685686e-21  -0.0000000000e+00  2.2042870067e-32
 4.6000000000e+01  4.6000000000e-01  0.0000000000e+00  4.6000795127e-16  -4.6000000000e-16  -7.9512685686e-21  -0.0000000000e+00  2.2042870067e-32
 4.7000000000e+01  4.7000000000e-01  0.0000000000e+00  4.7000795127e-16  -4.7000000000e-16  -7.9512685686e-21  -0.0000000000e+00  2.2042870067e-32
 4.8000000000e+01  4.8000000000e-01  0.0000000000e+00  4.8000795127e-16  -4.8000000000e-16  -7.9512685686e-21  -0.0000000000e+00  2.2042870067e-32
 4.9000000000e+01  4.9000000000e-01  0.0000000000e+00  4.9000795127e-16  -4.9000000000e-16  -7.9512685686e-21  -0.0000000000e+00  2.2042870067e-32
 5.0000000000e+01  5.0000000000e-01  0.0000000000e+00  5.0000795127e-16  -5.0000000000e-16  -7.9512685686e-21  -0.0000000000e+00  2.2042870067e-32
 5.1000000000e+01  5.1000000000e-01  0.0000000000e+00  5.1000795127e-16  -5.1000000000e-16  -7.9512685686e-21  -0.0000000000e+00  7.6564743086e-32
 5.2000000000e+01  5.2000000000e-01  0.0000000000e+00  5.2000795127e-16  -5.2000000000e-16  -7.9512685686e-21  -0.0000000000e+00  2.2042870067e-32
 5.3000000000e+01  5.3000000000e-01  0.0000000000e+00  5.3000795127e-16  -5.3000000000e-16  -7.9512685686e-21  -0.0000000000e+00  2.2042870067e-32
 5.4000000000e+01  5.4000000000e-01  0.0000000000e+00  5.4000795127e-16  -5.4000000000e-16  -7.9512685686e-21  -0.0000000000e+00  2.2042870067e-32
 5.5000000000e+01  5.5000000000e-01  0.0000000000e+00  5.5000795127e-16  -5.5000000000e-16  -7.9512685686e-21  -0.0000000000e+00  2.2042870067e-32
 5.6000000000e+01  5.6000000000e-01  0.0000000000e+00  5.6000795127e-16  -5.6000000000e-16  -7.9512685686e-21  -0.0000000000e+00  2.2042870067e-32
 5.7000000000e+01  5.7000000000e-01  0.0000000000e+00  5.7000795127e-16  -5.7000000000e-16  -7.9512685686e-21  -0.0000000000e+00  2.2042870067e-32
 5.8000000000e+01  5.8000000000e-01  0.0000000000e+00  5.8000795127e-16  -5.8000000000e-16  -7.9512685686e-21  -0.0000000000e+00  2.2042870067e-32
 5.9000000000e+01  5.9000000000e-01  0.0000000000e+00  5.9000795127e-16  -5.9000000000e-16  -7.9512685686e-21  -0.0000000000e+00  2.2042870067e-32
 6.0000000000e+01  6.0000000000e-01  0.0000000000e+00  6.0000795127e-16  -6.0000000000e-16  -7.9512685686e-21  -0.0000000000e+00  2.2042870067e-32
 6.1000000000e+01  6.1000000000e-01  0.0000000000e+00  6.1000795127e-16  -6.1000000000e-16  -7.9512685686e-21  -0.0000000000e+00  2.2042870067e-32
 6.2000000000e+01  6.2000000000e-01  0.0000000000e+00  6.2000795127e-16  -6.2000000000e-16  -7.9512685686e-21  -0.0000000000e+00  2.2042870067e-32
 6.3000000000e+01  6.3000000000e-01  0.0000000000e+00  6.3000795127e-16  -6.3000000000e-16  -7.9512685686e-21  -0.0000000000e+00  2.2042870067e-32
 6.4000000000e+01  6.4000000000e-01  0.0000000000e+00  6.4000795127e-16  -6.4000000000e-16  -7.9512685686e-21  -0.0000000000e+00  2.2042870067e-32
 6.5000000000e+01  6.5000000000e-01  0.0000000000e+00  6.5000795127e-16  -6.5000000000e-16  -7.9512685686e-21  -0.0000000000e+00  2.2042870067e-32
 6.6000000000e+01  6.6000000000e-01  0.0000000000e+00  6.6000795127e-16  -6.6000000000e-16  -7.9512685686e-21  -0.0000000000e+00  2.2042870067e-32
 6.7000000000e+01  6.7000000000e-01  0.0000000000e+00  6.7000795127e-16  -6.7000000000e-16  -7.9512685686e-21  -0.0000000000e+00  2.2042870067e-32
 6.8000000000e+01  6.8000000000e-01  0.0000000000e+00  6.8000795127e-16  -6.8000000000e-16  -7.9512685686e-21  -0.0000000000e+00  7.6564743086e-32
 6.9000000000e+01  6.9000000000e-01  0.0000000000e+00  6.9000795127e-16  -6.9000000000e-16  -7.9512685686e-21  -0.0000000000e+00  2.2042870067e-32
 7.0000000000e+01  7.0000000000e-01  0.0000000000e+00  7.0000795127e-16  -7.0000000000e-16  -7.9512685686e-21  -0.0000000000e+00  2.2042870067e-32
 7.1000000000e+01  7.1000000000e-01  0.0000000000e+00  7.1000795127e-16  -7.1000000000e-16  -7.9512685686e-21  -0.0000000000e+00  2.2042870067e-32
 7.2000000000e+01  7.2000000000e-01  0.0000000000e+00  7.2000795127e-16  -7.2000000000e-16  -7.9512685686e-21  -0.0000000000e+00  2.2042870067e-32
 7.3000000000e+01  7.3000000000e-01  0.0000000000e+00  7.3000795127e-16  -7.3000000000e-16  -7.9512685686e-21  -0.0000000000e+00  2.2042870067e-32
 7.4000000000e+01  7.4000000000e-01  0.0000000000e+00  7.4000795127e-16  -7.4000000000e-16  -7.9512685686e-21  -0.0000000000e+00  2.2042870067e-32
 7.5000000000e+01  7.5000000000e-01  0.0000000000e+00  7.5000795127e-16  -7.5000000000e-16  -7.9512685686e-21  -0.0000000000e+00  2.2042870067e-32
 7.6000000000e+01  7.6000000000e-01  0.0000000000e+00  7.6000795127e-16  -7.6000000000e-16  -7.9512685686e-21  -0.0000000000e+00  2.2042870067e-32
 7.7000000000e+01  7.7000000000e-01  0.0000000000e+00  7.7000795127e-16  -7.7000000000e-16  -7.9512685686e-21  -0.0000000000e+00  2.2042870067e-32
 7.8000000000e+01  7.8000000000e-01  0.0000000000e+00  7.8000795127e-16  -7.8000000000e-16  -7.9512685686e-21  -0.0000000000e+00  2.2042870067e-32
 7.9000000000e+01  7.9000000000e-01  0.0000000000e+00  7.9000795127e-16  -7.9000000000e-16  -7.9512685686e-21  -0.0000000000e+00  2.2042870067e-32
 8.0000000000e+01  8.0000000000e-01  0.0000000000e+00  8.0000795127e-16  -8.0000000000e-16  -7.9512685686e-21  -0.0000000000e+00  2.2042870067e-32
 8.1000000000e+01  8.1000000000e-01  0.0000000000e+00  8.1000795127e-16  -8.1000000000e-16  -7.9512685686e-21  -0.0000000000e+00  2.2042870067e-32
 8.2000000000e+01  8.2000000000e-01  0.0000000000e+00  8.2000795127e-16  -8.2000000000e-16  -7.9512685686e-21  -0.0000000000e+00  2.2042870067e-32
 8.3000000000e+01  8.3000000000e-01  0.0000000000e+00  8.3000795127e-16  -8.3000000000e-16  -7.9512685686e-21  -0.0000000000e+00  2.2042870067e-32
 8.4000000000e+01  8.4000000000e-01  0.0000000000e+00  8.4000795127e-16  -8.4000000000e-16  -7.9512685686e-21  -0.0000000000e+00  2.2042870067e-32
 8.5000000000e+01  8.5000000000e-01  0.0000000000e+00  8.5000795127e-16  -8.5000000000e-16  -7.9512685686e-21  -0.0000000000e+00  2.2042870067e-32
 8.6000000000e+01  8.6000000000e-01  0.0000000000e+00  8.6000795127e-16  -8.6000000000e-16  -7.9512685686e-21  -0.0000000000e+00  2.2042870067e-32
 8.7000000000e+01  8.7000000000e-01  0.0000000000e+00  8.7000795127e-16  -8.7000000000e-16  -7.9512685686e-21  -0.0000000000e+00  2.2042870067e-32
 8.8000000000e+01  8.8000000000e-01  0.0000000000e+00  8.8000795127e-16  -8.8000000000e-16  -7.9512685686e-21  -0.0000000000e+00  2.2042870067e-32
 8.9000000000e+01  8.9000000000e-01  0.0000000000e+00  8.9000795127e-16  -8.9000000000e-16  -7.9512685686e-21  -0.0000000000e+00  7.6564743086e-32
 9.0000000000e+01  9.0000000000e-01  0.0000000000e+00  9.0000795127e-16  -9.0000000000e-16  -7.9512685686e-21  -0.0000000000e+00  7.6564743086e-32
 9.1000000000e+01  9.1000000000e-01  0.0000000000e+00  9.1000795127e-16  -9.1000000000e-16  -7.9512685686e-21  -0.0000000000e+00  7.6564743086e-32
 9.2000000000e+01  9.2000000000e-01  0.0000000000e+00  9.2000795127e-16  -9.2000000000e-16  -7.9512685686e-21  -0.0000000000e+00  7.6564743086e-32
 9.3000000000e+01  9.3000000000e-01  0.0000000000e+00  9.3000795127e-16  -9.3000000000e-16  -7.9512685686e-21  -0.0000000000e+00  7.6564743086e-32
 9.4000000000e+01  9.4000000000e-01  0.0000000000e+00  9.4000795127e-16  -9.4000000000e-16  -7.9512685686e-21  -0.0000000000e+00  7.6564743086e-32
 9.5000000000e+01  9.5000000000e-01  0.0000000000e+00  9.5000795127e-16  -9.5000000000e-16  -7.9512685686e-21  -0.0000000000e+00  7.6564743086e-32
 9.6000000000e+01  9.6000000000e-01  0.0000000000e+00  9.6000795127e-16  -9.6000000000e-16  -7.9512685686e-21  -0.0000000000e+00  7.6564743086e-32
 9.7000000000e+01  9.7000000000e-01  0.0000000000e+00  9.7000795127e-16  -9.7000000000e-16  -7.9512685686e-21  -0.0000000000e+00  7.6564743086e-32
 9.8000000000e+01  9.8000000000e-01  0.0000000000e+00  9.8000795127e-16  -9.8000000000e-16  -7.9512685686e-21  -0.0000000000e+00  7.6564743086e-32
 9.9000000000e+01  9.9000000000e-01  0.0000000000e+00  9.9000795127e-16  -9.9000000000e-16  -7.9512685686e-21  -0.0000000000e+00  7.6564743086e-32
 1.0000000000e+02  1.0000000000e+00  0.0000000000e+00  1.0000079513e-15  -1.0000000000e-15  -7.9512685686e-21  -0.0000000000e+00  6.6821042200e-31
 1.0100000000e+02  1.0100000000e+00  0.0000000000e+00  1.0100079513e-15  -1.0100000000e-15  -7.9512685686e-21  -0.0000000000e+00  6.6821042200e-31
 1.0200000000e+02  1.0200000000e+00  0.0000000000e+00  1.0200079513e-15  -1.0200000000e-15  -7.9512685686e-21  -0.0000000000e+00  6.6821042200e-31
 1.0300000000e+02  1.0300000000e+00  0.0000000000e+00  1.0300079513e-15  -1.0300000000e-15  -7.9512685686e-21  -0.0000000000e+00  6.6821042200e-31
 1.0400000000e+02  1.0400000000e+00  0.0000000000e+00  1.0400079513e-15  -1.0400000000e-15  -7.9512685686e-21  -0.0000000000e+00  4.7099519570e-31
 1.0500000000e+02  1.0500000000e+00  0.0000000000e+00  1.0500079513e-15  -1.0500000000e-15  -7.9512685686e-21  -0.0000000000e+00  6.6821042200e-31
 1.0600000000e+02  1.0600000000e+00  0.0000000000e+00  1.0600079513e-15  -1.0600000000e-15  -7.9512685686e-21  -0.0000000000e+00  6.6821042200e-31
 1.0700000000e+02  1.0700000000e+00  0.0000000000e+00  1.0700079513e-15  -1.0700000000e-15  -7.9512685686e-21  -0.0000000000e+00  6.6821042200e-31
 1.0800000000e+02  1.0800000000e+00  0.0000000000e+00  1.0800079513e-15  -1.0800000000e-15  -7.9512685686e-21  -0.0000000000e+00  6.6821042200e-31
 1.0900000000e+02  1.0900000000e+00  0.0000000000e+00  1.0900079513e-15  -1.0900000000e-15  -7.9512685686e-21  -0.0000000000e+00  6.6821042200e-31
 1.1000000000e+02  1.1000000000e+00  0.0000000000e+00  1.1000079513e-15  -1.1000000000e-15  -7.9512685686e-21  -0.0000000000e+00  4.7099519570e-31
 1.1100000000e+02  1.1100000000e+00  0.0000000000e+00  1.1100079513e-15  -1.1100000000e-15  -7.9512685686e-21  -0.0000000000e+00  6.6821042200e-31
 1.1200000000e+02  1.1200000000e+00  0.0000000000e+00  1.1200079513e-15  -1.1200000000e-15  -7.9512685686e-21  -0.0000000000e+00  6.6821042200e-31
 1.1300000000e+02  1.1300000000e+00  0.0000000000e+00  1.1300079513e-15  -1.1300000000e-15  -7.9512685686e-21  -0.0000000000e+00  6.6821042200e-31
 1.1400000000e+02  1.1400000000e+00  0.0000000000e+00  1.1400079513e-15  -1.1400000000e-15  -7.9512685686e-21  -0.0000000000e+00  3.1786570952e-31
 1.1500000000e+02  1.1500000000e+00  0.0000000000e+00  1.1500079513e-15  -1.1500000000e-15  -7.9512685686e-21  -0.0000000000e+00  4.7099519570e-31
 1.1600000000e+02  1.1600000000e+00  0.0000000000e+00  1.1600079513e-15  -1.1600000000e-15  -7.9512685686e-21  -0.0000000000e+00  4.7099519570e-31
 1.1700000000e+02  1.1700000000e+00  0.0000000000e+00  1.1700079513e-15  -1.1700000000e-15  -7.9512685686e-21  -0.0000000000e+00  6.6821042200e-31
 1.1800000000e+02  1.1800000000e+00  0.0000000000e+00  1.1800079513e-15  -1.1800000000e-15  -7.9512685686e-21  -0.0000000000e+00  6.6821042200e-31
 1.1900000000e+02  1.1900000000e+00  0.0000000000e+00  1.1900079513e-15  -1.1900000000e-15  -7.9512685686e-21  -0.0000000000e+00  3.1786570952e-31
 1.2000000000e+02  1.2000000000e+00  0.0000000000e+00  1.2000079513e-15  -1.2000000000e-15  -7.9512685686e-21  -0.0000000000e+00  3.1786570952e-31
 1.2100000000e+02  0.0000000000e+00  2.0000000000e-01  -0.0000000000e+00  -0.0000000000e+00  -0.0000000000e+00  -0.0000000000e+00  0.0000000000e+00
 1.2200000000e+02  1.0000000000e-02  2.0000000000e-01  1.0007951269e-17  -1.0000000000e-17  -7.9512685686e-21  -0.0000000000e+00  1.5715588346e-31
 1.2300000000e+02  2.0000000000e-02  2.0000000000e-01  2.0007951269e-17  -2.0000000000e-17  -7.9512685686e-21  -0.0000000000e+00  4.7245468948e-34
 1.2400000000e+02  3.0000000000e-02  2.0000000000e-01  3.0007951269e-17  -3.0000000000e-17  -7.9512685686e-21  -0.0000000000e+00  3.5539426005e-33
 1.2500000000e+02  4.0000000000e-02  2.0000000000e-01  4.0007951269e-17  -4.0000000000e-17  -7.9512685686e-21  -0.0000000000e+00  2.6090332215e-33
 1.2600000000e+02  5.0000000000e-02  2.0000000000e-01  5.0007951269e-17  -5.0000000000e-17  -7.9512685686e-21  -0.0000000000e+00  8.7720090436e-33
 1.2700000000e+02  6.0000000000e-02  2.0000000000e-01  6.0007951269e-17  -6.0000000000e-17  -7.9512685686e-21  -0.0000000000e+00  2.6090332215e-33
 1.2800000000e+02  7.0000000000e-02  2.0000000000e-01  7.0007951269e-17  -7.0000000000e-17  -7.9512685686e-21  -0.0000000000e+00  2.6090332215e-33
 1.2900000000e+02  8.0000000000e-02  2.0000000000e-01  8.0007951269e-17  -8.0000000000e-17  -7.9512685686e-21  -0.0000000000e+00  2.6090332215e-33
 1.3000000000e+02  9.0000000000e-02  2.0000000000e-01  9.0007951269e-17  -9.0000000000e-17  -7.9512685686e-21  -0.0000000000e+00  2.6090332215e-33
 1.3100000000e+02  1.0000000000e-01  2.0000000000e-01  1.0000795127e-16  -1.0000000000e-16  -7.9512685686e-21  -0.0000000000e+00  2.7260936510e-32
 1.3200000000e+02  1.1000000000e-01  2.0000000000e-01  1.1000795127e-16  -1.1000000000e-16  -7.9512685686e-21  -0.0000000000e+00  2.7260936510e-32
 1.3300000000e+02  1.2000000000e-01  2.0000000000e-01  1.2000795127e-16  -1.2000000000e-16  -7.9512685686e-21  -0.0000000000e+00  2.7260936510e-32
 1.3400000000e+02  1.3000000000e-01  2.0000000000e-01  1.3000795127e-16  -1.3000000000e-16  -7.9512685686e-21  -0.0000000000e+00  2.7260936510e-32
 1.3500000000e+02  1.4000000000e-01  2.0000000000e-01  1.4000795127e-16  -1.4000000000e-16  -7.9512685686e-21  -0.0000000000e+00  2.7260936510e-32
 1.3600000000e+02  1.5000000000e-01  2.0000000000e-01  1.5000795127e-16  -1.5000000000e-16  -7.9512685686e-21  -0.0000000000e+00  2.7260936510e-32
 1.3700000000e+02  1.6000000000e-01  2.0000000000e-01  1.6000795127e-16  -1.6000000000e-16  -7.9512685686e-21  -0.0000000000e+00  2.7260936510e-32
 1.3800000000e+02  1.7000000000e-01  2.0000000000e-01  1.7000795127e-16  -1.7000000000e-16  -7.9512685686e-21  -0.0000000000e+00  7.1346676643e-32
 1.3900000000e+02  1.8000000000e-01  2.0000000000e-01  1.8000795127e-16  -1.8000000000e-16  -7.9512685686e-21  -0.0000000000e+00  7.1346676643e-32
 1.4000000000e+02  1.9000000000e-01  2.0000000000e-01  1.9000795127e-16  -1.9000000000e-16  -7.9512685686e-21  -0.0000000000e+00  2.7260936510e-32
 1.4100000000e+02  2.0000000000e-01  2.0000000000e-01  2.0000795127e-16  -2.0000000000e-16  -7.9512685686e-21  -0.0000000000e+00  7.1346676643e-32
 1.4200000000e+02  2.1000000000e-01  2.0000000000e-01  2.1000795127e-16  -2.1000000000e-16  -7.9512685686e-21  -0.0000000000e+00  2.7260936510e-32
 1.4300000000e+02  2.2000000000e-01  2.0000000000e-01  2.2000795127e-16  -2.2000000000e-16  -7.9512685686e-21  -0.0000000000e+00  2.7260936510e-32
 1.4400000000e+02  2.3000000000e-01  2.0000000000e-01  2.3000795127e-16  -2.3000000000e-16  -7.9512685686e-21  -0.0000000000e+00  2.7260936510e-32
 1.4500000000e+02  2.4000000000e-01  2.0000000000e-01  2.4000795127e-16  -2.4000000000e-16  -7.9512685686e-21  -0.0000000000e+00  7.1346676643e-32
 1.4600000000e+02  2.5000000000e-01  2.0000000000e-01  2.5000795127e-16  -2.5000000000e-16  -7.9512685686e-21  -0.0000000000e+00  2.7260936510e-32
 1.4700000000e+02  2.6000000000e-01  2.0000000000e-01  2.6000795127e-16  -2.6000000000e-16  -7.9512685686e-21  -0.0000000000e+00  2.7260936510e-32
 1.4800000000e+02  2.7000000000e-01  2.0000000000e-01  2.7000795127e-16  -2.7000000000e-16  -7.9512685686e-21  -0.0000000000e+00  2.7260936510e-32
 1.4900000000e+02  2.8000000000e-01  2.0000000000e-01  2.8000795127e-16  -2.8000000000e-16  -7.9512685686e-21  -0.0000000000e+00  7.1346676643e-32
 1.5000000000e+02  2.9000000000e-01  2.0000000000e-01  2.9000795127e-16  -2.9000000000e-16  -7.9512685686e-21  -0.0000000000e+00  7.1346676643e-32
 1.5100000000e+02  3.0000000000e-01  2.0000000000e-01  3.0000795127e-16  -3.0000000000e-16  -7.9512685686e-21  -0.0000000000e+00  7.1346676643e-32
 1.5200000000e+02  3.1000000000e-01  2.0000000000e-01  3.1000795127e-16  -3.1000000000e-16  -7.9512685686e-21  -0.0000000000e+00  2.7260936510e-32
 1.5300000000e+02  3.2000000000e-01  2.0000000000e-01  3.2000795127e-16  -3.2000000000e-16  -7.9512685686e-21  -0.0000000000e+00  7.1346676643e-32
 1.5400000000e+02  3.3000000000e-01  2.0000000000e-01  3.3000795127e-16  -3.3000000000e-16  -7.9512685686e-21  -0.0000000000e+00  7.1346676643e-32
 1.5500000000e+02  3.4000000000e-01  2.0000000000e-01  3.4000795127e-16  -3.4000000000e-16  -7.9512685686e-21  -0.0000000000e+00  2.7260936510e-32
 1.5600000000e+02  3.5000000000e-01  2.0000000000e-01  3.5000795127e-16  -3.5000000000e-16  -7.9512685686e-21  -0.0000000000e+00  2.7260936510e-32
 1.5700000000e+02  3.6000000000e-01  2.0000000000e-01  3.6000795127e-16  -3.6000000000e-16  -7.9512685686e-21  -0.0000000000e+00  2.7260936510e-32
 1.5800000000e+02  3.7000000000e-01  2.0000000000e-01  3.7000795127e-16  -3.7000000000e-16  -7.9512685686e-21  -0.0000000000e+00  2.7260936510e-32
 1.5900000000e+02  3.8000000000e-01  2.0000000000e-01  3.8000795127e-16  -3.8000000000e-16  -7.9512685686e-21  -0.0000000000e+00  7.1346676643e-32
 1.6000000000e+02  3.9000000000e-01  2.0000000000e-01  3.9000795127e-16  -3.9000000000e-16  -7.9512685686e-21  -0.0000000000e+00  7.1346676643e-32
 1.6100000000e+02  4.0000000000e-01  2.0000000000e-01  4.0000795127e-16  -4.0000000000e-16  -7.9512685686e-21  -0.0000000000e+00  7.1346676643e-32
 1.6200000000e+02  4.1000000000e-01  2.0000000000e-01  4.1000795127e-16  -4.1000000000e-16  -7.9512685686e-21  -0.0000000000e+00  2.7260936510e-32
 1.6300000000e+02  4.2000000000e-01  2.0000000000e-01  4.2000795127e-16  -4.2000000000e-16  -7.9512685686e-21  -0.0000000000e+00  7.1346676643e-32
 1.6400000000e+02  4.3000000000e-01  2.0000000000e-01  4.3000795127e-16  -4.3000000000e-16  -7.9512685686e-21  -0.0000000000e+00  7.1346676643e-32
 1.6500000000e+02  4.4000000000e-01  2.0000000000e-01  4.4000795127e-16  -4.4000000000e-16  -7.9512685686e-21  -0.0000000000e+00  7.1346676643e-32
 1.6600000000e+02  4.5000000000e-01  2.0000000000e-01  4.5000795127e-16  -4.5000000000e-16  -7.9512685686e-21  -0.0000000000e+00  2.2042870067e-32
 1.6700000000e+02  4.6000000000e-01  2.0000000000e-01  4.6000795127e-16  -4.6000000000e-16  -7.9512685686e-21  -0.0000000000e+00  2.2042870067e-32
 1.6800000000e+02  4.7000000000e-01  2.0000000000e-01  4.7000795127e-16  -4.7000000000e-16  -7.9512685686e-21  -0.0000000000e+00  2.2042870067e-32
 1.6900000000e+02  4.8000000000e-01  2.0000000000e-01  4.8000795127e-16  -4.8000000000e-16  -7.9512685686e-21  -0.0000000000e+00  2.2042870067e-32
 1.7000000000e+02  4.9000000000e-01  2.0000000000e-01  4.9000795127e-16  -4.9000000000e-16  -7.9512685686e-21  -0.0000000000e+00  2.2042870067e-32
 1.7100000000e+02  5.0000000000e-01  2.0000000000e-01  5.0000795127e-16  -5.0000000000e-16  -7.9512685686e-21  -0.0000000000e+00  2.2042870067e-32
 1.7200000000e+02  5.1000000000e-01  2.0000000000e-01  5.1000795127e-16  -5.1000000000e-16  -7.9512685686e-21  -0.0000000000e+00  7.6564743086e-32
 1.7300000000e+02  5.2000000000e-01  2.0000000000e-01  5.2000795127e-16  -5.2000000000e-16  -7.9512685686e-21  -0.0000000000e+00  2.2042870067e-32
 1.7400000000e+02  5.3000000000e-01  2.0000000000e-01  5.3000795127e-16  -5.3000000000e-16  -7.9512685686e-21  -0.0000000000e+00  2.2042870067e-32
 1.7500000000e+02  5.4000000000e-01  2.0000000000e-01  5.4000795127e-16  -5.4000000000e-16  -7.9512685686e-21  -0.0000000000e+00  2.2042870067e-32
 1.7600000000e+02  5.5000000000e-01  2.0000000000e-01  5.5000795127e-16  -5.5000000000e-16  -7.9512685686e-21  -0.0000000000e+00  2.2042870067e-32
 1.7700000000e+02  5.6000000000e-01  2.0000000000e-01  5.6000795127e-16  -5.6000000000e-16  -7.9512685686e-21  -0.0000000000e+00  2.2042870067e-32
 1.7800000000e+02  5.7000000000e-01  2.0000000000e-01  5.7000795127e-16  -5.7000000000e-16  -7.9512685686e-21  -0.0000000000e+00  2.2042870067e-32
 1.7900000000e+02  5.8000000000e-01  2.0000000000e-01  5.8000795127e-16  -5.8000000000e-16  -7.9512685686e-21  -0.0000000000e+00  2.2042870067e-32
 1.8000000000e+02  5.9000000000e-01  2.0000000000e-01  5.9000795127e-16  -5.9000000000e-16  -7.9512685686e-21  -0.0000000000e+00  2.2042870067e-32
 1.8100000000e+02  6.0000000000e-01  2.0000000000e-01  6.0000795127e-16  -6.0000000000e-16  -7.9512685686e-21  -0.0000000000e+00  2.2042870067e-32
 1.8200000000e+02  6.1000000000e-01  2.0000000000e-01  6.1000795127e-16  -6.1000000000e-16  -7.9512685686e-21  -0.0000000000e+00  2.2042870067e-32
 1.8300000000e+02  6.2000000000e-01  2.0000000000e-01  6.2000795127e-16  -6.2000000000e-16  -7.9512685686e-21  -0.0000000000e+00  2.2042870067e-32
 1.8400000000e+02  6.3000000000e-01  2.0000000000e-01  6.3000795127e-16  -6.3000000000e-16  -7.9512685686e-21  -0.0000000000e+00  2.2042870067e-32
 1.8500000000e+02  6.4000000000e-01  2.0000000000e-01  6.4000795127e-16  -6.4000000000e-16  -7.9512685686e-21  -0.0000000000e+00  2.2042870067e-32
 1.8600000000e+02  6.5000000000e-01  2.0000000000e-01  6.5000795127e-16  -6.5000000000e-16  -7.9512685686e-21  -0.0000000000e+00  2.2042870067e-32
 1.8700000000e+02  6.6000000000e-01  2.0000000000e-01  6.6000795127e-16  -6.6000000000e-16  -7.9512685686e-21  -0.0000000000e+00  2.2042870067e-32
 1.8800000000e+02  6.7000000000e-01  2.0000000000e-01  6.7000795127e-16  -6.7000000000e-16  -7.9512685686e-21  -0.0000000000e+00  2.2042870067e-32
 1.8900000000e+02  6.8000000000e-01  2.0000000000e-01  6.8000795127e-16  -6.8000000000e-16  -7.9512685686e-21  -0.0000000000e+00  7.6564743086e-32
 1.9000000000e+02  6.9000000000e-01  2.0000000000e-01  6.9000795127e-16  -6.9000000000e-16  -7.9512685686e-21  -0.0000000000e+00  2.2042870067e-32
 1.9100000000e+02  7.0000000000e-01  2.0000000000e-01  7.0000795127e-16  -7.0000000000e-16  -7.9512685686e-21  -0.0000000000e+00  2.2042870067e-32
 1.9200000000e+02  7.1000000000e-01  2.0000000000e-01  7.1000795127e-16  -7.1000000000e-16  -7.9512685686e-21  -0.0000000000e+00  2.2042870067e-32
 1.9300000000e+02  7.2000000000e-01  2.0000000000e-01  7.2000795127e-16  -7.2000000000e-16  -7.9512685686e-21  -0.0000000000e+00  2.2042870067e-32
 1.9400000000e+02  7.3000000000e-01  2.0000000000e-01  7.3000795127e-16  -7.3000000000e-16  -7.9512685686e-21  -0.0000000000e+00  2.2042870067e-32
 1.9500000000e+02  7.4000000000e-01  2.0000000000e-01  7.4000795127e-16  -7.4000000000e-16  -7.9512685686e-21  -0.0000000000e+00  2.2042870067e-32
 1.9600000000e+02  7.5000000000e-01  2.0000000000e-01  7.5000795127e-16  -7.5000000000e-16  -7.9512685686e-21  -0.0000000000e+00  2.2042870067e-32
 1.9700000000e+02  7.6000000000e-01  2.0000000000e-01  7.6000795127e-16  -7.6000000000e-16  -7.9512685686e-21  -0.0000000000e+00  2.2042870067e-32
 1.9800000000e+02  7.7000000000e-01  2.0000000000e-01  7.7000795127e-16  -7.7000000000e-16  -7.9512685686e-21  -0.0000000000e+00  2.2042870067e-32
 1.9900000000e+02  7.8000000000e-01  2.0000000000e-01  7.8000795127e-16  -7.8000000000e-16  -7.9512685686e-21  -0.0000000000e+00  2.2042870067e-32
 2.0000000000e+02  7.9000000000e-01  2.0000000000e-01  7.9000795127e-16  -7.9000000000e-16  -7.9512685686e-21  -0.0000000000e+00  2.2042870067e-32
 2.0100000000e+02  8.0000000000e-01  2.0000000000e-01  8.0000795127e-16  -8.0000000000e-16  -7.9512685686e-21  -0.0000000000e+00  2.2042870067e-32
 2.0200000000e+02  8.1000000000e-01  2.0000000000e-01  8.1000795127e-16  -8.1000000000e-16  -7.9512685686e-21  -0.0000000000e+00  2.2042870067e-32
 2.0300000000e+02  8.2000000000e-01  2.0000000000e-01  8.2000795127e-16  -8.2000000000e-16  -7.9512685686e-21  -0.0000000000e+00  2.2042870067e-32
 2.0400000000e+02  8.3000000000e-01  2.0000000000e-01  8.3000795127e-16  -8.3000000000e-16  -7.9512685686e-21  -0.0000000000e+00  2.2042870067e-32
 2.0500000000e+02  8.4000000000e-01  2.0000000000e-01  8.4000795127e-16  -8.4000000000e-16  -7.9512685686e-21  -0.0000000000e+00  2.2042870067e-32
 2.0600000000e+02  8.5000000000e-01  2.0000000000e-01  8.5000795127e-16  -8.5000000000e-16  -7.9512685686e-21  -0.0000000000e+00  2.2042870067e-32
 2.0700000000e+02  8.6000000000e-01  2.0000000000e-01  8.6000795127e-16  -8.6000000000e-16  -7.9512685686e-21  -0.0000000000e+00  2.2042870067e-32
 2.0800000000e+02  8.7000000000e-01  2.0000000000e-01  8.7000795127e-16  -8.7000000000e-16  -7.9512685686e-21  -0.0000000000e+00  2.2042870067e-32
 2.0900000000e+02  8.8000000000e-01  2.0000000000e-01  8.8000795127e-16  -8.8000000000e-16  -7.9512685686e-21  -0.0000000000e+00  2.2042870067e-32
 2.1000000000e+02  8.9000000000e-01  2.0000000000e-01  8.9000795127e-16  -8.9000000000e-16  -7.9512685686e-21  -0.0000000000e+00  7.6564743086e-32
 2.1100000000e+02  9.0000000000e-01  2.0000000000e-01  9.0000795127e-16  -9.0000000000e-16  -7.9512685686e-21  -0.0000000000e+00  7.6564743086e-32
 2.1200000000e+02  9.1000000000e-01  2.0000000000e-01  9.1000795127e-16  -9.1000000000e-16  -7.9512685686e-21  -0.0000000000e+00  7.6564743086e-32
 2.1300000000e+02  9.2000000000e-01  2.0000000000e-01  9.2000795127e-16  -9.2000000000e-16  -7.9512685686e-21  -0.0000000000e+00  7.6564743086e-32
 2.1400000000e+02  9.3000000000e-01  2.0000000000e-01  9.3000795127e-16  -9.3000000000e-16  -7.9512685686e-21  -0.0000000000e+00  7.6564743086e-32
 2.1500000000e+02  9.4000000000e-01  2.0000000000e-01  9.4000795127e-16  -9.4000000000e-16  -7.9512685686e-21  -0.0000000000e+00  7.6564743086e-32
 2.1600000000e+02  9.5000000000e-01  2.0000000000e-01  9.5000795127e-16  -9.5000000000e-16  -7.9512685686e-21  -0.0000000000e+00  7.6564743086e-32
 2.1700000000e+02  9.6000000000e-01  2.0000000000e-01  9.6000795127e-16  -9.6000000000e-16  -7.9512685686e-21  -0.0000000000e+00  7.6564743086e-32
 2.1800000000e+02  9.7000000000e-01  2.0000000000e-01  9.7000795127e-16  -9.7000000000e-16  -7.9512685686e-21  -0.0000000000e+00  7.6564743086e-32
 2.1900000000e+02  9.8000000000e-01  2.0000000000e-01  9.8000795127e-16  -9.8000000000e-16  -7.9512685686e-21  -0.0000000000e+00  7.6564743086e-32
 2.2000000000e+02  9.9000000000e-01  2.0000000000e-01  9.9000795127e-16  -9.9000000000e-16  -7.9512685686e-21  -0.0000000000e+00  7.6564743086e-32
 2.2100000000e+02  1.0000000000e+00  2.0000000000e-01  1.0000079513e-15  -1.0000000000e-15  -7.9512685686e-21  -0.0000000000e+00  6.6821042200e-31
 2.2200000000e+02  1.0100000000e+00  2.0000000000e-01  1.0100079513e-15  -1.0100000000e-15  -7.9512685686e-21  -0.0000000000e+00  6.6821042200e-31
 2.2300000000e+02  1.0200000000e+00  2.0000000000e-01  1.0200079513e-15  -1.0200000000e-15  -7.9512685686e-21  -0.0000000000e+00  6.6821042200e-31
 2.2400000000e+02  1.0300000000e+00  2.0000000000e-01  1.0300079513e-15  -1.0300000000e-15  -7.9512685686e-21  -0.0000000000e+00  6.6821042200e-31
 2.2500000000e+02  1.0400000000e+00  2.0000000000e-01  1.0400079513e-15  -1.0400000000e-15  -7.9512685686e-21  -0.0000000000e+00  4.7099519570e-31
 2.2600000000e+02  1.0500000000e+00  2.0000000000e-01  1.0500079513e-15  -1.0500000000e-15  -7.9512685686e-21  -0.0000000000e+00  6.6821042200e-31
 2.2700000000e+02  1.0600000000e+00  2.0000000000e-01  1.0600079513e-15  -1.0600000000e-15  -7.9512685686e-21  -0.0000000000e+00  6.6821042200e-31
 2.2800000000e+02  1.0700000000e+00  2.0000000000e-01  1.0700079513e-15  -1.0700000000e-15  -7.9512685686e-21  -0.0000000000e+00  6.6821042200e-31
 2.2900000000e+02  1.0800000000e+00  2.0000000000e-01  1.0800079513e-15  -1.0800000000e-15  -7.9512685686e-21  -0.0000000000e+00  6.6821042200e-31
 2.3000000000e+02  1.0900000000e+00  2.0000000000e-01  1.0900079513e-15  -1.0900000000e-15  -7.9512685686e-21  -0.0000000000e+00  6.6821042200e-31
 2.3100000000e+02  1.1000000000e+00  2.0000000000e-01  1.1000079513e-15  -1.1000000000e-15  -7.9512685686e-21  -0.0000000000e+00  4.7099519570e-31
 2.3200000000e+02  1.1100000000e+00  2.0000000000e-01  1.1100079513e-15  -1.1100000000e-15  -7.9512685686e-21  -0.0000000000e+00  6.6821042200e-31
 2.3300000000e+02  1.1200000000e+00  2.0000000000e-01  1.1200079513e-15  -1.1200000000e-15  -7.9512685686e-21  -0.0000000000e+00  6.6821042200e-31
 2.3400000000e+02  1.1300000000e+00  2.0000000000e-01  1.1300079513e-15  -1.1300000000e-15  -7.9512685686e-21  -0.0000000000e+00  6.6821042200e-31
 2.3500000000e+02  1.1400000000e+00  2.0000000000e-01  1.1400079513e-15  -1.1400000000e-15  -7.9512685686e-21  -0.0000000000e+00  3.1786570952e-31
 2.3600000000e+02  1.1500000000e+00  2.0000000000e-01  1.1500079513e-15  -1.1500000000e-15  -7.9512685686e-21  -0.0000000000e+00  4.7099519570e-31
 2.3700000000e+02  1.1600000000e+00  2.0000000000e-01  1.1600079513e-15  -1.1600000000e-15  -7.9512685686e-21  -0.0000000000e+00  4.7099519570e-31
 2.3800000000e+02  1.1700000000e+00  2.0000000000e-01  1.1700079513e-15  -1.1700000000e-15  -7.9512685686e-21  -0.0000000000e+00  6.6821042200e-31
 2.3900000000e+02  1.1800000000e+00  2.0000000000e-01  1.1800079513e-15  -1.1800000000e-15  -7.9512685686e-21  -0.0000000000e+00  6.6821042200e-31
 2.4000000000e+02  1.1900000000e+00  2.0000000000e-01  1.1900079513e-15  -1.1900000000e-15  -7.9512685686e-21  -0.0000000000e+00  3.1786570952e-31
 2.4100000000e+02  1.2000000000e+00  2.0000000000e-01  1.2000079513e-15  -1.2000000000e-15  -7.9512685686e-21  -0.0000000000e+00  3.1786570952e-31
 2.4200000000e+02  0.0000000000e+00  4.0000000000e-01  -0.0000000000e+00  -0.0000000000e+00  -0.0000000000e+00  -0.0000000000e+00  0.0000000000e+00
 2.4300000000e+02  1.0000000000e-02  4.0000000000e-01  1.0007951269e-17  -1.0000000000e-17  -7.9512685686e-21  -0.0000000000e+00  1.5715588346e-31
 2.4400000000e+02  2.0000000000e-02  4.0000000000e-01  2.0007951269e-17  -2.0000000000e-17  -7.9512685686e-21  -0.0000000000e+00  4.7245468948e-34
 2.4500000000e+02  3.0000000000e-02  4.0000000000e-01  3.0007951269e-17  -3.0000000000e-17  -7.9512685686e-21  -0.0000000000e+00  3.5539426005e-33
 2.4600000000e+02  4.0000000000e-02  4.0000000000e-01  4.0007951269e-17  -4.0000000000e-17  -7.9512685686e-21  -0.0000000000e+00  2.6090332215e-33
 2.4700000000e+02  5.0000000000e-02  4.0000000000e-01  5.0007951269e-17  -5.0000000000e-17  -7.9512685686e-21  -0.0000000000e+00  8.7720090436e-33
 2.4800000000e+02  6.0000000000e-02  4.0000000000e-01  6.0007951269e-17  -6.0000000000e-17  -7.9512685686e-21  -0.0000000000e+00  2.6090332215e-33
 2.4900000000e+02  7.0000000000e-02  4.0000000000e-01  7.0007951269e-17  -7.0000000000e-17  -7.9512685686e-21  -0.0000000000e+00  2.6090332215e-33
 2.5000000000e+02  8.0000000000e-02  4.0000000000e-01  8.0007951269e-17  -8.0000000000e-17  -7.9512685686e-21  -0.0000000000e+00  2.6090332215e-33
 2.5100000000e+02  9.0000000000e-02  4.0000000000e-01  9.0007951269e-17  -9.0000000000e-17  -7.9512685686e-21  -0.0000000000e+00  2.6090332215e-33
 2.5200000000e+02  1.0000000000e-01  4.0000000000e-01  1.0000795127e-16  -1.0000000000e-16  -7.9512685686e-21  -0.0000000000e+00  2.7260936510e-32
 2.5300000000e+02  1.1000000000e-01  4.0000000000e-01  1.1000795127e-16  -1.1000000000e-16  -7.9512685686e-21  -0.0000000000e+00  2.7260936510e-32
 2.5400000000e+02  1.2000000000e-01  4.0000000000e-01  1.2000795127e-16  -1.2000000000e-16  -7.9512685686e-21  -0.0000000000e+00  2.7260936510e-32
 2.5500000000e+02  1.3000000000e-01  4.0000000000e-01  1.3000795127e-16  -1.3000000000e-16  -7.9512685686e-21  -0.0000000000e+00  2.7260936510e-32
 2.5600000000e+02  1.4000000000e-01  4.0000000000e-01  1.4000795127e-16  -1.4000000000e-16  -7.9512685686e-21  -0.0000000000e+00  2.7260936510e-32
 2.5700000000e+02  1.5000000000e-01  4.0000000000e-01  1.5000795127e-16  -1.5000000000e-16  -7.9512685686e-21  -0.0000000000e+00  2.7260936510e-32
 2.5800000000e+02  1.6000000000e-01  4.0000000000e-01  1.6000795127e-16  -1.6000000000e-16  -7.9512685686e-21  -0.0000000000e+00  2.7260936510e-32
 2.5900000000e+02  1.7000000000e-01  4.0000000000e-01  1.7000795127e-16  -1.7000000000e-16  -7.9512685686e-21  -0.0000000000e+00  7.1346676643e-32
 2.6000000000e+02  1.8000000000e-01  4.0000000000e-01  1.8000795127e-16  -1.8000000000e-16  -7.9512685686e-21  -0.0000000000e+00  7.1346676643e-32
 2.6100000000e+02  1.9000000000e-01  4.0000000000e-01  1.9000795127e-16  -1.9000000000e-16  -7.9512685686e-21  -0.0000000000e+00  2.7260936510e-32
 2.6200000000e+02  2.0000000000e-01  4.0000000000e-01  2.0000795127e-16  -2.0000000000e-16  -7.9512685686e-21  -0.0000000000e+00  7.1346676643e-32
 2.6300000000e+02  2.1000000000e-01  4.0000000000e-01  2.1000795127e-16  -2.1000000000e-16  -7.9512685686e-21  -0.0000000000e+00  2.7260936510e-32
 2.6400000000e+02  2.2000000000e-01  4.0000000000e-01  2.2000795127e-16  -2.2000000000e-16  -7.9512685686e-21  -0.0000000000e+00  2.7260936510e-32
 2.6500000000e+02  2.3000000000e-01  4.0000000000e-01  2.3000795127e-16  -2.3000000000e-16  -7.9512685686e-21  -0.0000000000e+00  2.7260936510e-32
 2.6600000000e+02  2.4000000000e-01  4.0000000000e-01  2.4000795127e-16  -2.4000000000e-16  -7.9512685686e-21  -0.0000000000e+00  7.1346676643e-32
 2.6700000000e+02  2.5000000000e-01  4.0000000000e-01  2.5000795127e-16  -2.5000000000e-16  -7.9512685686e-21  -0.0000000000e+00  2.7260936510e-32
 2.6800000000e+02  2.6000000000e-01  4.0000000000e-01  2.6000795127e-16  -2.6000000000e-16  -7.9512685686e-21  -0.0000000000e+00  2.7260936510e-32
 2.6900000000e+02  2.7000000000e-01  4.0000000000e-01  2.7000795127e-16  -2.7000000000e-16  -7.9512685686e-21  -0.0000000000e+00  2.7260936510e-32
 2.7000000000e+02  2.8000000000e-01  4.0000000000e-01  2.8000795127e-16  -2.8000000000e-16  -7.9512685686e-21  -0.0000000000e+00  7.1346676643e-32
 2.7100000000e+02  2.9000000000e-01  4.0000000000e-01  2.9000795127e-16  -2.9000000000e-16  -7.9512685686e-21  -0.0000000000e+00  7.1346676643e-32
 2.7200000000e+02  3.0000000000e-01  4.0000000000e-01  3.0000795127e-16  -3.0000000000e-16  -7.9512685686e-21  -0.0000000000e+00  7.1346676643e-32
 2.7300000000e+02  3.1000000000e-01  4.0000000000e-01  3.1000795127e-16  -3.1000000000e-16  -7.9512685686e-21  -0.0000000000e+00  2.7260936510e-32
 2.7400000000e+02  3.2000000000e-01  4.0000000000e-01  3.2000795127e-16  -3.2000000000e-16  -7.9512685686e-21  -0.0000000000e+00  7.1346676643e-32
 2.7500000000e+02  3.3000000000e-01  4.0000000000e-01  3.3000795127e-16  -3.3000000000e-16  -7.9512685686e-21  -0.0000000000e+00  7.1346676643e-32
 2.7600000000e+02  3.4000000000e-01  4.0000000000e-01  3.4000795127e-16  -3.4000000000e-16  -7.9512685686e-21  -0.0000000000e+00  2.7260936510e-32
 2.7700000000e+02  3.5000000000e-01  4.0000000000e-01  3.5000795127e-16  -3.5000000000e-16  -7.9512685686e-21  -0.0000000000e+00  2.7260936510e-32
 2.7800000000e+02  3.6000000000e-01  4.0000000000e-01  3.6000795127e-16  -3.6000000000e-16  -7.9512685686e-21  -0.0000000000e+00  2.7260936510e-32
 2.7900000000e+02  3.7000000000e-01  4.0000000000e-01  3.7000795127e-16  -3.7000000000e-16  -7.9512685686e-21  -0.0000000000e+00  2.7260936510e-32
 2.8000000000e+02  3.8000000000e-01  4.0000000000e-01  3.8000795127e-16  -3.8000000000e-16  -7.9512685686e-21  -0.0000000000e+00  7.1346676643e-32
 2.8100000000e+02  3.9000000000e-01  4.0000000000e-01  3.9000795127e-16  -3.9000000000e-16  -7.9512685686e-21  -0.0000000000e+00  7.1346676643e-32
 2.8200000000e+02  4.0000000000e-01  4.0000000000e-01  4.0000795127e-16  -4.0000000000e-16  -7.9512685686e-21  -0.0000000000e+00  7.1346676643e-32
 2.8300000000e+02  4.1000000000e-01  4.0000000000e-01  4.1000795127e-16  -4.1000000000e-16  -7.9512685686e-21  -0.0000000000e+00  2.7260936510e-32
 2.8400000000e+02  4.2000000000e-01  4.0000000000e-01  4.2000795127e-16  -4.2000000000e-16  -7.9512685686e-21  -0.0000000000e+00  7.1346676643e-32
 2.8500000000e+02  4.3000000000e-01  4.0000000000e-01  4.3000795127e-16  -4.3000000000e-16  -7.9512685686e-21  -0.0000000000e+00  7.1346676643e-32
 2.8600000000e+02  4.4000000000e-01  4.0000000000e-01  4.4000795127e-16  -4.4000000000e-16  -7.9512685686e-21  -0.0000000000e+00  7.1346676643e-32
 2.8700000000e+02  4.5000000000e-01  4.0000000000e-01  4.5000795127e-16  -4.5000000000e-16  -7.9512685686e-21  -0.0000000000e+00  2.2042870067e-32
 2.8800000000e+02  4.6000000000e-01  4.0000000000e-01  4.6000795127e-16  -4.6000000000e-16  -7.9512685686e-21  -0.0000000000e+00  2.2042870067e-32
 2.8900000000e+02  4.7000000000e-01  4.0000000000e-01  4.7000795127e-16  -4.7000000000e-16  -7.9512685686e-21  -0.0000000000e+00  2.2042870067e-32
 2.9000000000e+02  4.8000000000e-01  4.0000000000e-01  4.8000795127e-16  -4.8000000000e-16  -7.9512685686e-21  -0.0000000000e+00  2.2042870067e-32
 2.9100000000e+02  4.9000000000e-01  4.0000000000e-01  4.9000795127e-16  -4.9000000000e-16  -7.9512685686e-21  -0.0000000000e+00  2.2042870067e-32
 2.9200000000e+02  5.0000000000e-01  4.0000000000e-01  5.0000795127e-16  -5.0000000000e-16  -7.9512685686e-21  -0.0000000000e+00  2.2042870067e-32
 2.9300000000e+02  5.1000000000e-01  4.0000000000e-01  5.1000795127e-16  -5.1000000000e-16  -7.9512685686e-21  -0.0000000000e+00  7.6564743086e-32
 2.9400000000e+02  5.2000000000e-01  4.0000000000e-01  5.2000795127e-16  -5.2000000000e-16  -7.9512685686e-21  -0.0000000000e+00  2.2042870067e-32
 2.9500000000e+02  5.3000000000e-01  4.0000000000e-01  5.3000795127e-16  -5.3000000000e-16  -7.9512685686e-21  -0.0000000000e+00  2.2042870067e-32
 2.9600000000e+02  5.4000000000e-01  4.0000000000e-01  5.4000795127e-16  -5.4000000000e-16  -7.9512685686e-21  -0.0000000000e+00  2.2042870067e-32
 2.9700000000e+02  5.5000000000e-01  4.0000000000e-01  5.5000795127e-16  -5.5000000000e-16  -7.9512685686e-21  -0.0000000000e+00  2.2042870067e-32
 2.9800000000e+02  5.6000000000e-01  4.0000000000e-01  5.6000795127e-16  -5.6000000000e-16  -7.9512685686e-21  -0.0000000000e+00  2.2042870067e-32
 2.9900000000e+02  5.7000000000e-01  4.0000000000e-01  5.7000795127e-16  -5.7000000000e-16  -7.9512685686e-21  -0.0000000000e+00  2.2042870067e-32
 3.0000000000e+02  5.8000000000e-01  4.0000000000e-01  5.8000795127e-16  -5.8000000000e-16  -7.9512685686e-21  -0.0000000000e+00  2.2042870067e-32
 3.0100000000e+02  5.9000000000e-01  4.0000000000e-01  5.9000795127e-16  -5.9000000000e-16  -7.9512685686e-21  -0.0000000000e+00  2.2042870067e-32
 3.0200000000e+02  6.0000000000e-01  4.0000000000e-01  6.0000795127e-16  -6.0000000000e-16  -7.9512685686e-21  -0.0000000000e+00  2.2042870067e-32
 3.0300000000e+02  6.1000000000e-01  4.0000000000e-01  6.1000795127e-16  -6.1000000000e-16  -7.9512685686e-21  -0.0000000000e+00  2.2042870067e-32
 3.0400000000e+02  6.2000000000e-01  4.0000000000e-01  6.2000795127e-16  -6.2000000000e-16  -7.9512685686e-21  -0.0000000000e+00  2.2042870067e-32
 3.0500000000e+02  6.3000000000e-01  4.0000000000e-01  6.3000795127e-16  -6.3000000000e-16  -7.9512685686e-21  -0.0000000000e+00  2.2042870067e-32
 3.0600000000e+02  6.4000000000e-01  4.0000000000e-01  6.4000795127e-16  -6.4000000000e-16  -7.9512685686e-21  -0.0000000000e+00  2.2042870067e-32
 3.0700000000e+02  6.5000000000e-01  4.0000000000e-01  6.5000795127e-16  -6.5000000000e-16  -7.9512685686e-21  -0.0000000000e+00  2.2042870067e-32
 3.0800000000e+02  6.6000000000e-01  4.0000000000e-01  6.6000795127e-16  -6.6000000000e-16  -7.9512685686e-21  -0.0000000000e+00  2.2042870067e-32
 3.0900000000e+02  6.7000000000e-01  4.0000000000e-01  6.7000795127e-16  -6.7000000000e-16  -7.9512685686e-21  -0.0000000000e+00  2.2042870067e-32
 3.1000000000e+02  6.8000000000e-01  4.0000000000e-01  6.8000795127e-16  -6.8000000000e-16  -7.9512685686e-21  -0.0000000000e+00  7.6564743086e-32
 3.1100000000e+02  6.9000000000e-01  4.0000000000e-01  6.9000795127e-16  -6.9000000000e-16  -7.9512685686e-21  -0.0000000000e+00  2.2042870067e-32
 3.1200000000e+02  7.0000000000e-01  4.0000000000e-01  7.0000795127e-16  -7.0000000000e-16  -7.9512685686e-21  -0.0000000000e+00  2.2042870067e-32
 3.1300000000e+02  7.1000000000e-01  4.0000000000e-01  7.1000795127e-16  -7.1000000000e-16  -7.9512685686e-21  -0.0000000000e+00  2.2042870067e-32
 3.1400000000e+02  7.2000000000e-01  4.0000000000e-01  7.2000795127e-16  -7.2000000000e-16  -7.9512685686e-21  -0.0000000000e+00  2.2042870067e-32
 3.1500000000e+02  7.3000000000e-01  4.0000000000e-01  7.3000795127e-16  -7.3000000000e-16  -7.9512685686e-21  -0.0000000000e+00  2.2042870067e-32
 3.1600000000e+02  7.4000000000e-01  4.0000000000e-01  7.4000795127e-16  -7.4000000000e-16  -7.9512685686e-21  -0.0000000000e+00  2.2042870067e-32
 3.1700000000e+02  7.5000000000e-01  4.0000000000e-01  7.5000795127e-16  -7.5000000000e-16  -7.9512685686e-21  -0.0000000000e+00  2.2042870067e-32
 3.1800000000e+02  7.6000000000e-01  4.0000000000e-01  7.6000795127e-16  -7.6000000000e-16  -7.9512685686e-21  -0.0000000000e+00  2.2042870067e-32
 3.1900000000e+02  7.7000000000e-01  4.0000000000e-01  7.7000795127e-16  -7.7000000000e-16  -7.9512685686e-21  -0.0000000000e+00  2.2042870067e-32
 3.2000000000e+02  7.8000000000e-01  4.0000000000e-01  7.8000795127e-16  -7.8000000000e-16  -7.9512685686e-21  -0.0000000000e+00  2.2042870067e-32
 3.2100000000e+02  7.9000000000e-01  4.0000000000e-01  7.9000795127e-16  -7.9000000000e-16  -7.9512685686e-21  -0.0000000000e+00  2.2042870067e-32
 3.2200000000e+02  8.0000000000e-01  4.0000000000e-01  8.0000795127e-16  -8.0000000000e-16  -7.9512685686e-21  -0.0000000000e+00  2.2042870067e-32
 3.2300000000e+02  8.1000000000e-01  4.0000000000e-01  8.1000795127e-16  -8.1000000000e-16  -7.9512685686e-21  -0.0000000000e+00  2.2042870067e-32
 3.2400000000e+02  8.2000000000e-01  4.0000000000e-01  8.2000795127e-16  -8.2000000000e-16  -7.9512685686e-21  -0.0000000000e+00  2.2042870067e-32
 3.2500000000e+02  8.3000000000e-01  4.0000000000e-01  8.3000795127e-16  -8.3000000000e-16  -7.9512685686e-21  -0.0000000000e+00  2.2042870067e-32
 3.2600000000e+02  8.4000000000e-01  4.0000000000e-01  8.4000795127e-16  -8.4000000000e-16  -7.9512685686e-21  -0.0000000000e+00  2.2042870067e-32
 3.2700000000e+02  8.5000000000e-01  4.0000000000e-01  8.5000795127e-16  -8.5000000000e-16  -7.9512685686e-21  -0.0000000000e+00  2.2042870067e-32
 3.2800000000e+02  8.6000000000e-01  4.0000000000e-01  8.6000795127e-16  -8.6000000000e-16  -7.9512685686e-21  -0.0000000000e+00  2.2042870067e-32
 3.2900000000e+02  8.7000000000e-01  4.0000000000e-01  8.7000795127e-16  -8.7000000000e-16  -7.9512685686e-21  -0.0000000000e+00  2.2042870067e-32
 3.3000000000e+02  8.8000000000e-01  4.0000000000e-01  8.8000795127e-16  -8.8000000000e-16  -7.9512685686e-21  -0.0000000000e+00  2.2042870067e-32
 3.3100000000e+02  8.9000000000e-01  4.0000000000e-01  8.9000795127e-16  -8.9000000000e-16  -7.9512685686e-21  -0.0000000000e+00  7.6564743086e-32
 3.3200000000e+02  9.0000000000e-01  4.0000000000e-01  9.0000795127e-16  -9.0000000000e-16  -7.9512685686e-21  -0.0000000000e+00  7.6564743086e-32
 3.3300000000e+02  9.1000000000e-01  4.0000000000e-01  9.1000795127e-16  -9.1000000000e-16  -7.9512685686e-21  -0.0000000000e+00  7.6564743086e-32
 3.3400000000e+02  9.2000000000e-01  4.0000000000e-01  9.2000795127e-16  -9.2000000000e-16  -7.9512685686e-21  -0.0000000000e+00  7.6564743086e-32
 3.3500000000e+02  9.3000000000e-01  4.0000000000e-01  9.3000795127e-16  -9.3000000000e-16  -7.9512685686e-21  -0.0000000000e+00  7.6564743086e-32
 3.3600000000e+02  9.4000000000e-01  4.0000000000e-01  9.4000795127e-16  -9.4000000000e-16  -7.9512685686e-21  -0.0000000000e+00  7.6564743086e-32
 3.3700000000e+02  9.5000000000e-01  4.0000000000e-01  9.5000795127e-16  -9.5000000000e-16  -7.9512685686e-21  -0.0000000000e+00  7.6564743086e-32
 3.3800000000e+02  9.6000000000e-01  4.0000000000e-01  9.6000795127e-16  -9.6000000000e-16  -7.9512685686e-21  -0.0000000000e+00  7.6564743086e-32
 3.3900000000e+02  9.7000000000e-01  4.0000000000e-01  9.7000795127e-16  -9.7000000000e-16  -7.9512685686e-21  -0.0000000000e+00  7.6564743086e-32
 3.4000000000e+02  9.8000000000e-01  4.0000000000e-01  9.8000795127e-16  -9.8000000000e-16  -7.9512685686e-21  -0.0000000000e+00  7.6564743086e-32
 3.4100000000e+02  9.9000000000e-01  4.0000000000e-01  9.9000795127e-16  -9.9000000000e-16  -7.9512685686e-21  -0.0000000000e+00  7.6564743086e-32
 3.4200000000e+02  1.0000000000e+00  4.0000000000e-01  1.0000079513e-15  -1.0000000000e-15  -7.9512685686e-21  -0.0000000000e+00  6.6821042200e-31
 3.4300000000e+02  1.0100000000e+00  4.0000000000e-01  1.0100079513e-15  -1.0100000000e-15  -7.9512685686e-21  -0.0000000000e+00  6.6821042200e-31
 3.4400000000e+02  1.0200000000e+00  4.0000000000e-01  1.0200079513e-15  -1.0200000000e-15  -7.9512685686e-21  -0.0000000000e+00  6.6821042200e-31
 3.4500000000e+02  1.0300000000e+00  4.0000000000e-01  1.0300079513e-15  -1.0300000000e-15  -7.9512685686e-21  -0.0000000000e+00  6.6821042200e-31
 3.4600000000e+02  1.0400000000e+00  4.0000000000e-01  1.0400079513e-15  -1.0400000000e-15  -7.9512685686e-21  -0.0000000000e+00  4.7099519570e-31
 3.4700000000e+02  1.0500000000e+00  4.0000000000e-01  1.0500079513e-15  -1.0500000000e-15  -7.9512685686e-21  -0.0000000000e+00  6.6821042200e-31
 3.4800000000e+02  1.0600000000e+00  4.0000000000e-01  1.0600079513e-15  -1.0600000000e-15  -7.9512685686e-21  -0.0000000000e+00  6.6821042200e-31
 3.4900000000e+02  1.0700000000e+00  4.0000000000e-01  1.0700079513e-15  -1.0700000000e-15  -7.9512685686e-21  -0.0000000000e+00  6.6821042200e-31
 3.5000000000e+02  1.0800000000e+00  4.0000000000e-01  1.0800079513e-15  -1.0800000000e-15  -7.9512685686e-21  -0.0000000000e+00  6.6821042200e-31
 3.5100000000e+02  1.0900000000e+00  4.0000000000e-01  1.0900079513e-15  -1.0900000000e-15  -7.9512685686e-21  -0.0000000000e+00  6.6821042200e-31
 3.5200000000e+02  1.1000000000e+00  4.0000000000e-01  1.1000079513e-15  -1.1000000000e-15  -7.9512685686e-21  -0.0000000000e+00  4.7099519570e-31
 3.5300000000e+02  1.1100000000e+00  4.0000000000e-01  1.1100079513e-15  -1.1100000000e-15  -7.9512685686e-21  -0.0000000000e+00  6.6821042200e-31
 3.5400000000e+02  1.1200000000e+00  4.0000000000e-01  1.1200079513e-15  -1.1200000000e-15  -7.9512685686e-21  -0.0000000000e+00  6.6821042200e-31
 3.5500000000e+02  1.1300000000e+00  4.0000000000e-01  1.1300079513e-15  -1.1300000000e-15  -7.9512685686e-21  -0.0000000000e+00  6.6821042200e-31
 3.5600000000e+02  1.1400000000e+00  4.0000000000e-01  1.1400079513e-15  -1.1400000000e-15  -7.9512685686e-21  -0.0000000000e+00  3.1786570952e-31
 3.5700000000e+02  1.1500000000e+00  4.0000000000e-01  1.1500079513e-15  -1.1500000000e-15  -7.9512685686e-21  -0.0000000000e+00  4.7099519570e-31
 3.5800000000e+02  1.1600000000e+00  4.0000000000e-01  1.1600079513e-15  -1.1600000000e-15  -7.9512685686e-21  -0.0000000000e+00  4.7099519570e-31
 3.5900000000e+02  1.1700000000e+00  4.0000000000e-01  1.1700079513e-15  -1.1700000000e-15  -7.9512685686e-21  -0.0000000000e+00  6.6821042200e-31
 3.6000000000e+02  1.1800000000e+00  4.0000000000e-01  1.1800079513e-15  -1.1800000000e-15  -7.9512685686e-21  -0.0000000000e+00  6.6821042200e-31
 3.6100000000e+02  1.1900000000e+00  4.0000000000e-01  1.1900079513e-15  -1.1900000000e-15  -7.9512685686e-21  -0.0000000000e+00  3.1786570952e-31
 3.6200000000e+02  1.2000000000e+00  4.0000000000e-01  1.2000079513e-15  -1.2000000000e-15  -7.9512685686e-21  -0.0000000000e+00  3.1786570952e-31
 3.6300000000e+02  0.0000000000e+00  6.0000000000e-01  -0.0000000000e+00  -0.0000000000e+00  -0.0000000000e+00  -0.0000000000e+00  0.0000000000e+00
 3.6400000000e+02  1.0000000000e-02  6.0000000000e-01  2.3672765779e-07  -2.3672765779e-07  -7.9512685686e-21  -0.0000000000e+00  6.3274247246e-23
 3.6500000000e+02  2.0000000000e-02  6.0000000000e-01  4.4514257394e-07  -4.4514257394e-07  -7.9512685686e-21  -0.0000000000e+00  6.3274247322e-23
 3.6600000000e+02  3.0000000000e-02  6.0000000000e-01  6.2522941906e-07  -6.2522941906e-07  -7.9512685686e-21  -0.0000000000e+00  1.0334688119e-23
 3.6700000000e+02  4.0000000000e-02  6.0000000000e-01  7.7697286379e-07  -7.7697286379e-07  -7.9512685686e-21  -0.0000000000e+00  1.0334688119e-23
 3.6800000000e+02  5.0000000000e-02  6.0000000000e-01  9.0035757875e-07  -9.0035757875e-07  -7.9512685686e-21  -0.0000000000e+00  1.0334688119e-23
 3.6900000000e+02  6.0000000000e-02  6.0000000000e-01  9.9536823457e-07  -9.9536823457e-07  -7.9512685686e-21  -0.0000000000e+00  9.5544430288e-23
 3.7000000000e+02  7.0000000000e-02  6.0000000000e-01  1.0619895019e-06  -1.0619895019e-06  -7.9512685686e-21  -0.0000000000e+00  9.5544430288e-23
 3.7100000000e+02  8.0000000000e-02  6.0000000000e-01  1.1002060513e-06  -1.1002060513e-06  -7.9512685686e-21  -0.0000000000e+00  9.5544430288e-23
 3.7200000000e+02  9.0000000000e-02  6.0000000000e-01  1.1103775823e-06  -1.1103775823e-06  -7.9512685686e-21  -0.0000000000e+00  9.5544430288e-23
 3.7300000000e+02  1.0000000000e-01  6.0000000000e-01  1.1105771270e-06  -1.1105771270e-06  -7.9512685686e-21  -0.0000000000e+00  9.5544430288e-23
 3.7400000000e+02  1.1000000000e-01  6.0000000000e-01  1.1107766717e-06  -1.1107766717e-06  -7.9512685686e-21  -0.0000000000e+00  9.5544430288e-23
 3.7500000000e+02  1.2000000000e-01  6.0000000000e-01  1.1109762164e-06  -1.1109762164e-06  -7.9512685686e-21  -0.0000000000e+00  9.5544430288e-23
 3.7600000000e+02  1.3000000000e-01  6.0000000000e-01  1.1111757611e-06  -1.1111757611e-06  -7.9512685686e-21  -0.0000000000e+00  9.5544430288e-23
 3.7700000000e+02  1.4000000000e-01  6.0000000000e-01  1.1113753058e-06  -1.1113753058e-06  -7.9512685686e-21  -0.0000000000e+00  9.5544430288e-23
 3.7800000000e+02  1.5000000000e-01  6.0000000000e-01  1.1115748505e-06  -1.1115748505e-06  -7.9512685686e-21  -0.0000000000e+00  9.4257737754e-22
 3.7900000000e+02  1.6000000000e-01  6.0000000000e-01  1.1117743953e-06  -1.1117743953e-06  -7.9512685686e-21  -0.0000000000e+00  9.5544430288e-23
 3.8000000000e+02  1.7000000000e-01  6.0000000000e-01  1.1119739400e-06  -1.1119739400e-06  -7.9512685686e-21  -0.0000000000e+00  9.5544430288e-23
 3.8100000000e+02  1.8000000000e-01  6.0000000000e-01  1.1121734847e-06  -1.1121734847e-06  -7.9512685686e-21  -0.0000000000e+00  9.5544430288e-23
 3.8200000000e+02  1.9000000000e-01  6.0000000000e-01  1.1123730294e-06  -1.1123730294e-06  -7.9512685686e-21  -0.0000000000e+00  9.5544430288e-23
 3.8300000000e+02  2.0000000000e-01  6.0000000000e-01  1.1125725741e-06  -1.1125725741e-06  -7.9512685686e-21  -0.0000000000e+00  9.4257737754e-22
 3.8400000000e+02  2.1000000000e-01  6.0000000000e-01  1.1127721188e-06  -1.1127721188e-06  -7.9512685686e-21  -0.0000000000e+00  9.5544430288e-23
 3.8500000000e+02  2.2000000000e-01  6.0000000000e-01  1.1129716635e-06  -1.1129716635e-06  -7.9512685686e-21  -0.0000000000e+00  9.5544430288e-23
 3.8600000000e+02  2.3000000000e-01  6.0000000000e-01  1.1131712082e-06  -1.1131712082e-06  -7.9512685686e-21  -0.0000000000e+00  9.5544430288e-23
 3.8700000000e+02  2.4000000000e-01  6.0000000000e-01  1.1133707530e-06  -1.1133707530e-06  -7.9512685686e-21  -0.0000000000e+00  9.5544430288e-23
 3.8800000000e+02  2.5000000000e-01  6.0000000000e-01  1.1135702977e-06  -1.1135702977e-06  -7.9512685686e-21  -0.0000000000e+00  9.5544430288e-23
 3.8900000000e+02  2.6000000000e-01  6.0000000000e-01  1.1137698424e-06  -1.1137698424e-06  -7.9512685686e-21  -0.0000000000e+00  9.5544430288e-23
 3.9000000000e+02  2.7000000000e-01  6.0000000000e-01  1.1139693871e-06  -1.1139693871e-06  -7.9512685686e-21  -0.0000000000e+00  9.5544430288e-23
 3.9100000000e+02  2.8000000000e-01  6.0000000000e-01  1.1141689318e-06  -1.1141689318e-06  -7.9512685686e-21  -0.0000000000e+00  9.5544430288e-23
 3.9200000000e+02  2.9000000000e-01  6.0000000000e-01  1.1143684765e-06  -1.1143684765e-06  -7.9512685686e-21  -0.0000000000e+00  9.4257737754e-22
 3.9300000000e+02  3.0000000000e-01  6.0000000000e-01  1.1145680212e-06  -1.1145680212e-06  -7.9512685686e-21  -0.0000000000e+00  9.5544430288e-23
 3.9400000000e+02  3.1000000000e-01  6.0000000000e-01  1.1147675659e-06  -1.1147675659e-06  -7.9512685686e-21  -0.0000000000e+00  9.5544430288e-23
 3.9500000000e+02  3.2000000000e-01  6.0000000000e-01  1.1149671107e-06  -1.1149671107e-06  -7.9512685686e-21  -0.0000000000e+00  9.5544430288e-23
 3.9600000000e+02  3.3000000000e-01  6.0000000000e-01  1.1151666554e-06  -1.1151666554e-06  -7.9512685686e-21  -0.0000000000e+00  9.5544430288e-23
 3.9700000000e+02  3.4000000000e-01  6.0000000000e-01  1.1153662001e-06  -1.1153662001e-06  -7.9512685686e-21  -0.0000000000e+00  9.4257737754e-22
 3.9800000000e+02  3.5000000000e-01  6.0000000000e-01  1.1155657448e-06  -1.1155657448e-06  -7.9512685686e-21  -0.0000000000e+00  9.5544430288e-23
 3.9900000000e+02  3.6000000000e-01  6.0000000000e-01  1.1157652895e-06  -1.1157652895e-06  -7.9512685686e-21  -0.0000000000e+00  9.5544430288e-23
 4.0000000000e+02  3.7000000000e-01  6.0000000000e-01  1.1159648342e-06  -1.1159648342e-06  -7.9512685686e-21  -0.0000000000e+00  9.5544430288e-23
 4.0100000000e+02  3.8000000000e-01  6.0000000000e-01  1.1161643789e-06  -1.1161643789e-06  -7.9512685686e-21  -0.0000000000e+00  9.4257737754e-22
 4.0200000000e+02  3.9000000000e-01  6.0000000000e-01  1.1163639236e-06  -1.1163639236e-06  -7.9512685686e-21  -0.0000000000e+00  9.5544430288e-23
 4.0300000000e+02  4.0000000000e-01  6.0000000000e-01  1.1165634684e-06  -1.1165634684e-06  -7.9512685686e-21  -0.0000000000e+00  9.5544430288e-23
 4.0400000000e+02  4.1000000000e-01  6.0000000000e-01  1.1167630131e-06  -1.1167630131e-06  -7.9512685686e-21  -0.0000000000e+00  9.5544430288e-23
 4.0500000000e+02  4.2000000000e-01  6.0000000000e-01  1.1169625578e-06  -1.1169625578e-06  -7.9512685686e-21  -0.0000000000e+00  9.5544430288e-23
 4.0600000000e+02  4.3000000000e-01  6.0000000000e-01  1.1171621025e-06  -1.1171621025e-06  -7.9512685686e-21  -0.0000000000e+00  9.5544430288e-23
 4.0700000000e+02  4.4000000000e-01  6.0000000000e-01  1.1173616472e-06  -1.1173616472e-06  -7.9512685686e-21  -0.0000000000e+00  9.5544430288e-23
 4.0800000000e+02  4.5000000000e-01  6.0000000000e-01  1.1175611919e-06  -1.1175611919e-06  -7.9512685686e-21  -0.0000000000e+00  9.5544430288e-23
 4.0900000000e+02  4.6000000000e-01  6.0000000000e-01  1.1177607366e-06  -1.1177607366e-06  -7.9512685686e-21  -0.0000000000e+00  9.5544430288e-23
 4.1000000000e+02  4.7000000000e-01  6.0000000000e-01  1.1179602813e-06  -1.1179602813e-06  -7.9512685686e-21  -0.0000000000e+00  9.5544430288e-23
 4.1100000000e+02  4.8000000000e-01  6.0000000000e-01  1.1181598261e-06  -1.1181598261e-06  -7.9512685686e-21  -0.0000000000e+00  9.5544430288e-23
 4.1200000000e+02  4.9000000000e-01  6.0000000000e-01  1.1183593708e-06  -1.1183593708e-06  -7.9512685686e-21  -0.0000000000e+00  9.5544430288e-23
 4.1300000000e+02  5.0000000000e-01  6.0000000000e-01  1.1185589155e-06  -1.1185589155e-06  -7.9512685686e-21  -0.0000000000e+00  9.5544430288e-23
 4.1400000000e+02  5.1000000000e-01  6.0000000000e-01  1.1187584602e-06  -1.1187584602e-06  -7.9512685686e-21  -0.0000000000e+00  9.5544430288e-23
 4.1500000000e+02  5.2000000000e-01  6.0000000000e-01  1.1189580049e-06  -1.1189580049e-06  -7.9512685686e-21  -0.0000000000e+00  9.5544430288e-23
 4.1600000000e+02  5.3000000000e-01  6.0000000000e-01  1.1191575496e-06  -1.1191575496e-06  -7.9512685686e-21  -0.0000000000e+00  9.5544430288e-23
 4.1700000000e+02  5.4000000000e-01  6.0000000000e-01  1.1193570943e-06  -1.1193570943e-06  -7.9512685686e-21  -0.0000000000e+00  9.5544430288e-23
 4.1800000000e+02  5.5000000000e-01  6.0000000000e-01  1.1195566390e-06  -1.1195566390e-06  -7.9512685686e-21  -0.0000000000e+00  9.5544430288e-23
 4.1900000000e+02  5.6000000000e-01  6.0000000000e-01  1.1197561837e-06  -1.1197561837e-06  -7.9512685686e-21  -0.0000000000e+00  9.4257737754e-22
 4.2000000000e+02  5.7000000000e-01  6.0000000000e-01  1.1199557285e-06  -1.1199557285e-06  -7.9512685686e-21  -0.0000000000e+00  9.4257737754e-22
 4.2100000000e+02  5.8000000000e-01  6.0000000000e-01  1.1201552732e-06  -1.1201552732e-06  -7.9512685686e-21  -0.0000000000e+00  9.5544430288e-23
 4.2200000000e+02  5.9000000000e-01  6.0000000000e-01  1.1203548179e-06  -1.1203548179e-06  -7.9512685686e-21  -0.0000000000e+00  9.5544430288e-23
 4.2300000000e+02  6.0000000000e-01  6.0000000000e-01  1.1205543626e-06  -1.1205543626e-06  -7.9512685686e-21  -0.0000000000e+00  9.5544430288e-23
 4.2400000000e+02  6.1000000000e-01  6.0000000000e-01  1.1207539073e-06  -1.1207539073e-06  -7.9512685686e-21  -0.0000000000e+00  9.4257737754e-22
 4.2500000000e+02  6.2000000000e-01  6.0000000000e-01  1.1209534520e-06  -1.1209534520e-06  -7.9512685686e-21  -0.0000000000e+00  9.5544430288e-23
 4.2600000000e+02  6.3000000000e-01  6.0000000000e-01  1.1211529967e-06  -1.1211529967e-06  -7.9512685686e-21  -0.0000000000e+00  9.5544430288e-23
 4.2700000000e+02  6.4000000000e-01  6.0000000000e-01  1.1213525414e-06  -1.1213525414e-06  -7.9512685686e-21  -0.0000000000e+00  9.5544430288e-23
 4.2800000000e+02  6.5000000000e-01  6.0000000000e-01  1.1215520862e-06  -1.1215520862e-06  -7.9512685686e-21  -0.0000000000e+00  9.5544430288e-23
 4.2900000000e+02  6.6000000000e-01  6.0000000000e-01  1.1217516309e-06  -1.1217516309e-06  -7.9512685686e-21  -0.0000000000e+00  9.5544430288e-23
 4.3000000000e+02  6.7000000000e-01  6.0000000000e-01  1.1219511756e-06  -1.1219511756e-06  -7.9512685686e-21  -0.0000000000e+00  9.5544430288e-23
 4.3100000000e+02  6.8000000000e-01  6.0000000000e-01  1.1221507203e-06  -1.1221507203e-06  -7.9512685686e-21  -0.0000000000e+00  9.5544430288e-23
 4.3200000000e+02  6.9000000000e-01  6.0000000000e-01  1.1223502650e-06  -1.1223502650e-06  -7.9512685686e-21  -0.0000000000e+00  9.5544430288e-23
 4.3300000000e+02  7.0000000000e-01  6.0000000000e-01  1.1225498097e-06  -1.1225498097e-06  -7.9512685686e-21  -0.0000000000e+00  9.4257737754e-22
 4.3400000000e+02  7.1000000000e-01  6.0000000000e-01  1.1227493544e-06  -1.1227493544e-06  -7.9512685686e-21  -0.0000000000e+00  9.5544430288e-23
 4.3500000000e+02  7.2000000000e-01  6.0000000000e-01  1.1229488991e-06  -1.1229488991e-06  -7.9512685686e-21  -0.0000000000e+00  9.5544430288e-23
 4.3600000000e+02  7.3000000000e-01  6.0000000000e-01  1.1231484439e-06  -1.1231484439e-06  -7.9512685686e-21  -0.0000000000e+00  9.5544430288e-23
 4.3700000000e+02  7.4000000000e-01  6.0000000000e-01  1.1233479886e-06  -1.1233479886e-06  -7.9512685686e-21  -0.0000000000e+00  9.5544430288e-23
 4.3800000000e+02  7.5000000000e-01  6.0000000000e-01  1.1235475333e-06  -1.1235475333e-06  -7.9512685686e-21  -0.0000000000e+00  9.5544430288e-23
 4.3900000000e+02  7.6000000000e-01  6.0000000000e-01  1.1237470780e-06  -1.1237470780e-06  -7.9512685686e-21  -0.0000000000e+00  9.5544430288e-23
 4.4000000000e+02  7.7000000000e-01  6.0000000000e-01  1.1239466227e-06  -1.1239466227e-06  -7.9512685686e-21  -0.0000000000e+00  9.5544430288e-23
 4.4100000000e+02  7.8000000000e-01  6.0000000000e-01  1.1241461674e-06  -1.1241461674e-06  -7.9512685686e-21  -0.0000000000e+00  9.5544430288e-23
 4.4200000000e+02  7.9000000000e-01  6.0000000000e-01  1.1243457121e-06  -1.1243457121e-06  -7.9512685686e-21  -0.0000000000e+00  9.4257737754e-22
 4.4300000000e+02  8.0000000000e-01  6.0000000000e-01  1.1245452568e-06  -1.1245452568e-06  -7.9512685686e-21  -0.0000000000e+00  9.4257737754e-22
 4.4400000000e+02  8.1000000000e-01  6.0000000000e-01  1.1247448016e-06  -1.1247448016e-06  -7.9512685686e-21  -0.0000000000e+00  9.5544430288e-23
 4.4500000000e+02  8.2000000000e-01  6.0000000000e-01  1.1249443463e-06  -1.1249443463e-06  -7.9512685686e-21  -0.0000000000e+00  9.5544430288e-23
 4.4600000000e+02  8.3000000000e-01  6.0000000000e-01  1.1251438910e-06  -1.1251438910e-06  -7.9512685686e-21  -0.0000000000e+00  9.5544430288e-23
 4.4700000000e+02  8.4000000000e-01  6.0000000000e-01  1.1253434357e-06  -1.1253434357e-06  -7.9512685686e-21  -0.0000000000e+00  9.4257737754e-22
 4.4800000000e+02  8.5000000000e-01  6.0000000000e-01  1.1255429804e-06  -1.1255429804e-06  -7.9512685686e-21  -0.0000000000e+00  9.5544430288e-23
 4.4900000000e+02  8.6000000000e-01  6.0000000000e-01  1.1257425251e-06  -1.1257425251e-06  -7.9512685686e-21  -0.0000000000e+00  9.5544430288e-23
 4.5000000000e+02  8.7000000000e-01  6.0000000000e-01  1.1259420698e-06  -1.1259420698e-06  -7.9512685686e-21  -0.0000000000e+00  9.5544430288e-23
 4.5100000000e+02  8.8000000000e-01  6.0000000000e-01  1.1261416145e-06  -1.1261416145e-06  -7.9512685686e-21  -0.0000000000e+00  9.4257737754e-22
 4.5200000000e+02  8.9000000000e-01  6.0000000000e-01  1.1263411593e-06  -1.1263411593e-06  -7.9512685686e-21  -0.0000000000e+00  9.4257737754e-22
 4.5300000000e+02  9.0000000000e-01  6.0000000000e-01  1.1265407040e-06  -1.1265407040e-06  -7.9512685686e-21  -0.0000000000e+00  9.5544430288e-23
 4.5400000000e+02  9.1000000000e-01  6.0000000000e-01  1.1267402487e-06  -1.1267402487e-06  -7.9512685686e-21  -0.0000000000e+00  9.5544430288e-23
 4.5500000000e+02  9.2000000000e-01  6.0000000000e-01  1.1269397934e-06  -1.1269397934e-06  -7.9512685686e-21  -0.0000000000e+00  9.5544430288e-23
 4.5600000000e+02  9.3000000000e-01  6.0000000000e-01  1.1271393381e-06  -1.1271393381e-06  -7.9512685686e-21  -0.0000000000e+00  9.4257737754e-22
 4.5700000000e+02  9.4000000000e-01  6.0000000000e-01  1.1273388828e-06  -1.1273388828e-06  -7.9512685686e-21  -0.0000000000e+00  9.5544430288e-23
 4.5800000000e+02  9.5000000000e-01  6.0000000000e-01  1.1275384275e-06  -1.1275384275e-06  -7.9512685686e-21  -0.0000000000e+00  9.5544430288e-23
 4.5900000000e+02  9.6000000000e-01  6.0000000000e-01  1.1277379722e-06  -1.1277379722e-06  -7.9512685686e-21  -0.0000000000e+00  9.5544430288e-23
 4.6000000000e+02  9.7000000000e-01  6.0000000000e-01  1.1279375170e-06  -1.1279375170e-06  -7.9512685686e-21  -0.0000000000e+00  9.5544430288e-23
 4.6100000000e+02  9.8000000000e-01  6.0000000000e-01  1.1281370617e-06  -1.1281370617e-06  -7.9512685686e-21  -0.0000000000e+00  9.5544430288e-23
 4.6200000000e+02  9.9000000000e-01  6.0000000000e-01  1.1283366064e-06  -1.1283366064e-06  -7.9512685686e-21  -0.0000000000e+00  9.5544430288e-23
 4.6300000000e+02  1.0000000000e+00  6.0000000000e-01  1.1285361511e-06  -1.1285361511e-06  -7.9512685686e-21  -0.0000000000e+00  9.5544430288e-23
 4.6400000000e+02  1.0100000000e+00  6.0000000000e-01  1.1287356958e-06  -1.1287356958e-06  -7.9512685686e-21  -0.0000000000e+00  9.5544430288e-23
 4.6500000000e+02  1.0200000000e+00  6.0000000000e-01  1.1289352405e-06  -1.1289352405e-06  -7.9512685686e-21  -0.0000000000e+00  9.4257737754e-22
 4.6600000000e+02  1.0300000000e+00  6.0000000000e-01  1.1291347852e-06  -1.1291347852e-06  -7.9512685686e-21  -0.0000000000e+00  9.5544430288e-23
 4.6700000000e+02  1.0400000000e+00  6.0000000000e-01  1.1293343299e-06  -1.1293343299e-06  -7.9512685686e-21  -0.0000000000e+00  9.5544430288e-23
 4.6800000000e+02  1.0500000000e+00  6.0000000000e-01  1.1295338747e-06  -1.1295338747e-06  -7.9512685686e-21  -0.0000000000e+00  9.5544430288e-23
 4.6900000000e+02  1.0600000000e+00  6.0000000000e-01  1.1297334194e-06  -1.1297334194e-06  -7.9512685686e-21  -0.0000000000e+00  9.5544430288e-23
 4.7000000000e+02  1.0700000000e+00  6.0000000000e-01  1.1299329641e-06  -1.1299329641e-06  -7.9512685686e-21  -0.0000000000e+00  9.4257737754e-22
 4.7100000000e+02  1.0800000000e+00  6.0000000000e-01  1.1301325088e-06  -1.1301325088e-06  -7.9512685686e-21  -0.0000000000e+00  9.5544430288e-23
 4.7200000000e+02  1.0900000000e+00  6.0000000000e-01  1.1303320535e-06  -1.1303320535e-06  -7.9512685686e-21  -0.0000000000e+00  9.5544430288e-23
 4.7300000000e+02  1.1000000000e+00  6.0000000000e-01  1.1305315982e-06  -1.1305315982e-06  -7.9512685686e-21  -0.0000000000e+00  9.5544430288e-23
 4.7400000000e+02  1.1100000000e+00  6.0000000000e-01  1.1307311429e-06  -1.1307311429e-06  -7.9512685686e-21  -0.0000000000e+00  9.4257737754e-22
 4.7500000000e+02  1.1200000000e+00  6.0000000000e-01  1.1309306876e-06  -1.1309306876e-06  -7.9512685686e-21  -0.0000000000e+00  9.4257737754e-22
 4.7600000000e+02  1.1300000000e+00  6.0000000000e-01  1.1311302324e-06  -1.1311302324e-06  -7.9512685686e-21  -0.0000000000e+00  9.5544430288e-23
 4.7700000000e+02  1.1400000000e+00  6.0000000000e-01  1.1313297771e-06  -1.1313297771e-06  -7.9512685686e-21  -0.0000000000e+00  9.5544430288e-23
 4.7800000000e+02  1.1500000000e+00  6.0000000000e-01  1.1315293218e-06  -1.1315293218e-06  -7.9512685686e-21  -0.0000000000e+00  9.5544430288e-23
 4.7900000000e+02  1.1600000000e+00  6.0000000000e-01  1.1317288665e-06  -1.1317288665e-06  -7.9512685686e-21  -0.0000000000e+00  9.4257737754e-22
 4.8000000000e+02  1.1700000000e+00  6.0000000000e-01  1.1319284112e-06  -1.1319284112e-06  -7.9512685686e-21  -0.0000000000e+00  9.5544430288e-23
 4.8100000000e+02  1.1800000000e+00  6.0000000000e-01  1.1321279559e-06  -1.1321279559e-06  -7.9512685686e-21  -0.0000000000e+00  9.5544430288e-23
 4.8200000000e+02  1.1900000000e+00  6.0000000000e-01  1.1323275006e-06  -1.1323275006e-06  -7.9512685686e-21  -0.0000000000e+00  9.5544430288e-23
 4.8300000000e+02  1.2000000000e+00  6.0000000000e-01  1.1325270453e-06  -1.1325270453e-06  -7.9512685686e-21  -0.0000000000e+00  9.4257737754e-22
 4.8400000000e+02  0.0000000000e+00  8.0000000000e-01  -0.0000000000e+00  -0.0000000000e+00  -0.0000000000e+00  -0.0000000000e+00  0.0000000000e+00
 4.8500000000e+02  1.0000000000e-02  8.0000000000e-01  8.0458442732e-07  -8.0458442732e-07  -7.9512685686e-21  -0.0000000000e+00  1.0334688042e-23
 4.8600000000e+02  2.0000000000e-02  8.0000000000e-01  1.5810605046e-06  -1.5810605046e-06  -7.9512685686e-21  -0.0000000000e+00  9.5544430288e-23
 4.8700000000e+02  3.0000000000e-02  8.0000000000e-01  2.3294129026e-06  -2.3294129026e-06  -7.9512685686e-21  -0.0000000000e+00  9.5544430288e-23
 4.8800000000e+02  4.0000000000e-02  8.0000000000e-01  3.0496262918e-06  -3.0496262918e-06  -7.9512685686e-21  -0.0000000000e+00  3.2797204334e-22
 4.8900000000e+02  5.0000000000e-02  8.0000000000e-01  3.7416853429e-06  -3.7416853429e-06  -7.9512685686e-21  -0.0000000000e+00  9.4257737754e-22
 4.9000000000e+02  6.0000000000e-02  8.0000000000e-01  4.4055747264e-06  -4.4055747264e-06  -7.9512685686e-21  -0.0000000000e+00  1.1750049906e-21
 4.9100000000e+02  7.0000000000e-02  8.0000000000e-01  5.0412791132e-06  -5.0412791132e-06  -7.9512685686e-21  -0.0000000000e+00  3.2797204334e-22
 4.9200000000e+02  8.0000000000e-02  8.0000000000e-01  5.6487831736e-06  -5.6487831736e-06  -7.9512685686e-21  -0.0000000000e+00  3.2797204334e-22
 4.9300000000e+02  9.0000000000e-02  8.0000000000e-01  6.2280715785e-06  -6.2280715785e-06  -7.9512685686e-21  -0.0000000000e+00  3.2797204334e-22
 4.9400000000e+02  1.0000000000e-01  8.0000000000e-01  6.7791289983e-06  -6.7791289983e-06  -7.9512685686e-21  -0.0000000000e+00  3.2797204334e-22
 4.9500000000e+02  1.1000000000e-01  8.0000000000e-01  7.3019401038e-06  -7.3019401038e-06  -7.9512685686e-21  -0.0000000000e+00  5.1906090392e-22
 4.9600000000e+02  1.2000000000e-01  8.0000000000e-01  7.7964895656e-06  -7.7964895656e-06  -7.9512685686e-21  -0.0000000000e+00  5.1906090392e-22
 4.9700000000e+02  1.3000000000e-01  8.0000000000e-01  8.2627620543e-06  -8.2627620543e-06  -7.9512685686e-21  -0.0000000000e+00  5.1906090392e-22
 4.9800000000e+02  1.4000000000e-01  8.0000000000e-01  8.7007422404e-06  -8.7007422404e-06  -7.9512685686e-21  -0.0000000000e+00  5.1906090392e-22
 4.9900000000e+02  1.5000000000e-01  8.0000000000e-01  9.1104147947e-06  -9.1104147947e-06  -7.9512685686e-21  -0.0000000000e+00  5.1906090392e-22
 5.0000000000e+02  1.6000000000e-01  8.0000000000e-01  9.4917643878e-06  -9.4917643878e-06  -7.9512685686e-21  -0.0000000000e+00  5.1906090392e-22
 5.0100000000e+02  1.7000000000e-01  8.0000000000e-01  9.8447756903e-06  -9.8447756903e-06  -7.9512685686e-21  -0.0000000000e+00  5.1906090392e-22
 5.0200000000e+02  1.8000000000e-01  8.0000000000e-01  1.0169433373e-05  -1.0169433373e-05  -7.9512685686e-21  -0.0000000000e+00  7.9512685686e-21
 5.0300000000e+02  1.9000000000e-01  8.0000000000e-01  1.0465722106e-05  -1.0465722106e-05  -7.9512685686e-21  -0.0000000000e+00  2.2131267984e-21
 5.0400000000e+02  2.0000000000e-01  8.0000000000e-01  1.0733626560e-05  -1.0733626560e-05  -7.9512685686e-21  -0.0000000000e+00  2.2131267984e-21
 5.0500000000e+02  2.1000000000e-01  8.0000000000e-01  1.0973131407e-05  -1.0973131407e-05  -7.9512685686e-21  -0.0000000000e+00  2.2131267984e-21
 5.0600000000e+02  2.2000000000e-01  8.0000000000e-01  1.1184221316e-05  -1.1184221316e-05  -7.9512685686e-21  -0.0000000000e+00  2.2131267984e-21
 5.0700000000e+02  2.3000000000e-01  8.0000000000e-01  1.1366880958e-05  -1.1366880958e-05  -7.9512685686e-21  -0.0000000000e+00  2.2131267984e-21
 5.0800000000e+02  2.4000000000e-01  8.0000000000e-01  1.1521095003e-05  -1.1521095003e-05  -7.9512685686e-21  -0.0000000000e+00  2.2131267984e-21
 5.0900000000e+02  2.5000000000e-01  8.0000000000e-01  1.1646848124e-05  -1.1646848124e-05  -7.9512685686e-21  -0.0000000000e+00  2.2131267984e-21
 5.1000000000e+02  2.6000000000e-01  8.0000000000e-01  1.1744124989e-05  -1.1744124989e-05  -7.9512685686e-21  -0.0000000000e+00  7.9512685686e-21
 5.1100000000e+02  2.7000000000e-01  8.0000000000e-01  1.1812910270e-05  -1.1812910270e-05  -7.9512685686e-21  -0.0000000000e+00  2.2131267984e-21
 5.1200000000e+02  2.8000000000e-01  8.0000000000e-01  1.1853188637e-05  -1.1853188637e-05  -7.9512685686e-21  -0.0000000000e+00  2.2131267984e-21
 5.1300000000e+02  2.9000000000e-01  8.0000000000e-01  1.1865321138e-05  -1.1865321138e-05  -7.9512685686e-21  -0.0000000000e+00  2.2131267984e-21
 5.1400000000e+02  3.0000000000e-01  8.0000000000e-01  1.1867445805e-05  -1.1867445805e-05  -7.9512685686e-21  -0.0000000000e+00  2.2131267984e-21
 5.1500000000e+02  3.1000000000e-01  8.0000000000e-01  1.1869570472e-05  -1.1869570472e-05  -7.9512685686e-21  -0.0000000000e+00  2.2131267984e-21
 5.1600000000e+02  3.2000000000e-01  8.0000000000e-01  1.1871695139e-05  -1.1871695139e-05  -7.9512685686e-21  -0.0000000000e+00  2.2131267984e-21
 5.1700000000e+02  3.3000000000e-01  8.0000000000e-01  1.1873819806e-05  -1.1873819806e-05  -7.9512685686e-21  -0.0000000000e+00  2.2131267984e-21
 5.1800000000e+02  3.4000000000e-01  8.0000000000e-01  1.1875944473e-05  -1.1875944473e-05  -7.9512685686e-21  -0.0000000000e+00  2.2131267984e-21
 5.1900000000e+02  3.5000000000e-01  8.0000000000e-01  1.1878069140e-05  -1.1878069140e-05  -7.9512685686e-21  -0.0000000000e+00  2.2131267984e-21
 5.2000000000e+02  3.6000000000e-01  8.0000000000e-01  1.1880193807e-05  -1.1880193807e-05  -7.9512685686e-21  -0.0000000000e+00  2.2131267984e-21
 5.2100000000e+02  3.7000000000e-01  8.0000000000e-01  1.1882318474e-05  -1.1882318474e-05  -7.9512685686e-21  -0.0000000000e+00  2.2131267984e-21
 5.2200000000e+02  3.8000000000e-01  8.0000000000e-01  1.1884443141e-05  -1.1884443141e-05  -7.9512685686e-21  -0.0000000000e+00  2.2131267984e-21
 5.2300000000e+02  3.9000000000e-01  8.0000000000e-01  1.1886567808e-05  -1.1886567808e-05  -7.9512685686e-21  -0.0000000000e+00  2.2131267984e-21
 5.2400000000e+02  4.0000000000e-01  8.0000000000e-01  1.1888692475e-05  -1.1888692475e-05  -7.9512685686e-21  -0.0000000000e+00  2.2131267984e-21
 5.2500000000e+02  4.1000000000e-01  8.0000000000e-01  1.1890817142e-05  -1.1890817142e-05  -7.9512685686e-21  -0.0000000000e+00  2.2131267984e-21
 5.2600000000e+02  4.2000000000e-01  8.0000000000e-01  1.1892941809e-05  -1.1892941809e-05  -7.9512685686e-21  -0.0000000000e+00  2.2131267984e-21
 5.2700000000e+02  4.3000000000e-01  8.0000000000e-01  1.1895066477e-05  -1.1895066477e-05  -7.9512685686e-21  -0.0000000000e+00  2.2131267984e-21
 5.2800000000e+02  4.4000000000e-01  8.0000000000e-01  1.1897191144e-05  -1.1897191144e-05  -7.9512685686e-21  -0.0000000000e+00  2.2131267984e-21
 5.2900000000e+02  4.5000000000e-01  8.0000000000e-01  1.1899315811e-05  -1.1899315811e-05  -7.9512685686e-21  -0.0000000000e+00  7.9512685686e-21
 5.3000000000e+02  4.6000000000e-01  8.0000000000e-01  1.1901440478e-05  -1.1901440478e-05  -7.9512685686e-21  -0.0000000000e+00  2.2131267984e-21
 5.3100000000e+02  4.7000000000e-01  8.0000000000e-01  1.1903565145e-05  -1.1903565145e-05  -7.9512685686e-21  -0.0000000000e+00  2.2131267984e-21
 5.3200000000e+02  4.8000000000e-01  8.0000000000e-01  1.1905689812e-05  -1.1905689812e-05  -7.9512685686e-21  -0.0000000000e+00  2.2131267984e-21
 5.3300000000e+02  4.9000000000e-01  8.0000000000e-01  1.1907814479e-05  -1.1907814479e-05  -7.9512685686e-21  -0.0000000000e+00  7.9512685686e-21
 5.3400000000e+02  5.0000000000e-01  8.0000000000e-01  1.1909939146e-05  -1.1909939146e-05  -7.9512685686e-21  -0.0000000000e+00  7.9512685686e-21
 5.3500000000e+02  5.1000000000e-01  8.0000000000e-01  1.1912063813e-05  -1.1912063813e-05  -7.9512685686e-21  -0.0000000000e+00  2.2131267984e-21
 5.3600000000e+02  5.2000000000e-01  8.0000000000e-01  1.1914188480e-05  -1.1914188480e-05  -7.9512685686e-21  -0.0000000000e+00  5.1906090392e-22
 5.3700000000e+02  5.3000000000e-01  8.0000000000e-01  1.1916313147e-05  -1.1916313147e-05  -7.9512685686e-21  -0.0000000000e+00  7.9512685686e-21
 5.3800000000e+02  5.4000000000e-01  8.0000000000e-01  1.1918437814e-05  -1.1918437814e-05  -7.9512685686e-21  -0.0000000000e+00  7.9512685686e-21
 5.3900000000e+02  5.5000000000e-01  8.0000000000e-01  1.1920562481e-05  -1.1920562481e-05  -7.9512685686e-21  -0.0000000000e+00  2.2131267984e-21
 5.4000000000e+02  5.6000000000e-01  8.0000000000e-01  1.1922687148e-05  -1.1922687148e-05  -7.9512685686e-21  -0.0000000000e+00  2.2131267984e-21
 5.4100000000e+02  5.7000000000e-01  8.0000000000e-01  1.1924811815e-05  -1.1924811815e-05  -7.9512685686e-21  -0.0000000000e+00  5.1906090392e-22
 5.4200000000e+02  5.8000000000e-01  8.0000000000e-01  1.1926936482e-05  -1.1926936482e-05  -7.9512685686e-21  -0.0000000000e+00  2.2131267984e-21
 5.4300000000e+02  5.9000000000e-01  8.0000000000e-01  1.1929061149e-05  -1.1929061149e-05  -7.9512685686e-21  -0.0000000000e+00  2.2131267984e-21
 5.4400000000e+02  6.0000000000e-01  8.0000000000e-01  1.1931185816e-05  -1.1931185816e-05  -7.9512685686e-21  -0.0000000000e+00  7.9512685686e-21
 5.4500000000e+02  6.1000000000e-01  8.0000000000e-01  1.1933310483e-05  -1.1933310483e-05  -7.9512685686e-21  -0.0000000000e+00  2.2131267984e-21
 5.4600000000e+02  6.2000000000e-01  8.0000000000e-01  1.1935435151e-05  -1.1935435151e-05  -7.9512685686e-21  -0.0000000000e+00  5.1906090392e-22
 5.4700000000e+02  6.3000000000e-01  8.0000000000e-01  1.1937559818e-05  -1.1937559818e-05  -7.9512685686e-21  -0.0000000000e+00  2.2131267984e-21
 5.4800000000e+02  6.4000000000e-01  8.0000000000e-01  1.1939684485e-05  -1.1939684485e-05  -7.9512685686e-21  -0.0000000000e+00  7.9512685686e-21
 5.4900000000e+02  6.5000000000e-01  8.0000000000e-01  1.1941809152e-05  -1.1941809152e-05  -7.9512685686e-21  -0.0000000000e+00  2.2131267984e-21
 5.5000000000e+02  6.6000000000e-01  8.0000000000e-01  1.1943933819e-05  -1.1943933819e-05  -7.9512685686e-21  -0.0000000000e+00  2.2131267984e-21
 5.5100000000e+02  6.7000000000e-01  8.0000000000e-01  1.1946058486e-05  -1.1946058486e-05  -7.9512685686e-21  -0.0000000000e+00  2.2131267984e-21
 5.5200000000e+02  6.8000000000e-01  8.0000000000e-01  1.1948183153e-05  -1.1948183153e-05  -7.9512685686e-21  -0.0000000000e+00  2.2131267984e-21
 5.5300000000e+02  6.9000000000e-01  8.0000000000e-01  1.1950307820e-05  -1.1950307820e-05  -7.9512685686e-21  -0.0000000000e+00  2.2131267984e-21
 5.5400000000e+02  7.0000000000e-01  8.0000000000e-01  1.1952432487e-05  -1.1952432487e-05  -7.9512685686e-21  -0.0000000000e+00  2.2131267984e-21
 5.5500000000e+02  7.1000000000e-01  8.0000000000e-01  1.1954557154e-05  -1.1954557154e-05  -7.9512685686e-21  -0.0000000000e+00  2.2131267984e-21
 5.5600000000e+02  7.2000000000e-01  8.0000000000e-01  1.1956681821e-05  -1.1956681821e-05  -7.9512685686e-21  -0.0000000000e+00  2.2131267984e-21
 5.5700000000e+02  7.3000000000e-01  8.0000000000e-01  1.1958806488e-05  -1.1958806488e-05  -7.9512685686e-21  -0.0000000000e+00  2.2131267984e-21
 5.5800000000e+02  7.4000000000e-01  8.0000000000e-01  1.1960931155e-05  -1.1960931155e-05  -7.9512685686e-21  -0.0000000000e+00  7.9512685686e-21
 5.5900000000e+02  7.5000000000e-01  8.0000000000e-01  1.1963055822e-05  -1.1963055822e-05  -7.9512685686e-21  -0.0000000000e+00  2.2131267984e-21
 5.6000000000e+02  7.6000000000e-01  8.0000000000e-01  1.1965180489e-05  -1.1965180489e-05  -7.9512685686e-21  -0.0000000000e+00  2.2131267984e-21
 5.6100000000e+02  7.7000000000e-01  8.0000000000e-01  1.1967305156e-05  -1.1967305156e-05  -7.9512685686e-21  -0.0000000000e+00  2.2131267984e-21
 5.6200000000e+02  7.8000000000e-01  8.0000000000e-01  1.1969429823e-05  -1.1969429823e-05  -7.9512685686e-21  -0.0000000000e+00  7.9512685686e-21
 5.6300000000e+02  7.9000000000e-01  8.0000000000e-01  1.1971554490e-05  -1.1971554490e-05  -7.9512685686e-21  -0.0000000000e+00  7.9512685686e-21
 5.6400000000e+02  8.0000000000e-01  8.0000000000e-01  1.1973679157e-05  -1.1973679157e-05  -7.9512685686e-21  -0.0000000000e+00  2.2131267984e-21
 5.6500000000e+02  8.1000000000e-01  8.0000000000e-01  1.1975803825e-05  -1.1975803825e-05  -7.9512685686e-21  -0.0000000000e+00  2.2131267984e-21
 5.6600000000e+02  8.2000000000e-01  8.0000000000e-01  1.1977928492e-05  -1.1977928492e-05  -7.9512685686e-21  -0.0000000000e+00  2.2131267984e-21
 5.6700000000e+02  8.3000000000e-01  8.0000000000e-01  1.1980053159e-05  -1.1980053159e-05  -7.9512685686e-21  -0.0000000000e+00  2.2131267984e-21
 5.6800000000e+02  8.4000000000e-01  8.0000000000e-01  1.1982177826e-05  -1.1982177826e-05  -7.9512685686e-21  -0.0000000000e+00  7.9512685686e-21
 5.6900000000e+02  8.5000000000e-01  8.0000000000e-01  1.1984302493e-05  -1.1984302493e-05  -7.9512685686e-21  -0.0000000000e+00  2.2131267984e-21
 5.7000000000e+02  8.6000000000e-01  8.0000000000e-01  1.1986427160e-05  -1.1986427160e-05  -7.9512685686e-21  -0.0000000000e+00  2.2131267984e-21
 5.7100000000e+02  8.7000000000e-01  8.0000000000e-01  1.1988551827e-05  -1.1988551827e-05  -7.9512685686e-21  -0.0000000000e+00  2.2131267984e-21
 5.7200000000e+02  8.8000000000e-01  8.0000000000e-01  1.1990676494e-05  -1.1990676494e-05  -7.9512685686e-21  -0.0000000000e+00  5.1906090392e-22
 5.7300000000e+02  8.9000000000e-01  8.0000000000e-01  1.1992801161e-05  -1.1992801161e-05  -7.9512685686e-21  -0.0000000000e+00  7.9512685686e-21
 5.7400000000e+02  9.0000000000e-01  8.0000000000e-01  1.1994925828e-05  -1.1994925828e-05  -7.9512685686e-21  -0.0000000000e+00  2.2131267984e-21
 5.7500000000e+02  9.1000000000e-01  8.0000000000e-01  1.1997050495e-05  -1.1997050495e-05  -7.9512685686e-21  -0.0000000000e+00  2.2131267984e-21
 5.7600000000e+02  9.2000000000e-01  8.0000000000e-01  1.1999175162e-05  -1.1999175162e-05  -7.9512685686e-21  -0.0000000000e+00  2.2131267984e-21
 5.7700000000e+02  9.3000000000e-01  8.0000000000e-01  1.2001299829e-05  -1.2001299829e-05  -7.9512685686e-21  -0.0000000000e+00  5.1906090392e-22
 5.7800000000e+02  9.4000000000e-01  8.0000000000e-01  1.2003424496e-05  -1.2003424496e-05  -7.9512685686e-21  -0.0000000000e+00  2.2131267984e-21
 5.7900000000e+02  9.5000000000e-01  8.0000000000e-01  1.2005549163e-05  -1.2005549163e-05  -7.9512685686e-21  -0.0000000000e+00  2.2131267984e-21
 5.8000000000e+02  9.6000000000e-01  8.0000000000e-01  1.2007673830e-05  -1.2007673830e-05  -7.9512685686e-21  -0.0000000000e+00  2.2131267984e-21
 5.8100000000e+02  9.7000000000e-01  8.0000000000e-01  1.2009798497e-05  -1.2009798497e-05  -7.9512685686e-21  -0.0000000000e+00  2.2131267984e-21
 5.8200000000e+02  9.8000000000e-01  8.0000000000e-01  1.2011923164e-05  -1.2011923164e-05  -7.9512685686e-21  -0.0000000000e+00  7.9512685686e-21
 5.8300000000e+02  9.9000000000e-01  8.0000000000e-01  1.2014047831e-05  -1.2014047831e-05  -7.9512685686e-21  -0.0000000000e+00  7.9512685686e-21
 5.8400000000e+02  1.0000000000e+00  8.0000000000e-01  1.2016172499e-05  -1.2016172499e-05  -7.9512685686e-21  -0.0000000000e+00  2.2131267984e-21
 5.8500000000e+02  1.0100000000e+00  8.0000000000e-01  1.2018297166e-05  -1.2018297166e-05  -7.9512685686e-21  -0.0000000000e+00  2.2131267984e-21
 5.8600000000e+02  1.0200000000e+00  8.0000000000e-01  1.2020421833e-05  -1.2020421833e-05  -7.9512685686e-21  -0.0000000000e+00  2.2131267984e-21
 5.8700000000e+02  1.0300000000e+00  8.0000000000e-01  1.2022546500e-05  -1.2022546500e-05  -7.9512685686e-21  -0.0000000000e+00  7.9512685686e-21
 5.8800000000e+02  1.0400000000e+00  8.0000000000e-01  1.2024671167e-05  -1.2024671167e-05  -7.9512685686e-21  -0.0000000000e+00  5.1906090392e-22
 5.8900000000e+02  1.0500000000e+00  8.0000000000e-01  1.2026795834e-05  -1.2026795834e-05  -7.9512685686e-21  -0.0000000000e+00  2.2131267984e-21
 5.9000000000e+02  1.0600000000e+00  8.0000000000e-01  1.2028920501e-05  -1.2028920501e-05  -7.9512685686e-21  -0.0000000000e+00  2.2131267984e-21
 5.9100000000e+02  1.0700000000e+00  8.0000000000e-01  1.2031045168e-05  -1.2031045168e-05  -7.9512685686e-21  -0.0000000000e+00  2.2131267984e-21
 5.9200000000e+02  1.0800000000e+00  8.0000000000e-01  1.2033169835e-05  -1.2033169835e-05  -7.9512685686e-21  -0.0000000000e+00  2.2131267984e-21
 5.9300000000e+02  1.0900000000e+00  8.0000000000e-01  1.2035294502e-05  -1.2035294502e-05  -7.9512685686e-21  -0.0000000000e+00  7.9512685686e-21
 5.9400000000e+02  1.1000000000e+00  8.0000000000e-01  1.2037419169e-05  -1.2037419169e-05  -7.9512685686e-21  -0.0000000000e+00  2.2131267984e-21
 5.9500000000e+02  1.1100000000e+00  8.0000000000e-01  1.2039543836e-05  -1.2039543836e-05  -7.9512685686e-21  -0.0000000000e+00  2.2131267984e-21
 5.9600000000e+02  1.1200000000e+00  8.0000000000e-01  1.2041668503e-05  -1.2041668503e-05  -7.9512685686e-21  -0.0000000000e+00  2.2131267984e-21
 5.9700000000e+02  1.1300000000e+00  8.0000000000e-01  1.2043793170e-05  -1.2043793170e-05  -7.9512685686e-21  -0.0000000000e+00  2.2131267984e-21
 5.9800000000e+02  1.1400000000e+00  8.0000000000e-01  1.2045917837e-05  -1.2045917837e-05  -7.9512685686e-21  -0.0000000000e+00  5.1906090392e-22
 5.9900000000e+02  1.1500000000e+00  8.0000000000e-01  1.2048042504e-05  -1.2048042504e-05  -7.9512685686e-21  -0.0000000000e+00  2.2131267984e-21
 6.0000000000e+02  1.1600000000e+00  8.0000000000e-01  1.2050167171e-05  -1.2050167171e-05  -7.9512685686e-21  -0.0000000000e+00  2.2131267984e-21
 6.0100000000e+02  1.1700000000e+00  8.0000000000e-01  1.2052291838e-05  -1.2052291838e-05  -7.9512685686e-21  -0.0000000000e+00  2.2131267984e-21
 6.0200000000e+02  1.1800000000e+00  8.0000000000e-01  1.2054416505e-05  -1.2054416505e-05  -7.9512685686e-21  -0.0000000000e+00  2.2131267984e-21
 6.0300000000e+02  1.1900000000e+00  8.0000000000e-01  1.2056541173e-05  -1.2056541173e-05  -7.9512685686e-21  -0.0000000000e+00  2.2131267984e-21
 6.0400000000e+02  1.2000000000e+00  8.0000000000e-01  1.2058665840e-05  -1.2058665840e-05  -7.9512685686e-21  -0.0000000000e+00  2.2131267984e-21
 6.0500000000e+02  0.0000000000e+00  1.0000000000e+00  -0.0000000000e+00  -0.0000000000e+00  -0.0000000000e+00  -0.0000000000e+00  0.0000000000e+00
 6.0600000000e+02  1.0000000000e-02  1.0000000000e+00  1.3724411969e-06  -1.3724411969e-06  -7.9512685686e-21  -0.0000000000e+00  9.5544430364e-23
 6.0700000000e+02  2.0000000000e-02  1.0000000000e+00  2.7169784353e-06  -2.7169784353e-06  -7.9512685686e-21  -0.0000000000e+00  9.5544430288e-23
 6.0800000000e+02  3.0000000000e-02  1.0000000000e+00  4.0335963861e-06  -4.0335963861e-06  -7.9512685686e-21  -0.0000000000e+00  3.2797204334e-22
 6.0900000000e+02  4.0000000000e-02  1.0000000000e+00  5.3222797198e-06  -5.3222797198e-06  -7.9512685686e-21  -0.0000000000e+00  3.2797204334e-22
 6.1000000000e+02  5.0000000000e-02  1.0000000000e+00  6.5830131070e-06  -6.5830131070e-06  -7.9512685686e-21  -0.0000000000e+00  3.2797204334e-22
 6.1100000000e+02  6.0000000000e-02  1.0000000000e+00  7.8157812183e-06  -7.8157812183e-06  -7.9512685686e-21  -0.0000000000e+00  5.1906090392e-22
 6.1200000000e+02  7.0000000000e-02  1.0000000000e+00  9.0205687244e-06  -9.0205687244e-06  -7.9512685686e-21  -0.0000000000e+00  5.1906090392e-22
 6.1300000000e+02  8.0000000000e-02  1.0000000000e+00  1.0197360296e-05  -1.0197360296e-05  -7.9512685686e-21  -0.0000000000e+00  2.2131267984e-21
 6.1400000000e+02  9.0000000000e-02  1.0000000000e+00  1.1346140604e-05  -1.1346140604e-05  -7.9512685686e-21  -0.0000000000e+00  2.2131267984e-21
 6.1500000000e+02  1.0000000000e-01  1.0000000000e+00  1.2466894318e-05  -1.2466894318e-05  -7.9512685686e-21  -0.0000000000e+00  5.1906090392e-22
 6.1600000000e+02  1.1000000000e-01  1.0000000000e+00  1.3559606109e-05  -1.3559606109e-05  -7.9512685686e-21  -0.0000000000e+00  2.2131267984e-21
 6.1700000000e+02  1.2000000000e-01  1.0000000000e+00  1.4624260649e-05  -1.4624260649e-05  -7.9512685686e-21  -0.0000000000e+00  2.2131267984e-21
 6.1800000000e+02  1.3000000000e-01  1.0000000000e+00  1.5660842607e-05  -1.5660842607e-05  -7.9512685686e-21  -0.0000000000e+00  2.2131267984e-21
 6.1900000000e+02  1.4000000000e-01  1.0000000000e+00  1.6669336654e-05  -1.6669336654e-05  -7.9512685686e-21  -0.0000000000e+00  7.9512685686e-21
 6.2000000000e+02  1.5000000000e-01  1.0000000000e+00  1.7649727461e-05  -1.7649727461e-05  -7.9512685686e-21  -0.0000000000e+00  2.2131267984e-21
 6.2100000000e+02  1.6000000000e-01  1.0000000000e+00  1.8601999698e-05  -1.8601999698e-05  -7.9512685686e-21  -0.0000000000e+00  2.2131267984e-21
 6.2200000000e+02  1.7000000000e-01  1.0000000000e+00  1.9526138036e-05  -1.9526138036e-05  -7.9512685686e-21  -0.0000000000e+00  2.2131267984e-21
 6.2300000000e+02  1.8000000000e-01  1.0000000000e+00  2.0422127146e-05  -2.0422127146e-05  -7.9512685686e-21  -0.0000000000e+00  2.2131267984e-21
 6.2400000000e+02  1.9000000000e-01  1.0000000000e+00  2.1289951699e-05  -2.1289951699e-05  -7.9512685686e-21  -0.0000000000e+00  7.9512685686e-21
 6.2500000000e+02  2.0000000000e-01  1.0000000000e+00  2.2129596364e-05  -2.2129596364e-05  -7.9512685686e-21  -0.0000000000e+00  2.2131267984e-21
 6.2600000000e+02  2.1000000000e-01  1.0000000000e+00  2.2941045813e-05  -2.2941045813e-05  -7.9512685686e-21  -0.0000000000e+00  2.2131267984e-21
 6.2700000000e+02  2.2000000000e-01  1.0000000000e+00  2.3724284716e-05  -2.3724284716e-05  -7.9512685686e-21  -0.0000000000e+00  2.2131267984e-21
 6.2800000000e+02  2.3000000000e-01  1.0000000000e+00  2.4479297743e-05  -2.4479297743e-05  -7.9512685686e-21  -0.0000000000e+00  2.2131267984e-21
 6.2900000000e+02  2.4000000000e-01  1.0000000000e+00  2.5206069567e-05  -2.5206069567e-05  -7.9512685686e-21  -0.0000000000e+00  2.2131267984e-21
 6.3000000000e+02  2.5000000000e-01  1.0000000000e+00  2.5904584856e-05  -2.5904584856e-05  -7.9512685686e-21  -0.0000000000e+00  2.2131267984e-21
 6.3100000000e+02  2.6000000000e-01  1.0000000000e+00  2.6574828282e-05  -2.6574828282e-05  -7.9512685686e-21  -0.0000000000e+00  7.9512685686e-21
 6.3200000000e+02  2.7000000000e-01  1.0000000000e+00  2.7216784515e-05  -2.7216784515e-05  -7.9512685686e-21  -0.0000000000e+00  2.2131267984e-21
 6.3300000000e+02  2.8000000000e-01  1.0000000000e+00  2.7830438226e-05  -2.7830438226e-05  -7.9512685686e-21  -0.0000000000e+00  2.2131267984e-21
 6.3400000000e+02  2.9000000000e-01  1.0000000000e+00  2.8415774086e-05  -2.8415774086e-05  -7.9512685686e-21  -0.0000000000e+00  7.9512685686e-21
 6.3500000000e+02  3.0000000000e-01  1.0000000000e+00  2.8972776765e-05  -2.8972776765e-05  -7.9512685686e-21  -0.0000000000e+00  2.2131267984e-21
 6.3600000000e+02  3.1000000000e-01  1.0000000000e+00  2.9501430933e-05  -2.9501430933e-05  -7.9512685686e-21  -0.0000000000e+00  2.2131267984e-21
 6.3700000000e+02  3.2000000000e-01  1.0000000000e+00  3.0001721263e-05  -3.0001721263e-05  -7.9512685686e-21  -0.0000000000e+00  7.9512685686e-21
 6.3800000000e+02  3.3000000000e-01  1.0000000000e+00  3.0473632423e-05  -3.0473632423e-05  -7.9512685686e-21  -0.0000000000e+00  2.2131267984e-21
 6.3900000000e+02  3.4000000000e-01  1.0000000000e+00  3.0917149085e-05  -3.0917149085e-05  -7.9512685686e-21  -0.0000000000e+00  5.6012585874e-21
 6.4000000000e+02  3.5000000000e-01  1.0000000000e+00  3.1332255919e-05  -3.1332255919e-05  -7.9512685686e-21  -0.0000000000e+00  7.9512685686e-21
 6.4100000000e+02  3.6000000000e-01  1.0000000000e+00  3.1718937596e-05  -3.1718937596e-05  -7.9512685686e-21  -0.0000000000e+00  7.9512685686e-21
 6.4200000000e+02  3.7000000000e-01  1.0000000000e+00  3.2077178787e-05  -3.2077178787e-05  -7.9512685686e-21  -0.0000000000e+00  5.6012585874e-21
 6.4300000000e+02  3.8000000000e-01  1.0000000000e+00  3.2406964162e-05  -3.2406964162e-05  -7.9512685686e-21  -0.0000000000e+00  1.1750049906e-21
 6.4400000000e+02  3.9000000000e-01  1.0000000000e+00  3.2708278392e-05  -3.2708278392e-05  -7.9512685686e-21  -0.0000000000e+00  7.9512685686e-21
 6.4500000000e+02  4.0000000000e-01  1.0000000000e+00  3.2981106147e-05  -3.2981106147e-05  -7.9512685686e-21  -0.0000000000e+00  5.6012585874e-21
 6.4600000000e+02  4.1000000000e-01  1.0000000000e+00  3.3225432098e-05  -3.3225432098e-05  -7.9512685686e-21  -0.0000000000e+00  7.9512685686e-21
 6.4700000000e+02  4.2000000000e-01  1.0000000000e+00  3.3441240916e-05  -3.3441240916e-05  -7.9512685686e-21  -0.0000000000e+00  1.1750049906e-21
 6.4800000000e+02  4.3000000000e-01  1.0000000000e+00  3.3628517272e-05  -3.3628517272e-05  -7.9512685686e-21  -0.0000000000e+00  5.6012585874e-21
 6.4900000000e+02  4.4000000000e-01  1.0000000000e+00  3.3787245835e-05  -3.3787245835e-05  -7.9512685686e-21  -0.0000000000e+00  7.9512685686e-21
 6.5000000000e+02  4.5000000000e-01  1.0000000000e+00  3.3917411277e-05  -3.3917411277e-05  -7.9512685686e-21  -0.0000000000e+00  1.1750049906e-21
 6.5100000000e+02  4.6000000000e-01  1.0000000000e+00  3.4018998268e-05  -3.4018998268e-05  -7.9512685686e-21  -0.0000000000e+00  5.6012585874e-21
 6.5200000000e+02  4.7000000000e-01  1.0000000000e+00  3.4091991479e-05  -3.4091991479e-05  -7.9512685686e-21  -0.0000000000e+00  5.6012585874e-21
 6.5300000000e+02  4.8000000000e-01  1.0000000000e+00  3.4136375581e-05  -3.4136375581e-05  -7.9512685686e-21  -0.0000000000e+00  1.1750049906e-21
 6.5400000000e+02  4.9000000000e-01  1.0000000000e+00  3.4152512968e-05  -3.4152512968e-05  -7.9512685686e-21  -0.0000000000e+00  5.6012585874e-21
 6.5500000000e+02  5.0000000000e-01  1.0000000000e+00  3.4158606674e-05  -3.4158606674e-05  -7.9512685686e-21  -0.0000000000e+00  1.1750049906e-21
 6.5600000000e+02  5.1000000000e-01  1.0000000000e+00  3.4164700379e-05  -3.4164700379e-05  -7.9512685686e-21  -0.0000000000e+00  1.1750049906e-21
 6.5700000000e+02  5.2000000000e-01  1.0000000000e+00  3.4170794085e-05  -3.4170794085e-05  -7.9512685686e-21  -0.0000000000e+00  1.1750049906e-21
 6.5800000000e+02  5.3000000000e-01  1.0000000000e+00  3.4176887791e-05  -3.4176887791e-05  -7.9512685686e-21  -0.0000000000e+00  5.6012585874e-21
 6.5900000000e+02  5.4000000000e-01  1.0000000000e+00  3.4182981497e-05  -3.4182981497e-05  -7.9512685686e-21  -0.0000000000e+00  1.1750049906e-21
 6.6000000000e+02  5.5000000000e-01  1.0000000000e+00  3.4189075203e-05  -3.4189075203e-05  -7.9512685686e-21  -0.0000000000e+00  7.9512685686e-21
 6.6100000000e+02  5.6000000000e-01  1.0000000000e+00  3.4195168909e-05  -3.4195168909e-05  -7.9512685686e-21  -0.0000000000e+00  1.1750049906e-21
 6.6200000000e+02  5.7000000000e-01  1.0000000000e+00  3.4201262615e-05  -3.4201262615e-05  -7.9512685686e-21  -0.0000000000e+00  5.6012585874e-21
 6.6300000000e+02  5.8000000000e-01  1.0000000000e+00  3.4207356321e-05  -3.4207356321e-05  -7.9512685686e-21  -0.0000000000e+00  5.6012585874e-21
 6.6400000000e+02  5.9000000000e-01  1.0000000000e+00  3.4213450026e-05  -3.4213450026e-05  -7.9512685686e-21  -0.0000000000e+00  5.6012585874e-21
 6.6500000000e+02  6.0000000000e-01  1.0000000000e+00  3.4219543732e-05  -3.4219543732e-05  -7.9512685686e-21  -0.0000000000e+00  5.6012585874e-21
 6.6600000000e+02  6.1000000000e-01  1.0000000000e+00  3.4225637438e-05  -3.4225637438e-05  -7.9512685686e-21  -0.0000000000e+00  5.6012585874e-21
 6.6700000000e+02  6.2000000000e-01  1.0000000000e+00  3.4231731144e-05  -3.4231731144e-05  -7.9512685686e-21  -0.0000000000e+00  5.6012585874e-21
 6.6800000000e+02  6.3000000000e-01  1.0000000000e+00  3.4237824850e-05  -3.4237824850e-05  -7.9512685686e-21  -0.0000000000e+00  7.9512685686e-21
 6.6900000000e+02  6.4000000000e-01  1.0000000000e+00  3.4243918556e-05  -3.4243918556e-05  -7.9512685686e-21  -0.0000000000e+00  7.9512685686e-21
 6.7000000000e+02  6.5000000000e-01  1.0000000000e+00  3.4250012262e-05  -3.4250012262e-05  -7.9512685686e-21  -0.0000000000e+00  5.6012585874e-21
 6.7100000000e+02  6.6000000000e-01  1.0000000000e+00  3.4256105967e-05  -3.4256105967e-05  -7.9512685686e-21  -0.0000000000e+00  1.1750049906e-21
 6.7200000000e+02  6.7000000000e-01  1.0000000000e+00  3.4262199673e-05  -3.4262199673e-05  -7.9512685686e-21  -0.0000000000e+00  1.1750049906e-21
 6.7300000000e+02  6.8000000000e-01  1.0000000000e+00  3.4268293379e-05  -3.4268293379e-05  -7.9512685686e-21  -0.0000000000e+00  7.9512685686e-21
 6.7400000000e+02  6.9000000000e-01  1.0000000000e+00  3.4274387085e-05  -3.4274387085e-05  -7.9512685686e-21  -0.0000000000e+00  1.1750049906e-21
 6.7500000000e+02  7.0000000000e-01  1.0000000000e+00  3.4280480791e-05  -3.4280480791e-05  -7.9512685686e-21  -0.0000000000e+00  1.1750049906e-21
 6.7600000000e+02  7.1000000000e-01  1.0000000000e+00  3.4286574497e-05  -3.4286574497e-05  -7.9512685686e-21  -0.0000000000e+00  5.6012585874e-21
 6.7700000000e+02  7.2000000000e-01  1.0000000000e+00  3.4292668203e-05  -3.4292668203e-05  -7.9512685686e-21  -0.0000000000e+00  1.1750049906e-21
 6.7800000000e+02  7.3000000000e-01  1.0000000000e+00  3.4298761908e-05  -3.4298761908e-05  -7.9512685686e-21  -0.0000000000e+00  1.1750049906e-21
 6.7900000000e+02  7.4000000000e-01  1.0000000000e+00  3.4304855614e-05  -3.4304855614e-05  -7.9512685686e-21  -0.0000000000e+00  5.6012585874e-21
 6.8000000000e+02  7.5000000000e-01  1.0000000000e+00  3.4310949320e-05  -3.4310949320e-05  -7.9512685686e-21  -0.0000000000e+00  5.6012585874e-21
 6.8100000000e+02  7.6000000000e-01  1.0000000000e+00  3.4317043026e-05  -3.4317043026e-05  -7.9512685686e-21  -0.0000000000e+00  1.1750049906e-21
 6.8200000000e+02  7.7000000000e-01  1.0000000000e+00  3.4323136732e-05  -3.4323136732e-05  -7.9512685686e-21  -0.0000000000e+00  1.1750049906e-21
 6.8300000000e+02  7.8000000000e-01  1.0000000000e+00  3.4329230438e-05  -3.4329230438e-05  -7.9512685686e-21  -0.0000000000e+00  7.9512685686e-21
 6.8400000000e+02  7.9000000000e-01  1.0000000000e+00  3.4335324144e-05  -3.4335324144e-05  -7.9512685686e-21  -0.0000000000e+00  1.1750049906e-21
 6.8500000000e+02  8.0000000000e-01  1.0000000000e+00  3.4341417849e-05  -3.4341417849e-05  -7.9512685686e-21  -0.0000000000e+00  7.9512685686e-21
 6.8600000000e+02  8.1000000000e-01  1.0000000000e+00  3.4347511555e-05  -3.4347511555e-05  -7.9512685686e-21  -0.0000000000e+00  7.9512685686e-21
 6.8700000000e+02  8.2000000000e-01  1.0000000000e+00  3.4353605261e-05  -3.4353605261e-05  -7.9512685686e-21  -0.0000000000e+00  1.1750049906e-21
 6.8800000000e+02  8.3000000000e-01  1.0000000000e+00  3.4359698967e-05  -3.4359698967e-05  -7.9512685686e-21  -0.0000000000e+00  7.9512685686e-21
 6.8900000000e+02  8.4000000000e-01  1.0000000000e+00  3.4365792673e-05  -3.4365792673e-05  -7.9512685686e-21  -0.0000000000e+00  7.9512685686e-21
 6.9000000000e+02  8.5000000000e-01  1.0000000000e+00  3.4371886379e-05  -3.4371886379e-05  -7.9512685686e-21  -0.0000000000e+00  1.1750049906e-21
 6.9100000000e+02  8.6000000000e-01  1.0000000000e+00  3.4377980085e-05  -3.4377980085e-05  -7.9512685686e-21  -0.0000000000e+00  5.6012585874e-21
 6.9200000000e+02  8.7000000000e-01  1.0000000000e+00  3.4384073790e-05  -3.4384073790e-05  -7.9512685686e-21  -0.0000000000e+00  5.6012585874e-21
 6.9300000000e+02  8.8000000000e-01  1.0000000000e+00  3.4390167496e-05  -3.4390167496e-05  -7.9512685686e-21  -0.0000000000e+00  1.1750049906e-21
 6.9400000000e+02  8.9000000000e-01  1.0000000000e+00  3.4396261202e-05  -3.4396261202e-05  -7.9512685686e-21  -0.0000000000e+00  1.1750049906e-21
 6.9500000000e+02  9.0000000000e-01  1.0000000000e+00  3.4402354908e-05  -3.4402354908e-05  -7.9512685686e-21  -0.0000000000e+00  1.1750049906e-21
 6.9600000000e+02  9.1000000000e-01  1.0000000000e+00  3.4408448614e-05  -3.4408448614e-05  -7.9512685686e-21  -0.0000000000e+00  1.1750049906e-21
 6.9700000000e+02  9.2000000000e-01  1.0000000000e+00  3.4414542320e-05  -3.4414542320e-05  -7.9512685686e-21  -0.0000000000e+00  1.1750049906e-21
 6.9800000000e+02  9.3000000000e-01  1.0000000000e+00  3.4420636026e-05  -3.4420636026e-05  -7.9512685686e-21  -0.0000000000e+00  1.1750049906e-21
 6.9900000000e+02  9.4000000000e-01  1.0000000000e+00  3.4426729731e-05  -3.4426729731e-05  -7.9512685686e-21  -0.0000000000e+00  7.9512685686e-21
 7.0000000000e+02  9.5000000000e-01  1.0000000000e+00  3.4432823437e-05  -3.4432823437e-05  -7.9512685686e-21  -0.0000000000e+00  5.6012585874e-21
 7.0100000000e+02  9.6000000000e-01  1.0000000000e+00  3.4438917143e-05  -3.4438917143e-05  -7.9512685686e-21  -0.0000000000e+00  5.6012585874e-21
 7.0200000000e+02  9.7000000000e-01  1.0000000000e+00  3.4445010849e-05  -3.4445010849e-05  -7.9512685686e-21  -0.0000000000e+00  7.9512685686e-21
 7.0300000000e+02  9.8000000000e-01  1.0000000000e+00  3.4451104555e-05  -3.4451104555e-05  -7.9512685686e-21  -0.0000000000e+00  5.6012585874e-21
 7.0400000000e+02  9.9000000000e-01  1.0000000000e+00  3.4457198261e-05  -3.4457198261e-05  -7.9512685686e-21  -0.0000000000e+00  5.6012585874e-21
 7.0500000000e+02  1.0000000000e+00  1.0000000000e+00  3.4463291967e-05  -3.4463291967e-05  -7.9512685686e-21  -0.0000000000e+00  7.9512685686e-21
 7.0600000000e+02  1.0100000000e+00  1.0000000000e+00  3.4469385672e-05  -3.4469385672e-05  -7.9512685686e-21  -0.0000000000e+00  5.6012585874e-21
 7.0700000000e+02  1.0200000000e+00  1.0000000000e+00  3.4475479378e-05  -3.4475479378e-05  -7.9512685686e-21  -0.0000000000e+00  5.6012585874e-21
 7.0800000000e+02  1.0300000000e+00  1.0000000000e+00  3.4481573084e-05  -3.4481573084e-05  -7.9512685686e-21  -0.0000000000e+00  7.9512685686e-21
 7.0900000000e+02  1.0400000000e+00  1.0000000000e+00  3.4487666790e-05  -3.4487666790e-05  -7.9512685686e-21  -0.0000000000e+00  5.6012585874e-21
 7.1000000000e+02  1.0500000000e+00  1.0000000000e+00  3.4493760496e-05  -3.4493760496e-05  -7.9512685686e-21  -0.0000000000e+00  7.9512685686e-21
 7.1100000000e+02  1.0600000000e+00  1.0000000000e+00  3.4499854202e-05  -3.4499854202e-05  -7.9512685686e-21  -0.0000000000e+00  7.9512685686e-21
 7.1200000000e+02  1.0700000000e+00  1.0000000000e+00  3.4505947908e-05  -3.4505947908e-05  -7.9512685686e-21  -0.0000000000e+00  5.6012585874e-21
 7.1300000000e+02  1.0800000000e+00  1.0000000000e+00  3.4512041613e-05  -3.4512041613e-05  -7.9512685686e-21  -0.0000000000e+00  5.6012585874e-21
 7.1400000000e+02  1.0900000000e+00  1.0000000000e+00  3.4518135319e-05  -3.4518135319e-05  -7.9512685686e-21  -0.0000000000e+00  1.1750049906e-21
 7.1500000000e+02  1.1000000000e+00  1.0000000000e+00  3.4524229025e-05  -3.4524229025e-05  -7.9512685686e-21  -0.0000000000e+00  1.1750049906e-21
 7.1600000000e+02  1.1100000000e+00  1.0000000000e+00  3.4530322731e-05  -3.4530322731e-05  -7.9512685686e-21  -0.0000000000e+00  1.1750049906e-21
 7.1700000000e+02  1.1200000000e+00  1.0000000000e+00  3.4536416437e-05  -3.4536416437e-05  -7.9512685686e-21  -0.0000000000e+00  1.1750049906e-21
 7.1800000000e+02  1.1300000000e+00  1.0000000000e+00  3.4542510143e-05  -3.4542510143e-05  -7.9512685686e-21  -0.0000000000e+00  5.6012585874e-21
 7.1900000000e+02  1.1400000000e+00  1.0000000000e+00  3.4548603849e-05  -3.4548603849e-05  -7.9512685686e-21  -0.0000000000e+00  1.1750049906e-21
 7.2000000000e+02  1.1500000000e+00  1.0000000000e+00  3.4554697554e-05  -3.4554697554e-05  -7.9512685686e-21  -0.0000000000e+00  1.1750049906e-21
 7.2100000000e+02  1.1600000000e+00  1.0000000000e+00  3.4560791260e-05  -3.4560791260e-05  -7.9512685686e-21  -0.0000000000e+00  5.6012585874e-21
 7.2200000000e+02  1.1700000000e+00  1.0000000000e+00  3.4566884966e-05  -3.4566884966e-05  -7.9512685686e-21  -0.0000000000e+00  5.6012585874e-21
 7.2300000000e+02  1.1800000000e+00  1.0000000000e+00  3.4572978672e-05  -3.4572978672e-05  -7.9512685686e-21  -0.0000000000e+00  1.1750049906e-21
 7.2400000000e+02  1.1900000000e+00  1.0000000000e+00  3.4579072378e-05  -3.4579072378e-05  -7.9512685686e-21  -0.0000000000e+00  7.9512685686e-21
 7.2500000000e+02  1.2000000000e+00  1.0000000000e+00  3.4585166084e-05  -3.4585166084e-05  -7.9512685686e-21  -0.0000000000e+00  7.9512685686e-21
 7.2600000000e+02  0.0000000000e+00  1.2000000000e+00  -0.0000000000e+00  -0.0000000000e+00  -0.0000000000e+00  -0.0000000000e+00  0.0000000000e+00
 7.2700000000e+02  1.0000000000e-02  1.2000000000e+00  1.9402979664e-06  -1.9402979664e-06  -7.9512685686e-21  -0.0000000000e+00  9.5544430364e-23
 7.2800000000e+02  2.0000000000e-02  1.2000000000e+00  3.8528963660e-06  -3.8528963660e-06  -7.9512685686e-21  -0.0000000000e+00  3.2797204334e-22
 7.2900000000e+02  3.0000000000e-02  1.2000000000e+00  5.7377798696e-06  -5.7377798696e-06  -7.9512685686e-21  -0.0000000000e+00  1.1750049906e-21
 7.3000000000e+02  4.0000000000e-02  1.2000000000e+00  7.5949331478e-06  -7.5949331478e-06  -7.9512685686e-21  -0.0000000000e+00  3.2797204334e-22
 7.3100000000e+02  5.0000000000e-02  1.2000000000e+00  9.4243408711e-06  -9.4243408711e-06  -7.9512685686e-21  -0.0000000000e+00  5.1906090392e-22
 7.3200000000e+02  6.0000000000e-02  1.2000000000e+00  1.1225987710e-05  -1.1225987710e-05  -7.9512685686e-21  -0.0000000000e+00  2.2131267984e-21
 7.3300000000e+02  7.0000000000e-02  1.2000000000e+00  1.2999858336e-05  -1.2999858336e-05  -7.9512685686e-21  -0.0000000000e+00  2.2131267984e-21
 7.3400000000e+02  8.0000000000e-02  1.2000000000e+00  1.4745937418e-05  -1.4745937418e-05  -7.9512685686e-21  -0.0000000000e+00  2.2131267984e-21
 7.3500000000e+02  9.0000000000e-02  1.2000000000e+00  1.6464209629e-05  -1.6464209629e-05  -7.9512685686e-21  -0.0000000000e+00  2.2131267984e-21
 7.3600000000e+02  1.0000000000e-01  1.2000000000e+00  1.8154659637e-05  -1.8154659637e-05  -7.9512685686e-21  -0.0000000000e+00  7.9512685686e-21
 7.3700000000e+02  1.1000000000e-01  1.2000000000e+00  1.9817272115e-05  -1.9817272115e-05  -7.9512685686e-21  -0.0000000000e+00  2.2131267984e-21
 7.3800000000e+02  1.2000000000e-01  1.2000000000e+00  2.1452031732e-05  -2.1452031732e-05  -7.9512685686e-21  -0.0000000000e+00  7.9512685686e-21
 7.3900000000e+02  1.3000000000e-01  1.2000000000e+00  2.3058923159e-05  -2.3058923159e-05  -7.9512685686e-21  -0.0000000000e+00  2.2131267984e-21
 7.4000000000e+02  1.4000000000e-01  1.2000000000e+00  2.4637931067e-05  -2.4637931067e-05  -7.9512685686e-21  -0.0000000000e+00  2.2131267984e-21
 7.4100000000e+02  1.5000000000e-01  1.2000000000e+00  2.6189040126e-05  -2.6189040126e-05  -7.9512685686e-21  -0.0000000000e+00  7.9512685686e-21
 7.4200000000e+02  1.6000000000e-01  1.2000000000e+00  2.7712235008e-05  -2.7712235008e-05  -7.9512685686e-21  -0.0000000000e+00  2.2131267984e-21
 7.4300000000e+02  1.7000000000e-01  1.2000000000e+00  2.9207500382e-05  -2.9207500382e-05  -7.9512685686e-21  -0.0000000000e+00  7.9512685686e-21
 7.4400000000e+02  1.8000000000e-01  1.2000000000e+00  3.0674820920e-05  -3.0674820920e-05  -7.9512685686e-21  -0.0000000000e+00  1.1750049906e-21
 7.4500000000e+02  1.9000000000e-01  1.2000000000e+00  3.2114181291e-05  -3.2114181291e-05  -7.9512685686e-21  -0.0000000000e+00  5.6012585874e-21
 7.4600000000e+02  2.0000000000e-01  1.2000000000e+00  3.3525566167e-05  -3.3525566167e-05  -7.9512685686e-21  -0.0000000000e+00  5.6012585874e-21
 7.4700000000e+02  2.1000000000e-01  1.2000000000e+00  3.4908960218e-05  -3.4908960218e-05  -7.9512685686e-21  -0.0000000000e+00  5.6012585874e-21
 7.4800000000e+02  2.2000000000e-01  1.2000000000e+00  3.6264348116e-05  -3.6264348116e-05  -7.9512685686e-21  -0.0000000000e+00  5.6012585874e-21
 7.4900000000e+02  2.3000000000e-01  1.2000000000e+00  3.7591714529e-05  -3.7591714529e-05  -7.9512685686e-21  -0.0000000000e+00  7.9512685686e-21
 7.5000000000e+02  2.4000000000e-01  1.2000000000e+00  3.8891044130e-05  -3.8891044130e-05  -7.9512685686e-21  -0.0000000000e+00  1.1750049906e-21
 7.5100000000e+02  2.5000000000e-01  1.2000000000e+00  4.0162321588e-05  -4.0162321588e-05  -7.9512685686e-21  -0.0000000000e+00  1.1750049906e-21
 7.5200000000e+02  2.6000000000e-01  1.2000000000e+00  4.1405531575e-05  -4.1405531575e-05  -7.9512685686e-21  -0.0000000000e+00  1.1750049906e-21
 7.5300000000e+02  2.7000000000e-01  1.2000000000e+00  4.2620658760e-05  -4.2620658760e-05  -7.9512685686e-21  -0.0000000000e+00  5.6012585874e-21
 7.5400000000e+02  2.8000000000e-01  1.2000000000e+00  4.3807687815e-05  -4.3807687815e-05  -7.9512685686e-21  -0.0000000000e+00  7.9512685686e-21
 7.5500000000e+02  2.9000000000e-01  1.2000000000e+00  4.4966603411e-05  -4.4966603411e-05  -7.9512685686e-21  -0.0000000000e+00  7.9512685686e-21
 7.5600000000e+02  3.0000000000e-01  1.2000000000e+00  4.6097390217e-05  -4.6097390217e-05  -7.9512685686e-21  -0.0000000000e+00  5.6012585874e-21
 7.5700000000e+02  3.1000000000e-01  1.2000000000e+00  4.7200032905e-05  -4.7200032905e-05  -7.9512685686e-21  -0.0000000000e+00  1.1750049906e-21
 7.5800000000e+02  3.2000000000e-01  1.2000000000e+00  4.8274516144e-05  -4.8274516144e-05  -7.9512685686e-21  -0.0000000000e+00  5.6012585874e-21
 7.5900000000e+02  3.3000000000e-01  1.2000000000e+00  4.9320824607e-05  -4.9320824607e-05  -7.9512685686e-21  -0.0000000000e+00  1.1750049906e-21
 7.6000000000e+02  3.4000000000e-01  1.2000000000e+00  5.0338942963e-05  -5.0338942963e-05  -7.9512685686e-21  -0.0000000000e+00  1.1750049906e-21
 7.6100000000e+02  3.5000000000e-01  1.2000000000e+00  5.1328855882e-05  -5.1328855882e-05  -7.9512685686e-21  -0.0000000000e+00  7.9512685686e-21
 7.6200000000e+02  3.6000000000e-01  1.2000000000e+00  5.2290548037e-05  -5.2290548037e-05  -7.9512685686e-21  -0.0000000000e+00  5.6012585874e-21
 7.6300000000e+02  3.7000000000e-01  1.2000000000e+00  5.3224004096e-05  -5.3224004096e-05  -7.9512685686e-21  -0.0000000000e+00  1.1750049906e-21
 7.6400000000e+02  3.8000000000e-01  1.2000000000e+00  5.4129208732e-05  -5.4129208732e-05  -7.9512685686e-21  -0.0000000000e+00  7.9512685686e-21
 7.6500000000e+02  3.9000000000e-01  1.2000000000e+00  5.5006146614e-05  -5.5006146614e-05  -7.9512685686e-21  -0.0000000000e+00  1.1750049906e-21
 7.6600000000e+02  4.0000000000e-01  1.2000000000e+00  5.5854802413e-05  -5.5854802413e-05  -7.9512685686e-21  -0.0000000000e+00  5.6012585874e-21
 7.6700000000e+02  4.1000000000e-01  1.2000000000e+00  5.6675160799e-05  -5.6675160799e-05  -7.9512685686e-21  -0.0000000000e+00  5.6012585874e-21
 7.6800000000e+02  4.2000000000e-01  1.2000000000e+00  5.7467206444e-05  -5.7467206444e-05  -7.9512685686e-21  -0.0000000000e+00  1.1750049906e-21
 7.6900000000e+02  4.3000000000e-01  1.2000000000e+00  5.8230924018e-05  -5.8230924018e-05  -7.9512685686e-21  -0.0000000000e+00  5.6012585874e-21
 7.7000000000e+02  4.4000000000e-01  1.2000000000e+00  5.8966298192e-05  -5.8966298192e-05  -7.9512685686e-21  -0.0000000000e+00  1.1750049906e-21
 7.7100000000e+02  4.5000000000e-01  1.2000000000e+00  5.9673313636e-05  -5.9673313636e-05  -7.9512685686e-21  -0.0000000000e+00  5.6012585874e-21
 7.7200000000e+02  4.6000000000e-01  1.2000000000e+00  6.0351955021e-05  -6.0351955021e-05  -7.9512685686e-21  -0.0000000000e+00  1.1750049906e-21
 7.7300000000e+02  4.7000000000e-01  1.2000000000e+00  6.1002207017e-05  -6.1002207017e-05  -7.9512685686e-21  -0.0000000000e+00  5.6012585874e-21
 7.7400000000e+02  4.8000000000e-01  1.2000000000e+00  6.1624054295e-05  -6.1624054295e-05  -7.9512685686e-21  -0.0000000000e+00  5.6012585874e-21
 7.7500000000e+02  4.9000000000e-01  1.2000000000e+00  6.2217481526e-05  -6.2217481526e-05  -7.9512685686e-21  -0.0000000000e+00  5.6012585874e-21
 7.7600000000e+02  5.0000000000e-01  1.2000000000e+00  6.2782473381e-05  -6.2782473381e-05  -7.9512685686e-21  -0.0000000000e+00  5.6012585874e-21
 7.7700000000e+02  5.1000000000e-01  1.2000000000e+00  6.3319014529e-05  -6.3319014529e-05  -7.9512685686e-21  -0.0000000000e+00  5.6012585874e-21
 7.7800000000e+02  5.2000000000e-01  1.2000000000e+00  6.3827089642e-05  -6.3827089642e-05  -7.9512685686e-21  -0.0000000000e+00  5.6012585874e-21
 7.7900000000e+02  5.3000000000e-01  1.2000000000e+00  6.4306683391e-05  -6.4306683391e-05  -7.9512685686e-21  -0.0000000000e+00  5.6012585874e-21
 7.8000000000e+02  5.4000000000e-01  1.2000000000e+00  6.4757780445e-05  -6.4757780445e-05  -7.9512685686e-21  -0.0000000000e+00  5.6012585874e-21
 7.8100000000e+02  5.5000000000e-01  1.2000000000e+00  6.5180365475e-05  -6.5180365475e-05  -7.9512685686e-21  -0.0000000000e+00  5.6012585874e-21
 7.8200000000e+02  5.6000000000e-01  1.2000000000e+00  6.5574423153e-05  -6.5574423153e-05  -7.9512685686e-21  -0.0000000000e+00  5.6012585874e-21
 7.8300000000e+02  5.7000000000e-01  1.2000000000e+00  6.5939938149e-05  -6.5939938149e-05  -7.9512685686e-21  -0.0000000000e+00  5.6012585874e-21
 7.8400000000e+02  5.8000000000e-01  1.2000000000e+00  6.6276895133e-05  -6.6276895133e-05  -7.9512685686e-21  -0.0000000000e+00  5.6012585874e-21
 7.8500000000e+02  5.9000000000e-01  1.2000000000e+00  6.6585278776e-05  -6.6585278776e-05  -7.9512685686e-21  -0.0000000000e+00  5.6012585874e-21
 7.8600000000e+02  6.0000000000e-01  1.2000000000e+00  6.6865073748e-05  -6.6865073748e-05  -7.9512685686e-21  -0.0000000000e+00  5.6012585874e-21
 7.8700000000e+02  6.1000000000e-01  1.2000000000e+00  6.7116264721e-05  -6.7116264721e-05  -7.9512685686e-21  -0.0000000000e+00  5.6012585874e-21
 7.8800000000e+02  6.2000000000e-01  1.2000000000e+00  6.7338836365e-05  -6.7338836365e-05  -7.9512685686e-21  -0.0000000000e+00  5.6012585874e-21
 7.8900000000e+02  6.3000000000e-01  1.2000000000e+00  6.7532773350e-05  -6.7532773350e-05  -7.9512685686e-21  -0.0000000000e+00  5.6012585874e-21
 7.9000000000e+02  6.4000000000e-01  1.2000000000e+00  6.7698060347e-05  -6.7698060347e-05  -7.9512685686e-21  -0.0000000000e+00  5.6012585874e-21
 7.9100000000e+02  6.5000000000e-01  1.2000000000e+00  6.7834682027e-05  -6.7834682027e-05  -7.9512685686e-21  -0.0000000000e+00  5.6012585874e-21
 7.9200000000e+02  6.6000000000e-01  1.2000000000e+00  6.7942623061e-05  -6.7942623061e-05  -7.9512685686e-21  -0.0000000000e+00  5.6012585874e-21
 7.9300000000e+02  6.7000000000e-01  1.2000000000e+00  6.8021868118e-05  -6.8021868118e-05  -7.9512685686e-21  -0.0000000000e+00  5.6012585874e-21
 7.9400000000e+02  6.8000000000e-01  1.2000000000e+00  6.8072401870e-05  -6.8072401870e-05  -7.9512685686e-21  -0.0000000000e+00  5.6012585874e-21
 7.9500000000e+02  6.9000000000e-01  1.2000000000e+00  6.8094588060e-05  -6.8094588060e-05  -7.9512685686e-21  -0.0000000000e+00  5.6012585874e-21
 7.9600000000e+02  7.0000000000e-01  1.2000000000e+00  6.8106694721e-05  -6.8106694721e-05  -7.9512685686e-21  -0.0000000000e+00  5.6012585874e-21
 7.9700000000e+02  7.1000000000e-01  1.2000000000e+00  6.8118801382e-05  -6.8118801382e-05  -7.9512685686e-21  -0.0000000000e+00  5.6012585874e-21
 7.9800000000e+02  7.2000000000e-01  1.2000000000e+00  6.8130908044e-05  -6.8130908044e-05  -7.9512685686e-21  -0.0000000000e+00  5.6012585874e-21
 7.9900000000e+02  7.3000000000e-01  1.2000000000e+00  6.8143014705e-05  -6.8143014705e-05  -7.9512685686e-21  -0.0000000000e+00  5.6012585874e-21
 8.0000000000e+02  7.4000000000e-01  1.2000000000e+00  6.8155121366e-05  -6.8155121366e-05  -7.9512685686e-21  -0.0000000000e+00  5.6012585874e-21
 8.0100000000e+02  7.5000000000e-01  1.2000000000e+00  6.8167228027e-05  -6.8167228027e-05  -7.9512685686e-21  -0.0000000000e+00  5.6012585874e-21
 8.0200000000e+02  7.6000000000e-01  1.2000000000e+00  6.8179334688e-05  -6.8179334688e-05  -7.9512685686e-21  -0.0000000000e+00  5.6012585874e-21
 8.0300000000e+02  7.7000000000e-01  1.2000000000e+00  6.8191441349e-05  -6.8191441349e-05  -7.9512685686e-21  -0.0000000000e+00  5.6012585874e-21
 8.0400000000e+02  7.8000000000e-01  1.2000000000e+00  6.8203548010e-05  -6.8203548010e-05  -7.9512685686e-21  -0.0000000000e+00  5.6012585874e-21
 8.0500000000e+02  7.9000000000e-01  1.2000000000e+00  6.8215654672e-05  -6.8215654672e-05  -7.9512685686e-21  -0.0000000000e+00  5.6012585874e-21
 8.0600000000e+02  8.0000000000e-01  1.2000000000e+00  6.8227761333e-05  -6.8227761333e-05  -7.9512685686e-21  -0.0000000000e+00  5.6012585874e-21
 8.0700000000e+02  8.1000000000e-01  1.2000000000e+00  6.8239867994e-05  -6.8239867994e-05  -7.9512685686e-21  -0.0000000000e+00  5.6012585874e-21
 8.0800000000e+02  8.2000000000e-01  1.2000000000e+00  6.8251974655e-05  -6.8251974655e-05  -7.9512685686e-21  -0.0000000000e+00  5.6012585874e-21
 8.0900000000e+02  8.3000000000e-01  1.2000000000e+00  6.8264081316e-05  -6.8264081316e-05  -7.9512685686e-21  -0.0000000000e+00  5.6012585874e-21
 8.1000000000e+02  8.4000000000e-01  1.2000000000e+00  6.8276187977e-05  -6.8276187977e-05  -7.9512685686e-21  -0.0000000000e+00  5.6012585874e-21
 8.1100000000e+02  8.5000000000e-01  1.2000000000e+00  6.8288294638e-05  -6.8288294638e-05  -7.9512685686e-21  -0.0000000000e+00  5.6012585874e-21
 8.1200000000e+02  8.6000000000e-01  1.2000000000e+00  6.8300401299e-05  -6.8300401299e-05  -7.9512685686e-21  -0.0000000000e+00  5.6012585874e-21
 8.1300000000e+02  8.7000000000e-01  1.2000000000e+00  6.8312507961e-05  -6.8312507961e-05  -7.9512685686e-21  -0.0000000000e+00  5.6012585874e-21
 8.1400000000e+02  8.8000000000e-01  1.2000000000e+00  6.8324614622e-05  -6.8324614622e-05  -7.9512685686e-21  -0.0000000000e+00  5.6012585874e-21
 8.1500000000e+02  8.9000000000e-01  1.2000000000e+00  6.8336721283e-05  -6.8336721283e-05  -7.9512685686e-21  -0.0000000000e+00  5.6012585874e-21
 8.1600000000e+02  9.0000000000e-01  1.2000000000e+00  6.8348827944e-05  -6.8348827944e-05  -7.9512685686e-21  -0.0000000000e+00  5.6012585874e-21
 8.1700000000e+02  9.1000000000e-01  1.2000000000e+00  6.8360934605e-05  -6.8360934605e-05  -7.9512685686e-21  -0.0000000000e+00  5.6012585874e-21
 8.1800000000e+02  9.2000000000e-01  1.2000000000e+00  6.8373041266e-05  -6.8373041266e-05  -7.9512685686e-21  -0.0000000000e+00  5.6012585874e-21
 8.1900000000e+02  9.3000000000e-01  1.2000000000e+00  6.8385147927e-05  -6.8385147927e-05  -7.9512685686e-21  -0.0000000000e+00  5.6012585874e-21
 8.2000000000e+02  9.4000000000e-01  1.2000000000e+00  6.8397254588e-05  -6.8397254588e-05  -7.9512685686e-21  -0.0000000000e+00  5.6012585874e-21
 8.2100000000e+02  9.5000000000e-01  1.2000000000e+00  6.8409361250e-05  -6.8409361250e-05  -7.9512685686e-21  -0.0000000000e+00  5.6012585874e-21
 8.2200000000e+02  9.6000000000e-01  1.2000000000e+00  6.8421467911e-05  -6.8421467911e-05  -7.9512685686e-21  -0.0000000000e+00  5.6012585874e-21
 8.2300000000e+02  9.7000000000e-01  1.2000000000e+00  6.8433574572e-05  -6.8433574572e-05  -7.9512685686e-21  -0.0000000000e+00  5.6012585874e-21
 8.2400000000e+02  9.8000000000e-01  1.2000000000e+00  6.8445681233e-05  -6.8445681233e-05  -7.9512685686e-21  -0.0000000000e+00  5.6012585874e-21
 8.2500000000e+02  9.9000000000e-01  1.2000000000e+00  6.8457787894e-05  -6.8457787894e-05  -7.9512685686e-21  -0.0000000000e+00  5.6012585874e-21
 8.2600000000e+02  1.0000000000e+00  1.2000000000e+00  6.8469894555e-05  -6.8469894555e-05  -7.9512685686e-21  -0.0000000000e+00  5.6012585874e-21
 8.2700000000e+02  1.0100000000e+00  1.2000000000e+00  6.8482001216e-05  -6.8482001216e-05  -7.9512685686e-21  -0.0000000000e+00  5.6012585874e-21
 8.2800000000e+02  1.0200000000e+00  1.2000000000e+00  6.8494107878e-05  -6.8494107878e-05  -7.9512685686e-21  -0.0000000000e+00  5.6012585874e-21
 8.2900000000e+02  1.0300000000e+00  1.2000000000e+00  6.8506214539e-05  -6.8506214539e-05  -7.9512685686e-21  -0.0000000000e+00  5.6012585874e-21
 8.3000000000e+02  1.0400000000e+00  1.2000000000e+00  6.8518321200e-05  -6.8518321200e-05  -7.9512685686e-21  -0.0000000000e+00  5.6012585874e-21
 8.3100000000e+02  1.0500000000e+00  1.2000000000e+00  6.8530427861e-05  -6.8530427861e-05  -7.9512685686e-21  -0.0000000000e+00  5.6012585874e-21
 8.3200000000e+02  1.0600000000e+00  1.2000000000e+00  6.8542534522e-05  -6.8542534522e-05  -7.9512685686e-21  -0.0000000000e+00  5.6012585874e-21
 8.3300000000e+02  1.0700000000e+00  1.2000000000e+00  6.8554641183e-05  -6.8554641183e-05  -7.9512685686e-21  -0.0000000000e+00  5.6012585874e-21
 8.3400000000e+02  1.0800000000e+00  1.2000000000e+00  6.8566747844e-05  -6.8566747844e-05  -7.9512685686e-21  -0.0000000000e+00  5.6012585874e-21
 8.3500000000e+02  1.0900000000e+00  1.2000000000e+00  6.8578854505e-05  -6.8578854505e-05  -7.9512685686e-21  -0.0000000000e+00  5.6012585874e-21
 8.3600000000e+02  1.1000000000e+00  1.2000000000e+00  6.8590961167e-05  -6.8590961167e-05  -7.9512685686e-21  -0.0000000000e+00  5.6012585874e-21
 8.3700000000e+02  1.1100000000e+00  1.2000000000e+00  6.8603067828e-05  -6.8603067828e-05  -7.9512685686e-21  -0.0000000000e+00  5.6012585874e-21
 8.3800000000e+02  1.1200000000e+00  1.2000000000e+00  6.8615174489e-05  -6.8615174489e-05  -7.9512685686e-21  -0.0000000000e+00  5.6012585874e-21
 8.3900000000e+02  1.1300000000e+00  1.2000000000e+00  6.8627281150e-05  -6.8627281150e-05  -7.9512685686e-21  -0.0000000000e+00  5.6012585874e-21
 8.4000000000e+02  1.1400000000e+00  1.2000000000e+00  6.8639387811e-05  -6.8639387811e-05  -7.9512685686e-21  -0.0000000000e+00  5.6012585874e-21
 8.4100000000e+02  1.1500000000e+00  1.2000000000e+00  6.8651494472e-05  -6.8651494472e-05  -7.9512685686e-21  -0.0000000000e+00  5.6012585874e-21
 8.4200000000e+02  1.1600000000e+00  1.2000000000e+00  6.8663601133e-05  -6.8663601133e-05  -7.9512685686e-21  -0.0000000000e+00  5.6012585874e-21
 8.4300000000e+02  1.1700000000e+00  1.2000000000e+00  6.8675707794e-05  -6.8675707794e-05  -7.9512685686e-21  -0.0000000000e+00  5.6012585874e-21
 8.4400000000e+02  1.1800000000e+00  1.2000000000e+00  6.8687814456e-05  -6.8687814456e-05  -7.9512685686e-21  -0.0000000000e+00  5.6012585874e-21
 8.4500000000e+02  1.1900000000e+00  1.2000000000e+00  6.8699921117e-05  -6.8699921117e-05  -7.9512685686e-21  -0.0000000000e+00  5.6012585874e-21
 8.4600000000e+02  1.2000000000e+00  1.2000000000e+00  6.8712027778e-05  -6.8712027778e-05  -7.9512685686e-21  -0.0000000000e+00  5.6012585874e-21
