OpenSTA 3.1.0 543361765b Copyright (c) 2026, Parallax Software, Inc.
License GPLv3: GNU GPL version 3 <http://gnu.org/licenses/gpl.html>

This is free software, and you are free to change and redistribute it
under certain conditions; type `show_copying' for details. 
This program comes with ABSOLUTELY NO WARRANTY; for details type `show_warranty'.
Startpoint: a[0] (input port clocked by vclk)
Endpoint: sum[31] (output port clocked by vclk)
Path Group: vclk
Path Type: max

        Cap        Slew       Delay        Time   Description
---------------------------------------------------------------------------------------
               0.000000    0.000000    0.000000   clock vclk (rise edge)
                           0.000000    0.000000   clock network delay (ideal)
                           0.000000    0.000000 v input external delay
   0.005035    0.050000    0.000000    0.000000 v a[0] (in)
               0.050000    0.000000    0.000000 v _242_/A (sg13g2_or2_1)
   0.005921    0.036782    0.118697    0.118697 v _242_/X (sg13g2_or2_1)
               0.036782    0.000000    0.118697 v _244_/A2 (sg13g2_a21oi_1)
   0.008011    0.093804    0.102932    0.221628 ^ _244_/Y (sg13g2_a21oi_1)
               0.093804    0.000000    0.221628 ^ _246_/B (sg13g2_xnor2_1)
   0.008257    0.103847    0.121170    0.342799 ^ _246_/Y (sg13g2_xnor2_1)
               0.103847    0.000000    0.342799 ^ _247_/A2 (sg13g2_a21oi_1)
   0.007914    0.073121    0.106442    0.449241 v _247_/Y (sg13g2_a21oi_1)
               0.073121    0.000000    0.449241 v _249_/B (sg13g2_xnor2_1)
   0.008109    0.103094    0.110576    0.559817 ^ _249_/Y (sg13g2_xnor2_1)
               0.103094    0.000000    0.559817 ^ _250_/A2 (sg13g2_a21o_1)
   0.011391    0.061272    0.152711    0.712528 ^ _250_/X (sg13g2_a21o_1)
               0.061272    0.000000    0.712528 ^ _252_/B (sg13g2_nor2_1)
   0.003257    0.027192    0.040042    0.752570 v _252_/Y (sg13g2_nor2_1)
               0.027192    0.000000    0.752570 v _254_/A2 (sg13g2_o21ai_1)
   0.007866    0.114472    0.110476    0.863045 ^ _254_/Y (sg13g2_o21ai_1)
               0.114472    0.000000    0.863045 ^ _256_/B (sg13g2_xor2_1)
   0.007863    0.094279    0.151347    1.014393 ^ _256_/X (sg13g2_xor2_1)
               0.094279    0.000000    1.014393 ^ _257_/A2 (sg13g2_a21o_1)
   0.008140    0.048863    0.139300    1.153693 ^ _257_/X (sg13g2_a21o_1)
               0.048863    0.000000    1.153693 ^ _259_/B (sg13g2_xnor2_1)
   0.008451    0.101992    0.102996    1.256688 ^ _259_/Y (sg13g2_xnor2_1)
               0.101992    0.000000    1.256688 ^ _260_/A2 (sg13g2_o21ai_1)
   0.007953    0.067504    0.096599    1.353288 v _260_/Y (sg13g2_o21ai_1)
               0.067504    0.000000    1.353288 v _262_/B (sg13g2_xnor2_1)
   0.008313    0.070545    0.122064    1.475352 v _262_/Y (sg13g2_xnor2_1)
               0.070545    0.000000    1.475352 v _263_/A2 (sg13g2_o21ai_1)
   0.008140    0.121438    0.129660    1.605012 ^ _263_/Y (sg13g2_o21ai_1)
               0.121438    0.000000    1.605012 ^ _265_/B (sg13g2_xnor2_1)
   0.008451    0.105138    0.130010    1.735022 ^ _265_/Y (sg13g2_xnor2_1)
               0.105138    0.000000    1.735022 ^ _266_/A2 (sg13g2_o21ai_1)
   0.007953    0.068263    0.097339    1.832361 v _266_/Y (sg13g2_o21ai_1)
               0.068263    0.000000    1.832361 v _268_/B (sg13g2_xnor2_1)
   0.008313    0.070545    0.122381    1.954741 v _268_/Y (sg13g2_xnor2_1)
               0.070545    0.000000    1.954741 v _269_/A2 (sg13g2_o21ai_1)
   0.008140    0.121438    0.129660    2.084402 ^ _269_/Y (sg13g2_o21ai_1)
               0.121438    0.000000    2.084402 ^ _271_/B (sg13g2_xnor2_1)
   0.008451    0.105140    0.130010    2.214411 ^ _271_/Y (sg13g2_xnor2_1)
               0.105140    0.000000    2.214411 ^ _272_/A2 (sg13g2_o21ai_1)
   0.007953    0.068264    0.097339    2.311751 v _272_/Y (sg13g2_o21ai_1)
               0.068264    0.000000    2.311751 v _274_/B (sg13g2_xnor2_1)
   0.008313    0.070545    0.122381    2.434132 v _274_/Y (sg13g2_xnor2_1)
               0.070545    0.000000    2.434132 v _275_/A2 (sg13g2_o21ai_1)
   0.008140    0.121438    0.129660    2.563792 ^ _275_/Y (sg13g2_o21ai_1)
               0.121438    0.000000    2.563792 ^ _277_/B (sg13g2_xnor2_1)
   0.008451    0.105140    0.130010    2.693802 ^ _277_/Y (sg13g2_xnor2_1)
               0.105140    0.000000    2.693802 ^ _278_/A2 (sg13g2_o21ai_1)
   0.007953    0.068264    0.097339    2.791141 v _278_/Y (sg13g2_o21ai_1)
               0.068264    0.000000    2.791141 v _280_/B (sg13g2_xnor2_1)
   0.008313    0.070545    0.122381    2.913522 v _280_/Y (sg13g2_xnor2_1)
               0.070545    0.000000    2.913522 v _281_/A2 (sg13g2_o21ai_1)
   0.008140    0.121438    0.129660    3.043182 ^ _281_/Y (sg13g2_o21ai_1)
               0.121438    0.000000    3.043182 ^ _283_/B (sg13g2_xnor2_1)
   0.008451    0.105140    0.130010    3.173192 ^ _283_/Y (sg13g2_xnor2_1)
               0.105140    0.000000    3.173192 ^ _284_/A2 (sg13g2_o21ai_1)
   0.007953    0.068264    0.097339    3.270531 v _284_/Y (sg13g2_o21ai_1)
               0.068264    0.000000    3.270531 v _286_/B (sg13g2_xnor2_1)
   0.008313    0.070545    0.122381    3.392912 v _286_/Y (sg13g2_xnor2_1)
               0.070545    0.000000    3.392912 v _287_/A2 (sg13g2_o21ai_1)
   0.008140    0.121438    0.129660    3.522573 ^ _287_/Y (sg13g2_o21ai_1)
               0.121438    0.000000    3.522573 ^ _128_/B (sg13g2_xnor2_1)
   0.008451    0.105140    0.130010    3.652583 ^ _128_/Y (sg13g2_xnor2_1)
               0.105140    0.000000    3.652583 ^ _129_/A2 (sg13g2_o21ai_1)
   0.007953    0.068264    0.097339    3.749922 v _129_/Y (sg13g2_o21ai_1)
               0.068264    0.000000    3.749922 v _131_/B (sg13g2_xnor2_1)
   0.008313    0.070545    0.122381    3.872303 v _131_/Y (sg13g2_xnor2_1)
               0.070545    0.000000    3.872303 v _132_/A2 (sg13g2_o21ai_1)
   0.008140    0.121438    0.129660    4.001963 ^ _132_/Y (sg13g2_o21ai_1)
               0.121438    0.000000    4.001963 ^ _134_/B (sg13g2_xnor2_1)
   0.008451    0.105140    0.130010    4.131973 ^ _134_/Y (sg13g2_xnor2_1)
               0.105140    0.000000    4.131973 ^ _135_/A2 (sg13g2_o21ai_1)
   0.007953    0.068264    0.097339    4.229312 v _135_/Y (sg13g2_o21ai_1)
               0.068264    0.000000    4.229312 v _137_/B (sg13g2_xnor2_1)
   0.008313    0.070545    0.122381    4.351694 v _137_/Y (sg13g2_xnor2_1)
               0.070545    0.000000    4.351694 v _138_/A2 (sg13g2_o21ai_1)
   0.008140    0.121438    0.129660    4.481354 ^ _138_/Y (sg13g2_o21ai_1)
               0.121438    0.000000    4.481354 ^ _140_/B (sg13g2_xnor2_1)
   0.008451    0.105140    0.130010    4.611364 ^ _140_/Y (sg13g2_xnor2_1)
               0.105140    0.000000    4.611364 ^ _141_/A2 (sg13g2_o21ai_1)
   0.007953    0.068264    0.097339    4.708704 v _141_/Y (sg13g2_o21ai_1)
               0.068264    0.000000    4.708704 v _143_/B (sg13g2_xnor2_1)
   0.008313    0.070545    0.122381    4.831085 v _143_/Y (sg13g2_xnor2_1)
               0.070545    0.000000    4.831085 v _144_/A2 (sg13g2_o21ai_1)
   0.008140    0.121438    0.129660    4.960745 ^ _144_/Y (sg13g2_o21ai_1)
               0.121438    0.000000    4.960745 ^ _146_/B (sg13g2_xnor2_1)
   0.008451    0.105140    0.130010    5.090755 ^ _146_/Y (sg13g2_xnor2_1)
               0.105140    0.000000    5.090755 ^ _147_/A2 (sg13g2_o21ai_1)
   0.007953    0.068264    0.097339    5.188094 v _147_/Y (sg13g2_o21ai_1)
               0.068264    0.000000    5.188094 v _149_/B (sg13g2_xnor2_1)
   0.008313    0.070545    0.122381    5.310475 v _149_/Y (sg13g2_xnor2_1)
               0.070545    0.000000    5.310475 v _150_/A2 (sg13g2_o21ai_1)
   0.008140    0.121438    0.129660    5.440135 ^ _150_/Y (sg13g2_o21ai_1)
               0.121438    0.000000    5.440135 ^ _152_/B (sg13g2_xnor2_1)
   0.008451    0.105140    0.130010    5.570146 ^ _152_/Y (sg13g2_xnor2_1)
               0.105140    0.000000    5.570146 ^ _153_/A2 (sg13g2_o21ai_1)
   0.007953    0.068264    0.097339    5.667485 v _153_/Y (sg13g2_o21ai_1)
               0.068264    0.000000    5.667485 v _155_/B (sg13g2_xnor2_1)
   0.008313    0.070545    0.122381    5.789866 v _155_/Y (sg13g2_xnor2_1)
               0.070545    0.000000    5.789866 v _156_/A2 (sg13g2_o21ai_1)
   0.008140    0.121438    0.129660    5.919527 ^ _156_/Y (sg13g2_o21ai_1)
               0.121438    0.000000    5.919527 ^ _158_/B (sg13g2_xnor2_1)
   0.008451    0.105140    0.130010    6.049536 ^ _158_/Y (sg13g2_xnor2_1)
               0.105140    0.000000    6.049536 ^ _159_/A2 (sg13g2_o21ai_1)
   0.007953    0.068264    0.097339    6.146876 v _159_/Y (sg13g2_o21ai_1)
               0.068264    0.000000    6.146876 v _161_/B (sg13g2_xnor2_1)
   0.008313    0.070545    0.122381    6.269257 v _161_/Y (sg13g2_xnor2_1)
               0.070545    0.000000    6.269257 v _162_/A2 (sg13g2_o21ai_1)
   0.008140    0.121438    0.129660    6.398917 ^ _162_/Y (sg13g2_o21ai_1)
               0.121438    0.000000    6.398917 ^ _164_/B (sg13g2_xnor2_1)
   0.008451    0.105140    0.130010    6.528927 ^ _164_/Y (sg13g2_xnor2_1)
               0.105140    0.000000    6.528927 ^ _165_/A2 (sg13g2_o21ai_1)
   0.007953    0.068264    0.097339    6.626266 v _165_/Y (sg13g2_o21ai_1)
               0.068264    0.000000    6.626266 v _167_/B (sg13g2_xnor2_1)
   0.008313    0.070545    0.122381    6.748648 v _167_/Y (sg13g2_xnor2_1)
               0.070545    0.000000    6.748648 v _168_/A2 (sg13g2_o21ai_1)
   0.011145    0.149278    0.151409    6.900057 ^ _168_/Y (sg13g2_o21ai_1)
               0.149278    0.000000    6.900057 ^ _170_/B (sg13g2_nor2_1)
   0.003257    0.041315    0.060454    6.960511 v _170_/Y (sg13g2_nor2_1)
               0.041315    0.000000    6.960511 v _173_/A2 (sg13g2_o21ai_1)
   0.011145    0.146792    0.139495    7.100006 ^ _173_/Y (sg13g2_o21ai_1)
               0.146792    0.000000    7.100006 ^ _175_/B (sg13g2_nor2_1)
   0.003257    0.040915    0.059999    7.160005 v _175_/Y (sg13g2_nor2_1)
               0.040915    0.000000    7.160005 v _180_/A2 (sg13g2_o21ai_1)
   0.008140    0.118356    0.117876    7.277882 ^ _180_/Y (sg13g2_o21ai_1)
               0.118356    0.000000    7.277882 ^ _182_/B (sg13g2_xnor2_1)
   0.008451    0.105197    0.129131    7.407013 ^ _182_/Y (sg13g2_xnor2_1)
               0.105197    0.000000    7.407013 ^ _183_/B (sg13g2_xnor2_1)
   0.010000    0.117353    0.130107    7.537119 ^ _183_/Y (sg13g2_xnor2_1)
               0.117353    0.000000    7.537119 ^ sum[31] (out)
                                       7.537119   data arrival time

               0.000000  100.000000  100.000000   clock vclk (rise edge)
                           0.000000  100.000000   clock network delay (ideal)
                           0.000000  100.000000   clock reconvergence pessimism
                           0.000000  100.000000   output external delay
                                     100.000000   data required time
---------------------------------------------------------------------------------------
                                     100.000000   data required time
                                      -7.537119   data arrival time
---------------------------------------------------------------------------------------
                                      92.462875   slack (MET)


Startpoint: a[0] (input port clocked by vclk)
Endpoint: cout (output port clocked by vclk)
Path Group: vclk
Path Type: max

        Cap        Slew       Delay        Time   Description
---------------------------------------------------------------------------------------
               0.000000    0.000000    0.000000   clock vclk (rise edge)
                           0.000000    0.000000   clock network delay (ideal)
                           0.000000    0.000000 v input external delay
   0.005035    0.050000    0.000000    0.000000 v a[0] (in)
               0.050000    0.000000    0.000000 v _242_/A (sg13g2_or2_1)
   0.005921    0.036782    0.118697    0.118697 v _242_/X (sg13g2_or2_1)
               0.036782    0.000000    0.118697 v _244_/A2 (sg13g2_a21oi_1)
   0.008011    0.093804    0.102932    0.221628 ^ _244_/Y (sg13g2_a21oi_1)
               0.093804    0.000000    0.221628 ^ _246_/B (sg13g2_xnor2_1)
   0.008257    0.103847    0.121170    0.342799 ^ _246_/Y (sg13g2_xnor2_1)
               0.103847    0.000000    0.342799 ^ _247_/A2 (sg13g2_a21oi_1)
   0.007914    0.073121    0.106442    0.449241 v _247_/Y (sg13g2_a21oi_1)
               0.073121    0.000000    0.449241 v _249_/B (sg13g2_xnor2_1)
   0.008109    0.103094    0.110576    0.559817 ^ _249_/Y (sg13g2_xnor2_1)
               0.103094    0.000000    0.559817 ^ _250_/A2 (sg13g2_a21o_1)
   0.011391    0.061272    0.152711    0.712528 ^ _250_/X (sg13g2_a21o_1)
               0.061272    0.000000    0.712528 ^ _252_/B (sg13g2_nor2_1)
   0.003257    0.027192    0.040042    0.752570 v _252_/Y (sg13g2_nor2_1)
               0.027192    0.000000    0.752570 v _254_/A2 (sg13g2_o21ai_1)
   0.007866    0.114472    0.110476    0.863045 ^ _254_/Y (sg13g2_o21ai_1)
               0.114472    0.000000    0.863045 ^ _256_/B (sg13g2_xor2_1)
   0.007863    0.094279    0.151347    1.014393 ^ _256_/X (sg13g2_xor2_1)
               0.094279    0.000000    1.014393 ^ _257_/A2 (sg13g2_a21o_1)
   0.008140    0.048863    0.139300    1.153693 ^ _257_/X (sg13g2_a21o_1)
               0.048863    0.000000    1.153693 ^ _259_/B (sg13g2_xnor2_1)
   0.008451    0.101992    0.102996    1.256688 ^ _259_/Y (sg13g2_xnor2_1)
               0.101992    0.000000    1.256688 ^ _260_/A2 (sg13g2_o21ai_1)
   0.007953    0.067504    0.096599    1.353288 v _260_/Y (sg13g2_o21ai_1)
               0.067504    0.000000    1.353288 v _262_/B (sg13g2_xnor2_1)
   0.008313    0.070545    0.122064    1.475352 v _262_/Y (sg13g2_xnor2_1)
               0.070545    0.000000    1.475352 v _263_/A2 (sg13g2_o21ai_1)
   0.008140    0.121438    0.129660    1.605012 ^ _263_/Y (sg13g2_o21ai_1)
               0.121438    0.000000    1.605012 ^ _265_/B (sg13g2_xnor2_1)
   0.008451    0.105138    0.130010    1.735022 ^ _265_/Y (sg13g2_xnor2_1)
               0.105138    0.000000    1.735022 ^ _266_/A2 (sg13g2_o21ai_1)
   0.007953    0.068263    0.097339    1.832361 v _266_/Y (sg13g2_o21ai_1)
               0.068263    0.000000    1.832361 v _268_/B (sg13g2_xnor2_1)
   0.008313    0.070545    0.122381    1.954741 v _268_/Y (sg13g2_xnor2_1)
               0.070545    0.000000    1.954741 v _269_/A2 (sg13g2_o21ai_1)
   0.008140    0.121438    0.129660    2.084402 ^ _269_/Y (sg13g2_o21ai_1)
               0.121438    0.000000    2.084402 ^ _271_/B (sg13g2_xnor2_1)
   0.008451    0.105140    0.130010    2.214411 ^ _271_/Y (sg13g2_xnor2_1)
               0.105140    0.000000    2.214411 ^ _272_/A2 (sg13g2_o21ai_1)
   0.007953    0.068264    0.097339    2.311751 v _272_/Y (sg13g2_o21ai_1)
               0.068264    0.000000    2.311751 v _274_/B (sg13g2_xnor2_1)
   0.008313    0.070545    0.122381    2.434132 v _274_/Y (sg13g2_xnor2_1)
               0.070545    0.000000    2.434132 v _275_/A2 (sg13g2_o21ai_1)
   0.008140    0.121438    0.129660    2.563792 ^ _275_/Y (sg13g2_o21ai_1)
               0.121438    0.000000    2.563792 ^ _277_/B (sg13g2_xnor2_1)
   0.008451    0.105140    0.130010    2.693802 ^ _277_/Y (sg13g2_xnor2_1)
               0.105140    0.000000    2.693802 ^ _278_/A2 (sg13g2_o21ai_1)
   0.007953    0.068264    0.097339    2.791141 v _278_/Y (sg13g2_o21ai_1)
               0.068264    0.000000    2.791141 v _280_/B (sg13g2_xnor2_1)
   0.008313    0.070545    0.122381    2.913522 v _280_/Y (sg13g2_xnor2_1)
               0.070545    0.000000    2.913522 v _281_/A2 (sg13g2_o21ai_1)
   0.008140    0.121438    0.129660    3.043182 ^ _281_/Y (sg13g2_o21ai_1)
               0.121438    0.000000    3.043182 ^ _283_/B (sg13g2_xnor2_1)
   0.008451    0.105140    0.130010    3.173192 ^ _283_/Y (sg13g2_xnor2_1)
               0.105140    0.000000    3.173192 ^ _284_/A2 (sg13g2_o21ai_1)
   0.007953    0.068264    0.097339    3.270531 v _284_/Y (sg13g2_o21ai_1)
               0.068264    0.000000    3.270531 v _286_/B (sg13g2_xnor2_1)
   0.008313    0.070545    0.122381    3.392912 v _286_/Y (sg13g2_xnor2_1)
               0.070545    0.000000    3.392912 v _287_/A2 (sg13g2_o21ai_1)
   0.008140    0.121438    0.129660    3.522573 ^ _287_/Y (sg13g2_o21ai_1)
               0.121438    0.000000    3.522573 ^ _128_/B (sg13g2_xnor2_1)
   0.008451    0.105140    0.130010    3.652583 ^ _128_/Y (sg13g2_xnor2_1)
               0.105140    0.000000    3.652583 ^ _129_/A2 (sg13g2_o21ai_1)
   0.007953    0.068264    0.097339    3.749922 v _129_/Y (sg13g2_o21ai_1)
               0.068264    0.000000    3.749922 v _131_/B (sg13g2_xnor2_1)
   0.008313    0.070545    0.122381    3.872303 v _131_/Y (sg13g2_xnor2_1)
               0.070545    0.000000    3.872303 v _132_/A2 (sg13g2_o21ai_1)
   0.008140    0.121438    0.129660    4.001963 ^ _132_/Y (sg13g2_o21ai_1)
               0.121438    0.000000    4.001963 ^ _134_/B (sg13g2_xnor2_1)
   0.008451    0.105140    0.130010    4.131973 ^ _134_/Y (sg13g2_xnor2_1)
               0.105140    0.000000    4.131973 ^ _135_/A2 (sg13g2_o21ai_1)
   0.007953    0.068264    0.097339    4.229312 v _135_/Y (sg13g2_o21ai_1)
               0.068264    0.000000    4.229312 v _137_/B (sg13g2_xnor2_1)
   0.008313    0.070545    0.122381    4.351694 v _137_/Y (sg13g2_xnor2_1)
               0.070545    0.000000    4.351694 v _138_/A2 (sg13g2_o21ai_1)
   0.008140    0.121438    0.129660    4.481354 ^ _138_/Y (sg13g2_o21ai_1)
               0.121438    0.000000    4.481354 ^ _140_/B (sg13g2_xnor2_1)
   0.008451    0.105140    0.130010    4.611364 ^ _140_/Y (sg13g2_xnor2_1)
               0.105140    0.000000    4.611364 ^ _141_/A2 (sg13g2_o21ai_1)
   0.007953    0.068264    0.097339    4.708704 v _141_/Y (sg13g2_o21ai_1)
               0.068264    0.000000    4.708704 v _143_/B (sg13g2_xnor2_1)
   0.008313    0.070545    0.122381    4.831085 v _143_/Y (sg13g2_xnor2_1)
               0.070545    0.000000    4.831085 v _144_/A2 (sg13g2_o21ai_1)
   0.008140    0.121438    0.129660    4.960745 ^ _144_/Y (sg13g2_o21ai_1)
               0.121438    0.000000    4.960745 ^ _146_/B (sg13g2_xnor2_1)
   0.008451    0.105140    0.130010    5.090755 ^ _146_/Y (sg13g2_xnor2_1)
               0.105140    0.000000    5.090755 ^ _147_/A2 (sg13g2_o21ai_1)
   0.007953    0.068264    0.097339    5.188094 v _147_/Y (sg13g2_o21ai_1)
               0.068264    0.000000    5.188094 v _149_/B (sg13g2_xnor2_1)
   0.008313    0.070545    0.122381    5.310475 v _149_/Y (sg13g2_xnor2_1)
               0.070545    0.000000    5.310475 v _150_/A2 (sg13g2_o21ai_1)
   0.008140    0.121438    0.129660    5.440135 ^ _150_/Y (sg13g2_o21ai_1)
               0.121438    0.000000    5.440135 ^ _152_/B (sg13g2_xnor2_1)
   0.008451    0.105140    0.130010    5.570146 ^ _152_/Y (sg13g2_xnor2_1)
               0.105140    0.000000    5.570146 ^ _153_/A2 (sg13g2_o21ai_1)
   0.007953    0.068264    0.097339    5.667485 v _153_/Y (sg13g2_o21ai_1)
               0.068264    0.000000    5.667485 v _155_/B (sg13g2_xnor2_1)
   0.008313    0.070545    0.122381    5.789866 v _155_/Y (sg13g2_xnor2_1)
               0.070545    0.000000    5.789866 v _156_/A2 (sg13g2_o21ai_1)
   0.008140    0.121438    0.129660    5.919527 ^ _156_/Y (sg13g2_o21ai_1)
               0.121438    0.000000    5.919527 ^ _158_/B (sg13g2_xnor2_1)
   0.008451    0.105140    0.130010    6.049536 ^ _158_/Y (sg13g2_xnor2_1)
               0.105140    0.000000    6.049536 ^ _159_/A2 (sg13g2_o21ai_1)
   0.007953    0.068264    0.097339    6.146876 v _159_/Y (sg13g2_o21ai_1)
               0.068264    0.000000    6.146876 v _161_/B (sg13g2_xnor2_1)
   0.008313    0.070545    0.122381    6.269257 v _161_/Y (sg13g2_xnor2_1)
               0.070545    0.000000    6.269257 v _162_/A2 (sg13g2_o21ai_1)
   0.008140    0.121438    0.129660    6.398917 ^ _162_/Y (sg13g2_o21ai_1)
               0.121438    0.000000    6.398917 ^ _164_/B (sg13g2_xnor2_1)
   0.008451    0.105140    0.130010    6.528927 ^ _164_/Y (sg13g2_xnor2_1)
               0.105140    0.000000    6.528927 ^ _165_/A2 (sg13g2_o21ai_1)
   0.007953    0.068264    0.097339    6.626266 v _165_/Y (sg13g2_o21ai_1)
               0.068264    0.000000    6.626266 v _167_/B (sg13g2_xnor2_1)
   0.008313    0.070545    0.122381    6.748648 v _167_/Y (sg13g2_xnor2_1)
               0.070545    0.000000    6.748648 v _168_/A2 (sg13g2_o21ai_1)
   0.011145    0.149278    0.151409    6.900057 ^ _168_/Y (sg13g2_o21ai_1)
               0.149278    0.000000    6.900057 ^ _170_/B (sg13g2_nor2_1)
   0.003257    0.041315    0.060454    6.960511 v _170_/Y (sg13g2_nor2_1)
               0.041315    0.000000    6.960511 v _173_/A2 (sg13g2_o21ai_1)
   0.011145    0.146792    0.139495    7.100006 ^ _173_/Y (sg13g2_o21ai_1)
               0.146792    0.000000    7.100006 ^ _175_/B (sg13g2_nor2_1)
   0.003257    0.040915    0.059999    7.160005 v _175_/Y (sg13g2_nor2_1)
               0.040915    0.000000    7.160005 v _180_/A2 (sg13g2_o21ai_1)
   0.008140    0.118356    0.117876    7.277882 ^ _180_/Y (sg13g2_o21ai_1)
               0.118356    0.000000    7.277882 ^ _182_/B (sg13g2_xnor2_1)
   0.008313    0.070545    0.106458    7.384340 v _182_/Y (sg13g2_xnor2_1)
               0.070545    0.000000    7.384340 v _188_/A2 (sg13g2_o21ai_1)
   0.010000    0.138668    0.143121    7.527461 ^ _188_/Y (sg13g2_o21ai_1)
               0.138668    0.000000    7.527461 ^ cout (out)
                                       7.527461   data arrival time

               0.000000  100.000000  100.000000   clock vclk (rise edge)
                           0.000000  100.000000   clock network delay (ideal)
                           0.000000  100.000000   clock reconvergence pessimism
                           0.000000  100.000000   output external delay
                                     100.000000   data required time
---------------------------------------------------------------------------------------
                                     100.000000   data required time
                                      -7.527461   data arrival time
---------------------------------------------------------------------------------------
                                      92.472534   slack (MET)


Startpoint: a[0] (input port clocked by vclk)
Endpoint: sum[30] (output port clocked by vclk)
Path Group: vclk
Path Type: max

        Cap        Slew       Delay        Time   Description
---------------------------------------------------------------------------------------
               0.000000    0.000000    0.000000   clock vclk (rise edge)
                           0.000000    0.000000   clock network delay (ideal)
                           0.000000    0.000000 v input external delay
   0.005035    0.050000    0.000000    0.000000 v a[0] (in)
               0.050000    0.000000    0.000000 v _242_/A (sg13g2_or2_1)
   0.005921    0.036782    0.118697    0.118697 v _242_/X (sg13g2_or2_1)
               0.036782    0.000000    0.118697 v _244_/A2 (sg13g2_a21oi_1)
   0.008011    0.093804    0.102932    0.221628 ^ _244_/Y (sg13g2_a21oi_1)
               0.093804    0.000000    0.221628 ^ _246_/B (sg13g2_xnor2_1)
   0.008257    0.103847    0.121170    0.342799 ^ _246_/Y (sg13g2_xnor2_1)
               0.103847    0.000000    0.342799 ^ _247_/A2 (sg13g2_a21oi_1)
   0.007914    0.073121    0.106442    0.449241 v _247_/Y (sg13g2_a21oi_1)
               0.073121    0.000000    0.449241 v _249_/B (sg13g2_xnor2_1)
   0.008109    0.103094    0.110576    0.559817 ^ _249_/Y (sg13g2_xnor2_1)
               0.103094    0.000000    0.559817 ^ _250_/A2 (sg13g2_a21o_1)
   0.011391    0.061272    0.152711    0.712528 ^ _250_/X (sg13g2_a21o_1)
               0.061272    0.000000    0.712528 ^ _252_/B (sg13g2_nor2_1)
   0.003257    0.027192    0.040042    0.752570 v _252_/Y (sg13g2_nor2_1)
               0.027192    0.000000    0.752570 v _254_/A2 (sg13g2_o21ai_1)
   0.007866    0.114472    0.110476    0.863045 ^ _254_/Y (sg13g2_o21ai_1)
               0.114472    0.000000    0.863045 ^ _256_/B (sg13g2_xor2_1)
   0.007863    0.094279    0.151347    1.014393 ^ _256_/X (sg13g2_xor2_1)
               0.094279    0.000000    1.014393 ^ _257_/A2 (sg13g2_a21o_1)
   0.008140    0.048863    0.139300    1.153693 ^ _257_/X (sg13g2_a21o_1)
               0.048863    0.000000    1.153693 ^ _259_/B (sg13g2_xnor2_1)
   0.008451    0.101992    0.102996    1.256688 ^ _259_/Y (sg13g2_xnor2_1)
               0.101992    0.000000    1.256688 ^ _260_/A2 (sg13g2_o21ai_1)
   0.007953    0.067504    0.096599    1.353288 v _260_/Y (sg13g2_o21ai_1)
               0.067504    0.000000    1.353288 v _262_/B (sg13g2_xnor2_1)
   0.008313    0.070545    0.122064    1.475352 v _262_/Y (sg13g2_xnor2_1)
               0.070545    0.000000    1.475352 v _263_/A2 (sg13g2_o21ai_1)
   0.008140    0.121438    0.129660    1.605012 ^ _263_/Y (sg13g2_o21ai_1)
               0.121438    0.000000    1.605012 ^ _265_/B (sg13g2_xnor2_1)
   0.008451    0.105138    0.130010    1.735022 ^ _265_/Y (sg13g2_xnor2_1)
               0.105138    0.000000    1.735022 ^ _266_/A2 (sg13g2_o21ai_1)
   0.007953    0.068263    0.097339    1.832361 v _266_/Y (sg13g2_o21ai_1)
               0.068263    0.000000    1.832361 v _268_/B (sg13g2_xnor2_1)
   0.008313    0.070545    0.122381    1.954741 v _268_/Y (sg13g2_xnor2_1)
               0.070545    0.000000    1.954741 v _269_/A2 (sg13g2_o21ai_1)
   0.008140    0.121438    0.129660    2.084402 ^ _269_/Y (sg13g2_o21ai_1)
               0.121438    0.000000    2.084402 ^ _271_/B (sg13g2_xnor2_1)
   0.008451    0.105140    0.130010    2.214411 ^ _271_/Y (sg13g2_xnor2_1)
               0.105140    0.000000    2.214411 ^ _272_/A2 (sg13g2_o21ai_1)
   0.007953    0.068264    0.097339    2.311751 v _272_/Y (sg13g2_o21ai_1)
               0.068264    0.000000    2.311751 v _274_/B (sg13g2_xnor2_1)
   0.008313    0.070545    0.122381    2.434132 v _274_/Y (sg13g2_xnor2_1)
               0.070545    0.000000    2.434132 v _275_/A2 (sg13g2_o21ai_1)
   0.008140    0.121438    0.129660    2.563792 ^ _275_/Y (sg13g2_o21ai_1)
               0.121438    0.000000    2.563792 ^ _277_/B (sg13g2_xnor2_1)
   0.008451    0.105140    0.130010    2.693802 ^ _277_/Y (sg13g2_xnor2_1)
               0.105140    0.000000    2.693802 ^ _278_/A2 (sg13g2_o21ai_1)
   0.007953    0.068264    0.097339    2.791141 v _278_/Y (sg13g2_o21ai_1)
               0.068264    0.000000    2.791141 v _280_/B (sg13g2_xnor2_1)
   0.008313    0.070545    0.122381    2.913522 v _280_/Y (sg13g2_xnor2_1)
               0.070545    0.000000    2.913522 v _281_/A2 (sg13g2_o21ai_1)
   0.008140    0.121438    0.129660    3.043182 ^ _281_/Y (sg13g2_o21ai_1)
               0.121438    0.000000    3.043182 ^ _283_/B (sg13g2_xnor2_1)
   0.008451    0.105140    0.130010    3.173192 ^ _283_/Y (sg13g2_xnor2_1)
               0.105140    0.000000    3.173192 ^ _284_/A2 (sg13g2_o21ai_1)
   0.007953    0.068264    0.097339    3.270531 v _284_/Y (sg13g2_o21ai_1)
               0.068264    0.000000    3.270531 v _286_/B (sg13g2_xnor2_1)
   0.008313    0.070545    0.122381    3.392912 v _286_/Y (sg13g2_xnor2_1)
               0.070545    0.000000    3.392912 v _287_/A2 (sg13g2_o21ai_1)
   0.008140    0.121438    0.129660    3.522573 ^ _287_/Y (sg13g2_o21ai_1)
               0.121438    0.000000    3.522573 ^ _128_/B (sg13g2_xnor2_1)
   0.008451    0.105140    0.130010    3.652583 ^ _128_/Y (sg13g2_xnor2_1)
               0.105140    0.000000    3.652583 ^ _129_/A2 (sg13g2_o21ai_1)
   0.007953    0.068264    0.097339    3.749922 v _129_/Y (sg13g2_o21ai_1)
               0.068264    0.000000    3.749922 v _131_/B (sg13g2_xnor2_1)
   0.008313    0.070545    0.122381    3.872303 v _131_/Y (sg13g2_xnor2_1)
               0.070545    0.000000    3.872303 v _132_/A2 (sg13g2_o21ai_1)
   0.008140    0.121438    0.129660    4.001963 ^ _132_/Y (sg13g2_o21ai_1)
               0.121438    0.000000    4.001963 ^ _134_/B (sg13g2_xnor2_1)
   0.008451    0.105140    0.130010    4.131973 ^ _134_/Y (sg13g2_xnor2_1)
               0.105140    0.000000    4.131973 ^ _135_/A2 (sg13g2_o21ai_1)
   0.007953    0.068264    0.097339    4.229312 v _135_/Y (sg13g2_o21ai_1)
               0.068264    0.000000    4.229312 v _137_/B (sg13g2_xnor2_1)
   0.008313    0.070545    0.122381    4.351694 v _137_/Y (sg13g2_xnor2_1)
               0.070545    0.000000    4.351694 v _138_/A2 (sg13g2_o21ai_1)
   0.008140    0.121438    0.129660    4.481354 ^ _138_/Y (sg13g2_o21ai_1)
               0.121438    0.000000    4.481354 ^ _140_/B (sg13g2_xnor2_1)
   0.008451    0.105140    0.130010    4.611364 ^ _140_/Y (sg13g2_xnor2_1)
               0.105140    0.000000    4.611364 ^ _141_/A2 (sg13g2_o21ai_1)
   0.007953    0.068264    0.097339    4.708704 v _141_/Y (sg13g2_o21ai_1)
               0.068264    0.000000    4.708704 v _143_/B (sg13g2_xnor2_1)
   0.008313    0.070545    0.122381    4.831085 v _143_/Y (sg13g2_xnor2_1)
               0.070545    0.000000    4.831085 v _144_/A2 (sg13g2_o21ai_1)
   0.008140    0.121438    0.129660    4.960745 ^ _144_/Y (sg13g2_o21ai_1)
               0.121438    0.000000    4.960745 ^ _146_/B (sg13g2_xnor2_1)
   0.008451    0.105140    0.130010    5.090755 ^ _146_/Y (sg13g2_xnor2_1)
               0.105140    0.000000    5.090755 ^ _147_/A2 (sg13g2_o21ai_1)
   0.007953    0.068264    0.097339    5.188094 v _147_/Y (sg13g2_o21ai_1)
               0.068264    0.000000    5.188094 v _149_/B (sg13g2_xnor2_1)
   0.008313    0.070545    0.122381    5.310475 v _149_/Y (sg13g2_xnor2_1)
               0.070545    0.000000    5.310475 v _150_/A2 (sg13g2_o21ai_1)
   0.008140    0.121438    0.129660    5.440135 ^ _150_/Y (sg13g2_o21ai_1)
               0.121438    0.000000    5.440135 ^ _152_/B (sg13g2_xnor2_1)
   0.008451    0.105140    0.130010    5.570146 ^ _152_/Y (sg13g2_xnor2_1)
               0.105140    0.000000    5.570146 ^ _153_/A2 (sg13g2_o21ai_1)
   0.007953    0.068264    0.097339    5.667485 v _153_/Y (sg13g2_o21ai_1)
               0.068264    0.000000    5.667485 v _155_/B (sg13g2_xnor2_1)
   0.008313    0.070545    0.122381    5.789866 v _155_/Y (sg13g2_xnor2_1)
               0.070545    0.000000    5.789866 v _156_/A2 (sg13g2_o21ai_1)
   0.008140    0.121438    0.129660    5.919527 ^ _156_/Y (sg13g2_o21ai_1)
               0.121438    0.000000    5.919527 ^ _158_/B (sg13g2_xnor2_1)
   0.008451    0.105140    0.130010    6.049536 ^ _158_/Y (sg13g2_xnor2_1)
               0.105140    0.000000    6.049536 ^ _159_/A2 (sg13g2_o21ai_1)
   0.007953    0.068264    0.097339    6.146876 v _159_/Y (sg13g2_o21ai_1)
               0.068264    0.000000    6.146876 v _161_/B (sg13g2_xnor2_1)
   0.008313    0.070545    0.122381    6.269257 v _161_/Y (sg13g2_xnor2_1)
               0.070545    0.000000    6.269257 v _162_/A2 (sg13g2_o21ai_1)
   0.008140    0.121438    0.129660    6.398917 ^ _162_/Y (sg13g2_o21ai_1)
               0.121438    0.000000    6.398917 ^ _164_/B (sg13g2_xnor2_1)
   0.008451    0.105140    0.130010    6.528927 ^ _164_/Y (sg13g2_xnor2_1)
               0.105140    0.000000    6.528927 ^ _165_/A2 (sg13g2_o21ai_1)
   0.007953    0.068264    0.097339    6.626266 v _165_/Y (sg13g2_o21ai_1)
               0.068264    0.000000    6.626266 v _167_/B (sg13g2_xnor2_1)
   0.008313    0.070545    0.122381    6.748648 v _167_/Y (sg13g2_xnor2_1)
               0.070545    0.000000    6.748648 v _168_/A2 (sg13g2_o21ai_1)
   0.011145    0.149278    0.151409    6.900057 ^ _168_/Y (sg13g2_o21ai_1)
               0.149278    0.000000    6.900057 ^ _170_/B (sg13g2_nor2_1)
   0.003257    0.041315    0.060454    6.960511 v _170_/Y (sg13g2_nor2_1)
               0.041315    0.000000    6.960511 v _173_/A2 (sg13g2_o21ai_1)
   0.011145    0.146792    0.139495    7.100006 ^ _173_/Y (sg13g2_o21ai_1)
               0.146792    0.000000    7.100006 ^ _176_/B (sg13g2_xnor2_1)
   0.005004    0.080835    0.126649    7.226655 ^ _176_/Y (sg13g2_xnor2_1)
               0.080835    0.000000    7.226655 ^ _177_/B (sg13g2_xnor2_1)
   0.010000    0.115684    0.121048    7.347703 ^ _177_/Y (sg13g2_xnor2_1)
               0.115684    0.000000    7.347703 ^ sum[30] (out)
                                       7.347703   data arrival time

               0.000000  100.000000  100.000000   clock vclk (rise edge)
                           0.000000  100.000000   clock network delay (ideal)
                           0.000000  100.000000   clock reconvergence pessimism
                           0.000000  100.000000   output external delay
                                     100.000000   data required time
---------------------------------------------------------------------------------------
                                     100.000000   data required time
                                      -7.347703   data arrival time
---------------------------------------------------------------------------------------
                                      92.652298   slack (MET)


Startpoint: a[0] (input port clocked by vclk)
Endpoint: sum[29] (output port clocked by vclk)
Path Group: vclk
Path Type: max

        Cap        Slew       Delay        Time   Description
---------------------------------------------------------------------------------------
               0.000000    0.000000    0.000000   clock vclk (rise edge)
                           0.000000    0.000000   clock network delay (ideal)
                           0.000000    0.000000 v input external delay
   0.005035    0.050000    0.000000    0.000000 v a[0] (in)
               0.050000    0.000000    0.000000 v _242_/A (sg13g2_or2_1)
   0.005921    0.036782    0.118697    0.118697 v _242_/X (sg13g2_or2_1)
               0.036782    0.000000    0.118697 v _244_/A2 (sg13g2_a21oi_1)
   0.008011    0.093804    0.102932    0.221628 ^ _244_/Y (sg13g2_a21oi_1)
               0.093804    0.000000    0.221628 ^ _246_/B (sg13g2_xnor2_1)
   0.008257    0.103847    0.121170    0.342799 ^ _246_/Y (sg13g2_xnor2_1)
               0.103847    0.000000    0.342799 ^ _247_/A2 (sg13g2_a21oi_1)
   0.007914    0.073121    0.106442    0.449241 v _247_/Y (sg13g2_a21oi_1)
               0.073121    0.000000    0.449241 v _249_/B (sg13g2_xnor2_1)
   0.008109    0.103094    0.110576    0.559817 ^ _249_/Y (sg13g2_xnor2_1)
               0.103094    0.000000    0.559817 ^ _250_/A2 (sg13g2_a21o_1)
   0.011391    0.061272    0.152711    0.712528 ^ _250_/X (sg13g2_a21o_1)
               0.061272    0.000000    0.712528 ^ _252_/B (sg13g2_nor2_1)
   0.003257    0.027192    0.040042    0.752570 v _252_/Y (sg13g2_nor2_1)
               0.027192    0.000000    0.752570 v _254_/A2 (sg13g2_o21ai_1)
   0.007866    0.114472    0.110476    0.863045 ^ _254_/Y (sg13g2_o21ai_1)
               0.114472    0.000000    0.863045 ^ _256_/B (sg13g2_xor2_1)
   0.007863    0.094279    0.151347    1.014393 ^ _256_/X (sg13g2_xor2_1)
               0.094279    0.000000    1.014393 ^ _257_/A2 (sg13g2_a21o_1)
   0.008140    0.048863    0.139300    1.153693 ^ _257_/X (sg13g2_a21o_1)
               0.048863    0.000000    1.153693 ^ _259_/B (sg13g2_xnor2_1)
   0.008451    0.101992    0.102996    1.256688 ^ _259_/Y (sg13g2_xnor2_1)
               0.101992    0.000000    1.256688 ^ _260_/A2 (sg13g2_o21ai_1)
   0.007953    0.067504    0.096599    1.353288 v _260_/Y (sg13g2_o21ai_1)
               0.067504    0.000000    1.353288 v _262_/B (sg13g2_xnor2_1)
   0.008313    0.070545    0.122064    1.475352 v _262_/Y (sg13g2_xnor2_1)
               0.070545    0.000000    1.475352 v _263_/A2 (sg13g2_o21ai_1)
   0.008140    0.121438    0.129660    1.605012 ^ _263_/Y (sg13g2_o21ai_1)
               0.121438    0.000000    1.605012 ^ _265_/B (sg13g2_xnor2_1)
   0.008451    0.105138    0.130010    1.735022 ^ _265_/Y (sg13g2_xnor2_1)
               0.105138    0.000000    1.735022 ^ _266_/A2 (sg13g2_o21ai_1)
   0.007953    0.068263    0.097339    1.832361 v _266_/Y (sg13g2_o21ai_1)
               0.068263    0.000000    1.832361 v _268_/B (sg13g2_xnor2_1)
   0.008313    0.070545    0.122381    1.954741 v _268_/Y (sg13g2_xnor2_1)
               0.070545    0.000000    1.954741 v _269_/A2 (sg13g2_o21ai_1)
   0.008140    0.121438    0.129660    2.084402 ^ _269_/Y (sg13g2_o21ai_1)
               0.121438    0.000000    2.084402 ^ _271_/B (sg13g2_xnor2_1)
   0.008451    0.105140    0.130010    2.214411 ^ _271_/Y (sg13g2_xnor2_1)
               0.105140    0.000000    2.214411 ^ _272_/A2 (sg13g2_o21ai_1)
   0.007953    0.068264    0.097339    2.311751 v _272_/Y (sg13g2_o21ai_1)
               0.068264    0.000000    2.311751 v _274_/B (sg13g2_xnor2_1)
   0.008313    0.070545    0.122381    2.434132 v _274_/Y (sg13g2_xnor2_1)
               0.070545    0.000000    2.434132 v _275_/A2 (sg13g2_o21ai_1)
   0.008140    0.121438    0.129660    2.563792 ^ _275_/Y (sg13g2_o21ai_1)
               0.121438    0.000000    2.563792 ^ _277_/B (sg13g2_xnor2_1)
   0.008451    0.105140    0.130010    2.693802 ^ _277_/Y (sg13g2_xnor2_1)
               0.105140    0.000000    2.693802 ^ _278_/A2 (sg13g2_o21ai_1)
   0.007953    0.068264    0.097339    2.791141 v _278_/Y (sg13g2_o21ai_1)
               0.068264    0.000000    2.791141 v _280_/B (sg13g2_xnor2_1)
   0.008313    0.070545    0.122381    2.913522 v _280_/Y (sg13g2_xnor2_1)
               0.070545    0.000000    2.913522 v _281_/A2 (sg13g2_o21ai_1)
   0.008140    0.121438    0.129660    3.043182 ^ _281_/Y (sg13g2_o21ai_1)
               0.121438    0.000000    3.043182 ^ _283_/B (sg13g2_xnor2_1)
   0.008451    0.105140    0.130010    3.173192 ^ _283_/Y (sg13g2_xnor2_1)
               0.105140    0.000000    3.173192 ^ _284_/A2 (sg13g2_o21ai_1)
   0.007953    0.068264    0.097339    3.270531 v _284_/Y (sg13g2_o21ai_1)
               0.068264    0.000000    3.270531 v _286_/B (sg13g2_xnor2_1)
   0.008313    0.070545    0.122381    3.392912 v _286_/Y (sg13g2_xnor2_1)
               0.070545    0.000000    3.392912 v _287_/A2 (sg13g2_o21ai_1)
   0.008140    0.121438    0.129660    3.522573 ^ _287_/Y (sg13g2_o21ai_1)
               0.121438    0.000000    3.522573 ^ _128_/B (sg13g2_xnor2_1)
   0.008451    0.105140    0.130010    3.652583 ^ _128_/Y (sg13g2_xnor2_1)
               0.105140    0.000000    3.652583 ^ _129_/A2 (sg13g2_o21ai_1)
   0.007953    0.068264    0.097339    3.749922 v _129_/Y (sg13g2_o21ai_1)
               0.068264    0.000000    3.749922 v _131_/B (sg13g2_xnor2_1)
   0.008313    0.070545    0.122381    3.872303 v _131_/Y (sg13g2_xnor2_1)
               0.070545    0.000000    3.872303 v _132_/A2 (sg13g2_o21ai_1)
   0.008140    0.121438    0.129660    4.001963 ^ _132_/Y (sg13g2_o21ai_1)
               0.121438    0.000000    4.001963 ^ _134_/B (sg13g2_xnor2_1)
   0.008451    0.105140    0.130010    4.131973 ^ _134_/Y (sg13g2_xnor2_1)
               0.105140    0.000000    4.131973 ^ _135_/A2 (sg13g2_o21ai_1)
   0.007953    0.068264    0.097339    4.229312 v _135_/Y (sg13g2_o21ai_1)
               0.068264    0.000000    4.229312 v _137_/B (sg13g2_xnor2_1)
   0.008313    0.070545    0.122381    4.351694 v _137_/Y (sg13g2_xnor2_1)
               0.070545    0.000000    4.351694 v _138_/A2 (sg13g2_o21ai_1)
   0.008140    0.121438    0.129660    4.481354 ^ _138_/Y (sg13g2_o21ai_1)
               0.121438    0.000000    4.481354 ^ _140_/B (sg13g2_xnor2_1)
   0.008451    0.105140    0.130010    4.611364 ^ _140_/Y (sg13g2_xnor2_1)
               0.105140    0.000000    4.611364 ^ _141_/A2 (sg13g2_o21ai_1)
   0.007953    0.068264    0.097339    4.708704 v _141_/Y (sg13g2_o21ai_1)
               0.068264    0.000000    4.708704 v _143_/B (sg13g2_xnor2_1)
   0.008313    0.070545    0.122381    4.831085 v _143_/Y (sg13g2_xnor2_1)
               0.070545    0.000000    4.831085 v _144_/A2 (sg13g2_o21ai_1)
   0.008140    0.121438    0.129660    4.960745 ^ _144_/Y (sg13g2_o21ai_1)
               0.121438    0.000000    4.960745 ^ _146_/B (sg13g2_xnor2_1)
   0.008451    0.105140    0.130010    5.090755 ^ _146_/Y (sg13g2_xnor2_1)
               0.105140    0.000000    5.090755 ^ _147_/A2 (sg13g2_o21ai_1)
   0.007953    0.068264    0.097339    5.188094 v _147_/Y (sg13g2_o21ai_1)
               0.068264    0.000000    5.188094 v _149_/B (sg13g2_xnor2_1)
   0.008313    0.070545    0.122381    5.310475 v _149_/Y (sg13g2_xnor2_1)
               0.070545    0.000000    5.310475 v _150_/A2 (sg13g2_o21ai_1)
   0.008140    0.121438    0.129660    5.440135 ^ _150_/Y (sg13g2_o21ai_1)
               0.121438    0.000000    5.440135 ^ _152_/B (sg13g2_xnor2_1)
   0.008451    0.105140    0.130010    5.570146 ^ _152_/Y (sg13g2_xnor2_1)
               0.105140    0.000000    5.570146 ^ _153_/A2 (sg13g2_o21ai_1)
   0.007953    0.068264    0.097339    5.667485 v _153_/Y (sg13g2_o21ai_1)
               0.068264    0.000000    5.667485 v _155_/B (sg13g2_xnor2_1)
   0.008313    0.070545    0.122381    5.789866 v _155_/Y (sg13g2_xnor2_1)
               0.070545    0.000000    5.789866 v _156_/A2 (sg13g2_o21ai_1)
   0.008140    0.121438    0.129660    5.919527 ^ _156_/Y (sg13g2_o21ai_1)
               0.121438    0.000000    5.919527 ^ _158_/B (sg13g2_xnor2_1)
   0.008451    0.105140    0.130010    6.049536 ^ _158_/Y (sg13g2_xnor2_1)
               0.105140    0.000000    6.049536 ^ _159_/A2 (sg13g2_o21ai_1)
   0.007953    0.068264    0.097339    6.146876 v _159_/Y (sg13g2_o21ai_1)
               0.068264    0.000000    6.146876 v _161_/B (sg13g2_xnor2_1)
   0.008313    0.070545    0.122381    6.269257 v _161_/Y (sg13g2_xnor2_1)
               0.070545    0.000000    6.269257 v _162_/A2 (sg13g2_o21ai_1)
   0.008140    0.121438    0.129660    6.398917 ^ _162_/Y (sg13g2_o21ai_1)
               0.121438    0.000000    6.398917 ^ _164_/B (sg13g2_xnor2_1)
   0.008451    0.105140    0.130010    6.528927 ^ _164_/Y (sg13g2_xnor2_1)
               0.105140    0.000000    6.528927 ^ _165_/A2 (sg13g2_o21ai_1)
   0.007953    0.068264    0.097339    6.626266 v _165_/Y (sg13g2_o21ai_1)
               0.068264    0.000000    6.626266 v _167_/B (sg13g2_xnor2_1)
   0.008313    0.070545    0.122381    6.748648 v _167_/Y (sg13g2_xnor2_1)
               0.070545    0.000000    6.748648 v _168_/A2 (sg13g2_o21ai_1)
   0.011145    0.149278    0.151409    6.900057 ^ _168_/Y (sg13g2_o21ai_1)
               0.149278    0.000000    6.900057 ^ _171_/B (sg13g2_xnor2_1)
   0.005004    0.080776    0.127354    7.027411 ^ _171_/Y (sg13g2_xnor2_1)
               0.080776    0.000000    7.027411 ^ _172_/B (sg13g2_xnor2_1)
   0.010000    0.115715    0.121023    7.148433 ^ _172_/Y (sg13g2_xnor2_1)
               0.115715    0.000000    7.148433 ^ sum[29] (out)
                                       7.148433   data arrival time

               0.000000  100.000000  100.000000   clock vclk (rise edge)
                           0.000000  100.000000   clock network delay (ideal)
                           0.000000  100.000000   clock reconvergence pessimism
                           0.000000  100.000000   output external delay
                                     100.000000   data required time
---------------------------------------------------------------------------------------
                                     100.000000   data required time
                                      -7.148433   data arrival time
---------------------------------------------------------------------------------------
                                      92.851570   slack (MET)


Startpoint: a[0] (input port clocked by vclk)
Endpoint: sum[28] (output port clocked by vclk)
Path Group: vclk
Path Type: max

        Cap        Slew       Delay        Time   Description
---------------------------------------------------------------------------------------
               0.000000    0.000000    0.000000   clock vclk (rise edge)
                           0.000000    0.000000   clock network delay (ideal)
                           0.000000    0.000000 v input external delay
   0.005035    0.050000    0.000000    0.000000 v a[0] (in)
               0.050000    0.000000    0.000000 v _242_/A (sg13g2_or2_1)
   0.005921    0.036782    0.118697    0.118697 v _242_/X (sg13g2_or2_1)
               0.036782    0.000000    0.118697 v _244_/A2 (sg13g2_a21oi_1)
   0.008011    0.093804    0.102932    0.221628 ^ _244_/Y (sg13g2_a21oi_1)
               0.093804    0.000000    0.221628 ^ _246_/B (sg13g2_xnor2_1)
   0.008257    0.103847    0.121170    0.342799 ^ _246_/Y (sg13g2_xnor2_1)
               0.103847    0.000000    0.342799 ^ _247_/A2 (sg13g2_a21oi_1)
   0.007914    0.073121    0.106442    0.449241 v _247_/Y (sg13g2_a21oi_1)
               0.073121    0.000000    0.449241 v _249_/B (sg13g2_xnor2_1)
   0.008109    0.103094    0.110576    0.559817 ^ _249_/Y (sg13g2_xnor2_1)
               0.103094    0.000000    0.559817 ^ _250_/A2 (sg13g2_a21o_1)
   0.011391    0.061272    0.152711    0.712528 ^ _250_/X (sg13g2_a21o_1)
               0.061272    0.000000    0.712528 ^ _252_/B (sg13g2_nor2_1)
   0.003257    0.027192    0.040042    0.752570 v _252_/Y (sg13g2_nor2_1)
               0.027192    0.000000    0.752570 v _254_/A2 (sg13g2_o21ai_1)
   0.007866    0.114472    0.110476    0.863045 ^ _254_/Y (sg13g2_o21ai_1)
               0.114472    0.000000    0.863045 ^ _256_/B (sg13g2_xor2_1)
   0.007863    0.094279    0.151347    1.014393 ^ _256_/X (sg13g2_xor2_1)
               0.094279    0.000000    1.014393 ^ _257_/A2 (sg13g2_a21o_1)
   0.008140    0.048863    0.139300    1.153693 ^ _257_/X (sg13g2_a21o_1)
               0.048863    0.000000    1.153693 ^ _259_/B (sg13g2_xnor2_1)
   0.008313    0.070545    0.082875    1.236567 v _259_/Y (sg13g2_xnor2_1)
               0.070545    0.000000    1.236567 v _260_/A2 (sg13g2_o21ai_1)
   0.008140    0.121438    0.129660    1.366228 ^ _260_/Y (sg13g2_o21ai_1)
               0.121438    0.000000    1.366228 ^ _262_/B (sg13g2_xnor2_1)
   0.008451    0.105049    0.130010    1.496237 ^ _262_/Y (sg13g2_xnor2_1)
               0.105049    0.000000    1.496237 ^ _263_/A2 (sg13g2_o21ai_1)
   0.007953    0.068242    0.097318    1.593555 v _263_/Y (sg13g2_o21ai_1)
               0.068242    0.000000    1.593555 v _265_/B (sg13g2_xnor2_1)
   0.008313    0.070545    0.122372    1.715927 v _265_/Y (sg13g2_xnor2_1)
               0.070545    0.000000    1.715927 v _266_/A2 (sg13g2_o21ai_1)
   0.008140    0.121438    0.129660    1.845587 ^ _266_/Y (sg13g2_o21ai_1)
               0.121438    0.000000    1.845587 ^ _268_/B (sg13g2_xnor2_1)
   0.008451    0.105140    0.130010    1.975597 ^ _268_/Y (sg13g2_xnor2_1)
               0.105140    0.000000    1.975597 ^ _269_/A2 (sg13g2_o21ai_1)
   0.007953    0.068264    0.097339    2.072936 v _269_/Y (sg13g2_o21ai_1)
               0.068264    0.000000    2.072936 v _271_/B (sg13g2_xnor2_1)
   0.008313    0.070545    0.122381    2.195317 v _271_/Y (sg13g2_xnor2_1)
               0.070545    0.000000    2.195317 v _272_/A2 (sg13g2_o21ai_1)
   0.008140    0.121438    0.129660    2.324977 ^ _272_/Y (sg13g2_o21ai_1)
               0.121438    0.000000    2.324977 ^ _274_/B (sg13g2_xnor2_1)
   0.008451    0.105140    0.130010    2.454987 ^ _274_/Y (sg13g2_xnor2_1)
               0.105140    0.000000    2.454987 ^ _275_/A2 (sg13g2_o21ai_1)
   0.007953    0.068264    0.097339    2.552326 v _275_/Y (sg13g2_o21ai_1)
               0.068264    0.000000    2.552326 v _277_/B (sg13g2_xnor2_1)
   0.008313    0.070545    0.122381    2.674707 v _277_/Y (sg13g2_xnor2_1)
               0.070545    0.000000    2.674707 v _278_/A2 (sg13g2_o21ai_1)
   0.008140    0.121438    0.129660    2.804368 ^ _278_/Y (sg13g2_o21ai_1)
               0.121438    0.000000    2.804368 ^ _280_/B (sg13g2_xnor2_1)
   0.008451    0.105140    0.130010    2.934377 ^ _280_/Y (sg13g2_xnor2_1)
               0.105140    0.000000    2.934377 ^ _281_/A2 (sg13g2_o21ai_1)
   0.007953    0.068264    0.097339    3.031717 v _281_/Y (sg13g2_o21ai_1)
               0.068264    0.000000    3.031717 v _283_/B (sg13g2_xnor2_1)
   0.008313    0.070545    0.122381    3.154098 v _283_/Y (sg13g2_xnor2_1)
               0.070545    0.000000    3.154098 v _284_/A2 (sg13g2_o21ai_1)
   0.008140    0.121438    0.129660    3.283758 ^ _284_/Y (sg13g2_o21ai_1)
               0.121438    0.000000    3.283758 ^ _286_/B (sg13g2_xnor2_1)
   0.008451    0.105140    0.130010    3.413768 ^ _286_/Y (sg13g2_xnor2_1)
               0.105140    0.000000    3.413768 ^ _287_/A2 (sg13g2_o21ai_1)
   0.007953    0.068264    0.097339    3.511107 v _287_/Y (sg13g2_o21ai_1)
               0.068264    0.000000    3.511107 v _128_/B (sg13g2_xnor2_1)
   0.008313    0.070545    0.122381    3.633488 v _128_/Y (sg13g2_xnor2_1)
               0.070545    0.000000    3.633488 v _129_/A2 (sg13g2_o21ai_1)
   0.008140    0.121438    0.129661    3.763149 ^ _129_/Y (sg13g2_o21ai_1)
               0.121438    0.000000    3.763149 ^ _131_/B (sg13g2_xnor2_1)
   0.008451    0.105140    0.130010    3.893158 ^ _131_/Y (sg13g2_xnor2_1)
               0.105140    0.000000    3.893158 ^ _132_/A2 (sg13g2_o21ai_1)
   0.007953    0.068264    0.097339    3.990498 v _132_/Y (sg13g2_o21ai_1)
               0.068264    0.000000    3.990498 v _134_/B (sg13g2_xnor2_1)
   0.008313    0.070545    0.122381    4.112879 v _134_/Y (sg13g2_xnor2_1)
               0.070545    0.000000    4.112879 v _135_/A2 (sg13g2_o21ai_1)
   0.008140    0.121438    0.129660    4.242539 ^ _135_/Y (sg13g2_o21ai_1)
               0.121438    0.000000    4.242539 ^ _137_/B (sg13g2_xnor2_1)
   0.008451    0.105140    0.130010    4.372549 ^ _137_/Y (sg13g2_xnor2_1)
               0.105140    0.000000    4.372549 ^ _138_/A2 (sg13g2_o21ai_1)
   0.007953    0.068264    0.097339    4.469889 v _138_/Y (sg13g2_o21ai_1)
               0.068264    0.000000    4.469889 v _140_/B (sg13g2_xnor2_1)
   0.008313    0.070545    0.122381    4.592270 v _140_/Y (sg13g2_xnor2_1)
               0.070545    0.000000    4.592270 v _141_/A2 (sg13g2_o21ai_1)
   0.008140    0.121438    0.129660    4.721930 ^ _141_/Y (sg13g2_o21ai_1)
               0.121438    0.000000    4.721930 ^ _143_/B (sg13g2_xnor2_1)
   0.008451    0.105140    0.130010    4.851940 ^ _143_/Y (sg13g2_xnor2_1)
               0.105140    0.000000    4.851940 ^ _144_/A2 (sg13g2_o21ai_1)
   0.007953    0.068264    0.097339    4.949279 v _144_/Y (sg13g2_o21ai_1)
               0.068264    0.000000    4.949279 v _146_/B (sg13g2_xnor2_1)
   0.008313    0.070545    0.122381    5.071661 v _146_/Y (sg13g2_xnor2_1)
               0.070545    0.000000    5.071661 v _147_/A2 (sg13g2_o21ai_1)
   0.008140    0.121438    0.129660    5.201321 ^ _147_/Y (sg13g2_o21ai_1)
               0.121438    0.000000    5.201321 ^ _149_/B (sg13g2_xnor2_1)
   0.008451    0.105140    0.130010    5.331331 ^ _149_/Y (sg13g2_xnor2_1)
               0.105140    0.000000    5.331331 ^ _150_/A2 (sg13g2_o21ai_1)
   0.007953    0.068264    0.097339    5.428670 v _150_/Y (sg13g2_o21ai_1)
               0.068264    0.000000    5.428670 v _152_/B (sg13g2_xnor2_1)
   0.008313    0.070545    0.122381    5.551051 v _152_/Y (sg13g2_xnor2_1)
               0.070545    0.000000    5.551051 v _153_/A2 (sg13g2_o21ai_1)
   0.008140    0.121438    0.129660    5.680712 ^ _153_/Y (sg13g2_o21ai_1)
               0.121438    0.000000    5.680712 ^ _155_/B (sg13g2_xnor2_1)
   0.008451    0.105140    0.130010    5.810721 ^ _155_/Y (sg13g2_xnor2_1)
               0.105140    0.000000    5.810721 ^ _156_/A2 (sg13g2_o21ai_1)
   0.007953    0.068264    0.097339    5.908061 v _156_/Y (sg13g2_o21ai_1)
               0.068264    0.000000    5.908061 v _158_/B (sg13g2_xnor2_1)
   0.008313    0.070545    0.122381    6.030442 v _158_/Y (sg13g2_xnor2_1)
               0.070545    0.000000    6.030442 v _159_/A2 (sg13g2_o21ai_1)
   0.008140    0.121438    0.129660    6.160102 ^ _159_/Y (sg13g2_o21ai_1)
               0.121438    0.000000    6.160102 ^ _161_/B (sg13g2_xnor2_1)
   0.008451    0.105140    0.130010    6.290112 ^ _161_/Y (sg13g2_xnor2_1)
               0.105140    0.000000    6.290112 ^ _162_/A2 (sg13g2_o21ai_1)
   0.007953    0.068264    0.097339    6.387452 v _162_/Y (sg13g2_o21ai_1)
               0.068264    0.000000    6.387452 v _164_/B (sg13g2_xnor2_1)
   0.008313    0.070545    0.122381    6.509833 v _164_/Y (sg13g2_xnor2_1)
               0.070545    0.000000    6.509833 v _165_/A2 (sg13g2_o21ai_1)
   0.008140    0.121438    0.129660    6.639493 ^ _165_/Y (sg13g2_o21ai_1)
               0.121438    0.000000    6.639493 ^ _167_/B (sg13g2_xnor2_1)
   0.008451    0.105140    0.130010    6.769503 ^ _167_/Y (sg13g2_xnor2_1)
               0.105140    0.000000    6.769503 ^ _186_/B (sg13g2_xnor2_1)
   0.010000    0.117353    0.130091    6.899594 ^ _186_/Y (sg13g2_xnor2_1)
               0.117353    0.000000    6.899594 ^ sum[28] (out)
                                       6.899594   data arrival time

               0.000000  100.000000  100.000000   clock vclk (rise edge)
                           0.000000  100.000000   clock network delay (ideal)
                           0.000000  100.000000   clock reconvergence pessimism
                           0.000000  100.000000   output external delay
                                     100.000000   data required time
---------------------------------------------------------------------------------------
                                     100.000000   data required time
                                      -6.899594   data arrival time
---------------------------------------------------------------------------------------
                                      93.100403   slack (MET)


Startpoint: a[0] (input port clocked by vclk)
Endpoint: sum[27] (output port clocked by vclk)
Path Group: vclk
Path Type: max

        Cap        Slew       Delay        Time   Description
---------------------------------------------------------------------------------------
               0.000000    0.000000    0.000000   clock vclk (rise edge)
                           0.000000    0.000000   clock network delay (ideal)
                           0.000000    0.000000 v input external delay
   0.005035    0.050000    0.000000    0.000000 v a[0] (in)
               0.050000    0.000000    0.000000 v _242_/A (sg13g2_or2_1)
   0.005921    0.036782    0.118697    0.118697 v _242_/X (sg13g2_or2_1)
               0.036782    0.000000    0.118697 v _244_/A2 (sg13g2_a21oi_1)
   0.008011    0.093804    0.102932    0.221628 ^ _244_/Y (sg13g2_a21oi_1)
               0.093804    0.000000    0.221628 ^ _246_/B (sg13g2_xnor2_1)
   0.008257    0.103847    0.121170    0.342799 ^ _246_/Y (sg13g2_xnor2_1)
               0.103847    0.000000    0.342799 ^ _247_/A2 (sg13g2_a21oi_1)
   0.007914    0.073121    0.106442    0.449241 v _247_/Y (sg13g2_a21oi_1)
               0.073121    0.000000    0.449241 v _249_/B (sg13g2_xnor2_1)
   0.008109    0.103094    0.110576    0.559817 ^ _249_/Y (sg13g2_xnor2_1)
               0.103094    0.000000    0.559817 ^ _250_/A2 (sg13g2_a21o_1)
   0.011391    0.061272    0.152711    0.712528 ^ _250_/X (sg13g2_a21o_1)
               0.061272    0.000000    0.712528 ^ _252_/B (sg13g2_nor2_1)
   0.003257    0.027192    0.040042    0.752570 v _252_/Y (sg13g2_nor2_1)
               0.027192    0.000000    0.752570 v _254_/A2 (sg13g2_o21ai_1)
   0.007866    0.114472    0.110476    0.863045 ^ _254_/Y (sg13g2_o21ai_1)
               0.114472    0.000000    0.863045 ^ _256_/B (sg13g2_xor2_1)
   0.007863    0.094279    0.151347    1.014393 ^ _256_/X (sg13g2_xor2_1)
               0.094279    0.000000    1.014393 ^ _257_/A2 (sg13g2_a21o_1)
   0.008140    0.048863    0.139300    1.153693 ^ _257_/X (sg13g2_a21o_1)
               0.048863    0.000000    1.153693 ^ _259_/B (sg13g2_xnor2_1)
   0.008451    0.101992    0.102996    1.256688 ^ _259_/Y (sg13g2_xnor2_1)
               0.101992    0.000000    1.256688 ^ _260_/A2 (sg13g2_o21ai_1)
   0.007953    0.067504    0.096599    1.353288 v _260_/Y (sg13g2_o21ai_1)
               0.067504    0.000000    1.353288 v _262_/B (sg13g2_xnor2_1)
   0.008313    0.070545    0.122064    1.475352 v _262_/Y (sg13g2_xnor2_1)
               0.070545    0.000000    1.475352 v _263_/A2 (sg13g2_o21ai_1)
   0.008140    0.121438    0.129660    1.605012 ^ _263_/Y (sg13g2_o21ai_1)
               0.121438    0.000000    1.605012 ^ _265_/B (sg13g2_xnor2_1)
   0.008451    0.105138    0.130010    1.735022 ^ _265_/Y (sg13g2_xnor2_1)
               0.105138    0.000000    1.735022 ^ _266_/A2 (sg13g2_o21ai_1)
   0.007953    0.068263    0.097339    1.832361 v _266_/Y (sg13g2_o21ai_1)
               0.068263    0.000000    1.832361 v _268_/B (sg13g2_xnor2_1)
   0.008313    0.070545    0.122381    1.954741 v _268_/Y (sg13g2_xnor2_1)
               0.070545    0.000000    1.954741 v _269_/A2 (sg13g2_o21ai_1)
   0.008140    0.121438    0.129660    2.084402 ^ _269_/Y (sg13g2_o21ai_1)
               0.121438    0.000000    2.084402 ^ _271_/B (sg13g2_xnor2_1)
   0.008451    0.105140    0.130010    2.214411 ^ _271_/Y (sg13g2_xnor2_1)
               0.105140    0.000000    2.214411 ^ _272_/A2 (sg13g2_o21ai_1)
   0.007953    0.068264    0.097339    2.311751 v _272_/Y (sg13g2_o21ai_1)
               0.068264    0.000000    2.311751 v _274_/B (sg13g2_xnor2_1)
   0.008313    0.070545    0.122381    2.434132 v _274_/Y (sg13g2_xnor2_1)
               0.070545    0.000000    2.434132 v _275_/A2 (sg13g2_o21ai_1)
   0.008140    0.121438    0.129660    2.563792 ^ _275_/Y (sg13g2_o21ai_1)
               0.121438    0.000000    2.563792 ^ _277_/B (sg13g2_xnor2_1)
   0.008451    0.105140    0.130010    2.693802 ^ _277_/Y (sg13g2_xnor2_1)
               0.105140    0.000000    2.693802 ^ _278_/A2 (sg13g2_o21ai_1)
   0.007953    0.068264    0.097339    2.791141 v _278_/Y (sg13g2_o21ai_1)
               0.068264    0.000000    2.791141 v _280_/B (sg13g2_xnor2_1)
   0.008313    0.070545    0.122381    2.913522 v _280_/Y (sg13g2_xnor2_1)
               0.070545    0.000000    2.913522 v _281_/A2 (sg13g2_o21ai_1)
   0.008140    0.121438    0.129660    3.043182 ^ _281_/Y (sg13g2_o21ai_1)
               0.121438    0.000000    3.043182 ^ _283_/B (sg13g2_xnor2_1)
   0.008451    0.105140    0.130010    3.173192 ^ _283_/Y (sg13g2_xnor2_1)
               0.105140    0.000000    3.173192 ^ _284_/A2 (sg13g2_o21ai_1)
   0.007953    0.068264    0.097339    3.270531 v _284_/Y (sg13g2_o21ai_1)
               0.068264    0.000000    3.270531 v _286_/B (sg13g2_xnor2_1)
   0.008313    0.070545    0.122381    3.392912 v _286_/Y (sg13g2_xnor2_1)
               0.070545    0.000000    3.392912 v _287_/A2 (sg13g2_o21ai_1)
   0.008140    0.121438    0.129660    3.522573 ^ _287_/Y (sg13g2_o21ai_1)
               0.121438    0.000000    3.522573 ^ _128_/B (sg13g2_xnor2_1)
   0.008451    0.105140    0.130010    3.652583 ^ _128_/Y (sg13g2_xnor2_1)
               0.105140    0.000000    3.652583 ^ _129_/A2 (sg13g2_o21ai_1)
   0.007953    0.068264    0.097339    3.749922 v _129_/Y (sg13g2_o21ai_1)
               0.068264    0.000000    3.749922 v _131_/B (sg13g2_xnor2_1)
   0.008313    0.070545    0.122381    3.872303 v _131_/Y (sg13g2_xnor2_1)
               0.070545    0.000000    3.872303 v _132_/A2 (sg13g2_o21ai_1)
   0.008140    0.121438    0.129660    4.001963 ^ _132_/Y (sg13g2_o21ai_1)
               0.121438    0.000000    4.001963 ^ _134_/B (sg13g2_xnor2_1)
   0.008451    0.105140    0.130010    4.131973 ^ _134_/Y (sg13g2_xnor2_1)
               0.105140    0.000000    4.131973 ^ _135_/A2 (sg13g2_o21ai_1)
   0.007953    0.068264    0.097339    4.229312 v _135_/Y (sg13g2_o21ai_1)
               0.068264    0.000000    4.229312 v _137_/B (sg13g2_xnor2_1)
   0.008313    0.070545    0.122381    4.351694 v _137_/Y (sg13g2_xnor2_1)
               0.070545    0.000000    4.351694 v _138_/A2 (sg13g2_o21ai_1)
   0.008140    0.121438    0.129660    4.481354 ^ _138_/Y (sg13g2_o21ai_1)
               0.121438    0.000000    4.481354 ^ _140_/B (sg13g2_xnor2_1)
   0.008451    0.105140    0.130010    4.611364 ^ _140_/Y (sg13g2_xnor2_1)
               0.105140    0.000000    4.611364 ^ _141_/A2 (sg13g2_o21ai_1)
   0.007953    0.068264    0.097339    4.708704 v _141_/Y (sg13g2_o21ai_1)
               0.068264    0.000000    4.708704 v _143_/B (sg13g2_xnor2_1)
   0.008313    0.070545    0.122381    4.831085 v _143_/Y (sg13g2_xnor2_1)
               0.070545    0.000000    4.831085 v _144_/A2 (sg13g2_o21ai_1)
   0.008140    0.121438    0.129660    4.960745 ^ _144_/Y (sg13g2_o21ai_1)
               0.121438    0.000000    4.960745 ^ _146_/B (sg13g2_xnor2_1)
   0.008451    0.105140    0.130010    5.090755 ^ _146_/Y (sg13g2_xnor2_1)
               0.105140    0.000000    5.090755 ^ _147_/A2 (sg13g2_o21ai_1)
   0.007953    0.068264    0.097339    5.188094 v _147_/Y (sg13g2_o21ai_1)
               0.068264    0.000000    5.188094 v _149_/B (sg13g2_xnor2_1)
   0.008313    0.070545    0.122381    5.310475 v _149_/Y (sg13g2_xnor2_1)
               0.070545    0.000000    5.310475 v _150_/A2 (sg13g2_o21ai_1)
   0.008140    0.121438    0.129660    5.440135 ^ _150_/Y (sg13g2_o21ai_1)
               0.121438    0.000000    5.440135 ^ _152_/B (sg13g2_xnor2_1)
   0.008451    0.105140    0.130010    5.570146 ^ _152_/Y (sg13g2_xnor2_1)
               0.105140    0.000000    5.570146 ^ _153_/A2 (sg13g2_o21ai_1)
   0.007953    0.068264    0.097339    5.667485 v _153_/Y (sg13g2_o21ai_1)
               0.068264    0.000000    5.667485 v _155_/B (sg13g2_xnor2_1)
   0.008313    0.070545    0.122381    5.789866 v _155_/Y (sg13g2_xnor2_1)
               0.070545    0.000000    5.789866 v _156_/A2 (sg13g2_o21ai_1)
   0.008140    0.121438    0.129660    5.919527 ^ _156_/Y (sg13g2_o21ai_1)
               0.121438    0.000000    5.919527 ^ _158_/B (sg13g2_xnor2_1)
   0.008451    0.105140    0.130010    6.049536 ^ _158_/Y (sg13g2_xnor2_1)
               0.105140    0.000000    6.049536 ^ _159_/A2 (sg13g2_o21ai_1)
   0.007953    0.068264    0.097339    6.146876 v _159_/Y (sg13g2_o21ai_1)
               0.068264    0.000000    6.146876 v _161_/B (sg13g2_xnor2_1)
   0.008313    0.070545    0.122381    6.269257 v _161_/Y (sg13g2_xnor2_1)
               0.070545    0.000000    6.269257 v _162_/A2 (sg13g2_o21ai_1)
   0.008140    0.121438    0.129660    6.398917 ^ _162_/Y (sg13g2_o21ai_1)
               0.121438    0.000000    6.398917 ^ _164_/B (sg13g2_xnor2_1)
   0.008451    0.105140    0.130010    6.528927 ^ _164_/Y (sg13g2_xnor2_1)
               0.105140    0.000000    6.528927 ^ _178_/B (sg13g2_xnor2_1)
   0.010000    0.117353    0.130091    6.659018 ^ _178_/Y (sg13g2_xnor2_1)
               0.117353    0.000000    6.659018 ^ sum[27] (out)
                                       6.659018   data arrival time

               0.000000  100.000000  100.000000   clock vclk (rise edge)
                           0.000000  100.000000   clock network delay (ideal)
                           0.000000  100.000000   clock reconvergence pessimism
                           0.000000  100.000000   output external delay
                                     100.000000   data required time
---------------------------------------------------------------------------------------
                                     100.000000   data required time
                                      -6.659018   data arrival time
---------------------------------------------------------------------------------------
                                      93.340981   slack (MET)


Startpoint: a[0] (input port clocked by vclk)
Endpoint: sum[26] (output port clocked by vclk)
Path Group: vclk
Path Type: max

        Cap        Slew       Delay        Time   Description
---------------------------------------------------------------------------------------
               0.000000    0.000000    0.000000   clock vclk (rise edge)
                           0.000000    0.000000   clock network delay (ideal)
                           0.000000    0.000000 v input external delay
   0.005035    0.050000    0.000000    0.000000 v a[0] (in)
               0.050000    0.000000    0.000000 v _242_/A (sg13g2_or2_1)
   0.005921    0.036782    0.118697    0.118697 v _242_/X (sg13g2_or2_1)
               0.036782    0.000000    0.118697 v _244_/A2 (sg13g2_a21oi_1)
   0.008011    0.093804    0.102932    0.221628 ^ _244_/Y (sg13g2_a21oi_1)
               0.093804    0.000000    0.221628 ^ _246_/B (sg13g2_xnor2_1)
   0.008257    0.103847    0.121170    0.342799 ^ _246_/Y (sg13g2_xnor2_1)
               0.103847    0.000000    0.342799 ^ _247_/A2 (sg13g2_a21oi_1)
   0.007914    0.073121    0.106442    0.449241 v _247_/Y (sg13g2_a21oi_1)
               0.073121    0.000000    0.449241 v _249_/B (sg13g2_xnor2_1)
   0.008109    0.103094    0.110576    0.559817 ^ _249_/Y (sg13g2_xnor2_1)
               0.103094    0.000000    0.559817 ^ _250_/A2 (sg13g2_a21o_1)
   0.011391    0.061272    0.152711    0.712528 ^ _250_/X (sg13g2_a21o_1)
               0.061272    0.000000    0.712528 ^ _252_/B (sg13g2_nor2_1)
   0.003257    0.027192    0.040042    0.752570 v _252_/Y (sg13g2_nor2_1)
               0.027192    0.000000    0.752570 v _254_/A2 (sg13g2_o21ai_1)
   0.007866    0.114472    0.110476    0.863045 ^ _254_/Y (sg13g2_o21ai_1)
               0.114472    0.000000    0.863045 ^ _256_/B (sg13g2_xor2_1)
   0.007863    0.094279    0.151347    1.014393 ^ _256_/X (sg13g2_xor2_1)
               0.094279    0.000000    1.014393 ^ _257_/A2 (sg13g2_a21o_1)
   0.008140    0.048863    0.139300    1.153693 ^ _257_/X (sg13g2_a21o_1)
               0.048863    0.000000    1.153693 ^ _259_/B (sg13g2_xnor2_1)
   0.008313    0.070545    0.082875    1.236567 v _259_/Y (sg13g2_xnor2_1)
               0.070545    0.000000    1.236567 v _260_/A2 (sg13g2_o21ai_1)
   0.008140    0.121438    0.129660    1.366228 ^ _260_/Y (sg13g2_o21ai_1)
               0.121438    0.000000    1.366228 ^ _262_/B (sg13g2_xnor2_1)
   0.008451    0.105049    0.130010    1.496237 ^ _262_/Y (sg13g2_xnor2_1)
               0.105049    0.000000    1.496237 ^ _263_/A2 (sg13g2_o21ai_1)
   0.007953    0.068242    0.097318    1.593555 v _263_/Y (sg13g2_o21ai_1)
               0.068242    0.000000    1.593555 v _265_/B (sg13g2_xnor2_1)
   0.008313    0.070545    0.122372    1.715927 v _265_/Y (sg13g2_xnor2_1)
               0.070545    0.000000    1.715927 v _266_/A2 (sg13g2_o21ai_1)
   0.008140    0.121438    0.129660    1.845587 ^ _266_/Y (sg13g2_o21ai_1)
               0.121438    0.000000    1.845587 ^ _268_/B (sg13g2_xnor2_1)
   0.008451    0.105140    0.130010    1.975597 ^ _268_/Y (sg13g2_xnor2_1)
               0.105140    0.000000    1.975597 ^ _269_/A2 (sg13g2_o21ai_1)
   0.007953    0.068264    0.097339    2.072936 v _269_/Y (sg13g2_o21ai_1)
               0.068264    0.000000    2.072936 v _271_/B (sg13g2_xnor2_1)
   0.008313    0.070545    0.122381    2.195317 v _271_/Y (sg13g2_xnor2_1)
               0.070545    0.000000    2.195317 v _272_/A2 (sg13g2_o21ai_1)
   0.008140    0.121438    0.129660    2.324977 ^ _272_/Y (sg13g2_o21ai_1)
               0.121438    0.000000    2.324977 ^ _274_/B (sg13g2_xnor2_1)
   0.008451    0.105140    0.130010    2.454987 ^ _274_/Y (sg13g2_xnor2_1)
               0.105140    0.000000    2.454987 ^ _275_/A2 (sg13g2_o21ai_1)
   0.007953    0.068264    0.097339    2.552326 v _275_/Y (sg13g2_o21ai_1)
               0.068264    0.000000    2.552326 v _277_/B (sg13g2_xnor2_1)
   0.008313    0.070545    0.122381    2.674707 v _277_/Y (sg13g2_xnor2_1)
               0.070545    0.000000    2.674707 v _278_/A2 (sg13g2_o21ai_1)
   0.008140    0.121438    0.129660    2.804368 ^ _278_/Y (sg13g2_o21ai_1)
               0.121438    0.000000    2.804368 ^ _280_/B (sg13g2_xnor2_1)
   0.008451    0.105140    0.130010    2.934377 ^ _280_/Y (sg13g2_xnor2_1)
               0.105140    0.000000    2.934377 ^ _281_/A2 (sg13g2_o21ai_1)
   0.007953    0.068264    0.097339    3.031717 v _281_/Y (sg13g2_o21ai_1)
               0.068264    0.000000    3.031717 v _283_/B (sg13g2_xnor2_1)
   0.008313    0.070545    0.122381    3.154098 v _283_/Y (sg13g2_xnor2_1)
               0.070545    0.000000    3.154098 v _284_/A2 (sg13g2_o21ai_1)
   0.008140    0.121438    0.129660    3.283758 ^ _284_/Y (sg13g2_o21ai_1)
               0.121438    0.000000    3.283758 ^ _286_/B (sg13g2_xnor2_1)
   0.008451    0.105140    0.130010    3.413768 ^ _286_/Y (sg13g2_xnor2_1)
               0.105140    0.000000    3.413768 ^ _287_/A2 (sg13g2_o21ai_1)
   0.007953    0.068264    0.097339    3.511107 v _287_/Y (sg13g2_o21ai_1)
               0.068264    0.000000    3.511107 v _128_/B (sg13g2_xnor2_1)
   0.008313    0.070545    0.122381    3.633488 v _128_/Y (sg13g2_xnor2_1)
               0.070545    0.000000    3.633488 v _129_/A2 (sg13g2_o21ai_1)
   0.008140    0.121438    0.129661    3.763149 ^ _129_/Y (sg13g2_o21ai_1)
               0.121438    0.000000    3.763149 ^ _131_/B (sg13g2_xnor2_1)
   0.008451    0.105140    0.130010    3.893158 ^ _131_/Y (sg13g2_xnor2_1)
               0.105140    0.000000    3.893158 ^ _132_/A2 (sg13g2_o21ai_1)
   0.007953    0.068264    0.097339    3.990498 v _132_/Y (sg13g2_o21ai_1)
               0.068264    0.000000    3.990498 v _134_/B (sg13g2_xnor2_1)
   0.008313    0.070545    0.122381    4.112879 v _134_/Y (sg13g2_xnor2_1)
               0.070545    0.000000    4.112879 v _135_/A2 (sg13g2_o21ai_1)
   0.008140    0.121438    0.129660    4.242539 ^ _135_/Y (sg13g2_o21ai_1)
               0.121438    0.000000    4.242539 ^ _137_/B (sg13g2_xnor2_1)
   0.008451    0.105140    0.130010    4.372549 ^ _137_/Y (sg13g2_xnor2_1)
               0.105140    0.000000    4.372549 ^ _138_/A2 (sg13g2_o21ai_1)
   0.007953    0.068264    0.097339    4.469889 v _138_/Y (sg13g2_o21ai_1)
               0.068264    0.000000    4.469889 v _140_/B (sg13g2_xnor2_1)
   0.008313    0.070545    0.122381    4.592270 v _140_/Y (sg13g2_xnor2_1)
               0.070545    0.000000    4.592270 v _141_/A2 (sg13g2_o21ai_1)
   0.008140    0.121438    0.129660    4.721930 ^ _141_/Y (sg13g2_o21ai_1)
               0.121438    0.000000    4.721930 ^ _143_/B (sg13g2_xnor2_1)
   0.008451    0.105140    0.130010    4.851940 ^ _143_/Y (sg13g2_xnor2_1)
               0.105140    0.000000    4.851940 ^ _144_/A2 (sg13g2_o21ai_1)
   0.007953    0.068264    0.097339    4.949279 v _144_/Y (sg13g2_o21ai_1)
               0.068264    0.000000    4.949279 v _146_/B (sg13g2_xnor2_1)
   0.008313    0.070545    0.122381    5.071661 v _146_/Y (sg13g2_xnor2_1)
               0.070545    0.000000    5.071661 v _147_/A2 (sg13g2_o21ai_1)
   0.008140    0.121438    0.129660    5.201321 ^ _147_/Y (sg13g2_o21ai_1)
               0.121438    0.000000    5.201321 ^ _149_/B (sg13g2_xnor2_1)
   0.008451    0.105140    0.130010    5.331331 ^ _149_/Y (sg13g2_xnor2_1)
               0.105140    0.000000    5.331331 ^ _150_/A2 (sg13g2_o21ai_1)
   0.007953    0.068264    0.097339    5.428670 v _150_/Y (sg13g2_o21ai_1)
               0.068264    0.000000    5.428670 v _152_/B (sg13g2_xnor2_1)
   0.008313    0.070545    0.122381    5.551051 v _152_/Y (sg13g2_xnor2_1)
               0.070545    0.000000    5.551051 v _153_/A2 (sg13g2_o21ai_1)
   0.008140    0.121438    0.129660    5.680712 ^ _153_/Y (sg13g2_o21ai_1)
               0.121438    0.000000    5.680712 ^ _155_/B (sg13g2_xnor2_1)
   0.008451    0.105140    0.130010    5.810721 ^ _155_/Y (sg13g2_xnor2_1)
               0.105140    0.000000    5.810721 ^ _156_/A2 (sg13g2_o21ai_1)
   0.007953    0.068264    0.097339    5.908061 v _156_/Y (sg13g2_o21ai_1)
               0.068264    0.000000    5.908061 v _158_/B (sg13g2_xnor2_1)
   0.008313    0.070545    0.122381    6.030442 v _158_/Y (sg13g2_xnor2_1)
               0.070545    0.000000    6.030442 v _159_/A2 (sg13g2_o21ai_1)
   0.008140    0.121438    0.129660    6.160102 ^ _159_/Y (sg13g2_o21ai_1)
               0.121438    0.000000    6.160102 ^ _161_/B (sg13g2_xnor2_1)
   0.008451    0.105140    0.130010    6.290112 ^ _161_/Y (sg13g2_xnor2_1)
               0.105140    0.000000    6.290112 ^ _197_/B (sg13g2_xnor2_1)
   0.010000    0.117353    0.130091    6.420203 ^ _197_/Y (sg13g2_xnor2_1)
               0.117353    0.000000    6.420203 ^ sum[26] (out)
                                       6.420203   data arrival time

               0.000000  100.000000  100.000000   clock vclk (rise edge)
                           0.000000  100.000000   clock network delay (ideal)
                           0.000000  100.000000   clock reconvergence pessimism
                           0.000000  100.000000   output external delay
                                     100.000000   data required time
---------------------------------------------------------------------------------------
                                     100.000000   data required time
                                      -6.420203   data arrival time
---------------------------------------------------------------------------------------
                                      93.579796   slack (MET)


Startpoint: a[0] (input port clocked by vclk)
Endpoint: sum[25] (output port clocked by vclk)
Path Group: vclk
Path Type: max

        Cap        Slew       Delay        Time   Description
---------------------------------------------------------------------------------------
               0.000000    0.000000    0.000000   clock vclk (rise edge)
                           0.000000    0.000000   clock network delay (ideal)
                           0.000000    0.000000 v input external delay
   0.005035    0.050000    0.000000    0.000000 v a[0] (in)
               0.050000    0.000000    0.000000 v _242_/A (sg13g2_or2_1)
   0.005921    0.036782    0.118697    0.118697 v _242_/X (sg13g2_or2_1)
               0.036782    0.000000    0.118697 v _244_/A2 (sg13g2_a21oi_1)
   0.008011    0.093804    0.102932    0.221628 ^ _244_/Y (sg13g2_a21oi_1)
               0.093804    0.000000    0.221628 ^ _246_/B (sg13g2_xnor2_1)
   0.008257    0.103847    0.121170    0.342799 ^ _246_/Y (sg13g2_xnor2_1)
               0.103847    0.000000    0.342799 ^ _247_/A2 (sg13g2_a21oi_1)
   0.007914    0.073121    0.106442    0.449241 v _247_/Y (sg13g2_a21oi_1)
               0.073121    0.000000    0.449241 v _249_/B (sg13g2_xnor2_1)
   0.008109    0.103094    0.110576    0.559817 ^ _249_/Y (sg13g2_xnor2_1)
               0.103094    0.000000    0.559817 ^ _250_/A2 (sg13g2_a21o_1)
   0.011391    0.061272    0.152711    0.712528 ^ _250_/X (sg13g2_a21o_1)
               0.061272    0.000000    0.712528 ^ _252_/B (sg13g2_nor2_1)
   0.003257    0.027192    0.040042    0.752570 v _252_/Y (sg13g2_nor2_1)
               0.027192    0.000000    0.752570 v _254_/A2 (sg13g2_o21ai_1)
   0.007866    0.114472    0.110476    0.863045 ^ _254_/Y (sg13g2_o21ai_1)
               0.114472    0.000000    0.863045 ^ _256_/B (sg13g2_xor2_1)
   0.007863    0.094279    0.151347    1.014393 ^ _256_/X (sg13g2_xor2_1)
               0.094279    0.000000    1.014393 ^ _257_/A2 (sg13g2_a21o_1)
   0.008140    0.048863    0.139300    1.153693 ^ _257_/X (sg13g2_a21o_1)
               0.048863    0.000000    1.153693 ^ _259_/B (sg13g2_xnor2_1)
   0.008451    0.101992    0.102996    1.256688 ^ _259_/Y (sg13g2_xnor2_1)
               0.101992    0.000000    1.256688 ^ _260_/A2 (sg13g2_o21ai_1)
   0.007953    0.067504    0.096599    1.353288 v _260_/Y (sg13g2_o21ai_1)
               0.067504    0.000000    1.353288 v _262_/B (sg13g2_xnor2_1)
   0.008313    0.070545    0.122064    1.475352 v _262_/Y (sg13g2_xnor2_1)
               0.070545    0.000000    1.475352 v _263_/A2 (sg13g2_o21ai_1)
   0.008140    0.121438    0.129660    1.605012 ^ _263_/Y (sg13g2_o21ai_1)
               0.121438    0.000000    1.605012 ^ _265_/B (sg13g2_xnor2_1)
   0.008451    0.105138    0.130010    1.735022 ^ _265_/Y (sg13g2_xnor2_1)
               0.105138    0.000000    1.735022 ^ _266_/A2 (sg13g2_o21ai_1)
   0.007953    0.068263    0.097339    1.832361 v _266_/Y (sg13g2_o21ai_1)
               0.068263    0.000000    1.832361 v _268_/B (sg13g2_xnor2_1)
   0.008313    0.070545    0.122381    1.954741 v _268_/Y (sg13g2_xnor2_1)
               0.070545    0.000000    1.954741 v _269_/A2 (sg13g2_o21ai_1)
   0.008140    0.121438    0.129660    2.084402 ^ _269_/Y (sg13g2_o21ai_1)
               0.121438    0.000000    2.084402 ^ _271_/B (sg13g2_xnor2_1)
   0.008451    0.105140    0.130010    2.214411 ^ _271_/Y (sg13g2_xnor2_1)
               0.105140    0.000000    2.214411 ^ _272_/A2 (sg13g2_o21ai_1)
   0.007953    0.068264    0.097339    2.311751 v _272_/Y (sg13g2_o21ai_1)
               0.068264    0.000000    2.311751 v _274_/B (sg13g2_xnor2_1)
   0.008313    0.070545    0.122381    2.434132 v _274_/Y (sg13g2_xnor2_1)
               0.070545    0.000000    2.434132 v _275_/A2 (sg13g2_o21ai_1)
   0.008140    0.121438    0.129660    2.563792 ^ _275_/Y (sg13g2_o21ai_1)
               0.121438    0.000000    2.563792 ^ _277_/B (sg13g2_xnor2_1)
   0.008451    0.105140    0.130010    2.693802 ^ _277_/Y (sg13g2_xnor2_1)
               0.105140    0.000000    2.693802 ^ _278_/A2 (sg13g2_o21ai_1)
   0.007953    0.068264    0.097339    2.791141 v _278_/Y (sg13g2_o21ai_1)
               0.068264    0.000000    2.791141 v _280_/B (sg13g2_xnor2_1)
   0.008313    0.070545    0.122381    2.913522 v _280_/Y (sg13g2_xnor2_1)
               0.070545    0.000000    2.913522 v _281_/A2 (sg13g2_o21ai_1)
   0.008140    0.121438    0.129660    3.043182 ^ _281_/Y (sg13g2_o21ai_1)
               0.121438    0.000000    3.043182 ^ _283_/B (sg13g2_xnor2_1)
   0.008451    0.105140    0.130010    3.173192 ^ _283_/Y (sg13g2_xnor2_1)
               0.105140    0.000000    3.173192 ^ _284_/A2 (sg13g2_o21ai_1)
   0.007953    0.068264    0.097339    3.270531 v _284_/Y (sg13g2_o21ai_1)
               0.068264    0.000000    3.270531 v _286_/B (sg13g2_xnor2_1)
   0.008313    0.070545    0.122381    3.392912 v _286_/Y (sg13g2_xnor2_1)
               0.070545    0.000000    3.392912 v _287_/A2 (sg13g2_o21ai_1)
   0.008140    0.121438    0.129660    3.522573 ^ _287_/Y (sg13g2_o21ai_1)
               0.121438    0.000000    3.522573 ^ _128_/B (sg13g2_xnor2_1)
   0.008451    0.105140    0.130010    3.652583 ^ _128_/Y (sg13g2_xnor2_1)
               0.105140    0.000000    3.652583 ^ _129_/A2 (sg13g2_o21ai_1)
   0.007953    0.068264    0.097339    3.749922 v _129_/Y (sg13g2_o21ai_1)
               0.068264    0.000000    3.749922 v _131_/B (sg13g2_xnor2_1)
   0.008313    0.070545    0.122381    3.872303 v _131_/Y (sg13g2_xnor2_1)
               0.070545    0.000000    3.872303 v _132_/A2 (sg13g2_o21ai_1)
   0.008140    0.121438    0.129660    4.001963 ^ _132_/Y (sg13g2_o21ai_1)
               0.121438    0.000000    4.001963 ^ _134_/B (sg13g2_xnor2_1)
   0.008451    0.105140    0.130010    4.131973 ^ _134_/Y (sg13g2_xnor2_1)
               0.105140    0.000000    4.131973 ^ _135_/A2 (sg13g2_o21ai_1)
   0.007953    0.068264    0.097339    4.229312 v _135_/Y (sg13g2_o21ai_1)
               0.068264    0.000000    4.229312 v _137_/B (sg13g2_xnor2_1)
   0.008313    0.070545    0.122381    4.351694 v _137_/Y (sg13g2_xnor2_1)
               0.070545    0.000000    4.351694 v _138_/A2 (sg13g2_o21ai_1)
   0.008140    0.121438    0.129660    4.481354 ^ _138_/Y (sg13g2_o21ai_1)
               0.121438    0.000000    4.481354 ^ _140_/B (sg13g2_xnor2_1)
   0.008451    0.105140    0.130010    4.611364 ^ _140_/Y (sg13g2_xnor2_1)
               0.105140    0.000000    4.611364 ^ _141_/A2 (sg13g2_o21ai_1)
   0.007953    0.068264    0.097339    4.708704 v _141_/Y (sg13g2_o21ai_1)
               0.068264    0.000000    4.708704 v _143_/B (sg13g2_xnor2_1)
   0.008313    0.070545    0.122381    4.831085 v _143_/Y (sg13g2_xnor2_1)
               0.070545    0.000000    4.831085 v _144_/A2 (sg13g2_o21ai_1)
   0.008140    0.121438    0.129660    4.960745 ^ _144_/Y (sg13g2_o21ai_1)
               0.121438    0.000000    4.960745 ^ _146_/B (sg13g2_xnor2_1)
   0.008451    0.105140    0.130010    5.090755 ^ _146_/Y (sg13g2_xnor2_1)
               0.105140    0.000000    5.090755 ^ _147_/A2 (sg13g2_o21ai_1)
   0.007953    0.068264    0.097339    5.188094 v _147_/Y (sg13g2_o21ai_1)
               0.068264    0.000000    5.188094 v _149_/B (sg13g2_xnor2_1)
   0.008313    0.070545    0.122381    5.310475 v _149_/Y (sg13g2_xnor2_1)
               0.070545    0.000000    5.310475 v _150_/A2 (sg13g2_o21ai_1)
   0.008140    0.121438    0.129660    5.440135 ^ _150_/Y (sg13g2_o21ai_1)
               0.121438    0.000000    5.440135 ^ _152_/B (sg13g2_xnor2_1)
   0.008451    0.105140    0.130010    5.570146 ^ _152_/Y (sg13g2_xnor2_1)
               0.105140    0.000000    5.570146 ^ _153_/A2 (sg13g2_o21ai_1)
   0.007953    0.068264    0.097339    5.667485 v _153_/Y (sg13g2_o21ai_1)
               0.068264    0.000000    5.667485 v _155_/B (sg13g2_xnor2_1)
   0.008313    0.070545    0.122381    5.789866 v _155_/Y (sg13g2_xnor2_1)
               0.070545    0.000000    5.789866 v _156_/A2 (sg13g2_o21ai_1)
   0.008140    0.121438    0.129660    5.919527 ^ _156_/Y (sg13g2_o21ai_1)
               0.121438    0.000000    5.919527 ^ _158_/B (sg13g2_xnor2_1)
   0.008451    0.105140    0.130010    6.049536 ^ _158_/Y (sg13g2_xnor2_1)
               0.105140    0.000000    6.049536 ^ _189_/B (sg13g2_xnor2_1)
   0.010000    0.117353    0.130091    6.179627 ^ _189_/Y (sg13g2_xnor2_1)
               0.117353    0.000000    6.179627 ^ sum[25] (out)
                                       6.179627   data arrival time

               0.000000  100.000000  100.000000   clock vclk (rise edge)
                           0.000000  100.000000   clock network delay (ideal)
                           0.000000  100.000000   clock reconvergence pessimism
                           0.000000  100.000000   output external delay
                                     100.000000   data required time
---------------------------------------------------------------------------------------
                                     100.000000   data required time
                                      -6.179627   data arrival time
---------------------------------------------------------------------------------------
                                      93.820374   slack (MET)


Startpoint: a[0] (input port clocked by vclk)
Endpoint: sum[24] (output port clocked by vclk)
Path Group: vclk
Path Type: max

        Cap        Slew       Delay        Time   Description
---------------------------------------------------------------------------------------
               0.000000    0.000000    0.000000   clock vclk (rise edge)
                           0.000000    0.000000   clock network delay (ideal)
                           0.000000    0.000000 v input external delay
   0.005035    0.050000    0.000000    0.000000 v a[0] (in)
               0.050000    0.000000    0.000000 v _242_/A (sg13g2_or2_1)
   0.005921    0.036782    0.118697    0.118697 v _242_/X (sg13g2_or2_1)
               0.036782    0.000000    0.118697 v _244_/A2 (sg13g2_a21oi_1)
   0.008011    0.093804    0.102932    0.221628 ^ _244_/Y (sg13g2_a21oi_1)
               0.093804    0.000000    0.221628 ^ _246_/B (sg13g2_xnor2_1)
   0.008257    0.103847    0.121170    0.342799 ^ _246_/Y (sg13g2_xnor2_1)
               0.103847    0.000000    0.342799 ^ _247_/A2 (sg13g2_a21oi_1)
   0.007914    0.073121    0.106442    0.449241 v _247_/Y (sg13g2_a21oi_1)
               0.073121    0.000000    0.449241 v _249_/B (sg13g2_xnor2_1)
   0.008109    0.103094    0.110576    0.559817 ^ _249_/Y (sg13g2_xnor2_1)
               0.103094    0.000000    0.559817 ^ _250_/A2 (sg13g2_a21o_1)
   0.011391    0.061272    0.152711    0.712528 ^ _250_/X (sg13g2_a21o_1)
               0.061272    0.000000    0.712528 ^ _252_/B (sg13g2_nor2_1)
   0.003257    0.027192    0.040042    0.752570 v _252_/Y (sg13g2_nor2_1)
               0.027192    0.000000    0.752570 v _254_/A2 (sg13g2_o21ai_1)
   0.007866    0.114472    0.110476    0.863045 ^ _254_/Y (sg13g2_o21ai_1)
               0.114472    0.000000    0.863045 ^ _256_/B (sg13g2_xor2_1)
   0.007863    0.094279    0.151347    1.014393 ^ _256_/X (sg13g2_xor2_1)
               0.094279    0.000000    1.014393 ^ _257_/A2 (sg13g2_a21o_1)
   0.008140    0.048863    0.139300    1.153693 ^ _257_/X (sg13g2_a21o_1)
               0.048863    0.000000    1.153693 ^ _259_/B (sg13g2_xnor2_1)
   0.008313    0.070545    0.082875    1.236567 v _259_/Y (sg13g2_xnor2_1)
               0.070545    0.000000    1.236567 v _260_/A2 (sg13g2_o21ai_1)
   0.008140    0.121438    0.129660    1.366228 ^ _260_/Y (sg13g2_o21ai_1)
               0.121438    0.000000    1.366228 ^ _262_/B (sg13g2_xnor2_1)
   0.008451    0.105049    0.130010    1.496237 ^ _262_/Y (sg13g2_xnor2_1)
               0.105049    0.000000    1.496237 ^ _263_/A2 (sg13g2_o21ai_1)
   0.007953    0.068242    0.097318    1.593555 v _263_/Y (sg13g2_o21ai_1)
               0.068242    0.000000    1.593555 v _265_/B (sg13g2_xnor2_1)
   0.008313    0.070545    0.122372    1.715927 v _265_/Y (sg13g2_xnor2_1)
               0.070545    0.000000    1.715927 v _266_/A2 (sg13g2_o21ai_1)
   0.008140    0.121438    0.129660    1.845587 ^ _266_/Y (sg13g2_o21ai_1)
               0.121438    0.000000    1.845587 ^ _268_/B (sg13g2_xnor2_1)
   0.008451    0.105140    0.130010    1.975597 ^ _268_/Y (sg13g2_xnor2_1)
               0.105140    0.000000    1.975597 ^ _269_/A2 (sg13g2_o21ai_1)
   0.007953    0.068264    0.097339    2.072936 v _269_/Y (sg13g2_o21ai_1)
               0.068264    0.000000    2.072936 v _271_/B (sg13g2_xnor2_1)
   0.008313    0.070545    0.122381    2.195317 v _271_/Y (sg13g2_xnor2_1)
               0.070545    0.000000    2.195317 v _272_/A2 (sg13g2_o21ai_1)
   0.008140    0.121438    0.129660    2.324977 ^ _272_/Y (sg13g2_o21ai_1)
               0.121438    0.000000    2.324977 ^ _274_/B (sg13g2_xnor2_1)
   0.008451    0.105140    0.130010    2.454987 ^ _274_/Y (sg13g2_xnor2_1)
               0.105140    0.000000    2.454987 ^ _275_/A2 (sg13g2_o21ai_1)
   0.007953    0.068264    0.097339    2.552326 v _275_/Y (sg13g2_o21ai_1)
               0.068264    0.000000    2.552326 v _277_/B (sg13g2_xnor2_1)
   0.008313    0.070545    0.122381    2.674707 v _277_/Y (sg13g2_xnor2_1)
               0.070545    0.000000    2.674707 v _278_/A2 (sg13g2_o21ai_1)
   0.008140    0.121438    0.129660    2.804368 ^ _278_/Y (sg13g2_o21ai_1)
               0.121438    0.000000    2.804368 ^ _280_/B (sg13g2_xnor2_1)
   0.008451    0.105140    0.130010    2.934377 ^ _280_/Y (sg13g2_xnor2_1)
               0.105140    0.000000    2.934377 ^ _281_/A2 (sg13g2_o21ai_1)
   0.007953    0.068264    0.097339    3.031717 v _281_/Y (sg13g2_o21ai_1)
               0.068264    0.000000    3.031717 v _283_/B (sg13g2_xnor2_1)
   0.008313    0.070545    0.122381    3.154098 v _283_/Y (sg13g2_xnor2_1)
               0.070545    0.000000    3.154098 v _284_/A2 (sg13g2_o21ai_1)
   0.008140    0.121438    0.129660    3.283758 ^ _284_/Y (sg13g2_o21ai_1)
               0.121438    0.000000    3.283758 ^ _286_/B (sg13g2_xnor2_1)
   0.008451    0.105140    0.130010    3.413768 ^ _286_/Y (sg13g2_xnor2_1)
               0.105140    0.000000    3.413768 ^ _287_/A2 (sg13g2_o21ai_1)
   0.007953    0.068264    0.097339    3.511107 v _287_/Y (sg13g2_o21ai_1)
               0.068264    0.000000    3.511107 v _128_/B (sg13g2_xnor2_1)
   0.008313    0.070545    0.122381    3.633488 v _128_/Y (sg13g2_xnor2_1)
               0.070545    0.000000    3.633488 v _129_/A2 (sg13g2_o21ai_1)
   0.008140    0.121438    0.129661    3.763149 ^ _129_/Y (sg13g2_o21ai_1)
               0.121438    0.000000    3.763149 ^ _131_/B (sg13g2_xnor2_1)
   0.008451    0.105140    0.130010    3.893158 ^ _131_/Y (sg13g2_xnor2_1)
               0.105140    0.000000    3.893158 ^ _132_/A2 (sg13g2_o21ai_1)
   0.007953    0.068264    0.097339    3.990498 v _132_/Y (sg13g2_o21ai_1)
               0.068264    0.000000    3.990498 v _134_/B (sg13g2_xnor2_1)
   0.008313    0.070545    0.122381    4.112879 v _134_/Y (sg13g2_xnor2_1)
               0.070545    0.000000    4.112879 v _135_/A2 (sg13g2_o21ai_1)
   0.008140    0.121438    0.129660    4.242539 ^ _135_/Y (sg13g2_o21ai_1)
               0.121438    0.000000    4.242539 ^ _137_/B (sg13g2_xnor2_1)
   0.008451    0.105140    0.130010    4.372549 ^ _137_/Y (sg13g2_xnor2_1)
               0.105140    0.000000    4.372549 ^ _138_/A2 (sg13g2_o21ai_1)
   0.007953    0.068264    0.097339    4.469889 v _138_/Y (sg13g2_o21ai_1)
               0.068264    0.000000    4.469889 v _140_/B (sg13g2_xnor2_1)
   0.008313    0.070545    0.122381    4.592270 v _140_/Y (sg13g2_xnor2_1)
               0.070545    0.000000    4.592270 v _141_/A2 (sg13g2_o21ai_1)
   0.008140    0.121438    0.129660    4.721930 ^ _141_/Y (sg13g2_o21ai_1)
               0.121438    0.000000    4.721930 ^ _143_/B (sg13g2_xnor2_1)
   0.008451    0.105140    0.130010    4.851940 ^ _143_/Y (sg13g2_xnor2_1)
               0.105140    0.000000    4.851940 ^ _144_/A2 (sg13g2_o21ai_1)
   0.007953    0.068264    0.097339    4.949279 v _144_/Y (sg13g2_o21ai_1)
               0.068264    0.000000    4.949279 v _146_/B (sg13g2_xnor2_1)
   0.008313    0.070545    0.122381    5.071661 v _146_/Y (sg13g2_xnor2_1)
               0.070545    0.000000    5.071661 v _147_/A2 (sg13g2_o21ai_1)
   0.008140    0.121438    0.129660    5.201321 ^ _147_/Y (sg13g2_o21ai_1)
               0.121438    0.000000    5.201321 ^ _149_/B (sg13g2_xnor2_1)
   0.008451    0.105140    0.130010    5.331331 ^ _149_/Y (sg13g2_xnor2_1)
               0.105140    0.000000    5.331331 ^ _150_/A2 (sg13g2_o21ai_1)
   0.007953    0.068264    0.097339    5.428670 v _150_/Y (sg13g2_o21ai_1)
               0.068264    0.000000    5.428670 v _152_/B (sg13g2_xnor2_1)
   0.008313    0.070545    0.122381    5.551051 v _152_/Y (sg13g2_xnor2_1)
               0.070545    0.000000    5.551051 v _153_/A2 (sg13g2_o21ai_1)
   0.008140    0.121438    0.129660    5.680712 ^ _153_/Y (sg13g2_o21ai_1)
               0.121438    0.000000    5.680712 ^ _155_/B (sg13g2_xnor2_1)
   0.008451    0.105140    0.130010    5.810721 ^ _155_/Y (sg13g2_xnor2_1)
               0.105140    0.000000    5.810721 ^ _199_/B (sg13g2_xnor2_1)
   0.010000    0.117353    0.130091    5.940813 ^ _199_/Y (sg13g2_xnor2_1)
               0.117353    0.000000    5.940813 ^ sum[24] (out)
                                       5.940813   data arrival time

               0.000000  100.000000  100.000000   clock vclk (rise edge)
                           0.000000  100.000000   clock network delay (ideal)
                           0.000000  100.000000   clock reconvergence pessimism
                           0.000000  100.000000   output external delay
                                     100.000000   data required time
---------------------------------------------------------------------------------------
                                     100.000000   data required time
                                      -5.940813   data arrival time
---------------------------------------------------------------------------------------
                                      94.059181   slack (MET)


Startpoint: a[0] (input port clocked by vclk)
Endpoint: sum[23] (output port clocked by vclk)
Path Group: vclk
Path Type: max

        Cap        Slew       Delay        Time   Description
---------------------------------------------------------------------------------------
               0.000000    0.000000    0.000000   clock vclk (rise edge)
                           0.000000    0.000000   clock network delay (ideal)
                           0.000000    0.000000 v input external delay
   0.005035    0.050000    0.000000    0.000000 v a[0] (in)
               0.050000    0.000000    0.000000 v _242_/A (sg13g2_or2_1)
   0.005921    0.036782    0.118697    0.118697 v _242_/X (sg13g2_or2_1)
               0.036782    0.000000    0.118697 v _244_/A2 (sg13g2_a21oi_1)
   0.008011    0.093804    0.102932    0.221628 ^ _244_/Y (sg13g2_a21oi_1)
               0.093804    0.000000    0.221628 ^ _246_/B (sg13g2_xnor2_1)
   0.008257    0.103847    0.121170    0.342799 ^ _246_/Y (sg13g2_xnor2_1)
               0.103847    0.000000    0.342799 ^ _247_/A2 (sg13g2_a21oi_1)
   0.007914    0.073121    0.106442    0.449241 v _247_/Y (sg13g2_a21oi_1)
               0.073121    0.000000    0.449241 v _249_/B (sg13g2_xnor2_1)
   0.008109    0.103094    0.110576    0.559817 ^ _249_/Y (sg13g2_xnor2_1)
               0.103094    0.000000    0.559817 ^ _250_/A2 (sg13g2_a21o_1)
   0.011391    0.061272    0.152711    0.712528 ^ _250_/X (sg13g2_a21o_1)
               0.061272    0.000000    0.712528 ^ _252_/B (sg13g2_nor2_1)
   0.003257    0.027192    0.040042    0.752570 v _252_/Y (sg13g2_nor2_1)
               0.027192    0.000000    0.752570 v _254_/A2 (sg13g2_o21ai_1)
   0.007866    0.114472    0.110476    0.863045 ^ _254_/Y (sg13g2_o21ai_1)
               0.114472    0.000000    0.863045 ^ _256_/B (sg13g2_xor2_1)
   0.007863    0.094279    0.151347    1.014393 ^ _256_/X (sg13g2_xor2_1)
               0.094279    0.000000    1.014393 ^ _257_/A2 (sg13g2_a21o_1)
   0.008140    0.048863    0.139300    1.153693 ^ _257_/X (sg13g2_a21o_1)
               0.048863    0.000000    1.153693 ^ _259_/B (sg13g2_xnor2_1)
   0.008451    0.101992    0.102996    1.256688 ^ _259_/Y (sg13g2_xnor2_1)
               0.101992    0.000000    1.256688 ^ _260_/A2 (sg13g2_o21ai_1)
   0.007953    0.067504    0.096599    1.353288 v _260_/Y (sg13g2_o21ai_1)
               0.067504    0.000000    1.353288 v _262_/B (sg13g2_xnor2_1)
   0.008313    0.070545    0.122064    1.475352 v _262_/Y (sg13g2_xnor2_1)
               0.070545    0.000000    1.475352 v _263_/A2 (sg13g2_o21ai_1)
   0.008140    0.121438    0.129660    1.605012 ^ _263_/Y (sg13g2_o21ai_1)
               0.121438    0.000000    1.605012 ^ _265_/B (sg13g2_xnor2_1)
   0.008451    0.105138    0.130010    1.735022 ^ _265_/Y (sg13g2_xnor2_1)
               0.105138    0.000000    1.735022 ^ _266_/A2 (sg13g2_o21ai_1)
   0.007953    0.068263    0.097339    1.832361 v _266_/Y (sg13g2_o21ai_1)
               0.068263    0.000000    1.832361 v _268_/B (sg13g2_xnor2_1)
   0.008313    0.070545    0.122381    1.954741 v _268_/Y (sg13g2_xnor2_1)
               0.070545    0.000000    1.954741 v _269_/A2 (sg13g2_o21ai_1)
   0.008140    0.121438    0.129660    2.084402 ^ _269_/Y (sg13g2_o21ai_1)
               0.121438    0.000000    2.084402 ^ _271_/B (sg13g2_xnor2_1)
   0.008451    0.105140    0.130010    2.214411 ^ _271_/Y (sg13g2_xnor2_1)
               0.105140    0.000000    2.214411 ^ _272_/A2 (sg13g2_o21ai_1)
   0.007953    0.068264    0.097339    2.311751 v _272_/Y (sg13g2_o21ai_1)
               0.068264    0.000000    2.311751 v _274_/B (sg13g2_xnor2_1)
   0.008313    0.070545    0.122381    2.434132 v _274_/Y (sg13g2_xnor2_1)
               0.070545    0.000000    2.434132 v _275_/A2 (sg13g2_o21ai_1)
   0.008140    0.121438    0.129660    2.563792 ^ _275_/Y (sg13g2_o21ai_1)
               0.121438    0.000000    2.563792 ^ _277_/B (sg13g2_xnor2_1)
   0.008451    0.105140    0.130010    2.693802 ^ _277_/Y (sg13g2_xnor2_1)
               0.105140    0.000000    2.693802 ^ _278_/A2 (sg13g2_o21ai_1)
   0.007953    0.068264    0.097339    2.791141 v _278_/Y (sg13g2_o21ai_1)
               0.068264    0.000000    2.791141 v _280_/B (sg13g2_xnor2_1)
   0.008313    0.070545    0.122381    2.913522 v _280_/Y (sg13g2_xnor2_1)
               0.070545    0.000000    2.913522 v _281_/A2 (sg13g2_o21ai_1)
   0.008140    0.121438    0.129660    3.043182 ^ _281_/Y (sg13g2_o21ai_1)
               0.121438    0.000000    3.043182 ^ _283_/B (sg13g2_xnor2_1)
   0.008451    0.105140    0.130010    3.173192 ^ _283_/Y (sg13g2_xnor2_1)
               0.105140    0.000000    3.173192 ^ _284_/A2 (sg13g2_o21ai_1)
   0.007953    0.068264    0.097339    3.270531 v _284_/Y (sg13g2_o21ai_1)
               0.068264    0.000000    3.270531 v _286_/B (sg13g2_xnor2_1)
   0.008313    0.070545    0.122381    3.392912 v _286_/Y (sg13g2_xnor2_1)
               0.070545    0.000000    3.392912 v _287_/A2 (sg13g2_o21ai_1)
   0.008140    0.121438    0.129660    3.522573 ^ _287_/Y (sg13g2_o21ai_1)
               0.121438    0.000000    3.522573 ^ _128_/B (sg13g2_xnor2_1)
   0.008451    0.105140    0.130010    3.652583 ^ _128_/Y (sg13g2_xnor2_1)
               0.105140    0.000000    3.652583 ^ _129_/A2 (sg13g2_o21ai_1)
   0.007953    0.068264    0.097339    3.749922 v _129_/Y (sg13g2_o21ai_1)
               0.068264    0.000000    3.749922 v _131_/B (sg13g2_xnor2_1)
   0.008313    0.070545    0.122381    3.872303 v _131_/Y (sg13g2_xnor2_1)
               0.070545    0.000000    3.872303 v _132_/A2 (sg13g2_o21ai_1)
   0.008140    0.121438    0.129660    4.001963 ^ _132_/Y (sg13g2_o21ai_1)
               0.121438    0.000000    4.001963 ^ _134_/B (sg13g2_xnor2_1)
   0.008451    0.105140    0.130010    4.131973 ^ _134_/Y (sg13g2_xnor2_1)
               0.105140    0.000000    4.131973 ^ _135_/A2 (sg13g2_o21ai_1)
   0.007953    0.068264    0.097339    4.229312 v _135_/Y (sg13g2_o21ai_1)
               0.068264    0.000000    4.229312 v _137_/B (sg13g2_xnor2_1)
   0.008313    0.070545    0.122381    4.351694 v _137_/Y (sg13g2_xnor2_1)
               0.070545    0.000000    4.351694 v _138_/A2 (sg13g2_o21ai_1)
   0.008140    0.121438    0.129660    4.481354 ^ _138_/Y (sg13g2_o21ai_1)
               0.121438    0.000000    4.481354 ^ _140_/B (sg13g2_xnor2_1)
   0.008451    0.105140    0.130010    4.611364 ^ _140_/Y (sg13g2_xnor2_1)
               0.105140    0.000000    4.611364 ^ _141_/A2 (sg13g2_o21ai_1)
   0.007953    0.068264    0.097339    4.708704 v _141_/Y (sg13g2_o21ai_1)
               0.068264    0.000000    4.708704 v _143_/B (sg13g2_xnor2_1)
   0.008313    0.070545    0.122381    4.831085 v _143_/Y (sg13g2_xnor2_1)
               0.070545    0.000000    4.831085 v _144_/A2 (sg13g2_o21ai_1)
   0.008140    0.121438    0.129660    4.960745 ^ _144_/Y (sg13g2_o21ai_1)
               0.121438    0.000000    4.960745 ^ _146_/B (sg13g2_xnor2_1)
   0.008451    0.105140    0.130010    5.090755 ^ _146_/Y (sg13g2_xnor2_1)
               0.105140    0.000000    5.090755 ^ _147_/A2 (sg13g2_o21ai_1)
   0.007953    0.068264    0.097339    5.188094 v _147_/Y (sg13g2_o21ai_1)
               0.068264    0.000000    5.188094 v _149_/B (sg13g2_xnor2_1)
   0.008313    0.070545    0.122381    5.310475 v _149_/Y (sg13g2_xnor2_1)
               0.070545    0.000000    5.310475 v _150_/A2 (sg13g2_o21ai_1)
   0.008140    0.121438    0.129660    5.440135 ^ _150_/Y (sg13g2_o21ai_1)
               0.121438    0.000000    5.440135 ^ _152_/B (sg13g2_xnor2_1)
   0.008451    0.105140    0.130010    5.570146 ^ _152_/Y (sg13g2_xnor2_1)
               0.105140    0.000000    5.570146 ^ _211_/B (sg13g2_xnor2_1)
   0.010000    0.117353    0.130091    5.700236 ^ _211_/Y (sg13g2_xnor2_1)
               0.117353    0.000000    5.700236 ^ sum[23] (out)
                                       5.700236   data arrival time

               0.000000  100.000000  100.000000   clock vclk (rise edge)
                           0.000000  100.000000   clock network delay (ideal)
                           0.000000  100.000000   clock reconvergence pessimism
                           0.000000  100.000000   output external delay
                                     100.000000   data required time
---------------------------------------------------------------------------------------
                                     100.000000   data required time
                                      -5.700236   data arrival time
---------------------------------------------------------------------------------------
                                      94.299759   slack (MET)


Startpoint: a[0] (input port clocked by vclk)
Endpoint: sum[22] (output port clocked by vclk)
Path Group: vclk
Path Type: max

        Cap        Slew       Delay        Time   Description
---------------------------------------------------------------------------------------
               0.000000    0.000000    0.000000   clock vclk (rise edge)
                           0.000000    0.000000   clock network delay (ideal)
                           0.000000    0.000000 v input external delay
   0.005035    0.050000    0.000000    0.000000 v a[0] (in)
               0.050000    0.000000    0.000000 v _242_/A (sg13g2_or2_1)
   0.005921    0.036782    0.118697    0.118697 v _242_/X (sg13g2_or2_1)
               0.036782    0.000000    0.118697 v _244_/A2 (sg13g2_a21oi_1)
   0.008011    0.093804    0.102932    0.221628 ^ _244_/Y (sg13g2_a21oi_1)
               0.093804    0.000000    0.221628 ^ _246_/B (sg13g2_xnor2_1)
   0.008257    0.103847    0.121170    0.342799 ^ _246_/Y (sg13g2_xnor2_1)
               0.103847    0.000000    0.342799 ^ _247_/A2 (sg13g2_a21oi_1)
   0.007914    0.073121    0.106442    0.449241 v _247_/Y (sg13g2_a21oi_1)
               0.073121    0.000000    0.449241 v _249_/B (sg13g2_xnor2_1)
   0.008109    0.103094    0.110576    0.559817 ^ _249_/Y (sg13g2_xnor2_1)
               0.103094    0.000000    0.559817 ^ _250_/A2 (sg13g2_a21o_1)
   0.011391    0.061272    0.152711    0.712528 ^ _250_/X (sg13g2_a21o_1)
               0.061272    0.000000    0.712528 ^ _252_/B (sg13g2_nor2_1)
   0.003257    0.027192    0.040042    0.752570 v _252_/Y (sg13g2_nor2_1)
               0.027192    0.000000    0.752570 v _254_/A2 (sg13g2_o21ai_1)
   0.007866    0.114472    0.110476    0.863045 ^ _254_/Y (sg13g2_o21ai_1)
               0.114472    0.000000    0.863045 ^ _256_/B (sg13g2_xor2_1)
   0.007863    0.094279    0.151347    1.014393 ^ _256_/X (sg13g2_xor2_1)
               0.094279    0.000000    1.014393 ^ _257_/A2 (sg13g2_a21o_1)
   0.008140    0.048863    0.139300    1.153693 ^ _257_/X (sg13g2_a21o_1)
               0.048863    0.000000    1.153693 ^ _259_/B (sg13g2_xnor2_1)
   0.008313    0.070545    0.082875    1.236567 v _259_/Y (sg13g2_xnor2_1)
               0.070545    0.000000    1.236567 v _260_/A2 (sg13g2_o21ai_1)
   0.008140    0.121438    0.129660    1.366228 ^ _260_/Y (sg13g2_o21ai_1)
               0.121438    0.000000    1.366228 ^ _262_/B (sg13g2_xnor2_1)
   0.008451    0.105049    0.130010    1.496237 ^ _262_/Y (sg13g2_xnor2_1)
               0.105049    0.000000    1.496237 ^ _263_/A2 (sg13g2_o21ai_1)
   0.007953    0.068242    0.097318    1.593555 v _263_/Y (sg13g2_o21ai_1)
               0.068242    0.000000    1.593555 v _265_/B (sg13g2_xnor2_1)
   0.008313    0.070545    0.122372    1.715927 v _265_/Y (sg13g2_xnor2_1)
               0.070545    0.000000    1.715927 v _266_/A2 (sg13g2_o21ai_1)
   0.008140    0.121438    0.129660    1.845587 ^ _266_/Y (sg13g2_o21ai_1)
               0.121438    0.000000    1.845587 ^ _268_/B (sg13g2_xnor2_1)
   0.008451    0.105140    0.130010    1.975597 ^ _268_/Y (sg13g2_xnor2_1)
               0.105140    0.000000    1.975597 ^ _269_/A2 (sg13g2_o21ai_1)
   0.007953    0.068264    0.097339    2.072936 v _269_/Y (sg13g2_o21ai_1)
               0.068264    0.000000    2.072936 v _271_/B (sg13g2_xnor2_1)
   0.008313    0.070545    0.122381    2.195317 v _271_/Y (sg13g2_xnor2_1)
               0.070545    0.000000    2.195317 v _272_/A2 (sg13g2_o21ai_1)
   0.008140    0.121438    0.129660    2.324977 ^ _272_/Y (sg13g2_o21ai_1)
               0.121438    0.000000    2.324977 ^ _274_/B (sg13g2_xnor2_1)
   0.008451    0.105140    0.130010    2.454987 ^ _274_/Y (sg13g2_xnor2_1)
               0.105140    0.000000    2.454987 ^ _275_/A2 (sg13g2_o21ai_1)
   0.007953    0.068264    0.097339    2.552326 v _275_/Y (sg13g2_o21ai_1)
               0.068264    0.000000    2.552326 v _277_/B (sg13g2_xnor2_1)
   0.008313    0.070545    0.122381    2.674707 v _277_/Y (sg13g2_xnor2_1)
               0.070545    0.000000    2.674707 v _278_/A2 (sg13g2_o21ai_1)
   0.008140    0.121438    0.129660    2.804368 ^ _278_/Y (sg13g2_o21ai_1)
               0.121438    0.000000    2.804368 ^ _280_/B (sg13g2_xnor2_1)
   0.008451    0.105140    0.130010    2.934377 ^ _280_/Y (sg13g2_xnor2_1)
               0.105140    0.000000    2.934377 ^ _281_/A2 (sg13g2_o21ai_1)
   0.007953    0.068264    0.097339    3.031717 v _281_/Y (sg13g2_o21ai_1)
               0.068264    0.000000    3.031717 v _283_/B (sg13g2_xnor2_1)
   0.008313    0.070545    0.122381    3.154098 v _283_/Y (sg13g2_xnor2_1)
               0.070545    0.000000    3.154098 v _284_/A2 (sg13g2_o21ai_1)
   0.008140    0.121438    0.129660    3.283758 ^ _284_/Y (sg13g2_o21ai_1)
               0.121438    0.000000    3.283758 ^ _286_/B (sg13g2_xnor2_1)
   0.008451    0.105140    0.130010    3.413768 ^ _286_/Y (sg13g2_xnor2_1)
               0.105140    0.000000    3.413768 ^ _287_/A2 (sg13g2_o21ai_1)
   0.007953    0.068264    0.097339    3.511107 v _287_/Y (sg13g2_o21ai_1)
               0.068264    0.000000    3.511107 v _128_/B (sg13g2_xnor2_1)
   0.008313    0.070545    0.122381    3.633488 v _128_/Y (sg13g2_xnor2_1)
               0.070545    0.000000    3.633488 v _129_/A2 (sg13g2_o21ai_1)
   0.008140    0.121438    0.129661    3.763149 ^ _129_/Y (sg13g2_o21ai_1)
               0.121438    0.000000    3.763149 ^ _131_/B (sg13g2_xnor2_1)
   0.008451    0.105140    0.130010    3.893158 ^ _131_/Y (sg13g2_xnor2_1)
               0.105140    0.000000    3.893158 ^ _132_/A2 (sg13g2_o21ai_1)
   0.007953    0.068264    0.097339    3.990498 v _132_/Y (sg13g2_o21ai_1)
               0.068264    0.000000    3.990498 v _134_/B (sg13g2_xnor2_1)
   0.008313    0.070545    0.122381    4.112879 v _134_/Y (sg13g2_xnor2_1)
               0.070545    0.000000    4.112879 v _135_/A2 (sg13g2_o21ai_1)
   0.008140    0.121438    0.129660    4.242539 ^ _135_/Y (sg13g2_o21ai_1)
               0.121438    0.000000    4.242539 ^ _137_/B (sg13g2_xnor2_1)
   0.008451    0.105140    0.130010    4.372549 ^ _137_/Y (sg13g2_xnor2_1)
               0.105140    0.000000    4.372549 ^ _138_/A2 (sg13g2_o21ai_1)
   0.007953    0.068264    0.097339    4.469889 v _138_/Y (sg13g2_o21ai_1)
               0.068264    0.000000    4.469889 v _140_/B (sg13g2_xnor2_1)
   0.008313    0.070545    0.122381    4.592270 v _140_/Y (sg13g2_xnor2_1)
               0.070545    0.000000    4.592270 v _141_/A2 (sg13g2_o21ai_1)
   0.008140    0.121438    0.129660    4.721930 ^ _141_/Y (sg13g2_o21ai_1)
               0.121438    0.000000    4.721930 ^ _143_/B (sg13g2_xnor2_1)
   0.008451    0.105140    0.130010    4.851940 ^ _143_/Y (sg13g2_xnor2_1)
               0.105140    0.000000    4.851940 ^ _144_/A2 (sg13g2_o21ai_1)
   0.007953    0.068264    0.097339    4.949279 v _144_/Y (sg13g2_o21ai_1)
               0.068264    0.000000    4.949279 v _146_/B (sg13g2_xnor2_1)
   0.008313    0.070545    0.122381    5.071661 v _146_/Y (sg13g2_xnor2_1)
               0.070545    0.000000    5.071661 v _147_/A2 (sg13g2_o21ai_1)
   0.008140    0.121438    0.129660    5.201321 ^ _147_/Y (sg13g2_o21ai_1)
               0.121438    0.000000    5.201321 ^ _149_/B (sg13g2_xnor2_1)
   0.008451    0.105140    0.130010    5.331331 ^ _149_/Y (sg13g2_xnor2_1)
               0.105140    0.000000    5.331331 ^ _200_/B (sg13g2_xnor2_1)
   0.010000    0.117353    0.130091    5.461421 ^ _200_/Y (sg13g2_xnor2_1)
               0.117353    0.000000    5.461421 ^ sum[22] (out)
                                       5.461421   data arrival time

               0.000000  100.000000  100.000000   clock vclk (rise edge)
                           0.000000  100.000000   clock network delay (ideal)
                           0.000000  100.000000   clock reconvergence pessimism
                           0.000000  100.000000   output external delay
                                     100.000000   data required time
---------------------------------------------------------------------------------------
                                     100.000000   data required time
                                      -5.461421   data arrival time
---------------------------------------------------------------------------------------
                                      94.538574   slack (MET)


Startpoint: a[0] (input port clocked by vclk)
Endpoint: sum[21] (output port clocked by vclk)
Path Group: vclk
Path Type: max

        Cap        Slew       Delay        Time   Description
---------------------------------------------------------------------------------------
               0.000000    0.000000    0.000000   clock vclk (rise edge)
                           0.000000    0.000000   clock network delay (ideal)
                           0.000000    0.000000 v input external delay
   0.005035    0.050000    0.000000    0.000000 v a[0] (in)
               0.050000    0.000000    0.000000 v _242_/A (sg13g2_or2_1)
   0.005921    0.036782    0.118697    0.118697 v _242_/X (sg13g2_or2_1)
               0.036782    0.000000    0.118697 v _244_/A2 (sg13g2_a21oi_1)
   0.008011    0.093804    0.102932    0.221628 ^ _244_/Y (sg13g2_a21oi_1)
               0.093804    0.000000    0.221628 ^ _246_/B (sg13g2_xnor2_1)
   0.008257    0.103847    0.121170    0.342799 ^ _246_/Y (sg13g2_xnor2_1)
               0.103847    0.000000    0.342799 ^ _247_/A2 (sg13g2_a21oi_1)
   0.007914    0.073121    0.106442    0.449241 v _247_/Y (sg13g2_a21oi_1)
               0.073121    0.000000    0.449241 v _249_/B (sg13g2_xnor2_1)
   0.008109    0.103094    0.110576    0.559817 ^ _249_/Y (sg13g2_xnor2_1)
               0.103094    0.000000    0.559817 ^ _250_/A2 (sg13g2_a21o_1)
   0.011391    0.061272    0.152711    0.712528 ^ _250_/X (sg13g2_a21o_1)
               0.061272    0.000000    0.712528 ^ _252_/B (sg13g2_nor2_1)
   0.003257    0.027192    0.040042    0.752570 v _252_/Y (sg13g2_nor2_1)
               0.027192    0.000000    0.752570 v _254_/A2 (sg13g2_o21ai_1)
   0.007866    0.114472    0.110476    0.863045 ^ _254_/Y (sg13g2_o21ai_1)
               0.114472    0.000000    0.863045 ^ _256_/B (sg13g2_xor2_1)
   0.007863    0.094279    0.151347    1.014393 ^ _256_/X (sg13g2_xor2_1)
               0.094279    0.000000    1.014393 ^ _257_/A2 (sg13g2_a21o_1)
   0.008140    0.048863    0.139300    1.153693 ^ _257_/X (sg13g2_a21o_1)
               0.048863    0.000000    1.153693 ^ _259_/B (sg13g2_xnor2_1)
   0.008451    0.101992    0.102996    1.256688 ^ _259_/Y (sg13g2_xnor2_1)
               0.101992    0.000000    1.256688 ^ _260_/A2 (sg13g2_o21ai_1)
   0.007953    0.067504    0.096599    1.353288 v _260_/Y (sg13g2_o21ai_1)
               0.067504    0.000000    1.353288 v _262_/B (sg13g2_xnor2_1)
   0.008313    0.070545    0.122064    1.475352 v _262_/Y (sg13g2_xnor2_1)
               0.070545    0.000000    1.475352 v _263_/A2 (sg13g2_o21ai_1)
   0.008140    0.121438    0.129660    1.605012 ^ _263_/Y (sg13g2_o21ai_1)
               0.121438    0.000000    1.605012 ^ _265_/B (sg13g2_xnor2_1)
   0.008451    0.105138    0.130010    1.735022 ^ _265_/Y (sg13g2_xnor2_1)
               0.105138    0.000000    1.735022 ^ _266_/A2 (sg13g2_o21ai_1)
   0.007953    0.068263    0.097339    1.832361 v _266_/Y (sg13g2_o21ai_1)
               0.068263    0.000000    1.832361 v _268_/B (sg13g2_xnor2_1)
   0.008313    0.070545    0.122381    1.954741 v _268_/Y (sg13g2_xnor2_1)
               0.070545    0.000000    1.954741 v _269_/A2 (sg13g2_o21ai_1)
   0.008140    0.121438    0.129660    2.084402 ^ _269_/Y (sg13g2_o21ai_1)
               0.121438    0.000000    2.084402 ^ _271_/B (sg13g2_xnor2_1)
   0.008451    0.105140    0.130010    2.214411 ^ _271_/Y (sg13g2_xnor2_1)
               0.105140    0.000000    2.214411 ^ _272_/A2 (sg13g2_o21ai_1)
   0.007953    0.068264    0.097339    2.311751 v _272_/Y (sg13g2_o21ai_1)
               0.068264    0.000000    2.311751 v _274_/B (sg13g2_xnor2_1)
   0.008313    0.070545    0.122381    2.434132 v _274_/Y (sg13g2_xnor2_1)
               0.070545    0.000000    2.434132 v _275_/A2 (sg13g2_o21ai_1)
   0.008140    0.121438    0.129660    2.563792 ^ _275_/Y (sg13g2_o21ai_1)
               0.121438    0.000000    2.563792 ^ _277_/B (sg13g2_xnor2_1)
   0.008451    0.105140    0.130010    2.693802 ^ _277_/Y (sg13g2_xnor2_1)
               0.105140    0.000000    2.693802 ^ _278_/A2 (sg13g2_o21ai_1)
   0.007953    0.068264    0.097339    2.791141 v _278_/Y (sg13g2_o21ai_1)
               0.068264    0.000000    2.791141 v _280_/B (sg13g2_xnor2_1)
   0.008313    0.070545    0.122381    2.913522 v _280_/Y (sg13g2_xnor2_1)
               0.070545    0.000000    2.913522 v _281_/A2 (sg13g2_o21ai_1)
   0.008140    0.121438    0.129660    3.043182 ^ _281_/Y (sg13g2_o21ai_1)
               0.121438    0.000000    3.043182 ^ _283_/B (sg13g2_xnor2_1)
   0.008451    0.105140    0.130010    3.173192 ^ _283_/Y (sg13g2_xnor2_1)
               0.105140    0.000000    3.173192 ^ _284_/A2 (sg13g2_o21ai_1)
   0.007953    0.068264    0.097339    3.270531 v _284_/Y (sg13g2_o21ai_1)
               0.068264    0.000000    3.270531 v _286_/B (sg13g2_xnor2_1)
   0.008313    0.070545    0.122381    3.392912 v _286_/Y (sg13g2_xnor2_1)
               0.070545    0.000000    3.392912 v _287_/A2 (sg13g2_o21ai_1)
   0.008140    0.121438    0.129660    3.522573 ^ _287_/Y (sg13g2_o21ai_1)
               0.121438    0.000000    3.522573 ^ _128_/B (sg13g2_xnor2_1)
   0.008451    0.105140    0.130010    3.652583 ^ _128_/Y (sg13g2_xnor2_1)
               0.105140    0.000000    3.652583 ^ _129_/A2 (sg13g2_o21ai_1)
   0.007953    0.068264    0.097339    3.749922 v _129_/Y (sg13g2_o21ai_1)
               0.068264    0.000000    3.749922 v _131_/B (sg13g2_xnor2_1)
   0.008313    0.070545    0.122381    3.872303 v _131_/Y (sg13g2_xnor2_1)
               0.070545    0.000000    3.872303 v _132_/A2 (sg13g2_o21ai_1)
   0.008140    0.121438    0.129660    4.001963 ^ _132_/Y (sg13g2_o21ai_1)
               0.121438    0.000000    4.001963 ^ _134_/B (sg13g2_xnor2_1)
   0.008451    0.105140    0.130010    4.131973 ^ _134_/Y (sg13g2_xnor2_1)
               0.105140    0.000000    4.131973 ^ _135_/A2 (sg13g2_o21ai_1)
   0.007953    0.068264    0.097339    4.229312 v _135_/Y (sg13g2_o21ai_1)
               0.068264    0.000000    4.229312 v _137_/B (sg13g2_xnor2_1)
   0.008313    0.070545    0.122381    4.351694 v _137_/Y (sg13g2_xnor2_1)
               0.070545    0.000000    4.351694 v _138_/A2 (sg13g2_o21ai_1)
   0.008140    0.121438    0.129660    4.481354 ^ _138_/Y (sg13g2_o21ai_1)
               0.121438    0.000000    4.481354 ^ _140_/B (sg13g2_xnor2_1)
   0.008451    0.105140    0.130010    4.611364 ^ _140_/Y (sg13g2_xnor2_1)
               0.105140    0.000000    4.611364 ^ _141_/A2 (sg13g2_o21ai_1)
   0.007953    0.068264    0.097339    4.708704 v _141_/Y (sg13g2_o21ai_1)
               0.068264    0.000000    4.708704 v _143_/B (sg13g2_xnor2_1)
   0.008313    0.070545    0.122381    4.831085 v _143_/Y (sg13g2_xnor2_1)
               0.070545    0.000000    4.831085 v _144_/A2 (sg13g2_o21ai_1)
   0.008140    0.121438    0.129660    4.960745 ^ _144_/Y (sg13g2_o21ai_1)
               0.121438    0.000000    4.960745 ^ _146_/B (sg13g2_xnor2_1)
   0.008451    0.105140    0.130010    5.090755 ^ _146_/Y (sg13g2_xnor2_1)
               0.105140    0.000000    5.090755 ^ _193_/B (sg13g2_xnor2_1)
   0.010000    0.117353    0.130091    5.220846 ^ _193_/Y (sg13g2_xnor2_1)
               0.117353    0.000000    5.220846 ^ sum[21] (out)
                                       5.220846   data arrival time

               0.000000  100.000000  100.000000   clock vclk (rise edge)
                           0.000000  100.000000   clock network delay (ideal)
                           0.000000  100.000000   clock reconvergence pessimism
                           0.000000  100.000000   output external delay
                                     100.000000   data required time
---------------------------------------------------------------------------------------
                                     100.000000   data required time
                                      -5.220846   data arrival time
---------------------------------------------------------------------------------------
                                      94.779152   slack (MET)


Startpoint: a[0] (input port clocked by vclk)
Endpoint: sum[20] (output port clocked by vclk)
Path Group: vclk
Path Type: max

        Cap        Slew       Delay        Time   Description
---------------------------------------------------------------------------------------
               0.000000    0.000000    0.000000   clock vclk (rise edge)
                           0.000000    0.000000   clock network delay (ideal)
                           0.000000    0.000000 v input external delay
   0.005035    0.050000    0.000000    0.000000 v a[0] (in)
               0.050000    0.000000    0.000000 v _242_/A (sg13g2_or2_1)
   0.005921    0.036782    0.118697    0.118697 v _242_/X (sg13g2_or2_1)
               0.036782    0.000000    0.118697 v _244_/A2 (sg13g2_a21oi_1)
   0.008011    0.093804    0.102932    0.221628 ^ _244_/Y (sg13g2_a21oi_1)
               0.093804    0.000000    0.221628 ^ _246_/B (sg13g2_xnor2_1)
   0.008257    0.103847    0.121170    0.342799 ^ _246_/Y (sg13g2_xnor2_1)
               0.103847    0.000000    0.342799 ^ _247_/A2 (sg13g2_a21oi_1)
   0.007914    0.073121    0.106442    0.449241 v _247_/Y (sg13g2_a21oi_1)
               0.073121    0.000000    0.449241 v _249_/B (sg13g2_xnor2_1)
   0.008109    0.103094    0.110576    0.559817 ^ _249_/Y (sg13g2_xnor2_1)
               0.103094    0.000000    0.559817 ^ _250_/A2 (sg13g2_a21o_1)
   0.011391    0.061272    0.152711    0.712528 ^ _250_/X (sg13g2_a21o_1)
               0.061272    0.000000    0.712528 ^ _252_/B (sg13g2_nor2_1)
   0.003257    0.027192    0.040042    0.752570 v _252_/Y (sg13g2_nor2_1)
               0.027192    0.000000    0.752570 v _254_/A2 (sg13g2_o21ai_1)
   0.007866    0.114472    0.110476    0.863045 ^ _254_/Y (sg13g2_o21ai_1)
               0.114472    0.000000    0.863045 ^ _256_/B (sg13g2_xor2_1)
   0.007863    0.094279    0.151347    1.014393 ^ _256_/X (sg13g2_xor2_1)
               0.094279    0.000000    1.014393 ^ _257_/A2 (sg13g2_a21o_1)
   0.008140    0.048863    0.139300    1.153693 ^ _257_/X (sg13g2_a21o_1)
               0.048863    0.000000    1.153693 ^ _259_/B (sg13g2_xnor2_1)
   0.008313    0.070545    0.082875    1.236567 v _259_/Y (sg13g2_xnor2_1)
               0.070545    0.000000    1.236567 v _260_/A2 (sg13g2_o21ai_1)
   0.008140    0.121438    0.129660    1.366228 ^ _260_/Y (sg13g2_o21ai_1)
               0.121438    0.000000    1.366228 ^ _262_/B (sg13g2_xnor2_1)
   0.008451    0.105049    0.130010    1.496237 ^ _262_/Y (sg13g2_xnor2_1)
               0.105049    0.000000    1.496237 ^ _263_/A2 (sg13g2_o21ai_1)
   0.007953    0.068242    0.097318    1.593555 v _263_/Y (sg13g2_o21ai_1)
               0.068242    0.000000    1.593555 v _265_/B (sg13g2_xnor2_1)
   0.008313    0.070545    0.122372    1.715927 v _265_/Y (sg13g2_xnor2_1)
               0.070545    0.000000    1.715927 v _266_/A2 (sg13g2_o21ai_1)
   0.008140    0.121438    0.129660    1.845587 ^ _266_/Y (sg13g2_o21ai_1)
               0.121438    0.000000    1.845587 ^ _268_/B (sg13g2_xnor2_1)
   0.008451    0.105140    0.130010    1.975597 ^ _268_/Y (sg13g2_xnor2_1)
               0.105140    0.000000    1.975597 ^ _269_/A2 (sg13g2_o21ai_1)
   0.007953    0.068264    0.097339    2.072936 v _269_/Y (sg13g2_o21ai_1)
               0.068264    0.000000    2.072936 v _271_/B (sg13g2_xnor2_1)
   0.008313    0.070545    0.122381    2.195317 v _271_/Y (sg13g2_xnor2_1)
               0.070545    0.000000    2.195317 v _272_/A2 (sg13g2_o21ai_1)
   0.008140    0.121438    0.129660    2.324977 ^ _272_/Y (sg13g2_o21ai_1)
               0.121438    0.000000    2.324977 ^ _274_/B (sg13g2_xnor2_1)
   0.008451    0.105140    0.130010    2.454987 ^ _274_/Y (sg13g2_xnor2_1)
               0.105140    0.000000    2.454987 ^ _275_/A2 (sg13g2_o21ai_1)
   0.007953    0.068264    0.097339    2.552326 v _275_/Y (sg13g2_o21ai_1)
               0.068264    0.000000    2.552326 v _277_/B (sg13g2_xnor2_1)
   0.008313    0.070545    0.122381    2.674707 v _277_/Y (sg13g2_xnor2_1)
               0.070545    0.000000    2.674707 v _278_/A2 (sg13g2_o21ai_1)
   0.008140    0.121438    0.129660    2.804368 ^ _278_/Y (sg13g2_o21ai_1)
               0.121438    0.000000    2.804368 ^ _280_/B (sg13g2_xnor2_1)
   0.008451    0.105140    0.130010    2.934377 ^ _280_/Y (sg13g2_xnor2_1)
               0.105140    0.000000    2.934377 ^ _281_/A2 (sg13g2_o21ai_1)
   0.007953    0.068264    0.097339    3.031717 v _281_/Y (sg13g2_o21ai_1)
               0.068264    0.000000    3.031717 v _283_/B (sg13g2_xnor2_1)
   0.008313    0.070545    0.122381    3.154098 v _283_/Y (sg13g2_xnor2_1)
               0.070545    0.000000    3.154098 v _284_/A2 (sg13g2_o21ai_1)
   0.008140    0.121438    0.129660    3.283758 ^ _284_/Y (sg13g2_o21ai_1)
               0.121438    0.000000    3.283758 ^ _286_/B (sg13g2_xnor2_1)
   0.008451    0.105140    0.130010    3.413768 ^ _286_/Y (sg13g2_xnor2_1)
               0.105140    0.000000    3.413768 ^ _287_/A2 (sg13g2_o21ai_1)
   0.007953    0.068264    0.097339    3.511107 v _287_/Y (sg13g2_o21ai_1)
               0.068264    0.000000    3.511107 v _128_/B (sg13g2_xnor2_1)
   0.008313    0.070545    0.122381    3.633488 v _128_/Y (sg13g2_xnor2_1)
               0.070545    0.000000    3.633488 v _129_/A2 (sg13g2_o21ai_1)
   0.008140    0.121438    0.129661    3.763149 ^ _129_/Y (sg13g2_o21ai_1)
               0.121438    0.000000    3.763149 ^ _131_/B (sg13g2_xnor2_1)
   0.008451    0.105140    0.130010    3.893158 ^ _131_/Y (sg13g2_xnor2_1)
               0.105140    0.000000    3.893158 ^ _132_/A2 (sg13g2_o21ai_1)
   0.007953    0.068264    0.097339    3.990498 v _132_/Y (sg13g2_o21ai_1)
               0.068264    0.000000    3.990498 v _134_/B (sg13g2_xnor2_1)
   0.008313    0.070545    0.122381    4.112879 v _134_/Y (sg13g2_xnor2_1)
               0.070545    0.000000    4.112879 v _135_/A2 (sg13g2_o21ai_1)
   0.008140    0.121438    0.129660    4.242539 ^ _135_/Y (sg13g2_o21ai_1)
               0.121438    0.000000    4.242539 ^ _137_/B (sg13g2_xnor2_1)
   0.008451    0.105140    0.130010    4.372549 ^ _137_/Y (sg13g2_xnor2_1)
               0.105140    0.000000    4.372549 ^ _138_/A2 (sg13g2_o21ai_1)
   0.007953    0.068264    0.097339    4.469889 v _138_/Y (sg13g2_o21ai_1)
               0.068264    0.000000    4.469889 v _140_/B (sg13g2_xnor2_1)
   0.008313    0.070545    0.122381    4.592270 v _140_/Y (sg13g2_xnor2_1)
               0.070545    0.000000    4.592270 v _141_/A2 (sg13g2_o21ai_1)
   0.008140    0.121438    0.129660    4.721930 ^ _141_/Y (sg13g2_o21ai_1)
               0.121438    0.000000    4.721930 ^ _143_/B (sg13g2_xnor2_1)
   0.008451    0.105140    0.130010    4.851940 ^ _143_/Y (sg13g2_xnor2_1)
               0.105140    0.000000    4.851940 ^ _187_/B (sg13g2_xnor2_1)
   0.010000    0.117353    0.130091    4.982031 ^ _187_/Y (sg13g2_xnor2_1)
               0.117353    0.000000    4.982031 ^ sum[20] (out)
                                       4.982031   data arrival time

               0.000000  100.000000  100.000000   clock vclk (rise edge)
                           0.000000  100.000000   clock network delay (ideal)
                           0.000000  100.000000   clock reconvergence pessimism
                           0.000000  100.000000   output external delay
                                     100.000000   data required time
---------------------------------------------------------------------------------------
                                     100.000000   data required time
                                      -4.982031   data arrival time
---------------------------------------------------------------------------------------
                                      95.017967   slack (MET)


Startpoint: a[0] (input port clocked by vclk)
Endpoint: sum[19] (output port clocked by vclk)
Path Group: vclk
Path Type: max

        Cap        Slew       Delay        Time   Description
---------------------------------------------------------------------------------------
               0.000000    0.000000    0.000000   clock vclk (rise edge)
                           0.000000    0.000000   clock network delay (ideal)
                           0.000000    0.000000 v input external delay
   0.005035    0.050000    0.000000    0.000000 v a[0] (in)
               0.050000    0.000000    0.000000 v _242_/A (sg13g2_or2_1)
   0.005921    0.036782    0.118697    0.118697 v _242_/X (sg13g2_or2_1)
               0.036782    0.000000    0.118697 v _244_/A2 (sg13g2_a21oi_1)
   0.008011    0.093804    0.102932    0.221628 ^ _244_/Y (sg13g2_a21oi_1)
               0.093804    0.000000    0.221628 ^ _246_/B (sg13g2_xnor2_1)
   0.008257    0.103847    0.121170    0.342799 ^ _246_/Y (sg13g2_xnor2_1)
               0.103847    0.000000    0.342799 ^ _247_/A2 (sg13g2_a21oi_1)
   0.007914    0.073121    0.106442    0.449241 v _247_/Y (sg13g2_a21oi_1)
               0.073121    0.000000    0.449241 v _249_/B (sg13g2_xnor2_1)
   0.008109    0.103094    0.110576    0.559817 ^ _249_/Y (sg13g2_xnor2_1)
               0.103094    0.000000    0.559817 ^ _250_/A2 (sg13g2_a21o_1)
   0.011391    0.061272    0.152711    0.712528 ^ _250_/X (sg13g2_a21o_1)
               0.061272    0.000000    0.712528 ^ _252_/B (sg13g2_nor2_1)
   0.003257    0.027192    0.040042    0.752570 v _252_/Y (sg13g2_nor2_1)
               0.027192    0.000000    0.752570 v _254_/A2 (sg13g2_o21ai_1)
   0.007866    0.114472    0.110476    0.863045 ^ _254_/Y (sg13g2_o21ai_1)
               0.114472    0.000000    0.863045 ^ _256_/B (sg13g2_xor2_1)
   0.007863    0.094279    0.151347    1.014393 ^ _256_/X (sg13g2_xor2_1)
               0.094279    0.000000    1.014393 ^ _257_/A2 (sg13g2_a21o_1)
   0.008140    0.048863    0.139300    1.153693 ^ _257_/X (sg13g2_a21o_1)
               0.048863    0.000000    1.153693 ^ _259_/B (sg13g2_xnor2_1)
   0.008451    0.101992    0.102996    1.256688 ^ _259_/Y (sg13g2_xnor2_1)
               0.101992    0.000000    1.256688 ^ _260_/A2 (sg13g2_o21ai_1)
   0.007953    0.067504    0.096599    1.353288 v _260_/Y (sg13g2_o21ai_1)
               0.067504    0.000000    1.353288 v _262_/B (sg13g2_xnor2_1)
   0.008313    0.070545    0.122064    1.475352 v _262_/Y (sg13g2_xnor2_1)
               0.070545    0.000000    1.475352 v _263_/A2 (sg13g2_o21ai_1)
   0.008140    0.121438    0.129660    1.605012 ^ _263_/Y (sg13g2_o21ai_1)
               0.121438    0.000000    1.605012 ^ _265_/B (sg13g2_xnor2_1)
   0.008451    0.105138    0.130010    1.735022 ^ _265_/Y (sg13g2_xnor2_1)
               0.105138    0.000000    1.735022 ^ _266_/A2 (sg13g2_o21ai_1)
   0.007953    0.068263    0.097339    1.832361 v _266_/Y (sg13g2_o21ai_1)
               0.068263    0.000000    1.832361 v _268_/B (sg13g2_xnor2_1)
   0.008313    0.070545    0.122381    1.954741 v _268_/Y (sg13g2_xnor2_1)
               0.070545    0.000000    1.954741 v _269_/A2 (sg13g2_o21ai_1)
   0.008140    0.121438    0.129660    2.084402 ^ _269_/Y (sg13g2_o21ai_1)
               0.121438    0.000000    2.084402 ^ _271_/B (sg13g2_xnor2_1)
   0.008451    0.105140    0.130010    2.214411 ^ _271_/Y (sg13g2_xnor2_1)
               0.105140    0.000000    2.214411 ^ _272_/A2 (sg13g2_o21ai_1)
   0.007953    0.068264    0.097339    2.311751 v _272_/Y (sg13g2_o21ai_1)
               0.068264    0.000000    2.311751 v _274_/B (sg13g2_xnor2_1)
   0.008313    0.070545    0.122381    2.434132 v _274_/Y (sg13g2_xnor2_1)
               0.070545    0.000000    2.434132 v _275_/A2 (sg13g2_o21ai_1)
   0.008140    0.121438    0.129660    2.563792 ^ _275_/Y (sg13g2_o21ai_1)
               0.121438    0.000000    2.563792 ^ _277_/B (sg13g2_xnor2_1)
   0.008451    0.105140    0.130010    2.693802 ^ _277_/Y (sg13g2_xnor2_1)
               0.105140    0.000000    2.693802 ^ _278_/A2 (sg13g2_o21ai_1)
   0.007953    0.068264    0.097339    2.791141 v _278_/Y (sg13g2_o21ai_1)
               0.068264    0.000000    2.791141 v _280_/B (sg13g2_xnor2_1)
   0.008313    0.070545    0.122381    2.913522 v _280_/Y (sg13g2_xnor2_1)
               0.070545    0.000000    2.913522 v _281_/A2 (sg13g2_o21ai_1)
   0.008140    0.121438    0.129660    3.043182 ^ _281_/Y (sg13g2_o21ai_1)
               0.121438    0.000000    3.043182 ^ _283_/B (sg13g2_xnor2_1)
   0.008451    0.105140    0.130010    3.173192 ^ _283_/Y (sg13g2_xnor2_1)
               0.105140    0.000000    3.173192 ^ _284_/A2 (sg13g2_o21ai_1)
   0.007953    0.068264    0.097339    3.270531 v _284_/Y (sg13g2_o21ai_1)
               0.068264    0.000000    3.270531 v _286_/B (sg13g2_xnor2_1)
   0.008313    0.070545    0.122381    3.392912 v _286_/Y (sg13g2_xnor2_1)
               0.070545    0.000000    3.392912 v _287_/A2 (sg13g2_o21ai_1)
   0.008140    0.121438    0.129660    3.522573 ^ _287_/Y (sg13g2_o21ai_1)
               0.121438    0.000000    3.522573 ^ _128_/B (sg13g2_xnor2_1)
   0.008451    0.105140    0.130010    3.652583 ^ _128_/Y (sg13g2_xnor2_1)
               0.105140    0.000000    3.652583 ^ _129_/A2 (sg13g2_o21ai_1)
   0.007953    0.068264    0.097339    3.749922 v _129_/Y (sg13g2_o21ai_1)
               0.068264    0.000000    3.749922 v _131_/B (sg13g2_xnor2_1)
   0.008313    0.070545    0.122381    3.872303 v _131_/Y (sg13g2_xnor2_1)
               0.070545    0.000000    3.872303 v _132_/A2 (sg13g2_o21ai_1)
   0.008140    0.121438    0.129660    4.001963 ^ _132_/Y (sg13g2_o21ai_1)
               0.121438    0.000000    4.001963 ^ _134_/B (sg13g2_xnor2_1)
   0.008451    0.105140    0.130010    4.131973 ^ _134_/Y (sg13g2_xnor2_1)
               0.105140    0.000000    4.131973 ^ _135_/A2 (sg13g2_o21ai_1)
   0.007953    0.068264    0.097339    4.229312 v _135_/Y (sg13g2_o21ai_1)
               0.068264    0.000000    4.229312 v _137_/B (sg13g2_xnor2_1)
   0.008313    0.070545    0.122381    4.351694 v _137_/Y (sg13g2_xnor2_1)
               0.070545    0.000000    4.351694 v _138_/A2 (sg13g2_o21ai_1)
   0.008140    0.121438    0.129660    4.481354 ^ _138_/Y (sg13g2_o21ai_1)
               0.121438    0.000000    4.481354 ^ _140_/B (sg13g2_xnor2_1)
   0.008451    0.105140    0.130010    4.611364 ^ _140_/Y (sg13g2_xnor2_1)
               0.105140    0.000000    4.611364 ^ _208_/B (sg13g2_xnor2_1)
   0.010000    0.117353    0.130091    4.741455 ^ _208_/Y (sg13g2_xnor2_1)
               0.117353    0.000000    4.741455 ^ sum[19] (out)
                                       4.741455   data arrival time

               0.000000  100.000000  100.000000   clock vclk (rise edge)
                           0.000000  100.000000   clock network delay (ideal)
                           0.000000  100.000000   clock reconvergence pessimism
                           0.000000  100.000000   output external delay
                                     100.000000   data required time
---------------------------------------------------------------------------------------
                                     100.000000   data required time
                                      -4.741455   data arrival time
---------------------------------------------------------------------------------------
                                      95.258545   slack (MET)


Startpoint: a[0] (input port clocked by vclk)
Endpoint: sum[18] (output port clocked by vclk)
Path Group: vclk
Path Type: max

        Cap        Slew       Delay        Time   Description
---------------------------------------------------------------------------------------
               0.000000    0.000000    0.000000   clock vclk (rise edge)
                           0.000000    0.000000   clock network delay (ideal)
                           0.000000    0.000000 v input external delay
   0.005035    0.050000    0.000000    0.000000 v a[0] (in)
               0.050000    0.000000    0.000000 v _242_/A (sg13g2_or2_1)
   0.005921    0.036782    0.118697    0.118697 v _242_/X (sg13g2_or2_1)
               0.036782    0.000000    0.118697 v _244_/A2 (sg13g2_a21oi_1)
   0.008011    0.093804    0.102932    0.221628 ^ _244_/Y (sg13g2_a21oi_1)
               0.093804    0.000000    0.221628 ^ _246_/B (sg13g2_xnor2_1)
   0.008257    0.103847    0.121170    0.342799 ^ _246_/Y (sg13g2_xnor2_1)
               0.103847    0.000000    0.342799 ^ _247_/A2 (sg13g2_a21oi_1)
   0.007914    0.073121    0.106442    0.449241 v _247_/Y (sg13g2_a21oi_1)
               0.073121    0.000000    0.449241 v _249_/B (sg13g2_xnor2_1)
   0.008109    0.103094    0.110576    0.559817 ^ _249_/Y (sg13g2_xnor2_1)
               0.103094    0.000000    0.559817 ^ _250_/A2 (sg13g2_a21o_1)
   0.011391    0.061272    0.152711    0.712528 ^ _250_/X (sg13g2_a21o_1)
               0.061272    0.000000    0.712528 ^ _252_/B (sg13g2_nor2_1)
   0.003257    0.027192    0.040042    0.752570 v _252_/Y (sg13g2_nor2_1)
               0.027192    0.000000    0.752570 v _254_/A2 (sg13g2_o21ai_1)
   0.007866    0.114472    0.110476    0.863045 ^ _254_/Y (sg13g2_o21ai_1)
               0.114472    0.000000    0.863045 ^ _256_/B (sg13g2_xor2_1)
   0.007863    0.094279    0.151347    1.014393 ^ _256_/X (sg13g2_xor2_1)
               0.094279    0.000000    1.014393 ^ _257_/A2 (sg13g2_a21o_1)
   0.008140    0.048863    0.139300    1.153693 ^ _257_/X (sg13g2_a21o_1)
               0.048863    0.000000    1.153693 ^ _259_/B (sg13g2_xnor2_1)
   0.008313    0.070545    0.082875    1.236567 v _259_/Y (sg13g2_xnor2_1)
               0.070545    0.000000    1.236567 v _260_/A2 (sg13g2_o21ai_1)
   0.008140    0.121438    0.129660    1.366228 ^ _260_/Y (sg13g2_o21ai_1)
               0.121438    0.000000    1.366228 ^ _262_/B (sg13g2_xnor2_1)
   0.008451    0.105049    0.130010    1.496237 ^ _262_/Y (sg13g2_xnor2_1)
               0.105049    0.000000    1.496237 ^ _263_/A2 (sg13g2_o21ai_1)
   0.007953    0.068242    0.097318    1.593555 v _263_/Y (sg13g2_o21ai_1)
               0.068242    0.000000    1.593555 v _265_/B (sg13g2_xnor2_1)
   0.008313    0.070545    0.122372    1.715927 v _265_/Y (sg13g2_xnor2_1)
               0.070545    0.000000    1.715927 v _266_/A2 (sg13g2_o21ai_1)
   0.008140    0.121438    0.129660    1.845587 ^ _266_/Y (sg13g2_o21ai_1)
               0.121438    0.000000    1.845587 ^ _268_/B (sg13g2_xnor2_1)
   0.008451    0.105140    0.130010    1.975597 ^ _268_/Y (sg13g2_xnor2_1)
               0.105140    0.000000    1.975597 ^ _269_/A2 (sg13g2_o21ai_1)
   0.007953    0.068264    0.097339    2.072936 v _269_/Y (sg13g2_o21ai_1)
               0.068264    0.000000    2.072936 v _271_/B (sg13g2_xnor2_1)
   0.008313    0.070545    0.122381    2.195317 v _271_/Y (sg13g2_xnor2_1)
               0.070545    0.000000    2.195317 v _272_/A2 (sg13g2_o21ai_1)
   0.008140    0.121438    0.129660    2.324977 ^ _272_/Y (sg13g2_o21ai_1)
               0.121438    0.000000    2.324977 ^ _274_/B (sg13g2_xnor2_1)
   0.008451    0.105140    0.130010    2.454987 ^ _274_/Y (sg13g2_xnor2_1)
               0.105140    0.000000    2.454987 ^ _275_/A2 (sg13g2_o21ai_1)
   0.007953    0.068264    0.097339    2.552326 v _275_/Y (sg13g2_o21ai_1)
               0.068264    0.000000    2.552326 v _277_/B (sg13g2_xnor2_1)
   0.008313    0.070545    0.122381    2.674707 v _277_/Y (sg13g2_xnor2_1)
               0.070545    0.000000    2.674707 v _278_/A2 (sg13g2_o21ai_1)
   0.008140    0.121438    0.129660    2.804368 ^ _278_/Y (sg13g2_o21ai_1)
               0.121438    0.000000    2.804368 ^ _280_/B (sg13g2_xnor2_1)
   0.008451    0.105140    0.130010    2.934377 ^ _280_/Y (sg13g2_xnor2_1)
               0.105140    0.000000    2.934377 ^ _281_/A2 (sg13g2_o21ai_1)
   0.007953    0.068264    0.097339    3.031717 v _281_/Y (sg13g2_o21ai_1)
               0.068264    0.000000    3.031717 v _283_/B (sg13g2_xnor2_1)
   0.008313    0.070545    0.122381    3.154098 v _283_/Y (sg13g2_xnor2_1)
               0.070545    0.000000    3.154098 v _284_/A2 (sg13g2_o21ai_1)
   0.008140    0.121438    0.129660    3.283758 ^ _284_/Y (sg13g2_o21ai_1)
               0.121438    0.000000    3.283758 ^ _286_/B (sg13g2_xnor2_1)
   0.008451    0.105140    0.130010    3.413768 ^ _286_/Y (sg13g2_xnor2_1)
               0.105140    0.000000    3.413768 ^ _287_/A2 (sg13g2_o21ai_1)
   0.007953    0.068264    0.097339    3.511107 v _287_/Y (sg13g2_o21ai_1)
               0.068264    0.000000    3.511107 v _128_/B (sg13g2_xnor2_1)
   0.008313    0.070545    0.122381    3.633488 v _128_/Y (sg13g2_xnor2_1)
               0.070545    0.000000    3.633488 v _129_/A2 (sg13g2_o21ai_1)
   0.008140    0.121438    0.129661    3.763149 ^ _129_/Y (sg13g2_o21ai_1)
               0.121438    0.000000    3.763149 ^ _131_/B (sg13g2_xnor2_1)
   0.008451    0.105140    0.130010    3.893158 ^ _131_/Y (sg13g2_xnor2_1)
               0.105140    0.000000    3.893158 ^ _132_/A2 (sg13g2_o21ai_1)
   0.007953    0.068264    0.097339    3.990498 v _132_/Y (sg13g2_o21ai_1)
               0.068264    0.000000    3.990498 v _134_/B (sg13g2_xnor2_1)
   0.008313    0.070545    0.122381    4.112879 v _134_/Y (sg13g2_xnor2_1)
               0.070545    0.000000    4.112879 v _135_/A2 (sg13g2_o21ai_1)
   0.008140    0.121438    0.129660    4.242539 ^ _135_/Y (sg13g2_o21ai_1)
               0.121438    0.000000    4.242539 ^ _137_/B (sg13g2_xnor2_1)
   0.008451    0.105140    0.130010    4.372549 ^ _137_/Y (sg13g2_xnor2_1)
               0.105140    0.000000    4.372549 ^ _195_/B (sg13g2_xnor2_1)
   0.010000    0.117353    0.130091    4.502640 ^ _195_/Y (sg13g2_xnor2_1)
               0.117353    0.000000    4.502640 ^ sum[18] (out)
                                       4.502640   data arrival time

               0.000000  100.000000  100.000000   clock vclk (rise edge)
                           0.000000  100.000000   clock network delay (ideal)
                           0.000000  100.000000   clock reconvergence pessimism
                           0.000000  100.000000   output external delay
                                     100.000000   data required time
---------------------------------------------------------------------------------------
                                     100.000000   data required time
                                      -4.502640   data arrival time
---------------------------------------------------------------------------------------
                                      95.497360   slack (MET)


Startpoint: a[0] (input port clocked by vclk)
Endpoint: sum[17] (output port clocked by vclk)
Path Group: vclk
Path Type: max

        Cap        Slew       Delay        Time   Description
---------------------------------------------------------------------------------------
               0.000000    0.000000    0.000000   clock vclk (rise edge)
                           0.000000    0.000000   clock network delay (ideal)
                           0.000000    0.000000 v input external delay
   0.005035    0.050000    0.000000    0.000000 v a[0] (in)
               0.050000    0.000000    0.000000 v _242_/A (sg13g2_or2_1)
   0.005921    0.036782    0.118697    0.118697 v _242_/X (sg13g2_or2_1)
               0.036782    0.000000    0.118697 v _244_/A2 (sg13g2_a21oi_1)
   0.008011    0.093804    0.102932    0.221628 ^ _244_/Y (sg13g2_a21oi_1)
               0.093804    0.000000    0.221628 ^ _246_/B (sg13g2_xnor2_1)
   0.008257    0.103847    0.121170    0.342799 ^ _246_/Y (sg13g2_xnor2_1)
               0.103847    0.000000    0.342799 ^ _247_/A2 (sg13g2_a21oi_1)
   0.007914    0.073121    0.106442    0.449241 v _247_/Y (sg13g2_a21oi_1)
               0.073121    0.000000    0.449241 v _249_/B (sg13g2_xnor2_1)
   0.008109    0.103094    0.110576    0.559817 ^ _249_/Y (sg13g2_xnor2_1)
               0.103094    0.000000    0.559817 ^ _250_/A2 (sg13g2_a21o_1)
   0.011391    0.061272    0.152711    0.712528 ^ _250_/X (sg13g2_a21o_1)
               0.061272    0.000000    0.712528 ^ _252_/B (sg13g2_nor2_1)
   0.003257    0.027192    0.040042    0.752570 v _252_/Y (sg13g2_nor2_1)
               0.027192    0.000000    0.752570 v _254_/A2 (sg13g2_o21ai_1)
   0.007866    0.114472    0.110476    0.863045 ^ _254_/Y (sg13g2_o21ai_1)
               0.114472    0.000000    0.863045 ^ _256_/B (sg13g2_xor2_1)
   0.007863    0.094279    0.151347    1.014393 ^ _256_/X (sg13g2_xor2_1)
               0.094279    0.000000    1.014393 ^ _257_/A2 (sg13g2_a21o_1)
   0.008140    0.048863    0.139300    1.153693 ^ _257_/X (sg13g2_a21o_1)
               0.048863    0.000000    1.153693 ^ _259_/B (sg13g2_xnor2_1)
   0.008451    0.101992    0.102996    1.256688 ^ _259_/Y (sg13g2_xnor2_1)
               0.101992    0.000000    1.256688 ^ _260_/A2 (sg13g2_o21ai_1)
   0.007953    0.067504    0.096599    1.353288 v _260_/Y (sg13g2_o21ai_1)
               0.067504    0.000000    1.353288 v _262_/B (sg13g2_xnor2_1)
   0.008313    0.070545    0.122064    1.475352 v _262_/Y (sg13g2_xnor2_1)
               0.070545    0.000000    1.475352 v _263_/A2 (sg13g2_o21ai_1)
   0.008140    0.121438    0.129660    1.605012 ^ _263_/Y (sg13g2_o21ai_1)
               0.121438    0.000000    1.605012 ^ _265_/B (sg13g2_xnor2_1)
   0.008451    0.105138    0.130010    1.735022 ^ _265_/Y (sg13g2_xnor2_1)
               0.105138    0.000000    1.735022 ^ _266_/A2 (sg13g2_o21ai_1)
   0.007953    0.068263    0.097339    1.832361 v _266_/Y (sg13g2_o21ai_1)
               0.068263    0.000000    1.832361 v _268_/B (sg13g2_xnor2_1)
   0.008313    0.070545    0.122381    1.954741 v _268_/Y (sg13g2_xnor2_1)
               0.070545    0.000000    1.954741 v _269_/A2 (sg13g2_o21ai_1)
   0.008140    0.121438    0.129660    2.084402 ^ _269_/Y (sg13g2_o21ai_1)
               0.121438    0.000000    2.084402 ^ _271_/B (sg13g2_xnor2_1)
   0.008451    0.105140    0.130010    2.214411 ^ _271_/Y (sg13g2_xnor2_1)
               0.105140    0.000000    2.214411 ^ _272_/A2 (sg13g2_o21ai_1)
   0.007953    0.068264    0.097339    2.311751 v _272_/Y (sg13g2_o21ai_1)
               0.068264    0.000000    2.311751 v _274_/B (sg13g2_xnor2_1)
   0.008313    0.070545    0.122381    2.434132 v _274_/Y (sg13g2_xnor2_1)
               0.070545    0.000000    2.434132 v _275_/A2 (sg13g2_o21ai_1)
   0.008140    0.121438    0.129660    2.563792 ^ _275_/Y (sg13g2_o21ai_1)
               0.121438    0.000000    2.563792 ^ _277_/B (sg13g2_xnor2_1)
   0.008451    0.105140    0.130010    2.693802 ^ _277_/Y (sg13g2_xnor2_1)
               0.105140    0.000000    2.693802 ^ _278_/A2 (sg13g2_o21ai_1)
   0.007953    0.068264    0.097339    2.791141 v _278_/Y (sg13g2_o21ai_1)
               0.068264    0.000000    2.791141 v _280_/B (sg13g2_xnor2_1)
   0.008313    0.070545    0.122381    2.913522 v _280_/Y (sg13g2_xnor2_1)
               0.070545    0.000000    2.913522 v _281_/A2 (sg13g2_o21ai_1)
   0.008140    0.121438    0.129660    3.043182 ^ _281_/Y (sg13g2_o21ai_1)
               0.121438    0.000000    3.043182 ^ _283_/B (sg13g2_xnor2_1)
   0.008451    0.105140    0.130010    3.173192 ^ _283_/Y (sg13g2_xnor2_1)
               0.105140    0.000000    3.173192 ^ _284_/A2 (sg13g2_o21ai_1)
   0.007953    0.068264    0.097339    3.270531 v _284_/Y (sg13g2_o21ai_1)
               0.068264    0.000000    3.270531 v _286_/B (sg13g2_xnor2_1)
   0.008313    0.070545    0.122381    3.392912 v _286_/Y (sg13g2_xnor2_1)
               0.070545    0.000000    3.392912 v _287_/A2 (sg13g2_o21ai_1)
   0.008140    0.121438    0.129660    3.522573 ^ _287_/Y (sg13g2_o21ai_1)
               0.121438    0.000000    3.522573 ^ _128_/B (sg13g2_xnor2_1)
   0.008451    0.105140    0.130010    3.652583 ^ _128_/Y (sg13g2_xnor2_1)
               0.105140    0.000000    3.652583 ^ _129_/A2 (sg13g2_o21ai_1)
   0.007953    0.068264    0.097339    3.749922 v _129_/Y (sg13g2_o21ai_1)
               0.068264    0.000000    3.749922 v _131_/B (sg13g2_xnor2_1)
   0.008313    0.070545    0.122381    3.872303 v _131_/Y (sg13g2_xnor2_1)
               0.070545    0.000000    3.872303 v _132_/A2 (sg13g2_o21ai_1)
   0.008140    0.121438    0.129660    4.001963 ^ _132_/Y (sg13g2_o21ai_1)
               0.121438    0.000000    4.001963 ^ _134_/B (sg13g2_xnor2_1)
   0.008451    0.105140    0.130010    4.131973 ^ _134_/Y (sg13g2_xnor2_1)
               0.105140    0.000000    4.131973 ^ _192_/B (sg13g2_xnor2_1)
   0.010000    0.117353    0.130091    4.262064 ^ _192_/Y (sg13g2_xnor2_1)
               0.117353    0.000000    4.262064 ^ sum[17] (out)
                                       4.262064   data arrival time

               0.000000  100.000000  100.000000   clock vclk (rise edge)
                           0.000000  100.000000   clock network delay (ideal)
                           0.000000  100.000000   clock reconvergence pessimism
                           0.000000  100.000000   output external delay
                                     100.000000   data required time
---------------------------------------------------------------------------------------
                                     100.000000   data required time
                                      -4.262064   data arrival time
---------------------------------------------------------------------------------------
                                      95.737930   slack (MET)


Startpoint: a[0] (input port clocked by vclk)
Endpoint: sum[16] (output port clocked by vclk)
Path Group: vclk
Path Type: max

        Cap        Slew       Delay        Time   Description
---------------------------------------------------------------------------------------
               0.000000    0.000000    0.000000   clock vclk (rise edge)
                           0.000000    0.000000   clock network delay (ideal)
                           0.000000    0.000000 v input external delay
   0.005035    0.050000    0.000000    0.000000 v a[0] (in)
               0.050000    0.000000    0.000000 v _242_/A (sg13g2_or2_1)
   0.005921    0.036782    0.118697    0.118697 v _242_/X (sg13g2_or2_1)
               0.036782    0.000000    0.118697 v _244_/A2 (sg13g2_a21oi_1)
   0.008011    0.093804    0.102932    0.221628 ^ _244_/Y (sg13g2_a21oi_1)
               0.093804    0.000000    0.221628 ^ _246_/B (sg13g2_xnor2_1)
   0.008257    0.103847    0.121170    0.342799 ^ _246_/Y (sg13g2_xnor2_1)
               0.103847    0.000000    0.342799 ^ _247_/A2 (sg13g2_a21oi_1)
   0.007914    0.073121    0.106442    0.449241 v _247_/Y (sg13g2_a21oi_1)
               0.073121    0.000000    0.449241 v _249_/B (sg13g2_xnor2_1)
   0.008109    0.103094    0.110576    0.559817 ^ _249_/Y (sg13g2_xnor2_1)
               0.103094    0.000000    0.559817 ^ _250_/A2 (sg13g2_a21o_1)
   0.011391    0.061272    0.152711    0.712528 ^ _250_/X (sg13g2_a21o_1)
               0.061272    0.000000    0.712528 ^ _252_/B (sg13g2_nor2_1)
   0.003257    0.027192    0.040042    0.752570 v _252_/Y (sg13g2_nor2_1)
               0.027192    0.000000    0.752570 v _254_/A2 (sg13g2_o21ai_1)
   0.007866    0.114472    0.110476    0.863045 ^ _254_/Y (sg13g2_o21ai_1)
               0.114472    0.000000    0.863045 ^ _256_/B (sg13g2_xor2_1)
   0.007863    0.094279    0.151347    1.014393 ^ _256_/X (sg13g2_xor2_1)
               0.094279    0.000000    1.014393 ^ _257_/A2 (sg13g2_a21o_1)
   0.008140    0.048863    0.139300    1.153693 ^ _257_/X (sg13g2_a21o_1)
               0.048863    0.000000    1.153693 ^ _259_/B (sg13g2_xnor2_1)
   0.008313    0.070545    0.082875    1.236567 v _259_/Y (sg13g2_xnor2_1)
               0.070545    0.000000    1.236567 v _260_/A2 (sg13g2_o21ai_1)
   0.008140    0.121438    0.129660    1.366228 ^ _260_/Y (sg13g2_o21ai_1)
               0.121438    0.000000    1.366228 ^ _262_/B (sg13g2_xnor2_1)
   0.008451    0.105049    0.130010    1.496237 ^ _262_/Y (sg13g2_xnor2_1)
               0.105049    0.000000    1.496237 ^ _263_/A2 (sg13g2_o21ai_1)
   0.007953    0.068242    0.097318    1.593555 v _263_/Y (sg13g2_o21ai_1)
               0.068242    0.000000    1.593555 v _265_/B (sg13g2_xnor2_1)
   0.008313    0.070545    0.122372    1.715927 v _265_/Y (sg13g2_xnor2_1)
               0.070545    0.000000    1.715927 v _266_/A2 (sg13g2_o21ai_1)
   0.008140    0.121438    0.129660    1.845587 ^ _266_/Y (sg13g2_o21ai_1)
               0.121438    0.000000    1.845587 ^ _268_/B (sg13g2_xnor2_1)
   0.008451    0.105140    0.130010    1.975597 ^ _268_/Y (sg13g2_xnor2_1)
               0.105140    0.000000    1.975597 ^ _269_/A2 (sg13g2_o21ai_1)
   0.007953    0.068264    0.097339    2.072936 v _269_/Y (sg13g2_o21ai_1)
               0.068264    0.000000    2.072936 v _271_/B (sg13g2_xnor2_1)
   0.008313    0.070545    0.122381    2.195317 v _271_/Y (sg13g2_xnor2_1)
               0.070545    0.000000    2.195317 v _272_/A2 (sg13g2_o21ai_1)
   0.008140    0.121438    0.129660    2.324977 ^ _272_/Y (sg13g2_o21ai_1)
               0.121438    0.000000    2.324977 ^ _274_/B (sg13g2_xnor2_1)
   0.008451    0.105140    0.130010    2.454987 ^ _274_/Y (sg13g2_xnor2_1)
               0.105140    0.000000    2.454987 ^ _275_/A2 (sg13g2_o21ai_1)
   0.007953    0.068264    0.097339    2.552326 v _275_/Y (sg13g2_o21ai_1)
               0.068264    0.000000    2.552326 v _277_/B (sg13g2_xnor2_1)
   0.008313    0.070545    0.122381    2.674707 v _277_/Y (sg13g2_xnor2_1)
               0.070545    0.000000    2.674707 v _278_/A2 (sg13g2_o21ai_1)
   0.008140    0.121438    0.129660    2.804368 ^ _278_/Y (sg13g2_o21ai_1)
               0.121438    0.000000    2.804368 ^ _280_/B (sg13g2_xnor2_1)
   0.008451    0.105140    0.130010    2.934377 ^ _280_/Y (sg13g2_xnor2_1)
               0.105140    0.000000    2.934377 ^ _281_/A2 (sg13g2_o21ai_1)
   0.007953    0.068264    0.097339    3.031717 v _281_/Y (sg13g2_o21ai_1)
               0.068264    0.000000    3.031717 v _283_/B (sg13g2_xnor2_1)
   0.008313    0.070545    0.122381    3.154098 v _283_/Y (sg13g2_xnor2_1)
               0.070545    0.000000    3.154098 v _284_/A2 (sg13g2_o21ai_1)
   0.008140    0.121438    0.129660    3.283758 ^ _284_/Y (sg13g2_o21ai_1)
               0.121438    0.000000    3.283758 ^ _286_/B (sg13g2_xnor2_1)
   0.008451    0.105140    0.130010    3.413768 ^ _286_/Y (sg13g2_xnor2_1)
               0.105140    0.000000    3.413768 ^ _287_/A2 (sg13g2_o21ai_1)
   0.007953    0.068264    0.097339    3.511107 v _287_/Y (sg13g2_o21ai_1)
               0.068264    0.000000    3.511107 v _128_/B (sg13g2_xnor2_1)
   0.008313    0.070545    0.122381    3.633488 v _128_/Y (sg13g2_xnor2_1)
               0.070545    0.000000    3.633488 v _129_/A2 (sg13g2_o21ai_1)
   0.008140    0.121438    0.129661    3.763149 ^ _129_/Y (sg13g2_o21ai_1)
               0.121438    0.000000    3.763149 ^ _131_/B (sg13g2_xnor2_1)
   0.008451    0.105140    0.130010    3.893158 ^ _131_/Y (sg13g2_xnor2_1)
               0.105140    0.000000    3.893158 ^ _205_/B (sg13g2_xnor2_1)
   0.010000    0.117353    0.130091    4.023250 ^ _205_/Y (sg13g2_xnor2_1)
               0.117353    0.000000    4.023250 ^ sum[16] (out)
                                       4.023250   data arrival time

               0.000000  100.000000  100.000000   clock vclk (rise edge)
                           0.000000  100.000000   clock network delay (ideal)
                           0.000000  100.000000   clock reconvergence pessimism
                           0.000000  100.000000   output external delay
                                     100.000000   data required time
---------------------------------------------------------------------------------------
                                     100.000000   data required time
                                      -4.023250   data arrival time
---------------------------------------------------------------------------------------
                                      95.976746   slack (MET)


Startpoint: a[0] (input port clocked by vclk)
Endpoint: sum[15] (output port clocked by vclk)
Path Group: vclk
Path Type: max

        Cap        Slew       Delay        Time   Description
---------------------------------------------------------------------------------------
               0.000000    0.000000    0.000000   clock vclk (rise edge)
                           0.000000    0.000000   clock network delay (ideal)
                           0.000000    0.000000 v input external delay
   0.005035    0.050000    0.000000    0.000000 v a[0] (in)
               0.050000    0.000000    0.000000 v _242_/A (sg13g2_or2_1)
   0.005921    0.036782    0.118697    0.118697 v _242_/X (sg13g2_or2_1)
               0.036782    0.000000    0.118697 v _244_/A2 (sg13g2_a21oi_1)
   0.008011    0.093804    0.102932    0.221628 ^ _244_/Y (sg13g2_a21oi_1)
               0.093804    0.000000    0.221628 ^ _246_/B (sg13g2_xnor2_1)
   0.008257    0.103847    0.121170    0.342799 ^ _246_/Y (sg13g2_xnor2_1)
               0.103847    0.000000    0.342799 ^ _247_/A2 (sg13g2_a21oi_1)
   0.007914    0.073121    0.106442    0.449241 v _247_/Y (sg13g2_a21oi_1)
               0.073121    0.000000    0.449241 v _249_/B (sg13g2_xnor2_1)
   0.008109    0.103094    0.110576    0.559817 ^ _249_/Y (sg13g2_xnor2_1)
               0.103094    0.000000    0.559817 ^ _250_/A2 (sg13g2_a21o_1)
   0.011391    0.061272    0.152711    0.712528 ^ _250_/X (sg13g2_a21o_1)
               0.061272    0.000000    0.712528 ^ _252_/B (sg13g2_nor2_1)
   0.003257    0.027192    0.040042    0.752570 v _252_/Y (sg13g2_nor2_1)
               0.027192    0.000000    0.752570 v _254_/A2 (sg13g2_o21ai_1)
   0.007866    0.114472    0.110476    0.863045 ^ _254_/Y (sg13g2_o21ai_1)
               0.114472    0.000000    0.863045 ^ _256_/B (sg13g2_xor2_1)
   0.007863    0.094279    0.151347    1.014393 ^ _256_/X (sg13g2_xor2_1)
               0.094279    0.000000    1.014393 ^ _257_/A2 (sg13g2_a21o_1)
   0.008140    0.048863    0.139300    1.153693 ^ _257_/X (sg13g2_a21o_1)
               0.048863    0.000000    1.153693 ^ _259_/B (sg13g2_xnor2_1)
   0.008451    0.101992    0.102996    1.256688 ^ _259_/Y (sg13g2_xnor2_1)
               0.101992    0.000000    1.256688 ^ _260_/A2 (sg13g2_o21ai_1)
   0.007953    0.067504    0.096599    1.353288 v _260_/Y (sg13g2_o21ai_1)
               0.067504    0.000000    1.353288 v _262_/B (sg13g2_xnor2_1)
   0.008313    0.070545    0.122064    1.475352 v _262_/Y (sg13g2_xnor2_1)
               0.070545    0.000000    1.475352 v _263_/A2 (sg13g2_o21ai_1)
   0.008140    0.121438    0.129660    1.605012 ^ _263_/Y (sg13g2_o21ai_1)
               0.121438    0.000000    1.605012 ^ _265_/B (sg13g2_xnor2_1)
   0.008451    0.105138    0.130010    1.735022 ^ _265_/Y (sg13g2_xnor2_1)
               0.105138    0.000000    1.735022 ^ _266_/A2 (sg13g2_o21ai_1)
   0.007953    0.068263    0.097339    1.832361 v _266_/Y (sg13g2_o21ai_1)
               0.068263    0.000000    1.832361 v _268_/B (sg13g2_xnor2_1)
   0.008313    0.070545    0.122381    1.954741 v _268_/Y (sg13g2_xnor2_1)
               0.070545    0.000000    1.954741 v _269_/A2 (sg13g2_o21ai_1)
   0.008140    0.121438    0.129660    2.084402 ^ _269_/Y (sg13g2_o21ai_1)
               0.121438    0.000000    2.084402 ^ _271_/B (sg13g2_xnor2_1)
   0.008451    0.105140    0.130010    2.214411 ^ _271_/Y (sg13g2_xnor2_1)
               0.105140    0.000000    2.214411 ^ _272_/A2 (sg13g2_o21ai_1)
   0.007953    0.068264    0.097339    2.311751 v _272_/Y (sg13g2_o21ai_1)
               0.068264    0.000000    2.311751 v _274_/B (sg13g2_xnor2_1)
   0.008313    0.070545    0.122381    2.434132 v _274_/Y (sg13g2_xnor2_1)
               0.070545    0.000000    2.434132 v _275_/A2 (sg13g2_o21ai_1)
   0.008140    0.121438    0.129660    2.563792 ^ _275_/Y (sg13g2_o21ai_1)
               0.121438    0.000000    2.563792 ^ _277_/B (sg13g2_xnor2_1)
   0.008451    0.105140    0.130010    2.693802 ^ _277_/Y (sg13g2_xnor2_1)
               0.105140    0.000000    2.693802 ^ _278_/A2 (sg13g2_o21ai_1)
   0.007953    0.068264    0.097339    2.791141 v _278_/Y (sg13g2_o21ai_1)
               0.068264    0.000000    2.791141 v _280_/B (sg13g2_xnor2_1)
   0.008313    0.070545    0.122381    2.913522 v _280_/Y (sg13g2_xnor2_1)
               0.070545    0.000000    2.913522 v _281_/A2 (sg13g2_o21ai_1)
   0.008140    0.121438    0.129660    3.043182 ^ _281_/Y (sg13g2_o21ai_1)
               0.121438    0.000000    3.043182 ^ _283_/B (sg13g2_xnor2_1)
   0.008451    0.105140    0.130010    3.173192 ^ _283_/Y (sg13g2_xnor2_1)
               0.105140    0.000000    3.173192 ^ _284_/A2 (sg13g2_o21ai_1)
   0.007953    0.068264    0.097339    3.270531 v _284_/Y (sg13g2_o21ai_1)
               0.068264    0.000000    3.270531 v _286_/B (sg13g2_xnor2_1)
   0.008313    0.070545    0.122381    3.392912 v _286_/Y (sg13g2_xnor2_1)
               0.070545    0.000000    3.392912 v _287_/A2 (sg13g2_o21ai_1)
   0.008140    0.121438    0.129660    3.522573 ^ _287_/Y (sg13g2_o21ai_1)
               0.121438    0.000000    3.522573 ^ _128_/B (sg13g2_xnor2_1)
   0.008451    0.105140    0.130010    3.652583 ^ _128_/Y (sg13g2_xnor2_1)
               0.105140    0.000000    3.652583 ^ _204_/B (sg13g2_xnor2_1)
   0.010000    0.117353    0.130091    3.782673 ^ _204_/Y (sg13g2_xnor2_1)
               0.117353    0.000000    3.782673 ^ sum[15] (out)
                                       3.782673   data arrival time

               0.000000  100.000000  100.000000   clock vclk (rise edge)
                           0.000000  100.000000   clock network delay (ideal)
                           0.000000  100.000000   clock reconvergence pessimism
                           0.000000  100.000000   output external delay
                                     100.000000   data required time
---------------------------------------------------------------------------------------
                                     100.000000   data required time
                                      -3.782673   data arrival time
---------------------------------------------------------------------------------------
                                      96.217323   slack (MET)


Startpoint: a[0] (input port clocked by vclk)
Endpoint: sum[14] (output port clocked by vclk)
Path Group: vclk
Path Type: max

        Cap        Slew       Delay        Time   Description
---------------------------------------------------------------------------------------
               0.000000    0.000000    0.000000   clock vclk (rise edge)
                           0.000000    0.000000   clock network delay (ideal)
                           0.000000    0.000000 v input external delay
   0.005035    0.050000    0.000000    0.000000 v a[0] (in)
               0.050000    0.000000    0.000000 v _242_/A (sg13g2_or2_1)
   0.005921    0.036782    0.118697    0.118697 v _242_/X (sg13g2_or2_1)
               0.036782    0.000000    0.118697 v _244_/A2 (sg13g2_a21oi_1)
   0.008011    0.093804    0.102932    0.221628 ^ _244_/Y (sg13g2_a21oi_1)
               0.093804    0.000000    0.221628 ^ _246_/B (sg13g2_xnor2_1)
   0.008257    0.103847    0.121170    0.342799 ^ _246_/Y (sg13g2_xnor2_1)
               0.103847    0.000000    0.342799 ^ _247_/A2 (sg13g2_a21oi_1)
   0.007914    0.073121    0.106442    0.449241 v _247_/Y (sg13g2_a21oi_1)
               0.073121    0.000000    0.449241 v _249_/B (sg13g2_xnor2_1)
   0.008109    0.103094    0.110576    0.559817 ^ _249_/Y (sg13g2_xnor2_1)
               0.103094    0.000000    0.559817 ^ _250_/A2 (sg13g2_a21o_1)
   0.011391    0.061272    0.152711    0.712528 ^ _250_/X (sg13g2_a21o_1)
               0.061272    0.000000    0.712528 ^ _252_/B (sg13g2_nor2_1)
   0.003257    0.027192    0.040042    0.752570 v _252_/Y (sg13g2_nor2_1)
               0.027192    0.000000    0.752570 v _254_/A2 (sg13g2_o21ai_1)
   0.007866    0.114472    0.110476    0.863045 ^ _254_/Y (sg13g2_o21ai_1)
               0.114472    0.000000    0.863045 ^ _256_/B (sg13g2_xor2_1)
   0.007863    0.094279    0.151347    1.014393 ^ _256_/X (sg13g2_xor2_1)
               0.094279    0.000000    1.014393 ^ _257_/A2 (sg13g2_a21o_1)
   0.008140    0.048863    0.139300    1.153693 ^ _257_/X (sg13g2_a21o_1)
               0.048863    0.000000    1.153693 ^ _259_/B (sg13g2_xnor2_1)
   0.008313    0.070545    0.082875    1.236567 v _259_/Y (sg13g2_xnor2_1)
               0.070545    0.000000    1.236567 v _260_/A2 (sg13g2_o21ai_1)
   0.008140    0.121438    0.129660    1.366228 ^ _260_/Y (sg13g2_o21ai_1)
               0.121438    0.000000    1.366228 ^ _262_/B (sg13g2_xnor2_1)
   0.008451    0.105049    0.130010    1.496237 ^ _262_/Y (sg13g2_xnor2_1)
               0.105049    0.000000    1.496237 ^ _263_/A2 (sg13g2_o21ai_1)
   0.007953    0.068242    0.097318    1.593555 v _263_/Y (sg13g2_o21ai_1)
               0.068242    0.000000    1.593555 v _265_/B (sg13g2_xnor2_1)
   0.008313    0.070545    0.122372    1.715927 v _265_/Y (sg13g2_xnor2_1)
               0.070545    0.000000    1.715927 v _266_/A2 (sg13g2_o21ai_1)
   0.008140    0.121438    0.129660    1.845587 ^ _266_/Y (sg13g2_o21ai_1)
               0.121438    0.000000    1.845587 ^ _268_/B (sg13g2_xnor2_1)
   0.008451    0.105140    0.130010    1.975597 ^ _268_/Y (sg13g2_xnor2_1)
               0.105140    0.000000    1.975597 ^ _269_/A2 (sg13g2_o21ai_1)
   0.007953    0.068264    0.097339    2.072936 v _269_/Y (sg13g2_o21ai_1)
               0.068264    0.000000    2.072936 v _271_/B (sg13g2_xnor2_1)
   0.008313    0.070545    0.122381    2.195317 v _271_/Y (sg13g2_xnor2_1)
               0.070545    0.000000    2.195317 v _272_/A2 (sg13g2_o21ai_1)
   0.008140    0.121438    0.129660    2.324977 ^ _272_/Y (sg13g2_o21ai_1)
               0.121438    0.000000    2.324977 ^ _274_/B (sg13g2_xnor2_1)
   0.008451    0.105140    0.130010    2.454987 ^ _274_/Y (sg13g2_xnor2_1)
               0.105140    0.000000    2.454987 ^ _275_/A2 (sg13g2_o21ai_1)
   0.007953    0.068264    0.097339    2.552326 v _275_/Y (sg13g2_o21ai_1)
               0.068264    0.000000    2.552326 v _277_/B (sg13g2_xnor2_1)
   0.008313    0.070545    0.122381    2.674707 v _277_/Y (sg13g2_xnor2_1)
               0.070545    0.000000    2.674707 v _278_/A2 (sg13g2_o21ai_1)
   0.008140    0.121438    0.129660    2.804368 ^ _278_/Y (sg13g2_o21ai_1)
               0.121438    0.000000    2.804368 ^ _280_/B (sg13g2_xnor2_1)
   0.008451    0.105140    0.130010    2.934377 ^ _280_/Y (sg13g2_xnor2_1)
               0.105140    0.000000    2.934377 ^ _281_/A2 (sg13g2_o21ai_1)
   0.007953    0.068264    0.097339    3.031717 v _281_/Y (sg13g2_o21ai_1)
               0.068264    0.000000    3.031717 v _283_/B (sg13g2_xnor2_1)
   0.008313    0.070545    0.122381    3.154098 v _283_/Y (sg13g2_xnor2_1)
               0.070545    0.000000    3.154098 v _284_/A2 (sg13g2_o21ai_1)
   0.008140    0.121438    0.129660    3.283758 ^ _284_/Y (sg13g2_o21ai_1)
               0.121438    0.000000    3.283758 ^ _286_/B (sg13g2_xnor2_1)
   0.008451    0.105140    0.130010    3.413768 ^ _286_/Y (sg13g2_xnor2_1)
               0.105140    0.000000    3.413768 ^ _210_/B (sg13g2_xnor2_1)
   0.010000    0.117353    0.130091    3.543859 ^ _210_/Y (sg13g2_xnor2_1)
               0.117353    0.000000    3.543859 ^ sum[14] (out)
                                       3.543859   data arrival time

               0.000000  100.000000  100.000000   clock vclk (rise edge)
                           0.000000  100.000000   clock network delay (ideal)
                           0.000000  100.000000   clock reconvergence pessimism
                           0.000000  100.000000   output external delay
                                     100.000000   data required time
---------------------------------------------------------------------------------------
                                     100.000000   data required time
                                      -3.543859   data arrival time
---------------------------------------------------------------------------------------
                                      96.456139   slack (MET)


Startpoint: a[0] (input port clocked by vclk)
Endpoint: sum[13] (output port clocked by vclk)
Path Group: vclk
Path Type: max

        Cap        Slew       Delay        Time   Description
---------------------------------------------------------------------------------------
               0.000000    0.000000    0.000000   clock vclk (rise edge)
                           0.000000    0.000000   clock network delay (ideal)
                           0.000000    0.000000 v input external delay
   0.005035    0.050000    0.000000    0.000000 v a[0] (in)
               0.050000    0.000000    0.000000 v _242_/A (sg13g2_or2_1)
   0.005921    0.036782    0.118697    0.118697 v _242_/X (sg13g2_or2_1)
               0.036782    0.000000    0.118697 v _244_/A2 (sg13g2_a21oi_1)
   0.008011    0.093804    0.102932    0.221628 ^ _244_/Y (sg13g2_a21oi_1)
               0.093804    0.000000    0.221628 ^ _246_/B (sg13g2_xnor2_1)
   0.008257    0.103847    0.121170    0.342799 ^ _246_/Y (sg13g2_xnor2_1)
               0.103847    0.000000    0.342799 ^ _247_/A2 (sg13g2_a21oi_1)
   0.007914    0.073121    0.106442    0.449241 v _247_/Y (sg13g2_a21oi_1)
               0.073121    0.000000    0.449241 v _249_/B (sg13g2_xnor2_1)
   0.008109    0.103094    0.110576    0.559817 ^ _249_/Y (sg13g2_xnor2_1)
               0.103094    0.000000    0.559817 ^ _250_/A2 (sg13g2_a21o_1)
   0.011391    0.061272    0.152711    0.712528 ^ _250_/X (sg13g2_a21o_1)
               0.061272    0.000000    0.712528 ^ _252_/B (sg13g2_nor2_1)
   0.003257    0.027192    0.040042    0.752570 v _252_/Y (sg13g2_nor2_1)
               0.027192    0.000000    0.752570 v _254_/A2 (sg13g2_o21ai_1)
   0.007866    0.114472    0.110476    0.863045 ^ _254_/Y (sg13g2_o21ai_1)
               0.114472    0.000000    0.863045 ^ _256_/B (sg13g2_xor2_1)
   0.007863    0.094279    0.151347    1.014393 ^ _256_/X (sg13g2_xor2_1)
               0.094279    0.000000    1.014393 ^ _257_/A2 (sg13g2_a21o_1)
   0.008140    0.048863    0.139300    1.153693 ^ _257_/X (sg13g2_a21o_1)
               0.048863    0.000000    1.153693 ^ _259_/B (sg13g2_xnor2_1)
   0.008451    0.101992    0.102996    1.256688 ^ _259_/Y (sg13g2_xnor2_1)
               0.101992    0.000000    1.256688 ^ _260_/A2 (sg13g2_o21ai_1)
   0.007953    0.067504    0.096599    1.353288 v _260_/Y (sg13g2_o21ai_1)
               0.067504    0.000000    1.353288 v _262_/B (sg13g2_xnor2_1)
   0.008313    0.070545    0.122064    1.475352 v _262_/Y (sg13g2_xnor2_1)
               0.070545    0.000000    1.475352 v _263_/A2 (sg13g2_o21ai_1)
   0.008140    0.121438    0.129660    1.605012 ^ _263_/Y (sg13g2_o21ai_1)
               0.121438    0.000000    1.605012 ^ _265_/B (sg13g2_xnor2_1)
   0.008451    0.105138    0.130010    1.735022 ^ _265_/Y (sg13g2_xnor2_1)
               0.105138    0.000000    1.735022 ^ _266_/A2 (sg13g2_o21ai_1)
   0.007953    0.068263    0.097339    1.832361 v _266_/Y (sg13g2_o21ai_1)
               0.068263    0.000000    1.832361 v _268_/B (sg13g2_xnor2_1)
   0.008313    0.070545    0.122381    1.954741 v _268_/Y (sg13g2_xnor2_1)
               0.070545    0.000000    1.954741 v _269_/A2 (sg13g2_o21ai_1)
   0.008140    0.121438    0.129660    2.084402 ^ _269_/Y (sg13g2_o21ai_1)
               0.121438    0.000000    2.084402 ^ _271_/B (sg13g2_xnor2_1)
   0.008451    0.105140    0.130010    2.214411 ^ _271_/Y (sg13g2_xnor2_1)
               0.105140    0.000000    2.214411 ^ _272_/A2 (sg13g2_o21ai_1)
   0.007953    0.068264    0.097339    2.311751 v _272_/Y (sg13g2_o21ai_1)
               0.068264    0.000000    2.311751 v _274_/B (sg13g2_xnor2_1)
   0.008313    0.070545    0.122381    2.434132 v _274_/Y (sg13g2_xnor2_1)
               0.070545    0.000000    2.434132 v _275_/A2 (sg13g2_o21ai_1)
   0.008140    0.121438    0.129660    2.563792 ^ _275_/Y (sg13g2_o21ai_1)
               0.121438    0.000000    2.563792 ^ _277_/B (sg13g2_xnor2_1)
   0.008451    0.105140    0.130010    2.693802 ^ _277_/Y (sg13g2_xnor2_1)
               0.105140    0.000000    2.693802 ^ _278_/A2 (sg13g2_o21ai_1)
   0.007953    0.068264    0.097339    2.791141 v _278_/Y (sg13g2_o21ai_1)
               0.068264    0.000000    2.791141 v _280_/B (sg13g2_xnor2_1)
   0.008313    0.070545    0.122381    2.913522 v _280_/Y (sg13g2_xnor2_1)
               0.070545    0.000000    2.913522 v _281_/A2 (sg13g2_o21ai_1)
   0.008140    0.121438    0.129660    3.043182 ^ _281_/Y (sg13g2_o21ai_1)
               0.121438    0.000000    3.043182 ^ _283_/B (sg13g2_xnor2_1)
   0.008451    0.105140    0.130010    3.173192 ^ _283_/Y (sg13g2_xnor2_1)
               0.105140    0.000000    3.173192 ^ _207_/B (sg13g2_xnor2_1)
   0.010000    0.117353    0.130091    3.303283 ^ _207_/Y (sg13g2_xnor2_1)
               0.117353    0.000000    3.303283 ^ sum[13] (out)
                                       3.303283   data arrival time

               0.000000  100.000000  100.000000   clock vclk (rise edge)
                           0.000000  100.000000   clock network delay (ideal)
                           0.000000  100.000000   clock reconvergence pessimism
                           0.000000  100.000000   output external delay
                                     100.000000   data required time
---------------------------------------------------------------------------------------
                                     100.000000   data required time
                                      -3.303283   data arrival time
---------------------------------------------------------------------------------------
                                      96.696709   slack (MET)


